timestamp,timestamp_sample,position[0],position[1],position[2],q[0],q[1],q[2],q[3],velocity[0],velocity[1],velocity[2],angular_velocity[0],angular_velocity[1],angular_velocity[2],position_variance[0],position_variance[1],position_variance[2],orientation_variance[0],orientation_variance[1],orientation_variance[2],velocity_variance[0],velocity_variance[1],velocity_variance[2],pose_frame,velocity_frame,reset_counter,quality
134521464,134520986,8.560636,-6.1255293,6.5915947,-0.904344,-0.09904116,-0.21509336,0.35508808,-0.022082716,-0.0007669015,0.18164062,0.055119876,-0.07193681,-0.02805006,0.014543192,0.014552286,0.024797576,0.00011112964,1.8891751e-05,0.00036625226,0.0054833293,0.0054616164,0.0040367115,1,1,11,0
135023790,135023401,8.559403,-6.134875,6.665558,-0.9074327,-0.10169197,-0.19663085,0.3571568,0.29691896,-0.25331894,0.5674612,-0.31262285,-2.4197035,0.25898954,0.015149807,0.015160184,0.025509613,0.00010990908,1.8465289e-05,0.00037022503,0.0057579703,0.0057230103,0.0041215084,1,1,11,0
135516546,135515966,8.570628,-6.1862764,6.697914,-0.93916655,-0.011073744,-0.029244578,0.34203577,-0.15142277,0.091673866,0.12027857,0.6244281,-0.2102535,-0.47259218,0.014500562,0.014511502,0.024877947,1.9924748e-05,1.9324343e-05,0.00045953016,0.005438584,0.005440975,0.004008336,1,1,11,0
136018784,136018382,8.501924,-6.090318,6.683857,-0.90261096,-0.10777573,-0.062511235,0.41203186,-0.13521379,0.08689912,-0.048062626,-0.025185117,0.50043637,-0.045538,0.015106468,0.015120096,0.025517985,2.3552364e-05,2.6183056e-05,0.00045246986,0.005687858,0.0056680646,0.003928225,1,1,11,0
136521173,136520798,8.494025,-6.0890546,6.76252,-0.9108451,-0.09146719,-0.063480206,0.3974483,-0.050777346,0.011533822,0.11182407,-0.22920178,0.39336193,-0.076027974,0.0145486705,0.014561013,0.024835875,3.1707837e-05,2.9960087e-05,0.0004423769,0.005482588,0.0054391064,0.0038211741,1,1,11,0
137013976,137013363,8.453117,-6.059649,6.778305,-0.90564317,-0.103667304,-0.15887815,0.37923807,-0.0812368,0.08868862,0.044395704,-0.027241372,0.22992784,-0.012377936,0.015040498,0.0150549775,0.025333567,6.084912e-05,2.0328482e-05,0.00042536497,0.005665652,0.0056511774,0.003826001,1,1,11,0
137516152,137515779,8.423281,-6.0714755,6.8558197,-0.9146501,-0.090016805,-0.16478695,0.35799113,-0.03222623,0.008251678,0.032391254,-0.00076867297,0.23199323,0.09405114,0.014499139,0.014512857,0.02466389,7.8061e-05,1.9453733e-05,0.00041123971,0.005448677,0.0054187826,0.0037772101,1,1,11,0
138018668,138018196,8.356805,-6.111216,6.873871,-0.90557444,-0.08096254,-0.19804306,0.36627707,-0.018984005,0.005954772,0.11897229,0.16632451,-0.876287,0.040227354,0.015110425,0.015123741,0.02526015,0.0001266519,1.7488535e-05,0.00036747524,0.0056724036,0.0056424215,0.0038619612,1,1,11,0
138521031,138520612,8.339681,-6.1031947,6.9087563,-0.91377676,-0.06278252,-0.16864283,0.36418405,-0.052882638,0.03240036,0.079381645,-0.11323086,-0.03509858,0.20127834,0.0145567,0.01456902,0.02468379,7.1062e-05,1.730462e-05,0.00042561386,0.0054651257,0.0054375986,0.003809563,1,1,11,0
139013597,139013179,8.317029,-6.08959,6.939785,-0.91761965,-0.059430834,-0.17350245,0.3526175,-0.033252038,0.024718458,0.08638143,-0.047284197,-0.11454588,0.070831515,0.015046706,0.01506001,0.025178121,7.902843e-05,1.7298678e-05,0.00042080967,0.005618186,0.0056002983,0.00386533,1,1,11,0
139516020,139515594,8.303738,-6.062847,6.9962387,-0.93000615,-0.056814633,-0.17685312,0.3171491,0.019924382,0.09088473,0.13179485,0.042564683,0.014316651,0.26874572,0.014507134,0.014519891,0.024571506,8.3513645e-05,1.7016177e-05,0.00041927386,0.005398192,0.005396078,0.0038109452,1,1,11,0
140018421,140018011,8.276101,-6.056843,7.0427513,-0.9302582,-0.08589099,-0.18073949,0.30753154,-0.058479216,-0.06382499,0.03660277,0.027482854,0.74719644,-0.34695464,0.015106478,0.015122812,0.02525184,7.4074356e-05,1.7384948e-05,0.00043168137,0.0056064683,0.0055975723,0.0038803027,1,1,11,0
140520806,140520428,8.279319,-6.1085215,7.1263466,-0.94802254,-0.04781439,-0.1377824,0.28281286,0.061495624,-0.049827017,0.25111827,0.18968605,-0.36569506,-0.102615766,0.014564947,0.014580139,0.024653267,7.34856e-05,1.6741566e-05,0.00043518518,0.005637147,0.0055260244,0.0057107275,1,1,11,0
141023275,141022845,8.480961,-6.2442036,7.188652,-0.9435533,-0.08323705,-0.17704757,0.26726922,0.6970893,-0.3762258,0.09546116,0.13848665,0.6683271,-0.67873657,0.015180963,0.015199829,0.025513776,5.2394513e-05,1.6820117e-05,0.0004574989,0.0058805402,0.005946179,0.007106883,1,1,11,0
141515791,141515411,8.527536,-6.3581076,7.2437325,-0.94516605,-0.0790892,-0.1520825,0.27798733,-0.35341045,-0.1510871,0.19704804,0.14194243,-0.95980215,0.04172849,0.0145278005,0.014548799,0.025267186,6.985291e-05,1.661147e-05,0.00043906874,0.0054815626,0.0054480187,0.006106333,1,1,11,0
142018305,142017827,8.383675,-6.3514037,7.232033,-0.9405072,-0.06353415,-0.16992725,0.287288,-0.12654743,-0.12200143,-0.17487484,-0.30057794,0.4503561,0.23620512,0.015139648,0.015151826,0.02644817,9.8306504e-05,2.158941e-05,0.0004085326,0.005591931,0.005575844,0.0055871587,1,1,11,0
142520805,142520244,8.6472,-6.4858904,7.3242035,-0.93827385,-0.092536196,-0.1437238,0.3007039,0.47033793,-0.21963897,0.26849642,1.5752094,0.31484058,-0.48448113,0.0145875355,0.014602175,0.026063852,5.64584e-05,1.7796665e-05,0.00045318503,0.005448318,0.005599658,0.0050005903,1,1,11,0
143013830,143012809,8.345872,-6.347815,7.3131332,-0.93393654,-0.059872866,-0.2553912,0.24280319,-1.1337028,0.34712076,0.019183144,-0.95833176,0.85131264,0.58834565,0.015077185,0.01510164,0.026831439,9.789051e-05,1.6853894e-05,0.00040865163,0.005693687,0.005975571,0.0046841335,1,1,11,0
143515741,143515225,8.171746,-6.4634657,7.5598145,-0.95604956,-0.05199622,-0.2637692,0.11701071,0.5715167,-0.47103968,0.6705025,0.6770368,0.063244246,0.18391308,0.014506363,0.014520532,0.026085233,0.0001432973,1.6552556e-05,0.00036231687,0.0052493447,0.0052413037,0.004346546,1,1,11,0
144018197,144017641,9.955036,-8.244437,7.016281,-0.9302199,-0.15320414,-0.26618233,0.20091443,5.148474,-5.212197,-2.6098092,0.15932867,-0.05053781,-0.7938716,0.015088629,0.015108482,0.026704805,0.00013756883,2.6569518e-05,0.0002304325,0.016613072,0.018119844,0.0069989706,1,1,11,0
144520729,144520056,12.5721655,-10.362227,6.0021744,-0.91163486,-0.01325381,-0.29283842,0.2880834,4.2467065,-4.3868594,-1.2180985,0.86101687,-0.021188807,-0.14847985,0.014777073,0.014821691,0.026170127,0.00010510753,1.6379161e-05,0.00014340124,0.008562404,0.007552889,0.00709268,1,1,11,0
145022992,145022471,14.547974,-12.459255,5.4721146,0.91556895,-0.017985245,0.28577226,-0.2823901,3.7554448,-4.5409245,0.18048413,0.97780186,-0.2091362,-0.08672044,0.015482625,0.015486812,0.027152494,0.0078010564,0.00088679604,0.021404909,0.007429229,0.009272597,0.007904245,1,1,12,0
145515577,145515034,16.16605,-14.700279,5.4211464,0.92968595,0.01776981,0.1741982,-0.324073,3.6766052,-4.6734,0.7953505,-0.8951046,-0.6228073,-0.19990516,0.014727034,0.014696851,0.026470747,0.0035644337,7.439972e-05,0.01690909,0.005651029,0.011982438,0.006536367,1,1,12,0
146018012,146017447,18.009233,-17.108028,5.596546,0.9256552,0.046330832,0.16516864,-0.33724657,4.1833324,-5.03495,0.74774486,-0.59348273,0.26071715,-0.18796332,0.015321106,0.015289628,0.027463138,0.0016302307,1.7013761e-05,0.01581465,0.007673289,0.005145295,0.005879351,1,1,12,0
146520367,146519860,20.107748,-19.595861,5.6100197,0.9106474,0.095283516,0.19940144,-0.3491155,4.3208237,-4.874965,-0.17971794,-1.7277403,0.25799346,0.012213577,0.014794461,0.014590582,0.026860543,0.002276354,2.478476e-05,0.010832345,0.0068494575,0.006194258,0.0051828753,1,1,12,0
147012943,147012420,22.173973,-21.838058,5.3077927,0.92398447,0.15214624,0.1948225,-0.29180208,4.292377,-4.2437778,-0.88039607,-1.3229982,0.014435329,0.41544932,0.015266345,0.01505585,0.027519815,0.002593567,0.00012984463,0.009496566,0.005897121,0.006398145,0.0062875105,1,1,12,0
147515447,147514832,24.395588,-23.80926,4.9319572,0.94628215,0.18203239,0.2071267,-0.1688575,4.7730966,-3.2228215,-0.9991105,-0.40648708,-0.041596197,0.41821063,0.014551541,0.014538964,0.026792094,0.0019713384,0.00041096908,0.006916658,0.009018746,0.009014005,0.005495226,1,1,12,0
148017767,148017243,26.811571,-25.23219,4.730877,0.96337783,0.13664715,0.20632394,-0.10325326,5.1091986,-2.2086449,-0.63808125,0.11114263,0.12951264,0.6153496,0.015296311,0.015233152,0.027604414,0.0008749052,0.00021465991,0.0034618888,0.01562757,0.009136642,0.005162027,1,1,12,0
148520226,148519653,29.43204,-26.254677,4.7558556,0.98004234,0.03135388,0.19005659,0.04911671,5.529079,-1.8058817,-0.17421617,-1.2597837,0.4759255,0.9091879,0.014908812,0.01469852,0.02673341,0.0003229611,5.8748803e-05,0.002074557,0.010925563,0.0075007053,0.004706138,1,1,12,0
149022578,149022064,32.270786,-27.087849,4.9339714,0.97632843,-0.030694494,0.17738004,0.119904,5.8746243,-1.4206363,-0.2902491,0.3561758,0.43663132,-0.021056376,0.01575702,0.01537538,0.027292412,0.00028391683,2.1986683e-05,0.0014896899,0.009838654,0.0072049163,0.0045347284,1,1,12,0
149515225,149514622,35.324726,-27.676813,5.182373,0.99576217,-0.038912814,0.06447034,0.05279472,6.7901316,-1.3792946,0.2887396,0.19831339,0.20596705,-0.2879003,0.01500997,0.014706218,0.026249036,0.00011932657,5.460054e-05,0.001285025,0.006989654,0.00663586,0.0042398195,1,1,12,0
150017796,150017032,38.886803,-28.325682,5.6542854,0.997488,0.001819912,0.06977628,-0.01206852,7.727152,-1.8050755,0.19547848,0.48488414,0.8465682,-0.16160308,0.015573238,0.015430578,0.026700437,4.6491714e-05,4.027673e-05,0.0011874012,0.005671939,0.008312594,0.0041848742,1,1,12,0
150520075,150519441,42.7687,-29.157951,5.9376144,0.99326056,0.07061333,0.07204305,0.057070818,7.8285217,-1.7678444,-0.18585826,0.18677695,-0.31232423,0.5579261,0.014779135,0.014913593,0.025743658,8.584789e-05,1.8225888e-05,0.0009924583,0.006074812,0.007208383,0.0039830436,1,1,12,0
151022428,151021850,46.68936,-29.878527,6.200142,0.9750958,0.07186016,0.14292829,0.15360963,7.4363384,-0.97224253,0.67087305,1.5882193,0.23385355,0.12912735,0.015271414,0.015592031,0.02620045,8.789003e-05,7.3799405e-05,0.00087717164,0.0059712883,0.0063501927,0.0039305,1,1,12,0
151514987,151514407,50.31291,-30.095118,6.3304863,0.96951604,0.08374502,0.13337488,0.18771413,7.2995358,0.08211094,0.4536044,-0.82355857,0.009106139,0.18449129,0.014596386,0.014788395,0.025170136,8.891733e-05,4.964651e-05,0.00088674645,0.005608519,0.005581789,0.0037542584,1,1,12,0
152017358,152016815,53.822563,-29.822483,6.531639,0.9493107,0.12071094,0.08912845,0.27621424,7.0742025,1.2390265,0.10644387,-0.32159412,0.76958305,0.4716103,0.015249093,0.0152652385,0.025597757,7.736835e-05,4.936714e-05,0.00086192973,0.006315503,0.0061521535,0.0038047626,1,1,12,0
152519785,152519222,57.26348,-29.024582,6.9476357,0.90499353,0.13905802,0.11420676,0.38549533,6.557487,2.279976,0.7145749,1.2015333,-0.5751724,0.4313915,0.014713973,0.014630429,0.024845392,5.190288e-05,7.677421e-05,0.00077669055,0.007165207,0.006140159,0.0037679647,1,1,12,0
153012312,153011778,60.340443,-27.45144,7.2361755,0.85499144,0.12302902,0.14714792,0.48187235,5.851012,3.818222,0.6599854,1.3995085,0.36950094,0.63872194,0.0152957225,0.015117853,0.025212383,4.9364753e-05,9.174379e-05,0.0006332129,0.0087886015,0.0073650535,0.0038939533,1,1,12,0
153514704,153514186,62.79928,-24.944607,7.274395,0.7989649,0.10673751,0.17011774,0.5668529,4.0781245,5.601748,0.34493825,1.9397258,0.4530232,-0.01415656,0.01478355,0.01461406,0.024508713,4.2614127e-05,0.00011478854,0.0004257713,0.008684115,0.009239485,0.0039643883,1,1,12,0
154017326,154016592,64.32335,-21.793655,7.170105,0.75770897,0.10304869,0.11562644,0.63394684,2.6608686,6.6014686,0.5183611,1.1833612,0.25431734,0.81119305,0.015487766,0.015381218,0.025113143,3.9677907e-05,4.850621e-05,0.00034618643,0.007633713,0.010152668,0.004113584,1,1,12,0
154519512,154518998,65.19934,-18.288229,7.2133255,0.70360935,0.0066717137,0.15326089,0.69383043,1.2105907,6.994387,0.3965946,1.4972563,0.83968693,0.07119383,0.0148523385,0.014877804,0.02448309,4.1775573e-05,3.214837e-05,0.00027191953,0.0061556404,0.008700397,0.0040248525,1,1,12,0
155021966,155021404,65.38347,-14.795044,6.9252014,0.63862985,0.01710542,0.14177366,0.7561479,0.07212177,6.957343,-0.06745834,1.1652802,0.23464711,0.859414,0.0154076265,0.015641572,0.02508664,4.6858764e-05,2.1889502e-05,0.00023778547,0.006109376,0.008244643,0.0040549664,1,1,12,0
155514495,155513958,65.01527,-11.414047,6.7095184,0.584459,-0.02675053,0.13909388,0.79896504,-1.1422378,6.792532,0.2637234,0.54574203,0.19013686,0.22171758,0.014646102,0.014934248,0.02440664,4.522678e-05,2.1313233e-05,0.00021330465,0.005856586,0.0069459053,0.0039392817,1,1,12,0
156017068,156016363,64.17987,-8.12757,6.5347977,0.47663587,-0.01864131,0.1277763,0.8695655,-1.9246467,6.466562,0.12860182,1.1194625,-0.89582855,0.4890751,0.015185538,0.015581103,0.025018316,4.722777e-05,1.7894668e-05,0.00020038572,0.0063966205,0.0065723886,0.0060121566,1,1,12,0
156519319,156518768,62.677975,-4.9673333,6.647293,0.41575688,-0.007963456,0.14216629,0.89826035,-3.6223016,6.173206,0.8952362,-0.57161665,0.47745985,0.1892688,0.014600908,0.014904026,0.024565397,2.1674257e-05,2.8281915e-05,0.000201501,0.0060428833,0.005966527,0.005473274,1,1,12,0
157021775,157021172,60.370937,-2.1882741,6.673012,0.36968127,-0.075778045,0.13977152,0.91545475,-5.046252,5.258824,0.27495396,-0.75362724,-0.16265725,0.0028137935,0.015205746,0.015489634,0.025533339,3.3917488e-05,2.1001848e-05,0.00018372382,0.0067889807,0.0061994973,0.005259853,1,1,12,0
157514224,157513725,57.558132,0.11399277,6.5604134,0.27567485,-0.056450628,0.08687192,0.9556516,-5.94831,4.5513177,0.10229031,-0.8438429,-0.7219287,0.64062643,0.014562617,0.01472864,0.02508598,3.816687e-05,1.4136485e-05,0.00017112878,0.006576885,0.0056876186,0.004835002,1,1,12,0
158016902,158016128,54.312,2.247178,6.5999413,0.17682053,-0.04618164,0.07131053,0.9805696,-6.8589764,3.8597617,0.48704174,-1.3524213,-0.84095377,-0.100320615,0.015243576,0.015300449,0.025970638,2.5990337e-05,1.42866875e-05,0.00017624628,0.0063018138,0.005675274,0.004630278,1,1,12,0
158519102,158518532,50.681942,3.9384193,6.614933,0.18835747,-0.065079816,0.05943321,0.97813797,-7.342026,2.962932,0.084804185,-1.8709943,-0.8288028,-0.16153437,0.014706217,0.014688995,0.025407808,3.1804637e-05,1.2365386e-05,0.0001654928,0.006179406,0.005605875,0.004337693,1,1,12,0
159021555,159020935,46.964783,5.247678,6.5195847,0.18741512,-0.1147725,0.038435232,0.9747952,-7.3102145,2.6398373,-0.4028378,-1.1348089,-0.9891048,0.14827664,0.0143510895,0.014281602,0.024952237,3.8079965e-05,1.2878251e-05,0.0001540669,0.005757917,0.0056631975,0.004083563,1,1,12,0
159523840,159523337,43.289062,6.446017,6.4147835,0.111239605,-0.06631252,0.059243817,0.98980737,-7.5400066,2.231785,0.24253409,-1.5867362,-1.0262161,0.16906428,0.014127156,0.014055688,0.02451669,2.1851882e-05,1.2044477e-05,0.00016819724,0.005299413,0.0056568077,0.003886674,1,1,12,0
160016561,160015889,39.4953,7.36218,6.621849,0.120681845,-0.06616009,0.086572774,0.9866935,-8.065348,1.5388966,0.29285014,-1.8351004,-0.7504808,-0.21771698,0.014768546,0.014723117,0.025100663,2.569791e-05,1.2400362e-05,0.00016437213,0.00536531,0.005676393,0.0038803362,1,1,12,0
160518832,160518290,35.364384,7.9646497,6.924721,0.10497591,-0.09666519,0.08425976,0.9861725,-8.374698,1.2812011,0.29273614,-0.20146489,-0.34563842,0.30465403,0.014344711,0.01433653,0.024682775,2.5594289e-05,1.32762e-05,0.0001642078,0.0051615904,0.005446948,0.005456026,1,1,12,0
161021261,161020694,31.168966,8.40909,7.2385216,-0.089396924,-0.06728023,0.12230652,0.98616564,-8.5883255,0.21692444,0.6373413,-2.2263737,0.1455676,0.21459651,0.014059697,0.014091757,0.024494503,1.8769464e-05,1.4225054e-05,0.00017141478,0.0050843856,0.005406756,0.0049644415,1,1,12,0
161513816,161513242,26.940231,8.083371,7.5761337,-0.10044789,-0.12566142,0.13367215,0.9778811,-8.62907,-1.5677147,-0.21151021,-0.059369333,0.4109043,0.36365476,0.01379176,0.013836665,0.024272786,2.5524356e-05,2.141606e-05,0.00015822754,0.005358938,0.0053278985,0.004655865,1,1,12,0
162016258,162015643,22.804459,7.0325584,7.4879494,-0.24894635,-0.16549228,0.10013664,0.9490052,-7.8633885,-2.7823737,-0.9777257,-1.972696,0.3797143,-0.16393372,0.014629504,0.014670436,0.025353286,3.200718e-05,1.4770558e-05,0.00015759544,0.005907188,0.0059342845,0.0045333533,1,1,12,0
162518550,162518042,19.02849,5.4722424,7.3523827,-0.20582561,-0.14417458,0.04009718,0.96707904,-7.488161,-3.3060517,-0.7228272,0.7418603,0.40026358,0.13696665,0.014303707,0.014340748,0.024956642,3.123063e-05,1.2923981e-05,0.00015576973,0.005627194,0.0057891337,0.0042785574,1,1,12,0
163021064,163020442,15.406186,3.6886,7.330307,-0.3298032,-0.12900928,0.06106384,0.93319756,-7.2042828,-3.980944,-0.52298695,-0.55854374,0.92487407,-0.12657781,0.015026112,0.015081751,0.025731271,2.5674522e-05,1.3113729e-05,0.00016120561,0.005590543,0.0058380845,0.0041597835,1,1,12,0
163513706,163512991,11.956873,1.5743725,7.406708,-0.28676912,-0.1536028,0.062186852,0.9435584,-6.9214487,-4.676011,-0.7485656,0.1374696,0.44114283,-0.20045593,0.014435095,0.014489169,0.025028186,2.4813988e-05,1.3050843e-05,0.00016246413,0.005287506,0.005400052,0.0039583496,1,1,12,0
164016131,164015390,8.676542,-0.9262175,7.358864,-0.34120733,-0.12882851,0.10419749,0.92526954,-6.4113503,-5.4598217,-0.60459447,-0.034939088,0.7190459,0.3044429,0.015076905,0.015134565,0.025632983,2.4081664e-05,1.5446867e-05,0.00016348588,0.005572479,0.0056829974,0.0039384495,1,1,12,0
164518357,164517789,5.672569,-3.855036,7.287323,-0.45705634,-0.12927575,0.115967385,0.87231815,-5.606645,-6.566508,-0.37699544,-0.66115665,0.39148134,0.29709205,0.014548855,0.014595175,0.02500487,2.2795346e-05,1.8230858e-05,0.00016415733,0.0055801123,0.0055874875,0.0055534584,1,1,12,0
165020742,165020190,3.0181003,-7.3131065,7.5984116,-0.48991993,-0.11373542,0.09520239,0.85905725,-4.989103,-7.6326184,0.25859973,-0.22760107,0.20297672,0.059097573,0.0151569005,0.015196248,0.025869694,2.0436559e-05,1.716655e-05,0.00017030543,0.005496617,0.0054833107,0.0052557243,1,1,12,0
165523217,165522585,0.7277468,-11.349223,8.002754,-0.5478529,-0.11711692,0.10941154,0.8210786,-4.317555,-8.757037,0.41947153,0.46897095,0.83056,-0.013935834,0.014583785,0.014606461,0.025456572,1.6042346e-05,1.5603133e-05,0.00017831691,0.005433018,0.005359784,0.0048281318,1,1,12,0
166015652,166015132,-1.0804695,-15.736254,8.30714,-0.61072946,-0.13913243,0.08985601,0.774324,-3.1047199,-9.423829,-0.11002013,0.11591796,-0.14367153,0.16134074,0.015065529,0.015072068,0.026132973,2.1704986e-05,1.8814866e-05,0.00017194176,0.005795185,0.005789276,0.0046576126,1,1,12,0
166518076,166517529,-2.302305,-20.612827,8.437489,-0.62433875,-0.17380193,0.06837075,0.7584983,-1.9559155,-9.828598,-0.40913597,0.23930494,0.08362596,0.32157674,0.014529661,0.014540149,0.025560847,2.4705007e-05,1.7772498e-05,0.00017094973,0.005579926,0.0057329535,0.004383293,1,1,12,0
167020432,167019926,-2.8341644,-25.606007,8.248959,-0.72072536,-0.25725642,0.080212265,0.63870186,0.030704197,-9.696367,-0.8063308,0.9173571,-0.59546745,0.19760722,0.015141923,0.015180884,0.026207477,3.5792003e-05,2.8483122e-05,0.00015076238,0.005970887,0.0064515434,0.004322631,1,1,12,0
167513000,167512471,-2.4059927,-30.268415,7.890774,-0.8022732,-0.25439206,-0.14202417,0.5210293,1.3139571,-8.527978,-1.0522195,0.78244257,0.13122073,1.0629044,0.01445021,0.014526094,0.02530021,5.8009125e-05,1.7293833e-05,0.00013500777,0.005875718,0.0064610564,0.0041570715,1,1,12,0
168015388,168014867,-1.4729375,-34.100292,7.1038094,-0.87433773,-0.22962837,-0.15494432,0.39849302,2.4158447,-6.7925477,-1.1830018,1.2656603,0.27912453,-0.23279326,0.015003217,0.015144379,0.025842043,5.751162e-05,2.7988719e-05,0.00011448808,0.0072936467,0.006529396,0.0041785054,1,1,12,0
168518274,168517263,0.0053940187,-37.169872,6.296547,-0.9001627,-0.18084653,-0.20126149,0.3413144,3.0870645,-5.6320934,-0.98831743,1.128517,0.49270672,0.24300477,0.014444162,0.01455569,0.025016164,5.7973182e-05,1.552988e-05,0.000110183435,0.007097623,0.0058608158,0.0040538777,1,1,12,0
169020212,169019658,1.6973641,-39.68977,5.5672874,-0.9476379,-0.11256867,-0.20395383,0.2184342,3.540169,-4.7534347,-0.65334296,1.1357813,-0.015160902,0.21352167,0.015079733,0.015116985,0.025499122,5.140958e-05,1.3422499e-05,0.000109789,0.0068494123,0.0057668956,0.0040511102,1,1,12,0
169522660,169522053,3.7262921,-41.90456,5.050743,-0.97905535,-0.044773396,-0.1483505,0.13205321,4.473135,-4.3182707,0.28210217,0.9499644,-0.053721778,-0.15019189,0.014557812,0.014529596,0.024752881,3.4444456e-05,1.15525645e-05,0.000121740726,0.005911259,0.0053943424,0.003920619,1,1,12,0
170015105,170014596,6.1372204,-43.95377,5.0146675,-0.9864243,-0.00021750756,-0.16098133,0.0324366,5.2621927,-4.072694,0.7748467,-0.88660836,-0.20126507,0.14356194,0.015044818,0.014982687,0.025229033,3.3739863e-05,1.1634808e-05,0.00012192181,0.005361732,0.005256893,0.0039240415,1,1,12,0
170517509,170516990,9.0104685,-45.929966,5.1570206,-0.98800987,0.091128536,-0.123947546,-0.0130084455,5.9688053,-3.6439588,1.0311415,-0.19477007,-0.147768,-0.7884979,0.014471012,0.014438091,0.024568204,2.9388035e-05,1.2004979e-05,0.00012695593,0.005074816,0.0051391153,0.0038219818,1,1,12,0
171020058,171019384,12.202119,-47.842102,5.4321175,-0.9792941,0.10849225,-0.14849932,0.08461936,6.3717165,-4.2902255,0.80729043,-0.2717214,-0.4789075,-0.2744938,0.015006215,0.015015949,0.025144873,2.7125434e-05,2.1503904e-05,0.00012262032,0.005262522,0.005309524,0.0038469485,1,1,12,0
171522312,171521777,15.579678,-50.066082,5.5869827,-0.9826316,0.12832396,-0.081661634,0.106298715,6.9709682,-4.860302,0.7335829,-1.1359316,-0.54461753,-0.47277752,0.014418781,0.014471631,0.024533927,1.9888912e-05,1.8248435e-05,0.00013427497,0.0056148963,0.005260115,0.0037449833,1,1,12,0
172014863,172014319,19.023888,-52.559593,5.679695,-0.94900596,0.110295884,-0.19172561,0.22464159,6.642545,-5.7953444,-0.11685495,-1.1051557,-1.2021775,-0.26075855,0.014879064,0.0149521995,0.024976222,2.8100034e-05,2.6129588e-05,0.000118053365,0.006127961,0.0054010544,0.0037816952,1,1,12,0
172517256,172516712,22.098202,-55.482693,5.412636,-0.9391247,0.022413716,-0.20120278,0.27759707,5.603691,-6.2506537,-0.63757926,-0.3371771,-0.8215832,-0.14449437,0.014405394,0.014431881,0.024331793,3.6872505e-05,1.9929219e-05,0.000109095825,0.0064487355,0.0057746954,0.003703138,1,1,12,0
173019934,173019104,24.765116,-58.483967,5.0847054,-0.9493195,-0.010712431,-0.14676549,0.27773696,5.4005513,-6.1511846,-0.071153685,-0.38568798,-0.2797394,0.029024968,0.015118313,0.015075995,0.024958638,2.3994393e-05,1.3630402e-05,0.00012344743,0.0062777977,0.0061655114,0.0037649975,1,1,12,0
173522089,173521496,27.409811,-61.41098,4.781452,-0.95651984,-0.07354178,-0.13243258,0.24924499,5.4265056,-5.786003,-0.5329846,-0.19201247,-0.4071264,0.3495865,0.014602337,0.014550622,0.024339752,2.8859547e-05,1.4796854e-05,0.00011502419,0.005749817,0.0058621247,0.0036890588,1,1,12,0
174014639,174014037,30.105406,-64.086174,4.5310097,-0.9781323,-0.097493365,-0.11064028,0.14666682,5.972292,-5.178076,0.1331849,-1.1139437,0.3623613,0.12088612,0.015122322,0.015078937,0.024811035,2.0314921e-05,1.9110747e-05,0.000121561505,0.005617788,0.005687496,0.0037252023,1,1,12,0
174516974,174516429,33.134285,-66.471466,4.364464,-0.9735804,-0.03395135,-0.21516971,0.06848779,6.313639,-4.173395,-0.4422692,-1.0237672,0.61564666,-0.2890979,0.0145549,0.014535689,0.024265856,2.4422234e-05,1.6495615e-05,0.00012379698,0.0053825304,0.0053754114,0.0036785025,1,1,12,0
175019357,175018820,36.100517,-68.42224,3.8914413,-0.97059786,-0.03255146,-0.23471761,0.042281672,5.9604235,-3.6989071,-0.7394734,-0.35147282,-0.15604575,0.14011449,0.015159482,0.015163419,0.024882743,3.0084926e-05,1.5341639e-05,0.00012295859,0.0058012325,0.0057107513,0.003762073,1,1,12,0
175521769,175521211,38.969654,-70.139565,3.5453796,-0.98587734,-0.073792964,-0.1403416,-0.053895336,6.028208,-2.9396746,0.036790416,-0.94935435,0.20936939,0.06161071,0.014616617,0.014629084,0.024308661,2.4217437e-05,2.0635256e-05,0.0001264395,0.005461584,0.005368836,0.0037103603,1,1,12,0
176014321,176013751,41.85646,-71.2508,3.3326073,-0.9656344,-0.08839643,-0.22547951,-0.0943143,5.9936323,-1.5687549,-0.4551116,-0.16271842,-0.14360215,0.12840097,0.015076366,0.01508537,0.024849176,3.343984e-05,1.9314703e-05,0.000120868215,0.0057242266,0.0054046023,0.0038017675,1,1,12,0
176516745,176516141,44.74535,-71.76333,3.0181923,-0.94640476,-0.06310813,-0.23497647,-0.21241824,5.738334,-0.44949403,-0.48031032,-0.3342849,-0.10016344,0.5310105,0.014523552,0.014514977,0.024274744,3.3859185e-05,1.8284489e-05,0.000120794575,0.005699188,0.0052569374,0.0037814288,1,1,12,0
177019074,177018531,47.42109,-71.78675,2.6461487,-0.90259385,-0.028319348,-0.23780659,-0.3577295,5.060976,0.7291561,-0.42854944,-1.0593572,0.08592452,0.29485002,0.015145734,0.015096842,0.024907961,3.6325524e-05,1.7954224e-05,0.00011822599,0.0059747784,0.0054401048,0.0038774095,1,1,12,0
177521755,177520920,49.74771,-71.29715,2.3407097,-0.8670849,0.032443486,-0.19983135,-0.45516884,4.342261,1.6706033,-0.16113946,-0.8740021,-0.041558824,0.16246611,0.014633403,0.01455764,0.024364363,3.669426e-05,1.4381298e-05,0.00011903551,0.005721471,0.005230786,0.0038456172,1,1,12,0
178013975,178013458,51.83708,-70.32613,2.27285,-0.8171884,0.06480271,-0.17750344,-0.5445147,4.054024,2.498605,0.15539153,-2.2519603,0.057981268,0.44512367,0.015160738,0.015041971,0.024960179,3.0168392e-05,1.335826e-05,0.0001263203,0.005680341,0.0052173594,0.003917951,1,1,12,0
178516622,178515848,53.822327,-68.9145,2.2144203,-0.75422454,0.08304893,-0.18276243,-0.62517685,3.4730244,3.1734796,-0.086090535,-2.5263999,0.2741887,0.1218149,0.014611993,0.014491523,0.024411095,3.3545115e-05,1.2973023e-05,0.00012308091,0.0054223686,0.0051706354,0.0038458202,1,1,12,0
179018813,179018235,55.402035,-67.29474,1.961998,-0.7262056,0.10849964,-0.1697526,-0.65729547,2.7238047,3.3895,-0.591719,-2.0722325,-0.12171969,0.13619652,0.015210349,0.015083118,0.025061434,4.08513e-05,1.2860442e-05,0.00011740132,0.0056031533,0.0055710636,0.0038906932,1,1,12,0
179521168,179520622,56.582253,-65.593285,1.5375175,-0.6926097,0.12012513,-0.15305848,-0.69457537,1.9497527,3.5133302,-0.70974785,-2.2675385,-0.09004938,-0.07103476,0.014648863,0.01456674,0.02453645,4.6753223e-05,1.2394584e-05,0.00011399047,0.005403212,0.0054874625,0.0038084718,1,1,12,0
180023524,180023010,57.37131,-63.84275,1.1171188,-0.7081945,0.16666874,-0.18661071,-0.6601959,1.4006413,3.5249,-0.9025333,-2.1976354,0.08574351,0.04706806,0.015232908,0.015194371,0.025173904,4.8983013e-05,1.3504464e-05,0.00011376202,0.005530419,0.005629374,0.0038662825,1,1,12,0
180516199,180515546,57.913548,-62.19321,0.632637,-0.6828387,0.15663823,-0.17531414,-0.6917087,1.0621988,3.388166,-0.83058584,-1.839634,-0.071720764,0.26234674,0.014553327,0.014551319,0.024455197,4.579409e-05,1.3496393e-05,0.00011964607,0.005313723,0.0053751003,0.0037781892,1,1,12,0
181018454,181017933,58.36235,-60.61062,0.24251938,-0.6382966,0.16826992,-0.16980575,-0.7317299,0.6702499,3.051253,-0.7472716,-1.7089881,-0.61474025,0.175279,0.014170371,0.014191956,0.024051227,5.8600217e-05,1.3433561e-05,0.00010969677,0.0051830066,0.005199468,0.003737638,1,1,12,0
181520852,181520320,58.631702,-59.10853,-0.044509888,-0.63815594,0.19195674,-0.18065259,-0.72337705,0.30696493,3.0026324,-0.5473754,-2.0845761,-0.14991121,0.10701131,0.013945222,0.013978514,0.023733266,4.8687554e-05,1.376954e-05,0.000121624114,0.005032941,0.0050444454,0.0037223478,1,1,12,0
182013370,182012855,58.727753,-57.722992,-0.27246475,-0.62047184,0.15739718,-0.15502858,-0.7524672,0.079789184,2.9540567,-0.36549574,-1.4068683,-0.31507963,0.06065556,0.014604314,0.014645019,0.024458138,4.411896e-05,1.4238421e-05,0.00012854689,0.005243372,0.00527407,0.0037997167,1,1,12,0
182515761,182515241,58.647903,-56.309113,-0.4718094,-0.5857469,0.1697116,-0.171365,-0.77377814,-0.33325392,2.8129807,-0.5443954,-1.47151,-0.56788707,0.2612984,0.014231812,0.0142696,0.024051558,4.981552e-05,1.3603311e-05,0.00012607011,0.005119649,0.0051784925,0.0037534903,1,1,12,0
183018143,183017626,58.32649,-54.951687,-0.65927887,-0.55264723,0.17650361,-0.19068612,-0.7918753,-0.91322225,2.70603,-0.47926,-1.6573579,-0.2958256,0.14230034,0.014899714,0.014941342,0.024779193,4.6172056e-05,1.3572274e-05,0.00013320606,0.0052817827,0.0053308033,0.0038290268,1,1,12,0
183520715,183520012,57.697945,-53.721775,-0.8669014,-0.49147677,0.17396641,-0.18887977,-0.8321723,-1.5326866,2.4364266,-0.40088534,-1.1168896,-0.2844163,0.31849378,0.014438999,0.014473955,0.024297906,4.8645685e-05,1.3561675e-05,0.0001336318,0.0051547787,0.0051810504,0.0037818735,1,1,12,0
184022997,184022397,56.753483,-52.67082,-1.0476341,-0.4200429,0.14959231,-0.19405393,-0.8738016,-2.3160841,1.9229472,-0.36203772,-0.8473614,-0.5641437,0.47935435,0.014119151,0.01414544,0.023968529,5.013588e-05,1.4293943e-05,0.00013479951,0.005089196,0.0050964006,0.0037642347,1,1,12,0
184515463,184514931,55.425888,-51.865013,-1.1772957,-0.31159633,0.20015241,-0.11877359,-0.92127067,-3.0877497,1.5620778,-0.41365218,-0.68846786,0.33396912,0.6177564,0.013852445,0.013867164,0.023600228,4.1381296e-05,1.3417934e-05,0.0001476094,0.0050093373,0.0050616157,0.0037571914,1,1,12,0
185018075,185017315,53.793,-51.157375,-1.2389717,-0.17364025,0.18858077,-0.10313313,-0.9610671,-3.5738516,1.1462812,-0.68150216,0.8269735,0.6283567,0.86991215,0.013722347,0.013730741,0.023402749,4.641198e-05,1.3322237e-05,0.00014460721,0.005020851,0.0050794613,0.0037459116,1,1,12,0
185520226,185519700,51.859142,-50.761684,-1.3522072,-0.1134875,0.11639032,-0.15036894,-0.9751734,-4.4963098,0.2680996,-0.6823295,-0.35417098,0.08373466,0.50825226,0.013678187,0.013684434,0.02332594,3.906652e-05,1.4166515e-05,0.00015315991,0.0051716617,0.0051947623,0.0037470963,1,1,12,0
186022695,186022084,49.388382,-50.773724,-1.2732239,-0.012382798,0.15518089,-0.067782335,-0.9854801,-5.3347745,-0.2368532,-0.4644697,0.2442461,0.38847765,0.9576557,0.014534289,0.014538652,0.024238829,3.4569814e-05,1.3316504e-05,0.00016048332,0.005483839,0.0055877445,0.0038557502,1,1,12,0
186515176,186514617,46.601673,-51.117783,-1.0476074,0.03935743,0.20770982,-0.07556522,-0.97447294,-5.5207515,-1.2263168,-0.26915413,0.5680764,-0.90208995,0.078644074,0.0141308075,0.014137558,0.023827067,4.6294932e-05,1.5216465e-05,0.0001469121,0.005479212,0.005508718,0.0038069803,1,1,12,0
187017578,187017001,43.660206,-51.915062,-0.967823,0.13567182,0.2504142,-0.033148948,-0.95801204,-5.587401,-1.6919041,-0.4895477,0.6691716,-0.7606216,0.7543234,0.014878647,0.014878709,0.024686662,5.0460192e-05,1.24734115e-05,0.00014679466,0.005826236,0.005791385,0.003867224,1,1,12,0
187519979,187519385,40.857952,-53.027527,-1.1008759,0.2789016,0.2823164,-0.06587258,-0.9155175,-5.037834,-2.6763213,-0.71168566,0.99397296,-0.54659164,0.5279763,0.01445024,0.0144456355,0.024248859,5.8854628e-05,1.796625e-05,0.00013363318,0.0058013387,0.0057486533,0.0037901695,1,1,12,0
188012473,188011917,38.47934,-54.75896,-1.3127441,0.40823296,0.3106623,-0.06793297,-0.8556986,-4.239556,-3.9126465,-0.2762455,0.48686907,-0.31346232,0.62476885,0.014078523,0.014060732,0.023789892,6.338994e-05,2.6146163e-05,0.000119577184,0.005787991,0.005858377,0.0037677905,1,1,12,0
188514822,188514300,36.662315,-57.291443,-1.3796844,0.58748275,0.2559694,-0.08442368,-0.76303107,-2.9795644,-5.570102,0.41989407,-0.32978797,0.20022613,0.82090515,0.013932567,0.013905204,0.023598282,4.2042197e-05,4.3018576e-05,0.000117553755,0.005901424,0.0062162513,0.0038331614,1,1,12,0
189017203,189016684,35.65153,-60.606388,-1.2765656,0.7709117,0.25244278,-0.069463044,-0.58063996,-1.0790874,-6.866947,0.69433504,0.44085777,0.26507124,0.66423905,0.01475861,0.0147414645,0.02445379,2.3931589e-05,4.126343e-05,0.00012531065,0.0062667513,0.0071238987,0.0040263743,1,1,12,0
189519788,189519067,35.87669,-64.44082,-1.0525742,0.87774885,0.2248776,-0.015501732,-0.42278454,1.579501,-7.2754283,0.8587624,0.6504264,0.45502046,0.4334165,0.014393504,0.0144437635,0.024104774,1.9691088e-05,4.183994e-05,0.00010787253,0.005679458,0.00806289,0.004091338,1,1,12,0
190022004,190021449,37.38747,-68.03581,-1.0507164,0.93025076,0.21949093,0.09726983,-0.2774815,3.6022594,-6.2766986,-0.046720408,0.17588381,0.7240706,0.35557094,0.015064818,0.015333184,0.024909075,2.8257442e-05,2.9367831e-05,9.385842e-05,0.005772516,0.008779928,0.004233095,1,1,12,0
190514490,190513981,39.605663,-70.78155,-1.4692688,0.95067835,0.1781235,0.21590947,-0.13366328,4.289008,-4.6824145,-0.6926557,1.0646077,0.8372547,0.35206503,0.014432122,0.014787391,0.024376834,4.075921e-05,2.2653472e-05,7.310536e-05,0.006180775,0.007172641,0.004080594,1,1,12,0
191016993,191016363,41.9381,-72.71702,-2.0094414,0.9410986,0.17281103,0.2898589,0.021251088,4.126091,-3.2230253,-0.86566,1.3336681,0.4940147,0.60358363,0.014095435,0.014446461,0.024003182,5.1316765e-05,1.792687e-05,5.9053964e-05,0.0064620706,0.0060143834,0.003956089,1,1,12,0
191519383,191518745,44.140987,-73.79177,-2.4019203,0.92489904,0.15849645,0.28396505,0.19698896,3.980528,-1.4672198,-0.2817504,0.121805936,0.45529935,0.52270806,0.013942066,0.014182415,0.02374601,3.72778e-05,2.684602e-05,5.8557718e-05,0.0065851426,0.005548695,0.003958197,1,1,12,0
192021687,192021127,46.1492,-73.9908,-2.486679,0.87042505,0.102556966,0.29162377,0.3831422,3.349828,0.11851854,0.21433105,-0.7467582,0.119799785,0.43397933,0.014779296,0.014871344,0.024646003,3.0758674e-05,2.6994727e-05,6.031738e-05,0.006832086,0.0055885282,0.0041021435,1,1,12,0
192514235,192513658,47.685028,-73.44314,-2.3442574,0.7819446,0.061737914,0.24109045,0.5715124,2.421204,1.5310073,0.7151784,-0.61830926,0.2806384,0.57925117,0.014313802,0.014274242,0.024147306,2.125942e-05,2.4415544e-05,6.638301e-05,0.0063376776,0.0054004164,0.0040613846,1,1,12,0
193016635,193016040,48.635033,-72.212494,-2.2101517,0.67185205,-0.004102538,0.18551384,0.7170653,1.1895672,2.6747816,0.3036031,-0.14020291,-0.007919378,0.37969542,0.014991711,0.014817039,0.024905637,1.719427e-05,1.7889113e-05,7.287129e-05,0.006392492,0.005883902,0.0041489764,1,1,12,0
193519237,193518421,48.856327,-70.569565,-2.3121796,0.59004927,-0.11981092,0.20932537,0.7705,-0.15546194,2.819465,-0.48037967,0.5039373,0.08669245,0.015746037,0.014490924,0.014303431,0.02446563,2.1808906e-05,1.5758495e-05,6.60327e-05,0.0058045927,0.0060071936,0.004036253,1,1,12,0
194021354,194020802,48.48445,-69.13684,-2.714573,0.50912434,-0.17670852,0.25825176,0.80179334,-0.9791683,2.0369003,-1.1982964,0.16366896,-0.66868496,0.5736786,0.015070348,0.014912709,0.025151182,3.4020646e-05,1.3191468e-05,5.5399832e-05,0.005702422,0.0061846687,0.004011498,1,1,12,0
194523940,194523183,47.62273,-68.11816,-3.1561432,0.3448162,-0.19683301,0.26619238,0.8783509,-2.185719,1.2515806,-1.1050638,0.35398957,-0.7761498,0.6809956,0.014487894,0.0144319665,0.024581056,3.1456104e-05,1.774476e-05,5.2904747e-05,0.005442049,0.005869393,0.003921795,1,1,12,0
195016425,195015713,46.14823,-67.62429,-3.450676,0.20242871,-0.17440027,0.23772264,0.9338603,-3.4919891,0.22237734,-0.57699156,-0.34594,-0.4965285,0.6324991,0.014903124,0.014949644,0.025159795,2.7469152e-05,2.1274276e-05,5.3474323e-05,0.005685683,0.0059952107,0.0040222416,1,1,12,0
195518628,195518094,43.962276,-67.702446,-3.4706802,-0.007256727,-0.16231875,0.17544512,0.9709887,-4.808336,-1.0648948,-0.082819924,0.045570567,-0.46736124,0.65059835,0.01433408,0.014437353,0.024582569,1.9191442e-05,2.0432326e-05,6.153809e-05,0.00548175,0.0056634746,0.0040024263,1,1,12,0
196021178,196020476,41.30315,-68.59639,-3.2658272,-0.14678216,-0.17377782,0.12480465,0.9657536,-5.4694805,-2.7481844,-0.12645677,0.35452265,-0.49926654,0.5993679,0.014871108,0.015029609,0.02524039,1.9107067e-05,1.7941707e-05,6.341586e-05,0.0058928914,0.005687327,0.004102127,1,1,12,0
196513703,196513005,38.481537,-70.339005,-2.9909515,-0.28014833,-0.17651081,0.05102233,0.9422089,-5.661562,-4.0292687,-0.10871552,-0.12851056,-0.06968341,0.63439614,0.014249136,0.0143656,0.024576193,1.929235e-05,1.4236516e-05,6.5095366e-05,0.0057942457,0.0053214435,0.00400739,1,1,12,0
197015904,197015385,35.686214,-72.706825,-2.891655,-0.37681872,-0.21644208,-0.006154944,0.90062344,-5.1480045,-4.984916,-0.7188989,0.12979734,-0.2963333,0.31206176,0.01486559,0.014921709,0.025219852,2.5481115e-05,1.2843625e-05,6.061894e-05,0.005994204,0.005468259,0.00402248,1,1,12,0
197518279,197517765,33.188576,-75.472305,-2.9866905,-0.40112105,-0.21526863,-0.106143996,0.88402194,-4.8081427,-5.0911036,-1.2369165,0.011478056,-0.3939702,0.63256526,0.014398386,0.014385096,0.024618983,3.2414282e-05,1.0601264e-05,5.641421e-05,0.0056023677,0.0053791585,0.0038834887,1,1,12,0
198020690,198020145,30.779495,-78.24853,-3.1374512,-0.4433866,-0.22334148,-0.16857079,0.8515344,-4.83705,-5.0823994,-1.0183533,-0.45820123,0.2387074,0.2993685,0.01503833,0.014987491,0.025295982,3.396133e-05,1.0670628e-05,5.7189154e-05,0.005547296,0.005536924,0.0038824677,1,1,12,0
198513193,198512674,28.391947,-80.77943,-3.229992,-0.36599213,-0.26184207,-0.28725463,0.845561,-5.0901685,-4.203283,-0.84811103,0.7866276,0.21387112,0.009539986,0.014372929,0.014338911,0.024522401,4.380043e-05,1.3930446e-05,4.6250017e-05,0.0053106067,0.005311614,0.0037551369,1,1,12,0
199015908,199015054,25.907152,-82.71532,-3.3410301,-0.16522221,-0.32769933,-0.25874564,0.8935131,-4.9084506,-2.2626846,-0.8153424,0.7681531,-1.0539806,-0.08455154,0.014949284,0.014950437,0.025114737,5.3822117e-05,1.9187419e-05,3.324805e-05,0.0058760005,0.0054744473,0.0038242624,1,1,12,0
199517951,199517433,23.437695,-83.79093,-3.3577652,0.018562786,-0.31122795,-0.17326717,0.93422216,-4.738256,-0.8878231,-0.5239147,0.5740805,-0.5508353,-0.10375047,0.014437657,0.01445547,0.024544295,4.2988784e-05,2.0668396e-05,4.2549324e-05,0.006108539,0.005238666,0.0038350031,1,1,12,0
200020362,200019812,21.03685,-84.08625,-3.2614288,0.19167583,-0.32679087,-0.13056256,0.9161995,-4.1403174,0.5387853,-0.35927644,0.37068185,0.032029208,0.042750288,0.015086509,0.015065903,0.025161244,3.830713e-05,1.9012412e-05,4.8599537e-05,0.0066030337,0.005535022,0.0039758706,1,1,12,0
200522735,200522191,19.099903,-83.534386,-3.093628,0.30475256,-0.35093293,-0.086044006,0.88123125,-2.7411218,2.0190918,-0.49018064,0.50691986,-0.5110067,0.49339536,0.014627243,0.014557117,0.024586286,3.9069062e-05,2.0045794e-05,4.3798143e-05,0.0064878645,0.0057063513,0.004013437,1,1,12,0
201015371,201014720,17.689953,-82.17488,-2.9176216,0.33400685,-0.28613168,-0.06568011,0.8956865,-2.4849849,3.2377849,-0.15835474,0.14535943,0.28986007,-0.0069917585,0.015226037,0.015096791,0.0251919,3.101885e-05,1.6772548e-05,5.266051e-05,0.0066877576,0.0062470543,0.004164766,1,1,12,0
201517613,201517099,16.56883,-80.24556,-2.633873,0.5756809,-0.37076604,-0.040610038,0.72765034,-0.7606174,3.9222624,-0.21109372,0.39054507,1.3176374,-0.6058388,0.014705134,0.014585103,0.024645966,3.4412264e-05,1.9291972e-05,4.44169e-05,0.0061261854,0.006033284,0.0040998044,1,1,12,0
202020039,202019477,16.642502,-78.309204,-2.4471855,0.68331707,-0.36122409,0.020429455,0.63417476,2.114703,3.349045,-0.3441832,0.104292266,-0.18396549,-0.05634026,0.015336448,0.015269623,0.025352579,3.925795e-05,2.358156e-05,3.2869535e-05,0.00604978,0.007111976,0.0043646717,1,1,12,0
202512527,202512004,17.918047,-76.451675,-2.075657,0.7812351,-0.26260176,-0.010295659,0.56622094,3.5010138,3.601296,0.5432988,0.19485414,0.8566716,-0.5488148,0.014598601,0.01466381,0.024743363,2.6656555e-05,1.9519679e-05,4.5463952e-05,0.005566517,0.006630457,0.00435761,1,1,12,0
203014930,203014382,20.031332,-74.59422,-1.4838791,0.876082,-0.22651972,0.024661966,0.42492467,5.352062,3.0351787,0.50338966,-0.08698202,0.8691245,-0.47517964,0.015143602,0.015369015,0.025492968,2.4344583e-05,1.9746047e-05,4.6236146e-05,0.0057856524,0.006699756,0.0044923103,1,1,12,0
203517276,203516760,22.99908,-73.109695,-1.0242615,0.9447543,-0.17327689,0.08651074,0.26444343,6.5900073,1.9554542,0.17021208,-0.7695368,1.2138674,-0.5520827,0.014544192,0.014817372,0.02494799,2.10494e-05,1.7642267e-05,4.9364906e-05,0.0058055767,0.0062951157,0.0044282004,1,1,12,0
204019928,204019137,26.463137,-72.494286,-0.92269516,0.94208896,-0.1818018,0.16804814,0.22622193,6.9835157,0.013499429,-0.45096448,-1.4025812,0.023816878,0.07907687,0.0151369115,0.015467787,0.025676263,2.7040007e-05,1.4908707e-05,4.469488e-05,0.006572772,0.0063643707,0.0045240414,1,1,12,0
204522166,204521514,30.023298,-72.74179,-0.9670296,0.94965,-0.17481504,0.20636772,0.15816802,6.742589,-1.0195608,-0.09942494,-2.302341,-0.14446348,-0.2646029,0.014607261,0.014838979,0.025109733,2.5900372e-05,1.3762947e-05,4.529884e-05,0.006278583,0.005764955,0.0042902497,1,1,12,0
205024402,205023891,33.318348,-73.46576,-1.2123222,0.97567356,-0.08366111,0.18221056,0.08866359,6.39009,-1.7223771,-0.3562297,-0.8220187,-0.4968779,-0.003196681,0.015258551,0.015384638,0.025756763,2.477617e-05,1.1093976e-05,4.9094513e-05,0.006459359,0.0059668063,0.0042563886,1,1,12,0
205517233,205516417,36.428673,-74.4369,-1.6514397,0.9678649,-0.058865715,0.20345223,0.13557158,6.01544,-2.0323641,-0.5766948,-0.94554687,-0.18470131,0.19750652,0.014602024,0.014638829,0.024928188,2.2633529e-05,1.09522725e-05,5.1429543e-05,0.0059000473,0.005747935,0.0040153097,1,1,12,0
206019316,206018793,39.31673,-75.45556,-2.2083664,0.9551224,-0.025589213,0.22701186,0.18855265,5.407886,-1.7703508,-0.68989545,-0.369899,-0.39300457,0.10220361,0.015231302,0.0152110765,0.025544241,2.5851024e-05,1.2978302e-05,4.7902722e-05,0.005883129,0.0061195283,0.0039532287,1,1,12,0
206521782,206521170,42.0514,-76.259895,-2.6363869,0.9460815,0.03667005,0.2045833,0.24845695,5.215134,-1.1238661,-0.15236144,1.6780517,-0.13521574,0.45641232,0.014661026,0.014642051,0.024814744,2.0240164e-05,1.5277607e-05,5.3081112e-05,0.005446121,0.0057439553,0.0037780942,1,1,12,0
207014243,207013695,44.605595,-76.53348,-2.8990822,0.9194915,0.08618957,0.20903878,0.32157376,4.8794827,0.105596855,0.10583809,1.4411755,0.67693627,0.31460947,0.015107296,0.015110811,0.025204191,1.7193384e-05,1.9394445e-05,5.487483e-05,0.005696842,0.0058094733,0.003768624,1,1,12,0
207516622,207516071,46.962265,-76.05162,-3.1249275,0.831623,0.086756185,0.27879518,0.47238734,3.9120307,1.6473778,-0.24203056,-0.057314873,0.56019527,0.4702569,0.014519482,0.014538905,0.02453664,1.7408263e-05,2.1254638e-05,5.4360422e-05,0.0059767975,0.0056629186,0.0037396846,1,1,12,0
208019009,208018446,48.498707,-74.9276,-3.5719032,0.6957202,0.09033323,0.30880073,0.64222693,1.5348306,2.837614,-1.0500907,-0.6284823,-0.058370754,0.4627329,0.0151020875,0.015120747,0.025073601,2.2333865e-05,2.2220747e-05,4.8622005e-05,0.0065417155,0.0064047175,0.003924168,1,1,12,0
208521346,208520821,48.782486,-73.404625,-3.9629402,0.55099094,0.009082416,0.33123538,0.7659045,-1.2821932,3.0914125,-1.1021374,-0.4046763,0.57847005,1.1511263,0.014561272,0.014578863,0.024449889,2.1866983e-05,2.1958029e-05,4.6658228e-05,0.005924274,0.0063441736,0.0039980556,1,1,12,0
209013896,209013346,47.763725,-72.05512,-4.233879,0.30412936,-0.043734465,0.32767066,0.8934342,-3.8499286,1.9518547,-0.9890797,-1.1924107,0.7231081,1.4780246,0.015070591,0.015141739,0.025031792,2.2771934e-05,2.2531614e-05,4.311811e-05,0.005674058,0.0067760726,0.004169651,1,1,12,0
209516264,209515721,45.433426,-71.411995,-4.3368263,0.06613575,-0.08909367,0.3129867,0.94325376,-5.952359,-0.21454252,-0.06222378,-0.31485823,0.8645152,0.97719824,0.01448773,0.014642191,0.024482852,1.8470771e-05,2.4558354e-05,4.1659427e-05,0.005186454,0.00652973,0.004224441,1,1,12,0
210018645,210018096,42.22129,-72.14638,-4.2136574,-0.16149752,-0.17387752,0.2187264,0.94649035,-6.7143736,-2.960932,0.2786733,-1.1108425,0.23978238,0.91476226,0.015022354,0.015335791,0.025191957,2.169214e-05,2.2918322e-05,3.759051e-05,0.005791146,0.0062964726,0.0044069192,1,1,12,0
210521200,210520471,38.957314,-74.33588,-4.137024,-0.3851625,-0.19192651,0.11001365,0.89594144,-6.123079,-5.501552,0.33357558,-0.97977173,0.09370961,0.109148875,0.014467992,0.014742873,0.024681443,2.1802321e-05,2.1418049e-05,3.590374e-05,0.0062208893,0.005466422,0.0043216012,1,1,12,0
211023584,211022846,36.186874,-77.56325,-4.1381264,-0.45364848,-0.2414416,0.033121224,0.85721177,-5.0322785,-6.863448,-0.020006124,1.0731808,0.30685842,0.35001522,0.015137636,0.015279477,0.025374116,2.5534126e-05,1.6043683e-05,3.6087855e-05,0.006649275,0.005708464,0.004352502,1,1,12,0
211515898,211515370,34.162422,-81.286964,-4.395252,-0.60669684,-0.34040445,0.018993989,0.71811074,-3.2159371,-7.5750465,-0.46610597,1.3600241,0.90278363,0.6931617,0.014555944,0.014548871,0.02466155,2.7868118e-05,1.945951e-05,2.857783e-05,0.006166142,0.0060172966,0.004159911,1,1,12,0
212018549,212017744,33.207596,-85.25999,-4.711281,-0.75015426,-0.34438878,0.0071579143,0.5644588,-0.6018666,-7.7345066,-0.31020585,-0.63099295,-0.01115596,0.4655559,0.014228343,0.014142316,0.02424319,2.1289374e-05,2.5305026e-05,2.7012778e-05,0.0056974706,0.0066200034,0.004127936,1,1,12,0
212520639,212520119,33.54531,-89.22599,-4.7372475,-0.8781347,-0.27736846,-0.04232859,0.38749787,2.0007725,-7.5029182,-0.17254074,-1.2662094,-0.2759787,0.64483106,0.014013795,0.013952103,0.023939546,1.5246784e-05,2.3442873e-05,3.2309945e-05,0.0052119233,0.006858189,0.0041653262,1,1,12,0
213013189,213012642,35.010048,-92.778885,-4.607456,-0.95200264,-0.22296707,-0.10657804,0.18060443,4.0676756,-6.3535066,-0.41944197,-0.49070653,0.014313827,0.8574569,0.014627633,0.014704967,0.024670191,1.365237e-05,1.892581e-05,3.650887e-05,0.005216218,0.007120614,0.0042697554,1,1,12,0
213515537,213515016,37.374863,-95.65241,-4.5119667,-0.97310257,-0.15175803,-0.1680041,0.042609267,5.332159,-4.7357044,-0.46400857,-0.7752099,1.145437,0.69903815,0.014199571,0.014405883,0.024337415,1.3296405e-05,1.5319652e-05,3.7866932e-05,0.005125556,0.0064636995,0.0041868384,1,1,12,0
214018522,214017389,40.08634,-97.70288,-4.512497,-0.9553095,-0.09316174,-0.25832957,-0.109410234,5.198257,-3.3003442,-0.89051825,-0.9245698,0.46498108,1.0224521,0.013906881,0.0141915195,0.024045072,1.8425064e-05,1.1856425e-05,3.4861634e-05,0.0052461205,0.0058138175,0.0040765684,1,1,12,0
214520277,214519763,42.612614,-98.90766,-4.8511467,-0.9445015,-0.062884144,-0.24490608,-0.20972222,4.760858,-1.6518514,-0.7232206,-1.1770983,-0.22749315,0.120093934,0.013780159,0.014047614,0.023831706,1.819058e-05,1.1915444e-05,3.4960594e-05,0.005482042,0.0053299502,0.0039658654,1,1,12,0
215022706,215022138,44.8727,-99.42677,-5.2309113,-0.9070751,0.059034556,-0.24548946,-0.33684507,4.531088,-0.6121914,-0.54318434,-0.8965288,0.31772262,0.26654127,0.014622322,0.014828942,0.024703557,1.9129935e-05,1.0606405e-05,3.6573645e-05,0.005708517,0.0053356458,0.0040002503,1,1,12,0
215515170,215514658,46.91165,-99.60576,-5.661167,-0.8560874,0.06942046,-0.23984244,-0.4525161,4.0127063,0.08451805,-0.5075951,-0.44831976,0.053348195,-0.061522447,0.014200184,0.014304544,0.024227424,2.1516842e-05,1.0855269e-05,3.5054043e-05,0.0053711487,0.0051116724,0.003863029,1,1,12,0
216017567,216017030,48.636284,-99.379105,-6.1480637,-0.83303237,0.0862365,-0.232998,-0.49429986,3.2811964,0.8051496,-0.3516101,1.3590239,0.015361045,-0.110396236,0.014921412,0.014942278,0.02497304,2.1227585e-05,1.1109987e-05,3.7294525e-05,0.0055797826,0.005376814,0.00390766,1,1,12,0
216519965,216519403,50.0374,-98.81571,-6.5402107,-0.78391474,0.101493746,-0.231147,-0.5672281,2.6389513,1.2266101,-0.25912696,1.3569406,0.5837883,0.1208307,0.014469903,0.014440468,0.024462117,2.1060023e-05,1.1052509e-05,3.9610142e-05,0.0054116184,0.005292249,0.0038253323,1,1,12,0
217022388,217021775,51.181885,-98.00267,-6.8995476,-0.7254369,0.11345306,-0.20697448,-0.64655346,1.9572612,1.6857558,-0.50453615,0.6188159,-0.5234739,0.06124973,0.015088572,0.015024983,0.025174668,2.076744e-05,1.1563984e-05,4.219736e-05,0.005625635,0.005580564,0.0038790326,1,1,12,0
217514814,217514297,51.98111,-96.92114,-7.150612,-0.69849455,0.1391336,-0.18595925,-0.67688,1.3500214,2.2088401,-0.6715317,0.292879,-0.48617437,-0.07051497,0.014451963,0.014391644,0.024469994,2.1558702e-05,1.1515102e-05,4.3872315e-05,0.0053626243,0.0053891866,0.0037907814,1,1,12,0
218017213,218016668,52.51225,-95.631905,-7.3920593,-0.6787001,0.16228686,-0.17661332,-0.6941447,0.980472,2.6023943,-1.033725,-0.23385693,0.3510735,0.32280043,0.015048848,0.014993255,0.025098199,2.318218e-05,1.1764648e-05,4.5265188e-05,0.0054806396,0.0055516767,0.003834355,1,1,12,0
218519583,218519040,52.853508,-94.29726,-7.7022476,-0.6495999,0.17818145,-0.18641219,-0.7152076,0.63451016,2.5499032,-1.2518381,-0.8719217,0.45636633,0.37142676,0.014507658,0.014477158,0.024534877,2.5899635e-05,1.2093239e-05,4.522125e-05,0.005260716,0.0053502913,0.0037552211,1,1,12,0
219022123,219021411,53.04644,-92.98347,-8.012955,-0.6276841,0.20328347,-0.16807982,-0.73241913,0.31694454,2.5360632,-0.92943853,-1.3439596,0.08162945,0.52583444,0.014160697,0.014153476,0.024067894,2.7142987e-05,1.2794735e-05,4.641273e-05,0.0051501803,0.005237038,0.003712046,1,1,12,0
219514743,219513932,53.12257,-91.69724,-8.220295,-0.6074568,0.2195072,-0.12034901,-0.75387603,0.12557538,2.7211797,-0.42030802,-1.774704,-0.3284115,0.22018023,0.01385918,0.01387016,0.023616144,2.6501302e-05,1.3798837e-05,4.9460785e-05,0.0050715767,0.005148578,0.0036734822,1,1,12,0
220016880,220016302,53.176754,-90.30273,-8.275959,-0.6209872,0.26380858,-0.054357186,-0.73608786,0.10476712,3.109137,0.071138725,-1.1539701,0.15971836,-0.4715079,0.014631177,0.0146596385,0.02443482,2.6057593e-05,1.6501614e-05,5.107001e-05,0.0053092404,0.005387133,0.003754124,1,1,12,0
220519236,220518673,53.47785,-88.751755,-8.209148,-0.68155974,0.31287462,-0.03267043,-0.6606955,0.99953705,3.270729,0.3366834,-0.6881813,-0.13469653,-0.7936327,0.014280752,0.014312414,0.02401728,2.5963252e-05,1.9794159e-05,5.108007e-05,0.0052511226,0.0053989617,0.0037002799,1,1,12,0
221021559,221021044,54.345367,-87.19646,-8.076927,-0.77244955,0.278231,-0.035180192,-0.5697997,2.292622,3.0763273,0.6958345,1.4653591,0.31545946,-0.5451479,0.014985006,0.015034082,0.024737524,2.3483157e-05,2.0956757e-05,5.5363034e-05,0.005604573,0.0060188146,0.0037877944,1,1,12,0
221514366,221513564,55.899845,-85.78468,-7.863968,-0.8424736,0.24670118,-0.07315149,-0.47331336,3.716305,2.3960457,0.57421136,2.26073,0.6042879,-0.46351844,0.0144150965,0.01448098,0.024176931,2.2002554e-05,1.9787294e-05,5.8816484e-05,0.0055246293,0.0062104254,0.0037695705,1,1,12,0
222016440,222015935,58.21238,-84.73416,-7.739403,-0.90886796,0.20462528,-0.11566473,-0.34454224,4.9947524,1.2427483,0.00633185,1.0709801,-0.25942492,-0.51381165,0.015071559,0.0152003,0.02486146,2.2310647e-05,1.9062833e-05,5.990311e-05,0.006005274,0.006812675,0.003895477,1,1,12,0
222518832,222518305,61.129005,-84.20842,-7.647358,-0.9398862,0.13277344,-0.104295105,-0.29682952,6.02347,0.41514617,-0.19983123,0.009824803,0.06639268,-0.41125193,0.014563015,0.014710681,0.024327407,2.167537e-05,1.580993e-05,6.25057e-05,0.0059613637,0.006416695,0.0038661754,1,1,12,0
223021185,223020676,64.40257,-84.010216,-7.3918686,-0.9608095,0.09491038,-0.11989667,-0.23121808,6.702352,-0.05178866,-0.08006052,0.41971874,0.66506076,-0.24929684,0.015177661,0.015364843,0.025018247,1.9874578e-05,1.5119646e-05,6.555888e-05,0.005877732,0.006184003,0.0039071892,1,1,12,0
223513707,223513196,67.81121,-84.0683,-7.195568,-0.97121197,0.06870708,-0.13597842,-0.1831301,6.9458103,-0.40172923,0.0032479842,-0.87661964,1.2210455,-0.115194336,0.0145080825,0.014657896,0.024309466,1.863043e-05,1.4220966e-05,6.7780304e-05,0.005608715,0.0057495134,0.0037888351,1,1,12,0
224016081,224015567,71.25467,-84.43399,-7.3562927,-0.97055715,0.04954294,-0.20881148,-0.109371655,6.5457582,-1.170282,-0.81030303,-1.2126516,-0.5423406,-0.18310113,0.015102197,0.015237357,0.024909144,2.6407686e-05,1.4034354e-05,6.17794e-05,0.006044324,0.006109141,0.0038179513,1,1,12,0
224518444,224517938,74.54036,-85.11548,-7.7290535,-0.972575,-0.0012254522,-0.17747405,-0.15033077,6.3303237,-1.2212045,-0.30174223,-0.7523691,-0.6639144,0.16892788,0.014580799,0.014663889,0.024346167,2.3355386e-05,1.5013016e-05,6.4806074e-05,0.005721494,0.0057798107,0.0037237052,1,1,12,0
225021080,225020309,77.72094,-85.66127,-7.9740906,-0.9635997,-0.052028306,-0.18647306,-0.18438174,6.116548,-0.659921,-0.21925212,-0.14870898,-0.024411267,0.047039144,0.015188733,0.015246978,0.024920506,2.162191e-05,2.019683e-05,6.367274e-05,0.0057874047,0.0059507703,0.0037263357,1,1,12,0
225523374,225522679,80.74244,-85.8122,-8.304939,-0.9353848,-0.07123095,-0.22193351,-0.26594573,5.5207705,0.18960734,-0.41200054,1.4442501,0.48114172,0.4773446,0.014618154,0.014664393,0.024287943,2.2751501e-05,2.2402344e-05,6.137732e-05,0.0058667692,0.005970953,0.003639318,1,1,12,0
226015933,226015200,83.29818,-85.50999,-8.722294,-0.89013785,-0.059429128,-0.2557745,-0.37242746,4.5384383,1.1757666,-0.55841476,0.73815745,0.6035491,0.31353167,0.015082894,0.015128515,0.024764344,2.2108676e-05,2.3695968e-05,6.1483006e-05,0.0062617874,0.0061888653,0.0037057921,1,1,12,0
226518088,226517570,85.39291,-84.784615,-9.151649,-0.83840907,0.0067927884,-0.2498056,-0.48437738,3.33513,1.8859951,-0.92181,-0.22936949,-0.44211632,0.15094796,0.014525674,0.014556719,0.024150359,2.3792867e-05,1.7923612e-05,6.439856e-05,0.006170382,0.006058864,0.0037022298,1,1,12,0
227020548,227019941,86.98833,-83.72627,-9.542545,-0.7937357,0.050771616,-0.21269281,-0.5675981,2.5889256,2.5883667,-1.0418221,0.06724277,-0.2126238,0.3815968,0.015155091,0.015171527,0.024751956,2.3419636e-05,1.5029375e-05,6.753114e-05,0.0061805886,0.006100118,0.0038018643,1,1,12,0
227512968,227512462,88.17344,-82.58086,-9.668434,-0.74987817,0.10651111,-0.16015907,-0.6329986,2.009651,2.4866588,0.56135833,-0.5079901,-0.19450857,0.20300183,0.014514521,0.014520148,0.024132593,2.1625772e-05,1.3140231e-05,7.0799375e-05,0.0053516803,0.005434478,0.0037190493,1,1,12,0
228015368,228014831,89.064835,-81.402824,-9.190109,-0.7120675,0.028121846,-0.13097449,-0.6892132,1.5183797,2.633848,1.0372664,0.77704674,-1.077128,0.46890098,0.0150894495,0.015097481,0.024760753,1.9510337e-05,1.325621e-05,7.500196e-05,0.005312819,0.005346843,0.0037762679,1,1,12,0
228517748,228517200,89.63051,-79.88154,-8.44923,-0.64580375,0.06661805,-0.08068893,-0.75629956,0.72658306,3.4504554,2.1128478,-0.33171916,-0.03073673,-0.15562041,0.014506634,0.014512698,0.02420385,1.6845814e-05,1.3345194e-05,7.957945e-05,0.005228816,0.00519752,0.003720292,1,1,12,0
229020177,229019569,89.695244,-78.0088,-7.6693,-0.62126446,0.042116124,-0.10972532,-0.7747369,-0.47891545,4.1789923,1.2489018,-1.4191871,0.65914613,0.122923404,0.01509644,0.015090979,0.024838986,1.82469e-05,1.33563435e-05,8.056652e-05,0.005409943,0.005351001,0.0038109107,1,1,12,0
229522512,229521939,89.253006,-75.8569,-7.10347,-0.60217994,0.13109362,-0.115964726,-0.77893895,-1.0462222,4.579739,0.06320032,-1.1851232,1.4180534,0.47425768,0.01457945,0.01457072,0.02433539,2.2578564e-05,1.4893251e-05,7.627345e-05,0.0055761123,0.005494153,0.0037841978,1,1,12,0
230014974,230014457,88.652245,-73.77384,-6.9733887,-0.56052506,0.19024953,-0.15574507,-0.7907973,-1.1974844,4.0317607,-0.96021616,-0.38127467,0.54894495,0.40248305,0.015140485,0.015122869,0.024957245,3.5464232e-05,1.4954553e-05,6.5820415e-05,0.00605141,0.0061160694,0.005472331,1,1,12,0
230517427,230516825,87.99993,-71.92619,-7.056095,-0.54081595,0.18220174,-0.1756005,-0.8021752,-1.3272992,3.220937,-0.6833104,0.6909713,-1.1397159,0.2015309,0.014629753,0.0146226445,0.024640014,4.0244366e-05,1.3014427e-05,6.476695e-05,0.005958228,0.0060234573,0.004950341,1,1,12,0
231019704,231019193,87.19685,-70.28617,-7.06765,-0.49626973,0.1828903,-0.14204982,-0.83671343,-1.799245,3.051465,0.45319128,1.2518191,0.1862835,0.047675185,0.015274625,0.015284984,0.0256445,3.2596105e-05,1.2501119e-05,7.551016e-05,0.0060961973,0.0061264434,0.0047241068,1,1,12,0
231522177,231521561,86.18226,-68.69613,-6.896652,-0.43102282,0.19082703,-0.083855264,-0.8779366,-2.4765782,3.1772938,0.9395933,1.0249926,0.2004198,-0.18600166,0.014712173,0.014729818,0.025214098,3.2352018e-05,1.2421793e-05,7.8078425e-05,0.0056106844,0.005627064,0.0043798457,1,1,12,0
232014629,232014079,84.916885,-67.16116,-6.7141533,-0.38985202,0.17587389,-0.10173958,-0.89818305,-3.1115036,3.035484,0.69354767,-0.04279861,-0.27832142,-0.1646816,0.01520939,0.015232621,0.02586592,3.5573274e-05,1.2589966e-05,7.765106e-05,0.0055901175,0.0056077507,0.0042430363,1,1,12,0
232517043,232516447,83.207375,-65.70594,-6.5247345,-0.33849916,0.16017215,-0.0852803,-0.9233042,-4.042593,2.7664826,0.65123165,-0.8710433,0.045557775,-0.11513143,0.014646558,0.014668464,0.025290228,3.0910513e-05,1.2385443e-05,8.5054846e-05,0.0053514573,0.0053405603,0.0040280214,1,1,12,0
233019522,233018814,81.09538,-64.36913,-6.36187,-0.27086246,0.20677926,-0.07028916,-0.93751556,-4.6330576,2.4630656,0.17872821,-1.3858266,0.20845234,0.23971833,0.014266476,0.014286117,0.024747001,3.423049e-05,1.2455616e-05,8.4247935e-05,0.00524625,0.0052458183,0.0038804067,1,1,12,0
233521738,233521182,78.77422,-63.276222,-6.361637,-0.21855289,0.22386454,-0.08661051,-0.94584244,-4.8603363,1.7979374,-0.1751925,-1.5666292,0.04958835,0.21633461,0.014072052,0.01408983,0.024322852,3.9082675e-05,1.2416877e-05,8.202615e-05,0.005319955,0.005310815,0.0037855739,1,1,12,0
234014393,234013699,76.45126,-62.55666,-6.4352036,-0.1641717,0.24416116,-0.1003818,-0.9504508,-4.8248143,1.0390815,-0.7485947,-1.0627382,0.20751275,0.5803903,0.013827197,0.013843467,0.02388296,4.4753328e-05,1.2231608e-05,7.8419485e-05,0.005300374,0.0052735056,0.0037128378,1,1,12,0
234516676,234516066,74.02571,-62.203636,-6.5338745,-0.09262655,0.23526762,-0.10828885,-0.9614277,-4.9320292,0.20796335,-0.77662706,-0.8932057,0.37752083,0.7444311,0.013777309,0.013792184,0.023606662,4.5345918e-05,1.2037861e-05,7.948181e-05,0.005306638,0.005259752,0.0036794145,1,1,12,0
235018956,235018433,71.49526,-62.293194,-6.5482254,-0.004410154,0.20417461,-0.117515184,-0.97184545,-5.3142915,-0.8588911,-0.7528634,-1.0423231,0.65424776,0.8730325,0.014655877,0.014668656,0.024406068,3.9183284e-05,1.2939974e-05,8.635613e-05,0.0056045637,0.0054990696,0.0037665511,1,1,12,0
235521307,235520800,68.79135,-62.936615,-6.442383,0.12527432,0.19755365,-0.11488151,-0.9654435,-5.605988,-2.195904,-0.5664614,-0.20910658,0.22088727,1.0341694,0.014339552,0.014341177,0.024045955,3.5027537e-05,1.4371562e-05,8.9581474e-05,0.005538162,0.005316256,0.0037455207,1,1,12,0
236023675,236023167,65.96755,-64.29244,-6.2036057,0.26434648,0.17845777,-0.1215479,-0.9399467,-5.611068,-3.872683,-0.19891937,-0.45880413,-0.2001926,0.7636936,0.015084645,0.015056059,0.02477537,3.1212196e-05,1.6768066e-05,9.1374495e-05,0.0060136956,0.005577411,0.003864236,1,1,12,0
236516251,236515684,63.27984,-66.483444,-5.8734436,0.39827698,0.19891207,-0.09227694,-0.89067084,-5.068701,-5.3637004,0.22841449,-0.1483214,-0.59017944,0.38609812,0.014522235,0.014469254,0.024177043,2.765828e-05,1.8059784e-05,9.142624e-05,0.006087035,0.0054678135,0.0038614597,1,1,12,0
237018557,237018051,60.88707,-69.559395,-5.6157,0.52534217,0.21645452,-0.04542142,-0.8216447,-4.0775323,-6.6477413,0.30686513,0.024167335,-0.27580637,0.34138417,0.015228618,0.015122318,0.024934663,2.922704e-05,1.7567332e-05,8.794792e-05,0.006462639,0.00591569,0.0039972914,1,1,12,0
237520941,237520418,59.128876,-73.23956,-5.509941,0.6240729,0.22633395,0.007484312,-0.7478302,-2.8545403,-7.5091486,0.3506805,0.029150402,0.031223683,0.09694346,0.014701397,0.0145982085,0.024405539,3.2331536e-05,1.6325292e-05,8.2000064e-05,0.0060394737,0.006074408,0.0039454154,1,1,12,0
238013728,238012934,58.102783,-77.09676,-5.586212,0.7141902,0.21673135,0.05489839,-0.66328436,-1.5946023,-7.9320955,0.39661717,1.5243392,0.5689141,0.22907954,0.015176635,0.015102047,0.024930017,3.515802e-05,1.559002e-05,7.699041e-05,0.005857887,0.0064000157,0.003970193,1,1,12,0
238515838,238515301,57.7035,-81.035194,-5.7546577,0.7988726,0.18883927,0.105650544,-0.5612312,-0.3295487,-8.020264,0.27733463,1.1193686,0.38757142,0.29413548,0.01562916,0.01563901,0.025535854,3.622802e-05,1.4524771e-05,7.45525e-05,0.0057918727,0.0064729326,0.0039897924,1,1,12,0
239018217,239017667,57.897503,-84.90412,-6.06295,0.8637906,0.16102673,0.16112874,-0.44941497,0.9126768,-7.682593,0.040034864,0.6215627,-0.031434506,-0.047585018,0.01592318,0.016027585,0.025964536,3.8840117e-05,1.4322526e-05,6.978175e-05,0.0058583133,0.006378457,0.003984981,1,1,12,0
239520581,239520033,58.66913,-88.58066,-6.392235,0.902404,0.14304623,0.1645815,-0.37164196,2.1119485,-7.142431,0.059112612,-0.46708724,-0.03402924,0.0028920257,0.015054045,0.01519544,0.025120102,3.7622718e-05,1.3149715e-05,6.909955e-05,0.0055867853,0.0058196126,0.0038744246,1,1,12,0
240023485,240022399,59.96467,-92.0083,-6.6241226,0.93023145,0.11585408,0.16738194,-0.3053368,3.1199796,-6.6078286,0.16285615,-0.54104483,0.14401565,0.01882715,0.014493042,0.014650927,0.024481837,3.271362e-05,1.2123138e-05,7.23153e-05,0.0054068603,0.005462357,0.0038113333,1,1,12,0
240515462,240514915,61.635456,-95.100914,-6.7459946,0.94423467,0.09236879,0.19212362,-0.2509533,3.7449875,-6.0059905,-0.031416222,-1.6638631,-0.12345735,0.22815275,0.014050893,0.014196736,0.02394962,3.208049e-05,1.0806651e-05,7.270492e-05,0.0052430625,0.005218198,0.0037652429,1,1,12,0
241017815,241017281,63.567856,-97.97465,-6.8120346,0.95461744,0.0690158,0.21789679,-0.19095373,4.0109005,-5.536254,-0.3111984,-1.1355331,0.27624673,0.54025173,0.014769574,0.014903263,0.02466018,3.414894e-05,1.0642589e-05,7.095061e-05,0.00548647,0.0053666937,0.0038201837,1,1,12,0
241520238,241519646,65.61622,-100.6219,-6.9499817,0.9623032,0.052272983,0.23575082,-0.1251461,4.1312294,-5.0359645,-0.6944384,-1.1749578,0.48475197,0.5798206,0.014378908,0.0144628985,0.024174318,3.5473215e-05,1.0827433e-05,6.957705e-05,0.005367347,0.0052112476,0.0037452916,1,1,12,0
242022555,242022011,67.69008,-102.98307,-7.1059875,0.95977265,0.047994327,0.2658545,-0.076513454,3.9959655,-4.6197853,-0.9697462,-0.29209232,0.7206325,0.4717783,0.01506754,0.015111721,0.024902219,3.943597e-05,1.1237255e-05,6.642374e-05,0.005541566,0.0054204003,0.0037951444,1,1,12,0
242515028,242514526,69.67126,-105.05159,-7.247364,0.9645163,0.056694806,0.25626957,-0.028635422,3.9442773,-4.0000606,-0.91430455,0.021493278,-0.12598707,0.77685636,0.014473303,0.014489506,0.024238836,3.9896513e-05,1.109903e-05,6.68343e-05,0.0053424127,0.00529829,0.003705442,1,1,12,0
243017474,243016892,71.70492,-106.84537,-7.2888794,0.9707392,0.07317235,0.22494921,0.041342672,4.196903,-3.1990006,-0.5087611,0.011820436,-0.9267265,0.6690235,0.01414392,0.01414342,0.023824539,3.3920103e-05,1.1816876e-05,7.3469266e-05,0.005273361,0.0052322308,0.0036727884,1,1,12,0
243519768,243519257,73.90926,-108.200676,-7.2100563,0.9765276,0.06474416,0.17190553,0.112475015,4.6124277,-2.255113,0.083455645,0.23396222,-1.0400143,0.289019,0.013947728,0.013936337,0.023580503,2.442161e-05,1.2671816e-05,8.3995146e-05,0.0052968473,0.0051779696,0.003675031,1,1,12,0
244012297,244011772,76.32367,-109.05422,-6.963745,0.9725527,0.02577368,0.14402066,0.18092826,5.0062327,-1.3340139,0.7640959,-0.0031345303,-0.36163807,-0.02397045,0.014610578,0.014582682,0.024258625,1.9160945e-05,1.26922005e-05,9.15305e-05,0.005606094,0.0054301633,0.0037717023,1,1,12,0
244514928,244514140,79.06237,-109.48667,-6.6694984,0.96377105,-0.031705774,0.16740729,0.20521925,5.3891606,-0.79075354,0.80247456,0.4901976,-0.0088987695,-0.2740363,0.0142411925,0.014205061,0.023867745,2.178281e-05,1.2070645e-05,9.095687e-05,0.005483117,0.005405487,0.0037262118,1,1,12,0
245017200,245016502,81.92953,-109.7236,-6.601139,0.9633049,-0.0506311,0.17017637,0.2012968,5.561852,-0.5424574,0.45117956,1.4987395,0.5711675,-0.47848463,0.013996249,0.013964978,0.023603361,2.4601262e-05,1.2308956e-05,8.9940484e-05,0.0054813996,0.0055054333,0.003669943,1,1,12,0
245519630,245518867,84.775314,-109.96891,-6.772255,0.94716734,-0.092651814,0.2604854,0.16259454,5.405826,-0.8321913,-0.20291686,1.2316967,0.7337864,0.099054106,0.013873027,0.013858933,0.023386836,3.1341602e-05,1.41613245e-05,8.37363e-05,0.0055243713,0.005536553,0.0036203233,1,1,12,0
246021834,246021232,87.30409,-110.52677,-7.2929726,0.9244789,-0.12005679,0.2979599,0.2052925,4.8158283,-1.2184567,-0.53329355,1.5074136,0.19082561,-0.2040446,0.013790837,0.013798622,0.023195751,4.409401e-05,1.35753335e-05,7.319199e-05,0.0057540783,0.005604547,0.003587801,1,1,12,0
246524137,246523597,89.4839,-111.29079,-7.7795715,0.9129818,-0.10663569,0.3001706,0.25493267,4.2720246,-1.2543322,-0.25758383,-0.2600159,-0.009590443,-0.32051653,0.013778606,0.013792812,0.023114664,4.8509486e-05,1.2711605e-05,7.044413e-05,0.005585063,0.0054223267,0.003597742,1,1,12,0
247016622,247016111,91.3614,-112.0066,-7.995758,0.91137624,-0.050030783,0.28210092,0.29548177,3.8022609,-0.9885394,0.020631548,-0.38979733,0.35856003,0.081457675,0.013657565,0.0136668775,0.022906058,4.4072778e-05,1.2547459e-05,7.619254e-05,0.005144323,0.005082488,0.0035879319,1,1,12,0
247519001,247518476,93.11717,-112.457924,-8.0294,0.8970028,-0.011537179,0.21109523,0.38819042,3.417914,-0.24437228,0.23464368,-1.2958423,-0.30239475,0.36286616,0.01366638,0.013673279,0.022867363,3.073344e-05,1.29070795e-05,9.146135e-05,0.004952879,0.0049825064,0.003598474,1,1,12,0
248021344,248020840,94.81133,-112.353546,-7.734932,0.86006635,-0.02263187,0.16130418,0.48348194,3.3196297,0.9647689,0.5984804,-1.2251208,0.17342491,0.45871702,0.014545153,0.014560373,0.023862304,2.1412265e-05,1.3038362e-05,0.000104049315,0.005106966,0.0051046116,0.0037149906,1,1,12,0
248513891,248513355,96.40198,-111.66682,-7.25375,0.84253997,-0.039937958,0.1437441,0.51756066,3.1545641,2.027929,0.30357942,0.23899646,0.5330624,0.36894983,0.014122706,0.014142775,0.023505675,2.193827e-05,1.3504392e-05,0.00010506386,0.0051658,0.00500821,0.0036988095,1,1,12,0
249016289,249015719,97.87766,-110.52989,-6.7719345,0.8440667,-0.09382447,0.14427295,0.50787187,3.1194637,2.6583388,0.050388217,-0.8431089,0.69002724,0.28855377,0.01484273,0.014863062,0.024333922,2.3528e-05,1.4660424e-05,0.00010428615,0.0055788853,0.005383756,0.003783326,1,1,12,0
249518832,249518084,99.33262,-109.21172,-6.480015,0.8575891,-0.121145226,0.16635707,0.47137046,3.107636,2.5362246,-0.64143956,-0.12303776,0.002639575,0.19920914,0.014438278,0.014451812,0.024007084,3.0212337e-05,1.566472e-05,9.722654e-05,0.005531475,0.0055388026,0.0037080918,1,1,12,0
250021004,250020448,100.847244,-108.00859,-6.4399986,0.8514739,-0.18087195,0.20484956,0.44756478,3.2604127,1.9184371,-0.75606894,0.068847924,0.26019216,0.16685662,0.014172243,0.014190968,0.023689933,3.589046e-05,1.8283366e-05,9.0166184e-05,0.00551732,0.005733857,0.0036331045,1,1,12,0
250523329,250522812,102.423874,-107.24425,-6.562973,0.8452682,-0.20305021,0.24867712,0.42714414,3.0763862,0.83177936,-0.8012863,0.64491713,-0.69027346,0.042393092,0.014020196,0.014061337,0.023448134,4.9182923e-05,1.662814e-05,7.899879e-05,0.005779181,0.005888141,0.0035951019,1,1,12,0
251016125,251015325,103.98933,-106.95938,-6.7052956,0.8354217,-0.26407668,0.24408819,0.41563812,3.0543768,0.13661568,-0.015496955,1.456343,-0.7100755,-0.20976502,0.014735357,0.014803083,0.024183834,5.0990544e-05,1.8295528e-05,7.58694e-05,0.0062433216,0.006114718,0.0036832914,1,1,12,0
251518420,251517689,105.728096,-106.98357,-6.6777573,0.8834082,-0.22129427,0.19776848,0.36263815,3.4827027,-0.15886599,0.66472095,2.3646863,0.09897241,-0.51851374,0.014385782,0.014450856,0.023821456,3.7442667e-05,1.8548308e-05,8.742583e-05,0.0058928058,0.005826102,0.003660007,1,1,12,0
252020630,252020053,107.69333,-107.162964,-6.5676384,0.9127677,-0.1748659,0.17127472,0.32701996,4.076849,-0.29131997,1.0167984,1.9659894,0.05394909,-0.06917214,0.01510324,0.015177408,0.024572922,2.8029743e-05,1.6040165e-05,9.928605e-05,0.0058763307,0.005982281,0.003737434,1,1,12,0
252523001,252522417,109.95091,-107.23146,-6.3910866,0.92596596,-0.10210566,0.14012761,0.33544856,4.5975466,0.262616,1.1091037,1.6841108,0.04804285,-0.30956784,0.014619079,0.014698717,0.024119852,2.1635718e-05,1.3525834e-05,0.00010728385,0.00545138,0.005733926,0.0036748291,1,1,12,0
253015561,253014930,112.3055,-106.912384,-6.283161,0.9148265,0.05754735,0.15148197,0.36991072,4.7103415,1.0136993,0.5993094,1.5112773,-0.69499695,1.4945536,0.014160939,0.014261875,0.023677599,2.3778517e-05,1.6288037e-05,0.0001023158,0.005242327,0.005536538,0.003615519,1,1,12,0
253517834,253517294,114.4736,-105.94049,-6.10392,0.75254655,0.06436487,0.17959228,0.6302995,3.370792,3.107954,0.68205065,-1.3095853,0.17335431,-0.123269886,0.01393114,0.014045659,0.023389438,1.7584349e-05,2.2347429e-05,0.000102272475,0.0053205914,0.005211615,0.0036028929,1,1,12,0
254020247,254019657,115.76371,-104.12523,-5.8804245,0.75713044,0.044275247,0.21488944,0.61531764,1.6241661,4.408305,0.3674883,-0.59624875,-0.22660357,0.39170718,0.014687049,0.014774638,0.024157831,1.9911618e-05,2.5563491e-05,9.4049865e-05,0.006155761,0.0055398457,0.0037772402,1,1,12,0
254512684,254512170,116.22832,-101.81955,-5.6826897,0.65401065,-0.086535305,0.20731404,0.72235906,0.4225968,4.9425035,-0.10473424,-0.3529197,1.0237181,0.89319354,0.01420851,0.014229036,0.023695337,2.238149e-05,1.4690613e-05,9.641247e-05,0.0059550684,0.0055138622,0.0037830265,1,1,12,0
255015049,255014534,116.2197,-99.45308,-5.5847244,0.571216,-0.060102943,0.19467634,0.7951108,-0.7945169,4.7767906,-0.54325694,0.55097705,0.40360567,0.7992263,0.014912592,0.01488485,0.02442275,2.8978337e-05,1.4723567e-05,8.733405e-05,0.0058639077,0.005916594,0.0038411948,1,1,12,0
255517625,255516897,115.684616,-97.3279,-5.4898796,0.93734336,-0.053791504,0.2276892,0.25816977,-0.4218255,3.2267308,-1.264866,5.234059,1.3080194,-5.180081,0.014848851,0.0148401745,0.024192238,3.1596253e-05,1.8549677e-05,8.010066e-05,0.0057526785,0.006378469,0.0057732756,1,1,12,0
256019774,256019261,115.86099,-96.124695,-5.318699,0.9035342,-0.15891857,0.3196331,0.23707692,0.92421436,1.2891579,-0.41921145,-3.1682174,-2.0777829,2.0557933,0.016483197,0.016586361,0.025906084,5.1381274e-05,1.7383198e-05,6.4718624e-05,0.00707822,0.007213729,0.0071698925,1,1,12,0
256522263,256521625,116.43756,-95.401695,-4.9340057,0.61263394,0.11674005,0.15384412,0.7664094,0.59506834,2.3647802,0.91970485,-0.7087745,-0.6594002,1.1270523,0.016332954,0.016455777,0.026383583,1.9769033e-05,1.667706e-05,9.72771e-05,0.0067852507,0.0069433684,0.0064018103,1,1,12,0
257014708,257014139,116.35985,-93.86388,-4.0463867,0.42914274,0.054239903,0.15883616,0.8875053,-1.4875705,3.4093251,2.0443616,0.2961648,-0.20915054,0.16972506,0.0168003,0.016917808,0.027649391,1.3618824e-05,1.8460103e-05,0.00010343982,0.0061154785,0.0062754443,0.0058182073,1,1,12,0
257517040,257516502,114.82435,-91.77881,-2.912571,0.35041973,0.0014851413,0.17801669,0.9195183,-3.981685,3.6713176,1.920648,0.12828018,0.6837367,0.11382341,0.015616376,0.015694236,0.027053688,1.4782747e-05,1.8017468e-05,0.00010275244,0.005602748,0.0061249407,0.0052014966,1,1,12,0
258019488,258018866,112.1937,-89.95577,-2.1369896,0.27223283,-0.11502434,0.12201449,0.947508,-5.567486,2.963715,1.034762,1.1347424,0.8467092,-0.100486085,0.015923243,0.016003363,0.027767554,2.3556235e-05,1.4726115e-05,9.6552314e-05,0.005899606,0.006534962,0.0049405466,1,1,12,0
258522035,258521230,109.07963,-88.63681,-1.8430061,0.28625357,-0.1927363,0.09689547,0.93355393,-6.0465956,2.1285834,0.22551045,-0.0077375984,0.4439954,-0.32620022,0.015060077,0.015136483,0.026791219,3.62636e-05,1.1188069e-05,8.6314314e-05,0.005969973,0.006173548,0.006328421,1,1,12,0
259014252,259013744,106.17048,-87.70991,-1.9114571,0.22825949,-0.25047868,0.04519931,0.9397421,-5.6921215,1.7192576,-0.029454255,-0.28938925,-0.119007245,-0.08886541,0.015454107,0.015527606,0.027292514,4.873524e-05,1.2058156e-05,7.475011e-05,0.005955636,0.005958102,0.0056883264,1,1,12,0
259516658,259516108,103.475296,-86.95172,-1.9448509,0.20804939,-0.2775138,0.03264454,0.9373559,-5.2672257,1.3441545,0.012732822,-0.65737176,-0.012163383,-0.16333024,0.014794432,0.014838137,0.026456201,5.351461e-05,1.2320763e-05,7.033873e-05,0.0054829847,0.005664978,0.005026438,1,1,12,0
260019001,260018472,100.95923,-86.26945,-1.8992386,0.14041282,-0.19918746,0.015127188,0.9697318,-5.148596,1.2636744,0.121559046,-0.70310116,-0.14052421,0.24419646,0.014348065,0.014373415,0.02586499,4.455233e-05,1.1732105e-05,7.967073e-05,0.0054067336,0.0055781333,0.005740425,1,1,12,0
260521549,260520836,98.31882,-85.62958,-1.7389183,0.1207883,-0.21030372,0.040064685,0.96931803,-5.404469,0.90750384,0.030503822,-1.0199039,-0.018045297,-0.08060494,0.014079421,0.014107992,0.025552817,3.8533803e-05,1.1790781e-05,8.577085e-05,0.0050726654,0.0052415156,0.005097032,1,1,12,0
261023708,261023199,95.55927,-85.21406,-1.534729,0.16971546,-0.21785031,0.031154338,0.9606078,-5.456402,0.71077836,-0.16458985,-0.31352893,-0.09065715,0.05828977,0.013886607,0.013928263,0.025234895,3.765213e-05,1.2454672e-05,8.701326e-05,0.0049737985,0.0051444904,0.0046376465,1,1,12,0
261516250,261515712,92.83113,-84.8175,-1.3790131,0.13865623,-0.20978308,-0.0012132038,0.9678657,-5.419917,1.0372154,-0.54258525,0.59079534,0.56486607,0.55756956,0.013683799,0.013741288,0.024811864,3.290088e-05,1.4330653e-05,9.086187e-05,0.0049523995,0.0051453947,0.004286064,1,1,12,0
262018585,262018077,90.093994,-84.301216,-1.350483,0.123461224,-0.2312803,-0.008247883,0.9649864,-5.349967,1.078563,-0.7749382,-0.7319796,0.6010542,0.37710837,0.014506443,0.014598462,0.025703665,3.7197296e-05,1.3760501e-05,8.855094e-05,0.0053487425,0.0055414224,0.0041665863,1,1,12,0
262520943,262520439,87.422775,-83.75136,-1.3394051,0.1592901,-0.23301528,-0.017080437,0.9591866,-5.1337857,1.2735033,-0.6633189,0.0054522,0.32836652,-0.012055893,0.014205164,0.014301672,0.025124492,3.8059345e-05,1.4365987e-05,8.731932e-05,0.0053423103,0.0055237105,0.00395016,1,1,12,0
263013462,263012952,84.875946,-83.120605,-1.2324944,0.2173245,-0.29577073,0.02046534,0.92998445,-4.5197983,1.4528457,-0.4033329,0.9100103,-0.5583801,0.2989477,0.014827057,0.014938751,0.025625713,4.2572483e-05,1.5266334e-05,8.2737184e-05,0.0056656874,0.0058038803,0.0039040768,1,1,12,0
263515821,263515315,82.54356,-82.445724,-1.0918503,0.1561537,-0.30634722,0.109988615,0.9325609,-4.0840497,1.032548,-0.09082004,0.5186395,-0.86479855,0.23014702,0.014420486,0.014524418,0.024987794,4.8164526e-05,1.2767058e-05,7.90695e-05,0.0056154104,0.0058520273,0.0037839573,1,1,12,0
264018258,264017678,80.32206,-82.08382,-0.9610214,0.033448614,-0.22014214,0.1787954,0.9583584,-4.465765,0.07220544,0.5349823,-0.23663697,-0.20647374,0.29068834,0.014134959,0.014236207,0.024417229,3.611516e-05,1.9948619e-05,8.4112e-05,0.005538991,0.005654242,0.0037031907,1,1,12,0
264520585,264520041,77.794975,-82.36529,-0.58086777,-0.15179385,-0.1349005,0.1663341,0.9649319,-5.3309402,-1.3914075,1.4205697,1.1017753,0.42073607,0.620222,0.013956677,0.01404057,0.023982488,1.9823181e-05,2.43596e-05,9.721072e-05,0.0054787598,0.0052630585,0.003686319,1,1,12,0
265013128,265012554,74.98668,-83.62305,0.015743256,-0.28960505,-0.13745224,0.11993349,0.93960196,-5.8866916,-3.6588795,1.9854455,0.4002622,0.58711207,0.20757881,0.01461349,0.014657503,0.024597807,1.628948e-05,2.4723371e-05,9.978418e-05,0.0059596403,0.0052639907,0.00382231,1,1,12,0
265515467,265514917,72.129005,-86.01472,0.6708412,-0.38839334,-0.19991224,0.075449996,0.8963777,-5.4482927,-5.6400533,1.5872864,-0.8698894,0.36021098,0.11962449,0.014274333,0.014247481,0.024114322,2.3555725e-05,1.8583445e-05,9.3327064e-05,0.006205615,0.005124529,0.0038583765,1,1,12,0
266018134,266017280,69.753914,-89.16512,0.99684906,-0.50647897,-0.2532874,0.054149635,0.8224308,-4.201731,-6.9567056,0.9034623,0.0620075,0.16467345,0.5951532,0.01506756,0.014931924,0.02484644,3.215235e-05,1.9164723e-05,7.9741345e-05,0.0067874324,0.0055516344,0.0055218437,1,1,12,0
266520268,266519643,68.1212,-92.824615,1.0813065,-0.65663016,-0.2542414,0.03746747,0.7090799,-2.3613853,-7.9029613,0.733557,-0.50178164,0.34729826,0.5625551,0.014635996,0.014477938,0.024534069,3.116936e-05,2.1150745e-05,7.375671e-05,0.0060544666,0.0055827266,0.0051114396,1,1,12,0
267022521,267022006,67.46174,-96.760994,1.1262817,-0.7792136,-0.2886645,0.021662163,0.5559043,0.062022142,-8.024484,0.40210488,0.041979,-0.12751612,0.8344903,0.0153354015,0.015172715,0.025582984,3.412257e-05,2.5213802e-05,6.2624465e-05,0.005829199,0.0061770147,0.004996906,1,1,12,0
267515023,267514519,68.00503,-100.58853,1.1728745,-0.87326235,-0.27806237,-0.0050210077,0.4000864,2.6739924,-7.378426,0.29108256,-0.05618829,0.6529838,0.9809893,0.014645683,0.0145912925,0.025088355,2.5183333e-05,2.8542132e-05,6.2258485e-05,0.005232856,0.0064444575,0.004768177,1,1,12,0
268017632,268016882,69.69627,-103.963104,1.3355751,-0.93398124,-0.25711647,-0.06650222,0.23905583,4.6562047,-5.7566886,-0.039861713,0.31829712,0.7516204,1.088228,0.015167261,0.015299742,0.02595643,2.5348714e-05,2.788823e-05,5.620537e-05,0.0054850467,0.006921988,0.0047753653,1,1,12,0
268519749,268519245,72.25107,-106.436066,1.4605522,-0.96575403,-0.21964079,-0.1237151,0.061413817,5.870549,-3.571377,-0.1965653,-0.3807614,0.99721634,0.71459687,0.014554711,0.014788943,0.025459113,2.203705e-05,2.4714309e-05,5.5075052e-05,0.005853961,0.00631955,0.0046088444,1,1,12,0
269022138,269021609,75.20368,-107.85512,1.529007,-0.9657565,-0.16258591,-0.18320228,-0.08554058,5.9024873,-1.5802238,-0.5694364,-0.3335432,0.48304123,0.8556905,0.015142236,0.015443748,0.026178418,2.6351447e-05,2.0602189e-05,4.882564e-05,0.006855284,0.005995924,0.0045760185,1,1,12,0
269514663,269514122,78.024155,-108.339905,1.5464668,-0.9236372,-0.13223644,-0.21644455,-0.28733212,5.220312,-0.029279001,-0.5038068,-0.3002049,-0.56232274,0.7074668,0.0145153105,0.014686844,0.02533429,2.4990446e-05,1.8773873e-05,4.6153007e-05,0.0067456053,0.0054302323,0.0043153474,1,1,12,0
270017009,270016485,80.52244,-107.987785,1.5818024,-0.85939157,-0.09185954,-0.2586786,-0.43138546,4.10092,1.4108338,-0.14216591,-0.33877805,-0.5535834,0.24234776,0.015215269,0.015215262,0.025984751,2.1979908e-05,2.0433983e-05,4.4311255e-05,0.0069122855,0.0056368695,0.0042987284,1,1,12,0
270519384,270518848,82.29323,-106.834236,1.6197243,-0.7927515,-0.05057067,-0.24129699,-0.55746174,2.842558,2.6260245,0.324545,-0.49649757,-0.0872949,0.23102534,0.014713263,0.014590023,0.025234897,1.899471e-05,1.8856143e-05,4.522691e-05,0.0063440655,0.005689788,0.0041612606,1,1,12,0
271021731,271021211,83.30541,-105.15955,1.6441498,-0.6766863,-0.028656652,-0.2499755,-0.69194424,1.3206215,3.4775684,0.43341446,0.061254665,0.427875,0.53967345,0.0153566385,0.015127983,0.025788996,1.7412533e-05,1.8300643e-05,4.5562225e-05,0.0061389618,0.006155733,0.0041904766,1,1,12,0
271524346,271523574,83.3879,-103.16941,1.6593399,-0.53088194,0.0021782087,-0.2243526,-0.8172059,-0.5908926,4.0244527,0.6727991,0.5481627,0.6140049,0.7540032,0.014763072,0.014575268,0.025103122,1.5725427e-05,1.9000954e-05,4.410072e-05,0.0054956684,0.006218552,0.0040924503,1,1,12,0
272016833,272016087,82.40104,-101.183784,1.6707115,-0.3855146,0.009357915,-0.2768238,-0.88014746,-2.8202684,3.7274425,0.55614793,0.83764327,-0.0033341954,0.34976974,0.014254066,0.014157708,0.024436457,1.5753909e-05,2.1040967e-05,4.0071915e-05,0.0050398293,0.0060948804,0.004010779,1,1,12,0
272519064,272518450,80.19838,-99.74533,1.7124252,-0.13518856,0.118487395,-0.31365463,-0.93236566,-5.114473,1.9240602,0.3462761,1.1077895,0.5169309,1.0399654,0.013952115,0.013997436,0.024042392,1.673979e-05,2.5094969e-05,3.3249944e-05,0.00491917,0.006058459,0.004020366,1,1,12,0
273021340,273020813,77.10351,-99.60844,1.921917,0.08244945,0.07257303,-0.326441,-0.9388139,-6.7019305,-1.019487,1.4719429,0.027906638,0.5531952,0.31812462,0.013726676,0.013914515,0.023801425,1.1456325e-05,3.293386e-05,2.8239887e-05,0.005296634,0.0057483073,0.0040916204,1,1,12,0
273513839,273513326,73.56361,-101.10385,2.4556427,0.29553068,0.13847086,-0.19411542,-0.9250983,-6.905458,-4.2362266,1.3154452,0.22780202,0.6693996,0.8122321,0.01350177,0.013739846,0.023512302,1.2831904e-05,2.24302e-05,3.432095e-05,0.0060029216,0.005227569,0.004214995,1,1,12,0
274016394,274015689,70.28963,-103.9692,2.7581825,0.3935286,0.19904725,-0.058938798,-0.89556783,-5.630709,-6.373579,0.34563795,-0.16603044,0.5565906,-0.3285373,0.014389015,0.014550265,0.024461403,1.4232911e-05,1.629318e-05,3.719556e-05,0.006966171,0.0053421613,0.004373618,1,1,12,0
274518568,274518052,67.61684,-107.53837,2.6270943,0.43855435,0.26293612,0.0710251,-0.85644037,-4.6357303,-6.8787627,-1.1256622,-0.736212,0.035252918,0.13096549,0.014203516,0.014185695,0.02421585,2.1463175e-05,1.059903e-05,3.3905988e-05,0.0063321767,0.005407049,0.0041600033,1,1,12,0
275020930,275020415,65.51509,-111.00111,2.0104027,0.5273345,0.31412077,0.09377647,-0.7838702,-3.32001,-6.7372303,-1.8984959,-0.39300784,0.3181531,0.820554,0.015041225,0.01488341,0.025034167,2.7267955e-05,1.1135039e-05,2.8183553e-05,0.0059422185,0.005763724,0.004051894,1,1,12,0
275513498,275512927,64.04434,-114.30648,1.3334236,0.6053762,0.29018652,0.092406556,-0.7353724,-2.2786727,-6.85678,-1.235822,-0.6861063,-0.20944916,0.9276353,0.014488355,0.014341649,0.024410868,2.5427435e-05,1.1854102e-05,2.9748182e-05,0.005282488,0.0054546855,0.003893677,1,1,12,0
276015803,276015290,63.065666,-117.79824,0.8357277,0.7248887,0.23291393,0.10822111,-0.6391993,-1.263899,-7.448401,-0.37816083,-0.42861235,-0.04870162,0.62223256,0.014146308,0.014039519,0.024054678,2.1725451e-05,1.2139185e-05,3.433127e-05,0.0048962478,0.0052142334,0.0038238512,1,1,12,0
276518165,276517654,62.697113,-121.44522,0.41968918,0.80676305,0.21041918,0.09481488,-0.5439368,0.096515715,-7.6070805,-0.03174761,0.56216353,0.104149945,0.2654613,0.0139224185,0.013870405,0.023758596,1.8602577e-05,1.3780042e-05,3.730913e-05,0.0048492383,0.0053310497,0.0037915502,1,1,12,0
277021215,277020015,63.11214,-125.13578,0.06297684,0.8557222,0.20137504,0.10813729,-0.46421334,1.4686009,-7.234587,-0.36579892,0.9619378,0.31420502,0.11915572,0.014643855,0.014674065,0.024566874,1.6947284e-05,1.3505129e-05,4.076815e-05,0.0052290093,0.005933706,0.0039094505,1,1,12,0
277522957,277522377,64.236755,-128.65108,-0.3953514,0.8818718,0.18023233,0.15658398,-0.40657076,2.717071,-6.70193,-1.3793228,-0.7847722,-0.35705608,0.021751812,0.014257775,0.014355663,0.024161236,1.8960478e-05,1.2326589e-05,4.0696134e-05,0.0052287276,0.005892695,0.0038641242,1,1,12,0
278015430,278014890,65.79086,-131.80171,-0.972023,0.90963393,0.15524271,0.21256964,-0.32137212,3.4460752,-6.0608077,-1.8252122,-0.5538283,0.6702034,0.8631201,0.014814703,0.01499553,0.024824075,2.1722219e-05,1.1768438e-05,3.996358e-05,0.0054137143,0.005862903,0.00389349,1,1,12,0
278517834,278517252,67.62328,-134.60545,-1.650322,0.93432075,0.15791132,0.23381117,-0.21781,3.8271034,-5.118146,-1.4957609,-0.2322907,0.14636917,0.7798806,0.014368625,0.014550969,0.02432563,2.3635486e-05,1.1837563e-05,3.9092243e-05,0.005223566,0.0054438785,0.0038086858,1,1,12,0
279020206,279019615,69.667274,-136.9059,-2.168747,0.9537946,0.14017284,0.24216762,-0.10946406,4.3538013,-4.226639,-0.7590745,-0.14880364,-0.22034152,0.48768863,0.014047047,0.014209411,0.023916539,2.4284907e-05,1.2407139e-05,3.9358918e-05,0.005091632,0.0051269564,0.0037558747,1,1,12,0
279512867,279512127,71.86079,-138.63737,-2.5550423,0.9696406,0.07693712,0.22405869,0.06062579,4.823376,-3.0608137,-0.3167983,-0.6186787,0.13775325,0.15665437,0.013778844,0.013908228,0.023564009,2.215101e-05,1.2832023e-05,4.2633277e-05,0.0051228157,0.005001634,0.0037259753,1,1,12,0
280015035,280014489,74.28561,-139.76619,-2.8081398,0.9590106,0.05333965,0.2292059,0.15785505,4.8931136,-1.7837943,-0.15123865,1.0919316,0.5333684,0.123045325,0.013663357,0.013752723,0.023344332,2.1392134e-05,1.2601206e-05,4.5099987e-05,0.0053275013,0.005096486,0.0037411903,1,1,12,0
280517421,280516852,76.83094,-140.28174,-2.950325,0.9383311,0.041101445,0.25657636,0.22806591,4.792589,-0.7068998,-0.7857853,-0.4869062,-0.5074333,-0.036690775,0.0136232,0.013668291,0.02321,2.3752767e-05,1.1722292e-05,4.5060766e-05,0.0054313606,0.0051836693,0.0037515652,1,1,12,0
281019725,281019214,79.260376,-140.27081,-3.1476517,0.91160923,-0.0071828323,0.23015475,0.34050837,4.7608213,0.5233772,-1.1649354,-0.70074797,0.34057322,0.7791925,0.013609981,0.0136144115,0.023150712,2.3798873e-05,1.1853933e-05,4.649009e-05,0.005344477,0.005118581,0.0037428716,1,1,12,0
281522144,281521576,81.541756,-139.79968,-3.331852,0.8614544,-0.022100518,0.23060575,0.45191675,4.2566466,1.5163578,-0.90876305,-1.0631528,0.33425677,0.23390323,0.013633009,0.013603944,0.023096295,2.4299208e-05,1.1351198e-05,4.822392e-05,0.0052181925,0.0049992492,0.0037481086,1,1,12,0
282024480,282023938,83.44435,-138.80049,-3.533764,0.8534783,-0.052385624,0.22227995,0.46842515,3.6224027,2.3919904,-0.5510055,-1.0313748,-0.45496237,0.33447084,0.013646086,0.013591953,0.023056379,2.461492e-05,1.143072e-05,4.9630813e-05,0.0051629595,0.0050151115,0.0037401828,1,1,12,0
282517082,282516449,84.951164,-137.50851,-3.8448982,0.80656624,-0.10225891,0.20826617,0.543709,2.9666708,2.8735225,-0.57257193,-0.77105725,-0.15071365,-0.077568404,0.013576674,0.013514615,0.022964038,2.5283613e-05,1.1364005e-05,5.1075298e-05,0.0051260055,0.005114065,0.0037015579,1,1,12,0
283019331,283018811,86.15797,-136.0698,-4.2274246,0.8134485,-0.12130237,0.2051484,0.5305671,2.2425272,2.931788,-0.56806564,0.7392388,0.81659997,-0.2966734,0.0135987885,0.013545652,0.022947809,2.5208088e-05,1.1321365e-05,5.3464508e-05,0.0052668722,0.005349865,0.0036809987,1,1,12,0
283521733,283521173,87.11205,-134.69394,-4.6651344,0.7822262,-0.14296871,0.24395145,0.55513054,1.7304742,2.3327165,-1.4459705,0.04967434,-0.5220773,-0.14410272,0.013580159,0.013547528,0.022912523,3.2288604e-05,1.1690835e-05,4.855627e-05,0.0054195076,0.0054691224,0.0036393944,1,1,12,0
284014220,284013684,87.87291,-133.53896,-5.0783157,0.75203925,-0.15389717,0.23483536,0.59632623,1.3631785,2.3913913,-1.4214607,-0.112773724,0.14684549,0.4787513,0.014347084,0.014340248,0.023777205,3.2896296e-05,1.1876406e-05,5.0604875e-05,0.005504475,0.005519562,0.0037042645,1,1,12,0
284516665,284516046,88.46398,-132.397,-5.3545227,0.6849551,-0.1381227,0.23375982,0.6761029,0.6677794,2.3455985,-1.2642653,0.7021509,0.16380692,0.7991767,0.014061949,0.014069582,0.023526516,3.276295e-05,1.204282e-05,5.3111824e-05,0.005144136,0.005170393,0.0036630065,1,1,12,0
285018933,285018408,88.64343,-131.10843,-5.5533257,0.6427659,-0.12163919,0.16270742,0.7386354,-0.11125894,2.9165142,-0.43180615,-0.8922974,-0.7181056,0.4859122,0.014770204,0.014790664,0.024333395,2.5838202e-05,1.2402916e-05,6.2792424e-05,0.0052067293,0.005291121,0.003745193,1,1,12,0
285521282,285520769,88.43158,-129.49168,-5.620594,0.54600984,-0.15568037,0.11788848,0.814702,-0.9067037,3.6418383,-0.014463471,-0.53205675,0.057482973,0.13730794,0.014306775,0.014333338,0.023960723,2.4675503e-05,1.2474155e-05,6.675263e-05,0.0050338325,0.00512837,0.00369501,1,1,12,0
286013835,286013280,87.85932,-127.74365,-5.703621,0.5380526,-0.20934926,0.08465266,0.81209993,-1.4995385,3.714276,0.0018929701,1.9430645,0.24135596,-0.55290586,0.014787011,0.014826285,0.024550129,2.7474216e-05,1.2952396e-05,6.6457156e-05,0.005349116,0.005674993,0.0053871744,1,1,12,0
286516155,286515641,87.08847,-125.926674,-5.8852577,0.591982,-0.22403926,0.07370561,0.7706693,-1.1845759,3.5754323,-0.6928523,-0.6765304,0.12100258,-0.36597407,0.014283587,0.014326305,0.02423688,2.7143493e-05,1.4898621e-05,6.756022e-05,0.0054981466,0.005653329,0.004901315,1,1,12,0
287018600,287018002,86.628174,-124.058334,-6.1932335,0.5955151,-0.23775963,0.08085024,0.76308286,-0.3050772,3.7769446,-1.252531,0.08315945,0.19708757,-0.23882847,0.014877482,0.014928434,0.025206817,3.1239313e-05,1.7790237e-05,6.358333e-05,0.0056635896,0.0058769505,0.0046565994,1,1,12,0
287521063,287520364,86.52444,-122.15792,-6.4192505,0.6367543,-0.22276674,0.10364461,0.730874,0.22966047,3.8028452,-1.0638735,1.1084039,0.37991896,0.047071517,0.014364767,0.01441143,0.024810603,2.9441047e-05,1.7471331e-05,6.707873e-05,0.005248781,0.005513277,0.0043243896,1,1,12,0
288023246,288022726,86.65774,-120.25858,-6.58556,0.68314224,-0.21801351,0.0974988,0.690131,0.6264273,3.869721,-0.36886463,-1.2997828,-0.7336711,-0.08741394,0.014977752,0.01504301,0.025609853,2.6847063e-05,1.7192706e-05,7.205553e-05,0.0053904415,0.005729543,0.0042097657,1,1,12,0
288515752,288515237,87.12878,-118.383804,-6.7728615,0.6872448,-0.20911682,0.099497154,0.68852395,1.1846867,3.9114525,-0.21117026,-0.33861378,-0.55528605,-0.079817794,0.014371471,0.014443691,0.024960162,2.658835e-05,1.5517426e-05,7.419752e-05,0.0052685076,0.00570419,0.003993283,1,1,12,0
289018150,289017599,87.79294,-116.497795,-6.969635,0.7360575,-0.19339201,0.12731807,0.63608885,1.4652232,3.6913412,-0.07602533,0.8070858,0.53564614,-0.3508132,0.015006012,0.0151166,0.025609655,2.7716445e-05,1.4522763e-05,7.54152e-05,0.005667528,0.006028238,0.0039533577,1,1,12,0
289520658,289519960,88.63257,-114.71325,-7.2025986,0.7585139,-0.16441616,0.15540488,0.61112475,1.8008523,3.258851,-0.5422634,-0.16369985,-0.10943718,-0.1768353,0.014476732,0.0145863285,0.024912689,2.7994976e-05,1.4087678e-05,7.576868e-05,0.005700609,0.005994582,0.003806151,1,1,12,0
290013357,290012472,89.60894,-113.06104,-7.53582,0.73594195,-0.16248772,0.16645655,0.63582975,1.9391488,3.2591398,-1.0584986,0.07450539,0.16686828,-0.082294874,0.01499622,0.0151220765,0.025386142,2.9752784e-05,1.4209041e-05,7.54672e-05,0.0059223957,0.0061149015,0.0037982992,1,1,12,0
290515349,290514834,90.64965,-111.41291,-7.8675613,0.75738025,-0.17130853,0.16464992,0.60820985,2.0395458,3.2055783,-1.0325869,0.90942675,0.4467068,0.13767263,0.014488875,0.01459257,0.024671612,2.9354387e-05,1.4119033e-05,7.7318924e-05,0.0054790433,0.005553782,0.003685879,1,1,12,0
291017769,291017196,91.71609,-109.75526,-8.079205,0.75603753,-0.18198003,0.16014315,0.6079842,2.1102161,3.2604704,-0.2255409,-1.1453748,-0.6052218,0.08734767,0.01511848,0.015213496,0.025195347,2.8194368e-05,1.4423985e-05,8.082964e-05,0.00554128,0.0056035034,0.0037205815,1,1,12,0
291520320,291519558,92.9049,-108.124596,-8.232056,0.7628627,-0.17492162,0.14340737,0.605704,2.2903445,3.3180265,0.13144147,-0.46617222,-0.35681915,-0.112773165,0.0145898,0.01466411,0.02450541,2.7448215e-05,1.4206199e-05,8.308597e-05,0.0053518894,0.0054029506,0.0036472855,1,1,12,0
292022455,292021919,94.18121,-106.5228,-8.38847,0.76439893,-0.15834396,0.1377435,0.6096297,2.449423,3.2719915,0.26933002,1.4040004,-0.053541794,-0.23880059,0.015213636,0.015282811,0.025094675,2.696148e-05,1.4467067e-05,8.5610154e-05,0.0056920485,0.005744943,0.0037028466,1,1,12,0
292515035,292514431,95.50307,-104.92364,-8.562656,0.7754146,-0.14262718,0.16157521,0.59353447,2.5377095,3.114862,0.21768756,1.0661719,0.25102445,0.051897597,0.01455102,0.014604167,0.024313737,2.8044737e-05,1.4171586e-05,8.621702e-05,0.0055721933,0.0056239977,0.0036259461,1,1,12,0
293017392,293016793,96.86282,-103.33696,-8.786118,0.78029865,-0.103922285,0.18492258,0.5883349,2.4204652,2.978983,-0.17154674,0.23733412,-0.16962898,-0.32847583,0.015170533,0.015221879,0.024871184,2.711022e-05,1.4769169e-05,8.871971e-05,0.0059200875,0.0059742285,0.0036822415,1,1,12,0
293519718,293519155,98.095894,-101.67493,-9.131138,0.7699789,-0.07515642,0.19599879,0.60255176,1.9678029,3.3125026,-0.74818754,-0.43327725,-0.124663934,-0.30495363,0.014640399,0.014680812,0.024300823,2.6074065e-05,1.5997275e-05,8.98844e-05,0.0058104894,0.0058726612,0.0036283508,1,1,12,0
294022070,294021517,99.07313,-99.9226,-9.6497345,0.7026001,-0.080791436,0.18699476,0.68180555,1.3618108,3.533921,-1.5386091,-0.75435543,0.39323303,0.7909757,0.015277787,0.015314525,0.02487946,2.7984848e-05,1.5523905e-05,9.012271e-05,0.006032197,0.00613783,0.0036933015,1,1,12,0
294514600,294514028,99.71596,-98.109436,-10.259392,0.65322524,-0.12822728,0.17389145,0.72568345,0.59857094,3.6179907,-1.4338251,-1.116281,0.83211,0.28751883,0.014623025,0.014652447,0.024160173,2.6275631e-05,1.4725391e-05,9.275189e-05,0.0055995365,0.005797245,0.0036438247,1,1,12,0
295016908,295016390,99.998436,-96.24066,-10.811733,0.6321455,-0.17805219,0.15449566,0.7381196,0.35397074,3.49897,-1.1632776,-0.31753278,0.16766407,0.60163474,0.015244386,0.015278766,0.024805015,2.994927e-05,1.33943695e-05,9.1397604e-05,0.005631501,0.0058239237,0.0037167014,1,1,12,0
295519299,295518752,100.13961,-94.4385,-11.346535,0.6041687,-0.19157243,0.13382344,0.7618212,0.17574683,3.4581115,-0.7988214,-0.9628496,-0.3030073,0.27846125,0.014658883,0.014692877,0.024210965,3.041419e-05,1.3725843e-05,9.151535e-05,0.005296654,0.00539948,0.003651399,1,1,12,0
296021842,296021113,100.16613,-92.730865,-11.786503,0.5977602,-0.18604521,0.12457382,0.76977354,-0.0104104495,3.407023,-0.57508296,-1.417508,-0.42808655,0.08336014,0.015226997,0.015266325,0.02480169,3.0071797e-05,1.39974445e-05,9.343324e-05,0.0054268204,0.005471681,0.0037029737,1,1,12,0
296514181,296513625,100.123055,-91.119484,-12.259068,0.59490186,-0.17777053,0.10997093,0.7761416,-0.16884775,3.3215368,-0.5901916,-1.3128207,-0.36247194,0.0496707,0.014538222,0.014569801,0.024140682,2.9047467e-05,1.4001912e-05,9.660897e-05,0.0052190525,0.0052359607,0.0036309469,1,1,12,0
297016503,297015986,100.00344,-89.47535,-12.653679,0.58852357,-0.1794608,0.110535964,0.78052264,-0.35341173,3.3826995,-0.3844573,-1.2708473,-0.40340215,0.10234742,0.015129248,0.015160037,0.024744863,2.9377155e-05,1.3958396e-05,9.895981e-05,0.0053578154,0.005364574,0.0036887333,1,1,12,0
297519125,297518348,99.80818,-87.796814,-13.005177,0.5830838,-0.18052107,0.104448326,0.7851853,-0.49218798,3.440235,-0.32005575,-1.0653783,-0.25060692,0.10135292,0.014566708,0.014591201,0.024162754,3.0054372e-05,1.39335725e-05,0.0001003729,0.005182419,0.005189022,0.0036297324,1,1,12,0
298021421,298020709,99.52412,-86.105865,-13.339474,0.57390714,-0.15078759,0.12072445,0.7958136,-0.7464422,3.5123148,-0.36500558,-0.975284,-0.40768042,0.22073722,0.01514001,0.015164887,0.024802629,2.9667739e-05,1.3497744e-05,0.000103301376,0.005374674,0.0053903055,0.003688634,1,1,12,0
298523646,298523070,99.05627,-84.418846,-13.749252,0.5448469,-0.15306258,0.11696188,0.8161089,-1.2244532,3.415542,-0.48972887,-1.5837798,-0.35131454,0.14060992,0.014584151,0.014606269,0.024215635,2.7866718e-05,1.29210675e-05,0.00010755525,0.005232979,0.005241882,0.00363397,1,1,12,0
299016099,299015581,98.40543,-82.80016,-14.128616,0.5203642,-0.16574952,0.1224375,0.82870823,-1.5113428,3.2514002,-0.9236946,-0.938409,0.20263764,0.29624927,0.015066927,0.015091455,0.024694907,3.1538602e-05,1.3505474e-05,0.00010562438,0.0053867945,0.005399511,0.00368485,1,1,12,0
299518641,299517942,97.59161,-81.16524,-14.481922,0.49883008,-0.15594207,0.111753225,0.8451993,-1.8334264,3.2568693,-0.89621115,0.17268479,0.5573715,0.46128055,0.014535109,0.014558263,0.024174672,3.0891548e-05,1.3431454e-05,0.00010826448,0.005216847,0.005233558,0.0036349052,1,1,12,0
300020829,300020303,96.622925,-79.54459,-14.754414,0.49562925,-0.15455177,0.11019193,0.8475394,-2.2042656,3.1552122,-0.9900018,-0.6156004,0.6113635,0.12671483,0.015181759,0.015208153,0.024814285,3.215443e-05,1.347799e-05,0.00010952571,0.00547175,0.00549413,0.0037037083,1,1,12,0
300513330,300512813,95.55181,-78.01111,-14.955627,0.5023516,-0.17049764,0.09927259,0.8418542,-2.2015288,2.9766438,-0.8723487,-0.172824,-0.041140676,0.17364319,0.014551752,0.014576473,0.024146315,3.544891e-05,1.3384597e-05,0.00010812177,0.005363954,0.0053916634,0.003635261,1,1,12,0
301015719,301015174,94.43195,-76.52189,-15.140141,0.48630518,-0.15675944,0.11020238,0.85251933,-2.2749171,2.7215793,-0.54301125,0.15235938,-0.52707404,-0.13646224,0.0151753845,0.015205805,0.024819862,3.563862e-05,1.3165177e-05,0.000110552406,0.0056916783,0.0057443823,0.0036951255,1,1,12,0
301518109,301517535,93.220345,-75.08959,-15.292183,0.46711794,-0.15139957,0.1073032,0.8645028,-2.5187469,2.5917397,0.08433895,0.2692176,-0.3482982,-0.121335834,0.014630523,0.014660886,0.024251949,3.1279877e-05,1.2923413e-05,0.00011680505,0.0055161626,0.0055671935,0.003638834,1,1,12,0
302020473,302019896,91.86726,-73.68414,-15.356457,0.43997452,-0.14395382,0.09831029,0.8809284,-2.9302166,2.6822252,0.58771574,0.95372856,0.15313053,0.119201384,0.015241358,0.015278235,0.024872344,2.9253537e-05,1.3074903e-05,0.000121068435,0.0056587416,0.0057083303,0.0037005348,1,1,12,0
302522830,302522256,90.33892,-72.33013,-15.332352,0.38992923,-0.15499815,0.07701382,0.90443337,-3.377612,2.5714636,0.62744784,-0.37040502,-0.3125282,0.121763445,0.014688957,0.014723142,0.024300488,3.211568e-05,1.29446735e-05,0.000120129655,0.0052735545,0.0053118374,0.003644138,1,1,12,0
303015593,303014766,88.673706,-71.107,-15.144634,0.36027822,-0.13622618,0.09416766,0.9180275,-3.811418,2.392384,0.10747736,-0.45141226,0.47099754,0.42696747,0.0142021505,0.014234209,0.023780365,3.0452362e-05,1.3151895e-05,0.0001232474,0.0050044083,0.0050321626,0.0036041886,1,1,12,0
303517676,303517127,86.679214,-69.98721,-14.874741,0.3341486,-0.12027034,0.08752742,0.93070877,-4.414408,2.184015,-0.15893927,-0.28449324,0.32135588,0.32765207,0.013985946,0.01401621,0.023467654,2.9215322e-05,1.2785985e-05,0.00012672089,0.0051223496,0.0051605725,0.0035966274,1,1,12,0
304020131,304019487,84.41787,-69.00762,-14.702629,0.30215657,-0.15034549,0.08442201,0.93753433,-4.485012,1.680598,0.20285067,0.4995573,-0.43283045,-0.10263173,0.013854237,0.013882808,0.023236025,3.0765183e-05,1.2670465e-05,0.00012706354,0.0054131798,0.0054559764,0.0035895112,1,1,12,0
304522621,304521848,82.03966,-68.20519,-14.635872,0.27054465,-0.17267309,0.038902763,0.9462961,-4.7912154,1.5301067,0.60437083,0.63038427,0.07928936,0.016552994,0.013812261,0.013841534,0.023129964,3.152261e-05,1.269646e-05,0.00012740916,0.0054514525,0.0054882937,0.0035859349,1,1,12,0
305014936,305014357,79.690094,-67.516655,-14.584938,0.23931667,-0.17927141,0.040223423,0.95339996,-4.982057,1.2715147,0.2807139,-1.4208585,-0.19491316,0.02624739,0.013681996,0.013711437,0.022900742,3.455477e-05,1.2830035e-05,0.00012612918,0.005141438,0.005198617,0.0035622423,1,1,12,0
305517255,305516718,77.23096,-66.95646,-14.51474,0.24319488,-0.15876016,0.05672112,0.9552142,-5.083507,1.0563716,-0.49388316,-0.8183299,0.84046495,0.29583302,0.013692118,0.013725326,0.022847971,3.4524328e-05,1.3619421e-05,0.0001260748,0.005293119,0.0053007836,0.005438399,1,1,12,0
306019600,306019078,74.7071,-66.505516,-14.441593,0.22484,-0.15629433,0.05809371,0.960023,-5.0540204,0.713997,-0.26833788,0.23424065,-0.6122661,-0.06119222,0.01369214,0.013728649,0.023063049,3.44287e-05,1.24541575e-05,0.0001283261,0.005370542,0.0054320833,0.005011082,1,1,12,0
306521967,306521438,72.07557,-66.15466,-14.400475,0.19942163,-0.16292362,0.045792427,0.9651891,-5.2180624,0.50842565,0.5171233,0.97384816,0.26943782,-0.05972202,0.013721726,0.013762505,0.023355994,3.0155095e-05,1.235216e-05,0.00013374319,0.005436642,0.005527849,0.0046566217,1,1,12,0
307014500,307013947,69.43189,-65.93492,-14.389126,0.1762853,-0.17375302,0.023916177,0.9685874,-5.5054183,0.29599777,0.26454854,-0.39962527,-0.41679814,0.07723378,0.013621965,0.013665867,0.023449842,3.4437944e-05,1.2397347e-05,0.00013030917,0.005082973,0.0051988387,0.0043519284,1,1,12,0
307516858,307516307,66.6723,-65.78988,-14.275238,0.16967648,-0.15941958,0.029207803,0.97208136,-5.603734,0.28280482,-0.2868012,-0.81026506,0.81967896,0.39887318,0.013651812,0.013701653,0.023645159,3.2409476e-05,1.3878734e-05,0.00013185397,0.0050195893,0.0050991043,0.004122843,1,1,12,0
308019181,308018667,63.869553,-65.69415,-14.059422,0.13783951,-0.14693496,0.046630744,0.9783844,-5.4754333,0.0022542058,0.4110994,0.6351417,-0.64752877,-0.057077505,0.014545168,0.014609298,0.024739208,3.1363506e-05,1.2618194e-05,0.00013545153,0.0055008875,0.0055892654,0.004052936,1,1,12,0
308521807,308521026,60.95039,-65.725685,-13.809147,0.11707229,-0.15381408,0.01564539,0.98101515,-5.916731,-0.20302829,0.8926848,0.0678695,-0.17625824,0.055108864,0.014276578,0.014336693,0.024463689,2.7472386e-05,1.25504985e-05,0.0001401982,0.005267396,0.005360849,0.0038780037,1,1,12,0
309014067,309013536,58.017857,-65.913734,-13.441845,0.10228901,-0.117749654,0.059238046,0.9859832,-6.1938396,-0.58868045,0.1652444,-0.29129225,0.38373116,0.29449114,0.013960097,0.014014767,0.024080157,2.8402173e-05,1.2673162e-05,0.00013992726,0.0050245994,0.0050707753,0.0037447263,1,1,12,0
309516434,309515895,54.885536,-66.326454,-13.042274,0.06613118,-0.12968683,0.050483137,0.98805845,-6.20372,-1.027852,1.2299236,0.76591325,0.0666972,0.0055865534,0.013832187,0.013882167,0.023810728,2.3764318e-05,1.2891556e-05,0.00014535026,0.005294555,0.005331221,0.0036700822,1,1,12,0
310018969,310018255,51.643402,-66.98226,-12.637135,0.003676281,-0.12548888,0.07143122,0.98951334,-6.695153,-1.704304,0.53709435,0.062739745,0.8565426,0.45048305,0.013761492,0.013806118,0.0235671,2.4484705e-05,1.3301202e-05,0.00014451136,0.0049919523,0.005012202,0.0036201614,1,1,12,0
310521245,310520614,48.294273,-67.962906,-12.126606,-0.030356172,-0.089568,0.03785734,0.99479795,-6.4929047,-2.3373058,1.2409825,-0.42841533,-0.6324025,-0.18427683,0.013731436,0.0137678925,0.023370704,2.4492503e-05,1.30375765e-05,0.00014587352,0.005357416,0.00530438,0.0036105304,1,1,12,0
311013641,311013123,44.889595,-69.15905,-11.562832,-0.024058959,-0.06771316,-0.050896827,0.99611527,-7.149146,-2.4780767,1.3143953,-0.7199402,-0.18084331,-0.059620023,0.01450447,0.014535276,0.024134498,1.7433887e-05,1.3446504e-05,0.00015317809,0.0052779554,0.0052517583,0.0036723043,1,1,12,0
311516230,311515483,41.23459,-70.27417,-10.813896,0.100708686,-0.056988582,-0.15085879,0.9817595,-7.3441753,-1.5272022,1.2657144,-0.32968393,-0.32550856,-0.69652295,0.014214988,0.014240362,0.023774756,1.7440016e-05,2.4423953e-05,0.00014231006,0.005203271,0.005238529,0.003610852,1,1,12,0
312018369,312017842,37.565796,-70.58159,-10.213486,0.23858608,-0.19800825,-0.23228729,0.9219068,-6.9517303,0.48671836,1.3294291,-0.12076799,0.5726437,-0.41559562,0.014950516,0.014988534,0.024552416,1.7476283e-05,4.7860864e-05,0.00011866596,0.0062003075,0.0056420066,0.0036813773,1,1,12,0
312520719,312520202,34.607204,-69.749985,-9.756321,0.4037183,-0.17337602,-0.15335323,0.8851187,-4.841408,2.8723927,0.460645,0.5722323,-0.009119098,-0.66028273,0.014551178,0.01457528,0.024074305,2.7128792e-05,5.8138776e-05,8.580226e-05,0.007101901,0.005835258,0.0037309094,1,1,12,0
313023137,313022561,32.49453,-68.08501,-9.253067,0.51080203,-0.1998755,-0.08243086,0.83206755,-3.392104,3.7180276,1.4058701,1.525091,0.30077878,-0.13119787,0.014305271,0.014290573,0.02371137,1.6575214e-05,2.6002543e-05,0.00010849129,0.007351968,0.0065328474,0.0038623724,1,1,12,0
313515584,313515070,31.225058,-66.049644,-8.888832,0.5981587,-0.16414106,0.014136591,0.7842603,-1.959736,4.351722,0.21254955,-0.03265018,0.8885776,-0.2180284,0.014090844,0.014064881,0.023423336,2.2266067e-05,1.7327597e-05,9.51538e-05,0.006136174,0.0063991714,0.0038627877,1,1,12,0
314017995,314017430,30.503553,-63.91498,-8.623596,0.64488703,-0.16243073,0.04787,0.7452822,-1.0453535,3.996034,0.76617086,0.6759628,0.033031624,-0.23849551,0.014957716,0.014988062,0.024291068,2.3799741e-05,1.2807191e-05,9.037135e-05,0.00621866,0.0070081083,0.0039605866,1,1,12,0
314520327,314519789,30.263453,-61.83444,-8.4784355,0.6499223,-0.16037712,0.07800029,0.73878014,-0.39812115,4.0007524,0.18972279,-0.998506,0.2838457,-0.09923116,0.014505466,0.014598242,0.02392139,2.5612562e-05,1.18260805e-05,8.423597e-05,0.0053923302,0.0060883956,0.0038389529,1,1,12,0
315022818,315022149,30.210827,-59.931973,-8.2595215,0.69448656,-0.13181813,0.09256949,0.7012441,-0.012160122,3.4818394,0.3607231,0.16154045,-0.6101316,-0.2950572,0.015129929,0.015310211,0.024652898,2.6191907e-05,1.2001995e-05,8.246313e-05,0.0057088328,0.006042602,0.0038367591,1,1,12,0
315515205,315514657,30.290926,-58.150074,-8.165546,0.6907049,-0.13407053,0.08845958,0.7050722,0.08126438,3.5223002,0.46193385,-0.97671753,-0.34168443,0.047289077,0.0144569175,0.014626162,0.024072248,2.5377762e-05,1.2563743e-05,8.206163e-05,0.005391275,0.005433452,0.0037165124,1,1,12,0
316017915,316017016,30.436296,-56.44497,-7.901039,0.7020765,-0.11853391,0.09703027,0.69543046,0.35081664,3.2053106,0.27944377,0.55769587,-0.74948895,-0.14727947,0.0150354225,0.015208265,0.024864936,2.5628558e-05,1.1767274e-05,8.3076084e-05,0.0055561606,0.0056099733,0.0054322085,1,1,12,0
316519917,316519375,30.683523,-54.78382,-7.649086,0.7069697,-0.09408705,0.081611805,0.6961904,0.33573824,3.2482986,0.98723096,-1.1657653,-0.15757589,-0.012714594,0.014495038,0.014621095,0.024665374,2.0471525e-05,1.3228772e-05,8.7158674e-05,0.005405964,0.0054492014,0.006661717,1,1,12,0
317022320,317021734,30.88272,-53.121895,-7.0938454,0.7076544,-0.06294103,0.075617656,0.6996754,0.3212369,3.2032168,1.5464909,0.18248741,-0.28741333,-0.081099555,0.015076295,0.015174958,0.025955506,1.702937e-05,1.3300432e-05,9.183076e-05,0.0054884274,0.0055618607,0.005976711,1,1,12,0
317514768,317514243,31.062763,-51.305378,-6.528034,0.6804238,-0.034821365,0.08679501,0.7268271,0.050625414,3.9764426,0.9216976,-0.6158434,1.1916702,0.2232285,0.014409624,0.014470952,0.025608484,1.5295045e-05,1.4091395e-05,9.364834e-05,0.0050236406,0.005150893,0.0070456783,1,1,12,0
318017155,318016602,31.068966,-49.345764,-5.9071007,0.6588386,-0.0903698,0.07893567,0.7426535,-0.18627034,3.868567,1.594803,0.9222497,0.03139789,-0.058378413,0.014990117,0.01503564,0.026832031,1.5086562e-05,1.48692625e-05,9.440187e-05,0.0055527133,0.0058247233,0.0062077427,1,1,12,0
318519480,318518961,30.93826,-47.343826,-5.349846,0.6463243,-0.025600323,0.10733177,0.75504273,-0.5484403,4.065947,0.6413639,0.024793932,0.0120155765,0.29414117,0.0144628715,0.014498937,0.026462696,1.77192e-05,1.3656484e-05,9.332006e-05,0.0052030827,0.005449011,0.0053585377,1,1,12,0
319021850,319021319,30.567432,-45.284527,-4.8471794,0.5786593,-0.067847155,0.11883435,0.8040078,-1.201371,3.9739032,1.3584641,-0.1977943,-0.07035741,0.21412194,0.015090136,0.015137716,0.027438655,1.6070695e-05,1.753747e-05,9.20507e-05,0.0056389486,0.0060552536,0.00672205,1,1,12,0
319514383,319513828,29.828617,-43.355415,-4.305935,0.5580874,-0.036390945,0.11961106,0.8203094,-1.8997717,3.578127,1.1061326,0.012549041,-0.957113,0.07505148,0.014480533,0.014534261,0.026718792,1.7982096e-05,1.5720403e-05,9.134327e-05,0.0053932904,0.0058763428,0.005742041,1,1,12,0
320016711,320016187,28.66143,-41.453354,-3.8331947,0.47951102,-0.051571153,0.098886505,0.87042004,-2.8420238,3.7137341,0.9525052,-0.39138556,0.4911897,0.30218318,0.015105316,0.015191847,0.02761764,1.6323273e-05,1.4418569e-05,9.4456926e-05,0.005459626,0.005867406,0.0052505755,1,1,12,0
320519050,320518545,27.091963,-39.672108,-3.254898,0.46333426,-0.07398418,0.09861245,0.87756675,-3.2994547,3.3120446,1.4763588,0.1647029,0.15872134,-0.1695908,0.01455348,0.01464462,0.026856575,1.6642512e-05,1.344875e-05,9.4683994e-05,0.0054677646,0.005990124,0.006303286,1,1,12,0
321021425,321020904,25.246304,-38.010357,-2.810646,0.4410646,-0.065337464,0.07802374,0.8916868,-3.9562633,3.382683,0.6873996,-0.35575533,1.0029553,0.30303898,0.015176997,0.015299291,0.02771433,1.8769462e-05,1.2601158e-05,9.467519e-05,0.005437223,0.005798162,0.0074416767,1,1,12,0
321514069,321513415,23.240606,-36.437256,-2.4348488,0.37367567,-0.07611131,0.019706732,0.92422146,-4.091833,3.2615366,1.4706818,-0.12823667,-0.12788963,0.1570517,0.014531512,0.014634617,0.026987636,1.6598684e-05,1.2524944e-05,9.806719e-05,0.005605484,0.0058475956,0.008260901,1,1,12,0
322016324,322015771,21.028757,-34.924118,-1.9799652,0.35568503,-0.051753487,0.110483125,0.92660844,-4.6534457,2.78298,0.54261345,0.12919614,-1.0079741,0.31934685,0.015149223,0.015256617,0.027999472,2.3852333e-05,1.26483155e-05,9.319647e-05,0.0055045495,0.005662133,0.0070871855,1,1,12,0
322518716,322518130,18.524164,-33.65501,-1.5091438,0.28893802,-0.1353451,0.05307835,0.9462448,-5.1049657,2.468608,1.1540158,-1.3079258,0.20655861,0.32562393,0.014601607,0.014684678,0.02739343,1.802798e-05,1.23086975e-05,0.000101373385,0.005334773,0.005492743,0.0075149345,1,1,12,0
323021030,323020488,16.00564,-32.58604,-1.079483,0.24941231,-0.119682014,0.07263737,0.95822424,-4.876816,1.9088608,0.82979447,0.7229666,-0.76283145,0.013606286,0.015211141,0.01528986,0.028451063,2.5270254e-05,1.2610174e-05,9.6400174e-05,0.005705808,0.0057948525,0.0065175826,1,1,12,0
323523381,323522847,13.413594,-31.76939,-0.8060036,0.22670583,-0.11788631,0.07006247,0.9642606,-5.328977,1.4939212,0.49295443,-0.24288854,0.4807761,0.20911348,0.0146844825,0.014739764,0.02765449,2.4970039e-05,1.2153994e-05,9.904677e-05,0.005405706,0.0054619177,0.0055535412,1,1,12,0
324015872,324015354,10.7724085,-31.191725,-0.312191,0.20385551,-0.12662403,0.047523048,0.96961385,-5.2954597,1.1696445,1.432612,1.0924451,0.050646693,0.041495405,0.015203002,0.015247475,0.02827132,2.0876227e-05,1.2257664e-05,0.000105248044,0.0057428237,0.0058032447,0.0066741244,1,1,12,0
324518268,324517713,7.999764,-30.750319,0.26132202,0.18056257,-0.09665971,0.06070947,0.97691786,-5.766065,0.835513,0.73957163,-0.15972392,0.8196786,0.15400021,0.014645293,0.014680251,0.027429529,2.1694159e-05,1.3072293e-05,0.00010542527,0.005262577,0.005314041,0.007426009,1,1,12,0
325020593,325020071,5.169365,-30.495424,0.8771095,0.16265465,-0.13616939,0.028920235,0.9768137,-5.6282387,0.41638398,1.4451414,-0.5522765,-0.12536937,-0.0011879547,0.015258354,0.015295174,0.02836263,2.0046204e-05,1.2336689e-05,0.00011006413,0.0057181446,0.005815758,0.0064894785,1,1,12,0
325513093,325512579,2.3936465,-30.423986,1.5396576,0.15821452,-0.09662391,0.062346168,0.98068595,-5.6828394,0.015685825,1.1450176,0.13691922,-0.7225629,-0.0716965,0.014591137,0.014625955,0.027363472,2.1939652e-05,1.2483334e-05,0.00010925518,0.005342552,0.0054151583,0.0074398834,1,1,12,0
326015477,326014937,-0.55766535,-30.483421,2.1554642,0.109511666,0.005750267,0.018477893,0.9937972,-6.093696,-0.20348656,1.6121212,-0.93207675,-0.98501444,0.2605397,0.015174658,0.015218026,0.02830788,1.813549e-05,1.2392465e-05,0.00011515875,0.005598732,0.005717221,0.0081966715,1,1,12,0
326517817,326517295,-3.8050292,-30.526525,3.0943947,0.14987083,-0.10232967,-0.003432377,0.9833899,-6.466648,0.06697317,1.5226527,0.3089727,-0.47209907,-0.18521264,0.014583333,0.014625115,0.0276118,1.514396e-05,1.4235449e-05,0.000117767515,0.005290639,0.005313211,0.0066555217,1,1,12,0
327020157,327019653,-7.182373,-30.423765,3.5598373,0.1418944,-0.1495123,0.005788063,0.97850835,-6.6750784,0.33338013,0.7131305,-0.21219067,0.14723504,0.06977376,0.014227096,0.0142674735,0.027065774,2.3561925e-05,1.3593286e-05,0.00011176579,0.005461676,0.0054352283,0.0074572316,1,1,12,0
327522640,327522011,-10.453954,-30.28516,3.9681396,0.13381813,-0.16832156,0.015603832,0.9764821,-6.1033845,0.26035827,0.63774335,0.53726554,-0.720677,-0.15044527,0.014050128,0.014091437,0.026720874,2.8905055e-05,1.4184086e-05,0.000106676765,0.005555983,0.0055364487,0.006240675,1,1,12,0
328015104,328014519,-13.464742,-30.111439,4.1325035,0.13920368,-0.17012921,-0.048771955,0.9743202,-5.9252715,0.44815585,0.46128458,-1.0950277,-0.18384926,0.01373365,0.0147511745,0.014801602,0.02763582,2.7413085e-05,1.5369862e-05,0.00010782848,0.005659716,0.0058224304,0.0056015057,1,1,12,0
328517424,328516877,-16.348612,-29.811201,4.3245277,0.16240169,-0.14284116,-0.013280682,0.9762407,-5.392482,0.7822774,0.28302622,0.8448715,-0.93964297,-0.084965646,0.014398886,0.014450143,0.026906291,2.5838544e-05,1.6984342e-05,0.00010698173,0.0056546913,0.005712257,0.0049117315,1,1,12,0
329020178,329019235,-19.194395,-29.465893,4.452873,0.177794,-0.08279732,0.0375909,0.97985756,-5.789022,0.47230896,1.0786631,-0.49092585,-0.45163196,-0.35490182,0.0141402995,0.014189891,0.02625,1.675304e-05,1.2280707e-05,0.00012013033,0.005403745,0.005424652,0.006255945,1,1,12,0
329522166,329521592,-22.230526,-29.250267,5.051506,0.24706346,-0.058129337,-0.05953119,0.96542054,-6.028753,0.79930496,1.243051,-0.32661715,-0.8823263,0.060068067,0.013968492,0.0140120005,0.025902478,1.5702079e-05,1.28083575e-05,0.00012185525,0.0051081297,0.0050523677,0.0054585394,1,1,12,0
330014681,330014100,-25.30638,-28.640276,5.7640877,0.27116638,-0.104923435,-0.15578607,0.944029,-6.1821795,1.7137297,1.947872,-0.32284376,-0.26305327,-0.47296286,0.014647117,0.014679434,0.026680294,1.4044101e-05,2.0435187e-05,0.00011775376,0.0053783637,0.005253446,0.005043662,1,1,12,0
330517098,330516458,-28.266647,-27.308676,6.582649,0.4538847,-0.12283384,-0.18157382,0.8636733,-5.236027,3.9734883,1.1481758,-0.47797996,0.9320889,-0.5858253,0.014302628,0.014310389,0.026042363,1.3862572e-05,3.212363e-05,0.00010526554,0.005610085,0.0051337737,0.00459409,1,1,12,0
331019371,331018816,-30.45067,-24.99343,7.1924744,0.5947037,-0.26692986,-0.129941,0.7471221,-2.8521106,5.2663317,1.342587,0.8304591,1.1115581,-0.4786931,0.014115164,0.014088562,0.025626374,1.4284536e-05,3.7430145e-05,9.3039685e-05,0.0069894604,0.0061360933,0.0059130527,1,1,12,0
331521708,331521173,-31.019068,-22.207338,7.4289207,0.6914553,-0.2341581,-0.067260765,0.6800997,0.20123054,5.607201,0.4575537,-0.91038454,-0.35793328,-0.4610116,0.014089025,0.014062982,0.025458332,2.7470109e-05,2.6523498e-05,7.717344e-05,0.0065061906,0.0073066317,0.006929754,1,1,12,0
332014236,332013681,-30.522905,-19.538105,7.7196655,0.767158,-0.17925087,0.052563783,0.61365694,1.8562285,5.0630436,0.31737438,0.6383656,-0.84014595,-0.234478,0.013904871,0.0139594,0.025318429,2.3177814e-05,1.5424439e-05,8.046157e-05,0.0057862164,0.007149108,0.006178707,1,1,12,0
332516577,332516039,-29.347433,-17.056547,7.743782,0.8008232,-0.14077413,0.1261115,0.56829643,2.4663155,4.743824,0.29705888,-0.47631654,-0.010655401,-0.1553101,0.013867165,0.01402895,0.025420327,2.498604e-05,1.1469034e-05,7.604978e-05,0.0055169584,0.006433078,0.0055019557,1,1,12,0
333018912,333018397,-28.088348,-14.913427,7.858204,0.8128802,-0.12443478,0.13059102,0.55379397,2.4383147,3.8618138,0.68118364,-0.17584063,-0.3894231,-0.04302948,0.013801375,0.014010291,0.025327599,2.6944259e-05,1.187016e-05,7.1246126e-05,0.0054637855,0.0056955633,0.004897055,1,1,12,0
333521470,333520754,-26.743294,-13.001799,8.08707,0.78500885,-0.034154978,0.10400425,0.60973585,2.5034027,4.065141,0.33899188,-0.5630252,0.6695775,0.07932879,0.013771825,0.013964562,0.025150893,2.113872e-05,1.1858057e-05,7.639545e-05,0.0051319916,0.0050842217,0.0044666682,1,1,12,0
334023656,334023112,-25.546515,-11.015443,8.484135,0.8332429,-0.037032355,0.010645211,0.5515631,2.1977377,4.174635,1.6064442,-0.7914032,-0.60377663,-0.53421116,0.013717575,0.013854002,0.024859987,1.3680991e-05,1.5024584e-05,8.145653e-05,0.00520281,0.005219333,0.004125038,1,1,12,0
334516393,334515619,-24.348291,-8.849421,9.217127,0.889392,-0.1111467,-0.0306472,0.4423677,2.8949575,4.3650336,1.8851244,-1.1482579,-0.28382656,-0.34880367,0.013606706,0.013690504,0.024479613,1.3008616e-05,1.1609557e-05,8.673402e-05,0.0048694336,0.0049428805,0.0039214958,1,1,12,0
335018516,335017977,-22.435669,-6.843807,9.893785,0.86402845,-0.22833237,0.038159672,0.4470606,4.592018,3.4087322,0.99984735,-0.43346694,0.7469892,0.06480411,0.013584744,0.013649215,0.024179416,2.2185743e-05,1.560113e-05,7.4846874e-05,0.005055809,0.0050365026,0.0038371026,1,1,12,0
335520908,335520334,-19.942636,-5.493799,10.465086,0.92259246,-0.22471882,0.07209367,0.3051672,5.138117,2.1525383,1.4260477,1.1532555,0.32769027,-0.9756634,0.013628336,0.013685643,0.02394866,2.1183912e-05,1.30281305e-05,7.8565965e-05,0.005583764,0.005802574,0.005629139,1,1,12,0
336013351,336012841,-17.218231,-4.8955083,10.893377,0.9674976,-0.17943482,0.09496176,0.15077718,5.967245,0.16696559,0.49892202,0.6443433,-0.53203017,-0.14789428,0.013582877,0.013632598,0.023861771,2.4498515e-05,1.922688e-05,6.7754576e-05,0.005587925,0.005395437,0.0052127885,1,1,12,0
336515808,336515198,-14.1643505,-5.0786448,11.340916,0.9744221,-0.15917963,0.12613493,0.09619499,6.293452,-0.80975163,1.2043906,-0.8846943,0.4161778,-0.22253546,0.013668621,0.01368803,0.023994995,1.886072e-05,1.26736495e-05,7.756897e-05,0.005837126,0.005311569,0.0049227946,1,1,12,0
337018083,337017555,-11.056215,-5.800342,11.998877,0.98458594,-0.09875574,0.14323774,0.01791122,6.059042,-1.8420899,1.6989831,1.1813568,0.121090494,-0.2960852,0.013724854,0.013703976,0.024147242,1.912766e-05,1.1409928e-05,7.6935314e-05,0.005779038,0.0053590825,0.004636849,1,1,12,0
337520428,337519912,-8.019388,-6.9679213,12.672596,0.9949931,-0.026232027,0.08816806,-0.039078806,5.9628086,-2.518754,1.3969265,0.22378778,-1.2011175,-0.21327761,0.013795103,0.013743152,0.024211688,1.9342426e-05,1.1280424e-05,7.618191e-05,0.005382807,0.0051756413,0.0043631685,1,1,12,0
338022974,338022268,-4.9661098,-8.331037,13.335806,0.99588025,0.04912849,0.02330587,-0.07256532,6.2988596,-2.548021,1.12556,-0.13222708,-0.17613778,-0.07878492,0.013801171,0.01374433,0.02424293,1.9504676e-05,1.1916806e-05,7.553337e-05,0.0052313497,0.00517849,0.0058945594,1,1,12,0
338515559,338514778,-2.0244691,-9.681141,13.879875,0.9589301,-0.07464253,0.23662584,-0.1374408,5.2911005,-3.0658934,0.6633405,-0.016098715,0.15516666,-0.46431693,0.013699049,0.013664732,0.02426306,2.3388988e-05,1.12454845e-05,7.355222e-05,0.0052213594,0.0052929283,0.0052454574,1,1,12,0
339017711,339017132,0.20375882,-11.324485,14.279963,0.8146265,-0.08059622,-0.03462569,-0.57331413,3.725991,-2.5992734,1.238744,1.8423855,-3.8100111,-8.091448,0.013703685,0.013694275,0.024425548,2.1809577e-05,1.4317111e-05,7.206271e-05,0.0052471454,0.005636082,0.0048496528,1,1,12,0
339520039,339519489,0.3897476,-12.0741005,14.295605,0.37525377,-0.7934833,-0.46558565,-0.11313266,-0.42103308,-0.5568953,0.6471948,-0.92381734,-4.1099358,2.9687436,0.0149386395,0.015247009,0.025316171,8.1999446e-05,1.3720368e-05,1.1902023e-05,0.00778321,0.010756913,0.005419847,1,1,12,0
340022607,340021848,0.13795295,-12.565791,14.390009,0.18430093,-0.88568336,-0.42556566,0.022181261,-0.16808611,-0.22478673,-0.0846946,-0.05281809,0.07899162,-0.1887244,0.0161258,0.016691849,0.026021497,1.5141768e-05,2.3242017e-05,6.058958e-05,0.008432093,0.008872381,0.0050660395,1,1,12,0
340514973,340514353,-0.017040463,-12.854059,14.488449,0.20606753,-0.8842922,-0.41741255,0.036474284,-0.23306131,-0.30187264,0.001471764,0.03608385,0.0032749064,-0.02419296,0.015875649,0.016247146,0.025913933,1.4321583e-05,1.9212934e-05,5.6279987e-05,0.0070982417,0.007009196,0.0045775585,1,1,12,0
341017248,341016712,-0.04652928,-12.968919,14.507662,0.20763148,-0.88421786,-0.4168246,0.03612717,-0.19933043,-0.26790345,0.012875369,0.03806984,0.0032438077,-0.0062365206,0.01519763,0.015404715,0.025439825,1.358608e-05,1.7617667e-05,5.3417854e-05,0.0059990115,0.0058499416,0.004162564,1,1,12,0
341519611,341519070,-0.050190337,-13.007504,14.478554,0.22027245,-0.88213867,-0.4140647,0.04314875,-0.16564769,-0.22045374,0.008449851,0.0010377147,0.0006292783,0.0044567133,0.014755907,0.014858307,0.024973508,1.328732e-05,1.7728004e-05,5.1244748e-05,0.0054730973,0.0054203267,0.003912802,1,1,12,0
342012250,342011579,-0.05081127,-13.019196,14.428986,0.22040689,-0.8820522,-0.41419795,0.04295063,-0.1437595,-0.17538738,0.0002854729,-0.004387172,-0.0013140702,0.0007561798,0.014294575,0.014334184,0.024429502,1.3163313e-05,1.7830092e-05,5.0069128e-05,0.0051512807,0.005230103,0.0037494246,1,1,12,0
342514453,342513939,-0.054226674,-13.017068,14.371187,0.2209673,-0.88175213,-0.4145156,0.043166135,-0.13117063,-0.13221377,-0.0073102424,-0.0005272305,-0.00013778333,0.0002913002,0.014063854,0.014072629,0.02403148,1.3198427e-05,1.7957142e-05,4.9425737e-05,0.005029192,0.0052254903,0.0036644456,1,1,12,0
343016930,343016299,-0.04976884,-13.009588,14.306803,0.14974144,-0.8873012,-0.43615422,0.0066195983,0.19056082,-0.022202158,-0.4220016,-6.5100355,-0.32801533,-1.711896,0.013892031,0.013897759,0.023687702,1.3249727e-05,1.8349208e-05,4.874143e-05,0.0049826517,0.005256502,0.0036197146,1,1,12,0
343519168,343518659,-0.01565915,-12.9689455,14.351713,0.060847845,-0.90234953,-0.4264245,0.015005197,-0.19473264,-0.052671414,0.94945055,0.6447286,1.4727069,0.33933106,0.013801344,0.013819238,0.023548104,1.4185435e-05,1.2735143e-05,5.346036e-05,0.006115556,0.006283601,0.011911425,1,1,12,0
344021524,344021020,7.044827e-05,-12.906022,14.662659,0.08168392,-0.90736413,-0.4103272,-0.040619448,-0.012716185,-0.28303674,0.96975017,-0.6800572,0.045006283,-0.66448766,0.013756194,0.013795389,0.024332352,1.244441e-05,1.1969736e-05,5.6554018e-05,0.006191155,0.006273623,0.015926521,1,1,12,0
344524066,344523381,0.02533394,-12.938085,14.719328,0.020306388,-0.90340024,-0.4219868,-0.073367044,-0.11207367,-0.14541392,0.6784206,0.06367466,0.009982453,-0.04016952,0.013767173,0.013816427,0.025784813,1.5537149e-05,1.2334284e-05,5.4264998e-05,0.006118591,0.0062114513,0.013629044,1,1,12,0
345016578,345015892,0.02560353,-12.92645,14.633633,0.021671265,-0.9028005,-0.4232267,-0.07321723,-0.09238485,-0.08529997,0.4587702,0.0098384945,-0.00034624911,-0.009221085,0.014573793,0.014635712,0.02833366,1.6507032e-05,1.2831573e-05,5.4185966e-05,0.005753756,0.005901842,0.010340291,1,1,12,0
345518751,345518253,0.046543095,-12.895543,14.47826,0.02185139,-0.90268564,-0.42337385,-0.07372846,-0.065157354,-0.029987909,0.29743585,0.01301743,-0.0020846864,-0.005562544,0.014271472,0.014332072,0.028438821,1.7166038e-05,1.2980905e-05,5.4322492e-05,0.0053513586,0.0055033052,0.007786854,1,1,12,0
346021116,346020615,0.06538925,-12.872543,14.373095,0.021837538,-0.90246063,-0.42378682,-0.074112326,-0.044693105,0.006986532,0.2126564,0.008122867,-0.0008252869,-0.001320119,0.0149800265,0.015057466,0.029733563,1.7769178e-05,1.3306937e-05,5.4633525e-05,0.0055247787,0.0056658103,0.006512887,1,1,12,0
346513655,346513127,0.089909576,-12.858952,14.255886,0.021604521,-0.9022755,-0.42414394,-0.074391305,-0.026210902,0.02858482,0.14807956,0.0014572248,0.00048035398,-0.00086008076,0.014413041,0.014483849,0.028614987,1.7778186e-05,1.32740615e-05,5.5068806e-05,0.0053804456,0.005472936,0.005393003,1,1,12,0
347016017,347015489,0.10577046,-12.857217,14.178091,0.021460343,-0.90211135,-0.424485,-0.074479006,-0.01745524,0.038961794,0.11294606,0.006683558,-0.00089301687,0.0008001645,0.015052877,0.015132961,0.029101286,1.7866307e-05,1.3512965e-05,5.568137e-05,0.005684038,0.0057367105,0.004864779,1,1,12,0
347518456,347517852,0.12780644,-12.862198,14.091791,0.021457728,-0.9019784,-0.42477512,-0.07443534,-0.005976297,0.041877568,0.08417019,-0.0006451176,8.232745e-05,0.0017224819,0.014545118,0.01461113,0.027739558,1.7398419e-05,1.3414868e-05,5.64318e-05,0.0055841682,0.0055918386,0.0043386165,1,1,12,0
348020762,348020214,0.14544676,-12.866674,14.035627,-0.018358279,0.9169231,0.39147457,0.075250685,0.0011638678,0.044440795,0.0714327,4.418739e-05,-0.00010389099,0.0010554723,0.015187763,0.015248978,0.027935786,4.103506e-05,1.428439e-05,0.0010989009,0.005864533,0.0058381255,0.0041412376,1,1,13,0
348513371,348512727,0.16935465,-12.871123,13.969395,-0.018514955,0.9164,0.3927285,0.075051405,0.014361174,0.043840267,0.05776198,-0.0008326314,0.0003444604,0.00158309,0.014552581,0.0145934075,0.026542608,3.980806e-05,1.40768525e-05,0.001074676,0.005655243,0.0056039146,0.0038769084,1,1,13,0
