timestamp,voltage_v,current_a,current_average_a,discharged_mah,remaining,scale,time_remaining_s,temperature,voltage_cell_v[0],voltage_cell_v[1],voltage_cell_v[2],voltage_cell_v[3],voltage_cell_v[4],voltage_cell_v[5],voltage_cell_v[6],voltage_cell_v[7],voltage_cell_v[8],voltage_cell_v[9],voltage_cell_v[10],voltage_cell_v[11],voltage_cell_v[12],voltage_cell_v[13],max_cell_voltage_delta,full_charge_capacity_wh,remaining_capacity_wh,nominal_voltage,internal_resistance_estimate,ocv_estimate,ocv_estimate_filtered,volt_based_soc_estimate,voltage_prediction,prediction_error,estimation_covariance_norm,capacity,cycle_count,average_time_to_empty,serial_number,manufacture_date,state_of_health,max_error,interface_error,faults,over_discharge_count,connected,cell_count,source,priority,id,is_powering_off,is_required,warning
34590151,12.505423,0.0,15.0,0.026450468,0.9578356,1.00606,nan,nan,0.0,0.0,0.0,0.0,0.0,0.0,0.0,0.0,0.0,0.0,0.0,0.0,0.0,0.0,0.0,0.0,0.0,0.0,0.0038385584,12.505423,12.533106,0.9628367,12.515805,0.015135765,0.44209734,0,0,0,0,0,0,0,0,0,0,1,3,0,0,1,0,0,0
34600130,12.474434,0.0,15.0,0.026450468,0.9575624,1.0060995,nan,nan,0.0,0.0,0.0,0.0,0.0,0.0,0.0,0.0,0.0,0.0,0.0,0.0,0.0,0.0,0.0,0.0,0.0,0.0,0.0038385584,12.474434,12.533106,0.9628367,12.515805,0.015135765,0.44209734,0,0,0,0,0,0,0,0,0,0,1,3,0,0,1,0,0,0
34799893,12.530029,0.0,15.0,0.026541995,0.9565634,1.006244,nan,nan,0.0,0.0,0.0,0.0,0.0,0.0,0.0,0.0,0.0,0.0,0.0,0.0,0.0,0.0,0.0,0.0,0.0,0.0,0.0038385584,12.530029,12.532818,0.96267694,12.530624,-0.027025223,0.44209734,0,0,0,0,0,0,0,0,0,0,1,3,0,0,1,0,0,0
34989898,12.52365,0.0,15.0,0.026541995,0.9565601,1.0062444,nan,nan,0.0,0.0,0.0,0.0,0.0,0.0,0.0,0.0,0.0,0.0,0.0,0.0,0.0,0.0,0.0,0.0,0.0,0.0,0.0038385584,12.52365,12.532818,0.96267694,12.530624,-0.027025223,0.44209734,0,0,0,0,0,0,0,0,0,0,1,3,0,0,1,0,0,0
35189893,12.521828,0.0,15.0,0.02659294,0.9562773,1.0062854,nan,nan,0.0,0.0,0.0,0.0,0.0,0.0,0.0,0.0,0.0,0.0,0.0,0.0,0.0,0.0,0.0,0.0,0.0,0.0,0.0038385584,12.521828,12.532404,0.96244663,12.503768,-0.012928009,0.44209734,0,0,0,0,0,0,0,0,0,0,1,3,0,0,1,0,0,0
35389892,12.53641,0.0,15.0,0.02659294,0.94733566,1.0075805,nan,nan,0.0,0.0,0.0,0.0,0.0,0.0,0.0,0.0,0.0,0.0,0.0,0.0,0.0,0.0,0.0,0.0,0.0,0.0,0.0038385584,12.53641,12.532404,0.96244663,12.503768,-0.012928009,0.44209734,0,0,0,0,0,0,0,0,0,0,1,3,0,0,1,0,0,0
35590249,12.530029,0.0,15.0,0.02659294,0.9485192,1.0074089,nan,nan,0.0,0.0,0.0,0.0,0.0,0.0,0.0,0.0,0.0,0.0,0.0,0.0,0.0,0.0,0.0,0.0,0.0,0.0,0.0038385584,12.530029,12.532404,0.96244663,12.503768,-0.012928009,0.44209734,0,0,0,0,0,0,0,0,0,0,1,3,0,0,1,0,0,0
35799908,12.284862,0.0,15.0,0.02659294,0.94624466,1.0077388,nan,nan,0.0,0.0,0.0,0.0,0.0,0.0,0.0,0.0,0.0,0.0,0.0,0.0,0.0,0.0,0.0,0.0,0.0,0.0,0.0038385584,12.284862,12.532404,0.96244663,12.503768,-0.012928009,0.44209734,0,0,0,0,0,0,0,0,0,0,1,3,0,0,1,0,0,0
35999892,12.327698,0.0,15.0,0.02659294,0.93220705,1.0097793,nan,nan,0.0,0.0,0.0,0.0,0.0,0.0,0.0,0.0,0.0,0.0,0.0,0.0,0.0,0.0,0.0,0.0,0.0,0.0,0.0038385584,12.327698,12.532404,0.96244663,12.503768,-0.012928009,0.44209734,0,0,0,0,0,0,0,0,0,0,1,3,0,0,1,0,0,0
36199893,12.526384,0.0,15.0,0.02659294,0.9274277,1.0104761,nan,nan,0.0,0.0,0.0,0.0,0.0,0.0,0.0,0.0,0.0,0.0,0.0,0.0,0.0,0.0,0.0,0.0,0.0,0.0,0.0038385584,12.526384,12.532404,0.96244663,12.503768,-0.012928009,0.44209734,0,0,0,0,0,0,0,0,0,0,1,3,0,0,1,0,0,0
36389892,12.542789,0.0,15.0,0.02659294,0.9313306,1.0099071,nan,nan,0.0,0.0,0.0,0.0,0.0,0.0,0.0,0.0,0.0,0.0,0.0,0.0,0.0,0.0,0.0,0.0,0.0,0.0,0.0038385584,12.542789,12.532404,0.96244663,12.503768,-0.012928009,0.44209734,0,0,0,0,0,0,0,0,0,0,1,3,0,0,1,0,0,0
36589893,12.52365,0.0,15.0,0.026842596,0.9359073,1.0092406,nan,nan,0.0,0.0,0.0,0.0,0.0,0.0,0.0,0.0,0.0,0.0,0.0,0.0,0.0,0.0,0.0,0.0,0.0,0.0,0.0038385584,12.52365,12.532207,0.96233696,12.511975,0.018965721,0.44209734,0,0,0,0,0,0,0,0,0,0,1,3,0,0,1,0,0,0
36789893,12.501776,0.0,15.0,0.026873117,0.9393973,1.0087332,nan,nan,0.0,0.0,0.0,0.0,0.0,0.0,0.0,0.0,0.0,0.0,0.0,0.0,0.0,0.0,0.0,0.0,0.0,0.0,0.0038385584,12.501776,12.532674,0.96259683,12.5317,0.047545433,0.44209734,0,0,0,0,0,0,0,0,0,0,1,3,0,0,1,0,0,0
36989893,12.532764,0.0,15.0,0.027035618,0.9424042,1.0082963,nan,nan,0.0,0.0,0.0,0.0,0.0,0.0,0.0,0.0,0.0,0.0,0.0,0.0,0.0,0.0,0.0,0.0,0.0,0.0,0.0038385584,12.532764,12.532582,0.9625458,12.578697,-0.055958748,0.44209734,0,0,0,0,0,0,0,0,0,0,1,3,0,0,1,0,0,0
37199894,12.542789,0.0,15.0,0.027167717,0.9437761,1.008097,nan,nan,0.0,0.0,0.0,0.0,0.0,0.0,0.0,0.0,0.0,0.0,0.0,0.0,0.0,0.0,0.0,0.0,0.0,0.0,0.0038385584,12.542789,12.531624,0.96201366,12.522865,-0.08762169,0.44209734,0,0,0,0,0,0,0,0,0,0,1,3,0,0,1,0,0,0
37399894,12.528208,0.0,15.0,0.027274765,0.9455666,1.0078372,nan,nan,0.0,0.0,0.0,0.0,0.0,0.0,0.0,0.0,0.0,0.0,0.0,0.0,0.0,0.0,0.0,0.0,0.0,0.0,0.0038385584,12.528208,12.530836,0.96157545,12.435349,0.016299248,0.44209734,0,0,0,0,0,0,0,0,0,0,1,3,0,0,1,0,0,0
37599895,12.540967,0.0,15.0,0.028083567,0.9474086,1.0075699,nan,nan,0.0,0.0,0.0,0.0,0.0,0.0,0.0,0.0,0.0,0.0,0.0,0.0,0.0,0.0,0.0,0.0,0.0,0.0,0.0038385584,12.540967,12.531078,0.9617109,12.448738,0.10316563,0.44209734,0,0,0,0,0,0,0,0,0,0,1,3,0,0,1,0,0,0
37789892,12.564664,0.0,15.0,0.02816994,0.948059,1.0074756,nan,nan,0.0,0.0,0.0,0.0,0.0,0.0,0.0,0.0,0.0,0.0,0.0,0.0,0.0,0.0,0.0,0.0,0.0,0.0,0.0038385584,12.564664,12.530404,0.9613356,12.554898,-0.09231281,0.44209734,0,0,0,0,0,0,0,0,0,0,1,3,0,0,1,0,0,0
37989893,12.528208,0.0,15.0,0.02816994,0.9481978,1.0074555,nan,nan,0.0,0.0,0.0,0.0,0.0,0.0,0.0,0.0,0.0,0.0,0.0,0.0,0.0,0.0,0.0,0.0,0.0,0.0,0.0038385584,12.528208,12.530404,0.9613356,12.554898,-0.09231281,0.44209734,0,0,0,0,0,0,0,0,0,0,1,3,0,0,1,0,0,0
38189894,12.431598,0.0,15.0,0.028393758,0.94717973,1.007603,nan,nan,0.0,0.0,0.0,0.0,0.0,0.0,0.0,0.0,0.0,0.0,0.0,0.0,0.0,0.0,0.0,0.0,0.0,0.0,0.0038385584,12.431598,12.529556,0.96086496,12.448578,0.07598305,0.44209734,0,0,0,0,0,0,0,0,0,0,1,3,0,0,1,0,0,0
38389893,12.224709,0.0,15.0,0.028393758,0.944756,1.0079547,nan,nan,0.0,0.0,0.0,0.0,0.0,0.0,0.0,0.0,0.0,0.0,0.0,0.0,0.0,0.0,0.0,0.0,0.0,0.0,0.0038385584,12.224709,12.529556,0.96086496,12.448578,0.07598305,0.44209734,0,0,0,0,0,0,0,0,0,0,1,3,0,0,1,0,0,0
38599894,12.55555,0.0,15.0,0.028393758,0.94307894,1.0081983,nan,nan,0.0,0.0,0.0,0.0,0.0,0.0,0.0,0.0,0.0,0.0,0.0,0.0,0.0,0.0,0.0,0.0,0.0,0.0,0.0038385584,12.55555,12.529556,0.96086496,12.448578,0.07598305,0.44209734,0,0,0,0,0,0,0,0,0,0,1,3,0,0,1,0,0,0
38799893,12.176404,0.0,15.0,0.028393758,0.94368404,1.0081104,nan,nan,0.0,0.0,0.0,0.0,0.0,0.0,0.0,0.0,0.0,0.0,0.0,0.0,0.0,0.0,0.0,0.0,0.0,0.0,0.0038385584,12.176404,12.529556,0.96086496,12.448578,0.07598305,0.44209734,0,0,0,0,0,0,0,0,0,0,1,3,0,0,1,0,0,0
39000066,12.493573,0.0,15.0,0.028393758,0.9421229,1.008337,nan,nan,0.0,0.0,0.0,0.0,0.0,0.0,0.0,0.0,0.0,0.0,0.0,0.0,0.0,0.0,0.0,0.0,0.0,0.0,0.0038385584,12.493573,12.529556,0.96086496,12.448578,0.07598305,0.44209734,0,0,0,0,0,0,0,0,0,0,1,3,0,0,1,0,0,0
39189894,12.512713,0.0,15.0,0.028393758,0.9430432,1.0082034,nan,nan,0.0,0.0,0.0,0.0,0.0,0.0,0.0,0.0,0.0,0.0,0.0,0.0,0.0,0.0,0.0,0.0,0.0,0.0,0.0038385584,12.512713,12.529556,0.96086496,12.448578,0.07598305,0.44209734,0,0,0,0,0,0,0,0,0,0,1,3,0,0,1,0,0,0
39390231,12.496308,0.0,15.0,0.028393758,0.94516224,1.0078958,nan,nan,0.0,0.0,0.0,0.0,0.0,0.0,0.0,0.0,0.0,0.0,0.0,0.0,0.0,0.0,0.0,0.0,0.0,0.0,0.0038385584,12.496308,12.529556,0.96086496,12.448578,0.07598305,0.44209734,0,0,0,0,0,0,0,0,0,0,1,3,0,0,1,0,0,0
39589891,12.482637,0.0,15.0,0.028393758,0.9452891,1.0078773,nan,nan,0.0,0.0,0.0,0.0,0.0,0.0,0.0,0.0,0.0,0.0,0.0,0.0,0.0,0.0,0.0,0.0,0.0,0.0,0.0038385584,12.482637,12.529556,0.96086496,12.448578,0.07598305,0.44209734,0,0,0,0,0,0,0,0,0,0,1,3,0,0,1,0,0,0
39789891,12.515447,0.0,15.0,0.028393758,0.943994,1.0080655,nan,nan,0.0,0.0,0.0,0.0,0.0,0.0,0.0,0.0,0.0,0.0,0.0,0.0,0.0,0.0,0.0,0.0,0.0,0.0,0.0038385584,12.515447,12.529556,0.96086496,12.448578,0.07598305,0.44209734,0,0,0,0,0,0,0,0,0,0,1,3,0,0,1,0,0,0
39999892,12.56284,0.0,15.0,0.028393758,0.94603056,1.0077698,nan,nan,0.0,0.0,0.0,0.0,0.0,0.0,0.0,0.0,0.0,0.0,0.0,0.0,0.0,0.0,0.0,0.0,0.0,0.0,0.0038385584,12.56284,12.529556,0.96086496,12.448578,0.07598305,0.44209734,0,0,0,0,0,0,0,0,0,0,1,3,0,0,1,0,0,0
40199911,12.532764,0.0,15.0,0.028393758,0.94749635,1.0075573,nan,nan,0.0,0.0,0.0,0.0,0.0,0.0,0.0,0.0,0.0,0.0,0.0,0.0,0.0,0.0,0.0,0.0,0.0,0.0,0.0038385584,12.532764,12.529556,0.96086496,12.448578,0.07598305,0.44209734,0,0,0,0,0,0,0,0,0,0,1,3,0,0,1,0,0,0
40399892,12.503599,0.0,15.0,0.028409109,0.94835705,1.0074325,nan,nan,0.0,0.0,0.0,0.0,0.0,0.0,0.0,0.0,0.0,0.0,0.0,0.0,0.0,0.0,0.0,0.0,0.0,0.0,0.0038385584,12.503599,12.529417,0.96078724,12.52513,-0.009683609,0.44209734,0,0,0,0,0,0,0,0,0,0,1,3,0,0,1,0,0,0
40589892,12.454383,0.0,15.0,0.028409109,0.94753593,1.0075514,nan,nan,0.0,0.0,0.0,0.0,0.0,0.0,0.0,0.0,0.0,0.0,0.0,0.0,0.0,0.0,0.0,0.0,0.0,0.0,0.0038385584,12.454383,12.529417,0.96078724,12.52513,-0.009683609,0.44209734,0,0,0,0,0,0,0,0,0,0,1,3,0,0,1,0,0,0
40789891,12.5190935,0.0,15.0,0.028409109,0.94751066,1.0075551,nan,nan,0.0,0.0,0.0,0.0,0.0,0.0,0.0,0.0,0.0,0.0,0.0,0.0,0.0,0.0,0.0,0.0,0.0,0.0,0.0038385584,12.5190935,12.529417,0.96078724,12.52513,-0.009683609,0.44209734,0,0,0,0,0,0,0,0,0,0,1,3,0,0,1,0,0,0
40989891,12.531853,0.0,15.0,0.028409109,0.94795793,1.0074903,nan,nan,0.0,0.0,0.0,0.0,0.0,0.0,0.0,0.0,0.0,0.0,0.0,0.0,0.0,0.0,0.0,0.0,0.0,0.0,0.0038385584,12.531853,12.529417,0.96078724,12.52513,-0.009683609,0.44209734,0,0,0,0,0,0,0,0,0,0,1,3,0,0,1,0,0,0
41189901,12.576511,0.0,15.0,0.028409109,0.9486374,1.0073917,nan,nan,0.0,0.0,0.0,0.0,0.0,0.0,0.0,0.0,0.0,0.0,0.0,0.0,0.0,0.0,0.0,0.0,0.0,0.0,0.0038385584,12.576511,12.529417,0.96078724,12.52513,-0.009683609,0.44209734,0,0,0,0,0,0,0,0,0,0,1,3,0,0,1,0,0,0
41399891,12.544613,0.0,15.0,0.028409109,0.9488725,1.0073576,nan,nan,0.0,0.0,0.0,0.0,0.0,0.0,0.0,0.0,0.0,0.0,0.0,0.0,0.0,0.0,0.0,0.0,0.0,0.0,0.0038385584,12.544613,12.529417,0.96078724,12.52513,-0.009683609,0.44209734,0,0,0,0,0,0,0,0,0,0,1,3,0,0,1,0,0,0
41599912,12.534587,0.0,15.0,0.028409109,0.94997257,1.0071982,nan,nan,0.0,0.0,0.0,0.0,0.0,0.0,0.0,0.0,0.0,0.0,0.0,0.0,0.0,0.0,0.0,0.0,0.0,0.0,0.0038385584,12.534587,12.529417,0.96078724,12.52513,-0.009683609,0.44209734,0,0,0,0,0,0,0,0,0,0,1,3,0,0,1,0,0,0
41799975,12.539144,0.0,15.0,0.028409109,0.9502649,1.0071558,nan,nan,0.0,0.0,0.0,0.0,0.0,0.0,0.0,0.0,0.0,0.0,0.0,0.0,0.0,0.0,0.0,0.0,0.0,0.0,0.0038385584,12.539144,12.529417,0.96078724,12.52513,-0.009683609,0.44209734,0,0,0,0,0,0,0,0,0,0,1,3,0,0,1,0,0,0
41989907,12.499953,0.0,15.0,0.028577024,0.9508342,1.0070734,nan,nan,0.0,0.0,0.0,0.0,0.0,0.0,0.0,0.0,0.0,0.0,0.0,0.0,0.0,0.0,0.0,0.0,0.0,0.0,0.0038385584,12.499953,12.529538,0.96085495,12.514813,0.026153564,0.44209734,0,0,0,0,0,0,0,0,0,0,1,3,0,0,1,0,0,0
42189892,12.502687,0.0,15.0,0.028577024,0.94988436,1.007211,nan,nan,0.0,0.0,0.0,0.0,0.0,0.0,0.0,0.0,0.0,0.0,0.0,0.0,0.0,0.0,0.0,0.0,0.0,0.0,0.0038385584,12.502687,12.529538,0.96085495,12.514813,0.026153564,0.44209734,0,0,0,0,0,0,0,0,0,0,1,3,0,0,1,0,0,0
42390281,12.47808,0.0,15.0,0.028648218,0.94977325,1.0072271,nan,nan,0.0,0.0,0.0,0.0,0.0,0.0,0.0,0.0,0.0,0.0,0.0,0.0,0.0,0.0,0.0,0.0,0.0,0.0,0.0038385584,12.47808,12.529456,0.96080965,12.541368,-0.020451546,0.44209734,0,0,0,0,0,0,0,0,0,0,1,3,0,0,1,0,0,0
42589891,12.51089,0.0,15.0,0.028648218,0.9489483,1.0073467,nan,nan,0.0,0.0,0.0,0.0,0.0,0.0,0.0,0.0,0.0,0.0,0.0,0.0,0.0,0.0,0.0,0.0,0.0,0.0,0.0038385584,12.51089,12.529456,0.96080965,12.541368,-0.020451546,0.44209734,0,0,0,0,0,0,0,0,0,0,1,3,0,0,1,0,0,0
42799892,12.488105,0.0,15.0,0.028856797,0.94904035,1.0073333,nan,nan,0.0,0.0,0.0,0.0,0.0,0.0,0.0,0.0,0.0,0.0,0.0,0.0,0.0,0.0,0.0,0.0,0.0,0.0,0.0038385584,12.488105,12.529218,0.9606766,12.520347,-0.015835762,0.44209734,0,0,0,0,0,0,0,0,0,0,1,3,0,0,1,0,0,0
42999892,12.533675,0.0,15.0,0.028856797,0.9476585,1.0075337,nan,nan,0.0,0.0,0.0,0.0,0.0,0.0,0.0,0.0,0.0,0.0,0.0,0.0,0.0,0.0,0.0,0.0,0.0,0.0,0.0038385584,12.533675,12.529218,0.9606766,12.520347,-0.015835762,0.44209734,0,0,0,0,0,0,0,0,0,0,1,3,0,0,1,0,0,0
43199891,12.531853,0.0,15.0,0.028856797,0.94838804,1.0074279,nan,nan,0.0,0.0,0.0,0.0,0.0,0.0,0.0,0.0,0.0,0.0,0.0,0.0,0.0,0.0,0.0,0.0,0.0,0.0,0.0038385584,12.531853,12.529218,0.9606766,12.520347,-0.015835762,0.44209734,0,0,0,0,0,0,0,0,0,0,1,3,0,0,1,0,0,0
43389891,12.520004,0.0,15.0,0.029100915,0.94932264,1.0072924,nan,nan,0.0,0.0,0.0,0.0,0.0,0.0,0.0,0.0,0.0,0.0,0.0,0.0,0.0,0.0,0.0,0.0,0.0,0.0,0.0038385584,12.520004,12.529145,0.9606361,12.504364,0.016551971,0.44209734,0,0,0,0,0,0,0,0,0,0,1,3,0,0,1,0,0,0
43589893,12.473523,0.0,15.0,0.029467203,0.9495377,1.0072612,nan,nan,0.0,0.0,0.0,0.0,0.0,0.0,0.0,0.0,0.0,0.0,0.0,0.0,0.0,0.0,0.0,0.0,0.0,0.0,0.0038385584,12.473523,12.529323,0.9607348,12.52041,0.02511406,0.44209734,0,0,0,0,0,0,0,0,0,0,1,3,0,0,1,0,0,0
43789892,12.5190935,0.0,15.0,0.029467203,0.9492859,1.0072978,nan,nan,0.0,0.0,0.0,0.0,0.0,0.0,0.0,0.0,0.0,0.0,0.0,0.0,0.0,0.0,0.0,0.0,0.0,0.0,0.0038385584,12.5190935,12.529323,0.9607348,12.52041,0.02511406,0.44209734,0,0,0,0,0,0,0,0,0,0,1,3,0,0,1,0,0,0
43989891,12.511802,0.0,15.0,0.029467203,0.9496235,1.0072488,nan,nan,0.0,0.0,0.0,0.0,0.0,0.0,0.0,0.0,0.0,0.0,0.0,0.0,0.0,0.0,0.0,0.0,0.0,0.0,0.0038385584,12.511802,12.529323,0.9607348,12.52041,0.02511406,0.44209734,0,0,0,0,0,0,0,0,0,0,1,3,0,0,1,0,0,0
44200347,12.53641,0.0,15.0,0.029467203,0.9504413,1.0071303,nan,nan,0.0,0.0,0.0,0.0,0.0,0.0,0.0,0.0,0.0,0.0,0.0,0.0,0.0,0.0,0.0,0.0,0.0,0.0,0.0038385584,12.53641,12.529323,0.9607348,12.52041,0.02511406,0.44209734,0,0,0,0,0,0,0,0,0,0,1,3,0,0,1,0,0,0
44399980,12.485371,0.0,15.0,0.029467203,0.94921297,1.0073084,nan,nan,0.0,0.0,0.0,0.0,0.0,0.0,0.0,0.0,0.0,0.0,0.0,0.0,0.0,0.0,0.0,0.0,0.0,0.0,0.0038385584,12.485371,12.529323,0.9607348,12.52041,0.02511406,0.44209734,0,0,0,0,0,0,0,0,0,0,1,3,0,0,1,0,0,0
44599890,12.557372,0.0,15.0,0.029611364,0.950118,1.0071771,nan,nan,0.0,0.0,0.0,0.0,0.0,0.0,0.0,0.0,0.0,0.0,0.0,0.0,0.0,0.0,0.0,0.0,0.0,0.0,0.0038385584,12.557372,12.528834,0.96046394,12.466021,0.075858116,0.44209734,0,0,0,0,0,0,0,0,0,0,1,3,0,0,1,0,0,0
44789891,12.547346,0.0,15.0,0.029743645,0.95009655,1.0071802,nan,nan,0.0,0.0,0.0,0.0,0.0,0.0,0.0,0.0,0.0,0.0,0.0,0.0,0.0,0.0,0.0,0.0,0.0,0.0,0.0038385584,12.547346,12.5283575,0.9601993,12.5320635,-0.0548954,0.44209734,0,0,0,0,0,0,0,0,0,0,1,3,0,0,1,0,0,0
44989892,12.540967,0.0,15.0,0.029743645,0.94886774,1.0073583,nan,nan,0.0,0.0,0.0,0.0,0.0,0.0,0.0,0.0,0.0,0.0,0.0,0.0,0.0,0.0,0.0,0.0,0.0,0.0,0.0038385584,12.540967,12.5283575,0.9601993,12.5320635,-0.0548954,0.44209734,0,0,0,0,0,0,0,0,0,0,1,3,0,0,1,0,0,0
45189892,12.538232,0.0,15.0,0.02999796,0.9501619,1.0071708,nan,nan,0.0,0.0,0.0,0.0,0.0,0.0,0.0,0.0,0.0,0.0,0.0,0.0,0.0,0.0,0.0,0.0,0.0,0.0,0.0038385584,12.538232,12.528339,0.9601888,12.476282,0.04919052,0.44209734,0,0,0,0,0,0,0,0,0,0,1,3,0,0,1,0,0,0
45389938,12.460763,0.0,15.0,0.02999796,0.9512209,1.0070173,nan,nan,0.0,0.0,0.0,0.0,0.0,0.0,0.0,0.0,0.0,0.0,0.0,0.0,0.0,0.0,0.0,0.0,0.0,0.0,0.0038385584,12.460763,12.528339,0.9601888,12.476282,0.04919052,0.44209734,0,0,0,0,0,0,0,0,0,0,1,3,0,0,1,0,0,0
45599890,12.526384,0.0,15.0,0.03082269,0.9504017,1.007136,nan,nan,0.0,0.0,0.0,0.0,0.0,0.0,0.0,0.0,0.0,0.0,0.0,0.0,0.0,0.0,0.0,0.0,0.0,0.0,0.0038385584,12.526384,12.5278015,0.9598898,12.527684,-0.057807922,0.44209734,0,0,0,0,0,0,0,0,0,0,1,3,0,0,1,0,0,0
45800234,12.522738,0.0,15.0,0.031066857,0.94915146,1.0073172,nan,nan,0.0,0.0,0.0,0.0,0.0,0.0,0.0,0.0,0.0,0.0,0.0,0.0,0.0,0.0,0.0,0.0,0.0,0.0,0.0038385584,12.522738,12.5276985,0.9598326,12.47129,0.04506874,0.44209734,0,0,0,0,0,0,0,0,0,0,1,3,0,0,1,0,0,0
45999892,12.52365,0.0,15.0,0.03121439,0.9487075,1.0073816,nan,nan,0.0,0.0,0.0,0.0,0.0,0.0,0.0,0.0,0.0,0.0,0.0,0.0,0.0,0.0,0.0,0.0,0.0,0.0,0.0038385584,12.52365,12.52733,0.9596285,12.516759,-0.026830673,0.44209734,0,0,0,0,0,0,0,0,0,0,1,3,0,0,1,0,0,0
46189931,12.501776,0.0,15.0,0.03121439,0.94748205,1.0075593,nan,nan,0.0,0.0,0.0,0.0,0.0,0.0,0.0,0.0,0.0,0.0,0.0,0.0,0.0,0.0,0.0,0.0,0.0,0.0,0.0038385584,12.501776,12.52733,0.9596285,12.516759,-0.026830673,0.44209734,0,0,0,0,0,0,0,0,0,0,1,3,0,0,1,0,0,0
46389890,12.49084,0.0,15.0,0.032063887,0.9478354,1.007508,nan,nan,0.0,0.0,0.0,0.0,0.0,0.0,0.0,0.0,0.0,0.0,0.0,0.0,0.0,0.0,0.0,0.0,0.0,0.0,0.0038385584,12.49084,12.5274105,0.95967287,12.487018,0.04483509,0.44209734,0,0,0,0,0,0,0,0,0,0,1,3,0,0,1,0,0,0
46590098,12.529119,0.0,15.0,0.032063887,0.94614595,1.0077531,nan,nan,0.0,0.0,0.0,0.0,0.0,0.0,0.0,0.0,0.0,0.0,0.0,0.0,0.0,0.0,0.0,0.0,0.0,0.0,0.0038385584,12.529119,12.5274105,0.95967287,12.487018,0.04483509,0.44209734,0,0,0,0,0,0,0,0,0,0,1,3,0,0,1,0,0,0
46789891,12.499953,0.0,15.0,0.032063887,0.9466967,1.0076731,nan,nan,0.0,0.0,0.0,0.0,0.0,0.0,0.0,0.0,0.0,0.0,0.0,0.0,0.0,0.0,0.0,0.0,0.0,0.0,0.0038385584,12.499953,12.5274105,0.95967287,12.487018,0.04483509,0.44209734,0,0,0,0,0,0,0,0,0,0,1,3,0,0,1,0,0,0
46999911,12.553726,0.0,15.0,0.032063887,0.948039,1.0074785,nan,nan,0.0,0.0,0.0,0.0,0.0,0.0,0.0,0.0,0.0,0.0,0.0,0.0,0.0,0.0,0.0,0.0,0.0,0.0,0.0038385584,12.553726,12.5274105,0.95967287,12.487018,0.04483509,0.44209734,0,0,0,0,0,0,0,0,0,0,1,3,0,0,1,0,0,0
47199892,12.501776,0.0,15.0,0.03212496,0.9481234,1.0074663,nan,nan,0.0,0.0,0.0,0.0,0.0,0.0,0.0,0.0,0.0,0.0,0.0,0.0,0.0,0.0,0.0,0.0,0.0,0.0,0.0038385584,12.501776,12.526392,0.95910734,12.535122,-0.110816,0.44209734,0,0,0,0,0,0,0,0,0,0,1,3,0,0,1,0,0,0
47399891,12.520916,0.0,15.0,0.03248663,0.94921917,1.0073074,nan,nan,0.0,0.0,0.0,0.0,0.0,0.0,0.0,0.0,0.0,0.0,0.0,0.0,0.0,0.0,0.0,0.0,0.0,0.0,0.0038385584,12.520916,12.526903,0.95939106,12.423061,0.15345001,0.44209734,0,0,0,0,0,0,0,0,0,0,1,3,0,0,1,0,0,0
47589893,12.534587,0.0,15.0,0.03248663,0.94995207,1.0072012,nan,nan,0.0,0.0,0.0,0.0,0.0,0.0,0.0,0.0,0.0,0.0,0.0,0.0,0.0,0.0,0.0,0.0,0.0,0.0,0.0038385584,12.534587,12.526903,0.95939106,12.423061,0.15345001,0.44209734,0,0,0,0,0,0,0,0,0,0,1,3,0,0,1,0,0,0
47789900,12.52365,0.0,15.0,0.03248663,0.95034117,1.0071448,nan,nan,0.0,0.0,0.0,0.0,0.0,0.0,0.0,0.0,0.0,0.0,0.0,0.0,0.0,0.0,0.0,0.0,0.0,0.0,0.0038385584,12.52365,12.526903,0.95939106,12.423061,0.15345001,0.44209734,0,0,0,0,0,0,0,0,0,0,1,3,0,0,1,0,0,0
47989891,12.537322,0.0,15.0,0.03248663,0.95115036,1.0070275,nan,nan,0.0,0.0,0.0,0.0,0.0,0.0,0.0,0.0,0.0,0.0,0.0,0.0,0.0,0.0,0.0,0.0,0.0,0.0,0.0038385584,12.537322,12.526903,0.95939106,12.423061,0.15345001,0.44209734,0,0,0,0,0,0,0,0,0,0,1,3,0,0,1,0,0,0
48189892,12.512713,0.0,15.0,0.033124555,0.9510469,1.0070425,nan,nan,0.0,0.0,0.0,0.0,0.0,0.0,0.0,0.0,0.0,0.0,0.0,0.0,0.0,0.0,0.0,0.0,0.0,0.0,0.0038385584,12.512713,12.526965,0.9594249,12.538659,-0.026857376,0.44209734,0,0,0,0,0,0,0,0,0,0,1,3,0,0,1,0,0,0
48399892,12.516358,0.08240625,15.0,0.033353437,0.95111316,1.007033,nan,nan,0.0,0.0,0.0,0.0,0.0,0.0,0.0,0.0,0.0,0.0,0.0,0.0,0.0,0.0,0.0,0.0,0.0,0.0,0.0038385584,12.517307,12.52687,0.95937246,12.512033,0.004324913,0.44209734,0,0,0,0,0,0,0,0,0,0,1,3,0,0,1,0,0,0
48599892,12.551904,0.0,15.0,0.033353437,0.95057195,1.0071114,nan,nan,0.0,0.0,0.0,0.0,0.0,0.0,0.0,0.0,0.0,0.0,0.0,0.0,0.0,0.0,0.0,0.0,0.0,0.0,0.0038385584,12.551904,12.52687,0.95937246,12.512033,0.004324913,0.44209734,0,0,0,0,0,0,0,0,0,0,1,3,0,0,1,0,0,0
48799893,12.47808,0.03479375,15.0,0.033450097,0.9484362,1.0074209,nan,nan,0.0,0.0,0.0,0.0,0.0,0.0,0.0,0.0,0.0,0.0,0.0,0.0,0.0,0.0,0.0,0.0,0.0,0.0,0.0038385584,12.47848,12.526391,0.9591064,12.516907,-0.038826942,0.44209734,0,0,0,0,0,0,0,0,0,0,1,3,0,0,1,0,0,0
48989911,12.539144,0.0,15.0,0.033450097,0.9474749,1.0075604,nan,nan,0.0,0.0,0.0,0.0,0.0,0.0,0.0,0.0,0.0,0.0,0.0,0.0,0.0,0.0,0.0,0.0,0.0,0.0,0.0038385584,12.539144,12.526391,0.9591064,12.516907,-0.038826942,0.44209734,0,0,0,0,0,0,0,0,0,0,1,3,0,0,1,0,0,0
49190543,12.522738,0.0,15.0,0.033450097,0.9464645,1.0077069,nan,nan,0.0,0.0,0.0,0.0,0.0,0.0,0.0,0.0,0.0,0.0,0.0,0.0,0.0,0.0,0.0,0.0,0.0,0.0,0.0038385584,12.522738,12.526391,0.9591064,12.516907,-0.038826942,0.44209734,0,0,0,0,0,0,0,0,0,0,1,3,0,0,1,0,0,0
49389891,12.492661,0.0,15.0,0.033450097,0.9470343,1.0076241,nan,nan,0.0,0.0,0.0,0.0,0.0,0.0,0.0,0.0,0.0,0.0,0.0,0.0,0.0,0.0,0.0,0.0,0.0,0.0,0.0038385584,12.492661,12.526391,0.9591064,12.516907,-0.038826942,0.44209734,0,0,0,0,0,0,0,0,0,0,1,3,0,0,1,0,0,0
49589890,12.511802,0.0,15.0,0.034028117,0.948759,1.0073742,nan,nan,0.0,0.0,0.0,0.0,0.0,0.0,0.0,0.0,0.0,0.0,0.0,0.0,0.0,0.0,0.0,0.0,0.0,0.0,0.0038385584,12.511802,12.526307,0.95905966,12.476055,0.039391518,0.44209734,0,0,0,0,0,0,0,0,0,0,1,3,0,0,1,0,0,0
49799891,12.52365,0.0,15.0,0.034028117,0.9494671,1.0072714,nan,nan,0.0,0.0,0.0,0.0,0.0,0.0,0.0,0.0,0.0,0.0,0.0,0.0,0.0,0.0,0.0,0.0,0.0,0.0,0.0038385584,12.52365,12.526307,0.95905966,12.476055,0.039391518,0.44209734,0,0,0,0,0,0,0,0,0,0,1,3,0,0,1,0,0,0
49999892,12.515447,0.0,15.0,0.03405863,0.9501609,1.0071709,nan,nan,0.0,0.0,0.0,0.0,0.0,0.0,0.0,0.0,0.0,0.0,0.0,0.0,0.0,0.0,0.0,0.0,0.0,0.0,0.0038385584,12.515447,12.526345,0.9590811,12.517745,0.012284279,0.44209734,0,0,0,0,0,0,0,0,0,0,1,3,0,0,1,0,0,0
50199892,12.525473,0.0,15.0,0.03405863,0.95020384,1.0071647,nan,nan,0.0,0.0,0.0,0.0,0.0,0.0,0.0,0.0,0.0,0.0,0.0,0.0,0.0,0.0,0.0,0.0,0.0,0.0,0.0038385584,12.525473,12.526345,0.9590811,12.517745,0.012284279,0.44209734,0,0,0,0,0,0,0,0,0,0,1,3,0,0,1,0,0,0
50389892,12.441624,0.0,15.0,0.03405863,0.94945616,1.0072731,nan,nan,0.0,0.0,0.0,0.0,0.0,0.0,0.0,0.0,0.0,0.0,0.0,0.0,0.0,0.0,0.0,0.0,0.0,0.0,0.0038385584,12.441624,12.526345,0.9590811,12.517745,0.012284279,0.44209734,0,0,0,0,0,0,0,0,0,0,1,3,0,0,1,0,0,0
50589992,12.508156,0.0,15.0,0.03405863,0.9482097,1.0074537,nan,nan,0.0,0.0,0.0,0.0,0.0,0.0,0.0,0.0,0.0,0.0,0.0,0.0,0.0,0.0,0.0,0.0,0.0,0.0,0.0038385584,12.508156,12.526345,0.9590811,12.517745,0.012284279,0.44209734,0,0,0,0,0,0,0,0,0,0,1,3,0,0,1,0,0,0
50789891,12.537322,0.0,15.0,0.03405863,0.94882816,1.007364,nan,nan,0.0,0.0,0.0,0.0,0.0,0.0,0.0,0.0,0.0,0.0,0.0,0.0,0.0,0.0,0.0,0.0,0.0,0.0,0.0038385584,12.537322,12.526345,0.9590811,12.517745,0.012284279,0.44209734,0,0,0,0,0,0,0,0,0,0,1,3,0,0,1,0,0,0
50989893,12.530941,0.0,15.0,0.03405863,0.94864696,1.0073904,nan,nan,0.0,0.0,0.0,0.0,0.0,0.0,0.0,0.0,0.0,0.0,0.0,0.0,0.0,0.0,0.0,0.0,0.0,0.0,0.0038385584,12.530941,12.526345,0.9590811,12.517745,0.012284279,0.44209734,0,0,0,0,0,0,0,0,0,0,1,3,0,0,1,0,0,0
51199892,12.540967,0.0,15.0,0.03423158,0.94979995,1.0072232,nan,nan,0.0,0.0,0.0,0.0,0.0,0.0,0.0,0.0,0.0,0.0,0.0,0.0,0.0,0.0,0.0,0.0,0.0,0.0,0.0038385584,12.540967,12.526677,0.9592652,12.529439,0.029756546,0.44209734,0,0,0,0,0,0,0,0,0,0,1,3,0,0,1,0,0,0
51399892,12.467143,0.0,15.0,0.03423158,0.95057005,1.0071115,nan,nan,0.0,0.0,0.0,0.0,0.0,0.0,0.0,0.0,0.0,0.0,0.0,0.0,0.0,0.0,0.0,0.0,0.0,0.0,0.0038385584,12.467143,12.526677,0.9592652,12.529439,0.029756546,0.44209734,0,0,0,0,0,0,0,0,0,0,1,3,0,0,1,0,0,0
51599936,12.507244,0.0,15.0,0.03423158,0.950993,1.0070504,nan,nan,0.0,0.0,0.0,0.0,0.0,0.0,0.0,0.0,0.0,0.0,0.0,0.0,0.0,0.0,0.0,0.0,0.0,0.0,0.0038385584,12.507244,12.526677,0.9592652,12.529439,0.029756546,0.44209734,0,0,0,0,0,0,0,0,0,0,1,3,0,0,1,0,0,0
51789890,12.4990425,0.0,15.0,0.03423158,0.95068306,1.0070952,nan,nan,0.0,0.0,0.0,0.0,0.0,0.0,0.0,0.0,0.0,0.0,0.0,0.0,0.0,0.0,0.0,0.0,0.0,0.0,0.0038385584,12.4990425,12.526677,0.9592652,12.529439,0.029756546,0.44209734,0,0,0,0,0,0,0,0,0,0,1,3,0,0,1,0,0,0
51989890,12.525473,0.0,15.0,0.034281384,0.9514517,1.0069839,nan,nan,0.0,0.0,0.0,0.0,0.0,0.0,0.0,0.0,0.0,0.0,0.0,0.0,0.0,0.0,0.0,0.0,0.0,0.0,0.0038385584,12.525473,12.526548,0.95919365,12.513456,0.012928009,0.44209734,0,0,0,0,0,0,0,0,0,0,1,3,0,0,1,0,0,0
52189891,12.497219,0.0,15.0,0.034281384,0.95094055,1.0070579,nan,nan,0.0,0.0,0.0,0.0,0.0,0.0,0.0,0.0,0.0,0.0,0.0,0.0,0.0,0.0,0.0,0.0,0.0,0.0,0.0038385584,12.497219,12.526548,0.95919365,12.513456,0.012928009,0.44209734,0,0,0,0,0,0,0,0,0,0,1,3,0,0,1,0,0,0
52389905,12.495397,0.0,15.0,0.034281384,0.9508824,1.0070664,nan,nan,0.0,0.0,0.0,0.0,0.0,0.0,0.0,0.0,0.0,0.0,0.0,0.0,0.0,0.0,0.0,0.0,0.0,0.0,0.0038385584,12.495397,12.526548,0.95919365,12.513456,0.012928009,0.44209734,0,0,0,0,0,0,0,0,0,0,1,3,0,0,1,0,0,0
52599906,12.482637,0.0,15.0,0.034296624,0.95075077,1.0070854,nan,nan,0.0,0.0,0.0,0.0,0.0,0.0,0.0,0.0,0.0,0.0,0.0,0.0,0.0,0.0,0.0,0.0,0.0,0.0,0.0038385584,12.482637,12.526421,0.9591231,12.526511,-0.012886047,0.44209734,0,0,0,0,0,0,0,0,0,0,1,3,0,0,1,0,0,0
52799892,12.532764,0.0,15.0,0.034296624,0.9504599,1.0071276,nan,nan,0.0,0.0,0.0,0.0,0.0,0.0,0.0,0.0,0.0,0.0,0.0,0.0,0.0,0.0,0.0,0.0,0.0,0.0,0.0038385584,12.532764,12.526421,0.9591231,12.526511,-0.012886047,0.44209734,0,0,0,0,0,0,0,0,0,0,1,3,0,0,1,0,0,0
52999892,12.492661,0.0,15.0,0.034296624,0.95105594,1.0070412,nan,nan,0.0,0.0,0.0,0.0,0.0,0.0,0.0,0.0,0.0,0.0,0.0,0.0,0.0,0.0,0.0,0.0,0.0,0.0,0.0038385584,12.492661,12.526421,0.9591231,12.526511,-0.012886047,0.44209734,0,0,0,0,0,0,0,0,0,0,1,3,0,0,1,0,0,0
53189891,12.509068,0.0,15.0,0.034296624,0.95127195,1.00701,nan,nan,0.0,0.0,0.0,0.0,0.0,0.0,0.0,0.0,0.0,0.0,0.0,0.0,0.0,0.0,0.0,0.0,0.0,0.0,0.0038385584,12.509068,12.526421,0.9591231,12.526511,-0.012886047,0.44209734,0,0,0,0,0,0,0,0,0,0,1,3,0,0,1,0,0,0
53389892,12.451649,0.0,15.0,0.034296624,0.9495515,1.0072592,nan,nan,0.0,0.0,0.0,0.0,0.0,0.0,0.0,0.0,0.0,0.0,0.0,0.0,0.0,0.0,0.0,0.0,0.0,0.0,0.0038385584,12.451649,12.526421,0.9591231,12.526511,-0.012886047,0.44209734,0,0,0,0,0,0,0,0,0,0,1,3,0,0,1,0,0,0
53589892,12.511802,0.0,15.0,0.034296624,0.9488601,1.0073595,nan,nan,0.0,0.0,0.0,0.0,0.0,0.0,0.0,0.0,0.0,0.0,0.0,0.0,0.0,0.0,0.0,0.0,0.0,0.0,0.0038385584,12.511802,12.526421,0.9591231,12.526511,-0.012886047,0.44209734,0,0,0,0,0,0,0,0,0,0,1,3,0,0,1,0,0,0
53789891,12.475346,0.0,15.0,0.034296624,0.94809526,1.0074704,nan,nan,0.0,0.0,0.0,0.0,0.0,0.0,0.0,0.0,0.0,0.0,0.0,0.0,0.0,0.0,0.0,0.0,0.0,0.0,0.0038385584,12.475346,12.526421,0.9591231,12.526511,-0.012886047,0.44209734,0,0,0,0,0,0,0,0,0,0,1,3,0,0,1,0,0,0
54000552,12.520916,0.0,15.0,0.034296624,0.9458112,1.0078017,nan,nan,0.0,0.0,0.0,0.0,0.0,0.0,0.0,0.0,0.0,0.0,0.0,0.0,0.0,0.0,0.0,0.0,0.0,0.0,0.0038385584,12.520916,12.526421,0.9591231,12.526511,-0.012886047,0.44209734,0,0,0,0,0,0,0,0,0,0,1,3,0,0,1,0,0,0
54199893,12.532764,0.0,15.0,0.03432704,0.9457063,1.0078168,nan,nan,0.0,0.0,0.0,0.0,0.0,0.0,0.0,0.0,0.0,0.0,0.0,0.0,0.0,0.0,0.0,0.0,0.0,0.0,0.0038385584,12.532764,12.526278,0.95904344,12.513561,-0.0017595291,0.44209734,0,0,0,0,0,0,0,0,0,0,1,3,0,0,1,0,0,0
54399891,12.482637,0.0,15.0,0.03432704,0.9462771,1.0077341,nan,nan,0.0,0.0,0.0,0.0,0.0,0.0,0.0,0.0,0.0,0.0,0.0,0.0,0.0,0.0,0.0,0.0,0.0,0.0,0.0038385584,12.482637,12.526278,0.95904344,12.513561,-0.0017595291,0.44209734,0,0,0,0,0,0,0,0,0,0,1,3,0,0,1,0,0,0
54589891,12.520916,0.0,15.0,0.03432704,0.94741195,1.0075694,nan,nan,0.0,0.0,0.0,0.0,0.0,0.0,0.0,0.0,0.0,0.0,0.0,0.0,0.0,0.0,0.0,0.0,0.0,0.0,0.0038385584,12.520916,12.526278,0.95904344,12.513561,-0.0017595291,0.44209734,0,0,0,0,0,0,0,0,0,0,1,3,0,0,1,0,0,0
54789892,12.530941,0.0,15.0,0.03432704,0.94905704,1.0073309,nan,nan,0.0,0.0,0.0,0.0,0.0,0.0,0.0,0.0,0.0,0.0,0.0,0.0,0.0,0.0,0.0,0.0,0.0,0.0,0.0038385584,12.530941,12.526278,0.95904344,12.513561,-0.0017595291,0.44209734,0,0,0,0,0,0,0,0,0,0,1,3,0,0,1,0,0,0
54989893,12.551904,0.109875,15.0,0.034784824,0.9500107,1.0071927,nan,nan,0.0,0.0,0.0,0.0,0.0,0.0,0.0,0.0,0.0,0.0,0.0,0.0,0.0,0.0,0.0,0.0,0.0,0.0,0.0038385584,12.553169,12.526524,0.9591803,12.523017,0.028886795,0.44209734,0,0,0,0,0,0,0,0,0,0,1,3,0,0,1,0,0,0
55189910,12.488105,0.0,15.0,0.034784824,0.9496283,1.007248,nan,nan,0.0,0.0,0.0,0.0,0.0,0.0,0.0,0.0,0.0,0.0,0.0,0.0,0.0,0.0,0.0,0.0,0.0,0.0,0.0038385584,12.488105,12.526524,0.9591803,12.523017,0.028886795,0.44209734,0,0,0,0,0,0,0,0,0,0,1,3,0,0,1,0,0,0
55399892,12.514537,0.0,15.0,0.035003558,0.9500169,1.0071918,nan,nan,0.0,0.0,0.0,0.0,0.0,0.0,0.0,0.0,0.0,0.0,0.0,0.0,0.0,0.0,0.0,0.0,0.0,0.0,0.0038385584,12.514537,12.52608,0.9589338,12.507461,-0.008418083,0.44209734,0,0,0,0,0,0,0,0,0,0,1,3,0,0,1,0,0,0
55599892,12.518182,0.0,15.0,0.035003558,0.9492406,1.0073043,nan,nan,0.0,0.0,0.0,0.0,0.0,0.0,0.0,0.0,0.0,0.0,0.0,0.0,0.0,0.0,0.0,0.0,0.0,0.0,0.0038385584,12.518182,12.52608,0.9589338,12.507461,-0.008418083,0.44209734,0,0,0,0,0,0,0,0,0,0,1,3,0,0,1,0,0,0
55799891,12.52365,0.0,15.0,0.035003558,0.9467358,1.0076675,nan,nan,0.0,0.0,0.0,0.0,0.0,0.0,0.0,0.0,0.0,0.0,0.0,0.0,0.0,0.0,0.0,0.0,0.0,0.0,0.0038385584,12.52365,12.52608,0.9589338,12.507461,-0.008418083,0.44209734,0,0,0,0,0,0,0,0,0,0,1,3,0,0,1,0,0,0
55989892,12.503599,0.0,15.0,0.035003558,0.947401,1.0075711,nan,nan,0.0,0.0,0.0,0.0,0.0,0.0,0.0,0.0,0.0,0.0,0.0,0.0,0.0,0.0,0.0,0.0,0.0,0.0,0.0038385584,12.503599,12.52608,0.9589338,12.507461,-0.008418083,0.44209734,0,0,0,0,0,0,0,0,0,0,1,3,0,0,1,0,0,0
56189918,12.466231,0.0,15.0,0.035100207,0.9483418,1.0074346,nan,nan,0.0,0.0,0.0,0.0,0.0,0.0,0.0,0.0,0.0,0.0,0.0,0.0,0.0,0.0,0.0,0.0,0.0,0.0,0.0038385584,12.466231,12.526141,0.95896715,12.499443,0.032409668,0.44209734,0,0,0,0,0,0,0,0,0,0,1,3,0,0,1,0,0,0
56390029,12.504511,0.0,15.0,0.035100207,0.94968027,1.0072407,nan,nan,0.0,0.0,0.0,0.0,0.0,0.0,0.0,0.0,0.0,0.0,0.0,0.0,0.0,0.0,0.0,0.0,0.0,0.0,0.0038385584,12.504511,12.526141,0.95896715,12.499443,0.032409668,0.44209734,0,0,0,0,0,0,0,0,0,0,1,3,0,0,1,0,0,0
56589893,12.539144,0.0,15.0,0.03574539,0.9515614,1.006968,nan,nan,0.0,0.0,0.0,0.0,0.0,0.0,0.0,0.0,0.0,0.0,0.0,0.0,0.0,0.0,0.0,0.0,0.0,0.0,0.0038385584,12.539144,12.525938,0.9588546,12.525121,-0.018787384,0.44209734,0,0,0,0,0,0,0,0,0,0,1,3,0,0,1,0,0,0
56799892,12.51089,0.0,15.0,0.036183123,0.9530234,1.0067563,nan,nan,0.0,0.0,0.0,0.0,0.0,0.0,0.0,0.0,0.0,0.0,0.0,0.0,0.0,0.0,0.0,0.0,0.0,0.0,0.0038385584,12.51089,12.526795,0.95933145,12.607989,-0.07887077,0.44209734,0,0,0,0,0,0,0,0,0,0,1,3,0,0,1,0,0,0
56999894,12.513625,0.080575,15.0,0.03702218,0.95396036,1.0066206,nan,nan,0.0,0.0,0.0,0.0,0.0,0.0,0.0,0.0,0.0,0.0,0.0,0.0,0.0,0.0,0.0,0.0,0.0,0.0,0.0038385584,12.514553,12.526811,0.9593391,12.539856,-0.026230812,0.44209734,0,0,0,0,0,0,0,0,0,0,1,3,0,0,1,0,0,0
57199909,12.520004,0.0,15.0,0.037528332,0.95361227,1.006671,nan,nan,0.0,0.0,0.0,0.0,0.0,0.0,0.0,0.0,0.0,0.0,0.0,0.0,0.0,0.0,0.0,0.0,0.0,0.0,0.0038385584,12.520004,12.526129,0.95896095,12.526005,-0.06979942,0.44209734,0,0,0,0,0,0,0,0,0,0,1,3,0,0,1,0,0,0
57400053,12.529119,0.0,15.0,0.037569035,0.9526796,1.0068061,nan,nan,0.0,0.0,0.0,0.0,0.0,0.0,0.0,0.0,0.0,0.0,0.0,0.0,0.0,0.0,0.0,0.0,0.0,0.0,0.0038385584,12.529119,12.525562,0.95864624,12.478123,0.038235664,0.44209734,0,0,0,0,0,0,0,0,0,0,1,3,0,0,1,0,0,0
57589948,12.498131,0.0,15.0,0.037624888,0.95249504,1.0068328,nan,nan,0.0,0.0,0.0,0.0,0.0,0.0,0.0,0.0,0.0,0.0,0.0,0.0,0.0,0.0,0.0,0.0,0.0,0.0,0.0038385584,12.498131,12.525744,0.9587473,12.51619,0.027511597,0.44209734,0,0,0,0,0,0,0,0,0,0,1,3,0,0,1,0,0,0
57789907,12.533675,0.09705625,15.0,0.03810789,0.9527382,1.0067976,nan,nan,0.0,0.0,0.0,0.0,0.0,0.0,0.0,0.0,0.0,0.0,0.0,0.0,0.0,0.0,0.0,0.0,0.0,0.0,0.0038385584,12.534793,12.525903,0.95883554,12.531621,0.0020542145,0.44209734,0,0,0,0,0,0,0,0,0,0,1,3,0,0,1,0,0,0
57989891,12.504511,0.0,15.0,0.038194366,0.9523415,1.006855,nan,nan,0.0,0.0,0.0,0.0,0.0,0.0,0.0,0.0,0.0,0.0,0.0,0.0,0.0,0.0,0.0,0.0,0.0,0.0,0.0038385584,12.504511,12.525857,0.9588098,12.534434,-0.013518333,0.44209734,0,0,0,0,0,0,0,0,0,0,1,3,0,0,1,0,0,0
58199893,12.457117,0.0,15.0,0.038352087,0.9503836,1.0071387,nan,nan,0.0,0.0,0.0,0.0,0.0,0.0,0.0,0.0,0.0,0.0,0.0,0.0,0.0,0.0,0.0,0.0,0.0,0.0,0.0038385584,12.457117,12.525614,0.95867485,12.50606,0.013944626,0.44209734,0,0,0,0,0,0,0,0,0,0,1,3,0,0,1,0,0,0
58399892,12.52365,0.0,15.0,0.038352087,0.9494299,1.0072769,nan,nan,0.0,0.0,0.0,0.0,0.0,0.0,0.0,0.0,0.0,0.0,0.0,0.0,0.0,0.0,0.0,0.0,0.0,0.0,0.0038385584,12.52365,12.525614,0.95867485,12.50606,0.013944626,0.44209734,0,0,0,0,0,0,0,0,0,0,1,3,0,0,1,0,0,0
58599909,12.51727,0.0,15.0,0.038352087,0.9488339,1.0073633,nan,nan,0.0,0.0,0.0,0.0,0.0,0.0,0.0,0.0,0.0,0.0,0.0,0.0,0.0,0.0,0.0,0.0,0.0,0.0,0.0038385584,12.51727,12.525614,0.95867485,12.50606,0.013944626,0.44209734,0,0,0,0,0,0,0,0,0,0,1,3,0,0,1,0,0,0
58790741,12.489928,0.0,15.0,0.038352087,0.9480342,1.0074792,nan,nan,0.0,0.0,0.0,0.0,0.0,0.0,0.0,0.0,0.0,0.0,0.0,0.0,0.0,0.0,0.0,0.0,0.0,0.0,0.0038385584,12.489928,12.525614,0.95867485,12.50606,0.013944626,0.44209734,0,0,0,0,0,0,0,0,0,0,1,3,0,0,1,0,0,0
58990117,12.527296,0.0,15.0,0.038352087,0.9474229,1.0075678,nan,nan,0.0,0.0,0.0,0.0,0.0,0.0,0.0,0.0,0.0,0.0,0.0,0.0,0.0,0.0,0.0,0.0,0.0,0.0,0.0038385584,12.527296,12.525614,0.95867485,12.50606,0.013944626,0.44209734,0,0,0,0,0,0,0,0,0,0,1,3,0,0,1,0,0,0
59189892,12.506333,0.0,15.0,0.038463425,0.94573206,1.0078131,nan,nan,0.0,0.0,0.0,0.0,0.0,0.0,0.0,0.0,0.0,0.0,0.0,0.0,0.0,0.0,0.0,0.0,0.0,0.0,0.0038385584,12.506333,12.525392,0.9585509,12.520004,-0.017316818,0.44209734,0,0,0,0,0,0,0,0,0,0,1,3,0,0,1,0,0,0
59389891,12.495397,0.0,15.0,0.038463425,0.9460425,1.007768,nan,nan,0.0,0.0,0.0,0.0,0.0,0.0,0.0,0.0,0.0,0.0,0.0,0.0,0.0,0.0,0.0,0.0,0.0,0.0,0.0038385584,12.495397,12.525392,0.9585509,12.520004,-0.017316818,0.44209734,0,0,0,0,0,0,0,0,0,0,1,3,0,0,1,0,0,0
59599895,12.560107,0.0,15.0,0.038509205,0.94651693,1.0076993,nan,nan,0.0,0.0,0.0,0.0,0.0,0.0,0.0,0.0,0.0,0.0,0.0,0.0,0.0,0.0,0.0,0.0,0.0,0.0,0.0038385584,12.560107,12.525241,0.9584674,12.502961,0.0070180893,0.44209734,0,0,0,0,0,0,0,0,0,0,1,3,0,0,1,0,0,0
59799892,12.526384,0.0,15.0,0.0385957,0.9480271,1.0074803,nan,nan,0.0,0.0,0.0,0.0,0.0,0.0,0.0,0.0,0.0,0.0,0.0,0.0,0.0,0.0,0.0,0.0,0.0,0.0,0.0038385584,12.526384,12.525554,0.95864147,12.50981,0.046649933,0.44209734,0,0,0,0,0,0,0,0,0,0,1,3,0,0,1,0,0,0
59999913,12.506333,0.17946249,15.0,0.039379522,0.94815344,1.0074619,nan,nan,0.0,0.0,0.0,0.0,0.0,0.0,0.0,0.0,0.0,0.0,0.0,0.0,0.0,0.0,0.0,0.0,0.0,0.0,0.0038385584,12.5084,12.524947,0.95830435,12.479016,0.027317047,0.44209734,0,0,0,0,0,0,0,0,0,0,1,3,0,0,1,0,0,0
60189896,12.493573,0.016481249,15.0,0.039603423,0.94862646,1.0073934,nan,nan,0.0,0.0,0.0,0.0,0.0,0.0,0.0,0.0,0.0,0.0,0.0,0.0,0.0,0.0,0.0,0.0,0.0,0.0,0.0038385584,12.493763,12.524168,0.9578714,12.476806,0.016767502,0.44209734,0,0,0,0,0,0,0,0,0,0,1,3,0,0,1,0,0,0
60389890,12.458029,0.0,15.0,0.039603423,0.94803184,1.0074795,nan,nan,0.0,0.0,0.0,0.0,0.0,0.0,0.0,0.0,0.0,0.0,0.0,0.0,0.0,0.0,0.0,0.0,0.0,0.0,0.0038385584,12.458029,12.524168,0.9578714,12.476806,0.016767502,0.44209734,0,0,0,0,0,0,0,0,0,0,1,3,0,0,1,0,0,0
60589890,12.5190935,0.0,15.0,0.039603423,0.9481763,1.0074586,nan,nan,0.0,0.0,0.0,0.0,0.0,0.0,0.0,0.0,0.0,0.0,0.0,0.0,0.0,0.0,0.0,0.0,0.0,0.0,0.0038385584,12.5190935,12.524168,0.9578714,12.476806,0.016767502,0.44209734,0,0,0,0,0,0,0,0,0,0,1,3,0,0,1,0,0,0
60790517,12.574689,0.04395,15.0,0.040160343,0.9488935,1.0073546,nan,nan,0.0,0.0,0.0,0.0,0.0,0.0,0.0,0.0,0.0,0.0,0.0,0.0,0.0,0.0,0.0,0.0,0.0,0.0,0.0038385584,12.575195,12.524694,0.9581637,12.5258255,0.04886341,0.44209734,0,0,0,0,0,0,0,0,0,0,1,3,0,0,1,0,0,0
60999892,12.504511,0.0,15.0,0.040160343,0.9499511,1.0072013,nan,nan,0.0,0.0,0.0,0.0,0.0,0.0,0.0,0.0,0.0,0.0,0.0,0.0,0.0,0.0,0.0,0.0,0.0,0.0,0.0038385584,12.504511,12.524694,0.9581637,12.5258255,0.04886341,0.44209734,0,0,0,0,0,0,0,0,0,0,1,3,0,0,1,0,0,0
61199892,12.501776,0.0,15.0,0.040160343,0.949058,1.0073308,nan,nan,0.0,0.0,0.0,0.0,0.0,0.0,0.0,0.0,0.0,0.0,0.0,0.0,0.0,0.0,0.0,0.0,0.0,0.0,0.0038385584,12.501776,12.524694,0.9581637,12.5258255,0.04886341,0.44209734,0,0,0,0,0,0,0,0,0,0,1,3,0,0,1,0,0,0
61399892,12.530029,0.0,15.0,0.040160343,0.9489936,1.0073401,nan,nan,0.0,0.0,0.0,0.0,0.0,0.0,0.0,0.0,0.0,0.0,0.0,0.0,0.0,0.0,0.0,0.0,0.0,0.0,0.0038385584,12.530029,12.524694,0.9581637,12.5258255,0.04886341,0.44209734,0,0,0,0,0,0,0,0,0,0,1,3,0,0,1,0,0,0
61589891,12.507244,0.0,15.0,0.04056224,0.948121,1.0074667,nan,nan,0.0,0.0,0.0,0.0,0.0,0.0,0.0,0.0,0.0,0.0,0.0,0.0,0.0,0.0,0.0,0.0,0.0,0.0,0.0038385584,12.507244,12.52394,0.957745,12.438851,0.09208965,0.44209734,0,0,0,0,0,0,0,0,0,0,1,3,0,0,1,0,0,0
61789890,12.473523,0.0,15.0,0.040903088,0.9484491,1.007419,nan,nan,0.0,0.0,0.0,0.0,0.0,0.0,0.0,0.0,0.0,0.0,0.0,0.0,0.0,0.0,0.0,0.0,0.0,0.0,0.0038385584,12.473523,12.524269,0.95792764,12.557867,-0.036951065,0.44209734,0,0,0,0,0,0,0,0,0,0,1,3,0,0,1,0,0,0
61989892,12.502687,0.0,15.0,0.04129069,0.94885916,1.0073596,nan,nan,0.0,0.0,0.0,0.0,0.0,0.0,0.0,0.0,0.0,0.0,0.0,0.0,0.0,0.0,0.0,0.0,0.0,0.0,0.0038385584,12.502687,12.524198,0.95788807,12.520683,-0.0052366257,0.44209734,0,0,0,0,0,0,0,0,0,0,1,3,0,0,1,0,0,0
62189892,12.52365,0.0,15.0,0.04140259,0.94948286,1.0072691,nan,nan,0.0,0.0,0.0,0.0,0.0,0.0,0.0,0.0,0.0,0.0,0.0,0.0,0.0,0.0,0.0,0.0,0.0,0.0,0.0038385584,12.52365,12.524413,0.9580073,12.516586,0.02893734,0.44209734,0,0,0,0,0,0,0,0,0,0,1,3,0,0,1,0,0,0
62399894,12.498131,0.0,15.0,0.04140259,0.9493608,1.0072869,nan,nan,0.0,0.0,0.0,0.0,0.0,0.0,0.0,0.0,0.0,0.0,0.0,0.0,0.0,0.0,0.0,0.0,0.0,0.0,0.0038385584,12.498131,12.524413,0.9580073,12.516586,0.02893734,0.44209734,0,0,0,0,0,0,0,0,0,0,1,3,0,0,1,0,0,0
62599892,12.524561,0.0,15.0,0.041596014,0.94899887,1.0073394,nan,nan,0.0,0.0,0.0,0.0,0.0,0.0,0.0,0.0,0.0,0.0,0.0,0.0,0.0,0.0,0.0,0.0,0.0,0.0,0.0038385584,12.524561,12.523893,0.9577188,12.510848,-0.026389122,0.44209734,0,0,0,0,0,0,0,0,0,0,1,3,0,0,1,0,0,0
62799892,12.501776,0.0,15.0,0.041596014,0.94904655,1.0073324,nan,nan,0.0,0.0,0.0,0.0,0.0,0.0,0.0,0.0,0.0,0.0,0.0,0.0,0.0,0.0,0.0,0.0,0.0,0.0,0.0038385584,12.501776,12.523893,0.9577188,12.510848,-0.026389122,0.44209734,0,0,0,0,0,0,0,0,0,0,1,3,0,0,1,0,0,0
62989892,12.516358,0.0,15.0,0.041596014,0.95036834,1.0071409,nan,nan,0.0,0.0,0.0,0.0,0.0,0.0,0.0,0.0,0.0,0.0,0.0,0.0,0.0,0.0,0.0,0.0,0.0,0.0,0.0038385584,12.516358,12.523893,0.9577188,12.510848,-0.026389122,0.44209734,0,0,0,0,0,0,0,0,0,0,1,3,0,0,1,0,0,0
63189895,12.558284,0.0,15.0,0.041677393,0.9509191,1.007061,nan,nan,0.0,0.0,0.0,0.0,0.0,0.0,0.0,0.0,0.0,0.0,0.0,0.0,0.0,0.0,0.0,0.0,0.0,0.0,0.0038385584,12.558284,12.523786,0.9576592,12.484543,0.028170586,0.44209734,0,0,0,0,0,0,0,0,0,0,1,3,0,0,1,0,0,0
63389891,12.522738,0.0,15.0,0.041885953,0.9508061,1.0070775,nan,nan,0.0,0.0,0.0,0.0,0.0,0.0,0.0,0.0,0.0,0.0,0.0,0.0,0.0,0.0,0.0,0.0,0.0,0.0,0.0038385584,12.522738,12.52364,0.9575781,12.512186,-0.0040302277,0.44209734,0,0,0,0,0,0,0,0,0,0,1,3,0,0,1,0,0,0
63589892,12.527296,0.0,15.0,0.041885953,0.9505176,1.0071192,nan,nan,0.0,0.0,0.0,0.0,0.0,0.0,0.0,0.0,0.0,0.0,0.0,0.0,0.0,0.0,0.0,0.0,0.0,0.0,0.0038385584,12.527296,12.52364,0.9575781,12.512186,-0.0040302277,0.44209734,0,0,0,0,0,0,0,0,0,0,1,3,0,0,1,0,0,0
63800268,12.525473,0.0,15.0,0.041992724,0.94989294,1.0072098,nan,nan,0.0,0.0,0.0,0.0,0.0,0.0,0.0,0.0,0.0,0.0,0.0,0.0,0.0,0.0,0.0,0.0,0.0,0.0,0.0038385584,12.525473,12.524132,0.95785135,12.508578,0.06428814,0.44209734,0,0,0,0,0,0,0,0,0,0,1,3,0,0,1,0,0,0
63999901,12.515447,0.0,15.0,0.041992724,0.94911426,1.0073227,nan,nan,0.0,0.0,0.0,0.0,0.0,0.0,0.0,0.0,0.0,0.0,0.0,0.0,0.0,0.0,0.0,0.0,0.0,0.0,0.0038385584,12.515447,12.524132,0.95785135,12.508578,0.06428814,0.44209734,0,0,0,0,0,0,0,0,0,0,1,3,0,0,1,0,0,0
64200307,12.5190935,0.0,15.0,0.041992724,0.9489364,1.0073484,nan,nan,0.0,0.0,0.0,0.0,0.0,0.0,0.0,0.0,0.0,0.0,0.0,0.0,0.0,0.0,0.0,0.0,0.0,0.0,0.0038385584,12.5190935,12.524132,0.95785135,12.508578,0.06428814,0.44209734,0,0,0,0,0,0,0,0,0,0,1,3,0,0,1,0,0,0
64389893,12.4990425,0.0,15.0,0.04211422,0.94868416,1.0073849,nan,nan,0.0,0.0,0.0,0.0,0.0,0.0,0.0,0.0,0.0,0.0,0.0,0.0,0.0,0.0,0.0,0.0,0.0,0.0,0.0038385584,12.4990425,12.524077,0.9578213,12.572803,-0.054620743,0.44209734,0,0,0,0,0,0,0,0,0,0,1,3,0,0,1,0,0,0
64589892,12.500865,0.0,15.0,0.04211422,0.94770044,1.0075276,nan,nan,0.0,0.0,0.0,0.0,0.0,0.0,0.0,0.0,0.0,0.0,0.0,0.0,0.0,0.0,0.0,0.0,0.0,0.0,0.0038385584,12.500865,12.524077,0.9578213,12.572803,-0.054620743,0.44209734,0,0,0,0,0,0,0,0,0,0,1,3,0,0,1,0,0,0
64789893,12.482637,0.0,15.0,0.04211422,0.9466786,1.0076759,nan,nan,0.0,0.0,0.0,0.0,0.0,0.0,0.0,0.0,0.0,0.0,0.0,0.0,0.0,0.0,0.0,0.0,0.0,0.0,0.0038385584,12.482637,12.524077,0.9578213,12.572803,-0.054620743,0.44209734,0,0,0,0,0,0,0,0,0,0,1,3,0,0,1,0,0,0
64989891,12.493573,0.0,15.0,0.042129487,0.94687885,1.0076468,nan,nan,0.0,0.0,0.0,0.0,0.0,0.0,0.0,0.0,0.0,0.0,0.0,0.0,0.0,0.0,0.0,0.0,0.0,0.0,0.0038385584,12.493573,12.524453,0.9580297,12.518625,0.04330349,0.44209734,0,0,0,0,0,0,0,0,0,0,1,3,0,0,1,0,0,0
65199893,12.543701,0.0,15.0,0.04291419,0.947401,1.0075711,nan,nan,0.0,0.0,0.0,0.0,0.0,0.0,0.0,0.0,0.0,0.0,0.0,0.0,0.0,0.0,0.0,0.0,0.0,0.0,0.0038385584,12.543701,12.524268,0.95792717,12.543516,-0.060878754,0.44209734,0,0,0,0,0,0,0,0,0,0,1,3,0,0,1,0,0,0
65399894,12.525473,0.0,15.0,0.043021,0.9483108,1.0074391,nan,nan,0.0,0.0,0.0,0.0,0.0,0.0,0.0,0.0,0.0,0.0,0.0,0.0,0.0,0.0,0.0,0.0,0.0,0.0,0.0038385584,12.525473,12.524248,0.9579157,12.484367,0.037460327,0.44209734,0,0,0,0,0,0,0,0,0,0,1,3,0,0,1,0,0,0
65599893,12.509979,0.0,15.0,0.043021,0.947771,1.0075173,nan,nan,0.0,0.0,0.0,0.0,0.0,0.0,0.0,0.0,0.0,0.0,0.0,0.0,0.0,0.0,0.0,0.0,0.0,0.0,0.0038385584,12.509979,12.524248,0.9579157,12.484367,0.037460327,0.44209734,0,0,0,0,0,0,0,0,0,0,1,3,0,0,1,0,0,0
65789892,12.530941,0.0,15.0,0.043021,0.9475321,1.007552,nan,nan,0.0,0.0,0.0,0.0,0.0,0.0,0.0,0.0,0.0,0.0,0.0,0.0,0.0,0.0,0.0,0.0,0.0,0.0,0.0038385584,12.530941,12.524248,0.9579157,12.484367,0.037460327,0.44209734,0,0,0,0,0,0,0,0,0,0,1,3,0,0,1,0,0,0
65989891,12.5190935,0.0,15.0,0.043021,0.94830126,1.0074404,nan,nan,0.0,0.0,0.0,0.0,0.0,0.0,0.0,0.0,0.0,0.0,0.0,0.0,0.0,0.0,0.0,0.0,0.0,0.0,0.0038385584,12.5190935,12.524248,0.9579157,12.484367,0.037460327,0.44209734,0,0,0,0,0,0,0,0,0,0,1,3,0,0,1,0,0,0
66190010,12.513625,0.0,15.0,0.043021,0.9485745,1.0074009,nan,nan,0.0,0.0,0.0,0.0,0.0,0.0,0.0,0.0,0.0,0.0,0.0,0.0,0.0,0.0,0.0,0.0,0.0,0.0,0.0038385584,12.513625,12.524248,0.9579157,12.484367,0.037460327,0.44209734,0,0,0,0,0,0,0,0,0,0,1,3,0,0,1,0,0,0
66389891,12.526384,0.0,15.0,0.043021,0.9481401,1.0074638,nan,nan,0.0,0.0,0.0,0.0,0.0,0.0,0.0,0.0,0.0,0.0,0.0,0.0,0.0,0.0,0.0,0.0,0.0,0.0,0.0038385584,12.526384,12.524248,0.9579157,12.484367,0.037460327,0.44209734,0,0,0,0,0,0,0,0,0,0,1,3,0,0,1,0,0,0
66599893,12.534587,0.0,15.0,0.043021,0.94782776,1.0075091,nan,nan,0.0,0.0,0.0,0.0,0.0,0.0,0.0,0.0,0.0,0.0,0.0,0.0,0.0,0.0,0.0,0.0,0.0,0.0,0.0038385584,12.534587,12.524248,0.9579157,12.484367,0.037460327,0.44209734,0,0,0,0,0,0,0,0,0,0,1,3,0,0,1,0,0,0
66799892,12.541879,0.0,15.0,0.043021,0.9489483,1.0073467,nan,nan,0.0,0.0,0.0,0.0,0.0,0.0,0.0,0.0,0.0,0.0,0.0,0.0,0.0,0.0,0.0,0.0,0.0,0.0,0.0038385584,12.541879,12.524248,0.9579157,12.484367,0.037460327,0.44209734,0,0,0,0,0,0,0,0,0,0,1,3,0,0,1,0,0,0
66999894,12.474434,0.0,15.0,0.043021,0.9472665,1.0075905,nan,nan,0.0,0.0,0.0,0.0,0.0,0.0,0.0,0.0,0.0,0.0,0.0,0.0,0.0,0.0,0.0,0.0,0.0,0.0,0.0038385584,12.474434,12.524248,0.9579157,12.484367,0.037460327,0.44209734,0,0,0,0,0,0,0,0,0,0,1,3,0,0,1,0,0,0
67189890,12.526384,0.0,15.0,0.04337157,0.9456057,1.0078315,nan,nan,0.0,0.0,0.0,0.0,0.0,0.0,0.0,0.0,0.0,0.0,0.0,0.0,0.0,0.0,0.0,0.0,0.0,0.0,0.0038385584,12.526384,12.523869,0.95770544,12.520815,-0.036355972,0.44209734,0,0,0,0,0,0,0,0,0,0,1,3,0,0,1,0,0,0
67389931,12.509068,0.0,15.0,0.043478403,0.9458446,1.0077968,nan,nan,0.0,0.0,0.0,0.0,0.0,0.0,0.0,0.0,0.0,0.0,0.0,0.0,0.0,0.0,0.0,0.0,0.0,0.0,0.0038385584,12.509068,12.523844,0.95769113,12.485472,0.03544426,0.44209734,0,0,0,0,0,0,0,0,0,0,1,3,0,0,1,0,0,0
67589890,12.420661,0.0,15.0,0.043478403,0.94574684,1.007811,nan,nan,0.0,0.0,0.0,0.0,0.0,0.0,0.0,0.0,0.0,0.0,0.0,0.0,0.0,0.0,0.0,0.0,0.0,0.0,0.0038385584,12.420661,12.523844,0.95769113,12.485472,0.03544426,0.44209734,0,0,0,0,0,0,0,0,0,0,1,3,0,0,1,0,0,0
67789891,12.483548,0.0,15.0,0.04407588,0.94065136,1.0085509,nan,nan,0.0,0.0,0.0,0.0,0.0,0.0,0.0,0.0,0.0,0.0,0.0,0.0,0.0,0.0,0.0,0.0,0.0,0.0,0.0038385584,12.483548,12.523731,0.95762914,12.518891,-0.0089120865,0.44209734,0,0,0,0,0,0,0,0,0,0,1,3,0,0,1,0,0,0
67999914,12.476257,0.0,15.0,0.04407588,0.9410257,1.0084965,nan,nan,0.0,0.0,0.0,0.0,0.0,0.0,0.0,0.0,0.0,0.0,0.0,0.0,0.0,0.0,0.0,0.0,0.0,0.0,0.0038385584,12.476257,12.523731,0.95762914,12.518891,-0.0089120865,0.44209734,0,0,0,0,0,0,0,0,0,0,1,3,0,0,1,0,0,0
68199894,12.497219,0.0,15.0,0.04407588,0.9403848,1.0085896,nan,nan,0.0,0.0,0.0,0.0,0.0,0.0,0.0,0.0,0.0,0.0,0.0,0.0,0.0,0.0,0.0,0.0,0.0,0.0,0.0038385584,12.497219,12.523731,0.95762914,12.518891,-0.0089120865,0.44209734,0,0,0,0,0,0,0,0,0,0,1,3,0,0,1,0,0,0
68399892,12.350483,0.0,15.0,0.04407588,0.9397835,1.008677,nan,nan,0.0,0.0,0.0,0.0,0.0,0.0,0.0,0.0,0.0,0.0,0.0,0.0,0.0,0.0,0.0,0.0,0.0,0.0,0.0038385584,12.350483,12.523731,0.95762914,12.518891,-0.0089120865,0.44209734,0,0,0,0,0,0,0,0,0,0,1,3,0,0,1,0,0,0
68590731,12.504511,0.10438125,15.0,0.044369888,0.93866056,1.0088402,nan,nan,0.0,0.0,0.0,0.0,0.0,0.0,0.0,0.0,0.0,0.0,0.0,0.0,0.0,0.0,0.0,0.0,0.0,0.0,0.0038385584,12.5057125,12.523553,0.9575295,12.511245,-0.0067338943,0.44209734,0,0,0,0,0,0,0,0,0,0,1,3,0,0,1,0,0,0
68790138,12.470788,0.0,15.0,0.044577695,0.9387774,1.0088233,nan,nan,0.0,0.0,0.0,0.0,0.0,0.0,0.0,0.0,0.0,0.0,0.0,0.0,0.0,0.0,0.0,0.0,0.0,0.0,0.0038385584,12.470788,12.523589,0.9575495,12.504848,0.021536827,0.44209734,0,0,0,0,0,0,0,0,0,0,1,3,0,0,1,0,0,0
68990264,12.525473,0.0,15.0,0.044577695,0.93899673,1.0087913,nan,nan,0.0,0.0,0.0,0.0,0.0,0.0,0.0,0.0,0.0,0.0,0.0,0.0,0.0,0.0,0.0,0.0,0.0,0.0,0.0038385584,12.525473,12.523589,0.9575495,12.504848,0.021536827,0.44209734,0,0,0,0,0,0,0,0,0,0,1,3,0,0,1,0,0,0
69189892,12.522738,0.0,15.0,0.044577695,0.93989795,1.0086604,nan,nan,0.0,0.0,0.0,0.0,0.0,0.0,0.0,0.0,0.0,0.0,0.0,0.0,0.0,0.0,0.0,0.0,0.0,0.0,0.0038385584,12.522738,12.523589,0.9575495,12.504848,0.021536827,0.44209734,0,0,0,0,0,0,0,0,0,0,1,3,0,0,1,0,0,0
69399894,12.483548,0.0,15.0,0.044577695,0.9412975,1.0084571,nan,nan,0.0,0.0,0.0,0.0,0.0,0.0,0.0,0.0,0.0,0.0,0.0,0.0,0.0,0.0,0.0,0.0,0.0,0.0,0.0038385584,12.483548,12.523589,0.9575495,12.504848,0.021536827,0.44209734,0,0,0,0,0,0,0,0,0,0,1,3,0,0,1,0,0,0
69599894,12.524561,0.0,15.0,0.044577695,0.9429583,1.0082158,nan,nan,0.0,0.0,0.0,0.0,0.0,0.0,0.0,0.0,0.0,0.0,0.0,0.0,0.0,0.0,0.0,0.0,0.0,0.0,0.0038385584,12.524561,12.523589,0.9575495,12.504848,0.021536827,0.44209734,0,0,0,0,0,0,0,0,0,0,1,3,0,0,1,0,0,0
69799893,12.4717,0.0,15.0,0.04543745,0.94010776,1.0086299,nan,nan,0.0,0.0,0.0,0.0,0.0,0.0,0.0,0.0,0.0,0.0,0.0,0.0,0.0,0.0,0.0,0.0,0.0,0.0,0.0038385584,12.4717,12.522515,0.95695347,12.523685,-0.11213875,0.44209734,0,0,0,0,0,0,0,0,0,0,1,3,0,0,1,0,0,0
69989892,12.507244,0.0,15.0,0.04543745,0.93679994,1.0091108,nan,nan,0.0,0.0,0.0,0.0,0.0,0.0,0.0,0.0,0.0,0.0,0.0,0.0,0.0,0.0,0.0,0.0,0.0,0.0,0.0038385584,12.507244,12.522515,0.95695347,12.523685,-0.11213875,0.44209734,0,0,0,0,0,0,0,0,0,0,1,3,0,0,1,0,0,0
70189892,12.505423,0.0,15.0,0.04543745,0.93575424,1.009263,nan,nan,0.0,0.0,0.0,0.0,0.0,0.0,0.0,0.0,0.0,0.0,0.0,0.0,0.0,0.0,0.0,0.0,0.0,0.0,0.0038385584,12.505423,12.522515,0.95695347,12.523685,-0.11213875,0.44209734,0,0,0,0,0,0,0,0,0,0,1,3,0,0,1,0,0,0
70389892,12.46532,0.0,15.0,0.04543745,0.93233436,1.0097609,nan,nan,0.0,0.0,0.0,0.0,0.0,0.0,0.0,0.0,0.0,0.0,0.0,0.0,0.0,0.0,0.0,0.0,0.0,0.0,0.0038385584,12.46532,12.522515,0.95695347,12.523685,-0.11213875,0.44209734,0,0,0,0,0,0,0,0,0,0,1,3,0,0,1,0,0,0
70589893,12.520916,0.00915625,15.0,0.045462884,0.93317264,1.0096388,nan,nan,0.0,0.0,0.0,0.0,0.0,0.0,0.0,0.0,0.0,0.0,0.0,0.0,0.0,0.0,0.0,0.0,0.0,0.0,0.0038385584,12.521022,12.5225,0.9569449,12.415005,0.105911255,0.44209734,0,0,0,0,0,0,0,0,0,0,1,3,0,0,1,0,0,0
70799894,12.492661,0.0,15.0,0.04564597,0.93490213,1.009387,nan,nan,0.0,0.0,0.0,0.0,0.0,0.0,0.0,0.0,0.0,0.0,0.0,0.0,0.0,0.0,0.0,0.0,0.0,0.0,0.0038385584,12.492661,12.5216255,0.956459,12.520263,-0.08684254,0.44209734,0,0,0,0,0,0,0,0,0,0,1,3,0,0,1,0,0,0
70999914,12.501776,0.0,15.0,0.04572735,0.9369988,1.009082,nan,nan,0.0,0.0,0.0,0.0,0.0,0.0,0.0,0.0,0.0,0.0,0.0,0.0,0.0,0.0,0.0,0.0,0.0,0.0,0.0038385584,12.501776,12.521215,0.95623106,12.433842,0.046060562,0.44209734,0,0,0,0,0,0,0,0,0,0,1,3,0,0,1,0,0,0
71199892,12.525473,0.0,15.0,0.04572735,0.9388971,1.0088059,nan,nan,0.0,0.0,0.0,0.0,0.0,0.0,0.0,0.0,0.0,0.0,0.0,0.0,0.0,0.0,0.0,0.0,0.0,0.0,0.0038385584,12.525473,12.521215,0.95623106,12.433842,0.046060562,0.44209734,0,0,0,0,0,0,0,0,0,0,1,3,0,0,1,0,0,0
71389892,12.503599,0.0,15.0,0.04572735,0.9395928,1.0087048,nan,nan,0.0,0.0,0.0,0.0,0.0,0.0,0.0,0.0,0.0,0.0,0.0,0.0,0.0,0.0,0.0,0.0,0.0,0.0,0.0038385584,12.503599,12.521215,0.95623106,12.433842,0.046060562,0.44209734,0,0,0,0,0,0,0,0,0,0,1,3,0,0,1,0,0,0
71589892,12.511802,0.0,15.0,0.04572735,0.9413299,1.0084523,nan,nan,0.0,0.0,0.0,0.0,0.0,0.0,0.0,0.0,0.0,0.0,0.0,0.0,0.0,0.0,0.0,0.0,0.0,0.0,0.0038385584,12.511802,12.521215,0.95623106,12.433842,0.046060562,0.44209734,0,0,0,0,0,0,0,0,0,0,1,3,0,0,1,0,0,0
71789898,12.405168,0.0,15.0,0.04572735,0.94102377,1.0084968,nan,nan,0.0,0.0,0.0,0.0,0.0,0.0,0.0,0.0,0.0,0.0,0.0,0.0,0.0,0.0,0.0,0.0,0.0,0.0,0.0038385584,12.405168,12.521215,0.95623106,12.433842,0.046060562,0.44209734,0,0,0,0,0,0,0,0,0,0,1,3,0,0,1,0,0,0
71989893,12.482637,0.0,15.0,0.04572735,0.94113916,1.00848,nan,nan,0.0,0.0,0.0,0.0,0.0,0.0,0.0,0.0,0.0,0.0,0.0,0.0,0.0,0.0,0.0,0.0,0.0,0.0,0.0038385584,12.482637,12.521215,0.95623106,12.433842,0.046060562,0.44209734,0,0,0,0,0,0,0,0,0,0,1,3,0,0,1,0,0,0
72199895,12.526384,0.0,15.0,0.04572735,0.941225,1.0084676,nan,nan,0.0,0.0,0.0,0.0,0.0,0.0,0.0,0.0,0.0,0.0,0.0,0.0,0.0,0.0,0.0,0.0,0.0,0.0,0.0038385584,12.526384,12.521215,0.95623106,12.433842,0.046060562,0.44209734,0,0,0,0,0,0,0,0,0,0,1,3,0,0,1,0,0,0
72400173,12.474434,0.0,15.0,0.046220917,0.9416675,1.0084032,nan,nan,0.0,0.0,0.0,0.0,0.0,0.0,0.0,0.0,0.0,0.0,0.0,0.0,0.0,0.0,0.0,0.0,0.0,0.0,0.0038385584,12.474434,12.521107,0.9561705,12.478194,0.029961586,0.44209734,0,0,0,0,0,0,0,0,0,0,1,3,0,0,1,0,0,0
72599893,12.499953,0.0,15.0,0.046220917,0.94241804,1.0082942,nan,nan,0.0,0.0,0.0,0.0,0.0,0.0,0.0,0.0,0.0,0.0,0.0,0.0,0.0,0.0,0.0,0.0,0.0,0.0,0.0038385584,12.499953,12.521107,0.9561705,12.478194,0.029961586,0.44209734,0,0,0,0,0,0,0,0,0,0,1,3,0,0,1,0,0,0
72789893,12.437978,0.0,15.0,0.046220917,0.94073147,1.0085392,nan,nan,0.0,0.0,0.0,0.0,0.0,0.0,0.0,0.0,0.0,0.0,0.0,0.0,0.0,0.0,0.0,0.0,0.0,0.0,0.0038385584,12.437978,12.521107,0.9561705,12.478194,0.029961586,0.44209734,0,0,0,0,0,0,0,0,0,0,1,3,0,0,1,0,0,0
72989892,12.46532,0.0,15.0,0.04642089,0.9394545,1.0087248,nan,nan,0.0,0.0,0.0,0.0,0.0,0.0,0.0,0.0,0.0,0.0,0.0,0.0,0.0,0.0,0.0,0.0,0.0,0.0,0.0038385584,12.46532,12.521519,0.9563994,12.509379,0.052549362,0.44209734,0,0,0,0,0,0,0,0,0,0,1,3,0,0,1,0,0,0
73189893,12.457117,0.0,15.0,0.047295645,0.9381613,1.0089128,nan,nan,0.0,0.0,0.0,0.0,0.0,0.0,0.0,0.0,0.0,0.0,0.0,0.0,0.0,0.0,0.0,0.0,0.0,0.0,0.006277761,12.457117,12.52112,0.95617765,12.559124,-0.08377838,0.4418862,0,0,0,0,0,0,0,0,0,0,1,3,0,0,1,0,0,0
73389892,12.489017,0.0,15.0,0.047295645,0.9362363,1.0091928,nan,nan,0.0,0.0,0.0,0.0,0.0,0.0,0.0,0.0,0.0,0.0,0.0,0.0,0.0,0.0,0.0,0.0,0.0,0.0,0.006277761,12.489017,12.52112,0.95617765,12.559124,-0.08377838,0.4418862,0,0,0,0,0,0,0,0,0,0,1,3,0,0,1,0,0,0
73599983,12.374179,0.0,15.0,0.047351617,0.9304914,1.0100294,nan,nan,0.0,0.0,0.0,0.0,0.0,0.0,0.0,0.0,0.0,0.0,0.0,0.0,0.0,0.0,0.0,0.0,0.0,0.0,0.006277761,12.374179,12.518776,0.9548759,12.547727,-0.26377678,0.4418862,0,0,0,0,0,0,0,0,0,0,1,3,0,0,1,0,0,0
73800255,12.2639,0.0,15.0,0.047559384,0.9249944,1.0108311,nan,nan,0.0,0.0,0.0,0.0,0.0,0.0,0.0,0.0,0.0,0.0,0.0,0.0,0.0,0.0,0.0,0.0,0.0,0.0,0.006277761,12.2639,12.519226,0.95512575,12.282949,0.279891,0.4418862,0,0,0,0,0,0,0,0,0,0,1,3,0,0,1,0,0,0
73999913,12.252962,0.00915625,15.0,0.047722116,0.92279905,1.0111517,nan,nan,0.0,0.0,0.0,0.0,0.0,0.0,0.0,0.0,0.0,0.0,0.0,0.0,0.0,0.0,0.0,0.0,0.0,0.0,0.006277761,12.253135,12.516258,0.9534773,12.476844,-0.22388172,0.4418862,0,0,0,0,0,0,0,0,0,0,1,3,0,0,1,0,0,0
74189890,12.564664,0.0,15.0,0.048225727,0.9205064,1.0114866,nan,nan,0.0,0.0,0.0,0.0,0.0,0.0,0.0,0.0,0.0,0.0,0.0,0.0,0.0,0.0,0.0,0.0,0.0,0.0,0.006277761,12.564664,12.512673,0.9514856,12.582789,-0.31888962,0.4418862,0,0,0,0,0,0,0,0,0,0,1,3,0,0,1,0,0,0
74389891,12.0962,0.0,15.0,0.04999111,0.9127969,1.0126147,nan,nan,0.0,0.0,0.0,0.0,0.0,0.0,0.0,0.0,0.0,0.0,0.0,0.0,0.0,0.0,0.0,0.0,0.0,0.0,0.006277761,12.0962,12.511956,0.95108694,12.188002,0.43408012,0.4418862,0,0,0,0,0,0,0,0,0,0,1,3,0,0,1,0,0,0
74589905,12.497219,0.0,15.0,0.06008258,0.8989906,1.0146412,nan,nan,0.0,0.0,0.0,0.0,0.0,0.0,0.0,0.0,0.0,0.0,0.0,0.0,0.0,0.0,0.0,0.0,0.0,0.0,0.0,12.497219,12.490768,0.9393162,12.085117,0.5606613,0.31727165,0,0,0,0,0,0,0,0,0,0,1,3,0,0,1,0,0,0
74789912,12.121719,0.0,15.0,0.082424276,0.89077944,1.0158502,nan,nan,0.0,0.0,0.0,0.0,0.0,0.0,0.0,0.0,0.0,0.0,0.0,0.0,0.0,0.0,0.0,0.0,0.0,0.0,0.0,12.121719,12.474496,0.93027586,12.20703,0.30932808,0.29503423,0,0,0,0,0,0,0,0,0,0,1,3,0,0,1,0,0,0
74999896,11.821867,0.974225,15.0,0.11886247,0.8844871,1.0167787,nan,nan,0.0,0.0,0.0,0.0,0.0,0.0,0.0,0.0,0.0,0.0,0.0,0.0,0.0,0.0,0.0,0.0,0.0,0.0,0.0022313606,11.828388,12.455653,0.91980785,12.453208,-0.631341,0.18550144,0,0,0,0,0,0,0,0,0,0,1,3,0,0,1,0,0,0
75199912,11.797258,2.6589751,15.0,0.14230053,0.8844394,1.0167857,nan,nan,0.0,0.0,0.0,0.0,0.0,0.0,0.0,0.0,0.0,0.0,0.0,0.0,0.0,0.0,0.0,0.0,0.0,0.0,0.062007878,12.29189,12.458133,0.92118496,12.774414,-0.9771557,0.1534077,0,0,0,0,0,0,0,0,0,0,1,3,0,0,1,0,0,0
75399895,12.470788,0.7050313,15.0,0.2058551,0.8874106,1.016347,nan,nan,0.0,0.0,0.0,0.0,0.0,0.0,0.0,0.0,0.0,0.0,0.0,0.0,0.0,0.0,0.0,0.0,0.0,0.0,0.08124348,12.642626,12.454148,0.91897196,11.806466,0.6643219,0.13649735,0,0,0,0,0,0,0,0,0,0,1,3,0,0,1,0,0,0
75589893,11.7936125,0.69404376,15.0,0.2881327,0.8619041,1.020125,nan,nan,0.0,0.0,0.0,0.0,0.0,0.0,0.0,0.0,0.0,0.0,0.0,0.0,0.0,0.0,0.0,0.0,0.0,0.0,0.006348543,11.806831,12.398966,0.8883142,11.792815,0.0007972717,0.11322676,0,0,0,0,0,0,0,0,0,0,1,3,0,0,1,0,0,0
75789893,11.726169,0.5878312,15.0,0.37594703,0.8394641,1.0234721,nan,nan,0.0,0.0,0.0,0.0,0.0,0.0,0.0,0.0,0.0,0.0,0.0,0.0,0.0,0.0,0.0,0.0,0.0,0.0,0.0,11.726169,12.365168,0.86953825,12.787984,-1.0618153,0.10597364,0,0,0,0,0,0,0,0,0,0,1,3,0,0,1,0,0,0
75989912,12.473523,0.065924995,15.0,0.46961808,0.82185835,1.0261134,nan,nan,0.0,0.0,0.0,0.0,0.0,0.0,0.0,0.0,0.0,0.0,0.0,0.0,0.0,0.0,0.0,0.0,0.0,0.0,0.0,12.473523,12.32196,0.84553427,12.246017,0.22750568,0.09673334,0,0,0,0,0,0,0,0,0,0,1,3,0,0,1,0,0,0
76189892,11.625003,0.5585313,15.0,0.56267476,0.8153829,1.0270883,nan,nan,0.0,0.0,0.0,0.0,0.0,0.0,0.0,0.0,0.0,0.0,0.0,0.0,0.0,0.0,0.0,0.0,0.0,0.0,0.0,11.625003,12.307664,0.8375916,12.586221,-0.9612179,0.09344331,0,0,0,0,0,0,0,0,0,0,1,3,0,0,1,0,0,0
76399912,12.265721,0.43400624,15.0,0.67770326,0.8027348,1.0289979,nan,nan,0.0,0.0,0.0,0.0,0.0,0.0,0.0,0.0,0.0,0.0,0.0,0.0,0.0,0.0,0.0,0.0,0.0,0.0,0.0,12.265721,12.277861,0.8210344,12.692857,-0.42713547,0.08496065,0,0,0,0,0,0,0,0,0,0,1,3,0,0,1,0,0,0
76599894,12.400611,1.2837063,15.0,0.79599005,0.7848715,1.031707,nan,nan,0.0,0.0,0.0,0.0,0.0,0.0,0.0,0.0,0.0,0.0,0.0,0.0,0.0,0.0,0.0,0.0,0.0,0.0,0.0,12.400611,12.24003,0.8000168,11.817316,0.58329487,0.08039608,0,0,0,0,0,0,0,0,0,0,1,3,0,0,1,0,0,0
76799894,11.759891,0.8442062,15.0,0.8964866,0.7659859,1.0345869,nan,nan,0.0,0.0,0.0,0.0,0.0,0.0,0.0,0.0,0.0,0.0,0.0,0.0,0.0,0.0,0.0,0.0,0.0,0.0,0.0,11.759891,12.201819,0.778789,12.261502,-0.5016117,0.077358425,0,0,0,0,0,0,0,0,0,0,1,3,0,0,1,0,0,0
76990012,12.371445,0.0,15.0,1.019954,0.75409406,1.0364084,nan,nan,0.0,0.0,0.0,0.0,0.0,0.0,0.0,0.0,0.0,0.0,0.0,0.0,0.0,0.0,0.0,0.0,0.0,0.0,0.0,12.371445,12.174494,0.7636079,12.363748,0.29570198,0.077178404,0,0,0,0,0,0,0,0,0,0,1,3,0,0,1,0,0,0
77189930,12.66674,0.9211188,15.0,1.1512449,0.7413649,1.0383654,nan,nan,0.0,0.0,0.0,0.0,0.0,0.0,0.0,0.0,0.0,0.0,0.0,0.0,0.0,0.0,0.0,0.0,0.0,0.0,0.0,12.66674,12.148491,0.74916214,11.810211,0.85652924,0.07550687,0,0,0,0,0,0,0,0,0,0,1,3,0,0,1,0,0,0
77389892,12.139036,1.8752,15.0,1.3087898,0.73621505,1.0391592,nan,nan,0.0,0.0,0.0,0.0,0.0,0.0,0.0,0.0,0.0,0.0,0.0,0.0,0.0,0.0,0.0,0.0,0.0,0.0,0.0,12.139036,12.136692,0.74260706,12.680808,-0.5417719,0.07550687,0,0,0,0,0,0,0,0,0,0,1,3,0,0,1,0,0,0
77589911,12.787959,4.349219,15.0,1.4888115,0.7188677,1.0418422,nan,nan,0.0,0.0,0.0,0.0,0.0,0.0,0.0,0.0,0.0,0.0,0.0,0.0,0.0,0.0,0.0,0.0,0.0,0.0,0.0,12.787959,12.106072,0.7255959,11.684797,1.1031618,0.07371504,0,0,0,0,0,0,0,0,0,0,1,3,0,0,1,0,0,0
77799893,12.442534,1.1042438,15.0,1.6584972,0.70523113,1.043961,nan,nan,0.0,0.0,0.0,0.0,0.0,0.0,0.0,0.0,0.0,0.0,0.0,0.0,0.0,0.0,0.0,0.0,0.0,0.0,0.0,12.442534,12.079246,0.71069235,11.886954,0.55558014,0.07202269,0,0,0,0,0,0,0,0,0,0,1,3,0,0,1,0,0,0
77999906,11.882019,1.3221624,15.0,1.7750777,0.6985807,1.0449975,nan,nan,0.0,0.0,0.0,0.0,0.0,0.0,0.0,0.0,0.0,0.0,0.0,0.0,0.0,0.0,0.0,0.0,0.0,0.0,0.0,11.882019,12.065498,0.7030553,11.769835,0.11218357,0.071201846,0,0,0,0,0,0,0,0,0,0,1,3,0,0,1,0,0,0
78199895,11.578521,3.0343814,15.0,1.9046857,0.69147915,1.0461066,nan,nan,0.0,0.0,0.0,0.0,0.0,0.0,0.0,0.0,0.0,0.0,0.0,0.0,0.0,0.0,0.0,0.0,0.0,0.0,0.0,11.578521,12.048552,0.6936402,13.128125,-1.5496044,0.0691343,0,0,0,0,0,0,0,0,0,0,1,3,0,0,1,0,0,0
78389895,12.808921,5.0322747,15.0,2.064706,0.687406,1.0467436,nan,nan,0.0,0.0,0.0,0.0,0.0,0.0,0.0,0.0,0.0,0.0,0.0,0.0,0.0,0.0,0.0,0.0,0.0,0.0,0.0,12.808921,12.040549,0.68919414,12.917432,-0.10851097,0.06809943,0,0,0,0,0,0,0,0,0,0,1,3,0,0,1,0,0,0
78589892,12.047895,0.9907062,15.0,2.1499214,0.6919717,1.0460294,nan,nan,0.0,0.0,0.0,0.0,0.0,0.0,0.0,0.0,0.0,0.0,0.0,0.0,0.0,0.0,0.0,0.0,0.0,0.0,0.0,12.047895,12.048189,0.69343895,12.628831,-0.5809355,0.067217365,0,0,0,0,0,0,0,0,0,0,1,3,0,0,1,0,0,0
78789893,11.625003,1.032825,15.0,2.3301406,0.6908068,1.0462116,nan,nan,0.0,0.0,0.0,0.0,0.0,0.0,0.0,0.0,0.0,0.0,0.0,0.0,0.0,0.0,0.0,0.0,0.0,0.0,0.0,11.625003,12.045614,0.69200844,12.486215,-0.8612118,0.067217365,0,0,0,0,0,0,0,0,0,0,1,3,0,0,1,0,0,0
78989893,11.757156,3.76505,15.0,2.5148146,0.6840634,1.0472671,nan,nan,0.0,0.0,0.0,0.0,0.0,0.0,0.0,0.0,0.0,0.0,0.0,0.0,0.0,0.0,0.0,0.0,0.0,0.0,0.0,11.757156,12.03309,0.68504995,12.387661,-0.6305046,0.067217365,0,0,0,0,0,0,0,0,0,0,1,3,0,0,1,0,0,0
79199894,12.426129,1.7103875,15.0,2.6383302,0.68203443,1.0475851,nan,nan,0.0,0.0,0.0,0.0,0.0,0.0,0.0,0.0,0.0,0.0,0.0,0.0,0.0,0.0,0.0,0.0,0.0,0.0,0.0,12.426129,12.029106,0.6828374,12.239912,0.18621731,0.06676594,0,0,0,0,0,0,0,0,0,0,1,3,0,0,1,0,0,0
79399898,12.24476,4.246669,15.0,2.8504317,0.6807503,1.0477865,nan,nan,0.0,0.0,0.0,0.0,0.0,0.0,0.0,0.0,0.0,0.0,0.0,0.0,0.0,0.0,0.0,0.0,0.0,0.0,0.0,12.24476,12.026533,0.6814074,11.450643,0.794117,0.06674922,0,0,0,0,0,0,0,0,0,0,1,3,0,0,1,0,0,0
79599913,12.430687,0.3516,15.0,3.0233326,0.6757874,1.0485655,nan,nan,0.0,0.0,0.0,0.0,0.0,0.0,0.0,0.0,0.0,0.0,0.0,0.0,0.0,0.0,0.0,0.0,0.0,0.0,0.0,12.430687,12.017387,0.6763267,11.883618,0.5470686,0.06670324,0,0,0,0,0,0,0,0,0,0,1,3,0,0,1,0,0,0
79789892,12.142681,7.610675,15.0,3.2275057,0.66563505,1.0501626,nan,nan,0.0,0.0,0.0,0.0,0.0,0.0,0.0,0.0,0.0,0.0,0.0,0.0,0.0,0.0,0.0,0.0,0.0,0.0,0.0,12.142681,11.99895,0.66608375,11.242944,0.89973736,0.066511035,0,0,0,0,0,0,0,0,0,0,1,3,0,0,1,0,0,0
79989893,11.958578,3.4042935,15.0,3.3844008,0.6700229,1.0494716,nan,nan,0.0,0.0,0.0,0.0,0.0,0.0,0.0,0.0,0.0,0.0,0.0,0.0,0.0,0.0,0.0,0.0,0.0,0.0,0.0,11.958578,12.006706,0.67039245,12.1360235,-0.17744541,0.06625674,0,0,0,0,0,0,0,0,0,0,1,3,0,0,1,0,0,0
80189922,12.289418,2.5307875,15.0,3.6226346,0.65856737,1.0512772,nan,nan,0.0,0.0,0.0,0.0,0.0,0.0,0.0,0.0,0.0,0.0,0.0,0.0,0.0,0.0,0.0,0.0,0.0,0.0,0.0,12.289418,11.985968,0.6588711,11.867654,0.42176437,0.06625674,0,0,0,0,0,0,0,0,0,0,1,3,0,0,1,0,0,0
80389895,11.959489,5.9076123,15.0,3.8074288,0.6565327,1.0515985,nan,nan,0.0,0.0,0.0,0.0,0.0,0.0,0.0,0.0,0.0,0.0,0.0,0.0,0.0,0.0,0.0,0.0,0.0,0.0,0.0,11.959489,11.982205,0.65678066,12.43292,-0.4734316,0.06625674,0,0,0,0,0,0,0,0,0,0,1,3,0,0,1,0,0,0
80600162,11.933058,0.44499373,15.0,4.02658,0.6508426,1.0524982,nan,nan,0.0,0.0,0.0,0.0,0.0,0.0,0.0,0.0,0.0,0.0,0.0,0.0,0.0,0.0,0.0,0.0,0.0,0.0,0.0,11.933058,11.971878,0.65104383,11.761541,0.17151642,0.06517869,0,0,0,0,0,0,0,0,0,0,1,3,0,0,1,0,0,0
80799893,12.057921,3.8419626,15.0,4.2720184,0.6390371,1.0543698,nan,nan,0.0,0.0,0.0,0.0,0.0,0.0,0.0,0.0,0.0,0.0,0.0,0.0,0.0,0.0,0.0,0.0,0.0,0.0,0.0,12.057921,11.9505625,0.6392016,12.024295,0.033626556,0.06517869,0,0,0,0,0,0,0,0,0,0,1,3,0,0,1,0,0,0
80999893,11.8236885,10.861143,15.0,4.485148,0.6380214,1.0545311,nan,nan,0.0,0.0,0.0,0.0,0.0,0.0,0.0,0.0,0.0,0.0,0.0,0.0,0.0,0.0,0.0,0.0,0.0,0.0,0.0,11.8236885,11.948682,0.63815683,11.415264,0.40842438,0.06464421,0,0,0,0,0,0,0,0,0,0,1,3,0,0,1,0,0,0
81189893,11.806373,5.1403184,15.0,4.6695604,0.64209646,1.0538841,nan,nan,0.0,0.0,0.0,0.0,0.0,0.0,0.0,0.0,0.0,0.0,0.0,0.0,0.0,0.0,0.0,0.0,0.0,0.0,0.0,11.806373,11.955977,0.64220995,12.255527,-0.4491539,0.06462671,0,0,0,0,0,0,0,0,0,0,1,3,0,0,1,0,0,0
81389896,12.076149,1.1427,15.0,4.919039,0.62958664,1.0558727,nan,nan,0.0,0.0,0.0,0.0,0.0,0.0,0.0,0.0,0.0,0.0,0.0,0.0,0.0,0.0,0.0,0.0,0.0,0.0,0.0,12.076149,11.933423,0.6296796,12.2498865,-0.17373753,0.0644941,0,0,0,0,0,0,0,0,0,0,1,3,0,0,1,0,0,0
81589893,12.070681,2.3678062,15.0,5.1982875,0.6197724,1.0574381,nan,nan,0.0,0.0,0.0,0.0,0.0,0.0,0.0,0.0,0.0,0.0,0.0,0.0,0.0,0.0,0.0,0.0,0.0,0.0,0.0,12.070681,11.915727,0.6198482,11.568284,0.5023966,0.06445839,0,0,0,0,0,0,0,0,0,0,1,3,0,0,1,0,0,0
81789896,11.727991,5.6164436,15.0,5.4581447,0.612523,1.0585974,nan,nan,0.0,0.0,0.0,0.0,0.0,0.0,0.0,0.0,0.0,0.0,0.0,0.0,0.0,0.0,0.0,0.0,0.0,0.0,0.0,11.727991,11.902653,0.612585,11.417162,0.31082916,0.06445839,0,0,0,0,0,0,0,0,0,0,1,3,0,0,1,0,0,0
81999894,11.431784,6.92945,15.0,5.7182074,0.6063065,1.0595936,nan,nan,0.0,0.0,0.0,0.0,0.0,0.0,0.0,0.0,0.0,0.0,0.0,0.0,0.0,0.0,0.0,0.0,0.0,0.0,0.0,11.431784,11.891442,0.60635704,11.737721,-0.30593777,0.06445839,0,0,0,0,0,0,0,0,0,0,1,3,0,0,1,0,0,0
82199893,12.365976,0.0,15.0,5.775861,0.6327395,1.0553708,nan,nan,0.0,0.0,0.0,0.0,0.0,0.0,0.0,0.0,0.0,0.0,0.0,0.0,0.0,0.0,0.0,0.0,0.0,0.0,0.0,12.365976,11.916704,0.6203913,11.435903,0.91913795,0.06288465,0,0,0,0,0,0,0,0,0,0,1,3,0,0,1,0,0,0
82399893,12.363242,0.0,15.0,5.775861,0.67531055,1.0486404,nan,nan,0.0,0.0,0.0,0.0,0.0,0.0,0.0,0.0,0.0,0.0,0.0,0.0,0.0,0.0,0.0,0.0,0.0,0.0,0.0,12.363242,11.916704,0.6203913,11.435903,0.91913795,0.06288465,0,0,0,0,0,0,0,0,0,0,1,3,0,0,1,0,0,0
82589892,12.106225,0.0,15.0,5.775861,0.6952953,1.0455103,nan,nan,0.0,0.0,0.0,0.0,0.0,0.0,0.0,0.0,0.0,0.0,0.0,0.0,0.0,0.0,0.0,0.0,0.0,0.0,0.0,12.106225,11.916704,0.6203913,11.435903,0.91913795,0.06288465,0,0,0,0,0,0,0,0,0,0,1,3,0,0,1,0,0,0
82789939,12.314938,0.0,15.0,5.775861,0.7072353,1.0436491,nan,nan,0.0,0.0,0.0,0.0,0.0,0.0,0.0,0.0,0.0,0.0,0.0,0.0,0.0,0.0,0.0,0.0,0.0,0.0,0.0,12.314938,11.916704,0.6203913,11.435903,0.91913795,0.06288465,0,0,0,0,0,0,0,0,0,0,1,3,0,0,1,0,0,0
82989894,12.354129,0.0,15.0,5.775861,0.7297897,1.0401514,nan,nan,0.0,0.0,0.0,0.0,0.0,0.0,0.0,0.0,0.0,0.0,0.0,0.0,0.0,0.0,0.0,0.0,0.0,0.0,0.0,12.354129,11.916704,0.6203913,11.435903,0.91913795,0.06288465,0,0,0,0,0,0,0,0,0,0,1,3,0,0,1,0,0,0
83189891,12.373268,0.0,15.0,5.775861,0.75301737,1.0365736,nan,nan,0.0,0.0,0.0,0.0,0.0,0.0,0.0,0.0,0.0,0.0,0.0,0.0,0.0,0.0,0.0,0.0,0.0,0.0,0.0,12.373268,11.916704,0.6203913,11.435903,0.91913795,0.06288465,0,0,0,0,0,0,0,0,0,0,1,3,0,0,1,0,0,0
83399980,12.386939,0.0,15.0,5.775861,0.773766,1.0333985,nan,nan,0.0,0.0,0.0,0.0,0.0,0.0,0.0,0.0,0.0,0.0,0.0,0.0,0.0,0.0,0.0,0.0,0.0,0.0,0.0,12.386939,11.916704,0.6203913,11.435903,0.91913795,0.06288465,0,0,0,0,0,0,0,0,0,0,1,3,0,0,1,0,0,0
83599892,12.375091,0.0,15.0,5.775861,0.7903728,1.0308713,nan,nan,0.0,0.0,0.0,0.0,0.0,0.0,0.0,0.0,0.0,0.0,0.0,0.0,0.0,0.0,0.0,0.0,0.0,0.0,0.0,12.375091,11.916704,0.6203913,11.435903,0.91913795,0.06288465,0,0,0,0,0,0,0,0,0,0,1,3,0,0,1,0,0,0
83799892,12.374179,0.0,15.0,5.775861,0.80542177,1.0285916,nan,nan,0.0,0.0,0.0,0.0,0.0,0.0,0.0,0.0,0.0,0.0,0.0,0.0,0.0,0.0,0.0,0.0,0.0,0.0,0.0,12.374179,11.916704,0.6203913,11.435903,0.91913795,0.06288465,0,0,0,0,0,0,0,0,0,0,1,3,0,0,1,0,0,0
84000078,12.365065,0.0,15.0,5.775861,0.81825346,1.0266559,nan,nan,0.0,0.0,0.0,0.0,0.0,0.0,0.0,0.0,0.0,0.0,0.0,0.0,0.0,0.0,0.0,0.0,0.0,0.0,0.0,12.365065,11.916704,0.6203913,11.435903,0.91913795,0.06288465,0,0,0,0,0,0,0,0,0,0,1,3,0,0,1,0,0,0
84189891,12.391497,0.0,15.0,5.775876,0.8278226,1.0252169,nan,nan,0.0,0.0,0.0,0.0,0.0,0.0,0.0,0.0,0.0,0.0,0.0,0.0,0.0,0.0,0.0,0.0,0.0,0.0,0.0,12.391497,11.920873,0.6227073,11.449648,0.8880749,0.062290803,0,0,0,0,0,0,0,0,0,0,1,3,0,0,1,0,0,0
84389890,12.369622,0.0,15.0,5.775876,0.835638,1.0240449,nan,nan,0.0,0.0,0.0,0.0,0.0,0.0,0.0,0.0,0.0,0.0,0.0,0.0,0.0,0.0,0.0,0.0,0.0,0.0,0.0,12.369622,11.920873,0.6227073,11.449648,0.8880749,0.062290803,0,0,0,0,0,0,0,0,0,0,1,3,0,0,1,0,0,0
84589891,12.343191,0.0,15.0,5.775876,0.84274954,1.0229806,nan,nan,0.0,0.0,0.0,0.0,0.0,0.0,0.0,0.0,0.0,0.0,0.0,0.0,0.0,0.0,0.0,0.0,0.0,0.0,0.0,12.343191,11.920873,0.6227073,11.449648,0.8880749,0.062290803,0,0,0,0,0,0,0,0,0,0,1,3,0,0,1,0,0,0
84799891,12.378736,0.0,15.0,5.775876,0.8505139,1.0218211,nan,nan,0.0,0.0,0.0,0.0,0.0,0.0,0.0,0.0,0.0,0.0,0.0,0.0,0.0,0.0,0.0,0.0,0.0,0.0,0.0,12.378736,11.920873,0.6227073,11.449648,0.8880749,0.062290803,0,0,0,0,0,0,0,0,0,0,1,3,0,0,1,0,0,0
85000121,12.455295,0.0,15.0,5.775876,0.8560967,1.0209891,nan,nan,0.0,0.0,0.0,0.0,0.0,0.0,0.0,0.0,0.0,0.0,0.0,0.0,0.0,0.0,0.0,0.0,0.0,0.0,0.0,12.455295,11.920873,0.6227073,11.449648,0.8880749,0.062290803,0,0,0,0,0,0,0,0,0,0,1,3,0,0,1,0,0,0
85199896,12.3987875,0.0,15.0,5.775876,0.8608374,1.0202836,nan,nan,0.0,0.0,0.0,0.0,0.0,0.0,0.0,0.0,0.0,0.0,0.0,0.0,0.0,0.0,0.0,0.0,0.0,0.0,0.0,12.3987875,11.920873,0.6227073,11.449648,0.8880749,0.062290803,0,0,0,0,0,0,0,0,0,0,1,3,0,0,1,0,0,0
85389892,12.391497,0.0,15.0,5.775876,0.8635482,1.0198807,nan,nan,0.0,0.0,0.0,0.0,0.0,0.0,0.0,0.0,0.0,0.0,0.0,0.0,0.0,0.0,0.0,0.0,0.0,0.0,0.0,12.391497,11.920873,0.6227073,11.449648,0.8880749,0.062290803,0,0,0,0,0,0,0,0,0,0,1,3,0,0,1,0,0,0
85589909,12.438889,0.0,15.0,5.775876,0.8662018,1.0194864,nan,nan,0.0,0.0,0.0,0.0,0.0,0.0,0.0,0.0,0.0,0.0,0.0,0.0,0.0,0.0,0.0,0.0,0.0,0.0,0.0,12.438889,11.920873,0.6227073,11.449648,0.8880749,0.062290803,0,0,0,0,0,0,0,0,0,0,1,3,0,0,1,0,0,0
85789924,12.403344,0.0,15.0,5.775876,0.86946815,1.0190017,nan,nan,0.0,0.0,0.0,0.0,0.0,0.0,0.0,0.0,0.0,0.0,0.0,0.0,0.0,0.0,0.0,0.0,0.0,0.0,0.0,12.403344,11.920873,0.6227073,11.449648,0.8880749,0.062290803,0,0,0,0,0,0,0,0,0,0,1,3,0,0,1,0,0,0
85989892,12.4088125,0.0,15.0,5.775876,0.8727736,1.0185117,nan,nan,0.0,0.0,0.0,0.0,0.0,0.0,0.0,0.0,0.0,0.0,0.0,0.0,0.0,0.0,0.0,0.0,0.0,0.0,0.0,12.4088125,11.920873,0.6227073,11.449648,0.8880749,0.062290803,0,0,0,0,0,0,0,0,0,0,1,3,0,0,1,0,0,0
86199930,12.370533,0.0,15.0,5.775876,0.875091,1.0181683,nan,nan,0.0,0.0,0.0,0.0,0.0,0.0,0.0,0.0,0.0,0.0,0.0,0.0,0.0,0.0,0.0,0.0,0.0,0.0,0.0,12.370533,11.920873,0.6227073,11.449648,0.8880749,0.062290803,0,0,0,0,0,0,0,0,0,0,1,3,0,0,1,0,0,0
86399892,12.381471,0.0,15.0,5.7760186,0.87448686,1.0182579,nan,nan,0.0,0.0,0.0,0.0,0.0,0.0,0.0,0.0,0.0,0.0,0.0,0.0,0.0,0.0,0.0,0.0,0.0,0.0,0.0,12.381471,11.925722,0.62540144,11.509562,0.90107346,0.06180859,0,0,0,0,0,0,0,0,0,0,1,3,0,0,1,0,0,0
86599892,12.424306,0.0,15.0,5.7761765,0.8768925,1.0179017,nan,nan,0.0,0.0,0.0,0.0,0.0,0.0,0.0,0.0,0.0,0.0,0.0,0.0,0.0,0.0,0.0,0.0,0.0,0.0,0.0,12.424306,11.930551,0.6280841,11.563135,0.850235,0.061378106,0,0,0,0,0,0,0,0,0,0,1,3,0,0,1,0,0,0
86789912,12.391497,0.0,15.0,5.7761765,0.878539,1.0176579,nan,nan,0.0,0.0,0.0,0.0,0.0,0.0,0.0,0.0,0.0,0.0,0.0,0.0,0.0,0.0,0.0,0.0,0.0,0.0,0.0,12.391497,11.930551,0.6280841,11.563135,0.850235,0.061378106,0,0,0,0,0,0,0,0,0,0,1,3,0,0,1,0,0,0
86989905,12.362331,0.0,15.0,5.7761765,0.88088936,1.0173104,nan,nan,0.0,0.0,0.0,0.0,0.0,0.0,0.0,0.0,0.0,0.0,0.0,0.0,0.0,0.0,0.0,0.0,0.0,0.0,0.0,12.362331,11.930551,0.6280841,11.563135,0.850235,0.061378106,0,0,0,0,0,0,0,0,0,0,1,3,0,0,1,0,0,0
87189891,12.404256,0.0,15.0,5.7761765,0.8827018,1.0170424,nan,nan,0.0,0.0,0.0,0.0,0.0,0.0,0.0,0.0,0.0,0.0,0.0,0.0,0.0,0.0,0.0,0.0,0.0,0.0,0.0,12.404256,11.930551,0.6280841,11.563135,0.850235,0.061378106,0,0,0,0,0,0,0,0,0,0,1,3,0,0,1,0,0,0
87390316,12.392407,0.0,15.0,5.7762327,0.8840489,1.0168434,nan,nan,0.0,0.0,0.0,0.0,0.0,0.0,0.0,0.0,0.0,0.0,0.0,0.0,0.0,0.0,0.0,0.0,0.0,0.0,0.0,12.392407,11.934897,0.6304988,11.607745,0.76187706,0.06094226,0,0,0,0,0,0,0,0,0,0,1,3,0,0,1,0,0,0
87599893,12.390585,0.0,15.0,5.7762327,0.8855209,1.016626,nan,nan,0.0,0.0,0.0,0.0,0.0,0.0,0.0,0.0,0.0,0.0,0.0,0.0,0.0,0.0,0.0,0.0,0.0,0.0,0.0,12.390585,11.934897,0.6304988,11.607745,0.76187706,0.06094226,0,0,0,0,0,0,0,0,0,0,1,3,0,0,1,0,0,0
87799892,12.424306,0.0,15.0,5.7763143,0.8867368,1.0164466,nan,nan,0.0,0.0,0.0,0.0,0.0,0.0,0.0,0.0,0.0,0.0,0.0,0.0,0.0,0.0,0.0,0.0,0.0,0.0,0.0,12.424306,11.939247,0.63291496,11.6531925,0.72098637,0.060561117,0,0,0,0,0,0,0,0,0,0,1,3,0,0,1,0,0,0
87999893,12.4088125,0.0,15.0,5.7766094,0.8873958,1.0163493,nan,nan,0.0,0.0,0.0,0.0,0.0,0.0,0.0,0.0,0.0,0.0,0.0,0.0,0.0,0.0,0.0,0.0,0.0,0.0,0.0,12.4088125,11.943842,0.63546795,11.7035885,0.69975567,0.060318332,0,0,0,0,0,0,0,0,0,0,1,3,0,0,1,0,0,0
88189912,12.4188385,0.0,15.0,5.776889,0.88816255,1.0162362,nan,nan,0.0,0.0,0.0,0.0,0.0,0.0,0.0,0.0,0.0,0.0,0.0,0.0,0.0,0.0,0.0,0.0,0.0,0.0,0.0,12.4188385,11.952969,0.64053816,11.775144,0.6354914,0.05979609,0,0,0,0,0,0,0,0,0,0,1,3,0,0,1,0,0,0
88389892,12.396964,0.0,15.0,5.776889,0.8897447,1.0160028,nan,nan,0.0,0.0,0.0,0.0,0.0,0.0,0.0,0.0,0.0,0.0,0.0,0.0,0.0,0.0,0.0,0.0,0.0,0.0,0.0,12.396964,11.952969,0.64053816,11.775144,0.6354914,0.05979609,0,0,0,0,0,0,0,0,0,0,1,3,0,0,1,0,0,0
88589892,12.405168,0.0,15.0,5.776889,0.8901524,1.0159427,nan,nan,0.0,0.0,0.0,0.0,0.0,0.0,0.0,0.0,0.0,0.0,0.0,0.0,0.0,0.0,0.0,0.0,0.0,0.0,0.0,12.405168,11.952969,0.64053816,11.775144,0.6354914,0.05979609,0,0,0,0,0,0,0,0,0,0,1,3,0,0,1,0,0,0
88789891,12.410635,0.0,15.0,5.776889,0.8891806,1.016086,nan,nan,0.0,0.0,0.0,0.0,0.0,0.0,0.0,0.0,0.0,0.0,0.0,0.0,0.0,0.0,0.0,0.0,0.0,0.0,0.0,12.410635,11.952969,0.64053816,11.775144,0.6354914,0.05979609,0,0,0,0,0,0,0,0,0,0,1,3,0,0,1,0,0,0
88999893,12.4088125,0.0,15.0,5.776889,0.88983625,1.0159893,nan,nan,0.0,0.0,0.0,0.0,0.0,0.0,0.0,0.0,0.0,0.0,0.0,0.0,0.0,0.0,0.0,0.0,0.0,0.0,0.0,12.4088125,11.952969,0.64053816,11.775144,0.6354914,0.05979609,0,0,0,0,0,0,0,0,0,0,1,3,0,0,1,0,0,0
89199892,12.385117,0.0,15.0,5.776889,0.89115566,1.0157948,nan,nan,0.0,0.0,0.0,0.0,0.0,0.0,0.0,0.0,0.0,0.0,0.0,0.0,0.0,0.0,0.0,0.0,0.0,0.0,0.0,12.385117,11.952969,0.64053816,11.775144,0.6354914,0.05979609,0,0,0,0,0,0,0,0,0,0,1,3,0,0,1,0,0,0
89399892,12.425218,0.0,15.0,5.776889,0.89173883,1.0157088,nan,nan,0.0,0.0,0.0,0.0,0.0,0.0,0.0,0.0,0.0,0.0,0.0,0.0,0.0,0.0,0.0,0.0,0.0,0.0,0.0,12.425218,11.952969,0.64053816,11.775144,0.6354914,0.05979609,0,0,0,0,0,0,0,0,0,0,1,3,0,0,1,0,0,0
89589891,12.427953,0.0,15.0,5.776889,0.89251226,1.0155948,nan,nan,0.0,0.0,0.0,0.0,0.0,0.0,0.0,0.0,0.0,0.0,0.0,0.0,0.0,0.0,0.0,0.0,0.0,0.0,0.0,12.427953,11.952969,0.64053816,11.775144,0.6354914,0.05979609,0,0,0,0,0,0,0,0,0,0,1,3,0,0,1,0,0,0
89789905,12.407902,0.0,15.0,5.776889,0.8930153,1.0155208,nan,nan,0.0,0.0,0.0,0.0,0.0,0.0,0.0,0.0,0.0,0.0,0.0,0.0,0.0,0.0,0.0,0.0,0.0,0.0,0.0,12.407902,11.952969,0.64053816,11.775144,0.6354914,0.05979609,0,0,0,0,0,0,0,0,0,0,1,3,0,0,1,0,0,0
89989892,12.43342,0.0,15.0,5.776889,0.8941216,1.0153579,nan,nan,0.0,0.0,0.0,0.0,0.0,0.0,0.0,0.0,0.0,0.0,0.0,0.0,0.0,0.0,0.0,0.0,0.0,0.0,0.0,12.43342,11.952969,0.64053816,11.775144,0.6354914,0.05979609,0,0,0,0,0,0,0,0,0,0,1,3,0,0,1,0,0,0
90189892,12.424306,0.0,15.0,5.776889,0.89446396,1.0153073,nan,nan,0.0,0.0,0.0,0.0,0.0,0.0,0.0,0.0,0.0,0.0,0.0,0.0,0.0,0.0,0.0,0.0,0.0,0.0,0.0,12.424306,11.952969,0.64053816,11.775144,0.6354914,0.05979609,0,0,0,0,0,0,0,0,0,0,1,3,0,0,1,0,0,0
90399893,12.438889,0.0,15.0,5.776899,0.89426464,1.0153368,nan,nan,0.0,0.0,0.0,0.0,0.0,0.0,0.0,0.0,0.0,0.0,0.0,0.0,0.0,0.0,0.0,0.0,0.0,0.0,0.0,12.438889,11.9575815,0.64310116,11.805265,0.6135731,0.059529305,0,0,0,0,0,0,0,0,0,0,1,3,0,0,1,0,0,0
90599904,12.444358,0.0,15.0,5.777046,0.89567274,1.0151293,nan,nan,0.0,0.0,0.0,0.0,0.0,0.0,0.0,0.0,0.0,0.0,0.0,0.0,0.0,0.0,0.0,0.0,0.0,0.0,0.0,12.444358,11.962203,0.64566845,11.844557,0.5797491,0.059364982,0,0,0,0,0,0,0,0,0,0,1,3,0,0,1,0,0,0
90800324,12.426129,0.0,15.0,5.777234,0.89526266,1.0151898,nan,nan,0.0,0.0,0.0,0.0,0.0,0.0,0.0,0.0,0.0,0.0,0.0,0.0,0.0,0.0,0.0,0.0,0.0,0.0,0.0,12.426129,11.967067,0.6483707,11.877935,0.5755367,0.059255004,0,0,0,0,0,0,0,0,0,0,1,3,0,0,1,0,0,0
90989891,12.397876,0.0,15.0,5.777234,0.89629406,1.0150379,nan,nan,0.0,0.0,0.0,0.0,0.0,0.0,0.0,0.0,0.0,0.0,0.0,0.0,0.0,0.0,0.0,0.0,0.0,0.0,0.0,12.397876,11.967067,0.6483707,11.877935,0.5755367,0.059255004,0,0,0,0,0,0,0,0,0,0,1,3,0,0,1,0,0,0
91189891,12.427041,0.0,15.0,5.777234,0.8965396,1.0150018,nan,nan,0.0,0.0,0.0,0.0,0.0,0.0,0.0,0.0,0.0,0.0,0.0,0.0,0.0,0.0,0.0,0.0,0.0,0.0,0.0,12.427041,11.967067,0.6483707,11.877935,0.5755367,0.059255004,0,0,0,0,0,0,0,0,0,0,1,3,0,0,1,0,0,0
91389891,12.414282,0.0,15.0,5.777234,0.89706606,1.0149243,nan,nan,0.0,0.0,0.0,0.0,0.0,0.0,0.0,0.0,0.0,0.0,0.0,0.0,0.0,0.0,0.0,0.0,0.0,0.0,0.0,12.414282,11.967067,0.6483707,11.877935,0.5755367,0.059255004,0,0,0,0,0,0,0,0,0,0,1,3,0,0,1,0,0,0
91589891,12.421573,0.0,15.0,5.777234,0.8974394,1.0148693,nan,nan,0.0,0.0,0.0,0.0,0.0,0.0,0.0,0.0,0.0,0.0,0.0,0.0,0.0,0.0,0.0,0.0,0.0,0.0,0.0,12.421573,11.967067,0.6483707,11.877935,0.5755367,0.059255004,0,0,0,0,0,0,0,0,0,0,1,3,0,0,1,0,0,0
91799891,12.402432,0.0,15.0,5.777234,0.8979649,1.0147921,nan,nan,0.0,0.0,0.0,0.0,0.0,0.0,0.0,0.0,0.0,0.0,0.0,0.0,0.0,0.0,0.0,0.0,0.0,0.0,0.0,12.402432,11.967067,0.6483707,11.877935,0.5755367,0.059255004,0,0,0,0,0,0,0,0,0,0,1,3,0,0,1,0,0,0
91999932,12.420661,0.0,15.0,5.7773204,0.89709705,1.0149198,nan,nan,0.0,0.0,0.0,0.0,0.0,0.0,0.0,0.0,0.0,0.0,0.0,0.0,0.0,0.0,0.0,0.0,0.0,0.0,0.0,12.420661,11.97053,0.65029424,11.906422,0.41033936,0.05913249,0,0,0,0,0,0,0,0,0,0,1,3,0,0,1,0,0,0
92199941,12.385117,0.0,15.0,5.7773204,0.8971414,1.0149132,nan,nan,0.0,0.0,0.0,0.0,0.0,0.0,0.0,0.0,0.0,0.0,0.0,0.0,0.0,0.0,0.0,0.0,0.0,0.0,0.0,12.385117,11.97053,0.65029424,11.906422,0.41033936,0.05913249,0,0,0,0,0,0,0,0,0,0,1,3,0,0,1,0,0,0
92389890,12.443446,0.0,15.0,5.7773204,0.89730734,1.0148888,nan,nan,0.0,0.0,0.0,0.0,0.0,0.0,0.0,0.0,0.0,0.0,0.0,0.0,0.0,0.0,0.0,0.0,0.0,0.0,0.0,12.443446,11.97053,0.65029424,11.906422,0.41033936,0.05913249,0,0,0,0,0,0,0,0,0,0,1,3,0,0,1,0,0,0
92589891,12.446181,0.0,15.0,5.7773204,0.89745516,1.0148671,nan,nan,0.0,0.0,0.0,0.0,0.0,0.0,0.0,0.0,0.0,0.0,0.0,0.0,0.0,0.0,0.0,0.0,0.0,0.0,0.0,12.446181,11.97053,0.65029424,11.906422,0.41033936,0.05913249,0,0,0,0,0,0,0,0,0,0,1,3,0,0,1,0,0,0
92789890,12.419749,0.0,15.0,5.7773204,0.8984322,1.0147233,nan,nan,0.0,0.0,0.0,0.0,0.0,0.0,0.0,0.0,0.0,0.0,0.0,0.0,0.0,0.0,0.0,0.0,0.0,0.0,0.0,12.419749,11.97053,0.65029424,11.906422,0.41033936,0.05913249,0,0,0,0,0,0,0,0,0,0,1,3,0,0,1,0,0,0
92989891,12.393318,0.0,15.0,5.7773356,0.8981094,1.0147707,nan,nan,0.0,0.0,0.0,0.0,0.0,0.0,0.0,0.0,0.0,0.0,0.0,0.0,0.0,0.0,0.0,0.0,0.0,0.0,0.0,12.393318,11.974887,0.65271515,11.926991,0.48364353,0.05901369,0,0,0,0,0,0,0,0,0,0,1,3,0,0,1,0,0,0
93200227,12.428864,0.0,15.0,5.7773356,0.8975038,1.0148599,nan,nan,0.0,0.0,0.0,0.0,0.0,0.0,0.0,0.0,0.0,0.0,0.0,0.0,0.0,0.0,0.0,0.0,0.0,0.0,0.0,12.428864,11.974887,0.65271515,11.926991,0.48364353,0.05901369,0,0,0,0,0,0,0,0,0,0,1,3,0,0,1,0,0,0
93399893,12.4188385,0.0,15.0,5.7773356,0.8972401,1.0148987,nan,nan,0.0,0.0,0.0,0.0,0.0,0.0,0.0,0.0,0.0,0.0,0.0,0.0,0.0,0.0,0.0,0.0,0.0,0.0,0.0,12.4188385,11.974887,0.65271515,11.926991,0.48364353,0.05901369,0,0,0,0,0,0,0,0,0,0,1,3,0,0,1,0,0,0
93599892,12.427953,0.0,15.0,5.7773356,0.8970141,1.0149319,nan,nan,0.0,0.0,0.0,0.0,0.0,0.0,0.0,0.0,0.0,0.0,0.0,0.0,0.0,0.0,0.0,0.0,0.0,0.0,0.0,12.427953,11.974887,0.65271515,11.926991,0.48364353,0.05901369,0,0,0,0,0,0,0,0,0,0,1,3,0,0,1,0,0,0
93789892,12.407902,0.0,15.0,5.7773356,0.89680284,1.014963,nan,nan,0.0,0.0,0.0,0.0,0.0,0.0,0.0,0.0,0.0,0.0,0.0,0.0,0.0,0.0,0.0,0.0,0.0,0.0,0.0,12.407902,11.974887,0.65271515,11.926991,0.48364353,0.05901369,0,0,0,0,0,0,0,0,0,0,1,3,0,0,1,0,0,0
93989891,12.436155,0.0,15.0,5.7773356,0.89772886,1.0148268,nan,nan,0.0,0.0,0.0,0.0,0.0,0.0,0.0,0.0,0.0,0.0,0.0,0.0,0.0,0.0,0.0,0.0,0.0,0.0,0.0,12.436155,11.974887,0.65271515,11.926991,0.48364353,0.05901369,0,0,0,0,0,0,0,0,0,0,1,3,0,0,1,0,0,0
94189891,12.402432,0.0,15.0,5.7773356,0.897921,1.0147985,nan,nan,0.0,0.0,0.0,0.0,0.0,0.0,0.0,0.0,0.0,0.0,0.0,0.0,0.0,0.0,0.0,0.0,0.0,0.0,0.0,12.402432,11.974887,0.65271515,11.926991,0.48364353,0.05901369,0,0,0,0,0,0,0,0,0,0,1,3,0,0,1,0,0,0
94389900,12.409724,0.0,15.0,5.777468,0.8980221,1.0147836,nan,nan,0.0,0.0,0.0,0.0,0.0,0.0,0.0,0.0,0.0,0.0,0.0,0.0,0.0,0.0,0.0,0.0,0.0,0.0,0.0,12.409724,11.979102,0.6550569,11.95692,0.44369125,0.05898942,0,0,0,0,0,0,0,0,0,0,1,3,0,0,1,0,0,0
94599892,12.45256,0.0,15.0,5.777468,0.8986234,1.0146952,nan,nan,0.0,0.0,0.0,0.0,0.0,0.0,0.0,0.0,0.0,0.0,0.0,0.0,0.0,0.0,0.0,0.0,0.0,0.0,0.0,12.45256,11.979102,0.6550569,11.95692,0.44369125,0.05898942,0,0,0,0,0,0,0,0,0,0,1,3,0,0,1,0,0,0
94799892,12.431598,0.0,15.0,5.777468,0.89816326,1.0147629,nan,nan,0.0,0.0,0.0,0.0,0.0,0.0,0.0,0.0,0.0,0.0,0.0,0.0,0.0,0.0,0.0,0.0,0.0,0.0,0.0,12.431598,11.979102,0.6550569,11.95692,0.44369125,0.05898942,0,0,0,0,0,0,0,0,0,0,1,3,0,0,1,0,0,0
94999894,12.421573,0.0,15.0,5.777468,0.8983225,1.0147395,nan,nan,0.0,0.0,0.0,0.0,0.0,0.0,0.0,0.0,0.0,0.0,0.0,0.0,0.0,0.0,0.0,0.0,0.0,0.0,0.0,12.421573,11.979102,0.6550569,11.95692,0.44369125,0.05898942,0,0,0,0,0,0,0,0,0,0,1,3,0,0,1,0,0,0
95189892,12.428864,0.0,15.0,5.777468,0.8992309,1.0146059,nan,nan,0.0,0.0,0.0,0.0,0.0,0.0,0.0,0.0,0.0,0.0,0.0,0.0,0.0,0.0,0.0,0.0,0.0,0.0,0.0,12.428864,11.979102,0.6550569,11.95692,0.44369125,0.05898942,0,0,0,0,0,0,0,0,0,0,1,3,0,0,1,0,0,0
95389893,12.446181,0.0,15.0,5.7777224,0.9000253,1.014489,nan,nan,0.0,0.0,0.0,0.0,0.0,0.0,0.0,0.0,0.0,0.0,0.0,0.0,0.0,0.0,0.0,0.0,0.0,0.0,0.0,12.446181,11.983356,0.6574206,11.984183,0.4246292,0.05898942,0,0,0,0,0,0,0,0,0,0,1,3,0,0,1,0,0,0
95590429,12.419749,0.0,15.0,5.7777224,0.89909023,1.0146265,nan,nan,0.0,0.0,0.0,0.0,0.0,0.0,0.0,0.0,0.0,0.0,0.0,0.0,0.0,0.0,0.0,0.0,0.0,0.0,0.0,12.419749,11.983356,0.6574206,11.984183,0.4246292,0.05898942,0,0,0,0,0,0,0,0,0,0,1,3,0,0,1,0,0,0
95789892,12.450738,0.0,15.0,5.7777276,0.8991155,1.0146228,nan,nan,0.0,0.0,0.0,0.0,0.0,0.0,0.0,0.0,0.0,0.0,0.0,0.0,0.0,0.0,0.0,0.0,0.0,0.0,0.0,12.450738,11.987686,0.65982574,12.402341,0.018320084,0.05894235,0,0,0,0,0,0,0,0,0,0,1,3,0,0,1,0,0,0
95999893,12.41337,0.0,15.0,5.7777276,0.8989057,1.0146537,nan,nan,0.0,0.0,0.0,0.0,0.0,0.0,0.0,0.0,0.0,0.0,0.0,0.0,0.0,0.0,0.0,0.0,0.0,0.0,0.0,12.41337,11.987686,0.65982574,12.402341,0.018320084,0.05894235,0,0,0,0,0,0,0,0,0,0,1,3,0,0,1,0,0,0
96199894,12.4717,0.0,15.0,5.7777276,0.9000644,1.0144833,nan,nan,0.0,0.0,0.0,0.0,0.0,0.0,0.0,0.0,0.0,0.0,0.0,0.0,0.0,0.0,0.0,0.0,0.0,0.0,0.0,12.4717,11.987686,0.65982574,12.402341,0.018320084,0.05894235,0,0,0,0,0,0,0,0,0,0,1,3,0,0,1,0,0,0
96399892,12.416103,0.0,15.0,5.7777276,0.90013117,1.0144734,nan,nan,0.0,0.0,0.0,0.0,0.0,0.0,0.0,0.0,0.0,0.0,0.0,0.0,0.0,0.0,0.0,0.0,0.0,0.0,0.0,12.416103,11.987686,0.65982574,12.402341,0.018320084,0.05894235,0,0,0,0,0,0,0,0,0,0,1,3,0,0,1,0,0,0
96589892,12.435244,0.0,15.0,5.7777834,0.8996934,1.0145378,nan,nan,0.0,0.0,0.0,0.0,0.0,0.0,0.0,0.0,0.0,0.0,0.0,0.0,0.0,0.0,0.0,0.0,0.0,0.0,0.0,12.435244,11.9961195,0.66451114,12.405947,0.019270897,0.05894235,0,0,0,0,0,0,0,0,0,0,1,3,0,0,1,0,0,0
96789891,12.450738,0.0,15.0,5.7777834,0.9003634,1.0144393,nan,nan,0.0,0.0,0.0,0.0,0.0,0.0,0.0,0.0,0.0,0.0,0.0,0.0,0.0,0.0,0.0,0.0,0.0,0.0,0.0,12.450738,11.9961195,0.66451114,12.405947,0.019270897,0.05894235,0,0,0,0,0,0,0,0,0,0,1,3,0,0,1,0,0,0
96989891,12.435244,0.0,15.0,5.7777834,0.90027565,1.0144522,nan,nan,0.0,0.0,0.0,0.0,0.0,0.0,0.0,0.0,0.0,0.0,0.0,0.0,0.0,0.0,0.0,0.0,0.0,0.0,0.0,12.435244,11.9961195,0.66451114,12.405947,0.019270897,0.05894235,0,0,0,0,0,0,0,0,0,0,1,3,0,0,1,0,0,0
97189890,12.43342,0.0,15.0,5.7777834,0.9001226,1.0144747,nan,nan,0.0,0.0,0.0,0.0,0.0,0.0,0.0,0.0,0.0,0.0,0.0,0.0,0.0,0.0,0.0,0.0,0.0,0.0,0.0,12.43342,11.9961195,0.66451114,12.405947,0.019270897,0.05894235,0,0,0,0,0,0,0,0,0,0,1,3,0,0,1,0,0,0
97399893,12.425218,0.0,15.0,5.7777834,0.89997953,1.0144957,nan,nan,0.0,0.0,0.0,0.0,0.0,0.0,0.0,0.0,0.0,0.0,0.0,0.0,0.0,0.0,0.0,0.0,0.0,0.0,0.0,12.425218,11.9961195,0.66451114,12.405947,0.019270897,0.05894235,0,0,0,0,0,0,0,0,0,0,1,3,0,0,1,0,0,0
97599893,12.484459,0.0,15.0,5.7777834,0.9002704,1.014453,nan,nan,0.0,0.0,0.0,0.0,0.0,0.0,0.0,0.0,0.0,0.0,0.0,0.0,0.0,0.0,0.0,0.0,0.0,0.0,0.0,12.484459,11.9961195,0.66451114,12.405947,0.019270897,0.05894235,0,0,0,0,0,0,0,0,0,0,1,3,0,0,1,0,0,0
97799909,12.401521,0.0,15.0,5.7777834,0.89994997,1.0145001,nan,nan,0.0,0.0,0.0,0.0,0.0,0.0,0.0,0.0,0.0,0.0,0.0,0.0,0.0,0.0,0.0,0.0,0.0,0.0,0.0,12.401521,11.9961195,0.66451114,12.405947,0.019270897,0.05894235,0,0,0,0,0,0,0,0,0,0,1,3,0,0,1,0,0,0
97989898,12.376914,0.0,15.0,5.778048,0.89907736,1.0146284,nan,nan,0.0,0.0,0.0,0.0,0.0,0.0,0.0,0.0,0.0,0.0,0.0,0.0,0.0,0.0,0.0,0.0,0.0,0.0,0.0,12.376914,11.999899,0.66661066,12.43141,-0.0535841,0.05894235,0,0,0,0,0,0,0,0,0,0,1,3,0,0,1,0,0,0
98190099,12.425218,0.0,15.0,5.778048,0.9001636,1.0144687,nan,nan,0.0,0.0,0.0,0.0,0.0,0.0,0.0,0.0,0.0,0.0,0.0,0.0,0.0,0.0,0.0,0.0,0.0,0.0,0.0,12.425218,11.999899,0.66661066,12.43141,-0.0535841,0.05894235,0,0,0,0,0,0,0,0,0,0,1,3,0,0,1,0,0,0
98389910,12.424306,0.0,15.0,5.778048,0.8998999,1.0145074,nan,nan,0.0,0.0,0.0,0.0,0.0,0.0,0.0,0.0,0.0,0.0,0.0,0.0,0.0,0.0,0.0,0.0,0.0,0.0,0.0,12.424306,11.999899,0.66661066,12.43141,-0.0535841,0.05894235,0,0,0,0,0,0,0,0,0,0,1,3,0,0,1,0,0,0
98589903,12.406078,0.0,15.0,5.778048,0.9005055,1.0144185,nan,nan,0.0,0.0,0.0,0.0,0.0,0.0,0.0,0.0,0.0,0.0,0.0,0.0,0.0,0.0,0.0,0.0,0.0,0.0,0.0,12.406078,11.999899,0.66661066,12.43141,-0.0535841,0.05894235,0,0,0,0,0,0,0,0,0,0,1,3,0,0,1,0,0,0
98799892,12.424306,0.0,15.0,5.7781496,0.8998298,1.0145178,nan,nan,0.0,0.0,0.0,0.0,0.0,0.0,0.0,0.0,0.0,0.0,0.0,0.0,0.0,0.0,0.0,0.0,0.0,0.0,0.0,12.424306,12.00411,0.66895,12.37361,0.051608086,0.05894235,0,0,0,0,0,0,0,0,0,0,1,3,0,0,1,0,0,0
99000184,12.423396,0.0,15.0,5.7781496,0.8991074,1.014624,nan,nan,0.0,0.0,0.0,0.0,0.0,0.0,0.0,0.0,0.0,0.0,0.0,0.0,0.0,0.0,0.0,0.0,0.0,0.0,0.0,12.423396,12.00411,0.66895,12.37361,0.051608086,0.05894235,0,0,0,0,0,0,0,0,0,0,1,3,0,0,1,0,0,0
99199893,12.430687,0.0,15.0,5.7783275,0.8990168,1.0146374,nan,nan,0.0,0.0,0.0,0.0,0.0,0.0,0.0,0.0,0.0,0.0,0.0,0.0,0.0,0.0,0.0,0.0,0.0,0.0,0.0,12.430687,12.008424,0.6713471,12.427195,0.012605667,0.05894235,0,0,0,0,0,0,0,0,0,0,1,3,0,0,1,0,0,0
99389891,12.4188385,0.0,15.0,5.7783275,0.8988518,1.0146617,nan,nan,0.0,0.0,0.0,0.0,0.0,0.0,0.0,0.0,0.0,0.0,0.0,0.0,0.0,0.0,0.0,0.0,0.0,0.0,0.0,12.4188385,12.008424,0.6713471,12.427195,0.012605667,0.05894235,0,0,0,0,0,0,0,0,0,0,1,3,0,0,1,0,0,0
99589891,12.426129,0.0,15.0,5.7783275,0.8993239,1.0145922,nan,nan,0.0,0.0,0.0,0.0,0.0,0.0,0.0,0.0,0.0,0.0,0.0,0.0,0.0,0.0,0.0,0.0,0.0,0.0,0.0,12.426129,12.008424,0.6713471,12.427195,0.012605667,0.05894235,0,0,0,0,0,0,0,0,0,0,1,3,0,0,1,0,0,0
99789891,12.427041,0.0,15.0,5.778419,0.89966863,1.0145415,nan,nan,0.0,0.0,0.0,0.0,0.0,0.0,0.0,0.0,0.0,0.0,0.0,0.0,0.0,0.0,0.0,0.0,0.0,0.0,0.0,12.427041,12.012361,0.67353433,12.43756,-0.031481743,0.05894235,0,0,0,0,0,0,0,0,0,0,1,3,0,0,1,0,0,0
99989891,12.435244,0.0,15.0,5.778419,0.90035146,1.0144411,nan,nan,0.0,0.0,0.0,0.0,0.0,0.0,0.0,0.0,0.0,0.0,0.0,0.0,0.0,0.0,0.0,0.0,0.0,0.0,0.0,12.435244,12.012361,0.67353433,12.43756,-0.031481743,0.05894235,0,0,0,0,0,0,0,0,0,0,1,3,0,0,1,0,0,0
100199893,12.448915,0.0,15.0,5.778419,0.90043014,1.0144296,nan,nan,0.0,0.0,0.0,0.0,0.0,0.0,0.0,0.0,0.0,0.0,0.0,0.0,0.0,0.0,0.0,0.0,0.0,0.0,0.0,12.448915,12.012361,0.67353433,12.43756,-0.031481743,0.05894235,0,0,0,0,0,0,0,0,0,0,1,3,0,0,1,0,0,0
100399895,12.454383,0.0,15.0,5.778419,0.9002871,1.0144506,nan,nan,0.0,0.0,0.0,0.0,0.0,0.0,0.0,0.0,0.0,0.0,0.0,0.0,0.0,0.0,0.0,0.0,0.0,0.0,0.0,12.454383,12.012361,0.67353433,12.43756,-0.031481743,0.05894235,0,0,0,0,0,0,0,0,0,0,1,3,0,0,1,0,0,0
100599893,12.4088125,0.0,15.0,5.778536,0.900032,1.0144881,nan,nan,0.0,0.0,0.0,0.0,0.0,0.0,0.0,0.0,0.0,0.0,0.0,0.0,0.0,0.0,0.0,0.0,0.0,0.0,0.0,12.4088125,12.01662,0.6758999,12.406737,0.03579712,0.05894235,0,0,0,0,0,0,0,0,0,0,1,3,0,0,1,0,0,0
100789891,12.436155,0.0,15.0,5.778536,0.8999676,1.0144975,nan,nan,0.0,0.0,0.0,0.0,0.0,0.0,0.0,0.0,0.0,0.0,0.0,0.0,0.0,0.0,0.0,0.0,0.0,0.0,0.0,12.436155,12.01662,0.6758999,12.406737,0.03579712,0.05894235,0,0,0,0,0,0,0,0,0,0,1,3,0,0,1,0,0,0
100989891,12.437067,0.0,15.0,5.778536,0.90025896,1.0144546,nan,nan,0.0,0.0,0.0,0.0,0.0,0.0,0.0,0.0,0.0,0.0,0.0,0.0,0.0,0.0,0.0,0.0,0.0,0.0,0.0,12.437067,12.01662,0.6758999,12.406737,0.03579712,0.05894235,0,0,0,0,0,0,0,0,0,0,1,3,0,0,1,0,0,0
101189891,12.437978,0.0,15.0,5.778536,0.9001631,1.0144688,nan,nan,0.0,0.0,0.0,0.0,0.0,0.0,0.0,0.0,0.0,0.0,0.0,0.0,0.0,0.0,0.0,0.0,0.0,0.0,0.0,12.437978,12.01662,0.6758999,12.406737,0.03579712,0.05894235,0,0,0,0,0,0,0,0,0,0,1,3,0,0,1,0,0,0
101389914,12.4398,0.0,15.0,5.778536,0.9005975,1.0144049,nan,nan,0.0,0.0,0.0,0.0,0.0,0.0,0.0,0.0,0.0,0.0,0.0,0.0,0.0,0.0,0.0,0.0,0.0,0.0,0.0,12.4398,12.01662,0.6758999,12.406737,0.03579712,0.05894235,0,0,0,0,0,0,0,0,0,0,1,3,0,0,1,0,0,0
101599894,12.44527,0.0,15.0,5.778536,0.9004206,1.0144309,nan,nan,0.0,0.0,0.0,0.0,0.0,0.0,0.0,0.0,0.0,0.0,0.0,0.0,0.0,0.0,0.0,0.0,0.0,0.0,0.0,12.44527,12.01662,0.6758999,12.406737,0.03579712,0.05894235,0,0,0,0,0,0,0,0,0,0,1,3,0,0,1,0,0,0
101799892,12.443446,0.0,15.0,5.778536,0.9005589,1.0144106,nan,nan,0.0,0.0,0.0,0.0,0.0,0.0,0.0,0.0,0.0,0.0,0.0,0.0,0.0,0.0,0.0,0.0,0.0,0.0,0.0,12.443446,12.01662,0.6758999,12.406737,0.03579712,0.05894235,0,0,0,0,0,0,0,0,0,0,1,3,0,0,1,0,0,0
101999892,12.4088125,0.0,15.0,5.778536,0.89977926,1.0145252,nan,nan,0.0,0.0,0.0,0.0,0.0,0.0,0.0,0.0,0.0,0.0,0.0,0.0,0.0,0.0,0.0,0.0,0.0,0.0,0.0,12.4088125,12.01662,0.6758999,12.406737,0.03579712,0.05894235,0,0,0,0,0,0,0,0,0,0,1,3,0,0,1,0,0,0
102189892,12.422484,0.0,15.0,5.778536,0.8997106,1.0145353,nan,nan,0.0,0.0,0.0,0.0,0.0,0.0,0.0,0.0,0.0,0.0,0.0,0.0,0.0,0.0,0.0,0.0,0.0,0.0,0.0,12.422484,12.01662,0.6758999,12.406737,0.03579712,0.05894235,0,0,0,0,0,0,0,0,0,0,1,3,0,0,1,0,0,0
102389904,12.411547,0.0,15.0,5.778663,0.89946693,1.0145712,nan,nan,0.0,0.0,0.0,0.0,0.0,0.0,0.0,0.0,0.0,0.0,0.0,0.0,0.0,0.0,0.0,0.0,0.0,0.0,0.0,12.411547,12.020503,0.6780576,12.442798,-0.033985138,0.05894235,0,0,0,0,0,0,0,0,0,0,1,3,0,0,1,0,0,0
102589891,12.435244,0.0,15.0,5.778663,0.90039104,1.0144353,nan,nan,0.0,0.0,0.0,0.0,0.0,0.0,0.0,0.0,0.0,0.0,0.0,0.0,0.0,0.0,0.0,0.0,0.0,0.0,0.0,12.435244,12.020503,0.6780576,12.442798,-0.033985138,0.05894235,0,0,0,0,0,0,0,0,0,0,1,3,0,0,1,0,0,0
102789891,12.434332,0.0,15.0,5.778663,0.90089077,1.0143617,nan,nan,0.0,0.0,0.0,0.0,0.0,0.0,0.0,0.0,0.0,0.0,0.0,0.0,0.0,0.0,0.0,0.0,0.0,0.0,0.0,12.434332,12.020503,0.6780576,12.442798,-0.033985138,0.05894235,0,0,0,0,0,0,0,0,0,0,1,3,0,0,1,0,0,0
103000177,12.428864,0.0,15.0,5.778663,0.90108484,1.0143332,nan,nan,0.0,0.0,0.0,0.0,0.0,0.0,0.0,0.0,0.0,0.0,0.0,0.0,0.0,0.0,0.0,0.0,0.0,0.0,0.0,12.428864,12.020503,0.6780576,12.442798,-0.033985138,0.05894235,0,0,0,0,0,0,0,0,0,0,1,3,0,0,1,0,0,0
103199999,12.428864,0.0,15.0,5.778663,0.9008407,1.0143691,nan,nan,0.0,0.0,0.0,0.0,0.0,0.0,0.0,0.0,0.0,0.0,0.0,0.0,0.0,0.0,0.0,0.0,0.0,0.0,0.0,12.428864,12.020503,0.6780576,12.442798,-0.033985138,0.05894235,0,0,0,0,0,0,0,0,0,0,1,3,0,0,1,0,0,0
103399892,12.417015,0.0,15.0,5.778663,0.90007395,1.0144819,nan,nan,0.0,0.0,0.0,0.0,0.0,0.0,0.0,0.0,0.0,0.0,0.0,0.0,0.0,0.0,0.0,0.0,0.0,0.0,0.0,12.417015,12.020503,0.6780576,12.442798,-0.033985138,0.05894235,0,0,0,0,0,0,0,0,0,0,1,3,0,0,1,0,0,0
103589892,12.410635,0.0,15.0,5.778663,0.90045446,1.0144259,nan,nan,0.0,0.0,0.0,0.0,0.0,0.0,0.0,0.0,0.0,0.0,0.0,0.0,0.0,0.0,0.0,0.0,0.0,0.0,0.0,12.410635,12.020503,0.6780576,12.442798,-0.033985138,0.05894235,0,0,0,0,0,0,0,0,0,0,1,3,0,0,1,0,0,0
103790037,12.405168,0.0,15.0,5.778663,0.89969486,1.0145376,nan,nan,0.0,0.0,0.0,0.0,0.0,0.0,0.0,0.0,0.0,0.0,0.0,0.0,0.0,0.0,0.0,0.0,0.0,0.0,0.0,12.405168,12.020503,0.6780576,12.442798,-0.033985138,0.05894235,0,0,0,0,0,0,0,0,0,0,1,3,0,0,1,0,0,0
103989891,12.427041,0.0,15.0,5.778663,0.9006166,1.014402,nan,nan,0.0,0.0,0.0,0.0,0.0,0.0,0.0,0.0,0.0,0.0,0.0,0.0,0.0,0.0,0.0,0.0,0.0,0.0,0.0,12.427041,12.020503,0.6780576,12.442798,-0.033985138,0.05894235,0,0,0,0,0,0,0,0,0,0,1,3,0,0,1,0,0,0
104189890,12.432509,0.0,15.0,5.778663,0.9009966,1.0143462,nan,nan,0.0,0.0,0.0,0.0,0.0,0.0,0.0,0.0,0.0,0.0,0.0,0.0,0.0,0.0,0.0,0.0,0.0,0.0,0.0,12.432509,12.020503,0.6780576,12.442798,-0.033985138,0.05894235,0,0,0,0,0,0,0,0,0,0,1,3,0,0,1,0,0,0
104399893,12.426129,0.0,15.0,5.778663,0.9007639,1.0143805,nan,nan,0.0,0.0,0.0,0.0,0.0,0.0,0.0,0.0,0.0,0.0,0.0,0.0,0.0,0.0,0.0,0.0,0.0,0.0,0.0,12.426129,12.020503,0.6780576,12.442798,-0.033985138,0.05894235,0,0,0,0,0,0,0,0,0,0,1,3,0,0,1,0,0,0
104599915,12.404256,0.0,15.0,5.779314,0.90053314,1.0144143,nan,nan,0.0,0.0,0.0,0.0,0.0,0.0,0.0,0.0,0.0,0.0,0.0,0.0,0.0,0.0,0.0,0.0,0.0,0.0,0.0,12.404256,12.024474,0.68026394,12.422384,-0.00081157684,0.05894235,0,0,0,0,0,0,0,0,0,0,1,3,0,0,1,0,0,0
104799963,12.449826,0.0,15.0,5.779314,0.90070003,1.0143898,nan,nan,0.0,0.0,0.0,0.0,0.0,0.0,0.0,0.0,0.0,0.0,0.0,0.0,0.0,0.0,0.0,0.0,0.0,0.0,0.0,12.449826,12.024474,0.68026394,12.422384,-0.00081157684,0.05894235,0,0,0,0,0,0,0,0,0,0,1,3,0,0,1,0,0,0
104989890,12.424306,0.0,15.0,5.77935,0.9011602,1.0143222,nan,nan,0.0,0.0,0.0,0.0,0.0,0.0,0.0,0.0,0.0,0.0,0.0,0.0,0.0,0.0,0.0,0.0,0.0,0.0,0.0,12.424306,12.028514,0.6825084,12.405629,0.026880264,0.05894235,0,0,0,0,0,0,0,0,0,0,1,3,0,0,1,0,0,0
105189892,12.432509,0.0,15.0,5.77935,0.9009451,1.0143539,nan,nan,0.0,0.0,0.0,0.0,0.0,0.0,0.0,0.0,0.0,0.0,0.0,0.0,0.0,0.0,0.0,0.0,0.0,0.0,0.0,12.432509,12.028514,0.6825084,12.405629,0.026880264,0.05894235,0,0,0,0,0,0,0,0,0,0,1,3,0,0,1,0,0,0
105389891,12.424306,0.0,15.0,5.77935,0.90000147,1.0144925,nan,nan,0.0,0.0,0.0,0.0,0.0,0.0,0.0,0.0,0.0,0.0,0.0,0.0,0.0,0.0,0.0,0.0,0.0,0.0,0.0,12.424306,12.028514,0.6825084,12.405629,0.026880264,0.05894235,0,0,0,0,0,0,0,0,0,0,1,3,0,0,1,0,0,0
105589891,12.393318,0.0,15.0,5.77935,0.89994854,1.0145004,nan,nan,0.0,0.0,0.0,0.0,0.0,0.0,0.0,0.0,0.0,0.0,0.0,0.0,0.0,0.0,0.0,0.0,0.0,0.0,0.0,12.393318,12.028514,0.6825084,12.405629,0.026880264,0.05894235,0,0,0,0,0,0,0,0,0,0,1,3,0,0,1,0,0,0
105799892,12.427953,0.0,15.0,5.77935,0.90012497,1.0144744,nan,nan,0.0,0.0,0.0,0.0,0.0,0.0,0.0,0.0,0.0,0.0,0.0,0.0,0.0,0.0,0.0,0.0,0.0,0.0,0.0,12.427953,12.028514,0.6825084,12.405629,0.026880264,0.05894235,0,0,0,0,0,0,0,0,0,0,1,3,0,0,1,0,0,0
105999904,12.403344,0.0,15.0,5.7794466,0.89960665,1.0145506,nan,nan,0.0,0.0,0.0,0.0,0.0,0.0,0.0,0.0,0.0,0.0,0.0,0.0,0.0,0.0,0.0,0.0,0.0,0.0,0.0,12.403344,12.032216,0.684565,12.434091,-0.031658173,0.05894235,0,0,0,0,0,0,0,0,0,0,1,3,0,0,1,0,0,0
106199891,12.391497,0.0,15.0,5.7794976,0.8991999,1.0146104,nan,nan,0.0,0.0,0.0,0.0,0.0,0.0,0.0,0.0,0.0,0.0,0.0,0.0,0.0,0.0,0.0,0.0,0.0,0.0,0.0,12.391497,12.035917,0.6866211,12.401247,0.004831314,0.05894235,0,0,0,0,0,0,0,0,0,0,1,3,0,0,1,0,0,0
106389891,12.438889,0.0,15.0,5.7794976,0.89902824,1.0146357,nan,nan,0.0,0.0,0.0,0.0,0.0,0.0,0.0,0.0,0.0,0.0,0.0,0.0,0.0,0.0,0.0,0.0,0.0,0.0,0.0,12.438889,12.035917,0.6866211,12.401247,0.004831314,0.05894235,0,0,0,0,0,0,0,0,0,0,1,3,0,0,1,0,0,0
106589891,12.428864,0.0,15.0,5.7794976,0.8997602,1.014528,nan,nan,0.0,0.0,0.0,0.0,0.0,0.0,0.0,0.0,0.0,0.0,0.0,0.0,0.0,0.0,0.0,0.0,0.0,0.0,0.0,12.428864,12.035917,0.6866211,12.401247,0.004831314,0.05894235,0,0,0,0,0,0,0,0,0,0,1,3,0,0,1,0,0,0
106789891,12.423396,0.0,15.0,5.7796707,0.89856476,1.0147039,nan,nan,0.0,0.0,0.0,0.0,0.0,0.0,0.0,0.0,0.0,0.0,0.0,0.0,0.0,0.0,0.0,0.0,0.0,0.0,0.0,12.423396,12.039926,0.68884796,12.40924,0.031472206,0.05894235,0,0,0,0,0,0,0,0,0,0,1,3,0,0,1,0,0,0
106989891,12.419749,0.0,15.0,5.7796707,0.898498,1.0147136,nan,nan,0.0,0.0,0.0,0.0,0.0,0.0,0.0,0.0,0.0,0.0,0.0,0.0,0.0,0.0,0.0,0.0,0.0,0.0,0.0,12.419749,12.039926,0.68884796,12.40924,0.031472206,0.05894235,0,0,0,0,0,0,0,0,0,0,1,3,0,0,1,0,0,0
107200054,12.428864,0.0,15.0,5.7796707,0.899404,1.0145804,nan,nan,0.0,0.0,0.0,0.0,0.0,0.0,0.0,0.0,0.0,0.0,0.0,0.0,0.0,0.0,0.0,0.0,0.0,0.0,0.0,12.428864,12.039926,0.68884796,12.40924,0.031472206,0.05894235,0,0,0,0,0,0,0,0,0,0,1,3,0,0,1,0,0,0
107399891,12.424306,0.0,15.0,5.7796707,0.8992538,1.0146024,nan,nan,0.0,0.0,0.0,0.0,0.0,0.0,0.0,0.0,0.0,0.0,0.0,0.0,0.0,0.0,0.0,0.0,0.0,0.0,0.0,12.424306,12.039926,0.68884796,12.40924,0.031472206,0.05894235,0,0,0,0,0,0,0,0,0,0,1,3,0,0,1,0,0,0
107599893,12.397876,0.0,15.0,5.779869,0.8990297,1.0146354,nan,nan,0.0,0.0,0.0,0.0,0.0,0.0,0.0,0.0,0.0,0.0,0.0,0.0,0.0,0.0,0.0,0.0,0.0,0.0,0.0,12.397876,12.043957,0.6910872,12.441371,0.0057201385,0.05894235,0,0,0,0,0,0,0,0,0,0,1,3,0,0,1,0,0,0
107789891,12.436155,0.0,15.0,5.779869,0.8990068,1.0146388,nan,nan,0.0,0.0,0.0,0.0,0.0,0.0,0.0,0.0,0.0,0.0,0.0,0.0,0.0,0.0,0.0,0.0,0.0,0.0,0.0,12.436155,12.043957,0.6910872,12.441371,0.0057201385,0.05894235,0,0,0,0,0,0,0,0,0,0,1,3,0,0,1,0,0,0
107990274,12.43342,0.0,15.0,5.779869,0.8998489,1.0145149,nan,nan,0.0,0.0,0.0,0.0,0.0,0.0,0.0,0.0,0.0,0.0,0.0,0.0,0.0,0.0,0.0,0.0,0.0,0.0,0.0,12.43342,12.043957,0.6910872,12.441371,0.0057201385,0.05894235,0,0,0,0,0,0,0,0,0,0,1,3,0,0,1,0,0,0
108189892,12.39423,0.0,15.0,5.779869,0.9000811,1.0144808,nan,nan,0.0,0.0,0.0,0.0,0.0,0.0,0.0,0.0,0.0,0.0,0.0,0.0,0.0,0.0,0.0,0.0,0.0,0.0,0.0,12.39423,12.043957,0.6910872,12.441371,0.0057201385,0.05894235,0,0,0,0,0,0,0,0,0,0,1,3,0,0,1,0,0,0
108389892,12.444358,0.0,15.0,5.7800164,0.8996677,1.0145416,nan,nan,0.0,0.0,0.0,0.0,0.0,0.0,0.0,0.0,0.0,0.0,0.0,0.0,0.0,0.0,0.0,0.0,0.0,0.0,0.0,12.444358,12.047136,0.69285387,12.445774,-0.08070946,0.05894235,0,0,0,0,0,0,0,0,0,0,1,3,0,0,1,0,0,0
108599893,12.419749,0.0,15.0,5.7801385,0.89971966,1.014534,nan,nan,0.0,0.0,0.0,0.0,0.0,0.0,0.0,0.0,0.0,0.0,0.0,0.0,0.0,0.0,0.0,0.0,0.0,0.0,0.0,12.419749,12.050663,0.6948132,12.364406,0.038938522,0.05894235,0,0,0,0,0,0,0,0,0,0,1,3,0,0,1,0,0,0
108799893,12.355041,0.0,15.0,5.7802505,0.8993768,1.0145843,nan,nan,0.0,0.0,0.0,0.0,0.0,0.0,0.0,0.0,0.0,0.0,0.0,0.0,0.0,0.0,0.0,0.0,0.0,0.0,0.0,12.355041,12.054543,0.6969685,12.403081,0.039453506,0.05894235,0,0,0,0,0,0,0,0,0,0,1,3,0,0,1,0,0,0
108999892,12.425218,0.0,15.0,5.7802505,0.8999619,1.0144984,nan,nan,0.0,0.0,0.0,0.0,0.0,0.0,0.0,0.0,0.0,0.0,0.0,0.0,0.0,0.0,0.0,0.0,0.0,0.0,0.0,12.425218,12.054543,0.6969685,12.403081,0.039453506,0.05894235,0,0,0,0,0,0,0,0,0,0,1,3,0,0,1,0,0,0
109189965,12.437978,0.0,15.0,5.780599,0.8975763,1.0148493,nan,nan,0.0,0.0,0.0,0.0,0.0,0.0,0.0,0.0,0.0,0.0,0.0,0.0,0.0,0.0,0.0,0.0,0.0,0.0,0.0,12.437978,12.057797,0.6987762,12.448595,-0.065301895,0.05894235,0,0,0,0,0,0,0,0,0,0,1,3,0,0,1,0,0,0
109389892,12.351394,0.0,15.0,5.780599,0.8973369,1.0148845,nan,nan,0.0,0.0,0.0,0.0,0.0,0.0,0.0,0.0,0.0,0.0,0.0,0.0,0.0,0.0,0.0,0.0,0.0,0.0,0.0,12.351394,12.057797,0.6987762,12.448595,-0.065301895,0.05894235,0,0,0,0,0,0,0,0,0,0,1,3,0,0,1,0,0,0
109589891,12.250228,0.0,15.0,5.7806654,0.88958734,1.016026,nan,nan,0.0,0.0,0.0,0.0,0.0,0.0,0.0,0.0,0.0,0.0,0.0,0.0,0.0,0.0,0.0,0.0,0.0,0.0,0.0,12.250228,12.061327,0.7007379,12.376046,0.038235664,0.05894235,0,0,0,0,0,0,0,0,0,0,1,3,0,0,1,0,0,0
109789890,12.435244,0.0,15.0,5.7806654,0.8807892,1.0173252,nan,nan,0.0,0.0,0.0,0.0,0.0,0.0,0.0,0.0,0.0,0.0,0.0,0.0,0.0,0.0,0.0,0.0,0.0,0.0,0.0,12.435244,12.061327,0.7007379,12.376046,0.038235664,0.05894235,0,0,0,0,0,0,0,0,0,0,1,3,0,0,1,0,0,0
109999901,12.43342,0.0,15.0,5.781037,0.8842644,1.0168116,nan,nan,0.0,0.0,0.0,0.0,0.0,0.0,0.0,0.0,0.0,0.0,0.0,0.0,0.0,0.0,0.0,0.0,0.0,0.0,0.0,12.43342,12.065038,0.70279926,12.422188,0.013967514,0.05894235,0,0,0,0,0,0,0,0,0,0,1,3,0,0,1,0,0,0
110199892,12.426129,0.0,15.0,5.781037,0.8873972,1.0163491,nan,nan,0.0,0.0,0.0,0.0,0.0,0.0,0.0,0.0,0.0,0.0,0.0,0.0,0.0,0.0,0.0,0.0,0.0,0.0,0.0,12.426129,12.065038,0.70279926,12.422188,0.013967514,0.05894235,0,0,0,0,0,0,0,0,0,0,1,3,0,0,1,0,0,0
110399967,12.40699,0.0,15.0,5.7810674,0.88842815,1.016197,nan,nan,0.0,0.0,0.0,0.0,0.0,0.0,0.0,0.0,0.0,0.0,0.0,0.0,0.0,0.0,0.0,0.0,0.0,0.0,0.0,12.40699,12.068955,0.70497507,12.427327,0.03343582,0.05894235,0,0,0,0,0,0,0,0,0,0,1,3,0,0,1,0,0,0
110589891,12.3386345,0.0,15.0,5.7810674,0.8833546,1.0169461,nan,nan,0.0,0.0,0.0,0.0,0.0,0.0,0.0,0.0,0.0,0.0,0.0,0.0,0.0,0.0,0.0,0.0,0.0,0.0,0.0,12.3386345,12.068955,0.70497507,12.427327,0.03343582,0.05894235,0,0,0,0,0,0,0,0,0,0,1,3,0,0,1,0,0,0
110789894,12.386939,0.0,15.0,5.7811384,0.88647074,1.0164858,nan,nan,0.0,0.0,0.0,0.0,0.0,0.0,0.0,0.0,0.0,0.0,0.0,0.0,0.0,0.0,0.0,0.0,0.0,0.0,0.0,12.386939,12.072681,0.7070455,12.461817,-0.016547203,0.05894235,0,0,0,0,0,0,0,0,0,0,1,3,0,0,1,0,0,0
110989890,12.425218,0.0,15.0,5.7811384,0.8894891,1.0160406,nan,nan,0.0,0.0,0.0,0.0,0.0,0.0,0.0,0.0,0.0,0.0,0.0,0.0,0.0,0.0,0.0,0.0,0.0,0.0,0.0,12.425218,12.072681,0.7070455,12.461817,-0.016547203,0.05894235,0,0,0,0,0,0,0,0,0,0,1,3,0,0,1,0,0,0
111189891,12.384205,0.0,15.0,5.7811384,0.89116806,1.015793,nan,nan,0.0,0.0,0.0,0.0,0.0,0.0,0.0,0.0,0.0,0.0,0.0,0.0,0.0,0.0,0.0,0.0,0.0,0.0,0.0,12.384205,12.072681,0.7070455,12.461817,-0.016547203,0.05894235,0,0,0,0,0,0,0,0,0,0,1,3,0,0,1,0,0,0
111399893,12.365976,0.0,15.0,5.7812605,0.8919119,1.0156833,nan,nan,0.0,0.0,0.0,0.0,0.0,0.0,0.0,0.0,0.0,0.0,0.0,0.0,0.0,0.0,0.0,0.0,0.0,0.0,0.0,12.365976,12.076055,0.70891947,12.446588,-0.03321743,0.05894235,0,0,0,0,0,0,0,0,0,0,1,3,0,0,1,0,0,0
111599892,12.404256,0.0,15.0,5.7812605,0.89146465,1.0157492,nan,nan,0.0,0.0,0.0,0.0,0.0,0.0,0.0,0.0,0.0,0.0,0.0,0.0,0.0,0.0,0.0,0.0,0.0,0.0,0.0,12.404256,12.076055,0.70891947,12.446588,-0.03321743,0.05894235,0,0,0,0,0,0,0,0,0,0,1,3,0,0,1,0,0,0
111799892,12.3987875,0.0,15.0,5.7812605,0.89161724,1.0157267,nan,nan,0.0,0.0,0.0,0.0,0.0,0.0,0.0,0.0,0.0,0.0,0.0,0.0,0.0,0.0,0.0,0.0,0.0,0.0,0.0,12.3987875,12.076055,0.70891947,12.446588,-0.03321743,0.05894235,0,0,0,0,0,0,0,0,0,0,1,3,0,0,1,0,0,0
112000044,12.424306,0.0,15.0,5.7812605,0.8919429,1.0156788,nan,nan,0.0,0.0,0.0,0.0,0.0,0.0,0.0,0.0,0.0,0.0,0.0,0.0,0.0,0.0,0.0,0.0,0.0,0.0,0.0,12.424306,12.076055,0.70891947,12.446588,-0.03321743,0.05894235,0,0,0,0,0,0,0,0,0,0,1,3,0,0,1,0,0,0
112189890,12.430687,0.0,15.0,5.7812605,0.89147514,1.0157477,nan,nan,0.0,0.0,0.0,0.0,0.0,0.0,0.0,0.0,0.0,0.0,0.0,0.0,0.0,0.0,0.0,0.0,0.0,0.0,0.0,12.430687,12.076055,0.70891947,12.446588,-0.03321743,0.05894235,0,0,0,0,0,0,0,0,0,0,1,3,0,0,1,0,0,0
112389891,12.431598,0.0,15.0,5.7812605,0.8890075,1.0161115,nan,nan,0.0,0.0,0.0,0.0,0.0,0.0,0.0,0.0,0.0,0.0,0.0,0.0,0.0,0.0,0.0,0.0,0.0,0.0,0.0,12.431598,12.076055,0.70891947,12.446588,-0.03321743,0.05894235,0,0,0,0,0,0,0,0,0,0,1,3,0,0,1,0,0,0
112589891,12.3486595,0.0,15.0,5.7812605,0.88957304,1.016028,nan,nan,0.0,0.0,0.0,0.0,0.0,0.0,0.0,0.0,0.0,0.0,0.0,0.0,0.0,0.0,0.0,0.0,0.0,0.0,0.0,12.3486595,12.076055,0.70891947,12.446588,-0.03321743,0.05894235,0,0,0,0,0,0,0,0,0,0,1,3,0,0,1,0,0,0
112789891,12.402432,0.0,15.0,5.7812605,0.88773817,1.0162988,nan,nan,0.0,0.0,0.0,0.0,0.0,0.0,0.0,0.0,0.0,0.0,0.0,0.0,0.0,0.0,0.0,0.0,0.0,0.0,0.0,12.402432,12.076055,0.70891947,12.446588,-0.03321743,0.05894235,0,0,0,0,0,0,0,0,0,0,1,3,0,0,1,0,0,0
113000213,12.375091,0.0,15.0,5.7812605,0.88720506,1.0163774,nan,nan,0.0,0.0,0.0,0.0,0.0,0.0,0.0,0.0,0.0,0.0,0.0,0.0,0.0,0.0,0.0,0.0,0.0,0.0,0.0,12.375091,12.076055,0.70891947,12.446588,-0.03321743,0.05894235,0,0,0,0,0,0,0,0,0,0,1,3,0,0,1,0,0,0
113199897,12.207392,0.0,15.0,5.7812605,0.8741302,1.0183107,nan,nan,0.0,0.0,0.0,0.0,0.0,0.0,0.0,0.0,0.0,0.0,0.0,0.0,0.0,0.0,0.0,0.0,0.0,0.0,0.0,12.207392,12.076055,0.70891947,12.446588,-0.03321743,0.05894235,0,0,0,0,0,0,0,0,0,0,1,3,0,0,1,0,0,0
113390107,12.423396,0.0,15.0,5.781394,0.8759665,1.0180386,nan,nan,0.0,0.0,0.0,0.0,0.0,0.0,0.0,0.0,0.0,0.0,0.0,0.0,0.0,0.0,0.0,0.0,0.0,0.0,0.0,12.423396,12.07934,0.7107448,12.413633,-0.0057315826,0.05894235,0,0,0,0,0,0,0,0,0,0,1,3,0,0,1,0,0,0
113589891,12.396053,0.0,15.0,5.781394,0.87970346,1.0174857,nan,nan,0.0,0.0,0.0,0.0,0.0,0.0,0.0,0.0,0.0,0.0,0.0,0.0,0.0,0.0,0.0,0.0,0.0,0.0,0.0,12.396053,12.07934,0.7107448,12.413633,-0.0057315826,0.05894235,0,0,0,0,0,0,0,0,0,0,1,3,0,0,1,0,0,0
113789892,12.432509,0.0,15.0,5.781394,0.8831739,1.0169727,nan,nan,0.0,0.0,0.0,0.0,0.0,0.0,0.0,0.0,0.0,0.0,0.0,0.0,0.0,0.0,0.0,0.0,0.0,0.0,0.0,12.432509,12.07934,0.7107448,12.413633,-0.0057315826,0.05894235,0,0,0,0,0,0,0,0,0,0,1,3,0,0,1,0,0,0
113989893,12.427041,0.0,15.0,5.7815776,0.8856315,1.0166098,nan,nan,0.0,0.0,0.0,0.0,0.0,0.0,0.0,0.0,0.0,0.0,0.0,0.0,0.0,0.0,0.0,0.0,0.0,0.0,0.0,12.427041,12.082214,0.7123417,12.40922,-0.03959751,0.05894235,0,0,0,0,0,0,0,0,0,0,1,3,0,0,1,0,0,0
114189891,12.466231,0.0,15.0,5.7815776,0.88847727,1.0161897,nan,nan,0.0,0.0,0.0,0.0,0.0,0.0,0.0,0.0,0.0,0.0,0.0,0.0,0.0,0.0,0.0,0.0,0.0,0.0,0.0,12.466231,12.082214,0.7123417,12.40922,-0.03959751,0.05894235,0,0,0,0,0,0,0,0,0,0,1,3,0,0,1,0,0,0
114399892,12.423396,0.0,15.0,5.7815776,0.8908066,1.0158463,nan,nan,0.0,0.0,0.0,0.0,0.0,0.0,0.0,0.0,0.0,0.0,0.0,0.0,0.0,0.0,0.0,0.0,0.0,0.0,0.0,12.423396,12.082214,0.7123417,12.40922,-0.03959751,0.05894235,0,0,0,0,0,0,0,0,0,0,1,3,0,0,1,0,0,0
114599892,12.396964,0.0,15.0,5.7815776,0.8915853,1.0157315,nan,nan,0.0,0.0,0.0,0.0,0.0,0.0,0.0,0.0,0.0,0.0,0.0,0.0,0.0,0.0,0.0,0.0,0.0,0.0,0.0,12.396964,12.082214,0.7123417,12.40922,-0.03959751,0.05894235,0,0,0,0,0,0,0,0,0,0,1,3,0,0,1,0,0,0
114789891,12.444358,0.0,15.0,5.7815776,0.89420074,1.015346,nan,nan,0.0,0.0,0.0,0.0,0.0,0.0,0.0,0.0,0.0,0.0,0.0,0.0,0.0,0.0,0.0,0.0,0.0,0.0,0.0,12.444358,12.082214,0.7123417,12.40922,-0.03959751,0.05894235,0,0,0,0,0,0,0,0,0,0,1,3,0,0,1,0,0,0
114989890,12.430687,0.0,15.0,5.7815776,0.8943209,1.0153284,nan,nan,0.0,0.0,0.0,0.0,0.0,0.0,0.0,0.0,0.0,0.0,0.0,0.0,0.0,0.0,0.0,0.0,0.0,0.0,0.0,12.430687,12.082214,0.7123417,12.40922,-0.03959751,0.05894235,0,0,0,0,0,0,0,0,0,0,1,3,0,0,1,0,0,0
115189892,12.446181,0.0,15.0,5.7819395,0.89447206,1.0153062,nan,nan,0.0,0.0,0.0,0.0,0.0,0.0,0.0,0.0,0.0,0.0,0.0,0.0,0.0,0.0,0.0,0.0,0.0,0.0,0.0,12.446181,12.084844,0.7138023,12.374233,-0.026485443,0.05894235,0,0,0,0,0,0,0,0,0,0,1,3,0,0,1,0,0,0
115390423,12.409724,0.0,15.0,5.7820005,0.89532703,1.0151802,nan,nan,0.0,0.0,0.0,0.0,0.0,0.0,0.0,0.0,0.0,0.0,0.0,0.0,0.0,0.0,0.0,0.0,0.0,0.0,0.0,12.409724,12.088232,0.71568483,12.339974,0.08706665,0.05894235,0,0,0,0,0,0,0,0,0,0,1,3,0,0,1,0,0,0
115599891,12.401521,0.0,15.0,5.782021,0.89381164,1.0154034,nan,nan,0.0,0.0,0.0,0.0,0.0,0.0,0.0,0.0,0.0,0.0,0.0,0.0,0.0,0.0,0.0,0.0,0.0,0.0,0.0,12.401521,12.091379,0.7174334,12.425987,-0.019908905,0.05894235,0,0,0,0,0,0,0,0,0,0,1,3,0,0,1,0,0,0
115799905,12.373268,0.0,15.0,5.782021,0.8950252,1.0152247,nan,nan,0.0,0.0,0.0,0.0,0.0,0.0,0.0,0.0,0.0,0.0,0.0,0.0,0.0,0.0,0.0,0.0,0.0,0.0,0.0,12.373268,12.091379,0.7174334,12.425987,-0.019908905,0.05894235,0,0,0,0,0,0,0,0,0,0,1,3,0,0,1,0,0,0
115999893,12.41337,0.0,15.0,5.782021,0.89593357,1.015091,nan,nan,0.0,0.0,0.0,0.0,0.0,0.0,0.0,0.0,0.0,0.0,0.0,0.0,0.0,0.0,0.0,0.0,0.0,0.0,0.0,12.41337,12.091379,0.7174334,12.425987,-0.019908905,0.05894235,0,0,0,0,0,0,0,0,0,0,1,3,0,0,1,0,0,0
116189891,12.39423,0.0,15.0,5.7820764,0.8956894,1.015127,nan,nan,0.0,0.0,0.0,0.0,0.0,0.0,0.0,0.0,0.0,0.0,0.0,0.0,0.0,0.0,0.0,0.0,0.0,0.0,0.0,12.39423,12.094486,0.71915954,12.407001,-0.001832962,0.05894235,0,0,0,0,0,0,0,0,0,0,1,3,0,0,1,0,0,0
116389893,12.368711,0.00915625,15.0,5.7821016,0.89562744,1.015136,nan,nan,0.0,0.0,0.0,0.0,0.0,0.0,0.0,0.0,0.0,0.0,0.0,0.0,0.0,0.0,0.0,0.0,0.0,0.0,0.0,12.368711,12.097201,0.7206678,12.404377,-0.035665512,0.05894235,0,0,0,0,0,0,0,0,0,0,1,3,0,0,1,0,0,0
116589903,12.379647,0.0,15.0,5.7821016,0.8965549,1.0149995,nan,nan,0.0,0.0,0.0,0.0,0.0,0.0,0.0,0.0,0.0,0.0,0.0,0.0,0.0,0.0,0.0,0.0,0.0,0.0,0.0,12.379647,12.097201,0.7206678,12.404377,-0.035665512,0.05894235,0,0,0,0,0,0,0,0,0,0,1,3,0,0,1,0,0,0
116789892,12.430687,0.0,15.0,5.782656,0.898189,1.0147591,nan,nan,0.0,0.0,0.0,0.0,0.0,0.0,0.0,0.0,0.0,0.0,0.0,0.0,0.0,0.0,0.0,0.0,0.0,0.0,0.0,12.430687,12.1044035,0.72466844,12.527625,-0.12336922,0.05894235,0,0,0,0,0,0,0,0,0,0,1,3,0,0,1,0,0,0
116999892,12.052452,0.0,15.0,5.782656,0.8949351,1.0152379,nan,nan,0.0,0.0,0.0,0.0,0.0,0.0,0.0,0.0,0.0,0.0,0.0,0.0,0.0,0.0,0.0,0.0,0.0,0.0,0.0,12.052452,12.1044035,0.72466844,12.527625,-0.12336922,0.05894235,0,0,0,0,0,0,0,0,0,0,1,3,0,0,1,0,0,0
117199892,12.377826,0.0,15.0,5.782656,0.8835406,1.0169185,nan,nan,0.0,0.0,0.0,0.0,0.0,0.0,0.0,0.0,0.0,0.0,0.0,0.0,0.0,0.0,0.0,0.0,0.0,0.0,0.0,12.377826,12.1044035,0.72466844,12.527625,-0.12336922,0.05894235,0,0,0,0,0,0,0,0,0,0,1,3,0,0,1,0,0,0
117399892,12.427953,0.0,15.0,5.782656,0.88676304,1.0164427,nan,nan,0.0,0.0,0.0,0.0,0.0,0.0,0.0,0.0,0.0,0.0,0.0,0.0,0.0,0.0,0.0,0.0,0.0,0.0,0.0,12.427953,12.1044035,0.72466844,12.527625,-0.12336922,0.05894235,0,0,0,0,0,0,0,0,0,0,1,3,0,0,1,0,0,0
117589892,12.4088125,0.0,15.0,5.782656,0.8878421,1.0162834,nan,nan,0.0,0.0,0.0,0.0,0.0,0.0,0.0,0.0,0.0,0.0,0.0,0.0,0.0,0.0,0.0,0.0,0.0,0.0,0.0,12.4088125,12.1044035,0.72466844,12.527625,-0.12336922,0.05894235,0,0,0,0,0,0,0,0,0,0,1,3,0,0,1,0,0,0
117789912,12.273013,0.0,15.0,5.782656,0.87692016,1.0178975,nan,nan,0.0,0.0,0.0,0.0,0.0,0.0,0.0,0.0,0.0,0.0,0.0,0.0,0.0,0.0,0.0,0.0,0.0,0.0,0.0,12.273013,12.1044035,0.72466844,12.527625,-0.12336922,0.05894235,0,0,0,0,0,0,0,0,0,0,1,3,0,0,1,0,0,0
117990212,12.464409,0.0,15.0,5.782656,0.875349,1.0181301,nan,nan,0.0,0.0,0.0,0.0,0.0,0.0,0.0,0.0,0.0,0.0,0.0,0.0,0.0,0.0,0.0,0.0,0.0,0.0,0.0,12.464409,12.1044035,0.72466844,12.527625,-0.12336922,0.05894235,0,0,0,0,0,0,0,0,0,0,1,3,0,0,1,0,0,0
118189891,12.41337,0.0,15.0,5.782656,0.8792624,1.017551,nan,nan,0.0,0.0,0.0,0.0,0.0,0.0,0.0,0.0,0.0,0.0,0.0,0.0,0.0,0.0,0.0,0.0,0.0,0.0,0.0,12.41337,12.1044035,0.72466844,12.527625,-0.12336922,0.05894235,0,0,0,0,0,0,0,0,0,0,1,3,0,0,1,0,0,0
118399894,12.411547,0.0,15.0,5.782656,0.88333553,1.0169488,nan,nan,0.0,0.0,0.0,0.0,0.0,0.0,0.0,0.0,0.0,0.0,0.0,0.0,0.0,0.0,0.0,0.0,0.0,0.0,0.0,12.411547,12.1044035,0.72466844,12.527625,-0.12336922,0.05894235,0,0,0,0,0,0,0,0,0,0,1,3,0,0,1,0,0,0
118599892,12.420661,0.0,15.0,5.782656,0.8859872,1.0165572,nan,nan,0.0,0.0,0.0,0.0,0.0,0.0,0.0,0.0,0.0,0.0,0.0,0.0,0.0,0.0,0.0,0.0,0.0,0.0,0.0,12.420661,12.1044035,0.72466844,12.527625,-0.12336922,0.05894235,0,0,0,0,0,0,0,0,0,0,1,3,0,0,1,0,0,0
118800178,12.3987875,0.0,15.0,5.782656,0.88861173,1.0161699,nan,nan,0.0,0.0,0.0,0.0,0.0,0.0,0.0,0.0,0.0,0.0,0.0,0.0,0.0,0.0,0.0,0.0,0.0,0.0,0.0,12.3987875,12.1044035,0.72466844,12.527625,-0.12336922,0.05894235,0,0,0,0,0,0,0,0,0,0,1,3,0,0,1,0,0,0
118989892,12.455295,0.0,15.0,5.782656,0.89006895,1.015955,nan,nan,0.0,0.0,0.0,0.0,0.0,0.0,0.0,0.0,0.0,0.0,0.0,0.0,0.0,0.0,0.0,0.0,0.0,0.0,0.0,12.455295,12.1044035,0.72466844,12.527625,-0.12336922,0.05894235,0,0,0,0,0,0,0,0,0,0,1,3,0,0,1,0,0,0
119189891,12.444358,0.0,15.0,5.782656,0.89211935,1.0156528,nan,nan,0.0,0.0,0.0,0.0,0.0,0.0,0.0,0.0,0.0,0.0,0.0,0.0,0.0,0.0,0.0,0.0,0.0,0.0,0.0,12.444358,12.1044035,0.72466844,12.527625,-0.12336922,0.05894235,0,0,0,0,0,0,0,0,0,0,1,3,0,0,1,0,0,0
119389891,12.403344,0.0,15.0,5.783781,0.89259475,1.0155827,nan,nan,0.0,0.0,0.0,0.0,0.0,0.0,0.0,0.0,0.0,0.0,0.0,0.0,0.0,0.0,0.0,0.0,0.0,0.0,0.0,12.403344,12.106543,0.7258577,12.422966,-0.10256004,0.05894235,0,0,0,0,0,0,0,0,0,0,1,3,0,0,1,0,0,0
119589891,12.415193,0.0,15.0,5.7838826,0.8938107,1.0154035,nan,nan,0.0,0.0,0.0,0.0,0.0,0.0,0.0,0.0,0.0,0.0,0.0,0.0,0.0,0.0,0.0,0.0,0.0,0.0,0.0,12.415193,12.109743,0.7276353,12.294186,0.1355896,0.05894235,0,0,0,0,0,0,0,0,0,0,1,3,0,0,1,0,0,0
119799892,12.424306,0.0,15.0,5.7838826,0.89420885,1.015345,nan,nan,0.0,0.0,0.0,0.0,0.0,0.0,0.0,0.0,0.0,0.0,0.0,0.0,0.0,0.0,0.0,0.0,0.0,0.0,0.0,12.424306,12.109743,0.7276353,12.294186,0.1355896,0.05894235,0,0,0,0,0,0,0,0,0,0,1,3,0,0,1,0,0,0
119999894,12.385117,0.0,15.0,5.7838826,0.89493746,1.0152376,nan,nan,0.0,0.0,0.0,0.0,0.0,0.0,0.0,0.0,0.0,0.0,0.0,0.0,0.0,0.0,0.0,0.0,0.0,0.0,0.0,12.385117,12.109743,0.7276353,12.294186,0.1355896,0.05894235,0,0,0,0,0,0,0,0,0,0,1,3,0,0,1,0,0,0
120199893,12.3987875,0.0,15.0,5.7838826,0.89432234,1.0153282,nan,nan,0.0,0.0,0.0,0.0,0.0,0.0,0.0,0.0,0.0,0.0,0.0,0.0,0.0,0.0,0.0,0.0,0.0,0.0,0.0,12.3987875,12.109743,0.7276353,12.294186,0.1355896,0.05894235,0,0,0,0,0,0,0,0,0,0,1,3,0,0,1,0,0,0
120389891,12.346837,0.0,15.0,5.7838826,0.89487785,1.0152464,nan,nan,0.0,0.0,0.0,0.0,0.0,0.0,0.0,0.0,0.0,0.0,0.0,0.0,0.0,0.0,0.0,0.0,0.0,0.0,0.0,12.346837,12.109743,0.7276353,12.294186,0.1355896,0.05894235,0,0,0,0,0,0,0,0,0,0,1,3,0,0,1,0,0,0
120589891,12.430687,0.0,15.0,5.7838826,0.8956217,1.0151368,nan,nan,0.0,0.0,0.0,0.0,0.0,0.0,0.0,0.0,0.0,0.0,0.0,0.0,0.0,0.0,0.0,0.0,0.0,0.0,0.0,12.430687,12.109743,0.7276353,12.294186,0.1355896,0.05894235,0,0,0,0,0,0,0,0,0,0,1,3,0,0,1,0,0,0
120789891,12.168201,0.0,15.0,5.7838826,0.88953584,1.0160336,nan,nan,0.0,0.0,0.0,0.0,0.0,0.0,0.0,0.0,0.0,0.0,0.0,0.0,0.0,0.0,0.0,0.0,0.0,0.0,0.0,12.168201,12.109743,0.7276353,12.294186,0.1355896,0.05894235,0,0,0,0,0,0,0,0,0,0,1,3,0,0,1,0,0,0
120989891,12.421573,0.0,15.0,5.7838826,0.8874392,1.0163429,nan,nan,0.0,0.0,0.0,0.0,0.0,0.0,0.0,0.0,0.0,0.0,0.0,0.0,0.0,0.0,0.0,0.0,0.0,0.0,0.0,12.421573,12.109743,0.7276353,12.294186,0.1355896,0.05894235,0,0,0,0,0,0,0,0,0,0,1,3,0,0,1,0,0,0
121199913,12.396964,0.0,15.0,5.7838826,0.8899173,1.0159774,nan,nan,0.0,0.0,0.0,0.0,0.0,0.0,0.0,0.0,0.0,0.0,0.0,0.0,0.0,0.0,0.0,0.0,0.0,0.0,0.0,12.396964,12.109743,0.7276353,12.294186,0.1355896,0.05894235,0,0,0,0,0,0,0,0,0,0,1,3,0,0,1,0,0,0
121399891,12.4188385,0.0,15.0,5.7838826,0.8908438,1.0158408,nan,nan,0.0,0.0,0.0,0.0,0.0,0.0,0.0,0.0,0.0,0.0,0.0,0.0,0.0,0.0,0.0,0.0,0.0,0.0,0.0,12.4188385,12.109743,0.7276353,12.294186,0.1355896,0.05894235,0,0,0,0,0,0,0,0,0,0,1,3,0,0,1,0,0,0
121599892,12.434332,0.0,15.0,5.7838826,0.8928966,1.0155382,nan,nan,0.0,0.0,0.0,0.0,0.0,0.0,0.0,0.0,0.0,0.0,0.0,0.0,0.0,0.0,0.0,0.0,0.0,0.0,0.0,12.434332,12.109743,0.7276353,12.294186,0.1355896,0.05894235,0,0,0,0,0,0,0,0,0,0,1,3,0,0,1,0,0,0
121789891,12.440712,0.0,15.0,5.7838826,0.8944172,1.0153142,nan,nan,0.0,0.0,0.0,0.0,0.0,0.0,0.0,0.0,0.0,0.0,0.0,0.0,0.0,0.0,0.0,0.0,0.0,0.0,0.0,12.440712,12.109743,0.7276353,12.294186,0.1355896,0.05894235,0,0,0,0,0,0,0,0,0,0,1,3,0,0,1,0,0,0
121989892,12.435244,0.0,15.0,5.7838826,0.8960509,1.0150737,nan,nan,0.0,0.0,0.0,0.0,0.0,0.0,0.0,0.0,0.0,0.0,0.0,0.0,0.0,0.0,0.0,0.0,0.0,0.0,0.0,12.435244,12.109743,0.7276353,12.294186,0.1355896,0.05894235,0,0,0,0,0,0,0,0,0,0,1,3,0,0,1,0,0,0
122189891,12.451649,0.0,15.0,5.7838826,0.89704126,1.014928,nan,nan,0.0,0.0,0.0,0.0,0.0,0.0,0.0,0.0,0.0,0.0,0.0,0.0,0.0,0.0,0.0,0.0,0.0,0.0,0.0,12.451649,12.109743,0.7276353,12.294186,0.1355896,0.05894235,0,0,0,0,0,0,0,0,0,0,1,3,0,0,1,0,0,0
122389891,12.437067,0.0,15.0,5.7838826,0.8976168,1.0148433,nan,nan,0.0,0.0,0.0,0.0,0.0,0.0,0.0,0.0,0.0,0.0,0.0,0.0,0.0,0.0,0.0,0.0,0.0,0.0,0.0,12.437067,12.109743,0.7276353,12.294186,0.1355896,0.05894235,0,0,0,0,0,0,0,0,0,0,1,3,0,0,1,0,0,0
122599892,12.436155,0.0,15.0,5.783913,0.8980178,1.0147842,nan,nan,0.0,0.0,0.0,0.0,0.0,0.0,0.0,0.0,0.0,0.0,0.0,0.0,0.0,0.0,0.0,0.0,0.0,0.0,0.0,12.436155,12.111982,0.7288789,12.427931,-0.092030525,0.05894235,0,0,0,0,0,0,0,0,0,0,1,3,0,0,1,0,0,0
122800110,12.421573,0.0,15.0,5.783913,0.8993935,1.0145819,nan,nan,0.0,0.0,0.0,0.0,0.0,0.0,0.0,0.0,0.0,0.0,0.0,0.0,0.0,0.0,0.0,0.0,0.0,0.0,0.0,12.421573,12.111982,0.7288789,12.427931,-0.092030525,0.05894235,0,0,0,0,0,0,0,0,0,0,1,3,0,0,1,0,0,0
122999892,12.414282,0.0,15.0,5.783913,0.899517,1.0145638,nan,nan,0.0,0.0,0.0,0.0,0.0,0.0,0.0,0.0,0.0,0.0,0.0,0.0,0.0,0.0,0.0,0.0,0.0,0.0,0.0,12.414282,12.111982,0.7288789,12.427931,-0.092030525,0.05894235,0,0,0,0,0,0,0,0,0,0,1,3,0,0,1,0,0,0
123189891,12.443446,0.0,15.0,5.784513,0.90059274,1.0144056,nan,nan,0.0,0.0,0.0,0.0,0.0,0.0,0.0,0.0,0.0,0.0,0.0,0.0,0.0,0.0,0.0,0.0,0.0,0.0,0.0,12.443446,12.118271,0.7323727,12.419014,0.017141342,0.05894235,0,0,0,0,0,0,0,0,0,0,1,3,0,0,1,0,0,0
123389905,12.460763,0.0,15.0,5.7845335,0.90033,1.0144442,nan,nan,0.0,0.0,0.0,0.0,0.0,0.0,0.0,0.0,0.0,0.0,0.0,0.0,0.0,0.0,0.0,0.0,0.0,0.0,0.0,12.460763,12.121418,0.73412126,12.4324665,0.0036888123,0.05894235,0,0,0,0,0,0,0,0,0,0,1,3,0,0,1,0,0,0
123590258,12.391497,0.0,15.0,5.785073,0.9007501,1.0143825,nan,nan,0.0,0.0,0.0,0.0,0.0,0.0,0.0,0.0,0.0,0.0,0.0,0.0,0.0,0.0,0.0,0.0,0.0,0.0,0.0,12.391497,12.12448,0.7358226,12.4495945,-0.018907547,0.05894235,0,0,0,0,0,0,0,0,0,0,1,3,0,0,1,0,0,0
123789891,12.426129,0.0,15.0,5.785597,0.9003925,1.014435,nan,nan,0.0,0.0,0.0,0.0,0.0,0.0,0.0,0.0,0.0,0.0,0.0,0.0,0.0,0.0,0.0,0.0,0.0,0.0,0.0,12.426129,12.127142,0.73730177,12.430292,-0.036973953,0.05894235,0,0,0,0,0,0,0,0,0,0,1,3,0,0,1,0,0,0
123999900,12.349571,0.0,15.0,5.785597,0.8999919,1.014494,nan,nan,0.0,0.0,0.0,0.0,0.0,0.0,0.0,0.0,0.0,0.0,0.0,0.0,0.0,0.0,0.0,0.0,0.0,0.0,0.0,12.349571,12.127142,0.73730177,12.430292,-0.036973953,0.05894235,0,0,0,0,0,0,0,0,0,0,1,3,0,0,1,0,0,0
124199892,12.451649,0.0,15.0,5.785597,0.9024486,1.0141329,nan,nan,0.0,0.0,0.0,0.0,0.0,0.0,0.0,0.0,0.0,0.0,0.0,0.0,0.0,0.0,0.0,0.0,0.0,0.0,0.0,12.451649,12.127142,0.73730177,12.430292,-0.036973953,0.05894235,0,0,0,0,0,0,0,0,0,0,1,3,0,0,1,0,0,0
124399892,12.44527,0.0,15.0,5.785597,0.9029841,1.0140542,nan,nan,0.0,0.0,0.0,0.0,0.0,0.0,0.0,0.0,0.0,0.0,0.0,0.0,0.0,0.0,0.0,0.0,0.0,0.0,0.0,12.44527,12.127142,0.73730177,12.430292,-0.036973953,0.05894235,0,0,0,0,0,0,0,0,0,0,1,3,0,0,1,0,0,0
124589892,12.450738,0.0,15.0,5.785597,0.90260214,1.0141103,nan,nan,0.0,0.0,0.0,0.0,0.0,0.0,0.0,0.0,0.0,0.0,0.0,0.0,0.0,0.0,0.0,0.0,0.0,0.0,0.0,12.450738,12.127142,0.73730177,12.430292,-0.036973953,0.05894235,0,0,0,0,0,0,0,0,0,0,1,3,0,0,1,0,0,0
124789891,12.404256,0.0,15.0,5.785597,0.9015679,1.0142622,nan,nan,0.0,0.0,0.0,0.0,0.0,0.0,0.0,0.0,0.0,0.0,0.0,0.0,0.0,0.0,0.0,0.0,0.0,0.0,0.0,12.404256,12.127142,0.73730177,12.430292,-0.036973953,0.05894235,0,0,0,0,0,0,0,0,0,0,1,3,0,0,1,0,0,0
124989892,12.414282,0.0,15.0,5.785597,0.9015774,1.0142609,nan,nan,0.0,0.0,0.0,0.0,0.0,0.0,0.0,0.0,0.0,0.0,0.0,0.0,0.0,0.0,0.0,0.0,0.0,0.0,0.0,12.414282,12.127142,0.73730177,12.430292,-0.036973953,0.05894235,0,0,0,0,0,0,0,0,0,0,1,3,0,0,1,0,0,0
125189890,12.427041,0.0,15.0,5.785597,0.9015855,1.0142597,nan,nan,0.0,0.0,0.0,0.0,0.0,0.0,0.0,0.0,0.0,0.0,0.0,0.0,0.0,0.0,0.0,0.0,0.0,0.0,0.0,12.427041,12.127142,0.73730177,12.430292,-0.036973953,0.05894235,0,0,0,0,0,0,0,0,0,0,1,3,0,0,1,0,0,0
125399892,12.41337,0.0,15.0,5.785597,0.90231365,1.0141528,nan,nan,0.0,0.0,0.0,0.0,0.0,0.0,0.0,0.0,0.0,0.0,0.0,0.0,0.0,0.0,0.0,0.0,0.0,0.0,0.0,12.41337,12.127142,0.73730177,12.430292,-0.036973953,0.05894235,0,0,0,0,0,0,0,0,0,0,1,3,0,0,1,0,0,0
125599892,12.429775,0.0,15.0,5.785734,0.9021134,1.0141821,nan,nan,0.0,0.0,0.0,0.0,0.0,0.0,0.0,0.0,0.0,0.0,0.0,0.0,0.0,0.0,0.0,0.0,0.0,0.0,0.0,12.429775,12.130274,0.73904127,12.383304,0.060142517,0.05894235,0,0,0,0,0,0,0,0,0,0,1,3,0,0,1,0,0,0
125799892,12.412458,0.0,15.0,5.785734,0.9028372,1.0140758,nan,nan,0.0,0.0,0.0,0.0,0.0,0.0,0.0,0.0,0.0,0.0,0.0,0.0,0.0,0.0,0.0,0.0,0.0,0.0,0.0,12.412458,12.130274,0.73904127,12.383304,0.060142517,0.05894235,0,0,0,0,0,0,0,0,0,0,1,3,0,0,1,0,0,0
125989891,12.442534,0.0,15.0,5.785734,0.90286106,1.0140723,nan,nan,0.0,0.0,0.0,0.0,0.0,0.0,0.0,0.0,0.0,0.0,0.0,0.0,0.0,0.0,0.0,0.0,0.0,0.0,0.0,12.442534,12.130274,0.73904127,12.383304,0.060142517,0.05894235,0,0,0,0,0,0,0,0,0,0,1,3,0,0,1,0,0,0
126189908,12.426129,0.0,15.0,5.7862377,0.9027309,1.0140914,nan,nan,0.0,0.0,0.0,0.0,0.0,0.0,0.0,0.0,0.0,0.0,0.0,0.0,0.0,0.0,0.0,0.0,0.0,0.0,0.0,12.426129,12.135931,0.7421846,12.438295,-0.036774635,0.05894235,0,0,0,0,0,0,0,0,0,0,1,3,0,0,1,0,0,0
126389890,12.416103,0.0,15.0,5.7862377,0.90225405,1.0141615,nan,nan,0.0,0.0,0.0,0.0,0.0,0.0,0.0,0.0,0.0,0.0,0.0,0.0,0.0,0.0,0.0,0.0,0.0,0.0,0.0,12.416103,12.135931,0.7421846,12.438295,-0.036774635,0.05894235,0,0,0,0,0,0,0,0,0,0,1,3,0,0,1,0,0,0
126589891,12.417015,0.0,15.0,5.7862377,0.9015965,1.014258,nan,nan,0.0,0.0,0.0,0.0,0.0,0.0,0.0,0.0,0.0,0.0,0.0,0.0,0.0,0.0,0.0,0.0,0.0,0.0,0.0,12.417015,12.135931,0.7421846,12.438295,-0.036774635,0.05894235,0,0,0,0,0,0,0,0,0,0,1,3,0,0,1,0,0,0
126799892,12.407902,0.0,15.0,5.7862377,0.90118116,1.0143192,nan,nan,0.0,0.0,0.0,0.0,0.0,0.0,0.0,0.0,0.0,0.0,0.0,0.0,0.0,0.0,0.0,0.0,0.0,0.0,0.0,12.407902,12.135931,0.7421846,12.438295,-0.036774635,0.05894235,0,0,0,0,0,0,0,0,0,0,1,3,0,0,1,0,0,0
127000234,12.427041,0.0,15.0,5.78636,0.9017181,1.0142401,nan,nan,0.0,0.0,0.0,0.0,0.0,0.0,0.0,0.0,0.0,0.0,0.0,0.0,0.0,0.0,0.0,0.0,0.0,0.0,0.0,12.427041,12.1386595,0.74369997,12.395723,0.015823364,0.05894235,0,0,0,0,0,0,0,0,0,0,1,3,0,0,1,0,0,0
127199891,12.437978,0.0,15.0,5.78636,0.9021649,1.0141746,nan,nan,0.0,0.0,0.0,0.0,0.0,0.0,0.0,0.0,0.0,0.0,0.0,0.0,0.0,0.0,0.0,0.0,0.0,0.0,0.0,12.437978,12.1386595,0.74369997,12.395723,0.015823364,0.05894235,0,0,0,0,0,0,0,0,0,0,1,3,0,0,1,0,0,0
127389890,12.417927,0.0,15.0,5.78636,0.901174,1.0143201,nan,nan,0.0,0.0,0.0,0.0,0.0,0.0,0.0,0.0,0.0,0.0,0.0,0.0,0.0,0.0,0.0,0.0,0.0,0.0,0.0,12.417927,12.1386595,0.74369997,12.395723,0.015823364,0.05894235,0,0,0,0,0,0,0,0,0,0,1,3,0,0,1,0,0,0
127589891,12.438889,0.0,15.0,5.78636,0.9008736,1.0143644,nan,nan,0.0,0.0,0.0,0.0,0.0,0.0,0.0,0.0,0.0,0.0,0.0,0.0,0.0,0.0,0.0,0.0,0.0,0.0,0.0,12.438889,12.1386595,0.74369997,12.395723,0.015823364,0.05894235,0,0,0,0,0,0,0,0,0,0,1,3,0,0,1,0,0,0
127790236,12.437978,0.0,15.0,5.7865744,0.9003019,1.0144483,nan,nan,0.0,0.0,0.0,0.0,0.0,0.0,0.0,0.0,0.0,0.0,0.0,0.0,0.0,0.0,0.0,0.0,0.0,0.0,0.0,12.437978,12.141343,0.74519104,12.413787,-0.0040626526,0.05894235,0,0,0,0,0,0,0,0,0,0,1,3,0,0,1,0,0,0
127989903,12.504511,0.0,15.0,5.7865996,0.9008164,1.0143727,nan,nan,0.0,0.0,0.0,0.0,0.0,0.0,0.0,0.0,0.0,0.0,0.0,0.0,0.0,0.0,0.0,0.0,0.0,0.0,0.0,12.504511,12.144099,0.74672216,12.404981,0.0147686,0.05894235,0,0,0,0,0,0,0,0,0,0,1,3,0,0,1,0,0,0
128199893,12.41337,0.0,15.0,5.7866964,0.900979,1.0143487,nan,nan,0.0,0.0,0.0,0.0,0.0,0.0,0.0,0.0,0.0,0.0,0.0,0.0,0.0,0.0,0.0,0.0,0.0,0.0,0.0,12.41337,12.146711,0.74817365,12.421594,-0.013691902,0.05894235,0,0,0,0,0,0,0,0,0,0,1,3,0,0,1,0,0,0
128399892,12.417927,0.0,15.0,5.786761,0.90056175,1.0144101,nan,nan,0.0,0.0,0.0,0.0,0.0,0.0,0.0,0.0,0.0,0.0,0.0,0.0,0.0,0.0,0.0,0.0,0.0,0.0,0.0,12.417927,12.14964,0.74980015,12.407111,0.03542328,0.05894235,0,0,0,0,0,0,0,0,0,0,1,3,0,0,1,0,0,0
128599892,12.434332,0.0,15.0,5.786761,0.90137,1.0142913,nan,nan,0.0,0.0,0.0,0.0,0.0,0.0,0.0,0.0,0.0,0.0,0.0,0.0,0.0,0.0,0.0,0.0,0.0,0.0,0.0,12.434332,12.14964,0.74980015,12.407111,0.03542328,0.05894235,0,0,0,0,0,0,0,0,0,0,1,3,0,0,1,0,0,0
128789891,12.435244,0.0,15.0,5.786761,0.9012732,1.0143056,nan,nan,0.0,0.0,0.0,0.0,0.0,0.0,0.0,0.0,0.0,0.0,0.0,0.0,0.0,0.0,0.0,0.0,0.0,0.0,0.0,12.435244,12.14964,0.74980015,12.407111,0.03542328,0.05894235,0,0,0,0,0,0,0,0,0,0,1,3,0,0,1,0,0,0
128989891,12.429775,0.0,15.0,5.787137,0.90162605,1.0142537,nan,nan,0.0,0.0,0.0,0.0,0.0,0.0,0.0,0.0,0.0,0.0,0.0,0.0,0.0,0.0,0.0,0.0,0.0,0.0,0.0,12.429775,12.154865,0.7527036,12.39467,0.033283234,0.05894235,0,0,0,0,0,0,0,0,0,0,1,3,0,0,1,0,0,0
129189891,12.424306,0.0,15.0,5.787137,0.9016203,1.0142546,nan,nan,0.0,0.0,0.0,0.0,0.0,0.0,0.0,0.0,0.0,0.0,0.0,0.0,0.0,0.0,0.0,0.0,0.0,0.0,0.0,12.424306,12.154865,0.7527036,12.39467,0.033283234,0.05894235,0,0,0,0,0,0,0,0,0,0,1,3,0,0,1,0,0,0
129389913,12.391497,0.0,15.0,5.787137,0.901246,1.0143095,nan,nan,0.0,0.0,0.0,0.0,0.0,0.0,0.0,0.0,0.0,0.0,0.0,0.0,0.0,0.0,0.0,0.0,0.0,0.0,0.0,12.391497,12.154865,0.7527036,12.39467,0.033283234,0.05894235,0,0,0,0,0,0,0,0,0,0,1,3,0,0,1,0,0,0
129599892,12.414282,0.0,15.0,5.787137,0.9013447,1.0142951,nan,nan,0.0,0.0,0.0,0.0,0.0,0.0,0.0,0.0,0.0,0.0,0.0,0.0,0.0,0.0,0.0,0.0,0.0,0.0,0.0,12.414282,12.154865,0.7527036,12.39467,0.033283234,0.05894235,0,0,0,0,0,0,0,0,0,0,1,3,0,0,1,0,0,0
129799891,12.399699,0.0,15.0,5.787137,0.90095276,1.0143527,nan,nan,0.0,0.0,0.0,0.0,0.0,0.0,0.0,0.0,0.0,0.0,0.0,0.0,0.0,0.0,0.0,0.0,0.0,0.0,0.0,12.399699,12.154865,0.7527036,12.39467,0.033283234,0.05894235,0,0,0,0,0,0,0,0,0,0,1,3,0,0,1,0,0,0
129999892,12.401521,0.0,15.0,5.787137,0.90088314,1.0143629,nan,nan,0.0,0.0,0.0,0.0,0.0,0.0,0.0,0.0,0.0,0.0,0.0,0.0,0.0,0.0,0.0,0.0,0.0,0.0,0.0,12.401521,12.154865,0.7527036,12.39467,0.033283234,0.05894235,0,0,0,0,0,0,0,0,0,0,1,3,0,0,1,0,0,0
130189908,12.409724,0.0,15.0,5.787198,0.8995556,1.0145581,nan,nan,0.0,0.0,0.0,0.0,0.0,0.0,0.0,0.0,0.0,0.0,0.0,0.0,0.0,0.0,0.0,0.0,0.0,0.0,0.0,12.409724,12.157578,0.7542104,12.428084,0.0007791519,0.05894235,0,0,0,0,0,0,0,0,0,0,1,3,0,0,1,0,0,0
130389904,12.421573,0.0,15.0,5.787198,0.8999452,1.0145009,nan,nan,0.0,0.0,0.0,0.0,0.0,0.0,0.0,0.0,0.0,0.0,0.0,0.0,0.0,0.0,0.0,0.0,0.0,0.0,0.0,12.421573,12.157578,0.7542104,12.428084,0.0007791519,0.05894235,0,0,0,0,0,0,0,0,0,0,1,3,0,0,1,0,0,0
130589892,12.437978,0.0,15.0,5.787198,0.90035623,1.0144404,nan,nan,0.0,0.0,0.0,0.0,0.0,0.0,0.0,0.0,0.0,0.0,0.0,0.0,0.0,0.0,0.0,0.0,0.0,0.0,0.0,12.437978,12.157578,0.7542104,12.428084,0.0007791519,0.05894235,0,0,0,0,0,0,0,0,0,0,1,3,0,0,1,0,0,0
130789890,12.432509,0.0,15.0,5.787198,0.90138763,1.0142888,nan,nan,0.0,0.0,0.0,0.0,0.0,0.0,0.0,0.0,0.0,0.0,0.0,0.0,0.0,0.0,0.0,0.0,0.0,0.0,0.0,12.432509,12.157578,0.7542104,12.428084,0.0007791519,0.05894235,0,0,0,0,0,0,0,0,0,0,1,3,0,0,1,0,0,0
130999892,12.425218,0.0,15.0,5.787198,0.9018144,1.0142261,nan,nan,0.0,0.0,0.0,0.0,0.0,0.0,0.0,0.0,0.0,0.0,0.0,0.0,0.0,0.0,0.0,0.0,0.0,0.0,0.0,12.425218,12.157578,0.7542104,12.428084,0.0007791519,0.05894235,0,0,0,0,0,0,0,0,0,0,1,3,0,0,1,0,0,0
131199891,12.442534,0.0,15.0,5.787198,0.90118164,1.0143191,nan,nan,0.0,0.0,0.0,0.0,0.0,0.0,0.0,0.0,0.0,0.0,0.0,0.0,0.0,0.0,0.0,0.0,0.0,0.0,0.0,12.442534,12.157578,0.7542104,12.428084,0.0007791519,0.05894235,0,0,0,0,0,0,0,0,0,0,1,3,0,0,1,0,0,0
131399892,12.415193,0.0,15.0,5.7875085,0.9005808,1.0144073,nan,nan,0.0,0.0,0.0,0.0,0.0,0.0,0.0,0.0,0.0,0.0,0.0,0.0,0.0,0.0,0.0,0.0,0.0,0.0,0.0,12.415193,12.160436,0.7557983,12.43532,0.010861397,0.05894235,0,0,0,0,0,0,0,0,0,0,1,3,0,0,1,0,0,0
131589899,12.4398,0.0,15.0,5.7875085,0.9004616,1.0144248,nan,nan,0.0,0.0,0.0,0.0,0.0,0.0,0.0,0.0,0.0,0.0,0.0,0.0,0.0,0.0,0.0,0.0,0.0,0.0,0.0,12.4398,12.160436,0.7557983,12.43532,0.010861397,0.05894235,0,0,0,0,0,0,0,0,0,0,1,3,0,0,1,0,0,0
131790017,12.417015,0.0,15.0,5.7875085,0.90044206,1.0144278,nan,nan,0.0,0.0,0.0,0.0,0.0,0.0,0.0,0.0,0.0,0.0,0.0,0.0,0.0,0.0,0.0,0.0,0.0,0.0,0.0,12.417015,12.160436,0.7557983,12.43532,0.010861397,0.05894235,0,0,0,0,0,0,0,0,0,0,1,3,0,0,1,0,0,0
131989891,12.483548,0.0,15.0,5.7875085,0.9012937,1.0143025,nan,nan,0.0,0.0,0.0,0.0,0.0,0.0,0.0,0.0,0.0,0.0,0.0,0.0,0.0,0.0,0.0,0.0,0.0,0.0,0.0,12.483548,12.160436,0.7557983,12.43532,0.010861397,0.05894235,0,0,0,0,0,0,0,0,0,0,1,3,0,0,1,0,0,0
132189891,12.3987875,0.0,15.0,5.7875085,0.90049833,1.0144194,nan,nan,0.0,0.0,0.0,0.0,0.0,0.0,0.0,0.0,0.0,0.0,0.0,0.0,0.0,0.0,0.0,0.0,0.0,0.0,0.0,12.3987875,12.160436,0.7557983,12.43532,0.010861397,0.05894235,0,0,0,0,0,0,0,0,0,0,1,3,0,0,1,0,0,0
132399892,12.390585,0.0,15.0,5.78758,0.90050787,1.0144181,nan,nan,0.0,0.0,0.0,0.0,0.0,0.0,0.0,0.0,0.0,0.0,0.0,0.0,0.0,0.0,0.0,0.0,0.0,0.0,0.0,12.390585,12.162724,0.75706905,12.439988,-0.048491478,0.05894235,0,0,0,0,0,0,0,0,0,0,1,3,0,0,1,0,0,0
132599891,12.426129,0.0,15.0,5.787982,0.9006867,1.0143918,nan,nan,0.0,0.0,0.0,0.0,0.0,0.0,0.0,0.0,0.0,0.0,0.0,0.0,0.0,0.0,0.0,0.0,0.0,0.0,0.0,12.426129,12.167941,0.75996727,12.415741,0.014945984,0.05894235,0,0,0,0,0,0,0,0,0,0,1,3,0,0,1,0,0,0
132800450,12.432509,0.0,15.0,5.788019,0.90052456,1.0144156,nan,nan,0.0,0.0,0.0,0.0,0.0,0.0,0.0,0.0,0.0,0.0,0.0,0.0,0.0,0.0,0.0,0.0,0.0,0.0,0.0,12.432509,12.170227,0.7612371,12.430687,-0.031899452,0.05894235,0,0,0,0,0,0,0,0,0,0,1,3,0,0,1,0,0,0
132999892,12.425218,0.0,15.0,5.788019,0.8998417,1.014516,nan,nan,0.0,0.0,0.0,0.0,0.0,0.0,0.0,0.0,0.0,0.0,0.0,0.0,0.0,0.0,0.0,0.0,0.0,0.0,0.0,12.425218,12.170227,0.7612371,12.430687,-0.031899452,0.05894235,0,0,0,0,0,0,0,0,0,0,1,3,0,0,1,0,0,0
133190128,12.427953,0.0,15.0,5.788019,0.90000004,1.0144928,nan,nan,0.0,0.0,0.0,0.0,0.0,0.0,0.0,0.0,0.0,0.0,0.0,0.0,0.0,0.0,0.0,0.0,0.0,0.0,0.0,12.427953,12.170227,0.7612371,12.430687,-0.031899452,0.05894235,0,0,0,0,0,0,0,0,0,0,1,3,0,0,1,0,0,0
133389891,12.423396,0.0,15.0,5.788019,0.9005851,1.0144068,nan,nan,0.0,0.0,0.0,0.0,0.0,0.0,0.0,0.0,0.0,0.0,0.0,0.0,0.0,0.0,0.0,0.0,0.0,0.0,0.0,12.423396,12.170227,0.7612371,12.430687,-0.031899452,0.05894235,0,0,0,0,0,0,0,0,0,0,1,3,0,0,1,0,0,0
133589891,12.428864,0.0,15.0,5.788055,0.9001464,1.0144713,nan,nan,0.0,0.0,0.0,0.0,0.0,0.0,0.0,0.0,0.0,0.0,0.0,0.0,0.0,0.0,0.0,0.0,0.0,0.0,0.0,12.428864,12.172607,0.76255983,12.3987875,0.011847496,0.05894235,0,0,0,0,0,0,0,0,0,0,1,3,0,0,1,0,0,0
133799892,12.41337,0.0,15.0,5.788213,0.8997292,1.0145326,nan,nan,0.0,0.0,0.0,0.0,0.0,0.0,0.0,0.0,0.0,0.0,0.0,0.0,0.0,0.0,0.0,0.0,0.0,0.0,0.0,12.41337,12.174693,0.76371855,12.413797,-0.030504227,0.05894235,0,0,0,0,0,0,0,0,0,0,1,3,0,0,1,0,0,0
133999894,12.405168,0.0,15.0,5.788213,0.90023464,1.0144583,nan,nan,0.0,0.0,0.0,0.0,0.0,0.0,0.0,0.0,0.0,0.0,0.0,0.0,0.0,0.0,0.0,0.0,0.0,0.0,0.0,12.405168,12.174693,0.76371855,12.413797,-0.030504227,0.05894235,0,0,0,0,0,0,0,0,0,0,1,3,0,0,1,0,0,0
134199891,12.417015,0.0,15.0,5.788213,0.90068334,1.0143923,nan,nan,0.0,0.0,0.0,0.0,0.0,0.0,0.0,0.0,0.0,0.0,0.0,0.0,0.0,0.0,0.0,0.0,0.0,0.0,0.0,12.417015,12.174693,0.76371855,12.413797,-0.030504227,0.05894235,0,0,0,0,0,0,0,0,0,0,1,3,0,0,1,0,0,0
134389891,12.412458,0.0,15.0,5.788213,0.9009132,1.0143585,nan,nan,0.0,0.0,0.0,0.0,0.0,0.0,0.0,0.0,0.0,0.0,0.0,0.0,0.0,0.0,0.0,0.0,0.0,0.0,0.0,12.412458,12.174693,0.76371855,12.413797,-0.030504227,0.05894235,0,0,0,0,0,0,0,0,0,0,1,3,0,0,1,0,0,0
134589891,12.406078,0.0,15.0,5.788213,0.90115064,1.0143236,nan,nan,0.0,0.0,0.0,0.0,0.0,0.0,0.0,0.0,0.0,0.0,0.0,0.0,0.0,0.0,0.0,0.0,0.0,0.0,0.0,12.406078,12.174693,0.76371855,12.413797,-0.030504227,0.05894235,0,0,0,0,0,0,0,0,0,0,1,3,0,0,1,0,0,0
134789890,12.446181,0.0,15.0,5.788243,0.90103334,1.0143409,nan,nan,0.0,0.0,0.0,0.0,0.0,0.0,0.0,0.0,0.0,0.0,0.0,0.0,0.0,0.0,0.0,0.0,0.0,0.0,0.0,12.446181,12.17721,0.7651171,12.379999,0.048864365,0.05894235,0,0,0,0,0,0,0,0,0,0,1,3,0,0,1,0,0,0
134989891,12.424306,0.0,15.0,5.788243,0.9020228,1.0141954,nan,nan,0.0,0.0,0.0,0.0,0.0,0.0,0.0,0.0,0.0,0.0,0.0,0.0,0.0,0.0,0.0,0.0,0.0,0.0,0.0,12.424306,12.17721,0.7651171,12.379999,0.048864365,0.05894235,0,0,0,0,0,0,0,0,0,0,1,3,0,0,1,0,0,0
135200157,12.425218,0.0,15.0,5.788253,0.90194553,1.0142068,nan,nan,0.0,0.0,0.0,0.0,0.0,0.0,0.0,0.0,0.0,0.0,0.0,0.0,0.0,0.0,0.0,0.0,0.0,0.0,0.0,12.425218,12.179603,0.76644605,12.428336,-0.0094976425,0.05893895,0,0,0,0,0,0,0,0,0,0,1,3,0,0,1,0,0,0
135399892,12.437978,0.0,15.0,5.788304,0.9014005,1.0142869,nan,nan,0.0,0.0,0.0,0.0,0.0,0.0,0.0,0.0,0.0,0.0,0.0,0.0,0.0,0.0,0.0,0.0,0.0,0.0,0.0,12.437978,12.181953,0.7677526,12.428874,-0.01185894,0.05893895,0,0,0,0,0,0,0,0,0,0,1,3,0,0,1,0,0,0
135599891,12.417015,0.0,15.0,5.788304,0.90070814,1.0143887,nan,nan,0.0,0.0,0.0,0.0,0.0,0.0,0.0,0.0,0.0,0.0,0.0,0.0,0.0,0.0,0.0,0.0,0.0,0.0,0.0,12.417015,12.181953,0.7677526,12.428874,-0.01185894,0.05893895,0,0,0,0,0,0,0,0,0,0,1,3,0,0,1,0,0,0
135789891,12.437978,0.0,15.0,5.788304,0.9011006,1.014331,nan,nan,0.0,0.0,0.0,0.0,0.0,0.0,0.0,0.0,0.0,0.0,0.0,0.0,0.0,0.0,0.0,0.0,0.0,0.0,0.0,12.437978,12.181953,0.7677526,12.428874,-0.01185894,0.05893895,0,0,0,0,0,0,0,0,0,0,1,3,0,0,1,0,0,0
135989891,12.4398,0.0,15.0,5.788304,0.90061516,1.0144023,nan,nan,0.0,0.0,0.0,0.0,0.0,0.0,0.0,0.0,0.0,0.0,0.0,0.0,0.0,0.0,0.0,0.0,0.0,0.0,0.0,12.4398,12.181953,0.7677526,12.428874,-0.01185894,0.05893895,0,0,0,0,0,0,0,0,0,0,1,3,0,0,1,0,0,0
136189891,12.410635,0.0,15.0,5.788304,0.8997678,1.0145268,nan,nan,0.0,0.0,0.0,0.0,0.0,0.0,0.0,0.0,0.0,0.0,0.0,0.0,0.0,0.0,0.0,0.0,0.0,0.0,0.0,12.410635,12.181953,0.7677526,12.428874,-0.01185894,0.05893895,0,0,0,0,0,0,0,0,0,0,1,3,0,0,1,0,0,0
136389892,12.403344,0.0,15.0,5.788304,0.9000897,1.0144795,nan,nan,0.0,0.0,0.0,0.0,0.0,0.0,0.0,0.0,0.0,0.0,0.0,0.0,0.0,0.0,0.0,0.0,0.0,0.0,0.0,12.403344,12.181953,0.7677526,12.428874,-0.01185894,0.05893895,0,0,0,0,0,0,0,0,0,0,1,3,0,0,1,0,0,0
136599891,12.427953,0.0,15.0,5.788304,0.90045685,1.0144255,nan,nan,0.0,0.0,0.0,0.0,0.0,0.0,0.0,0.0,0.0,0.0,0.0,0.0,0.0,0.0,0.0,0.0,0.0,0.0,0.0,12.427953,12.181953,0.7677526,12.428874,-0.01185894,0.05893895,0,0,0,0,0,0,0,0,0,0,1,3,0,0,1,0,0,0
136799892,12.38785,0.0,15.0,5.788304,0.9007644,1.0143803,nan,nan,0.0,0.0,0.0,0.0,0.0,0.0,0.0,0.0,0.0,0.0,0.0,0.0,0.0,0.0,0.0,0.0,0.0,0.0,0.0,12.38785,12.181953,0.7677526,12.428874,-0.01185894,0.05893895,0,0,0,0,0,0,0,0,0,0,1,3,0,0,1,0,0,0
136999892,12.425218,0.0,15.0,5.788304,0.9012732,1.0143056,nan,nan,0.0,0.0,0.0,0.0,0.0,0.0,0.0,0.0,0.0,0.0,0.0,0.0,0.0,0.0,0.0,0.0,0.0,0.0,0.0,12.425218,12.181953,0.7677526,12.428874,-0.01185894,0.05893895,0,0,0,0,0,0,0,0,0,0,1,3,0,0,1,0,0,0
137189904,12.414282,0.0,15.0,5.7883496,0.9013552,1.0142936,nan,nan,0.0,0.0,0.0,0.0,0.0,0.0,0.0,0.0,0.0,0.0,0.0,0.0,0.0,0.0,0.0,0.0,0.0,0.0,0.0,12.414282,12.184145,0.76896995,12.416883,-0.013539314,0.05893895,0,0,0,0,0,0,0,0,0,0,1,3,0,0,1,0,0,0
137389891,12.414282,0.0,15.0,5.7883496,0.89971966,1.014534,nan,nan,0.0,0.0,0.0,0.0,0.0,0.0,0.0,0.0,0.0,0.0,0.0,0.0,0.0,0.0,0.0,0.0,0.0,0.0,0.0,12.414282,12.184145,0.76896995,12.416883,-0.013539314,0.05893895,0,0,0,0,0,0,0,0,0,0,1,3,0,0,1,0,0,0
137589891,12.419749,0.0,15.0,5.7883496,0.90023607,1.0144581,nan,nan,0.0,0.0,0.0,0.0,0.0,0.0,0.0,0.0,0.0,0.0,0.0,0.0,0.0,0.0,0.0,0.0,0.0,0.0,0.0,12.419749,12.184145,0.76896995,12.416883,-0.013539314,0.05893895,0,0,0,0,0,0,0,0,0,0,1,3,0,0,1,0,0,0
137790121,12.427041,0.0,15.0,5.788375,0.90108484,1.0143332,nan,nan,0.0,0.0,0.0,0.0,0.0,0.0,0.0,0.0,0.0,0.0,0.0,0.0,0.0,0.0,0.0,0.0,0.0,0.0,0.0,12.427041,12.186649,0.7703609,12.402817,0.03425026,0.05893895,0,0,0,0,0,0,0,0,0,0,1,3,0,0,1,0,0,0
137999892,12.430687,0.0,15.0,5.788375,0.90050644,1.0144184,nan,nan,0.0,0.0,0.0,0.0,0.0,0.0,0.0,0.0,0.0,0.0,0.0,0.0,0.0,0.0,0.0,0.0,0.0,0.0,0.0,12.430687,12.186649,0.7703609,12.402817,0.03425026,0.05893895,0,0,0,0,0,0,0,0,0,0,1,3,0,0,1,0,0,0
138199894,12.43342,0.01465,15.0,5.7884154,0.900268,1.0144534,nan,nan,0.0,0.0,0.0,0.0,0.0,0.0,0.0,0.0,0.0,0.0,0.0,0.0,0.0,0.0,0.0,0.0,0.0,0.0,0.0,12.43342,12.189093,0.77171797,12.437463,-0.0040426254,0.05893895,0,0,0,0,0,0,0,0,0,0,1,3,0,0,1,0,0,0
138399893,12.4398,0.0,15.0,5.7884154,0.90045446,1.0144259,nan,nan,0.0,0.0,0.0,0.0,0.0,0.0,0.0,0.0,0.0,0.0,0.0,0.0,0.0,0.0,0.0,0.0,0.0,0.0,0.0,12.4398,12.189093,0.77171797,12.437463,-0.0040426254,0.05893895,0,0,0,0,0,0,0,0,0,0,1,3,0,0,1,0,0,0
138589912,12.489928,0.0,15.0,5.788512,0.9013843,1.0142893,nan,nan,0.0,0.0,0.0,0.0,0.0,0.0,0.0,0.0,0.0,0.0,0.0,0.0,0.0,0.0,0.0,0.0,0.0,0.0,0.0,12.489928,12.192062,0.7733678,12.434871,0.054145813,0.05893895,0,0,0,0,0,0,0,0,0,0,1,3,0,0,1,0,0,0
138789910,12.386939,0.0,15.0,5.788512,0.90127414,1.0143055,nan,nan,0.0,0.0,0.0,0.0,0.0,0.0,0.0,0.0,0.0,0.0,0.0,0.0,0.0,0.0,0.0,0.0,0.0,0.0,0.0,12.386939,12.192062,0.7733678,12.434871,0.054145813,0.05893895,0,0,0,0,0,0,0,0,0,0,1,3,0,0,1,0,0,0
138989890,12.438889,0.0,15.0,5.788639,0.90041107,1.0144323,nan,nan,0.0,0.0,0.0,0.0,0.0,0.0,0.0,0.0,0.0,0.0,0.0,0.0,0.0,0.0,0.0,0.0,0.0,0.0,0.0,12.438889,12.193793,0.7743296,12.489808,-0.12292004,0.05893895,0,0,0,0,0,0,0,0,0,0,1,3,0,0,1,0,0,0
139189891,12.427953,0.0,15.0,5.788822,0.9002685,1.0144533,nan,nan,0.0,0.0,0.0,0.0,0.0,0.0,0.0,0.0,0.0,0.0,0.0,0.0,0.0,0.0,0.0,0.0,0.0,0.0,0.0,12.427953,12.196166,0.77564806,12.36834,0.06508064,0.05893895,0,0,0,0,0,0,0,0,0,0,1,3,0,0,1,0,0,0
139399891,12.431598,0.0,15.0,5.788939,0.8995933,1.0145526,nan,nan,0.0,0.0,0.0,0.0,0.0,0.0,0.0,0.0,0.0,0.0,0.0,0.0,0.0,0.0,0.0,0.0,0.0,0.0,0.0,12.431598,12.198543,0.77696794,12.4317045,0.004450798,0.05893895,0,0,0,0,0,0,0,0,0,0,1,3,0,0,1,0,0,0
139599894,12.423396,0.0,15.0,5.788939,0.9000129,1.0144908,nan,nan,0.0,0.0,0.0,0.0,0.0,0.0,0.0,0.0,0.0,0.0,0.0,0.0,0.0,0.0,0.0,0.0,0.0,0.0,0.0,12.423396,12.198543,0.77696794,12.4317045,0.004450798,0.05893895,0,0,0,0,0,0,0,0,0,0,1,3,0,0,1,0,0,0
139799904,12.4088125,0.0,15.0,5.7889595,0.8994064,1.01458,nan,nan,0.0,0.0,0.0,0.0,0.0,0.0,0.0,0.0,0.0,0.0,0.0,0.0,0.0,0.0,0.0,0.0,0.0,0.0,0.0,12.4088125,12.200715,0.7781753,12.433649,-0.015722275,0.05893895,0,0,0,0,0,0,0,0,0,0,1,3,0,0,1,0,0,0
139999893,12.384205,0.0,15.0,5.7891784,0.8996939,1.0145377,nan,nan,0.0,0.0,0.0,0.0,0.0,0.0,0.0,0.0,0.0,0.0,0.0,0.0,0.0,0.0,0.0,0.0,0.0,0.0,0.0,12.384205,12.205425,0.7807922,12.446601,-0.011357307,0.05893895,0,0,0,0,0,0,0,0,0,0,1,3,0,0,1,0,0,0
140189891,12.405168,0.0,15.0,5.7891784,0.89915985,1.0146163,nan,nan,0.0,0.0,0.0,0.0,0.0,0.0,0.0,0.0,0.0,0.0,0.0,0.0,0.0,0.0,0.0,0.0,0.0,0.0,0.0,12.405168,12.205425,0.7807922,12.446601,-0.011357307,0.05893895,0,0,0,0,0,0,0,0,0,0,1,3,0,0,1,0,0,0
140389890,12.431598,0.0,15.0,5.7891784,0.8990926,1.0146261,nan,nan,0.0,0.0,0.0,0.0,0.0,0.0,0.0,0.0,0.0,0.0,0.0,0.0,0.0,0.0,0.0,0.0,0.0,0.0,0.0,12.431598,12.205425,0.7807922,12.446601,-0.011357307,0.05893895,0,0,0,0,0,0,0,0,0,0,1,3,0,0,1,0,0,0
140589891,12.438889,0.0,15.0,5.7891784,0.8995003,1.0145662,nan,nan,0.0,0.0,0.0,0.0,0.0,0.0,0.0,0.0,0.0,0.0,0.0,0.0,0.0,0.0,0.0,0.0,0.0,0.0,0.0,12.438889,12.205425,0.7807922,12.446601,-0.011357307,0.05893895,0,0,0,0,0,0,0,0,0,0,1,3,0,0,1,0,0,0
140799892,12.458029,0.0,15.0,5.7891784,0.900237,1.014458,nan,nan,0.0,0.0,0.0,0.0,0.0,0.0,0.0,0.0,0.0,0.0,0.0,0.0,0.0,0.0,0.0,0.0,0.0,0.0,0.0,12.458029,12.205425,0.7807922,12.446601,-0.011357307,0.05893895,0,0,0,0,0,0,0,0,0,0,1,3,0,0,1,0,0,0
140999998,12.393318,0.0,15.0,5.7891784,0.9000034,1.0144923,nan,nan,0.0,0.0,0.0,0.0,0.0,0.0,0.0,0.0,0.0,0.0,0.0,0.0,0.0,0.0,0.0,0.0,0.0,0.0,0.0,12.393318,12.205425,0.7807922,12.446601,-0.011357307,0.05893895,0,0,0,0,0,0,0,0,0,0,1,3,0,0,1,0,0,0
141199891,12.417927,0.0,15.0,5.7892447,0.9002885,1.0144503,nan,nan,0.0,0.0,0.0,0.0,0.0,0.0,0.0,0.0,0.0,0.0,0.0,0.0,0.0,0.0,0.0,0.0,0.0,0.0,0.0,12.417927,12.207457,0.78192085,12.433001,-0.02236557,0.05893895,0,0,0,0,0,0,0,0,0,0,1,3,0,0,1,0,0,0
141389892,12.419749,0.0,15.0,5.7892447,0.89994997,1.0145001,nan,nan,0.0,0.0,0.0,0.0,0.0,0.0,0.0,0.0,0.0,0.0,0.0,0.0,0.0,0.0,0.0,0.0,0.0,0.0,0.0,12.419749,12.207457,0.78192085,12.433001,-0.02236557,0.05893895,0,0,0,0,0,0,0,0,0,0,1,3,0,0,1,0,0,0
141589891,12.417015,0.0,15.0,5.7892447,0.90022796,1.0144593,nan,nan,0.0,0.0,0.0,0.0,0.0,0.0,0.0,0.0,0.0,0.0,0.0,0.0,0.0,0.0,0.0,0.0,0.0,0.0,0.0,12.417015,12.207457,0.78192085,12.433001,-0.02236557,0.05893895,0,0,0,0,0,0,0,0,0,0,1,3,0,0,1,0,0,0
141789891,12.448003,0.0,15.0,5.7892447,0.9000916,1.0144793,nan,nan,0.0,0.0,0.0,0.0,0.0,0.0,0.0,0.0,0.0,0.0,0.0,0.0,0.0,0.0,0.0,0.0,0.0,0.0,0.0,12.448003,12.207457,0.78192085,12.433001,-0.02236557,0.05893895,0,0,0,0,0,0,0,0,0,0,1,3,0,0,1,0,0,0
141989891,12.409724,0.0,15.0,5.7893004,0.9013819,1.0142896,nan,nan,0.0,0.0,0.0,0.0,0.0,0.0,0.0,0.0,0.0,0.0,0.0,0.0,0.0,0.0,0.0,0.0,0.0,0.0,0.0,12.409724,12.209676,0.7831535,12.410372,0.02122593,0.05893895,0,0,0,0,0,0,0,0,0,0,1,3,0,0,1,0,0,0
142199894,12.383293,0.0,15.0,5.7893004,0.9009084,1.0143592,nan,nan,0.0,0.0,0.0,0.0,0.0,0.0,0.0,0.0,0.0,0.0,0.0,0.0,0.0,0.0,0.0,0.0,0.0,0.0,0.0,12.383293,12.209676,0.7831535,12.410372,0.02122593,0.05893895,0,0,0,0,0,0,0,0,0,0,1,3,0,0,1,0,0,0
142399893,12.437067,0.0,15.0,5.7893004,0.90027994,1.0144516,nan,nan,0.0,0.0,0.0,0.0,0.0,0.0,0.0,0.0,0.0,0.0,0.0,0.0,0.0,0.0,0.0,0.0,0.0,0.0,0.0,12.437067,12.209676,0.7831535,12.410372,0.02122593,0.05893895,0,0,0,0,0,0,0,0,0,0,1,3,0,0,1,0,0,0
142600187,12.428864,0.0,15.0,5.7894325,0.90068096,1.0143926,nan,nan,0.0,0.0,0.0,0.0,0.0,0.0,0.0,0.0,0.0,0.0,0.0,0.0,0.0,0.0,0.0,0.0,0.0,0.0,0.0,12.428864,12.214563,0.78586906,12.428336,0.057946205,0.05893895,0,0,0,0,0,0,0,0,0,0,1,3,0,0,1,0,0,0
142799949,12.438889,0.0,15.0,5.7894325,0.9005961,1.0144051,nan,nan,0.0,0.0,0.0,0.0,0.0,0.0,0.0,0.0,0.0,0.0,0.0,0.0,0.0,0.0,0.0,0.0,0.0,0.0,0.0,12.438889,12.214563,0.78586906,12.428336,0.057946205,0.05893895,0,0,0,0,0,0,0,0,0,0,1,3,0,0,1,0,0,0
142989891,12.435244,0.0,15.0,5.7894325,0.9006676,1.0143946,nan,nan,0.0,0.0,0.0,0.0,0.0,0.0,0.0,0.0,0.0,0.0,0.0,0.0,0.0,0.0,0.0,0.0,0.0,0.0,0.0,12.435244,12.214563,0.78586906,12.428336,0.057946205,0.05893895,0,0,0,0,0,0,0,0,0,0,1,3,0,0,1,0,0,0
143189893,12.402432,0.0,15.0,5.789514,0.89977354,1.014526,nan,nan,0.0,0.0,0.0,0.0,0.0,0.0,0.0,0.0,0.0,0.0,0.0,0.0,0.0,0.0,0.0,0.0,0.0,0.0,0.0,12.402432,12.216712,0.7870626,12.486941,-0.055343628,0.05893895,0,0,0,0,0,0,0,0,0,0,1,3,0,0,1,0,0,0
143390397,12.438889,0.0,15.0,5.789514,0.89994425,1.014501,nan,nan,0.0,0.0,0.0,0.0,0.0,0.0,0.0,0.0,0.0,0.0,0.0,0.0,0.0,0.0,0.0,0.0,0.0,0.0,0.0,12.438889,12.216712,0.7870626,12.486941,-0.055343628,0.05893895,0,0,0,0,0,0,0,0,0,0,1,3,0,0,1,0,0,0
143599896,12.424306,0.0,15.0,5.7898273,0.9002647,1.0144539,nan,nan,0.0,0.0,0.0,0.0,0.0,0.0,0.0,0.0,0.0,0.0,0.0,0.0,0.0,0.0,0.0,0.0,0.0,0.0,0.0,12.424306,12.218966,0.7883143,12.437534,0.0068235397,0.05893895,0,0,0,0,0,0,0,0,0,0,1,3,0,0,1,0,0,0
143799913,12.429775,0.0,15.0,5.7898273,0.90238756,1.0141418,nan,nan,0.0,0.0,0.0,0.0,0.0,0.0,0.0,0.0,0.0,0.0,0.0,0.0,0.0,0.0,0.0,0.0,0.0,0.0,0.0,12.429775,12.218966,0.7883143,12.437534,0.0068235397,0.05893895,0,0,0,0,0,0,0,0,0,0,1,3,0,0,1,0,0,0
143999895,12.424306,0.0,15.0,5.7898273,0.90180963,1.0142268,nan,nan,0.0,0.0,0.0,0.0,0.0,0.0,0.0,0.0,0.0,0.0,0.0,0.0,0.0,0.0,0.0,0.0,0.0,0.0,0.0,12.424306,12.218966,0.7883143,12.437534,0.0068235397,0.05893895,0,0,0,0,0,0,0,0,0,0,1,3,0,0,1,0,0,0
144189892,12.393318,0.0,15.0,5.7898273,0.9010429,1.0143394,nan,nan,0.0,0.0,0.0,0.0,0.0,0.0,0.0,0.0,0.0,0.0,0.0,0.0,0.0,0.0,0.0,0.0,0.0,0.0,0.0,12.393318,12.218966,0.7883143,12.437534,0.0068235397,0.05893895,0,0,0,0,0,0,0,0,0,0,1,3,0,0,1,0,0,0
144389890,12.414282,0.0,15.0,5.7898273,0.90028995,1.0144501,nan,nan,0.0,0.0,0.0,0.0,0.0,0.0,0.0,0.0,0.0,0.0,0.0,0.0,0.0,0.0,0.0,0.0,0.0,0.0,0.0,12.414282,12.218966,0.7883143,12.437534,0.0068235397,0.05893895,0,0,0,0,0,0,0,0,0,0,1,3,0,0,1,0,0,0
144589891,12.405168,0.0,15.0,5.790174,0.89948887,1.0145679,nan,nan,0.0,0.0,0.0,0.0,0.0,0.0,0.0,0.0,0.0,0.0,0.0,0.0,0.0,0.0,0.0,0.0,0.0,0.0,0.0,12.405168,12.22358,0.79087824,12.43347,0.042787552,0.05893895,0,0,0,0,0,0,0,0,0,0,1,3,0,0,1,0,0,0
144789945,12.412458,0.0,15.0,5.790174,0.8989081,1.0146533,nan,nan,0.0,0.0,0.0,0.0,0.0,0.0,0.0,0.0,0.0,0.0,0.0,0.0,0.0,0.0,0.0,0.0,0.0,0.0,0.0,12.412458,12.22358,0.79087824,12.43347,0.042787552,0.05893895,0,0,0,0,0,0,0,0,0,0,1,3,0,0,1,0,0,0
144999892,12.4088125,0.0,15.0,5.790174,0.89900964,1.0146383,nan,nan,0.0,0.0,0.0,0.0,0.0,0.0,0.0,0.0,0.0,0.0,0.0,0.0,0.0,0.0,0.0,0.0,0.0,0.0,0.0,12.4088125,12.22358,0.79087824,12.43347,0.042787552,0.05893895,0,0,0,0,0,0,0,0,0,0,1,3,0,0,1,0,0,0
145199894,12.419749,0.0,15.0,5.790174,0.89896625,1.0146447,nan,nan,0.0,0.0,0.0,0.0,0.0,0.0,0.0,0.0,0.0,0.0,0.0,0.0,0.0,0.0,0.0,0.0,0.0,0.0,0.0,12.419749,12.22358,0.79087824,12.43347,0.042787552,0.05893895,0,0,0,0,0,0,0,0,0,0,1,3,0,0,1,0,0,0
145399893,12.411547,0.0,15.0,5.790174,0.8986711,1.0146881,nan,nan,0.0,0.0,0.0,0.0,0.0,0.0,0.0,0.0,0.0,0.0,0.0,0.0,0.0,0.0,0.0,0.0,0.0,0.0,0.0,12.411547,12.22358,0.79087824,12.43347,0.042787552,0.05893895,0,0,0,0,0,0,0,0,0,0,1,3,0,0,1,0,0,0
145589905,12.431598,0.0,15.0,5.790174,0.8988523,1.0146616,nan,nan,0.0,0.0,0.0,0.0,0.0,0.0,0.0,0.0,0.0,0.0,0.0,0.0,0.0,0.0,0.0,0.0,0.0,0.0,0.0,12.431598,12.22358,0.79087824,12.43347,0.042787552,0.05893895,0,0,0,0,0,0,0,0,0,0,1,3,0,0,1,0,0,0
145789903,12.409724,0.0,15.0,5.790174,0.89923805,1.0146048,nan,nan,0.0,0.0,0.0,0.0,0.0,0.0,0.0,0.0,0.0,0.0,0.0,0.0,0.0,0.0,0.0,0.0,0.0,0.0,0.0,12.409724,12.22358,0.79087824,12.43347,0.042787552,0.05893895,0,0,0,0,0,0,0,0,0,0,1,3,0,0,1,0,0,0
145989890,12.407902,0.0,15.0,5.790235,0.8963656,1.0150274,nan,nan,0.0,0.0,0.0,0.0,0.0,0.0,0.0,0.0,0.0,0.0,0.0,0.0,0.0,0.0,0.0,0.0,0.0,0.0,0.0,12.407902,12.224494,0.79138607,12.471508,-0.15565872,0.05893895,0,0,0,0,0,0,0,0,0,0,1,3,0,0,1,0,0,0
146189890,12.430687,0.0,15.0,5.790235,0.8965859,1.014995,nan,nan,0.0,0.0,0.0,0.0,0.0,0.0,0.0,0.0,0.0,0.0,0.0,0.0,0.0,0.0,0.0,0.0,0.0,0.0,0.0,12.430687,12.224494,0.79138607,12.471508,-0.15565872,0.05893895,0,0,0,0,0,0,0,0,0,0,1,3,0,0,1,0,0,0
146399894,12.434332,0.0,15.0,5.790235,0.8969745,1.0149378,nan,nan,0.0,0.0,0.0,0.0,0.0,0.0,0.0,0.0,0.0,0.0,0.0,0.0,0.0,0.0,0.0,0.0,0.0,0.0,0.0,12.434332,12.224494,0.79138607,12.471508,-0.15565872,0.05893895,0,0,0,0,0,0,0,0,0,0,1,3,0,0,1,0,0,0
146599894,12.233822,0.0,15.0,5.790235,0.8808097,1.0173221,nan,nan,0.0,0.0,0.0,0.0,0.0,0.0,0.0,0.0,0.0,0.0,0.0,0.0,0.0,0.0,0.0,0.0,0.0,0.0,0.0,12.233822,12.224494,0.79138607,12.471508,-0.15565872,0.05893895,0,0,0,0,0,0,0,0,0,0,1,3,0,0,1,0,0,0
146800290,12.390585,0.0,15.0,5.790235,0.8675212,1.0192907,nan,nan,0.0,0.0,0.0,0.0,0.0,0.0,0.0,0.0,0.0,0.0,0.0,0.0,0.0,0.0,0.0,0.0,0.0,0.0,0.0,12.390585,12.224494,0.79138607,12.471508,-0.15565872,0.05893895,0,0,0,0,0,0,0,0,0,0,1,3,0,0,1,0,0,0
146989891,12.401521,0.0,15.0,5.790235,0.8717379,1.0186652,nan,nan,0.0,0.0,0.0,0.0,0.0,0.0,0.0,0.0,0.0,0.0,0.0,0.0,0.0,0.0,0.0,0.0,0.0,0.0,0.0,12.401521,12.224494,0.79138607,12.471508,-0.15565872,0.05893895,0,0,0,0,0,0,0,0,0,0,1,3,0,0,1,0,0,0
147189890,12.403344,0.0,15.0,5.790235,0.8760161,1.0180314,nan,nan,0.0,0.0,0.0,0.0,0.0,0.0,0.0,0.0,0.0,0.0,0.0,0.0,0.0,0.0,0.0,0.0,0.0,0.0,0.0,12.403344,12.224494,0.79138607,12.471508,-0.15565872,0.05893895,0,0,0,0,0,0,0,0,0,0,1,3,0,0,1,0,0,0
147389890,12.4188385,0.0,15.0,5.7902656,0.8803639,1.017388,nan,nan,0.0,0.0,0.0,0.0,0.0,0.0,0.0,0.0,0.0,0.0,0.0,0.0,0.0,0.0,0.0,0.0,0.0,0.0,0.0,12.4188385,12.22649,0.7924947,12.315058,0.11107159,0.05893895,0,0,0,0,0,0,0,0,0,0,1,3,0,0,1,0,0,0
147590288,12.38785,0.0,15.0,5.7902856,0.8838939,1.0168663,nan,nan,0.0,0.0,0.0,0.0,0.0,0.0,0.0,0.0,0.0,0.0,0.0,0.0,0.0,0.0,0.0,0.0,0.0,0.0,0.0,12.38785,12.228214,0.7934522,12.425865,-0.02525425,0.05893895,0,0,0,0,0,0,0,0,0,0,1,3,0,0,1,0,0,0
147799892,12.401521,0.0,15.0,5.7902856,0.88717073,1.0163826,nan,nan,0.0,0.0,0.0,0.0,0.0,0.0,0.0,0.0,0.0,0.0,0.0,0.0,0.0,0.0,0.0,0.0,0.0,0.0,0.0,12.401521,12.228214,0.7934522,12.425865,-0.02525425,0.05893895,0,0,0,0,0,0,0,0,0,0,1,3,0,0,1,0,0,0
147999942,12.373268,0.0,15.0,5.7909064,0.88891214,1.0161256,nan,nan,0.0,0.0,0.0,0.0,0.0,0.0,0.0,0.0,0.0,0.0,0.0,0.0,0.0,0.0,0.0,0.0,0.0,0.0,0.0,12.373268,12.233479,0.7963771,12.409029,-0.06492615,0.05893895,0,0,0,0,0,0,0,0,0,0,1,3,0,0,1,0,0,0
148199894,12.39423,0.0,15.0,5.7909117,0.8895835,1.0160266,nan,nan,0.0,0.0,0.0,0.0,0.0,0.0,0.0,0.0,0.0,0.0,0.0,0.0,0.0,0.0,0.0,0.0,0.0,0.0,0.0,12.39423,12.235169,0.7973165,12.343179,0.061077118,0.05893895,0,0,0,0,0,0,0,0,0,0,1,3,0,0,1,0,0,0
148389891,12.404256,0.0,15.0,5.7909117,0.8901524,1.0159427,nan,nan,0.0,0.0,0.0,0.0,0.0,0.0,0.0,0.0,0.0,0.0,0.0,0.0,0.0,0.0,0.0,0.0,0.0,0.0,0.0,12.404256,12.235169,0.7973165,12.343179,0.061077118,0.05893895,0,0,0,0,0,0,0,0,0,0,1,3,0,0,1,0,0,0
148589890,12.431598,0.0,15.0,5.7910843,0.89067405,1.0158658,nan,nan,0.0,0.0,0.0,0.0,0.0,0.0,0.0,0.0,0.0,0.0,0.0,0.0,0.0,0.0,0.0,0.0,0.0,0.0,0.0,12.431598,12.237847,0.7988042,12.349476,0.04566574,0.05893895,0,0,0,0,0,0,0,0,0,0,1,3,0,0,1,0,0,0
148789893,12.340457,0.0036625,15.0,5.7910943,0.8886737,1.0161608,nan,nan,0.0,0.0,0.0,0.0,0.0,0.0,0.0,0.0,0.0,0.0,0.0,0.0,0.0,0.0,0.0,0.0,0.0,0.0,0.0,12.340457,12.238863,0.7993683,12.391844,-0.051386833,0.05893895,0,0,0,0,0,0,0,0,0,0,1,3,0,0,1,0,0,0
148989892,12.386939,0.0,15.0,5.7910943,0.88971084,1.0160078,nan,nan,0.0,0.0,0.0,0.0,0.0,0.0,0.0,0.0,0.0,0.0,0.0,0.0,0.0,0.0,0.0,0.0,0.0,0.0,0.0,12.386939,12.238863,0.7993683,12.391844,-0.051386833,0.05893895,0,0,0,0,0,0,0,0,0,0,1,3,0,0,1,0,0,0
149199966,12.384205,0.0,15.0,5.7910943,0.88991827,1.0159773,nan,nan,0.0,0.0,0.0,0.0,0.0,0.0,0.0,0.0,0.0,0.0,0.0,0.0,0.0,0.0,0.0,0.0,0.0,0.0,0.0,12.384205,12.238863,0.7993683,12.391844,-0.051386833,0.05893895,0,0,0,0,0,0,0,0,0,0,1,3,0,0,1,0,0,0
149399895,12.417015,0.0,15.0,5.7913947,0.89080757,1.0158461,nan,nan,0.0,0.0,0.0,0.0,0.0,0.0,0.0,0.0,0.0,0.0,0.0,0.0,0.0,0.0,0.0,0.0,0.0,0.0,0.0,12.417015,12.240167,0.8000931,12.347976,0.022557259,0.05893895,0,0,0,0,0,0,0,0,0,0,1,3,0,0,1,0,0,0
149599891,12.424306,0.0,15.0,5.7913947,0.89076465,1.0158525,nan,nan,0.0,0.0,0.0,0.0,0.0,0.0,0.0,0.0,0.0,0.0,0.0,0.0,0.0,0.0,0.0,0.0,0.0,0.0,0.0,12.424306,12.240167,0.8000931,12.347976,0.022557259,0.05893895,0,0,0,0,0,0,0,0,0,0,1,3,0,0,1,0,0,0
149789891,12.402432,0.0,15.0,5.7913947,0.88966554,1.0160145,nan,nan,0.0,0.0,0.0,0.0,0.0,0.0,0.0,0.0,0.0,0.0,0.0,0.0,0.0,0.0,0.0,0.0,0.0,0.0,0.0,12.402432,12.240167,0.8000931,12.347976,0.022557259,0.05893895,0,0,0,0,0,0,0,0,0,0,1,3,0,0,1,0,0,0
149989891,12.410635,0.0,15.0,5.7913947,0.8897552,1.0160012,nan,nan,0.0,0.0,0.0,0.0,0.0,0.0,0.0,0.0,0.0,0.0,0.0,0.0,0.0,0.0,0.0,0.0,0.0,0.0,0.0,12.410635,12.240167,0.8000931,12.347976,0.022557259,0.05893895,0,0,0,0,0,0,0,0,0,0,1,3,0,0,1,0,0,0
150189910,12.430687,0.0,15.0,5.7913947,0.8886027,1.0161712,nan,nan,0.0,0.0,0.0,0.0,0.0,0.0,0.0,0.0,0.0,0.0,0.0,0.0,0.0,0.0,0.0,0.0,0.0,0.0,0.0,12.430687,12.240167,0.8000931,12.347976,0.022557259,0.05893895,0,0,0,0,0,0,0,0,0,0,1,3,0,0,1,0,0,0
150389929,12.4398,0.0,15.0,5.7913947,0.8874268,1.0163448,nan,nan,0.0,0.0,0.0,0.0,0.0,0.0,0.0,0.0,0.0,0.0,0.0,0.0,0.0,0.0,0.0,0.0,0.0,0.0,0.0,12.4398,12.240167,0.8000931,12.347976,0.022557259,0.05893895,0,0,0,0,0,0,0,0,0,0,1,3,0,0,1,0,0,0
150599905,12.171847,0.0,15.0,5.7913947,0.88850206,1.0161861,nan,nan,0.0,0.0,0.0,0.0,0.0,0.0,0.0,0.0,0.0,0.0,0.0,0.0,0.0,0.0,0.0,0.0,0.0,0.0,0.0,12.171847,12.240167,0.8000931,12.347976,0.022557259,0.05893895,0,0,0,0,0,0,0,0,0,0,1,3,0,0,1,0,0,0
150799892,12.444358,0.0,15.0,5.7913947,0.88510936,1.0166868,nan,nan,0.0,0.0,0.0,0.0,0.0,0.0,0.0,0.0,0.0,0.0,0.0,0.0,0.0,0.0,0.0,0.0,0.0,0.0,0.0,12.444358,12.240167,0.8000931,12.347976,0.022557259,0.05893895,0,0,0,0,0,0,0,0,0,0,1,3,0,0,1,0,0,0
150999892,12.404256,0.0,15.0,5.7913947,0.8858966,1.0165706,nan,nan,0.0,0.0,0.0,0.0,0.0,0.0,0.0,0.0,0.0,0.0,0.0,0.0,0.0,0.0,0.0,0.0,0.0,0.0,0.0,12.404256,12.240167,0.8000931,12.347976,0.022557259,0.05893895,0,0,0,0,0,0,0,0,0,0,1,3,0,0,1,0,0,0
151189891,12.427953,0.0,15.0,5.7914963,0.8872575,1.0163697,nan,nan,0.0,0.0,0.0,0.0,0.0,0.0,0.0,0.0,0.0,0.0,0.0,0.0,0.0,0.0,0.0,0.0,0.0,0.0,0.0,12.427953,12.241584,0.8008799,12.365388,0.017905235,0.05893895,0,0,0,0,0,0,0,0,0,0,1,3,0,0,1,0,0,0
151389891,12.430687,0.0,15.0,5.7915115,0.889306,1.0160675,nan,nan,0.0,0.0,0.0,0.0,0.0,0.0,0.0,0.0,0.0,0.0,0.0,0.0,0.0,0.0,0.0,0.0,0.0,0.0,0.0,12.430687,12.243366,0.8018703,12.381051,0.04052162,0.05893895,0,0,0,0,0,0,0,0,0,0,1,3,0,0,1,0,0,0
151590664,12.412458,0.0,15.0,5.7915115,0.8900208,1.0159621,nan,nan,0.0,0.0,0.0,0.0,0.0,0.0,0.0,0.0,0.0,0.0,0.0,0.0,0.0,0.0,0.0,0.0,0.0,0.0,0.0,12.412458,12.243366,0.8018703,12.381051,0.04052162,0.05893895,0,0,0,0,0,0,0,0,0,0,1,3,0,0,1,0,0,0
151789891,12.401521,0.0,15.0,5.7915115,0.8902382,1.01593,nan,nan,0.0,0.0,0.0,0.0,0.0,0.0,0.0,0.0,0.0,0.0,0.0,0.0,0.0,0.0,0.0,0.0,0.0,0.0,0.0,12.401521,12.243366,0.8018703,12.381051,0.04052162,0.05893895,0,0,0,0,0,0,0,0,0,0,1,3,0,0,1,0,0,0
151999892,12.31038,0.0,15.0,5.791517,0.889759,1.0160006,nan,nan,0.0,0.0,0.0,0.0,0.0,0.0,0.0,0.0,0.0,0.0,0.0,0.0,0.0,0.0,0.0,0.0,0.0,0.0,0.0,12.31038,12.245185,0.8028812,12.4213085,0.0057325363,0.05893895,0,0,0,0,0,0,0,0,0,0,1,3,0,0,1,0,0,0
152199893,12.39423,0.0,15.0,5.791517,0.8905625,1.0158823,nan,nan,0.0,0.0,0.0,0.0,0.0,0.0,0.0,0.0,0.0,0.0,0.0,0.0,0.0,0.0,0.0,0.0,0.0,0.0,0.0,12.39423,12.245185,0.8028812,12.4213085,0.0057325363,0.05893895,0,0,0,0,0,0,0,0,0,0,1,3,0,0,1,0,0,0
152399891,12.355041,0.0,15.0,5.791517,0.8902964,1.0159215,nan,nan,0.0,0.0,0.0,0.0,0.0,0.0,0.0,0.0,0.0,0.0,0.0,0.0,0.0,0.0,0.0,0.0,0.0,0.0,0.0,12.355041,12.245185,0.8028812,12.4213085,0.0057325363,0.05893895,0,0,0,0,0,0,0,0,0,0,1,3,0,0,1,0,0,0
152590038,12.3987875,0.0,15.0,5.791517,0.887134,1.0163879,nan,nan,0.0,0.0,0.0,0.0,0.0,0.0,0.0,0.0,0.0,0.0,0.0,0.0,0.0,0.0,0.0,0.0,0.0,0.0,0.0,12.3987875,12.245185,0.8028812,12.4213085,0.0057325363,0.05893895,0,0,0,0,0,0,0,0,0,0,1,3,0,0,1,0,0,0
152789946,12.384205,0.0,15.0,5.7920203,0.88701576,1.0164053,nan,nan,0.0,0.0,0.0,0.0,0.0,0.0,0.0,0.0,0.0,0.0,0.0,0.0,0.0,0.0,0.0,0.0,0.0,0.0,0.0,12.384205,12.247022,0.8039016,12.439969,-0.009282112,0.05893895,0,0,0,0,0,0,0,0,0,0,1,3,0,0,1,0,0,0
152990112,12.409724,0.0,15.0,5.7920203,0.88797086,1.0162644,nan,nan,0.0,0.0,0.0,0.0,0.0,0.0,0.0,0.0,0.0,0.0,0.0,0.0,0.0,0.0,0.0,0.0,0.0,0.0,0.0,12.409724,12.247022,0.8039016,12.439969,-0.009282112,0.05893895,0,0,0,0,0,0,0,0,0,0,1,3,0,0,1,0,0,0
153189892,12.427953,0.0,15.0,5.7920203,0.8887109,1.0161552,nan,nan,0.0,0.0,0.0,0.0,0.0,0.0,0.0,0.0,0.0,0.0,0.0,0.0,0.0,0.0,0.0,0.0,0.0,0.0,0.0,12.427953,12.247022,0.8039016,12.439969,-0.009282112,0.05893895,0,0,0,0,0,0,0,0,0,0,1,3,0,0,1,0,0,0
153399892,12.4088125,0.0,15.0,5.792092,0.8877706,1.016294,nan,nan,0.0,0.0,0.0,0.0,0.0,0.0,0.0,0.0,0.0,0.0,0.0,0.0,0.0,0.0,0.0,0.0,0.0,0.0,0.0,12.4088125,12.247704,0.80427974,12.419475,-0.1036253,0.05893895,0,0,0,0,0,0,0,0,0,0,1,3,0,0,1,0,0,0
153599893,12.426129,0.0,15.0,5.792092,0.8890032,1.0161121,nan,nan,0.0,0.0,0.0,0.0,0.0,0.0,0.0,0.0,0.0,0.0,0.0,0.0,0.0,0.0,0.0,0.0,0.0,0.0,0.0,12.426129,12.247704,0.80427974,12.419475,-0.1036253,0.05893895,0,0,0,0,0,0,0,0,0,0,1,3,0,0,1,0,0,0
153799894,12.438889,0.038456246,15.0,5.7921987,0.8902454,1.015929,nan,nan,0.0,0.0,0.0,0.0,0.0,0.0,0.0,0.0,0.0,0.0,0.0,0.0,0.0,0.0,0.0,0.0,0.0,0.0,0.0,12.438889,12.249597,0.8053321,12.316772,0.12211609,0.05893895,0,0,0,0,0,0,0,0,0,0,1,3,0,0,1,0,0,0
153989891,12.405168,0.0,15.0,5.7927074,0.89271396,1.0155652,nan,nan,0.0,0.0,0.0,0.0,0.0,0.0,0.0,0.0,0.0,0.0,0.0,0.0,0.0,0.0,0.0,0.0,0.0,0.0,0.0,12.405168,12.251272,0.80626243,12.449309,-0.030470848,0.05893895,0,0,0,0,0,0,0,0,0,0,1,3,0,0,1,0,0,0
154189891,12.411547,0.0,15.0,5.7927074,0.89399904,1.0153759,nan,nan,0.0,0.0,0.0,0.0,0.0,0.0,0.0,0.0,0.0,0.0,0.0,0.0,0.0,0.0,0.0,0.0,0.0,0.0,0.0,12.411547,12.251272,0.80626243,12.449309,-0.030470848,0.05893895,0,0,0,0,0,0,0,0,0,0,1,3,0,0,1,0,0,0
154389891,12.440712,0.0,15.0,5.7927074,0.8948297,1.0152535,nan,nan,0.0,0.0,0.0,0.0,0.0,0.0,0.0,0.0,0.0,0.0,0.0,0.0,0.0,0.0,0.0,0.0,0.0,0.0,0.0,12.440712,12.251272,0.80626243,12.449309,-0.030470848,0.05893895,0,0,0,0,0,0,0,0,0,0,1,3,0,0,1,0,0,0
154589891,12.417015,0.0,15.0,5.7927074,0.89466184,1.0152782,nan,nan,0.0,0.0,0.0,0.0,0.0,0.0,0.0,0.0,0.0,0.0,0.0,0.0,0.0,0.0,0.0,0.0,0.0,0.0,0.0,12.417015,12.251272,0.80626243,12.449309,-0.030470848,0.05893895,0,0,0,0,0,0,0,0,0,0,1,3,0,0,1,0,0,0
154799892,12.428864,0.0,15.0,5.7927647,0.89533085,1.0151796,nan,nan,0.0,0.0,0.0,0.0,0.0,0.0,0.0,0.0,0.0,0.0,0.0,0.0,0.0,0.0,0.0,0.0,0.0,0.0,0.0,12.428864,12.252498,0.80694383,12.407099,-0.03200817,0.05893895,0,0,0,0,0,0,0,0,0,0,1,3,0,0,1,0,0,0
155000447,12.4188385,0.0,15.0,5.7927647,0.89524597,1.0151922,nan,nan,0.0,0.0,0.0,0.0,0.0,0.0,0.0,0.0,0.0,0.0,0.0,0.0,0.0,0.0,0.0,0.0,0.0,0.0,0.0,12.4188385,12.252498,0.80694383,12.407099,-0.03200817,0.05893895,0,0,0,0,0,0,0,0,0,0,1,3,0,0,1,0,0,0
155199892,12.384205,0.0,15.0,5.7927647,0.8953571,1.0151758,nan,nan,0.0,0.0,0.0,0.0,0.0,0.0,0.0,0.0,0.0,0.0,0.0,0.0,0.0,0.0,0.0,0.0,0.0,0.0,0.0,12.384205,12.252498,0.80694383,12.407099,-0.03200817,0.05893895,0,0,0,0,0,0,0,0,0,0,1,3,0,0,1,0,0,0
155389890,12.435244,0.0,15.0,5.7927647,0.8963594,1.0150284,nan,nan,0.0,0.0,0.0,0.0,0.0,0.0,0.0,0.0,0.0,0.0,0.0,0.0,0.0,0.0,0.0,0.0,0.0,0.0,0.0,12.435244,12.252498,0.80694383,12.407099,-0.03200817,0.05893895,0,0,0,0,0,0,0,0,0,0,1,3,0,0,1,0,0,0
155589891,12.43342,0.0,15.0,5.7927647,0.8956594,1.0151314,nan,nan,0.0,0.0,0.0,0.0,0.0,0.0,0.0,0.0,0.0,0.0,0.0,0.0,0.0,0.0,0.0,0.0,0.0,0.0,0.0,12.43342,12.252498,0.80694383,12.407099,-0.03200817,0.05893895,0,0,0,0,0,0,0,0,0,0,1,3,0,0,1,0,0,0
155789891,12.416103,0.0,15.0,5.7927647,0.895955,1.0150878,nan,nan,0.0,0.0,0.0,0.0,0.0,0.0,0.0,0.0,0.0,0.0,0.0,0.0,0.0,0.0,0.0,0.0,0.0,0.0,0.0,12.416103,12.252498,0.80694383,12.407099,-0.03200817,0.05893895,0,0,0,0,0,0,0,0,0,0,1,3,0,0,1,0,0,0
155989891,12.432509,0.0,15.0,5.7927647,0.8962473,1.0150448,nan,nan,0.0,0.0,0.0,0.0,0.0,0.0,0.0,0.0,0.0,0.0,0.0,0.0,0.0,0.0,0.0,0.0,0.0,0.0,0.0,12.432509,12.252498,0.80694383,12.407099,-0.03200817,0.05893895,0,0,0,0,0,0,0,0,0,0,1,3,0,0,1,0,0,0
156199964,12.366888,0.0,15.0,5.793207,0.89589065,1.0150973,nan,nan,0.0,0.0,0.0,0.0,0.0,0.0,0.0,0.0,0.0,0.0,0.0,0.0,0.0,0.0,0.0,0.0,0.0,0.0,0.0,12.366888,12.254325,0.80795854,12.385116,0.05195141,0.05893895,0,0,0,0,0,0,0,0,0,0,1,3,0,0,1,0,0,0
156399944,12.415193,0.0,15.0,5.793207,0.89507765,1.0152171,nan,nan,0.0,0.0,0.0,0.0,0.0,0.0,0.0,0.0,0.0,0.0,0.0,0.0,0.0,0.0,0.0,0.0,0.0,0.0,0.0,12.415193,12.254325,0.80795854,12.385116,0.05195141,0.05893895,0,0,0,0,0,0,0,0,0,0,1,3,0,0,1,0,0,0
156599893,12.400611,0.0,15.0,5.793207,0.8952355,1.0151937,nan,nan,0.0,0.0,0.0,0.0,0.0,0.0,0.0,0.0,0.0,0.0,0.0,0.0,0.0,0.0,0.0,0.0,0.0,0.0,0.0,12.400611,12.254325,0.80795854,12.385116,0.05195141,0.05893895,0,0,0,0,0,0,0,0,0,0,1,3,0,0,1,0,0,0
156789891,12.421573,0.0,15.0,5.793207,0.8956432,1.0151337,nan,nan,0.0,0.0,0.0,0.0,0.0,0.0,0.0,0.0,0.0,0.0,0.0,0.0,0.0,0.0,0.0,0.0,0.0,0.0,0.0,12.421573,12.254325,0.80795854,12.385116,0.05195141,0.05893895,0,0,0,0,0,0,0,0,0,0,1,3,0,0,1,0,0,0
156989891,12.424306,0.0,15.0,5.7932324,0.89542717,1.0151656,nan,nan,0.0,0.0,0.0,0.0,0.0,0.0,0.0,0.0,0.0,0.0,0.0,0.0,0.0,0.0,0.0,0.0,0.0,0.0,0.0,12.424306,12.256071,0.8089289,12.42625,0.004436493,0.05893895,0,0,0,0,0,0,0,0,0,0,1,3,0,0,1,0,0,0
157189892,12.409724,0.0,15.0,5.7932324,0.89495176,1.0152355,nan,nan,0.0,0.0,0.0,0.0,0.0,0.0,0.0,0.0,0.0,0.0,0.0,0.0,0.0,0.0,0.0,0.0,0.0,0.0,0.0,12.409724,12.256071,0.8089289,12.42625,0.004436493,0.05893895,0,0,0,0,0,0,0,0,0,0,1,3,0,0,1,0,0,0
157390562,12.36142,0.0,15.0,5.793843,0.8950686,1.0152183,nan,nan,0.0,0.0,0.0,0.0,0.0,0.0,0.0,0.0,0.0,0.0,0.0,0.0,0.0,0.0,0.0,0.0,0.0,0.0,0.0,12.36142,12.259404,0.81078047,12.434885,-0.0069322586,0.05893895,0,0,0,0,0,0,0,0,0,0,1,3,0,0,1,0,0,0
157599965,12.406078,0.0,15.0,5.793843,0.89488024,1.015246,nan,nan,0.0,0.0,0.0,0.0,0.0,0.0,0.0,0.0,0.0,0.0,0.0,0.0,0.0,0.0,0.0,0.0,0.0,0.0,0.0,12.406078,12.259404,0.81078047,12.434885,-0.0069322586,0.05893895,0,0,0,0,0,0,0,0,0,0,1,3,0,0,1,0,0,0
157799892,12.415193,0.0,15.0,5.793843,0.89463896,1.0152816,nan,nan,0.0,0.0,0.0,0.0,0.0,0.0,0.0,0.0,0.0,0.0,0.0,0.0,0.0,0.0,0.0,0.0,0.0,0.0,0.0,12.415193,12.259404,0.81078047,12.434885,-0.0069322586,0.05893895,0,0,0,0,0,0,0,0,0,0,1,3,0,0,1,0,0,0
157999894,12.392407,0.0,15.0,5.793843,0.8947,1.0152726,nan,nan,0.0,0.0,0.0,0.0,0.0,0.0,0.0,0.0,0.0,0.0,0.0,0.0,0.0,0.0,0.0,0.0,0.0,0.0,0.0,12.392407,12.259404,0.81078047,12.434885,-0.0069322586,0.05893895,0,0,0,0,0,0,0,0,0,0,1,3,0,0,1,0,0,0
158189892,12.4188385,0.0,15.0,5.793843,0.8941936,1.0153471,nan,nan,0.0,0.0,0.0,0.0,0.0,0.0,0.0,0.0,0.0,0.0,0.0,0.0,0.0,0.0,0.0,0.0,0.0,0.0,0.0,12.4188385,12.259404,0.81078047,12.434885,-0.0069322586,0.05893895,0,0,0,0,0,0,0,0,0,0,1,3,0,0,1,0,0,0
158389892,12.410635,0.0,15.0,5.7942905,0.8948421,1.0152516,nan,nan,0.0,0.0,0.0,0.0,0.0,0.0,0.0,0.0,0.0,0.0,0.0,0.0,0.0,0.0,0.0,0.0,0.0,0.0,0.0,12.410635,12.262563,0.8125352,12.417664,-0.006116867,0.05893895,0,0,0,0,0,0,0,0,0,0,1,3,0,0,1,0,0,0
158589985,12.384205,0.0,15.0,5.7942905,0.8941683,1.0153509,nan,nan,0.0,0.0,0.0,0.0,0.0,0.0,0.0,0.0,0.0,0.0,0.0,0.0,0.0,0.0,0.0,0.0,0.0,0.0,0.0,12.384205,12.262563,0.8125352,12.417664,-0.006116867,0.05893895,0,0,0,0,0,0,0,0,0,0,1,3,0,0,1,0,0,0
158789891,12.443446,0.0,15.0,5.7942905,0.89367384,1.0154237,nan,nan,0.0,0.0,0.0,0.0,0.0,0.0,0.0,0.0,0.0,0.0,0.0,0.0,0.0,0.0,0.0,0.0,0.0,0.0,0.0,12.443446,12.262563,0.8125352,12.417664,-0.006116867,0.05893895,0,0,0,0,0,0,0,0,0,0,1,3,0,0,1,0,0,0
158999895,12.44527,0.0,15.0,5.7942905,0.8945512,1.0152944,nan,nan,0.0,0.0,0.0,0.0,0.0,0.0,0.0,0.0,0.0,0.0,0.0,0.0,0.0,0.0,0.0,0.0,0.0,0.0,0.0,12.44527,12.262563,0.8125352,12.417664,-0.006116867,0.05893895,0,0,0,0,0,0,0,0,0,0,1,3,0,0,1,0,0,0
159199892,12.429775,0.0,15.0,5.794362,0.8942556,1.0153381,nan,nan,0.0,0.0,0.0,0.0,0.0,0.0,0.0,0.0,0.0,0.0,0.0,0.0,0.0,0.0,0.0,0.0,0.0,0.0,0.0,12.429775,12.264507,0.81361526,12.412734,0.046206474,0.05893895,0,0,0,0,0,0,0,0,0,0,1,3,0,0,1,0,0,0
159399894,12.376914,0.14833124,15.0,5.7949367,0.88597244,1.0165594,nan,nan,0.0,0.0,0.0,0.0,0.0,0.0,0.0,0.0,0.0,0.0,0.0,0.0,0.0,0.0,0.0,0.0,0.0,0.0,0.0,12.376914,12.268875,0.8160419,12.603027,-0.22611332,0.05893895,0,0,0,0,0,0,0,0,0,0,1,3,0,0,1,0,0,0
159589892,12.213772,0.0,15.0,5.796422,0.8822436,1.0171102,nan,nan,0.0,0.0,0.0,0.0,0.0,0.0,0.0,0.0,0.0,0.0,0.0,0.0,0.0,0.0,0.0,0.0,0.0,0.0,0.0,12.213772,12.273577,0.818654,12.236953,-0.0058641434,0.05893895,0,0,0,0,0,0,0,0,0,0,1,3,0,0,1,0,0,0
159790626,12.515447,0.0,15.0,5.799013,0.8796949,1.017487,nan,nan,0.0,0.0,0.0,0.0,0.0,0.0,0.0,0.0,0.0,0.0,0.0,0.0,0.0,0.0,0.0,0.0,0.0,0.0,0.0,12.515447,12.280784,0.822658,12.510424,-0.088850975,0.05893895,0,0,0,0,0,0,0,0,0,0,1,3,0,0,1,0,0,0
159989962,12.262076,0.212425,15.0,5.8010044,0.8729586,1.0184842,nan,nan,0.0,0.0,0.0,0.0,0.0,0.0,0.0,0.0,0.0,0.0,0.0,0.0,0.0,0.0,0.0,0.0,0.0,0.0,0.0,12.262076,12.283999,0.82444423,12.289299,-0.027222633,0.05893895,0,0,0,0,0,0,0,0,0,0,1,3,0,0,1,0,0,0
160189892,12.649425,0.00549375,15.0,5.8087277,0.8673448,1.0193168,nan,nan,0.0,0.0,0.0,0.0,0.0,0.0,0.0,0.0,0.0,0.0,0.0,0.0,0.0,0.0,0.0,0.0,0.0,0.0,0.0,12.649425,12.285877,0.82548803,11.90713,0.7422943,0.05893895,0,0,0,0,0,0,0,0,0,0,1,3,0,0,1,0,0,0
160399893,12.808921,0.42485,15.0,5.844871,0.8561453,1.0209819,nan,nan,0.0,0.0,0.0,0.0,0.0,0.0,0.0,0.0,0.0,0.0,0.0,0.0,0.0,0.0,0.0,0.0,0.0,0.0,0.0,12.808921,12.285121,0.82506746,12.122233,0.68668747,0.05893895,0,0,0,0,0,0,0,0,0,0,1,3,0,0,1,0,0,0
160599894,12.631196,0.4431625,15.0,5.8618774,0.8493528,1.0219944,nan,nan,0.0,0.0,0.0,0.0,0.0,0.0,0.0,0.0,0.0,0.0,0.0,0.0,0.0,0.0,0.0,0.0,0.0,0.0,0.0,12.631196,12.284702,0.82483476,12.132477,0.49871922,0.05893895,0,0,0,0,0,0,0,0,0,0,1,3,0,0,1,0,0,0
160799906,12.399699,0.0,15.0,5.887153,0.8374652,1.0237712,nan,nan,0.0,0.0,0.0,0.0,0.0,0.0,0.0,0.0,0.0,0.0,0.0,0.0,0.0,0.0,0.0,0.0,0.0,0.0,0.0,12.399699,12.264708,0.81372684,11.692939,0.9072695,0.05893895,0,0,0,0,0,0,0,0,0,0,1,3,0,0,1,0,0,0
160989910,12.10258,0.0,15.0,5.944556,0.824922,1.0256528,nan,nan,0.0,0.0,0.0,0.0,0.0,0.0,0.0,0.0,0.0,0.0,0.0,0.0,0.0,0.0,0.0,0.0,0.0,0.0,0.0,12.10258,12.254469,0.80803865,11.415498,1.3779287,0.05893895,0,0,0,0,0,0,0,0,0,0,1,3,0,0,1,0,0,0
161190047,12.016908,4.1038313,15.0,5.9872284,0.8319244,1.0246015,nan,nan,0.0,0.0,0.0,0.0,0.0,0.0,0.0,0.0,0.0,0.0,0.0,0.0,0.0,0.0,0.0,0.0,0.0,0.0,0.0,12.016908,12.264452,0.81358427,12.907798,-0.8908901,0.05893895,0,0,0,0,0,0,0,0,0,0,1,3,0,0,1,0,0,0
161389891,12.172759,0.0,15.0,6.0282145,0.8295893,1.0249518,nan,nan,0.0,0.0,0.0,0.0,0.0,0.0,0.0,0.0,0.0,0.0,0.0,0.0,0.0,0.0,0.0,0.0,0.0,0.0,0.0,12.172759,12.256669,0.80926126,12.242468,0.43065357,0.05893895,0,0,0,0,0,0,0,0,0,0,1,3,0,0,1,0,0,0
161589893,11.634116,0.78194374,15.0,6.1056905,0.82530683,1.025595,nan,nan,0.0,0.0,0.0,0.0,0.0,0.0,0.0,0.0,0.0,0.0,0.0,0.0,0.0,0.0,0.0,0.0,0.0,0.0,0.0,11.634116,12.2498865,0.80549234,12.481965,-0.8478489,0.05893895,0,0,0,0,0,0,0,0,0,0,1,3,0,0,1,0,0,0
161799926,11.79179,0.45964375,15.0,6.180481,0.82102865,1.0262382,nan,nan,0.0,0.0,0.0,0.0,0.0,0.0,0.0,0.0,0.0,0.0,0.0,0.0,0.0,0.0,0.0,0.0,0.0,0.0,0.0,11.79179,12.242491,0.8013839,12.586068,-0.79427814,0.05893895,0,0,0,0,0,0,0,0,0,0,1,3,0,0,1,0,0,0
161999894,12.733274,0.109875,15.0,6.2600956,0.8090734,1.02804,nan,nan,0.0,0.0,0.0,0.0,0.0,0.0,0.0,0.0,0.0,0.0,0.0,0.0,0.0,0.0,0.0,0.0,0.0,0.0,0.0,12.733274,12.236828,0.7982382,11.757886,0.9753885,0.05893895,0,0,0,0,0,0,0,0,0,0,1,3,0,0,1,0,0,0
162199893,12.786136,0.0,15.0,6.335192,0.7992577,1.0295241,nan,nan,0.0,0.0,0.0,0.0,0.0,0.0,0.0,0.0,0.0,0.0,0.0,0.0,0.0,0.0,0.0,0.0,0.0,0.0,0.0,12.786136,12.224828,0.7915711,12.117749,-0.76890373,0.05893895,0,0,0,0,0,0,0,0,0,0,1,3,0,0,1,0,0,0
162389891,12.792516,3.1442564,15.0,6.411752,0.7801289,1.0324287,nan,nan,0.0,0.0,0.0,0.0,0.0,0.0,0.0,0.0,0.0,0.0,0.0,0.0,0.0,0.0,0.0,0.0,0.0,0.0,0.0,12.792516,12.1883,0.77127784,11.223586,1.5689297,0.05893895,0,0,0,0,0,0,0,0,0,0,1,3,0,0,1,0,0,0
162590151,12.194633,0.065924995,15.0,6.475955,0.7495541,1.0371056,nan,nan,0.0,0.0,0.0,0.0,0.0,0.0,0.0,0.0,0.0,0.0,0.0,0.0,0.0,0.0,0.0,0.0,0.0,0.0,0.0,12.194633,12.1333885,0.74077123,11.545278,0.64935493,0.05893895,0,0,0,0,0,0,0,0,0,0,1,3,0,0,1,0,0,0
162789906,12.876365,0.21791874,15.0,6.5625753,0.7511911,1.036854,nan,nan,0.0,0.0,0.0,0.0,0.0,0.0,0.0,0.0,0.0,0.0,0.0,0.0,0.0,0.0,0.0,0.0,0.0,0.0,0.0,12.876365,12.136072,0.7422623,12.527783,0.3485813,0.05893895,0,0,0,0,0,0,0,0,0,0,1,3,0,0,1,0,0,0
162989893,12.680412,0.34610626,15.0,6.652667,0.7462167,1.0376185,nan,nan,0.0,0.0,0.0,0.0,0.0,0.0,0.0,0.0,0.0,0.0,0.0,0.0,0.0,0.0,0.0,0.0,0.0,0.0,0.0,12.680412,12.129744,0.7387466,12.342431,0.33798122,0.05893895,0,0,0,0,0,0,0,0,0,0,1,3,0,0,1,0,0,0
163199894,12.802541,0.9412625,15.0,6.755836,0.74503034,1.0378011,nan,nan,0.0,0.0,0.0,0.0,0.0,0.0,0.0,0.0,0.0,0.0,0.0,0.0,0.0,0.0,0.0,0.0,0.0,0.0,0.0,12.802541,12.123144,0.7350802,11.434781,1.3677597,0.05893895,0,0,0,0,0,0,0,0,0,0,1,3,0,0,1,0,0,0
163399894,12.076149,2.06565,15.0,6.8649764,0.7334251,1.0395898,nan,nan,0.0,0.0,0.0,0.0,0.0,0.0,0.0,0.0,0.0,0.0,0.0,0.0,0.0,0.0,0.0,0.0,0.0,0.0,0.0,12.076149,12.105157,0.7250876,11.381203,0.6949463,0.05893895,0,0,0,0,0,0,0,0,0,0,1,3,0,0,1,0,0,0
163599895,12.808009,0.85885626,15.0,6.9721885,0.7295546,1.0401877,nan,nan,0.0,0.0,0.0,0.0,0.0,0.0,0.0,0.0,0.0,0.0,0.0,0.0,0.0,0.0,0.0,0.0,0.0,0.0,0.0,12.808009,12.094408,0.7191157,12.160201,0.6478081,0.05893895,0,0,0,0,0,0,0,0,0,0,1,3,0,0,1,0,0,0
163789892,11.906628,0.0,15.0,7.0741577,0.73060364,1.0400256,nan,nan,0.0,0.0,0.0,0.0,0.0,0.0,0.0,0.0,0.0,0.0,0.0,0.0,0.0,0.0,0.0,0.0,0.0,0.0,0.0,11.906628,12.099288,0.7218265,12.070727,0.6352043,0.05893895,0,0,0,0,0,0,0,0,0,0,1,3,0,0,1,0,0,0
163989895,13.090546,1.6719313,15.0,7.2172084,0.73090404,1.0399792,nan,nan,0.0,0.0,0.0,0.0,0.0,0.0,0.0,0.0,0.0,0.0,0.0,0.0,0.0,0.0,0.0,0.0,0.0,0.0,0.0,13.090546,12.10238,0.723545,12.887038,0.20350742,0.05893895,0,0,0,0,0,0,0,0,0,0,1,3,0,0,1,0,0,0
164189894,12.912821,6.2738624,15.0,7.3910184,0.71237653,1.0428497,nan,nan,0.0,0.0,0.0,0.0,0.0,0.0,0.0,0.0,0.0,0.0,0.0,0.0,0.0,0.0,0.0,0.0,0.0,0.0,0.0,12.912821,12.065848,0.7032489,11.494624,1.4181967,0.058868024,0,0,0,0,0,0,0,0,0,0,1,3,0,0,1,0,0,0
164389908,11.279579,1.6316438,15.0,7.5483403,0.6965837,1.0453091,nan,nan,0.0,0.0,0.0,0.0,0.0,0.0,0.0,0.0,0.0,0.0,0.0,0.0,0.0,0.0,0.0,0.0,0.0,0.0,0.0,11.279579,12.035924,0.68662494,11.9142475,-0.63466835,0.058659595,0,0,0,0,0,0,0,0,0,0,1,3,0,0,1,0,0,0
164599947,12.061566,1.633475,15.0,7.695887,0.6908774,1.0462006,nan,nan,0.0,0.0,0.0,0.0,0.0,0.0,0.0,0.0,0.0,0.0,0.0,0.0,0.0,0.0,0.0,0.0,0.0,0.0,0.0,12.061566,12.02336,0.679645,12.688834,-0.62726784,0.058583297,0,0,0,0,0,0,0,0,0,0,1,3,0,0,1,0,0,0
164799893,11.527481,5.6475754,15.0,7.8346457,0.67694753,1.0483832,nan,nan,0.0,0.0,0.0,0.0,0.0,0.0,0.0,0.0,0.0,0.0,0.0,0.0,0.0,0.0,0.0,0.0,0.0,0.0,0.0,11.527481,11.995008,0.66389364,11.3272705,0.20021057,0.058583297,0,0,0,0,0,0,0,0,0,0,1,3,0,0,1,0,0,0
164999946,12.657627,2.6846125,15.0,8.00722,0.6774768,1.0483001,nan,nan,0.0,0.0,0.0,0.0,0.0,0.0,0.0,0.0,0.0,0.0,0.0,0.0,0.0,0.0,0.0,0.0,0.0,0.0,0.0,12.657627,12.000202,0.666779,12.477499,0.1801281,0.05856296,0,0,0,0,0,0,0,0,0,0,1,3,0,0,1,0,0,0
165189892,11.889311,2.0345187,15.0,8.072632,0.6801123,1.0478866,nan,nan,0.0,0.0,0.0,0.0,0.0,0.0,0.0,0.0,0.0,0.0,0.0,0.0,0.0,0.0,0.0,0.0,0.0,0.0,0.0,11.889311,12.008265,0.6712579,12.120619,-0.23130798,0.05856296,0,0,0,0,0,0,0,0,0,0,1,3,0,0,1,0,0,0
165389893,11.426315,3.993956,15.0,8.2810755,0.65905756,1.0511998,nan,nan,0.0,0.0,0.0,0.0,0.0,0.0,0.0,0.0,0.0,0.0,0.0,0.0,0.0,0.0,0.0,0.0,0.0,0.0,0.0,11.426315,11.973242,0.65180105,11.481988,-0.055672646,0.05856296,0,0,0,0,0,0,0,0,0,0,1,3,0,0,1,0,0,0
165589912,12.253874,0.060431253,15.0,8.463926,0.6462588,1.0532241,nan,nan,0.0,0.0,0.0,0.0,0.0,0.0,0.0,0.0,0.0,0.0,0.0,0.0,0.0,0.0,0.0,0.0,0.0,0.0,0.0,12.253874,11.952563,0.6403131,12.148243,0.105630875,0.058351677,0,0,0,0,0,0,0,0,0,0,1,3,0,0,1,0,0,0
165789892,11.8565,4.9114122,15.0,8.693173,0.622683,1.0569735,nan,nan,0.0,0.0,0.0,0.0,0.0,0.0,0.0,0.0,0.0,0.0,0.0,0.0,0.0,0.0,0.0,0.0,0.0,0.0,0.0,11.8565,11.912056,0.61780876,11.069446,0.78705406,0.058351677,0,0,0,0,0,0,0,0,0,0,1,3,0,0,1,0,0,0
165999893,10.772837,8.709425,15.0,8.896358,0.61392826,1.0583725,nan,nan,0.0,0.0,0.0,0.0,0.0,0.0,0.0,0.0,0.0,0.0,0.0,0.0,0.0,0.0,0.0,0.0,0.0,0.0,0.0,10.772837,11.897949,0.60997194,11.415129,-0.642292,0.058351677,0,0,0,0,0,0,0,0,0,0,1,3,0,0,1,0,0,0
166199915,11.64961,4.684337,15.0,9.085887,0.60337824,1.0600635,nan,nan,0.0,0.0,0.0,0.0,0.0,0.0,0.0,0.0,0.0,0.0,0.0,0.0,0.0,0.0,0.0,0.0,0.0,0.0,0.0,11.64961,11.880244,0.60013574,12.242925,-0.5933151,0.058351677,0,0,0,0,0,0,0,0,0,0,1,3,0,0,1,0,0,0
166399895,11.769005,0.74898124,15.0,9.308504,0.5900988,1.0621996,nan,nan,0.0,0.0,0.0,0.0,0.0,0.0,0.0,0.0,0.0,0.0,0.0,0.0,0.0,0.0,0.0,0.0,0.0,0.0,0.0,11.769005,11.857395,0.58744186,12.0371065,-0.2681017,0.058351677,0,0,0,0,0,0,0,0,0,0,1,3,0,0,1,0,0,0
166589893,11.51381,5.231881,15.0,9.532696,0.58427376,1.0631392,nan,nan,0.0,0.0,0.0,0.0,0.0,0.0,0.0,0.0,0.0,0.0,0.0,0.0,0.0,0.0,0.0,0.0,0.0,0.0,0.0,11.51381,11.8477335,0.5820746,11.826607,-0.3127966,0.058351677,0,0,0,0,0,0,0,0,0,0,1,3,0,0,1,0,0,0
166789896,11.804549,2.5491002,15.0,9.745478,0.5730509,1.0649544,nan,nan,0.0,0.0,0.0,0.0,0.0,0.0,0.0,0.0,0.0,0.0,0.0,0.0,0.0,0.0,0.0,0.0,0.0,0.0,0.0,11.804549,11.828248,0.57124895,12.154395,-0.3498459,0.058351677,0,0,0,0,0,0,0,0,0,0,1,3,0,0,1,0,0,0
166989893,11.962223,1.7854688,15.0,10.000888,0.5710916,1.065272,nan,nan,0.0,0.0,0.0,0.0,0.0,0.0,0.0,0.0,0.0,0.0,0.0,0.0,0.0,0.0,0.0,0.0,0.0,0.0,0.0,11.962223,11.825307,0.5696148,11.446009,0.5162144,0.05819009,0,0,0,0,0,0,0,0,0,0,1,3,0,0,1,0,0,0
167189892,11.495583,5.764775,15.0,10.230172,0.5639481,1.0664313,nan,nan,0.0,0.0,0.0,0.0,0.0,0.0,0.0,0.0,0.0,0.0,0.0,0.0,0.0,0.0,0.0,0.0,0.0,0.0,0.0,11.495583,11.812931,0.5627398,11.545339,-0.04975605,0.058167193,0,0,0,0,0,0,0,0,0,0,1,3,0,0,1,0,0,0
167399893,10.993397,8.161881,15.0,10.456921,0.5607833,1.0669458,nan,nan,0.0,0.0,0.0,0.0,0.0,0.0,0.0,0.0,0.0,0.0,0.0,0.0,0.0,0.0,0.0,0.0,0.0,0.0,0.0,10.993397,11.807646,0.5598034,11.731041,-0.7376442,0.058167193,0,0,0,0,0,0,0,0,0,0,1,3,0,0,1,0,0,0
167599963,11.514722,6.9624124,15.0,10.655907,0.5572328,1.0675235,nan,nan,0.0,0.0,0.0,0.0,0.0,0.0,0.0,0.0,0.0,0.0,0.0,0.0,0.0,0.0,0.0,0.0,0.0,0.0,0.0,11.514722,11.801575,0.5564303,12.1866255,-0.6719036,0.058167193,0,0,0,0,0,0,0,0,0,0,1,3,0,0,1,0,0,0
167799898,12.163645,1.5876937,15.0,10.890587,0.561943,1.0667572,nan,nan,0.0,0.0,0.0,0.0,0.0,0.0,0.0,0.0,0.0,0.0,0.0,0.0,0.0,0.0,0.0,0.0,0.0,0.0,0.0,12.163645,11.810313,0.56128544,12.228117,-0.0644722,0.058167193,0,0,0,0,0,0,0,0,0,0,1,3,0,0,1,0,0,0
167990753,12.12901,3.7412438,15.0,11.140251,0.5504851,1.0686232,nan,nan,0.0,0.0,0.0,0.0,0.0,0.0,0.0,0.0,0.0,0.0,0.0,0.0,0.0,0.0,0.0,0.0,0.0,0.0,0.0,12.12901,11.789894,0.5499415,11.4577,0.6713104,0.058167193,0,0,0,0,0,0,0,0,0,0,1,3,0,0,1,0,0,0
168189893,11.827334,6.13835,15.0,11.376196,0.5552587,1.067845,nan,nan,0.0,0.0,0.0,0.0,0.0,0.0,0.0,0.0,0.0,0.0,0.0,0.0,0.0,0.0,0.0,0.0,0.0,0.0,0.0,11.827334,11.798662,0.5548124,11.956512,-0.12917805,0.058167193,0,0,0,0,0,0,0,0,0,0,1,3,0,0,1,0,0,0
168389893,11.877461,2.0748062,15.0,11.608177,0.5434436,1.0697731,nan,nan,0.0,0.0,0.0,0.0,0.0,0.0,0.0,0.0,0.0,0.0,0.0,0.0,0.0,0.0,0.0,0.0,0.0,0.0,0.0,11.877461,11.777539,0.5430774,12.165174,-0.2877121,0.058167193,0,0,0,0,0,0,0,0,0,0,1,3,0,0,1,0,0,0
168589892,12.070681,1.7341937,15.0,11.860761,0.53253216,1.0715599,nan,nan,0.0,0.0,0.0,0.0,0.0,0.0,0.0,0.0,0.0,0.0,0.0,0.0,0.0,0.0,0.0,0.0,0.0,0.0,0.0,12.070681,11.7580185,0.5322327,11.557203,0.5134773,0.058167193,0,0,0,0,0,0,0,0,0,0,1,3,0,0,1,0,0,0
168799893,11.542065,4.4700813,15.0,12.120581,0.52955526,1.0720485,nan,nan,0.0,0.0,0.0,0.0,0.0,0.0,0.0,0.0,0.0,0.0,0.0,0.0,0.0,0.0,0.0,0.0,0.0,0.0,0.0,11.542065,11.752765,0.529314,11.080773,0.4612913,0.058167193,0,0,0,0,0,0,0,0,0,0,1,3,0,0,1,0,0,0
168999894,11.3087435,8.090463,15.0,12.340268,0.53559774,1.0710573,nan,nan,0.0,0.0,0.0,0.0,0.0,0.0,0.0,0.0,0.0,0.0,0.0,0.0,0.0,0.0,0.0,0.0,0.0,0.0,0.0,11.3087435,11.7637205,0.53540033,12.433661,-1.124918,0.058167193,0,0,0,0,0,0,0,0,0,0,1,3,0,0,1,0,0,0
169199894,11.634116,7.2279434,15.0,12.548899,0.5350942,1.0711399,nan,nan,0.0,0.0,0.0,0.0,0.0,0.0,0.0,0.0,0.0,0.0,0.0,0.0,0.0,0.0,0.0,0.0,0.0,0.0,0.0,11.634116,11.762877,0.5349321,11.877363,-0.24324703,0.058167193,0,0,0,0,0,0,0,0,0,0,1,3,0,0,1,0,0,0
169399969,11.8738165,3.4317625,15.0,12.7925,0.5322966,1.0715986,nan,nan,0.0,0.0,0.0,0.0,0.0,0.0,0.0,0.0,0.0,0.0,0.0,0.0,0.0,0.0,0.0,0.0,0.0,0.0,0.0,11.8738165,11.7578945,0.53216404,12.197098,-0.3232813,0.058167193,0,0,0,0,0,0,0,0,0,0,1,3,0,0,1,0,0,0
169589891,12.026934,0.9925375,15.0,13.048663,0.53299564,1.071484,nan,nan,0.0,0.0,0.0,0.0,0.0,0.0,0.0,0.0,0.0,0.0,0.0,0.0,0.0,0.0,0.0,0.0,0.0,0.0,0.0,12.026934,11.759193,0.5328855,11.566638,0.46029568,0.058167193,0,0,0,0,0,0,0,0,0,0,1,3,0,0,1,0,0,0
169789912,11.670573,4.2723064,15.0,13.31327,0.5337433,1.0713613,nan,nan,0.0,0.0,0.0,0.0,0.0,0.0,0.0,0.0,0.0,0.0,0.0,0.0,0.0,0.0,0.0,0.0,0.0,0.0,0.0,11.670573,11.760573,0.53365177,11.765895,-0.095321655,0.058167193,0,0,0,0,0,0,0,0,0,0,1,3,0,0,1,0,0,0
169989925,11.1847925,6.7536497,15.0,13.554334,0.5333633,1.0714236,nan,nan,0.0,0.0,0.0,0.0,0.0,0.0,0.0,0.0,0.0,0.0,0.0,0.0,0.0,0.0,0.0,0.0,0.0,0.0,0.0,11.1847925,11.75992,0.5332894,12.404911,-1.2201185,0.058167193,0,0,0,0,0,0,0,0,0,0,1,3,0,0,1,0,0,0
170199893,11.604951,6.1896253,15.0,13.8059225,0.5322284,1.0716097,nan,nan,0.0,0.0,0.0,0.0,0.0,0.0,0.0,0.0,0.0,0.0,0.0,0.0,0.0,0.0,0.0,0.0,0.0,0.0,0.0,11.604951,11.757904,0.5321688,12.013978,-0.4090271,0.058167193,0,0,0,0,0,0,0,0,0,0,1,3,0,0,1,0,0,0
170399893,11.8337145,1.4320375,15.0,14.0620365,0.5264239,1.0725628,nan,nan,0.0,0.0,0.0,0.0,0.0,0.0,0.0,0.0,0.0,0.0,0.0,0.0,0.0,0.0,0.0,0.0,0.0,0.0,0.0,11.8337145,11.747477,0.5263762,12.156578,-0.32286358,0.058167193,0,0,0,0,0,0,0,0,0,0,1,3,0,0,1,0,0,0
170599893,12.092554,1.120725,15.0,14.318,0.5195522,1.0736934,nan,nan,0.0,0.0,0.0,0.0,0.0,0.0,0.0,0.0,0.0,0.0,0.0,0.0,0.0,0.0,0.0,0.0,0.0,0.0,0.0,12.092554,11.735121,0.51951164,11.694944,0.3976097,0.058167193,0,0,0,0,0,0,0,0,0,0,1,3,0,0,1,0,0,0
170789893,11.64961,6.184131,15.0,14.562665,0.51065964,1.0751599,nan,nan,0.0,0.0,0.0,0.0,0.0,0.0,0.0,0.0,0.0,0.0,0.0,0.0,0.0,0.0,0.0,0.0,0.0,0.0,0.0,11.64961,11.719128,0.51062673,11.10771,0.5418997,0.058167193,0,0,0,0,0,0,0,0,0,0,1,3,0,0,1,0,0,0
170989892,11.475532,9.626882,15.0,14.810473,0.5196032,1.0736849,nan,nan,0.0,0.0,0.0,0.0,0.0,0.0,0.0,0.0,0.0,0.0,0.0,0.0,0.0,0.0,0.0,0.0,0.0,0.0,0.0,11.475532,11.735237,0.5195765,12.12714,-0.65160847,0.058167193,0,0,0,0,0,0,0,0,0,0,1,3,0,0,1,0,0,0
171189902,11.497405,8.733232,15.0,15.040255,0.5236868,1.0730128,nan,nan,0.0,0.0,0.0,0.0,0.0,0.0,0.0,0.0,0.0,0.0,0.0,0.0,0.0,0.0,0.0,0.0,0.0,0.0,0.0,11.497405,11.742598,0.52366537,11.563794,-0.066389084,0.058167193,0,0,0,0,0,0,0,0,0,0,1,3,0,0,1,0,0,0
171389893,12.05154,5.773931,15.0,15.273091,0.5270166,1.0724655,nan,nan,0.0,0.0,0.0,0.0,0.0,0.0,0.0,0.0,0.0,0.0,0.0,0.0,0.0,0.0,0.0,0.0,0.0,0.0,0.0,12.05154,11.7486,0.5269999,12.1850605,-0.13352013,0.058167193,0,0,0,0,0,0,0,0,0,0,1,3,0,0,1,0,0,0
171599893,11.656901,4.080025,15.0,15.542377,0.5201387,1.0735967,nan,nan,0.0,0.0,0.0,0.0,0.0,0.0,0.0,0.0,0.0,0.0,0.0,0.0,0.0,0.0,0.0,0.0,0.0,0.0,0.0,11.656901,11.736226,0.5201258,12.111699,-0.45479774,0.058167193,0,0,0,0,0,0,0,0,0,0,1,3,0,0,1,0,0,0
171799893,12.024199,1.4118938,15.0,15.797724,0.52318615,1.0730952,nan,nan,0.0,0.0,0.0,0.0,0.0,0.0,0.0,0.0,0.0,0.0,0.0,0.0,0.0,0.0,0.0,0.0,0.0,0.0,0.0,12.024199,11.741714,0.5231742,12.041463,-0.017264366,0.058167193,0,0,0,0,0,0,0,0,0,0,1,3,0,0,1,0,0,0
171999893,11.816398,1.2763811,15.0,16.075943,0.51232284,1.0748852,nan,nan,0.0,0.0,0.0,0.0,0.0,0.0,0.0,0.0,0.0,0.0,0.0,0.0,0.0,0.0,0.0,0.0,0.0,0.0,0.0,11.816398,11.722164,0.5123133,11.626854,0.18954372,0.058167193,0,0,0,0,0,0,0,0,0,0,1,3,0,0,1,0,0,0
172189892,11.562116,5.638419,15.0,16.328775,0.5080609,1.0755892,nan,nan,0.0,0.0,0.0,0.0,0.0,0.0,0.0,0.0,0.0,0.0,0.0,0.0,0.0,0.0,0.0,0.0,0.0,0.0,0.0,11.562116,11.714496,0.50805324,11.785095,-0.22297955,0.058167193,0,0,0,0,0,0,0,0,0,0,1,3,0,0,1,0,0,0
172389892,11.653256,6.6474376,15.0,16.57257,0.5038933,1.0762784,nan,nan,0.0,0.0,0.0,0.0,0.0,0.0,0.0,0.0,0.0,0.0,0.0,0.0,0.0,0.0,0.0,0.0,0.0,0.0,0.0,11.653256,11.706996,0.5038871,11.940659,-0.28740215,0.058167193,0,0,0,0,0,0,0,0,0,0,1,3,0,0,1,0,0,0
172590228,12.035136,2.8659062,15.0,16.820747,0.5013265,1.0767033,nan,nan,0.0,0.0,0.0,0.0,0.0,0.0,0.0,0.0,0.0,0.0,0.0,0.0,0.0,0.0,0.0,0.0,0.0,0.0,0.0,12.035136,11.702375,0.5013198,12.206649,-0.1715126,0.058167193,0,0,0,0,0,0,0,0,0,0,1,3,0,0,1,0,0,0
172790372,12.015996,0.75996876,15.0,17.086622,0.5013661,1.0766968,nan,nan,0.0,0.0,0.0,0.0,0.0,0.0,0.0,0.0,0.0,0.0,0.0,0.0,0.0,0.0,0.0,0.0,0.0,0.0,0.0,12.015996,11.702449,0.50136036,11.984087,0.03190899,0.058167193,0,0,0,0,0,0,0,0,0,0,1,3,0,0,1,0,0,0
172999893,12.062478,1.018175,15.0,17.368402,0.50173706,1.0766354,nan,nan,0.0,0.0,0.0,0.0,0.0,0.0,0.0,0.0,0.0,0.0,0.0,0.0,0.0,0.0,0.0,0.0,0.0,0.0,0.0,12.062478,11.70312,0.5017337,11.698464,0.36401367,0.058167193,0,0,0,0,0,0,0,0,0,0,1,3,0,0,1,0,0,0
173199893,11.697915,3.0581875,15.0,17.637718,0.49669024,1.0774717,nan,nan,0.0,0.0,0.0,0.0,0.0,0.0,0.0,0.0,0.0,0.0,0.0,0.0,0.0,0.0,0.0,0.0,0.0,0.0,0.0,11.697915,11.694036,0.4966869,11.343492,0.35442352,0.058167193,0,0,0,0,0,0,0,0,0,0,1,3,0,0,1,0,0,0
173399894,11.43543,6.980725,15.0,17.892277,0.49727866,1.0773742,nan,nan,0.0,0.0,0.0,0.0,0.0,0.0,0.0,0.0,0.0,0.0,0.0,0.0,0.0,0.0,0.0,0.0,0.0,0.0,0.0,11.43543,11.695094,0.49727485,10.846732,0.58869743,0.058167193,0,0,0,0,0,0,0,0,0,0,1,3,0,0,1,0,0,0
173589893,10.817495,8.943825,15.0,18.103619,0.49823472,1.0772156,nan,nan,0.0,0.0,0.0,0.0,0.0,0.0,0.0,0.0,0.0,0.0,0.0,0.0,0.0,0.0,0.0,0.0,0.0,0.0,0.0,10.817495,11.696816,0.49823186,11.347203,-0.5297079,0.058167193,0,0,0,0,0,0,0,0,0,0,1,3,0,0,1,0,0,0
173789905,11.30601,7.755344,15.0,18.342318,0.49973008,1.0769677,nan,nan,0.0,0.0,0.0,0.0,0.0,0.0,0.0,0.0,0.0,0.0,0.0,0.0,0.0,0.0,0.0,0.0,0.0,0.0,0.0,11.30601,11.69951,0.4997277,12.237883,-0.93187237,0.058167193,0,0,0,0,0,0,0,0,0,0,1,3,0,0,1,0,0,0
173989893,11.576697,2.9483125,15.0,18.594137,0.5003595,1.0768635,nan,nan,0.0,0.0,0.0,0.0,0.0,0.0,0.0,0.0,0.0,0.0,0.0,0.0,0.0,0.0,0.0,0.0,0.0,0.0,0.0,11.576697,11.700644,0.50035757,12.187835,-0.6111374,0.058167193,0,0,0,0,0,0,0,0,0,0,1,3,0,0,1,0,0,0
174189893,11.811841,0.974225,15.0,18.870481,0.4895682,1.0786542,nan,nan,0.0,0.0,0.0,0.0,0.0,0.0,0.0,0.0,0.0,0.0,0.0,0.0,0.0,0.0,0.0,0.0,0.0,0.0,0.0,11.811841,11.681218,0.48956582,11.735143,0.0766983,0.058167193,0,0,0,0,0,0,0,0,0,0,1,3,0,0,1,0,0,0
174399893,11.884753,0.8680125,15.0,19.14167,0.48759505,1.0789822,nan,nan,0.0,0.0,0.0,0.0,0.0,0.0,0.0,0.0,0.0,0.0,0.0,0.0,0.0,0.0,0.0,0.0,0.0,0.0,0.0,11.884753,11.677667,0.48759267,11.681857,0.20289612,0.058167193,0,0,0,0,0,0,0,0,0,0,1,3,0,0,1,0,0,0
174599893,11.722523,3.4830377,15.0,19.416264,0.48459956,1.0794808,nan,nan,0.0,0.0,0.0,0.0,0.0,0.0,0.0,0.0,0.0,0.0,0.0,0.0,0.0,0.0,0.0,0.0,0.0,0.0,0.0,11.722523,11.6722765,0.48459813,11.492316,0.23020649,0.058167193,0,0,0,0,0,0,0,0,0,0,1,3,0,0,1,0,0,0
174799893,11.6295595,7.0594687,15.0,19.676449,0.4826326,1.0798082,nan,nan,0.0,0.0,0.0,0.0,0.0,0.0,0.0,0.0,0.0,0.0,0.0,0.0,0.0,0.0,0.0,0.0,0.0,0.0,0.0,11.6295595,11.6687355,0.48263118,11.543752,0.0858078,0.058167193,0,0,0,0,0,0,0,0,0,0,1,3,0,0,1,0,0,0
174989893,11.690623,3.8053374,15.0,19.908201,0.48138902,1.0800154,nan,nan,0.0,0.0,0.0,0.0,0.0,0.0,0.0,0.0,0.0,0.0,0.0,0.0,0.0,0.0,0.0,0.0,0.0,0.0,0.0,11.690623,11.666499,0.48138854,12.252377,-0.5617533,0.058167193,0,0,0,0,0,0,0,0,0,0,1,3,0,0,1,0,0,0
175189893,12.038781,0.88815624,15.0,20.18251,0.49030396,1.0785319,nan,nan,0.0,0.0,0.0,0.0,0.0,0.0,0.0,0.0,0.0,0.0,0.0,0.0,0.0,0.0,0.0,0.0,0.0,0.0,0.0,12.038781,11.682547,0.49030396,11.964693,0.0740881,0.058167193,0,0,0,0,0,0,0,0,0,0,1,3,0,0,1,0,0,0
175389892,11.995945,2.0619876,15.0,20.463753,0.4855866,1.0793164,nan,nan,0.0,0.0,0.0,0.0,0.0,0.0,0.0,0.0,0.0,0.0,0.0,0.0,0.0,0.0,0.0,0.0,0.0,0.0,0.0,11.995945,11.674058,0.48558804,11.357315,0.6386299,0.058167193,0,0,0,0,0,0,0,0,0,0,1,3,0,0,1,0,0,0
175589892,11.428139,5.231881,15.0,20.730453,0.479979,1.0802504,nan,nan,0.0,0.0,0.0,0.0,0.0,0.0,0.0,0.0,0.0,0.0,0.0,0.0,0.0,0.0,0.0,0.0,0.0,0.0,0.0,11.428139,11.663966,0.4799814,11.036892,0.3912468,0.058167193,0,0,0,0,0,0,0,0,0,0,1,3,0,0,1,0,0,0
175799893,11.359783,7.630819,15.0,20.998907,0.47672126,1.0807937,nan,nan,0.0,0.0,0.0,0.0,0.0,0.0,0.0,0.0,0.0,0.0,0.0,0.0,0.0,0.0,0.0,0.0,0.0,0.0,0.0,11.359783,11.658102,0.47672364,10.661486,0.6982975,0.058167193,0,0,0,0,0,0,0,0,0,0,1,3,0,0,1,0,0,0
175999894,11.316035,9.819162,15.0,21.23786,0.48284003,1.0797737,nan,nan,0.0,0.0,0.0,0.0,0.0,0.0,0.0,0.0,0.0,0.0,0.0,0.0,0.0,0.0,0.0,0.0,0.0,0.0,0.0,11.316035,11.669117,0.4828429,11.252826,0.06320953,0.058167193,0,0,0,0,0,0,0,0,0,0,1,3,0,0,1,0,0,0
176200489,11.22854,10.077369,15.0,21.468916,0.4877896,1.0789499,nan,nan,0.0,0.0,0.0,0.0,0.0,0.0,0.0,0.0,0.0,0.0,0.0,0.0,0.0,0.0,0.0,0.0,0.0,0.0,0.0,11.22854,11.678026,0.48779246,12.106402,-0.877862,0.058167193,0,0,0,0,0,0,0,0,0,0,1,3,0,0,1,0,0,0
176389892,11.79817,2.2231376,15.0,21.689651,0.4870529,1.0790725,nan,nan,0.0,0.0,0.0,0.0,0.0,0.0,0.0,0.0,0.0,0.0,0.0,0.0,0.0,0.0,0.0,0.0,0.0,0.0,0.0,11.79817,11.6767,0.48705527,12.059251,-0.26108074,0.058167193,0,0,0,0,0,0,0,0,0,0,1,3,0,0,1,0,0,0
176589892,11.693358,0.45781252,15.0,21.954529,0.48027703,1.0802008,nan,nan,0.0,0.0,0.0,0.0,0.0,0.0,0.0,0.0,0.0,0.0,0.0,0.0,0.0,0.0,0.0,0.0,0.0,0.0,0.0,11.693358,11.664502,0.48027942,11.799194,-0.105835915,0.058167193,0,0,0,0,0,0,0,0,0,0,1,3,0,0,1,0,0,0
176789892,11.871994,2.5344498,15.0,22.232924,0.4757938,1.0809486,nan,nan,0.0,0.0,0.0,0.0,0.0,0.0,0.0,0.0,0.0,0.0,0.0,0.0,0.0,0.0,0.0,0.0,0.0,0.0,0.0,11.871994,11.656431,0.47579524,11.344108,0.5278864,0.058167193,0,0,0,0,0,0,0,0,0,0,1,3,0,0,1,0,0,0
176989892,11.401708,5.6292624,15.0,22.492643,0.4843516,1.0795219,nan,nan,0.0,0.0,0.0,0.0,0.0,0.0,0.0,0.0,0.0,0.0,0.0,0.0,0.0,0.0,0.0,0.0,0.0,0.0,0.0,11.401708,11.671833,0.4843516,11.96648,-0.5647726,0.058167193,0,0,0,0,0,0,0,0,0,0,1,3,0,0,1,0,0,0
177199893,11.495583,6.526575,15.0,22.756153,0.47730395,1.0806966,nan,nan,0.0,0.0,0.0,0.0,0.0,0.0,0.0,0.0,0.0,0.0,0.0,0.0,0.0,0.0,0.0,0.0,0.0,0.0,0.0,11.495583,11.659148,0.4773049,11.603852,-0.10826969,0.058167193,0,0,0,0,0,0,0,0,0,0,1,3,0,0,1,0,0,0
177400175,11.684244,5.231881,15.0,23.000837,0.48387524,1.0796013,nan,nan,0.0,0.0,0.0,0.0,0.0,0.0,0.0,0.0,0.0,0.0,0.0,0.0,0.0,0.0,0.0,0.0,0.0,0.0,0.0,11.684244,11.670977,0.4838762,12.179342,-0.4950981,0.058167193,0,0,0,0,0,0,0,0,0,0,1,3,0,0,1,0,0,0
177600423,12.011439,1.3423063,15.0,23.25779,0.4745836,1.0811505,nan,nan,0.0,0.0,0.0,0.0,0.0,0.0,0.0,0.0,0.0,0.0,0.0,0.0,0.0,0.0,0.0,0.0,0.0,0.0,0.0,12.011439,11.654251,0.47458407,12.0054,0.0060396194,0.058167193,0,0,0,0,0,0,0,0,0,0,1,3,0,0,1,0,0,0
177799893,11.865614,1.237925,15.0,23.528736,0.4702601,1.081873,nan,nan,0.0,0.0,0.0,0.0,0.0,0.0,0.0,0.0,0.0,0.0,0.0,0.0,0.0,0.0,0.0,0.0,0.0,0.0,0.0,11.865614,11.646468,0.4702606,11.487989,0.3776245,0.058167193,0,0,0,0,0,0,0,0,0,0,1,3,0,0,1,0,0,0
177989892,11.438164,5.6567316,15.0,23.778666,0.4661207,1.0825657,nan,nan,0.0,0.0,0.0,0.0,0.0,0.0,0.0,0.0,0.0,0.0,0.0,0.0,0.0,0.0,0.0,0.0,0.0,0.0,0.0,11.438164,11.639017,0.4661207,11.205893,0.2322712,0.058167193,0,0,0,0,0,0,0,0,0,0,1,3,0,0,1,0,0,0
178189892,11.992299,9.390651,15.0,24.020731,0.46642825,1.0825142,nan,nan,0.0,0.0,0.0,0.0,0.0,0.0,0.0,0.0,0.0,0.0,0.0,0.0,0.0,0.0,0.0,0.0,0.0,0.0,0.0,11.992299,11.639573,0.46642968,11.002421,0.9898777,0.058167193,0,0,0,0,0,0,0,0,0,0,1,3,0,0,1,0,0,0
178389893,11.2148695,9.44925,15.0,24.245543,0.4657626,1.0826255,nan,nan,0.0,0.0,0.0,0.0,0.0,0.0,0.0,0.0,0.0,0.0,0.0,0.0,0.0,0.0,0.0,0.0,0.0,0.0,0.0,11.2148695,11.638376,0.4657645,11.494591,-0.27972126,0.058167193,0,0,0,0,0,0,0,0,0,0,1,3,0,0,1,0,0,0
178589993,11.329707,5.164125,15.0,24.485025,0.4670858,1.082404,nan,nan,0.0,0.0,0.0,0.0,0.0,0.0,0.0,0.0,0.0,0.0,0.0,0.0,0.0,0.0,0.0,0.0,0.0,0.0,0.0,11.329707,11.640757,0.46708724,11.918196,-0.5884886,0.058167193,0,0,0,0,0,0,0,0,0,0,1,3,0,0,1,0,0,0
178799893,11.646876,3.5013502,15.0,24.74836,0.46963117,1.0819782,nan,nan,0.0,0.0,0.0,0.0,0.0,0.0,0.0,0.0,0.0,0.0,0.0,0.0,0.0,0.0,0.0,0.0,0.0,0.0,0.0,11.646876,11.645336,0.46963164,12.2571945,-0.6103182,0.058167193,0,0,0,0,0,0,0,0,0,0,1,3,0,0,1,0,0,0
178999893,11.959489,1.223275,15.0,25.011086,0.46828887,1.0822028,nan,nan,0.0,0.0,0.0,0.0,0.0,0.0,0.0,0.0,0.0,0.0,0.0,0.0,0.0,0.0,0.0,0.0,0.0,0.0,0.0,11.959489,11.64292,0.46828887,11.958448,0.0010404587,0.058167193,0,0,0,0,0,0,0,0,0,0,1,3,0,0,1,0,0,0
179189892,11.844652,3.860275,15.0,25.29753,0.46363255,1.0829824,nan,nan,0.0,0.0,0.0,0.0,0.0,0.0,0.0,0.0,0.0,0.0,0.0,0.0,0.0,0.0,0.0,0.0,0.0,0.0,0.0,11.844652,11.634538,0.46363255,11.287221,0.5574312,0.058167193,0,0,0,0,0,0,0,0,0,0,1,3,0,0,1,0,0,0
179389893,12.147239,6.916631,15.0,25.551418,0.46628615,1.0825379,nan,nan,0.0,0.0,0.0,0.0,0.0,0.0,0.0,0.0,0.0,0.0,0.0,0.0,0.0,0.0,0.0,0.0,0.0,0.0,0.0,12.147239,11.639314,0.46628568,11.547089,0.6001501,0.058167193,0,0,0,0,0,0,0,0,0,0,1,3,0,0,1,0,0,0
179589907,11.396239,6.0577745,15.0,25.794106,0.46701428,1.082416,nan,nan,0.0,0.0,0.0,0.0,0.0,0.0,0.0,0.0,0.0,0.0,0.0,0.0,0.0,0.0,0.0,0.0,0.0,0.0,0.0,11.396239,11.640624,0.4670138,12.165086,-0.7688465,0.058167193,0,0,0,0,0,0,0,0,0,0,1,3,0,0,1,0,0,0
179789893,11.841917,1.8202626,15.0,26.045755,0.46908614,1.0820694,nan,nan,0.0,0.0,0.0,0.0,0.0,0.0,0.0,0.0,0.0,0.0,0.0,0.0,0.0,0.0,0.0,0.0,0.0,0.0,0.0,11.841917,11.644353,0.4690852,12.169853,-0.32793617,0.058167193,0,0,0,0,0,0,0,0,0,0,1,3,0,0,1,0,0,0
179999893,11.982274,0.6317813,15.0,26.328793,0.46718308,1.0823878,nan,nan,0.0,0.0,0.0,0.0,0.0,0.0,0.0,0.0,0.0,0.0,0.0,0.0,0.0,0.0,0.0,0.0,0.0,0.0,0.0,11.982274,11.640931,0.46718404,11.748411,0.23386288,0.058167193,0,0,0,0,0,0,0,0,0,0,1,3,0,0,1,0,0,0
180199894,11.884753,2.0894563,15.0,26.597498,0.45938203,1.0836949,nan,nan,0.0,0.0,0.0,0.0,0.0,0.0,0.0,0.0,0.0,0.0,0.0,0.0,0.0,0.0,0.0,0.0,0.0,0.0,0.0,11.884753,11.626888,0.4593825,11.42952,0.45523357,0.058167193,0,0,0,0,0,0,0,0,0,0,1,3,0,0,1,0,0,0
180399893,11.316035,5.3893685,15.0,26.856304,0.45528218,1.0843832,nan,nan,0.0,0.0,0.0,0.0,0.0,0.0,0.0,0.0,0.0,0.0,0.0,0.0,0.0,0.0,0.0,0.0,0.0,0.0,0.0,11.316035,11.619509,0.45528314,11.085086,0.2309494,0.058167193,0,0,0,0,0,0,0,0,0,0,1,3,0,0,1,0,0,0
180589906,11.296896,9.269788,15.0,27.064857,0.4558544,1.0842872,nan,nan,0.0,0.0,0.0,0.0,0.0,0.0,0.0,0.0,0.0,0.0,0.0,0.0,0.0,0.0,0.0,0.0,0.0,0.0,0.0,11.296896,11.620539,0.45585534,11.25263,0.044265747,0.058167193,0,0,0,0,0,0,0,0,0,0,1,3,0,0,1,0,0,0
180789893,11.161097,7.89635,15.0,27.28464,0.45668313,1.084148,nan,nan,0.0,0.0,0.0,0.0,0.0,0.0,0.0,0.0,0.0,0.0,0.0,0.0,0.0,0.0,0.0,0.0,0.0,0.0,0.0,11.161097,11.622029,0.45668313,11.919577,-0.7584801,0.058167193,0,0,0,0,0,0,0,0,0,0,1,3,0,0,1,0,0,0
180990064,11.518368,3.9316938,15.0,27.522238,0.45965526,1.0836492,nan,nan,0.0,0.0,0.0,0.0,0.0,0.0,0.0,0.0,0.0,0.0,0.0,0.0,0.0,0.0,0.0,0.0,0.0,0.0,0.0,11.518368,11.62738,0.4596562,11.968713,-0.45034504,0.058167193,0,0,0,0,0,0,0,0,0,0,1,3,0,0,1,0,0,0
181189893,11.688801,1.12805,15.0,27.78895,0.45253608,1.0848447,nan,nan,0.0,0.0,0.0,0.0,0.0,0.0,0.0,0.0,0.0,0.0,0.0,0.0,0.0,0.0,0.0,0.0,0.0,0.0,0.0,11.688801,11.614565,0.45253655,11.767,-0.07819939,0.058167193,0,0,0,0,0,0,0,0,0,0,1,3,0,0,1,0,0,0
181399893,11.788144,0.6610812,15.0,28.053406,0.45025966,1.0852276,nan,nan,0.0,0.0,0.0,0.0,0.0,0.0,0.0,0.0,0.0,0.0,0.0,0.0,0.0,0.0,0.0,0.0,0.0,0.0,0.0,11.788144,11.610468,0.45026013,11.818268,-0.03012371,0.058167193,0,0,0,0,0,0,0,0,0,0,1,3,0,0,1,0,0,0
181599894,11.898425,2.4886687,15.0,28.333511,0.4580731,1.0839146,nan,nan,0.0,0.0,0.0,0.0,0.0,0.0,0.0,0.0,0.0,0.0,0.0,0.0,0.0,0.0,0.0,0.0,0.0,0.0,0.0,11.898425,11.624533,0.45807406,11.404828,0.49359703,0.058167193,0,0,0,0,0,0,0,0,0,0,1,3,0,0,1,0,0,0
181799893,11.476442,6.3837376,15.0,28.596916,0.454473,1.0845193,nan,nan,0.0,0.0,0.0,0.0,0.0,0.0,0.0,0.0,0.0,0.0,0.0,0.0,0.0,0.0,0.0,0.0,0.0,0.0,0.0,11.476442,11.618053,0.45447442,11.266921,0.2095213,0.058167193,0,0,0,0,0,0,0,0,0,0,1,3,0,0,1,0,0,0
181990113,11.892044,3.8492875,15.0,28.824362,0.46034905,1.0835328,nan,nan,0.0,0.0,0.0,0.0,0.0,0.0,0.0,0.0,0.0,0.0,0.0,0.0,0.0,0.0,0.0,0.0,0.0,0.0,0.0,11.892044,11.628632,0.46035096,12.119237,-0.22719288,0.058167193,0,0,0,0,0,0,0,0,0,0,1,3,0,0,1,0,0,0
182189892,11.783587,0.769125,15.0,29.096544,0.4615564,1.0833303,nan,nan,0.0,0.0,0.0,0.0,0.0,0.0,0.0,0.0,0.0,0.0,0.0,0.0,0.0,0.0,0.0,0.0,0.0,0.0,0.0,11.783587,11.630806,0.4615588,11.896333,-0.112745285,0.058167193,0,0,0,0,0,0,0,0,0,0,1,3,0,0,1,0,0,0
182390031,11.805461,2.2652562,15.0,29.38147,0.44874427,1.0854826,nan,nan,0.0,0.0,0.0,0.0,0.0,0.0,0.0,0.0,0.0,0.0,0.0,0.0,0.0,0.0,0.0,0.0,0.0,0.0,0.0,11.805461,11.607744,0.44874713,11.157409,0.6480522,0.058167193,0,0,0,0,0,0,0,0,0,0,1,3,0,0,1,0,0,0
182589897,11.28049,5.5779877,15.0,29.648401,0.44617078,1.085916,nan,nan,0.0,0.0,0.0,0.0,0.0,0.0,0.0,0.0,0.0,0.0,0.0,0.0,0.0,0.0,0.0,0.0,0.0,0.0,0.0,11.28049,11.60311,0.44617268,11.029005,0.25148487,0.058167193,0,0,0,0,0,0,0,0,0,0,1,3,0,0,1,0,0,0
182799894,11.264997,8.081306,15.0,29.916632,0.44184634,1.086645,nan,nan,0.0,0.0,0.0,0.0,0.0,0.0,0.0,0.0,0.0,0.0,0.0,0.0,0.0,0.0,0.0,0.0,0.0,0.0,0.0,11.264997,11.595325,0.44184777,10.909573,0.35542393,0.058167193,0,0,0,0,0,0,0,0,0,0,1,3,0,0,1,0,0,0
182999893,11.123729,10.196401,15.0,30.15667,0.44201085,1.0866172,nan,nan,0.0,0.0,0.0,0.0,0.0,0.0,0.0,0.0,0.0,0.0,0.0,0.0,0.0,0.0,0.0,0.0,0.0,0.0,0.0,11.123729,11.595619,0.44201085,11.427918,-0.30418968,0.058167193,0,0,0,0,0,0,0,0,0,0,1,3,0,0,1,0,0,0
183199893,11.285047,6.722519,15.0,30.3981,0.44367072,1.0863373,nan,nan,0.0,0.0,0.0,0.0,0.0,0.0,0.0,0.0,0.0,0.0,0.0,0.0,0.0,0.0,0.0,0.0,0.0,0.0,0.0,11.285047,11.598608,0.4436712,12.074005,-0.78895855,0.058167193,0,0,0,0,0,0,0,0,0,0,1,3,0,0,1,0,0,0
183389892,11.765359,0.78377503,15.0,30.618769,0.4411454,1.0867633,nan,nan,0.0,0.0,0.0,0.0,0.0,0.0,0.0,0.0,0.0,0.0,0.0,0.0,0.0,0.0,0.0,0.0,0.0,0.0,0.0,11.765359,11.594063,0.44114634,11.752787,0.0125722885,0.058167193,0,0,0,0,0,0,0,0,0,0,1,3,0,0,1,0,0,0
183589892,11.788144,3.3273814,15.0,30.87825,0.43856522,1.0871987,nan,nan,0.0,0.0,0.0,0.0,0.0,0.0,0.0,0.0,0.0,0.0,0.0,0.0,0.0,0.0,0.0,0.0,0.0,0.0,0.0,11.788144,11.5894165,0.43856522,11.277679,0.51046467,0.058167193,0,0,0,0,0,0,0,0,0,0,1,3,0,0,1,0,0,0
183789895,11.098208,7.6582875,15.0,31.142187,0.43710324,1.0874456,nan,nan,0.0,0.0,0.0,0.0,0.0,0.0,0.0,0.0,0.0,0.0,0.0,0.0,0.0,0.0,0.0,0.0,0.0,0.0,0.0,11.098208,11.586784,0.43710276,12.2234745,-1.1252661,0.058167193,0,0,0,0,0,0,0,0,0,0,1,3,0,0,1,0,0,0
183989892,11.563026,4.6770124,15.0,31.384733,0.4353914,1.0877349,nan,nan,0.0,0.0,0.0,0.0,0.0,0.0,0.0,0.0,0.0,0.0,0.0,0.0,0.0,0.0,0.0,0.0,0.0,0.0,0.0,11.563026,11.5837,0.4353895,12.166245,-0.60321903,0.058167193,0,0,0,0,0,0,0,0,0,0,1,3,0,0,1,0,0,0
184199893,11.915741,2.2615938,15.0,31.657291,0.43498656,1.0878034,nan,nan,0.0,0.0,0.0,0.0,0.0,0.0,0.0,0.0,0.0,0.0,0.0,0.0,0.0,0.0,0.0,0.0,0.0,0.0,0.0,11.915741,11.58297,0.43498322,12.02423,-0.10848904,0.058167193,0,0,0,0,0,0,0,0,0,0,1,3,0,0,1,0,0,0
184400215,11.995034,1.0932562,15.0,31.915329,0.42585227,1.0893496,nan,nan,0.0,0.0,0.0,0.0,0.0,0.0,0.0,0.0,0.0,0.0,0.0,0.0,0.0,0.0,0.0,0.0,0.0,0.0,0.0,11.995034,11.566527,0.42584845,11.524586,0.4704485,0.058167193,0,0,0,0,0,0,0,0,0,0,1,3,0,0,1,0,0,0
184599893,11.398063,4.050725,15.0,32.178017,0.43079326,1.0885127,nan,nan,0.0,0.0,0.0,0.0,0.0,0.0,0.0,0.0,0.0,0.0,0.0,0.0,0.0,0.0,0.0,0.0,0.0,0.0,0.0,11.398063,11.575423,0.43079087,11.337461,0.060601234,0.058167193,0,0,0,0,0,0,0,0,0,0,1,3,0,0,1,0,0,0
184789963,11.438164,9.183719,15.0,32.39057,0.43831536,1.0872409,nan,nan,0.0,0.0,0.0,0.0,0.0,0.0,0.0,0.0,0.0,0.0,0.0,0.0,0.0,0.0,0.0,0.0,0.0,0.0,0.0,11.438164,11.588965,0.4383144,12.429067,-0.9909029,0.058167193,0,0,0,0,0,0,0,0,0,0,1,3,0,0,1,0,0,0
184989893,11.392593,7.596025,15.0,32.59759,0.4396467,1.0870161,nan,nan,0.0,0.0,0.0,0.0,0.0,0.0,0.0,0.0,0.0,0.0,0.0,0.0,0.0,0.0,0.0,0.0,0.0,0.0,0.0,11.392593,11.591364,0.4396467,11.561496,-0.1689024,0.058167193,0,0,0,0,0,0,0,0,0,0,1,3,0,0,1,0,0,0
185189893,11.699738,3.385981,15.0,32.80845,0.44299647,1.0864509,nan,nan,0.0,0.0,0.0,0.0,0.0,0.0,0.0,0.0,0.0,0.0,0.0,0.0,0.0,0.0,0.0,0.0,0.0,0.0,0.0,11.699738,11.597393,0.44299647,12.014468,-0.31473064,0.058167193,0,0,0,0,0,0,0,0,0,0,1,3,0,0,1,0,0,0
185389905,11.642319,0.56951874,15.0,33.05727,0.4383926,1.0872278,nan,nan,0.0,0.0,0.0,0.0,0.0,0.0,0.0,0.0,0.0,0.0,0.0,0.0,0.0,0.0,0.0,0.0,0.0,0.0,0.0,11.642319,11.589107,0.4383926,11.728556,-0.086236954,0.058167193,0,0,0,0,0,0,0,0,0,0,1,3,0,0,1,0,0,0
185599893,11.777207,1.1372063,15.0,33.30438,0.4339876,1.0879723,nan,nan,0.0,0.0,0.0,0.0,0.0,0.0,0.0,0.0,0.0,0.0,0.0,0.0,0.0,0.0,0.0,0.0,0.0,0.0,0.0,11.777207,11.581178,0.43398806,11.494877,0.2823305,0.058167193,0,0,0,0,0,0,0,0,0,0,1,3,0,0,1,0,0,0
185799893,11.645965,5.497412,15.0,33.555172,0.4341378,1.0879469,nan,nan,0.0,0.0,0.0,0.0,0.0,0.0,0.0,0.0,0.0,0.0,0.0,0.0,0.0,0.0,0.0,0.0,0.0,0.0,0.0,11.645965,11.581448,0.4341378,11.204356,0.44160843,0.058167193,0,0,0,0,0,0,0,0,0,0,1,3,0,0,1,0,0,0
185999900,11.57123,4.5964375,15.0,33.777664,0.43335626,1.088079,nan,nan,0.0,0.0,0.0,0.0,0.0,0.0,0.0,0.0,0.0,0.0,0.0,0.0,0.0,0.0,0.0,0.0,0.0,0.0,0.0,11.57123,11.58004,0.43335578,12.078351,-0.5071211,0.058167193,0,0,0,0,0,0,0,0,0,0,1,3,0,0,1,0,0,0
186189892,12.040605,0.11903125,15.0,33.88339,0.45687577,1.0841156,nan,nan,0.0,0.0,0.0,0.0,0.0,0.0,0.0,0.0,0.0,0.0,0.0,0.0,0.0,0.0,0.0,0.0,0.0,0.0,0.0,12.040605,11.616698,0.4537215,12.120216,-0.07961178,0.0581511,0,0,0,0,0,0,0,0,0,0,1,3,0,0,1,0,0,0
186389891,12.108048,0.0,15.0,33.88339,0.5020389,1.0765854,nan,nan,0.0,0.0,0.0,0.0,0.0,0.0,0.0,0.0,0.0,0.0,0.0,0.0,0.0,0.0,0.0,0.0,0.0,0.0,0.0,12.108048,11.616698,0.4537215,12.120216,-0.07961178,0.0581511,0,0,0,0,0,0,0,0,0,0,1,3,0,0,1,0,0,0
186589893,12.170024,0.02014375,15.0,33.883446,0.54068035,1.0702251,nan,nan,0.0,0.0,0.0,0.0,0.0,0.0,0.0,0.0,0.0,0.0,0.0,0.0,0.0,0.0,0.0,0.0,0.0,0.0,0.0,12.170024,11.622177,0.45676515,12.0983305,0.07169342,0.0580485,0,0,0,0,0,0,0,0,0,0,1,3,0,0,1,0,0,0
186789893,12.110783,0.0,15.0,33.883446,0.5722665,1.0650816,nan,nan,0.0,0.0,0.0,0.0,0.0,0.0,0.0,0.0,0.0,0.0,0.0,0.0,0.0,0.0,0.0,0.0,0.0,0.0,0.0,12.110783,11.622177,0.45676515,12.0983305,0.07169342,0.0580485,0,0,0,0,0,0,0,0,0,0,1,3,0,0,1,0,0,0
186999892,12.084352,0.0,15.0,33.883446,0.599852,1.0606298,nan,nan,0.0,0.0,0.0,0.0,0.0,0.0,0.0,0.0,0.0,0.0,0.0,0.0,0.0,0.0,0.0,0.0,0.0,0.0,0.0,12.084352,11.622177,0.45676515,12.0983305,0.07169342,0.0580485,0,0,0,0,0,0,0,0,0,0,1,3,0,0,1,0,0,0
187199892,11.931235,0.0,15.0,33.883446,0.62028164,1.0573568,nan,nan,0.0,0.0,0.0,0.0,0.0,0.0,0.0,0.0,0.0,0.0,0.0,0.0,0.0,0.0,0.0,0.0,0.0,0.0,0.0,11.931235,11.622177,0.45676515,12.0983305,0.07169342,0.0580485,0,0,0,0,0,0,0,0,0,0,1,3,0,0,1,0,0,0
187399958,12.138124,0.0,15.0,33.883446,0.6326217,1.0553896,nan,nan,0.0,0.0,0.0,0.0,0.0,0.0,0.0,0.0,0.0,0.0,0.0,0.0,0.0,0.0,0.0,0.0,0.0,0.0,0.0,12.138124,11.622177,0.45676515,12.0983305,0.07169342,0.0580485,0,0,0,0,0,0,0,0,0,0,1,3,0,0,1,0,0,0
187599893,12.101668,0.0,15.0,33.883446,0.6299271,1.0558186,nan,nan,0.0,0.0,0.0,0.0,0.0,0.0,0.0,0.0,0.0,0.0,0.0,0.0,0.0,0.0,0.0,0.0,0.0,0.0,0.0,12.101668,11.622177,0.45676515,12.0983305,0.07169342,0.0580485,0,0,0,0,0,0,0,0,0,0,1,3,0,0,1,0,0,0
187790497,12.110783,0.0,15.0,33.883446,0.6307115,1.0556936,nan,nan,0.0,0.0,0.0,0.0,0.0,0.0,0.0,0.0,0.0,0.0,0.0,0.0,0.0,0.0,0.0,0.0,0.0,0.0,0.0,12.110783,11.622177,0.45676515,12.0983305,0.07169342,0.0580485,0,0,0,0,0,0,0,0,0,0,1,3,0,0,1,0,0,0
187989891,12.109871,0.0,15.0,33.883446,0.64345783,1.0536681,nan,nan,0.0,0.0,0.0,0.0,0.0,0.0,0.0,0.0,0.0,0.0,0.0,0.0,0.0,0.0,0.0,0.0,0.0,0.0,0.0,12.109871,11.622177,0.45676515,12.0983305,0.07169342,0.0580485,0,0,0,0,0,0,0,0,0,0,1,3,0,0,1,0,0,0
188189891,12.1044035,0.0,15.0,33.883446,0.65711683,1.0515062,nan,nan,0.0,0.0,0.0,0.0,0.0,0.0,0.0,0.0,0.0,0.0,0.0,0.0,0.0,0.0,0.0,0.0,0.0,0.0,0.0,12.1044035,11.622177,0.45676515,12.0983305,0.07169342,0.0580485,0,0,0,0,0,0,0,0,0,0,1,3,0,0,1,0,0,0
188389891,12.103492,0.0,15.0,33.883446,0.66923565,1.0495956,nan,nan,0.0,0.0,0.0,0.0,0.0,0.0,0.0,0.0,0.0,0.0,0.0,0.0,0.0,0.0,0.0,0.0,0.0,0.0,0.0,12.103492,11.622177,0.45676515,12.0983305,0.07169342,0.0580485,0,0,0,0,0,0,0,0,0,0,1,3,0,0,1,0,0,0
188599892,12.05701,0.0,15.0,33.88345,0.679501,1.0479825,nan,nan,0.0,0.0,0.0,0.0,0.0,0.0,0.0,0.0,0.0,0.0,0.0,0.0,0.0,0.0,0.0,0.0,0.0,0.0,0.0,12.05701,11.62724,0.459578,12.098992,0.034575462,0.05795778,0,0,0,0,0,0,0,0,0,0,1,3,0,0,1,0,0,0
188799893,12.130834,0.0,15.0,33.88345,0.6881413,1.0466286,nan,nan,0.0,0.0,0.0,0.0,0.0,0.0,0.0,0.0,0.0,0.0,0.0,0.0,0.0,0.0,0.0,0.0,0.0,0.0,0.0,12.130834,11.62724,0.459578,12.098992,0.034575462,0.05795778,0,0,0,0,0,0,0,0,0,0,1,3,0,0,1,0,0,0
188989891,12.139036,0.0,15.0,33.88345,0.6949305,1.0455672,nan,nan,0.0,0.0,0.0,0.0,0.0,0.0,0.0,0.0,0.0,0.0,0.0,0.0,0.0,0.0,0.0,0.0,0.0,0.0,0.0,12.139036,11.62724,0.459578,12.098992,0.034575462,0.05795778,0,0,0,0,0,0,0,0,0,0,1,3,0,0,1,0,0,0
189189892,12.115339,0.0,15.0,33.88345,0.70289224,1.0443254,nan,nan,0.0,0.0,0.0,0.0,0.0,0.0,0.0,0.0,0.0,0.0,0.0,0.0,0.0,0.0,0.0,0.0,0.0,0.0,0.0,12.115339,11.62724,0.459578,12.098992,0.034575462,0.05795778,0,0,0,0,0,0,0,0,0,0,1,3,0,0,1,0,0,0
189389891,12.105313,0.0,15.0,33.88345,0.7089395,1.043384,nan,nan,0.0,0.0,0.0,0.0,0.0,0.0,0.0,0.0,0.0,0.0,0.0,0.0,0.0,0.0,0.0,0.0,0.0,0.0,0.0,12.105313,11.62724,0.459578,12.098992,0.034575462,0.05795778,0,0,0,0,0,0,0,0,0,0,1,3,0,0,1,0,0,0
189589892,12.053364,0.0,15.0,33.88345,0.7144255,1.0425315,nan,nan,0.0,0.0,0.0,0.0,0.0,0.0,0.0,0.0,0.0,0.0,0.0,0.0,0.0,0.0,0.0,0.0,0.0,0.0,0.0,12.053364,11.62724,0.459578,12.098992,0.034575462,0.05795778,0,0,0,0,0,0,0,0,0,0,1,3,0,0,1,0,0,0
189799892,12.12901,0.0,15.0,33.883484,0.71926206,1.0417811,nan,nan,0.0,0.0,0.0,0.0,0.0,0.0,0.0,0.0,0.0,0.0,0.0,0.0,0.0,0.0,0.0,0.0,0.0,0.0,0.0,12.12901,11.632244,0.46235797,12.102832,0.029824257,0.0579152,0,0,0,0,0,0,0,0,0,0,1,3,0,0,1,0,0,0
190000027,12.136302,0.0,15.0,33.883484,0.7231588,1.0411773,nan,nan,0.0,0.0,0.0,0.0,0.0,0.0,0.0,0.0,0.0,0.0,0.0,0.0,0.0,0.0,0.0,0.0,0.0,0.0,0.0,12.136302,11.632244,0.46235797,12.102832,0.029824257,0.0579152,0,0,0,0,0,0,0,0,0,0,1,3,0,0,1,0,0,0
190199893,12.077971,0.0,15.0,33.883526,0.72595686,1.0407441,nan,nan,0.0,0.0,0.0,0.0,0.0,0.0,0.0,0.0,0.0,0.0,0.0,0.0,0.0,0.0,0.0,0.0,0.0,0.0,0.0,12.077971,11.637217,0.46512076,12.1047735,0.029706001,0.057910137,0,0,0,0,0,0,0,0,0,0,1,3,0,0,1,0,0,0
190389898,12.147239,0.0,15.0,33.883526,0.7300543,1.0401105,nan,nan,0.0,0.0,0.0,0.0,0.0,0.0,0.0,0.0,0.0,0.0,0.0,0.0,0.0,0.0,0.0,0.0,0.0,0.0,0.0,12.147239,11.637217,0.46512076,12.1047735,0.029706001,0.057910137,0,0,0,0,0,0,0,0,0,0,1,3,0,0,1,0,0,0
190589891,12.149062,0.0,15.0,33.883854,0.7337088,1.039546,nan,nan,0.0,0.0,0.0,0.0,0.0,0.0,0.0,0.0,0.0,0.0,0.0,0.0,0.0,0.0,0.0,0.0,0.0,0.0,0.0,12.149062,11.642113,0.46784064,12.124849,0.006896019,0.057910137,0,0,0,0,0,0,0,0,0,0,1,3,0,0,1,0,0,0
190789890,12.132656,0.0,15.0,33.8839,0.73680395,1.0390683,nan,nan,0.0,0.0,0.0,0.0,0.0,0.0,0.0,0.0,0.0,0.0,0.0,0.0,0.0,0.0,0.0,0.0,0.0,0.0,0.0,12.132656,11.647646,0.47091433,12.113597,0.08741474,0.057910137,0,0,0,0,0,0,0,0,0,0,1,3,0,0,1,0,0,0
190989891,12.123542,0.0,15.0,33.8839,0.73945135,1.0386602,nan,nan,0.0,0.0,0.0,0.0,0.0,0.0,0.0,0.0,0.0,0.0,0.0,0.0,0.0,0.0,0.0,0.0,0.0,0.0,0.0,12.123542,11.647646,0.47091433,12.113597,0.08741474,0.057910137,0,0,0,0,0,0,0,0,0,0,1,3,0,0,1,0,0,0
191200425,12.190075,0.0,15.0,33.883976,0.74136204,1.0383658,nan,nan,0.0,0.0,0.0,0.0,0.0,0.0,0.0,0.0,0.0,0.0,0.0,0.0,0.0,0.0,0.0,0.0,0.0,0.0,0.0,12.190075,11.657249,0.47625014,12.112545,0.043807983,0.057910137,0,0,0,0,0,0,0,0,0,0,1,3,0,0,1,0,0,0
191399891,12.16729,0.0,15.0,33.883976,0.7427034,1.0381593,nan,nan,0.0,0.0,0.0,0.0,0.0,0.0,0.0,0.0,0.0,0.0,0.0,0.0,0.0,0.0,0.0,0.0,0.0,0.0,0.0,12.16729,11.657249,0.47625014,12.112545,0.043807983,0.057910137,0,0,0,0,0,0,0,0,0,0,1,3,0,0,1,0,0,0
191599894,12.175492,0.0,15.0,33.88414,0.7451162,1.0377879,nan,nan,0.0,0.0,0.0,0.0,0.0,0.0,0.0,0.0,0.0,0.0,0.0,0.0,0.0,0.0,0.0,0.0,0.0,0.0,0.0,12.175492,11.662028,0.4789047,12.164779,-0.024830818,0.057910137,0,0,0,0,0,0,0,0,0,0,1,3,0,0,1,0,0,0
191789891,12.139948,0.0,15.0,33.88415,0.7455897,1.0377151,nan,nan,0.0,0.0,0.0,0.0,0.0,0.0,0.0,0.0,0.0,0.0,0.0,0.0,0.0,0.0,0.0,0.0,0.0,0.0,0.0,12.139948,11.666949,0.4816384,12.130226,0.028861046,0.057910137,0,0,0,0,0,0,0,0,0,0,1,3,0,0,1,0,0,0
191989907,12.166378,0.0,15.0,33.88415,0.7476372,1.0374002,nan,nan,0.0,0.0,0.0,0.0,0.0,0.0,0.0,0.0,0.0,0.0,0.0,0.0,0.0,0.0,0.0,0.0,0.0,0.0,0.0,12.166378,11.666949,0.4816384,12.130226,0.028861046,0.057910137,0,0,0,0,0,0,0,0,0,0,1,3,0,0,1,0,0,0
192190523,12.172759,0.0,15.0,33.884254,0.74863046,1.0372475,nan,nan,0.0,0.0,0.0,0.0,0.0,0.0,0.0,0.0,0.0,0.0,0.0,0.0,0.0,0.0,0.0,0.0,0.0,0.0,0.0,12.172759,11.671704,0.48428008,12.16492,-0.017681122,0.057910137,0,0,0,0,0,0,0,0,0,0,1,3,0,0,1,0,0,0
192390173,12.165466,0.0,15.0,33.884254,0.7390999,1.0387143,nan,nan,0.0,0.0,0.0,0.0,0.0,0.0,0.0,0.0,0.0,0.0,0.0,0.0,0.0,0.0,0.0,0.0,0.0,0.0,0.0,12.165466,11.671704,0.48428008,12.16492,-0.017681122,0.057910137,0,0,0,0,0,0,0,0,0,0,1,3,0,0,1,0,0,0
192600103,12.157265,0.0,15.0,33.884304,0.74246734,1.0381956,nan,nan,0.0,0.0,0.0,0.0,0.0,0.0,0.0,0.0,0.0,0.0,0.0,0.0,0.0,0.0,0.0,0.0,0.0,0.0,0.0,12.157265,11.676521,0.48695657,12.143998,0.014177322,0.057910137,0,0,0,0,0,0,0,0,0,0,1,3,0,0,1,0,0,0
192799892,12.168201,0.0,15.0,33.884304,0.7455372,1.0377231,nan,nan,0.0,0.0,0.0,0.0,0.0,0.0,0.0,0.0,0.0,0.0,0.0,0.0,0.0,0.0,0.0,0.0,0.0,0.0,0.0,12.168201,11.676521,0.48695657,12.143998,0.014177322,0.057910137,0,0,0,0,0,0,0,0,0,0,1,3,0,0,1,0,0,0
192999893,12.147239,0.0,15.0,33.884304,0.74815744,1.0373201,nan,nan,0.0,0.0,0.0,0.0,0.0,0.0,0.0,0.0,0.0,0.0,0.0,0.0,0.0,0.0,0.0,0.0,0.0,0.0,0.0,12.147239,11.676521,0.48695657,12.143998,0.014177322,0.057910137,0,0,0,0,0,0,0,0,0,0,1,3,0,0,1,0,0,0
193189891,12.143593,0.0,15.0,33.884304,0.74950165,1.0371137,nan,nan,0.0,0.0,0.0,0.0,0.0,0.0,0.0,0.0,0.0,0.0,0.0,0.0,0.0,0.0,0.0,0.0,0.0,0.0,0.0,12.143593,11.676521,0.48695657,12.143998,0.014177322,0.057910137,0,0,0,0,0,0,0,0,0,0,1,3,0,0,1,0,0,0
193389893,12.16729,0.0,15.0,33.884304,0.751172,1.036857,nan,nan,0.0,0.0,0.0,0.0,0.0,0.0,0.0,0.0,0.0,0.0,0.0,0.0,0.0,0.0,0.0,0.0,0.0,0.0,0.0,12.16729,11.676521,0.48695657,12.143998,0.014177322,0.057910137,0,0,0,0,0,0,0,0,0,0,1,3,0,0,1,0,0,0
193590016,12.132656,0.0,15.0,33.88444,0.75207657,1.0367181,nan,nan,0.0,0.0,0.0,0.0,0.0,0.0,0.0,0.0,0.0,0.0,0.0,0.0,0.0,0.0,0.0,0.0,0.0,0.0,0.0,12.132656,11.681065,0.48948047,12.163685,-0.028294563,0.057910137,0,0,0,0,0,0,0,0,0,0,1,3,0,0,1,0,0,0
193789890,12.169112,0.0,15.0,33.88444,0.7538375,1.0364478,nan,nan,0.0,0.0,0.0,0.0,0.0,0.0,0.0,0.0,0.0,0.0,0.0,0.0,0.0,0.0,0.0,0.0,0.0,0.0,0.0,12.169112,11.681065,0.48948047,12.163685,-0.028294563,0.057910137,0,0,0,0,0,0,0,0,0,0,1,3,0,0,1,0,0,0
193999892,12.166378,0.0,15.0,33.88444,0.7556042,1.0361767,nan,nan,0.0,0.0,0.0,0.0,0.0,0.0,0.0,0.0,0.0,0.0,0.0,0.0,0.0,0.0,0.0,0.0,0.0,0.0,0.0,12.166378,11.681065,0.48948047,12.163685,-0.028294563,0.057910137,0,0,0,0,0,0,0,0,0,0,1,3,0,0,1,0,0,0
194199892,12.180961,0.0,15.0,33.884487,0.75679296,1.0359944,nan,nan,0.0,0.0,0.0,0.0,0.0,0.0,0.0,0.0,0.0,0.0,0.0,0.0,0.0,0.0,0.0,0.0,0.0,0.0,0.0,12.180961,11.685978,0.49220988,12.129557,0.047759056,0.057910137,0,0,0,0,0,0,0,0,0,0,1,3,0,0,1,0,0,0
194399893,12.157265,0.0,15.0,33.884487,0.75784916,1.0358325,nan,nan,0.0,0.0,0.0,0.0,0.0,0.0,0.0,0.0,0.0,0.0,0.0,0.0,0.0,0.0,0.0,0.0,0.0,0.0,0.0,12.157265,11.685978,0.49220988,12.129557,0.047759056,0.057910137,0,0,0,0,0,0,0,0,0,0,1,3,0,0,1,0,0,0
194589897,12.24476,0.0,15.0,33.88449,0.75801367,1.0358073,nan,nan,0.0,0.0,0.0,0.0,0.0,0.0,0.0,0.0,0.0,0.0,0.0,0.0,0.0,0.0,0.0,0.0,0.0,0.0,0.0,12.24476,11.690094,0.4944968,12.174724,-0.07305527,0.057910137,0,0,0,0,0,0,0,0,0,0,1,3,0,0,1,0,0,0
194789891,12.215594,0.0,15.0,33.88449,0.7599172,1.0355157,nan,nan,0.0,0.0,0.0,0.0,0.0,0.0,0.0,0.0,0.0,0.0,0.0,0.0,0.0,0.0,0.0,0.0,0.0,0.0,0.0,12.215594,11.690094,0.4944968,12.174724,-0.07305527,0.057910137,0,0,0,0,0,0,0,0,0,0,1,3,0,0,1,0,0,0
194989890,12.182783,0.0,15.0,33.88449,0.7602081,1.0354711,nan,nan,0.0,0.0,0.0,0.0,0.0,0.0,0.0,0.0,0.0,0.0,0.0,0.0,0.0,0.0,0.0,0.0,0.0,0.0,0.0,12.182783,11.690094,0.4944968,12.174724,-0.07305527,0.057910137,0,0,0,0,0,0,0,0,0,0,1,3,0,0,1,0,0,0
195189891,12.161821,0.0,15.0,33.88449,0.76102823,1.0353454,nan,nan,0.0,0.0,0.0,0.0,0.0,0.0,0.0,0.0,0.0,0.0,0.0,0.0,0.0,0.0,0.0,0.0,0.0,0.0,0.0,12.161821,11.690094,0.4944968,12.174724,-0.07305527,0.057910137,0,0,0,0,0,0,0,0,0,0,1,3,0,0,1,0,0,0
195399891,12.169112,0.0,15.0,33.88449,0.7612142,1.035317,nan,nan,0.0,0.0,0.0,0.0,0.0,0.0,0.0,0.0,0.0,0.0,0.0,0.0,0.0,0.0,0.0,0.0,0.0,0.0,0.0,12.169112,11.690094,0.4944968,12.174724,-0.07305527,0.057910137,0,0,0,0,0,0,0,0,0,0,1,3,0,0,1,0,0,0
195599892,12.178226,0.0,15.0,33.88449,0.76233095,1.035146,nan,nan,0.0,0.0,0.0,0.0,0.0,0.0,0.0,0.0,0.0,0.0,0.0,0.0,0.0,0.0,0.0,0.0,0.0,0.0,0.0,12.178226,11.690094,0.4944968,12.174724,-0.07305527,0.057910137,0,0,0,0,0,0,0,0,0,0,1,3,0,0,1,0,0,0
195800017,12.192809,0.0,15.0,33.884544,0.76294655,1.0350518,nan,nan,0.0,0.0,0.0,0.0,0.0,0.0,0.0,0.0,0.0,0.0,0.0,0.0,0.0,0.0,0.0,0.0,0.0,0.0,0.0,12.192809,11.695053,0.49725196,12.104585,0.08640194,0.057910137,0,0,0,0,0,0,0,0,0,0,1,3,0,0,1,0,0,0
195999950,12.191897,0.0,15.0,33.884544,0.7638106,1.0349196,nan,nan,0.0,0.0,0.0,0.0,0.0,0.0,0.0,0.0,0.0,0.0,0.0,0.0,0.0,0.0,0.0,0.0,0.0,0.0,0.0,12.191897,11.695053,0.49725196,12.104585,0.08640194,0.057910137,0,0,0,0,0,0,0,0,0,0,1,3,0,0,1,0,0,0
196189891,12.170024,0.0,15.0,33.884544,0.76386875,1.0349107,nan,nan,0.0,0.0,0.0,0.0,0.0,0.0,0.0,0.0,0.0,0.0,0.0,0.0,0.0,0.0,0.0,0.0,0.0,0.0,0.0,12.170024,11.695053,0.49725196,12.104585,0.08640194,0.057910137,0,0,0,0,0,0,0,0,0,0,1,3,0,0,1,0,0,0
196389891,12.16729,0.0,15.0,33.884544,0.7642078,1.0348588,nan,nan,0.0,0.0,0.0,0.0,0.0,0.0,0.0,0.0,0.0,0.0,0.0,0.0,0.0,0.0,0.0,0.0,0.0,0.0,0.0,12.16729,11.695053,0.49725196,12.104585,0.08640194,0.057910137,0,0,0,0,0,0,0,0,0,0,1,3,0,0,1,0,0,0
196589930,12.172759,0.0,15.0,33.884617,0.7647905,1.0347697,nan,nan,0.0,0.0,0.0,0.0,0.0,0.0,0.0,0.0,0.0,0.0,0.0,0.0,0.0,0.0,0.0,0.0,0.0,0.0,0.0,12.172759,11.699855,0.49991986,12.192283,-0.01223278,0.057910137,0,0,0,0,0,0,0,0,0,0,1,3,0,0,1,0,0,0
196799892,12.189163,0.0,15.0,33.88468,0.7646436,1.0347922,nan,nan,0.0,0.0,0.0,0.0,0.0,0.0,0.0,0.0,0.0,0.0,0.0,0.0,0.0,0.0,0.0,0.0,0.0,0.0,0.0,12.189163,11.704718,0.5026211,12.179727,0.011260033,0.057910137,0,0,0,0,0,0,0,0,0,0,1,3,0,0,1,0,0,0
197000297,12.183695,0.0,15.0,33.88468,0.76499313,1.0347387,nan,nan,0.0,0.0,0.0,0.0,0.0,0.0,0.0,0.0,0.0,0.0,0.0,0.0,0.0,0.0,0.0,0.0,0.0,0.0,0.0,12.183695,11.704718,0.5026211,12.179727,0.011260033,0.057910137,0,0,0,0,0,0,0,0,0,0,1,3,0,0,1,0,0,0
197199894,12.161821,0.0,15.0,33.88468,0.7650971,1.0347227,nan,nan,0.0,0.0,0.0,0.0,0.0,0.0,0.0,0.0,0.0,0.0,0.0,0.0,0.0,0.0,0.0,0.0,0.0,0.0,0.0,12.161821,11.704718,0.5026211,12.179727,0.011260033,0.057910137,0,0,0,0,0,0,0,0,0,0,1,3,0,0,1,0,0,0
197390354,12.169112,0.0,15.0,33.88468,0.7641873,1.0348619,nan,nan,0.0,0.0,0.0,0.0,0.0,0.0,0.0,0.0,0.0,0.0,0.0,0.0,0.0,0.0,0.0,0.0,0.0,0.0,0.0,12.169112,11.704718,0.5026211,12.179727,0.011260033,0.057910137,0,0,0,0,0,0,0,0,0,0,1,3,0,0,1,0,0,0
197589891,12.189163,0.0,15.0,33.88483,0.76441234,1.0348275,nan,nan,0.0,0.0,0.0,0.0,0.0,0.0,0.0,0.0,0.0,0.0,0.0,0.0,0.0,0.0,0.0,0.0,0.0,0.0,0.0,12.189163,11.709532,0.5052957,12.196172,-0.0051851273,0.057910137,0,0,0,0,0,0,0,0,0,0,1,3,0,0,1,0,0,0
197789891,12.190987,0.0,15.0,33.88483,0.7644972,1.0348145,nan,nan,0.0,0.0,0.0,0.0,0.0,0.0,0.0,0.0,0.0,0.0,0.0,0.0,0.0,0.0,0.0,0.0,0.0,0.0,0.0,12.190987,11.709532,0.5052957,12.196172,-0.0051851273,0.057910137,0,0,0,0,0,0,0,0,0,0,1,3,0,0,1,0,0,0
197989891,12.201923,0.0,15.0,33.88483,0.76499456,1.0347384,nan,nan,0.0,0.0,0.0,0.0,0.0,0.0,0.0,0.0,0.0,0.0,0.0,0.0,0.0,0.0,0.0,0.0,0.0,0.0,0.0,12.201923,11.709532,0.5052957,12.196172,-0.0051851273,0.057910137,0,0,0,0,0,0,0,0,0,0,1,3,0,0,1,0,0,0
198189953,12.176404,0.0,15.0,33.88483,0.7655663,1.034651,nan,nan,0.0,0.0,0.0,0.0,0.0,0.0,0.0,0.0,0.0,0.0,0.0,0.0,0.0,0.0,0.0,0.0,0.0,0.0,0.0,12.176404,11.709532,0.5052957,12.196172,-0.0051851273,0.057910137,0,0,0,0,0,0,0,0,0,0,1,3,0,0,1,0,0,0
198399892,12.209215,0.0,15.0,33.884933,0.7663364,1.0345333,nan,nan,0.0,0.0,0.0,0.0,0.0,0.0,0.0,0.0,0.0,0.0,0.0,0.0,0.0,0.0,0.0,0.0,0.0,0.0,0.0,12.209215,11.7141905,0.5078835,12.188069,-0.008019447,0.057910137,0,0,0,0,0,0,0,0,0,0,1,3,0,0,1,0,0,0
198599893,12.182783,0.0,15.0,33.884933,0.7660455,1.0345777,nan,nan,0.0,0.0,0.0,0.0,0.0,0.0,0.0,0.0,0.0,0.0,0.0,0.0,0.0,0.0,0.0,0.0,0.0,0.0,0.0,12.182783,11.7141905,0.5078835,12.188069,-0.008019447,0.057910137,0,0,0,0,0,0,0,0,0,0,1,3,0,0,1,0,0,0
198789891,12.190987,0.0,15.0,33.885014,0.766828,1.034458,nan,nan,0.0,0.0,0.0,0.0,0.0,0.0,0.0,0.0,0.0,0.0,0.0,0.0,0.0,0.0,0.0,0.0,0.0,0.0,0.0,12.190987,11.719065,0.5105919,12.178754,0.027726173,0.057910137,0,0,0,0,0,0,0,0,0,0,1,3,0,0,1,0,0,0
198989910,12.191897,0.0,15.0,33.885014,0.767549,1.0343479,nan,nan,0.0,0.0,0.0,0.0,0.0,0.0,0.0,0.0,0.0,0.0,0.0,0.0,0.0,0.0,0.0,0.0,0.0,0.0,0.0,12.191897,11.719065,0.5105919,12.178754,0.027726173,0.057910137,0,0,0,0,0,0,0,0,0,0,1,3,0,0,1,0,0,0
199189892,12.18643,0.0,15.0,33.885014,0.7682952,1.0342338,nan,nan,0.0,0.0,0.0,0.0,0.0,0.0,0.0,0.0,0.0,0.0,0.0,0.0,0.0,0.0,0.0,0.0,0.0,0.0,0.0,12.18643,11.719065,0.5105919,12.178754,0.027726173,0.057910137,0,0,0,0,0,0,0,0,0,0,1,3,0,0,1,0,0,0
199390721,12.156353,0.0,15.0,33.885014,0.76912636,1.0341069,nan,nan,0.0,0.0,0.0,0.0,0.0,0.0,0.0,0.0,0.0,0.0,0.0,0.0,0.0,0.0,0.0,0.0,0.0,0.0,0.0,12.156353,11.719065,0.5105919,12.178754,0.027726173,0.057910137,0,0,0,0,0,0,0,0,0,0,1,3,0,0,1,0,0,0
199599892,12.194633,0.0,15.0,33.885452,0.7690453,1.0341192,nan,nan,0.0,0.0,0.0,0.0,0.0,0.0,0.0,0.0,0.0,0.0,0.0,0.0,0.0,0.0,0.0,0.0,0.0,0.0,0.0,12.194633,11.728184,0.51565784,12.171057,0.008993149,0.057910137,0,0,0,0,0,0,0,0,0,0,1,3,0,0,1,0,0,0
199799893,12.205568,0.0,15.0,33.885452,0.7696218,1.0340312,nan,nan,0.0,0.0,0.0,0.0,0.0,0.0,0.0,0.0,0.0,0.0,0.0,0.0,0.0,0.0,0.0,0.0,0.0,0.0,0.0,12.205568,11.728184,0.51565784,12.171057,0.008993149,0.057910137,0,0,0,0,0,0,0,0,0,0,1,3,0,0,1,0,0,0
199999892,12.180961,0.0,15.0,33.885452,0.7701096,1.0339566,nan,nan,0.0,0.0,0.0,0.0,0.0,0.0,0.0,0.0,0.0,0.0,0.0,0.0,0.0,0.0,0.0,0.0,0.0,0.0,0.0,12.180961,11.728184,0.51565784,12.171057,0.008993149,0.057910137,0,0,0,0,0,0,0,0,0,0,1,3,0,0,1,0,0,0
200189891,12.198277,0.0,15.0,33.885452,0.7701778,1.0339463,nan,nan,0.0,0.0,0.0,0.0,0.0,0.0,0.0,0.0,0.0,0.0,0.0,0.0,0.0,0.0,0.0,0.0,0.0,0.0,0.0,12.198277,11.728184,0.51565784,12.171057,0.008993149,0.057910137,0,0,0,0,0,0,0,0,0,0,1,3,0,0,1,0,0,0
200389893,12.197366,0.0,15.0,33.885548,0.7699179,1.033986,nan,nan,0.0,0.0,0.0,0.0,0.0,0.0,0.0,0.0,0.0,0.0,0.0,0.0,0.0,0.0,0.0,0.0,0.0,0.0,0.0,12.197366,11.732685,0.51815885,12.178429,0.004354477,0.057910137,0,0,0,0,0,0,0,0,0,0,1,3,0,0,1,0,0,0
200589891,12.177316,0.0,15.0,33.885674,0.7703218,1.0339242,nan,nan,0.0,0.0,0.0,0.0,0.0,0.0,0.0,0.0,0.0,0.0,0.0,0.0,0.0,0.0,0.0,0.0,0.0,0.0,0.0,12.177316,11.741359,0.5229773,12.156272,0.03653717,0.057910137,0,0,0,0,0,0,0,0,0,0,1,3,0,0,1,0,0,0
200790175,12.190987,0.0,15.0,33.88572,0.76980203,1.0340036,nan,nan,0.0,0.0,0.0,0.0,0.0,0.0,0.0,0.0,0.0,0.0,0.0,0.0,0.0,0.0,0.0,0.0,0.0,0.0,0.0,12.190987,11.7458105,0.52545017,12.189892,0.0010948181,0.057910137,0,0,0,0,0,0,0,0,0,0,1,3,0,0,1,0,0,0
200999907,12.241115,0.0,15.0,33.88572,0.77031225,1.0339258,nan,nan,0.0,0.0,0.0,0.0,0.0,0.0,0.0,0.0,0.0,0.0,0.0,0.0,0.0,0.0,0.0,0.0,0.0,0.0,0.0,12.241115,11.7458105,0.52545017,12.189892,0.0010948181,0.057910137,0,0,0,0,0,0,0,0,0,0,1,3,0,0,1,0,0,0
201199893,12.237468,0.0,15.0,33.88572,0.77128977,1.0337764,nan,nan,0.0,0.0,0.0,0.0,0.0,0.0,0.0,0.0,0.0,0.0,0.0,0.0,0.0,0.0,0.0,0.0,0.0,0.0,0.0,12.237468,11.7458105,0.52545017,12.189892,0.0010948181,0.057910137,0,0,0,0,0,0,0,0,0,0,1,3,0,0,1,0,0,0
201399894,12.193721,0.0,15.0,33.88578,0.7728624,1.0335364,nan,nan,0.0,0.0,0.0,0.0,0.0,0.0,0.0,0.0,0.0,0.0,0.0,0.0,0.0,0.0,0.0,0.0,0.0,0.0,0.0,12.193721,11.750354,0.52797455,12.191959,0.0126981735,0.057910137,0,0,0,0,0,0,0,0,0,0,1,3,0,0,1,0,0,0
201589892,12.205568,0.0,15.0,33.88578,0.7732672,1.0334747,nan,nan,0.0,0.0,0.0,0.0,0.0,0.0,0.0,0.0,0.0,0.0,0.0,0.0,0.0,0.0,0.0,0.0,0.0,0.0,0.0,12.205568,11.750354,0.52797455,12.191959,0.0126981735,0.057910137,0,0,0,0,0,0,0,0,0,0,1,3,0,0,1,0,0,0
201789891,12.200101,0.0,15.0,33.88578,0.77144235,1.0337532,nan,nan,0.0,0.0,0.0,0.0,0.0,0.0,0.0,0.0,0.0,0.0,0.0,0.0,0.0,0.0,0.0,0.0,0.0,0.0,0.0,12.200101,11.750354,0.52797455,12.191959,0.0126981735,0.057910137,0,0,0,0,0,0,0,0,0,0,1,3,0,0,1,0,0,0
201990388,12.170024,0.0,15.0,33.88578,0.77239364,1.033608,nan,nan,0.0,0.0,0.0,0.0,0.0,0.0,0.0,0.0,0.0,0.0,0.0,0.0,0.0,0.0,0.0,0.0,0.0,0.0,0.0,12.170024,11.750354,0.52797455,12.191959,0.0126981735,0.057910137,0,0,0,0,0,0,0,0,0,0,1,3,0,0,1,0,0,0
202190235,12.192809,0.0,15.0,33.88578,0.7723684,1.0336119,nan,nan,0.0,0.0,0.0,0.0,0.0,0.0,0.0,0.0,0.0,0.0,0.0,0.0,0.0,0.0,0.0,0.0,0.0,0.0,0.0,12.192809,11.750354,0.52797455,12.191959,0.0126981735,0.057910137,0,0,0,0,0,0,0,0,0,0,1,3,0,0,1,0,0,0
202399893,12.177316,0.0,15.0,33.88578,0.7754893,1.0331358,nan,nan,0.0,0.0,0.0,0.0,0.0,0.0,0.0,0.0,0.0,0.0,0.0,0.0,0.0,0.0,0.0,0.0,0.0,0.0,0.0,12.177316,11.750354,0.52797455,12.191959,0.0126981735,0.057910137,0,0,0,0,0,0,0,0,0,0,1,3,0,0,1,0,0,0
202599892,12.216506,0.0,15.0,33.88578,0.7751965,1.0331804,nan,nan,0.0,0.0,0.0,0.0,0.0,0.0,0.0,0.0,0.0,0.0,0.0,0.0,0.0,0.0,0.0,0.0,0.0,0.0,0.0,12.216506,11.750354,0.52797455,12.191959,0.0126981735,0.057910137,0,0,0,0,0,0,0,0,0,0,1,3,0,0,1,0,0,0
202800271,12.187341,0.2087625,15.0,33.886383,0.77528805,1.0331664,nan,nan,0.0,0.0,0.0,0.0,0.0,0.0,0.0,0.0,0.0,0.0,0.0,0.0,0.0,0.0,0.0,0.0,0.0,0.0,0.0,12.187341,11.754681,0.5303783,12.237713,-0.050372124,0.057910137,0,0,0,0,0,0,0,0,0,0,1,3,0,0,1,0,0,0
202989891,12.201923,0.0,15.0,33.886517,0.77557033,1.0331234,nan,nan,0.0,0.0,0.0,0.0,0.0,0.0,0.0,0.0,0.0,0.0,0.0,0.0,0.0,0.0,0.0,0.0,0.0,0.0,0.0,12.201923,11.759235,0.53290886,12.158822,0.05586052,0.057910137,0,0,0,0,0,0,0,0,0,0,1,3,0,0,1,0,0,0
203189910,12.190987,0.0,15.0,33.886684,0.77546114,1.03314,nan,nan,0.0,0.0,0.0,0.0,0.0,0.0,0.0,0.0,0.0,0.0,0.0,0.0,0.0,0.0,0.0,0.0,0.0,0.0,0.0,12.190987,11.763618,0.53534406,12.216951,-0.015028,0.057910137,0,0,0,0,0,0,0,0,0,0,1,3,0,0,1,0,0,0
203389891,12.198277,0.0,15.0,33.887264,0.774939,1.0332196,nan,nan,0.0,0.0,0.0,0.0,0.0,0.0,0.0,0.0,0.0,0.0,0.0,0.0,0.0,0.0,0.0,0.0,0.0,0.0,0.0,12.198277,11.767561,0.5375342,12.228173,-0.06635189,0.057910137,0,0,0,0,0,0,0,0,0,0,1,3,0,0,1,0,0,0
203589892,12.207392,0.0,15.0,33.887268,0.7735514,1.0334313,nan,nan,0.0,0.0,0.0,0.0,0.0,0.0,0.0,0.0,0.0,0.0,0.0,0.0,0.0,0.0,0.0,0.0,0.0,0.0,0.0,12.207392,11.771862,0.5399236,12.125201,0.076722145,0.057910137,0,0,0,0,0,0,0,0,0,0,1,3,0,0,1,0,0,0
203799893,12.211948,0.0,15.0,33.887268,0.77349275,1.0334402,nan,nan,0.0,0.0,0.0,0.0,0.0,0.0,0.0,0.0,0.0,0.0,0.0,0.0,0.0,0.0,0.0,0.0,0.0,0.0,0.0,12.211948,11.771862,0.5399236,12.125201,0.076722145,0.057910137,0,0,0,0,0,0,0,0,0,0,1,3,0,0,1,0,0,0
203999894,12.203746,0.0,15.0,33.88742,0.77313274,1.0334952,nan,nan,0.0,0.0,0.0,0.0,0.0,0.0,0.0,0.0,0.0,0.0,0.0,0.0,0.0,0.0,0.0,0.0,0.0,0.0,0.0,12.203746,11.77593,0.5421838,12.211321,-0.02853775,0.057910137,0,0,0,0,0,0,0,0,0,0,1,3,0,0,1,0,0,0
204199893,12.204658,0.0,15.0,33.88742,0.7735061,1.0334382,nan,nan,0.0,0.0,0.0,0.0,0.0,0.0,0.0,0.0,0.0,0.0,0.0,0.0,0.0,0.0,0.0,0.0,0.0,0.0,0.0,12.204658,11.77593,0.5421838,12.211321,-0.02853775,0.057910137,0,0,0,0,0,0,0,0,0,0,1,3,0,0,1,0,0,0
204389890,12.191897,0.0,15.0,33.88742,0.7734522,1.0334464,nan,nan,0.0,0.0,0.0,0.0,0.0,0.0,0.0,0.0,0.0,0.0,0.0,0.0,0.0,0.0,0.0,0.0,0.0,0.0,0.0,12.191897,11.77593,0.5421838,12.211321,-0.02853775,0.057910137,0,0,0,0,0,0,0,0,0,0,1,3,0,0,1,0,0,0
204589891,12.216506,0.0,15.0,33.88742,0.77433056,1.0333124,nan,nan,0.0,0.0,0.0,0.0,0.0,0.0,0.0,0.0,0.0,0.0,0.0,0.0,0.0,0.0,0.0,0.0,0.0,0.0,0.0,12.216506,11.77593,0.5421838,12.211321,-0.02853775,0.057910137,0,0,0,0,0,0,0,0,0,0,1,3,0,0,1,0,0,0
204789891,12.175492,0.0,15.0,33.887764,0.77481455,1.0332386,nan,nan,0.0,0.0,0.0,0.0,0.0,0.0,0.0,0.0,0.0,0.0,0.0,0.0,0.0,0.0,0.0,0.0,0.0,0.0,0.0,12.175492,11.780193,0.54455227,12.194775,0.011705399,0.057910137,0,0,0,0,0,0,0,0,0,0,1,3,0,0,1,0,0,0
204989892,12.220151,0.0,15.0,33.88805,0.7750415,1.033204,nan,nan,0.0,0.0,0.0,0.0,0.0,0.0,0.0,0.0,0.0,0.0,0.0,0.0,0.0,0.0,0.0,0.0,0.0,0.0,0.0,12.220151,11.788117,0.5489544,12.174013,0.01241684,0.057910137,0,0,0,0,0,0,0,0,0,0,1,3,0,0,1,0,0,0
205199892,12.202835,0.0,15.0,33.888092,0.77401155,1.0333611,nan,nan,0.0,0.0,0.0,0.0,0.0,0.0,0.0,0.0,0.0,0.0,0.0,0.0,0.0,0.0,0.0,0.0,0.0,0.0,0.0,12.202835,11.791555,0.55086416,12.182218,-0.046827316,0.057910137,0,0,0,0,0,0,0,0,0,0,1,3,0,0,1,0,0,0
205399891,12.201923,0.0,15.0,33.888214,0.7741689,1.0333371,nan,nan,0.0,0.0,0.0,0.0,0.0,0.0,0.0,0.0,0.0,0.0,0.0,0.0,0.0,0.0,0.0,0.0,0.0,0.0,0.0,12.201923,11.795393,0.5529966,12.140575,0.038562775,0.057910137,0,0,0,0,0,0,0,0,0,0,1,3,0,0,1,0,0,0
205599892,12.210126,0.0,15.0,33.888325,0.7738599,1.0333842,nan,nan,0.0,0.0,0.0,0.0,0.0,0.0,0.0,0.0,0.0,0.0,0.0,0.0,0.0,0.0,0.0,0.0,0.0,0.0,0.0,12.210126,11.799229,0.5551271,12.17849,0.004293442,0.057910137,0,0,0,0,0,0,0,0,0,0,1,3,0,0,1,0,0,0
205789891,12.191897,0.0,15.0,33.88846,0.7739038,1.0333775,nan,nan,0.0,0.0,0.0,0.0,0.0,0.0,0.0,0.0,0.0,0.0,0.0,0.0,0.0,0.0,0.0,0.0,0.0,0.0,0.0,12.191897,11.803216,0.55734247,12.184079,0.0178442,0.057910137,0,0,0,0,0,0,0,0,0,0,1,3,0,0,1,0,0,0
205989892,12.172759,0.0,15.0,33.88846,0.7734055,1.0334536,nan,nan,0.0,0.0,0.0,0.0,0.0,0.0,0.0,0.0,0.0,0.0,0.0,0.0,0.0,0.0,0.0,0.0,0.0,0.0,0.0,12.172759,11.803216,0.55734247,12.184079,0.0178442,0.057910137,0,0,0,0,0,0,0,0,0,0,1,3,0,0,1,0,0,0
206189891,12.194633,0.0,15.0,33.88846,0.7727789,1.0335492,nan,nan,0.0,0.0,0.0,0.0,0.0,0.0,0.0,0.0,0.0,0.0,0.0,0.0,0.0,0.0,0.0,0.0,0.0,0.0,0.0,12.194633,11.803216,0.55734247,12.184079,0.0178442,0.057910137,0,0,0,0,0,0,0,0,0,0,1,3,0,0,1,0,0,0
206389891,12.197366,0.0,15.0,33.88846,0.7732839,1.0334722,nan,nan,0.0,0.0,0.0,0.0,0.0,0.0,0.0,0.0,0.0,0.0,0.0,0.0,0.0,0.0,0.0,0.0,0.0,0.0,0.0,12.197366,11.803216,0.55734247,12.184079,0.0178442,0.057910137,0,0,0,0,0,0,0,0,0,0,1,3,0,0,1,0,0,0
206599892,12.162733,0.0,15.0,33.88846,0.77328914,1.0334712,nan,nan,0.0,0.0,0.0,0.0,0.0,0.0,0.0,0.0,0.0,0.0,0.0,0.0,0.0,0.0,0.0,0.0,0.0,0.0,0.0,12.162733,11.803216,0.55734247,12.184079,0.0178442,0.057910137,0,0,0,0,0,0,0,0,0,0,1,3,0,0,1,0,0,0
206799892,12.174581,0.0,15.0,33.88846,0.77368444,1.033411,nan,nan,0.0,0.0,0.0,0.0,0.0,0.0,0.0,0.0,0.0,0.0,0.0,0.0,0.0,0.0,0.0,0.0,0.0,0.0,0.0,12.174581,11.803216,0.55734247,12.184079,0.0178442,0.057910137,0,0,0,0,0,0,0,0,0,0,1,3,0,0,1,0,0,0
207000226,12.182783,0.0,15.0,33.88852,0.77296966,1.03352,nan,nan,0.0,0.0,0.0,0.0,0.0,0.0,0.0,0.0,0.0,0.0,0.0,0.0,0.0,0.0,0.0,0.0,0.0,0.0,0.0,12.182783,11.806803,0.5593352,12.197711,-0.032244682,0.057910137,0,0,0,0,0,0,0,0,0,0,1,3,0,0,1,0,0,0
207199893,12.170936,0.0,15.0,33.88852,0.7733578,1.0334609,nan,nan,0.0,0.0,0.0,0.0,0.0,0.0,0.0,0.0,0.0,0.0,0.0,0.0,0.0,0.0,0.0,0.0,0.0,0.0,0.0,12.170936,11.806803,0.5593352,12.197711,-0.032244682,0.057910137,0,0,0,0,0,0,0,0,0,0,1,3,0,0,1,0,0,0
207389906,12.190987,0.0,15.0,33.889057,0.77264637,1.0335693,nan,nan,0.0,0.0,0.0,0.0,0.0,0.0,0.0,0.0,0.0,0.0,0.0,0.0,0.0,0.0,0.0,0.0,0.0,0.0,0.0,12.190987,11.810399,0.5613331,12.195604,-0.025580406,0.057910137,0,0,0,0,0,0,0,0,0,0,1,3,0,0,1,0,0,0
207590310,12.191897,0.0,15.0,33.889057,0.77311987,1.0334971,nan,nan,0.0,0.0,0.0,0.0,0.0,0.0,0.0,0.0,0.0,0.0,0.0,0.0,0.0,0.0,0.0,0.0,0.0,0.0,0.0,12.191897,11.810399,0.5613331,12.195604,-0.025580406,0.057910137,0,0,0,0,0,0,0,0,0,0,1,3,0,0,1,0,0,0
207789891,12.16729,0.0,15.0,33.88916,0.7737803,1.0333964,nan,nan,0.0,0.0,0.0,0.0,0.0,0.0,0.0,0.0,0.0,0.0,0.0,0.0,0.0,0.0,0.0,0.0,0.0,0.0,0.0,12.16729,11.814312,0.56350654,12.142154,0.06341457,0.057910137,0,0,0,0,0,0,0,0,0,0,1,3,0,0,1,0,0,0
207999894,12.197366,0.0,15.0,33.88916,0.77399915,1.033363,nan,nan,0.0,0.0,0.0,0.0,0.0,0.0,0.0,0.0,0.0,0.0,0.0,0.0,0.0,0.0,0.0,0.0,0.0,0.0,0.0,12.197366,11.814312,0.56350654,12.142154,0.06341457,0.057910137,0,0,0,0,0,0,0,0,0,0,1,3,0,0,1,0,0,0
208199893,12.214683,0.0,15.0,33.88916,0.7732186,1.0334821,nan,nan,0.0,0.0,0.0,0.0,0.0,0.0,0.0,0.0,0.0,0.0,0.0,0.0,0.0,0.0,0.0,0.0,0.0,0.0,0.0,12.214683,11.814312,0.56350654,12.142154,0.06341457,0.057910137,0,0,0,0,0,0,0,0,0,0,1,3,0,0,1,0,0,0
208399894,12.201012,0.0,15.0,33.88916,0.7723722,1.0336112,nan,nan,0.0,0.0,0.0,0.0,0.0,0.0,0.0,0.0,0.0,0.0,0.0,0.0,0.0,0.0,0.0,0.0,0.0,0.0,0.0,12.201012,11.814312,0.56350654,12.142154,0.06341457,0.057910137,0,0,0,0,0,0,0,0,0,0,1,3,0,0,1,0,0,0
208589905,12.194633,0.0,15.0,33.889267,0.77286905,1.0335355,nan,nan,0.0,0.0,0.0,0.0,0.0,0.0,0.0,0.0,0.0,0.0,0.0,0.0,0.0,0.0,0.0,0.0,0.0,0.0,0.0,12.194633,11.818087,0.56560415,12.205893,-0.01034832,0.057910137,0,0,0,0,0,0,0,0,0,0,1,3,0,0,1,0,0,0
208789892,12.192809,0.0,15.0,33.889416,0.77317566,1.0334886,nan,nan,0.0,0.0,0.0,0.0,0.0,0.0,0.0,0.0,0.0,0.0,0.0,0.0,0.0,0.0,0.0,0.0,0.0,0.0,0.0,12.192809,11.822429,0.568016,12.198137,0.058469772,0.057910137,0,0,0,0,0,0,0,0,0,0,1,3,0,0,1,0,0,0
208989898,12.161821,0.0,15.0,33.889416,0.77404255,1.0333563,nan,nan,0.0,0.0,0.0,0.0,0.0,0.0,0.0,0.0,0.0,0.0,0.0,0.0,0.0,0.0,0.0,0.0,0.0,0.0,0.0,12.161821,11.822429,0.568016,12.198137,0.058469772,0.057910137,0,0,0,0,0,0,0,0,0,0,1,3,0,0,1,0,0,0
209189892,12.192809,0.0,15.0,33.889496,0.7744569,1.0332931,nan,nan,0.0,0.0,0.0,0.0,0.0,0.0,0.0,0.0,0.0,0.0,0.0,0.0,0.0,0.0,0.0,0.0,0.0,0.0,0.0,12.192809,11.825707,0.5698375,12.252394,-0.09877491,0.057910137,0,0,0,0,0,0,0,0,0,0,1,3,0,0,1,0,0,0
209399980,12.223797,0.0,15.0,33.889496,0.77472204,1.0332527,nan,nan,0.0,0.0,0.0,0.0,0.0,0.0,0.0,0.0,0.0,0.0,0.0,0.0,0.0,0.0,0.0,0.0,0.0,0.0,0.0,12.223797,11.825707,0.5698375,12.252394,-0.09877491,0.057910137,0,0,0,0,0,0,0,0,0,0,1,3,0,0,1,0,0,0
209599893,12.197366,0.0,15.0,33.88956,0.7748527,1.0332328,nan,nan,0.0,0.0,0.0,0.0,0.0,0.0,0.0,0.0,0.0,0.0,0.0,0.0,0.0,0.0,0.0,0.0,0.0,0.0,0.0,12.197366,11.829703,0.57205766,12.152647,0.076618195,0.057910137,0,0,0,0,0,0,0,0,0,0,1,3,0,0,1,0,0,0
209799895,12.196454,0.0,15.0,33.88956,0.7748026,1.0332404,nan,nan,0.0,0.0,0.0,0.0,0.0,0.0,0.0,0.0,0.0,0.0,0.0,0.0,0.0,0.0,0.0,0.0,0.0,0.0,0.0,12.196454,11.829703,0.57205766,12.152647,0.076618195,0.057910137,0,0,0,0,0,0,0,0,0,0,1,3,0,0,1,0,0,0
209989892,12.171847,0.0,15.0,33.88956,0.7749838,1.0332128,nan,nan,0.0,0.0,0.0,0.0,0.0,0.0,0.0,0.0,0.0,0.0,0.0,0.0,0.0,0.0,0.0,0.0,0.0,0.0,0.0,12.171847,11.829703,0.57205766,12.152647,0.076618195,0.057910137,0,0,0,0,0,0,0,0,0,0,1,3,0,0,1,0,0,0
210189892,12.20648,0.0,15.0,33.889572,0.7757568,1.0330949,nan,nan,0.0,0.0,0.0,0.0,0.0,0.0,0.0,0.0,0.0,0.0,0.0,0.0,0.0,0.0,0.0,0.0,0.0,0.0,0.0,12.20648,11.833813,0.5743403,12.2257,0.019059181,0.057910137,0,0,0,0,0,0,0,0,0,0,1,3,0,0,1,0,0,0
210389893,12.196454,0.0,15.0,33.889572,0.77606624,1.0330478,nan,nan,0.0,0.0,0.0,0.0,0.0,0.0,0.0,0.0,0.0,0.0,0.0,0.0,0.0,0.0,0.0,0.0,0.0,0.0,0.0,12.196454,11.833813,0.5743403,12.2257,0.019059181,0.057910137,0,0,0,0,0,0,0,0,0,0,1,3,0,0,1,0,0,0
210589892,12.216506,0.0,15.0,33.889572,0.7761664,1.0330325,nan,nan,0.0,0.0,0.0,0.0,0.0,0.0,0.0,0.0,0.0,0.0,0.0,0.0,0.0,0.0,0.0,0.0,0.0,0.0,0.0,12.216506,11.833813,0.5743403,12.2257,0.019059181,0.057910137,0,0,0,0,0,0,0,0,0,0,1,3,0,0,1,0,0,0
210799894,12.215594,0.0,15.0,33.889572,0.77702755,1.0329012,nan,nan,0.0,0.0,0.0,0.0,0.0,0.0,0.0,0.0,0.0,0.0,0.0,0.0,0.0,0.0,0.0,0.0,0.0,0.0,0.0,12.215594,11.833813,0.5743403,12.2257,0.019059181,0.057910137,0,0,0,0,0,0,0,0,0,0,1,3,0,0,1,0,0,0
211000170,12.131745,0.0,15.0,33.889572,0.7772803,1.0328627,nan,nan,0.0,0.0,0.0,0.0,0.0,0.0,0.0,0.0,0.0,0.0,0.0,0.0,0.0,0.0,0.0,0.0,0.0,0.0,0.0,12.131745,11.833813,0.5743403,12.2257,0.019059181,0.057910137,0,0,0,0,0,0,0,0,0,0,1,3,0,0,1,0,0,0
211199893,12.20648,0.0,15.0,33.889572,0.77718824,1.0328767,nan,nan,0.0,0.0,0.0,0.0,0.0,0.0,0.0,0.0,0.0,0.0,0.0,0.0,0.0,0.0,0.0,0.0,0.0,0.0,0.0,12.20648,11.833813,0.5743403,12.2257,0.019059181,0.057910137,0,0,0,0,0,0,0,0,0,0,1,3,0,0,1,0,0,0
211389892,12.209215,0.0,15.0,33.889572,0.7770056,1.0329046,nan,nan,0.0,0.0,0.0,0.0,0.0,0.0,0.0,0.0,0.0,0.0,0.0,0.0,0.0,0.0,0.0,0.0,0.0,0.0,0.0,12.209215,11.833813,0.5743403,12.2257,0.019059181,0.057910137,0,0,0,0,0,0,0,0,0,0,1,3,0,0,1,0,0,0
211589893,12.157265,0.0,15.0,33.889572,0.77634996,1.0330045,nan,nan,0.0,0.0,0.0,0.0,0.0,0.0,0.0,0.0,0.0,0.0,0.0,0.0,0.0,0.0,0.0,0.0,0.0,0.0,0.0,12.157265,11.833813,0.5743403,12.2257,0.019059181,0.057910137,0,0,0,0,0,0,0,0,0,0,1,3,0,0,1,0,0,0
211789891,12.209215,0.0,15.0,33.889668,0.77579015,1.0330898,nan,nan,0.0,0.0,0.0,0.0,0.0,0.0,0.0,0.0,0.0,0.0,0.0,0.0,0.0,0.0,0.0,0.0,0.0,0.0,0.0,12.209215,11.837367,0.57631534,12.250268,-0.057458878,0.057910137,0,0,0,0,0,0,0,0,0,0,1,3,0,0,1,0,0,0
211989951,12.203746,0.0,15.0,33.889668,0.77531284,1.0331626,nan,nan,0.0,0.0,0.0,0.0,0.0,0.0,0.0,0.0,0.0,0.0,0.0,0.0,0.0,0.0,0.0,0.0,0.0,0.0,0.0,12.203746,11.837367,0.57631534,12.250268,-0.057458878,0.057910137,0,0,0,0,0,0,0,0,0,0,1,3,0,0,1,0,0,0
212199895,12.197366,0.0,15.0,33.889668,0.77352375,1.0334355,nan,nan,0.0,0.0,0.0,0.0,0.0,0.0,0.0,0.0,0.0,0.0,0.0,0.0,0.0,0.0,0.0,0.0,0.0,0.0,0.0,12.197366,11.837367,0.57631534,12.250268,-0.057458878,0.057910137,0,0,0,0,0,0,0,0,0,0,1,3,0,0,1,0,0,0
212399949,12.179138,0.0,15.0,33.889668,0.774219,1.0333294,nan,nan,0.0,0.0,0.0,0.0,0.0,0.0,0.0,0.0,0.0,0.0,0.0,0.0,0.0,0.0,0.0,0.0,0.0,0.0,0.0,12.179138,11.837367,0.57631534,12.250268,-0.057458878,0.057910137,0,0,0,0,0,0,0,0,0,0,1,3,0,0,1,0,0,0
212599893,12.193721,0.00915625,15.0,33.889694,0.77370876,1.0334072,nan,nan,0.0,0.0,0.0,0.0,0.0,0.0,0.0,0.0,0.0,0.0,0.0,0.0,0.0,0.0,0.0,0.0,0.0,0.0,0.0,12.193721,11.840896,0.5782756,12.188272,0.0054483414,0.057910137,0,0,0,0,0,0,0,0,0,0,1,3,0,0,1,0,0,0
212789891,12.239291,0.0,15.0,33.889694,0.77400535,1.033362,nan,nan,0.0,0.0,0.0,0.0,0.0,0.0,0.0,0.0,0.0,0.0,0.0,0.0,0.0,0.0,0.0,0.0,0.0,0.0,0.0,12.239291,11.840896,0.5782756,12.188272,0.0054483414,0.057910137,0,0,0,0,0,0,0,0,0,0,1,3,0,0,1,0,0,0
212989891,12.196454,0.0,15.0,33.889694,0.77450985,1.033285,nan,nan,0.0,0.0,0.0,0.0,0.0,0.0,0.0,0.0,0.0,0.0,0.0,0.0,0.0,0.0,0.0,0.0,0.0,0.0,0.0,12.196454,11.840896,0.5782756,12.188272,0.0054483414,0.057910137,0,0,0,0,0,0,0,0,0,0,1,3,0,0,1,0,0,0
213189892,12.176404,0.0,15.0,33.889694,0.774146,1.0333406,nan,nan,0.0,0.0,0.0,0.0,0.0,0.0,0.0,0.0,0.0,0.0,0.0,0.0,0.0,0.0,0.0,0.0,0.0,0.0,0.0,12.176404,11.840896,0.5782756,12.188272,0.0054483414,0.057910137,0,0,0,0,0,0,0,0,0,0,1,3,0,0,1,0,0,0
213389894,12.163645,0.0,15.0,33.889694,0.77376837,1.0333982,nan,nan,0.0,0.0,0.0,0.0,0.0,0.0,0.0,0.0,0.0,0.0,0.0,0.0,0.0,0.0,0.0,0.0,0.0,0.0,0.0,12.163645,11.840896,0.5782756,12.188272,0.0054483414,0.057910137,0,0,0,0,0,0,0,0,0,0,1,3,0,0,1,0,0,0
213599892,12.187341,0.0,15.0,33.889694,0.77400297,1.0333624,nan,nan,0.0,0.0,0.0,0.0,0.0,0.0,0.0,0.0,0.0,0.0,0.0,0.0,0.0,0.0,0.0,0.0,0.0,0.0,0.0,12.187341,11.840896,0.5782756,12.188272,0.0054483414,0.057910137,0,0,0,0,0,0,0,0,0,0,1,3,0,0,1,0,0,0
213799891,12.210126,0.0,15.0,33.88972,0.7740578,1.033354,nan,nan,0.0,0.0,0.0,0.0,0.0,0.0,0.0,0.0,0.0,0.0,0.0,0.0,0.0,0.0,0.0,0.0,0.0,0.0,0.0,12.210126,11.844254,0.580141,12.193721,-0.013670921,0.057910137,0,0,0,0,0,0,0,0,0,0,1,3,0,0,1,0,0,0
213999892,12.168201,0.0,15.0,33.88972,0.77544445,1.0331426,nan,nan,0.0,0.0,0.0,0.0,0.0,0.0,0.0,0.0,0.0,0.0,0.0,0.0,0.0,0.0,0.0,0.0,0.0,0.0,0.0,12.168201,11.844254,0.580141,12.193721,-0.013670921,0.057910137,0,0,0,0,0,0,0,0,0,0,1,3,0,0,1,0,0,0
214189891,12.210126,0.0,15.0,33.889763,0.77601284,1.0330559,nan,nan,0.0,0.0,0.0,0.0,0.0,0.0,0.0,0.0,0.0,0.0,0.0,0.0,0.0,0.0,0.0,0.0,0.0,0.0,0.0,12.210126,11.847758,0.5820884,12.181023,0.01725483,0.057910137,0,0,0,0,0,0,0,0,0,0,1,3,0,0,1,0,0,0
214389914,12.14086,0.0,15.0,33.889763,0.775978,1.0330613,nan,nan,0.0,0.0,0.0,0.0,0.0,0.0,0.0,0.0,0.0,0.0,0.0,0.0,0.0,0.0,0.0,0.0,0.0,0.0,0.0,12.14086,11.847758,0.5820884,12.181023,0.01725483,0.057910137,0,0,0,0,0,0,0,0,0,0,1,3,0,0,1,0,0,0
214589892,12.170936,0.0,15.0,33.889763,0.77583545,1.033083,nan,nan,0.0,0.0,0.0,0.0,0.0,0.0,0.0,0.0,0.0,0.0,0.0,0.0,0.0,0.0,0.0,0.0,0.0,0.0,0.0,12.170936,11.847758,0.5820884,12.181023,0.01725483,0.057910137,0,0,0,0,0,0,0,0,0,0,1,3,0,0,1,0,0,0
214789943,12.201923,0.0,15.0,33.889763,0.7756266,1.0331148,nan,nan,0.0,0.0,0.0,0.0,0.0,0.0,0.0,0.0,0.0,0.0,0.0,0.0,0.0,0.0,0.0,0.0,0.0,0.0,0.0,12.201923,11.847758,0.5820884,12.181023,0.01725483,0.057910137,0,0,0,0,0,0,0,0,0,0,1,3,0,0,1,0,0,0
214999893,12.224709,0.0,15.0,33.889763,0.7751369,1.0331894,nan,nan,0.0,0.0,0.0,0.0,0.0,0.0,0.0,0.0,0.0,0.0,0.0,0.0,0.0,0.0,0.0,0.0,0.0,0.0,0.0,12.224709,11.847758,0.5820884,12.181023,0.01725483,0.057910137,0,0,0,0,0,0,0,0,0,0,1,3,0,0,1,0,0,0
215199892,12.207392,0.0,15.0,33.889763,0.77444404,1.0332952,nan,nan,0.0,0.0,0.0,0.0,0.0,0.0,0.0,0.0,0.0,0.0,0.0,0.0,0.0,0.0,0.0,0.0,0.0,0.0,0.0,12.207392,11.847758,0.5820884,12.181023,0.01725483,0.057910137,0,0,0,0,0,0,0,0,0,0,1,3,0,0,1,0,0,0
215399892,12.20648,0.0,15.0,33.889763,0.7740111,1.0333612,nan,nan,0.0,0.0,0.0,0.0,0.0,0.0,0.0,0.0,0.0,0.0,0.0,0.0,0.0,0.0,0.0,0.0,0.0,0.0,0.0,12.20648,11.847758,0.5820884,12.181023,0.01725483,0.057910137,0,0,0,0,0,0,0,0,0,0,1,3,0,0,1,0,0,0
215589891,12.21286,0.0,15.0,33.889877,0.7750606,1.0332011,nan,nan,0.0,0.0,0.0,0.0,0.0,0.0,0.0,0.0,0.0,0.0,0.0,0.0,0.0,0.0,0.0,0.0,0.0,0.0,0.0,12.21286,11.8514185,0.58412164,12.203138,0.014279366,0.057910137,0,0,0,0,0,0,0,0,0,0,1,3,0,0,1,0,0,0
215790055,12.202835,0.0,15.0,33.89044,0.7772059,1.0328741,nan,nan,0.0,0.0,0.0,0.0,0.0,0.0,0.0,0.0,0.0,0.0,0.0,0.0,0.0,0.0,0.0,0.0,0.0,0.0,0.0,12.202835,11.854907,0.5860595,12.245935,-0.042189598,0.057910137,0,0,0,0,0,0,0,0,0,0,1,3,0,0,1,0,0,0
215989892,12.195544,0.0,15.0,33.89044,0.77668995,1.0329527,nan,nan,0.0,0.0,0.0,0.0,0.0,0.0,0.0,0.0,0.0,0.0,0.0,0.0,0.0,0.0,0.0,0.0,0.0,0.0,0.0,12.195544,11.854907,0.5860595,12.245935,-0.042189598,0.057910137,0,0,0,0,0,0,0,0,0,0,1,3,0,0,1,0,0,0
216189891,12.197366,0.0,15.0,33.890602,0.77631325,1.0330101,nan,nan,0.0,0.0,0.0,0.0,0.0,0.0,0.0,0.0,0.0,0.0,0.0,0.0,0.0,0.0,0.0,0.0,0.0,0.0,0.0,12.197366,11.857964,0.587758,12.178144,-0.014499664,0.057910137,0,0,0,0,0,0,0,0,0,0,1,3,0,0,1,0,0,0
216399892,12.179138,0.0,15.0,33.89078,0.7760715,1.033047,nan,nan,0.0,0.0,0.0,0.0,0.0,0.0,0.0,0.0,0.0,0.0,0.0,0.0,0.0,0.0,0.0,0.0,0.0,0.0,0.0,12.179138,11.860133,0.588963,12.164618,-0.08755684,0.057910137,0,0,0,0,0,0,0,0,0,0,1,3,0,0,1,0,0,0
216599892,12.142681,0.0,15.0,33.89078,0.7761926,1.0330285,nan,nan,0.0,0.0,0.0,0.0,0.0,0.0,0.0,0.0,0.0,0.0,0.0,0.0,0.0,0.0,0.0,0.0,0.0,0.0,0.0,12.142681,11.860133,0.588963,12.164618,-0.08755684,0.057910137,0,0,0,0,0,0,0,0,0,0,1,3,0,0,1,0,0,0
216800529,12.12901,0.0,15.0,33.89078,0.7753224,1.0331612,nan,nan,0.0,0.0,0.0,0.0,0.0,0.0,0.0,0.0,0.0,0.0,0.0,0.0,0.0,0.0,0.0,0.0,0.0,0.0,0.0,12.12901,11.860133,0.588963,12.164618,-0.08755684,0.057910137,0,0,0,0,0,0,0,0,0,0,1,3,0,0,1,0,0,0
217000062,12.14086,0.0,15.0,33.89112,0.77546066,1.0331401,nan,nan,0.0,0.0,0.0,0.0,0.0,0.0,0.0,0.0,0.0,0.0,0.0,0.0,0.0,0.0,0.0,0.0,0.0,0.0,0.0,12.14086,11.863328,0.59073824,12.087431,0.09535217,0.057910137,0,0,0,0,0,0,0,0,0,0,1,3,0,0,1,0,0,0
217200503,12.124454,0.0,15.0,33.89121,0.77511877,1.0331922,nan,nan,0.0,0.0,0.0,0.0,0.0,0.0,0.0,0.0,0.0,0.0,0.0,0.0,0.0,0.0,0.0,0.0,0.0,0.0,0.0,12.124454,11.866672,0.5925955,12.166579,0.03443241,0.057910137,0,0,0,0,0,0,0,0,0,0,1,3,0,0,1,0,0,0
217389891,12.194633,0.0,15.0,33.89121,0.77499336,1.0332114,nan,nan,0.0,0.0,0.0,0.0,0.0,0.0,0.0,0.0,0.0,0.0,0.0,0.0,0.0,0.0,0.0,0.0,0.0,0.0,0.0,12.194633,11.866672,0.5925955,12.166579,0.03443241,0.057910137,0,0,0,0,0,0,0,0,0,0,1,3,0,0,1,0,0,0
217589890,12.192809,0.0,15.0,33.89121,0.7743892,1.0333035,nan,nan,0.0,0.0,0.0,0.0,0.0,0.0,0.0,0.0,0.0,0.0,0.0,0.0,0.0,0.0,0.0,0.0,0.0,0.0,0.0,12.192809,11.866672,0.5925955,12.166579,0.03443241,0.057910137,0,0,0,0,0,0,0,0,0,0,1,3,0,0,1,0,0,0
217799892,12.177316,0.0,15.0,33.89121,0.77387804,1.0333815,nan,nan,0.0,0.0,0.0,0.0,0.0,0.0,0.0,0.0,0.0,0.0,0.0,0.0,0.0,0.0,0.0,0.0,0.0,0.0,0.0,12.177316,11.866672,0.5925955,12.166579,0.03443241,0.057910137,0,0,0,0,0,0,0,0,0,0,1,3,0,0,1,0,0,0
217999891,12.14815,0.0,15.0,33.89121,0.77375597,1.0334,nan,nan,0.0,0.0,0.0,0.0,0.0,0.0,0.0,0.0,0.0,0.0,0.0,0.0,0.0,0.0,0.0,0.0,0.0,0.0,0.0,12.14815,11.866672,0.5925955,12.166579,0.03443241,0.057910137,0,0,0,0,0,0,0,0,0,0,1,3,0,0,1,0,0,0
218199892,12.155441,0.0,15.0,33.891296,0.77500767,1.0332092,nan,nan,0.0,0.0,0.0,0.0,0.0,0.0,0.0,0.0,0.0,0.0,0.0,0.0,0.0,0.0,0.0,0.0,0.0,0.0,0.0,12.155441,11.869846,0.59435934,12.201012,-0.013670921,0.057910137,0,0,0,0,0,0,0,0,0,0,1,3,0,0,1,0,0,0
218389894,12.215594,0.0,15.0,33.891598,0.77518314,1.0331824,nan,nan,0.0,0.0,0.0,0.0,0.0,0.0,0.0,0.0,0.0,0.0,0.0,0.0,0.0,0.0,0.0,0.0,0.0,0.0,0.0,12.215594,11.872476,0.5958199,12.200952,-0.065561295,0.057910137,0,0,0,0,0,0,0,0,0,0,1,3,0,0,1,0,0,0
218589892,12.217418,0.0,15.0,33.891598,0.7738041,1.0333927,nan,nan,0.0,0.0,0.0,0.0,0.0,0.0,0.0,0.0,0.0,0.0,0.0,0.0,0.0,0.0,0.0,0.0,0.0,0.0,0.0,12.217418,11.872476,0.5958199,12.200952,-0.065561295,0.057910137,0,0,0,0,0,0,0,0,0,0,1,3,0,0,1,0,0,0
218789891,12.209215,0.0,15.0,33.891598,0.77403396,1.0333576,nan,nan,0.0,0.0,0.0,0.0,0.0,0.0,0.0,0.0,0.0,0.0,0.0,0.0,0.0,0.0,0.0,0.0,0.0,0.0,0.0,12.209215,11.872476,0.5958199,12.200952,-0.065561295,0.057910137,0,0,0,0,0,0,0,0,0,0,1,3,0,0,1,0,0,0
218989890,12.220151,0.0,15.0,33.891598,0.77407306,1.0333518,nan,nan,0.0,0.0,0.0,0.0,0.0,0.0,0.0,0.0,0.0,0.0,0.0,0.0,0.0,0.0,0.0,0.0,0.0,0.0,0.0,12.220151,11.872476,0.5958199,12.200952,-0.065561295,0.057910137,0,0,0,0,0,0,0,0,0,0,1,3,0,0,1,0,0,0
219200192,12.02511,0.0,15.0,33.891598,0.77318615,1.0334871,nan,nan,0.0,0.0,0.0,0.0,0.0,0.0,0.0,0.0,0.0,0.0,0.0,0.0,0.0,0.0,0.0,0.0,0.0,0.0,0.0,12.02511,11.872476,0.5958199,12.200952,-0.065561295,0.057910137,0,0,0,0,0,0,0,0,0,0,1,3,0,0,1,0,0,0
219399892,12.144505,0.0,15.0,33.891598,0.7728643,1.0335362,nan,nan,0.0,0.0,0.0,0.0,0.0,0.0,0.0,0.0,0.0,0.0,0.0,0.0,0.0,0.0,0.0,0.0,0.0,0.0,0.0,12.144505,11.872476,0.5958199,12.200952,-0.065561295,0.057910137,0,0,0,0,0,0,0,0,0,0,1,3,0,0,1,0,0,0
219599892,12.113517,0.0,15.0,33.891598,0.7732462,1.0334778,nan,nan,0.0,0.0,0.0,0.0,0.0,0.0,0.0,0.0,0.0,0.0,0.0,0.0,0.0,0.0,0.0,0.0,0.0,0.0,0.0,12.113517,11.872476,0.5958199,12.200952,-0.065561295,0.057910137,0,0,0,0,0,0,0,0,0,0,1,3,0,0,1,0,0,0
219789891,12.166378,0.0,15.0,33.892128,0.77288336,1.0335332,nan,nan,0.0,0.0,0.0,0.0,0.0,0.0,0.0,0.0,0.0,0.0,0.0,0.0,0.0,0.0,0.0,0.0,0.0,0.0,0.0,12.166378,11.875638,0.59757656,12.149974,0.041923523,0.057910137,0,0,0,0,0,0,0,0,0,0,1,3,0,0,1,0,0,0
219989891,12.201012,0.0,15.0,33.892128,0.7736096,1.0334225,nan,nan,0.0,0.0,0.0,0.0,0.0,0.0,0.0,0.0,0.0,0.0,0.0,0.0,0.0,0.0,0.0,0.0,0.0,0.0,0.0,12.201012,11.875638,0.59757656,12.149974,0.041923523,0.057910137,0,0,0,0,0,0,0,0,0,0,1,3,0,0,1,0,0,0
220189922,12.16729,0.0,15.0,33.892128,0.77260107,1.0335763,nan,nan,0.0,0.0,0.0,0.0,0.0,0.0,0.0,0.0,0.0,0.0,0.0,0.0,0.0,0.0,0.0,0.0,0.0,0.0,0.0,12.16729,11.875638,0.59757656,12.149974,0.041923523,0.057910137,0,0,0,0,0,0,0,0,0,0,1,3,0,0,1,0,0,0
220389891,12.194633,0.0,15.0,33.892128,0.77369875,1.0334089,nan,nan,0.0,0.0,0.0,0.0,0.0,0.0,0.0,0.0,0.0,0.0,0.0,0.0,0.0,0.0,0.0,0.0,0.0,0.0,0.0,12.194633,11.875638,0.59757656,12.149974,0.041923523,0.057910137,0,0,0,0,0,0,0,0,0,0,1,3,0,0,1,0,0,0
220599893,12.154531,0.0,15.0,33.892128,0.773673,1.0334127,nan,nan,0.0,0.0,0.0,0.0,0.0,0.0,0.0,0.0,0.0,0.0,0.0,0.0,0.0,0.0,0.0,0.0,0.0,0.0,0.0,12.154531,11.875638,0.59757656,12.149974,0.041923523,0.057910137,0,0,0,0,0,0,0,0,0,0,1,3,0,0,1,0,0,0
220799892,12.156353,0.0,15.0,33.892128,0.77426666,1.0333221,nan,nan,0.0,0.0,0.0,0.0,0.0,0.0,0.0,0.0,0.0,0.0,0.0,0.0,0.0,0.0,0.0,0.0,0.0,0.0,0.0,12.156353,11.875638,0.59757656,12.149974,0.041923523,0.057910137,0,0,0,0,0,0,0,0,0,0,1,3,0,0,1,0,0,0
220999920,12.122631,0.0,15.0,33.892128,0.7743892,1.0333035,nan,nan,0.0,0.0,0.0,0.0,0.0,0.0,0.0,0.0,0.0,0.0,0.0,0.0,0.0,0.0,0.0,0.0,0.0,0.0,0.0,12.122631,11.875638,0.59757656,12.149974,0.041923523,0.057910137,0,0,0,0,0,0,0,0,0,0,1,3,0,0,1,0,0,0
221189892,12.197366,0.0,15.0,33.892307,0.7743582,1.0333083,nan,nan,0.0,0.0,0.0,0.0,0.0,0.0,0.0,0.0,0.0,0.0,0.0,0.0,0.0,0.0,0.0,0.0,0.0,0.0,0.0,12.197366,11.878932,0.59940714,12.169537,0.03876686,0.057910137,0,0,0,0,0,0,0,0,0,0,1,3,0,0,1,0,0,0
221389891,12.169112,0.0,15.0,33.892307,0.7743854,1.0333041,nan,nan,0.0,0.0,0.0,0.0,0.0,0.0,0.0,0.0,0.0,0.0,0.0,0.0,0.0,0.0,0.0,0.0,0.0,0.0,0.0,12.169112,11.878932,0.59940714,12.169537,0.03876686,0.057910137,0,0,0,0,0,0,0,0,0,0,1,3,0,0,1,0,0,0
221589891,12.211037,0.0,15.0,33.89231,0.7737393,1.0334027,nan,nan,0.0,0.0,0.0,0.0,0.0,0.0,0.0,0.0,0.0,0.0,0.0,0.0,0.0,0.0,0.0,0.0,0.0,0.0,0.0,12.211037,11.882022,0.60112375,12.197285,-0.006298065,0.057910137,0,0,0,0,0,0,0,0,0,0,1,3,0,0,1,0,0,0
221790134,12.229265,0.0,15.0,33.89231,0.77410406,1.033347,nan,nan,0.0,0.0,0.0,0.0,0.0,0.0,0.0,0.0,0.0,0.0,0.0,0.0,0.0,0.0,0.0,0.0,0.0,0.0,0.0,12.229265,11.882022,0.60112375,12.197285,-0.006298065,0.057910137,0,0,0,0,0,0,0,0,0,0,1,3,0,0,1,0,0,0
221999949,12.136302,0.0,15.0,33.89231,0.77369684,1.0334091,nan,nan,0.0,0.0,0.0,0.0,0.0,0.0,0.0,0.0,0.0,0.0,0.0,0.0,0.0,0.0,0.0,0.0,0.0,0.0,0.0,12.136302,11.882022,0.60112375,12.197285,-0.006298065,0.057910137,0,0,0,0,0,0,0,0,0,0,1,3,0,0,1,0,0,0
222199892,12.08344,0.0,15.0,33.89231,0.7738456,1.0333863,nan,nan,0.0,0.0,0.0,0.0,0.0,0.0,0.0,0.0,0.0,0.0,0.0,0.0,0.0,0.0,0.0,0.0,0.0,0.0,0.0,12.08344,11.882022,0.60112375,12.197285,-0.006298065,0.057910137,0,0,0,0,0,0,0,0,0,0,1,3,0,0,1,0,0,0
222399892,12.120808,0.0,15.0,33.89231,0.77358335,1.0334264,nan,nan,0.0,0.0,0.0,0.0,0.0,0.0,0.0,0.0,0.0,0.0,0.0,0.0,0.0,0.0,0.0,0.0,0.0,0.0,0.0,12.120808,11.882022,0.60112375,12.197285,-0.006298065,0.057910137,0,0,0,0,0,0,0,0,0,0,1,3,0,0,1,0,0,0
222589898,12.201012,0.0,15.0,33.89231,0.77346176,1.033445,nan,nan,0.0,0.0,0.0,0.0,0.0,0.0,0.0,0.0,0.0,0.0,0.0,0.0,0.0,0.0,0.0,0.0,0.0,0.0,0.0,12.201012,11.882022,0.60112375,12.197285,-0.006298065,0.057910137,0,0,0,0,0,0,0,0,0,0,1,3,0,0,1,0,0,0
222789891,12.209215,0.0,15.0,33.89231,0.77376837,1.0333982,nan,nan,0.0,0.0,0.0,0.0,0.0,0.0,0.0,0.0,0.0,0.0,0.0,0.0,0.0,0.0,0.0,0.0,0.0,0.0,0.0,12.209215,11.882022,0.60112375,12.197285,-0.006298065,0.057910137,0,0,0,0,0,0,0,0,0,0,1,3,0,0,1,0,0,0
222989891,12.218329,0.0,15.0,33.89231,0.7748031,1.0332403,nan,nan,0.0,0.0,0.0,0.0,0.0,0.0,0.0,0.0,0.0,0.0,0.0,0.0,0.0,0.0,0.0,0.0,0.0,0.0,0.0,12.218329,11.882022,0.60112375,12.197285,-0.006298065,0.057910137,0,0,0,0,0,0,0,0,0,0,1,3,0,0,1,0,0,0
223189891,12.18005,0.0,15.0,33.89231,0.7745456,1.0332797,nan,nan,0.0,0.0,0.0,0.0,0.0,0.0,0.0,0.0,0.0,0.0,0.0,0.0,0.0,0.0,0.0,0.0,0.0,0.0,0.0,12.18005,11.882022,0.60112375,12.197285,-0.006298065,0.057910137,0,0,0,0,0,0,0,0,0,0,1,3,0,0,1,0,0,0
223399891,12.107137,0.0,15.0,33.89231,0.7740888,1.0333493,nan,nan,0.0,0.0,0.0,0.0,0.0,0.0,0.0,0.0,0.0,0.0,0.0,0.0,0.0,0.0,0.0,0.0,0.0,0.0,0.0,12.107137,11.882022,0.60112375,12.197285,-0.006298065,0.057910137,0,0,0,0,0,0,0,0,0,0,1,3,0,0,1,0,0,0
223599903,12.111694,0.0,15.0,33.89231,0.77356046,1.03343,nan,nan,0.0,0.0,0.0,0.0,0.0,0.0,0.0,0.0,0.0,0.0,0.0,0.0,0.0,0.0,0.0,0.0,0.0,0.0,0.0,12.111694,11.882022,0.60112375,12.197285,-0.006298065,0.057910137,0,0,0,0,0,0,0,0,0,0,1,3,0,0,1,0,0,0
223799929,12.138124,0.0,15.0,33.89231,0.7736463,1.0334169,nan,nan,0.0,0.0,0.0,0.0,0.0,0.0,0.0,0.0,0.0,0.0,0.0,0.0,0.0,0.0,0.0,0.0,0.0,0.0,0.0,12.138124,11.882022,0.60112375,12.197285,-0.006298065,0.057910137,0,0,0,0,0,0,0,0,0,0,1,3,0,0,1,0,0,0
224000148,12.117163,0.0,15.0,33.892376,0.7739157,1.0333757,nan,nan,0.0,0.0,0.0,0.0,0.0,0.0,0.0,0.0,0.0,0.0,0.0,0.0,0.0,0.0,0.0,0.0,0.0,0.0,0.0,12.117163,11.885262,0.60292333,12.194876,0.014339447,0.057910137,0,0,0,0,0,0,0,0,0,0,1,3,0,0,1,0,0,0
224189890,12.187341,0.0,15.0,33.892376,0.7736873,1.0334105,nan,nan,0.0,0.0,0.0,0.0,0.0,0.0,0.0,0.0,0.0,0.0,0.0,0.0,0.0,0.0,0.0,0.0,0.0,0.0,0.0,12.187341,11.885262,0.60292333,12.194876,0.014339447,0.057910137,0,0,0,0,0,0,0,0,0,0,1,3,0,0,1,0,0,0
224389891,12.195544,0.0,15.0,33.892765,0.77292055,1.0335275,nan,nan,0.0,0.0,0.0,0.0,0.0,0.0,0.0,0.0,0.0,0.0,0.0,0.0,0.0,0.0,0.0,0.0,0.0,0.0,0.0,12.195544,11.891258,0.606255,12.1731,0.014240265,0.057910137,0,0,0,0,0,0,0,0,0,0,1,3,0,0,1,0,0,0
224589891,12.239291,0.0,15.0,33.892765,0.77221483,1.0336353,nan,nan,0.0,0.0,0.0,0.0,0.0,0.0,0.0,0.0,0.0,0.0,0.0,0.0,0.0,0.0,0.0,0.0,0.0,0.0,0.0,12.239291,11.891258,0.606255,12.1731,0.014240265,0.057910137,0,0,0,0,0,0,0,0,0,0,1,3,0,0,1,0,0,0
224799892,12.098934,0.0,15.0,33.892765,0.7709407,1.0338297,nan,nan,0.0,0.0,0.0,0.0,0.0,0.0,0.0,0.0,0.0,0.0,0.0,0.0,0.0,0.0,0.0,0.0,0.0,0.0,0.0,12.098934,11.891258,0.606255,12.1731,0.014240265,0.057910137,0,0,0,0,0,0,0,0,0,0,1,3,0,0,1,0,0,0
224999981,12.157265,0.0,15.0,33.89305,0.7715034,1.0337439,nan,nan,0.0,0.0,0.0,0.0,0.0,0.0,0.0,0.0,0.0,0.0,0.0,0.0,0.0,0.0,0.0,0.0,0.0,0.0,0.0,12.157265,11.900238,0.61124367,12.212294,0.0014781952,0.057910137,0,0,0,0,0,0,0,0,0,0,1,3,0,0,1,0,0,0
225199891,12.132656,0.0,15.0,33.89308,0.7712669,1.03378,nan,nan,0.0,0.0,0.0,0.0,0.0,0.0,0.0,0.0,0.0,0.0,0.0,0.0,0.0,0.0,0.0,0.0,0.0,0.0,0.0,12.132656,11.903162,0.61286825,12.203726,-0.008181572,0.057910137,0,0,0,0,0,0,0,0,0,0,1,3,0,0,1,0,0,0
225389890,12.232,0.0,15.0,33.89308,0.7712478,1.0337828,nan,nan,0.0,0.0,0.0,0.0,0.0,0.0,0.0,0.0,0.0,0.0,0.0,0.0,0.0,0.0,0.0,0.0,0.0,0.0,0.0,12.232,11.903162,0.61286825,12.203726,-0.008181572,0.057910137,0,0,0,0,0,0,0,0,0,0,1,3,0,0,1,0,0,0
225589891,12.18643,0.0,15.0,33.893177,0.7709212,1.0338328,nan,nan,0.0,0.0,0.0,0.0,0.0,0.0,0.0,0.0,0.0,0.0,0.0,0.0,0.0,0.0,0.0,0.0,0.0,0.0,0.0,12.18643,11.906084,0.6144914,12.199757,-0.0014791489,0.057910137,0,0,0,0,0,0,0,0,0,0,1,3,0,0,1,0,0,0
225789891,12.209215,0.0,15.0,33.893177,0.7719216,1.03368,nan,nan,0.0,0.0,0.0,0.0,0.0,0.0,0.0,0.0,0.0,0.0,0.0,0.0,0.0,0.0,0.0,0.0,0.0,0.0,0.0,12.209215,11.906084,0.6144914,12.199757,-0.0014791489,0.057910137,0,0,0,0,0,0,0,0,0,0,1,3,0,0,1,0,0,0
225989892,12.220151,0.0,15.0,33.893177,0.77274984,1.0335536,nan,nan,0.0,0.0,0.0,0.0,0.0,0.0,0.0,0.0,0.0,0.0,0.0,0.0,0.0,0.0,0.0,0.0,0.0,0.0,0.0,12.220151,11.906084,0.6144914,12.199757,-0.0014791489,0.057910137,0,0,0,0,0,0,0,0,0,0,1,3,0,0,1,0,0,0
226199891,12.150884,0.0,15.0,33.89334,0.772736,1.0335556,nan,nan,0.0,0.0,0.0,0.0,0.0,0.0,0.0,0.0,0.0,0.0,0.0,0.0,0.0,0.0,0.0,0.0,0.0,0.0,0.0,12.150884,11.909184,0.61621374,12.202491,0.016748428,0.057910137,0,0,0,0,0,0,0,0,0,0,1,3,0,0,1,0,0,0
226399892,12.112605,0.0,15.0,33.89334,0.77244467,1.0336002,nan,nan,0.0,0.0,0.0,0.0,0.0,0.0,0.0,0.0,0.0,0.0,0.0,0.0,0.0,0.0,0.0,0.0,0.0,0.0,0.0,12.112605,11.909184,0.61621374,12.202491,0.016748428,0.057910137,0,0,0,0,0,0,0,0,0,0,1,3,0,0,1,0,0,0
226599892,12.12901,0.0,15.0,33.89348,0.7725238,1.033588,nan,nan,0.0,0.0,0.0,0.0,0.0,0.0,0.0,0.0,0.0,0.0,0.0,0.0,0.0,0.0,0.0,0.0,0.0,0.0,0.0,12.12901,11.911767,0.61764854,12.217619,-0.047595024,0.057910137,0,0,0,0,0,0,0,0,0,0,1,3,0,0,1,0,0,0
226790098,12.18005,0.0,15.0,33.893673,0.7733745,1.0334584,nan,nan,0.0,0.0,0.0,0.0,0.0,0.0,0.0,0.0,0.0,0.0,0.0,0.0,0.0,0.0,0.0,0.0,0.0,0.0,0.0,12.18005,11.914477,0.6191544,12.173589,0.011929512,0.057910137,0,0,0,0,0,0,0,0,0,0,1,3,0,0,1,0,0,0
226989892,12.195544,0.0,15.0,33.893673,0.77269024,1.0335627,nan,nan,0.0,0.0,0.0,0.0,0.0,0.0,0.0,0.0,0.0,0.0,0.0,0.0,0.0,0.0,0.0,0.0,0.0,0.0,0.0,12.195544,11.914477,0.6191544,12.173589,0.011929512,0.057910137,0,0,0,0,0,0,0,0,0,0,1,3,0,0,1,0,0,0
227189891,12.221063,0.0,15.0,33.893673,0.7719659,1.0336732,nan,nan,0.0,0.0,0.0,0.0,0.0,0.0,0.0,0.0,0.0,0.0,0.0,0.0,0.0,0.0,0.0,0.0,0.0,0.0,0.0,12.221063,11.914477,0.6191544,12.173589,0.011929512,0.057910137,0,0,0,0,0,0,0,0,0,0,1,3,0,0,1,0,0,0
227390246,12.175492,0.0,15.0,33.893673,0.7717318,1.033709,nan,nan,0.0,0.0,0.0,0.0,0.0,0.0,0.0,0.0,0.0,0.0,0.0,0.0,0.0,0.0,0.0,0.0,0.0,0.0,0.0,12.175492,11.914477,0.6191544,12.173589,0.011929512,0.057910137,0,0,0,0,0,0,0,0,0,0,1,3,0,0,1,0,0,0
227599892,12.1044035,0.0,15.0,33.89377,0.772005,1.0336673,nan,nan,0.0,0.0,0.0,0.0,0.0,0.0,0.0,0.0,0.0,0.0,0.0,0.0,0.0,0.0,0.0,0.0,0.0,0.0,0.0,12.1044035,11.917369,0.6207604,12.17936,0.027119637,0.057910137,0,0,0,0,0,0,0,0,0,0,1,3,0,0,1,0,0,0
227799892,12.13539,0.0,15.0,33.89377,0.77223533,1.033632,nan,nan,0.0,0.0,0.0,0.0,0.0,0.0,0.0,0.0,0.0,0.0,0.0,0.0,0.0,0.0,0.0,0.0,0.0,0.0,0.0,12.13539,11.917369,0.6207604,12.17936,0.027119637,0.057910137,0,0,0,0,0,0,0,0,0,0,1,3,0,0,1,0,0,0
227999905,12.202835,0.0,15.0,33.89377,0.7722139,1.0336354,nan,nan,0.0,0.0,0.0,0.0,0.0,0.0,0.0,0.0,0.0,0.0,0.0,0.0,0.0,0.0,0.0,0.0,0.0,0.0,0.0,12.202835,11.917369,0.6207604,12.17936,0.027119637,0.057910137,0,0,0,0,0,0,0,0,0,0,1,3,0,0,1,0,0,0
228189891,12.172759,0.0,15.0,33.89377,0.7721948,1.0336382,nan,nan,0.0,0.0,0.0,0.0,0.0,0.0,0.0,0.0,0.0,0.0,0.0,0.0,0.0,0.0,0.0,0.0,0.0,0.0,0.0,12.172759,11.917369,0.6207604,12.17936,0.027119637,0.057910137,0,0,0,0,0,0,0,0,0,0,1,3,0,0,1,0,0,0
228389891,12.151795,0.0,15.0,33.89377,0.77232355,1.0336187,nan,nan,0.0,0.0,0.0,0.0,0.0,0.0,0.0,0.0,0.0,0.0,0.0,0.0,0.0,0.0,0.0,0.0,0.0,0.0,0.0,12.151795,11.917369,0.6207604,12.17936,0.027119637,0.057910137,0,0,0,0,0,0,0,0,0,0,1,3,0,0,1,0,0,0
228589891,12.216506,0.0,15.0,33.89377,0.7717785,1.0337019,nan,nan,0.0,0.0,0.0,0.0,0.0,0.0,0.0,0.0,0.0,0.0,0.0,0.0,0.0,0.0,0.0,0.0,0.0,0.0,0.0,12.216506,11.917369,0.6207604,12.17936,0.027119637,0.057910137,0,0,0,0,0,0,0,0,0,0,1,3,0,0,1,0,0,0
228789891,12.211948,0.0,15.0,33.89377,0.77201074,1.0336664,nan,nan,0.0,0.0,0.0,0.0,0.0,0.0,0.0,0.0,0.0,0.0,0.0,0.0,0.0,0.0,0.0,0.0,0.0,0.0,0.0,12.211948,11.917369,0.6207604,12.17936,0.027119637,0.057910137,0,0,0,0,0,0,0,0,0,0,1,3,0,0,1,0,0,0
228999892,12.136302,0.0,15.0,33.89377,0.7722792,1.0336254,nan,nan,0.0,0.0,0.0,0.0,0.0,0.0,0.0,0.0,0.0,0.0,0.0,0.0,0.0,0.0,0.0,0.0,0.0,0.0,0.0,12.136302,11.917369,0.6207604,12.17936,0.027119637,0.057910137,0,0,0,0,0,0,0,0,0,0,1,3,0,0,1,0,0,0
229199892,12.147239,0.0,15.0,33.89381,0.7712278,1.0337859,nan,nan,0.0,0.0,0.0,0.0,0.0,0.0,0.0,0.0,0.0,0.0,0.0,0.0,0.0,0.0,0.0,0.0,0.0,0.0,0.0,12.147239,11.920349,0.62241644,12.202916,0.015413284,0.057910137,0,0,0,0,0,0,0,0,0,0,1,3,0,0,1,0,0,0
229399892,12.138124,0.0,15.0,33.89415,0.7706737,1.0338705,nan,nan,0.0,0.0,0.0,0.0,0.0,0.0,0.0,0.0,0.0,0.0,0.0,0.0,0.0,0.0,0.0,0.0,0.0,0.0,0.0,12.138124,11.92311,0.6239504,12.23745,-0.03826046,0.057910137,0,0,0,0,0,0,0,0,0,0,1,3,0,0,1,0,0,0
229589891,12.194633,0.0,15.0,33.89415,0.77075094,1.0338588,nan,nan,0.0,0.0,0.0,0.0,0.0,0.0,0.0,0.0,0.0,0.0,0.0,0.0,0.0,0.0,0.0,0.0,0.0,0.0,0.0,12.194633,11.92311,0.6239504,12.23745,-0.03826046,0.057910137,0,0,0,0,0,0,0,0,0,0,1,3,0,0,1,0,0,0
229789926,12.209215,0.0,15.0,33.89415,0.7715139,1.0337422,nan,nan,0.0,0.0,0.0,0.0,0.0,0.0,0.0,0.0,0.0,0.0,0.0,0.0,0.0,0.0,0.0,0.0,0.0,0.0,0.0,12.209215,11.92311,0.6239504,12.23745,-0.03826046,0.057910137,0,0,0,0,0,0,0,0,0,0,1,3,0,0,1,0,0,0
229989890,12.203746,0.0,15.0,33.89415,0.7712931,1.0337759,nan,nan,0.0,0.0,0.0,0.0,0.0,0.0,0.0,0.0,0.0,0.0,0.0,0.0,0.0,0.0,0.0,0.0,0.0,0.0,0.0,12.203746,11.92311,0.6239504,12.23745,-0.03826046,0.057910137,0,0,0,0,0,0,0,0,0,0,1,3,0,0,1,0,0,0
230189891,12.18005,0.0,15.0,33.89445,0.7716631,1.0337194,nan,nan,0.0,0.0,0.0,0.0,0.0,0.0,0.0,0.0,0.0,0.0,0.0,0.0,0.0,0.0,0.0,0.0,0.0,0.0,0.0,12.18005,11.925817,0.6254539,12.19692,-0.00046634674,0.057910137,0,0,0,0,0,0,0,0,0,0,1,3,0,0,1,0,0,0
230399891,12.115339,0.0,15.0,33.894615,0.7715792,1.0337323,nan,nan,0.0,0.0,0.0,0.0,0.0,0.0,0.0,0.0,0.0,0.0,0.0,0.0,0.0,0.0,0.0,0.0,0.0,0.0,0.0,12.115339,11.928433,0.62690777,12.18738,0.0026950836,0.057910137,0,0,0,0,0,0,0,0,0,0,1,3,0,0,1,0,0,0
230599892,12.139948,0.0,15.0,33.894726,0.77212566,1.0336488,nan,nan,0.0,0.0,0.0,0.0,0.0,0.0,0.0,0.0,0.0,0.0,0.0,0.0,0.0,0.0,0.0,0.0,0.0,0.0,0.0,12.139948,11.931529,0.6286277,12.186834,0.05428028,0.057910137,0,0,0,0,0,0,0,0,0,0,1,3,0,0,1,0,0,0
230800415,12.139948,0.0,15.0,33.894726,0.7723364,1.0336167,nan,nan,0.0,0.0,0.0,0.0,0.0,0.0,0.0,0.0,0.0,0.0,0.0,0.0,0.0,0.0,0.0,0.0,0.0,0.0,0.0,12.139948,11.931529,0.6286277,12.186834,0.05428028,0.057910137,0,0,0,0,0,0,0,0,0,0,1,3,0,0,1,0,0,0
230989892,12.165466,0.0,15.0,33.894726,0.77262014,1.0335734,nan,nan,0.0,0.0,0.0,0.0,0.0,0.0,0.0,0.0,0.0,0.0,0.0,0.0,0.0,0.0,0.0,0.0,0.0,0.0,0.0,12.165466,11.931529,0.6286277,12.186834,0.05428028,0.057910137,0,0,0,0,0,0,0,0,0,0,1,3,0,0,1,0,0,0
231189891,12.166378,0.0,15.0,33.8948,0.7728109,1.0335443,nan,nan,0.0,0.0,0.0,0.0,0.0,0.0,0.0,0.0,0.0,0.0,0.0,0.0,0.0,0.0,0.0,0.0,0.0,0.0,0.0,12.166378,11.934323,0.6301798,12.238522,-0.024749756,0.057910137,0,0,0,0,0,0,0,0,0,0,1,3,0,0,1,0,0,0
231389894,12.181872,0.0,15.0,33.8948,0.7728109,1.0335443,nan,nan,0.0,0.0,0.0,0.0,0.0,0.0,0.0,0.0,0.0,0.0,0.0,0.0,0.0,0.0,0.0,0.0,0.0,0.0,0.0,12.181872,11.934323,0.6301798,12.238522,-0.024749756,0.057910137,0,0,0,0,0,0,0,0,0,0,1,3,0,0,1,0,0,0
231589891,12.165466,0.0,15.0,33.89502,0.7716965,1.0337143,nan,nan,0.0,0.0,0.0,0.0,0.0,0.0,0.0,0.0,0.0,0.0,0.0,0.0,0.0,0.0,0.0,0.0,0.0,0.0,0.0,12.165466,11.936865,0.63159174,12.223495,-0.032507896,0.057910137,0,0,0,0,0,0,0,0,0,0,1,3,0,0,1,0,0,0
231800250,12.176404,0.0,15.0,33.89502,0.770955,1.0338275,nan,nan,0.0,0.0,0.0,0.0,0.0,0.0,0.0,0.0,0.0,0.0,0.0,0.0,0.0,0.0,0.0,0.0,0.0,0.0,0.0,12.176404,11.936865,0.63159174,12.223495,-0.032507896,0.057910137,0,0,0,0,0,0,0,0,0,0,1,3,0,0,1,0,0,0
232000169,12.139036,0.0,15.0,33.89502,0.77086633,1.0338411,nan,nan,0.0,0.0,0.0,0.0,0.0,0.0,0.0,0.0,0.0,0.0,0.0,0.0,0.0,0.0,0.0,0.0,0.0,0.0,0.0,12.139036,11.936865,0.63159174,12.223495,-0.032507896,0.057910137,0,0,0,0,0,0,0,0,0,0,1,3,0,0,1,0,0,0
232199950,12.1344795,0.0,15.0,33.89502,0.7706613,1.0338725,nan,nan,0.0,0.0,0.0,0.0,0.0,0.0,0.0,0.0,0.0,0.0,0.0,0.0,0.0,0.0,0.0,0.0,0.0,0.0,0.0,12.1344795,11.936865,0.63159174,12.223495,-0.032507896,0.057910137,0,0,0,0,0,0,0,0,0,0,1,3,0,0,1,0,0,0
232389891,12.179138,0.0,15.0,33.89502,0.7709169,1.0338334,nan,nan,0.0,0.0,0.0,0.0,0.0,0.0,0.0,0.0,0.0,0.0,0.0,0.0,0.0,0.0,0.0,0.0,0.0,0.0,0.0,12.179138,11.936865,0.63159174,12.223495,-0.032507896,0.057910137,0,0,0,0,0,0,0,0,0,0,1,3,0,0,1,0,0,0
232589890,12.197366,0.0,15.0,33.895084,0.7712373,1.0337845,nan,nan,0.0,0.0,0.0,0.0,0.0,0.0,0.0,0.0,0.0,0.0,0.0,0.0,0.0,0.0,0.0,0.0,0.0,0.0,0.0,12.197366,11.9395075,0.6330599,12.180941,0.022805214,0.057910137,0,0,0,0,0,0,0,0,0,0,1,3,0,0,1,0,0,0
232789891,12.197366,0.0,15.0,33.895084,0.7717747,1.0337025,nan,nan,0.0,0.0,0.0,0.0,0.0,0.0,0.0,0.0,0.0,0.0,0.0,0.0,0.0,0.0,0.0,0.0,0.0,0.0,0.0,12.197366,11.9395075,0.6330599,12.180941,0.022805214,0.057910137,0,0,0,0,0,0,0,0,0,0,1,3,0,0,1,0,0,0
232989904,12.203746,0.0,15.0,33.895084,0.77292675,1.0335265,nan,nan,0.0,0.0,0.0,0.0,0.0,0.0,0.0,0.0,0.0,0.0,0.0,0.0,0.0,0.0,0.0,0.0,0.0,0.0,0.0,12.203746,11.9395075,0.6330599,12.180941,0.022805214,0.057910137,0,0,0,0,0,0,0,0,0,0,1,3,0,0,1,0,0,0
233200042,12.14177,0.0,15.0,33.895084,0.7728905,1.0335321,nan,nan,0.0,0.0,0.0,0.0,0.0,0.0,0.0,0.0,0.0,0.0,0.0,0.0,0.0,0.0,0.0,0.0,0.0,0.0,0.0,12.14177,11.9395075,0.6330599,12.180941,0.022805214,0.057910137,0,0,0,0,0,0,0,0,0,0,1,3,0,0,1,0,0,0
233399891,12.139036,0.0,15.0,33.895084,0.7723889,1.0336087,nan,nan,0.0,0.0,0.0,0.0,0.0,0.0,0.0,0.0,0.0,0.0,0.0,0.0,0.0,0.0,0.0,0.0,0.0,0.0,0.0,12.139036,11.9395075,0.6330599,12.180941,0.022805214,0.057910137,0,0,0,0,0,0,0,0,0,0,1,3,0,0,1,0,0,0
233599892,12.139036,0.0,15.0,33.895084,0.7725758,1.0335802,nan,nan,0.0,0.0,0.0,0.0,0.0,0.0,0.0,0.0,0.0,0.0,0.0,0.0,0.0,0.0,0.0,0.0,0.0,0.0,0.0,12.139036,11.9395075,0.6330599,12.180941,0.022805214,0.057910137,0,0,0,0,0,0,0,0,0,0,1,3,0,0,1,0,0,0
233789894,12.218329,0.0,15.0,33.895084,0.7729253,1.0335268,nan,nan,0.0,0.0,0.0,0.0,0.0,0.0,0.0,0.0,0.0,0.0,0.0,0.0,0.0,0.0,0.0,0.0,0.0,0.0,0.0,12.218329,11.9395075,0.6330599,12.180941,0.022805214,0.057910137,0,0,0,0,0,0,0,0,0,0,1,3,0,0,1,0,0,0
233989891,12.198277,0.0,15.0,33.89513,0.77283615,1.0335404,nan,nan,0.0,0.0,0.0,0.0,0.0,0.0,0.0,0.0,0.0,0.0,0.0,0.0,0.0,0.0,0.0,0.0,0.0,0.0,0.0,12.198277,11.942151,0.6345286,12.202449,0.0040311813,0.057910137,0,0,0,0,0,0,0,0,0,0,1,3,0,0,1,0,0,0
234189891,12.208303,0.0,15.0,33.89513,0.77285236,1.033538,nan,nan,0.0,0.0,0.0,0.0,0.0,0.0,0.0,0.0,0.0,0.0,0.0,0.0,0.0,0.0,0.0,0.0,0.0,0.0,0.0,12.208303,11.942151,0.6345286,12.202449,0.0040311813,0.057910137,0,0,0,0,0,0,0,0,0,0,1,3,0,0,1,0,0,0
234389991,12.205568,0.0,15.0,33.89513,0.7728514,1.0335381,nan,nan,0.0,0.0,0.0,0.0,0.0,0.0,0.0,0.0,0.0,0.0,0.0,0.0,0.0,0.0,0.0,0.0,0.0,0.0,0.0,12.205568,11.942151,0.6345286,12.202449,0.0040311813,0.057910137,0,0,0,0,0,0,0,0,0,0,1,3,0,0,1,0,0,0
234599891,12.13539,0.0,15.0,33.89565,0.772366,1.0336123,nan,nan,0.0,0.0,0.0,0.0,0.0,0.0,0.0,0.0,0.0,0.0,0.0,0.0,0.0,0.0,0.0,0.0,0.0,0.0,0.0,12.13539,11.944687,0.63593763,12.236619,-0.038341522,0.057910137,0,0,0,0,0,0,0,0,0,0,1,3,0,0,1,0,0,0
234799892,12.126277,0.0,15.0,33.89565,0.77261776,1.0335737,nan,nan,0.0,0.0,0.0,0.0,0.0,0.0,0.0,0.0,0.0,0.0,0.0,0.0,0.0,0.0,0.0,0.0,0.0,0.0,0.0,12.126277,11.944687,0.63593763,12.236619,-0.038341522,0.057910137,0,0,0,0,0,0,0,0,0,0,1,3,0,0,1,0,0,0
234999892,12.105313,0.0,15.0,33.89565,0.77205366,1.0336598,nan,nan,0.0,0.0,0.0,0.0,0.0,0.0,0.0,0.0,0.0,0.0,0.0,0.0,0.0,0.0,0.0,0.0,0.0,0.0,0.0,12.105313,11.944687,0.63593763,12.236619,-0.038341522,0.057910137,0,0,0,0,0,0,0,0,0,0,1,3,0,0,1,0,0,0
235189892,12.194633,0.0,15.0,33.89565,0.77143615,1.0337541,nan,nan,0.0,0.0,0.0,0.0,0.0,0.0,0.0,0.0,0.0,0.0,0.0,0.0,0.0,0.0,0.0,0.0,0.0,0.0,0.0,12.194633,11.944687,0.63593763,12.236619,-0.038341522,0.057910137,0,0,0,0,0,0,0,0,0,0,1,3,0,0,1,0,0,0
235389891,12.198277,0.0,15.0,33.89565,0.7713217,1.0337716,nan,nan,0.0,0.0,0.0,0.0,0.0,0.0,0.0,0.0,0.0,0.0,0.0,0.0,0.0,0.0,0.0,0.0,0.0,0.0,0.0,12.198277,11.944687,0.63593763,12.236619,-0.038341522,0.057910137,0,0,0,0,0,0,0,0,0,0,1,3,0,0,1,0,0,0
235590512,12.197366,0.0,15.0,33.896236,0.7715606,1.033735,nan,nan,0.0,0.0,0.0,0.0,0.0,0.0,0.0,0.0,0.0,0.0,0.0,0.0,0.0,0.0,0.0,0.0,0.0,0.0,0.0,12.197366,11.946765,0.63709205,12.202491,-0.04796028,0.057910137,0,0,0,0,0,0,0,0,0,0,1,3,0,0,1,0,0,0
235789890,12.215594,0.0,15.0,33.896236,0.771553,1.0337363,nan,nan,0.0,0.0,0.0,0.0,0.0,0.0,0.0,0.0,0.0,0.0,0.0,0.0,0.0,0.0,0.0,0.0,0.0,0.0,0.0,12.215594,11.946765,0.63709205,12.202491,-0.04796028,0.057910137,0,0,0,0,0,0,0,0,0,0,1,3,0,0,1,0,0,0
235999892,12.13539,0.0,15.0,33.896236,0.7720408,1.0336618,nan,nan,0.0,0.0,0.0,0.0,0.0,0.0,0.0,0.0,0.0,0.0,0.0,0.0,0.0,0.0,0.0,0.0,0.0,0.0,0.0,12.13539,11.946765,0.63709205,12.202491,-0.04796028,0.057910137,0,0,0,0,0,0,0,0,0,0,1,3,0,0,1,0,0,0
236199892,12.133568,0.0,15.0,33.896236,0.7719812,1.0336709,nan,nan,0.0,0.0,0.0,0.0,0.0,0.0,0.0,0.0,0.0,0.0,0.0,0.0,0.0,0.0,0.0,0.0,0.0,0.0,0.0,12.133568,11.946765,0.63709205,12.202491,-0.04796028,0.057910137,0,0,0,0,0,0,0,0,0,0,1,3,0,0,1,0,0,0
236399891,12.139036,0.0,15.0,33.896236,0.77218145,1.0336404,nan,nan,0.0,0.0,0.0,0.0,0.0,0.0,0.0,0.0,0.0,0.0,0.0,0.0,0.0,0.0,0.0,0.0,0.0,0.0,0.0,12.139036,11.946765,0.63709205,12.202491,-0.04796028,0.057910137,0,0,0,0,0,0,0,0,0,0,1,3,0,0,1,0,0,0
236589891,12.178226,0.0,15.0,33.896236,0.77236885,1.0336118,nan,nan,0.0,0.0,0.0,0.0,0.0,0.0,0.0,0.0,0.0,0.0,0.0,0.0,0.0,0.0,0.0,0.0,0.0,0.0,0.0,12.178226,11.946765,0.63709205,12.202491,-0.04796028,0.057910137,0,0,0,0,0,0,0,0,0,0,1,3,0,0,1,0,0,0
236790250,12.194633,0.0,15.0,33.89624,0.7726235,1.0335729,nan,nan,0.0,0.0,0.0,0.0,0.0,0.0,0.0,0.0,0.0,0.0,0.0,0.0,0.0,0.0,0.0,0.0,0.0,0.0,0.0,12.194633,11.949435,0.638575,12.117586,0.09891987,0.057910137,0,0,0,0,0,0,0,0,0,0,1,3,0,0,1,0,0,0
236990519,12.163645,0.0,15.0,33.89624,0.7724175,1.0336043,nan,nan,0.0,0.0,0.0,0.0,0.0,0.0,0.0,0.0,0.0,0.0,0.0,0.0,0.0,0.0,0.0,0.0,0.0,0.0,0.0,12.163645,11.949435,0.638575,12.117586,0.09891987,0.057910137,0,0,0,0,0,0,0,0,0,0,1,3,0,0,1,0,0,0
237189894,12.217418,0.0,15.0,33.896656,0.77273315,1.0335562,nan,nan,0.0,0.0,0.0,0.0,0.0,0.0,0.0,0.0,0.0,0.0,0.0,0.0,0.0,0.0,0.0,0.0,0.0,0.0,0.0,12.217418,11.95207,0.6400389,12.242756,-0.027161598,0.057910137,0,0,0,0,0,0,0,0,0,0,1,3,0,0,1,0,0,0
237399893,12.154531,0.0,15.0,33.896656,0.7715339,1.0337392,nan,nan,0.0,0.0,0.0,0.0,0.0,0.0,0.0,0.0,0.0,0.0,0.0,0.0,0.0,0.0,0.0,0.0,0.0,0.0,0.0,12.154531,11.95207,0.6400389,12.242756,-0.027161598,0.057910137,0,0,0,0,0,0,0,0,0,0,1,3,0,0,1,0,0,0
237599893,12.12901,0.0,15.0,33.896805,0.771944,1.0336766,nan,nan,0.0,0.0,0.0,0.0,0.0,0.0,0.0,0.0,0.0,0.0,0.0,0.0,0.0,0.0,0.0,0.0,0.0,0.0,0.0,12.12901,11.954472,0.6413736,12.198419,-0.003786087,0.057910137,0,0,0,0,0,0,0,0,0,0,1,3,0,0,1,0,0,0
237799905,12.12901,0.0,15.0,33.896805,0.77045053,1.0339046,nan,nan,0.0,0.0,0.0,0.0,0.0,0.0,0.0,0.0,0.0,0.0,0.0,0.0,0.0,0.0,0.0,0.0,0.0,0.0,0.0,12.12901,11.954472,0.6413736,12.198419,-0.003786087,0.057910137,0,0,0,0,0,0,0,0,0,0,1,3,0,0,1,0,0,0
237999892,12.122631,0.0,15.0,33.89693,0.769648,1.0340272,nan,nan,0.0,0.0,0.0,0.0,0.0,0.0,0.0,0.0,0.0,0.0,0.0,0.0,0.0,0.0,0.0,0.0,0.0,0.0,0.0,12.122631,11.956606,0.642559,12.193336,-0.023311615,0.057910137,0,0,0,0,0,0,0,0,0,0,1,3,0,0,1,0,0,0
238189890,12.204658,0.0,15.0,33.89693,0.7710394,1.0338147,nan,nan,0.0,0.0,0.0,0.0,0.0,0.0,0.0,0.0,0.0,0.0,0.0,0.0,0.0,0.0,0.0,0.0,0.0,0.0,0.0,12.204658,11.956606,0.642559,12.193336,-0.023311615,0.057910137,0,0,0,0,0,0,0,0,0,0,1,3,0,0,1,0,0,0
238389891,12.162733,0.0,15.0,33.89693,0.7711372,1.0337998,nan,nan,0.0,0.0,0.0,0.0,0.0,0.0,0.0,0.0,0.0,0.0,0.0,0.0,0.0,0.0,0.0,0.0,0.0,0.0,0.0,12.162733,11.956606,0.642559,12.193336,-0.023311615,0.057910137,0,0,0,0,0,0,0,0,0,0,1,3,0,0,1,0,0,0
238589890,12.185518,0.0,15.0,33.89693,0.7712745,1.0337788,nan,nan,0.0,0.0,0.0,0.0,0.0,0.0,0.0,0.0,0.0,0.0,0.0,0.0,0.0,0.0,0.0,0.0,0.0,0.0,0.0,12.185518,11.956606,0.642559,12.193336,-0.023311615,0.057910137,0,0,0,0,0,0,0,0,0,0,1,3,0,0,1,0,0,0
238799892,12.107137,0.0,15.0,33.89696,0.7712049,1.0337894,nan,nan,0.0,0.0,0.0,0.0,0.0,0.0,0.0,0.0,0.0,0.0,0.0,0.0,0.0,0.0,0.0,0.0,0.0,0.0,0.0,12.107137,11.959035,0.64390844,12.163867,0.038056374,0.057910137,0,0,0,0,0,0,0,0,0,0,1,3,0,0,1,0,0,0
238999894,12.13539,0.0,15.0,33.89696,0.77169365,1.0337148,nan,nan,0.0,0.0,0.0,0.0,0.0,0.0,0.0,0.0,0.0,0.0,0.0,0.0,0.0,0.0,0.0,0.0,0.0,0.0,0.0,12.13539,11.959035,0.64390844,12.163867,0.038056374,0.057910137,0,0,0,0,0,0,0,0,0,0,1,3,0,0,1,0,0,0
239199908,12.121719,0.0,15.0,33.89696,0.77193445,1.033678,nan,nan,0.0,0.0,0.0,0.0,0.0,0.0,0.0,0.0,0.0,0.0,0.0,0.0,0.0,0.0,0.0,0.0,0.0,0.0,0.0,12.121719,11.959035,0.64390844,12.163867,0.038056374,0.057910137,0,0,0,0,0,0,0,0,0,0,1,3,0,0,1,0,0,0
239389894,12.182783,0.0,15.0,33.89696,0.772798,1.0335462,nan,nan,0.0,0.0,0.0,0.0,0.0,0.0,0.0,0.0,0.0,0.0,0.0,0.0,0.0,0.0,0.0,0.0,0.0,0.0,0.0,12.182783,11.959035,0.64390844,12.163867,0.038056374,0.057910137,0,0,0,0,0,0,0,0,0,0,1,3,0,0,1,0,0,0
239589891,12.171847,0.0,15.0,33.89696,0.77216095,1.0336435,nan,nan,0.0,0.0,0.0,0.0,0.0,0.0,0.0,0.0,0.0,0.0,0.0,0.0,0.0,0.0,0.0,0.0,0.0,0.0,0.0,12.171847,11.959035,0.64390844,12.163867,0.038056374,0.057910137,0,0,0,0,0,0,0,0,0,0,1,3,0,0,1,0,0,0
239789891,12.183695,0.0,15.0,33.89696,0.7721624,1.0336432,nan,nan,0.0,0.0,0.0,0.0,0.0,0.0,0.0,0.0,0.0,0.0,0.0,0.0,0.0,0.0,0.0,0.0,0.0,0.0,0.0,12.183695,11.959035,0.64390844,12.163867,0.038056374,0.057910137,0,0,0,0,0,0,0,0,0,0,1,3,0,0,1,0,0,0
239989891,12.18643,0.0,15.0,33.89696,0.77187866,1.0336865,nan,nan,0.0,0.0,0.0,0.0,0.0,0.0,0.0,0.0,0.0,0.0,0.0,0.0,0.0,0.0,0.0,0.0,0.0,0.0,0.0,12.18643,11.959035,0.64390844,12.163867,0.038056374,0.057910137,0,0,0,0,0,0,0,0,0,0,1,3,0,0,1,0,0,0
240199892,11.999591,0.0,15.0,33.89696,0.7706184,1.033879,nan,nan,0.0,0.0,0.0,0.0,0.0,0.0,0.0,0.0,0.0,0.0,0.0,0.0,0.0,0.0,0.0,0.0,0.0,0.0,0.0,11.999591,11.959035,0.64390844,12.163867,0.038056374,0.057910137,0,0,0,0,0,0,0,0,0,0,1,3,0,0,1,0,0,0
240400325,12.115339,0.0,15.0,33.89696,0.7710952,1.0338062,nan,nan,0.0,0.0,0.0,0.0,0.0,0.0,0.0,0.0,0.0,0.0,0.0,0.0,0.0,0.0,0.0,0.0,0.0,0.0,0.0,12.115339,11.959035,0.64390844,12.163867,0.038056374,0.057910137,0,0,0,0,0,0,0,0,0,0,1,3,0,0,1,0,0,0
240599892,12.139948,0.0,15.0,33.89696,0.77137417,1.0337636,nan,nan,0.0,0.0,0.0,0.0,0.0,0.0,0.0,0.0,0.0,0.0,0.0,0.0,0.0,0.0,0.0,0.0,0.0,0.0,0.0,12.139948,11.959035,0.64390844,12.163867,0.038056374,0.057910137,0,0,0,0,0,0,0,0,0,0,1,3,0,0,1,0,0,0
240789892,12.55646,0.0,15.0,33.89696,0.7738394,1.0333874,nan,nan,0.0,0.0,0.0,0.0,0.0,0.0,0.0,0.0,0.0,0.0,0.0,0.0,0.0,0.0,0.0,0.0,0.0,0.0,0.0,12.55646,11.959035,0.64390844,12.163867,0.038056374,0.057910137,0,0,0,0,0,0,0,0,0,0,1,3,0,0,1,0,0,0
240989891,12.173669,0.0,15.0,33.89696,0.7726812,1.0335641,nan,nan,0.0,0.0,0.0,0.0,0.0,0.0,0.0,0.0,0.0,0.0,0.0,0.0,0.0,0.0,0.0,0.0,0.0,0.0,0.0,12.173669,11.959035,0.64390844,12.163867,0.038056374,0.057910137,0,0,0,0,0,0,0,0,0,0,1,3,0,0,1,0,0,0
241189891,12.205568,0.0,15.0,33.89696,0.7713098,1.0337734,nan,nan,0.0,0.0,0.0,0.0,0.0,0.0,0.0,0.0,0.0,0.0,0.0,0.0,0.0,0.0,0.0,0.0,0.0,0.0,0.0,12.205568,11.959035,0.64390844,12.163867,0.038056374,0.057910137,0,0,0,0,0,0,0,0,0,0,1,3,0,0,1,0,0,0
241389905,12.213772,0.0,15.0,33.89696,0.7710704,1.0338099,nan,nan,0.0,0.0,0.0,0.0,0.0,0.0,0.0,0.0,0.0,0.0,0.0,0.0,0.0,0.0,0.0,0.0,0.0,0.0,0.0,12.213772,11.959035,0.64390844,12.163867,0.038056374,0.057910137,0,0,0,0,0,0,0,0,0,0,1,3,0,0,1,0,0,0
241599895,12.138124,0.0,15.0,33.897213,0.76997703,1.0339769,nan,nan,0.0,0.0,0.0,0.0,0.0,0.0,0.0,0.0,0.0,0.0,0.0,0.0,0.0,0.0,0.0,0.0,0.0,0.0,0.0,12.138124,11.963335,0.6462974,12.180231,-0.017498016,0.057910137,0,0,0,0,0,0,0,0,0,0,1,3,0,0,1,0,0,0
241800265,12.127189,0.0,15.0,33.897213,0.77003425,1.0339682,nan,nan,0.0,0.0,0.0,0.0,0.0,0.0,0.0,0.0,0.0,0.0,0.0,0.0,0.0,0.0,0.0,0.0,0.0,0.0,0.0,12.127189,11.963335,0.6462974,12.180231,-0.017498016,0.057910137,0,0,0,0,0,0,0,0,0,0,1,3,0,0,1,0,0,0
241999893,12.1344795,0.0,15.0,33.897213,0.7705688,1.0338866,nan,nan,0.0,0.0,0.0,0.0,0.0,0.0,0.0,0.0,0.0,0.0,0.0,0.0,0.0,0.0,0.0,0.0,0.0,0.0,0.0,12.1344795,11.963335,0.6462974,12.180231,-0.017498016,0.057910137,0,0,0,0,0,0,0,0,0,0,1,3,0,0,1,0,0,0
242189891,12.202835,0.0,15.0,33.897213,0.7705974,1.0338821,nan,nan,0.0,0.0,0.0,0.0,0.0,0.0,0.0,0.0,0.0,0.0,0.0,0.0,0.0,0.0,0.0,0.0,0.0,0.0,0.0,12.202835,11.963335,0.6462974,12.180231,-0.017498016,0.057910137,0,0,0,0,0,0,0,0,0,0,1,3,0,0,1,0,0,0
242389892,12.177316,0.0,15.0,33.897213,0.7699341,1.0339835,nan,nan,0.0,0.0,0.0,0.0,0.0,0.0,0.0,0.0,0.0,0.0,0.0,0.0,0.0,0.0,0.0,0.0,0.0,0.0,0.0,12.177316,11.963335,0.6462974,12.180231,-0.017498016,0.057910137,0,0,0,0,0,0,0,0,0,0,1,3,0,0,1,0,0,0
242589897,12.253874,0.13001876,15.0,33.897575,0.77047104,1.0339015,nan,nan,0.0,0.0,0.0,0.0,0.0,0.0,0.0,0.0,0.0,0.0,0.0,0.0,0.0,0.0,0.0,0.0,0.0,0.0,0.0,12.253874,11.966211,0.6478953,12.183474,0.07040024,0.057910137,0,0,0,0,0,0,0,0,0,0,1,3,0,0,1,0,0,0
242789910,12.177316,0.0,15.0,33.897575,0.77074236,1.0338601,nan,nan,0.0,0.0,0.0,0.0,0.0,0.0,0.0,0.0,0.0,0.0,0.0,0.0,0.0,0.0,0.0,0.0,0.0,0.0,0.0,12.177316,11.966211,0.6478953,12.183474,0.07040024,0.057910137,0,0,0,0,0,0,0,0,0,0,1,3,0,0,1,0,0,0
242999892,12.133568,0.0,15.0,33.897575,0.7699751,1.0339772,nan,nan,0.0,0.0,0.0,0.0,0.0,0.0,0.0,0.0,0.0,0.0,0.0,0.0,0.0,0.0,0.0,0.0,0.0,0.0,0.0,12.133568,11.966211,0.6478953,12.183474,0.07040024,0.057910137,0,0,0,0,0,0,0,0,0,0,1,3,0,0,1,0,0,0
243199893,12.153619,0.0,15.0,33.897575,0.77060646,1.0338808,nan,nan,0.0,0.0,0.0,0.0,0.0,0.0,0.0,0.0,0.0,0.0,0.0,0.0,0.0,0.0,0.0,0.0,0.0,0.0,0.0,12.153619,11.966211,0.6478953,12.183474,0.07040024,0.057910137,0,0,0,0,0,0,0,0,0,0,1,3,0,0,1,0,0,0
243399892,12.126277,0.0,15.0,33.89796,0.7710847,1.0338078,nan,nan,0.0,0.0,0.0,0.0,0.0,0.0,0.0,0.0,0.0,0.0,0.0,0.0,0.0,0.0,0.0,0.0,0.0,0.0,0.0,12.126277,11.970552,0.6503071,12.188821,0.014014244,0.057910137,0,0,0,0,0,0,0,0,0,0,1,3,0,0,1,0,0,0
243589892,12.201923,0.0,15.0,33.89796,0.7714605,1.0337504,nan,nan,0.0,0.0,0.0,0.0,0.0,0.0,0.0,0.0,0.0,0.0,0.0,0.0,0.0,0.0,0.0,0.0,0.0,0.0,0.0,12.201923,11.970552,0.6503071,12.188821,0.014014244,0.057910137,0,0,0,0,0,0,0,0,0,0,1,3,0,0,1,0,0,0
243789891,12.222886,0.0,15.0,33.89796,0.77204317,1.0336615,nan,nan,0.0,0.0,0.0,0.0,0.0,0.0,0.0,0.0,0.0,0.0,0.0,0.0,0.0,0.0,0.0,0.0,0.0,0.0,0.0,12.222886,11.970552,0.6503071,12.188821,0.014014244,0.057910137,0,0,0,0,0,0,0,0,0,0,1,3,0,0,1,0,0,0
243989891,12.211948,0.0,15.0,33.89796,0.7724399,1.0336009,nan,nan,0.0,0.0,0.0,0.0,0.0,0.0,0.0,0.0,0.0,0.0,0.0,0.0,0.0,0.0,0.0,0.0,0.0,0.0,0.0,12.211948,11.970552,0.6503071,12.188821,0.014014244,0.057910137,0,0,0,0,0,0,0,0,0,0,1,3,0,0,1,0,0,0
244189911,12.232,0.0,15.0,33.89796,0.7730388,1.0335095,nan,nan,0.0,0.0,0.0,0.0,0.0,0.0,0.0,0.0,0.0,0.0,0.0,0.0,0.0,0.0,0.0,0.0,0.0,0.0,0.0,12.232,11.970552,0.6503071,12.188821,0.014014244,0.057910137,0,0,0,0,0,0,0,0,0,0,1,3,0,0,1,0,0,0
244399892,12.1344795,0.0,15.0,33.89796,0.77288955,1.0335323,nan,nan,0.0,0.0,0.0,0.0,0.0,0.0,0.0,0.0,0.0,0.0,0.0,0.0,0.0,0.0,0.0,0.0,0.0,0.0,0.0,12.1344795,11.970552,0.6503071,12.188821,0.014014244,0.057910137,0,0,0,0,0,0,0,0,0,0,1,3,0,0,1,0,0,0
244599892,12.12901,0.0,15.0,33.898,0.7729911,1.0335168,nan,nan,0.0,0.0,0.0,0.0,0.0,0.0,0.0,0.0,0.0,0.0,0.0,0.0,0.0,0.0,0.0,0.0,0.0,0.0,0.0,12.12901,11.972835,0.651575,12.183715,0.017296791,0.057910137,0,0,0,0,0,0,0,0,0,0,1,3,0,0,1,0,0,0
244799892,12.132656,0.0,15.0,33.898,0.7733006,1.0334696,nan,nan,0.0,0.0,0.0,0.0,0.0,0.0,0.0,0.0,0.0,0.0,0.0,0.0,0.0,0.0,0.0,0.0,0.0,0.0,0.0,12.132656,11.972835,0.651575,12.183715,0.017296791,0.057910137,0,0,0,0,0,0,0,0,0,0,1,3,0,0,1,0,0,0
244989891,12.172759,0.0,15.0,33.898,0.77313846,1.0334944,nan,nan,0.0,0.0,0.0,0.0,0.0,0.0,0.0,0.0,0.0,0.0,0.0,0.0,0.0,0.0,0.0,0.0,0.0,0.0,0.0,12.172759,11.972835,0.651575,12.183715,0.017296791,0.057910137,0,0,0,0,0,0,0,0,0,0,1,3,0,0,1,0,0,0
245190389,12.200101,0.0,15.0,33.898,0.77288955,1.0335323,nan,nan,0.0,0.0,0.0,0.0,0.0,0.0,0.0,0.0,0.0,0.0,0.0,0.0,0.0,0.0,0.0,0.0,0.0,0.0,0.0,12.200101,11.972835,0.651575,12.183715,0.017296791,0.057910137,0,0,0,0,0,0,0,0,0,0,1,3,0,0,1,0,0,0
245389890,12.197366,0.0,15.0,33.898,0.7723364,1.0336167,nan,nan,0.0,0.0,0.0,0.0,0.0,0.0,0.0,0.0,0.0,0.0,0.0,0.0,0.0,0.0,0.0,0.0,0.0,0.0,0.0,12.197366,11.972835,0.651575,12.183715,0.017296791,0.057910137,0,0,0,0,0,0,0,0,0,0,1,3,0,0,1,0,0,0
245589891,12.194633,0.0,15.0,33.89833,0.7727999,1.033546,nan,nan,0.0,0.0,0.0,0.0,0.0,0.0,0.0,0.0,0.0,0.0,0.0,0.0,0.0,0.0,0.0,0.0,0.0,0.0,0.0,12.194633,11.975175,0.65287536,12.219483,-0.010268211,0.057910137,0,0,0,0,0,0,0,0,0,0,1,3,0,0,1,0,0,0
245799894,12.125365,0.01281875,15.0,33.898365,0.7638239,1.0349175,nan,nan,0.0,0.0,0.0,0.0,0.0,0.0,0.0,0.0,0.0,0.0,0.0,0.0,0.0,0.0,0.0,0.0,0.0,0.0,0.0,12.125365,11.976662,0.65370125,12.190419,-0.06505394,0.057910137,0,0,0,0,0,0,0,0,0,0,1,3,0,0,1,0,0,0
245999892,12.124454,0.0,15.0,33.898396,0.7587361,1.0356966,nan,nan,0.0,0.0,0.0,0.0,0.0,0.0,0.0,0.0,0.0,0.0,0.0,0.0,0.0,0.0,0.0,0.0,0.0,0.0,0.0,12.124454,11.977827,0.6543488,12.125041,-0.03066349,0.057910137,0,0,0,0,0,0,0,0,0,0,1,3,0,0,1,0,0,0
246199969,12.12901,0.0,15.0,33.898502,0.76213354,1.0351762,nan,nan,0.0,0.0,0.0,0.0,0.0,0.0,0.0,0.0,0.0,0.0,0.0,0.0,0.0,0.0,0.0,0.0,0.0,0.0,0.0,12.12901,11.979802,0.6554455,12.099238,0.07807732,0.057910137,0,0,0,0,0,0,0,0,0,0,1,3,0,0,1,0,0,0
246389890,12.201012,0.0,15.0,33.898502,0.76472706,1.0347794,nan,nan,0.0,0.0,0.0,0.0,0.0,0.0,0.0,0.0,0.0,0.0,0.0,0.0,0.0,0.0,0.0,0.0,0.0,0.0,0.0,12.201012,11.979802,0.6554455,12.099238,0.07807732,0.057910137,0,0,0,0,0,0,0,0,0,0,1,3,0,0,1,0,0,0
246589891,12.184607,0.0,15.0,33.898502,0.76556677,1.0346509,nan,nan,0.0,0.0,0.0,0.0,0.0,0.0,0.0,0.0,0.0,0.0,0.0,0.0,0.0,0.0,0.0,0.0,0.0,0.0,0.0,12.184607,11.979802,0.6554455,12.099238,0.07807732,0.057910137,0,0,0,0,0,0,0,0,0,0,1,3,0,0,1,0,0,0
246790202,12.214683,0.0,15.0,33.898502,0.7674212,1.0343674,nan,nan,0.0,0.0,0.0,0.0,0.0,0.0,0.0,0.0,0.0,0.0,0.0,0.0,0.0,0.0,0.0,0.0,0.0,0.0,0.0,12.214683,11.979802,0.6554455,12.099238,0.07807732,0.057910137,0,0,0,0,0,0,0,0,0,0,1,3,0,0,1,0,0,0
246989891,12.213772,0.0,15.0,33.898502,0.7686004,1.0341872,nan,nan,0.0,0.0,0.0,0.0,0.0,0.0,0.0,0.0,0.0,0.0,0.0,0.0,0.0,0.0,0.0,0.0,0.0,0.0,0.0,12.213772,11.979802,0.6554455,12.099238,0.07807732,0.057910137,0,0,0,0,0,0,0,0,0,0,1,3,0,0,1,0,0,0
247199892,12.136302,0.0,15.0,33.898502,0.7687711,1.0341611,nan,nan,0.0,0.0,0.0,0.0,0.0,0.0,0.0,0.0,0.0,0.0,0.0,0.0,0.0,0.0,0.0,0.0,0.0,0.0,0.0,12.136302,11.979802,0.6554455,12.099238,0.07807732,0.057910137,0,0,0,0,0,0,0,0,0,0,1,3,0,0,1,0,0,0
247399892,12.118074,0.0,15.0,33.898617,0.7687091,1.0341706,nan,nan,0.0,0.0,0.0,0.0,0.0,0.0,0.0,0.0,0.0,0.0,0.0,0.0,0.0,0.0,0.0,0.0,0.0,0.0,0.0,12.118074,11.981911,0.6566171,12.17764,0.015169144,0.057910137,0,0,0,0,0,0,0,0,0,0,1,3,0,0,1,0,0,0
247599891,12.123542,0.0,15.0,33.898617,0.7690906,1.0341123,nan,nan,0.0,0.0,0.0,0.0,0.0,0.0,0.0,0.0,0.0,0.0,0.0,0.0,0.0,0.0,0.0,0.0,0.0,0.0,0.0,12.123542,11.981911,0.6566171,12.17764,0.015169144,0.057910137,0,0,0,0,0,0,0,0,0,0,1,3,0,0,1,0,0,0
247789890,12.191897,0.0,15.0,33.898636,0.7700524,1.0339653,nan,nan,0.0,0.0,0.0,0.0,0.0,0.0,0.0,0.0,0.0,0.0,0.0,0.0,0.0,0.0,0.0,0.0,0.0,0.0,0.0,12.191897,11.984026,0.6577925,12.1869755,0.008568764,0.057910137,0,0,0,0,0,0,0,0,0,0,1,3,0,0,1,0,0,0
247989891,12.213772,0.0,15.0,33.898636,0.7701201,1.0339551,nan,nan,0.0,0.0,0.0,0.0,0.0,0.0,0.0,0.0,0.0,0.0,0.0,0.0,0.0,0.0,0.0,0.0,0.0,0.0,0.0,12.213772,11.984026,0.6577925,12.1869755,0.008568764,0.057910137,0,0,0,0,0,0,0,0,0,0,1,3,0,0,1,0,0,0
248189891,12.211948,0.0,15.0,33.89864,0.7705211,1.0338938,nan,nan,0.0,0.0,0.0,0.0,0.0,0.0,0.0,0.0,0.0,0.0,0.0,0.0,0.0,0.0,0.0,0.0,0.0,0.0,0.0,12.211948,11.986102,0.6589455,12.194572,-0.00085163116,0.057910137,0,0,0,0,0,0,0,0,0,0,1,3,0,0,1,0,0,0
248389891,12.226531,0.0,15.0,33.89864,0.7704615,1.0339029,nan,nan,0.0,0.0,0.0,0.0,0.0,0.0,0.0,0.0,0.0,0.0,0.0,0.0,0.0,0.0,0.0,0.0,0.0,0.0,0.0,12.226531,11.986102,0.6589455,12.194572,-0.00085163116,0.057910137,0,0,0,0,0,0,0,0,0,0,1,3,0,0,1,0,0,0
248600346,12.133568,0.0,15.0,33.898727,0.77145094,1.0337518,nan,nan,0.0,0.0,0.0,0.0,0.0,0.0,0.0,0.0,0.0,0.0,0.0,0.0,0.0,0.0,0.0,0.0,0.0,0.0,0.0,12.133568,11.988302,0.6601681,12.198906,0.009397507,0.057910137,0,0,0,0,0,0,0,0,0,0,1,3,0,0,1,0,0,0
248799903,12.13539,0.0,15.0,33.898727,0.7720637,1.0336583,nan,nan,0.0,0.0,0.0,0.0,0.0,0.0,0.0,0.0,0.0,0.0,0.0,0.0,0.0,0.0,0.0,0.0,0.0,0.0,0.0,12.13539,11.988302,0.6601681,12.198906,0.009397507,0.057910137,0,0,0,0,0,0,0,0,0,0,1,3,0,0,1,0,0,0
248999892,12.1344795,0.0,15.0,33.89879,0.77201074,1.0336664,nan,nan,0.0,0.0,0.0,0.0,0.0,0.0,0.0,0.0,0.0,0.0,0.0,0.0,0.0,0.0,0.0,0.0,0.0,0.0,0.0,12.1344795,11.990345,0.661303,12.206683,-0.012050629,0.057910137,0,0,0,0,0,0,0,0,0,0,1,3,0,0,1,0,0,0
249189910,12.24476,0.0,15.0,33.89879,0.77326244,1.0334754,nan,nan,0.0,0.0,0.0,0.0,0.0,0.0,0.0,0.0,0.0,0.0,0.0,0.0,0.0,0.0,0.0,0.0,0.0,0.0,0.0,12.24476,11.990345,0.661303,12.206683,-0.012050629,0.057910137,0,0,0,0,0,0,0,0,0,0,1,3,0,0,1,0,0,0
249389893,12.176404,0.0,15.0,33.89879,0.77318376,1.0334874,nan,nan,0.0,0.0,0.0,0.0,0.0,0.0,0.0,0.0,0.0,0.0,0.0,0.0,0.0,0.0,0.0,0.0,0.0,0.0,0.0,12.176404,11.990345,0.661303,12.206683,-0.012050629,0.057910137,0,0,0,0,0,0,0,0,0,0,1,3,0,0,1,0,0,0
249589891,12.205568,0.0,15.0,33.89879,0.7729649,1.0335207,nan,nan,0.0,0.0,0.0,0.0,0.0,0.0,0.0,0.0,0.0,0.0,0.0,0.0,0.0,0.0,0.0,0.0,0.0,0.0,0.0,12.205568,11.990345,0.661303,12.206683,-0.012050629,0.057910137,0,0,0,0,0,0,0,0,0,0,1,3,0,0,1,0,0,0
249789923,12.18005,0.0,15.0,33.898914,0.7726216,1.0335732,nan,nan,0.0,0.0,0.0,0.0,0.0,0.0,0.0,0.0,0.0,0.0,0.0,0.0,0.0,0.0,0.0,0.0,0.0,0.0,0.0,12.18005,11.992034,0.6622414,12.198845,-0.037935257,0.057910137,0,0,0,0,0,0,0,0,0,0,1,3,0,0,1,0,0,0
249999891,12.139036,0.0,15.0,33.89904,0.772036,1.0336626,nan,nan,0.0,0.0,0.0,0.0,0.0,0.0,0.0,0.0,0.0,0.0,0.0,0.0,0.0,0.0,0.0,0.0,0.0,0.0,0.0,12.139036,11.993417,0.6630096,12.16091,-0.029164314,0.057910137,0,0,0,0,0,0,0,0,0,0,1,3,0,0,1,0,0,0
250199892,12.133568,0.0,15.0,33.89904,0.7722234,1.033634,nan,nan,0.0,0.0,0.0,0.0,0.0,0.0,0.0,0.0,0.0,0.0,0.0,0.0,0.0,0.0,0.0,0.0,0.0,0.0,0.0,12.133568,11.993417,0.6630096,12.16091,-0.029164314,0.057910137,0,0,0,0,0,0,0,0,0,0,1,3,0,0,1,0,0,0
250399892,12.105313,0.0,15.0,33.89904,0.7724151,1.0336046,nan,nan,0.0,0.0,0.0,0.0,0.0,0.0,0.0,0.0,0.0,0.0,0.0,0.0,0.0,0.0,0.0,0.0,0.0,0.0,0.0,12.105313,11.993417,0.6630096,12.16091,-0.029164314,0.057910137,0,0,0,0,0,0,0,0,0,0,1,3,0,0,1,0,0,0
250589891,12.192809,0.0,15.0,33.89904,0.7721109,1.0336511,nan,nan,0.0,0.0,0.0,0.0,0.0,0.0,0.0,0.0,0.0,0.0,0.0,0.0,0.0,0.0,0.0,0.0,0.0,0.0,0.0,12.192809,11.993417,0.6630096,12.16091,-0.029164314,0.057910137,0,0,0,0,0,0,0,0,0,0,1,3,0,0,1,0,0,0
250789891,12.196454,0.0,15.0,33.899097,0.772396,1.0336076,nan,nan,0.0,0.0,0.0,0.0,0.0,0.0,0.0,0.0,0.0,0.0,0.0,0.0,0.0,0.0,0.0,0.0,0.0,0.0,0.0,12.196454,11.995563,0.6642017,12.127209,0.08291721,0.057910137,0,0,0,0,0,0,0,0,0,0,1,3,0,0,1,0,0,0
250989966,12.197366,0.0,15.0,33.899292,0.7721862,1.0336397,nan,nan,0.0,0.0,0.0,0.0,0.0,0.0,0.0,0.0,0.0,0.0,0.0,0.0,0.0,0.0,0.0,0.0,0.0,0.0,0.0,12.197366,11.997642,0.6653566,12.218876,-0.013307571,0.057910137,0,0,0,0,0,0,0,0,0,0,1,3,0,0,1,0,0,0
251189890,12.170024,0.0,15.0,33.899296,0.77178663,1.0337006,nan,nan,0.0,0.0,0.0,0.0,0.0,0.0,0.0,0.0,0.0,0.0,0.0,0.0,0.0,0.0,0.0,0.0,0.0,0.0,0.0,12.170024,11.999727,0.6665153,12.193578,0.014725685,0.057910137,0,0,0,0,0,0,0,0,0,0,1,3,0,0,1,0,0,0
251399892,12.125365,0.0,15.0,33.899296,0.7708859,1.0338382,nan,nan,0.0,0.0,0.0,0.0,0.0,0.0,0.0,0.0,0.0,0.0,0.0,0.0,0.0,0.0,0.0,0.0,0.0,0.0,0.0,12.125365,11.999727,0.6665153,12.193578,0.014725685,0.057910137,0,0,0,0,0,0,0,0,0,0,1,3,0,0,1,0,0,0
251599893,12.113517,0.0,15.0,33.899296,0.77193207,1.0336784,nan,nan,0.0,0.0,0.0,0.0,0.0,0.0,0.0,0.0,0.0,0.0,0.0,0.0,0.0,0.0,0.0,0.0,0.0,0.0,0.0,12.113517,11.999727,0.6665153,12.193578,0.014725685,0.057910137,0,0,0,0,0,0,0,0,0,0,1,3,0,0,1,0,0,0
251799986,12.129922,0.0,15.0,33.8993,0.7723555,1.0336138,nan,nan,0.0,0.0,0.0,0.0,0.0,0.0,0.0,0.0,0.0,0.0,0.0,0.0,0.0,0.0,0.0,0.0,0.0,0.0,0.0,12.129922,12.001539,0.6675219,12.208303,-0.025520325,0.057910137,0,0,0,0,0,0,0,0,0,0,1,3,0,0,1,0,0,0
251999893,12.052452,0.0,15.0,33.8993,0.77238506,1.0336093,nan,nan,0.0,0.0,0.0,0.0,0.0,0.0,0.0,0.0,0.0,0.0,0.0,0.0,0.0,0.0,0.0,0.0,0.0,0.0,0.0,12.052452,12.001539,0.6675219,12.208303,-0.025520325,0.057910137,0,0,0,0,0,0,0,0,0,0,1,3,0,0,1,0,0,0
252189891,12.70502,0.0,15.0,33.8993,0.77524513,1.033173,nan,nan,0.0,0.0,0.0,0.0,0.0,0.0,0.0,0.0,0.0,0.0,0.0,0.0,0.0,0.0,0.0,0.0,0.0,0.0,0.0,12.70502,12.001539,0.6675219,12.208303,-0.025520325,0.057910137,0,0,0,0,0,0,0,0,0,0,1,3,0,0,1,0,0,0
252389890,12.194633,0.0,15.0,33.8993,0.7747745,1.0332447,nan,nan,0.0,0.0,0.0,0.0,0.0,0.0,0.0,0.0,0.0,0.0,0.0,0.0,0.0,0.0,0.0,0.0,0.0,0.0,0.0,12.194633,12.001539,0.6675219,12.208303,-0.025520325,0.057910137,0,0,0,0,0,0,0,0,0,0,1,3,0,0,1,0,0,0
252589890,12.198277,0.0,15.0,33.899418,0.7750606,1.0332011,nan,nan,0.0,0.0,0.0,0.0,0.0,0.0,0.0,0.0,0.0,0.0,0.0,0.0,0.0,0.0,0.0,0.0,0.0,0.0,0.0,12.198277,12.003433,0.6685743,12.189913,0.002896309,0.057910137,0,0,0,0,0,0,0,0,0,0,1,3,0,0,1,0,0,0
252799893,12.152707,0.0,15.0,33.899418,0.774476,1.0332903,nan,nan,0.0,0.0,0.0,0.0,0.0,0.0,0.0,0.0,0.0,0.0,0.0,0.0,0.0,0.0,0.0,0.0,0.0,0.0,0.0,12.152707,12.003433,0.6685743,12.189913,0.002896309,0.057910137,0,0,0,0,0,0,0,0,0,0,1,3,0,0,1,0,0,0
252999892,12.13539,0.0,15.0,33.899418,0.77491134,1.0332239,nan,nan,0.0,0.0,0.0,0.0,0.0,0.0,0.0,0.0,0.0,0.0,0.0,0.0,0.0,0.0,0.0,0.0,0.0,0.0,0.0,12.13539,12.003433,0.6685743,12.189913,0.002896309,0.057910137,0,0,0,0,0,0,0,0,0,0,1,3,0,0,1,0,0,0
253199892,12.1344795,0.0,15.0,33.899418,0.7741522,1.0333396,nan,nan,0.0,0.0,0.0,0.0,0.0,0.0,0.0,0.0,0.0,0.0,0.0,0.0,0.0,0.0,0.0,0.0,0.0,0.0,0.0,12.1344795,12.003433,0.6685743,12.189913,0.002896309,0.057910137,0,0,0,0,0,0,0,0,0,0,1,3,0,0,1,0,0,0
253400246,12.091642,0.0,15.0,33.899418,0.77461237,1.0332694,nan,nan,0.0,0.0,0.0,0.0,0.0,0.0,0.0,0.0,0.0,0.0,0.0,0.0,0.0,0.0,0.0,0.0,0.0,0.0,0.0,12.091642,12.003433,0.6685743,12.189913,0.002896309,0.057910137,0,0,0,0,0,0,0,0,0,0,1,3,0,0,1,0,0,0
253589890,12.227443,0.0,15.0,33.899418,0.7758331,1.0330833,nan,nan,0.0,0.0,0.0,0.0,0.0,0.0,0.0,0.0,0.0,0.0,0.0,0.0,0.0,0.0,0.0,0.0,0.0,0.0,0.0,12.227443,12.003433,0.6685743,12.189913,0.002896309,0.057910137,0,0,0,0,0,0,0,0,0,0,1,3,0,0,1,0,0,0
253789891,12.226531,0.0,15.0,33.899498,0.7747373,1.0332503,nan,nan,0.0,0.0,0.0,0.0,0.0,0.0,0.0,0.0,0.0,0.0,0.0,0.0,0.0,0.0,0.0,0.0,0.0,0.0,0.0,12.226531,12.004875,0.66937536,12.19054,-0.041478157,0.057910137,0,0,0,0,0,0,0,0,0,0,1,3,0,0,1,0,0,0
253989891,12.174581,0.0,15.0,33.899498,0.77455133,1.0332787,nan,nan,0.0,0.0,0.0,0.0,0.0,0.0,0.0,0.0,0.0,0.0,0.0,0.0,0.0,0.0,0.0,0.0,0.0,0.0,0.0,12.174581,12.004875,0.66937536,12.19054,-0.041478157,0.057910137,0,0,0,0,0,0,0,0,0,0,1,3,0,0,1,0,0,0
254199908,12.124454,0.0,15.0,33.899517,0.7738766,1.0333817,nan,nan,0.0,0.0,0.0,0.0,0.0,0.0,0.0,0.0,0.0,0.0,0.0,0.0,0.0,0.0,0.0,0.0,0.0,0.0,0.0,12.124454,12.006772,0.67042917,12.145173,0.051280975,0.057910137,0,0,0,0,0,0,0,0,0,0,1,3,0,0,1,0,0,0
254400099,12.182783,0.0,15.0,33.899517,0.77415556,1.0333391,nan,nan,0.0,0.0,0.0,0.0,0.0,0.0,0.0,0.0,0.0,0.0,0.0,0.0,0.0,0.0,0.0,0.0,0.0,0.0,0.0,12.182783,12.006772,0.67042917,12.145173,0.051280975,0.057910137,0,0,0,0,0,0,0,0,0,0,1,3,0,0,1,0,0,0
254599912,12.1044035,0.0,15.0,33.899517,0.7739281,1.0333738,nan,nan,0.0,0.0,0.0,0.0,0.0,0.0,0.0,0.0,0.0,0.0,0.0,0.0,0.0,0.0,0.0,0.0,0.0,0.0,0.0,12.1044035,12.006772,0.67042917,12.145173,0.051280975,0.057910137,0,0,0,0,0,0,0,0,0,0,1,3,0,0,1,0,0,0
254789891,12.197366,0.0,15.0,33.899517,0.7709932,1.0338217,nan,nan,0.0,0.0,0.0,0.0,0.0,0.0,0.0,0.0,0.0,0.0,0.0,0.0,0.0,0.0,0.0,0.0,0.0,0.0,0.0,12.197366,12.006772,0.67042917,12.145173,0.051280975,0.057910137,0,0,0,0,0,0,0,0,0,0,1,3,0,0,1,0,0,0
254989891,12.208303,0.0,15.0,33.89968,0.77135414,1.0337666,nan,nan,0.0,0.0,0.0,0.0,0.0,0.0,0.0,0.0,0.0,0.0,0.0,0.0,0.0,0.0,0.0,0.0,0.0,0.0,0.0,12.208303,12.008759,0.67153305,12.205528,0.0018634796,0.057910137,0,0,0,0,0,0,0,0,0,0,1,3,0,0,1,0,0,0
255189891,12.211948,0.0,15.0,33.89968,0.77129453,1.0337757,nan,nan,0.0,0.0,0.0,0.0,0.0,0.0,0.0,0.0,0.0,0.0,0.0,0.0,0.0,0.0,0.0,0.0,0.0,0.0,0.0,12.211948,12.008759,0.67153305,12.205528,0.0018634796,0.057910137,0,0,0,0,0,0,0,0,0,0,1,3,0,0,1,0,0,0
255389891,12.198277,0.0,15.0,33.900043,0.7703132,1.0339257,nan,nan,0.0,0.0,0.0,0.0,0.0,0.0,0.0,0.0,0.0,0.0,0.0,0.0,0.0,0.0,0.0,0.0,0.0,0.0,0.0,12.198277,12.010482,0.67249006,12.220031,-0.037247658,0.057910137,0,0,0,0,0,0,0,0,0,0,1,3,0,0,1,0,0,0
255599995,12.155441,0.0,15.0,33.900043,0.7703561,1.0339191,nan,nan,0.0,0.0,0.0,0.0,0.0,0.0,0.0,0.0,0.0,0.0,0.0,0.0,0.0,0.0,0.0,0.0,0.0,0.0,0.0,12.155441,12.010482,0.67249006,12.220031,-0.037247658,0.057910137,0,0,0,0,0,0,0,0,0,0,1,3,0,0,1,0,0,0
255799892,12.133568,0.0,15.0,33.900043,0.77060217,1.0338814,nan,nan,0.0,0.0,0.0,0.0,0.0,0.0,0.0,0.0,0.0,0.0,0.0,0.0,0.0,0.0,0.0,0.0,0.0,0.0,0.0,12.133568,12.010482,0.67249006,12.220031,-0.037247658,0.057910137,0,0,0,0,0,0,0,0,0,0,1,3,0,0,1,0,0,0
255999894,12.138124,0.0,15.0,33.900043,0.7702655,1.0339329,nan,nan,0.0,0.0,0.0,0.0,0.0,0.0,0.0,0.0,0.0,0.0,0.0,0.0,0.0,0.0,0.0,0.0,0.0,0.0,0.0,12.138124,12.010482,0.67249006,12.220031,-0.037247658,0.057910137,0,0,0,0,0,0,0,0,0,0,1,3,0,0,1,0,0,0
256189913,12.196454,0.0,15.0,33.900043,0.7701945,1.0339437,nan,nan,0.0,0.0,0.0,0.0,0.0,0.0,0.0,0.0,0.0,0.0,0.0,0.0,0.0,0.0,0.0,0.0,0.0,0.0,0.0,12.196454,12.010482,0.67249006,12.220031,-0.037247658,0.057910137,0,0,0,0,0,0,0,0,0,0,1,3,0,0,1,0,0,0
256389891,12.16091,0.0,15.0,33.90055,0.77027076,1.033932,nan,nan,0.0,0.0,0.0,0.0,0.0,0.0,0.0,0.0,0.0,0.0,0.0,0.0,0.0,0.0,0.0,0.0,0.0,0.0,0.0,12.16091,12.011782,0.67321247,12.192181,-0.05041027,0.057910137,0,0,0,0,0,0,0,0,0,0,1,3,0,0,1,0,0,0
256589890,12.204658,0.0,15.0,33.90055,0.770255,1.0339345,nan,nan,0.0,0.0,0.0,0.0,0.0,0.0,0.0,0.0,0.0,0.0,0.0,0.0,0.0,0.0,0.0,0.0,0.0,0.0,0.0,12.204658,12.011782,0.67321247,12.192181,-0.05041027,0.057910137,0,0,0,0,0,0,0,0,0,0,1,3,0,0,1,0,0,0
256790981,12.16729,0.0,15.0,33.90058,0.7710194,1.0338178,nan,nan,0.0,0.0,0.0,0.0,0.0,0.0,0.0,0.0,0.0,0.0,0.0,0.0,0.0,0.0,0.0,0.0,0.0,0.0,0.0,12.16729,12.01361,0.67422813,12.111308,0.08514595,0.057910137,0,0,0,0,0,0,0,0,0,0,1,3,0,0,1,0,0,0
256999996,12.118074,0.0,15.0,33.90058,0.7699222,1.0339853,nan,nan,0.0,0.0,0.0,0.0,0.0,0.0,0.0,0.0,0.0,0.0,0.0,0.0,0.0,0.0,0.0,0.0,0.0,0.0,0.0,12.118074,12.01361,0.67422813,12.111308,0.08514595,0.057910137,0,0,0,0,0,0,0,0,0,0,1,3,0,0,1,0,0,0
257199892,12.117163,0.0,15.0,33.90058,0.7699627,1.0339792,nan,nan,0.0,0.0,0.0,0.0,0.0,0.0,0.0,0.0,0.0,0.0,0.0,0.0,0.0,0.0,0.0,0.0,0.0,0.0,0.0,12.117163,12.01361,0.67422813,12.111308,0.08514595,0.057910137,0,0,0,0,0,0,0,0,0,0,1,3,0,0,1,0,0,0
257399894,12.114428,0.0,15.0,33.90058,0.77009386,1.0339592,nan,nan,0.0,0.0,0.0,0.0,0.0,0.0,0.0,0.0,0.0,0.0,0.0,0.0,0.0,0.0,0.0,0.0,0.0,0.0,0.0,12.114428,12.01361,0.67422813,12.111308,0.08514595,0.057910137,0,0,0,0,0,0,0,0,0,0,1,3,0,0,1,0,0,0
257589895,12.180961,0.0,15.0,33.90058,0.7715172,1.0337417,nan,nan,0.0,0.0,0.0,0.0,0.0,0.0,0.0,0.0,0.0,0.0,0.0,0.0,0.0,0.0,0.0,0.0,0.0,0.0,0.0,12.180961,12.01361,0.67422813,12.111308,0.08514595,0.057910137,0,0,0,0,0,0,0,0,0,0,1,3,0,0,1,0,0,0
257789891,12.178226,0.0,15.0,33.90058,0.77080435,1.0338506,nan,nan,0.0,0.0,0.0,0.0,0.0,0.0,0.0,0.0,0.0,0.0,0.0,0.0,0.0,0.0,0.0,0.0,0.0,0.0,0.0,12.178226,12.01361,0.67422813,12.111308,0.08514595,0.057910137,0,0,0,0,0,0,0,0,0,0,1,3,0,0,1,0,0,0
257989901,12.158175,0.0,15.0,33.90058,0.77088445,1.0338384,nan,nan,0.0,0.0,0.0,0.0,0.0,0.0,0.0,0.0,0.0,0.0,0.0,0.0,0.0,0.0,0.0,0.0,0.0,0.0,0.0,12.158175,12.01361,0.67422813,12.111308,0.08514595,0.057910137,0,0,0,0,0,0,0,0,0,0,1,3,0,0,1,0,0,0
258190253,12.21286,0.0,15.0,33.90058,0.7718572,1.0336899,nan,nan,0.0,0.0,0.0,0.0,0.0,0.0,0.0,0.0,0.0,0.0,0.0,0.0,0.0,0.0,0.0,0.0,0.0,0.0,0.0,12.21286,12.01361,0.67422813,12.111308,0.08514595,0.057910137,0,0,0,0,0,0,0,0,0,0,1,3,0,0,1,0,0,0
258399893,12.115339,0.0,15.0,33.90058,0.7712168,1.0337876,nan,nan,0.0,0.0,0.0,0.0,0.0,0.0,0.0,0.0,0.0,0.0,0.0,0.0,0.0,0.0,0.0,0.0,0.0,0.0,0.0,12.115339,12.01361,0.67422813,12.111308,0.08514595,0.057910137,0,0,0,0,0,0,0,0,0,0,1,3,0,0,1,0,0,0
258599892,12.10258,0.0,15.0,33.90063,0.77113146,1.0338006,nan,nan,0.0,0.0,0.0,0.0,0.0,0.0,0.0,0.0,0.0,0.0,0.0,0.0,0.0,0.0,0.0,0.0,0.0,0.0,0.0,12.10258,12.015565,0.67531437,12.19775,0.013286591,0.057910137,0,0,0,0,0,0,0,0,0,0,1,3,0,0,1,0,0,0
258799892,12.117163,0.0,15.0,33.90063,0.77101654,1.0338182,nan,nan,0.0,0.0,0.0,0.0,0.0,0.0,0.0,0.0,0.0,0.0,0.0,0.0,0.0,0.0,0.0,0.0,0.0,0.0,0.0,12.117163,12.015565,0.67531437,12.19775,0.013286591,0.057910137,0,0,0,0,0,0,0,0,0,0,1,3,0,0,1,0,0,0
258989891,12.213772,0.0,15.0,33.90063,0.7721781,1.0336409,nan,nan,0.0,0.0,0.0,0.0,0.0,0.0,0.0,0.0,0.0,0.0,0.0,0.0,0.0,0.0,0.0,0.0,0.0,0.0,0.0,12.213772,12.015565,0.67531437,12.19775,0.013286591,0.057910137,0,0,0,0,0,0,0,0,0,0,1,3,0,0,1,0,0,0
259189894,12.158175,0.0,15.0,33.90063,0.7711076,1.0338043,nan,nan,0.0,0.0,0.0,0.0,0.0,0.0,0.0,0.0,0.0,0.0,0.0,0.0,0.0,0.0,0.0,0.0,0.0,0.0,0.0,12.158175,12.015565,0.67531437,12.19775,0.013286591,0.057910137,0,0,0,0,0,0,0,0,0,0,1,3,0,0,1,0,0,0
259389891,12.199189,0.0,15.0,33.900673,0.77068895,1.0338682,nan,nan,0.0,0.0,0.0,0.0,0.0,0.0,0.0,0.0,0.0,0.0,0.0,0.0,0.0,0.0,0.0,0.0,0.0,0.0,0.0,12.199189,12.017103,0.67616886,12.210389,-0.039453506,0.057910137,0,0,0,0,0,0,0,0,0,0,1,3,0,0,1,0,0,0
259589892,12.190987,0.0,15.0,33.900673,0.77154964,1.0337368,nan,nan,0.0,0.0,0.0,0.0,0.0,0.0,0.0,0.0,0.0,0.0,0.0,0.0,0.0,0.0,0.0,0.0,0.0,0.0,0.0,12.190987,12.017103,0.67616886,12.210389,-0.039453506,0.057910137,0,0,0,0,0,0,0,0,0,0,1,3,0,0,1,0,0,0
259799892,12.106225,0.0,15.0,33.90134,0.7710957,1.0338061,nan,nan,0.0,0.0,0.0,0.0,0.0,0.0,0.0,0.0,0.0,0.0,0.0,0.0,0.0,0.0,0.0,0.0,0.0,0.0,0.0,12.106225,12.019222,0.6773457,12.210796,0.020292282,0.057910137,0,0,0,0,0,0,0,0,0,0,1,3,0,0,1,0,0,0
259999911,12.161821,0.0,15.0,33.90134,0.7714743,1.0337483,nan,nan,0.0,0.0,0.0,0.0,0.0,0.0,0.0,0.0,0.0,0.0,0.0,0.0,0.0,0.0,0.0,0.0,0.0,0.0,0.0,12.161821,12.019222,0.6773457,12.210796,0.020292282,0.057910137,0,0,0,0,0,0,0,0,0,0,1,3,0,0,1,0,0,0
260199893,12.121719,0.0,15.0,33.90134,0.77124065,1.033784,nan,nan,0.0,0.0,0.0,0.0,0.0,0.0,0.0,0.0,0.0,0.0,0.0,0.0,0.0,0.0,0.0,0.0,0.0,0.0,0.0,12.121719,12.019222,0.6773457,12.210796,0.020292282,0.057910137,0,0,0,0,0,0,0,0,0,0,1,3,0,0,1,0,0,0
260390017,12.176404,0.0,15.0,33.901917,0.7705235,1.0338935,nan,nan,0.0,0.0,0.0,0.0,0.0,0.0,0.0,0.0,0.0,0.0,0.0,0.0,0.0,0.0,0.0,0.0,0.0,0.0,0.0,12.176404,12.022211,0.6790065,12.206927,-0.04054928,0.057910137,0,0,0,0,0,0,0,0,0,0,1,3,0,0,1,0,0,0
260589892,12.201923,0.0,15.0,33.901917,0.77084154,1.033845,nan,nan,0.0,0.0,0.0,0.0,0.0,0.0,0.0,0.0,0.0,0.0,0.0,0.0,0.0,0.0,0.0,0.0,0.0,0.0,0.0,12.201923,12.022211,0.6790065,12.206927,-0.04054928,0.057910137,0,0,0,0,0,0,0,0,0,0,1,3,0,0,1,0,0,0
260789890,12.221063,0.0,15.0,33.901917,0.77062553,1.0338778,nan,nan,0.0,0.0,0.0,0.0,0.0,0.0,0.0,0.0,0.0,0.0,0.0,0.0,0.0,0.0,0.0,0.0,0.0,0.0,0.0,12.221063,12.022211,0.6790065,12.206927,-0.04054928,0.057910137,0,0,0,0,0,0,0,0,0,0,1,3,0,0,1,0,0,0
260989891,12.211037,0.0,15.0,33.901917,0.77094406,1.0338292,nan,nan,0.0,0.0,0.0,0.0,0.0,0.0,0.0,0.0,0.0,0.0,0.0,0.0,0.0,0.0,0.0,0.0,0.0,0.0,0.0,12.211037,12.022211,0.6790065,12.206927,-0.04054928,0.057910137,0,0,0,0,0,0,0,0,0,0,1,3,0,0,1,0,0,0
261199892,12.14177,0.0,15.0,33.901917,0.7696294,1.03403,nan,nan,0.0,0.0,0.0,0.0,0.0,0.0,0.0,0.0,0.0,0.0,0.0,0.0,0.0,0.0,0.0,0.0,0.0,0.0,0.0,12.14177,12.022211,0.6790065,12.206927,-0.04054928,0.057910137,0,0,0,0,0,0,0,0,0,0,1,3,0,0,1,0,0,0
261399892,12.12901,0.0,15.0,33.901917,0.769926,1.0339847,nan,nan,0.0,0.0,0.0,0.0,0.0,0.0,0.0,0.0,0.0,0.0,0.0,0.0,0.0,0.0,0.0,0.0,0.0,0.0,0.0,12.12901,12.022211,0.6790065,12.206927,-0.04054928,0.057910137,0,0,0,0,0,0,0,0,0,0,1,3,0,0,1,0,0,0
261600258,12.13539,0.0,15.0,33.902172,0.76978153,1.0340068,nan,nan,0.0,0.0,0.0,0.0,0.0,0.0,0.0,0.0,0.0,0.0,0.0,0.0,0.0,0.0,0.0,0.0,0.0,0.0,0.0,12.13539,12.023358,0.67964405,12.148554,-0.010429382,0.057910137,0,0,0,0,0,0,0,0,0,0,1,3,0,0,1,0,0,0
261790279,12.173669,0.0,15.0,33.902172,0.77018255,1.0339454,nan,nan,0.0,0.0,0.0,0.0,0.0,0.0,0.0,0.0,0.0,0.0,0.0,0.0,0.0,0.0,0.0,0.0,0.0,0.0,0.0,12.173669,12.023358,0.67964405,12.148554,-0.010429382,0.057910137,0,0,0,0,0,0,0,0,0,0,1,3,0,0,1,0,0,0
261989934,12.21286,0.0,15.0,33.902172,0.7699799,1.0339764,nan,nan,0.0,0.0,0.0,0.0,0.0,0.0,0.0,0.0,0.0,0.0,0.0,0.0,0.0,0.0,0.0,0.0,0.0,0.0,0.0,12.21286,12.023358,0.67964405,12.148554,-0.010429382,0.057910137,0,0,0,0,0,0,0,0,0,0,1,3,0,0,1,0,0,0
262189891,12.14086,0.0,15.0,33.902233,0.7690963,1.0341115,nan,nan,0.0,0.0,0.0,0.0,0.0,0.0,0.0,0.0,0.0,0.0,0.0,0.0,0.0,0.0,0.0,0.0,0.0,0.0,0.0,12.14086,12.025163,0.68064636,12.12581,0.079758644,0.057910137,0,0,0,0,0,0,0,0,0,0,1,3,0,0,1,0,0,0
262389895,12.166378,0.0,15.0,33.902534,0.7690572,1.0341173,nan,nan,0.0,0.0,0.0,0.0,0.0,0.0,0.0,0.0,0.0,0.0,0.0,0.0,0.0,0.0,0.0,0.0,0.0,0.0,0.0,12.166378,12.027184,0.6817693,12.220799,0.008465767,0.057910137,0,0,0,0,0,0,0,0,0,0,1,3,0,0,1,0,0,0
262599894,12.114428,0.0,15.0,33.902534,0.76866144,1.0341779,nan,nan,0.0,0.0,0.0,0.0,0.0,0.0,0.0,0.0,0.0,0.0,0.0,0.0,0.0,0.0,0.0,0.0,0.0,0.0,0.0,12.114428,12.027184,0.6817693,12.220799,0.008465767,0.057910137,0,0,0,0,0,0,0,0,0,0,1,3,0,0,1,0,0,0
262799891,12.095289,0.0,15.0,33.902534,0.7691092,1.0341095,nan,nan,0.0,0.0,0.0,0.0,0.0,0.0,0.0,0.0,0.0,0.0,0.0,0.0,0.0,0.0,0.0,0.0,0.0,0.0,0.0,12.095289,12.027184,0.6817693,12.220799,0.008465767,0.057910137,0,0,0,0,0,0,0,0,0,0,1,3,0,0,1,0,0,0
262999896,12.110783,0.0,15.0,33.902874,0.7693667,1.0340701,nan,nan,0.0,0.0,0.0,0.0,0.0,0.0,0.0,0.0,0.0,0.0,0.0,0.0,0.0,0.0,0.0,0.0,0.0,0.0,0.0,12.110783,12.028481,0.68248934,12.231858,-0.073682785,0.057910137,0,0,0,0,0,0,0,0,0,0,1,3,0,0,1,0,0,0
263189891,12.218329,0.0,15.0,33.902893,0.7698235,1.0340004,nan,nan,0.0,0.0,0.0,0.0,0.0,0.0,0.0,0.0,0.0,0.0,0.0,0.0,0.0,0.0,0.0,0.0,0.0,0.0,0.0,12.218329,12.029792,0.68321794,12.137758,0.023151398,0.057910137,0,0,0,0,0,0,0,0,0,0,1,3,0,0,1,0,0,0
263389891,12.178226,0.0,15.0,33.90323,0.77083105,1.0338465,nan,nan,0.0,0.0,0.0,0.0,0.0,0.0,0.0,0.0,0.0,0.0,0.0,0.0,0.0,0.0,0.0,0.0,0.0,0.0,0.0,12.178226,12.031686,0.6842703,12.181003,0.040060043,0.057910137,0,0,0,0,0,0,0,0,0,0,1,3,0,0,1,0,0,0
263589892,12.190987,0.0,15.0,33.90323,0.77066416,1.033872,nan,nan,0.0,0.0,0.0,0.0,0.0,0.0,0.0,0.0,0.0,0.0,0.0,0.0,0.0,0.0,0.0,0.0,0.0,0.0,0.0,12.190987,12.031686,0.6842703,12.181003,0.040060043,0.057910137,0,0,0,0,0,0,0,0,0,0,1,3,0,0,1,0,0,0
263789891,12.198277,0.0,15.0,33.90323,0.77046007,1.0339031,nan,nan,0.0,0.0,0.0,0.0,0.0,0.0,0.0,0.0,0.0,0.0,0.0,0.0,0.0,0.0,0.0,0.0,0.0,0.0,0.0,12.198277,12.031686,0.6842703,12.181003,0.040060043,0.057910137,0,0,0,0,0,0,0,0,0,0,1,3,0,0,1,0,0,0
263999890,12.0962,0.0,15.0,33.90323,0.77039474,1.0339131,nan,nan,0.0,0.0,0.0,0.0,0.0,0.0,0.0,0.0,0.0,0.0,0.0,0.0,0.0,0.0,0.0,0.0,0.0,0.0,0.0,12.0962,12.031686,0.6842703,12.181003,0.040060043,0.057910137,0,0,0,0,0,0,0,0,0,0,1,3,0,0,1,0,0,0
264199892,12.115339,0.0,15.0,33.90323,0.7699775,1.0339768,nan,nan,0.0,0.0,0.0,0.0,0.0,0.0,0.0,0.0,0.0,0.0,0.0,0.0,0.0,0.0,0.0,0.0,0.0,0.0,0.0,12.115339,12.031686,0.6842703,12.181003,0.040060043,0.057910137,0,0,0,0,0,0,0,0,0,0,1,3,0,0,1,0,0,0
264399893,12.098934,0.0,15.0,33.90323,0.76983875,1.033998,nan,nan,0.0,0.0,0.0,0.0,0.0,0.0,0.0,0.0,0.0,0.0,0.0,0.0,0.0,0.0,0.0,0.0,0.0,0.0,0.0,12.098934,12.031686,0.6842703,12.181003,0.040060043,0.057910137,0,0,0,0,0,0,0,0,0,0,1,3,0,0,1,0,0,0
264589891,12.184607,0.0,15.0,33.90328,0.7718372,1.0336928,nan,nan,0.0,0.0,0.0,0.0,0.0,0.0,0.0,0.0,0.0,0.0,0.0,0.0,0.0,0.0,0.0,0.0,0.0,0.0,0.0,12.184607,12.033498,0.6852769,12.202914,0.011768341,0.057910137,0,0,0,0,0,0,0,0,0,0,1,3,0,0,1,0,0,0
264789891,12.201012,0.0,15.0,33.90328,0.77150434,1.0337437,nan,nan,0.0,0.0,0.0,0.0,0.0,0.0,0.0,0.0,0.0,0.0,0.0,0.0,0.0,0.0,0.0,0.0,0.0,0.0,0.0,12.201012,12.033498,0.6852769,12.202914,0.011768341,0.057910137,0,0,0,0,0,0,0,0,0,0,1,3,0,0,1,0,0,0
264989892,12.204658,0.0,15.0,33.90328,0.77143425,1.0337543,nan,nan,0.0,0.0,0.0,0.0,0.0,0.0,0.0,0.0,0.0,0.0,0.0,0.0,0.0,0.0,0.0,0.0,0.0,0.0,0.0,12.204658,12.033498,0.6852769,12.202914,0.011768341,0.057910137,0,0,0,0,0,0,0,0,0,0,1,3,0,0,1,0,0,0
265189926,12.16729,0.0,15.0,33.903313,0.7698292,1.0339996,nan,nan,0.0,0.0,0.0,0.0,0.0,0.0,0.0,0.0,0.0,0.0,0.0,0.0,0.0,0.0,0.0,0.0,0.0,0.0,0.0,12.16729,12.034327,0.6857371,12.213711,-0.09654808,0.057910137,0,0,0,0,0,0,0,0,0,0,1,3,0,0,1,0,0,0
265399895,12.122631,0.0,15.0,33.90397,0.76816505,1.0342537,nan,nan,0.0,0.0,0.0,0.0,0.0,0.0,0.0,0.0,0.0,0.0,0.0,0.0,0.0,0.0,0.0,0.0,0.0,0.0,0.0,12.122631,12.035048,0.6861376,12.156699,-0.049562454,0.057910137,0,0,0,0,0,0,0,0,0,0,1,3,0,0,1,0,0,0
265599893,12.130834,0.0,15.0,33.90397,0.7683987,1.0342181,nan,nan,0.0,0.0,0.0,0.0,0.0,0.0,0.0,0.0,0.0,0.0,0.0,0.0,0.0,0.0,0.0,0.0,0.0,0.0,0.0,12.130834,12.035048,0.6861376,12.156699,-0.049562454,0.057910137,0,0,0,0,0,0,0,0,0,0,1,3,0,0,1,0,0,0
265799894,12.133568,0.0,15.0,33.90411,0.76834434,1.0342263,nan,nan,0.0,0.0,0.0,0.0,0.0,0.0,0.0,0.0,0.0,0.0,0.0,0.0,0.0,0.0,0.0,0.0,0.0,0.0,0.0,12.133568,12.036826,0.6871256,12.074406,0.14027691,0.057910137,0,0,0,0,0,0,0,0,0,0,1,3,0,0,1,0,0,0
265989893,12.18643,0.0,15.0,33.90411,0.76586,1.0346061,nan,nan,0.0,0.0,0.0,0.0,0.0,0.0,0.0,0.0,0.0,0.0,0.0,0.0,0.0,0.0,0.0,0.0,0.0,0.0,0.0,12.18643,12.036826,0.6871256,12.074406,0.14027691,0.057910137,0,0,0,0,0,0,0,0,0,0,1,3,0,0,1,0,0,0
266189892,12.192809,0.0,15.0,33.904213,0.76716655,1.0344063,nan,nan,0.0,0.0,0.0,0.0,0.0,0.0,0.0,0.0,0.0,0.0,0.0,0.0,0.0,0.0,0.0,0.0,0.0,0.0,0.0,12.192809,12.040256,0.68903154,12.250209,-0.073804855,0.057910137,0,0,0,0,0,0,0,0,0,0,1,3,0,0,1,0,0,0
266390441,12.211037,0.0,15.0,33.904358,0.7680473,1.0342717,nan,nan,0.0,0.0,0.0,0.0,0.0,0.0,0.0,0.0,0.0,0.0,0.0,0.0,0.0,0.0,0.0,0.0,0.0,0.0,0.0,12.211037,12.041793,0.6898851,12.180293,0.01525116,0.057910137,0,0,0,0,0,0,0,0,0,0,1,3,0,0,1,0,0,0
266589892,12.173669,0.0,15.0,33.904453,0.7683534,1.034225,nan,nan,0.0,0.0,0.0,0.0,0.0,0.0,0.0,0.0,0.0,0.0,0.0,0.0,0.0,0.0,0.0,0.0,0.0,0.0,0.0,12.173669,12.042828,0.69046015,12.192303,-0.045975685,0.057910137,0,0,0,0,0,0,0,0,0,0,1,3,0,0,1,0,0,0
266800097,12.118985,0.0,15.0,33.904453,0.76667875,1.0344809,nan,nan,0.0,0.0,0.0,0.0,0.0,0.0,0.0,0.0,0.0,0.0,0.0,0.0,0.0,0.0,0.0,0.0,0.0,0.0,0.0,12.118985,12.042828,0.69046015,12.192303,-0.045975685,0.057910137,0,0,0,0,0,0,0,0,0,0,1,3,0,0,1,0,0,0
266999908,12.076149,0.0,15.0,33.904453,0.7656607,1.0346366,nan,nan,0.0,0.0,0.0,0.0,0.0,0.0,0.0,0.0,0.0,0.0,0.0,0.0,0.0,0.0,0.0,0.0,0.0,0.0,0.0,12.076149,12.042828,0.69046015,12.192303,-0.045975685,0.057910137,0,0,0,0,0,0,0,0,0,0,1,3,0,0,1,0,0,0
267199892,12.138124,0.0,15.0,33.904453,0.76640314,1.034523,nan,nan,0.0,0.0,0.0,0.0,0.0,0.0,0.0,0.0,0.0,0.0,0.0,0.0,0.0,0.0,0.0,0.0,0.0,0.0,0.0,12.138124,12.042828,0.69046015,12.192303,-0.045975685,0.057910137,0,0,0,0,0,0,0,0,0,0,1,3,0,0,1,0,0,0
267389892,12.200101,0.0,15.0,33.90488,0.76751703,1.0343528,nan,nan,0.0,0.0,0.0,0.0,0.0,0.0,0.0,0.0,0.0,0.0,0.0,0.0,0.0,0.0,0.0,0.0,0.0,0.0,0.0,12.200101,12.045755,0.69208616,12.182925,-0.00014209747,0.057910137,0,0,0,0,0,0,0,0,0,0,1,3,0,0,1,0,0,0
267589891,12.194633,0.0,15.0,33.90488,0.7679748,1.0342828,nan,nan,0.0,0.0,0.0,0.0,0.0,0.0,0.0,0.0,0.0,0.0,0.0,0.0,0.0,0.0,0.0,0.0,0.0,0.0,0.0,12.194633,12.045755,0.69208616,12.182925,-0.00014209747,0.057910137,0,0,0,0,0,0,0,0,0,0,1,3,0,0,1,0,0,0
267790023,12.191897,0.0,15.0,33.90488,0.76838917,1.0342195,nan,nan,0.0,0.0,0.0,0.0,0.0,0.0,0.0,0.0,0.0,0.0,0.0,0.0,0.0,0.0,0.0,0.0,0.0,0.0,0.0,12.191897,12.045755,0.69208616,12.182925,-0.00014209747,0.057910137,0,0,0,0,0,0,0,0,0,0,1,3,0,0,1,0,0,0
267989893,12.144505,0.0,15.0,33.90488,0.76935714,1.0340716,nan,nan,0.0,0.0,0.0,0.0,0.0,0.0,0.0,0.0,0.0,0.0,0.0,0.0,0.0,0.0,0.0,0.0,0.0,0.0,0.0,12.144505,12.045755,0.69208616,12.182925,-0.00014209747,0.057910137,0,0,0,0,0,0,0,0,0,0,1,3,0,0,1,0,0,0
268199894,12.123542,0.0,15.0,33.90488,0.76855034,1.0341948,nan,nan,0.0,0.0,0.0,0.0,0.0,0.0,0.0,0.0,0.0,0.0,0.0,0.0,0.0,0.0,0.0,0.0,0.0,0.0,0.0,12.123542,12.045755,0.69208616,12.182925,-0.00014209747,0.057910137,0,0,0,0,0,0,0,0,0,0,1,3,0,0,1,0,0,0
268399894,12.08982,0.0,15.0,33.90488,0.7681102,1.0342622,nan,nan,0.0,0.0,0.0,0.0,0.0,0.0,0.0,0.0,0.0,0.0,0.0,0.0,0.0,0.0,0.0,0.0,0.0,0.0,0.0,12.08982,12.045755,0.69208616,12.182925,-0.00014209747,0.057910137,0,0,0,0,0,0,0,0,0,0,1,3,0,0,1,0,0,0
268599909,12.090732,0.0,15.0,33.90556,0.76674455,1.0344708,nan,nan,0.0,0.0,0.0,0.0,0.0,0.0,0.0,0.0,0.0,0.0,0.0,0.0,0.0,0.0,0.0,0.0,0.0,0.0,0.0,12.090732,12.046905,0.6927251,12.221348,-0.059526443,0.057910137,0,0,0,0,0,0,0,0,0,0,1,3,0,0,1,0,0,0
268789918,12.210126,0.0,15.0,33.90556,0.76691574,1.0344447,nan,nan,0.0,0.0,0.0,0.0,0.0,0.0,0.0,0.0,0.0,0.0,0.0,0.0,0.0,0.0,0.0,0.0,0.0,0.0,0.0,12.210126,12.046905,0.6927251,12.221348,-0.059526443,0.057910137,0,0,0,0,0,0,0,0,0,0,1,3,0,0,1,0,0,0
268989890,12.198277,0.0,15.0,33.90556,0.7677602,1.0343156,nan,nan,0.0,0.0,0.0,0.0,0.0,0.0,0.0,0.0,0.0,0.0,0.0,0.0,0.0,0.0,0.0,0.0,0.0,0.0,0.0,12.198277,12.046905,0.6927251,12.221348,-0.059526443,0.057910137,0,0,0,0,0,0,0,0,0,0,1,3,0,0,1,0,0,0
269189892,12.195544,0.0036625,15.0,33.90557,0.7680101,1.0342774,nan,nan,0.0,0.0,0.0,0.0,0.0,0.0,0.0,0.0,0.0,0.0,0.0,0.0,0.0,0.0,0.0,0.0,0.0,0.0,0.0,12.195544,12.048376,0.6935424,12.11872,0.07682419,0.057910137,0,0,0,0,0,0,0,0,0,0,1,3,0,0,1,0,0,0
269389891,12.192809,0.0,15.0,33.905693,0.7685351,1.0341972,nan,nan,0.0,0.0,0.0,0.0,0.0,0.0,0.0,0.0,0.0,0.0,0.0,0.0,0.0,0.0,0.0,0.0,0.0,0.0,0.0,12.192809,12.049635,0.69424146,12.202674,-0.027181625,0.057910137,0,0,0,0,0,0,0,0,0,0,1,3,0,0,1,0,0,0
269599892,12.1044035,0.0,15.0,33.905693,0.7675237,1.0343518,nan,nan,0.0,0.0,0.0,0.0,0.0,0.0,0.0,0.0,0.0,0.0,0.0,0.0,0.0,0.0,0.0,0.0,0.0,0.0,0.0,12.1044035,12.049635,0.69424146,12.202674,-0.027181625,0.057910137,0,0,0,0,0,0,0,0,0,0,1,3,0,0,1,0,0,0
269799892,12.028755,0.0,15.0,33.905693,0.76737493,1.0343745,nan,nan,0.0,0.0,0.0,0.0,0.0,0.0,0.0,0.0,0.0,0.0,0.0,0.0,0.0,0.0,0.0,0.0,0.0,0.0,0.0,12.028755,12.049635,0.69424146,12.202674,-0.027181625,0.057910137,0,0,0,0,0,0,0,0,0,0,1,3,0,0,1,0,0,0
269999895,12.098934,0.0,15.0,33.905693,0.768969,1.0341308,nan,nan,0.0,0.0,0.0,0.0,0.0,0.0,0.0,0.0,0.0,0.0,0.0,0.0,0.0,0.0,0.0,0.0,0.0,0.0,0.0,12.098934,12.049635,0.69424146,12.202674,-0.027181625,0.057910137,0,0,0,0,0,0,0,0,0,0,1,3,0,0,1,0,0,0
270189890,12.162733,0.0,15.0,33.905693,0.7695002,1.0340497,nan,nan,0.0,0.0,0.0,0.0,0.0,0.0,0.0,0.0,0.0,0.0,0.0,0.0,0.0,0.0,0.0,0.0,0.0,0.0,0.0,12.162733,12.049635,0.69424146,12.202674,-0.027181625,0.057910137,0,0,0,0,0,0,0,0,0,0,1,3,0,0,1,0,0,0
270389890,12.171847,0.0,15.0,33.906612,0.76841825,1.034215,nan,nan,0.0,0.0,0.0,0.0,0.0,0.0,0.0,0.0,0.0,0.0,0.0,0.0,0.0,0.0,0.0,0.0,0.0,0.0,0.0,12.171847,12.051775,0.6954307,12.15536,0.009195328,0.057910137,0,0,0,0,0,0,0,0,0,0,1,3,0,0,1,0,0,0
270589891,12.187341,0.0,15.0,33.906612,0.7683024,1.0342327,nan,nan,0.0,0.0,0.0,0.0,0.0,0.0,0.0,0.0,0.0,0.0,0.0,0.0,0.0,0.0,0.0,0.0,0.0,0.0,0.0,12.187341,12.051775,0.6954307,12.15536,0.009195328,0.057910137,0,0,0,0,0,0,0,0,0,0,1,3,0,0,1,0,0,0
270789891,12.192809,0.0,15.0,33.906612,0.7689976,1.0341265,nan,nan,0.0,0.0,0.0,0.0,0.0,0.0,0.0,0.0,0.0,0.0,0.0,0.0,0.0,0.0,0.0,0.0,0.0,0.0,0.0,12.192809,12.051775,0.6954307,12.15536,0.009195328,0.057910137,0,0,0,0,0,0,0,0,0,0,1,3,0,0,1,0,0,0
270999894,12.04425,0.0,15.0,33.906612,0.7686443,1.0341805,nan,nan,0.0,0.0,0.0,0.0,0.0,0.0,0.0,0.0,0.0,0.0,0.0,0.0,0.0,0.0,0.0,0.0,0.0,0.0,0.0,12.04425,12.051775,0.6954307,12.15536,0.009195328,0.057910137,0,0,0,0,0,0,0,0,0,0,1,3,0,0,1,0,0,0
271200182,12.115339,0.0,15.0,33.906704,0.7689423,1.034135,nan,nan,0.0,0.0,0.0,0.0,0.0,0.0,0.0,0.0,0.0,0.0,0.0,0.0,0.0,0.0,0.0,0.0,0.0,0.0,0.0,12.115339,12.0532255,0.69623655,12.139602,0.058675766,0.057910137,0,0,0,0,0,0,0,0,0,0,1,3,0,0,1,0,0,0
271399893,12.132656,0.0,15.0,33.906704,0.7684011,1.0342177,nan,nan,0.0,0.0,0.0,0.0,0.0,0.0,0.0,0.0,0.0,0.0,0.0,0.0,0.0,0.0,0.0,0.0,0.0,0.0,0.0,12.132656,12.0532255,0.69623655,12.139602,0.058675766,0.057910137,0,0,0,0,0,0,0,0,0,0,1,3,0,0,1,0,0,0
271589891,12.208303,0.0,15.0,33.906704,0.76882786,1.0341525,nan,nan,0.0,0.0,0.0,0.0,0.0,0.0,0.0,0.0,0.0,0.0,0.0,0.0,0.0,0.0,0.0,0.0,0.0,0.0,0.0,12.208303,12.0532255,0.69623655,12.139602,0.058675766,0.057910137,0,0,0,0,0,0,0,0,0,0,1,3,0,0,1,0,0,0
271790144,12.176404,0.0,15.0,33.906704,0.7697553,1.0340108,nan,nan,0.0,0.0,0.0,0.0,0.0,0.0,0.0,0.0,0.0,0.0,0.0,0.0,0.0,0.0,0.0,0.0,0.0,0.0,0.0,12.176404,12.0532255,0.69623655,12.139602,0.058675766,0.057910137,0,0,0,0,0,0,0,0,0,0,1,3,0,0,1,0,0,0
271989892,12.204658,0.0,15.0,33.906704,0.7707533,1.0338584,nan,nan,0.0,0.0,0.0,0.0,0.0,0.0,0.0,0.0,0.0,0.0,0.0,0.0,0.0,0.0,0.0,0.0,0.0,0.0,0.0,12.204658,12.0532255,0.69623655,12.139602,0.058675766,0.057910137,0,0,0,0,0,0,0,0,0,0,1,3,0,0,1,0,0,0
272189904,12.177316,0.0,15.0,33.906704,0.77053636,1.0338914,nan,nan,0.0,0.0,0.0,0.0,0.0,0.0,0.0,0.0,0.0,0.0,0.0,0.0,0.0,0.0,0.0,0.0,0.0,0.0,0.0,12.177316,12.0532255,0.69623655,12.139602,0.058675766,0.057910137,0,0,0,0,0,0,0,0,0,0,1,3,0,0,1,0,0,0
272399893,12.087086,0.0,15.0,33.906704,0.7694134,1.034063,nan,nan,0.0,0.0,0.0,0.0,0.0,0.0,0.0,0.0,0.0,0.0,0.0,0.0,0.0,0.0,0.0,0.0,0.0,0.0,0.0,12.087086,12.0532255,0.69623655,12.139602,0.058675766,0.057910137,0,0,0,0,0,0,0,0,0,0,1,3,0,0,1,0,0,0
272599893,12.1344795,0.0,15.0,33.906704,0.7689008,1.0341413,nan,nan,0.0,0.0,0.0,0.0,0.0,0.0,0.0,0.0,0.0,0.0,0.0,0.0,0.0,0.0,0.0,0.0,0.0,0.0,0.0,12.1344795,12.0532255,0.69623655,12.139602,0.058675766,0.057910137,0,0,0,0,0,0,0,0,0,0,1,3,0,0,1,0,0,0
272799893,12.125365,0.0,15.0,33.90674,0.76909727,1.0341113,nan,nan,0.0,0.0,0.0,0.0,0.0,0.0,0.0,0.0,0.0,0.0,0.0,0.0,0.0,0.0,0.0,0.0,0.0,0.0,0.0,12.125365,12.054544,0.696969,12.194389,-0.007959366,0.057910137,0,0,0,0,0,0,0,0,0,0,1,3,0,0,1,0,0,0
272989912,12.198277,0.0,15.0,33.90674,0.76947683,1.0340533,nan,nan,0.0,0.0,0.0,0.0,0.0,0.0,0.0,0.0,0.0,0.0,0.0,0.0,0.0,0.0,0.0,0.0,0.0,0.0,0.0,12.198277,12.054544,0.696969,12.194389,-0.007959366,0.057910137,0,0,0,0,0,0,0,0,0,0,1,3,0,0,1,0,0,0
273189904,12.176404,0.0,15.0,33.90674,0.76718897,1.034403,nan,nan,0.0,0.0,0.0,0.0,0.0,0.0,0.0,0.0,0.0,0.0,0.0,0.0,0.0,0.0,0.0,0.0,0.0,0.0,0.0,12.176404,12.054544,0.696969,12.194389,-0.007959366,0.057910137,0,0,0,0,0,0,0,0,0,0,1,3,0,0,1,0,0,0
273389899,12.194633,0.080575,15.0,33.906963,0.76610035,1.0345694,nan,nan,0.0,0.0,0.0,0.0,0.0,0.0,0.0,0.0,0.0,0.0,0.0,0.0,0.0,0.0,0.0,0.0,0.0,0.0,0.0,12.194633,12.055931,0.69774,12.198421,-0.0037879944,0.057910137,0,0,0,0,0,0,0,0,0,0,1,3,0,0,1,0,0,0
273589891,12.137213,0.0,15.0,33.907238,0.7657122,1.0346286,nan,nan,0.0,0.0,0.0,0.0,0.0,0.0,0.0,0.0,0.0,0.0,0.0,0.0,0.0,0.0,0.0,0.0,0.0,0.0,0.0,12.137213,12.058495,0.69916433,12.169131,0.029146194,0.057910137,0,0,0,0,0,0,0,0,0,0,1,3,0,0,1,0,0,0
273799892,12.03149,0.0,15.0,33.907238,0.76544756,1.0346692,nan,nan,0.0,0.0,0.0,0.0,0.0,0.0,0.0,0.0,0.0,0.0,0.0,0.0,0.0,0.0,0.0,0.0,0.0,0.0,0.0,12.03149,12.058495,0.69916433,12.169131,0.029146194,0.057910137,0,0,0,0,0,0,0,0,0,0,1,3,0,0,1,0,0,0
273999893,12.129922,0.0,15.0,33.907238,0.766036,1.0345792,nan,nan,0.0,0.0,0.0,0.0,0.0,0.0,0.0,0.0,0.0,0.0,0.0,0.0,0.0,0.0,0.0,0.0,0.0,0.0,0.0,12.129922,12.058495,0.69916433,12.169131,0.029146194,0.057910137,0,0,0,0,0,0,0,0,0,0,1,3,0,0,1,0,0,0
274199891,12.122631,0.0,15.0,33.907238,0.7666587,1.0344839,nan,nan,0.0,0.0,0.0,0.0,0.0,0.0,0.0,0.0,0.0,0.0,0.0,0.0,0.0,0.0,0.0,0.0,0.0,0.0,0.0,12.122631,12.058495,0.69916433,12.169131,0.029146194,0.057910137,0,0,0,0,0,0,0,0,0,0,1,3,0,0,1,0,0,0
274389891,12.184607,0.0,15.0,33.90733,0.7683477,1.0342258,nan,nan,0.0,0.0,0.0,0.0,0.0,0.0,0.0,0.0,0.0,0.0,0.0,0.0,0.0,0.0,0.0,0.0,0.0,0.0,0.0,12.184607,12.060176,0.700098,12.19763,0.030723572,0.057910137,0,0,0,0,0,0,0,0,0,0,1,3,0,0,1,0,0,0
274589893,12.222886,0.089731246,15.0,33.907578,0.76852745,1.0341984,nan,nan,0.0,0.0,0.0,0.0,0.0,0.0,0.0,0.0,0.0,0.0,0.0,0.0,0.0,0.0,0.0,0.0,0.0,0.0,0.0,12.222886,12.061787,0.700993,12.2383995,-0.01551342,0.057910137,0,0,0,0,0,0,0,0,0,0,1,3,0,0,1,0,0,0
274789891,12.156353,0.0,15.0,33.907578,0.76866955,1.0341766,nan,nan,0.0,0.0,0.0,0.0,0.0,0.0,0.0,0.0,0.0,0.0,0.0,0.0,0.0,0.0,0.0,0.0,0.0,0.0,0.0,12.156353,12.061787,0.700993,12.2383995,-0.01551342,0.057910137,0,0,0,0,0,0,0,0,0,0,1,3,0,0,1,0,0,0
274989890,12.201923,0.0,15.0,33.908203,0.7676267,1.034336,nan,nan,0.0,0.0,0.0,0.0,0.0,0.0,0.0,0.0,0.0,0.0,0.0,0.0,0.0,0.0,0.0,0.0,0.0,0.0,0.0,12.201923,12.062669,0.7014832,12.246867,-0.095983505,0.057910137,0,0,0,0,0,0,0,0,0,0,1,3,0,0,1,0,0,0
275199896,12.108048,0.0,15.0,33.90822,0.7680568,1.0342703,nan,nan,0.0,0.0,0.0,0.0,0.0,0.0,0.0,0.0,0.0,0.0,0.0,0.0,0.0,0.0,0.0,0.0,0.0,0.0,0.0,12.108048,12.0640745,0.7022638,12.111995,0.09266281,0.057910137,0,0,0,0,0,0,0,0,0,0,1,3,0,0,1,0,0,0
275399892,12.121719,0.0,15.0,33.90822,0.76886266,1.0341471,nan,nan,0.0,0.0,0.0,0.0,0.0,0.0,0.0,0.0,0.0,0.0,0.0,0.0,0.0,0.0,0.0,0.0,0.0,0.0,0.0,12.121719,12.0640745,0.7022638,12.111995,0.09266281,0.057910137,0,0,0,0,0,0,0,0,0,0,1,3,0,0,1,0,0,0
275599892,12.1344795,0.0,15.0,33.90822,0.7691583,1.034102,nan,nan,0.0,0.0,0.0,0.0,0.0,0.0,0.0,0.0,0.0,0.0,0.0,0.0,0.0,0.0,0.0,0.0,0.0,0.0,0.0,12.1344795,12.0640745,0.7022638,12.111995,0.09266281,0.057910137,0,0,0,0,0,0,0,0,0,0,1,3,0,0,1,0,0,0
275789891,12.241115,0.0,15.0,33.90822,0.76932186,1.0340769,nan,nan,0.0,0.0,0.0,0.0,0.0,0.0,0.0,0.0,0.0,0.0,0.0,0.0,0.0,0.0,0.0,0.0,0.0,0.0,0.0,12.241115,12.0640745,0.7022638,12.111995,0.09266281,0.057910137,0,0,0,0,0,0,0,0,0,0,1,3,0,0,1,0,0,0
275990215,12.195544,0.0,15.0,33.90822,0.7684011,1.0342177,nan,nan,0.0,0.0,0.0,0.0,0.0,0.0,0.0,0.0,0.0,0.0,0.0,0.0,0.0,0.0,0.0,0.0,0.0,0.0,0.0,12.195544,12.0640745,0.7022638,12.111995,0.09266281,0.057910137,0,0,0,0,0,0,0,0,0,0,1,3,0,0,1,0,0,0
276189891,12.195544,0.0,15.0,33.90822,0.7683682,1.0342227,nan,nan,0.0,0.0,0.0,0.0,0.0,0.0,0.0,0.0,0.0,0.0,0.0,0.0,0.0,0.0,0.0,0.0,0.0,0.0,0.0,12.195544,12.0640745,0.7022638,12.111995,0.09266281,0.057910137,0,0,0,0,0,0,0,0,0,0,1,3,0,0,1,0,0,0
276389890,12.170024,0.0,15.0,33.90822,0.7659573,1.0345912,nan,nan,0.0,0.0,0.0,0.0,0.0,0.0,0.0,0.0,0.0,0.0,0.0,0.0,0.0,0.0,0.0,0.0,0.0,0.0,0.0,12.170024,12.0640745,0.7022638,12.111995,0.09266281,0.057910137,0,0,0,0,0,0,0,0,0,0,1,3,0,0,1,0,0,0
276599892,12.10258,0.0,15.0,33.90822,0.76671547,1.0344753,nan,nan,0.0,0.0,0.0,0.0,0.0,0.0,0.0,0.0,0.0,0.0,0.0,0.0,0.0,0.0,0.0,0.0,0.0,0.0,0.0,12.10258,12.0640745,0.7022638,12.111995,0.09266281,0.057910137,0,0,0,0,0,0,0,0,0,0,1,3,0,0,1,0,0,0
276800187,12.08344,0.0,15.0,33.90822,0.7668361,1.0344568,nan,nan,0.0,0.0,0.0,0.0,0.0,0.0,0.0,0.0,0.0,0.0,0.0,0.0,0.0,0.0,0.0,0.0,0.0,0.0,0.0,12.08344,12.0640745,0.7022638,12.111995,0.09266281,0.057910137,0,0,0,0,0,0,0,0,0,0,1,3,0,0,1,0,0,0
277000041,12.121719,0.0,15.0,33.90822,0.7679176,1.0342915,nan,nan,0.0,0.0,0.0,0.0,0.0,0.0,0.0,0.0,0.0,0.0,0.0,0.0,0.0,0.0,0.0,0.0,0.0,0.0,0.0,12.121719,12.0640745,0.7022638,12.111995,0.09266281,0.057910137,0,0,0,0,0,0,0,0,0,0,1,3,0,0,1,0,0,0
277189891,12.190987,0.0,15.0,33.908222,0.76854223,1.034196,nan,nan,0.0,0.0,0.0,0.0,0.0,0.0,0.0,0.0,0.0,0.0,0.0,0.0,0.0,0.0,0.0,0.0,0.0,0.0,0.0,12.190987,12.065467,0.7030377,12.20401,0.00064754486,0.057910137,0,0,0,0,0,0,0,0,0,0,1,3,0,0,1,0,0,0
277390245,12.199189,0.0,15.0,33.908222,0.7687449,1.0341651,nan,nan,0.0,0.0,0.0,0.0,0.0,0.0,0.0,0.0,0.0,0.0,0.0,0.0,0.0,0.0,0.0,0.0,0.0,0.0,0.0,12.199189,12.065467,0.7030377,12.20401,0.00064754486,0.057910137,0,0,0,0,0,0,0,0,0,0,1,3,0,0,1,0,0,0
277589890,12.214683,0.0,15.0,33.90839,0.76896137,1.0341321,nan,nan,0.0,0.0,0.0,0.0,0.0,0.0,0.0,0.0,0.0,0.0,0.0,0.0,0.0,0.0,0.0,0.0,0.0,0.0,0.0,12.214683,12.0655,0.7030558,12.215028,-0.14617062,0.057910137,0,0,0,0,0,0,0,0,0,0,1,3,0,0,1,0,0,0
277789891,12.200101,0.0,15.0,33.90839,0.76893276,1.0341364,nan,nan,0.0,0.0,0.0,0.0,0.0,0.0,0.0,0.0,0.0,0.0,0.0,0.0,0.0,0.0,0.0,0.0,0.0,0.0,0.0,12.200101,12.0655,0.7030558,12.215028,-0.14617062,0.057910137,0,0,0,0,0,0,0,0,0,0,1,3,0,0,1,0,0,0
277989891,12.216506,0.0,15.0,33.908417,0.76932615,1.0340763,nan,nan,0.0,0.0,0.0,0.0,0.0,0.0,0.0,0.0,0.0,0.0,0.0,0.0,0.0,0.0,0.0,0.0,0.0,0.0,0.0,12.216506,12.066797,0.7037768,12.059783,0.13667107,0.057910137,0,0,0,0,0,0,0,0,0,0,1,3,0,0,1,0,0,0
278199912,12.145416,0.0,15.0,33.908417,0.769988,1.0339752,nan,nan,0.0,0.0,0.0,0.0,0.0,0.0,0.0,0.0,0.0,0.0,0.0,0.0,0.0,0.0,0.0,0.0,0.0,0.0,0.0,12.145416,12.066797,0.7037768,12.059783,0.13667107,0.057910137,0,0,0,0,0,0,0,0,0,0,1,3,0,0,1,0,0,0
278399896,12.08982,0.0,15.0,33.90884,0.7696199,1.0340314,nan,nan,0.0,0.0,0.0,0.0,0.0,0.0,0.0,0.0,0.0,0.0,0.0,0.0,0.0,0.0,0.0,0.0,0.0,0.0,0.0,12.08982,12.068162,0.70453495,12.221732,-0.017074585,0.057910137,0,0,0,0,0,0,0,0,0,0,1,3,0,0,1,0,0,0
278589891,12.191897,0.0,15.0,33.90884,0.7697148,1.034017,nan,nan,0.0,0.0,0.0,0.0,0.0,0.0,0.0,0.0,0.0,0.0,0.0,0.0,0.0,0.0,0.0,0.0,0.0,0.0,0.0,12.191897,12.068162,0.70453495,12.221732,-0.017074585,0.057910137,0,0,0,0,0,0,0,0,0,0,1,3,0,0,1,0,0,0
278789891,12.187341,0.0,15.0,33.90892,0.7686972,1.0341724,nan,nan,0.0,0.0,0.0,0.0,0.0,0.0,0.0,0.0,0.0,0.0,0.0,0.0,0.0,0.0,0.0,0.0,0.0,0.0,0.0,12.187341,12.069135,0.7050752,12.182944,-0.016566277,0.057910137,0,0,0,0,0,0,0,0,0,0,1,3,0,0,1,0,0,0
278989890,12.201923,0.0,15.0,33.90892,0.76927036,1.0340848,nan,nan,0.0,0.0,0.0,0.0,0.0,0.0,0.0,0.0,0.0,0.0,0.0,0.0,0.0,0.0,0.0,0.0,0.0,0.0,0.0,12.201923,12.069135,0.7050752,12.182944,-0.016566277,0.057910137,0,0,0,0,0,0,0,0,0,0,1,3,0,0,1,0,0,0
279189891,12.214683,0.0,15.0,33.90892,0.7674379,1.0343649,nan,nan,0.0,0.0,0.0,0.0,0.0,0.0,0.0,0.0,0.0,0.0,0.0,0.0,0.0,0.0,0.0,0.0,0.0,0.0,0.0,12.214683,12.069135,0.7050752,12.182944,-0.016566277,0.057910137,0,0,0,0,0,0,0,0,0,0,1,3,0,0,1,0,0,0
279400306,12.12901,0.0,15.0,33.90892,0.7678508,1.0343018,nan,nan,0.0,0.0,0.0,0.0,0.0,0.0,0.0,0.0,0.0,0.0,0.0,0.0,0.0,0.0,0.0,0.0,0.0,0.0,0.0,12.12901,12.069135,0.7050752,12.182944,-0.016566277,0.057910137,0,0,0,0,0,0,0,0,0,0,1,3,0,0,1,0,0,0
279599907,12.039693,0.0,15.0,33.90892,0.7651252,1.0347185,nan,nan,0.0,0.0,0.0,0.0,0.0,0.0,0.0,0.0,0.0,0.0,0.0,0.0,0.0,0.0,0.0,0.0,0.0,0.0,0.0,12.039693,12.069135,0.7050752,12.182944,-0.016566277,0.057910137,0,0,0,0,0,0,0,0,0,0,1,3,0,0,1,0,0,0
279799892,12.127189,0.0,15.0,33.90892,0.76588815,1.0346018,nan,nan,0.0,0.0,0.0,0.0,0.0,0.0,0.0,0.0,0.0,0.0,0.0,0.0,0.0,0.0,0.0,0.0,0.0,0.0,0.0,12.127189,12.069135,0.7050752,12.182944,-0.016566277,0.057910137,0,0,0,0,0,0,0,0,0,0,1,3,0,0,1,0,0,0
279989891,12.165466,0.0,15.0,33.90892,0.7670149,1.0344296,nan,nan,0.0,0.0,0.0,0.0,0.0,0.0,0.0,0.0,0.0,0.0,0.0,0.0,0.0,0.0,0.0,0.0,0.0,0.0,0.0,12.165466,12.069135,0.7050752,12.182944,-0.016566277,0.057910137,0,0,0,0,0,0,0,0,0,0,1,3,0,0,1,0,0,0
280189891,12.195544,0.0,15.0,33.909016,0.7676768,1.0343283,nan,nan,0.0,0.0,0.0,0.0,0.0,0.0,0.0,0.0,0.0,0.0,0.0,0.0,0.0,0.0,0.0,0.0,0.0,0.0,0.0,12.195544,12.070404,0.70578045,12.16735,0.030015945,0.057910137,0,0,0,0,0,0,0,0,0,0,1,3,0,0,1,0,0,0
280389891,12.172759,0.0,15.0,33.909016,0.76857656,1.0341909,nan,nan,0.0,0.0,0.0,0.0,0.0,0.0,0.0,0.0,0.0,0.0,0.0,0.0,0.0,0.0,0.0,0.0,0.0,0.0,0.0,12.172759,12.070404,0.70578045,12.16735,0.030015945,0.057910137,0,0,0,0,0,0,0,0,0,0,1,3,0,0,1,0,0,0
280590018,12.303089,0.0,15.0,33.909016,0.7691502,1.0341032,nan,nan,0.0,0.0,0.0,0.0,0.0,0.0,0.0,0.0,0.0,0.0,0.0,0.0,0.0,0.0,0.0,0.0,0.0,0.0,0.0,12.303089,12.070404,0.70578045,12.16735,0.030015945,0.057910137,0,0,0,0,0,0,0,0,0,0,1,3,0,0,1,0,0,0
280799891,12.147239,0.0,15.0,33.909016,0.7687339,1.0341668,nan,nan,0.0,0.0,0.0,0.0,0.0,0.0,0.0,0.0,0.0,0.0,0.0,0.0,0.0,0.0,0.0,0.0,0.0,0.0,0.0,12.147239,12.070404,0.70578045,12.16735,0.030015945,0.057910137,0,0,0,0,0,0,0,0,0,0,1,3,0,0,1,0,0,0
280999892,12.121719,0.0,15.0,33.909016,0.76921934,1.0340927,nan,nan,0.0,0.0,0.0,0.0,0.0,0.0,0.0,0.0,0.0,0.0,0.0,0.0,0.0,0.0,0.0,0.0,0.0,0.0,0.0,12.121719,12.070404,0.70578045,12.16735,0.030015945,0.057910137,0,0,0,0,0,0,0,0,0,0,1,3,0,0,1,0,0,0
281199892,12.131745,0.0,15.0,33.909016,0.7693443,1.0340736,nan,nan,0.0,0.0,0.0,0.0,0.0,0.0,0.0,0.0,0.0,0.0,0.0,0.0,0.0,0.0,0.0,0.0,0.0,0.0,0.0,12.131745,12.070404,0.70578045,12.16735,0.030015945,0.057910137,0,0,0,0,0,0,0,0,0,0,1,3,0,0,1,0,0,0
281389891,12.171847,0.0,15.0,33.909016,0.76971,1.0340177,nan,nan,0.0,0.0,0.0,0.0,0.0,0.0,0.0,0.0,0.0,0.0,0.0,0.0,0.0,0.0,0.0,0.0,0.0,0.0,0.0,12.171847,12.070404,0.70578045,12.16735,0.030015945,0.057910137,0,0,0,0,0,0,0,0,0,0,1,3,0,0,1,0,0,0
281589892,12.199189,0.0,15.0,33.909016,0.7693576,1.0340714,nan,nan,0.0,0.0,0.0,0.0,0.0,0.0,0.0,0.0,0.0,0.0,0.0,0.0,0.0,0.0,0.0,0.0,0.0,0.0,0.0,12.199189,12.070404,0.70578045,12.16735,0.030015945,0.057910137,0,0,0,0,0,0,0,0,0,0,1,3,0,0,1,0,0,0
281790597,12.184607,0.0,15.0,33.909016,0.76858705,1.0341892,nan,nan,0.0,0.0,0.0,0.0,0.0,0.0,0.0,0.0,0.0,0.0,0.0,0.0,0.0,0.0,0.0,0.0,0.0,0.0,0.0,12.184607,12.070404,0.70578045,12.16735,0.030015945,0.057910137,0,0,0,0,0,0,0,0,0,0,1,3,0,0,1,0,0,0
281990048,12.190075,0.0,15.0,33.909016,0.7691998,1.0340956,nan,nan,0.0,0.0,0.0,0.0,0.0,0.0,0.0,0.0,0.0,0.0,0.0,0.0,0.0,0.0,0.0,0.0,0.0,0.0,0.0,12.190075,12.070404,0.70578045,12.16735,0.030015945,0.057910137,0,0,0,0,0,0,0,0,0,0,1,3,0,0,1,0,0,0
282199891,12.130834,0.0,15.0,33.909016,0.7687935,1.0341578,nan,nan,0.0,0.0,0.0,0.0,0.0,0.0,0.0,0.0,0.0,0.0,0.0,0.0,0.0,0.0,0.0,0.0,0.0,0.0,0.0,12.130834,12.070404,0.70578045,12.16735,0.030015945,0.057910137,0,0,0,0,0,0,0,0,0,0,1,3,0,0,1,0,0,0
282399892,12.1344795,0.0,15.0,33.909016,0.7692146,1.0340934,nan,nan,0.0,0.0,0.0,0.0,0.0,0.0,0.0,0.0,0.0,0.0,0.0,0.0,0.0,0.0,0.0,0.0,0.0,0.0,0.0,12.1344795,12.070404,0.70578045,12.16735,0.030015945,0.057910137,0,0,0,0,0,0,0,0,0,0,1,3,0,0,1,0,0,0
282599894,12.124454,0.0,15.0,33.909016,0.7678923,1.0342954,nan,nan,0.0,0.0,0.0,0.0,0.0,0.0,0.0,0.0,0.0,0.0,0.0,0.0,0.0,0.0,0.0,0.0,0.0,0.0,0.0,12.124454,12.070404,0.70578045,12.16735,0.030015945,0.057910137,0,0,0,0,0,0,0,0,0,0,1,3,0,0,1,0,0,0
282789892,12.232911,0.0,15.0,33.90931,0.76893324,1.0341363,nan,nan,0.0,0.0,0.0,0.0,0.0,0.0,0.0,0.0,0.0,0.0,0.0,0.0,0.0,0.0,0.0,0.0,0.0,0.0,0.0,12.232911,12.071896,0.7066092,12.210005,0.011057854,0.057910137,0,0,0,0,0,0,0,0,0,0,1,3,0,0,1,0,0,0
282989984,12.161821,0.0,15.0,33.90931,0.7688331,1.0341517,nan,nan,0.0,0.0,0.0,0.0,0.0,0.0,0.0,0.0,0.0,0.0,0.0,0.0,0.0,0.0,0.0,0.0,0.0,0.0,0.0,12.161821,12.071896,0.7066092,12.210005,0.011057854,0.057910137,0,0,0,0,0,0,0,0,0,0,1,3,0,0,1,0,0,0
283189891,12.1882515,0.0,15.0,33.909565,0.7697415,1.0340129,nan,nan,0.0,0.0,0.0,0.0,0.0,0.0,0.0,0.0,0.0,0.0,0.0,0.0,0.0,0.0,0.0,0.0,0.0,0.0,0.0,12.1882515,12.073337,0.7074093,12.218471,-0.0010528564,0.057910137,0,0,0,0,0,0,0,0,0,0,1,3,0,0,1,0,0,0
