timestamp,timestamp_sample,control[0],control[1],control[2],control[3],control[4],control[5],control[6],control[7]
388275097,388274863,0.18913934,-0.1819452,0.009615483,nan,nan,nan,nan,nan
388277577,388277329,0.18913934,-0.1819452,0.009615483,nan,nan,nan,nan,nan
388376085,388375853,0.19033837,-0.18074617,0.009615483,nan,nan,nan,nan,nan
388479542,388479306,0.19033837,-0.18074617,0.009615483,nan,nan,nan,nan,nan
388575602,388575370,0.18913934,-0.1819452,0.009615483,nan,nan,nan,nan,nan
388679055,388678823,0.19033837,-0.18074617,0.009615483,nan,nan,nan,nan,nan
388780085,388779813,0.18913934,-0.1819452,0.009615483,nan,nan,nan,nan,nan
388878579,388878340,1.0,-0.5186914,0.3456835,nan,nan,nan,nan,nan
388979568,388979330,1.0,-0.59874266,0.3251145,nan,nan,nan,nan,nan
389078096,389077857,1.0,-0.6965562,0.30789807,nan,nan,nan,nan,nan
389179087,389178847,1.0,-0.7614764,0.33419308,nan,nan,nan,nan,nan
389277607,389277374,1.0,-0.8148021,0.3581134,nan,nan,nan,nan,nan
389378613,389378364,0.9012774,-0.91185653,0.32588333,nan,nan,nan,nan,nan
389479588,389479354,1.0,-0.71643263,0.27599555,nan,nan,nan,nan,nan
389578114,389577881,1.0,-0.49320588,0.23831427,nan,nan,nan,nan,nan
389679105,389678871,0.9649355,-0.4268982,0.19556798,nan,nan,nan,nan,nan
389777630,389777398,0.9194211,-0.38749626,0.13806763,nan,nan,nan,nan,nan
389878621,389878388,0.8811998,-0.3463022,0.14306164,nan,nan,nan,nan,nan
389977144,389976915,0.9557274,-0.3247992,0.18512987,nan,nan,nan,nan,nan
390078137,390077905,0.91563684,-0.21503523,0.12410858,nan,nan,nan,nan,nan
390179141,390178895,0.77547,-0.16487698,0.061399277,nan,nan,nan,nan,nan
390277657,390277422,0.6674525,-0.11281746,0.022507926,nan,nan,nan,nan,nan
390378641,390378412,0.72611237,0.04275969,-0.045909613,nan,nan,nan,nan,nan
390477171,390476938,0.8002259,0.10782533,-0.074613914,nan,nan,nan,nan,nan
390578176,390577928,0.8453052,0.07829835,-0.036689933,nan,nan,nan,nan,nan
390676690,390676455,0.89927655,0.039817445,0.0013860799,nan,nan,nan,nan,nan
390777679,390777445,0.9986168,-0.0456971,0.06705823,nan,nan,nan,nan,nan
390878671,390878435,1.0,-0.119883895,0.16723974,nan,nan,nan,nan,nan
390977194,390976962,1.0,-0.22900338,0.16505167,nan,nan,nan,nan,nan
391078186,391077952,1.0,-0.39389,0.20400953,nan,nan,nan,nan,nan
391176713,391176479,1.0,-0.5185222,0.25789043,nan,nan,nan,nan,nan
391277702,391277469,1.0,-0.49107203,0.24176481,nan,nan,nan,nan,nan
391376234,391375995,1.0,-0.46945372,0.26185638,nan,nan,nan,nan,nan
391477222,391476985,1.0,-0.37061185,0.27532402,nan,nan,nan,nan,nan
391580673,391580439,1.0,-0.27833673,0.19400784,nan,nan,nan,nan,nan
391676758,391676502,0.99668276,-0.14741455,0.10410842,nan,nan,nan,nan,nan
391780208,391779956,0.8323205,-0.10040185,-0.010178041,nan,nan,nan,nan,nan
391876251,391876019,0.6076981,-0.007871228,-0.16607404,nan,nan,nan,nan,nan
391979731,391979472,0.5593933,0.28308058,-0.21173598,nan,nan,nan,nan,nan
392075771,392075536,0.47736844,0.15724397,-0.18859245,nan,nan,nan,nan,nan
392179219,392178989,0.6346218,-0.07256656,-0.08209697,nan,nan,nan,nan,nan
392280215,392279979,0.76587266,-0.21034345,0.009984206,nan,nan,nan,nan,nan
392378744,392378506,0.8075797,-0.116306014,-0.010121061,nan,nan,nan,nan,nan
392479730,392479496,0.6244173,0.13666645,-0.24485752,nan,nan,nan,nan,nan
392578257,392578023,0.2621028,0.33708775,-0.3547069,nan,nan,nan,nan,nan
392679245,392679013,0.24846137,0.41546503,-0.282453,nan,nan,nan,nan,nan
392777775,392777540,0.38756064,0.20659666,-0.20348634,nan,nan,nan,nan,nan
392878761,392878530,0.3952948,0.124160245,-0.3816223,nan,nan,nan,nan,nan
392977345,392977056,0.5206312,0.024772963,-0.30216667,nan,nan,nan,nan,nan
393078276,393078046,0.33067057,0.17502551,-0.29418424,nan,nan,nan,nan,nan
393179269,393179036,0.27423343,0.29139078,-0.3235222,nan,nan,nan,nan,nan
393277808,393277566,0.24753267,0.09507524,-0.2553381,nan,nan,nan,nan,nan
393378788,393378553,0.4923571,0.079048134,-0.19984157,nan,nan,nan,nan,nan
393477330,393477080,0.60618967,0.11136303,-0.22154574,nan,nan,nan,nan,nan
393578303,393578070,0.33366942,0.066464156,-0.25755918,nan,nan,nan,nan,nan
393679290,393679060,0.22051643,-0.026812702,-0.22239287,nan,nan,nan,nan,nan
393777820,393777586,0.25128555,-0.16165955,-0.105716236,nan,nan,nan,nan,nan
393878809,393878576,0.4930806,0.0073438734,-0.15529774,nan,nan,nan,nan,nan
393977339,393977103,0.6436067,0.13066995,-0.17766853,nan,nan,nan,nan,nan
394078326,394078093,0.6264408,0.19264252,-0.1622634,nan,nan,nan,nan,nan
394176857,394176620,0.56356263,0.15424058,-0.08171723,nan,nan,nan,nan,nan
394277840,394277609,0.33417994,0.115095966,-0.17046149,nan,nan,nan,nan,nan
394380476,394378599,0.255096,0.32692477,-0.50401723,nan,nan,nan,nan,nan
394477371,394477126,0.17708531,0.45074958,-0.6567654,nan,nan,nan,nan,nan
394578345,394578116,-0.01956518,0.394441,-0.53627264,nan,nan,nan,nan,nan
394676892,394676643,-0.026378708,0.39053756,-0.4676724,nan,nan,nan,nan,nan
394777863,394777632,0.004007666,0.35873297,-0.5962437,nan,nan,nan,nan,nan
394876401,394876159,0.05464672,0.23750968,-0.55042946,nan,nan,nan,nan,nan
394977379,394977149,-0.038522907,0.11899809,-0.35307655,nan,nan,nan,nan,nan
395080846,395080602,0.13109379,0.3503401,-0.31227258,nan,nan,nan,nan,nan
395176903,395176668,0.32804474,0.4606667,-0.47657108,nan,nan,nan,nan,nan
395280352,395280118,0.35050792,0.33785912,-0.28430375,nan,nan,nan,nan,nan
395376413,395376182,0.19142488,0.09183014,-0.13211901,nan,nan,nan,nan,nan
395479868,395479635,0.24049374,0.32980692,-0.16551438,nan,nan,nan,nan,nan
395575937,395575698,0.29695088,0.006911165,-0.16214877,nan,nan,nan,nan,nan
395679386,395679151,0.22434807,-1.0,0.42605183,nan,nan,nan,nan,nan
395780372,395780141,0.19169879,-1.0,0.3783655,nan,nan,nan,nan,nan
395878902,395878667,0.15457565,-0.92828125,0.2373565,nan,nan,nan,nan,nan
395979943,395979657,0.041986026,-0.47570035,0.04275577,nan,nan,nan,nan,nan
396075976,396075721,0.10154462,-0.622611,0.047467165,nan,nan,nan,nan,nan
396179404,396179173,0.21034606,-0.55149496,0.03966715,nan,nan,nan,nan,nan
396275467,396275236,0.09898095,-0.49221304,-0.00018108834,nan,nan,nan,nan,nan
396378919,396378689,0.11453142,-0.64865065,0.03095139,nan,nan,nan,nan,nan
396479909,396479678,0.18410283,-0.60373765,0.0372496,nan,nan,nan,nan,nan
396578437,396578204,0.29438055,-0.6556214,0.104030125,nan,nan,nan,nan,nan
396679435,396679194,0.28966138,-0.7133294,0.15015791,nan,nan,nan,nan,nan
396777951,396777720,0.2572211,-0.6382143,0.12268504,nan,nan,nan,nan,nan
396878941,396878709,0.24673252,-0.6201857,0.11894753,nan,nan,nan,nan,nan
396977467,396977235,0.32635874,-0.7245658,0.15019628,nan,nan,nan,nan,nan
397078457,397078225,0.30768245,-0.6914336,0.13089697,nan,nan,nan,nan,nan
397179465,397179214,0.24753532,-0.5827658,0.10601666,nan,nan,nan,nan,nan
397277988,397277740,0.31116006,-0.5909877,0.1118039,nan,nan,nan,nan,nan
397378966,397378730,0.1756253,-0.45540336,0.045461193,nan,nan,nan,nan,nan
397477492,397477256,0.032554865,-0.2354986,-0.0004449283,nan,nan,nan,nan,nan
397578482,397578245,0.026917791,-0.22395265,-0.015711155,nan,nan,nan,nan,nan
397677006,397676771,-0.10509668,-0.1951336,-0.102753095,nan,nan,nan,nan,nan
397777998,397777760,-0.070711926,-0.20342375,-0.038153723,nan,nan,nan,nan,nan
397878984,397878749,0.02559904,-0.2714913,-0.008949961,nan,nan,nan,nan,nan
397977524,397977275,-0.050312433,-0.2378887,-0.050959278,nan,nan,nan,nan,nan
398078499,398078264,-0.08242167,-0.17527366,-0.010813961,nan,nan,nan,nan,nan
398177026,398176790,-0.04280756,-0.11857347,0.00097476074,nan,nan,nan,nan,nan
398278018,398277780,-0.096295886,-0.063901246,-0.017872838,nan,nan,nan,nan,nan
398376545,398376305,-0.1684025,-0.03859644,0.03318051,nan,nan,nan,nan,nan
398477546,398477294,-0.11057896,-0.06339899,-0.0345121,nan,nan,nan,nan,nan
398578515,398578283,0.0023451315,-0.17616725,-0.031662762,nan,nan,nan,nan,nan
398677043,398676809,-0.17306201,-0.09051563,0.039923314,nan,nan,nan,nan,nan
398778033,398777798,-0.34722272,0.14296898,-0.005824921,nan,nan,nan,nan,nan
398876559,398876324,-0.33838475,0.15250851,0.0107222395,nan,nan,nan,nan,nan
398977545,398977313,-0.22327928,0.0125904055,0.057222933,nan,nan,nan,nan,nan
399076072,399075839,-0.18284442,0.032928485,0.041434746,nan,nan,nan,nan,nan
399177059,399176828,-0.15714635,0.010674846,0.06837758,nan,nan,nan,nan,nan
399280516,399280281,0.051983416,-0.23207563,0.068378024,nan,nan,nan,nan,nan
399376574,399376343,0.045828294,-0.26036578,0.042646125,nan,nan,nan,nan,nan
399480047,399479795,-0.002258579,-0.20758137,0.083889574,nan,nan,nan,nan,nan
399576093,399575858,0.120498754,-0.32726914,0.054736394,nan,nan,nan,nan,nan
399679613,399679310,0.08492339,-0.30364147,0.03144929,nan,nan,nan,nan,nan
399775604,399775373,0.10402635,-0.327713,0.049709093,nan,nan,nan,nan,nan
399879061,399878828,0.18280677,-0.38129005,0.06564739,nan,nan,nan,nan,nan
399980046,399979813,0.18515381,-0.37984166,0.053590532,nan,nan,nan,nan,nan
400078571,400078339,0.21003646,-0.46071845,0.09743661,nan,nan,nan,nan,nan
400179594,400179328,0.33639663,-0.53539306,0.06613144,nan,nan,nan,nan,nan
400278084,400277853,0.42882723,-0.65204686,0.05115597,nan,nan,nan,nan,nan
400379074,400378842,0.5384795,-0.7978905,0.08946766,nan,nan,nan,nan,nan
400477606,400477368,0.57395405,-0.7677383,0.094002895,nan,nan,nan,nan,nan
400578592,400578357,0.60615665,-0.7766616,0.102745265,nan,nan,nan,nan,nan
400677115,400676882,0.61701787,-0.8335968,0.09662209,nan,nan,nan,nan,nan
400778100,400777870,0.60543776,-0.78355956,0.06469811,nan,nan,nan,nan,nan
400879092,400878859,0.6128379,-0.77548456,0.09474584,nan,nan,nan,nan,nan
400977618,400977386,0.6654105,-0.79395235,0.15727912,nan,nan,nan,nan,nan
401078604,401078373,0.67802763,-0.7513114,0.1570412,nan,nan,nan,nan,nan
401177131,401176898,0.65271556,-0.7729567,0.09629632,nan,nan,nan,nan,nan
401278118,401277886,0.68325484,-0.7388494,0.13789716,nan,nan,nan,nan,nan
401379213,401378875,0.6588984,-0.72048265,0.11266841,nan,nan,nan,nan,nan
401477631,401477400,0.65662104,-0.7401597,0.11387484,nan,nan,nan,nan,nan
401578660,401578388,0.6774181,-0.7100382,0.08734383,nan,nan,nan,nan,nan
401677150,401676913,0.6613361,-0.6833007,0.06415853,nan,nan,nan,nan,nan
401778185,401777902,0.66545105,-0.6935705,0.11118973,nan,nan,nan,nan,nan
401876682,401876427,0.6876698,-0.64236265,0.09600697,nan,nan,nan,nan,nan
401977727,401977415,0.699254,-0.64364547,0.13283166,nan,nan,nan,nan,nan
402076174,402075940,0.6544586,-0.68628687,0.07859757,nan,nan,nan,nan,nan
402177208,402176928,0.6926779,-0.635371,0.13337721,nan,nan,nan,nan,nan
402278150,402277916,0.64933103,-0.66073066,0.08343534,nan,nan,nan,nan,nan
402376725,402376441,0.62143385,-0.6819508,0.099728346,nan,nan,nan,nan,nan
402477673,402477429,0.6232124,-0.6530716,0.13937926,nan,nan,nan,nan,nan
402576236,402575954,0.66276217,-0.68995917,0.23995715,nan,nan,nan,nan,nan
402677174,402676942,0.671915,-0.7293256,0.17181984,nan,nan,nan,nan,nan
402780643,402780393,0.6399233,-0.7333862,0.14016257,nan,nan,nan,nan,nan
402876694,402876455,0.627663,-0.7678399,0.12292436,nan,nan,nan,nan,nan
402980153,402979906,0.6733852,-0.7286081,0.14771067,nan,nan,nan,nan,nan
403076201,403075967,0.64302146,-0.7253423,0.120229945,nan,nan,nan,nan,nan
403179663,403179418,0.592903,-0.76394916,0.08872466,nan,nan,nan,nan,nan
403275717,403275480,0.6285981,-0.7309532,0.14388908,nan,nan,nan,nan,nan
403379176,403378931,0.6110832,-0.73705345,0.11668162,nan,nan,nan,nan,nan
403480151,403479918,0.60944855,-0.7916144,0.12754078,nan,nan,nan,nan,nan
403578689,403578443,0.6350771,-0.7397748,0.11093999,nan,nan,nan,nan,nan
403679679,403679431,0.6376184,-0.7539625,0.12442724,nan,nan,nan,nan,nan
403778201,403777955,0.63037133,-0.8006644,0.09911667,nan,nan,nan,nan,nan
403879175,403878943,0.6384717,-0.7748655,0.08078084,nan,nan,nan,nan,nan
403977716,403977467,0.60840905,-0.78557026,0.091118634,nan,nan,nan,nan,nan
404078690,404078455,0.6420648,-0.7741647,0.16902997,nan,nan,nan,nan,nan
404177233,404176979,0.62593704,-0.7705299,0.14787114,nan,nan,nan,nan,nan
404278200,404277967,0.61478555,-0.7884047,0.11525278,nan,nan,nan,nan,nan
404379202,404378954,0.6419927,-0.7585437,0.11074217,nan,nan,nan,nan,nan
404477715,404477478,0.61662537,-0.7565227,0.089110605,nan,nan,nan,nan,nan
404578714,404578466,0.6279075,-0.79244685,0.114529654,nan,nan,nan,nan,nan
404677223,404676990,0.64186525,-0.7614466,0.048069965,nan,nan,nan,nan,nan
404778227,404777978,0.6280628,-0.75145906,0.016764086,nan,nan,nan,nan,nan
404879195,404878965,0.6119797,-0.8019259,0.02879928,nan,nan,nan,nan,nan
404977739,404977489,0.64372283,-0.7653635,0.013862887,nan,nan,nan,nan,nan
405078712,405078476,0.6375721,-0.76132876,0.008632872,nan,nan,nan,nan,nan
405177246,405177001,0.66306835,-0.81541485,0.055678602,nan,nan,nan,nan,nan
405278220,405277988,0.6737055,-0.79481536,0.0076359217,nan,nan,nan,nan,nan
405376763,405376512,0.6578337,-0.79198277,0.017735463,nan,nan,nan,nan,nan
405477738,405477499,0.6557473,-0.77814376,0.03492747,nan,nan,nan,nan,nan
405578751,405578486,0.6288246,-0.75953877,0.023745898,nan,nan,nan,nan,nan
405677243,405677011,0.60812795,-0.7640312,0.019248119,nan,nan,nan,nan,nan
405778246,405777998,0.6284806,-0.76360565,0.013365522,nan,nan,nan,nan,nan
405876757,405876523,0.60495824,-0.76167566,0.0065232744,nan,nan,nan,nan,nan
405977760,405977509,0.57416296,-0.7863537,0.0060564163,nan,nan,nan,nan,nan
406076287,406076033,0.6251922,-0.7689324,0.008992775,nan,nan,nan,nan,nan
406177268,406177020,0.6198363,-0.76939243,0.0059016882,nan,nan,nan,nan,nan
406275777,406275544,0.5692968,-0.7865917,-0.004050143,nan,nan,nan,nan,nan
406376783,406376531,0.61872774,-0.7539497,-0.0011327596,nan,nan,nan,nan,nan
406480211,406479981,0.56664646,-0.73877525,-0.0025998538,nan,nan,nan,nan,nan
406576293,406576042,0.544122,-0.7826854,0.0016418201,nan,nan,nan,nan,nan
406679731,406679492,0.5568039,-0.7580989,0.041658007,nan,nan,nan,nan,nan
406775815,406775553,0.5420082,-0.7657692,0.056030087,nan,nan,nan,nan,nan
406879238,406879003,0.543906,-0.775867,0.07170159,nan,nan,nan,nan,nan
406980223,406979990,0.5176334,-0.7624988,0.045615654,nan,nan,nan,nan,nan
407078749,407078513,0.51808864,-0.78032225,0.03815346,nan,nan,nan,nan,nan
407179736,407179500,0.54885674,-0.774335,0.061082132,nan,nan,nan,nan,nan
407278274,407278024,0.52972996,-0.76988673,0.033151053,nan,nan,nan,nan,nan
407379245,407379011,0.397116,-0.6912933,-0.0010377304,nan,nan,nan,nan,nan
407477771,407477535,0.5166189,-0.7475571,0.003641993,nan,nan,nan,nan,nan
407578756,407578521,0.493039,-0.7241491,0.003305852,nan,nan,nan,nan,nan
407677284,407677045,0.49941856,-0.80057174,0.009284486,nan,nan,nan,nan,nan
407778269,407778032,0.5386353,-0.7889015,0.0095036505,nan,nan,nan,nan,nan
407879252,407879018,0.5132501,-0.7697476,0.003475647,nan,nan,nan,nan,nan
407977779,407977542,0.5188827,-0.8361519,0.02270051,nan,nan,nan,nan,nan
408078760,408078529,0.50441,-0.7641375,-0.01367454,nan,nan,nan,nan,nan
408177286,408177052,0.40294272,-0.63409275,-0.023361396,nan,nan,nan,nan,nan
408278271,408278039,0.41485587,-0.63329446,-0.037132293,nan,nan,nan,nan,nan
408379260,408379025,0.4086199,-0.5988361,-0.060193334,nan,nan,nan,nan,nan
408477798,408477549,0.36240205,-0.5673718,-0.06018532,nan,nan,nan,nan,nan
408578767,408578536,0.3870738,-0.5678258,-0.062229875,nan,nan,nan,nan,nan
408677294,408677059,0.34355462,-0.53664106,-0.070017524,nan,nan,nan,nan,nan
408778278,408778046,0.2502696,-0.47039014,-0.07043689,nan,nan,nan,nan,nan
408876805,408876569,0.22904424,-0.43074805,-0.04587455,nan,nan,nan,nan,nan
408977790,408977556,0.20329656,-0.4185288,-0.048003335,nan,nan,nan,nan,nan
409078774,409078542,0.17700775,-0.4516511,-0.029509831,nan,nan,nan,nan,nan
409177299,409177066,0.17685032,-0.37693417,-0.003378618,nan,nan,nan,nan,nan
409278284,409278052,0.18369478,-0.4173829,-0.014335315,nan,nan,nan,nan,nan
409376811,409376576,0.2360952,-0.56889784,-0.012526562,nan,nan,nan,nan,nan
409477796,409477562,0.30893236,-0.60227054,-0.028416121,nan,nan,nan,nan,nan
409576319,409576085,0.19659024,-0.48832822,-0.027983097,nan,nan,nan,nan,nan
409677321,409677072,0.1834497,-0.54565835,-0.0015103632,nan,nan,nan,nan,nan
409780758,409780521,0.21956849,-0.48385412,0.005175429,nan,nan,nan,nan,nan
409876816,409876582,0.16383933,-0.4273329,0.028377049,nan,nan,nan,nan,nan
409980268,409980031,0.26565787,-0.57054424,0.023951877,nan,nan,nan,nan,nan
410076323,410076091,0.27835786,-0.51844084,0.024162056,nan,nan,nan,nan,nan
410179777,410179541,0.25838938,-0.4956651,0.015461325,nan,nan,nan,nan,nan
410275833,410275601,0.38574326,-0.65666497,0.03128601,nan,nan,nan,nan,nan
410379285,410379050,0.4015573,-0.6453399,-0.014024489,nan,nan,nan,nan,nan
410480267,410480036,0.29851007,-0.5060886,-0.022045152,nan,nan,nan,nan,nan
410578796,410578559,0.3641851,-0.5757976,-0.048953433,nan,nan,nan,nan,nan
410679778,410679545,0.4081821,-0.5579652,-0.07955913,nan,nan,nan,nan,nan
410778308,410778069,0.33353117,-0.46474597,-0.057522815,nan,nan,nan,nan,nan
410879305,410879055,0.41708952,-0.5742924,-0.071987845,nan,nan,nan,nan,nan
410977815,410977578,0.48568073,-0.57329917,-0.06391,nan,nan,nan,nan,nan
411078795,411078564,0.36050475,-0.52388084,-0.08282449,nan,nan,nan,nan,nan
411177324,411177087,0.43990114,-0.6305493,-0.08447053,nan,nan,nan,nan,nan
411278304,411278073,0.41787013,-0.5947394,-0.11206533,nan,nan,nan,nan,nan
411379296,411379059,0.33617917,-0.5203782,-0.10088439,nan,nan,nan,nan,nan
411477836,411477582,0.45690936,-0.6526305,-0.09805278,nan,nan,nan,nan,nan
411578800,411578568,0.46773064,-0.6733991,-0.11847271,nan,nan,nan,nan,nan
411677328,411677091,0.43659872,-0.6554268,-0.11283644,nan,nan,nan,nan,nan
411778308,411778077,0.51867115,-0.7411319,-0.12153795,nan,nan,nan,nan,nan
411879294,411879062,0.5225027,-0.73083574,-0.11515409,nan,nan,nan,nan,nan
411977824,411977585,0.5092793,-0.7595368,-0.11033161,nan,nan,nan,nan,nan
412078810,412078571,0.53227586,-0.7416628,-0.06896004,nan,nan,nan,nan,nan
412177349,412177094,0.5271943,-0.7268602,-0.05400144,nan,nan,nan,nan,nan
412278330,412278079,0.550254,-0.73803437,-0.022402557,nan,nan,nan,nan,nan
412376836,412376602,0.59852684,-0.7200378,-0.0042387233,nan,nan,nan,nan,nan
412477822,412477588,0.57439554,-0.71602654,-0.00034204344,nan,nan,nan,nan,nan
412578808,412578574,0.54455966,-0.7480747,-0.039465964,nan,nan,nan,nan,nan
412677359,412677096,0.60786176,-0.6889428,-0.02472741,nan,nan,nan,nan,nan
412778314,412778082,0.5858357,-0.67853546,-0.037162557,nan,nan,nan,nan,nan
412876840,412876605,0.5536236,-0.74570626,-0.053898584,nan,nan,nan,nan,nan
412977849,412977590,0.57467467,-0.6954394,-0.07560503,nan,nan,nan,nan,nan
413076347,413076113,0.56345224,-0.69481945,-0.067209415,nan,nan,nan,nan,nan
413177337,413177099,0.54960304,-0.73024017,-0.04422787,nan,nan,nan,nan,nan
413280783,413280547,0.592859,-0.65018475,-0.010327422,nan,nan,nan,nan,nan
413376854,413376607,0.5691091,-0.68478525,-0.0054320795,nan,nan,nan,nan,nan
413480293,413480055,0.5564406,-0.72881925,0.0010873411,nan,nan,nan,nan,nan
413576348,413576115,0.59864765,-0.6738364,0.044055637,nan,nan,nan,nan,nan
413679820,413679563,0.5739089,-0.7274647,0.01170007,nan,nan,nan,nan,nan
413773393,413773159,0.5872024,-0.7201209,0.017870842,nan,nan,nan,nan,nan
413879323,413879071,0.548919,-0.7066565,-0.008338432,nan,nan,nan,nan,nan
413980287,413980056,0.50755256,-0.7483122,0.001640171,nan,nan,nan,nan,nan
414078826,414078579,0.55700517,-0.71802914,0.04748622,nan,nan,nan,nan,nan
414179797,414179564,0.52030563,-0.7151505,0.034969784,nan,nan,nan,nan,nan
414278320,414278086,0.4975399,-0.75267226,-0.0026453524,nan,nan,nan,nan,nan
414379307,414379071,0.578875,-0.678992,0.04065829,nan,nan,nan,nan,nan
414477827,414477594,0.54973626,-0.6925055,0.009914417,nan,nan,nan,nan,nan
414578814,414578579,0.5201148,-0.7436738,-0.004359976,nan,nan,nan,nan,nan
414677337,414677101,0.53750783,-0.6927996,-0.0029086003,nan,nan,nan,nan,nan
414778321,414778086,0.5148696,-0.7207929,-0.015854176,nan,nan,nan,nan,nan
414879304,414879071,0.4956363,-0.7686861,-0.010072901,nan,nan,nan,nan,nan
414977827,414977594,0.51486886,-0.732936,-0.0098117525,nan,nan,nan,nan,nan
415078811,415078579,0.49375632,-0.77440447,-0.015412853,nan,nan,nan,nan,nan
415177351,415177101,0.48783174,-0.787417,-0.03881958,nan,nan,nan,nan,nan
415278321,415278086,0.47875732,-0.78021294,-0.07403482,nan,nan,nan,nan,nan
415376839,415376608,0.4793818,-0.78099775,-0.09193423,nan,nan,nan,nan,nan
415477826,415477593,0.5049822,-0.76178247,-0.09801515,nan,nan,nan,nan,nan
415578812,415578578,0.49770936,-0.7469455,-0.10988916,nan,nan,nan,nan,nan
415677331,415677100,0.5002249,-0.7698584,-0.108402155,nan,nan,nan,nan,nan
415778321,415778085,0.56225103,-0.76093644,-0.107641526,nan,nan,nan,nan,nan
415876839,415876607,0.55209464,-0.7710628,-0.12470252,nan,nan,nan,nan,nan
415977826,415977592,0.5379401,-0.83528167,-0.13320261,nan,nan,nan,nan,nan
416078810,416078577,0.56610286,-0.76186097,-0.14680704,nan,nan,nan,nan,nan
416177331,416177099,0.5331947,-0.7446044,-0.14263538,nan,nan,nan,nan,nan
416278318,416278084,0.53525203,-0.79228896,-0.13424471,nan,nan,nan,nan,nan
416376856,416376606,0.530083,-0.7460882,-0.14177224,nan,nan,nan,nan,nan
416477822,416477591,0.4976863,-0.74220395,-0.11773864,nan,nan,nan,nan,nan
416576346,416576113,0.5366884,-0.78177387,-0.10031896,nan,nan,nan,nan,nan
416677330,416677098,0.5111834,-0.7894552,-0.11551657,nan,nan,nan,nan,nan
416780780,416780545,0.46550876,-0.8244328,-0.10903361,nan,nan,nan,nan,nan
416876858,416876604,0.50014305,-0.82963526,-0.096320935,nan,nan,nan,nan,nan
416980290,416980052,0.47620124,-0.8080657,-0.09219183,nan,nan,nan,nan,nan
417076342,417076111,0.4597911,-0.8329649,-0.08260565,nan,nan,nan,nan,nan
417179796,417179559,0.50220686,-0.82455426,-0.08069203,nan,nan,nan,nan,nan
417275862,417275617,0.46039814,-0.81083053,-0.093835525,nan,nan,nan,nan,nan
417379303,417379065,0.46652138,-0.8771535,-0.086617395,nan,nan,nan,nan,nan
417480284,417480050,0.49236605,-0.81803966,-0.08774798,nan,nan,nan,nan,nan
417578856,417578572,0.49116358,-0.82414144,-0.09086692,nan,nan,nan,nan,nan
417679792,417679556,0.50406325,-0.8720342,-0.10357168,nan,nan,nan,nan,nan
417778312,417778078,0.4933874,-0.81552666,-0.15551719,nan,nan,nan,nan,nan
417879298,417879063,0.42791924,-0.75319684,-0.15076196,nan,nan,nan,nan,nan
417977830,417977584,0.5426854,-0.8442625,-0.1269744,nan,nan,nan,nan,nan
418078803,418078569,0.5468993,-0.81357205,-0.13597058,nan,nan,nan,nan,nan
418177340,418177091,0.5396164,-0.8296953,-0.13484359,nan,nan,nan,nan,nan
418278309,418278076,0.5698492,-0.8097345,-0.12989786,nan,nan,nan,nan,nan
418379292,418379060,0.538613,-0.7926807,-0.1439247,nan,nan,nan,nan,nan
418477814,418477582,0.5130005,-0.8228351,-0.12571764,nan,nan,nan,nan,nan
418578801,418578566,0.55062807,-0.80368817,-0.11323633,nan,nan,nan,nan,nan
418677321,418677088,0.53987306,-0.7947263,-0.11533652,nan,nan,nan,nan,nan
418778304,418778073,0.3162885,-0.63561815,-0.14178312,nan,nan,nan,nan,nan
418879289,418879057,0.34168082,-0.559431,-0.12324234,nan,nan,nan,nan,nan
418977810,418977579,0.3176213,-0.57708,-0.12194086,nan,nan,nan,nan,nan
419078793,419078563,0.3894546,-0.7075381,-0.1153418,nan,nan,nan,nan,nan
419177337,419177085,0.40496528,-0.69200313,-0.1307047,nan,nan,nan,nan,nan
419278300,419278069,0.29958716,-0.59548116,-0.1298817,nan,nan,nan,nan,nan
419376840,419376590,0.3655498,-0.6473057,-0.1101451,nan,nan,nan,nan,nan
419477807,419477575,0.33839804,-0.6156964,-0.12532811,nan,nan,nan,nan,nan
419578792,419578559,0.27417806,-0.58179533,-0.12407265,nan,nan,nan,nan,nan
419677312,419677081,0.38731354,-0.6596579,-0.11205588,nan,nan,nan,nan,nan
419778300,419778065,0.34583983,-0.63803256,-0.13046154,nan,nan,nan,nan,nan
419876818,419876586,0.30675802,-0.64514345,-0.13114789,nan,nan,nan,nan,nan
419977803,419977571,0.4574519,-0.72797483,-0.1394219,nan,nan,nan,nan,nan
420076325,420076092,0.40134707,-0.6863841,-0.14084801,nan,nan,nan,nan,nan
420177310,420177076,0.4168174,-0.7869946,-0.14850686,nan,nan,nan,nan,nan
420280760,420280524,0.52364695,-0.80861306,-0.17444141,nan,nan,nan,nan,nan
420376817,420376582,0.41378146,-0.7081273,-0.1770361,nan,nan,nan,nan,nan
420480265,420480029,0.4995229,-0.8454146,-0.16502553,nan,nan,nan,nan,nan
420576338,420576088,0.47700033,-0.7836914,-0.18884508,nan,nan,nan,nan,nan
420679786,420679535,0.33627865,-0.6566301,-0.16720276,nan,nan,nan,nan,nan
420775827,420775593,0.4325629,-0.7363259,-0.14960842,nan,nan,nan,nan,nan
420879274,420879040,0.42226952,-0.7116453,-0.16664328,nan,nan,nan,nan,nan
420980257,420980024,0.3670587,-0.715908,-0.1414983,nan,nan,nan,nan,nan
421078780,421078545,0.4651115,-0.77125025,-0.11664408,nan,nan,nan,nan,nan
421179761,421179531,0.40190202,-0.72917277,-0.12665257,nan,nan,nan,nan,nan
421278286,421278051,0.4116202,-0.79468316,-0.124328986,nan,nan,nan,nan,nan
421379267,421379035,0.46857855,-0.74431705,-0.09238494,nan,nan,nan,nan,nan
421477805,421477556,0.4528605,-0.7635452,-0.09566018,nan,nan,nan,nan,nan
421578772,421578540,0.44451043,-0.82022727,-0.09093144,nan,nan,nan,nan,nan
421677298,421677061,0.46494415,-0.76188964,-0.1061797,nan,nan,nan,nan,nan
421778294,421778045,0.45317474,-0.7839197,-0.1416709,nan,nan,nan,nan,nan
421879266,421879029,0.48811606,-0.82077014,-0.13668944,nan,nan,nan,nan,nan
421977783,421977550,0.48786533,-0.7945986,-0.17293113,nan,nan,nan,nan,nan
422078768,422078534,0.47614786,-0.8114166,-0.17457087,nan,nan,nan,nan,nan
422177295,422177055,0.5198768,-0.79644865,-0.15808976,nan,nan,nan,nan,nan
422278281,422278039,0.5114997,-0.7887446,-0.18467095,nan,nan,nan,nan,nan
422379258,422379023,0.5110473,-0.81868774,-0.1681171,nan,nan,nan,nan,nan
422477797,422477544,0.5552649,-0.79427844,-0.15695667,nan,nan,nan,nan,nan
422578786,422578528,0.5334365,-0.76914555,-0.15602039,nan,nan,nan,nan,nan
422677284,422677049,0.5283071,-0.8107532,-0.15122749,nan,nan,nan,nan,nan
422778268,422778032,0.58820355,-0.71250594,-0.088471934,nan,nan,nan,nan,nan
422876787,422876553,0.592327,-0.706496,0.0022014142,nan,nan,nan,nan,nan
422977792,422977537,0.584317,-0.7683236,-0.018624607,nan,nan,nan,nan,nan
423078754,423078521,0.6392592,-0.6854533,0.0012966587,nan,nan,nan,nan,nan
423177276,423177042,0.5992399,-0.7211991,-0.04003261,nan,nan,nan,nan,nan
423278257,423278025,0.5887673,-0.72009873,-0.031240758,nan,nan,nan,nan,nan
423376780,423376546,0.61533135,-0.67673653,0.01119789,nan,nan,nan,nan,nan
423477763,423477530,0.58324784,-0.72448,-0.0047831084,nan,nan,nan,nan,nan
423576284,423576051,0.6003054,-0.7095142,-0.020771675,nan,nan,nan,nan,nan
423677265,423677034,0.5577661,-0.6962985,-0.024414193,nan,nan,nan,nan,nan
423780714,423780481,0.54478616,-0.7163933,0.010333986,nan,nan,nan,nan,nan
423876780,423876539,0.59601855,-0.6679015,0.0001184535,nan,nan,nan,nan,nan
423980218,423979986,0.5875863,-0.6700449,0.056707032,nan,nan,nan,nan,nan
424076275,424076043,0.5211313,-0.7787602,0.03724165,nan,nan,nan,nan,nan
424179756,424179490,0.580355,-0.68682057,0.050121,nan,nan,nan,nan,nan
424275779,424275547,0.5578998,-0.71136206,0.052869786,nan,nan,nan,nan,nan
424379232,424378994,0.6078844,-0.69031835,0.07769598,nan,nan,nan,nan,nan
424480210,424479977,0.58084184,-0.6640325,0.0015677857,nan,nan,nan,nan,nan
424578738,424578498,0.58294904,-0.6745751,0.009431776,nan,nan,nan,nan,nan
424679719,424679482,0.6185909,-0.6613869,-0.008064549,nan,nan,nan,nan,nan
424778238,424778002,0.5651838,-0.664053,-0.0886342,nan,nan,nan,nan,nan
424879218,424878986,0.5526138,-0.6835,-0.07621596,nan,nan,nan,nan,nan
424977746,424977506,0.56426984,-0.6517324,-0.09995658,nan,nan,nan,nan,nan
425078724,425078489,0.56062895,-0.63990504,-0.081790514,nan,nan,nan,nan,nan
425179714,425179473,0.5530048,-0.6854076,-0.10907602,nan,nan,nan,nan,nan
425278224,425277994,0.57639366,-0.6358401,-0.13643418,nan,nan,nan,nan,nan
425379220,425378977,0.54340994,-0.6659939,-0.13253321,nan,nan,nan,nan,nan
425477731,425477497,0.55895096,-0.67805904,-0.14464554,nan,nan,nan,nan,nan
425578715,425578481,0.53002834,-0.6686554,-0.2001969,nan,nan,nan,nan,nan
425677230,425677001,0.5157748,-0.6838173,-0.18531847,nan,nan,nan,nan,nan
425778215,425777984,0.5523493,-0.6713233,-0.1780481,nan,nan,nan,nan,nan
425879219,425878968,0.52637017,-0.6583096,-0.19524284,nan,nan,nan,nan,nan
425977722,425977488,0.51923287,-0.669986,-0.19864112,nan,nan,nan,nan,nan
426078713,426078471,0.5483584,-0.6342936,-0.20739527,nan,nan,nan,nan,nan
426177223,426176992,0.53674096,-0.6130014,-0.20158578,nan,nan,nan,nan,nan
426278211,426277975,0.5374675,-0.6595081,-0.19500086,nan,nan,nan,nan,nan
426376730,426376495,0.5420176,-0.6278635,-0.22255474,nan,nan,nan,nan,nan
426477721,426477478,0.5164584,-0.6336225,-0.21519169,nan,nan,nan,nan,nan
426576233,426575999,0.503462,-0.6563478,-0.20290174,nan,nan,nan,nan,nan
426677216,426676982,0.4867676,-0.6309796,-0.20842052,nan,nan,nan,nan,nan
426778197,426777965,0.50290865,-0.6204794,-0.19358076,nan,nan,nan,nan,nan
426876725,426876487,0.52606237,-0.60895133,-0.1804899,nan,nan,nan,nan,nan
426977705,426977468,0.4970155,-0.5985483,-0.18123038,nan,nan,nan,nan,nan
427076224,427075988,0.48695,-0.6074703,-0.16541067,nan,nan,nan,nan,nan
427177205,427176971,0.51053727,-0.58401895,-0.16770361,nan,nan,nan,nan,nan
427280697,427280417,0.48326734,-0.5853315,-0.15227544,nan,nan,nan,nan,nan
427376710,427376474,0.46713835,-0.6146615,-0.13739435,nan,nan,nan,nan,nan
427480201,427479920,0.46344447,-0.5625855,-0.15126933,nan,nan,nan,nan,nan
427576212,427575977,0.4567562,-0.56269985,-0.13989395,nan,nan,nan,nan,nan
427679709,427679424,0.45833054,-0.57967144,-0.12965319,nan,nan,nan,nan,nan
427775733,427775480,0.44471124,-0.5605706,-0.13808642,nan,nan,nan,nan,nan
427879214,427878926,0.43440267,-0.57417834,-0.12420561,nan,nan,nan,nan,nan
427980141,427979909,0.45095003,-0.5550587,-0.113614745,nan,nan,nan,nan,nan
428078729,428078429,0.42877814,-0.54705924,-0.117473796,nan,nan,nan,nan,nan
428179643,428179411,0.41916424,-0.5679424,-0.10977088,nan,nan,nan,nan,nan
428278249,428277931,0.44587752,-0.55001867,-0.115258634,nan,nan,nan,nan,nan
428379147,428378914,0.43857366,-0.5549162,-0.11225887,nan,nan,nan,nan,nan
428477707,428477434,0.4395549,-0.5872748,-0.08336255,nan,nan,nan,nan,nan
428578647,428578417,0.46587986,-0.5448666,-0.09097571,nan,nan,nan,nan,nan
428677187,428676936,0.47094053,-0.54633874,-0.062422734,nan,nan,nan,nan,nan
428778151,428777919,0.49173686,-0.5413859,-0.07443312,nan,nan,nan,nan,nan
428879149,428878902,0.48820266,-0.5225971,-0.10082988,nan,nan,nan,nan,nan
428977697,428977421,0.49055022,-0.54309815,-0.0847631,nan,nan,nan,nan,nan
429078650,429078404,0.519304,-0.5296019,-0.09729113,nan,nan,nan,nan,nan
429177155,429176924,0.501185,-0.5226348,-0.10424248,nan,nan,nan,nan,nan
429278154,429277906,0.5265007,-0.53980017,-0.06415612,nan,nan,nan,nan,nan
429379121,429378889,0.5300283,-0.5512429,-0.09975697,nan,nan,nan,nan,nan
429477659,429477409,0.512625,-0.5587821,-0.09654954,nan,nan,nan,nan,nan
429578623,429578391,0.5136185,-0.6065561,-0.096065305,nan,nan,nan,nan,nan
429677158,429676911,0.49821874,-0.59311855,-0.13627484,nan,nan,nan,nan,nan
429778125,429777894,0.49604794,-0.6016954,-0.12353089,nan,nan,nan,nan,nan
429876663,429876413,0.5090653,-0.60240006,-0.12740518,nan,nan,nan,nan,nan
429977629,429977396,0.47809142,-0.5900474,-0.146719,nan,nan,nan,nan,nan
430078627,430078378,0.46736652,-0.61305135,-0.13260871,nan,nan,nan,nan,nan
430177131,430176898,0.489381,-0.58648795,-0.13190389,nan,nan,nan,nan,nan
430278127,430277880,0.46039307,-0.56933486,-0.13459589,nan,nan,nan,nan,nan
430376634,430376400,0.45008847,-0.6072349,-0.11920641,nan,nan,nan,nan,nan
430477631,430477382,0.4724692,-0.58145535,-0.12647334,nan,nan,nan,nan,nan
430576135,430575902,0.45762974,-0.5860519,-0.12101707,nan,nan,nan,nan,nan
430677131,430676884,0.4604307,-0.61868036,-0.11769902,nan,nan,nan,nan,nan
430780558,430780329,0.4635552,-0.58974993,-0.14614078,nan,nan,nan,nan,nan
430876632,430876386,0.4561936,-0.599525,-0.13349013,nan,nan,nan,nan,nan
430980062,430979831,0.46332565,-0.59116375,-0.122878954,nan,nan,nan,nan,nan
431076138,431075888,0.4466642,-0.5826216,-0.13651218,nan,nan,nan,nan,nan
431179564,431179333,0.45015055,-0.5945808,-0.13185784,nan,nan,nan,nan,nan
431275637,431275389,0.4859012,-0.5816337,-0.13735446,nan,nan,nan,nan,nan
431379066,431378834,0.46651256,-0.5726361,-0.14554459,nan,nan,nan,nan,nan
431480085,431479817,0.46836895,-0.6044292,-0.14004864,nan,nan,nan,nan,nan
431578570,431578336,0.47821614,-0.57088625,-0.15449019,nan,nan,nan,nan,nan
431679571,431679318,0.47963446,-0.5763832,-0.14667958,nan,nan,nan,nan,nan
431778071,431777837,0.48029527,-0.6053007,-0.14177524,nan,nan,nan,nan,nan
431879070,431878820,0.47032186,-0.58243835,-0.15809903,nan,nan,nan,nan,nan
431977586,431977339,0.46877316,-0.59443206,-0.15009265,nan,nan,nan,nan,nan
432078576,432078321,0.49058828,-0.5859684,-0.15327173,nan,nan,nan,nan,nan
432179538,432179303,0.48247176,-0.5820722,-0.17797107,nan,nan,nan,nan,nan
432278079,432277822,0.4876076,-0.60744286,-0.17050567,nan,nan,nan,nan,nan
432379040,432378804,0.5120347,-0.5917911,-0.18062472,nan,nan,nan,nan,nan
432477580,432477324,0.48803604,-0.5809572,-0.17753665,nan,nan,nan,nan,nan
432578541,432578306,0.48907563,-0.62552786,-0.16312315,nan,nan,nan,nan,nan
432677092,432676825,0.4837161,-0.5891964,-0.17342666,nan,nan,nan,nan,nan
432778058,432777807,0.49212202,-0.57814354,-0.16603658,nan,nan,nan,nan,nan
432879046,432878789,0.49621353,-0.5998466,-0.17326038,nan,nan,nan,nan,nan
432977540,432977308,0.48253256,-0.57055324,-0.19234626,nan,nan,nan,nan,nan
433078524,433078290,0.4814017,-0.57115114,-0.17165919,nan,nan,nan,nan,nan
433177066,433176809,0.4966725,-0.5680586,-0.16947608,nan,nan,nan,nan,nan
433278023,433277791,0.48633918,-0.56236917,-0.18356809,nan,nan,nan,nan,nan
433376543,433376310,0.49611428,-0.5849245,-0.17550626,nan,nan,nan,nan,nan
433477526,433477292,0.50946105,-0.571007,-0.17288233,nan,nan,nan,nan,nan
433578505,433578274,0.48779625,-0.5575852,-0.17589653,nan,nan,nan,nan,nan
433677043,433676793,0.48592404,-0.57817924,-0.15874021,nan,nan,nan,nan,nan
433778007,433777775,0.50419104,-0.5812874,-0.15748607,nan,nan,nan,nan,nan
433876529,433876294,0.4858733,-0.5731043,-0.16914551,nan,nan,nan,nan,nan
433977506,433977276,0.516896,-0.5365126,-0.16419797,nan,nan,nan,nan,nan
434076031,434075794,0.51725256,-0.52752495,-0.15988855,nan,nan,nan,nan,nan
434177010,434176776,0.5059881,-0.5424354,-0.1412691,nan,nan,nan,nan,nan
434280455,434280221,0.49979913,-0.5491072,-0.12180101,nan,nan,nan,nan,nan
434376512,434376277,0.5069561,-0.54596734,-0.11142723,nan,nan,nan,nan,nan
434479959,434479722,0.52008533,-0.5336591,-0.10872782,nan,nan,nan,nan,nan
434576011,434575778,0.50228006,-0.50893503,-0.105021454,nan,nan,nan,nan,nan
434679455,434679222,0.469365,-0.49083483,-0.09496894,nan,nan,nan,nan,nan
434775517,434775278,0.4289987,-0.46550822,-0.08898762,nan,nan,nan,nan,nan
434878970,434878723,0.38819247,-0.44345534,-0.08278203,nan,nan,nan,nan,nan
434979942,434979704,0.35454297,-0.40215838,-0.08134228,nan,nan,nan,nan,nan
435078455,435078223,0.3114105,-0.35493058,-0.08969987,nan,nan,nan,nan,nan
435179436,435179205,0.25774634,-0.30524755,-0.102190055,nan,nan,nan,nan,nan
435277957,435277724,0.22282253,-0.25197047,-0.11209685,nan,nan,nan,nan,nan
435378937,435378705,0.21798879,-0.18915915,-0.11957563,nan,nan,nan,nan,nan
435477462,435477224,0.44853833,-0.0785888,-0.13828893,nan,nan,nan,nan,nan
435578435,435578205,0.37321326,-0.06413796,-0.16060375,nan,nan,nan,nan,nan
435679418,435679187,0.2845014,-0.09188315,-0.19061351,nan,nan,nan,nan,nan
435777941,435777706,0.12497105,0.058048915,-0.19075897,nan,nan,nan,nan,nan
435878919,435878688,0.039089512,0.17582336,-0.27063286,nan,nan,nan,nan,nan
435977437,435977206,0.08577788,0.16885251,-0.2856493,nan,nan,nan,nan,nan
436078420,436078188,0.15091808,0.102978036,-0.32888743,nan,nan,nan,nan,nan
436176940,436176707,0.20309587,0.060711637,-0.39827558,nan,nan,nan,nan,nan
436277923,436277689,0.21236958,0.06271558,-0.46690127,nan,nan,nan,nan,nan
436378902,436378671,0.21552525,0.06950295,-0.54444754,nan,nan,nan,nan,nan
436477434,436477190,0.27183008,0.023391647,-0.6532619,nan,nan,nan,nan,nan
436578412,436578172,0.3312341,-0.024975158,-0.77523565,nan,nan,nan,nan,nan
436676940,436676691,0.39088023,-0.07123091,-0.9092102,nan,nan,nan,nan,nan
436777907,436777676,0.4266544,-0.07982741,-1.0,nan,nan,nan,nan,nan
436876426,436876193,0.43176785,-0.037628617,-1.0,nan,nan,nan,nan,nan
436977406,436977175,0.43547657,0.0063442667,-1.0,nan,nan,nan,nan,nan
437080853,437080620,0.432222,0.058665812,-1.0,nan,nan,nan,nan,nan
437176912,437176676,0.43166885,0.104856126,-1.0,nan,nan,nan,nan,nan
437280354,437280121,0.4322561,0.15352203,-1.0,nan,nan,nan,nan,nan
437376419,437376178,0.43384215,0.19741118,-1.0,nan,nan,nan,nan,nan
437479855,437479623,0.43339223,0.24757145,-1.0,nan,nan,nan,nan,nan
437575915,437575679,0.43423483,0.2930151,-1.0,nan,nan,nan,nan,nan
437679357,437679124,0.4347412,0.34202516,-1.0,nan,nan,nan,nan,nan
437780340,437780107,0.4355587,0.389674,-0.9999586,nan,nan,nan,nan,nan
437878876,437878626,0.43676755,0.43603653,-0.9996067,nan,nan,nan,nan,nan
437979839,437979609,0.4370418,0.48453832,-0.99896944,nan,nan,nan,nan,nan
438078379,438078128,-0.036643744,1.0,0.018384632,nan,nan,nan,nan,nan
438179344,438179110,-0.0700351,1.0,0.018603701,nan,nan,nan,nan,nan
438270473,438270241,-0.07511222,1.0,0.01982795,nan,nan,nan,nan,nan
438378845,438378612,-0.07341838,1.0,0.018381702,nan,nan,nan,nan,nan
438477377,438477132,-0.07293689,1.0,0.018319072,nan,nan,nan,nan,nan
438578348,438578114,-0.07170361,1.0,0.018307349,nan,nan,nan,nan,nan
438676868,438676634,-0.07267159,1.0,0.019036185,nan,nan,nan,nan,nan
438777851,438777616,-0.07274872,1.0,0.019180702,nan,nan,nan,nan,nan
438878833,438878599,-0.071110666,1.0,0.018581504,nan,nan,nan,nan,nan
438977351,438977119,-0.07123762,1.0,0.01922355,nan,nan,nan,nan,nan
439078351,439078101,-0.07347041,1.0,0.020373099,nan,nan,nan,nan,nan
439179316,439179084,-0.07190144,1.0,0.019798849,nan,nan,nan,nan,nan
439277838,439277603,-0.070168436,1.0,0.019461598,nan,nan,nan,nan,nan
439378816,439378586,-0.07084876,1.0,0.02114343,nan,nan,nan,nan,nan
439477349,439477106,-0.07119471,1.0,0.020423846,nan,nan,nan,nan,nan
439578339,439578088,-0.07077342,1.0,0.02024276,nan,nan,nan,nan,nan
439676840,439676608,-0.07103211,1.0,0.02054669,nan,nan,nan,nan,nan
439777823,439777591,-0.071885586,1.0,0.02123201,nan,nan,nan,nan,nan
439878807,439878574,-0.07165295,1.0,0.021235961,nan,nan,nan,nan,nan
439977322,439977093,-0.071451426,1.0,0.021702062,nan,nan,nan,nan,nan
440078310,440078076,-0.07203418,1.0,0.023385447,nan,nan,nan,nan,nan
440176825,440176596,-0.071789384,1.0,0.022309542,nan,nan,nan,nan,nan
440277832,440277579,-0.07100469,1.0,0.022094391,nan,nan,nan,nan,nan
440376329,440376098,-0.070322156,1.0,0.021903912,nan,nan,nan,nan,nan
440477312,440477081,-0.06948936,1.0,0.021943258,nan,nan,nan,nan,nan
440580763,440580527,-0.06882131,1.0,0.021739928,nan,nan,nan,nan,nan
440676817,440676584,-0.06932539,1.0,0.021877082,nan,nan,nan,nan,nan
440780279,440780030,-0.07102233,1.0,0.023062393,nan,nan,nan,nan,nan
440876319,440876087,-0.07122296,1.0,0.023251077,nan,nan,nan,nan,nan
440979768,440979533,-0.07101017,1.0,0.02324685,nan,nan,nan,nan,nan
441075822,441075590,-0.07146138,1.0,0.023872288,nan,nan,nan,nan,nan
441179272,441179036,-0.071499646,1.0,0.0238814,nan,nan,nan,nan,nan
441280255,441280019,-0.07109362,1.0,0.024119882,nan,nan,nan,nan,nan
441378775,441378538,-0.071184635,1.0,0.024115218,nan,nan,nan,nan,nan
441479758,441479521,-0.071008444,1.0,0.024289664,nan,nan,nan,nan,nan
441578273,441578041,-0.070925415,1.0,0.025364196,nan,nan,nan,nan,nan
441679259,441679024,-0.07043058,1.0,0.024421578,nan,nan,nan,nan,nan
441777780,441777544,-0.07034618,1.0,0.024548063,nan,nan,nan,nan,nan
441878759,441878527,-0.070640385,1.0,0.024800621,nan,nan,nan,nan,nan
441977301,441977048,-0.07078099,1.0,0.024945436,nan,nan,nan,nan,nan
442078262,442078031,-0.07074237,1.0,0.025385765,nan,nan,nan,nan,nan
442179246,442179014,-0.07077068,1.0,0.025507284,nan,nan,nan,nan,nan
442277766,442277534,-0.070902765,1.0,0.025699815,nan,nan,nan,nan,nan
442378753,442378517,-0.070316136,1.0,0.026679022,nan,nan,nan,nan,nan
442477269,442477037,-0.070346534,1.0,0.02575682,nan,nan,nan,nan,nan
442578253,442578020,-0.07130599,1.0,0.026366392,nan,nan,nan,nan,nan
442679237,442679003,-0.07099593,1.0,0.026173053,nan,nan,nan,nan,nan
442777769,442777524,-0.07073486,1.0,0.027399281,nan,nan,nan,nan,nan
442878748,442878507,-0.07121533,1.0,0.026716117,nan,nan,nan,nan,nan
442977280,442977027,-0.071394145,1.0,0.026777808,nan,nan,nan,nan,nan
443078273,443078010,-0.07191306,1.0,0.027330445,nan,nan,nan,nan,nan
443176779,443176531,-0.07259381,1.0,0.02747312,nan,nan,nan,nan,nan
443277751,443277514,-0.07178706,1.0,0.027284108,nan,nan,nan,nan,nan
443378730,443378497,-0.071599126,1.0,0.027409414,nan,nan,nan,nan,nan
443477252,443477017,-0.07110733,1.0,0.027375182,nan,nan,nan,nan,nan
443578232,443578001,-0.06922799,1.0,0.027745131,nan,nan,nan,nan,nan
443676754,443676521,-0.06797588,1.0,0.025993183,nan,nan,nan,nan,nan
443777738,443777504,-0.06809604,1.0,0.026278913,nan,nan,nan,nan,nan
443876281,443876024,-0.06879097,1.0,0.02696838,nan,nan,nan,nan,nan
443977241,443977008,-0.069378614,1.0,0.027061127,nan,nan,nan,nan,nan
444080688,444080454,-0.06985456,1.0,0.028419893,nan,nan,nan,nan,nan
444176744,444176512,-0.07013649,1.0,0.027508654,nan,nan,nan,nan,nan
444280189,444279958,-0.069658875,1.0,0.027388638,nan,nan,nan,nan,nan
444376264,444376015,-0.07040334,1.0,0.027546508,nan,nan,nan,nan,nan
444479693,444479462,-0.07011348,1.0,0.027602633,nan,nan,nan,nan,nan
444575751,444575519,-0.06929624,1.0,0.027531093,nan,nan,nan,nan,nan
444679200,444678966,-0.0695889,1.0,0.027544988,nan,nan,nan,nan,nan
444780178,444779949,-0.068989515,1.0,0.027451297,nan,nan,nan,nan,nan
444878703,444878470,-0.06955016,1.0,0.027525874,nan,nan,nan,nan,nan
444979686,444979453,-0.07063162,1.0,0.028202673,nan,nan,nan,nan,nan
445078242,445077974,-0.07064521,1.0,0.028105907,nan,nan,nan,nan,nan
445179187,445178957,-0.06997049,1.0,0.029085388,nan,nan,nan,nan,nan
445277716,445277478,-0.070280194,1.0,0.028177742,nan,nan,nan,nan,nan
445378694,445378461,-0.06996429,1.0,0.027724743,nan,nan,nan,nan,nan
445479691,445479445,-0.06986183,1.0,0.027906485,nan,nan,nan,nan,nan
445578211,445577965,-0.069069624,1.0,0.027619878,nan,nan,nan,nan,nan
445679182,445678949,-0.06864309,1.0,0.027573014,nan,nan,nan,nan,nan
445777702,445777469,-0.06903309,1.0,0.027897015,nan,nan,nan,nan,nan
445878686,445878453,-0.0677281,1.0,0.028417407,nan,nan,nan,nan,nan
445977205,445976974,-0.067195654,1.0,0.026990425,nan,nan,nan,nan,nan
446078187,446077957,-0.06773871,1.0,0.027426608,nan,nan,nan,nan,nan
446179195,446178941,-0.06701088,1.0,0.027284639,nan,nan,nan,nan,nan
446277699,446277462,-0.06664765,1.0,0.027044022,nan,nan,nan,nan,nan
446378703,446378445,-0.067270994,1.0,0.027213953,nan,nan,nan,nan,nan
446477197,446476966,-0.066726685,1.0,0.026878878,nan,nan,nan,nan,nan
446578195,446577950,-0.06670624,1.0,0.02667212,nan,nan,nan,nan,nan
446676705,446676470,-0.06731182,1.0,0.027081663,nan,nan,nan,nan,nan
446777692,446777454,-0.06745869,1.0,0.027423413,nan,nan,nan,nan,nan
446878690,446878438,-0.06799537,1.0,0.027595555,nan,nan,nan,nan,nan
446977209,446976959,-0.06818622,1.0,0.027619198,nan,nan,nan,nan,nan
447078172,447077942,-0.06825811,1.0,0.027700532,nan,nan,nan,nan,nan
447176702,447176463,-0.068243384,1.0,0.027775185,nan,nan,nan,nan,nan
447277682,447277447,-0.06864703,1.0,0.027828716,nan,nan,nan,nan,nan
447376202,447375968,-0.06917328,1.0,0.028103702,nan,nan,nan,nan,nan
447477186,447476951,-0.07029432,1.0,0.028475579,nan,nan,nan,nan,nan
447580627,447580398,-0.07051909,1.0,0.028561251,nan,nan,nan,nan,nan
447676691,447676456,-0.070362926,1.0,0.02867186,nan,nan,nan,nan,nan
447780132,447779903,-0.070079565,1.0,0.02848747,nan,nan,nan,nan,nan
447876196,447875961,-0.07003331,1.0,0.029439922,nan,nan,nan,nan,nan
447979638,447979407,-0.06987947,1.0,0.028327104,nan,nan,nan,nan,nan
448075716,448075465,-0.06980622,1.0,0.028226716,nan,nan,nan,nan,nan
448179158,448178912,-0.06914163,1.0,0.028864639,nan,nan,nan,nan,nan
448280127,448279896,-0.06818247,1.0,0.02748338,nan,nan,nan,nan,nan
448378648,448378417,-0.06741828,1.0,0.02734089,nan,nan,nan,nan,nan
448479643,448479401,-0.06802839,1.0,0.028543636,nan,nan,nan,nan,nan
448578153,448577922,-0.067501724,1.0,0.027082512,nan,nan,nan,nan,nan
448679138,448678906,-0.0654341,1.0,0.026274897,nan,nan,nan,nan,nan
448777660,448777427,-0.065099716,1.0,0.02642846,nan,nan,nan,nan,nan
448878641,448878411,-0.06652486,1.0,0.026697313,nan,nan,nan,nan,nan
448977169,448976932,-0.06690866,1.0,0.02700066,nan,nan,nan,nan,nan
449078149,449077916,-0.06646651,1.0,0.026697068,nan,nan,nan,nan,nan
449179130,449178900,-0.06664574,1.0,0.026847705,nan,nan,nan,nan,nan
449277655,449277421,-0.066429496,1.0,0.026508225,nan,nan,nan,nan,nan
449378652,449378405,-0.06710315,1.0,0.026969796,nan,nan,nan,nan,nan
449477159,449476926,-0.06801444,1.0,0.02710591,nan,nan,nan,nan,nan
449578141,449577910,-0.0670473,1.0,0.026953397,nan,nan,nan,nan,nan
449679125,449678894,-0.06608057,1.0,0.026589714,nan,nan,nan,nan,nan
449777646,449777415,-0.06686962,1.0,0.026768308,nan,nan,nan,nan,nan
449878650,449878399,-0.06704265,1.0,0.026834872,nan,nan,nan,nan,nan
449977151,449976920,-0.06606209,1.0,0.026582958,nan,nan,nan,nan,nan
450078136,450077904,-0.06596124,1.0,0.026377501,nan,nan,nan,nan,nan
450176659,450176426,-0.06643617,1.0,0.026636366,nan,nan,nan,nan,nan
450277643,450277410,-0.06700665,1.0,0.02687597,nan,nan,nan,nan,nan
450378627,450378394,-0.06719798,1.0,0.02704671,nan,nan,nan,nan,nan
450477149,450476915,-0.06698954,1.0,0.026634581,nan,nan,nan,nan,nan
450578187,450577899,-0.06668025,1.0,0.026557775,nan,nan,nan,nan,nan
450676650,450676420,-0.0671975,1.0,0.026745457,nan,nan,nan,nan,nan
450777636,450777405,-0.067177,1.0,0.027881255,nan,nan,nan,nan,nan
450876157,450875926,-0.066893876,1.0,0.026745532,nan,nan,nan,nan,nan
450977143,450976910,-0.06786227,1.0,0.027221391,nan,nan,nan,nan,nan
451080605,451080357,-0.068148255,1.0,0.028173516,nan,nan,nan,nan,nan
451176648,451176416,-0.06852901,1.0,0.027158422,nan,nan,nan,nan,nan
451280103,451279863,-0.069324195,1.0,0.028687913,nan,nan,nan,nan,nan
451376155,451375922,-0.06916076,1.0,0.027482027,nan,nan,nan,nan,nan
451479607,451479368,-0.067160726,1.0,0.026609547,nan,nan,nan,nan,nan
451575667,451575426,-0.06618744,1.0,0.026122885,nan,nan,nan,nan,nan
451679106,451678874,-0.06489688,1.0,0.02667321,nan,nan,nan,nan,nan
451780157,451779860,-0.06176406,1.0,0.02434982,nan,nan,nan,nan,nan
451878610,451878379,-0.060674906,1.0,0.024018642,nan,nan,nan,nan,nan
451979612,451979364,-0.062971294,1.0,0.025006043,nan,nan,nan,nan,nan
452078117,452077885,-0.0666368,1.0,0.026552781,nan,nan,nan,nan,nan
452179118,452178870,-0.06500083,1.0,0.025874587,nan,nan,nan,nan,nan
452277626,452277391,-0.06174797,1.0,0.02413443,nan,nan,nan,nan,nan
452378624,452378375,-0.057857394,1.0,0.023893673,nan,nan,nan,nan,nan
452479601,452479360,-0.058355987,1.0,0.02296426,nan,nan,nan,nan,nan
452578131,452577881,-0.05915737,1.0,0.023352092,nan,nan,nan,nan,nan
452679097,452678866,-0.058752418,1.0,0.024546947,nan,nan,nan,nan,nan
452777636,452777387,-0.058525145,1.0,0.023054961,nan,nan,nan,nan,nan
452878618,452878372,-0.06011808,1.0,0.024023833,nan,nan,nan,nan,nan
452977148,452976893,-0.06291592,1.0,0.025142314,nan,nan,nan,nan,nan
453078114,453077877,-0.063663185,1.0,0.025238128,nan,nan,nan,nan,nan
453179112,453178862,-0.06366229,1.0,0.026619218,nan,nan,nan,nan,nan
453277634,453277383,-0.06432271,1.0,0.025668092,nan,nan,nan,nan,nan
453378635,453378368,-0.06474966,1.0,0.025615215,nan,nan,nan,nan,nan
453477120,453476889,-0.0650484,1.0,0.025779512,nan,nan,nan,nan,nan
453578123,453577874,-0.06571609,1.0,0.026109325,nan,nan,nan,nan,nan
453676628,453676395,-0.0673725,1.0,0.026670521,nan,nan,nan,nan,nan
453777628,453777380,-0.06905365,1.0,0.027398556,nan,nan,nan,nan,nan
453878598,453878365,-0.06917149,1.0,0.027565788,nan,nan,nan,nan,nan
453977134,453976886,-0.06889653,1.0,0.027363952,nan,nan,nan,nan,nan
454078104,454077871,-0.06966174,1.0,0.027761977,nan,nan,nan,nan,nan
454176640,454176392,-0.07035637,1.0,0.027806588,nan,nan,nan,nan,nan
454277610,454277377,-0.070180535,1.0,0.029030705,nan,nan,nan,nan,nan
454376146,454375899,-0.07004696,1.0,0.027874893,nan,nan,nan,nan,nan
454477114,454476883,-0.07061088,1.0,0.027988533,nan,nan,nan,nan,nan
454580576,454580331,-0.07012969,1.0,0.027866948,nan,nan,nan,nan,nan
454676620,454676389,-0.06929439,1.0,0.027605228,nan,nan,nan,nan,nan
454780082,454779837,-0.06978232,1.0,0.027929053,nan,nan,nan,nan,nan
454876126,454875896,-0.07101619,1.0,0.028179834,nan,nan,nan,nan,nan
454979591,454979343,-0.070263684,1.0,0.02793821,nan,nan,nan,nan,nan
455075633,455075402,-0.06927127,1.0,0.027672507,nan,nan,nan,nan,nan
455179098,455178850,-0.071445286,1.0,0.028494455,nan,nan,nan,nan,nan
455280082,455279834,-0.07352698,1.0,0.029375354,nan,nan,nan,nan,nan
455378602,455378356,-0.07210821,1.0,0.029644834,nan,nan,nan,nan,nan
455479585,455479341,-0.07126707,1.0,0.0282319,nan,nan,nan,nan,nan
455578110,455577863,-0.07021803,1.0,0.027926808,nan,nan,nan,nan,nan
455679094,455678847,-0.06842911,1.0,0.026984062,nan,nan,nan,nan,nan
455777615,455777369,-0.067866325,1.0,0.02681593,nan,nan,nan,nan,nan
455878590,455878354,-0.068779826,1.0,0.027009856,nan,nan,nan,nan,nan
455977127,455976876,-0.068775594,1.0,0.02711378,nan,nan,nan,nan,nan
456078090,456077860,-0.069624186,1.0,0.027730096,nan,nan,nan,nan,nan
456179097,456178845,-0.07170963,1.0,0.029578533,nan,nan,nan,nan,nan
456277629,456277367,-0.071493804,1.0,0.028434066,nan,nan,nan,nan,nan
456378602,456378352,-0.06976622,1.0,0.027638214,nan,nan,nan,nan,nan
456477104,456476874,-0.069122314,1.0,0.027315393,nan,nan,nan,nan,nan
456578107,456577858,-0.06972247,1.0,0.027720302,nan,nan,nan,nan,nan
456679074,456678843,-0.06997365,1.0,0.028653165,nan,nan,nan,nan,nan
456777617,456777365,-0.068382025,1.0,0.027101703,nan,nan,nan,nan,nan
456878580,456878350,-0.06809229,1.0,0.027056295,nan,nan,nan,nan,nan
456977122,456976872,-0.0688529,1.0,0.028466783,nan,nan,nan,nan,nan
457078090,457077857,-0.069449544,1.0,0.027488902,nan,nan,nan,nan,nan
457176630,457176379,-0.06921095,1.0,0.027332177,nan,nan,nan,nan,nan
457277601,457277364,-0.06883496,1.0,0.027317746,nan,nan,nan,nan,nan
457378582,457378349,-0.06894004,1.0,0.027306756,nan,nan,nan,nan,nan
457477101,457476870,-0.06923926,1.0,0.027419997,nan,nan,nan,nan,nan
457578105,457577855,-0.069387436,1.0,0.027327545,nan,nan,nan,nan,nan
457678057,457676377,-0.069658816,1.0,0.027575618,nan,nan,nan,nan,nan
457777593,457777362,-0.0697791,1.0,0.02841751,nan,nan,nan,nan,nan
457876117,457875884,-0.06952417,1.0,0.02735723,nan,nan,nan,nan,nan
457977102,457976869,-0.06962246,1.0,0.02761442,nan,nan,nan,nan,nan
458080582,458080317,-0.06988436,1.0,0.027731625,nan,nan,nan,nan,nan
458176606,458176376,-0.070094585,1.0,0.027880417,nan,nan,nan,nan,nan
458280073,458279824,-0.07037729,1.0,0.027703406,nan,nan,nan,nan,nan
458376118,458375884,-0.07032663,1.0,0.028044067,nan,nan,nan,nan,nan
458479574,458479331,-0.070975006,1.0,0.029184451,nan,nan,nan,nan,nan
458575622,458575390,-0.07124299,1.0,0.02839786,nan,nan,nan,nan,nan
458679071,458678838,-0.0706203,1.0,0.028125994,nan,nan,nan,nan,nan
458780053,458779824,-0.07037902,1.0,0.027993845,nan,nan,nan,nan,nan
458878576,458878346,-0.07038486,1.0,0.027953943,nan,nan,nan,nan,nan
458979564,458979331,-0.06961423,1.0,0.028763637,nan,nan,nan,nan,nan
459078085,459077853,-0.0688051,1.0,0.02742417,nan,nan,nan,nan,nan
459179069,459178838,-0.069280386,1.0,0.027658118,nan,nan,nan,nan,nan
459277622,459277360,-0.06973857,1.0,0.027780727,nan,nan,nan,nan,nan
459378577,459378345,-0.06948322,1.0,0.027396733,nan,nan,nan,nan,nan
459479560,459479330,-0.06867719,1.0,0.027393837,nan,nan,nan,nan,nan
459578086,459577852,-0.0685336,1.0,0.027557863,nan,nan,nan,nan,nan
459679069,459678837,-0.06838155,1.0,0.027286267,nan,nan,nan,nan,nan
459777617,459777360,-0.06641871,1.0,0.026619317,nan,nan,nan,nan,nan
459878575,459878345,-0.06624663,1.0,0.026499176,nan,nan,nan,nan,nan
459977100,459976867,-0.06702787,1.0,0.026876535,nan,nan,nan,nan,nan
460078083,460077852,-0.067267716,1.0,0.027012141,nan,nan,nan,nan,nan
460179068,460178837,-0.067074776,1.0,0.026877286,nan,nan,nan,nan,nan
460277595,460277360,-0.06719965,1.0,0.026878098,nan,nan,nan,nan,nan
460378578,460378345,-0.06793749,1.0,0.027277358,nan,nan,nan,nan,nan
460477098,460476867,-0.068443775,1.0,0.027402904,nan,nan,nan,nan,nan
460578085,460577852,-0.068737924,1.0,0.027614499,nan,nan,nan,nan,nan
460676605,460676374,-0.06819177,1.0,0.027357053,nan,nan,nan,nan,nan
460777594,460777360,-0.067415476,1.0,0.027141035,nan,nan,nan,nan,nan
460878592,460878345,-0.066732645,1.0,0.026997715,nan,nan,nan,nan,nan
460977102,460976867,-0.06563872,1.0,0.02625096,nan,nan,nan,nan,nan
461078084,461077853,-0.06638318,1.0,0.026749639,nan,nan,nan,nan,nan
461176606,461176375,-0.06794852,1.0,0.027466444,nan,nan,nan,nan,nan
461277613,461277360,-0.068316996,1.0,0.027589846,nan,nan,nan,nan,nan
461376119,461375882,-0.068398,1.0,0.02874943,nan,nan,nan,nan,nan
461477100,461476868,-0.06819576,1.0,0.027458167,nan,nan,nan,nan,nan
461580607,461580316,-0.06754422,1.0,0.027017621,nan,nan,nan,nan,nan
461676607,461676375,-0.06831038,1.0,0.02752398,nan,nan,nan,nan,nan
461780053,461779824,-0.0691846,1.0,0.0277868,nan,nan,nan,nan,nan
461876115,461875883,-0.06850678,1.0,0.027722977,nan,nan,nan,nan,nan
461979569,461979332,-0.0675177,1.0,0.02729572,nan,nan,nan,nan,nan
462075622,462075391,-0.0677222,1.0,0.027367406,nan,nan,nan,nan,nan
462179087,462178839,-0.06827325,1.0,0.027469965,nan,nan,nan,nan,nan
462280076,462279825,-0.06822711,1.0,0.027817024,nan,nan,nan,nan,nan
462378584,462378347,-0.06877059,1.0,0.027749928,nan,nan,nan,nan,nan
462479565,462479333,-0.069541216,1.0,0.02821891,nan,nan,nan,nan,nan
462578088,462577855,-0.069051266,1.0,0.027922135,nan,nan,nan,nan,nan
462679076,462678840,-0.06840092,1.0,0.027565515,nan,nan,nan,nan,nan
462777596,462777363,-0.0689773,1.0,0.027898965,nan,nan,nan,nan,nan
462878583,462878348,-0.069432676,1.0,0.029217707,nan,nan,nan,nan,nan
462979565,462979334,-0.06853396,1.0,0.027753526,nan,nan,nan,nan,nan
463078090,463077856,-0.06855261,1.0,0.027921718,nan,nan,nan,nan,nan
463179075,463178842,-0.06928903,1.0,0.028100802,nan,nan,nan,nan,nan
463277608,463277364,-0.06888574,1.0,0.029031083,nan,nan,nan,nan,nan
463378621,463378350,-0.067983866,1.0,0.027581839,nan,nan,nan,nan,nan
463477123,463476872,-0.067619145,1.0,0.027537756,nan,nan,nan,nan,nan
463578110,463577858,-0.067754745,1.0,0.027547546,nan,nan,nan,nan,nan
463679093,463678843,-0.068502486,1.0,0.027433647,nan,nan,nan,nan,nan
463777596,463777366,-0.06858158,1.0,0.02764847,nan,nan,nan,nan,nan
463878604,463878351,-0.069079995,1.0,0.028972534,nan,nan,nan,nan,nan
463977105,463976874,-0.0695169,1.0,0.028338559,nan,nan,nan,nan,nan
464078092,464077859,-0.06939876,1.0,0.027985066,nan,nan,nan,nan,nan
464176613,464176382,-0.06966138,1.0,0.028075911,nan,nan,nan,nan,nan
464277604,464277367,-0.069978,1.0,0.028325899,nan,nan,nan,nan,nan
464378593,464378353,-0.06980193,1.0,0.028215576,nan,nan,nan,nan,nan
464477105,464476876,-0.0700835,1.0,0.028295893,nan,nan,nan,nan,nan
464578109,464577861,-0.07102585,1.0,0.0288771,nan,nan,nan,nan,nan
464676614,464676384,-0.07177389,1.0,0.029140411,nan,nan,nan,nan,nan
464777601,464777370,-0.0717777,1.0,0.030247975,nan,nan,nan,nan,nan
464876128,464875893,-0.07175845,1.0,0.029232956,nan,nan,nan,nan,nan
464977111,464976878,-0.07211357,1.0,0.029363401,nan,nan,nan,nan,nan
465080574,465080327,-0.07208729,1.0,0.0306491,nan,nan,nan,nan,nan
465176617,465176386,-0.07187086,1.0,0.029374318,nan,nan,nan,nan,nan
465280084,465279835,-0.07201457,1.0,0.030561147,nan,nan,nan,nan,nan
465376128,465375896,-0.071533024,1.0,0.029074548,nan,nan,nan,nan,nan
465479585,465479343,-0.07152635,1.0,0.029080573,nan,nan,nan,nan,nan
465575636,465575403,-0.07176292,1.0,0.029248578,nan,nan,nan,nan,nan
465679085,465678852,-0.071634054,1.0,0.030317489,nan,nan,nan,nan,nan
465780084,465779837,-0.0714398,1.0,0.029232288,nan,nan,nan,nan,nan
465878588,465878360,-0.07157248,1.0,0.029175017,nan,nan,nan,nan,nan
465979579,465979346,-0.07153988,1.0,0.029308073,nan,nan,nan,nan,nan
466078100,466077869,-0.07117677,1.0,0.030089196,nan,nan,nan,nan,nan
466179088,466178854,-0.07085836,1.0,0.028912477,nan,nan,nan,nan,nan
466277614,466277377,-0.07056528,1.0,0.028859036,nan,nan,nan,nan,nan
466378606,466378363,-0.070712686,1.0,0.02906926,nan,nan,nan,nan,nan
466479596,466479349,-0.07101202,1.0,0.030099167,nan,nan,nan,nan,nan
466578101,466577871,-0.0709756,1.0,0.030111874,nan,nan,nan,nan,nan
466679090,466678857,-0.070938766,1.0,0.029072765,nan,nan,nan,nan,nan
466777612,466777380,-0.07100332,1.0,0.03011647,nan,nan,nan,nan,nan
466878598,466878366,-0.07081169,1.0,0.029065328,nan,nan,nan,nan,nan
466977136,466976889,-0.07057965,1.0,0.028911924,nan,nan,nan,nan,nan
467078105,467077874,-0.07067627,1.0,0.028954022,nan,nan,nan,nan,nan
467176629,467176397,-0.07087499,1.0,0.029030493,nan,nan,nan,nan,nan
467277623,467277383,-0.07114118,1.0,0.029020848,nan,nan,nan,nan,nan
467378602,467378369,-0.07114327,1.0,0.030368822,nan,nan,nan,nan,nan
467477125,467476892,-0.07096797,1.0,0.029055748,nan,nan,nan,nan,nan
467578144,467577878,-0.07052863,1.0,0.028666344,nan,nan,nan,nan,nan
467676633,467676401,-0.070406616,1.0,0.028746322,nan,nan,nan,nan,nan
467777617,467777387,-0.07062256,1.0,0.028798772,nan,nan,nan,nan,nan
467878606,467878372,-0.070593655,1.0,0.030091558,nan,nan,nan,nan,nan
467977127,467976895,-0.07056022,1.0,0.02900944,nan,nan,nan,nan,nan
468078112,468077881,-0.07126778,1.0,0.029322073,nan,nan,nan,nan,nan
468176637,468176404,-0.07206547,1.0,0.02961074,nan,nan,nan,nan,nan
468277622,468277390,-0.07181734,1.0,0.03087761,nan,nan,nan,nan,nan
468376147,468375913,-0.07136232,1.0,0.03045044,nan,nan,nan,nan,nan
468477130,468476899,-0.07117295,1.0,0.030545477,nan,nan,nan,nan,nan
468580580,468580348,-0.070754945,1.0,0.029287959,nan,nan,nan,nan,nan
468676639,468676408,-0.07074547,1.0,0.029171467,nan,nan,nan,nan,nan
468780102,468779857,-0.0707587,1.0,0.029209612,nan,nan,nan,nan,nan
468876151,468875917,-0.07092261,1.0,0.030354043,nan,nan,nan,nan,nan
468979601,468979366,-0.070622265,1.0,0.029182615,nan,nan,nan,nan,nan
469075658,469075426,-0.070779145,1.0,0.028965112,nan,nan,nan,nan,nan
469179105,469178875,-0.07103729,1.0,0.02928699,nan,nan,nan,nan,nan
469280096,469279861,-0.07164329,1.0,0.029399645,nan,nan,nan,nan,nan
469378615,469378384,-0.071511984,1.0,0.029453745,nan,nan,nan,nan,nan
469479625,469479370,-0.07131618,1.0,0.0294008,nan,nan,nan,nan,nan
469578123,469577893,-0.07132906,1.0,0.029481227,nan,nan,nan,nan,nan
469679108,469678879,-0.07098013,1.0,0.029040456,nan,nan,nan,nan,nan
469777633,469777402,-0.07056719,1.0,0.029248489,nan,nan,nan,nan,nan
469878618,469878388,-0.07063353,1.0,0.028952798,nan,nan,nan,nan,nan
469977146,469976911,-0.07032031,1.0,0.029131131,nan,nan,nan,nan,nan
470078128,470077897,-0.07013363,1.0,0.02887761,nan,nan,nan,nan,nan
470179115,470178883,-0.07030356,1.0,0.028789528,nan,nan,nan,nan,nan
470277637,470277406,-0.06970745,1.0,0.028641442,nan,nan,nan,nan,nan
470378623,470378393,-0.069402695,1.0,0.028632497,nan,nan,nan,nan,nan
470477149,470476916,-0.06921607,1.0,0.02842831,nan,nan,nan,nan,nan
470578140,470577902,-0.06754637,1.0,0.028889619,nan,nan,nan,nan,nan
470679135,470678888,-0.06761849,1.0,0.027815128,nan,nan,nan,nan,nan
470777641,470777411,-0.06761819,1.0,0.027898021,nan,nan,nan,nan,nan
470878632,470878397,-0.06629878,1.0,0.027255245,nan,nan,nan,nan,nan
470977155,470976920,-0.06749314,1.0,0.02774156,nan,nan,nan,nan,nan
471078139,471077907,-0.069122255,1.0,0.028480655,nan,nan,nan,nan,nan
471176662,471176430,-0.06847739,1.0,0.02804455,nan,nan,nan,nan,nan
471277647,471277416,-0.068371475,1.0,0.029061718,nan,nan,nan,nan,nan
471378634,471378402,-0.068201244,1.0,0.027898712,nan,nan,nan,nan,nan
471477158,471476925,-0.06683338,1.0,0.027266955,nan,nan,nan,nan,nan
471578145,471577912,-0.065680444,1.0,0.027946642,nan,nan,nan,nan,nan
471676671,471676435,-0.06607914,1.0,0.027041785,nan,nan,nan,nan,nan
471777655,471777421,-0.06625116,1.0,0.027070863,nan,nan,nan,nan,nan
471876196,471875944,-0.06658995,1.0,0.02731268,nan,nan,nan,nan,nan
471972238,471972004,-0.06656921,1.0,0.02729633,nan,nan,nan,nan,nan
472080612,472080380,-0.06662798,1.0,0.027343338,nan,nan,nan,nan,nan
472176675,472176440,-0.06829572,1.0,0.02799167,nan,nan,nan,nan,nan
472280121,472279889,-0.069013774,1.0,0.028301476,nan,nan,nan,nan,nan
472376185,472375949,-0.06734097,1.0,0.027574532,nan,nan,nan,nan,nan
472479653,472479399,-0.06565601,1.0,0.026949309,nan,nan,nan,nan,nan
472575693,472575459,-0.06581783,1.0,0.028258663,nan,nan,nan,nan,nan
472679140,472678908,-0.06611991,1.0,0.028355649,nan,nan,nan,nan,nan
472780129,472779895,-0.066613615,1.0,0.027310088,nan,nan,nan,nan,nan
472878651,472878418,-0.06628263,1.0,0.028272709,nan,nan,nan,nan,nan
472979635,472979404,-0.06573063,1.0,0.026723761,nan,nan,nan,nan,nan
473078212,473077928,-0.0662334,1.0,0.027179256,nan,nan,nan,nan,nan
473179145,473178914,-0.06711614,1.0,0.027727831,nan,nan,nan,nan,nan
473277673,473277437,-0.06662476,1.0,0.027351236,nan,nan,nan,nan,nan
473378654,473378424,-0.06643003,1.0,0.028276293,nan,nan,nan,nan,nan
473479649,473479410,-0.06683481,1.0,0.027204804,nan,nan,nan,nan,nan
473578168,473577933,-0.0662899,1.0,0.02810103,nan,nan,nan,nan,nan
473679172,473678920,-0.06485939,1.0,0.026604505,nan,nan,nan,nan,nan
473777696,473777443,-0.06468052,1.0,0.027430175,nan,nan,nan,nan,nan
473878682,473878429,-0.066054404,1.0,0.027022474,nan,nan,nan,nan,nan
473977184,473976953,-0.06642097,1.0,0.027318848,nan,nan,nan,nan,nan
474078175,474077939,-0.06675953,1.0,0.02842166,nan,nan,nan,nan,nan
474179155,474178926,-0.0669896,1.0,0.027580095,nan,nan,nan,nan,nan
474277683,474277449,-0.06704068,1.0,0.028493542,nan,nan,nan,nan,nan
474378668,474378435,-0.067002416,1.0,0.028474865,nan,nan,nan,nan,nan
474477193,474476960,-0.06702292,1.0,0.027500682,nan,nan,nan,nan,nan
474578176,474577945,-0.06706953,1.0,0.028547341,nan,nan,nan,nan,nan
474676703,474676469,-0.06798965,1.0,0.027953,nan,nan,nan,nan,nan
474777692,474777455,-0.068400085,1.0,0.02813336,nan,nan,nan,nan,nan
474878693,474878442,-0.06825888,1.0,0.02799986,nan,nan,nan,nan,nan
474977198,474976965,-0.06884974,1.0,0.028207697,nan,nan,nan,nan,nan
475078185,475077952,-0.06822175,1.0,0.029161394,nan,nan,nan,nan,nan
475176712,475176475,-0.06719476,1.0,0.0284262,nan,nan,nan,nan,nan
475277699,475277462,-0.067471266,1.0,0.028662862,nan,nan,nan,nan,nan
475376217,475375985,-0.06686652,1.0,0.027324632,nan,nan,nan,nan,nan
475477206,475476972,-0.06580508,1.0,0.028018763,nan,nan,nan,nan,nan
475580650,475580421,-0.066138625,1.0,0.026933927,nan,nan,nan,nan,nan
475676721,475676482,-0.06638712,1.0,0.02717912,nan,nan,nan,nan,nan
475780161,475779931,-0.066661835,1.0,0.027102971,nan,nan,nan,nan,nan
475876226,475875992,-0.06699586,1.0,0.028393358,nan,nan,nan,nan,nan
475979675,475979441,-0.068015575,1.0,0.027938023,nan,nan,nan,nan,nan
476075754,476075502,-0.06975144,1.0,0.028489083,nan,nan,nan,nan,nan
476179181,476178951,-0.06940204,1.0,0.029638894,nan,nan,nan,nan,nan
476280169,476279938,-0.06871128,1.0,0.029423924,nan,nan,nan,nan,nan
476378695,476378461,-0.06874418,1.0,0.028046126,nan,nan,nan,nan,nan
476479682,476479448,-0.0687297,1.0,0.029412705,nan,nan,nan,nan,nan
476578205,476577972,-0.068496704,1.0,0.028059717,nan,nan,nan,nan,nan
476679190,476678958,-0.06857842,1.0,0.027901355,nan,nan,nan,nan,nan
476777717,476777482,-0.0684973,1.0,0.028089687,nan,nan,nan,nan,nan
476878703,476878468,-0.068663776,1.0,0.028031508,nan,nan,nan,nan,nan
476977231,476976992,-0.06843656,1.0,0.029177345,nan,nan,nan,nan,nan
477078209,477077979,-0.06874615,1.0,0.028008161,nan,nan,nan,nan,nan
477179198,477178965,-0.06844181,1.0,0.027817948,nan,nan,nan,nan,nan
477277724,477277489,-0.06621951,1.0,0.028048763,nan,nan,nan,nan,nan
477378728,477378476,-0.063263476,1.0,0.025660636,nan,nan,nan,nan,nan
477477230,477476999,-0.061995327,1.0,0.02527972,nan,nan,nan,nan,nan
477578219,477577986,-0.061694145,1.0,0.025118494,nan,nan,nan,nan,nan
477679203,477678973,-0.06004697,1.0,0.025145011,nan,nan,nan,nan,nan
477777735,477777496,-0.0601753,1.0,0.024348183,nan,nan,nan,nan,nan
477878720,477878483,-0.057739735,1.0,0.023372702,nan,nan,nan,nan,nan
477977260,477977007,-0.05652803,1.0,0.022946002,nan,nan,nan,nan,nan
478078224,478077993,-0.058464825,1.0,0.023733834,nan,nan,nan,nan,nan
478176751,478176517,-0.058124483,1.0,0.023595896,nan,nan,nan,nan,nan
478277737,478277504,-0.054449797,1.0,0.021927938,nan,nan,nan,nan,nan
478378726,478378490,-0.05740744,1.0,0.02422754,nan,nan,nan,nan,nan
478477245,478477014,-0.057206154,1.0,0.023208302,nan,nan,nan,nan,nan
478578255,478578001,-0.055921197,1.0,0.022842115,nan,nan,nan,nan,nan
478676755,478676525,-0.054960668,1.0,0.022200996,nan,nan,nan,nan,nan
478777745,478777511,-0.056171596,1.0,0.022709908,nan,nan,nan,nan,nan
478876265,478876035,-0.057634354,1.0,0.023244143,nan,nan,nan,nan,nan
478977255,478977022,-0.058585465,1.0,0.023810286,nan,nan,nan,nan,nan
479080746,479080472,-0.05933857,1.0,0.024433305,nan,nan,nan,nan,nan
479176808,479176532,-0.060405195,1.0,0.024668448,nan,nan,nan,nan,nan
479280257,479279982,-0.061191916,1.0,0.026219606,nan,nan,nan,nan,nan
479376274,479376043,-0.061051607,1.0,0.02484333,nan,nan,nan,nan,nan
479479771,479479493,-0.061482728,1.0,0.025189659,nan,nan,nan,nan,nan
479575785,479575554,-0.06318122,1.0,0.027175257,nan,nan,nan,nan,nan
479679281,479679003,-0.063263774,1.0,0.025912566,nan,nan,nan,nan,nan
479780242,479779990,-0.06197238,1.0,0.025347374,nan,nan,nan,nan,nan
479878792,479878514,-0.06224996,1.0,0.026510002,nan,nan,nan,nan,nan
479979737,479979501,-0.06445944,1.0,0.027572878,nan,nan,nan,nan,nan
480078309,480078025,-0.06545621,1.0,0.02822092,nan,nan,nan,nan,nan
480179252,480179012,-0.06635475,1.0,0.02710576,nan,nan,nan,nan,nan
480277822,480277535,-0.06394148,1.0,0.026155433,nan,nan,nan,nan,nan
480378816,480378522,-0.06194955,1.0,0.02541343,nan,nan,nan,nan,nan
480477329,480477048,-0.06357801,1.0,0.026229095,nan,nan,nan,nan,nan
480578266,480578033,-0.06484419,1.0,0.026504828,nan,nan,nan,nan,nan
480679268,480679020,-0.0640192,1.0,0.026138235,nan,nan,nan,nan,nan
480777775,480777544,-0.0637936,1.0,0.025905473,nan,nan,nan,nan,nan
480878778,480878531,-0.06458759,1.0,0.026330326,nan,nan,nan,nan,nan
480977285,480977054,-0.064074755,1.0,0.026328454,nan,nan,nan,nan,nan
481078286,481078041,-0.06361234,1.0,0.025930109,nan,nan,nan,nan,nan
481179262,481179028,-0.06424689,1.0,0.027287079,nan,nan,nan,nan,nan
481277797,481277552,-0.06430596,1.0,0.026467282,nan,nan,nan,nan,nan
481378776,481378539,-0.06431246,1.0,0.026305394,nan,nan,nan,nan,nan
481477310,481477063,-0.06406242,1.0,0.025982343,nan,nan,nan,nan,nan
481578297,481578050,-0.06441456,1.0,0.026342478,nan,nan,nan,nan,nan
481676819,481676574,-0.06480938,1.0,0.027538177,nan,nan,nan,nan,nan
481777794,481777561,-0.06578612,1.0,0.027026946,nan,nan,nan,nan,nan
481878796,481878548,-0.06415838,1.0,0.026114859,nan,nan,nan,nan,nan
481977304,481977072,-0.06442219,1.0,0.026101036,nan,nan,nan,nan,nan
482078306,482078059,-0.06447744,1.0,0.026528856,nan,nan,nan,nan,nan
482176814,482176583,-0.06363797,1.0,0.027022567,nan,nan,nan,nan,nan
482277816,482277570,-0.062698185,1.0,0.025493667,nan,nan,nan,nan,nan
482376325,482376094,-0.05756694,1.0,0.02318686,nan,nan,nan,nan,nan
482477330,482477081,-0.055883408,1.0,0.022752747,nan,nan,nan,nan,nan
482580771,482580531,-0.054229796,1.0,0.021783244,nan,nan,nan,nan,nan
482676841,482676592,-0.053221464,1.0,0.021574197,nan,nan,nan,nan,nan
482780297,482780042,-0.05280286,1.0,0.021472286,nan,nan,nan,nan,nan
482876351,482876103,-0.053786457,1.0,0.021846432,nan,nan,nan,nan,nan
482979792,482979553,-0.05507171,1.0,0.022571057,nan,nan,nan,nan,nan
483075861,483075614,-0.05707431,1.0,0.024518002,nan,nan,nan,nan,nan
483179300,483179064,-0.056630075,1.0,0.023233427,nan,nan,nan,nan,nan
483280300,483280051,-0.05767566,1.0,0.023689121,nan,nan,nan,nan,nan
483378812,483378575,-0.059590578,1.0,0.024542565,nan,nan,nan,nan,nan
483479812,483479562,-0.051850438,1.0,0.020835204,nan,nan,nan,nan,nan
483578316,483578086,-0.04801178,1.0,0.020861933,nan,nan,nan,nan,nan
483679320,483679073,-0.052863598,1.0,0.021690086,nan,nan,nan,nan,nan
483777835,483777597,-0.05801928,1.0,0.02347413,nan,nan,nan,nan,nan
483878835,483878585,-0.058714926,1.0,0.024189312,nan,nan,nan,nan,nan
483977361,483977109,-0.057579875,1.0,0.024619509,nan,nan,nan,nan,nan
484078362,484078096,-0.056972206,1.0,0.023481485,nan,nan,nan,nan,nan
484179330,484179083,-0.054294646,1.0,0.022140415,nan,nan,nan,nan,nan
484277854,484277607,-0.048975766,1.0,0.019612392,nan,nan,nan,nan,nan
484378824,484378594,-0.048717856,1.0,0.021027893,nan,nan,nan,nan,nan
484477377,484477118,-0.051791966,1.0,0.021593885,nan,nan,nan,nan,nan
484578335,484578105,-0.052212,1.0,0.022337003,nan,nan,nan,nan,nan
484676878,484676630,-0.050391078,1.0,0.020300394,nan,nan,nan,nan,nan
484777847,484777617,-0.05320537,1.0,0.02315574,nan,nan,nan,nan,nan
484878852,484878604,-0.056566775,1.0,0.023053415,nan,nan,nan,nan,nan
484977358,484977128,-0.05409324,1.0,0.021982426,nan,nan,nan,nan,nan
485078362,485078115,-0.053198516,1.0,0.021521514,nan,nan,nan,nan,nan
485176871,485176639,-0.057582974,1.0,0.023672756,nan,nan,nan,nan,nan
485277876,485277627,-0.058149576,1.0,0.023618836,nan,nan,nan,nan,nan
485378844,485378614,-0.05655396,1.0,0.022996062,nan,nan,nan,nan,nan
485477396,485477138,-0.058256984,1.0,0.023590384,nan,nan,nan,nan,nan
485578356,485578125,-0.058519423,1.0,0.025327047,nan,nan,nan,nan,nan
485676902,485676649,-0.058166146,1.0,0.023772908,nan,nan,nan,nan,nan
485777867,485777637,-0.05868119,1.0,0.024004264,nan,nan,nan,nan,nan
485876449,485876161,-0.05884272,1.0,0.023973336,nan,nan,nan,nan,nan
485977378,485977148,-0.06132722,1.0,0.025327103,nan,nan,nan,nan,nan
486080831,486080598,-0.06459087,1.0,0.026592981,nan,nan,nan,nan,nan
486176893,486176659,-0.06531417,1.0,0.026835008,nan,nan,nan,nan,nan
486280344,486280110,-0.06304914,1.0,0.025911173,nan,nan,nan,nan,nan
486376405,486376171,-0.06160021,1.0,0.025374535,nan,nan,nan,nan,nan
486479872,486479621,-0.06120789,1.0,0.025056915,nan,nan,nan,nan,nan
486575920,486575682,-0.060247242,1.0,0.024678739,nan,nan,nan,nan,nan
486679365,486679133,-0.06417751,1.0,0.026550133,nan,nan,nan,nan,nan
486780352,486780120,-0.06692618,1.0,0.027748266,nan,nan,nan,nan,nan
486878876,486878644,-0.06517583,1.0,0.026542617,nan,nan,nan,nan,nan
486979863,486979632,-0.06363028,1.0,0.026091846,nan,nan,nan,nan,nan
487078388,487078156,-0.06499994,1.0,0.027794898,nan,nan,nan,nan,nan
487179375,487179143,-0.06454569,1.0,0.026142452,nan,nan,nan,nan,nan
487277900,487277667,-0.059309244,1.0,0.024335047,nan,nan,nan,nan,nan
487378890,487378655,-0.05500096,1.0,0.023519594,nan,nan,nan,nan,nan
487479875,487479642,-0.048718333,1.0,0.019575022,nan,nan,nan,nan,nan
487578420,487578170,-0.03738123,1.0,0.014650479,nan,nan,nan,nan,nan
487679401,487679154,-0.04052508,1.0,0.016476255,nan,nan,nan,nan,nan
487777908,487777678,-0.053811908,1.0,0.022235649,nan,nan,nan,nan,nan
487878898,487878667,-0.058092177,1.0,0.024021449,nan,nan,nan,nan,nan
487977434,487977190,-0.056057394,1.0,0.023358075,nan,nan,nan,nan,nan
488078410,488078177,-0.057830453,1.0,0.02474971,nan,nan,nan,nan,nan
488179396,488179165,-0.059565067,1.0,0.024727711,nan,nan,nan,nan,nan
488277919,488277689,-0.053360462,1.0,0.021995097,nan,nan,nan,nan,nan
488378911,488378676,-0.050445557,1.0,0.02062133,nan,nan,nan,nan,nan
488477445,488477201,-0.052534103,1.0,0.021368846,nan,nan,nan,nan,nan
488578419,488578188,-0.051583588,1.0,0.021199163,nan,nan,nan,nan,nan
488676947,488676712,-0.055229127,1.0,0.022453481,nan,nan,nan,nan,nan
488777932,488777700,-0.054729998,1.0,0.022450408,nan,nan,nan,nan,nan
488878919,488878687,-0.05256015,1.0,0.022772105,nan,nan,nan,nan,nan
488977459,488977212,-0.054762483,1.0,0.022547755,nan,nan,nan,nan,nan
489078430,489078199,-0.057752192,1.0,0.024864815,nan,nan,nan,nan,nan
489176983,489176724,-0.05914402,1.0,0.024349673,nan,nan,nan,nan,nan
489277944,489277711,-0.058841825,1.0,0.02433406,nan,nan,nan,nan,nan
489376468,489376235,-0.05714166,1.0,0.023649478,nan,nan,nan,nan,nan
489477458,489477223,-0.05907315,1.0,0.024268674,nan,nan,nan,nan,nan
489578440,489578210,-0.061904073,1.0,0.025422312,nan,nan,nan,nan,nan
489676971,489676735,-0.06281853,1.0,0.027155895,nan,nan,nan,nan,nan
489777953,489777722,-0.059771836,1.0,0.025902364,nan,nan,nan,nan,nan
489876477,489876246,-0.05768299,1.0,0.023730118,nan,nan,nan,nan,nan
489977476,489977234,-0.057495177,1.0,0.02486614,nan,nan,nan,nan,nan
490075991,490075758,-0.058646142,1.0,0.024308018,nan,nan,nan,nan,nan
490176995,490176746,-0.06080693,1.0,0.025376776,nan,nan,nan,nan,nan
490280430,490280196,-0.05769223,1.0,0.023928862,nan,nan,nan,nan,nan
490376489,490376258,-0.058247507,1.0,0.02435493,nan,nan,nan,nan,nan
490479940,490479708,-0.063237846,1.0,0.026297593,nan,nan,nan,nan,nan
490576002,490575770,-0.062100053,1.0,0.025866117,nan,nan,nan,nan,nan
490679453,490679220,-0.060498774,1.0,0.025295105,nan,nan,nan,nan,nan
490775513,490775282,-0.05809027,1.0,0.02419488,nan,nan,nan,nan,nan
490878964,490878732,-0.057391405,1.0,0.024014393,nan,nan,nan,nan,nan
490979953,490979720,-0.053937316,1.0,0.022037176,nan,nan,nan,nan,nan
491078477,491078244,-0.05547464,1.0,0.02286835,nan,nan,nan,nan,nan
491179464,491179232,-0.060480118,1.0,0.025349898,nan,nan,nan,nan,nan
491277989,491277756,-0.06071484,1.0,0.025165804,nan,nan,nan,nan,nan
491378991,491378744,-0.05487448,1.0,0.022904199,nan,nan,nan,nan,nan
491477500,491477268,-0.052594185,1.0,0.021785356,nan,nan,nan,nan,nan
491578489,491578256,-0.05315143,1.0,0.022053843,nan,nan,nan,nan,nan
491677014,491676781,-0.05322802,1.0,0.021921491,nan,nan,nan,nan,nan
491778002,491777768,-0.053684175,1.0,0.02224541,nan,nan,nan,nan,nan
491878988,491878756,-0.053502977,1.0,0.02224345,nan,nan,nan,nan,nan
491977512,491977280,-0.05451256,1.0,0.023795104,nan,nan,nan,nan,nan
492078499,492078268,-0.057630956,1.0,0.024033079,nan,nan,nan,nan,nan
492177026,492176792,-0.0592584,1.0,0.024567574,nan,nan,nan,nan,nan
492278014,492277780,-0.05807942,1.0,0.024168562,nan,nan,nan,nan,nan
492378999,492378768,-0.056767404,1.0,0.023360042,nan,nan,nan,nan,nan
492477530,492477292,-0.050236642,1.0,0.020617617,nan,nan,nan,nan,nan
492578583,492578283,-0.050150692,1.0,0.020624213,nan,nan,nan,nan,nan
492677036,492676804,-0.0524351,1.0,0.021556137,nan,nan,nan,nan,nan
492778027,492777792,-0.051395535,1.0,0.02126972,nan,nan,nan,nan,nan
492876551,492876317,-0.049869835,1.0,0.020522939,nan,nan,nan,nan,nan
492977536,492977304,-0.049410343,1.0,0.02032576,nan,nan,nan,nan,nan
493078541,493078292,-0.048313677,1.0,0.020017538,nan,nan,nan,nan,nan
493177049,493176817,-0.048083067,1.0,0.019777132,nan,nan,nan,nan,nan
493278039,493277804,-0.050970435,1.0,0.021085396,nan,nan,nan,nan,nan
493376560,493376329,-0.0505839,1.0,0.021086203,nan,nan,nan,nan,nan
493477564,493477317,-0.05029905,1.0,0.020721048,nan,nan,nan,nan,nan
493576073,493575841,-0.052413523,1.0,0.021720786,nan,nan,nan,nan,nan
493677061,493676829,-0.047891498,1.0,0.020544196,nan,nan,nan,nan,nan
493780510,493780280,-0.053069234,1.0,0.02204486,nan,nan,nan,nan,nan
493876575,493876341,-0.05606854,1.0,0.02325988,nan,nan,nan,nan,nan
493980025,493979792,-0.053016305,1.0,0.023079462,nan,nan,nan,nan,nan
494076107,494075854,-0.05568421,1.0,0.022966294,nan,nan,nan,nan,nan
494179540,494179305,-0.058358073,1.0,0.024254998,nan,nan,nan,nan,nan
494275615,494275366,-0.055227578,1.0,0.022807041,nan,nan,nan,nan,nan
494379066,494378817,-0.057725668,1.0,0.024885453,nan,nan,nan,nan,nan
494480070,494479805,-0.0600726,1.0,0.024910111,nan,nan,nan,nan,nan
494578557,494578329,-0.05910027,1.0,0.024698932,nan,nan,nan,nan,nan
494679551,494679317,-0.058343947,1.0,0.024307564,nan,nan,nan,nan,nan
494778072,494777842,-0.05797851,1.0,0.025237037,nan,nan,nan,nan,nan
494879061,494878830,-0.055276096,1.0,0.023048198,nan,nan,nan,nan,nan
494977584,494977354,-0.054964364,1.0,0.02265579,nan,nan,nan,nan,nan
495078575,495078342,-0.05737716,1.0,0.02391285,nan,nan,nan,nan,nan
495179564,495179330,-0.05490023,1.0,0.022639884,nan,nan,nan,nan,nan
495278086,495277854,-0.052537143,1.0,0.022768278,nan,nan,nan,nan,nan
495379075,495378842,-0.055845916,1.0,0.02427027,nan,nan,nan,nan,nan
495477632,495477367,-0.056722283,1.0,0.023761878,nan,nan,nan,nan,nan
495578645,495578355,-0.055191696,1.0,0.023278557,nan,nan,nan,nan,nan
495677111,495676880,-0.05325085,1.0,0.022066223,nan,nan,nan,nan,nan
495778099,495777867,-0.04420483,1.0,0.018011019,nan,nan,nan,nan,nan
495876627,495876392,-0.043095708,1.0,0.017838726,nan,nan,nan,nan,nan
495977612,495977380,-0.051731586,1.0,0.021560185,nan,nan,nan,nan,nan
496078634,496078368,-0.053306818,1.0,0.02237038,nan,nan,nan,nan,nan
496177123,496176893,-0.053760767,1.0,0.022397686,nan,nan,nan,nan,nan
496278112,496277881,-0.058346868,1.0,0.02453703,nan,nan,nan,nan,nan
496376638,496376405,-0.058941007,1.0,0.024538701,nan,nan,nan,nan,nan
496475161,496474930,-0.05690056,1.0,0.023799062,nan,nan,nan,nan,nan
496578610,496578381,-0.057586253,1.0,0.024218211,nan,nan,nan,nan,nan
496677137,496676906,-0.058001816,1.0,0.0242815,nan,nan,nan,nan,nan
496778124,496777894,-0.056135654,1.0,0.023553887,nan,nan,nan,nan,nan
496876650,496876418,-0.055016518,1.0,0.023048518,nan,nan,nan,nan,nan
496977637,496977406,-0.055840135,1.0,0.023484088,nan,nan,nan,nan,nan
497076164,497075931,-0.055403292,1.0,0.023429906,nan,nan,nan,nan,nan
497177149,497176919,-0.051835418,1.0,0.021895671,nan,nan,nan,nan,nan
497280603,497280370,-0.056221783,1.0,0.023818675,nan,nan,nan,nan,nan
497376682,497376432,-0.057591736,1.0,0.024361532,nan,nan,nan,nan,nan
497480112,497479883,-0.059705257,1.0,0.02515099,nan,nan,nan,nan,nan
497576177,497575945,-0.06744772,1.0,0.029603591,nan,nan,nan,nan,nan
497679636,497679396,-0.0614987,1.0,0.027017817,nan,nan,nan,nan,nan
497775692,497775457,-0.056527972,1.0,0.023842463,nan,nan,nan,nan,nan
497879139,497878908,-0.051481724,1.0,0.02258815,nan,nan,nan,nan,nan
497980130,497979896,-0.044063926,1.0,0.018132582,nan,nan,nan,nan,nan
498078651,498078421,-0.04594487,1.0,0.019298663,nan,nan,nan,nan,nan
498179638,498179409,-0.052429557,1.0,0.022411818,nan,nan,nan,nan,nan
498278165,498277934,-0.057397127,1.0,0.02419108,nan,nan,nan,nan,nan
498379160,498378924,-0.05611503,1.0,0.02359954,nan,nan,nan,nan,nan
498477683,498477447,-0.05135548,1.0,0.02148873,nan,nan,nan,nan,nan
498578669,498578435,-0.047099292,1.0,0.019550607,nan,nan,nan,nan,nan
498677193,498676960,-0.046954215,1.0,0.01960263,nan,nan,nan,nan,nan
498778180,498777948,-0.04847455,1.0,0.020288065,nan,nan,nan,nan,nan
498879166,498878936,-0.049895287,1.0,0.020987814,nan,nan,nan,nan,nan
498977693,498977461,-0.055133343,1.0,0.023229642,nan,nan,nan,nan,nan
499078684,499078449,-0.04974407,1.0,0.020624533,nan,nan,nan,nan,nan
499177224,499176974,-0.047765434,1.0,0.02013941,nan,nan,nan,nan,nan
499278193,499277962,-0.04981017,1.0,0.021009712,nan,nan,nan,nan,nan
499379183,499378950,-0.046257675,1.0,0.01949538,nan,nan,nan,nan,nan
499477711,499477475,-0.05039656,1.0,0.021473434,nan,nan,nan,nan,nan
499578699,499578463,-0.054817498,1.0,0.023165816,nan,nan,nan,nan,nan
499677222,499676988,-0.048666775,1.0,0.02027304,nan,nan,nan,nan,nan
499778212,499777976,-0.044810057,1.0,0.018734725,nan,nan,nan,nan,nan
499876736,499876501,-0.051942468,1.0,0.022394786,nan,nan,nan,nan,nan
499977724,499977489,-0.052105904,1.0,0.021990046,nan,nan,nan,nan,nan
500078715,500078477,-0.046808958,1.0,0.019622505,nan,nan,nan,nan,nan
500177233,500177002,-0.045883656,1.0,0.019300237,nan,nan,nan,nan,nan
500278224,500277990,-0.04978925,1.0,0.021135675,nan,nan,nan,nan,nan
500376754,500376515,-0.049165487,1.0,0.02083666,nan,nan,nan,nan,nan
500477736,500477503,-0.042702377,1.0,0.017871669,nan,nan,nan,nan,nan
500577861,500576028,-0.039682567,1.0,0.016681347,nan,nan,nan,nan,nan
500677247,500677016,-0.046951354,1.0,0.020113174,nan,nan,nan,nan,nan
500780700,500780467,-0.053128123,1.0,0.022357812,nan,nan,nan,nan,nan
500876762,500876529,-0.042756617,1.0,0.017517775,nan,nan,nan,nan,nan
500980213,500979980,-0.040444195,1.0,0.017030021,nan,nan,nan,nan,nan
501076273,501076042,-0.04090172,1.0,0.018182173,nan,nan,nan,nan,nan
501179731,501179493,-0.041409254,1.0,0.017402297,nan,nan,nan,nan,nan
501275786,501275555,-0.042232394,1.0,0.017888002,nan,nan,nan,nan,nan
501379242,501379006,-0.040658414,1.0,0.017071962,nan,nan,nan,nan,nan
501480226,501479994,-0.041333973,1.0,0.017365385,nan,nan,nan,nan,nan
501578773,501578520,-0.04165703,1.0,0.017295742,nan,nan,nan,nan,nan
501679740,501679508,-0.042583108,1.0,0.01787315,nan,nan,nan,nan,nan
501778271,501778033,-0.044065118,1.0,0.01857735,nan,nan,nan,nan,nan
501879252,501879021,-0.04627669,1.0,0.019585583,nan,nan,nan,nan,nan
501977783,501977546,-0.046824276,1.0,0.019640425,nan,nan,nan,nan,nan
502078767,502078534,-0.05116862,1.0,0.021736912,nan,nan,nan,nan,nan
502177324,502177059,-0.04991001,1.0,0.021215426,nan,nan,nan,nan,nan
502278288,502278047,-0.04888171,1.0,0.020527046,nan,nan,nan,nan,nan
502379265,502379035,-0.051332712,1.0,0.022814289,nan,nan,nan,nan,nan
502477794,502477561,-0.051662147,1.0,0.021697741,nan,nan,nan,nan,nan
502578780,502578549,-0.050062776,1.0,0.021329893,nan,nan,nan,nan,nan
502677308,502677074,-0.041279137,1.0,0.01712582,nan,nan,nan,nan,nan
502778295,502778062,-0.04398948,1.0,0.01889124,nan,nan,nan,nan,nan
502879280,502879050,-0.04969579,1.0,0.021105347,nan,nan,nan,nan,nan
502977808,502977575,-0.044003546,1.0,0.01940958,nan,nan,nan,nan,nan
503078797,503078564,-0.045925498,1.0,0.019882636,nan,nan,nan,nan,nan
503177319,503177089,-0.05181527,1.0,0.02185564,nan,nan,nan,nan,nan
503278311,503278077,-0.05069208,1.0,0.021702778,nan,nan,nan,nan,nan
503376847,503376602,-0.049415827,1.0,0.021269012,nan,nan,nan,nan,nan
503477823,503477590,-0.045316696,1.0,0.020042563,nan,nan,nan,nan,nan
503578813,503578579,-0.043564558,1.0,0.018464666,nan,nan,nan,nan,nan
503677333,503677104,-0.048405826,1.0,0.020453207,nan,nan,nan,nan,nan
503778324,503778092,-0.048694372,1.0,0.021541134,nan,nan,nan,nan,nan
503876848,503876617,-0.04855305,1.0,0.020588947,nan,nan,nan,nan,nan
503977841,503977605,-0.053975046,1.0,0.022950416,nan,nan,nan,nan,nan
504076404,504076130,-0.06076461,1.0,0.025902739,nan,nan,nan,nan,nan
504177356,504177119,-0.05350125,1.0,0.022765467,nan,nan,nan,nan,nan
504280806,504280570,-0.03864628,1.0,0.016165467,nan,nan,nan,nan,nan
504376885,504376632,-0.046399415,1.0,0.01983874,nan,nan,nan,nan,nan
504480317,504480083,-0.052004337,1.0,0.022288945,nan,nan,nan,nan,nan
504576379,504576146,-0.052847326,1.0,0.02258145,nan,nan,nan,nan,nan
504679848,504679597,-0.045939505,1.0,0.018921334,nan,nan,nan,nan,nan
504775898,504775659,-0.04840511,1.0,0.021999633,nan,nan,nan,nan,nan
504879344,504879110,-0.059957325,1.0,0.026674924,nan,nan,nan,nan,nan
504980331,504980099,-0.056656063,1.0,0.02421107,nan,nan,nan,nan,nan
505078858,505078624,-0.050212264,1.0,0.021113079,nan,nan,nan,nan,nan
505179845,505179612,-0.043913066,1.0,0.0183699,nan,nan,nan,nan,nan
505278386,505278137,-0.0493955,1.0,0.02104638,nan,nan,nan,nan,nan
505379357,505379125,-0.05741787,1.0,0.024597699,nan,nan,nan,nan,nan
505477885,505477651,-0.057342768,1.0,0.025779445,nan,nan,nan,nan,nan
505578876,505578639,-0.041949153,1.0,0.018774198,nan,nan,nan,nan,nan
505674934,505674701,-0.043655753,1.0,0.018857718,nan,nan,nan,nan,nan
505778383,505778152,-0.05132252,1.0,0.022271095,nan,nan,nan,nan,nan
505879389,505879141,-0.04879856,1.0,0.020851454,nan,nan,nan,nan,nan
505977913,505977667,-0.032048464,1.0,0.013326443,nan,nan,nan,nan,nan
506078888,506078654,-0.018825233,1.0,0.0075263768,nan,nan,nan,nan,nan
506177412,506177181,-0.020292759,1.0,0.0088870935,nan,nan,nan,nan,nan
506278398,506278168,-0.031634748,1.0,0.01406786,nan,nan,nan,nan,nan
506379387,506379156,-0.0375396,1.0,0.017432591,nan,nan,nan,nan,nan
506477912,506477681,-0.034199595,1.0,0.014379905,nan,nan,nan,nan,nan
506578942,506578670,-0.03414935,1.0,0.014521337,nan,nan,nan,nan,nan
506677425,506677195,-0.036845207,1.0,0.015881246,nan,nan,nan,nan,nan
506778414,506778183,-0.03759277,1.0,0.016216524,nan,nan,nan,nan,nan
506876940,506876709,-0.040998578,1.0,0.01764223,nan,nan,nan,nan,nan
506977927,506977697,-0.042363822,1.0,0.018258628,nan,nan,nan,nan,nan
507078921,507078685,-0.03763175,1.0,0.017009744,nan,nan,nan,nan,nan
507177441,507177211,-0.036064446,1.0,0.015193949,nan,nan,nan,nan,nan
507278436,507278199,-0.04018128,1.0,0.017158508,nan,nan,nan,nan,nan
507376956,507376724,-0.04130262,1.0,0.017848134,nan,nan,nan,nan,nan
507477944,507477713,-0.042235196,1.0,0.018071702,nan,nan,nan,nan,nan
507576468,507576238,-0.0401479,1.0,0.016978754,nan,nan,nan,nan,nan
507677459,507677226,-0.04005611,1.0,0.018204672,nan,nan,nan,nan,nan
507780925,507780678,-0.0396533,1.0,0.017294832,nan,nan,nan,nan,nan
507876971,507876740,-0.03400618,1.0,0.014438962,nan,nan,nan,nan,nan
507977964,507977728,-0.03326577,1.0,0.014205898,nan,nan,nan,nan,nan
508076485,508076254,-0.03260964,1.0,0.015156129,nan,nan,nan,nan,nan
508177478,508177242,-0.037195206,1.0,0.016359054,nan,nan,nan,nan,nan
508276000,508275767,-0.03859228,1.0,0.01652388,nan,nan,nan,nan,nan
508376991,508376756,-0.03935027,1.0,0.018270383,nan,nan,nan,nan,nan
508480439,508480207,-0.041335166,1.0,0.018975703,nan,nan,nan,nan,nan
508576523,508576270,-0.042972207,1.0,0.01861578,nan,nan,nan,nan,nan
508679961,508679721,-0.04186505,1.0,0.018426869,nan,nan,nan,nan,nan
508776018,508775783,-0.040523708,1.0,0.017605035,nan,nan,nan,nan,nan
508879466,508879235,-0.042841792,1.0,0.01861716,nan,nan,nan,nan,nan
508975532,508975297,-0.04172182,1.0,0.01833851,nan,nan,nan,nan,nan
509078979,509078748,-0.042940736,1.0,0.01990271,nan,nan,nan,nan,nan
509180047,509179737,-0.03928542,1.0,0.017035218,nan,nan,nan,nan,nan
509278492,509278262,-0.036019206,1.0,0.015745917,nan,nan,nan,nan,nan
509379482,509379251,-0.04147774,1.0,0.018213294,nan,nan,nan,nan,nan
509478009,509477776,-0.040793538,1.0,0.017931927,nan,nan,nan,nan,nan
509578998,509578765,-0.039708793,1.0,0.01864157,nan,nan,nan,nan,nan
509677527,509677290,-0.03881842,1.0,0.018047819,nan,nan,nan,nan,nan
509778508,509778278,-0.041547477,1.0,0.019183198,nan,nan,nan,nan,nan
509879496,509879267,-0.04117769,1.0,0.017987706,nan,nan,nan,nan,nan
509978023,509977792,-0.041053236,1.0,0.017947253,nan,nan,nan,nan,nan
510079011,510078781,-0.041356146,1.0,0.019077245,nan,nan,nan,nan,nan
510177540,510177306,-0.042810738,1.0,0.019658048,nan,nan,nan,nan,nan
510278526,510278295,-0.04611957,1.0,0.020190487,nan,nan,nan,nan,nan
510377068,510376820,-0.048002183,1.0,0.020819232,nan,nan,nan,nan,nan
510478041,510477809,-0.05114466,1.0,0.022246884,nan,nan,nan,nan,nan
510579043,510578797,-0.05497837,1.0,0.024172606,nan,nan,nan,nan,nan
510677568,510677324,-0.05769503,1.0,0.025156345,nan,nan,nan,nan,nan
510778565,510778311,-0.052707136,1.0,0.024075205,nan,nan,nan,nan,nan
510877070,510876836,-0.050066352,1.0,0.02180201,nan,nan,nan,nan,nan
510978076,510977825,-0.05316007,1.0,0.024229107,nan,nan,nan,nan,nan
511076599,511076350,-0.054571867,1.0,0.023829442,nan,nan,nan,nan,nan
511177592,511177339,-0.05737573,1.0,0.026126524,nan,nan,nan,nan,nan
511278561,511278327,-0.05646354,1.0,0.024754843,nan,nan,nan,nan,nan
511377107,511376853,-0.056839883,1.0,0.024745006,nan,nan,nan,nan,nan
511478073,511477841,-0.0550887,1.0,0.023942852,nan,nan,nan,nan,nan
511576642,511576367,-0.049158335,1.0,0.022780117,nan,nan,nan,nan,nan
511677596,511677355,-0.04713571,1.0,0.020798355,nan,nan,nan,nan,nan
511776141,511775883,-0.04821682,1.0,0.021093223,nan,nan,nan,nan,nan
511877101,511876869,-0.045074344,1.0,0.019733917,nan,nan,nan,nan,nan
511980569,511980321,-0.04100901,1.0,0.01791585,nan,nan,nan,nan,nan
512076618,512076383,-0.050176263,1.0,0.022125857,nan,nan,nan,nan,nan
512180081,512179835,-0.049954712,1.0,0.02300705,nan,nan,nan,nan,nan
512276185,512275898,-0.04773605,1.0,0.020920029,nan,nan,nan,nan,nan
512379596,512379349,-0.049102366,1.0,0.02153285,nan,nan,nan,nan,nan
512475642,512475411,-0.04576993,1.0,0.019862266,nan,nan,nan,nan,nan
512579108,512578863,-0.04569453,1.0,0.0212649,nan,nan,nan,nan,nan
512680097,512679852,-0.04794562,1.0,0.021967126,nan,nan,nan,nan,nan
512778628,512778377,-0.042551816,1.0,0.018621981,nan,nan,nan,nan,nan
512879606,512879366,-0.042161226,1.0,0.018641815,nan,nan,nan,nan,nan
512978136,512977892,-0.04300046,1.0,0.019919828,nan,nan,nan,nan,nan
513079111,513078880,-0.037634134,1.0,0.01646301,nan,nan,nan,nan,nan
513177653,513177406,-0.034816682,1.0,0.015073992,nan,nan,nan,nan,nan
513278624,513278394,-0.044446945,1.0,0.019709937,nan,nan,nan,nan,nan
513377168,513376920,-0.044012368,1.0,0.019065512,nan,nan,nan,nan,nan
513478155,513477908,-0.04377061,1.0,0.018845681,nan,nan,nan,nan,nan
513579142,513578897,-0.043715417,1.0,0.019086009,nan,nan,nan,nan,nan
513677653,513677423,-0.04785931,1.0,0.020916441,nan,nan,nan,nan,nan
513778658,513778411,-0.050625086,1.0,0.022200832,nan,nan,nan,nan,nan
513877169,513876937,-0.042906642,1.0,0.018724918,nan,nan,nan,nan,nan
513978174,513977925,-0.046029627,1.0,0.0200556,nan,nan,nan,nan,nan
514079146,514078914,-0.049827874,1.0,0.021628175,nan,nan,nan,nan,nan
514177730,514177440,-0.04894936,1.0,0.021285148,nan,nan,nan,nan,nan
514278660,514278428,-0.048267543,1.0,0.022269087,nan,nan,nan,nan,nan
514377204,514376954,-0.050071895,1.0,0.021881448,nan,nan,nan,nan,nan
514478177,514477943,-0.049562454,1.0,0.02154386,nan,nan,nan,nan,nan
514576737,514576468,-0.048781395,1.0,0.022533821,nan,nan,nan,nan,nan
514677714,514677457,-0.048774064,1.0,0.021295058,nan,nan,nan,nan,nan
514778711,514778446,-0.049357533,1.0,0.021350691,nan,nan,nan,nan,nan
514877201,514876971,-0.04935819,1.0,0.021487514,nan,nan,nan,nan,nan
514978207,514977960,-0.049227,1.0,0.021517359,nan,nan,nan,nan,nan
515076724,515076485,-0.05221057,1.0,0.022690466,nan,nan,nan,nan,nan
515177726,515177474,-0.05041319,1.0,0.022140719,nan,nan,nan,nan,nan
515276233,515276000,-0.03947252,1.0,0.016810363,nan,nan,nan,nan,nan
515377236,515376988,-0.039827466,1.0,0.017456997,nan,nan,nan,nan,nan
515480676,515480440,-0.04208803,1.0,0.018478671,nan,nan,nan,nan,nan
515576753,515576503,-0.039776146,1.0,0.017303657,nan,nan,nan,nan,nan
515680186,515679955,-0.037029445,1.0,0.01628269,nan,nan,nan,nan,nan
515776265,515776017,-0.034811556,1.0,0.015430474,nan,nan,nan,nan,nan
515879704,515879469,-0.037246644,1.0,0.016213873,nan,nan,nan,nan,nan
515975777,515975531,-0.04935032,1.0,0.021689275,nan,nan,nan,nan,nan
516079214,516078983,-0.049979508,1.0,0.021995587,nan,nan,nan,nan,nan
516180219,516179972,-0.041568696,1.0,0.018337442,nan,nan,nan,nan,nan
516278737,516278498,-0.035950303,1.0,0.015820626,nan,nan,nan,nan,nan
516379736,516379486,-0.035252333,1.0,0.015715258,nan,nan,nan,nan,nan
516478249,516478012,-0.039577305,1.0,0.017863723,nan,nan,nan,nan,nan
516579247,516579001,-0.04188639,1.0,0.018458791,nan,nan,nan,nan,nan
516677761,516677526,-0.04244244,1.0,0.018756058,nan,nan,nan,nan,nan
516778763,516778515,-0.042829037,1.0,0.019895816,nan,nan,nan,nan,nan
516877280,516877041,-0.039749444,1.0,0.017439667,nan,nan,nan,nan,nan
516978282,516978030,-0.036746085,1.0,0.017500976,nan,nan,nan,nan,nan
517079253,517079018,-0.037133455,1.0,0.016617479,nan,nan,nan,nan,nan
517177793,517177544,-0.037312865,1.0,0.016552644,nan,nan,nan,nan,nan
517278765,517278533,-0.03623098,1.0,0.016038414,nan,nan,nan,nan,nan
517377310,517377059,-0.032666206,1.0,0.01446145,nan,nan,nan,nan,nan
517478278,517478047,-0.03341627,1.0,0.015118199,nan,nan,nan,nan,nan
517579270,517579036,-0.037115514,1.0,0.016574832,nan,nan,nan,nan,nan
517677797,517677564,-0.038212597,1.0,0.017157117,nan,nan,nan,nan,nan
517778799,517778551,-0.04121971,1.0,0.018323775,nan,nan,nan,nan,nan
517877308,517877076,-0.043803573,1.0,0.019226428,nan,nan,nan,nan,nan
517978299,517978065,-0.043580234,1.0,0.019111855,nan,nan,nan,nan,nan
518076824,518076591,-0.04322833,1.0,0.019004712,nan,nan,nan,nan,nan
518177816,518177580,-0.048818946,1.0,0.021341745,nan,nan,nan,nan,nan
518278801,518278568,-0.054564595,1.0,0.023956422,nan,nan,nan,nan,nan
518377373,518377094,-0.054944873,1.0,0.024161153,nan,nan,nan,nan,nan
518478316,518478083,-0.055493772,1.0,0.024343856,nan,nan,nan,nan,nan
518576844,518576609,-0.05814606,1.0,0.02524889,nan,nan,nan,nan,nan
518677831,518677597,-0.058927476,1.0,0.025742527,nan,nan,nan,nan,nan
518776357,518776123,-0.05792898,1.0,0.025463298,nan,nan,nan,nan,nan
518877343,518877112,-0.057251096,1.0,0.025096152,nan,nan,nan,nan,nan
518975874,518975638,-0.058678925,1.0,0.025722997,nan,nan,nan,nan,nan
519076856,519076627,-0.057204187,1.0,0.025062915,nan,nan,nan,nan,nan
519180315,519180079,-0.05202949,1.0,0.022863526,nan,nan,nan,nan,nan
519276372,519276141,-0.049803734,1.0,0.021885436,nan,nan,nan,nan,nan
519379825,519379593,-0.050364673,1.0,0.022049494,nan,nan,nan,nan,nan
519475892,519475656,-0.04987389,1.0,0.022795545,nan,nan,nan,nan,nan
519579355,519579108,-0.048419118,1.0,0.021088647,nan,nan,nan,nan,nan
519680328,519680097,-0.04932791,1.0,0.021603828,nan,nan,nan,nan,nan
519778855,519778623,-0.04701805,1.0,0.020449923,nan,nan,nan,nan,nan
519879844,519879611,-0.04415536,1.0,0.0193298,nan,nan,nan,nan,nan
519978372,519978137,-0.04769653,1.0,0.021165214,nan,nan,nan,nan,nan
520079360,520079126,-0.04945159,1.0,0.021847004,nan,nan,nan,nan,nan
520177885,520177652,-0.046482265,1.0,0.020385975,nan,nan,nan,nan,nan
520278877,520278641,-0.04675752,1.0,0.020653488,nan,nan,nan,nan,nan
520379880,520379630,-0.050713003,1.0,0.022131123,nan,nan,nan,nan,nan
520478394,520478155,-0.0514912,1.0,0.023845041,nan,nan,nan,nan,nan
520579378,520579144,-0.050902188,1.0,0.022611044,nan,nan,nan,nan,nan
520677904,520677670,-0.051549017,1.0,0.022708124,nan,nan,nan,nan,nan
520778899,520778659,-0.05072677,1.0,0.022588152,nan,nan,nan,nan,nan
520877416,520877185,-0.044994414,1.0,0.02080771,nan,nan,nan,nan,nan
520978405,520978174,-0.042052984,1.0,0.018935341,nan,nan,nan,nan,nan
521079436,521079163,-0.046281278,1.0,0.020358233,nan,nan,nan,nan,nan
521177919,521177688,-0.039471388,1.0,0.017106429,nan,nan,nan,nan,nan
521278912,521278677,-0.04131162,1.0,0.018526912,nan,nan,nan,nan,nan
521377434,521377203,-0.04509902,1.0,0.019941073,nan,nan,nan,nan,nan
521478423,521478192,-0.0362311,1.0,0.015654344,nan,nan,nan,nan,nan
521576950,521576718,-0.043058157,1.0,0.01933309,nan,nan,nan,nan,nan
521677938,521677707,-0.048695564,1.0,0.02149529,nan,nan,nan,nan,nan
521778927,521778696,-0.055555284,1.0,0.024545092,nan,nan,nan,nan,nan
521877464,521877222,-0.056103766,1.0,0.02481308,nan,nan,nan,nan,nan
521978444,521978211,-0.048356295,1.0,0.022141865,nan,nan,nan,nan,nan
522076968,522076736,-0.044741333,1.0,0.019993147,nan,nan,nan,nan,nan
522177958,522177725,-0.04589665,1.0,0.020576235,nan,nan,nan,nan,nan
522276501,522276251,-0.048315823,1.0,0.021360656,nan,nan,nan,nan,nan
522377482,522377240,-0.050965488,1.0,0.02359606,nan,nan,nan,nan,nan
522478461,522478229,-0.045089662,1.0,0.019603543,nan,nan,nan,nan,nan
522576986,522576755,-0.02857548,1.0,0.012383395,nan,nan,nan,nan,nan
522677975,522677744,-0.02965337,1.0,0.013816746,nan,nan,nan,nan,nan
522776503,522776270,-0.035232365,1.0,0.01580779,nan,nan,nan,nan,nan
522877491,522877259,-0.024224639,1.0,0.010651078,nan,nan,nan,nan,nan
522976015,522975785,-0.020569623,1.0,0.009432479,nan,nan,nan,nan,nan
523077006,523076774,-0.025225997,1.0,0.0112810405,nan,nan,nan,nan,nan
523180459,523180226,-0.024902403,1.0,0.01116882,nan,nan,nan,nan,nan
523276522,523276289,-0.020219922,1.0,0.009176214,nan,nan,nan,nan,nan
523379976,523379741,-0.025003314,1.0,0.011917622,nan,nan,nan,nan,nan
523476053,523475803,-0.029116452,1.0,0.013266808,nan,nan,nan,nan,nan
523579485,523579256,-0.0319677,1.0,0.014803467,nan,nan,nan,nan,nan
523675551,523675318,-0.032634914,1.0,0.014741123,nan,nan,nan,nan,nan
523779000,523778771,-0.031706095,1.0,0.01459237,nan,nan,nan,nan,nan
523879993,523879760,-0.035381496,1.0,0.017384315,nan,nan,nan,nan,nan
523978518,523978285,-0.03882718,1.0,0.017367056,nan,nan,nan,nan,nan
524079504,524079275,-0.03994912,1.0,0.017976759,nan,nan,nan,nan,nan
524178033,524177800,-0.040813863,1.0,0.018141214,nan,nan,nan,nan,nan
524279022,524278789,-0.043708146,1.0,0.020419437,nan,nan,nan,nan,nan
524377547,524377315,-0.04251492,1.0,0.019053806,nan,nan,nan,nan,nan
524478539,524478304,-0.043429494,1.0,0.019590054,nan,nan,nan,nan,nan
524579525,524579293,-0.05050099,1.0,0.02267842,nan,nan,nan,nan,nan
524678058,524677819,-0.059431612,1.0,0.02636092,nan,nan,nan,nan,nan
524779036,524778808,0.18913934,-0.1819452,0.009615483,nan,nan,nan,nan,nan
524877591,524877336,0.18913934,-0.1819452,0.009615483,nan,nan,nan,nan,nan
524978567,524978324,0.18794028,-0.18314426,0.009615483,nan,nan,nan,nan,nan
525077076,525076849,0.18913934,-0.1819452,0.009615483,nan,nan,nan,nan,nan
525178064,525177838,0.18794028,-0.18314426,0.009615483,nan,nan,nan,nan,nan
525279066,525278827,0.18794028,-0.18314426,0.009615483,nan,nan,nan,nan,nan
525377578,525377354,0.18794028,-0.18314426,0.009615483,nan,nan,nan,nan,nan
525478565,525478342,0.18794028,-0.18314426,0.009615483,nan,nan,nan,nan,nan
525577093,525576869,0.18794028,-0.18314426,0.009615483,nan,nan,nan,nan,nan
525678081,525677857,0.18794028,-0.18314426,0.009615483,nan,nan,nan,nan,nan
525776610,525776384,0.18913934,-0.1819452,0.009615483,nan,nan,nan,nan,nan
525877619,525877373,0.18794028,-0.18314426,0.009615483,nan,nan,nan,nan,nan
525978588,525978362,0.18794028,-0.18314426,0.009615483,nan,nan,nan,nan,nan
526077112,526076888,0.18794028,-0.18314426,0.009615483,nan,nan,nan,nan,nan
526178102,526177877,0.18794028,-0.18314426,0.009615483,nan,nan,nan,nan,nan
526276639,526276403,0.18794028,-0.18314426,0.009615483,nan,nan,nan,nan,nan
526377619,526377392,0.18794028,-0.18314426,0.009615483,nan,nan,nan,nan,nan
526476160,526475918,0.18794028,-0.18314426,0.009615483,nan,nan,nan,nan,nan
526577131,526576907,0.18913934,-0.1819452,0.009615483,nan,nan,nan,nan,nan
526680589,526680359,0.18794028,-0.18314426,0.009615483,nan,nan,nan,nan,nan
526776649,526776422,0.18794028,-0.18314426,0.009615483,nan,nan,nan,nan,nan
526880103,526879874,0.18794028,-0.18314426,0.009615483,nan,nan,nan,nan,nan
526976163,526975937,0.18794028,-0.18314426,0.009615483,nan,nan,nan,nan,nan
527079622,527079389,0.18794028,-0.18314426,0.009615483,nan,nan,nan,nan,nan
527175679,527175452,0.18794028,-0.18314426,0.009615483,nan,nan,nan,nan,nan
527279128,527278904,0.18794028,-0.18314426,0.009615483,nan,nan,nan,nan,nan
527380118,527379894,0.18794028,-0.18314426,0.009615483,nan,nan,nan,nan,nan
527478643,527478420,0.18913934,-0.1819452,0.009615483,nan,nan,nan,nan,nan
527579631,527579409,0.18794028,-0.18314426,0.009615483,nan,nan,nan,nan,nan
527678173,527677935,0.18794028,-0.18314426,0.009615483,nan,nan,nan,nan,nan
527779149,527778924,0.18794028,-0.18314426,0.009615483,nan,nan,nan,nan,nan
527877677,527877450,0.18794028,-0.18314426,0.009615483,nan,nan,nan,nan,nan
527978662,527978439,0.18794028,-0.18314426,0.009615483,nan,nan,nan,nan,nan
528077189,528076965,0.18794028,-0.18314426,0.009615483,nan,nan,nan,nan,nan
528178195,528177954,0.18794028,-0.18314426,0.009615483,nan,nan,nan,nan,nan
528279170,528278943,0.18913934,-0.1819452,0.009615483,nan,nan,nan,nan,nan
528377699,528377470,0.18913934,-0.1819452,0.009615483,nan,nan,nan,nan,nan
528478685,528478459,0.18794028,-0.18314426,0.009615483,nan,nan,nan,nan,nan
528577221,528576985,0.18913934,-0.1819452,0.009615483,nan,nan,nan,nan,nan
528678200,528677974,0.18794028,-0.18314426,0.009615483,nan,nan,nan,nan,nan
528776729,528776500,0.18794028,-0.18314426,0.009615483,nan,nan,nan,nan,nan
528877718,528877489,0.18794028,-0.18314426,0.009615483,nan,nan,nan,nan,nan
528978723,528978478,0.18794028,-0.18314426,0.009615483,nan,nan,nan,nan,nan
529077229,529077004,0.18913934,-0.1819452,0.009615483,nan,nan,nan,nan,nan
529178217,529177993,0.18794028,-0.18314426,0.009615483,nan,nan,nan,nan,nan
529276746,529276520,0.18794028,-0.18314426,0.009615483,nan,nan,nan,nan,nan
529377739,529377509,0.18913934,-0.1819452,0.009615483,nan,nan,nan,nan,nan
529478724,529478498,0.18794028,-0.18314426,0.009615483,nan,nan,nan,nan,nan
529577251,529577024,0.18794028,-0.18314426,0.009615483,nan,nan,nan,nan,nan
529678238,529678013,0.18794028,-0.18314426,0.009615483,nan,nan,nan,nan,nan
529776782,529776539,0.18794028,-0.18314426,0.009615483,nan,nan,nan,nan,nan
529877752,529877529,0.18913934,-0.1819452,0.009615483,nan,nan,nan,nan,nan
529976280,529976055,0.18913934,-0.1819452,0.009615483,nan,nan,nan,nan,nan
530077268,530077044,0.18794028,-0.18314426,0.009615483,nan,nan,nan,nan,nan
530180741,530180496,0.18794028,-0.18314426,0.009615483,nan,nan,nan,nan,nan
530276797,530276559,0.18794028,-0.18314426,0.009615483,nan,nan,nan,nan,nan
530380240,530380012,0.18794028,-0.18314426,0.009615483,nan,nan,nan,nan,nan
530476300,530476075,0.18913934,-0.1819452,0.009615483,nan,nan,nan,nan,nan
530579753,530579527,0.18794028,-0.18314426,0.009615483,nan,nan,nan,nan,nan
530675816,530675590,0.18794028,-0.18314426,0.009615483,nan,nan,nan,nan,nan
530779273,530779042,0.18794028,-0.18314426,0.009615483,nan,nan,nan,nan,nan
530880254,530880031,0.18913934,-0.1819452,0.009615483,nan,nan,nan,nan,nan
530978784,530978558,0.18794028,-0.18314426,0.009615483,nan,nan,nan,nan,nan
531079769,531079547,0.18794028,-0.18314426,0.009615483,nan,nan,nan,nan,nan
531178299,531178073,0.18794028,-0.18314426,0.009615483,nan,nan,nan,nan,nan
531279285,531279062,0.18794028,-0.18314426,0.009615483,nan,nan,nan,nan,nan
531377864,531377588,0.18794028,-0.18314426,0.009615483,nan,nan,nan,nan,nan
531478816,531478578,0.18794028,-0.18314426,0.009615483,nan,nan,nan,nan,nan
531577331,531577104,0.18913934,-0.1819452,0.009615483,nan,nan,nan,nan,nan
531678318,531678093,0.18794028,-0.18314426,0.009615483,nan,nan,nan,nan,nan
531779306,531779082,0.18913934,-0.1819452,0.009615483,nan,nan,nan,nan,nan
531877833,531877608,0.18794028,-0.18314426,0.009615483,nan,nan,nan,nan,nan
531978824,531978598,0.18913934,-0.1819452,0.009615483,nan,nan,nan,nan,nan
532077348,532077124,0.18794028,-0.18314426,0.009615483,nan,nan,nan,nan,nan
532178337,532178113,0.18913934,-0.1819452,0.009615483,nan,nan,nan,nan,nan
532279329,532279102,0.18913934,-0.1819452,0.009615483,nan,nan,nan,nan,nan
532377855,532377629,0.18913934,-0.1819452,0.009615483,nan,nan,nan,nan,nan
532478844,532478618,0.18794028,-0.18314426,0.009615483,nan,nan,nan,nan,nan
532577371,532577144,0.18913934,-0.1819452,0.009615483,nan,nan,nan,nan,nan
532678376,532678133,0.18794028,-0.18314426,0.009615483,nan,nan,nan,nan,nan
532776889,532776659,0.18794028,-0.18314426,0.009615483,nan,nan,nan,nan,nan
532877877,532877649,0.18794028,-0.18314426,0.009615483,nan,nan,nan,nan,nan
532978863,532978638,0.18794028,-0.18314426,0.009615483,nan,nan,nan,nan,nan
533077391,533077164,0.18794028,-0.18314426,0.009615483,nan,nan,nan,nan,nan
533178406,533178154,0.18794028,-0.18314426,0.009615483,nan,nan,nan,nan,nan
533276908,533276680,0.18794028,-0.18314426,0.009615483,nan,nan,nan,nan,nan
533377894,533377669,0.18794028,-0.18314426,0.009615483,nan,nan,nan,nan,nan
533476421,533476195,0.18794028,-0.18314426,0.009615483,nan,nan,nan,nan,nan
533577411,533577185,0.18794028,-0.18314426,0.009615483,nan,nan,nan,nan,nan
533680862,533680637,0.18794028,-0.18314426,0.009615483,nan,nan,nan,nan,nan
533776929,533776700,0.18794028,-0.18314426,0.009615483,nan,nan,nan,nan,nan
533880390,533880153,0.18794028,-0.18314426,0.009615483,nan,nan,nan,nan,nan
533976440,533976216,0.18794028,-0.18314426,0.009615483,nan,nan,nan,nan,nan
534079895,534079668,0.18794028,-0.18314426,0.009615483,nan,nan,nan,nan,nan
534175960,534175731,0.18794028,-0.18314426,0.009615483,nan,nan,nan,nan,nan
534276948,534276721,0.18913934,-0.1819452,0.009615483,nan,nan,nan,nan,nan
534380410,534380173,0.18794028,-0.18314426,0.009615483,nan,nan,nan,nan,nan
534476460,534476236,0.18794028,-0.18314426,0.009615483,nan,nan,nan,nan,nan
534579912,534579689,0.18794028,-0.18314426,0.009615483,nan,nan,nan,nan,nan
534675979,534675752,0.18794028,-0.18314426,0.009615483,nan,nan,nan,nan,nan
534779428,534779204,0.18794028,-0.18314426,0.009615483,nan,nan,nan,nan,nan
534875526,534875267,0.18794028,-0.18314426,0.009615483,nan,nan,nan,nan,nan
534978966,534978720,0.18913934,-0.1819452,0.009615483,nan,nan,nan,nan,nan
535079937,535079709,0.18794028,-0.18314426,0.009615483,nan,nan,nan,nan,nan
535178480,535178235,0.18794028,-0.18314426,0.009615483,nan,nan,nan,nan,nan
535279467,535279225,0.18913934,-0.1819452,0.009615483,nan,nan,nan,nan,nan
535377979,535377751,0.18794028,-0.18314426,0.009615483,nan,nan,nan,nan,nan
535478968,535478740,0.18794028,-0.18314426,0.009615483,nan,nan,nan,nan,nan
535577491,535577267,0.18794028,-0.18314426,0.009615483,nan,nan,nan,nan,nan
535678479,535678256,0.18794028,-0.18314426,0.009615483,nan,nan,nan,nan,nan
535779469,535779245,0.18794028,-0.18314426,0.009615483,nan,nan,nan,nan,nan
535877999,535877772,0.18794028,-0.18314426,0.009615483,nan,nan,nan,nan,nan
535978988,535978761,0.18794028,-0.18314426,0.009615483,nan,nan,nan,nan,nan
536077510,536077287,0.18913934,-0.1819452,0.009615483,nan,nan,nan,nan,nan
536178522,536178277,0.18913934,-0.1819452,0.009615483,nan,nan,nan,nan,nan
536277026,536276803,0.18794028,-0.18314426,0.009615483,nan,nan,nan,nan,nan
536378019,536377793,0.18913934,-0.1819452,0.009615483,nan,nan,nan,nan,nan
536479009,536478782,0.18794028,-0.18314426,0.009615483,nan,nan,nan,nan,nan
536577534,536577308,0.18794028,-0.18314426,0.009615483,nan,nan,nan,nan,nan
536678526,536678298,0.18794028,-0.18314426,0.009615483,nan,nan,nan,nan,nan
536777047,536776824,0.18794028,-0.18314426,0.009615483,nan,nan,nan,nan,nan
536878039,536877813,0.18794028,-0.18314426,0.009615483,nan,nan,nan,nan,nan
536976566,536976340,0.18794028,-0.18314426,0.009615483,nan,nan,nan,nan,nan
537077575,537077329,0.18794028,-0.18314426,0.009615483,nan,nan,nan,nan,nan
537178545,537178319,0.18794028,-0.18314426,0.009615483,nan,nan,nan,nan,nan
537277071,537276845,0.18913934,-0.1819452,0.009615483,nan,nan,nan,nan,nan
537378078,537377834,0.18794028,-0.18314426,0.009615483,nan,nan,nan,nan,nan
537476587,537476361,0.18794028,-0.18314426,0.009615483,nan,nan,nan,nan,nan
537577574,537577350,0.18913934,-0.1819452,0.009615483,nan,nan,nan,nan,nan
537676106,537675876,0.18794028,-0.18314426,0.009615483,nan,nan,nan,nan,nan
537777092,537776866,0.18794028,-0.18314426,0.009615483,nan,nan,nan,nan,nan
537880575,537880318,0.18794028,-0.18314426,0.009615483,nan,nan,nan,nan,nan
537976605,537976382,0.18794028,-0.18314426,0.009615483,nan,nan,nan,nan,nan
538080063,538079834,0.18913934,-0.1819452,0.009615483,nan,nan,nan,nan,nan
538176122,538175898,0.18913934,-0.1819452,0.009615483,nan,nan,nan,nan,nan
538279587,538279350,0.18794028,-0.18314426,0.009615483,nan,nan,nan,nan,nan
538375640,538375413,0.18913934,-0.1819452,0.009615483,nan,nan,nan,nan,nan
538479090,538478866,0.18794028,-0.18314426,0.009615483,nan,nan,nan,nan,nan
538580083,538579855,0.18794028,-0.18314426,0.009615483,nan,nan,nan,nan,nan
538678606,538678382,0.18913934,-0.1819452,0.009615483,nan,nan,nan,nan,nan
538779594,538779371,0.18794028,-0.18314426,0.009615483,nan,nan,nan,nan,nan
538878122,538877898,0.18913934,-0.1819452,0.009615483,nan,nan,nan,nan,nan
538979112,538978887,0.18794028,-0.18314426,0.009615483,nan,nan,nan,nan,nan
539077646,539077413,0.18794028,-0.18314426,0.009615483,nan,nan,nan,nan,nan
539178626,539178403,0.18913934,-0.1819452,0.009615483,nan,nan,nan,nan,nan
539279626,539279392,0.18794028,-0.18314426,0.009615483,nan,nan,nan,nan,nan
539378149,539377919,0.18794028,-0.18314426,0.009615483,nan,nan,nan,nan,nan
539479133,539478908,0.18794028,-0.18314426,0.009615483,nan,nan,nan,nan,nan
539577660,539577435,0.18794028,-0.18314426,0.009615483,nan,nan,nan,nan,nan
539678648,539678424,0.18794028,-0.18314426,0.009615483,nan,nan,nan,nan,nan
539777216,539776951,0.18794028,-0.18314426,0.009615483,nan,nan,nan,nan,nan
539878163,539877940,0.18794028,-0.18314426,0.009615483,nan,nan,nan,nan,nan
539979153,539978930,0.18794028,-0.18314426,0.009615483,nan,nan,nan,nan,nan
540077682,540077456,0.18794028,-0.18314426,0.009615483,nan,nan,nan,nan,nan
540178674,540178446,0.18913934,-0.1819452,0.009615483,nan,nan,nan,nan,nan
540277216,540276974,0.18913934,-0.1819452,0.009615483,nan,nan,nan,nan,nan
540378186,540377962,0.18794028,-0.18314426,0.009615483,nan,nan,nan,nan,nan
540476715,540476488,0.18794028,-0.18314426,0.009615483,nan,nan,nan,nan,nan
540577705,540577477,0.18913934,-0.1819452,0.009615483,nan,nan,nan,nan,nan
540678698,540678467,0.18913934,-0.1819452,0.009615483,nan,nan,nan,nan,nan
540777220,540776993,0.18794028,-0.18314426,0.009615483,nan,nan,nan,nan,nan
540878225,540877983,0.18794028,-0.18314426,0.009615483,nan,nan,nan,nan,nan
540976736,540976509,0.18794028,-0.18314426,0.009615483,nan,nan,nan,nan,nan
541077736,541077499,0.18794028,-0.18314426,0.009615483,nan,nan,nan,nan,nan
541176251,541176025,0.18794028,-0.18314426,0.009615483,nan,nan,nan,nan,nan
541277243,541277015,0.18794028,-0.18314426,0.009615483,nan,nan,nan,nan,nan
541380696,541380468,0.18794028,-0.18314426,0.009615483,nan,nan,nan,nan,nan
541476759,541476532,0.18913934,-0.1819452,0.009615483,nan,nan,nan,nan,nan
541580206,541579984,0.18794028,-0.18314426,0.009615483,nan,nan,nan,nan,nan
541676274,541676047,0.18794028,-0.18314426,0.009615483,nan,nan,nan,nan,nan
541779732,541779500,0.18794028,-0.18314426,0.009615483,nan,nan,nan,nan,nan
541875790,541875563,0.18794028,-0.18314426,0.009615483,nan,nan,nan,nan,nan
541979244,541979016,0.18794028,-0.18314426,0.009615483,nan,nan,nan,nan,nan
542080254,542080006,0.18794028,-0.18314426,0.009615483,nan,nan,nan,nan,nan
542178759,542178532,0.18794028,-0.18314426,0.009615483,nan,nan,nan,nan,nan
542279750,542279521,0.18794028,-0.18314426,0.009615483,nan,nan,nan,nan,nan
542378278,542378048,0.18794028,-0.18314426,0.009615483,nan,nan,nan,nan,nan
542479263,542479038,0.18794028,-0.18314426,0.009615483,nan,nan,nan,nan,nan
542577808,542577564,0.18913934,-0.1819452,0.009615483,nan,nan,nan,nan,nan
542678780,542678554,0.18794028,-0.18314426,0.009615483,nan,nan,nan,nan,nan
542777307,542777080,0.18794028,-0.18314426,0.009615483,nan,nan,nan,nan,nan
542878298,542878071,0.18913934,-0.1819452,0.009615483,nan,nan,nan,nan,nan
542979282,542979059,0.18794028,-0.18314426,0.009615483,nan,nan,nan,nan,nan
543077811,543077586,0.18913934,-0.1819452,0.009615483,nan,nan,nan,nan,nan
543178803,543178575,0.18794028,-0.18314426,0.009615483,nan,nan,nan,nan,nan
543277354,543277102,0.18913934,-0.1819452,0.009615483,nan,nan,nan,nan,nan
543378317,543378092,0.18913934,-0.1819452,0.009615483,nan,nan,nan,nan,nan
543479305,543479081,0.18913934,-0.1819452,0.009615483,nan,nan,nan,nan,nan
543577835,543577608,0.18794028,-0.18314426,0.009615483,nan,nan,nan,nan,nan
543678824,543678597,0.18794028,-0.18314426,0.009615483,nan,nan,nan,nan,nan
543777348,543777124,0.18913934,-0.1819452,0.009615483,nan,nan,nan,nan,nan
543878338,543878114,0.18794028,-0.18314426,0.009615483,nan,nan,nan,nan,nan
543976869,543976640,0.18794028,-0.18314426,0.009615483,nan,nan,nan,nan,nan
544077854,544077630,0.18794028,-0.18314426,0.009615483,nan,nan,nan,nan,nan
544178846,544178619,0.18794028,-0.18314426,0.009615483,nan,nan,nan,nan,nan
544277380,544277146,0.18794028,-0.18314426,0.009615483,nan,nan,nan,nan,nan
544378386,544378136,0.18794028,-0.18314426,0.009615483,nan,nan,nan,nan,nan
544476892,544476662,0.18794028,-0.18314426,0.009615483,nan,nan,nan,nan,nan
544577877,544577652,0.18913934,-0.1819452,0.009615483,nan,nan,nan,nan,nan
544676402,544676178,0.18913934,-0.1819452,0.009615483,nan,nan,nan,nan,nan
544777395,544777168,0.18794028,-0.18314426,0.009615483,nan,nan,nan,nan,nan
544878429,544878158,0.18794028,-0.18314426,0.009615483,nan,nan,nan,nan,nan
544976917,544976684,0.18794028,-0.18314426,0.009615483,nan,nan,nan,nan,nan
545077929,545077674,0.18913934,-0.1819452,0.009615483,nan,nan,nan,nan,nan
545176445,545176201,0.18913934,-0.1819452,0.009615483,nan,nan,nan,nan,nan
545277474,545277190,0.18913934,-0.1819452,0.009615483,nan,nan,nan,nan,nan
545375943,545375717,0.18794028,-0.18314426,0.009615483,nan,nan,nan,nan,nan
545476966,545476706,0.18794028,-0.18314426,0.009615483,nan,nan,nan,nan,nan
545580419,545580159,0.18794028,-0.18314426,0.009615483,nan,nan,nan,nan,nan
545676476,545676223,0.18794028,-0.18314426,0.009615483,nan,nan,nan,nan,nan
545779900,545779676,0.18913934,-0.1819452,0.009615483,nan,nan,nan,nan,nan
545875994,545875739,0.18794028,-0.18314426,0.009615483,nan,nan,nan,nan,nan
545979415,545979192,0.18913934,-0.1819452,0.009615483,nan,nan,nan,nan,nan
546075533,546075255,0.18794028,-0.18314426,0.009615483,nan,nan,nan,nan,nan
546178933,546178708,0.18794028,-0.18314426,0.009615483,nan,nan,nan,nan,nan
546279950,546279698,0.18794028,-0.18314426,0.009615483,nan,nan,nan,nan,nan
546378448,546378224,0.18794028,-0.18314426,0.009615483,nan,nan,nan,nan,nan
546479451,546479214,0.18913934,-0.1819452,0.009615483,nan,nan,nan,nan,nan
546573041,546572814,0.18794028,-0.18314426,0.009615483,nan,nan,nan,nan,nan
546678973,546678730,0.18794028,-0.18314426,0.009615483,nan,nan,nan,nan,nan
546777534,546777257,0.18794028,-0.18314426,0.009615483,nan,nan,nan,nan,nan
546878485,546878247,0.18794028,-0.18314426,0.009615483,nan,nan,nan,nan,nan
546979462,546979236,0.18794028,-0.18314426,0.009615483,nan,nan,nan,nan,nan
547078005,547077763,0.18794028,-0.18314426,0.009615483,nan,nan,nan,nan,nan
547178978,547178753,0.18794028,-0.18314426,0.009615483,nan,nan,nan,nan,nan
547277524,547277279,0.18794028,-0.18314426,0.009615483,nan,nan,nan,nan,nan
547378493,547378269,0.18794028,-0.18314426,0.009615483,nan,nan,nan,nan,nan
547477037,547476795,0.18794028,-0.18314426,0.009615483,nan,nan,nan,nan,nan
547578011,547577785,0.18913934,-0.1819452,0.009615483,nan,nan,nan,nan,nan
547679014,547678775,0.18913934,-0.1819452,0.009615483,nan,nan,nan,nan,nan
547777529,547777301,0.18794028,-0.18314426,0.009615483,nan,nan,nan,nan,nan
547878534,547878291,0.18794028,-0.18314426,0.009615483,nan,nan,nan,nan,nan
547977057,547976817,0.18794028,-0.18314426,0.009615483,nan,nan,nan,nan,nan
548078048,548077807,0.18794028,-0.18314426,0.009615483,nan,nan,nan,nan,nan
548176558,548176333,0.18794028,-0.18314426,0.009615483,nan,nan,nan,nan,nan
548277570,548277323,0.18913934,-0.1819452,0.009615483,nan,nan,nan,nan,nan
548378538,548378313,0.18794028,-0.18314426,0.009615483,nan,nan,nan,nan,nan
548477082,548476839,0.18794028,-0.18314426,0.009615483,nan,nan,nan,nan,nan
548578053,548577829,0.18794028,-0.18314426,0.009615483,nan,nan,nan,nan,nan
548676597,548676355,0.18794028,-0.18314426,0.009615483,nan,nan,nan,nan,nan
548777571,548777345,0.18794028,-0.18314426,0.009615483,nan,nan,nan,nan,nan
548876114,548875872,0.18794028,-0.18314426,0.009615483,nan,nan,nan,nan,nan
548977088,548976861,0.18913934,-0.1819452,0.009615483,nan,nan,nan,nan,nan
549080568,549080314,0.18794028,-0.18314426,0.009615483,nan,nan,nan,nan,nan
549176602,549176377,0.18794028,-0.18314426,0.009615483,nan,nan,nan,nan,nan
549280089,549279830,0.18794028,-0.18314426,0.009615483,nan,nan,nan,nan,nan
549376117,549375893,0.18794028,-0.18314426,0.009615483,nan,nan,nan,nan,nan
549479596,549479346,0.18794028,-0.18314426,0.009615483,nan,nan,nan,nan,nan
549575644,549575409,0.18913934,-0.1819452,0.009615483,nan,nan,nan,nan,nan
549679104,549678862,0.18794028,-0.18314426,0.009615483,nan,nan,nan,nan,nan
549780075,549779852,0.18794028,-0.18314426,0.009615483,nan,nan,nan,nan,nan
549878620,549878378,0.18794028,-0.18314426,0.009615483,nan,nan,nan,nan,nan
549979591,549979368,0.18794028,-0.18314426,0.009615483,nan,nan,nan,nan,nan
550078135,550077894,0.18794028,-0.18314426,0.009615483,nan,nan,nan,nan,nan
550179107,550178884,0.18794028,-0.18314426,0.009615483,nan,nan,nan,nan,nan
550277653,550277410,0.18794028,-0.18314426,0.009615483,nan,nan,nan,nan,nan
550378623,550378400,0.18794028,-0.18314426,0.009615483,nan,nan,nan,nan,nan
550477166,550476926,0.18794028,-0.18314426,0.009615483,nan,nan,nan,nan,nan
550578159,550577916,0.18794028,-0.18314426,0.009615483,nan,nan,nan,nan,nan
550679145,550678905,0.18794028,-0.18314426,0.009615483,nan,nan,nan,nan,nan
550777656,550777431,0.18913934,-0.1819452,0.009615483,nan,nan,nan,nan,nan
550878704,550878421,0.18794028,-0.18314426,0.009615483,nan,nan,nan,nan,nan
550977182,550976948,0.18794028,-0.18314426,0.009615483,nan,nan,nan,nan,nan
551078182,551077937,0.18794028,-0.18314426,0.009615483,nan,nan,nan,nan,nan
551179154,551178927,0.18794028,-0.18314426,0.009615483,nan,nan,nan,nan,nan
551277697,551277453,0.18794028,-0.18314426,0.009615483,nan,nan,nan,nan,nan
551378672,551378443,0.18794028,-0.18314426,0.009615483,nan,nan,nan,nan,nan
551477213,551476970,0.18794028,-0.18314426,0.009615483,nan,nan,nan,nan,nan
551578183,551577959,0.18794028,-0.18314426,0.009615483,nan,nan,nan,nan,nan
551676729,551676486,0.18794028,-0.18314426,0.009615483,nan,nan,nan,nan,nan
551777704,551777475,0.18794028,-0.18314426,0.009615483,nan,nan,nan,nan,nan
551878714,551878465,0.18794028,-0.18314426,0.009615483,nan,nan,nan,nan,nan
551977216,551976992,0.18913934,-0.1819452,0.009615483,nan,nan,nan,nan,nan
552078235,552077981,0.18794028,-0.18314426,0.009615483,nan,nan,nan,nan,nan
552176735,552176508,0.18794028,-0.18314426,0.009615483,nan,nan,nan,nan,nan
552277744,552277497,0.18794028,-0.18314426,0.009615483,nan,nan,nan,nan,nan
552376248,552376024,0.18913934,-0.1819452,0.009615483,nan,nan,nan,nan,nan
552477242,552477014,0.18913934,-0.1819452,0.009615483,nan,nan,nan,nan,nan
552580696,552580466,0.18794028,-0.18314426,0.009615483,nan,nan,nan,nan,nan
552676774,552676530,0.18794028,-0.18314426,0.009615483,nan,nan,nan,nan,nan
552780208,552779982,0.18913934,-0.1819452,0.009615483,nan,nan,nan,nan,nan
552876273,552876046,0.18794028,-0.18314426,0.009615483,nan,nan,nan,nan,nan
552979732,552979499,0.18794028,-0.18314426,0.009615483,nan,nan,nan,nan,nan
553075792,553075562,0.18794028,-0.18314426,0.009615483,nan,nan,nan,nan,nan
553179244,553179015,0.18794028,-0.18314426,0.009615483,nan,nan,nan,nan,nan
553280231,553280007,0.18794028,-0.18314426,0.009615483,nan,nan,nan,nan,nan
553378758,553378531,0.18794028,-0.18314426,0.009615483,nan,nan,nan,nan,nan
553479746,553479521,0.18794028,-0.18314426,0.009615483,nan,nan,nan,nan,nan
553578276,553578047,0.18794028,-0.18314426,0.009615483,nan,nan,nan,nan,nan
553679262,553679037,0.18794028,-0.18314426,0.009615483,nan,nan,nan,nan,nan
553777793,553777563,0.18794028,-0.18314426,0.009615483,nan,nan,nan,nan,nan
553878793,553878553,0.18794028,-0.18314426,0.009615483,nan,nan,nan,nan,nan
553977306,553977079,0.18794028,-0.18314426,0.009615483,nan,nan,nan,nan,nan
554078294,554078069,0.18794028,-0.18314426,0.009615483,nan,nan,nan,nan,nan
554179283,554179059,0.18794028,-0.18314426,0.009615483,nan,nan,nan,nan,nan
554277812,554277585,0.18913934,-0.1819452,0.009615483,nan,nan,nan,nan,nan
554378816,554378575,0.18794028,-0.18314426,0.009615483,nan,nan,nan,nan,nan
554477329,554477101,0.18794028,-0.18314426,0.009615483,nan,nan,nan,nan,nan
554578314,554578091,0.18794028,-0.18314426,0.009615483,nan,nan,nan,nan,nan
554679306,554679081,0.18794028,-0.18314426,0.009615483,nan,nan,nan,nan,nan
554777833,554777607,0.18794028,-0.18314426,0.009615483,nan,nan,nan,nan,nan
554878821,554878597,0.18794028,-0.18314426,0.009615483,nan,nan,nan,nan,nan
554977347,554977123,0.18794028,-0.18314426,0.009615483,nan,nan,nan,nan,nan
555078336,555078113,0.18913934,-0.1819452,0.009615483,nan,nan,nan,nan,nan
555176869,555176640,0.18794028,-0.18314426,0.009615483,nan,nan,nan,nan,nan
555277859,555277630,0.18794028,-0.18314426,0.009615483,nan,nan,nan,nan,nan
555378848,555378619,0.18794028,-0.18314426,0.009615483,nan,nan,nan,nan,nan
555477402,555477146,0.18794028,-0.18314426,0.009615483,nan,nan,nan,nan,nan
555578443,555578136,0.18794028,-0.18314426,0.009615483,nan,nan,nan,nan,nan
555676888,555676662,0.18794028,-0.18314426,0.009615483,nan,nan,nan,nan,nan
555777876,555777652,0.18794028,-0.18314426,0.009615483,nan,nan,nan,nan,nan
555876405,555876178,0.18794028,-0.18314426,0.009615483,nan,nan,nan,nan,nan
555977393,555977168,0.18794028,-0.18314426,0.009615483,nan,nan,nan,nan,nan
556080848,556080621,0.18794028,-0.18314426,0.009615483,nan,nan,nan,nan,nan
556176930,556176684,0.18794028,-0.18314426,0.009615483,nan,nan,nan,nan,nan
556280362,556280137,0.18794028,-0.18314426,0.009615483,nan,nan,nan,nan,nan
556376426,556376201,0.18794028,-0.18314426,0.009615483,nan,nan,nan,nan,nan
556479880,556479654,0.18794028,-0.18314426,0.009615483,nan,nan,nan,nan,nan
556575949,556575717,0.18913934,-0.1819452,0.009615483,nan,nan,nan,nan,nan
556679397,556679170,0.18794028,-0.18314426,0.009615483,nan,nan,nan,nan,nan
556780383,556780160,0.18794028,-0.18314426,0.009615483,nan,nan,nan,nan,nan
556876449,556876223,0.18913934,-0.1819452,0.009615483,nan,nan,nan,nan,nan
556979901,556979676,0.18794028,-0.18314426,0.009615483,nan,nan,nan,nan,nan
557075969,557075740,0.18794028,-0.18314426,0.009615483,nan,nan,nan,nan,nan
557179417,557179192,0.18794028,-0.18314426,0.009615483,nan,nan,nan,nan,nan
557275481,557275256,0.18794028,-0.18314426,0.009615483,nan,nan,nan,nan,nan
557378949,557378709,0.18794028,-0.18314426,0.009615483,nan,nan,nan,nan,nan
557479926,557479699,0.18794028,-0.18314426,0.009615483,nan,nan,nan,nan,nan
557578450,557578225,0.18794028,-0.18314426,0.009615483,nan,nan,nan,nan,nan
557679438,557679215,0.18794028,-0.18314426,0.009615483,nan,nan,nan,nan,nan
557777968,557777742,0.18794028,-0.18314426,0.009615483,nan,nan,nan,nan,nan
557878971,557878731,0.18794028,-0.18314426,0.009615483,nan,nan,nan,nan,nan
557977483,557977258,0.18794028,-0.18314426,0.009615483,nan,nan,nan,nan,nan
558078471,558078248,0.18794028,-0.18314426,0.009615483,nan,nan,nan,nan,nan
558177000,558176774,0.18794028,-0.18314426,0.009615483,nan,nan,nan,nan,nan
558277990,558277764,0.18794028,-0.18314426,0.009615483,nan,nan,nan,nan,nan
558378978,558378754,0.18913934,-0.1819452,0.009615483,nan,nan,nan,nan,nan
558477508,558477280,0.18794028,-0.18314426,0.009615483,nan,nan,nan,nan,nan
558578527,558578270,0.18794028,-0.18314426,0.009615483,nan,nan,nan,nan,nan
558677023,558676797,0.18794028,-0.18314426,0.009615483,nan,nan,nan,nan,nan
558778011,558777786,0.18794028,-0.18314426,0.009615483,nan,nan,nan,nan,nan
558879001,558878776,0.18794028,-0.18314426,0.009615483,nan,nan,nan,nan,nan
558977530,558977303,0.18794028,-0.18314426,0.009615483,nan,nan,nan,nan,nan
559078538,559078293,0.18794028,-0.18314426,0.009615483,nan,nan,nan,nan,nan
559177047,559176819,0.18913934,-0.1819452,0.009615483,nan,nan,nan,nan,nan
559278052,559277809,0.18794028,-0.18314426,0.009615483,nan,nan,nan,nan,nan
559376559,559376335,0.18794028,-0.18314426,0.009615483,nan,nan,nan,nan,nan
559477554,559477325,0.18913934,-0.1819452,0.009615483,nan,nan,nan,nan,nan
559578542,559578315,0.18794028,-0.18314426,0.009615483,nan,nan,nan,nan,nan
559677068,559676841,0.18794028,-0.18314426,0.009615483,nan,nan,nan,nan,nan
559778056,559777831,0.18794028,-0.18314426,0.009615483,nan,nan,nan,nan,nan
559876581,559876358,0.18794028,-0.18314426,0.009615483,nan,nan,nan,nan,nan
559977575,559977347,0.18794028,-0.18314426,0.009615483,nan,nan,nan,nan,nan
560076102,560075874,0.18794028,-0.18314426,0.009615483,nan,nan,nan,nan,nan
560177092,560176864,0.18913934,-0.1819452,0.009615483,nan,nan,nan,nan,nan
560280553,560280316,0.18794028,-0.18314426,0.009615483,nan,nan,nan,nan,nan
560376605,560376380,0.18794028,-0.18314426,0.009615483,nan,nan,nan,nan,nan
560480074,560479833,0.18794028,-0.18314426,0.009615483,nan,nan,nan,nan,nan
560576122,560575897,0.18794028,-0.18314426,0.009615483,nan,nan,nan,nan,nan
560679578,560679349,0.18794028,-0.18314426,0.009615483,nan,nan,nan,nan,nan
560775637,560775412,0.18794028,-0.18314426,0.009615483,nan,nan,nan,nan,nan
560879091,560878865,0.18794028,-0.18314426,0.009615483,nan,nan,nan,nan,nan
560980097,560979855,0.18794028,-0.18314426,0.009615483,nan,nan,nan,nan,nan
561078606,561078381,0.18674125,-0.1843433,0.0072116363,nan,nan,nan,nan,nan
561179596,561179371,0.16631144,-0.2047731,0.00480779,nan,nan,nan,nan,nan
561278122,561277898,0.16030183,-0.2107827,0.0024039438,nan,nan,nan,nan,nan
561379113,561378887,0.15549414,-0.2155904,0.0072116363,nan,nan,nan,nan,nan
561477640,561477414,0.14467682,-0.22640772,0.0072116363,nan,nan,nan,nan,nan
561578629,561578404,0.13265759,-0.23842695,-0.0023979573,nan,nan,nan,nan,nan
561679617,561679393,0.11702101,-0.24442498,-0.0071941204,nan,nan,nan,nan,nan
561778148,561777920,0.11583067,-0.25525388,-0.009592202,nan,nan,nan,nan,nan
561879133,561878909,0.3399271,-0.4793503,-0.014388366,nan,nan,nan,nan,nan
561977662,561977436,0.58329487,-0.7179104,-0.014388366,nan,nan,nan,nan,nan
562078654,562078426,0.6881171,-0.8251365,-0.014388366,nan,nan,nan,nan,nan
562177193,562176952,0.7544082,-0.91306216,-0.0071941204,nan,nan,nan,nan,nan
562278168,562277942,0.7111158,-0.93707746,-0.0023979573,nan,nan,nan,nan,nan
562379156,562378931,-0.187874,0.15662389,0.00480779,nan,nan,nan,nan,nan
562477686,562477458,-0.9894706,0.8909128,0.0072116363,nan,nan,nan,nan,nan
562578677,562578447,-1.0,0.8979748,0.0072116363,nan,nan,nan,nan,nan
562677199,562676974,-1.0,0.9135998,0.0072116363,nan,nan,nan,nan,nan
562778191,562777964,-1.0,0.85005885,0.0072116363,nan,nan,nan,nan,nan
562876717,562876490,-0.35041845,0.40077806,-0.004796039,nan,nan,nan,nan,nan
562977710,562977480,0.27030045,0.7009227,-0.026378773,nan,nan,nan,nan,nan
563078700,563078469,0.4066641,0.56455904,-0.026378773,nan,nan,nan,nan,nan
563177220,563176996,0.49043092,0.48079225,-0.019184528,nan,nan,nan,nan,nan
563278212,563277986,0.4425493,0.5286739,-0.014388366,nan,nan,nan,nan,nan
563376740,563376513,0.1717518,0.051269718,1.2433156e-07,nan,nan,nan,nan,nan
563477732,563477502,-0.082631506,-0.3332341,0.0024039438,nan,nan,nan,nan,nan
563576254,563576028,-0.27108434,-0.7289159,0.00480779,nan,nan,nan,nan,nan
563677244,563677018,-0.3120482,-0.68795204,0.00480779,nan,nan,nan,nan,nan
563780695,563780471,-0.30240965,-0.6975906,0.0024039438,nan,nan,nan,nan,nan
563876760,563876534,0.529411,-0.94046897,-0.009592202,nan,nan,nan,nan,nan
563980273,563979987,0.8870194,-1.0,-0.011990284,nan,nan,nan,nan,nan
564076274,564076050,0.9062502,-1.0,-0.0023979573,nan,nan,nan,nan,nan
564179735,564179503,0.5383983,-0.47365025,0.0024039438,nan,nan,nan,nan,nan
564275792,564275566,0.18792874,-0.17833653,0.0024039438,nan,nan,nan,nan,nan
564379249,564379019,0.1867297,-0.17953557,-0.043165345,nan,nan,nan,nan,nan
564480256,564480008,0.18553065,-0.18073462,-0.1390886,nan,nan,nan,nan,nan
564578762,564578535,0.18553065,-0.18073462,-0.7697841,nan,nan,nan,nan,nan
564679757,564679525,0.18553065,-0.18073462,-0.97122294,nan,nan,nan,nan,nan
564778279,564778051,0.18553065,-0.18073462,-0.97122294,nan,nan,nan,nan,nan
564879268,564879041,0.18553065,-0.18073462,-0.17505983,nan,nan,nan,nan,nan
564972886,564972641,0.1867297,-0.17953557,0.54326934,nan,nan,nan,nan,nan
565078782,565078557,0.18792874,-0.17833653,1.0,nan,nan,nan,nan,nan
565177306,565177083,0.1867297,-0.17953557,0.6346155,nan,nan,nan,nan,nan
565278296,565278073,0.18794028,-0.18314426,-0.13669053,nan,nan,nan,nan,nan
565379290,565379062,0.18553065,-0.18073462,-0.14628285,nan,nan,nan,nan,nan
565477816,565477589,0.18553065,-0.18073462,0.009615483,nan,nan,nan,nan,nan
565578809,565578579,0.18553065,-0.18073462,0.009615483,nan,nan,nan,nan,nan
565677367,565677107,0.18553065,-0.18073462,0.009615483,nan,nan,nan,nan,nan
565778339,565778095,0.1867297,-0.17953557,0.009615483,nan,nan,nan,nan,nan
565879328,565879084,0.18553065,-0.18073462,0.009615483,nan,nan,nan,nan,nan
565977836,565977611,0.18553065,-0.18073462,0.009615483,nan,nan,nan,nan,nan
566078826,566078600,0.18553065,-0.18073462,0.009615483,nan,nan,nan,nan,nan
566177352,566177127,0.18553065,-0.18073462,0.009615483,nan,nan,nan,nan,nan
566278357,566278116,0.18553065,-0.18073462,0.009615483,nan,nan,nan,nan,nan
566376869,566376643,0.18553065,-0.18073462,0.009615483,nan,nan,nan,nan,nan
566477856,566477632,0.18553065,-0.18073462,0.009615483,nan,nan,nan,nan,nan
566578846,566578622,0.1867297,-0.17953557,0.009615483,nan,nan,nan,nan,nan
566677384,566677148,0.1867297,-0.17953557,0.009615483,nan,nan,nan,nan,nan
566778364,566778138,0.18553065,-0.18073462,0.009615483,nan,nan,nan,nan,nan
566876892,566876664,0.1867297,-0.17953557,0.009615483,nan,nan,nan,nan,nan
566977878,566977654,0.18792874,-0.17833653,0.009615483,nan,nan,nan,nan,nan
567076407,567076180,0.18553065,-0.18073462,0.009615483,nan,nan,nan,nan,nan
567177400,567177170,1.0,-0.5000001,-0.45451856,nan,nan,nan,nan,nan
567280856,567280623,1.0,-0.5000001,-0.4241086,nan,nan,nan,nan,nan
567376920,567376686,1.0,-0.5000001,-0.37337333,nan,nan,nan,nan,nan
567477925,567477675,1.0,-0.5000001,-0.3578874,nan,nan,nan,nan,nan
567576432,567576202,1.0,-0.5000001,-0.34191167,nan,nan,nan,nan,nan
567679886,567679655,1.0,-0.5000001,-0.29760212,nan,nan,nan,nan,nan
567775952,567775718,1.0,-0.5000001,-0.24876936,nan,nan,nan,nan,nan
567879404,567879171,1.0,-0.5000001,-0.17751737,nan,nan,nan,nan,nan
567980403,567980160,1.0,-0.5000001,-0.04887722,nan,nan,nan,nan,nan
568076454,568076223,1.0,-0.5000001,0.15689778,nan,nan,nan,nan,nan
568179907,568179676,1.0,-0.40770066,0.36201507,nan,nan,nan,nan,nan
568275972,568275739,1.0,-0.542273,0.4458871,nan,nan,nan,nan,nan
568379420,568379192,0.9471901,-0.5755325,0.36578318,nan,nan,nan,nan,nan
568475489,568475255,0.7481883,-0.5733189,0.25961426,nan,nan,nan,nan,nan
568578939,568578708,0.48488298,-0.33033428,0.06015814,nan,nan,nan,nan,nan
568679927,568679697,0.30975932,-0.015545586,-0.14184406,nan,nan,nan,nan,nan
568778455,568778224,0.25503153,0.30332738,-0.32596394,nan,nan,nan,nan,nan
568879444,568879213,0.3559685,0.58155805,-0.33569384,nan,nan,nan,nan,nan
568977971,568977739,0.33352768,0.66647255,-0.2597173,nan,nan,nan,nan,nan
569071572,569071340,0.28845447,0.71154577,-0.18027282,nan,nan,nan,nan,nan
569177500,569177255,0.34474063,0.6552596,-0.13307971,nan,nan,nan,nan,nan
569278475,569278245,0.5037266,0.49627364,-0.15507244,nan,nan,nan,nan,nan
569379467,569379234,0.68656117,0.31343907,-0.16611561,nan,nan,nan,nan,nan
569477992,569477760,0.87507534,0.12492493,-0.08154427,nan,nan,nan,nan,nan
569578982,569578750,1.0,-0.09836674,0.02754313,nan,nan,nan,nan,nan
569677511,569677276,1.0,-0.27078015,0.11266686,nan,nan,nan,nan,nan
569778498,569778266,1.0,-0.41239935,0.19394694,nan,nan,nan,nan,nan
569877026,569876792,1.0,-0.5000001,0.17999488,nan,nan,nan,nan,nan
569978013,569977781,1.0,-0.5000001,0.16075511,nan,nan,nan,nan,nan
570076538,570076308,1.0,-0.5000001,0.13531683,nan,nan,nan,nan,nan
570177533,570177297,1.0,-0.5000001,0.09171165,nan,nan,nan,nan,nan
570278519,570278287,1.0,-0.5000001,0.07552219,nan,nan,nan,nan,nan
570377061,570376813,1.0,-0.5000001,0.057652663,nan,nan,nan,nan,nan
570478037,570477802,1.0,-0.5000001,-0.040328313,nan,nan,nan,nan,nan
570576572,570576329,1.0,-0.5000001,-0.17810778,nan,nan,nan,nan,nan
570677587,570677318,1.0,-0.5000001,-0.24704865,nan,nan,nan,nan,nan
570778543,570778308,1.0,-0.5000001,-0.26258555,nan,nan,nan,nan,nan
570877073,570876834,1.0,-0.5000001,-0.2809786,nan,nan,nan,nan,nan
570978060,570977823,1.0,-0.5000001,-0.38695255,nan,nan,nan,nan,nan
571076589,571076350,1.0,-0.5000001,-0.39514294,nan,nan,nan,nan,nan
571177575,571177339,1.0,-0.5000001,-0.37625155,nan,nan,nan,nan,nan
571276103,571275865,1.0,-0.5000001,-0.40330327,nan,nan,nan,nan,nan
571377094,571376855,1.0,-0.5000001,-0.4034547,nan,nan,nan,nan,nan
571480560,571480307,1.0,-0.5000001,-0.39444506,nan,nan,nan,nan,nan
