timestamp,timestamp_sample,control[0],control[1],control[2],control[3],control[4],control[5],control[6],control[7],control[8],control[9],control[10],control[11],reversible_flags
152795267,152795145,nan,nan,nan,nan,nan,nan,nan,nan,nan,nan,nan,nan,0
152797760,152797638,nan,nan,nan,nan,nan,nan,nan,nan,nan,nan,nan,nan,0
152897522,152897398,nan,nan,nan,nan,nan,nan,nan,nan,nan,nan,nan,nan,0
152997283,152997159,nan,nan,nan,nan,nan,nan,nan,nan,nan,nan,nan,nan,0
153097042,153096919,nan,nan,nan,nan,nan,nan,nan,nan,nan,nan,nan,nan,0
153196800,153196679,nan,nan,nan,nan,nan,nan,nan,nan,nan,nan,nan,nan,0
153296561,153296439,nan,nan,nan,nan,nan,nan,nan,nan,nan,nan,nan,nan,0
153396324,153396199,nan,nan,nan,nan,nan,nan,nan,nan,nan,nan,nan,nan,0
153496081,153495959,nan,nan,nan,nan,nan,nan,nan,nan,nan,nan,nan,nan,0
153595841,153595719,nan,nan,nan,nan,nan,nan,nan,nan,nan,nan,nan,nan,0
153698095,153697973,nan,nan,nan,nan,nan,nan,nan,nan,nan,nan,nan,nan,0
153795360,153795239,nan,nan,nan,nan,nan,nan,nan,nan,nan,nan,nan,nan,0
153897610,153897493,nan,nan,nan,nan,nan,nan,nan,nan,nan,nan,nan,nan,0
153994891,153994759,nan,nan,nan,nan,nan,nan,nan,nan,nan,nan,nan,nan,0
154097131,154097013,nan,nan,nan,nan,nan,nan,nan,nan,nan,nan,nan,nan,0
154199386,154199267,nan,nan,nan,nan,nan,nan,nan,nan,nan,nan,nan,nan,0
154296652,154296533,nan,nan,nan,nan,nan,nan,nan,nan,nan,nan,nan,nan,0
154398936,154398787,nan,nan,nan,nan,nan,nan,nan,nan,nan,nan,nan,nan,0
154496172,154496053,nan,nan,nan,nan,nan,nan,nan,nan,nan,nan,nan,nan,0
154598423,154598307,nan,nan,nan,nan,nan,nan,nan,nan,nan,nan,nan,nan,0
154695693,154695574,nan,nan,nan,nan,nan,nan,nan,nan,nan,nan,nan,nan,0
154797949,154797828,nan,nan,nan,nan,nan,nan,nan,nan,nan,nan,nan,nan,0
154897720,154897588,nan,nan,nan,nan,nan,nan,nan,nan,nan,nan,nan,nan,0
154997465,154997348,nan,nan,nan,nan,nan,nan,nan,nan,nan,nan,nan,nan,0
155097228,155097108,nan,nan,nan,nan,nan,nan,nan,nan,nan,nan,nan,nan,0
155196986,155196868,nan,nan,nan,nan,nan,nan,nan,nan,nan,nan,nan,nan,0
155296751,155296634,nan,nan,nan,nan,nan,nan,nan,nan,nan,nan,nan,nan,0
155396507,155396388,nan,nan,nan,nan,nan,nan,nan,nan,nan,nan,nan,nan,0
155496269,155496148,nan,nan,nan,nan,nan,nan,nan,nan,nan,nan,nan,nan,0
155598517,155598402,nan,nan,nan,nan,nan,nan,nan,nan,nan,nan,nan,nan,0
155695789,155695668,nan,nan,nan,nan,nan,nan,nan,nan,nan,nan,nan,nan,0
155798040,155797922,nan,nan,nan,nan,nan,nan,nan,nan,nan,nan,nan,nan,0
155895306,155895189,nan,nan,nan,nan,nan,nan,nan,nan,nan,nan,nan,nan,0
155997572,155997443,nan,nan,nan,nan,nan,nan,nan,nan,nan,nan,nan,nan,0
156094826,156094709,nan,nan,nan,nan,nan,nan,nan,nan,nan,nan,nan,nan,0
156197078,156196963,nan,nan,nan,nan,nan,nan,nan,nan,nan,nan,nan,nan,0
156299343,156299217,nan,nan,nan,nan,nan,nan,nan,nan,nan,nan,nan,nan,0
156396614,156396483,nan,nan,nan,nan,nan,nan,nan,nan,nan,nan,nan,nan,0
156498863,156498737,nan,nan,nan,nan,nan,nan,nan,nan,nan,nan,nan,nan,0
156596149,156596004,nan,nan,nan,nan,nan,nan,nan,nan,nan,nan,nan,nan,0
156698542,156698258,nan,nan,nan,nan,nan,nan,nan,nan,nan,nan,nan,nan,0
156795644,156795524,nan,nan,nan,nan,nan,nan,nan,nan,nan,nan,nan,nan,0
156898044,156897778,nan,nan,nan,nan,nan,nan,nan,nan,nan,nan,nan,nan,0
156995160,156995044,nan,nan,nan,nan,nan,nan,nan,nan,nan,nan,nan,nan,0
157097534,157097298,nan,nan,nan,nan,nan,nan,nan,nan,nan,nan,nan,nan,0
157197176,157197058,nan,nan,nan,nan,nan,nan,nan,nan,nan,nan,nan,nan,0
157297035,157296818,nan,nan,nan,nan,nan,nan,nan,nan,nan,nan,nan,nan,0
157396698,157396579,nan,nan,nan,nan,nan,nan,nan,nan,nan,nan,nan,nan,0
157496531,157496339,nan,nan,nan,nan,nan,nan,nan,nan,nan,nan,nan,nan,0
157596238,157596099,nan,nan,nan,nan,nan,nan,nan,nan,nan,nan,nan,nan,0
157696032,157695859,nan,nan,nan,nan,nan,nan,nan,nan,nan,nan,nan,nan,0
157795742,157795619,nan,nan,nan,nan,nan,nan,nan,nan,nan,nan,nan,nan,0
157897990,157897874,nan,nan,nan,nan,nan,nan,nan,nan,nan,nan,nan,nan,0
157995258,157995140,nan,nan,nan,nan,nan,nan,nan,nan,nan,nan,nan,nan,0
158097510,158097394,nan,nan,nan,nan,nan,nan,nan,nan,nan,nan,nan,nan,0
158194777,158194660,0.036945846,nan,nan,nan,nan,nan,nan,nan,nan,nan,nan,nan,0
158297054,158296914,0.06527095,nan,nan,nan,nan,nan,nan,nan,nan,nan,nan,nan,0
158399286,158399168,0.10591137,nan,nan,nan,nan,nan,nan,nan,nan,nan,nan,nan,0
158496563,158496435,0.11945816,nan,nan,nan,nan,nan,nan,nan,nan,nan,nan,nan,0
158598806,158598689,0.13300495,nan,nan,nan,nan,nan,nan,nan,nan,nan,nan,nan,0
158696071,158695955,0.1576355,nan,nan,nan,nan,nan,nan,nan,nan,nan,nan,nan,0
158798327,158798209,0.1674877,nan,nan,nan,nan,nan,nan,nan,nan,nan,nan,nan,0
158895595,158895475,0.16625617,nan,nan,nan,nan,nan,nan,nan,nan,nan,nan,nan,0
158997852,158997729,0.21059115,nan,nan,nan,nan,nan,nan,nan,nan,nan,nan,nan,0
159097608,159097490,0.24753697,nan,nan,nan,nan,nan,nan,nan,nan,nan,nan,nan,0
159197367,159197250,0.24753697,nan,nan,nan,nan,nan,nan,nan,nan,nan,nan,nan,0
159297138,159297010,0.24630542,nan,nan,nan,nan,nan,nan,nan,nan,nan,nan,nan,0
159396891,159396771,0.26970443,nan,nan,nan,nan,nan,nan,nan,nan,nan,nan,nan,0
159499144,159499025,0.3509852,nan,nan,nan,nan,nan,nan,nan,nan,nan,nan,nan,0
159596408,159596291,0.3509852,nan,nan,nan,nan,nan,nan,nan,nan,nan,nan,nan,0
159696173,159696051,0.3509852,nan,nan,nan,nan,nan,nan,nan,nan,nan,nan,nan,0
159798422,159798305,0.3509852,nan,nan,nan,nan,nan,nan,nan,nan,nan,nan,nan,0
159895689,159895572,0.37068966,nan,nan,nan,nan,nan,nan,nan,nan,nan,nan,nan,0
159997946,159997826,0.39408866,nan,nan,nan,nan,nan,nan,nan,nan,nan,nan,nan,0
160095211,160095092,0.39408866,nan,nan,nan,nan,nan,nan,nan,nan,nan,nan,nan,0
160197462,160197347,0.39408866,nan,nan,nan,nan,nan,nan,nan,nan,nan,nan,nan,0
160294741,160294613,0.4039409,nan,nan,nan,nan,nan,nan,nan,nan,nan,nan,nan,0
160396985,160396867,0.41748768,nan,nan,nan,nan,nan,nan,nan,nan,nan,nan,nan,0
160499239,160499121,0.4150246,nan,nan,nan,nan,nan,nan,nan,nan,nan,nan,nan,0
160596502,160596387,0.4150246,nan,nan,nan,nan,nan,nan,nan,nan,nan,nan,nan,0
160698760,160698642,0.43103448,nan,nan,nan,nan,nan,nan,nan,nan,nan,nan,nan,0
160796025,160795908,0.44458127,nan,nan,nan,nan,nan,nan,nan,nan,nan,nan,nan,0
160898285,160898164,0.4544335,nan,nan,nan,nan,nan,nan,nan,nan,nan,nan,nan,0
160995543,160995428,0.4544335,nan,nan,nan,nan,nan,nan,nan,nan,nan,nan,nan,0
161097802,161097683,0.45566502,nan,nan,nan,nan,nan,nan,nan,nan,nan,nan,nan,0
161200055,161199937,0.47536945,nan,nan,nan,nan,nan,nan,nan,nan,nan,nan,nan,0
161297319,161297203,0.48399013,nan,nan,nan,nan,nan,nan,nan,nan,nan,nan,nan,0
161397083,161396964,0.48768473,nan,nan,nan,nan,nan,nan,nan,nan,nan,nan,nan,0
161496841,161496724,0.48768473,nan,nan,nan,nan,nan,nan,nan,nan,nan,nan,nan,0
161596611,161596484,0.49999997,nan,nan,nan,nan,nan,nan,nan,nan,nan,nan,nan,0
161696363,161696244,0.49999997,nan,nan,nan,nan,nan,nan,nan,nan,nan,nan,nan,0
161796124,161796004,0.49999997,nan,nan,nan,nan,nan,nan,nan,nan,nan,nan,nan,0
161898377,161898259,0.49999997,nan,nan,nan,nan,nan,nan,nan,nan,nan,nan,nan,0
161995645,161995525,0.50614244,nan,nan,nan,nan,nan,nan,nan,nan,nan,nan,nan,0
162097895,162097779,0.51965594,nan,nan,nan,nan,nan,nan,nan,nan,nan,nan,nan,0
162195168,162195046,0.5245699,nan,nan,nan,nan,nan,nan,nan,nan,nan,nan,nan,0
162297415,162297300,0.5233415,nan,nan,nan,nan,nan,nan,nan,nan,nan,nan,nan,0
162394686,162394566,0.5233415,nan,nan,nan,nan,nan,nan,nan,nan,nan,nan,nan,0
162496938,162496820,0.53439796,nan,nan,nan,nan,nan,nan,nan,nan,nan,nan,nan,0
162599191,162599074,0.54176897,nan,nan,nan,nan,nan,nan,nan,nan,nan,nan,nan,0
162696459,162696341,0.54545444,nan,nan,nan,nan,nan,nan,nan,nan,nan,nan,nan,0
162798714,162798595,0.5503685,nan,nan,nan,nan,nan,nan,nan,nan,nan,nan,nan,0
162895979,162895861,0.56019646,nan,nan,nan,nan,nan,nan,nan,nan,nan,nan,nan,0
162998233,162998116,0.56019646,nan,nan,nan,nan,nan,nan,nan,nan,nan,nan,nan,0
163095499,163095382,0.56756747,nan,nan,nan,nan,nan,nan,nan,nan,nan,nan,nan,0
163197754,163197636,0.578624,nan,nan,nan,nan,nan,nan,nan,nan,nan,nan,nan,0
163300009,163299890,0.590909,nan,nan,nan,nan,nan,nan,nan,nan,nan,nan,nan,0
163397276,163397157,0.59828,nan,nan,nan,nan,nan,nan,nan,nan,nan,nan,nan,0
163499529,163499411,0.60687953,nan,nan,nan,nan,nan,nan,nan,nan,nan,nan,nan,0
163596797,163596677,0.60933656,nan,nan,nan,nan,nan,nan,nan,nan,nan,nan,nan,0
163696576,163696438,0.61670756,nan,nan,nan,nan,nan,nan,nan,nan,nan,nan,nan,0
163796318,163796198,0.6240786,nan,nan,nan,nan,nan,nan,nan,nan,nan,nan,nan,0
163898569,163898452,0.63022107,nan,nan,nan,nan,nan,nan,nan,nan,nan,nan,nan,0
163998328,163998212,0.6437346,nan,nan,nan,nan,nan,nan,nan,nan,nan,nan,nan,0
164095598,164095478,0.6597051,nan,nan,nan,nan,nan,nan,nan,nan,nan,nan,nan,0
164197852,164197732,0.6842751,nan,nan,nan,nan,nan,nan,nan,nan,nan,nan,nan,0
164295117,164294999,0.69778866,nan,nan,nan,nan,nan,nan,nan,nan,nan,nan,nan,0
164397412,164397253,0.70147413,nan,nan,nan,nan,nan,nan,nan,nan,nan,nan,nan,0
164494642,164494519,0.7076166,nan,nan,nan,nan,nan,nan,nan,nan,nan,nan,nan,0
164596901,164596773,0.7113021,nan,nan,nan,nan,nan,nan,nan,nan,nan,nan,nan,0
164699160,164699027,0.71621615,nan,nan,nan,nan,nan,nan,nan,nan,nan,nan,nan,0
164796427,164796293,0.71744466,nan,nan,nan,nan,nan,nan,nan,nan,nan,nan,nan,0
164898677,164898547,0.72113013,nan,nan,nan,nan,nan,nan,nan,nan,nan,nan,nan,0
164995940,164995813,0.7260441,nan,nan,nan,nan,nan,nan,nan,nan,nan,nan,nan,0
165098188,165098067,0.73587215,nan,nan,nan,nan,nan,nan,nan,nan,nan,nan,nan,0
165195459,165195334,0.75061417,nan,nan,nan,nan,nan,nan,nan,nan,nan,nan,nan,0
165297708,165297588,0.7518427,nan,nan,nan,nan,nan,nan,nan,nan,nan,nan,nan,0
165400104,165399841,0.7530712,nan,nan,nan,nan,nan,nan,nan,nan,nan,nan,nan,0
165497235,165497108,0.7530712,nan,nan,nan,nan,nan,nan,nan,nan,nan,nan,nan,0
165599567,165599362,0.7542997,nan,nan,nan,nan,nan,nan,nan,nan,nan,nan,nan,0
165696763,165696629,0.7604422,nan,nan,nan,nan,nan,nan,nan,nan,nan,nan,nan,0
165799088,165798882,0.7665847,nan,nan,nan,nan,nan,nan,nan,nan,nan,nan,nan,0
165896267,165896148,0.7665847,nan,nan,nan,nan,nan,nan,nan,nan,nan,nan,nan,0
165998559,165998402,0.7665847,nan,nan,nan,nan,nan,nan,nan,nan,nan,nan,nan,0
166098280,166098162,0.7714987,nan,nan,nan,nan,nan,nan,nan,nan,nan,nan,nan,0
166198057,166197922,0.7751842,nan,nan,nan,nan,nan,nan,nan,nan,nan,nan,nan,0
166297798,166297681,0.7751842,nan,nan,nan,nan,nan,nan,nan,nan,nan,nan,nan,0
166397629,166397441,0.77641267,nan,nan,nan,nan,nan,nan,nan,nan,nan,nan,nan,0
166497319,166497201,0.77764124,nan,nan,nan,nan,nan,nan,nan,nan,nan,nan,nan,0
166597079,166596961,0.77641267,nan,nan,nan,nan,nan,nan,nan,nan,nan,nan,nan,0
166696837,166696721,0.77641267,nan,nan,nan,nan,nan,nan,nan,nan,nan,nan,nan,0
166799097,166798975,0.77641267,nan,nan,nan,nan,nan,nan,nan,nan,nan,nan,nan,0
166896359,166896241,0.77641267,nan,nan,nan,nan,nan,nan,nan,nan,nan,nan,nan,0
166998612,166998495,0.77641267,nan,nan,nan,nan,nan,nan,nan,nan,nan,nan,nan,0
167095880,167095761,0.77641267,nan,nan,nan,nan,nan,nan,nan,nan,nan,nan,nan,0
167198134,167198015,0.77641267,nan,nan,nan,nan,nan,nan,nan,nan,nan,nan,nan,0
167295397,167295280,0.77641267,nan,nan,nan,nan,nan,nan,nan,nan,nan,nan,nan,0
167397716,167397535,0.77641267,nan,nan,nan,nan,nan,nan,nan,nan,nan,nan,nan,0
167499910,167499788,0.77641267,nan,nan,nan,nan,nan,nan,nan,nan,nan,nan,nan,0
167597177,167597054,0.77641267,nan,nan,nan,nan,nan,nan,nan,nan,nan,nan,nan,0
167699439,167699307,0.77641267,nan,nan,nan,nan,nan,nan,nan,nan,nan,nan,nan,0
167796691,167796573,0.77641267,nan,nan,nan,nan,nan,nan,nan,nan,nan,nan,nan,0
167898959,167898827,0.77641267,nan,nan,nan,nan,nan,nan,nan,nan,nan,nan,nan,0
167996212,167996093,0.77641267,nan,nan,nan,nan,nan,nan,nan,nan,nan,nan,nan,0
168098484,168098346,0.77641267,nan,nan,nan,nan,nan,nan,nan,nan,nan,nan,nan,0
168198225,168198106,0.77641267,nan,nan,nan,nan,nan,nan,nan,nan,nan,nan,nan,0
168297985,168297866,0.77641267,nan,nan,nan,nan,nan,nan,nan,nan,nan,nan,nan,0
168397746,168397626,0.77641267,nan,nan,nan,nan,nan,nan,nan,nan,nan,nan,nan,0
168497508,168497385,0.77641267,nan,nan,nan,nan,nan,nan,nan,nan,nan,nan,nan,0
168597262,168597145,0.77641267,nan,nan,nan,nan,nan,nan,nan,nan,nan,nan,nan,0
168697025,168696905,0.77641267,nan,nan,nan,nan,nan,nan,nan,nan,nan,nan,nan,0
168796781,168796664,0.77641267,nan,nan,nan,nan,nan,nan,nan,nan,nan,nan,nan,0
168899041,168898920,0.77641267,nan,nan,nan,nan,nan,nan,nan,nan,nan,nan,nan,0
168996303,168996183,0.77641267,nan,nan,nan,nan,nan,nan,nan,nan,nan,nan,nan,0
169098557,169098436,0.77641267,nan,nan,nan,nan,nan,nan,nan,nan,nan,nan,nan,0
169195821,169195702,0.77641267,nan,nan,nan,nan,nan,nan,nan,nan,nan,nan,nan,0
169298074,169297955,0.77641267,nan,nan,nan,nan,nan,nan,nan,nan,nan,nan,nan,0
169395346,169395221,0.77641267,nan,nan,nan,nan,nan,nan,nan,nan,nan,nan,nan,0
169497600,169497474,0.77641267,nan,nan,nan,nan,nan,nan,nan,nan,nan,nan,nan,0
169599852,169599728,0.77641267,nan,nan,nan,nan,nan,nan,nan,nan,nan,nan,nan,0
169697114,169696993,0.77641267,nan,nan,nan,nan,nan,nan,nan,nan,nan,nan,nan,0
169799364,169799247,0.77641267,nan,nan,nan,nan,nan,nan,nan,nan,nan,nan,nan,0
169896636,169896512,0.77641267,nan,nan,nan,nan,nan,nan,nan,nan,nan,nan,nan,0
169998881,169998766,0.77641267,nan,nan,nan,nan,nan,nan,nan,nan,nan,nan,nan,0
170096153,170096031,0.77641267,nan,nan,nan,nan,nan,nan,nan,nan,nan,nan,nan,0
170198407,170198285,0.77641267,nan,nan,nan,nan,nan,nan,nan,nan,nan,nan,nan,0
170298160,170298044,0.77641267,nan,nan,nan,nan,nan,nan,nan,nan,nan,nan,nan,0
170397924,170397803,0.77641267,nan,nan,nan,nan,nan,nan,nan,nan,nan,nan,nan,0
170497684,170497563,0.77641267,nan,nan,nan,nan,nan,nan,nan,nan,nan,nan,nan,0
170597442,170597322,0.77641267,nan,nan,nan,nan,nan,nan,nan,nan,nan,nan,nan,0
170697201,170697082,0.77641267,nan,nan,nan,nan,nan,nan,nan,nan,nan,nan,nan,0
170796959,170796841,0.77641267,nan,nan,nan,nan,nan,nan,nan,nan,nan,nan,nan,0
170896719,170896600,0.77641267,nan,nan,nan,nan,nan,nan,nan,nan,nan,nan,nan,0
170998973,170998854,0.77641267,nan,nan,nan,nan,nan,nan,nan,nan,nan,nan,nan,0
171096237,171096119,0.77641267,nan,nan,nan,nan,nan,nan,nan,nan,nan,nan,nan,0
171198502,171198372,0.77641267,nan,nan,nan,nan,nan,nan,nan,nan,nan,nan,nan,0
171295754,171295638,0.77641267,nan,nan,nan,nan,nan,nan,nan,nan,nan,nan,nan,0
171398010,171397891,0.7751842,nan,nan,nan,nan,nan,nan,nan,nan,nan,nan,nan,0
171495272,171495156,0.77641267,nan,nan,nan,nan,nan,nan,nan,nan,nan,nan,nan,0
171597539,171597409,0.77641267,nan,nan,nan,nan,nan,nan,nan,nan,nan,nan,nan,0
171699780,171699662,0.7751842,nan,nan,nan,nan,nan,nan,nan,nan,nan,nan,nan,0
171797048,171796927,0.7751842,nan,nan,nan,nan,nan,nan,nan,nan,nan,nan,nan,0
171899297,171899181,0.7751842,nan,nan,nan,nan,nan,nan,nan,nan,nan,nan,nan,0
171996563,171996446,0.77641267,nan,nan,nan,nan,nan,nan,nan,nan,nan,nan,nan,0
172098817,172098699,0.77641267,nan,nan,nan,nan,nan,nan,nan,nan,nan,nan,nan,0
172196082,172195964,0.77641267,nan,nan,nan,nan,nan,nan,nan,nan,nan,nan,nan,0
172298334,172298217,0.77641267,nan,nan,nan,nan,nan,nan,nan,nan,nan,nan,nan,0
172398097,172397976,0.77641267,nan,nan,nan,nan,nan,nan,nan,nan,nan,nan,nan,0
172497859,172497735,0.77641267,nan,nan,nan,nan,nan,nan,nan,nan,nan,nan,nan,0
172597616,172597494,0.77641267,nan,nan,nan,nan,nan,nan,nan,nan,nan,nan,nan,0
172697381,172697254,0.77641267,nan,nan,nan,nan,nan,nan,nan,nan,nan,nan,nan,0
172798562,172798326,0.77641267,nan,nan,nan,nan,nan,nan,nan,nan,nan,nan,nan,0
172894608,172894378,0.77641267,nan,nan,nan,nan,nan,nan,nan,nan,nan,nan,nan,0
172998048,172997819,0.77641267,nan,nan,nan,nan,nan,nan,nan,nan,nan,nan,nan,0
173099088,173098797,0.77641267,nan,nan,nan,nan,nan,nan,nan,nan,nan,nan,nan,0
173197565,173197312,0.77641267,nan,nan,nan,nan,nan,nan,nan,nan,nan,nan,nan,0
173298545,173298290,0.77641267,nan,nan,nan,nan,nan,nan,nan,nan,nan,nan,nan,0
173397032,173396805,0.77641267,nan,nan,nan,nan,nan,nan,nan,nan,nan,nan,nan,0
173498033,173497783,0.77641267,nan,nan,nan,nan,nan,nan,nan,nan,nan,nan,nan,0
173596525,173596298,0.77641267,nan,nan,nan,nan,nan,nan,nan,nan,nan,nan,nan,0
173697520,173697276,0.77641267,nan,nan,nan,nan,nan,nan,nan,nan,nan,nan,nan,0
173798495,173798253,0.77641267,nan,nan,nan,nan,nan,nan,nan,nan,nan,nan,nan,0
173897011,173896768,0.77641267,nan,nan,nan,nan,nan,nan,nan,nan,nan,nan,nan,0
173997975,173997746,0.77641267,nan,nan,nan,nan,nan,nan,nan,nan,nan,nan,nan,0
174096505,174096261,0.77641267,nan,nan,nan,nan,nan,nan,nan,nan,nan,nan,nan,0
174197485,174197238,0.77641267,nan,nan,nan,nan,nan,nan,nan,nan,nan,nan,nan,0
174295999,174295753,0.77641267,nan,nan,nan,nan,nan,nan,nan,nan,nan,nan,nan,0
174396967,174396731,0.77641267,nan,nan,nan,nan,nan,nan,nan,nan,nan,nan,nan,0
174497960,174497708,0.77641267,nan,nan,nan,nan,nan,nan,nan,nan,nan,nan,nan,0
174596472,174596223,0.77641267,nan,nan,nan,nan,nan,nan,nan,nan,nan,nan,nan,0
174697464,174697200,0.77641267,nan,nan,nan,nan,nan,nan,nan,nan,nan,nan,nan,0
174795941,174795715,0.77641267,nan,nan,nan,nan,nan,nan,nan,nan,nan,nan,nan,0
174896923,174896694,0.77641267,nan,nan,nan,nan,nan,nan,nan,nan,nan,nan,nan,0
174995439,174995207,0.77641267,nan,nan,nan,nan,nan,nan,nan,nan,nan,nan,nan,0
175096412,175096185,0.77641267,nan,nan,nan,nan,nan,nan,nan,nan,nan,nan,nan,0
175199853,175199625,0.77641267,nan,nan,nan,nan,nan,nan,nan,nan,nan,nan,nan,0
175295909,175295677,0.77641267,nan,nan,nan,nan,nan,nan,nan,nan,nan,nan,nan,0
175399346,175399117,0.77641267,nan,nan,nan,nan,nan,nan,nan,nan,nan,nan,nan,0
175495397,175495169,0.77641267,nan,nan,nan,nan,nan,nan,nan,nan,nan,nan,nan,0
175598838,175598609,0.77641267,nan,nan,nan,nan,nan,nan,nan,nan,nan,nan,nan,0
175694894,175694661,0.77641267,nan,nan,nan,nan,nan,nan,nan,nan,nan,nan,nan,0
175798330,175798101,0.77641267,nan,nan,nan,nan,nan,nan,nan,nan,nan,nan,nan,0
175899306,175899079,0.77641267,nan,nan,nan,nan,nan,nan,nan,nan,nan,nan,nan,0
175997821,175997593,0.77641267,nan,nan,nan,nan,nan,nan,nan,nan,nan,nan,nan,0
176098800,176098570,0.77641267,nan,nan,nan,nan,nan,nan,nan,nan,nan,nan,nan,0
176197313,176197085,0.77641267,nan,nan,nan,nan,nan,nan,nan,nan,nan,nan,nan,0
176298366,176298062,0.77641267,nan,nan,nan,nan,nan,nan,nan,nan,nan,nan,nan,0
176396803,176396576,0.77641267,nan,nan,nan,nan,nan,nan,nan,nan,nan,nan,nan,0
176497785,176497553,0.77641267,nan,nan,nan,nan,nan,nan,nan,nan,nan,nan,nan,0
176598756,176598531,0.77641267,nan,nan,nan,nan,nan,nan,nan,nan,nan,nan,nan,0
176697271,176697045,0.77641267,nan,nan,nan,nan,nan,nan,nan,nan,nan,nan,nan,0
176798252,176798022,0.77641267,nan,nan,nan,nan,nan,nan,nan,nan,nan,nan,nan,0
176896766,176896536,0.77641267,nan,nan,nan,nan,nan,nan,nan,nan,nan,nan,nan,0
176997740,176997513,0.77641267,nan,nan,nan,nan,nan,nan,nan,nan,nan,nan,nan,0
177096259,177096028,0.77641267,nan,nan,nan,nan,nan,nan,nan,nan,nan,nan,nan,0
177197247,177197005,0.77641267,nan,nan,nan,nan,nan,nan,nan,nan,nan,nan,nan,0
177298257,177297982,0.77641267,nan,nan,nan,nan,nan,nan,nan,nan,nan,nan,nan,0
177396722,177396496,0.77641267,nan,nan,nan,nan,nan,nan,nan,nan,nan,nan,nan,0
177497709,177497473,0.77641267,nan,nan,nan,nan,nan,nan,nan,nan,nan,nan,nan,0
177596227,177595987,0.77641267,nan,nan,nan,nan,nan,nan,nan,nan,nan,nan,nan,0
177697192,177696964,0.77641267,nan,nan,nan,nan,nan,nan,nan,nan,nan,nan,nan,0
177795707,177795478,0.77641267,nan,nan,nan,nan,nan,nan,nan,nan,nan,nan,nan,0
177896691,177896455,0.77641267,nan,nan,nan,nan,nan,nan,nan,nan,nan,nan,nan,0
177997664,177997432,0.77641267,nan,nan,nan,nan,nan,nan,nan,nan,nan,nan,nan,0
178096175,178095946,0.77641267,nan,nan,nan,nan,nan,nan,nan,nan,nan,nan,nan,0
178197167,178196923,0.77641267,nan,nan,nan,nan,nan,nan,nan,nan,nan,nan,nan,0
178295669,178295437,0.77641267,nan,nan,nan,nan,nan,nan,nan,nan,nan,nan,nan,0
178396644,178396413,0.77641267,nan,nan,nan,nan,nan,nan,nan,nan,nan,nan,nan,0
178495153,178494927,0.77641267,nan,nan,nan,nan,nan,nan,nan,nan,nan,nan,nan,0
178598595,178598367,0.77641267,nan,nan,nan,nan,nan,nan,nan,nan,nan,nan,nan,0
178699572,178699344,0.7751842,nan,nan,nan,nan,nan,nan,nan,nan,nan,nan,nan,0
178795624,178795395,0.7751842,nan,nan,nan,nan,nan,nan,nan,nan,nan,nan,nan,0
178899062,178898835,0.7751842,nan,nan,nan,nan,nan,nan,nan,nan,nan,nan,nan,0
178995132,178994886,0.7751842,nan,nan,nan,nan,nan,nan,nan,nan,nan,nan,nan,0
179098563,179098325,0.7751842,nan,nan,nan,nan,nan,nan,nan,nan,nan,nan,nan,0
179194635,179194377,0.7751842,nan,nan,nan,nan,nan,nan,nan,nan,nan,nan,nan,0
179298043,179297816,0.7751842,nan,nan,nan,nan,nan,nan,nan,nan,nan,nan,nan,0
179399022,179398793,0.7751842,nan,nan,nan,nan,nan,nan,nan,nan,nan,nan,nan,0
179497545,179497306,0.7751842,nan,nan,nan,nan,nan,nan,nan,nan,nan,nan,nan,0
179598521,179598283,0.7751842,nan,nan,nan,nan,nan,nan,nan,nan,nan,nan,nan,0
179697024,179696797,0.7751842,nan,nan,nan,nan,nan,nan,nan,nan,nan,nan,nan,0
179798005,179797773,0.7751842,nan,nan,nan,nan,nan,nan,nan,nan,nan,nan,nan,0
179896518,179896287,0.7751842,nan,nan,nan,nan,nan,nan,nan,nan,nan,nan,nan,0
179997491,179997264,0.7751842,nan,nan,nan,nan,nan,nan,nan,nan,nan,nan,nan,0
180098487,180098240,0.7751842,nan,nan,nan,nan,nan,nan,nan,nan,nan,nan,nan,0
180196998,180196754,0.7751842,nan,nan,nan,nan,nan,nan,nan,nan,nan,nan,nan,0
180297958,180297730,0.7751842,nan,nan,nan,nan,nan,nan,nan,nan,nan,nan,nan,0
180396472,180396244,0.7751842,nan,nan,nan,nan,nan,nan,nan,nan,nan,nan,nan,0
180497450,180497220,0.7751842,nan,nan,nan,nan,nan,nan,nan,nan,nan,nan,nan,0
180595965,180595734,0.77641267,nan,nan,nan,nan,nan,nan,nan,nan,nan,nan,nan,0
180696939,180696710,0.7751842,nan,nan,nan,nan,nan,nan,nan,nan,nan,nan,nan,0
180797933,180797687,0.7751842,nan,nan,nan,nan,nan,nan,nan,nan,nan,nan,nan,0
180896427,180896200,0.7751842,nan,nan,nan,nan,nan,nan,nan,nan,nan,nan,nan,0
180997443,180997176,0.77641267,nan,nan,nan,nan,nan,nan,nan,nan,nan,nan,nan,0
181095917,181095690,0.7751842,nan,nan,nan,nan,nan,nan,nan,nan,nan,nan,nan,0
181196983,181196670,0.7751842,nan,nan,nan,nan,nan,nan,nan,nan,nan,nan,nan,0
181295409,181295180,0.77641267,nan,nan,nan,nan,nan,nan,nan,nan,nan,nan,nan,0
181396398,181396156,0.77641267,nan,nan,nan,nan,nan,nan,nan,nan,nan,nan,nan,0
181499824,181499596,0.77641267,nan,nan,nan,nan,nan,nan,nan,nan,nan,nan,nan,0
181595890,181595646,0.77641267,nan,nan,nan,nan,nan,nan,nan,nan,nan,nan,nan,0
181699313,181699085,0.77641267,nan,nan,nan,nan,nan,nan,nan,nan,nan,nan,nan,0
181795375,181795135,0.77641267,nan,nan,nan,nan,nan,nan,nan,nan,nan,nan,nan,0
181898802,181898574,0.77641267,nan,nan,nan,nan,nan,nan,nan,nan,nan,nan,nan,0
181994875,181994625,0.77641267,nan,nan,nan,nan,nan,nan,nan,nan,nan,nan,nan,0
182098309,182098064,0.7751842,nan,nan,nan,nan,nan,nan,nan,nan,nan,nan,nan,0
182199285,182199040,0.7751842,nan,nan,nan,nan,nan,nan,nan,nan,nan,nan,nan,0
182297783,182297553,0.7751842,nan,nan,nan,nan,nan,nan,nan,nan,nan,nan,nan,0
182398762,182398529,0.77641267,nan,nan,nan,nan,nan,nan,nan,nan,nan,nan,nan,0
182497274,182497043,0.77641267,nan,nan,nan,nan,nan,nan,nan,nan,nan,nan,nan,0
182598248,182598019,0.7751842,nan,nan,nan,nan,nan,nan,nan,nan,nan,nan,nan,0
182696763,182696532,0.7751842,nan,nan,nan,nan,nan,nan,nan,nan,nan,nan,nan,0
182797749,182797508,0.7751842,nan,nan,nan,nan,nan,nan,nan,nan,nan,nan,nan,0
182896252,182896022,0.77641267,nan,nan,nan,nan,nan,nan,nan,nan,nan,nan,nan,0
182997227,182996998,0.77641267,nan,nan,nan,nan,nan,nan,nan,nan,nan,nan,nan,0
183098204,183097974,0.77641267,nan,nan,nan,nan,nan,nan,nan,nan,nan,nan,nan,0
183196736,183196487,0.77641267,nan,nan,nan,nan,nan,nan,nan,nan,nan,nan,nan,0
183297696,183297463,0.77641267,nan,nan,nan,nan,nan,nan,nan,nan,nan,nan,nan,0
183396203,183395977,0.77641267,nan,nan,nan,nan,nan,nan,nan,nan,nan,nan,nan,0
183497184,183496953,0.77641267,nan,nan,nan,nan,nan,nan,nan,nan,nan,nan,nan,0
183598158,183597929,0.77641267,nan,nan,nan,nan,nan,nan,nan,nan,nan,nan,nan,0
183696709,183696442,0.77641267,nan,nan,nan,nan,nan,nan,nan,nan,nan,nan,nan,0
183797650,183797418,0.77641267,nan,nan,nan,nan,nan,nan,nan,nan,nan,nan,nan,0
183896159,183895932,0.77641267,nan,nan,nan,nan,nan,nan,nan,nan,nan,nan,nan,0
183997137,183996908,0.77641267,nan,nan,nan,nan,nan,nan,nan,nan,nan,nan,nan,0
184095651,184095421,0.77641267,nan,nan,nan,nan,nan,nan,nan,nan,nan,nan,nan,0
184196645,184196397,0.77641267,nan,nan,nan,nan,nan,nan,nan,nan,nan,nan,nan,0
184297599,184297373,0.7751842,nan,nan,nan,nan,nan,nan,nan,nan,nan,nan,nan,0
184396113,184395886,0.77641267,nan,nan,nan,nan,nan,nan,nan,nan,nan,nan,nan,0
184499552,184499325,0.77641267,nan,nan,nan,nan,nan,nan,nan,nan,nan,nan,nan,0
184595608,184595376,0.77641267,nan,nan,nan,nan,nan,nan,nan,nan,nan,nan,nan,0
184696605,184696352,0.7751842,nan,nan,nan,nan,nan,nan,nan,nan,nan,nan,nan,0
184795114,184794865,0.77641267,nan,nan,nan,nan,nan,nan,nan,nan,nan,nan,nan,0
184898538,184898303,0.77641267,nan,nan,nan,nan,nan,nan,nan,nan,nan,nan,nan,0
184999515,184999279,0.77641267,nan,nan,nan,nan,nan,nan,nan,nan,nan,nan,nan,0
185098061,185097792,0.7751842,nan,nan,nan,nan,nan,nan,nan,nan,nan,nan,nan,0
185199015,185198768,0.7751842,nan,nan,nan,nan,nan,nan,nan,nan,nan,nan,nan,0
185297513,185297282,0.77641267,nan,nan,nan,nan,nan,nan,nan,nan,nan,nan,nan,0
185398487,185398257,0.7911547,nan,nan,nan,nan,nan,nan,nan,nan,nan,nan,nan,0
185497001,185496771,0.7948402,nan,nan,nan,nan,nan,nan,nan,nan,nan,nan,nan,0
185597993,185597747,0.79852575,nan,nan,nan,nan,nan,nan,nan,nan,nan,nan,nan,0
185698976,185698722,0.79852575,nan,nan,nan,nan,nan,nan,nan,nan,nan,nan,nan,0
185797465,185797236,0.79852575,nan,nan,nan,nan,nan,nan,nan,nan,nan,nan,nan,0
185898440,185898211,0.8022112,nan,nan,nan,nan,nan,nan,nan,nan,nan,nan,nan,0
185996954,185996725,0.8071253,nan,nan,nan,nan,nan,nan,nan,nan,nan,nan,nan,0
186097932,186097700,0.8083537,nan,nan,nan,nan,nan,nan,nan,nan,nan,nan,nan,0
186196440,186196213,0.80958223,nan,nan,nan,nan,nan,nan,nan,nan,nan,nan,nan,0
186297418,186297189,0.80958223,nan,nan,nan,nan,nan,nan,nan,nan,nan,nan,nan,0
186398398,186398165,0.8120392,nan,nan,nan,nan,nan,nan,nan,nan,nan,nan,nan,0
186496910,186496678,0.81326777,nan,nan,nan,nan,nan,nan,nan,nan,nan,nan,nan,0
186597887,186597654,0.81326777,nan,nan,nan,nan,nan,nan,nan,nan,nan,nan,nan,0
186696459,186696168,0.81326777,nan,nan,nan,nan,nan,nan,nan,nan,nan,nan,nan,0
186797374,186797142,0.81326777,nan,nan,nan,nan,nan,nan,nan,nan,nan,nan,nan,0
186895886,186895655,0.81326777,nan,nan,nan,nan,nan,nan,nan,nan,nan,nan,nan,0
186996861,186996631,0.81326777,nan,nan,nan,nan,nan,nan,nan,nan,nan,nan,nan,0
187097840,187097607,0.81326777,nan,nan,nan,nan,nan,nan,nan,nan,nan,nan,nan,0
187196368,187196120,0.81326777,nan,nan,nan,nan,nan,nan,nan,nan,nan,nan,nan,0
187297321,187297095,0.81326777,nan,nan,nan,nan,nan,nan,nan,nan,nan,nan,nan,0
187395836,187395608,0.81326777,nan,nan,nan,nan,nan,nan,nan,nan,nan,nan,nan,0
187496814,187496584,0.81326777,nan,nan,nan,nan,nan,nan,nan,nan,nan,nan,nan,0
187595353,187595097,0.81326777,nan,nan,nan,nan,nan,nan,nan,nan,nan,nan,nan,0
187696299,187696072,0.81326777,nan,nan,nan,nan,nan,nan,nan,nan,nan,nan,nan,0
187799740,187799511,0.81326777,nan,nan,nan,nan,nan,nan,nan,nan,nan,nan,nan,0
187895791,187895561,0.81326777,nan,nan,nan,nan,nan,nan,nan,nan,nan,nan,nan,0
187999228,187999000,0.81326777,nan,nan,nan,nan,nan,nan,nan,nan,nan,nan,nan,0
188095285,188095050,0.81326777,nan,nan,nan,nan,nan,nan,nan,nan,nan,nan,nan,0
188198738,188198488,0.81326777,nan,nan,nan,nan,nan,nan,nan,nan,nan,nan,nan,0
188294769,188294538,0.81326777,nan,nan,nan,nan,nan,nan,nan,nan,nan,nan,nan,0
188398207,188397977,0.81326777,nan,nan,nan,nan,nan,nan,nan,nan,nan,nan,nan,0
188499211,188498953,0.81326777,nan,nan,nan,nan,nan,nan,nan,nan,nan,nan,nan,0
188597701,188597465,0.8144962,nan,nan,nan,nan,nan,nan,nan,nan,nan,nan,nan,0
188698753,188698441,0.8144962,nan,nan,nan,nan,nan,nan,nan,nan,nan,nan,nan,0
188797193,188796954,0.81572473,nan,nan,nan,nan,nan,nan,nan,nan,nan,nan,nan,0
188898173,188897930,0.81572473,nan,nan,nan,nan,nan,nan,nan,nan,nan,nan,nan,0
188996674,188996443,0.8144962,nan,nan,nan,nan,nan,nan,nan,nan,nan,nan,nan,0
189097665,189097419,0.8144962,nan,nan,nan,nan,nan,nan,nan,nan,nan,nan,nan,0
189198640,189198394,0.8144962,nan,nan,nan,nan,nan,nan,nan,nan,nan,nan,nan,0
189297150,189296907,0.8144962,nan,nan,nan,nan,nan,nan,nan,nan,nan,nan,nan,0
189398112,189397883,0.8144962,nan,nan,nan,nan,nan,nan,nan,nan,nan,nan,nan,0
189496648,189496395,0.59656775,nan,nan,nan,nan,nan,nan,nan,nan,nan,nan,nan,0
189597598,189597371,0.60765386,nan,nan,nan,nan,nan,nan,nan,nan,nan,nan,nan,0
189696125,189695884,0.61873555,nan,nan,nan,nan,nan,nan,nan,nan,nan,nan,nan,0
189797088,189796859,0.62981266,nan,nan,nan,nan,nan,nan,nan,nan,nan,nan,nan,0
189898082,189897838,0.64201766,nan,nan,nan,nan,nan,nan,nan,nan,nan,nan,nan,0
189996573,189996347,0.65308726,nan,nan,nan,nan,nan,nan,nan,nan,nan,nan,nan,0
190097571,190097323,0.6642126,nan,nan,nan,nan,nan,nan,nan,nan,nan,nan,nan,0
190196081,190195836,0.6752572,nan,nan,nan,nan,nan,nan,nan,nan,nan,nan,nan,0
190297041,190296811,0.6863363,nan,nan,nan,nan,nan,nan,nan,nan,nan,nan,nan,0
190395551,190395324,0.69741905,nan,nan,nan,nan,nan,nan,nan,nan,nan,nan,nan,0
190496527,190496300,0.70961964,nan,nan,nan,nan,nan,nan,nan,nan,nan,nan,nan,0
190595039,190594812,0.7206954,nan,nan,nan,nan,nan,nan,nan,nan,nan,nan,nan,0
190696012,190695788,0.72492117,nan,nan,nan,nan,nan,nan,nan,nan,nan,nan,nan,0
190799458,190799226,0.73600006,nan,nan,nan,nan,nan,nan,nan,nan,nan,nan,nan,0
190895503,190895276,0.73532224,nan,nan,nan,nan,nan,nan,nan,nan,nan,nan,nan,0
190998945,190998714,0.7384976,nan,nan,nan,nan,nan,nan,nan,nan,nan,nan,nan,0
191094992,191094764,0.7495808,nan,nan,nan,nan,nan,nan,nan,nan,nan,nan,nan,0
191198448,191198202,0.743911,nan,nan,nan,nan,nan,nan,nan,nan,nan,nan,nan,0
191299404,191299177,0.74969363,nan,nan,nan,nan,nan,nan,nan,nan,nan,nan,nan,0
191397925,191397690,0.7607671,nan,nan,nan,nan,nan,nan,nan,nan,nan,nan,nan,0
191498892,191498665,0.75552136,nan,nan,nan,nan,nan,nan,nan,nan,nan,nan,nan,0
191597409,191597178,0.76280004,nan,nan,nan,nan,nan,nan,nan,nan,nan,nan,nan,0
191698381,191698153,0.7652269,nan,nan,nan,nan,nan,nan,nan,nan,nan,nan,nan,0
191796903,191796666,0.7579882,nan,nan,nan,nan,nan,nan,nan,nan,nan,nan,nan,0
191897873,191897641,0.76912504,nan,nan,nan,nan,nan,nan,nan,nan,nan,nan,nan,0
191998847,191998616,0.7699706,nan,nan,nan,nan,nan,nan,nan,nan,nan,nan,nan,0
192097372,192097129,0.7688492,nan,nan,nan,nan,nan,nan,nan,nan,nan,nan,nan,0
192198333,192198104,0.77961546,nan,nan,nan,nan,nan,nan,nan,nan,nan,nan,nan,0
192296850,192296616,0.7721244,nan,nan,nan,nan,nan,nan,nan,nan,nan,nan,nan,0
192397841,192397591,0.7728902,nan,nan,nan,nan,nan,nan,nan,nan,nan,nan,nan,0
192496335,192496104,0.7768838,nan,nan,nan,nan,nan,nan,nan,nan,nan,nan,nan,0
192597306,192597079,0.76582545,nan,nan,nan,nan,nan,nan,nan,nan,nan,nan,nan,0
192698286,192698054,0.7637521,nan,nan,nan,nan,nan,nan,nan,nan,nan,nan,nan,0
192796806,192796566,0.7599224,nan,nan,nan,nan,nan,nan,nan,nan,nan,nan,nan,0
192897768,192897541,0.7488189,nan,nan,nan,nan,nan,nan,nan,nan,nan,nan,nan,0
192996281,192996053,0.75105447,nan,nan,nan,nan,nan,nan,nan,nan,nan,nan,nan,0
193097258,193097028,0.74464774,nan,nan,nan,nan,nan,nan,nan,nan,nan,nan,nan,0
193195768,193195540,0.732486,nan,nan,nan,nan,nan,nan,nan,nan,nan,nan,nan,0
193296742,193296515,0.7290229,nan,nan,nan,nan,nan,nan,nan,nan,nan,nan,nan,0
193397724,193397490,0.7188423,nan,nan,nan,nan,nan,nan,nan,nan,nan,nan,nan,0
193496230,193496002,0.7077564,nan,nan,nan,nan,nan,nan,nan,nan,nan,nan,nan,0
193597205,193596977,0.70851,nan,nan,nan,nan,nan,nan,nan,nan,nan,nan,nan,0
193695731,193695489,0.699544,nan,nan,nan,nan,nan,nan,nan,nan,nan,nan,nan,0
193796697,193796464,0.695438,nan,nan,nan,nan,nan,nan,nan,nan,nan,nan,nan,0
193895204,193894976,0.7076285,nan,nan,nan,nan,nan,nan,nan,nan,nan,nan,nan,0
193996176,193995951,0.7045573,nan,nan,nan,nan,nan,nan,nan,nan,nan,nan,nan,0
194099618,194099389,0.7088335,nan,nan,nan,nan,nan,nan,nan,nan,nan,nan,nan,0
194195705,194195438,0.7199032,nan,nan,nan,nan,nan,nan,nan,nan,nan,nan,nan,0
194299104,194298876,0.7212129,nan,nan,nan,nan,nan,nan,nan,nan,nan,nan,nan,0
194395150,194394925,0.72612894,nan,nan,nan,nan,nan,nan,nan,nan,nan,nan,nan,0
194498591,194498363,0.73831975,nan,nan,nan,nan,nan,nan,nan,nan,nan,nan,nan,0
194594644,194594412,0.74228054,nan,nan,nan,nan,nan,nan,nan,nan,nan,nan,nan,0
194698079,194697849,0.7511857,nan,nan,nan,nan,nan,nan,nan,nan,nan,nan,nan,0
194799052,194798824,0.76227105,nan,nan,nan,nan,nan,nan,nan,nan,nan,nan,nan,0
194897563,194897336,0.773347,nan,nan,nan,nan,nan,nan,nan,nan,nan,nan,nan,0
194998538,194998311,0.78442806,nan,nan,nan,nan,nan,nan,nan,nan,nan,nan,nan,0
195097058,195096823,0.7955426,nan,nan,nan,nan,nan,nan,nan,nan,nan,nan,nan,0
195198043,195197798,0.80770856,nan,nan,nan,nan,nan,nan,nan,nan,nan,nan,nan,0
195296569,195296310,0.81878656,nan,nan,nan,nan,nan,nan,nan,nan,nan,nan,nan,0
195397531,195397284,0.81872004,nan,nan,nan,nan,nan,nan,nan,nan,nan,nan,nan,0
195498505,195498259,0.81835485,nan,nan,nan,nan,nan,nan,nan,nan,nan,nan,nan,0
195596999,195596771,0.8233776,nan,nan,nan,nan,nan,nan,nan,nan,nan,nan,nan,0
195697974,195697746,0.8122937,nan,nan,nan,nan,nan,nan,nan,nan,nan,nan,nan,0
195796486,195796258,0.81082207,nan,nan,nan,nan,nan,nan,nan,nan,nan,nan,nan,0
195897460,195897233,0.80478,nan,nan,nan,nan,nan,nan,nan,nan,nan,nan,nan,0
195995970,195995745,0.79369336,nan,nan,nan,nan,nan,nan,nan,nan,nan,nan,nan,0
196096950,196096720,0.7912481,nan,nan,nan,nan,nan,nan,nan,nan,nan,nan,nan,0
196197968,196197694,0.78089,nan,nan,nan,nan,nan,nan,nan,nan,nan,nan,nan,0
196296431,196296206,0.7698067,nan,nan,nan,nan,nan,nan,nan,nan,nan,nan,nan,0
196397471,196397181,0.7642927,nan,nan,nan,nan,nan,nan,nan,nan,nan,nan,nan,0
196495921,196495693,0.75210136,nan,nan,nan,nan,nan,nan,nan,nan,nan,nan,nan,0
196596911,196596668,0.74244833,nan,nan,nan,nan,nan,nan,nan,nan,nan,nan,nan,0
196695403,196695179,0.73909307,nan,nan,nan,nan,nan,nan,nan,nan,nan,nan,nan,0
196796395,196796154,0.72801906,nan,nan,nan,nan,nan,nan,nan,nan,nan,nan,nan,0
196899821,196899591,0.72992873,nan,nan,nan,nan,nan,nan,nan,nan,nan,nan,nan,0
196995891,196995641,0.73064387,nan,nan,nan,nan,nan,nan,nan,nan,nan,nan,nan,0
197099301,197099078,0.72275025,nan,nan,nan,nan,nan,nan,nan,nan,nan,nan,nan,0
197195378,197195127,0.7335914,nan,nan,nan,nan,nan,nan,nan,nan,nan,nan,nan,0
197298791,197298564,0.7342637,nan,nan,nan,nan,nan,nan,nan,nan,nan,nan,nan,0
197394853,197394614,0.73261,nan,nan,nan,nan,nan,nan,nan,nan,nan,nan,nan,0
197498276,197498051,0.743695,nan,nan,nan,nan,nan,nan,nan,nan,nan,nan,nan,0
197599272,197599025,0.7547798,nan,nan,nan,nan,nan,nan,nan,nan,nan,nan,nan,0
197697765,197697537,0.7603461,nan,nan,nan,nan,nan,nan,nan,nan,nan,nan,nan,0
197798739,197798512,0.7725326,nan,nan,nan,nan,nan,nan,nan,nan,nan,nan,nan,0
197897251,197897024,0.783619,nan,nan,nan,nan,nan,nan,nan,nan,nan,nan,nan,0
197998227,197997998,0.79305357,nan,nan,nan,nan,nan,nan,nan,nan,nan,nan,nan,0
198096739,198096510,0.8041103,nan,nan,nan,nan,nan,nan,nan,nan,nan,nan,nan,0
198197729,198197484,0.81519294,nan,nan,nan,nan,nan,nan,nan,nan,nan,nan,nan,0
198298691,198298459,0.8262691,nan,nan,nan,nan,nan,nan,nan,nan,nan,nan,nan,0
198397199,198396971,0.8373596,nan,nan,nan,nan,nan,nan,nan,nan,nan,nan,nan,0
198498173,198497945,0.8404477,nan,nan,nan,nan,nan,nan,nan,nan,nan,nan,nan,0
198596687,198596457,0.84999996,nan,nan,nan,nan,nan,nan,nan,nan,nan,nan,nan,0
198697663,198697431,0.84871244,nan,nan,nan,nan,nan,nan,nan,nan,nan,nan,nan,0
198796170,198795943,0.84999996,nan,nan,nan,nan,nan,nan,nan,nan,nan,nan,nan,0
198897145,198896918,0.84999996,nan,nan,nan,nan,nan,nan,nan,nan,nan,nan,nan,0
198998123,198997892,0.8464491,nan,nan,nan,nan,nan,nan,nan,nan,nan,nan,nan,0
199096655,199096404,0.84999996,nan,nan,nan,nan,nan,nan,nan,nan,nan,nan,nan,0
199197605,199197379,0.8433117,nan,nan,nan,nan,nan,nan,nan,nan,nan,nan,nan,0
199296132,199295890,0.8374157,nan,nan,nan,nan,nan,nan,nan,nan,nan,nan,nan,0
199397093,199396865,0.833045,nan,nan,nan,nan,nan,nan,nan,nan,nan,nan,nan,0
199495607,199495377,0.82196456,nan,nan,nan,nan,nan,nan,nan,nan,nan,nan,nan,0
199596578,199596351,0.8217225,nan,nan,nan,nan,nan,nan,nan,nan,nan,nan,nan,0
199700014,199699788,0.81222683,nan,nan,nan,nan,nan,nan,nan,nan,nan,nan,nan,0
199796065,199795837,0.8102201,nan,nan,nan,nan,nan,nan,nan,nan,nan,nan,nan,0
199899507,199899275,0.8149475,nan,nan,nan,nan,nan,nan,nan,nan,nan,nan,nan,0
199995553,199995323,0.803857,nan,nan,nan,nan,nan,nan,nan,nan,nan,nan,nan,0
200098987,200098761,0.8119808,nan,nan,nan,nan,nan,nan,nan,nan,nan,nan,nan,0
200195058,200194810,0.81437343,nan,nan,nan,nan,nan,nan,nan,nan,nan,nan,nan,0
200298480,200298247,0.81011355,nan,nan,nan,nan,nan,nan,nan,nan,nan,nan,nan,0
200399446,200399221,0.8210352,nan,nan,nan,nan,nan,nan,nan,nan,nan,nan,nan,0
200497963,200497733,0.81189877,nan,nan,nan,nan,nan,nan,nan,nan,nan,nan,nan,0
200598939,200598708,0.8154578,nan,nan,nan,nan,nan,nan,nan,nan,nan,nan,nan,0
200697451,200697219,0.82259053,nan,nan,nan,nan,nan,nan,nan,nan,nan,nan,nan,0
200798425,200798194,0.8157791,nan,nan,nan,nan,nan,nan,nan,nan,nan,nan,nan,0
200896936,200896705,0.82616717,nan,nan,nan,nan,nan,nan,nan,nan,nan,nan,nan,0
200997911,200997680,0.8302596,nan,nan,nan,nan,nan,nan,nan,nan,nan,nan,nan,0
201096424,201096192,0.8320088,nan,nan,nan,nan,nan,nan,nan,nan,nan,nan,nan,0
201197392,201197166,0.844177,nan,nan,nan,nan,nan,nan,nan,nan,nan,nan,nan,0
201298368,201298140,0.84361833,nan,nan,nan,nan,nan,nan,nan,nan,nan,nan,nan,0
201396878,201396652,0.84999996,nan,nan,nan,nan,nan,nan,nan,nan,nan,nan,nan,0
201497857,201497628,0.84999996,nan,nan,nan,nan,nan,nan,nan,nan,nan,nan,nan,0
201596363,201596138,0.84999996,nan,nan,nan,nan,nan,nan,nan,nan,nan,nan,nan,0
201697353,201697113,0.84999996,nan,nan,nan,nan,nan,nan,nan,nan,nan,nan,nan,0
201798356,201798087,0.84999996,nan,nan,nan,nan,nan,nan,nan,nan,nan,nan,nan,0
201896824,201896599,0.84999996,nan,nan,nan,nan,nan,nan,nan,nan,nan,nan,nan,0
201997801,201997573,0.84999996,nan,nan,nan,nan,nan,nan,nan,nan,nan,nan,nan,0
202096312,202096085,0.84999996,nan,nan,nan,nan,nan,nan,nan,nan,nan,nan,nan,0
202197289,202197059,0.84999996,nan,nan,nan,nan,nan,nan,nan,nan,nan,nan,nan,0
202295797,202295571,0.84999996,nan,nan,nan,nan,nan,nan,nan,nan,nan,nan,nan,0
202396774,202396546,0.84999996,nan,nan,nan,nan,nan,nan,nan,nan,nan,nan,nan,0
202497748,202497520,0.84999996,nan,nan,nan,nan,nan,nan,nan,nan,nan,nan,nan,0
202596258,202596032,0.84999996,nan,nan,nan,nan,nan,nan,nan,nan,nan,nan,nan,0
202697237,202697006,0.84999996,nan,nan,nan,nan,nan,nan,nan,nan,nan,nan,nan,0
202795762,202795517,0.84999996,nan,nan,nan,nan,nan,nan,nan,nan,nan,nan,nan,0
202896721,202896492,0.84999996,nan,nan,nan,nan,nan,nan,nan,nan,nan,nan,nan,0
202995232,202995003,0.84999996,nan,nan,nan,nan,nan,nan,nan,nan,nan,nan,nan,0
203096210,203095978,0.84999996,nan,nan,nan,nan,nan,nan,nan,nan,nan,nan,nan,0
203199653,203199415,0.84999996,nan,nan,nan,nan,nan,nan,nan,nan,nan,nan,nan,0
203295696,203295464,0.84999996,nan,nan,nan,nan,nan,nan,nan,nan,nan,nan,nan,0
203399125,203398901,0.84999996,nan,nan,nan,nan,nan,nan,nan,nan,nan,nan,nan,0
203495181,203494950,0.84999996,nan,nan,nan,nan,nan,nan,nan,nan,nan,nan,nan,0
203598616,203598387,0.84999996,nan,nan,nan,nan,nan,nan,nan,nan,nan,nan,nan,0
203694721,203694436,0.84999996,nan,nan,nan,nan,nan,nan,nan,nan,nan,nan,nan,0
203798102,203797874,0.84999996,nan,nan,nan,nan,nan,nan,nan,nan,nan,nan,nan,0
203899091,203898847,0.84999996,nan,nan,nan,nan,nan,nan,nan,nan,nan,nan,nan,0
203997589,203997359,0.84999996,nan,nan,nan,nan,nan,nan,nan,nan,nan,nan,nan,0
204098584,204098333,0.84999996,nan,nan,nan,nan,nan,nan,nan,nan,nan,nan,nan,0
204197073,204196844,0.84999996,nan,nan,nan,nan,nan,nan,nan,nan,nan,nan,nan,0
204298061,204297819,0.84999996,nan,nan,nan,nan,nan,nan,nan,nan,nan,nan,nan,0
204396563,204396330,0.84999996,nan,nan,nan,nan,nan,nan,nan,nan,nan,nan,nan,0
204497552,204497305,0.84999996,nan,nan,nan,nan,nan,nan,nan,nan,nan,nan,nan,0
204598509,204598279,0.84999996,nan,nan,nan,nan,nan,nan,nan,nan,nan,nan,nan,0
204697077,204696790,0.84999996,nan,nan,nan,nan,nan,nan,nan,nan,nan,nan,nan,0
204797990,204797764,0.84999996,nan,nan,nan,nan,nan,nan,nan,nan,nan,nan,nan,0
204896518,204896276,0.84999996,nan,nan,nan,nan,nan,nan,nan,nan,nan,nan,nan,0
204997480,204997250,0.84999996,nan,nan,nan,nan,nan,nan,nan,nan,nan,nan,nan,0
205096008,205095762,0.84999996,nan,nan,nan,nan,nan,nan,nan,nan,nan,nan,nan,0
205196982,205196736,0.84999996,nan,nan,nan,nan,nan,nan,nan,nan,nan,nan,nan,0
205297947,205297713,0.84999996,nan,nan,nan,nan,nan,nan,nan,nan,nan,nan,nan,0
205396456,205396222,0.84999996,nan,nan,nan,nan,nan,nan,nan,nan,nan,nan,nan,0
205497427,205497196,0.84999996,nan,nan,nan,nan,nan,nan,nan,nan,nan,nan,nan,0
205595954,205595708,0.84999996,nan,nan,nan,nan,nan,nan,nan,nan,nan,nan,nan,0
205696928,205696682,0.84999996,nan,nan,nan,nan,nan,nan,nan,nan,nan,nan,nan,0
205795425,205795193,0.84999996,nan,nan,nan,nan,nan,nan,nan,nan,nan,nan,nan,0
205896394,205896168,0.84999996,nan,nan,nan,nan,nan,nan,nan,nan,nan,nan,nan,0
205999853,205999604,0.84999996,nan,nan,nan,nan,nan,nan,nan,nan,nan,nan,nan,0
206095901,206095653,0.84999996,nan,nan,nan,nan,nan,nan,nan,nan,nan,nan,nan,0
206199333,206199090,0.84999996,nan,nan,nan,nan,nan,nan,nan,nan,nan,nan,nan,0
206295363,206295138,0.84999996,nan,nan,nan,nan,nan,nan,nan,nan,nan,nan,nan,0
206398801,206398575,0.84999996,nan,nan,nan,nan,nan,nan,nan,nan,nan,nan,nan,0
206494853,206494624,0.84999996,nan,nan,nan,nan,nan,nan,nan,nan,nan,nan,nan,0
206598290,206598061,0.84999996,nan,nan,nan,nan,nan,nan,nan,nan,nan,nan,nan,0
206699260,206699035,0.84999996,nan,nan,nan,nan,nan,nan,nan,nan,nan,nan,nan,0
206797783,206797546,0.84999996,nan,nan,nan,nan,nan,nan,nan,nan,nan,nan,nan,0
206898750,206898521,0.84999996,nan,nan,nan,nan,nan,nan,nan,nan,nan,nan,nan,0
206997262,206997032,0.84999996,nan,nan,nan,nan,nan,nan,nan,nan,nan,nan,nan,0
207098248,207098006,0.84999996,nan,nan,nan,nan,nan,nan,nan,nan,nan,nan,nan,0
207196744,207196517,0.84999996,nan,nan,nan,nan,nan,nan,nan,nan,nan,nan,nan,0
207297721,207297491,0.84999996,nan,nan,nan,nan,nan,nan,nan,nan,nan,nan,nan,0
207396251,207396002,0.84999996,nan,nan,nan,nan,nan,nan,nan,nan,nan,nan,nan,0
207497203,207496976,0.84999996,nan,nan,nan,nan,nan,nan,nan,nan,nan,nan,nan,0
207598179,207597950,0.84999996,nan,nan,nan,nan,nan,nan,nan,nan,nan,nan,nan,0
207696693,207696462,0.84999996,nan,nan,nan,nan,nan,nan,nan,nan,nan,nan,nan,0
207797664,207797435,0.84999996,nan,nan,nan,nan,nan,nan,nan,nan,nan,nan,nan,0
207896174,207895947,0.84999996,nan,nan,nan,nan,nan,nan,nan,nan,nan,nan,nan,0
207997150,207996921,0.84999996,nan,nan,nan,nan,nan,nan,nan,nan,nan,nan,nan,0
208098139,208097895,0.84999996,nan,nan,nan,nan,nan,nan,nan,nan,nan,nan,nan,0
208196637,208196406,0.84999996,nan,nan,nan,nan,nan,nan,nan,nan,nan,nan,nan,0
208297611,208297380,0.84999996,nan,nan,nan,nan,nan,nan,nan,nan,nan,nan,nan,0
208396118,208395891,0.84999996,nan,nan,nan,nan,nan,nan,nan,nan,nan,nan,nan,0
208497092,208496865,0.84999996,nan,nan,nan,nan,nan,nan,nan,nan,nan,nan,nan,0
208595600,208595376,0.84999996,nan,nan,nan,nan,nan,nan,nan,nan,nan,nan,nan,0
208696577,208696350,0.84999996,nan,nan,nan,nan,nan,nan,nan,nan,nan,nan,nan,0
208800019,208799787,0.84999996,nan,nan,nan,nan,nan,nan,nan,nan,nan,nan,nan,0
208896062,208895835,0.84999996,nan,nan,nan,nan,nan,nan,nan,nan,nan,nan,nan,0
208999499,208999272,0.84999996,nan,nan,nan,nan,nan,nan,nan,nan,nan,nan,nan,0
209095565,209095320,0.84999996,nan,nan,nan,nan,nan,nan,nan,nan,nan,nan,nan,0
209198984,209198757,0.84999996,nan,nan,nan,nan,nan,nan,nan,nan,nan,nan,nan,0
209295032,209294805,0.84999996,nan,nan,nan,nan,nan,nan,nan,nan,nan,nan,nan,0
209398487,209398242,0.84999996,nan,nan,nan,nan,nan,nan,nan,nan,nan,nan,nan,0
209499459,209499216,0.84999996,nan,nan,nan,nan,nan,nan,nan,nan,nan,nan,nan,0
209597960,209597727,0.84999996,nan,nan,nan,nan,nan,nan,nan,nan,nan,nan,nan,0
209698925,209698701,0.84999996,nan,nan,nan,nan,nan,nan,nan,nan,nan,nan,nan,0
209797441,209797212,0.84999996,nan,nan,nan,nan,nan,nan,nan,nan,nan,nan,nan,0
209898415,209898186,0.84999996,nan,nan,nan,nan,nan,nan,nan,nan,nan,nan,nan,0
209996934,209996697,0.84999996,nan,nan,nan,nan,nan,nan,nan,nan,nan,nan,nan,0
210097915,210097671,0.84999996,nan,nan,nan,nan,nan,nan,nan,nan,nan,nan,nan,0
210198875,210198645,0.84999996,nan,nan,nan,nan,nan,nan,nan,nan,nan,nan,nan,0
210297387,210297156,0.84999996,nan,nan,nan,nan,nan,nan,nan,nan,nan,nan,nan,0
210398359,210398130,0.84999996,nan,nan,nan,nan,nan,nan,nan,nan,nan,nan,nan,0
210496868,210496641,0.84999996,nan,nan,nan,nan,nan,nan,nan,nan,nan,nan,nan,0
210597848,210597615,0.84999996,nan,nan,nan,nan,nan,nan,nan,nan,nan,nan,nan,0
210696353,210696125,0.84999996,nan,nan,nan,nan,nan,nan,nan,nan,nan,nan,nan,0
210797328,210797099,0.84999996,nan,nan,nan,nan,nan,nan,nan,nan,nan,nan,nan,0
210898303,210898073,0.84999996,nan,nan,nan,nan,nan,nan,nan,nan,nan,nan,nan,0
210996814,210996584,0.84999996,nan,nan,nan,nan,nan,nan,nan,nan,nan,nan,nan,0
211097801,211097558,0.84999996,nan,nan,nan,nan,nan,nan,nan,nan,nan,nan,nan,0
211196309,211196069,0.84999996,nan,nan,nan,nan,nan,nan,nan,nan,nan,nan,nan,0
211297273,211297043,0.84999996,nan,nan,nan,nan,nan,nan,nan,nan,nan,nan,nan,0
211395822,211395554,0.84999996,nan,nan,nan,nan,nan,nan,nan,nan,nan,nan,nan,0
211496758,211496528,0.84999996,nan,nan,nan,nan,nan,nan,nan,nan,nan,nan,nan,0
211597743,211597502,0.84999996,nan,nan,nan,nan,nan,nan,nan,nan,nan,nan,nan,0
211696241,211696013,0.84571546,nan,nan,nan,nan,nan,nan,nan,nan,nan,nan,nan,0
211797229,211796987,0.84999996,nan,nan,nan,nan,nan,nan,nan,nan,nan,nan,nan,0
211895727,211895498,0.8477802,nan,nan,nan,nan,nan,nan,nan,nan,nan,nan,nan,0
211996717,211996471,0.8404584,nan,nan,nan,nan,nan,nan,nan,nan,nan,nan,nan,0
212095210,212094982,0.84739906,nan,nan,nan,nan,nan,nan,nan,nan,nan,nan,nan,0
212196196,212195956,0.8382421,nan,nan,nan,nan,nan,nan,nan,nan,nan,nan,nan,0
212299622,212299393,0.84109277,nan,nan,nan,nan,nan,nan,nan,nan,nan,nan,nan,0
212395689,212395441,0.8415952,nan,nan,nan,nan,nan,nan,nan,nan,nan,nan,nan,0
212499123,212498878,0.83419734,nan,nan,nan,nan,nan,nan,nan,nan,nan,nan,nan,0
212595168,212594926,0.8440877,nan,nan,nan,nan,nan,nan,nan,nan,nan,nan,nan,0
212698590,212698362,0.838662,nan,nan,nan,nan,nan,nan,nan,nan,nan,nan,nan,0
212794663,212794411,0.838696,nan,nan,nan,nan,nan,nan,nan,nan,nan,nan,nan,0
212898079,212897849,0.8469018,nan,nan,nan,nan,nan,nan,nan,nan,nan,nan,nan,0
212999056,212998823,0.8393193,nan,nan,nan,nan,nan,nan,nan,nan,nan,nan,nan,0
213097567,213097332,0.84857976,nan,nan,nan,nan,nan,nan,nan,nan,nan,nan,nan,0
213198536,213198306,0.8480823,nan,nan,nan,nan,nan,nan,nan,nan,nan,nan,nan,0
213297046,213296817,0.84832674,nan,nan,nan,nan,nan,nan,nan,nan,nan,nan,nan,0
213398019,213397791,0.84999996,nan,nan,nan,nan,nan,nan,nan,nan,nan,nan,nan,0
213496543,213496302,0.84999996,nan,nan,nan,nan,nan,nan,nan,nan,nan,nan,nan,0
213597502,213597276,0.84999996,nan,nan,nan,nan,nan,nan,nan,nan,nan,nan,nan,0
213698475,213698249,0.84999996,nan,nan,nan,nan,nan,nan,nan,nan,nan,nan,nan,0
213796985,213796760,0.84999996,nan,nan,nan,nan,nan,nan,nan,nan,nan,nan,nan,0
213897964,213897734,0.84999996,nan,nan,nan,nan,nan,nan,nan,nan,nan,nan,nan,0
213996472,213996245,0.84999996,nan,nan,nan,nan,nan,nan,nan,nan,nan,nan,nan,0
214097443,214097219,0.84999996,nan,nan,nan,nan,nan,nan,nan,nan,nan,nan,nan,0
214195955,214195730,0.84999996,nan,nan,nan,nan,nan,nan,nan,nan,nan,nan,nan,0
214296941,214296704,0.84999996,nan,nan,nan,nan,nan,nan,nan,nan,nan,nan,nan,0
214397914,214397682,0.84999996,nan,nan,nan,nan,nan,nan,nan,nan,nan,nan,nan,0
214496432,214496192,0.84999996,nan,nan,nan,nan,nan,nan,nan,nan,nan,nan,nan,0
214597389,214597162,0.84999996,nan,nan,nan,nan,nan,nan,nan,nan,nan,nan,nan,0
214695905,214695673,0.84999996,nan,nan,nan,nan,nan,nan,nan,nan,nan,nan,nan,0
214796874,214796647,0.84999996,nan,nan,nan,nan,nan,nan,nan,nan,nan,nan,nan,0
214895382,214895158,0.84999996,nan,nan,nan,nan,nan,nan,nan,nan,nan,nan,nan,0
214996360,214996131,0.84999996,nan,nan,nan,nan,nan,nan,nan,nan,nan,nan,nan,0
215099796,215099568,0.84999996,nan,nan,nan,nan,nan,nan,nan,nan,nan,nan,nan,0
215195845,215195616,0.84999996,nan,nan,nan,nan,nan,nan,nan,nan,nan,nan,nan,0
215299284,215299053,0.84999996,nan,nan,nan,nan,nan,nan,nan,nan,nan,nan,nan,0
215395338,215395101,0.84999996,nan,nan,nan,nan,nan,nan,nan,nan,nan,nan,nan,0
215498779,215498537,0.84999996,nan,nan,nan,nan,nan,nan,nan,nan,nan,nan,nan,0
215594818,215594586,0.84999996,nan,nan,nan,nan,nan,nan,nan,nan,nan,nan,nan,0
215698247,215698022,0.84999996,nan,nan,nan,nan,nan,nan,nan,nan,nan,nan,nan,0
215799226,215798996,0.84999996,nan,nan,nan,nan,nan,nan,nan,nan,nan,nan,nan,0
215897757,215897507,0.84999996,nan,nan,nan,nan,nan,nan,nan,nan,nan,nan,nan,0
215998711,215998480,0.84999996,nan,nan,nan,nan,nan,nan,nan,nan,nan,nan,nan,0
216097234,216096991,0.84999996,nan,nan,nan,nan,nan,nan,nan,nan,nan,nan,nan,0
216198213,216197965,0.84999996,nan,nan,nan,nan,nan,nan,nan,nan,nan,nan,nan,0
216296713,216296476,0.84999996,nan,nan,nan,nan,nan,nan,nan,nan,nan,nan,nan,0
216397691,216397450,0.84999996,nan,nan,nan,nan,nan,nan,nan,nan,nan,nan,nan,0
216498655,216498423,0.84999996,nan,nan,nan,nan,nan,nan,nan,nan,nan,nan,nan,0
216597163,216596934,0.8456654,nan,nan,nan,nan,nan,nan,nan,nan,nan,nan,nan,0
216698134,216697908,0.8477263,nan,nan,nan,nan,nan,nan,nan,nan,nan,nan,nan,0
216796649,216796419,0.83678067,nan,nan,nan,nan,nan,nan,nan,nan,nan,nan,nan,0
216897620,216897392,0.83949757,nan,nan,nan,nan,nan,nan,nan,nan,nan,nan,nan,0
216996130,216995903,0.8376582,nan,nan,nan,nan,nan,nan,nan,nan,nan,nan,nan,0
217097102,217096877,0.8363227,nan,nan,nan,nan,nan,nan,nan,nan,nan,nan,nan,0
217198081,217197852,0.8474049,nan,nan,nan,nan,nan,nan,nan,nan,nan,nan,nan,0
217296590,217296362,0.84357697,nan,nan,nan,nan,nan,nan,nan,nan,nan,nan,nan,0
217397576,217397335,0.84999996,nan,nan,nan,nan,nan,nan,nan,nan,nan,nan,nan,0
217496072,217495846,0.84999996,nan,nan,nan,nan,nan,nan,nan,nan,nan,nan,nan,0
217597047,217596820,0.84999996,nan,nan,nan,nan,nan,nan,nan,nan,nan,nan,nan,0
217695560,217695331,0.84999996,nan,nan,nan,nan,nan,nan,nan,nan,nan,nan,nan,0
217796533,217796305,0.84999996,nan,nan,nan,nan,nan,nan,nan,nan,nan,nan,nan,0
217899973,217899741,0.84999996,nan,nan,nan,nan,nan,nan,nan,nan,nan,nan,nan,0
217996017,217995789,0.84999996,nan,nan,nan,nan,nan,nan,nan,nan,nan,nan,nan,0
218099464,218099226,0.84999996,nan,nan,nan,nan,nan,nan,nan,nan,nan,nan,nan,0
218195500,218195274,0.84999996,nan,nan,nan,nan,nan,nan,nan,nan,nan,nan,nan,0
218298942,218298710,0.84999996,nan,nan,nan,nan,nan,nan,nan,nan,nan,nan,nan,0
218395042,218394759,0.84999996,nan,nan,nan,nan,nan,nan,nan,nan,nan,nan,nan,0
218498432,218498195,0.84999996,nan,nan,nan,nan,nan,nan,nan,nan,nan,nan,nan,0
218599395,218599169,0.84999996,nan,nan,nan,nan,nan,nan,nan,nan,nan,nan,nan,0
218697939,218697680,0.84999996,nan,nan,nan,nan,nan,nan,nan,nan,nan,nan,nan,0
218798885,218798653,0.84999996,nan,nan,nan,nan,nan,nan,nan,nan,nan,nan,nan,0
218897460,218897164,0.84999996,nan,nan,nan,nan,nan,nan,nan,nan,nan,nan,nan,0
218998382,218998138,0.84999996,nan,nan,nan,nan,nan,nan,nan,nan,nan,nan,nan,0
219096887,219096649,0.84999996,nan,nan,nan,nan,nan,nan,nan,nan,nan,nan,nan,0
219197856,219197622,0.84999996,nan,nan,nan,nan,nan,nan,nan,nan,nan,nan,nan,0
219296373,219296133,0.84999996,nan,nan,nan,nan,nan,nan,nan,nan,nan,nan,nan,0
219397333,219397107,0.84999996,nan,nan,nan,nan,nan,nan,nan,nan,nan,nan,nan,0
219498322,219498081,0.84999996,nan,nan,nan,nan,nan,nan,nan,nan,nan,nan,nan,0
219596819,219596591,0.84999996,nan,nan,nan,nan,nan,nan,nan,nan,nan,nan,nan,0
219697805,219697565,0.84999996,nan,nan,nan,nan,nan,nan,nan,nan,nan,nan,nan,0
219796302,219796076,0.84999996,nan,nan,nan,nan,nan,nan,nan,nan,nan,nan,nan,0
219897300,219897049,0.84999996,nan,nan,nan,nan,nan,nan,nan,nan,nan,nan,nan,0
219998263,219998023,0.84999996,nan,nan,nan,nan,nan,nan,nan,nan,nan,nan,nan,0
220096776,220096534,0.84999996,nan,nan,nan,nan,nan,nan,nan,nan,nan,nan,nan,0
220197736,220197507,0.84999996,nan,nan,nan,nan,nan,nan,nan,nan,nan,nan,nan,0
220296266,220296018,0.84999996,nan,nan,nan,nan,nan,nan,nan,nan,nan,nan,nan,0
220397216,220396992,0.84999996,nan,nan,nan,nan,nan,nan,nan,nan,nan,nan,nan,0
220495728,220495502,0.84999996,nan,nan,nan,nan,nan,nan,nan,nan,nan,nan,nan,0
220596706,220596476,0.84999996,nan,nan,nan,nan,nan,nan,nan,nan,nan,nan,nan,0
220697683,220697450,0.84999996,nan,nan,nan,nan,nan,nan,nan,nan,nan,nan,nan,0
220796186,220795960,0.84999996,nan,nan,nan,nan,nan,nan,nan,nan,nan,nan,nan,0
220897165,220896934,0.84999996,nan,nan,nan,nan,nan,nan,nan,nan,nan,nan,nan,0
220995676,220995445,0.84999996,nan,nan,nan,nan,nan,nan,nan,nan,nan,nan,nan,0
221096646,221096418,0.84999996,nan,nan,nan,nan,nan,nan,nan,nan,nan,nan,nan,0
221195156,221194929,0.84999996,nan,nan,nan,nan,nan,nan,nan,nan,nan,nan,nan,0
221296136,221295903,0.84999996,nan,nan,nan,nan,nan,nan,nan,nan,nan,nan,nan,0
221399565,221399339,0.84999996,nan,nan,nan,nan,nan,nan,nan,nan,nan,nan,nan,0
221495653,221495387,0.84999996,nan,nan,nan,nan,nan,nan,nan,nan,nan,nan,nan,0
221599048,221598823,0.84999996,nan,nan,nan,nan,nan,nan,nan,nan,nan,nan,nan,0
221695101,221694871,0.84999996,nan,nan,nan,nan,nan,nan,nan,nan,nan,nan,nan,0
221798534,221798307,0.84999996,nan,nan,nan,nan,nan,nan,nan,nan,nan,nan,nan,0
221894581,221894355,0.84999996,nan,nan,nan,nan,nan,nan,nan,nan,nan,nan,nan,0
221998020,221997791,0.84999996,nan,nan,nan,nan,nan,nan,nan,nan,nan,nan,nan,0
222098993,222098765,0.84999996,nan,nan,nan,nan,nan,nan,nan,nan,nan,nan,nan,0
222197516,222197275,0.84999996,nan,nan,nan,nan,nan,nan,nan,nan,nan,nan,nan,0
222298474,222298249,0.84999996,nan,nan,nan,nan,nan,nan,nan,nan,nan,nan,nan,0
222396984,222396759,0.84999996,nan,nan,nan,nan,nan,nan,nan,nan,nan,nan,nan,0
222497961,222497733,0.84999996,nan,nan,nan,nan,nan,nan,nan,nan,nan,nan,nan,0
222596472,222596243,0.84999996,nan,nan,nan,nan,nan,nan,nan,nan,nan,nan,nan,0
222697442,222697216,0.84483874,nan,nan,nan,nan,nan,nan,nan,nan,nan,nan,nan,0
222798420,222798190,0.845634,nan,nan,nan,nan,nan,nan,nan,nan,nan,nan,nan,0
222896934,222896702,0.8345419,nan,nan,nan,nan,nan,nan,nan,nan,nan,nan,nan,0
222997904,222997674,0.83193076,nan,nan,nan,nan,nan,nan,nan,nan,nan,nan,nan,0
223096420,223096184,0.82764256,nan,nan,nan,nan,nan,nan,nan,nan,nan,nan,nan,0
223197398,223197157,0.8238608,nan,nan,nan,nan,nan,nan,nan,nan,nan,nan,nan,0
223295903,223295668,0.833622,nan,nan,nan,nan,nan,nan,nan,nan,nan,nan,nan,0
223396921,223396641,0.82706136,nan,nan,nan,nan,nan,nan,nan,nan,nan,nan,nan,0
223497851,223497615,0.8326235,nan,nan,nan,nan,nan,nan,nan,nan,nan,nan,nan,0
223596355,223596125,0.8386175,nan,nan,nan,nan,nan,nan,nan,nan,nan,nan,nan,0
223697326,223697098,0.8346318,nan,nan,nan,nan,nan,nan,nan,nan,nan,nan,nan,0
223795838,223795608,0.84495944,nan,nan,nan,nan,nan,nan,nan,nan,nan,nan,nan,0
223896817,223896582,0.84111756,nan,nan,nan,nan,nan,nan,nan,nan,nan,nan,nan,0
223995324,223995092,0.841964,nan,nan,nan,nan,nan,nan,nan,nan,nan,nan,nan,0
224096291,224096065,0.8491712,nan,nan,nan,nan,nan,nan,nan,nan,nan,nan,nan,0
224199727,224199501,0.8400627,nan,nan,nan,nan,nan,nan,nan,nan,nan,nan,nan,0
224295779,224295549,0.8474703,nan,nan,nan,nan,nan,nan,nan,nan,nan,nan,nan,0
224399216,224398984,0.84461176,nan,nan,nan,nan,nan,nan,nan,nan,nan,nan,nan,0
224495256,224495032,0.84361213,nan,nan,nan,nan,nan,nan,nan,nan,nan,nan,nan,0
224598697,224598468,0.84999996,nan,nan,nan,nan,nan,nan,nan,nan,nan,nan,nan,0
224694745,224694515,0.845639,nan,nan,nan,nan,nan,nan,nan,nan,nan,nan,nan,0
224798189,224797951,0.84999996,nan,nan,nan,nan,nan,nan,nan,nan,nan,nan,nan,0
224899165,224898924,0.84999996,nan,nan,nan,nan,nan,nan,nan,nan,nan,nan,nan,0
224997664,224997435,0.84999996,nan,nan,nan,nan,nan,nan,nan,nan,nan,nan,nan,0
225098640,225098408,0.84999996,nan,nan,nan,nan,nan,nan,nan,nan,nan,nan,nan,0
225197148,225196920,0.84999996,nan,nan,nan,nan,nan,nan,nan,nan,nan,nan,nan,0
225298119,225297891,0.84999996,nan,nan,nan,nan,nan,nan,nan,nan,nan,nan,nan,0
225396629,225396401,0.84999996,nan,nan,nan,nan,nan,nan,nan,nan,nan,nan,nan,0
225497602,225497375,0.84999996,nan,nan,nan,nan,nan,nan,nan,nan,nan,nan,nan,0
225598572,225598347,0.84999996,nan,nan,nan,nan,nan,nan,nan,nan,nan,nan,nan,0
225697086,225696858,0.84999996,nan,nan,nan,nan,nan,nan,nan,nan,nan,nan,nan,0
225798063,225797831,0.84999996,nan,nan,nan,nan,nan,nan,nan,nan,nan,nan,nan,0
225896584,225896341,0.84999996,nan,nan,nan,nan,nan,nan,nan,nan,nan,nan,nan,0
225997546,225997314,0.84999996,nan,nan,nan,nan,nan,nan,nan,nan,nan,nan,nan,0
226096053,226095824,0.84999996,nan,nan,nan,nan,nan,nan,nan,nan,nan,nan,nan,0
226197063,226196797,0.84999996,nan,nan,nan,nan,nan,nan,nan,nan,nan,nan,nan,0
226298001,226297770,0.84999996,nan,nan,nan,nan,nan,nan,nan,nan,nan,nan,nan,0
226396588,226396280,0.84999996,nan,nan,nan,nan,nan,nan,nan,nan,nan,nan,nan,0
226497502,226497253,0.84999996,nan,nan,nan,nan,nan,nan,nan,nan,nan,nan,nan,0
226596007,226595763,0.84999996,nan,nan,nan,nan,nan,nan,nan,nan,nan,nan,nan,0
226696963,226696736,0.84999996,nan,nan,nan,nan,nan,nan,nan,nan,nan,nan,nan,0
226795490,226795246,0.84999996,nan,nan,nan,nan,nan,nan,nan,nan,nan,nan,nan,0
226896445,226896219,0.84999996,nan,nan,nan,nan,nan,nan,nan,nan,nan,nan,nan,0
226999896,226999654,0.84999996,nan,nan,nan,nan,nan,nan,nan,nan,nan,nan,nan,0
227095927,227095702,0.84999996,nan,nan,nan,nan,nan,nan,nan,nan,nan,nan,nan,0
227199380,227199137,0.84999996,nan,nan,nan,nan,nan,nan,nan,nan,nan,nan,nan,0
227295414,227295185,0.84999996,nan,nan,nan,nan,nan,nan,nan,nan,nan,nan,nan,0
227398868,227398620,0.84999996,nan,nan,nan,nan,nan,nan,nan,nan,nan,nan,nan,0
227494893,227494667,0.84999996,nan,nan,nan,nan,nan,nan,nan,nan,nan,nan,nan,0
227598333,227598103,0.84999996,nan,nan,nan,nan,nan,nan,nan,nan,nan,nan,nan,0
227699303,227699076,0.84999996,nan,nan,nan,nan,nan,nan,nan,nan,nan,nan,nan,0
227797852,227797586,0.84999996,nan,nan,nan,nan,nan,nan,nan,nan,nan,nan,nan,0
227898785,227898559,0.84999996,nan,nan,nan,nan,nan,nan,nan,nan,nan,nan,nan,0
227997295,227997069,0.8455482,nan,nan,nan,nan,nan,nan,nan,nan,nan,nan,nan,0
228098272,228098041,0.8454057,nan,nan,nan,nan,nan,nan,nan,nan,nan,nan,nan,0
228196779,228196551,0.8457543,nan,nan,nan,nan,nan,nan,nan,nan,nan,nan,nan,0
228297771,228297524,0.8358334,nan,nan,nan,nan,nan,nan,nan,nan,nan,nan,nan,0
228398728,228398497,0.8420234,nan,nan,nan,nan,nan,nan,nan,nan,nan,nan,nan,0
228497233,228497007,0.8341828,nan,nan,nan,nan,nan,nan,nan,nan,nan,nan,nan,0
228598207,228597980,0.8318003,nan,nan,nan,nan,nan,nan,nan,nan,nan,nan,nan,0
228696715,228696489,0.8360771,nan,nan,nan,nan,nan,nan,nan,nan,nan,nan,nan,0
228797732,228797462,0.826235,nan,nan,nan,nan,nan,nan,nan,nan,nan,nan,nan,0
228896198,228895972,0.8349537,nan,nan,nan,nan,nan,nan,nan,nan,nan,nan,nan,0
228997173,228996945,0.8322968,nan,nan,nan,nan,nan,nan,nan,nan,nan,nan,nan,0
229098148,229097918,0.8310699,nan,nan,nan,nan,nan,nan,nan,nan,nan,nan,nan,0
229196684,229196427,0.8397248,nan,nan,nan,nan,nan,nan,nan,nan,nan,nan,nan,0
229297643,229297400,0.8303141,nan,nan,nan,nan,nan,nan,nan,nan,nan,nan,nan,0
229396135,229395910,0.83588994,nan,nan,nan,nan,nan,nan,nan,nan,nan,nan,nan,0
229497114,229496882,0.8395672,nan,nan,nan,nan,nan,nan,nan,nan,nan,nan,nan,0
229595623,229595392,0.83509934,nan,nan,nan,nan,nan,nan,nan,nan,nan,nan,nan,0
229696591,229696365,0.84599626,nan,nan,nan,nan,nan,nan,nan,nan,nan,nan,nan,0
229800029,229799800,0.84064895,nan,nan,nan,nan,nan,nan,nan,nan,nan,nan,nan,0
229896094,229895847,0.84435415,nan,nan,nan,nan,nan,nan,nan,nan,nan,nan,nan,0
229999519,229999283,0.8491597,nan,nan,nan,nan,nan,nan,nan,nan,nan,nan,nan,0
230095556,230095330,0.83951503,nan,nan,nan,nan,nan,nan,nan,nan,nan,nan,nan,0
230199011,230198765,0.84637827,nan,nan,nan,nan,nan,nan,nan,nan,nan,nan,nan,0
230295067,230294812,0.83982474,nan,nan,nan,nan,nan,nan,nan,nan,nan,nan,nan,0
230398484,230398249,0.83711886,nan,nan,nan,nan,nan,nan,nan,nan,nan,nan,nan,0
230499447,230499220,0.84290016,nan,nan,nan,nan,nan,nan,nan,nan,nan,nan,nan,0
230597964,230597732,0.8322815,nan,nan,nan,nan,nan,nan,nan,nan,nan,nan,nan,0
230698931,230698703,0.8380237,nan,nan,nan,nan,nan,nan,nan,nan,nan,nan,nan,0
230797462,230797213,0.8364345,nan,nan,nan,nan,nan,nan,nan,nan,nan,nan,nan,0
230898412,230898185,0.82982165,nan,nan,nan,nan,nan,nan,nan,nan,nan,nan,nan,0
230996925,230996695,0.83598065,nan,nan,nan,nan,nan,nan,nan,nan,nan,nan,nan,0
231097901,231097668,0.82635313,nan,nan,nan,nan,nan,nan,nan,nan,nan,nan,nan,0
231196410,231196178,0.8283116,nan,nan,nan,nan,nan,nan,nan,nan,nan,nan,nan,0
231297374,231297150,0.832046,nan,nan,nan,nan,nan,nan,nan,nan,nan,nan,nan,0
231398352,231398123,0.82475567,nan,nan,nan,nan,nan,nan,nan,nan,nan,nan,nan,0
231496862,231496633,0.83381,nan,nan,nan,nan,nan,nan,nan,nan,nan,nan,nan,0
231597838,231597605,0.82929224,nan,nan,nan,nan,nan,nan,nan,nan,nan,nan,nan,0
231696341,231696115,0.82901704,nan,nan,nan,nan,nan,nan,nan,nan,nan,nan,nan,0
231797333,231797088,0.8386056,nan,nan,nan,nan,nan,nan,nan,nan,nan,nan,nan,0
231898286,231898060,0.8296297,nan,nan,nan,nan,nan,nan,nan,nan,nan,nan,nan,0
231996797,231996570,0.83523685,nan,nan,nan,nan,nan,nan,nan,nan,nan,nan,nan,0
232097774,232097543,0.8451118,nan,nan,nan,nan,nan,nan,nan,nan,nan,nan,nan,0
232196281,232196053,0.84764147,nan,nan,nan,nan,nan,nan,nan,nan,nan,nan,nan,0
232297285,232297025,0.84999996,nan,nan,nan,nan,nan,nan,nan,nan,nan,nan,nan,0
232395761,232395535,0.84999996,nan,nan,nan,nan,nan,nan,nan,nan,nan,nan,nan,0
232496738,232496508,0.84999996,nan,nan,nan,nan,nan,nan,nan,nan,nan,nan,nan,0
232597708,232597481,0.84999996,nan,nan,nan,nan,nan,nan,nan,nan,nan,nan,nan,0
232696225,232695991,0.84999996,nan,nan,nan,nan,nan,nan,nan,nan,nan,nan,nan,0
232797192,232796963,0.84999996,nan,nan,nan,nan,nan,nan,nan,nan,nan,nan,nan,0
232895706,232895473,0.84999996,nan,nan,nan,nan,nan,nan,nan,nan,nan,nan,nan,0
232996672,232996446,0.84999996,nan,nan,nan,nan,nan,nan,nan,nan,nan,nan,nan,0
233095182,233094956,0.84999996,nan,nan,nan,nan,nan,nan,nan,nan,nan,nan,nan,0
233196157,233195928,0.84999996,nan,nan,nan,nan,nan,nan,nan,nan,nan,nan,nan,0
233299696,233299363,0.84999996,nan,nan,nan,nan,nan,nan,nan,nan,nan,nan,nan,0
233395637,233395411,0.84999996,nan,nan,nan,nan,nan,nan,nan,nan,nan,nan,nan,0
233499129,233498846,0.84999996,nan,nan,nan,nan,nan,nan,nan,nan,nan,nan,nan,0
233595122,233594893,0.84999996,nan,nan,nan,nan,nan,nan,nan,nan,nan,nan,nan,0
233698860,233698328,0.84999996,nan,nan,nan,nan,nan,nan,nan,nan,nan,nan,nan,0
233797068,233796838,0.84999996,nan,nan,nan,nan,nan,nan,nan,nan,nan,nan,nan,0
233898051,233897811,0.84999996,nan,nan,nan,nan,nan,nan,nan,nan,nan,nan,nan,0
233999010,233998783,0.84999996,nan,nan,nan,nan,nan,nan,nan,nan,nan,nan,nan,0
234097535,234097293,0.84999996,nan,nan,nan,nan,nan,nan,nan,nan,nan,nan,nan,0
234198506,234198266,0.84999996,nan,nan,nan,nan,nan,nan,nan,nan,nan,nan,nan,0
234297017,234296776,0.84999996,nan,nan,nan,nan,nan,nan,nan,nan,nan,nan,nan,0
234397975,234397748,0.84999996,nan,nan,nan,nan,nan,nan,nan,nan,nan,nan,nan,0
234496501,234496258,0.84999996,nan,nan,nan,nan,nan,nan,nan,nan,nan,nan,nan,0
234597456,234597230,0.84999996,nan,nan,nan,nan,nan,nan,nan,nan,nan,nan,nan,0
234698448,234698203,0.84999996,nan,nan,nan,nan,nan,nan,nan,nan,nan,nan,nan,0
234796939,234796713,0.84999996,nan,nan,nan,nan,nan,nan,nan,nan,nan,nan,nan,0
234897932,234897685,0.84999996,nan,nan,nan,nan,nan,nan,nan,nan,nan,nan,nan,0
234996421,234996195,0.84999996,nan,nan,nan,nan,nan,nan,nan,nan,nan,nan,nan,0
235097394,235097167,0.84999996,nan,nan,nan,nan,nan,nan,nan,nan,nan,nan,nan,0
235195905,235195677,0.84999996,nan,nan,nan,nan,nan,nan,nan,nan,nan,nan,nan,0
235296933,235296649,0.84999996,nan,nan,nan,nan,nan,nan,nan,nan,nan,nan,nan,0
235397856,235397621,0.84999996,nan,nan,nan,nan,nan,nan,nan,nan,nan,nan,nan,0
235496361,235496131,0.84999996,nan,nan,nan,nan,nan,nan,nan,nan,nan,nan,nan,0
235597330,235597104,0.84999996,nan,nan,nan,nan,nan,nan,nan,nan,nan,nan,nan,0
235695846,235695613,0.8466232,nan,nan,nan,nan,nan,nan,nan,nan,nan,nan,nan,0
235796814,235796585,0.84440076,nan,nan,nan,nan,nan,nan,nan,nan,nan,nan,nan,0
235895324,235895095,0.84378994,nan,nan,nan,nan,nan,nan,nan,nan,nan,nan,nan,0
235996294,235996067,0.8327347,nan,nan,nan,nan,nan,nan,nan,nan,nan,nan,nan,0
236099731,236099502,0.83622646,nan,nan,nan,nan,nan,nan,nan,nan,nan,nan,nan,0
236195787,236195549,0.82972157,nan,nan,nan,nan,nan,nan,nan,nan,nan,nan,nan,0
236299211,236298984,0.829296,nan,nan,nan,nan,nan,nan,nan,nan,nan,nan,nan,0
236395262,236395031,0.83815736,nan,nan,nan,nan,nan,nan,nan,nan,nan,nan,nan,0
236498705,236498466,0.8293548,nan,nan,nan,nan,nan,nan,nan,nan,nan,nan,nan,0
236594765,236594513,0.83810365,nan,nan,nan,nan,nan,nan,nan,nan,nan,nan,nan,0
236698195,236697948,0.8421063,nan,nan,nan,nan,nan,nan,nan,nan,nan,nan,nan,0
236799150,236798921,0.83881104,nan,nan,nan,nan,nan,nan,nan,nan,nan,nan,nan,0
236897685,236897430,0.84999996,nan,nan,nan,nan,nan,nan,nan,nan,nan,nan,nan,0
236998654,236998403,0.8449741,nan,nan,nan,nan,nan,nan,nan,nan,nan,nan,nan,0
237097141,237096912,0.84999996,nan,nan,nan,nan,nan,nan,nan,nan,nan,nan,nan,0
237198110,237197885,0.84999996,nan,nan,nan,nan,nan,nan,nan,nan,nan,nan,nan,0
237296633,237296394,0.84999996,nan,nan,nan,nan,nan,nan,nan,nan,nan,nan,nan,0
237397595,237397366,0.84999996,nan,nan,nan,nan,nan,nan,nan,nan,nan,nan,nan,0
237498566,237498339,0.84999996,nan,nan,nan,nan,nan,nan,nan,nan,nan,nan,nan,0
237597074,237596848,0.84999996,nan,nan,nan,nan,nan,nan,nan,nan,nan,nan,nan,0
237698066,237697820,0.84999996,nan,nan,nan,nan,nan,nan,nan,nan,nan,nan,nan,0
237796557,237796330,0.84999996,nan,nan,nan,nan,nan,nan,nan,nan,nan,nan,nan,0
237897533,237897302,0.84999996,nan,nan,nan,nan,nan,nan,nan,nan,nan,nan,nan,0
237996038,237995812,0.84999996,nan,nan,nan,nan,nan,nan,nan,nan,nan,nan,nan,0
238097012,238096784,0.84999996,nan,nan,nan,nan,nan,nan,nan,nan,nan,nan,nan,0
238197982,238197756,0.84999996,nan,nan,nan,nan,nan,nan,nan,nan,nan,nan,nan,0
238296491,238296266,0.8444718,nan,nan,nan,nan,nan,nan,nan,nan,nan,nan,nan,0
238397465,238397238,0.84768605,nan,nan,nan,nan,nan,nan,nan,nan,nan,nan,nan,0
238495976,238495747,0.8407263,nan,nan,nan,nan,nan,nan,nan,nan,nan,nan,nan,0
238596945,238596719,0.8303623,nan,nan,nan,nan,nan,nan,nan,nan,nan,nan,nan,0
238695481,238695229,0.8321576,nan,nan,nan,nan,nan,nan,nan,nan,nan,nan,nan,0
238796429,238796201,0.81998473,nan,nan,nan,nan,nan,nan,nan,nan,nan,nan,nan,0
238899869,238899636,0.81248933,nan,nan,nan,nan,nan,nan,nan,nan,nan,nan,nan,0
238995907,238995683,0.8083185,nan,nan,nan,nan,nan,nan,nan,nan,nan,nan,nan,0
239099359,239099118,0.79723215,nan,nan,nan,nan,nan,nan,nan,nan,nan,nan,nan,0
239197863,239197629,0.8051816,nan,nan,nan,nan,nan,nan,nan,nan,nan,nan,nan,0
239298828,239298599,0.7943919,nan,nan,nan,nan,nan,nan,nan,nan,nan,nan,nan,0
239394874,239394646,0.78330266,nan,nan,nan,nan,nan,nan,nan,nan,nan,nan,nan,0
239498308,239498081,0.7804206,nan,nan,nan,nan,nan,nan,nan,nan,nan,nan,nan,0
239596819,239596590,0.76934505,nan,nan,nan,nan,nan,nan,nan,nan,nan,nan,nan,0
239697789,239697562,0.7683652,nan,nan,nan,nan,nan,nan,nan,nan,nan,nan,nan,0
239798761,239798535,0.7701808,nan,nan,nan,nan,nan,nan,nan,nan,nan,nan,nan,0
239897271,239897044,0.75909805,nan,nan,nan,nan,nan,nan,nan,nan,nan,nan,nan,0
239998244,239998016,0.7672706,nan,nan,nan,nan,nan,nan,nan,nan,nan,nan,nan,0
240096954,240096526,0.76912445,nan,nan,nan,nan,nan,nan,nan,nan,nan,nan,nan,0
240197725,240197498,0.7606743,nan,nan,nan,nan,nan,nan,nan,nan,nan,nan,nan,0
240298702,240298470,0.76950437,nan,nan,nan,nan,nan,nan,nan,nan,nan,nan,nan,0
240397207,240396980,0.7655029,nan,nan,nan,nan,nan,nan,nan,nan,nan,nan,nan,0
240498194,240497952,0.7615845,nan,nan,nan,nan,nan,nan,nan,nan,nan,nan,nan,0
240596703,240596461,0.7708944,nan,nan,nan,nan,nan,nan,nan,nan,nan,nan,nan,0
240697664,240697434,0.7656399,nan,nan,nan,nan,nan,nan,nan,nan,nan,nan,nan,0
240796188,240795943,0.77015144,nan,nan,nan,nan,nan,nan,nan,nan,nan,nan,nan,0
240897142,240896915,0.781234,nan,nan,nan,nan,nan,nan,nan,nan,nan,nan,nan,0
240998134,240997887,0.7763096,nan,nan,nan,nan,nan,nan,nan,nan,nan,nan,nan,0
241096628,241096397,0.78155893,nan,nan,nan,nan,nan,nan,nan,nan,nan,nan,nan,0
241197611,241197369,0.78374165,nan,nan,nan,nan,nan,nan,nan,nan,nan,nan,nan,0
241296106,241295879,0.7726634,nan,nan,nan,nan,nan,nan,nan,nan,nan,nan,nan,0
241397095,241396851,0.7766989,nan,nan,nan,nan,nan,nan,nan,nan,nan,nan,nan,0
241495587,241495360,0.77240914,nan,nan,nan,nan,nan,nan,nan,nan,nan,nan,nan,0
241596573,241596333,0.76132256,nan,nan,nan,nan,nan,nan,nan,nan,nan,nan,nan,0
241699994,241699767,0.7686514,nan,nan,nan,nan,nan,nan,nan,nan,nan,nan,nan,0
241796060,241795814,0.76093054,nan,nan,nan,nan,nan,nan,nan,nan,nan,nan,nan,0
241899508,241899249,0.7498438,nan,nan,nan,nan,nan,nan,nan,nan,nan,nan,nan,0
241995539,241995296,0.75271094,nan,nan,nan,nan,nan,nan,nan,nan,nan,nan,nan,0
242098964,242098731,0.74510866,nan,nan,nan,nan,nan,nan,nan,nan,nan,nan,nan,0
242195021,242194777,0.73710984,nan,nan,nan,nan,nan,nan,nan,nan,nan,nan,nan,0
242298445,242298212,0.7406438,nan,nan,nan,nan,nan,nan,nan,nan,nan,nan,nan,0
242399411,242399184,0.72955287,nan,nan,nan,nan,nan,nan,nan,nan,nan,nan,nan,0
242497922,242497693,0.7263663,nan,nan,nan,nan,nan,nan,nan,nan,nan,nan,nan,0
242598892,242598665,0.729999,nan,nan,nan,nan,nan,nan,nan,nan,nan,nan,nan,0
242697407,242697174,0.7212591,nan,nan,nan,nan,nan,nan,nan,nan,nan,nan,nan,0
242798372,242798146,0.71667445,nan,nan,nan,nan,nan,nan,nan,nan,nan,nan,nan,0
242896905,242896656,0.71629846,nan,nan,nan,nan,nan,nan,nan,nan,nan,nan,nan,0
242997860,242997628,0.7051927,nan,nan,nan,nan,nan,nan,nan,nan,nan,nan,nan,0
243096365,243096137,0.6985118,nan,nan,nan,nan,nan,nan,nan,nan,nan,nan,nan,0
243197336,243197109,0.7045896,nan,nan,nan,nan,nan,nan,nan,nan,nan,nan,nan,0
243298310,243298081,0.69351226,nan,nan,nan,nan,nan,nan,nan,nan,nan,nan,nan,0
243396823,243396590,0.6926,nan,nan,nan,nan,nan,nan,nan,nan,nan,nan,nan,0
243497787,243497562,0.70149547,nan,nan,nan,nan,nan,nan,nan,nan,nan,nan,nan,0
243596296,243596071,0.693656,nan,nan,nan,nan,nan,nan,nan,nan,nan,nan,nan,0
243697273,243697043,0.692101,nan,nan,nan,nan,nan,nan,nan,nan,nan,nan,nan,0
243795781,243795552,0.7032173,nan,nan,nan,nan,nan,nan,nan,nan,nan,nan,nan,0
243896752,243896524,0.6996396,nan,nan,nan,nan,nan,nan,nan,nan,nan,nan,nan,0
243997726,243997495,0.70129293,nan,nan,nan,nan,nan,nan,nan,nan,nan,nan,nan,0
244096234,244096005,0.7121999,nan,nan,nan,nan,nan,nan,nan,nan,nan,nan,nan,0
244197203,244196977,0.70378333,nan,nan,nan,nan,nan,nan,nan,nan,nan,nan,nan,0
244295715,244295486,0.694627,nan,nan,nan,nan,nan,nan,nan,nan,nan,nan,nan,0
244396710,244396457,0.70024216,nan,nan,nan,nan,nan,nan,nan,nan,nan,nan,nan,0
244497658,244497429,0.68916965,nan,nan,nan,nan,nan,nan,nan,nan,nan,nan,nan,0
244596165,244595938,0.6780517,nan,nan,nan,nan,nan,nan,nan,nan,nan,nan,nan,0
244697139,244696910,0.6801618,nan,nan,nan,nan,nan,nan,nan,nan,nan,nan,nan,0
244795653,244795419,0.6702022,nan,nan,nan,nan,nan,nan,nan,nan,nan,nan,nan,0
244896616,244896391,0.6590986,nan,nan,nan,nan,nan,nan,nan,nan,nan,nan,nan,0
244995126,244994900,0.6627667,nan,nan,nan,nan,nan,nan,nan,nan,nan,nan,nan,0
245096271,245095872,0.659687,nan,nan,nan,nan,nan,nan,nan,nan,nan,nan,nan,0
245199538,245199307,0.65348005,nan,nan,nan,nan,nan,nan,nan,nan,nan,nan,nan,0
245298063,245297816,0.6600614,nan,nan,nan,nan,nan,nan,nan,nan,nan,nan,nan,0
245399026,245398788,0.6621688,nan,nan,nan,nan,nan,nan,nan,nan,nan,nan,nan,0
245497523,245497297,0.654083,nan,nan,nan,nan,nan,nan,nan,nan,nan,nan,nan,0
245598500,245598269,0.66175085,nan,nan,nan,nan,nan,nan,nan,nan,nan,nan,nan,0
245697007,245696778,0.671907,nan,nan,nan,nan,nan,nan,nan,nan,nan,nan,nan,0
245797976,245797749,0.6642819,nan,nan,nan,nan,nan,nan,nan,nan,nan,nan,nan,0
245898953,245898721,0.67126036,nan,nan,nan,nan,nan,nan,nan,nan,nan,nan,nan,0
245997461,245997230,0.68234473,nan,nan,nan,nan,nan,nan,nan,nan,nan,nan,nan,0
246098427,246098202,0.6794228,nan,nan,nan,nan,nan,nan,nan,nan,nan,nan,nan,0
246196936,246196711,0.68712056,nan,nan,nan,nan,nan,nan,nan,nan,nan,nan,nan,0
246297933,246297683,0.69820374,nan,nan,nan,nan,nan,nan,nan,nan,nan,nan,nan,0
246396422,246396192,0.7001888,nan,nan,nan,nan,nan,nan,nan,nan,nan,nan,nan,0
246497388,246497164,0.70286554,nan,nan,nan,nan,nan,nan,nan,nan,nan,nan,nan,0
246598363,246598136,0.7135172,nan,nan,nan,nan,nan,nan,nan,nan,nan,nan,nan,0
246696871,246696645,0.70951295,nan,nan,nan,nan,nan,nan,nan,nan,nan,nan,nan,0
246797848,246797617,0.7089802,nan,nan,nan,nan,nan,nan,nan,nan,nan,nan,nan,0
246896353,246896126,0.718643,nan,nan,nan,nan,nan,nan,nan,nan,nan,nan,nan,0
246997328,246997097,0.7076585,nan,nan,nan,nan,nan,nan,nan,nan,nan,nan,nan,0
247095855,247095606,0.7021394,nan,nan,nan,nan,nan,nan,nan,nan,nan,nan,nan,0
247196824,247196578,0.7086219,nan,nan,nan,nan,nan,nan,nan,nan,nan,nan,nan,0
247297814,247297550,0.7033152,nan,nan,nan,nan,nan,nan,nan,nan,nan,nan,nan,0
247396286,247396059,0.70226866,nan,nan,nan,nan,nan,nan,nan,nan,nan,nan,nan,0
247497263,247497031,0.7055241,nan,nan,nan,nan,nan,nan,nan,nan,nan,nan,nan,0
247595767,247595540,0.6954733,nan,nan,nan,nan,nan,nan,nan,nan,nan,nan,nan,0
247696741,247696511,0.6874002,nan,nan,nan,nan,nan,nan,nan,nan,nan,nan,nan,0
247795251,247795020,0.6931305,nan,nan,nan,nan,nan,nan,nan,nan,nan,nan,nan,0
247896219,247895992,0.6820559,nan,nan,nan,nan,nan,nan,nan,nan,nan,nan,nan,0
247999659,247999426,0.67107034,nan,nan,nan,nan,nan,nan,nan,nan,nan,nan,nan,0
248095730,248095472,0.67608964,nan,nan,nan,nan,nan,nan,nan,nan,nan,nan,nan,0
248199146,248198907,0.67067254,nan,nan,nan,nan,nan,nan,nan,nan,nan,nan,nan,0
248295272,248294953,0.6644137,nan,nan,nan,nan,nan,nan,nan,nan,nan,nan,nan,0
248398614,248398388,0.6686365,nan,nan,nan,nan,nan,nan,nan,nan,nan,nan,nan,0
248494682,248494434,0.66303825,nan,nan,nan,nan,nan,nan,nan,nan,nan,nan,nan,0
248598097,248597868,0.65196276,nan,nan,nan,nan,nan,nan,nan,nan,nan,nan,nan,0
248699083,248698840,0.6505877,nan,nan,nan,nan,nan,nan,nan,nan,nan,nan,nan,0
248797574,248797349,0.6544256,nan,nan,nan,nan,nan,nan,nan,nan,nan,nan,nan,0
248898562,248898320,0.645107,nan,nan,nan,nan,nan,nan,nan,nan,nan,nan,nan,0
248997059,248996829,0.65307033,nan,nan,nan,nan,nan,nan,nan,nan,nan,nan,nan,0
249098045,249097801,0.6625796,nan,nan,nan,nan,nan,nan,nan,nan,nan,nan,nan,0
249196536,249196310,0.6517448,nan,nan,nan,nan,nan,nan,nan,nan,nan,nan,nan,0
249297525,249297281,0.6531207,nan,nan,nan,nan,nan,nan,nan,nan,nan,nan,nan,0
249398501,249398253,0.66529596,nan,nan,nan,nan,nan,nan,nan,nan,nan,nan,nan,0
249496991,249496762,0.6603283,nan,nan,nan,nan,nan,nan,nan,nan,nan,nan,nan,0
249597962,249597733,0.66067916,nan,nan,nan,nan,nan,nan,nan,nan,nan,nan,nan,0
249696491,249696242,0.6712701,nan,nan,nan,nan,nan,nan,nan,nan,nan,nan,nan,0
249797439,249797214,0.67542946,nan,nan,nan,nan,nan,nan,nan,nan,nan,nan,nan,0
249895963,249895723,0.67786086,nan,nan,nan,nan,nan,nan,nan,nan,nan,nan,nan,0
249996922,249996694,0.6889364,nan,nan,nan,nan,nan,nan,nan,nan,nan,nan,nan,0
250097901,250097666,0.7011635,nan,nan,nan,nan,nan,nan,nan,nan,nan,nan,nan,0
250196400,250196174,0.71220183,nan,nan,nan,nan,nan,nan,nan,nan,nan,nan,nan,0
250297394,250297146,0.72329116,nan,nan,nan,nan,nan,nan,nan,nan,nan,nan,nan,0
250395882,250395655,0.7343701,nan,nan,nan,nan,nan,nan,nan,nan,nan,nan,nan,0
250496856,250496628,0.73615754,nan,nan,nan,nan,nan,nan,nan,nan,nan,nan,nan,0
250595360,250595135,0.74165773,nan,nan,nan,nan,nan,nan,nan,nan,nan,nan,nan,0
250696337,250696107,0.735938,nan,nan,nan,nan,nan,nan,nan,nan,nan,nan,nan,0
250799771,250799541,0.7250719,nan,nan,nan,nan,nan,nan,nan,nan,nan,nan,nan,0
250895813,250895587,0.7315918,nan,nan,nan,nan,nan,nan,nan,nan,nan,nan,nan,0
250999249,250999021,0.7220767,nan,nan,nan,nan,nan,nan,nan,nan,nan,nan,nan,0
251095300,251095067,0.71099055,nan,nan,nan,nan,nan,nan,nan,nan,nan,nan,nan,0
251198734,251198501,0.71323586,nan,nan,nan,nan,nan,nan,nan,nan,nan,nan,nan,0
251294792,251294547,0.7042237,nan,nan,nan,nan,nan,nan,nan,nan,nan,nan,nan,0
251398208,251397982,0.6920458,nan,nan,nan,nan,nan,nan,nan,nan,nan,nan,nan,0
251499183,251498953,0.68783164,nan,nan,nan,nan,nan,nan,nan,nan,nan,nan,nan,0
251597698,251597462,0.67926455,nan,nan,nan,nan,nan,nan,nan,nan,nan,nan,nan,0
251698665,251698433,0.6695556,nan,nan,nan,nan,nan,nan,nan,nan,nan,nan,nan,0
251797169,251796942,0.68060803,nan,nan,nan,nan,nan,nan,nan,nan,nan,nan,nan,0
251898143,251897913,0.6916975,nan,nan,nan,nan,nan,nan,nan,nan,nan,nan,nan,0
251996670,251996422,0.70159405,nan,nan,nan,nan,nan,nan,nan,nan,nan,nan,nan,0
252097622,252097394,0.7126878,nan,nan,nan,nan,nan,nan,nan,nan,nan,nan,nan,0
252198625,252198365,0.72375464,nan,nan,nan,nan,nan,nan,nan,nan,nan,nan,nan,0
252297103,252296874,0.7348416,nan,nan,nan,nan,nan,nan,nan,nan,nan,nan,nan,0
252398072,252397845,0.74592847,nan,nan,nan,nan,nan,nan,nan,nan,nan,nan,nan,0
252496579,252496354,0.7570282,nan,nan,nan,nan,nan,nan,nan,nan,nan,nan,nan,0
252597553,252597325,0.7680801,nan,nan,nan,nan,nan,nan,nan,nan,nan,nan,nan,0
252696080,252695834,0.780282,nan,nan,nan,nan,nan,nan,nan,nan,nan,nan,nan,0
252797029,252796806,0.79135764,nan,nan,nan,nan,nan,nan,nan,nan,nan,nan,nan,0
252898006,252897777,0.80244356,nan,nan,nan,nan,nan,nan,nan,nan,nan,nan,nan,0
252996516,252996286,0.8135177,nan,nan,nan,nan,nan,nan,nan,nan,nan,nan,nan,0
253097483,253097257,0.82462794,nan,nan,nan,nan,nan,nan,nan,nan,nan,nan,nan,0
253195990,253195766,0.8325129,nan,nan,nan,nan,nan,nan,nan,nan,nan,nan,nan,0
253296964,253296737,0.83793867,nan,nan,nan,nan,nan,nan,nan,nan,nan,nan,nan,0
253395475,253395246,0.829974,nan,nan,nan,nan,nan,nan,nan,nan,nan,nan,nan,0
253496444,253496218,0.8374308,nan,nan,nan,nan,nan,nan,nan,nan,nan,nan,nan,0
253599876,253599652,0.8272608,nan,nan,nan,nan,nan,nan,nan,nan,nan,nan,nan,0
253695943,253695698,0.8182485,nan,nan,nan,nan,nan,nan,nan,nan,nan,nan,nan,0
253799359,253799132,0.820155,nan,nan,nan,nan,nan,nan,nan,nan,nan,nan,nan,0
253895403,253895178,0.80933,nan,nan,nan,nan,nan,nan,nan,nan,nan,nan,nan,0
253998842,253998612,0.80448824,nan,nan,nan,nan,nan,nan,nan,nan,nan,nan,nan,0
254094887,254094658,0.80044466,nan,nan,nan,nan,nan,nan,nan,nan,nan,nan,nan,0
254198318,254198092,0.7893868,nan,nan,nan,nan,nan,nan,nan,nan,nan,nan,nan,0
254299292,254299064,0.79660195,nan,nan,nan,nan,nan,nan,nan,nan,nan,nan,nan,0
254397797,254397572,0.78801703,nan,nan,nan,nan,nan,nan,nan,nan,nan,nan,nan,0
254498776,254498544,0.7816368,nan,nan,nan,nan,nan,nan,nan,nan,nan,nan,nan,0
254597293,254597052,0.78997904,nan,nan,nan,nan,nan,nan,nan,nan,nan,nan,nan,0
254698263,254698024,0.7797536,nan,nan,nan,nan,nan,nan,nan,nan,nan,nan,nan,0
254796757,254796532,0.7825015,nan,nan,nan,nan,nan,nan,nan,nan,nan,nan,nan,0
254897752,254897504,0.79273087,nan,nan,nan,nan,nan,nan,nan,nan,nan,nan,nan,0
254996240,254996013,0.7870068,nan,nan,nan,nan,nan,nan,nan,nan,nan,nan,nan,0
255097211,255096984,0.79660887,nan,nan,nan,nan,nan,nan,nan,nan,nan,nan,nan,0
255198227,255197955,0.80769324,nan,nan,nan,nan,nan,nan,nan,nan,nan,nan,nan,0
255296696,255296464,0.81125325,nan,nan,nan,nan,nan,nan,nan,nan,nan,nan,nan,0
255397679,255397436,0.82344145,nan,nan,nan,nan,nan,nan,nan,nan,nan,nan,nan,0
255496169,255495944,0.8287045,nan,nan,nan,nan,nan,nan,nan,nan,nan,nan,nan,0
255597160,255596916,0.8373791,nan,nan,nan,nan,nan,nan,nan,nan,nan,nan,nan,0
255698114,255697887,0.8484571,nan,nan,nan,nan,nan,nan,nan,nan,nan,nan,nan,0
255796638,255796396,0.84107894,nan,nan,nan,nan,nan,nan,nan,nan,nan,nan,nan,0
255897596,255897367,0.84977806,nan,nan,nan,nan,nan,nan,nan,nan,nan,nan,nan,0
255996120,255995876,0.84624606,nan,nan,nan,nan,nan,nan,nan,nan,nan,nan,nan,0
256097091,256096847,0.8432331,nan,nan,nan,nan,nan,nan,nan,nan,nan,nan,nan,0
256195595,256195356,0.84962195,nan,nan,nan,nan,nan,nan,nan,nan,nan,nan,nan,0
256296556,256296327,0.8385405,nan,nan,nan,nan,nan,nan,nan,nan,nan,nan,nan,0
256400012,256399761,0.83409667,nan,nan,nan,nan,nan,nan,nan,nan,nan,nan,nan,0
256496035,256495807,0.82985646,nan,nan,nan,nan,nan,nan,nan,nan,nan,nan,nan,0
256599472,256599241,0.81654876,nan,nan,nan,nan,nan,nan,nan,nan,nan,nan,nan,0
256695515,256695287,0.8133783,nan,nan,nan,nan,nan,nan,nan,nan,nan,nan,nan,0
256798966,256798721,0.8022851,nan,nan,nan,nan,nan,nan,nan,nan,nan,nan,nan,0
256894995,256894767,0.79676193,nan,nan,nan,nan,nan,nan,nan,nan,nan,nan,nan,0
256998431,256998201,0.80479705,nan,nan,nan,nan,nan,nan,nan,nan,nan,nan,nan,0
257099416,257099172,0.7955777,nan,nan,nan,nan,nan,nan,nan,nan,nan,nan,nan,0
257197914,257197681,0.8009306,nan,nan,nan,nan,nan,nan,nan,nan,nan,nan,nan,0
257298878,257298652,0.80414015,nan,nan,nan,nan,nan,nan,nan,nan,nan,nan,nan,0
257397571,257397161,0.7966628,nan,nan,nan,nan,nan,nan,nan,nan,nan,nan,nan,0
257498365,257498132,0.80774844,nan,nan,nan,nan,nan,nan,nan,nan,nan,nan,nan,0
257596889,257596641,0.806723,nan,nan,nan,nan,nan,nan,nan,nan,nan,nan,nan,0
257697861,257697612,0.8069855,nan,nan,nan,nan,nan,nan,nan,nan,nan,nan,nan,0
257798833,257798583,0.81807417,nan,nan,nan,nan,nan,nan,nan,nan,nan,nan,nan,0
257897321,257897092,0.8150099,nan,nan,nan,nan,nan,nan,nan,nan,nan,nan,nan,0
257998319,257998063,0.8206119,nan,nan,nan,nan,nan,nan,nan,nan,nan,nan,nan,0
258096799,258096571,0.82971835,nan,nan,nan,nan,nan,nan,nan,nan,nan,nan,nan,0
258197773,258197543,0.8212992,nan,nan,nan,nan,nan,nan,nan,nan,nan,nan,nan,0
258296278,258296051,0.83115333,nan,nan,nan,nan,nan,nan,nan,nan,nan,nan,nan,0
258397251,258397022,0.8333158,nan,nan,nan,nan,nan,nan,nan,nan,nan,nan,nan,0
258498222,258497993,0.8327701,nan,nan,nan,nan,nan,nan,nan,nan,nan,nan,nan,0
258596735,258596502,0.8438522,nan,nan,nan,nan,nan,nan,nan,nan,nan,nan,nan,0
258697699,258697473,0.83776027,nan,nan,nan,nan,nan,nan,nan,nan,nan,nan,nan,0
258796206,258795982,0.84458727,nan,nan,nan,nan,nan,nan,nan,nan,nan,nan,nan,0
258897183,258896953,0.84999996,nan,nan,nan,nan,nan,nan,nan,nan,nan,nan,nan,0
258995710,258995461,0.8494065,nan,nan,nan,nan,nan,nan,nan,nan,nan,nan,nan,0
259096661,259096432,0.84999996,nan,nan,nan,nan,nan,nan,nan,nan,nan,nan,nan,0
259197636,259197404,0.84999996,nan,nan,nan,nan,nan,nan,nan,nan,nan,nan,nan,0
259296140,259295912,0.84999996,nan,nan,nan,nan,nan,nan,nan,nan,nan,nan,nan,0
259397110,259396883,0.84999996,nan,nan,nan,nan,nan,nan,nan,nan,nan,nan,nan,0
259495617,259495392,0.84999996,nan,nan,nan,nan,nan,nan,nan,nan,nan,nan,nan,0
259599053,259598825,0.84999996,nan,nan,nan,nan,nan,nan,nan,nan,nan,nan,nan,0
259695100,259694871,0.84999996,nan,nan,nan,nan,nan,nan,nan,nan,nan,nan,nan,0
259798535,259798305,0.84999996,nan,nan,nan,nan,nan,nan,nan,nan,nan,nan,nan,0
259894576,259894351,0.84999996,nan,nan,nan,nan,nan,nan,nan,nan,nan,nan,nan,0
259998027,259997785,0.84999996,nan,nan,nan,nan,nan,nan,nan,nan,nan,nan,nan,0
260098983,260098756,0.84999996,nan,nan,nan,nan,nan,nan,nan,nan,nan,nan,nan,0
260197495,260197264,0.84999996,nan,nan,nan,nan,nan,nan,nan,nan,nan,nan,nan,0
260298461,260298235,0.84999996,nan,nan,nan,nan,nan,nan,nan,nan,nan,nan,nan,0
260396977,260396744,0.84999996,nan,nan,nan,nan,nan,nan,nan,nan,nan,nan,nan,0
260497942,260497715,0.84999996,nan,nan,nan,nan,nan,nan,nan,nan,nan,nan,nan,0
260596454,260596223,0.84999996,nan,nan,nan,nan,nan,nan,nan,nan,nan,nan,nan,0
260697419,260697195,0.84999996,nan,nan,nan,nan,nan,nan,nan,nan,nan,nan,nan,0
260798395,260798166,0.84999996,nan,nan,nan,nan,nan,nan,nan,nan,nan,nan,nan,0
260896905,260896674,0.84999996,nan,nan,nan,nan,nan,nan,nan,nan,nan,nan,nan,0
260997913,260997645,0.84999996,nan,nan,nan,nan,nan,nan,nan,nan,nan,nan,nan,0
261096379,261096154,0.84999996,nan,nan,nan,nan,nan,nan,nan,nan,nan,nan,nan,0
261197356,261197125,0.84999996,nan,nan,nan,nan,nan,nan,nan,nan,nan,nan,nan,0
261298321,261298096,0.84999996,nan,nan,nan,nan,nan,nan,nan,nan,nan,nan,nan,0
261396837,261396604,0.84999996,nan,nan,nan,nan,nan,nan,nan,nan,nan,nan,nan,0
261497816,261497576,0.84999996,nan,nan,nan,nan,nan,nan,nan,nan,nan,nan,nan,0
261596326,261596084,0.84999996,nan,nan,nan,nan,nan,nan,nan,nan,nan,nan,nan,0
261697280,261697055,0.84999996,nan,nan,nan,nan,nan,nan,nan,nan,nan,nan,nan,0
261795790,261795563,0.84999996,nan,nan,nan,nan,nan,nan,nan,nan,nan,nan,nan,0
261896763,261896535,0.84999996,nan,nan,nan,nan,nan,nan,nan,nan,nan,nan,nan,0
261997735,261997505,0.84999996,nan,nan,nan,nan,nan,nan,nan,nan,nan,nan,nan,0
262096239,262096014,0.84999996,nan,nan,nan,nan,nan,nan,nan,nan,nan,nan,nan,0
262197214,262196985,0.84999996,nan,nan,nan,nan,nan,nan,nan,nan,nan,nan,nan,0
262295727,262295493,0.84999996,nan,nan,nan,nan,nan,nan,nan,nan,nan,nan,nan,0
262396694,262396464,0.84999996,nan,nan,nan,nan,nan,nan,nan,nan,nan,nan,nan,0
262495243,262494973,0.84999996,nan,nan,nan,nan,nan,nan,nan,nan,nan,nan,nan,0
262596172,262595944,0.84999996,nan,nan,nan,nan,nan,nan,nan,nan,nan,nan,nan,0
262699623,262699378,0.84999996,nan,nan,nan,nan,nan,nan,nan,nan,nan,nan,nan,0
262795653,262795423,0.84999996,nan,nan,nan,nan,nan,nan,nan,nan,nan,nan,nan,0
262899098,262898857,0.84999996,nan,nan,nan,nan,nan,nan,nan,nan,nan,nan,nan,0
262995143,262994902,0.84999996,nan,nan,nan,nan,nan,nan,nan,nan,nan,nan,nan,0
263098579,263098336,0.84999996,nan,nan,nan,nan,nan,nan,nan,nan,nan,nan,nan,0
263194610,263194382,0.84999996,nan,nan,nan,nan,nan,nan,nan,nan,nan,nan,nan,0
263298059,263297815,0.84999996,nan,nan,nan,nan,nan,nan,nan,nan,nan,nan,nan,0
263399016,263398786,0.84999996,nan,nan,nan,nan,nan,nan,nan,nan,nan,nan,nan,0
263497586,263497296,0.84999996,nan,nan,nan,nan,nan,nan,nan,nan,nan,nan,nan,0
263598491,263598266,0.84999996,nan,nan,nan,nan,nan,nan,nan,nan,nan,nan,nan,0
263697016,263696774,0.84999996,nan,nan,nan,nan,nan,nan,nan,nan,nan,nan,nan,0
263797974,263797745,0.84999996,nan,nan,nan,nan,nan,nan,nan,nan,nan,nan,nan,0
263896483,263896253,0.84999996,nan,nan,nan,nan,nan,nan,nan,nan,nan,nan,nan,0
263997471,263997224,0.84999996,nan,nan,nan,nan,nan,nan,nan,nan,nan,nan,nan,0
264098423,264098195,0.84999996,nan,nan,nan,nan,nan,nan,nan,nan,nan,nan,nan,0
264196933,264196704,0.84999996,nan,nan,nan,nan,nan,nan,nan,nan,nan,nan,nan,0
264297904,264297675,0.84999996,nan,nan,nan,nan,nan,nan,nan,nan,nan,nan,nan,0
264396410,264396183,0.84999996,nan,nan,nan,nan,nan,nan,nan,nan,nan,nan,nan,0
264497381,264497154,0.84999996,nan,nan,nan,nan,nan,nan,nan,nan,nan,nan,nan,0
264595892,264595662,0.84999996,nan,nan,nan,nan,nan,nan,nan,nan,nan,nan,nan,0
264696859,264696633,0.84999996,nan,nan,nan,nan,nan,nan,nan,nan,nan,nan,nan,0
264797833,264797604,0.84999996,nan,nan,nan,nan,nan,nan,nan,nan,nan,nan,nan,0
264896358,264896112,0.84999996,nan,nan,nan,nan,nan,nan,nan,nan,nan,nan,nan,0
264997310,264997083,0.84999996,nan,nan,nan,nan,nan,nan,nan,nan,nan,nan,nan,0
265095828,265095591,0.84999996,nan,nan,nan,nan,nan,nan,nan,nan,nan,nan,nan,0
265196790,265196562,0.84999996,nan,nan,nan,nan,nan,nan,nan,nan,nan,nan,nan,0
265295301,265295071,0.84999996,nan,nan,nan,nan,nan,nan,nan,nan,nan,nan,nan,0
265396266,265396041,0.84999996,nan,nan,nan,nan,nan,nan,nan,nan,nan,nan,nan,0
265499706,265499475,0.84999996,nan,nan,nan,nan,nan,nan,nan,nan,nan,nan,nan,0
265595750,265595520,0.84999996,nan,nan,nan,nan,nan,nan,nan,nan,nan,nan,nan,0
265699182,265698954,0.84999996,nan,nan,nan,nan,nan,nan,nan,nan,nan,nan,nan,0
265795228,265795000,0.84999996,nan,nan,nan,nan,nan,nan,nan,nan,nan,nan,nan,0
265898676,265898433,0.84999996,nan,nan,nan,nan,nan,nan,nan,nan,nan,nan,nan,0
265994712,265994478,0.84999996,nan,nan,nan,nan,nan,nan,nan,nan,nan,nan,nan,0
266098140,266097912,0.84999996,nan,nan,nan,nan,nan,nan,nan,nan,nan,nan,nan,0
266199109,266198883,0.84973735,nan,nan,nan,nan,nan,nan,nan,nan,nan,nan,nan,0
266297618,266297391,0.84999996,nan,nan,nan,nan,nan,nan,nan,nan,nan,nan,nan,0
266398589,266398362,0.8484983,nan,nan,nan,nan,nan,nan,nan,nan,nan,nan,nan,0
266497109,266496870,0.8442666,nan,nan,nan,nan,nan,nan,nan,nan,nan,nan,nan,0
266598068,266597841,0.84999996,nan,nan,nan,nan,nan,nan,nan,nan,nan,nan,nan,0
266696577,266696349,0.84229237,nan,nan,nan,nan,nan,nan,nan,nan,nan,nan,nan,0
266797547,266797320,0.8484783,nan,nan,nan,nan,nan,nan,nan,nan,nan,nan,nan,0
266896073,266895828,0.84999996,nan,nan,nan,nan,nan,nan,nan,nan,nan,nan,nan,0
266997025,266996799,0.844751,nan,nan,nan,nan,nan,nan,nan,nan,nan,nan,nan,0
267097999,267097770,0.84999996,nan,nan,nan,nan,nan,nan,nan,nan,nan,nan,nan,0
267196505,267196278,0.8440204,nan,nan,nan,nan,nan,nan,nan,nan,nan,nan,nan,0
267297476,267297249,0.8404765,nan,nan,nan,nan,nan,nan,nan,nan,nan,nan,nan,0
267396001,267395757,0.844719,nan,nan,nan,nan,nan,nan,nan,nan,nan,nan,nan,0
267496956,267496728,0.83562446,nan,nan,nan,nan,nan,nan,nan,nan,nan,nan,nan,0
267597926,267597699,0.84360325,nan,nan,nan,nan,nan,nan,nan,nan,nan,nan,nan,0
267696438,267696207,0.84553397,nan,nan,nan,nan,nan,nan,nan,nan,nan,nan,nan,0
267797422,267797177,0.8430677,nan,nan,nan,nan,nan,nan,nan,nan,nan,nan,nan,0
267895934,267895686,0.84999996,nan,nan,nan,nan,nan,nan,nan,nan,nan,nan,nan,0
267996904,267996656,0.8484839,nan,nan,nan,nan,nan,nan,nan,nan,nan,nan,nan,0
268095390,268095164,0.84999996,nan,nan,nan,nan,nan,nan,nan,nan,nan,nan,nan,0
268198845,268198598,0.84999996,nan,nan,nan,nan,nan,nan,nan,nan,nan,nan,nan,0
268299830,268299569,0.84999996,nan,nan,nan,nan,nan,nan,nan,nan,nan,nan,nan,0
268395857,268395614,0.84999996,nan,nan,nan,nan,nan,nan,nan,nan,nan,nan,nan,0
268499272,268499047,0.84999996,nan,nan,nan,nan,nan,nan,nan,nan,nan,nan,nan,0
268595324,268595093,0.84999996,nan,nan,nan,nan,nan,nan,nan,nan,nan,nan,nan,0
268698757,268698526,0.84999996,nan,nan,nan,nan,nan,nan,nan,nan,nan,nan,nan,0
268794801,268794572,0.84999996,nan,nan,nan,nan,nan,nan,nan,nan,nan,nan,nan,0
268898232,268898005,0.84999996,nan,nan,nan,nan,nan,nan,nan,nan,nan,nan,nan,0
268999206,268998976,0.84999996,nan,nan,nan,nan,nan,nan,nan,nan,nan,nan,nan,0
269097710,269097484,0.84999996,nan,nan,nan,nan,nan,nan,nan,nan,nan,nan,nan,0
269198691,269198456,0.84999996,nan,nan,nan,nan,nan,nan,nan,nan,nan,nan,nan,0
269297201,269296963,0.84999996,nan,nan,nan,nan,nan,nan,nan,nan,nan,nan,nan,0
269398190,269397934,0.84999996,nan,nan,nan,nan,nan,nan,nan,nan,nan,nan,nan,0
269496673,269496442,0.84999996,nan,nan,nan,nan,nan,nan,nan,nan,nan,nan,nan,0
269597711,269597413,0.84999996,nan,nan,nan,nan,nan,nan,nan,nan,nan,nan,nan,0
269698614,269698384,0.84999996,nan,nan,nan,nan,nan,nan,nan,nan,nan,nan,nan,0
269797149,269796892,0.84999996,nan,nan,nan,nan,nan,nan,nan,nan,nan,nan,nan,0
269898107,269897863,0.84999996,nan,nan,nan,nan,nan,nan,nan,nan,nan,nan,nan,0
269996609,269996371,0.84999996,nan,nan,nan,nan,nan,nan,nan,nan,nan,nan,nan,0
270097571,270097341,0.84999996,nan,nan,nan,nan,nan,nan,nan,nan,nan,nan,nan,0
270196092,270195850,0.84999996,nan,nan,nan,nan,nan,nan,nan,nan,nan,nan,nan,0
270297047,270296820,0.84999996,nan,nan,nan,nan,nan,nan,nan,nan,nan,nan,nan,0
270398035,270397791,0.84999996,nan,nan,nan,nan,nan,nan,nan,nan,nan,nan,nan,0
270496528,270496299,0.84999996,nan,nan,nan,nan,nan,nan,nan,nan,nan,nan,nan,0
270597518,270597270,0.84999996,nan,nan,nan,nan,nan,nan,nan,nan,nan,nan,nan,0
270696005,270695778,0.84999996,nan,nan,nan,nan,nan,nan,nan,nan,nan,nan,nan,0
270796994,270796749,0.84999996,nan,nan,nan,nan,nan,nan,nan,nan,nan,nan,nan,0
270895502,270895257,0.84999996,nan,nan,nan,nan,nan,nan,nan,nan,nan,nan,nan,0
270996458,270996228,0.84999996,nan,nan,nan,nan,nan,nan,nan,nan,nan,nan,nan,0
271099888,271099662,0.84999996,nan,nan,nan,nan,nan,nan,nan,nan,nan,nan,nan,0
271195938,271195707,0.84999996,nan,nan,nan,nan,nan,nan,nan,nan,nan,nan,nan,0
271299389,271299141,0.84999996,nan,nan,nan,nan,nan,nan,nan,nan,nan,nan,nan,0
271395411,271395186,0.84999996,nan,nan,nan,nan,nan,nan,nan,nan,nan,nan,nan,0
271498849,271498620,0.84999996,nan,nan,nan,nan,nan,nan,nan,nan,nan,nan,nan,0
271594896,271594665,0.84999996,nan,nan,nan,nan,nan,nan,nan,nan,nan,nan,nan,0
271698333,271698099,0.84999996,nan,nan,nan,nan,nan,nan,nan,nan,nan,nan,nan,0
271799294,271799069,0.84999996,nan,nan,nan,nan,nan,nan,nan,nan,nan,nan,nan,0
271897805,271897578,0.84999996,nan,nan,nan,nan,nan,nan,nan,nan,nan,nan,nan,0
271998777,271998548,0.84999996,nan,nan,nan,nan,nan,nan,nan,nan,nan,nan,nan,0
272097286,272097057,0.84999996,nan,nan,nan,nan,nan,nan,nan,nan,nan,nan,nan,0
272198254,272198027,0.84999996,nan,nan,nan,nan,nan,nan,nan,nan,nan,nan,nan,0
272296777,272296535,0.84999996,nan,nan,nan,nan,nan,nan,nan,nan,nan,nan,nan,0
272397737,272397506,0.84999996,nan,nan,nan,nan,nan,nan,nan,nan,nan,nan,nan,0
272498708,272498477,0.84999996,nan,nan,nan,nan,nan,nan,nan,nan,nan,nan,nan,0
272597210,272596985,0.84999996,nan,nan,nan,nan,nan,nan,nan,nan,nan,nan,nan,0
272698186,272697956,0.84999996,nan,nan,nan,nan,nan,nan,nan,nan,nan,nan,nan,0
272796695,272796464,0.84999996,nan,nan,nan,nan,nan,nan,nan,nan,nan,nan,nan,0
272897662,272897435,0.84999996,nan,nan,nan,nan,nan,nan,nan,nan,nan,nan,nan,0
272996171,272995943,0.84999996,nan,nan,nan,nan,nan,nan,nan,nan,nan,nan,nan,0
273097141,273096913,0.84999996,nan,nan,nan,nan,nan,nan,nan,nan,nan,nan,nan,0
273198111,273197884,0.84999996,nan,nan,nan,nan,nan,nan,nan,nan,nan,nan,nan,0
273296618,273296392,0.84999996,nan,nan,nan,nan,nan,nan,nan,nan,nan,nan,nan,0
273397590,273397363,0.84999996,nan,nan,nan,nan,nan,nan,nan,nan,nan,nan,nan,0
273496100,273495871,0.84999996,nan,nan,nan,nan,nan,nan,nan,nan,nan,nan,nan,0
273597072,273596842,0.84999996,nan,nan,nan,nan,nan,nan,nan,nan,nan,nan,nan,0
273695588,273695349,0.84999996,nan,nan,nan,nan,nan,nan,nan,nan,nan,nan,nan,0
273796548,273796320,0.84999996,nan,nan,nan,nan,nan,nan,nan,nan,nan,nan,nan,0
273899983,273899753,0.84999996,nan,nan,nan,nan,nan,nan,nan,nan,nan,nan,nan,0
273996029,273995799,0.84999996,nan,nan,nan,nan,nan,nan,nan,nan,nan,nan,nan,0
274099465,274099232,0.84999996,nan,nan,nan,nan,nan,nan,nan,nan,nan,nan,nan,0
274195504,274195277,0.84999996,nan,nan,nan,nan,nan,nan,nan,nan,nan,nan,nan,0
274298947,274298710,0.84999996,nan,nan,nan,nan,nan,nan,nan,nan,nan,nan,nan,0
274394983,274394755,0.83169526,nan,nan,nan,nan,nan,nan,nan,nan,nan,nan,nan,0
274498418,274498189,0.83169526,nan,nan,nan,nan,nan,nan,nan,nan,nan,nan,nan,0
274599390,274599159,0.83169526,nan,nan,nan,nan,nan,nan,nan,nan,nan,nan,nan,0
274697901,274697667,0.83169526,nan,nan,nan,nan,nan,nan,nan,nan,nan,nan,nan,0
274798866,274798637,0.83169526,nan,nan,nan,nan,nan,nan,nan,nan,nan,nan,nan,0
274897370,274897145,0.7886977,nan,nan,nan,nan,nan,nan,nan,nan,nan,nan,nan,0
274998347,274998116,0.7911547,nan,nan,nan,nan,nan,nan,nan,nan,nan,nan,nan,0
275096878,275096625,0.7972972,nan,nan,nan,nan,nan,nan,nan,nan,nan,nan,nan,0
275197820,275197594,0.7972972,nan,nan,nan,nan,nan,nan,nan,nan,nan,nan,nan,0
275298796,275298565,0.7948402,nan,nan,nan,nan,nan,nan,nan,nan,nan,nan,nan,0
275397301,275397072,0.7911547,nan,nan,nan,nan,nan,nan,nan,nan,nan,nan,nan,0
275498273,275498043,0.78378373,nan,nan,nan,nan,nan,nan,nan,nan,nan,nan,nan,0
275596790,275596550,0.77641267,nan,nan,nan,nan,nan,nan,nan,nan,nan,nan,nan,0
275697765,275697521,0.7665847,nan,nan,nan,nan,nan,nan,nan,nan,nan,nan,nan,0
275796258,275796029,0.7628992,nan,nan,nan,nan,nan,nan,nan,nan,nan,nan,nan,0
275897230,275896999,0.74692863,nan,nan,nan,nan,nan,nan,nan,nan,nan,nan,nan,0
275998203,275997969,0.74692863,nan,nan,nan,nan,nan,nan,nan,nan,nan,nan,nan,0
276096713,276096477,0.74692863,nan,nan,nan,nan,nan,nan,nan,nan,nan,nan,nan,0
276197676,276197447,0.74692863,nan,nan,nan,nan,nan,nan,nan,nan,nan,nan,nan,0
276296185,276295955,0.74692863,nan,nan,nan,nan,nan,nan,nan,nan,nan,nan,nan,0
276397161,276396928,0.74692863,nan,nan,nan,nan,nan,nan,nan,nan,nan,nan,nan,0
276495669,276495433,0.74692863,nan,nan,nan,nan,nan,nan,nan,nan,nan,nan,nan,0
276596633,276596404,0.74692863,nan,nan,nan,nan,nan,nan,nan,nan,nan,nan,nan,0
276700084,276699837,0.74692863,nan,nan,nan,nan,nan,nan,nan,nan,nan,nan,nan,0
276796113,276795882,0.74692863,nan,nan,nan,nan,nan,nan,nan,nan,nan,nan,nan,0
276899558,276899315,0.74692863,nan,nan,nan,nan,nan,nan,nan,nan,nan,nan,nan,0
276995591,276995360,0.74692863,nan,nan,nan,nan,nan,nan,nan,nan,nan,nan,nan,0
277099045,277098793,0.74692863,nan,nan,nan,nan,nan,nan,nan,nan,nan,nan,nan,0
277195068,277194838,0.74692863,nan,nan,nan,nan,nan,nan,nan,nan,nan,nan,nan,0
277298514,277298271,0.74692863,nan,nan,nan,nan,nan,nan,nan,nan,nan,nan,nan,0
277399485,277399241,0.74692863,nan,nan,nan,nan,nan,nan,nan,nan,nan,nan,nan,0
277497997,277497749,0.74692863,nan,nan,nan,nan,nan,nan,nan,nan,nan,nan,nan,0
277598949,277598719,0.74692863,nan,nan,nan,nan,nan,nan,nan,nan,nan,nan,nan,0
277697477,277697227,0.74692863,nan,nan,nan,nan,nan,nan,nan,nan,nan,nan,nan,0
277798424,277798197,0.74692863,nan,nan,nan,nan,nan,nan,nan,nan,nan,nan,nan,0
277896953,277896705,0.74692863,nan,nan,nan,nan,nan,nan,nan,nan,nan,nan,nan,0
277997913,277997675,0.74692863,nan,nan,nan,nan,nan,nan,nan,nan,nan,nan,nan,0
278096446,278096183,0.74692863,nan,nan,nan,nan,nan,nan,nan,nan,nan,nan,nan,0
278197384,278197153,0.74692863,nan,nan,nan,nan,nan,nan,nan,nan,nan,nan,nan,0
278298365,278298124,0.74692863,nan,nan,nan,nan,nan,nan,nan,nan,nan,nan,nan,0
278396881,278396631,0.74692863,nan,nan,nan,nan,nan,nan,nan,nan,nan,nan,nan,0
278497850,278497602,0.74692863,nan,nan,nan,nan,nan,nan,nan,nan,nan,nan,nan,0
278596335,278596109,0.74692863,nan,nan,nan,nan,nan,nan,nan,nan,nan,nan,nan,0
278697310,278697080,0.74692863,nan,nan,nan,nan,nan,nan,nan,nan,nan,nan,nan,0
278798311,278798050,0.74692863,nan,nan,nan,nan,nan,nan,nan,nan,nan,nan,nan,0
278896786,278896557,0.74692863,nan,nan,nan,nan,nan,nan,nan,nan,nan,nan,nan,0
278997757,278997528,0.74692863,nan,nan,nan,nan,nan,nan,nan,nan,nan,nan,nan,0
279096265,279096035,0.74692863,nan,nan,nan,nan,nan,nan,nan,nan,nan,nan,nan,0
279197246,279197006,0.74692863,nan,nan,nan,nan,nan,nan,nan,nan,nan,nan,nan,0
279295756,279295513,0.74692863,nan,nan,nan,nan,nan,nan,nan,nan,nan,nan,nan,0
279396712,279396484,0.74692863,nan,nan,nan,nan,nan,nan,nan,nan,nan,nan,nan,0
279497711,279497454,0.74692863,nan,nan,nan,nan,nan,nan,nan,nan,nan,nan,nan,0
279596186,279595961,0.74692863,nan,nan,nan,nan,nan,nan,nan,nan,nan,nan,nan,0
279697180,279696932,0.74692863,nan,nan,nan,nan,nan,nan,nan,nan,nan,nan,nan,0
279795671,279795440,0.74692863,nan,nan,nan,nan,nan,nan,nan,nan,nan,nan,nan,0
279896639,279896410,0.74692863,nan,nan,nan,nan,nan,nan,nan,nan,nan,nan,nan,0
279995147,279994918,0.74692863,nan,nan,nan,nan,nan,nan,nan,nan,nan,nan,nan,0
280096118,280095888,0.74692863,nan,nan,nan,nan,nan,nan,nan,nan,nan,nan,nan,0
280194627,280194396,0.7481572,nan,nan,nan,nan,nan,nan,nan,nan,nan,nan,nan,0
280295592,280295366,0.74938565,nan,nan,nan,nan,nan,nan,nan,nan,nan,nan,nan,0
280399024,280398799,0.7530712,nan,nan,nan,nan,nan,nan,nan,nan,nan,nan,nan,0
280497535,280497307,0.7530712,nan,nan,nan,nan,nan,nan,nan,nan,nan,nan,nan,0
280598506,280598277,0.7530712,nan,nan,nan,nan,nan,nan,nan,nan,nan,nan,nan,0
280697015,280696784,0.7530712,nan,nan,nan,nan,nan,nan,nan,nan,nan,nan,nan,0
280797981,280797755,0.7530712,nan,nan,nan,nan,nan,nan,nan,nan,nan,nan,nan,0
280898955,280898725,0.7530712,nan,nan,nan,nan,nan,nan,nan,nan,nan,nan,nan,0
280997461,280997232,0.7530712,nan,nan,nan,nan,nan,nan,nan,nan,nan,nan,nan,0
281098445,281098203,0.7530712,nan,nan,nan,nan,nan,nan,nan,nan,nan,nan,nan,0
281196938,281196710,0.7530712,nan,nan,nan,nan,nan,nan,nan,nan,nan,nan,nan,0
281297914,281297682,0.7530712,nan,nan,nan,nan,nan,nan,nan,nan,nan,nan,nan,0
281396415,281396188,0.7530712,nan,nan,nan,nan,nan,nan,nan,nan,nan,nan,nan,0
281497396,281497158,0.7530712,nan,nan,nan,nan,nan,nan,nan,nan,nan,nan,nan,0
281598358,281598128,0.7530712,nan,nan,nan,nan,nan,nan,nan,nan,nan,nan,nan,0
281696881,281696636,0.7530712,nan,nan,nan,nan,nan,nan,nan,nan,nan,nan,nan,0
281797833,281797606,0.7530712,nan,nan,nan,nan,nan,nan,nan,nan,nan,nan,nan,0
281896341,281896114,0.7530712,nan,nan,nan,nan,nan,nan,nan,nan,nan,nan,nan,0
281997315,281997084,0.7530712,nan,nan,nan,nan,nan,nan,nan,nan,nan,nan,nan,0
282095822,282095591,0.7579852,nan,nan,nan,nan,nan,nan,nan,nan,nan,nan,nan,0
282196791,282196561,0.7641277,nan,nan,nan,nan,nan,nan,nan,nan,nan,nan,nan,0
282297761,282297532,0.7653562,nan,nan,nan,nan,nan,nan,nan,nan,nan,nan,nan,0
282396279,282396039,0.7653562,nan,nan,nan,nan,nan,nan,nan,nan,nan,nan,nan,0
282497244,282497009,0.7653562,nan,nan,nan,nan,nan,nan,nan,nan,nan,nan,nan,0
282595744,282595517,0.7641277,nan,nan,nan,nan,nan,nan,nan,nan,nan,nan,nan,0
282696725,282696487,0.7641277,nan,nan,nan,nan,nan,nan,nan,nan,nan,nan,nan,0
282795224,282794994,0.7641277,nan,nan,nan,nan,nan,nan,nan,nan,nan,nan,nan,0
282896191,282895964,0.7641277,nan,nan,nan,nan,nan,nan,nan,nan,nan,nan,nan,0
282999630,282999397,0.7641277,nan,nan,nan,nan,nan,nan,nan,nan,nan,nan,nan,0
283095734,283095442,0.7641277,nan,nan,nan,nan,nan,nan,nan,nan,nan,nan,nan,0
283199106,283198875,0.7641277,nan,nan,nan,nan,nan,nan,nan,nan,nan,nan,nan,0
283295146,283294920,0.7641277,nan,nan,nan,nan,nan,nan,nan,nan,nan,nan,nan,0
283398581,283398352,0.7641277,nan,nan,nan,nan,nan,nan,nan,nan,nan,nan,nan,0
283494654,283494397,0.7641277,nan,nan,nan,nan,nan,nan,nan,nan,nan,nan,nan,0
283598099,283597830,0.7641277,nan,nan,nan,nan,nan,nan,nan,nan,nan,nan,nan,0
283699026,283698800,0.7641277,nan,nan,nan,nan,nan,nan,nan,nan,nan,nan,nan,0
283797587,283797308,0.7641277,nan,nan,nan,nan,nan,nan,nan,nan,nan,nan,nan,0
283898509,283898278,0.7641277,nan,nan,nan,nan,nan,nan,nan,nan,nan,nan,nan,0
283997035,283996786,0.7641277,nan,nan,nan,nan,nan,nan,nan,nan,nan,nan,nan,0
284097982,284097756,0.7641277,nan,nan,nan,nan,nan,nan,nan,nan,nan,nan,nan,0
284196505,284196263,0.7641277,nan,nan,nan,nan,nan,nan,nan,nan,nan,nan,nan,0
284297465,284297233,0.7641277,nan,nan,nan,nan,nan,nan,nan,nan,nan,nan,nan,0
284398446,284398203,0.7641277,nan,nan,nan,nan,nan,nan,nan,nan,nan,nan,nan,0
284496940,284496711,0.7641277,nan,nan,nan,nan,nan,nan,nan,nan,nan,nan,nan,0
284597934,284597682,0.7641277,nan,nan,nan,nan,nan,nan,nan,nan,nan,nan,nan,0
284696416,284696189,0.7641277,nan,nan,nan,nan,nan,nan,nan,nan,nan,nan,nan,0
284797405,284797159,0.7641277,nan,nan,nan,nan,nan,nan,nan,nan,nan,nan,nan,0
284895894,284895666,0.7641277,nan,nan,nan,nan,nan,nan,nan,nan,nan,nan,nan,0
284996886,284996636,0.7641277,nan,nan,nan,nan,nan,nan,nan,nan,nan,nan,nan,0
285097833,285097607,0.7641277,nan,nan,nan,nan,nan,nan,nan,nan,nan,nan,nan,0
285196343,285196114,0.7641277,nan,nan,nan,nan,nan,nan,nan,nan,nan,nan,nan,0
285297315,285297084,0.7641277,nan,nan,nan,nan,nan,nan,nan,nan,nan,nan,nan,0
285395838,285395592,0.7641277,nan,nan,nan,nan,nan,nan,nan,nan,nan,nan,nan,0
285496790,285496562,0.7641277,nan,nan,nan,nan,nan,nan,nan,nan,nan,nan,nan,0
285595296,285595069,0.7641277,nan,nan,nan,nan,nan,nan,nan,nan,nan,nan,nan,0
285696269,285696039,0.7641277,nan,nan,nan,nan,nan,nan,nan,nan,nan,nan,nan,0
285799704,285799472,0.7641277,nan,nan,nan,nan,nan,nan,nan,nan,nan,nan,nan,0
285895760,285895517,0.7641277,nan,nan,nan,nan,nan,nan,nan,nan,nan,nan,nan,0
285999179,285998950,0.7641277,nan,nan,nan,nan,nan,nan,nan,nan,nan,nan,nan,0
286095224,286094994,0.7641277,nan,nan,nan,nan,nan,nan,nan,nan,nan,nan,nan,0
286198660,286198427,0.7641277,nan,nan,nan,nan,nan,nan,nan,nan,nan,nan,nan,0
286294708,286294472,0.7641277,nan,nan,nan,nan,nan,nan,nan,nan,nan,nan,nan,0
286398132,286397905,0.7641277,nan,nan,nan,nan,nan,nan,nan,nan,nan,nan,nan,0
286499105,286498875,0.7641277,nan,nan,nan,nan,nan,nan,nan,nan,nan,nan,nan,0
286597612,286597382,0.7641277,nan,nan,nan,nan,nan,nan,nan,nan,nan,nan,nan,0
286698580,286698352,0.7641277,nan,nan,nan,nan,nan,nan,nan,nan,nan,nan,nan,0
286797097,286796861,0.7641277,nan,nan,nan,nan,nan,nan,nan,nan,nan,nan,nan,0
286898063,286897830,0.7641277,nan,nan,nan,nan,nan,nan,nan,nan,nan,nan,nan,0
286996570,286996338,0.7641277,nan,nan,nan,nan,nan,nan,nan,nan,nan,nan,nan,0
287097536,287097308,0.7641277,nan,nan,nan,nan,nan,nan,nan,nan,nan,nan,nan,0
287198508,287198278,0.7641277,nan,nan,nan,nan,nan,nan,nan,nan,nan,nan,nan,0
287297079,287296785,0.7641277,nan,nan,nan,nan,nan,nan,nan,nan,nan,nan,nan,0
287397982,287397755,0.7641277,nan,nan,nan,nan,nan,nan,nan,nan,nan,nan,nan,0
287496487,287496263,0.7641277,nan,nan,nan,nan,nan,nan,nan,nan,nan,nan,nan,0
287597464,287597233,0.7641277,nan,nan,nan,nan,nan,nan,nan,nan,nan,nan,nan,0
287695984,287695740,0.7641277,nan,nan,nan,nan,nan,nan,nan,nan,nan,nan,nan,0
287796940,287796711,0.7641277,nan,nan,nan,nan,nan,nan,nan,nan,nan,nan,nan,0
287897916,287897683,0.7641277,nan,nan,nan,nan,nan,nan,nan,nan,nan,nan,nan,0
287996418,287996188,0.7641277,nan,nan,nan,nan,nan,nan,nan,nan,nan,nan,nan,0
288097389,288097158,0.7641277,nan,nan,nan,nan,nan,nan,nan,nan,nan,nan,nan,0
288195986,288195665,0.7641277,nan,nan,nan,nan,nan,nan,nan,nan,nan,nan,nan,0
288296866,288296636,0.7641277,nan,nan,nan,nan,nan,nan,nan,nan,nan,nan,nan,0
288395375,288395143,0.75061417,nan,nan,nan,nan,nan,nan,nan,nan,nan,nan,nan,0
288496349,288496113,0.7260441,nan,nan,nan,nan,nan,nan,nan,nan,nan,nan,nan,0
288599775,288599546,0.7260441,nan,nan,nan,nan,nan,nan,nan,nan,nan,nan,nan,0
288695842,288695590,0.7260441,nan,nan,nan,nan,nan,nan,nan,nan,nan,nan,nan,0
288799256,288799023,0.7260441,nan,nan,nan,nan,nan,nan,nan,nan,nan,nan,nan,0
288895311,288895068,0.7260441,nan,nan,nan,nan,nan,nan,nan,nan,nan,nan,nan,0
288998753,288998500,0.7260441,nan,nan,nan,nan,nan,nan,nan,nan,nan,nan,nan,0
289094795,289094545,0.7260441,nan,nan,nan,nan,nan,nan,nan,nan,nan,nan,nan,0
289198208,289197978,0.70270264,nan,nan,nan,nan,nan,nan,nan,nan,nan,nan,nan,0
289299174,289298948,0.69533163,nan,nan,nan,nan,nan,nan,nan,nan,nan,nan,nan,0
289397687,289397455,0.69533163,nan,nan,nan,nan,nan,nan,nan,nan,nan,nan,nan,0
289498657,289498425,0.69533163,nan,nan,nan,nan,nan,nan,nan,nan,nan,nan,nan,0
289597185,289596932,0.69533163,nan,nan,nan,nan,nan,nan,nan,nan,nan,nan,nan,0
289698130,289697902,0.69533163,nan,nan,nan,nan,nan,nan,nan,nan,nan,nan,nan,0
289796637,289796410,0.69533163,nan,nan,nan,nan,nan,nan,nan,nan,nan,nan,nan,0
289897608,289897380,0.6842751,nan,nan,nan,nan,nan,nan,nan,nan,nan,nan,nan,0
289996117,289995887,0.6793611,nan,nan,nan,nan,nan,nan,nan,nan,nan,nan,nan,0
290097084,290096857,0.6793611,nan,nan,nan,nan,nan,nan,nan,nan,nan,nan,nan,0
290198062,290197827,0.6793611,nan,nan,nan,nan,nan,nan,nan,nan,nan,nan,nan,0
290296565,290296335,0.6793611,nan,nan,nan,nan,nan,nan,nan,nan,nan,nan,nan,0
290397532,290397304,0.6793611,nan,nan,nan,nan,nan,nan,nan,nan,nan,nan,nan,0
290496038,290495812,0.6793611,nan,nan,nan,nan,nan,nan,nan,nan,nan,nan,nan,0
290597009,290596782,0.6793611,nan,nan,nan,nan,nan,nan,nan,nan,nan,nan,nan,0
290698012,290697752,0.6793611,nan,nan,nan,nan,nan,nan,nan,nan,nan,nan,nan,0
290796489,290796259,0.6781326,nan,nan,nan,nan,nan,nan,nan,nan,nan,nan,nan,0
290897519,290897229,0.6781326,nan,nan,nan,nan,nan,nan,nan,nan,nan,nan,nan,0
290996003,290995736,0.6781326,nan,nan,nan,nan,nan,nan,nan,nan,nan,nan,nan,0
291096947,291096706,0.6756756,nan,nan,nan,nan,nan,nan,nan,nan,nan,nan,nan,0
291195441,291195214,0.6744471,nan,nan,nan,nan,nan,nan,nan,nan,nan,nan,nan,0
291296427,291296184,0.6744471,nan,nan,nan,nan,nan,nan,nan,nan,nan,nan,nan,0
291399861,291399616,0.6744471,nan,nan,nan,nan,nan,nan,nan,nan,nan,nan,nan,0
291495901,291495661,0.6744471,nan,nan,nan,nan,nan,nan,nan,nan,nan,nan,nan,0
291599321,291599094,0.6719901,nan,nan,nan,nan,nan,nan,nan,nan,nan,nan,nan,0
291695381,291695138,0.6719901,nan,nan,nan,nan,nan,nan,nan,nan,nan,nan,nan,0
291798802,291798571,0.6719901,nan,nan,nan,nan,nan,nan,nan,nan,nan,nan,nan,0
291894858,291894616,0.6719901,nan,nan,nan,nan,nan,nan,nan,nan,nan,nan,nan,0
291998275,291998048,0.6719901,nan,nan,nan,nan,nan,nan,nan,nan,nan,nan,nan,0
292099246,292099018,0.6719901,nan,nan,nan,nan,nan,nan,nan,nan,nan,nan,nan,0
292197757,292197526,0.6719901,nan,nan,nan,nan,nan,nan,nan,nan,nan,nan,nan,0
292298727,292298496,0.6769041,nan,nan,nan,nan,nan,nan,nan,nan,nan,nan,nan,0
292397237,292397005,0.6769041,nan,nan,nan,nan,nan,nan,nan,nan,nan,nan,nan,0
292498203,292497973,0.6769041,nan,nan,nan,nan,nan,nan,nan,nan,nan,nan,nan,0
292596711,292596480,0.6769041,nan,nan,nan,nan,nan,nan,nan,nan,nan,nan,nan,0
292697684,292697450,0.6756756,nan,nan,nan,nan,nan,nan,nan,nan,nan,nan,nan,0
292798654,292798420,0.6756756,nan,nan,nan,nan,nan,nan,nan,nan,nan,nan,nan,0
292897157,292896927,0.6793611,nan,nan,nan,nan,nan,nan,nan,nan,nan,nan,nan,0
292998139,292997897,0.6805896,nan,nan,nan,nan,nan,nan,nan,nan,nan,nan,nan,0
293096633,293096404,0.6805896,nan,nan,nan,nan,nan,nan,nan,nan,nan,nan,nan,0
293197602,293197374,0.68181807,nan,nan,nan,nan,nan,nan,nan,nan,nan,nan,nan,0
293296111,293295881,0.68181807,nan,nan,nan,nan,nan,nan,nan,nan,nan,nan,nan,0
293397079,293396851,0.68181807,nan,nan,nan,nan,nan,nan,nan,nan,nan,nan,nan,0
293498052,293497821,0.68181807,nan,nan,nan,nan,nan,nan,nan,nan,nan,nan,nan,0
293596559,293596328,0.68181807,nan,nan,nan,nan,nan,nan,nan,nan,nan,nan,nan,0
293697525,293697298,0.6805896,nan,nan,nan,nan,nan,nan,nan,nan,nan,nan,nan,0
293796031,293795805,0.6781326,nan,nan,nan,nan,nan,nan,nan,nan,nan,nan,nan,0
293897003,293896775,0.6449631,nan,nan,nan,nan,nan,nan,nan,nan,nan,nan,nan,0
293995512,293995282,0.64127755,nan,nan,nan,nan,nan,nan,nan,nan,nan,nan,nan,0
294096479,294096252,0.63513505,nan,nan,nan,nan,nan,nan,nan,nan,nan,nan,nan,0
294199914,294199684,0.62899256,nan,nan,nan,nan,nan,nan,nan,nan,nan,nan,nan,0
294295964,294295731,0.62899256,nan,nan,nan,nan,nan,nan,nan,nan,nan,nan,nan,0
294399411,294399161,0.62899256,nan,nan,nan,nan,nan,nan,nan,nan,nan,nan,nan,0
294495432,294495206,0.62899256,nan,nan,nan,nan,nan,nan,nan,nan,nan,nan,nan,0
294599127,294598638,0.62899256,nan,nan,nan,nan,nan,nan,nan,nan,nan,nan,nan,0
294694913,294694683,0.62899256,nan,nan,nan,nan,nan,nan,nan,nan,nan,nan,nan,0
294798347,294798115,0.62899256,nan,nan,nan,nan,nan,nan,nan,nan,nan,nan,nan,0
294899311,294899085,0.63022107,nan,nan,nan,nan,nan,nan,nan,nan,nan,nan,nan,0
294997819,294997592,0.63022107,nan,nan,nan,nan,nan,nan,nan,nan,nan,nan,nan,0
295098794,295098562,0.62899256,nan,nan,nan,nan,nan,nan,nan,nan,nan,nan,nan,0
295197300,295197069,0.625307,nan,nan,nan,nan,nan,nan,nan,nan,nan,nan,nan,0
295298265,295298039,0.62285006,nan,nan,nan,nan,nan,nan,nan,nan,nan,nan,nan,0
295396773,295396546,0.62162155,nan,nan,nan,nan,nan,nan,nan,nan,nan,nan,nan,0
295497745,295497516,0.62162155,nan,nan,nan,nan,nan,nan,nan,nan,nan,nan,nan,0
295598718,295598486,0.62162155,nan,nan,nan,nan,nan,nan,nan,nan,nan,nan,nan,0
295697223,295696993,0.62162155,nan,nan,nan,nan,nan,nan,nan,nan,nan,nan,nan,0
295798251,295797963,0.62162155,nan,nan,nan,nan,nan,nan,nan,nan,nan,nan,nan,0
295896706,295896470,0.62162155,nan,nan,nan,nan,nan,nan,nan,nan,nan,nan,nan,0
295997673,295997440,0.62162155,nan,nan,nan,nan,nan,nan,nan,nan,nan,nan,nan,0
296096172,296095947,0.62162155,nan,nan,nan,nan,nan,nan,nan,nan,nan,nan,nan,0
296197168,296196917,0.62162155,nan,nan,nan,nan,nan,nan,nan,nan,nan,nan,nan,0
296295674,296295424,0.62162155,nan,nan,nan,nan,nan,nan,nan,nan,nan,nan,nan,0
296396626,296396393,0.62162155,nan,nan,nan,nan,nan,nan,nan,nan,nan,nan,nan,0
296497591,296497363,0.62162155,nan,nan,nan,nan,nan,nan,nan,nan,nan,nan,nan,0
296596103,296595870,0.62162155,nan,nan,nan,nan,nan,nan,nan,nan,nan,nan,nan,0
296697067,296696840,0.62162155,nan,nan,nan,nan,nan,nan,nan,nan,nan,nan,nan,0
296795576,296795347,0.62162155,nan,nan,nan,nan,nan,nan,nan,nan,nan,nan,nan,0
296896547,296896317,0.62162155,nan,nan,nan,nan,nan,nan,nan,nan,nan,nan,nan,0
296999984,296999749,0.62162155,nan,nan,nan,nan,nan,nan,nan,nan,nan,nan,nan,0
297096022,297095793,0.62162155,nan,nan,nan,nan,nan,nan,nan,nan,nan,nan,nan,0
297199478,297199226,0.62162155,nan,nan,nan,nan,nan,nan,nan,nan,nan,nan,nan,0
297295499,297295270,0.62162155,nan,nan,nan,nan,nan,nan,nan,nan,nan,nan,nan,0
297398935,297398702,0.62162155,nan,nan,nan,nan,nan,nan,nan,nan,nan,nan,nan,0
297494976,297494747,0.62162155,nan,nan,nan,nan,nan,nan,nan,nan,nan,nan,nan,0
297598431,297598179,0.62162155,nan,nan,nan,nan,nan,nan,nan,nan,nan,nan,nan,0
297699395,297699149,0.62162155,nan,nan,nan,nan,nan,nan,nan,nan,nan,nan,nan,0
297797953,297797656,0.62162155,nan,nan,nan,nan,nan,nan,nan,nan,nan,nan,nan,0
297898854,297898625,0.62162155,nan,nan,nan,nan,nan,nan,nan,nan,nan,nan,nan,0
297997376,297997132,0.62162155,nan,nan,nan,nan,nan,nan,nan,nan,nan,nan,nan,0
298098332,298098102,0.62162155,nan,nan,nan,nan,nan,nan,nan,nan,nan,nan,nan,0
298196854,298196609,0.62162155,nan,nan,nan,nan,nan,nan,nan,nan,nan,nan,nan,0
298297804,298297579,0.62162155,nan,nan,nan,nan,nan,nan,nan,nan,nan,nan,nan,0
298398792,298398548,0.62162155,nan,nan,nan,nan,nan,nan,nan,nan,nan,nan,nan,0
298497285,298497055,0.62162155,nan,nan,nan,nan,nan,nan,nan,nan,nan,nan,nan,0
298598267,298598025,0.62162155,nan,nan,nan,nan,nan,nan,nan,nan,nan,nan,nan,0
298696757,298696532,0.62162155,nan,nan,nan,nan,nan,nan,nan,nan,nan,nan,nan,0
298797746,298797502,0.62162155,nan,nan,nan,nan,nan,nan,nan,nan,nan,nan,nan,0
298896248,298896009,0.62162155,nan,nan,nan,nan,nan,nan,nan,nan,nan,nan,nan,0
298997226,298996978,0.62162155,nan,nan,nan,nan,nan,nan,nan,nan,nan,nan,nan,0
299098194,299097948,0.62162155,nan,nan,nan,nan,nan,nan,nan,nan,nan,nan,nan,0
299196734,299196455,0.62162155,nan,nan,nan,nan,nan,nan,nan,nan,nan,nan,nan,0
299297673,299297424,0.6179361,nan,nan,nan,nan,nan,nan,nan,nan,nan,nan,nan,0
299396159,299395931,0.5970515,nan,nan,nan,nan,nan,nan,nan,nan,nan,nan,nan,0
299497130,299496901,0.58845204,nan,nan,nan,nan,nan,nan,nan,nan,nan,nan,nan,0
299595640,299595408,0.58722353,nan,nan,nan,nan,nan,nan,nan,nan,nan,nan,nan,0
299696604,299696377,0.58722353,nan,nan,nan,nan,nan,nan,nan,nan,nan,nan,nan,0
299800040,299799810,0.58722353,nan,nan,nan,nan,nan,nan,nan,nan,nan,nan,nan,0
299896084,299895854,0.58722353,nan,nan,nan,nan,nan,nan,nan,nan,nan,nan,nan,0
299999520,299999286,0.58722353,nan,nan,nan,nan,nan,nan,nan,nan,nan,nan,nan,0
300095557,300095331,0.58722353,nan,nan,nan,nan,nan,nan,nan,nan,nan,nan,nan,0
300198989,300198763,0.585995,nan,nan,nan,nan,nan,nan,nan,nan,nan,nan,nan,0
300295038,300294807,0.585995,nan,nan,nan,nan,nan,nan,nan,nan,nan,nan,nan,0
300398473,300398240,0.585995,nan,nan,nan,nan,nan,nan,nan,nan,nan,nan,nan,0
300499449,300499209,0.585995,nan,nan,nan,nan,nan,nan,nan,nan,nan,nan,nan,0
300597945,300597716,0.585995,nan,nan,nan,nan,nan,nan,nan,nan,nan,nan,nan,0
300698915,300698686,0.585995,nan,nan,nan,nan,nan,nan,nan,nan,nan,nan,nan,0
300797427,300797193,0.58722353,nan,nan,nan,nan,nan,nan,nan,nan,nan,nan,nan,0
300898389,300898162,0.585995,nan,nan,nan,nan,nan,nan,nan,nan,nan,nan,nan,0
300996900,300996669,0.58722353,nan,nan,nan,nan,nan,nan,nan,nan,nan,nan,nan,0
301097893,301097639,0.585995,nan,nan,nan,nan,nan,nan,nan,nan,nan,nan,nan,0
301196376,301196145,0.58722353,nan,nan,nan,nan,nan,nan,nan,nan,nan,nan,nan,0
301297342,301297115,0.58845204,nan,nan,nan,nan,nan,nan,nan,nan,nan,nan,nan,0
301398315,301398084,0.590909,nan,nan,nan,nan,nan,nan,nan,nan,nan,nan,nan,0
301496836,301496591,0.5921375,nan,nan,nan,nan,nan,nan,nan,nan,nan,nan,nan,0
301597786,301597561,0.59828,nan,nan,nan,nan,nan,nan,nan,nan,nan,nan,nan,0
301696299,301696068,0.605651,nan,nan,nan,nan,nan,nan,nan,nan,nan,nan,nan,0
301797268,301797037,0.610565,nan,nan,nan,nan,nan,nan,nan,nan,nan,nan,nan,0
301898234,301898007,0.610565,nan,nan,nan,nan,nan,nan,nan,nan,nan,nan,nan,0
301996740,301996513,0.613022,nan,nan,nan,nan,nan,nan,nan,nan,nan,nan,nan,0
302097714,302097483,0.61547905,nan,nan,nan,nan,nan,nan,nan,nan,nan,nan,nan,0
302196221,302195990,0.61547905,nan,nan,nan,nan,nan,nan,nan,nan,nan,nan,nan,0
302297186,302296959,0.61547905,nan,nan,nan,nan,nan,nan,nan,nan,nan,nan,nan,0
302395695,302395466,0.61547905,nan,nan,nan,nan,nan,nan,nan,nan,nan,nan,nan,0
302496668,302496435,0.61547905,nan,nan,nan,nan,nan,nan,nan,nan,nan,nan,nan,0
302597634,302597405,0.61547905,nan,nan,nan,nan,nan,nan,nan,nan,nan,nan,nan,0
302696141,302695912,0.61547905,nan,nan,nan,nan,nan,nan,nan,nan,nan,nan,nan,0
302799572,302799344,0.61547905,nan,nan,nan,nan,nan,nan,nan,nan,nan,nan,nan,0
302895683,302895388,0.61547905,nan,nan,nan,nan,nan,nan,nan,nan,nan,nan,nan,0
302999050,302998820,0.61547905,nan,nan,nan,nan,nan,nan,nan,nan,nan,nan,nan,0
303095090,303094864,0.61547905,nan,nan,nan,nan,nan,nan,nan,nan,nan,nan,nan,0
303198527,303198296,0.613022,nan,nan,nan,nan,nan,nan,nan,nan,nan,nan,nan,0
303299500,303299266,0.613022,nan,nan,nan,nan,nan,nan,nan,nan,nan,nan,nan,0
303398017,303397773,0.6117935,nan,nan,nan,nan,nan,nan,nan,nan,nan,nan,nan,0
303498970,303498742,0.6117935,nan,nan,nan,nan,nan,nan,nan,nan,nan,nan,nan,0
303597479,303597249,0.6117935,nan,nan,nan,nan,nan,nan,nan,nan,nan,nan,nan,0
303698451,303698218,0.6117935,nan,nan,nan,nan,nan,nan,nan,nan,nan,nan,nan,0
303796978,303796725,0.6117935,nan,nan,nan,nan,nan,nan,nan,nan,nan,nan,nan,0
303897923,303897695,0.6117935,nan,nan,nan,nan,nan,nan,nan,nan,nan,nan,nan,0
303998897,303998664,0.613022,nan,nan,nan,nan,nan,nan,nan,nan,nan,nan,nan,0
304097403,304097171,0.61670756,nan,nan,nan,nan,nan,nan,nan,nan,nan,nan,nan,0
304198367,304198140,0.62776405,nan,nan,nan,nan,nan,nan,nan,nan,nan,nan,nan,0
304296875,304296647,0.62776405,nan,nan,nan,nan,nan,nan,nan,nan,nan,nan,nan,0
304397851,304397616,0.62899256,nan,nan,nan,nan,nan,nan,nan,nan,nan,nan,nan,0
304496354,304496123,0.63022107,nan,nan,nan,nan,nan,nan,nan,nan,nan,nan,nan,0
304597321,304597092,0.63022107,nan,nan,nan,nan,nan,nan,nan,nan,nan,nan,nan,0
304698333,304698062,0.63022107,nan,nan,nan,nan,nan,nan,nan,nan,nan,nan,nan,0
304796799,304796569,0.63022107,nan,nan,nan,nan,nan,nan,nan,nan,nan,nan,nan,0
304897782,304897538,0.63022107,nan,nan,nan,nan,nan,nan,nan,nan,nan,nan,nan,0
304996272,304996045,0.63022107,nan,nan,nan,nan,nan,nan,nan,nan,nan,nan,nan,0
305097260,305097014,0.63022107,nan,nan,nan,nan,nan,nan,nan,nan,nan,nan,nan,0
305195768,305195521,0.63022107,nan,nan,nan,nan,nan,nan,nan,nan,nan,nan,nan,0
305296732,305296490,0.63022107,nan,nan,nan,nan,nan,nan,nan,nan,nan,nan,nan,0
305397692,305397460,0.63022107,nan,nan,nan,nan,nan,nan,nan,nan,nan,nan,nan,0
305496211,305495967,0.6375921,nan,nan,nan,nan,nan,nan,nan,nan,nan,nan,nan,0
305597167,305596936,0.6388206,nan,nan,nan,nan,nan,nan,nan,nan,nan,nan,nan,0
305695692,305695443,0.64004904,nan,nan,nan,nan,nan,nan,nan,nan,nan,nan,nan,0
305796644,305796412,0.64004904,nan,nan,nan,nan,nan,nan,nan,nan,nan,nan,nan,0
305895165,305894919,0.64127755,nan,nan,nan,nan,nan,nan,nan,nan,nan,nan,nan,0
305996117,305995888,0.64250606,nan,nan,nan,nan,nan,nan,nan,nan,nan,nan,nan,0
306099547,306099320,0.64250606,nan,nan,nan,nan,nan,nan,nan,nan,nan,nan,nan,0
306198058,306197826,0.64742005,nan,nan,nan,nan,nan,nan,nan,nan,nan,nan,nan,0
306299024,306298796,0.66216207,nan,nan,nan,nan,nan,nan,nan,nan,nan,nan,nan,0
306397547,306397302,0.6670761,nan,nan,nan,nan,nan,nan,nan,nan,nan,nan,nan,0
306498500,306498272,0.6658476,nan,nan,nan,nan,nan,nan,nan,nan,nan,nan,nan,0
306594562,306594316,0.6658476,nan,nan,nan,nan,nan,nan,nan,nan,nan,nan,nan,0
306697979,306697747,0.6658476,nan,nan,nan,nan,nan,nan,nan,nan,nan,nan,nan,0
306796487,306796254,0.6658476,nan,nan,nan,nan,nan,nan,nan,nan,nan,nan,nan,0
306897451,306897223,0.6658476,nan,nan,nan,nan,nan,nan,nan,nan,nan,nan,nan,0
306998422,306998192,0.6658476,nan,nan,nan,nan,nan,nan,nan,nan,nan,nan,nan,0
307096946,307096699,0.6658476,nan,nan,nan,nan,nan,nan,nan,nan,nan,nan,nan,0
307197898,307197668,0.6658476,nan,nan,nan,nan,nan,nan,nan,nan,nan,nan,nan,0
307296401,307296175,0.6658476,nan,nan,nan,nan,nan,nan,nan,nan,nan,nan,nan,0
307397374,307397144,0.6695331,nan,nan,nan,nan,nan,nan,nan,nan,nan,nan,nan,0
307498340,307498113,0.6695331,nan,nan,nan,nan,nan,nan,nan,nan,nan,nan,nan,0
307596850,307596621,0.6695331,nan,nan,nan,nan,nan,nan,nan,nan,nan,nan,nan,0
307697818,307697589,0.6695331,nan,nan,nan,nan,nan,nan,nan,nan,nan,nan,nan,0
307796323,307796095,0.6683046,nan,nan,nan,nan,nan,nan,nan,nan,nan,nan,nan,0
307897292,307897064,0.6683046,nan,nan,nan,nan,nan,nan,nan,nan,nan,nan,nan,0
307995802,307995571,0.6683046,nan,nan,nan,nan,nan,nan,nan,nan,nan,nan,nan,0
308096769,308096540,0.6683046,nan,nan,nan,nan,nan,nan,nan,nan,nan,nan,nan,0
308197737,308197509,0.6683046,nan,nan,nan,nan,nan,nan,nan,nan,nan,nan,nan,0
308296240,308296015,0.6683046,nan,nan,nan,nan,nan,nan,nan,nan,nan,nan,nan,0
308397217,308396984,0.6683046,nan,nan,nan,nan,nan,nan,nan,nan,nan,nan,nan,0
308495736,308495491,0.6683046,nan,nan,nan,nan,nan,nan,nan,nan,nan,nan,nan,0
308596691,308596460,0.6683046,nan,nan,nan,nan,nan,nan,nan,nan,nan,nan,nan,0
308695193,308694966,0.6683046,nan,nan,nan,nan,nan,nan,nan,nan,nan,nan,nan,0
308796168,308795936,0.6683046,nan,nan,nan,nan,nan,nan,nan,nan,nan,nan,nan,0
308899600,308899367,0.6683046,nan,nan,nan,nan,nan,nan,nan,nan,nan,nan,nan,0
308995641,308995411,0.6683046,nan,nan,nan,nan,nan,nan,nan,nan,nan,nan,nan,0
309099069,309098843,0.6683046,nan,nan,nan,nan,nan,nan,nan,nan,nan,nan,nan,0
309195125,309194887,0.6683046,nan,nan,nan,nan,nan,nan,nan,nan,nan,nan,nan,0
309298548,309298318,0.6683046,nan,nan,nan,nan,nan,nan,nan,nan,nan,nan,nan,0
309397060,309396825,0.6707616,nan,nan,nan,nan,nan,nan,nan,nan,nan,nan,nan,0
309498025,309497794,0.6719901,nan,nan,nan,nan,nan,nan,nan,nan,nan,nan,nan,0
309598997,309598763,0.6719901,nan,nan,nan,nan,nan,nan,nan,nan,nan,nan,nan,0
309697518,309697270,0.6719901,nan,nan,nan,nan,nan,nan,nan,nan,nan,nan,nan,0
309798485,309798239,0.6707616,nan,nan,nan,nan,nan,nan,nan,nan,nan,nan,nan,0
309896991,309896745,0.6719901,nan,nan,nan,nan,nan,nan,nan,nan,nan,nan,nan,0
309997945,309997714,0.6707616,nan,nan,nan,nan,nan,nan,nan,nan,nan,nan,nan,0
310096447,310096221,0.69533163,nan,nan,nan,nan,nan,nan,nan,nan,nan,nan,nan,0
310197416,310197190,0.7051596,nan,nan,nan,nan,nan,nan,nan,nan,nan,nan,nan,0
310298389,310298159,0.70884514,nan,nan,nan,nan,nan,nan,nan,nan,nan,nan,nan,0
310396897,310396666,0.71007365,nan,nan,nan,nan,nan,nan,nan,nan,nan,nan,nan,0
310497959,310497635,0.71007365,nan,nan,nan,nan,nan,nan,nan,nan,nan,nan,nan,0
310596367,310596141,0.7137591,nan,nan,nan,nan,nan,nan,nan,nan,nan,nan,nan,0
310697350,310697110,0.71621615,nan,nan,nan,nan,nan,nan,nan,nan,nan,nan,nan,0
310795849,310795617,0.7199016,nan,nan,nan,nan,nan,nan,nan,nan,nan,nan,nan,0
310896811,310896586,0.7272726,nan,nan,nan,nan,nan,nan,nan,nan,nan,nan,nan,0
311000249,311000018,0.7321867,nan,nan,nan,nan,nan,nan,nan,nan,nan,nan,nan,0
311096309,311096061,0.73464364,nan,nan,nan,nan,nan,nan,nan,nan,nan,nan,nan,0
311199726,311199493,0.73464364,nan,nan,nan,nan,nan,nan,nan,nan,nan,nan,nan,0
311295764,311295537,0.7334152,nan,nan,nan,nan,nan,nan,nan,nan,nan,nan,nan,0
311399277,311398968,0.7334152,nan,nan,nan,nan,nan,nan,nan,nan,nan,nan,nan,0
311495241,311495012,0.7334152,nan,nan,nan,nan,nan,nan,nan,nan,nan,nan,nan,0
311598719,311598444,0.7334152,nan,nan,nan,nan,nan,nan,nan,nan,nan,nan,nan,0
311699648,311699413,0.7334152,nan,nan,nan,nan,nan,nan,nan,nan,nan,nan,nan,0
311795741,311795457,0.7334152,nan,nan,nan,nan,nan,nan,nan,nan,nan,nan,nan,0
311899120,311898888,0.7334152,nan,nan,nan,nan,nan,nan,nan,nan,nan,nan,nan,0
311995175,311994932,0.7334152,nan,nan,nan,nan,nan,nan,nan,nan,nan,nan,nan,0
312098592,312098364,0.7334152,nan,nan,nan,nan,nan,nan,nan,nan,nan,nan,nan,0
312194660,312194408,0.7334152,nan,nan,nan,nan,nan,nan,nan,nan,nan,nan,nan,0
312298068,312297839,0.7334152,nan,nan,nan,nan,nan,nan,nan,nan,nan,nan,nan,0
312399051,312398808,0.7334152,nan,nan,nan,nan,nan,nan,nan,nan,nan,nan,nan,0
312497548,312497315,0.73464364,nan,nan,nan,nan,nan,nan,nan,nan,nan,nan,nan,0
312598530,312598284,0.7334152,nan,nan,nan,nan,nan,nan,nan,nan,nan,nan,nan,0
312697031,312696791,0.7334152,nan,nan,nan,nan,nan,nan,nan,nan,nan,nan,nan,0
312798004,312797759,0.7334152,nan,nan,nan,nan,nan,nan,nan,nan,nan,nan,nan,0
312896492,312896266,0.7334152,nan,nan,nan,nan,nan,nan,nan,nan,nan,nan,nan,0
312997493,312997235,0.73464364,nan,nan,nan,nan,nan,nan,nan,nan,nan,nan,nan,0
313098432,313098204,0.7334152,nan,nan,nan,nan,nan,nan,nan,nan,nan,nan,nan,0
313196938,313196711,0.7334152,nan,nan,nan,nan,nan,nan,nan,nan,nan,nan,nan,0
313297965,313297680,0.7334152,nan,nan,nan,nan,nan,nan,nan,nan,nan,nan,nan,0
313396414,313396186,0.7334152,nan,nan,nan,nan,nan,nan,nan,nan,nan,nan,nan,0
313497381,313497155,0.73464364,nan,nan,nan,nan,nan,nan,nan,nan,nan,nan,nan,0
313595889,313595662,0.74447167,nan,nan,nan,nan,nan,nan,nan,nan,nan,nan,nan,0
313696858,313696630,0.75675666,nan,nan,nan,nan,nan,nan,nan,nan,nan,nan,nan,0
313797864,313797600,0.7579852,nan,nan,nan,nan,nan,nan,nan,nan,nan,nan,nan,0
313896340,313896106,0.7579852,nan,nan,nan,nan,nan,nan,nan,nan,nan,nan,nan,0
313997303,313997075,0.7579852,nan,nan,nan,nan,nan,nan,nan,nan,nan,nan,nan,0
314095810,314095581,0.7579852,nan,nan,nan,nan,nan,nan,nan,nan,nan,nan,nan,0
314196791,314196550,0.7579852,nan,nan,nan,nan,nan,nan,nan,nan,nan,nan,nan,0
314295282,314295057,0.7579852,nan,nan,nan,nan,nan,nan,nan,nan,nan,nan,nan,0
314396254,314396026,0.7579852,nan,nan,nan,nan,nan,nan,nan,nan,nan,nan,nan,0
314499692,314499458,0.7579852,nan,nan,nan,nan,nan,nan,nan,nan,nan,nan,nan,0
314595738,314595501,0.7579852,nan,nan,nan,nan,nan,nan,nan,nan,nan,nan,nan,0
314699161,314698932,0.7579852,nan,nan,nan,nan,nan,nan,nan,nan,nan,nan,nan,0
314795207,314794976,0.75675666,nan,nan,nan,nan,nan,nan,nan,nan,nan,nan,nan,0
314898639,314898407,0.7579852,nan,nan,nan,nan,nan,nan,nan,nan,nan,nan,nan,0
314994688,314994451,0.7579852,nan,nan,nan,nan,nan,nan,nan,nan,nan,nan,nan,0
315098112,315097882,0.7579852,nan,nan,nan,nan,nan,nan,nan,nan,nan,nan,nan,0
315199139,315198851,0.7579852,nan,nan,nan,nan,nan,nan,nan,nan,nan,nan,nan,0
315297586,315297357,0.7579852,nan,nan,nan,nan,nan,nan,nan,nan,nan,nan,nan,0
315398552,315398326,0.7579852,nan,nan,nan,nan,nan,nan,nan,nan,nan,nan,nan,0
315497059,315496832,0.7579852,nan,nan,nan,nan,nan,nan,nan,nan,nan,nan,nan,0
315598047,315597801,0.7579852,nan,nan,nan,nan,nan,nan,nan,nan,nan,nan,nan,0
315696536,315696307,0.7579852,nan,nan,nan,nan,nan,nan,nan,nan,nan,nan,nan,0
315797504,315797276,0.7579852,nan,nan,nan,nan,nan,nan,nan,nan,nan,nan,nan,0
315898475,315898245,0.7579852,nan,nan,nan,nan,nan,nan,nan,nan,nan,nan,nan,0
315996980,315996751,0.7579852,nan,nan,nan,nan,nan,nan,nan,nan,nan,nan,nan,0
316097949,316097720,0.7579852,nan,nan,nan,nan,nan,nan,nan,nan,nan,nan,nan,0
316196451,316196226,0.75675666,nan,nan,nan,nan,nan,nan,nan,nan,nan,nan,nan,0
316297425,316297195,0.7579852,nan,nan,nan,nan,nan,nan,nan,nan,nan,nan,nan,0
316395932,316395701,0.7579852,nan,nan,nan,nan,nan,nan,nan,nan,nan,nan,nan,0
316496902,316496670,0.7579852,nan,nan,nan,nan,nan,nan,nan,nan,nan,nan,nan,0
316597880,316597639,0.75675666,nan,nan,nan,nan,nan,nan,nan,nan,nan,nan,nan,0
316696377,316696145,0.75675666,nan,nan,nan,nan,nan,nan,nan,nan,nan,nan,nan,0
316797342,316797114,0.7542997,nan,nan,nan,nan,nan,nan,nan,nan,nan,nan,nan,0
316895850,316895621,0.74938565,nan,nan,nan,nan,nan,nan,nan,nan,nan,nan,nan,0
316996834,316996589,0.74938565,nan,nan,nan,nan,nan,nan,nan,nan,nan,nan,nan,0
317095342,317095096,0.7481572,nan,nan,nan,nan,nan,nan,nan,nan,nan,nan,nan,0
317196293,317196065,0.7481572,nan,nan,nan,nan,nan,nan,nan,nan,nan,nan,nan,0
317299724,317299496,0.7481572,nan,nan,nan,nan,nan,nan,nan,nan,nan,nan,nan,0
317395776,317395540,0.74938565,nan,nan,nan,nan,nan,nan,nan,nan,nan,nan,nan,0
317499219,317498971,0.7481572,nan,nan,nan,nan,nan,nan,nan,nan,nan,nan,nan,0
317595241,317595015,0.74938565,nan,nan,nan,nan,nan,nan,nan,nan,nan,nan,nan,0
317698677,317698446,0.74938565,nan,nan,nan,nan,nan,nan,nan,nan,nan,nan,nan,0
317794733,317794490,0.74938565,nan,nan,nan,nan,nan,nan,nan,nan,nan,nan,nan,0
317898152,317897922,0.7457002,nan,nan,nan,nan,nan,nan,nan,nan,nan,nan,nan,0
317999116,317998890,0.7457002,nan,nan,nan,nan,nan,nan,nan,nan,nan,nan,nan,0
318097625,318097396,0.7457002,nan,nan,nan,nan,nan,nan,nan,nan,nan,nan,nan,0
318198595,318198365,0.7457002,nan,nan,nan,nan,nan,nan,nan,nan,nan,nan,nan,0
318297101,318296871,0.7457002,nan,nan,nan,nan,nan,nan,nan,nan,nan,nan,nan,0
318398069,318397841,0.7457002,nan,nan,nan,nan,nan,nan,nan,nan,nan,nan,nan,0
318496655,318496346,0.7457002,nan,nan,nan,nan,nan,nan,nan,nan,nan,nan,nan,0
318597545,318597315,0.74447167,nan,nan,nan,nan,nan,nan,nan,nan,nan,nan,nan,0
318698527,318698284,0.74447167,nan,nan,nan,nan,nan,nan,nan,nan,nan,nan,nan,0
318797019,318796791,0.72850114,nan,nan,nan,nan,nan,nan,nan,nan,nan,nan,nan,0
318898007,318897759,0.7272726,nan,nan,nan,nan,nan,nan,nan,nan,nan,nan,nan,0
318996495,318996266,0.7272726,nan,nan,nan,nan,nan,nan,nan,nan,nan,nan,nan,0
319097475,319097235,0.7272726,nan,nan,nan,nan,nan,nan,nan,nan,nan,nan,nan,0
319195969,319195741,0.7272726,nan,nan,nan,nan,nan,nan,nan,nan,nan,nan,nan,0
319296975,319296710,0.7272726,nan,nan,nan,nan,nan,nan,nan,nan,nan,nan,nan,0
319397911,319397681,0.66216207,nan,nan,nan,nan,nan,nan,nan,nan,nan,nan,nan,0
319496425,319496185,0.54176897,nan,nan,nan,nan,nan,nan,nan,nan,nan,nan,nan,0
319597382,319597153,0.4778325,nan,nan,nan,nan,nan,nan,nan,nan,nan,nan,nan,0
319695912,319695660,0.13546799,nan,nan,nan,nan,nan,nan,nan,nan,nan,nan,nan,0
319796859,319796629,nan,nan,nan,nan,nan,nan,nan,nan,nan,nan,nan,nan,0
319895409,319895135,nan,nan,nan,nan,nan,nan,nan,nan,nan,nan,nan,nan,0
319996352,319996104,nan,nan,nan,nan,nan,nan,nan,nan,nan,nan,nan,nan,0
320099769,320099535,nan,nan,nan,nan,nan,nan,nan,nan,nan,nan,nan,nan,0
320195807,320195578,nan,nan,nan,nan,nan,nan,nan,nan,nan,nan,nan,nan,0
320299271,320299010,nan,nan,nan,nan,nan,nan,nan,nan,nan,nan,nan,nan,0
320395281,320395053,nan,nan,nan,nan,nan,nan,nan,nan,nan,nan,nan,nan,0
320498717,320498485,nan,nan,nan,nan,nan,nan,nan,nan,nan,nan,nan,nan,0
320594757,320594528,nan,nan,nan,nan,nan,nan,nan,nan,nan,nan,nan,nan,0
320698187,320697960,nan,nan,nan,nan,nan,nan,nan,nan,nan,nan,nan,nan,0
320799158,320798929,nan,nan,nan,nan,nan,nan,nan,nan,nan,nan,nan,nan,0
320897673,320897435,nan,nan,nan,nan,nan,nan,nan,nan,nan,nan,nan,nan,0
320998636,320998404,nan,nan,nan,nan,nan,nan,nan,nan,nan,nan,nan,nan,0
321097139,321096910,nan,nan,nan,nan,nan,nan,nan,nan,nan,nan,nan,nan,0
321198110,321197879,nan,nan,nan,nan,nan,nan,nan,nan,nan,nan,nan,nan,0
321296633,321296385,nan,nan,nan,nan,nan,nan,nan,nan,nan,nan,nan,nan,0
321397579,321397354,nan,nan,nan,nan,nan,nan,nan,nan,nan,nan,nan,nan,0
321498553,321498323,nan,nan,nan,nan,nan,nan,nan,nan,nan,nan,nan,nan,0
321597060,321596829,nan,nan,nan,nan,nan,nan,nan,nan,nan,nan,nan,nan,0
321698028,321697799,nan,nan,nan,nan,nan,nan,nan,nan,nan,nan,nan,nan,0
321796546,321796307,nan,nan,nan,nan,nan,nan,nan,nan,nan,nan,nan,nan,0
321897513,321897274,nan,nan,nan,nan,nan,nan,nan,nan,nan,nan,nan,nan,0
321996011,321995780,nan,nan,nan,nan,nan,nan,nan,nan,nan,nan,nan,nan,0
322096976,322096749,nan,nan,nan,nan,nan,nan,nan,nan,nan,nan,nan,nan,0
322197949,322197719,nan,nan,nan,nan,nan,nan,nan,nan,nan,nan,nan,nan,0
322296454,322296225,nan,nan,nan,nan,nan,nan,nan,nan,nan,nan,nan,nan,0
322397422,322397194,nan,nan,nan,nan,nan,nan,nan,nan,nan,nan,nan,nan,0
322495926,322495701,nan,nan,nan,nan,nan,nan,nan,nan,nan,nan,nan,nan,0
322596902,322596670,nan,nan,nan,nan,nan,nan,nan,nan,nan,nan,nan,nan,0
322695403,322695176,nan,nan,nan,nan,nan,nan,nan,nan,nan,nan,nan,nan,0
322796371,322796146,nan,nan,nan,nan,nan,nan,nan,nan,nan,nan,nan,nan,0
322899803,322899578,nan,nan,nan,nan,nan,nan,nan,nan,nan,nan,nan,nan,0
322995854,322995622,nan,nan,nan,nan,nan,nan,nan,nan,nan,nan,nan,nan,0
323099283,323099053,nan,nan,nan,nan,nan,nan,nan,nan,nan,nan,nan,nan,0
323195324,323195097,nan,nan,nan,nan,nan,nan,nan,nan,nan,nan,nan,nan,0
323298756,323298529,nan,nan,nan,nan,nan,nan,nan,nan,nan,nan,nan,nan,0
323394802,323394573,nan,nan,nan,nan,nan,nan,nan,nan,nan,nan,nan,nan,0
323498240,323498005,nan,nan,nan,nan,nan,nan,nan,nan,nan,nan,nan,nan,0
323599216,323598975,nan,nan,nan,nan,nan,nan,nan,nan,nan,nan,nan,nan,0
323697710,323697481,nan,nan,nan,nan,nan,nan,nan,nan,nan,nan,nan,nan,0
323798687,323798451,nan,nan,nan,nan,nan,nan,nan,nan,nan,nan,nan,nan,0
323897189,323896957,nan,nan,nan,nan,nan,nan,nan,nan,nan,nan,nan,nan,0
323998155,323997927,nan,nan,nan,nan,nan,nan,nan,nan,nan,nan,nan,nan,0
324096679,324096434,nan,nan,nan,nan,nan,nan,nan,nan,nan,nan,nan,nan,0
324197638,324197403,nan,nan,nan,nan,nan,nan,nan,nan,nan,nan,nan,nan,0
324296136,324295910,nan,nan,nan,nan,nan,nan,nan,nan,nan,nan,nan,nan,0
324397109,324396879,nan,nan,nan,nan,nan,nan,nan,nan,nan,nan,nan,nan,0
324498083,324497850,nan,nan,nan,nan,nan,nan,nan,nan,nan,nan,nan,nan,0
324596587,324596356,nan,nan,nan,nan,nan,nan,nan,nan,nan,nan,nan,nan,0
324697554,324697325,nan,nan,nan,nan,nan,nan,nan,nan,nan,nan,nan,nan,0
324796060,324795832,nan,nan,nan,nan,nan,nan,nan,nan,nan,nan,nan,nan,0
324897032,324896801,nan,nan,nan,nan,nan,nan,nan,nan,nan,nan,nan,nan,0
324998010,324997771,nan,nan,nan,nan,nan,nan,nan,nan,nan,nan,nan,nan,0
325096498,325096278,nan,nan,nan,nan,nan,nan,nan,nan,nan,nan,nan,nan,0
325197480,325197247,nan,nan,nan,nan,nan,nan,nan,nan,nan,nan,nan,nan,0
325295979,325295754,nan,nan,nan,nan,nan,nan,nan,nan,nan,nan,nan,nan,0
325396948,325396724,nan,nan,nan,nan,nan,nan,nan,nan,nan,nan,nan,nan,0
325495466,325495231,nan,nan,nan,nan,nan,nan,nan,nan,nan,nan,nan,nan,0
325596450,325596200,nan,nan,nan,nan,nan,nan,nan,nan,nan,nan,nan,nan,0
325699855,325699632,nan,nan,nan,nan,nan,nan,nan,nan,nan,nan,nan,nan,0
325795956,325795677,nan,nan,nan,nan,nan,nan,nan,nan,nan,nan,nan,nan,0
325899344,325899109,nan,nan,nan,nan,nan,nan,nan,nan,nan,nan,nan,nan,0
325995393,325995153,nan,nan,nan,nan,nan,nan,nan,nan,nan,nan,nan,nan,0
326098811,326098586,nan,nan,nan,nan,nan,nan,nan,nan,nan,nan,nan,nan,0
326194870,326194630,nan,nan,nan,nan,nan,nan,nan,nan,nan,nan,nan,nan,0
326298287,326298062,nan,nan,nan,nan,nan,nan,nan,nan,nan,nan,nan,nan,0
326399272,326399032,nan,nan,nan,nan,nan,nan,nan,nan,nan,nan,nan,nan,0
326497762,326497539,nan,nan,nan,nan,nan,nan,nan,nan,nan,nan,nan,nan,0
326598747,326598509,nan,nan,nan,nan,nan,nan,nan,nan,nan,nan,nan,nan,0
326697236,326697016,nan,nan,nan,nan,nan,nan,nan,nan,nan,nan,nan,nan,0
326798228,326797985,nan,nan,nan,nan,nan,nan,nan,nan,nan,nan,nan,nan,0
326896715,326896492,nan,nan,nan,nan,nan,nan,nan,nan,nan,nan,nan,nan,0
326997694,326997462,nan,nan,nan,nan,nan,nan,nan,nan,nan,nan,nan,nan,0
327098667,327098432,nan,nan,nan,nan,nan,nan,nan,nan,nan,nan,nan,nan,0
327197161,327196939,nan,nan,nan,nan,nan,nan,nan,nan,nan,nan,nan,nan,0
327298147,327297909,nan,nan,nan,nan,nan,nan,nan,nan,nan,nan,nan,nan,0
327396639,327396416,nan,nan,nan,nan,nan,nan,nan,nan,nan,nan,nan,nan,0
327497609,327497386,nan,nan,nan,nan,nan,nan,nan,nan,nan,nan,nan,nan,0
327596115,327595893,nan,nan,nan,nan,nan,nan,nan,nan,nan,nan,nan,nan,0
327697082,327696863,nan,nan,nan,nan,nan,nan,nan,nan,nan,nan,nan,nan,0
327798079,327797833,nan,nan,nan,nan,nan,nan,nan,nan,nan,nan,nan,nan,0
327896562,327896340,nan,nan,nan,nan,nan,nan,nan,nan,nan,nan,nan,nan,0
327997538,327997310,nan,nan,nan,nan,nan,nan,nan,nan,nan,nan,nan,nan,0
328096036,328095817,nan,nan,nan,nan,nan,nan,nan,nan,nan,nan,nan,nan,0
328197012,328196787,nan,nan,nan,nan,nan,nan,nan,nan,nan,nan,nan,nan,0
328295516,328295294,nan,nan,nan,nan,nan,nan,nan,nan,nan,nan,nan,nan,0
328396484,328396264,nan,nan,nan,nan,nan,nan,nan,nan,nan,nan,nan,nan,0
328499925,328499700,nan,nan,nan,nan,nan,nan,nan,nan,nan,nan,nan,nan,0
328595984,328595741,nan,nan,nan,nan,nan,nan,nan,nan,nan,nan,nan,nan,0
328699402,328699174,nan,nan,nan,nan,nan,nan,nan,nan,nan,nan,nan,nan,0
328795438,328795219,nan,nan,nan,nan,nan,nan,nan,nan,nan,nan,nan,nan,0
328898872,328898651,nan,nan,nan,nan,nan,nan,nan,nan,nan,nan,nan,nan,0
328994934,328994696,nan,nan,nan,nan,nan,nan,nan,nan,nan,nan,nan,nan,0
329098356,329098129,nan,nan,nan,nan,nan,nan,nan,nan,nan,nan,nan,nan,0
329199336,329199099,nan,nan,nan,nan,nan,nan,nan,nan,nan,nan,nan,nan,0
329297830,329297606,nan,nan,nan,nan,nan,nan,nan,nan,nan,nan,nan,nan,0
329398800,329398576,nan,nan,nan,nan,nan,nan,nan,nan,nan,nan,nan,nan,0
329497304,329497083,nan,nan,nan,nan,nan,nan,nan,nan,nan,nan,nan,nan,0
329598295,329598053,nan,nan,nan,nan,nan,nan,nan,nan,nan,nan,nan,nan,0
329696781,329696561,nan,nan,nan,nan,nan,nan,nan,nan,nan,nan,nan,nan,0
329797755,329797531,nan,nan,nan,nan,nan,nan,nan,nan,nan,nan,nan,nan,0
329898723,329898501,nan,nan,nan,nan,nan,nan,nan,nan,nan,nan,nan,nan,0
329997228,329997008,nan,nan,nan,nan,nan,nan,nan,nan,nan,nan,nan,nan,0
330098205,330097979,nan,nan,nan,nan,nan,nan,nan,nan,nan,nan,nan,nan,0
330196712,330196486,nan,nan,nan,nan,nan,nan,nan,nan,nan,nan,nan,nan,0
330297686,330297456,nan,nan,nan,nan,nan,nan,nan,nan,nan,nan,nan,nan,0
330396203,330395964,nan,nan,nan,nan,nan,nan,nan,nan,nan,nan,nan,nan,0
330497176,330496934,nan,nan,nan,nan,nan,nan,nan,nan,nan,nan,nan,nan,0
330598144,330597904,nan,nan,nan,nan,nan,nan,nan,nan,nan,nan,nan,nan,0
330696633,330696411,nan,nan,nan,nan,nan,nan,nan,nan,nan,nan,nan,nan,0
330797604,330797382,nan,nan,nan,nan,nan,nan,nan,nan,nan,nan,nan,nan,0
330896113,330895889,nan,nan,nan,nan,nan,nan,nan,nan,nan,nan,nan,nan,0
330997081,330996859,nan,nan,nan,nan,nan,nan,nan,nan,nan,nan,nan,nan,0
331095629,331095367,nan,nan,nan,nan,nan,nan,nan,nan,nan,nan,nan,nan,0
331196560,331196337,nan,nan,nan,nan,nan,nan,nan,nan,nan,nan,nan,nan,0
331299996,331299770,nan,nan,nan,nan,nan,nan,nan,nan,nan,nan,nan,nan,0
331396036,331395815,nan,nan,nan,nan,nan,nan,nan,nan,nan,nan,nan,nan,0
331499494,331499248,nan,nan,nan,nan,nan,nan,nan,nan,nan,nan,nan,nan,0
331595515,331595293,nan,nan,nan,nan,nan,nan,nan,nan,nan,nan,nan,nan,0
331698957,331698726,nan,nan,nan,nan,nan,nan,nan,nan,nan,nan,nan,nan,0
331794993,331794771,nan,nan,nan,nan,nan,nan,nan,nan,nan,nan,nan,nan,0
331898447,331898204,nan,nan,nan,nan,nan,nan,nan,nan,nan,nan,nan,nan,0
331999401,331999174,nan,nan,nan,nan,nan,nan,nan,nan,nan,nan,nan,nan,0
332097931,332097682,nan,nan,nan,nan,nan,nan,nan,nan,nan,nan,nan,nan,0
332198873,332198652,nan,nan,nan,nan,nan,nan,nan,nan,nan,nan,nan,nan,0
332297381,332297160,nan,nan,nan,nan,nan,nan,nan,nan,nan,nan,nan,nan,0
332398356,332398130,nan,nan,nan,nan,nan,nan,nan,nan,nan,nan,nan,nan,0
332496865,332496640,nan,nan,nan,nan,nan,nan,nan,nan,nan,nan,nan,nan,0
332597832,332597608,nan,nan,nan,nan,nan,nan,nan,nan,nan,nan,nan,nan,0
332698859,332698579,nan,nan,nan,nan,nan,nan,nan,nan,nan,nan,nan,nan,0
332797312,332797086,nan,nan,nan,nan,nan,nan,nan,nan,nan,nan,nan,nan,0
332898296,332898057,nan,nan,nan,nan,nan,nan,nan,nan,nan,nan,nan,nan,0
332996789,332996564,nan,nan,nan,nan,nan,nan,nan,nan,nan,nan,nan,nan,0
333097775,333097535,nan,nan,nan,nan,nan,nan,nan,nan,nan,nan,nan,nan,0
333196267,333196043,nan,nan,nan,nan,nan,nan,nan,nan,nan,nan,nan,nan,0
333297247,333297013,nan,nan,nan,nan,nan,nan,nan,nan,nan,nan,nan,nan,0
333398209,333397984,nan,nan,nan,nan,nan,nan,nan,nan,nan,nan,nan,nan,0
333496755,333496491,nan,nan,nan,nan,nan,nan,nan,nan,nan,nan,nan,nan,0
333597691,333597462,nan,nan,nan,nan,nan,nan,nan,nan,nan,nan,nan,nan,0
333696205,333695970,nan,nan,nan,nan,nan,nan,nan,nan,nan,nan,nan,nan,0
333797162,333796940,nan,nan,nan,nan,nan,nan,nan,nan,nan,nan,nan,nan,0
333895693,333895448,nan,nan,nan,nan,nan,nan,nan,nan,nan,nan,nan,nan,0
333996641,333996419,nan,nan,nan,nan,nan,nan,nan,nan,nan,nan,nan,nan,0
334097616,334097389,nan,nan,nan,nan,nan,nan,nan,nan,nan,nan,nan,nan,0
334196119,334195897,nan,nan,nan,nan,nan,nan,nan,nan,nan,nan,nan,nan,0
334297090,334296868,nan,nan,nan,nan,nan,nan,nan,nan,nan,nan,nan,nan,0
334395597,334395376,nan,nan,nan,nan,nan,nan,nan,nan,nan,nan,nan,nan,0
334499029,334498809,nan,nan,nan,nan,nan,nan,nan,nan,nan,nan,nan,nan,0
334595098,334594854,nan,nan,nan,nan,nan,nan,nan,nan,nan,nan,nan,nan,0
334698513,334698287,nan,nan,nan,nan,nan,nan,nan,nan,nan,nan,nan,nan,0
334799480,334799258,nan,nan,nan,nan,nan,nan,nan,nan,nan,nan,nan,nan,0
334897988,334897766,nan,nan,nan,nan,nan,nan,nan,nan,nan,nan,nan,nan,0
334998961,334998737,nan,nan,nan,nan,nan,nan,nan,nan,nan,nan,nan,nan,0
335097482,335097244,nan,nan,nan,nan,nan,nan,nan,nan,nan,nan,nan,nan,0
335198446,335198215,nan,nan,nan,nan,nan,nan,nan,nan,nan,nan,nan,nan,0
335296961,335296723,nan,nan,nan,nan,nan,nan,nan,nan,nan,nan,nan,nan,0
335397919,335397694,nan,nan,nan,nan,nan,nan,nan,nan,nan,nan,nan,nan,0
335496434,335496202,nan,nan,nan,nan,nan,nan,nan,nan,nan,nan,nan,nan,0
335597393,335597173,nan,nan,nan,nan,nan,nan,nan,nan,nan,nan,nan,nan,0
335698368,335698143,nan,nan,nan,nan,nan,nan,nan,nan,nan,nan,nan,nan,0
335796874,335796651,nan,nan,nan,nan,nan,nan,nan,nan,nan,nan,nan,nan,0
335897851,335897622,nan,nan,nan,nan,nan,nan,nan,nan,nan,nan,nan,nan,0
335996349,335996130,nan,nan,nan,nan,nan,nan,nan,nan,nan,nan,nan,nan,0
336097323,336097101,nan,nan,nan,nan,nan,nan,nan,nan,nan,nan,nan,nan,0
336198293,336198072,nan,nan,nan,nan,nan,nan,nan,nan,nan,nan,nan,nan,0
336296800,336296580,nan,nan,nan,nan,nan,nan,nan,nan,nan,nan,nan,nan,0
336397775,336397550,nan,nan,nan,nan,nan,nan,nan,nan,nan,nan,nan,nan,0
336496281,336496059,nan,nan,nan,nan,nan,nan,nan,nan,nan,nan,nan,nan,0
336597251,336597029,nan,nan,nan,nan,nan,nan,nan,nan,nan,nan,nan,nan,0
336695761,336695538,nan,nan,nan,nan,nan,nan,nan,nan,nan,nan,nan,nan,0
336796761,336796508,nan,nan,nan,nan,nan,nan,nan,nan,nan,nan,nan,nan,0
336897704,336897479,nan,nan,nan,nan,nan,nan,nan,nan,nan,nan,nan,nan,0
336996210,336995987,nan,nan,nan,nan,nan,nan,nan,nan,nan,nan,nan,nan,0
337097191,337096958,nan,nan,nan,nan,nan,nan,nan,nan,nan,nan,nan,nan,0
337195712,337195466,nan,nan,nan,nan,nan,nan,nan,nan,nan,nan,nan,nan,0
337296660,337296437,nan,nan,nan,nan,nan,nan,nan,nan,nan,nan,nan,nan,0
337395167,337394945,nan,nan,nan,nan,nan,nan,nan,nan,nan,nan,nan,nan,0
337496141,337495916,nan,nan,nan,nan,nan,nan,nan,nan,nan,nan,nan,nan,0
337599573,337599350,nan,nan,nan,nan,nan,nan,nan,nan,nan,nan,nan,nan,0
337695616,337695395,nan,nan,nan,nan,nan,nan,nan,nan,nan,nan,nan,nan,0
337799052,337798829,nan,nan,nan,nan,nan,nan,nan,nan,nan,nan,nan,nan,0
337895098,337894875,nan,nan,nan,nan,nan,nan,nan,nan,nan,nan,nan,nan,0
337998531,337998308,nan,nan,nan,nan,nan,nan,nan,nan,nan,nan,nan,nan,0
338097040,338096816,nan,nan,nan,nan,nan,nan,nan,nan,nan,nan,nan,nan,0
338198007,338197787,nan,nan,nan,nan,nan,nan,nan,nan,nan,nan,nan,nan,0
338298983,338298758,nan,nan,nan,nan,nan,nan,nan,nan,nan,nan,nan,nan,0
338397500,338397267,nan,nan,nan,nan,nan,nan,nan,nan,nan,nan,nan,nan,0
338498474,338498238,nan,nan,nan,nan,nan,nan,nan,nan,nan,nan,nan,nan,0
338596980,338596746,nan,nan,nan,nan,nan,nan,nan,nan,nan,nan,nan,nan,0
338697941,338697717,nan,nan,nan,nan,nan,nan,nan,nan,nan,nan,nan,nan,0
338796448,338796225,nan,nan,nan,nan,nan,nan,nan,nan,nan,nan,nan,nan,0
338897418,338897196,nan,nan,nan,nan,nan,nan,nan,nan,nan,nan,nan,nan,0
338998395,338998167,nan,nan,nan,nan,nan,nan,nan,nan,nan,nan,nan,nan,0
339096915,339096676,nan,nan,nan,nan,nan,nan,nan,nan,nan,nan,nan,nan,0
339197873,339197647,nan,nan,nan,nan,nan,nan,nan,nan,nan,nan,nan,nan,0
339296374,339296155,nan,nan,nan,nan,nan,nan,nan,nan,nan,nan,nan,nan,0
339397348,339397126,nan,nan,nan,nan,nan,nan,nan,nan,nan,nan,nan,nan,0
339495859,339495635,nan,nan,nan,nan,nan,nan,nan,nan,nan,nan,nan,nan,0
339596826,339596606,nan,nan,nan,nan,nan,nan,nan,nan,nan,nan,nan,nan,0
339697803,339697577,nan,nan,nan,nan,nan,nan,nan,nan,nan,nan,nan,nan,0
339796316,339796087,nan,nan,nan,nan,nan,nan,nan,nan,nan,nan,nan,nan,0
339897278,339897056,nan,nan,nan,nan,nan,nan,nan,nan,nan,nan,nan,nan,0
339995833,339995565,nan,nan,nan,nan,nan,nan,nan,nan,nan,nan,nan,nan,0
340096759,340096536,nan,nan,nan,nan,nan,nan,nan,nan,nan,nan,nan,nan,0
340195337,340195045,nan,nan,nan,nan,nan,nan,nan,nan,nan,nan,nan,nan,0
340296237,340296016,nan,nan,nan,nan,nan,nan,nan,nan,nan,nan,nan,nan,0
340399692,340399450,nan,nan,nan,nan,nan,nan,nan,nan,nan,nan,nan,nan,0
340495744,340495495,nan,nan,nan,nan,nan,nan,nan,nan,nan,nan,nan,nan,0
340599167,340598929,nan,nan,nan,nan,nan,nan,nan,nan,nan,nan,nan,nan,0
340695217,340694975,nan,nan,nan,nan,nan,nan,nan,nan,nan,nan,nan,nan,0
340798652,340798409,nan,nan,nan,nan,nan,nan,nan,nan,nan,nan,nan,nan,0
340894681,340894455,nan,nan,nan,nan,nan,nan,nan,nan,nan,nan,nan,nan,0
340998150,340997889,nan,nan,nan,nan,nan,nan,nan,nan,nan,nan,nan,nan,0
341099098,341098860,nan,nan,nan,nan,nan,nan,nan,nan,nan,nan,nan,nan,0
341197605,341197369,nan,nan,nan,nan,nan,nan,nan,nan,nan,nan,nan,nan,0
341298564,341298340,nan,nan,nan,nan,nan,nan,nan,nan,nan,nan,nan,nan,0
341397075,341396848,nan,nan,nan,nan,nan,nan,nan,nan,nan,nan,nan,nan,0
341498040,341497820,nan,nan,nan,nan,nan,nan,nan,nan,nan,nan,nan,nan,0
341596550,341596328,nan,nan,nan,nan,nan,nan,nan,nan,nan,nan,nan,nan,0
341697533,341697300,nan,nan,nan,nan,nan,nan,nan,nan,nan,nan,nan,nan,0
341798497,341798271,nan,nan,nan,nan,nan,nan,nan,nan,nan,nan,nan,nan,0
341897059,341896780,nan,nan,nan,nan,nan,nan,nan,nan,nan,nan,nan,nan,0
341997977,341997751,nan,nan,nan,nan,nan,nan,nan,nan,nan,nan,nan,nan,0
342096484,342096260,nan,nan,nan,nan,nan,nan,nan,nan,nan,nan,nan,nan,0
342197456,342197231,nan,nan,nan,nan,nan,nan,nan,nan,nan,nan,nan,nan,0
342295981,342295740,nan,nan,nan,nan,nan,nan,nan,nan,nan,nan,nan,nan,0
342396933,342396711,nan,nan,nan,nan,nan,nan,nan,nan,nan,nan,nan,nan,0
342497908,342497682,nan,nan,nan,nan,nan,nan,nan,nan,nan,nan,nan,nan,0
342596414,342596191,nan,nan,nan,nan,nan,nan,nan,nan,nan,nan,nan,nan,0
342697386,342697162,nan,nan,nan,nan,nan,nan,nan,nan,nan,nan,nan,nan,0
342795897,342795671,nan,nan,nan,nan,nan,nan,nan,nan,nan,nan,nan,nan,0
342896862,342896642,nan,nan,nan,nan,nan,nan,nan,nan,nan,nan,nan,nan,0
342995371,342995151,nan,nan,nan,nan,nan,nan,nan,nan,nan,nan,nan,nan,0
343096347,343096122,nan,nan,nan,nan,nan,nan,nan,nan,nan,nan,nan,nan,0
343199778,343199557,nan,nan,nan,nan,nan,nan,nan,nan,nan,nan,nan,nan,0
343295893,343295602,nan,nan,nan,nan,nan,nan,nan,nan,nan,nan,nan,nan,0
343399257,343399037,nan,nan,nan,nan,nan,nan,nan,nan,nan,nan,nan,nan,0
343495308,343495083,nan,nan,nan,nan,nan,nan,nan,nan,nan,nan,nan,nan,0
343598745,343598517,nan,nan,nan,nan,nan,nan,nan,nan,nan,nan,nan,nan,0
343694783,343694563,nan,nan,nan,nan,nan,nan,nan,nan,nan,nan,nan,nan,0
343798219,343797997,nan,nan,nan,nan,nan,nan,nan,nan,nan,nan,nan,nan,0
343899251,343898969,nan,nan,nan,nan,nan,nan,nan,nan,nan,nan,nan,nan,0
343997709,343997477,nan,nan,nan,nan,nan,nan,nan,nan,nan,nan,nan,nan,0
344098678,344098449,nan,nan,nan,nan,nan,nan,nan,nan,nan,nan,nan,nan,0
344197180,344196958,nan,nan,nan,nan,nan,nan,nan,nan,nan,nan,nan,nan,0
344298171,344297929,nan,nan,nan,nan,nan,nan,nan,nan,nan,nan,nan,nan,0
344396665,344396438,nan,nan,nan,nan,nan,nan,nan,nan,nan,nan,nan,nan,0
344497635,344497410,nan,nan,nan,nan,nan,nan,nan,nan,nan,nan,nan,nan,0
344598608,344598381,nan,nan,nan,nan,nan,nan,nan,nan,nan,nan,nan,nan,0
344697115,344696890,nan,nan,nan,nan,nan,nan,nan,nan,nan,nan,nan,nan,0
344798085,344797862,nan,nan,nan,nan,nan,nan,nan,nan,nan,nan,nan,nan,0
344896591,344896371,nan,nan,nan,nan,nan,nan,nan,nan,nan,nan,nan,nan,0
344997567,344997342,nan,nan,nan,nan,nan,nan,nan,nan,nan,nan,nan,nan,0
345096079,345095852,nan,nan,nan,nan,nan,nan,nan,nan,nan,nan,nan,nan,0
345197044,345196823,nan,nan,nan,nan,nan,nan,nan,nan,nan,nan,nan,nan,0
345298035,345297794,nan,nan,nan,nan,nan,nan,nan,nan,nan,nan,nan,nan,0
345396527,345396303,nan,nan,nan,nan,nan,nan,nan,nan,nan,nan,nan,nan,0
345497507,345497275,nan,nan,nan,nan,nan,nan,nan,nan,nan,nan,nan,nan,0
345596010,345595784,nan,nan,nan,nan,nan,nan,nan,nan,nan,nan,nan,nan,0
345696994,345696756,nan,nan,nan,nan,nan,nan,nan,nan,nan,nan,nan,nan,0
345795488,345795265,nan,nan,nan,nan,nan,nan,nan,nan,nan,nan,nan,nan,0
345896456,345896236,nan,nan,nan,nan,nan,nan,nan,nan,nan,nan,nan,nan,0
345999891,345999671,nan,nan,nan,nan,nan,nan,nan,nan,nan,nan,nan,nan,0
346095942,346095717,nan,nan,nan,nan,nan,nan,nan,nan,nan,nan,nan,nan,0
346199385,346199151,nan,nan,nan,nan,nan,nan,nan,nan,nan,nan,nan,nan,0
346295416,346295198,nan,nan,nan,nan,nan,nan,nan,nan,nan,nan,nan,nan,0
346398860,346398632,nan,nan,nan,nan,nan,nan,nan,nan,nan,nan,nan,nan,0
346494901,346494678,nan,nan,nan,nan,nan,nan,nan,nan,nan,nan,nan,nan,0
346598336,346598113,nan,nan,nan,nan,nan,nan,nan,nan,nan,nan,nan,nan,0
346699325,346699085,nan,nan,nan,nan,nan,nan,nan,nan,nan,nan,nan,nan,0
346797813,346797594,nan,nan,nan,nan,nan,nan,nan,nan,nan,nan,nan,nan,0
346898796,346898566,nan,nan,nan,nan,nan,nan,nan,nan,nan,nan,nan,nan,0
346997300,346997075,nan,nan,nan,nan,nan,nan,nan,nan,nan,nan,nan,nan,0
347098303,347098046,nan,nan,nan,nan,nan,nan,nan,nan,nan,nan,nan,nan,0
347196793,347196556,nan,nan,nan,nan,nan,nan,nan,nan,nan,nan,nan,nan,0
347297812,347297527,nan,nan,nan,nan,nan,nan,nan,nan,nan,nan,nan,nan,0
347396258,347396036,nan,nan,nan,nan,nan,nan,nan,nan,nan,nan,nan,nan,0
347497245,347497008,nan,nan,nan,nan,nan,nan,nan,nan,nan,nan,nan,nan,0
347598207,347597980,nan,nan,nan,nan,nan,nan,nan,nan,nan,nan,nan,nan,0
347696729,347696489,nan,nan,nan,nan,nan,nan,nan,nan,nan,nan,nan,nan,0
347797694,347797464,nan,nan,nan,nan,nan,nan,nan,nan,nan,nan,nan,nan,0
347896207,347895970,nan,nan,nan,nan,nan,nan,nan,nan,nan,nan,nan,nan,0
347997168,347996942,nan,nan,nan,nan,nan,nan,nan,nan,nan,nan,nan,nan,0
348098149,348097914,nan,nan,nan,nan,nan,nan,nan,nan,nan,nan,nan,nan,0
348196646,348196423,nan,nan,nan,nan,nan,nan,nan,nan,nan,nan,nan,nan,0
348297640,348297395,nan,nan,nan,nan,nan,nan,nan,nan,nan,nan,nan,nan,0
348396128,348395904,nan,nan,nan,nan,nan,nan,nan,nan,nan,nan,nan,nan,0
348497115,348496876,nan,nan,nan,nan,nan,nan,nan,nan,nan,nan,nan,nan,0
348595619,348595385,nan,nan,nan,nan,nan,nan,nan,nan,nan,nan,nan,nan,0
348696583,348696357,nan,nan,nan,nan,nan,nan,nan,nan,nan,nan,nan,nan,0
348795107,348794867,nan,nan,nan,nan,nan,nan,nan,nan,nan,nan,nan,nan,0
348896059,348895839,nan,nan,nan,nan,nan,nan,nan,nan,nan,nan,nan,nan,0
348999499,348999273,nan,nan,nan,nan,nan,nan,nan,nan,nan,nan,nan,nan,0
349095543,349095320,nan,nan,nan,nan,nan,nan,nan,nan,nan,nan,nan,nan,0
349198978,349198755,nan,nan,nan,nan,nan,nan,nan,nan,nan,nan,nan,nan,0
349295022,349294801,nan,nan,nan,nan,nan,nan,nan,nan,nan,nan,nan,nan,0
349398474,349398236,nan,nan,nan,nan,nan,nan,nan,nan,nan,nan,nan,nan,0
349499431,349499208,nan,nan,nan,nan,nan,nan,nan,nan,nan,nan,nan,nan,0
349597944,349597717,nan,nan,nan,nan,nan,nan,nan,nan,nan,nan,nan,nan,0
349698910,349698689,nan,nan,nan,nan,nan,nan,nan,nan,nan,nan,nan,nan,0
349797425,349797199,nan,nan,nan,nan,nan,nan,nan,nan,nan,nan,nan,nan,0
349898399,349898171,nan,nan,nan,nan,nan,nan,nan,nan,nan,nan,nan,nan,0
349996926,349996680,nan,nan,nan,nan,nan,nan,nan,nan,nan,nan,nan,nan,0
350097876,350097652,nan,nan,nan,nan,nan,nan,nan,nan,nan,nan,nan,nan,0
350198858,350198624,nan,nan,nan,nan,nan,nan,nan,nan,nan,nan,nan,nan,0
350297357,350297134,nan,nan,nan,nan,nan,nan,nan,nan,nan,nan,nan,nan,0
350398344,350398106,nan,nan,nan,nan,nan,nan,nan,nan,nan,nan,nan,nan,0
350496837,350496615,nan,nan,nan,nan,nan,nan,nan,nan,nan,nan,nan,nan,0
350597811,350597587,nan,nan,nan,nan,nan,nan,nan,nan,nan,nan,nan,nan,0
350696324,350696096,nan,nan,nan,nan,nan,nan,nan,nan,nan,nan,nan,nan,0
350797292,350797069,nan,nan,nan,nan,nan,nan,nan,nan,nan,nan,nan,nan,0
350898269,350898041,nan,nan,nan,nan,nan,nan,nan,nan,nan,nan,nan,nan,0
350996780,350996550,nan,nan,nan,nan,nan,nan,nan,nan,nan,nan,nan,nan,0
351097747,351097522,nan,nan,nan,nan,nan,nan,nan,nan,nan,nan,nan,nan,0
351196271,351196032,nan,nan,nan,nan,nan,nan,nan,nan,nan,nan,nan,nan,0
351297249,351297004,nan,nan,nan,nan,nan,nan,nan,nan,nan,nan,nan,nan,0
351395759,351395513,nan,nan,nan,nan,nan,nan,nan,nan,nan,nan,nan,nan,0
351496706,351496486,nan,nan,nan,nan,nan,nan,nan,nan,nan,nan,nan,nan,0
351597686,351597458,nan,nan,nan,nan,nan,nan,nan,nan,nan,nan,nan,nan,0
351696191,351695967,nan,nan,nan,nan,nan,nan,nan,nan,nan,nan,nan,nan,0
351797162,351796940,nan,nan,nan,nan,nan,nan,nan,nan,nan,nan,nan,nan,0
351895687,351895449,nan,nan,nan,nan,nan,nan,nan,nan,nan,nan,nan,nan,0
351996646,351996421,nan,nan,nan,nan,nan,nan,nan,nan,nan,nan,nan,nan,0
352095155,352094931,nan,nan,nan,nan,nan,nan,nan,nan,nan,nan,nan,nan,0
352196123,352195903,nan,nan,nan,nan,nan,nan,nan,nan,nan,nan,nan,nan,0
352299559,352299338,nan,nan,nan,nan,nan,nan,nan,nan,nan,nan,nan,nan,0
352395606,352395385,nan,nan,nan,nan,nan,nan,nan,nan,nan,nan,nan,nan,0
352499043,352498820,nan,nan,nan,nan,nan,nan,nan,nan,nan,nan,nan,nan,0
352597557,352597330,nan,nan,nan,nan,nan,nan,nan,nan,nan,nan,nan,nan,0
352698525,352698302,nan,nan,nan,nan,nan,nan,nan,nan,nan,nan,nan,nan,0
352794617,352794349,nan,nan,nan,nan,nan,nan,nan,nan,nan,nan,nan,nan,0
352898008,352897784,nan,nan,nan,nan,nan,nan,nan,nan,nan,nan,nan,nan,0
352996520,352996294,nan,nan,nan,nan,nan,nan,nan,nan,nan,nan,nan,nan,0
353097498,353097266,nan,nan,nan,nan,nan,nan,nan,nan,nan,nan,nan,nan,0
353198473,353198238,nan,nan,nan,nan,nan,nan,nan,nan,nan,nan,nan,nan,0
353296987,353296748,nan,nan,nan,nan,nan,nan,nan,nan,nan,nan,nan,nan,0
353397942,353397720,nan,nan,nan,nan,nan,nan,nan,nan,nan,nan,nan,nan,0
353496450,353496230,nan,nan,nan,nan,nan,nan,nan,nan,nan,nan,nan,nan,0
353597425,353597202,nan,nan,nan,nan,nan,nan,nan,nan,nan,nan,nan,nan,0
353698399,353698174,nan,nan,nan,nan,nan,nan,nan,nan,nan,nan,nan,nan,0
353796903,353796684,nan,nan,nan,nan,nan,nan,nan,nan,nan,nan,nan,nan,0
353897887,353897657,nan,nan,nan,nan,nan,nan,nan,nan,nan,nan,nan,nan,0
353996390,353996166,nan,nan,nan,nan,nan,nan,nan,nan,nan,nan,nan,nan,0
354097357,354097139,nan,nan,nan,nan,nan,nan,nan,nan,nan,nan,nan,nan,0
354195868,354195648,nan,nan,nan,nan,nan,nan,nan,nan,nan,nan,nan,nan,0
354296845,354296621,nan,nan,nan,nan,nan,nan,nan,nan,nan,nan,nan,nan,0
354397839,354397593,nan,nan,nan,nan,nan,nan,nan,nan,nan,nan,nan,nan,0
354496322,354496103,nan,nan,nan,nan,nan,nan,nan,nan,nan,nan,nan,nan,0
354597345,354597075,nan,nan,nan,nan,nan,nan,nan,nan,nan,nan,nan,nan,0
354695824,354695585,nan,nan,nan,nan,nan,nan,nan,nan,nan,nan,nan,nan,0
354796796,354796558,nan,nan,nan,nan,nan,nan,nan,nan,nan,nan,nan,nan,0
354895292,354895067,nan,nan,nan,nan,nan,nan,nan,nan,nan,nan,nan,nan,0
354996280,354996040,nan,nan,nan,nan,nan,nan,nan,nan,nan,nan,nan,nan,0
355099701,355099475,nan,nan,nan,nan,nan,nan,nan,nan,nan,nan,nan,nan,0
355195771,355195522,nan,nan,nan,nan,nan,nan,nan,nan,nan,nan,nan,nan,0
355299177,355298958,nan,nan,nan,nan,nan,nan,nan,nan,nan,nan,nan,nan,0
355395243,355395005,nan,nan,nan,nan,nan,nan,nan,nan,nan,nan,nan,nan,0
355498689,355498440,nan,nan,nan,nan,nan,nan,nan,nan,nan,nan,nan,nan,0
355594727,355594487,nan,nan,nan,nan,nan,nan,nan,nan,nan,nan,nan,nan,0
355698143,355697922,nan,nan,nan,nan,nan,nan,nan,nan,nan,nan,nan,nan,0
355799136,355798895,nan,nan,nan,nan,nan,nan,nan,nan,nan,nan,nan,nan,0
355897639,355897405,nan,nan,nan,nan,nan,nan,nan,nan,nan,nan,nan,nan,0
355998601,355998377,nan,nan,nan,nan,nan,nan,nan,nan,nan,nan,nan,nan,0
356097121,356096887,nan,nan,nan,nan,nan,nan,nan,nan,nan,nan,nan,nan,0
356198083,356197860,nan,nan,nan,nan,nan,nan,nan,nan,nan,nan,nan,nan,0
356296592,356296370,nan,nan,nan,nan,nan,nan,nan,nan,nan,nan,nan,nan,0
356397563,356397342,nan,nan,nan,nan,nan,nan,nan,nan,nan,nan,nan,nan,0
356498540,356498315,nan,nan,nan,nan,nan,nan,nan,nan,nan,nan,nan,nan,0
356597065,356596825,nan,nan,nan,nan,nan,nan,nan,nan,nan,nan,nan,nan,0
356698018,356697797,nan,nan,nan,nan,nan,nan,nan,nan,nan,nan,nan,nan,0
356796529,356796307,nan,nan,nan,nan,nan,nan,nan,nan,nan,nan,nan,nan,0
356897515,356897280,nan,nan,nan,nan,nan,nan,nan,nan,nan,nan,nan,nan,0
356996016,356995790,nan,nan,nan,nan,nan,nan,nan,nan,nan,nan,nan,nan,0
357096983,357096763,nan,nan,nan,nan,nan,nan,nan,nan,nan,nan,nan,nan,0
357197961,357197735,nan,nan,nan,nan,nan,nan,nan,nan,nan,nan,nan,nan,0
357296470,357296245,nan,nan,nan,nan,nan,nan,nan,nan,nan,nan,nan,nan,0
357397440,357397218,nan,nan,nan,nan,nan,nan,nan,nan,nan,nan,nan,nan,0
357495950,357495728,nan,nan,nan,nan,nan,nan,nan,nan,nan,nan,nan,nan,0
357596925,357596701,nan,nan,nan,nan,nan,nan,nan,nan,nan,nan,nan,nan,0
357695435,357695211,nan,nan,nan,nan,nan,nan,nan,nan,nan,nan,nan,nan,0
357796406,357796183,nan,nan,nan,nan,nan,nan,nan,nan,nan,nan,nan,nan,0
357899839,357899619,nan,nan,nan,nan,nan,nan,nan,nan,nan,nan,nan,nan,0
357995912,357995666,nan,nan,nan,nan,nan,nan,nan,nan,nan,nan,nan,nan,0
358099324,358099102,nan,nan,nan,nan,nan,nan,nan,nan,nan,nan,nan,nan,0
358195369,358195149,nan,nan,nan,nan,nan,nan,nan,nan,nan,nan,nan,nan,0
358298808,358298585,nan,nan,nan,nan,nan,nan,nan,nan,nan,nan,nan,nan,0
358394857,358394632,nan,nan,nan,nan,nan,nan,nan,nan,nan,nan,nan,nan,0
358498293,358498067,nan,nan,nan,nan,nan,nan,nan,nan,nan,nan,nan,nan,0
358599260,358599040,nan,nan,nan,nan,nan,nan,nan,nan,nan,nan,nan,nan,0
358697772,358697550,nan,nan,nan,nan,nan,nan,nan,nan,nan,nan,nan,nan,0
358798747,358798523,nan,nan,nan,nan,nan,nan,nan,nan,nan,nan,nan,nan,0
358897257,358897033,nan,nan,nan,nan,nan,nan,nan,nan,nan,nan,nan,nan,0
358998230,358998006,nan,nan,nan,nan,nan,nan,nan,nan,nan,nan,nan,nan,0
359096740,359096516,nan,nan,nan,nan,nan,nan,nan,nan,nan,nan,nan,nan,0
359197714,359197489,nan,nan,nan,nan,nan,nan,nan,nan,nan,nan,nan,nan,0
359296225,359295999,nan,nan,nan,nan,nan,nan,nan,nan,nan,nan,nan,nan,0
359397200,359396972,nan,nan,nan,nan,nan,nan,nan,nan,nan,nan,nan,nan,0
359498169,359497945,nan,nan,nan,nan,nan,nan,nan,nan,nan,nan,nan,nan,0
359596684,359596455,nan,nan,nan,nan,nan,nan,nan,nan,nan,nan,nan,nan,0
359697653,359697428,nan,nan,nan,nan,nan,nan,nan,nan,nan,nan,nan,nan,0
359796174,359795938,nan,nan,nan,nan,nan,nan,nan,nan,nan,nan,nan,nan,0
359897148,359896911,nan,nan,nan,nan,nan,nan,nan,nan,nan,nan,nan,nan,0
359998105,359997884,nan,nan,nan,nan,nan,nan,nan,nan,nan,nan,nan,nan,0
360096616,360096394,nan,nan,nan,nan,nan,nan,nan,nan,nan,nan,nan,nan,0
360197592,360197367,nan,nan,nan,nan,nan,nan,nan,nan,nan,nan,nan,nan,0
360296102,360295877,nan,nan,nan,nan,nan,nan,nan,nan,nan,nan,nan,nan,0
360397070,360396850,nan,nan,nan,nan,nan,nan,nan,nan,nan,nan,nan,nan,0
360495579,360495361,nan,nan,nan,nan,nan,nan,nan,nan,nan,nan,nan,nan,0
360596574,360596334,nan,nan,nan,nan,nan,nan,nan,nan,nan,nan,nan,nan,0
360699991,360699769,nan,nan,nan,nan,nan,nan,nan,nan,nan,nan,nan,nan,0
360796053,360795817,nan,nan,nan,nan,nan,nan,nan,nan,nan,nan,nan,nan,0
360899478,360899253,nan,nan,nan,nan,nan,nan,nan,nan,nan,nan,nan,nan,0
360995524,360995300,nan,nan,nan,nan,nan,nan,nan,nan,nan,nan,nan,nan,0
361098961,361098736,nan,nan,nan,nan,nan,nan,nan,nan,nan,nan,nan,nan,0
361195009,361194784,nan,nan,nan,nan,nan,nan,nan,nan,nan,nan,nan,nan,0
361298474,361298219,nan,nan,nan,nan,nan,nan,nan,nan,nan,nan,nan,nan,0
361399414,361399192,nan,nan,nan,nan,nan,nan,nan,nan,nan,nan,nan,nan,0
361497933,361497702,nan,nan,nan,nan,nan,nan,nan,nan,nan,nan,nan,nan,0
361598904,361598676,nan,nan,nan,nan,nan,nan,nan,nan,nan,nan,nan,nan,0
361697428,361697186,nan,nan,nan,nan,nan,nan,nan,nan,nan,nan,nan,nan,0
361798416,361798159,nan,nan,nan,nan,nan,nan,nan,nan,nan,nan,nan,nan,0
361896912,361896669,nan,nan,nan,nan,nan,nan,nan,nan,nan,nan,nan,nan,0
361997872,361997643,nan,nan,nan,nan,nan,nan,nan,nan,nan,nan,nan,nan,0
362098859,362098616,nan,nan,nan,nan,nan,nan,nan,nan,nan,nan,nan,nan,0
362197352,362197126,nan,nan,nan,nan,nan,nan,nan,nan,nan,nan,nan,nan,0
362298337,362298099,nan,nan,nan,nan,nan,nan,nan,nan,nan,nan,nan,nan,0
362396832,362396609,nan,nan,nan,nan,nan,nan,nan,nan,nan,nan,nan,nan,0
362497822,362497583,nan,nan,nan,nan,nan,nan,nan,nan,nan,nan,nan,nan,0
362596314,362596093,nan,nan,nan,nan,nan,nan,nan,nan,nan,nan,nan,nan,0
362697303,362697066,nan,nan,nan,nan,nan,nan,nan,nan,nan,nan,nan,nan,0
362798264,362798039,nan,nan,nan,nan,nan,nan,nan,nan,nan,nan,nan,nan,0
362896791,362896550,nan,nan,nan,nan,nan,nan,nan,nan,nan,nan,nan,nan,0
362997746,362997523,nan,nan,nan,nan,nan,nan,nan,nan,nan,nan,nan,nan,0
363096269,363096033,nan,nan,nan,nan,nan,nan,nan,nan,nan,nan,nan,nan,0
363197228,363197007,nan,nan,nan,nan,nan,nan,nan,nan,nan,nan,nan,nan,0
363295758,363295517,nan,nan,nan,nan,nan,nan,nan,nan,nan,nan,nan,nan,0
363396710,363396490,nan,nan,nan,nan,nan,nan,nan,nan,nan,nan,nan,nan,0
363497699,363497464,nan,nan,nan,nan,nan,nan,nan,nan,nan,nan,nan,nan,0
363596197,363595974,nan,nan,nan,nan,nan,nan,nan,nan,nan,nan,nan,nan,0
363697170,363696947,nan,nan,nan,nan,nan,nan,nan,nan,nan,nan,nan,nan,0
363795680,363795458,nan,nan,nan,nan,nan,nan,nan,nan,nan,nan,nan,nan,0
363896658,363896431,nan,nan,nan,nan,nan,nan,nan,nan,nan,nan,nan,nan,0
363995165,363994942,nan,nan,nan,nan,nan,nan,nan,nan,nan,nan,nan,nan,0
364096145,364095918,nan,nan,nan,nan,nan,nan,nan,nan,nan,nan,nan,nan,0
364199616,364199351,nan,nan,nan,nan,nan,nan,nan,nan,nan,nan,nan,nan,0
364295622,364295399,nan,nan,nan,nan,nan,nan,nan,nan,nan,nan,nan,nan,0
364399059,364398835,nan,nan,nan,nan,nan,nan,nan,nan,nan,nan,nan,nan,0
364495104,364494882,nan,nan,nan,nan,nan,nan,nan,nan,nan,nan,nan,nan,0
364598541,364598319,nan,nan,nan,nan,nan,nan,nan,nan,nan,nan,nan,nan,0
364694610,364694366,nan,nan,nan,nan,nan,nan,nan,nan,nan,nan,nan,nan,0
364798027,364797802,nan,nan,nan,nan,nan,nan,nan,nan,nan,nan,nan,nan,0
364899000,364898776,nan,nan,nan,nan,nan,nan,nan,nan,nan,nan,nan,nan,0
364997521,364997286,nan,nan,nan,nan,nan,nan,nan,nan,nan,nan,nan,nan,0
365098505,365098260,nan,nan,nan,nan,nan,nan,nan,nan,nan,nan,nan,nan,0
365196994,365196770,nan,nan,nan,nan,nan,nan,nan,nan,nan,nan,nan,nan,0
365297967,365297744,nan,nan,nan,nan,nan,nan,nan,nan,nan,nan,nan,nan,0
365396475,365396254,nan,nan,nan,nan,nan,nan,nan,nan,nan,nan,nan,nan,0
365497456,365497228,nan,nan,nan,nan,nan,nan,nan,nan,nan,nan,nan,nan,0
365598434,365598201,nan,nan,nan,nan,nan,nan,nan,nan,nan,nan,nan,nan,0
365696955,365696712,nan,nan,nan,nan,nan,nan,nan,nan,nan,nan,nan,nan,0
365797914,365797685,nan,nan,nan,nan,nan,nan,nan,nan,nan,nan,nan,nan,0
365896418,365896196,nan,nan,nan,nan,nan,nan,nan,nan,nan,nan,nan,nan,0
365997391,365997169,nan,nan,nan,nan,nan,nan,nan,nan,nan,nan,nan,nan,0
366095919,366095681,nan,nan,nan,nan,nan,nan,nan,nan,nan,nan,nan,nan,0
366196876,366196653,nan,nan,nan,nan,nan,nan,nan,nan,nan,nan,nan,nan,0
366297855,366297628,nan,nan,nan,nan,nan,nan,nan,nan,nan,nan,nan,nan,0
366396380,366396138,nan,nan,nan,nan,nan,nan,nan,nan,nan,nan,nan,nan,0
366497334,366497111,nan,nan,nan,nan,nan,nan,nan,nan,nan,nan,nan,nan,0
366595847,366595622,nan,nan,nan,nan,nan,nan,nan,nan,nan,nan,nan,nan,0
366696814,366696595,nan,nan,nan,nan,nan,nan,nan,nan,nan,nan,nan,nan,0
366795333,366795106,nan,nan,nan,nan,nan,nan,nan,nan,nan,nan,nan,nan,0
366896302,366896080,nan,nan,nan,nan,nan,nan,nan,nan,nan,nan,nan,nan,0
366999741,366999516,nan,nan,nan,nan,nan,nan,nan,nan,nan,nan,nan,nan,0
367095783,367095564,nan,nan,nan,nan,nan,nan,nan,nan,nan,nan,nan,nan,0
367199219,367199000,nan,nan,nan,nan,nan,nan,nan,nan,nan,nan,nan,nan,0
367295271,367295048,nan,nan,nan,nan,nan,nan,nan,nan,nan,nan,nan,nan,0
367398707,367398484,nan,nan,nan,nan,nan,nan,nan,nan,nan,nan,nan,nan,0
367494768,367494533,nan,nan,nan,nan,nan,nan,nan,nan,nan,nan,nan,nan,0
367598191,367597969,nan,nan,nan,nan,nan,nan,nan,nan,nan,nan,nan,nan,0
367699166,367698942,nan,nan,nan,nan,nan,nan,nan,nan,nan,nan,nan,nan,0
367797684,367797456,nan,nan,nan,nan,nan,nan,nan,nan,nan,nan,nan,nan,0
367898660,367898427,nan,nan,nan,nan,nan,nan,nan,nan,nan,nan,nan,nan,0
367997171,367996938,nan,nan,nan,nan,nan,nan,nan,nan,nan,nan,nan,nan,0
368098136,368097911,nan,nan,nan,nan,nan,nan,nan,nan,nan,nan,nan,nan,0
368196646,368196422,nan,nan,nan,nan,nan,nan,nan,nan,nan,nan,nan,nan,0
368297618,368297396,nan,nan,nan,nan,nan,nan,nan,nan,nan,nan,nan,nan,0
368398597,368398370,nan,nan,nan,nan,nan,nan,nan,nan,nan,nan,nan,nan,0
368497102,368496880,nan,nan,nan,nan,nan,nan,nan,nan,nan,nan,nan,nan,0
368598077,368597854,nan,nan,nan,nan,nan,nan,nan,nan,nan,nan,nan,nan,0
368696584,368696365,nan,nan,nan,nan,nan,nan,nan,nan,nan,nan,nan,nan,0
368797565,368797339,nan,nan,nan,nan,nan,nan,nan,nan,nan,nan,nan,nan,0
368896141,368895853,nan,nan,nan,nan,nan,nan,nan,nan,nan,nan,nan,nan,0
368997047,368996823,nan,nan,nan,nan,nan,nan,nan,nan,nan,nan,nan,nan,0
369098023,369097797,nan,nan,nan,nan,nan,nan,nan,nan,nan,nan,nan,nan,0
369196532,369196308,nan,nan,nan,nan,nan,nan,nan,nan,nan,nan,nan,nan,0
369297513,369297281,nan,nan,nan,nan,nan,nan,nan,nan,nan,nan,nan,nan,0
369396033,369395792,nan,nan,nan,nan,nan,nan,nan,nan,nan,nan,nan,nan,0
369496989,369496766,nan,nan,nan,nan,nan,nan,nan,nan,nan,nan,nan,nan,0
369595527,369595277,nan,nan,nan,nan,nan,nan,nan,nan,nan,nan,nan,nan,0
369696472,369696251,nan,nan,nan,nan,nan,nan,nan,nan,nan,nan,nan,nan,0
369799942,369799687,nan,nan,nan,nan,nan,nan,nan,nan,nan,nan,nan,nan,0
369895957,369895735,nan,nan,nan,nan,nan,nan,nan,nan,nan,nan,nan,nan,0
369999413,369999172,nan,nan,nan,nan,nan,nan,nan,nan,nan,nan,nan,nan,0
370095445,370095220,nan,nan,nan,nan,nan,nan,nan,nan,nan,nan,nan,nan,0
370198892,370198657,nan,nan,nan,nan,nan,nan,nan,nan,nan,nan,nan,nan,0
370294933,370294706,nan,nan,nan,nan,nan,nan,nan,nan,nan,nan,nan,nan,0
370398402,370398142,nan,nan,nan,nan,nan,nan,nan,nan,nan,nan,nan,nan,0
370499335,370499115,nan,nan,nan,nan,nan,nan,nan,nan,nan,nan,nan,nan,0
370597888,370597628,nan,nan,nan,nan,nan,nan,nan,nan,nan,nan,nan,nan,0
370698825,370698600,nan,nan,nan,nan,nan,nan,nan,nan,nan,nan,nan,nan,0
370797349,370797111,nan,nan,nan,nan,nan,nan,nan,nan,nan,nan,nan,nan,0
370898309,370898085,nan,nan,nan,nan,nan,nan,nan,nan,nan,nan,nan,nan,0
370996836,370996596,nan,nan,nan,nan,nan,nan,nan,nan,nan,nan,nan,nan,0
371097796,371097570,nan,nan,nan,nan,nan,nan,nan,nan,nan,nan,nan,nan,0
371196305,371196081,nan,nan,nan,nan,nan,nan,nan,nan,nan,nan,nan,nan,0
371297274,371297055,nan,nan,nan,nan,nan,nan,nan,nan,nan,nan,nan,nan,0
371398253,371398029,nan,nan,nan,nan,nan,nan,nan,nan,nan,nan,nan,nan,0
371496764,371496540,nan,nan,nan,nan,nan,nan,nan,nan,nan,nan,nan,nan,0
371597738,371597514,nan,nan,nan,nan,nan,nan,nan,nan,nan,nan,nan,nan,0
371696248,371696025,nan,nan,nan,nan,nan,nan,nan,nan,nan,nan,nan,nan,0
371797224,371796999,nan,nan,nan,nan,nan,nan,nan,nan,nan,nan,nan,nan,0
371898199,371897973,nan,nan,nan,nan,nan,nan,nan,nan,nan,nan,nan,nan,0
371996726,371996484,nan,nan,nan,nan,nan,nan,nan,nan,nan,nan,nan,nan,0
372097705,372097458,nan,nan,nan,nan,nan,nan,nan,nan,nan,nan,nan,nan,0
372196225,372195969,nan,nan,nan,nan,nan,nan,nan,nan,nan,nan,nan,nan,0
372297163,372296943,nan,nan,nan,nan,nan,nan,nan,nan,nan,nan,nan,nan,0
372395680,372395454,nan,nan,nan,nan,nan,nan,nan,nan,nan,nan,nan,nan,0
372496654,372496428,nan,nan,nan,nan,nan,nan,nan,nan,nan,nan,nan,nan,0
372597629,372597402,nan,nan,nan,nan,nan,nan,nan,nan,nan,nan,nan,nan,0
372696136,372695913,nan,nan,nan,nan,nan,nan,nan,nan,nan,nan,nan,nan,0
372797109,372796887,nan,nan,nan,nan,nan,nan,nan,nan,nan,nan,nan,nan,0
372895621,372895398,nan,nan,nan,nan,nan,nan,nan,nan,nan,nan,nan,nan,0
372999063,372998835,nan,nan,nan,nan,nan,nan,nan,nan,nan,nan,nan,nan,0
373095104,373094884,nan,nan,nan,nan,nan,nan,nan,nan,nan,nan,nan,nan,0
373198540,373198320,nan,nan,nan,nan,nan,nan,nan,nan,nan,nan,nan,nan,0
373299521,373299294,nan,nan,nan,nan,nan,nan,nan,nan,nan,nan,nan,nan,0
373398031,373397806,nan,nan,nan,nan,nan,nan,nan,nan,nan,nan,nan,nan,0
373499001,373498780,nan,nan,nan,nan,nan,nan,nan,nan,nan,nan,nan,nan,0
373597539,373597291,nan,nan,nan,nan,nan,nan,nan,nan,nan,nan,nan,nan,0
373698522,373698265,nan,nan,nan,nan,nan,nan,nan,nan,nan,nan,nan,nan,0
373797000,373796776,nan,nan,nan,nan,nan,nan,nan,nan,nan,nan,nan,nan,0
373897971,373897750,nan,nan,nan,nan,nan,nan,nan,nan,nan,nan,nan,nan,0
373998952,373998724,nan,nan,nan,nan,nan,nan,nan,nan,nan,nan,nan,nan,0
374097463,374097236,nan,nan,nan,nan,nan,nan,nan,nan,nan,nan,nan,nan,0
374198440,374198210,nan,nan,nan,nan,nan,nan,nan,nan,nan,nan,nan,nan,0
374296939,374296721,nan,nan,nan,nan,nan,nan,nan,nan,nan,nan,nan,nan,0
374397919,374397695,nan,nan,nan,nan,nan,nan,nan,nan,nan,nan,nan,nan,0
374496431,374496207,nan,nan,nan,nan,nan,nan,nan,nan,nan,nan,nan,nan,0
374597400,374597181,nan,nan,nan,nan,nan,nan,nan,nan,nan,nan,nan,nan,0
374698379,374698155,nan,nan,nan,nan,nan,nan,nan,nan,nan,nan,nan,nan,0
374796890,374796666,nan,nan,nan,nan,nan,nan,nan,nan,nan,nan,nan,nan,0
374897868,374897640,nan,nan,nan,nan,nan,nan,nan,nan,nan,nan,nan,nan,0
374996371,374996152,nan,nan,nan,nan,nan,nan,nan,nan,nan,nan,nan,nan,0
375097349,375097126,nan,nan,nan,nan,nan,nan,nan,nan,nan,nan,nan,nan,0
375195887,375195637,nan,nan,nan,nan,nan,nan,nan,nan,nan,nan,nan,nan,0
375296833,375296611,nan,nan,nan,nan,nan,nan,nan,nan,nan,nan,nan,nan,0
375397809,375397586,nan,nan,nan,nan,nan,nan,nan,nan,nan,nan,nan,nan,0
375496321,375496097,nan,nan,nan,nan,nan,nan,nan,nan,nan,nan,nan,nan,0
375597307,375597071,nan,nan,nan,nan,nan,nan,nan,nan,nan,nan,nan,nan,0
375695803,375695583,nan,nan,nan,nan,nan,nan,nan,nan,nan,nan,nan,nan,0
375796780,375796557,nan,nan,nan,nan,nan,nan,nan,nan,nan,nan,nan,nan,0
375895292,375895068,nan,nan,nan,nan,nan,nan,nan,nan,nan,nan,nan,nan,0
375996264,375996043,nan,nan,nan,nan,nan,nan,nan,nan,nan,nan,nan,nan,0
376099705,376099480,nan,nan,nan,nan,nan,nan,nan,nan,nan,nan,nan,nan,0
376195751,376195528,nan,nan,nan,nan,nan,nan,nan,nan,nan,nan,nan,nan,0
376299192,376298965,nan,nan,nan,nan,nan,nan,nan,nan,nan,nan,nan,nan,0
376395237,376395014,nan,nan,nan,nan,nan,nan,nan,nan,nan,nan,nan,nan,0
376498683,376498451,nan,nan,nan,nan,nan,nan,nan,nan,nan,nan,nan,nan,0
376594726,376594500,nan,nan,nan,nan,nan,nan,nan,nan,nan,nan,nan,nan,0
376698164,376697937,nan,nan,nan,nan,nan,nan,nan,nan,nan,nan,nan,nan,0
376799132,376798911,nan,nan,nan,nan,nan,nan,nan,nan,nan,nan,nan,nan,0
376897656,376897423,nan,nan,nan,nan,nan,nan,nan,nan,nan,nan,nan,nan,0
376998643,376998397,nan,nan,nan,nan,nan,nan,nan,nan,nan,nan,nan,nan,0
377097162,377096908,nan,nan,nan,nan,nan,nan,nan,nan,nan,nan,nan,nan,0
377198103,377197883,nan,nan,nan,nan,nan,nan,nan,nan,nan,nan,nan,nan,0
377296676,377296394,nan,nan,nan,nan,nan,nan,nan,nan,nan,nan,nan,nan,0
377397594,377397369,nan,nan,nan,nan,nan,nan,nan,nan,nan,nan,nan,nan,0
377496121,377495880,nan,nan,nan,nan,nan,nan,nan,nan,nan,nan,nan,nan,0
377597075,377596855,nan,nan,nan,nan,nan,nan,nan,nan,nan,nan,nan,nan,0
377698073,377697829,nan,nan,nan,nan,nan,nan,nan,nan,nan,nan,nan,nan,0
377796567,377796340,nan,nan,nan,nan,nan,nan,nan,nan,nan,nan,nan,nan,0
377897552,377897315,nan,nan,nan,nan,nan,nan,nan,nan,nan,nan,nan,nan,0
377996050,377995826,nan,nan,nan,nan,nan,nan,nan,nan,nan,nan,nan,nan,0
378097038,378096801,nan,nan,nan,nan,nan,nan,nan,nan,nan,nan,nan,nan,0
378197997,378197775,nan,nan,nan,nan,nan,nan,nan,nan,nan,nan,nan,nan,0
378296525,378296287,nan,nan,nan,nan,nan,nan,nan,nan,nan,nan,nan,nan,0
378397494,378397261,nan,nan,nan,nan,nan,nan,nan,nan,nan,nan,nan,nan,0
378496015,378495774,nan,nan,nan,nan,nan,nan,nan,nan,nan,nan,nan,nan,0
378596968,378596747,nan,nan,nan,nan,nan,nan,nan,nan,nan,nan,nan,nan,0
378695498,378695259,nan,nan,nan,nan,nan,nan,nan,nan,nan,nan,nan,nan,0
378796459,378796233,nan,nan,nan,nan,nan,nan,nan,nan,nan,nan,nan,nan,0
378899913,378899671,nan,nan,nan,nan,nan,nan,nan,nan,nan,nan,nan,nan,0
378995942,378995720,nan,nan,nan,nan,nan,nan,nan,nan,nan,nan,nan,nan,0
379099377,379099157,nan,nan,nan,nan,nan,nan,nan,nan,nan,nan,nan,nan,0
379195429,379195206,nan,nan,nan,nan,nan,nan,nan,nan,nan,nan,nan,nan,0
379298867,379298643,nan,nan,nan,nan,nan,nan,nan,nan,nan,nan,nan,nan,0
379394916,379394692,nan,nan,nan,nan,nan,nan,nan,nan,nan,nan,nan,nan,0
379498359,379498129,nan,nan,nan,nan,nan,nan,nan,nan,nan,nan,nan,nan,0
379599326,379599104,nan,nan,nan,nan,nan,nan,nan,nan,nan,nan,nan,nan,0
379697843,379697615,nan,nan,nan,nan,nan,nan,nan,nan,nan,nan,nan,nan,0
379798811,379798590,nan,nan,nan,nan,nan,nan,nan,nan,nan,nan,nan,nan,0
379897321,379897102,nan,nan,nan,nan,nan,nan,nan,nan,nan,nan,nan,nan,0
379998302,379998076,nan,nan,nan,nan,nan,nan,nan,nan,nan,nan,nan,nan,0
380096813,380096588,nan,nan,nan,nan,nan,nan,nan,nan,nan,nan,nan,nan,0
380197782,380197562,nan,nan,nan,nan,nan,nan,nan,nan,nan,nan,nan,nan,0
380298777,380298537,nan,nan,nan,nan,nan,nan,nan,nan,nan,nan,nan,nan,0
380397272,380397049,nan,nan,nan,nan,nan,nan,nan,nan,nan,nan,nan,nan,0
380498244,380498023,nan,nan,nan,nan,nan,nan,nan,nan,nan,nan,nan,nan,0
380596755,380596535,nan,nan,nan,nan,nan,nan,nan,nan,nan,nan,nan,nan,0
380697733,380697510,nan,nan,nan,nan,nan,nan,nan,nan,nan,nan,nan,nan,0
380796246,380796021,nan,nan,nan,nan,nan,nan,nan,nan,nan,nan,nan,nan,0
380897215,380896996,nan,nan,nan,nan,nan,nan,nan,nan,nan,nan,nan,nan,0
380998212,380997971,nan,nan,nan,nan,nan,nan,nan,nan,nan,nan,nan,nan,0
381096709,381096483,nan,nan,nan,nan,nan,nan,nan,nan,nan,nan,nan,nan,0
381197687,381197457,nan,nan,nan,nan,nan,nan,nan,nan,nan,nan,nan,nan,0
381296206,381295969,nan,nan,nan,nan,nan,nan,nan,nan,nan,nan,nan,nan,0
381397178,381396944,nan,nan,nan,nan,nan,nan,nan,nan,nan,nan,nan,nan,0
381495683,381495455,nan,nan,nan,nan,nan,nan,nan,nan,nan,nan,nan,nan,0
381596654,381596430,nan,nan,nan,nan,nan,nan,nan,nan,nan,nan,nan,nan,0
381697634,381697405,nan,nan,nan,nan,nan,nan,nan,nan,nan,nan,nan,nan,0
381796142,381795917,nan,nan,nan,nan,nan,nan,nan,nan,nan,nan,nan,nan,0
381897117,381896891,nan,nan,nan,nan,nan,nan,nan,nan,nan,nan,nan,nan,0
381995634,381995403,nan,nan,nan,nan,nan,nan,nan,nan,nan,nan,nan,nan,0
382096605,382096378,nan,nan,nan,nan,nan,nan,nan,nan,nan,nan,nan,nan,0
382195148,382194890,nan,nan,nan,nan,nan,nan,nan,nan,nan,nan,nan,nan,0
382298573,382298327,nan,nan,nan,nan,nan,nan,nan,nan,nan,nan,nan,nan,0
382399529,382399302,nan,nan,nan,nan,nan,nan,nan,nan,nan,nan,nan,nan,0
382498056,382497814,nan,nan,nan,nan,nan,nan,nan,nan,nan,nan,nan,nan,0
382599032,382598789,nan,nan,nan,nan,nan,nan,nan,nan,nan,nan,nan,nan,0
382697537,382697301,nan,nan,nan,nan,nan,nan,nan,nan,nan,nan,nan,nan,0
382798496,382798275,nan,nan,nan,nan,nan,nan,nan,nan,nan,nan,nan,nan,0
382897009,382896787,nan,nan,nan,nan,nan,nan,nan,nan,nan,nan,nan,nan,0
382998001,382997762,nan,nan,nan,nan,nan,nan,nan,nan,nan,nan,nan,nan,0
383096496,383096274,nan,nan,nan,nan,nan,nan,nan,nan,nan,nan,nan,nan,0
383197480,383197249,nan,nan,nan,nan,nan,nan,nan,nan,nan,nan,nan,nan,0
383298498,383298224,nan,nan,nan,nan,nan,nan,nan,nan,nan,nan,nan,nan,0
383396961,383396736,nan,nan,nan,nan,nan,nan,nan,nan,nan,nan,nan,nan,0
383497932,383497710,nan,nan,nan,nan,nan,nan,nan,nan,nan,nan,nan,nan,0
383596442,383596222,nan,nan,nan,nan,nan,nan,nan,nan,nan,nan,nan,nan,0
383697420,383697197,nan,nan,nan,nan,nan,nan,nan,nan,nan,nan,nan,nan,0
383798394,383798172,nan,nan,nan,nan,nan,nan,nan,nan,nan,nan,nan,nan,0
383896903,383896684,nan,nan,nan,nan,nan,nan,nan,nan,nan,nan,nan,nan,0
383997890,383997659,nan,nan,nan,nan,nan,nan,nan,nan,nan,nan,nan,nan,0
384096394,384096171,nan,nan,nan,nan,nan,nan,nan,nan,nan,nan,nan,nan,0
384197365,384197146,nan,nan,nan,nan,nan,nan,nan,nan,nan,nan,nan,nan,0
384295892,384295658,nan,nan,nan,nan,nan,nan,nan,nan,nan,nan,nan,nan,0
384396855,384396633,nan,nan,nan,nan,nan,nan,nan,nan,nan,nan,nan,nan,0
384497831,384497607,nan,nan,nan,nan,nan,nan,nan,nan,nan,nan,nan,nan,0
384596338,384596119,nan,nan,nan,nan,nan,nan,nan,nan,nan,nan,nan,nan,0
384697318,384697094,nan,nan,nan,nan,nan,nan,nan,nan,nan,nan,nan,nan,0
384795846,384795606,nan,nan,nan,nan,nan,nan,nan,nan,nan,nan,nan,nan,0
384896805,384896581,nan,nan,nan,nan,nan,nan,nan,nan,nan,nan,nan,nan,0
384995354,384995093,nan,nan,nan,nan,nan,nan,nan,nan,nan,nan,nan,nan,0
385096292,385096068,nan,nan,nan,nan,nan,nan,nan,nan,nan,nan,nan,nan,0
385199750,385199506,nan,nan,nan,nan,nan,nan,nan,nan,nan,nan,nan,nan,0
385295792,385295555,nan,nan,nan,nan,nan,nan,nan,nan,nan,nan,nan,nan,0
385399232,385398993,nan,nan,nan,nan,nan,nan,nan,nan,nan,nan,nan,nan,0
385495265,385495043,nan,nan,nan,nan,nan,nan,nan,nan,nan,nan,nan,nan,0
385598724,385598480,nan,nan,nan,nan,nan,nan,nan,nan,nan,nan,nan,nan,0
385694755,385694530,nan,nan,nan,nan,nan,nan,nan,nan,nan,nan,nan,nan,0
385798222,385797967,nan,nan,nan,nan,nan,nan,nan,nan,nan,nan,nan,nan,0
385899167,385898942,nan,nan,nan,nan,nan,nan,nan,nan,nan,nan,nan,nan,0
385997705,385997455,nan,nan,nan,nan,nan,nan,nan,nan,nan,nan,nan,nan,0
386098661,386098430,nan,nan,nan,nan,nan,nan,nan,nan,nan,nan,nan,nan,0
386197183,386196942,nan,nan,nan,nan,nan,nan,nan,nan,nan,nan,nan,nan,0
386298142,386297917,nan,nan,nan,nan,nan,nan,nan,nan,nan,nan,nan,nan,0
386396656,386396429,nan,nan,nan,nan,nan,nan,nan,nan,nan,nan,nan,nan,0
386497625,386497404,nan,nan,nan,nan,nan,nan,nan,nan,nan,nan,nan,nan,0
386598605,386598379,nan,nan,nan,nan,nan,nan,nan,nan,nan,nan,nan,nan,0
386697113,386696891,nan,nan,nan,nan,nan,nan,nan,nan,nan,nan,nan,nan,0
386798159,386797868,nan,nan,nan,nan,nan,nan,nan,nan,nan,nan,nan,nan,0
386896597,386896378,nan,nan,nan,nan,nan,nan,nan,nan,nan,nan,nan,nan,0
386997579,386997353,nan,nan,nan,nan,nan,nan,nan,nan,nan,nan,nan,nan,0
387096089,387095866,nan,nan,nan,nan,nan,nan,nan,nan,nan,nan,nan,nan,0
387197063,387196841,nan,nan,nan,nan,nan,nan,nan,nan,nan,nan,nan,nan,0
387298040,387297816,nan,nan,nan,nan,nan,nan,nan,nan,nan,nan,nan,nan,0
387396552,387396328,nan,nan,nan,nan,nan,nan,nan,nan,nan,nan,nan,nan,0
387497534,387497303,nan,nan,nan,nan,nan,nan,nan,nan,nan,nan,nan,nan,0
387596035,387595816,nan,nan,nan,nan,nan,nan,nan,nan,nan,nan,nan,nan,0
387697015,387696791,nan,nan,nan,nan,nan,nan,nan,nan,nan,nan,nan,nan,0
387795542,387795303,nan,nan,nan,nan,nan,nan,nan,nan,nan,nan,nan,nan,0
387896497,387896278,nan,nan,nan,nan,nan,nan,nan,nan,nan,nan,nan,nan,0
387999939,387999716,nan,nan,nan,nan,nan,nan,nan,nan,nan,nan,nan,nan,0
388095989,388095766,nan,nan,nan,nan,nan,nan,nan,nan,nan,nan,nan,nan,0
388199431,388199204,nan,nan,nan,nan,nan,nan,nan,nan,nan,nan,nan,nan,0
388295493,388295253,nan,nan,nan,nan,nan,nan,nan,nan,nan,nan,nan,nan,0
388398917,388398691,nan,nan,nan,nan,nan,nan,nan,nan,nan,nan,nan,nan,0
388494964,388494741,nan,nan,nan,nan,nan,nan,nan,nan,nan,nan,nan,nan,0
388598422,388598179,nan,nan,nan,nan,nan,nan,nan,nan,nan,nan,nan,nan,0
388699377,388699154,nan,nan,nan,nan,nan,nan,nan,nan,nan,nan,nan,nan,0
388797890,388797666,nan,nan,nan,nan,nan,nan,nan,nan,nan,nan,nan,nan,0
388898868,388898641,nan,nan,nan,nan,nan,nan,nan,nan,nan,nan,nan,nan,0
388997378,388997154,nan,nan,nan,nan,nan,nan,nan,nan,nan,nan,nan,nan,0
389098357,389098129,nan,nan,nan,nan,nan,nan,nan,nan,nan,nan,nan,nan,0
389196871,389196641,nan,nan,nan,nan,nan,nan,nan,nan,nan,nan,nan,nan,0
389297864,389297617,nan,nan,nan,nan,nan,nan,nan,nan,nan,nan,nan,nan,0
389398824,389398592,nan,nan,nan,nan,nan,nan,nan,nan,nan,nan,nan,nan,0
389497328,389497104,nan,nan,nan,nan,nan,nan,nan,nan,nan,nan,nan,nan,0
389598306,389598080,nan,nan,nan,nan,nan,nan,nan,nan,nan,nan,nan,nan,0
389696817,389696592,nan,nan,nan,nan,nan,nan,nan,nan,nan,nan,nan,nan,0
389797789,389797567,nan,nan,nan,nan,nan,nan,nan,nan,nan,nan,nan,nan,0
389896302,389896080,nan,nan,nan,nan,nan,nan,nan,nan,nan,nan,nan,nan,0
389997280,389997055,nan,nan,nan,nan,nan,nan,nan,nan,nan,nan,nan,nan,0
390098250,390098030,nan,nan,nan,nan,nan,nan,nan,nan,nan,nan,nan,nan,0
390196764,390196543,nan,nan,nan,nan,nan,nan,nan,nan,nan,nan,nan,nan,0
390297754,390297518,nan,nan,nan,nan,nan,nan,nan,nan,nan,nan,nan,nan,0
390396254,390396031,nan,nan,nan,nan,nan,nan,nan,nan,nan,nan,nan,nan,0
390497225,390497006,nan,nan,nan,nan,nan,nan,nan,nan,nan,nan,nan,nan,0
390595739,390595518,nan,nan,nan,nan,nan,nan,nan,nan,nan,nan,nan,nan,0
390696721,390696494,nan,nan,nan,nan,nan,nan,nan,nan,nan,nan,nan,nan,0
390797697,390797469,nan,nan,nan,nan,nan,nan,nan,nan,nan,nan,nan,nan,0
390896200,390895982,nan,nan,nan,nan,nan,nan,nan,nan,nan,nan,nan,nan,0
390997184,390996957,nan,nan,nan,nan,nan,nan,nan,nan,nan,nan,nan,nan,0
391095696,391095469,nan,nan,nan,nan,nan,nan,nan,nan,nan,nan,nan,nan,0
391196669,391196445,nan,nan,nan,nan,nan,nan,nan,nan,nan,nan,nan,nan,0
391295192,391294957,nan,nan,nan,nan,nan,nan,nan,nan,nan,nan,nan,nan,0
391398624,391398396,nan,nan,nan,nan,nan,nan,nan,nan,nan,nan,nan,nan,0
391499597,391499371,nan,nan,nan,nan,nan,nan,nan,nan,nan,nan,nan,nan,0
391595644,391595421,nan,nan,nan,nan,nan,nan,nan,nan,nan,nan,nan,nan,0
391699078,391698859,nan,nan,nan,nan,nan,nan,nan,nan,nan,nan,nan,nan,0
391795150,391794909,nan,nan,nan,nan,nan,nan,nan,nan,nan,nan,nan,nan,0
391898570,391898347,nan,nan,nan,nan,nan,nan,nan,nan,nan,nan,nan,nan,0
391994623,391994397,nan,nan,nan,nan,nan,nan,nan,nan,nan,nan,nan,nan,0
392098059,392097839,nan,nan,nan,nan,nan,nan,nan,nan,nan,nan,nan,nan,0
392199037,392198810,nan,nan,nan,nan,nan,nan,nan,nan,nan,nan,nan,nan,0
392297557,392297323,nan,nan,nan,nan,nan,nan,nan,nan,nan,nan,nan,nan,0
392398519,392398298,nan,nan,nan,nan,nan,nan,nan,nan,nan,nan,nan,nan,0
392497056,392496811,nan,nan,nan,nan,nan,nan,nan,nan,nan,nan,nan,nan,0
392598015,392597787,nan,nan,nan,nan,nan,nan,nan,nan,nan,nan,nan,nan,0
392696587,392696300,nan,nan,nan,nan,nan,nan,nan,nan,nan,nan,nan,nan,0
392797523,392797275,nan,nan,nan,nan,nan,nan,nan,nan,nan,nan,nan,nan,0
392898539,392898250,nan,nan,nan,nan,nan,nan,nan,nan,nan,nan,nan,nan,0
392997005,392996763,nan,nan,nan,nan,nan,nan,nan,nan,nan,nan,nan,nan,0
393097977,393097738,nan,nan,nan,nan,nan,nan,nan,nan,nan,nan,nan,nan,0
393196488,393196251,nan,nan,nan,nan,nan,nan,nan,nan,nan,nan,nan,nan,0
393297466,393297227,nan,nan,nan,nan,nan,nan,nan,nan,nan,nan,nan,nan,0
393395963,393395739,nan,nan,nan,nan,nan,nan,nan,nan,nan,nan,nan,nan,0
393496949,393496715,nan,nan,nan,nan,nan,nan,nan,nan,nan,nan,nan,nan,0
393597918,393597690,nan,nan,nan,nan,nan,nan,nan,nan,nan,nan,nan,nan,0
393696442,393696203,nan,nan,nan,nan,nan,nan,nan,nan,nan,nan,nan,nan,0
393797399,393797179,nan,nan,nan,nan,nan,nan,nan,nan,nan,nan,nan,nan,0
393895928,393895692,nan,nan,nan,nan,nan,nan,nan,nan,nan,nan,nan,nan,0
393996894,393996667,nan,nan,nan,nan,nan,nan,nan,nan,nan,nan,nan,nan,0
394095421,394095180,nan,nan,nan,nan,nan,nan,nan,nan,nan,nan,nan,nan,0
394196391,394196156,nan,nan,nan,nan,nan,nan,nan,nan,nan,nan,nan,nan,0
394299816,394299596,nan,nan,nan,nan,nan,nan,nan,nan,nan,nan,nan,nan,0
394395869,394395644,nan,nan,nan,nan,nan,nan,nan,nan,nan,nan,nan,nan,0
394499307,394499082,nan,nan,nan,nan,nan,nan,nan,nan,nan,nan,nan,nan,0
394595603,394595132,nan,nan,nan,nan,nan,nan,nan,nan,nan,nan,nan,nan,0
394698794,394698571,nan,nan,nan,nan,nan,nan,nan,nan,nan,nan,nan,nan,0
394794845,394794621,nan,nan,nan,nan,nan,nan,nan,nan,nan,nan,nan,nan,0
394898282,394898059,nan,nan,nan,nan,nan,nan,nan,nan,nan,nan,nan,nan,0
394999259,394999035,nan,nan,nan,nan,nan,nan,nan,nan,nan,nan,nan,nan,0
395097768,395097548,nan,nan,nan,nan,nan,nan,nan,nan,nan,nan,nan,nan,0
395198751,395198523,nan,nan,nan,nan,nan,nan,nan,nan,nan,nan,nan,nan,0
395297280,395297036,nan,nan,nan,nan,nan,nan,nan,nan,nan,nan,nan,nan,0
395398232,395398012,nan,nan,nan,nan,nan,nan,nan,nan,nan,nan,nan,nan,0
395496745,395496525,nan,nan,nan,nan,nan,nan,nan,nan,nan,nan,nan,nan,0
395597726,395597500,nan,nan,nan,nan,nan,nan,nan,nan,nan,nan,nan,nan,0
395696235,395696013,nan,nan,nan,nan,nan,nan,nan,nan,nan,nan,nan,nan,0
395797209,395796989,nan,nan,nan,nan,nan,nan,nan,nan,nan,nan,nan,nan,0
395898188,395897964,nan,nan,nan,nan,nan,nan,nan,nan,nan,nan,nan,nan,0
395996710,395996477,nan,nan,nan,nan,nan,nan,nan,nan,nan,nan,nan,nan,0
396097676,396097453,nan,nan,nan,nan,nan,nan,nan,nan,nan,nan,nan,nan,0
396196187,396195966,nan,nan,nan,nan,nan,nan,nan,nan,nan,nan,nan,nan,0
396297166,396296941,nan,nan,nan,nan,nan,nan,nan,nan,nan,nan,nan,nan,0
396398137,396397917,nan,nan,nan,nan,nan,nan,nan,nan,nan,nan,nan,nan,0
396496659,396496433,nan,nan,nan,nan,nan,nan,nan,nan,nan,nan,nan,nan,0
396597631,396597405,nan,nan,nan,nan,nan,nan,nan,nan,nan,nan,nan,nan,0
396696144,396695918,nan,nan,nan,nan,nan,nan,nan,nan,nan,nan,nan,nan,0
396797113,396796894,nan,nan,nan,nan,nan,nan,nan,nan,nan,nan,nan,nan,0
396895658,396895407,nan,nan,nan,nan,nan,nan,nan,nan,nan,nan,nan,nan,0
396996605,396996383,nan,nan,nan,nan,nan,nan,nan,nan,nan,nan,nan,nan,0
397097580,397097358,nan,nan,nan,nan,nan,nan,nan,nan,nan,nan,nan,nan,0
397196091,397195871,nan,nan,nan,nan,nan,nan,nan,nan,nan,nan,nan,nan,0
397299533,397299310,nan,nan,nan,nan,nan,nan,nan,nan,nan,nan,nan,nan,0
397395582,397395360,nan,nan,nan,nan,nan,nan,nan,nan,nan,nan,nan,nan,0
397499022,397498798,nan,nan,nan,nan,nan,nan,nan,nan,nan,nan,nan,nan,0
397595071,397594849,nan,nan,nan,nan,nan,nan,nan,nan,nan,nan,nan,nan,0
397698510,397698287,nan,nan,nan,nan,nan,nan,nan,nan,nan,nan,nan,nan,0
397794577,397794337,nan,nan,nan,nan,nan,nan,nan,nan,nan,nan,nan,nan,0
397898000,397897776,nan,nan,nan,nan,nan,nan,nan,nan,nan,nan,nan,nan,0
397998972,397998752,nan,nan,nan,nan,nan,nan,nan,nan,nan,nan,nan,nan,0
398097485,398097265,nan,nan,nan,nan,nan,nan,nan,nan,nan,nan,nan,nan,0
398198463,398198240,nan,nan,nan,nan,nan,nan,nan,nan,nan,nan,nan,nan,0
398296979,398296753,nan,nan,nan,nan,nan,nan,nan,nan,nan,nan,nan,nan,0
398397963,398397729,nan,nan,nan,nan,nan,nan,nan,nan,nan,nan,nan,nan,0
398498929,398498705,nan,nan,nan,nan,nan,nan,nan,nan,nan,nan,nan,nan,0
398597440,398597218,nan,nan,nan,nan,nan,nan,nan,nan,nan,nan,nan,nan,0
398698414,398698194,nan,nan,nan,nan,nan,nan,nan,nan,nan,nan,nan,nan,0
398796928,398796707,nan,nan,nan,nan,nan,nan,nan,nan,nan,nan,nan,nan,0
398897909,398897683,nan,nan,nan,nan,nan,nan,nan,nan,nan,nan,nan,nan,0
398996418,398996196,nan,nan,nan,nan,nan,nan,nan,nan,nan,nan,nan,nan,0
399097391,399097172,nan,nan,nan,nan,nan,nan,nan,nan,nan,nan,nan,nan,0
399198374,399198148,nan,nan,nan,nan,nan,nan,nan,nan,nan,nan,nan,nan,0
399296884,399296661,nan,nan,nan,nan,nan,nan,nan,nan,nan,nan,nan,nan,0
399397874,399397637,nan,nan,nan,nan,nan,nan,nan,nan,nan,nan,nan,nan,0
399496370,399496150,nan,nan,nan,nan,nan,nan,nan,nan,nan,nan,nan,nan,0
399597350,399597126,nan,nan,nan,nan,nan,nan,nan,nan,nan,nan,nan,nan,0
399695864,399695639,nan,nan,nan,nan,nan,nan,nan,nan,nan,nan,nan,nan,0
399796839,399796617,nan,nan,nan,nan,nan,nan,nan,nan,nan,nan,nan,nan,0
399897813,399897591,nan,nan,nan,nan,nan,nan,nan,nan,nan,nan,nan,nan,0
399996328,399996104,nan,nan,nan,nan,nan,nan,nan,nan,nan,nan,nan,nan,0
400097301,400097080,nan,nan,nan,nan,nan,nan,nan,nan,nan,nan,nan,nan,0
400195813,400195593,nan,nan,nan,nan,nan,nan,nan,nan,nan,nan,nan,nan,0
400296794,400296569,nan,nan,nan,nan,nan,nan,nan,nan,nan,nan,nan,nan,0
400395341,400395083,nan,nan,nan,nan,nan,nan,nan,nan,nan,nan,nan,nan,0
400496279,400496059,nan,nan,nan,nan,nan,nan,nan,nan,nan,nan,nan,nan,0
400599736,400599498,nan,nan,nan,nan,nan,nan,nan,nan,nan,nan,nan,nan,0
400695776,400695548,nan,nan,nan,nan,nan,nan,nan,nan,nan,nan,nan,nan,0
400799224,400798987,nan,nan,nan,nan,nan,nan,nan,nan,nan,nan,nan,nan,0
400895283,400895037,nan,nan,nan,nan,nan,nan,nan,nan,nan,nan,nan,nan,0
400998714,400998476,nan,nan,nan,nan,nan,nan,nan,nan,nan,nan,nan,nan,0
401094753,401094527,nan,nan,nan,nan,nan,nan,nan,nan,nan,nan,nan,nan,0
401198204,401197966,nan,nan,nan,nan,nan,nan,nan,nan,nan,nan,nan,nan,0
401299164,401298942,nan,nan,nan,nan,nan,nan,nan,nan,nan,nan,nan,nan,0
401397692,401397455,nan,nan,nan,nan,nan,nan,nan,nan,nan,nan,nan,nan,0
401498658,401498431,nan,nan,nan,nan,nan,nan,nan,nan,nan,nan,nan,nan,0
401597184,401596945,nan,nan,nan,nan,nan,nan,nan,nan,nan,nan,nan,nan,0
401698143,401697921,nan,nan,nan,nan,nan,nan,nan,nan,nan,nan,nan,nan,0
401796677,401796434,nan,nan,nan,nan,nan,nan,nan,nan,nan,nan,nan,nan,0
401897637,401897410,nan,nan,nan,nan,nan,nan,nan,nan,nan,nan,nan,nan,0
401996152,401995924,nan,nan,nan,nan,nan,nan,nan,nan,nan,nan,nan,nan,0
402097121,402096900,nan,nan,nan,nan,nan,nan,nan,nan,nan,nan,nan,nan,0
402198101,402197877,nan,nan,nan,nan,nan,nan,nan,nan,nan,nan,nan,nan,0
402296619,402296390,nan,nan,nan,nan,nan,nan,nan,nan,nan,nan,nan,nan,0
402397586,402397366,nan,nan,nan,nan,nan,nan,nan,nan,nan,nan,nan,nan,0
402496102,402495880,nan,nan,nan,nan,nan,nan,nan,nan,nan,nan,nan,nan,0
402597080,402596856,nan,nan,nan,nan,nan,nan,nan,nan,nan,nan,nan,nan,0
402698056,402697832,nan,nan,nan,nan,nan,nan,nan,nan,nan,nan,nan,nan,0
402796572,402796346,nan,nan,nan,nan,nan,nan,nan,nan,nan,nan,nan,nan,0
402897548,402897322,nan,nan,nan,nan,nan,nan,nan,nan,nan,nan,nan,nan,0
402996082,402995835,nan,nan,nan,nan,nan,nan,nan,nan,nan,nan,nan,nan,0
403097051,403096812,nan,nan,nan,nan,nan,nan,nan,nan,nan,nan,nan,nan,0
403195547,403195325,nan,nan,nan,nan,nan,nan,nan,nan,nan,nan,nan,nan,0
403296528,403296302,nan,nan,nan,nan,nan,nan,nan,nan,nan,nan,nan,nan,0
403399985,403399741,nan,nan,nan,nan,nan,nan,nan,nan,nan,nan,nan,nan,0
403496015,403495791,nan,nan,nan,nan,nan,nan,nan,nan,nan,nan,nan,nan,0
403599458,403599231,nan,nan,nan,nan,nan,nan,nan,nan,nan,nan,nan,nan,0
403695504,403695281,nan,nan,nan,nan,nan,nan,nan,nan,nan,nan,nan,nan,0
403798950,403798721,nan,nan,nan,nan,nan,nan,nan,nan,nan,nan,nan,nan,0
403895010,403894771,nan,nan,nan,nan,nan,nan,nan,nan,nan,nan,nan,nan,0
403998437,403998211,nan,nan,nan,nan,nan,nan,nan,nan,nan,nan,nan,nan,0
404099410,404099187,nan,nan,nan,nan,nan,nan,nan,nan,nan,nan,nan,nan,0
404197928,404197701,nan,nan,nan,nan,nan,nan,nan,nan,nan,nan,nan,nan,0
404298899,404298677,nan,nan,nan,nan,nan,nan,nan,nan,nan,nan,nan,nan,0
404397415,404397191,nan,nan,nan,nan,nan,nan,nan,nan,nan,nan,nan,nan,0
404498390,404498167,nan,nan,nan,nan,nan,nan,nan,nan,nan,nan,nan,nan,0
404596910,404596681,nan,nan,nan,nan,nan,nan,nan,nan,nan,nan,nan,nan,0
404697880,404697658,nan,nan,nan,nan,nan,nan,nan,nan,nan,nan,nan,nan,0
404798857,404798634,nan,nan,nan,nan,nan,nan,nan,nan,nan,nan,nan,nan,0
404897370,404897148,nan,nan,nan,nan,nan,nan,nan,nan,nan,nan,nan,nan,0
404998345,404998124,nan,nan,nan,nan,nan,nan,nan,nan,nan,nan,nan,nan,0
405096858,405096638,nan,nan,nan,nan,nan,nan,nan,nan,nan,nan,nan,nan,0
405197842,405197615,nan,nan,nan,nan,nan,nan,nan,nan,nan,nan,nan,nan,0
405296369,405296129,nan,nan,nan,nan,nan,nan,nan,nan,nan,nan,nan,nan,0
405397327,405397105,nan,nan,nan,nan,nan,nan,nan,nan,nan,nan,nan,nan,0
405498308,405498082,nan,nan,nan,nan,nan,nan,nan,nan,nan,nan,nan,nan,0
405596821,405596596,nan,nan,nan,nan,nan,nan,nan,nan,nan,nan,nan,nan,0
405697794,405697572,nan,nan,nan,nan,nan,nan,nan,nan,nan,nan,nan,nan,0
405796306,405796086,nan,nan,nan,nan,nan,nan,nan,nan,nan,nan,nan,nan,0
405897287,405897063,nan,nan,nan,nan,nan,nan,nan,nan,nan,nan,nan,nan,0
405995802,405995576,nan,nan,nan,nan,nan,nan,nan,nan,nan,nan,nan,nan,0
406096774,406096553,nan,nan,nan,nan,nan,nan,nan,nan,nan,nan,nan,nan,0
406197756,406197530,nan,nan,nan,nan,nan,nan,nan,nan,nan,nan,nan,nan,0
406296269,406296044,nan,nan,nan,nan,nan,nan,nan,nan,nan,nan,nan,nan,0
406397241,406397020,nan,nan,nan,nan,nan,nan,nan,nan,nan,nan,nan,nan,0
406495761,406495534,nan,nan,nan,nan,nan,nan,nan,nan,nan,nan,nan,nan,0
406596738,406596511,nan,nan,nan,nan,nan,nan,nan,nan,nan,nan,nan,nan,0
406695250,406695025,nan,nan,nan,nan,nan,nan,nan,nan,nan,nan,nan,nan,0
406796238,406796002,nan,nan,nan,nan,nan,nan,nan,nan,nan,nan,nan,nan,0
406899671,406899441,nan,nan,nan,nan,nan,nan,nan,nan,nan,nan,nan,nan,0
406995718,406995492,nan,nan,nan,nan,nan,nan,nan,nan,nan,nan,nan,nan,0
407099155,407098932,nan,nan,nan,nan,nan,nan,nan,nan,nan,nan,nan,nan,0
407195204,407194983,nan,nan,nan,nan,nan,nan,nan,nan,nan,nan,nan,nan,0
407298647,407298423,nan,nan,nan,nan,nan,nan,nan,nan,nan,nan,nan,nan,0
407394698,407394474,nan,nan,nan,nan,nan,nan,nan,nan,nan,nan,nan,nan,0
407498138,407497914,nan,nan,nan,nan,nan,nan,nan,nan,nan,nan,nan,nan,0
407599132,407598890,nan,nan,nan,nan,nan,nan,nan,nan,nan,nan,nan,nan,0
407697625,407697404,nan,nan,nan,nan,nan,nan,nan,nan,nan,nan,nan,nan,0
407798612,407798381,nan,nan,nan,nan,nan,nan,nan,nan,nan,nan,nan,nan,0
407897119,407896895,nan,nan,nan,nan,nan,nan,nan,nan,nan,nan,nan,nan,0
407998096,407997872,nan,nan,nan,nan,nan,nan,nan,nan,nan,nan,nan,nan,0
408096607,408096386,nan,nan,nan,nan,nan,nan,nan,nan,nan,nan,nan,nan,0
408197606,408197363,nan,nan,nan,nan,nan,nan,nan,nan,nan,nan,nan,nan,0
408298625,408298340,nan,nan,nan,nan,nan,nan,nan,nan,nan,nan,nan,nan,0
408397076,408396854,nan,nan,nan,nan,nan,nan,nan,nan,nan,nan,nan,nan,0
408498076,408497831,nan,nan,nan,nan,nan,nan,nan,nan,nan,nan,nan,nan,0
408596570,408596345,nan,nan,nan,nan,nan,nan,nan,nan,nan,nan,nan,nan,0
408697559,408697322,nan,nan,nan,nan,nan,nan,nan,nan,nan,nan,nan,nan,0
408796056,408795836,nan,nan,nan,nan,nan,nan,nan,nan,nan,nan,nan,nan,0
408897053,408896813,nan,nan,nan,nan,nan,nan,nan,nan,nan,nan,nan,nan,0
408998012,408997790,nan,nan,nan,nan,nan,nan,nan,nan,nan,nan,nan,nan,0
409096540,409096304,nan,nan,nan,nan,nan,nan,nan,nan,nan,nan,nan,nan,0
409197536,409197281,nan,nan,nan,nan,nan,nan,nan,nan,nan,nan,nan,nan,0
409296033,409295795,nan,nan,nan,nan,nan,nan,nan,nan,nan,nan,nan,nan,0
409396994,409396772,nan,nan,nan,nan,nan,nan,nan,nan,nan,nan,nan,nan,0
409495522,409495287,nan,nan,nan,nan,nan,nan,nan,nan,nan,nan,nan,nan,0
409596489,409596264,nan,nan,nan,nan,nan,nan,nan,nan,nan,nan,nan,nan,0
409699949,409699704,nan,nan,nan,nan,nan,nan,nan,nan,nan,nan,nan,nan,0
409795975,409795755,nan,nan,nan,nan,nan,nan,nan,nan,nan,nan,nan,nan,0
409899420,409899195,nan,nan,nan,nan,nan,nan,nan,nan,nan,nan,nan,nan,0
409995470,409995246,nan,nan,nan,nan,nan,nan,nan,nan,nan,nan,nan,nan,0
410098914,410098686,nan,nan,nan,nan,nan,nan,nan,nan,nan,nan,nan,nan,0
410194957,410194738,nan,nan,nan,nan,nan,nan,nan,nan,nan,nan,nan,nan,0
410298403,410298178,nan,nan,nan,nan,nan,nan,nan,nan,nan,nan,nan,nan,0
410399377,410399155,nan,nan,nan,nan,nan,nan,nan,nan,nan,nan,nan,nan,0
410497901,410497669,nan,nan,nan,nan,nan,nan,nan,nan,nan,nan,nan,nan,0
410598882,410598646,nan,nan,nan,nan,nan,nan,nan,nan,nan,nan,nan,nan,0
410697402,410697161,nan,nan,nan,nan,nan,nan,nan,nan,nan,nan,nan,nan,0
410798361,410798138,nan,nan,nan,nan,nan,nan,nan,nan,nan,nan,nan,nan,0
410896879,410896653,nan,nan,nan,nan,nan,nan,nan,nan,nan,nan,nan,nan,0
410997855,410997630,nan,nan,nan,nan,nan,nan,nan,nan,nan,nan,nan,nan,0
411098836,411098607,nan,nan,nan,nan,nan,nan,nan,nan,nan,nan,nan,nan,0
411197345,411197121,nan,nan,nan,nan,nan,nan,nan,nan,nan,nan,nan,nan,0
411298320,411298099,nan,nan,nan,nan,nan,nan,nan,nan,nan,nan,nan,nan,0
411396836,411396613,nan,nan,nan,nan,nan,nan,nan,nan,nan,nan,nan,nan,0
411497817,411497590,nan,nan,nan,nan,nan,nan,nan,nan,nan,nan,nan,nan,0
411596353,411596105,nan,nan,nan,nan,nan,nan,nan,nan,nan,nan,nan,nan,0
411697304,411697082,nan,nan,nan,nan,nan,nan,nan,nan,nan,nan,nan,nan,0
411798285,411798060,nan,nan,nan,nan,nan,nan,nan,nan,nan,nan,nan,nan,0
411896801,411896574,nan,nan,nan,nan,nan,nan,nan,nan,nan,nan,nan,nan,0
411997772,411997551,nan,nan,nan,nan,nan,nan,nan,nan,nan,nan,nan,nan,0
412096286,412096066,nan,nan,nan,nan,nan,nan,nan,nan,nan,nan,nan,nan,0
412197266,412197043,nan,nan,nan,nan,nan,nan,nan,nan,nan,nan,nan,nan,0
412295781,412295559,nan,nan,nan,nan,nan,nan,nan,nan,nan,nan,nan,nan,0
412396758,412396535,nan,nan,nan,nan,nan,nan,nan,nan,nan,nan,nan,nan,0
412497738,412497513,nan,nan,nan,nan,nan,nan,nan,nan,nan,nan,nan,nan,0
412596249,412596027,nan,nan,nan,nan,nan,nan,nan,nan,nan,nan,nan,nan,0
412697226,412697005,nan,nan,nan,nan,nan,nan,nan,nan,nan,nan,nan,nan,0
412795740,412795519,nan,nan,nan,nan,nan,nan,nan,nan,nan,nan,nan,nan,0
412896722,412896497,nan,nan,nan,nan,nan,nan,nan,nan,nan,nan,nan,nan,0
412995239,412995012,nan,nan,nan,nan,nan,nan,nan,nan,nan,nan,nan,nan,0
413096234,413095989,nan,nan,nan,nan,nan,nan,nan,nan,nan,nan,nan,nan,0
413199657,413199430,nan,nan,nan,nan,nan,nan,nan,nan,nan,nan,nan,nan,0
413295725,413295481,nan,nan,nan,nan,nan,nan,nan,nan,nan,nan,nan,nan,0
413399151,413398922,nan,nan,nan,nan,nan,nan,nan,nan,nan,nan,nan,nan,0
413495194,413494974,nan,nan,nan,nan,nan,nan,nan,nan,nan,nan,nan,nan,0
413598658,413598414,nan,nan,nan,nan,nan,nan,nan,nan,nan,nan,nan,nan,0
413694692,413694466,nan,nan,nan,nan,nan,nan,nan,nan,nan,nan,nan,nan,0
413798135,413797906,nan,nan,nan,nan,nan,nan,nan,nan,nan,nan,nan,nan,0
413899105,413898884,nan,nan,nan,nan,nan,nan,nan,nan,nan,nan,nan,nan,0
413997641,413997399,nan,nan,nan,nan,nan,nan,nan,nan,nan,nan,nan,nan,0
414098600,414098376,nan,nan,nan,nan,nan,nan,nan,nan,nan,nan,nan,nan,0
414197118,414196891,nan,nan,nan,nan,nan,nan,nan,nan,nan,nan,nan,nan,0
414298101,414297869,nan,nan,nan,nan,nan,nan,nan,nan,nan,nan,nan,nan,0
414396604,414396384,nan,nan,nan,nan,nan,nan,nan,nan,nan,nan,nan,nan,0
414497595,414497361,nan,nan,nan,nan,nan,nan,nan,nan,nan,nan,nan,nan,0
414598573,414598339,nan,nan,nan,nan,nan,nan,nan,nan,nan,nan,nan,nan,0
414697073,414696854,nan,nan,nan,nan,nan,nan,nan,nan,nan,nan,nan,nan,0
414798061,414797832,nan,nan,nan,nan,nan,nan,nan,nan,nan,nan,nan,nan,0
414896571,414896346,nan,nan,nan,nan,nan,nan,nan,nan,nan,nan,nan,nan,0
414997545,414997324,nan,nan,nan,nan,nan,nan,nan,nan,nan,nan,nan,nan,0
415096059,415095839,nan,nan,nan,nan,nan,nan,nan,nan,nan,nan,nan,nan,0
415197041,415196817,nan,nan,nan,nan,nan,nan,nan,nan,nan,nan,nan,nan,0
415298017,415297795,nan,nan,nan,nan,nan,nan,nan,nan,nan,nan,nan,nan,0
415396529,415396309,nan,nan,nan,nan,nan,nan,nan,nan,nan,nan,nan,nan,0
415497511,415497287,nan,nan,nan,nan,nan,nan,nan,nan,nan,nan,nan,nan,0
415596038,415595802,nan,nan,nan,nan,nan,nan,nan,nan,nan,nan,nan,nan,0
415697000,415696780,nan,nan,nan,nan,nan,nan,nan,nan,nan,nan,nan,nan,0
415795514,415795295,nan,nan,nan,nan,nan,nan,nan,nan,nan,nan,nan,nan,0
415896496,415896273,nan,nan,nan,nan,nan,nan,nan,nan,nan,nan,nan,nan,0
415999956,415999714,nan,nan,nan,nan,nan,nan,nan,nan,nan,nan,nan,nan,0
416095985,416095766,0.056650277,nan,nan,nan,nan,nan,nan,nan,nan,nan,nan,nan,0
416199471,416199207,0.11699509,nan,nan,nan,nan,nan,nan,nan,nan,nan,nan,nan,0
416295483,416295259,0.13177343,nan,nan,nan,nan,nan,nan,nan,nan,nan,nan,nan,0
416398987,416398700,0.13669951,nan,nan,nan,nan,nan,nan,nan,nan,nan,nan,nan,0
416494976,416494752,0.1674877,nan,nan,nan,nan,nan,nan,nan,nan,nan,nan,nan,0
416598430,416598193,0.19581284,nan,nan,nan,nan,nan,nan,nan,nan,nan,nan,nan,0
416699396,416699171,0.22536947,nan,nan,nan,nan,nan,nan,nan,nan,nan,nan,nan,0
416797929,416797686,0.2352217,nan,nan,nan,nan,nan,nan,nan,nan,nan,nan,nan,0
416898888,416898664,0.2352217,nan,nan,nan,nan,nan,nan,nan,nan,nan,nan,nan,0
416997419,416997179,0.2352217,nan,nan,nan,nan,nan,nan,nan,nan,nan,nan,nan,0
417098380,417098157,0.2352217,nan,nan,nan,nan,nan,nan,nan,nan,nan,nan,nan,0
417196912,417196672,0.2352217,nan,nan,nan,nan,nan,nan,nan,nan,nan,nan,nan,0
417297875,417297650,0.23399015,nan,nan,nan,nan,nan,nan,nan,nan,nan,nan,nan,0
417398869,417398628,0.2352217,nan,nan,nan,nan,nan,nan,nan,nan,nan,nan,nan,0
417497365,417497143,0.2352217,nan,nan,nan,nan,nan,nan,nan,nan,nan,nan,nan,0
417598357,417598121,0.23399015,nan,nan,nan,nan,nan,nan,nan,nan,nan,nan,nan,0
417696860,417696636,0.23399015,nan,nan,nan,nan,nan,nan,nan,nan,nan,nan,nan,0
417797858,417797614,0.2352217,nan,nan,nan,nan,nan,nan,nan,nan,nan,nan,nan,0
417896362,417896130,0.23399015,nan,nan,nan,nan,nan,nan,nan,nan,nan,nan,nan,0
417997389,417997108,0.23399015,nan,nan,nan,nan,nan,nan,nan,nan,nan,nan,nan,0
418098315,418098086,0.23399015,nan,nan,nan,nan,nan,nan,nan,nan,nan,nan,nan,0
418196824,418196601,0.23399015,nan,nan,nan,nan,nan,nan,nan,nan,nan,nan,nan,0
418297802,418297579,0.23399015,nan,nan,nan,nan,nan,nan,nan,nan,nan,nan,nan,0
418396320,418396095,0.23399015,nan,nan,nan,nan,nan,nan,nan,nan,nan,nan,nan,0
418497297,418497073,0.23399015,nan,nan,nan,nan,nan,nan,nan,nan,nan,nan,nan,0
418595812,418595588,0.23399015,nan,nan,nan,nan,nan,nan,nan,nan,nan,nan,nan,0
418696788,418696566,0.23399015,nan,nan,nan,nan,nan,nan,nan,nan,nan,nan,nan,0
418797770,418797544,0.23399015,nan,nan,nan,nan,nan,nan,nan,nan,nan,nan,nan,0
418896285,418896060,0.23399015,nan,nan,nan,nan,nan,nan,nan,nan,nan,nan,nan,0
418997260,418997038,0.2352217,nan,nan,nan,nan,nan,nan,nan,nan,nan,nan,nan,0
419095774,419095553,0.23399015,nan,nan,nan,nan,nan,nan,nan,nan,nan,nan,nan,0
419196757,419196532,0.23399015,nan,nan,nan,nan,nan,nan,nan,nan,nan,nan,nan,0
419295277,419295047,0.23399015,nan,nan,nan,nan,nan,nan,nan,nan,nan,nan,nan,0
419396262,419396025,0.23399015,nan,nan,nan,nan,nan,nan,nan,nan,nan,nan,nan,0
419499688,419499466,0.23399015,nan,nan,nan,nan,nan,nan,nan,nan,nan,nan,nan,0
419595745,419595519,0.23399015,nan,nan,nan,nan,nan,nan,nan,nan,nan,nan,nan,0
419699186,419698960,0.23399015,nan,nan,nan,nan,nan,nan,nan,nan,nan,nan,nan,0
419795237,419795013,0.23399015,nan,nan,nan,nan,nan,nan,nan,nan,nan,nan,nan,0
419898678,419898454,0.23399015,nan,nan,nan,nan,nan,nan,nan,nan,nan,nan,nan,0
419994732,419994506,0.23399015,nan,nan,nan,nan,nan,nan,nan,nan,nan,nan,nan,0
420098172,420097947,0.23399015,nan,nan,nan,nan,nan,nan,nan,nan,nan,nan,nan,0
420199147,420198926,0.23399015,nan,nan,nan,nan,nan,nan,nan,nan,nan,nan,nan,0
420297665,420297441,0.23399015,nan,nan,nan,nan,nan,nan,nan,nan,nan,nan,nan,0
420398646,420398420,0.23399015,nan,nan,nan,nan,nan,nan,nan,nan,nan,nan,nan,0
420497159,420496935,0.2352217,nan,nan,nan,nan,nan,nan,nan,nan,nan,nan,nan,0
420598134,420597914,0.23399015,nan,nan,nan,nan,nan,nan,nan,nan,nan,nan,nan,0
420696659,420696429,0.23399015,nan,nan,nan,nan,nan,nan,nan,nan,nan,nan,nan,0
420797649,420797407,0.23399015,nan,nan,nan,nan,nan,nan,nan,nan,nan,nan,nan,0
420896145,420895923,0.23399015,nan,nan,nan,nan,nan,nan,nan,nan,nan,nan,nan,0
420997127,420996901,0.23399015,nan,nan,nan,nan,nan,nan,nan,nan,nan,nan,nan,0
421098105,421097880,0.23399015,nan,nan,nan,nan,nan,nan,nan,nan,nan,nan,nan,0
421196621,421196395,0.23399015,nan,nan,nan,nan,nan,nan,nan,nan,nan,nan,nan,0
421297594,421297374,0.23399015,nan,nan,nan,nan,nan,nan,nan,nan,nan,nan,nan,0
421396111,421395889,0.23399015,nan,nan,nan,nan,nan,nan,nan,nan,nan,nan,nan,0
421497092,421496868,0.23399015,nan,nan,nan,nan,nan,nan,nan,nan,nan,nan,nan,0
421598068,421597847,0.23399015,nan,nan,nan,nan,nan,nan,nan,nan,nan,nan,nan,0
421696583,421696362,0.23399015,nan,nan,nan,nan,nan,nan,nan,nan,nan,nan,nan,0
421797617,421797341,0.23399015,nan,nan,nan,nan,nan,nan,nan,nan,nan,nan,nan,0
421896082,421895856,0.23399015,nan,nan,nan,nan,nan,nan,nan,nan,nan,nan,nan,0
421997055,421996835,0.23399015,nan,nan,nan,nan,nan,nan,nan,nan,nan,nan,nan,0
422095570,422095350,0.23399015,nan,nan,nan,nan,nan,nan,nan,nan,nan,nan,nan,0
422196571,422196329,0.23399015,nan,nan,nan,nan,nan,nan,nan,nan,nan,nan,nan,0
422300007,422299770,0.23399015,nan,nan,nan,nan,nan,nan,nan,nan,nan,nan,nan,0
422396044,422395823,0.23399015,nan,nan,nan,nan,nan,nan,nan,nan,nan,nan,nan,0
422499488,422499264,0.23399015,nan,nan,nan,nan,nan,nan,nan,nan,nan,nan,nan,0
422595542,422595317,0.23399015,nan,nan,nan,nan,nan,nan,nan,nan,nan,nan,nan,0
422698992,422698759,0.23399015,nan,nan,nan,nan,nan,nan,nan,nan,nan,nan,nan,0
422795032,422794812,0.23399015,nan,nan,nan,nan,nan,nan,nan,nan,nan,nan,nan,0
422898477,422898253,0.23399015,nan,nan,nan,nan,nan,nan,nan,nan,nan,nan,nan,0
422999460,422999232,0.23399015,nan,nan,nan,nan,nan,nan,nan,nan,nan,nan,nan,0
423097976,423097748,0.23399015,nan,nan,nan,nan,nan,nan,nan,nan,nan,nan,nan,0
423198965,423198726,0.23399015,nan,nan,nan,nan,nan,nan,nan,nan,nan,nan,nan,0
423297465,423297242,0.23399015,nan,nan,nan,nan,nan,nan,nan,nan,nan,nan,nan,0
423398445,423398221,0.23399015,nan,nan,nan,nan,nan,nan,nan,nan,nan,nan,nan,0
423496970,423496737,0.23399015,nan,nan,nan,nan,nan,nan,nan,nan,nan,nan,nan,0
423597941,423597715,0.23399015,nan,nan,nan,nan,nan,nan,nan,nan,nan,nan,nan,0
423698924,423698694,0.23399015,nan,nan,nan,nan,nan,nan,nan,nan,nan,nan,nan,0
423797451,423797210,0.23399015,nan,nan,nan,nan,nan,nan,nan,nan,nan,nan,nan,0
423898429,423898189,0.23399015,nan,nan,nan,nan,nan,nan,nan,nan,nan,nan,nan,0
423996929,423996704,0.23399015,nan,nan,nan,nan,nan,nan,nan,nan,nan,nan,nan,0
424097911,424097683,0.23399015,nan,nan,nan,nan,nan,nan,nan,nan,nan,nan,nan,0
424196437,424196199,0.23399015,nan,nan,nan,nan,nan,nan,nan,nan,nan,nan,nan,0
424297399,424297179,0.23399015,nan,nan,nan,nan,nan,nan,nan,nan,nan,nan,nan,0
424398381,424398157,0.23399015,nan,nan,nan,nan,nan,nan,nan,nan,nan,nan,nan,0
424496925,424496672,0.23399015,nan,nan,nan,nan,nan,nan,nan,nan,nan,nan,nan,0
424597877,424597651,0.23399015,nan,nan,nan,nan,nan,nan,nan,nan,nan,nan,nan,0
424696450,424696167,0.23399015,nan,nan,nan,nan,nan,nan,nan,nan,nan,nan,nan,0
424797369,424797146,0.23399015,nan,nan,nan,nan,nan,nan,nan,nan,nan,nan,nan,0
424895902,424895662,0.23399015,nan,nan,nan,nan,nan,nan,nan,nan,nan,nan,nan,0
424996865,424996641,0.23399015,nan,nan,nan,nan,nan,nan,nan,nan,nan,nan,nan,0
425097865,425097620,0.23399015,nan,nan,nan,nan,nan,nan,nan,nan,nan,nan,nan,0
425196388,425196136,0.23399015,nan,nan,nan,nan,nan,nan,nan,nan,nan,nan,nan,0
425297351,425297115,0.23399015,nan,nan,nan,nan,nan,nan,nan,nan,nan,nan,nan,0
425395851,425395631,0.23399015,nan,nan,nan,nan,nan,nan,nan,nan,nan,nan,nan,0
425496852,425496610,0.23275863,nan,nan,nan,nan,nan,nan,nan,nan,nan,nan,nan,0
425595353,425595126,0.23399015,nan,nan,nan,nan,nan,nan,nan,nan,nan,nan,nan,0
425696352,425696105,0.23399015,nan,nan,nan,nan,nan,nan,nan,nan,nan,nan,nan,0
425799783,425799547,0.23275863,nan,nan,nan,nan,nan,nan,nan,nan,nan,nan,nan,0
425895847,425895600,0.23399015,nan,nan,nan,nan,nan,nan,nan,nan,nan,nan,nan,0
425999269,425999042,0.23399015,nan,nan,nan,nan,nan,nan,nan,nan,nan,nan,nan,0
426095332,426095095,0.23399015,nan,nan,nan,nan,nan,nan,nan,nan,nan,nan,nan,0
426198761,426198538,0.23399015,nan,nan,nan,nan,nan,nan,nan,nan,nan,nan,nan,0
426294834,426294590,0.23399015,nan,nan,nan,nan,nan,nan,nan,nan,nan,nan,nan,0
426398256,426398032,0.23399015,nan,nan,nan,nan,nan,nan,nan,nan,nan,nan,nan,0
426499232,426499011,0.23399015,nan,nan,nan,nan,nan,nan,nan,nan,nan,nan,nan,0
426597750,426597527,0.23399015,nan,nan,nan,nan,nan,nan,nan,nan,nan,nan,nan,0
426698749,426698506,0.23275863,nan,nan,nan,nan,nan,nan,nan,nan,nan,nan,nan,0
426797249,426797023,0.23399015,nan,nan,nan,nan,nan,nan,nan,nan,nan,nan,nan,0
426898222,426898002,0.23399015,nan,nan,nan,nan,nan,nan,nan,nan,nan,nan,nan,0
426996749,426996518,0.23399015,nan,nan,nan,nan,nan,nan,nan,nan,nan,nan,nan,0
427097727,427097497,0.23275863,nan,nan,nan,nan,nan,nan,nan,nan,nan,nan,nan,0
427198698,427198476,0.23399015,nan,nan,nan,nan,nan,nan,nan,nan,nan,nan,nan,0
427297213,427296993,0.23399015,nan,nan,nan,nan,nan,nan,nan,nan,nan,nan,nan,0
427398198,427397972,0.23399015,nan,nan,nan,nan,nan,nan,nan,nan,nan,nan,nan,0
427496715,427496488,0.23399015,nan,nan,nan,nan,nan,nan,nan,nan,nan,nan,nan,0
427597701,427597467,0.23399015,nan,nan,nan,nan,nan,nan,nan,nan,nan,nan,nan,0
427696219,427695984,0.23399015,nan,nan,nan,nan,nan,nan,nan,nan,nan,nan,nan,0
427797192,427796963,0.23399015,nan,nan,nan,nan,nan,nan,nan,nan,nan,nan,nan,0
427898164,427897942,0.23399015,nan,nan,nan,nan,nan,nan,nan,nan,nan,nan,nan,0
427996683,427996458,0.23399015,nan,nan,nan,nan,nan,nan,nan,nan,nan,nan,nan,0
428097669,428097438,0.23399015,nan,nan,nan,nan,nan,nan,nan,nan,nan,nan,nan,0
428196178,428195954,0.23399015,nan,nan,nan,nan,nan,nan,nan,nan,nan,nan,nan,0
428297159,428296934,0.23399015,nan,nan,nan,nan,nan,nan,nan,nan,nan,nan,nan,0
428395673,428395450,0.23275863,nan,nan,nan,nan,nan,nan,nan,nan,nan,nan,nan,0
428496657,428496429,0.23399015,nan,nan,nan,nan,nan,nan,nan,nan,nan,nan,nan,0
428597633,428597409,0.23399015,nan,nan,nan,nan,nan,nan,nan,nan,nan,nan,nan,0
428696145,428695925,0.23399015,nan,nan,nan,nan,nan,nan,nan,nan,nan,nan,nan,0
428797130,428796904,0.23275863,nan,nan,nan,nan,nan,nan,nan,nan,nan,nan,nan,0
428895648,428895421,0.23275863,nan,nan,nan,nan,nan,nan,nan,nan,nan,nan,nan,0
428996623,428996400,0.23275863,nan,nan,nan,nan,nan,nan,nan,nan,nan,nan,nan,0
429095154,429094917,0.23275863,nan,nan,nan,nan,nan,nan,nan,nan,nan,nan,nan,0
429196134,429195896,0.23275863,nan,nan,nan,nan,nan,nan,nan,nan,nan,nan,nan,0
429299561,429299338,0.23275863,nan,nan,nan,nan,nan,nan,nan,nan,nan,nan,nan,0
429395613,429395392,0.23275863,nan,nan,nan,nan,nan,nan,nan,nan,nan,nan,nan,0
429499056,429498834,0.23275863,nan,nan,nan,nan,nan,nan,nan,nan,nan,nan,nan,0
429595112,429594888,0.23275863,nan,nan,nan,nan,nan,nan,nan,nan,nan,nan,nan,0
429698553,429698330,0.23275863,nan,nan,nan,nan,nan,nan,nan,nan,nan,nan,nan,0
429794608,429794384,0.23275863,nan,nan,nan,nan,nan,nan,nan,nan,nan,nan,nan,0
429898053,429897826,0.23275863,nan,nan,nan,nan,nan,nan,nan,nan,nan,nan,nan,0
429999033,429998806,0.23275863,nan,nan,nan,nan,nan,nan,nan,nan,nan,nan,nan,0
430097561,430097322,0.23275863,nan,nan,nan,nan,nan,nan,nan,nan,nan,nan,nan,0
430198524,430198302,0.23275863,nan,nan,nan,nan,nan,nan,nan,nan,nan,nan,nan,0
430297041,430296819,0.23275863,nan,nan,nan,nan,nan,nan,nan,nan,nan,nan,nan,0
430398024,430397798,0.23275863,nan,nan,nan,nan,nan,nan,nan,nan,nan,nan,nan,0
430496538,430496315,0.23399015,nan,nan,nan,nan,nan,nan,nan,nan,nan,nan,nan,0
430597516,430597295,0.23275863,nan,nan,nan,nan,nan,nan,nan,nan,nan,nan,nan,0
430698498,430698274,0.23275863,nan,nan,nan,nan,nan,nan,nan,nan,nan,nan,nan,0
430797017,430796791,0.23275863,nan,nan,nan,nan,nan,nan,nan,nan,nan,nan,nan,0
430897994,430897771,0.23275863,nan,nan,nan,nan,nan,nan,nan,nan,nan,nan,nan,0
430996510,430996287,0.23275863,nan,nan,nan,nan,nan,nan,nan,nan,nan,nan,nan,0
431097507,431097267,0.23275863,nan,nan,nan,nan,nan,nan,nan,nan,nan,nan,nan,0
431196009,431195784,0.23275863,nan,nan,nan,nan,nan,nan,nan,nan,nan,nan,nan,0
431296984,431296764,0.23275863,nan,nan,nan,nan,nan,nan,nan,nan,nan,nan,nan,0
431397970,431397743,0.23275863,nan,nan,nan,nan,nan,nan,nan,nan,nan,nan,nan,0
431496485,431496260,0.23275863,nan,nan,nan,nan,nan,nan,nan,nan,nan,nan,nan,0
431597460,431597240,0.23275863,nan,nan,nan,nan,nan,nan,nan,nan,nan,nan,nan,0
431695978,431695757,0.23275863,nan,nan,nan,nan,nan,nan,nan,nan,nan,nan,nan,0
431796961,431796736,0.23275863,nan,nan,nan,nan,nan,nan,nan,nan,nan,nan,nan,0
431895479,431895253,0.23275863,nan,nan,nan,nan,nan,nan,nan,nan,nan,nan,nan,0
431996455,431996233,0.23275863,nan,nan,nan,nan,nan,nan,nan,nan,nan,nan,nan,0
432099920,432099676,0.23275863,nan,nan,nan,nan,nan,nan,nan,nan,nan,nan,nan,0
432195955,432195730,0.23275863,nan,nan,nan,nan,nan,nan,nan,nan,nan,nan,nan,0
432299396,432299173,0.23275863,nan,nan,nan,nan,nan,nan,nan,nan,nan,nan,nan,0
432395448,432395227,0.23275863,nan,nan,nan,nan,nan,nan,nan,nan,nan,nan,nan,0
432498896,432498670,0.23275863,nan,nan,nan,nan,nan,nan,nan,nan,nan,nan,nan,0
432594947,432594724,0.23275863,nan,nan,nan,nan,nan,nan,nan,nan,nan,nan,nan,0
432698390,432698166,0.23275863,nan,nan,nan,nan,nan,nan,nan,nan,nan,nan,nan,0
432799419,432799146,0.23275863,nan,nan,nan,nan,nan,nan,nan,nan,nan,nan,nan,0
432897889,432897663,0.23275863,nan,nan,nan,nan,nan,nan,nan,nan,nan,nan,nan,0
432998889,432998643,0.23275863,nan,nan,nan,nan,nan,nan,nan,nan,nan,nan,nan,0
433097382,433097160,nan,nan,nan,nan,nan,nan,nan,nan,nan,nan,nan,nan,0
433198375,433198140,nan,nan,nan,nan,nan,nan,nan,nan,nan,nan,nan,nan,0
433296877,433296657,nan,nan,nan,nan,nan,nan,nan,nan,nan,nan,nan,nan,0
433397881,433397637,nan,nan,nan,nan,nan,nan,nan,nan,nan,nan,nan,nan,0
433496391,433496154,nan,nan,nan,nan,nan,nan,nan,nan,nan,nan,nan,nan,0
433597369,433597135,nan,nan,nan,nan,nan,nan,nan,nan,nan,nan,nan,nan,0
433698338,433698115,nan,nan,nan,nan,nan,nan,nan,nan,nan,nan,nan,nan,0
433796873,433796632,nan,nan,nan,nan,nan,nan,nan,nan,nan,nan,nan,nan,0
433897842,433897612,nan,nan,nan,nan,nan,nan,nan,nan,nan,nan,nan,nan,0
433996390,433996129,nan,nan,nan,nan,nan,nan,nan,nan,nan,nan,nan,nan,0
434097350,434097109,nan,nan,nan,nan,nan,nan,nan,nan,nan,nan,nan,nan,0
434198344,434198089,nan,nan,nan,nan,nan,nan,nan,nan,nan,nan,nan,nan,0
434296826,434296606,nan,nan,nan,nan,nan,nan,nan,nan,nan,nan,nan,nan,0
434397827,434397586,nan,nan,nan,nan,nan,nan,nan,nan,nan,nan,nan,nan,0
434496342,434496104,nan,nan,nan,nan,nan,nan,nan,nan,nan,nan,nan,nan,0
434597303,434597084,nan,nan,nan,nan,nan,nan,nan,nan,nan,nan,nan,nan,0
434695822,434695601,nan,nan,nan,nan,nan,nan,nan,nan,nan,nan,nan,nan,0
434796805,434796581,nan,nan,nan,nan,nan,nan,nan,nan,nan,nan,nan,nan,0
434897785,434897561,nan,nan,nan,nan,nan,nan,nan,nan,nan,nan,nan,nan,0
434996320,434996079,nan,nan,nan,nan,nan,nan,nan,nan,nan,nan,nan,nan,0
435097281,435097059,nan,nan,nan,nan,nan,nan,nan,nan,nan,nan,nan,nan,0
435195801,435195576,nan,nan,nan,nan,nan,nan,nan,nan,nan,nan,nan,nan,0
435296778,435296556,nan,nan,nan,nan,nan,nan,nan,nan,nan,nan,nan,nan,0
435395295,435395074,nan,nan,nan,nan,nan,nan,nan,nan,nan,nan,nan,nan,0
435496277,435496054,nan,nan,nan,nan,nan,nan,nan,nan,nan,nan,nan,nan,0
435599725,435599497,nan,nan,nan,nan,nan,nan,nan,nan,nan,nan,nan,nan,0
435695774,435695552,nan,nan,nan,nan,nan,nan,nan,nan,nan,nan,nan,nan,0
435799218,435798995,nan,nan,nan,nan,nan,nan,nan,nan,nan,nan,nan,nan,0
435895292,435895049,nan,nan,nan,nan,nan,nan,nan,nan,nan,nan,nan,nan,0
435998720,435998492,nan,nan,nan,nan,nan,nan,nan,nan,nan,nan,nan,nan,0
436094769,436094547,nan,nan,nan,nan,nan,nan,nan,nan,nan,nan,nan,nan,0
436198211,436197990,nan,nan,nan,nan,nan,nan,nan,nan,nan,nan,nan,nan,0
436299196,436298971,nan,nan,nan,nan,nan,nan,nan,nan,nan,nan,nan,nan,0
436397713,436397488,nan,nan,nan,nan,nan,nan,nan,nan,nan,nan,nan,nan,0
436498691,436498468,nan,nan,nan,nan,nan,nan,nan,nan,nan,nan,nan,nan,0
436597206,436596986,nan,nan,nan,nan,nan,nan,nan,nan,nan,nan,nan,nan,0
436698191,436697966,nan,nan,nan,nan,nan,nan,nan,nan,nan,nan,nan,nan,0
436796708,436796484,nan,nan,nan,nan,nan,nan,nan,nan,nan,nan,nan,nan,0
436897703,436897464,nan,nan,nan,nan,nan,nan,nan,nan,nan,nan,nan,nan,0
436998673,436998445,nan,nan,nan,nan,nan,nan,nan,nan,nan,nan,nan,nan,0
437097186,437096962,nan,nan,nan,nan,nan,nan,nan,nan,nan,nan,nan,nan,0
437198163,437197943,nan,nan,nan,nan,nan,nan,nan,nan,nan,nan,nan,nan,0
437296684,437296460,nan,nan,nan,nan,nan,nan,nan,nan,nan,nan,nan,nan,0
437397668,437397441,nan,nan,nan,nan,nan,nan,nan,nan,nan,nan,nan,nan,0
437496186,437495958,nan,nan,nan,nan,nan,nan,nan,nan,nan,nan,nan,nan,0
437597158,437596939,nan,nan,nan,nan,nan,nan,nan,nan,nan,nan,nan,nan,0
437698143,437697919,nan,nan,nan,nan,nan,nan,nan,nan,nan,nan,nan,nan,0
437796664,437796437,nan,nan,nan,nan,nan,nan,nan,nan,nan,nan,nan,nan,0
437897641,437897417,nan,nan,nan,nan,nan,nan,nan,nan,nan,nan,nan,nan,0
437996187,437995935,nan,nan,nan,nan,nan,nan,nan,nan,nan,nan,nan,nan,0
438097137,438096915,nan,nan,nan,nan,nan,nan,nan,nan,nan,nan,nan,nan,0
438195660,438195433,nan,nan,nan,nan,nan,nan,nan,nan,nan,nan,nan,nan,0
438296637,438296413,nan,nan,nan,nan,nan,nan,nan,nan,nan,nan,nan,nan,0
438397620,438397394,nan,nan,nan,nan,nan,nan,nan,nan,nan,nan,nan,nan,0
438496139,438495911,nan,nan,nan,nan,nan,nan,nan,nan,nan,nan,nan,nan,0
438597113,438596892,nan,nan,nan,nan,nan,nan,nan,nan,nan,nan,nan,nan,0
438695633,438695410,nan,nan,nan,nan,nan,nan,nan,nan,nan,nan,nan,nan,0
438796615,438796390,nan,nan,nan,nan,nan,nan,nan,nan,nan,nan,nan,nan,0
438895132,438894908,nan,nan,nan,nan,nan,nan,nan,nan,nan,nan,nan,nan,0
438996178,438995889,nan,nan,nan,nan,nan,nan,nan,nan,nan,nan,nan,nan,0
439099551,439099332,nan,nan,nan,nan,nan,nan,nan,nan,nan,nan,nan,nan,0
439195611,439195387,nan,nan,nan,nan,nan,nan,nan,nan,nan,nan,nan,nan,0
439299056,439298830,nan,nan,nan,nan,nan,nan,nan,nan,nan,nan,nan,nan,0
439397573,439397348,nan,nan,nan,nan,nan,nan,nan,nan,nan,nan,nan,nan,0
439498548,439498329,nan,nan,nan,nan,nan,nan,nan,nan,nan,nan,nan,nan,0
439594610,439594384,nan,nan,nan,nan,nan,nan,nan,nan,nan,nan,nan,nan,0
439698055,439697827,nan,nan,nan,nan,nan,nan,nan,nan,nan,nan,nan,nan,0
439799030,439798808,nan,nan,nan,nan,nan,nan,nan,nan,nan,nan,nan,nan,0
439897546,439897326,nan,nan,nan,nan,nan,nan,nan,nan,nan,nan,nan,nan,0
439998563,439998306,nan,nan,nan,nan,nan,nan,nan,nan,nan,nan,nan,nan,0
440097048,440096824,nan,nan,nan,nan,nan,nan,nan,nan,nan,nan,nan,nan,0
440198026,440197805,nan,nan,nan,nan,nan,nan,nan,nan,nan,nan,nan,nan,0
440296542,440296323,nan,nan,nan,nan,nan,nan,nan,nan,nan,nan,nan,nan,0
440397526,440397304,nan,nan,nan,nan,nan,nan,nan,nan,nan,nan,nan,nan,0
440498517,440498284,nan,nan,nan,nan,nan,nan,nan,nan,nan,nan,nan,nan,0
440597022,440596802,nan,nan,nan,nan,nan,nan,nan,nan,nan,nan,nan,nan,0
440698008,440697784,nan,nan,nan,nan,nan,nan,nan,nan,nan,nan,nan,nan,0
440796525,440796301,nan,nan,nan,nan,nan,nan,nan,nan,nan,nan,nan,nan,0
440897504,440897284,nan,nan,nan,nan,nan,nan,nan,nan,nan,nan,nan,nan,0
440996036,440995800,nan,nan,nan,nan,nan,nan,nan,nan,nan,nan,nan,nan,0
441097003,441096781,nan,nan,nan,nan,nan,nan,nan,nan,nan,nan,nan,nan,0
441197983,441197762,nan,nan,nan,nan,nan,nan,nan,nan,nan,nan,nan,nan,0
441296521,441296279,nan,nan,nan,nan,nan,nan,nan,nan,nan,nan,nan,nan,0
441397483,441397260,nan,nan,nan,nan,nan,nan,nan,nan,nan,nan,nan,nan,0
441496045,441495778,nan,nan,nan,nan,nan,nan,nan,nan,nan,nan,nan,nan,0
441596980,441596759,nan,nan,nan,nan,nan,nan,nan,nan,nan,nan,nan,nan,0
441695568,441695279,nan,nan,nan,nan,nan,nan,nan,nan,nan,nan,nan,nan,0
441796486,441796258,nan,nan,nan,nan,nan,nan,nan,nan,nan,nan,nan,nan,0
441899946,441899702,nan,nan,nan,nan,nan,nan,nan,nan,nan,nan,nan,nan,0
441995996,441995757,nan,nan,nan,nan,nan,nan,nan,nan,nan,nan,nan,nan,0
442099439,442099201,nan,nan,nan,nan,nan,nan,nan,nan,nan,nan,nan,nan,0
442195479,442195256,nan,nan,nan,nan,nan,nan,nan,nan,nan,nan,nan,nan,0
442298942,442298701,nan,nan,nan,nan,nan,nan,nan,nan,nan,nan,nan,nan,0
442394977,442394756,nan,nan,nan,nan,nan,nan,nan,nan,nan,nan,nan,nan,0
442498439,442498200,nan,nan,nan,nan,nan,nan,nan,nan,nan,nan,nan,nan,0
442599404,442599181,nan,nan,nan,nan,nan,nan,nan,nan,nan,nan,nan,nan,0
442697945,442697699,nan,nan,nan,nan,nan,nan,nan,nan,nan,nan,nan,nan,0
442798904,442798680,nan,nan,nan,nan,nan,nan,nan,nan,nan,nan,nan,nan,0
442897441,442897198,nan,nan,nan,nan,nan,nan,nan,nan,nan,nan,nan,nan,0
442998405,442998179,nan,nan,nan,nan,nan,nan,nan,nan,nan,nan,nan,nan,0
443096927,443096697,nan,nan,nan,nan,nan,nan,nan,nan,nan,nan,nan,nan,0
443197904,443197678,nan,nan,nan,nan,nan,nan,nan,nan,nan,nan,nan,nan,0
443296424,443296197,nan,nan,nan,nan,nan,nan,nan,nan,nan,nan,nan,nan,0
443397402,443397178,nan,nan,nan,nan,nan,nan,nan,nan,nan,nan,nan,nan,0
443495925,443495696,nan,nan,nan,nan,nan,nan,nan,nan,nan,nan,nan,nan,0
443596899,443596677,nan,nan,nan,nan,nan,nan,nan,nan,nan,nan,nan,nan,0
443697886,443697658,nan,nan,nan,nan,nan,nan,nan,nan,nan,nan,nan,nan,0
443796402,443796177,nan,nan,nan,nan,nan,nan,nan,nan,nan,nan,nan,nan,0
443897397,443897158,nan,nan,nan,nan,nan,nan,nan,nan,nan,nan,nan,nan,0
443998379,443998139,nan,nan,nan,nan,nan,nan,nan,nan,nan,nan,nan,nan,0
444096885,444096657,nan,nan,nan,nan,nan,nan,nan,nan,nan,nan,nan,nan,0
444197865,444197638,nan,nan,nan,nan,nan,nan,nan,nan,nan,nan,nan,nan,0
444296399,444296157,nan,nan,nan,nan,nan,nan,nan,nan,nan,nan,nan,nan,0
444397410,444397138,nan,nan,nan,nan,nan,nan,nan,nan,nan,nan,nan,nan,0
444495882,444495656,nan,nan,nan,nan,nan,nan,nan,nan,nan,nan,nan,nan,0
444596858,444596638,nan,nan,nan,nan,nan,nan,nan,nan,nan,nan,nan,nan,0
444697849,444697619,nan,nan,nan,nan,nan,nan,nan,nan,nan,nan,nan,nan,0
444796363,444796137,nan,nan,nan,nan,nan,nan,nan,nan,nan,nan,nan,nan,0
444897366,444897119,nan,nan,nan,nan,nan,nan,nan,nan,nan,nan,nan,nan,0
444995860,444995637,nan,nan,nan,nan,nan,nan,nan,nan,nan,nan,nan,nan,0
