timestamp,timestamp_sample,control[0],control[1],control[2],control[3],control[4],control[5],control[6],control[7]
157873659,157873523,1.0,-0.5000001,-0.8394853,nan,nan,nan,nan,nan
157878641,157878510,1.0,-0.5000001,-0.83951694,nan,nan,nan,nan,nan
157975904,157975779,1.0,-0.5000001,-0.84690005,nan,nan,nan,nan,nan
158075688,158075542,1.0,-0.5000001,-0.8538632,nan,nan,nan,nan,nan
158175429,158175304,1.0,-0.5000001,-0.9013702,nan,nan,nan,nan,nan
158272703,158272575,1.0,-0.5000001,-0.8505792,nan,nan,nan,nan,nan
158374954,158374829,1.0,-0.5000001,-0.77494156,nan,nan,nan,nan,nan
158472219,158472098,1.0,-0.5000001,-0.6853255,nan,nan,nan,nan,nan
158574478,158574355,1.0,-0.51050013,-0.040811736,nan,nan,nan,nan,nan
158676759,158676611,1.0,-0.5451857,-0.14682654,nan,nan,nan,nan,nan
158774009,158773880,1.0,-0.5933166,0.07078862,nan,nan,nan,nan,nan
158876253,158876137,0.7119769,-0.6129116,0.1830298,nan,nan,nan,nan,nan
158973522,158973405,-0.047195423,-0.4858913,-0.12236864,nan,nan,nan,nan,nan
159075795,159075662,-0.92111975,0.011472505,-0.43665922,nan,nan,nan,nan,nan
159173049,159172930,-0.7509979,-0.24900237,-0.6618061,nan,nan,nan,nan,nan
159275303,159275187,0.16280387,-0.028704783,-0.5621299,nan,nan,nan,nan,nan
159375066,159374949,0.084744096,-0.34476244,-0.5142324,nan,nan,nan,nan,nan
159474831,159474712,0.13064107,-0.3931177,-0.45449433,nan,nan,nan,nan,nan
159574591,159574475,0.15214239,-0.487352,-0.38564476,nan,nan,nan,nan,nan
159674353,159674237,0.13888901,-0.49343336,-0.37835255,nan,nan,nan,nan,nan
159774131,159774000,0.14800079,-0.44101357,-0.38679463,nan,nan,nan,nan,nan
159873880,159873763,0.29853892,-0.4874003,-0.3582186,nan,nan,nan,nan,nan
159973644,159973525,0.5039511,-0.6323669,-0.2729466,nan,nan,nan,nan,nan
160075906,160075782,0.78099835,-0.8685447,-0.14356714,nan,nan,nan,nan,nan
160173168,160173051,1.0,-0.98543006,-0.03135493,nan,nan,nan,nan,nan
160275440,160275307,1.0,-0.92941767,0.046956874,nan,nan,nan,nan,nan
160372694,160372576,1.0,-0.9084894,0.08879152,nan,nan,nan,nan,nan
160474951,160474833,1.0,-0.96707994,0.094705366,nan,nan,nan,nan,nan
160572217,160572101,1.0,-0.96991456,0.023087159,nan,nan,nan,nan,nan
160674474,160674358,0.8414628,-0.60792285,0.17749628,nan,nan,nan,nan,nan
160776752,160776616,0.8543841,-0.57037073,0.15617792,nan,nan,nan,nan,nan
160874090,160873883,1.0,-0.41473696,0.14641838,nan,nan,nan,nan,nan
160976254,160976140,1.0,-0.23045371,0.15658805,nan,nan,nan,nan,nan
161073524,161073408,1.0,-0.19502856,0.17190549,nan,nan,nan,nan,nan
161175785,161175665,0.951408,-0.25063467,0.121814296,nan,nan,nan,nan,nan
161273050,161272933,0.85949296,-0.2445306,0.039705504,nan,nan,nan,nan,nan
161375304,161375190,0.8115332,-0.19510232,-0.010298991,nan,nan,nan,nan,nan
161475071,161474953,0.8945246,-0.22169794,-0.0023283376,nan,nan,nan,nan,nan
161574835,161574715,1.0,-0.29410043,0.042626724,nan,nan,nan,nan,nan
161674593,161674478,1.0,-0.42967966,0.09271543,nan,nan,nan,nan,nan
161774358,161774240,1.0,-0.6410374,0.1858306,nan,nan,nan,nan,nan
161874135,161874003,1.0,-0.658247,0.27135047,nan,nan,nan,nan,nan
161973881,161973766,1.0,-0.6956069,0.35852242,nan,nan,nan,nan,nan
162073646,162073528,1.0,-0.7468849,0.4078667,nan,nan,nan,nan,nan
162175914,162175785,1.0,-0.7540198,0.42528096,nan,nan,nan,nan,nan
162273173,162273053,1.0,-0.7668351,0.4284057,nan,nan,nan,nan,nan
162375449,162375310,1.0,-0.7714066,0.37047088,nan,nan,nan,nan,nan
162472700,162472578,1.0,-0.79154694,0.3304507,nan,nan,nan,nan,nan
162574953,162574835,1.0,-0.82888865,0.34086335,nan,nan,nan,nan,nan
162672219,162672103,1.0,-0.8315389,0.36960307,nan,nan,nan,nan,nan
162774480,162774360,1.0,-0.8554242,0.3641198,nan,nan,nan,nan,nan
162876737,162876617,1.0,-0.9385619,0.36176693,nan,nan,nan,nan,nan
162974002,162973885,1.0,-0.9855939,0.35847798,nan,nan,nan,nan,nan
163076256,163076142,1.0,-0.978164,0.36189333,nan,nan,nan,nan,nan
163173529,163173410,1.0,-0.98720694,0.37531358,nan,nan,nan,nan,nan
163275782,163275667,1.0,-0.9941843,0.35022447,nan,nan,nan,nan,nan
163373060,163372935,1.0,-0.96152246,0.3506387,nan,nan,nan,nan,nan
163475318,163475192,1.0,-0.9281839,0.37437215,nan,nan,nan,nan,nan
163575074,163574955,1.0,-0.8971378,0.3590715,nan,nan,nan,nan,nan
163674832,163674717,1.0,-0.90829396,0.3394272,nan,nan,nan,nan,nan
163774607,163774480,1.0,-0.92811537,0.33772352,nan,nan,nan,nan,nan
163874359,163874243,1.0,-0.8676717,0.3281549,nan,nan,nan,nan,nan
163974131,163974005,1.0,-0.8133814,0.30659518,nan,nan,nan,nan,nan
164073884,164073768,0.9810877,-0.82256675,0.28296152,nan,nan,nan,nan,nan
164173657,164173530,0.980789,-0.83010834,0.26777196,nan,nan,nan,nan,nan
164275905,164275787,0.9758247,-0.8141012,0.26029196,nan,nan,nan,nan,nan
164373179,164373055,0.9765988,-0.8147554,0.2639926,nan,nan,nan,nan,nan
164475446,164475312,1.0,-0.8663199,0.28849933,nan,nan,nan,nan,nan
164572710,164572581,1.0,-0.8858371,0.3376169,nan,nan,nan,nan,nan
164674954,164674837,1.0,-0.8921437,0.3840818,nan,nan,nan,nan,nan
164772406,164772106,1.0,-0.9364976,0.41639787,nan,nan,nan,nan,nan
164874483,164874363,1.0,-0.9783879,0.39167684,nan,nan,nan,nan,nan
164976813,164976619,1.0,-0.97595835,0.3867197,nan,nan,nan,nan,nan
165074008,165073888,1.0,-0.991698,0.362294,nan,nan,nan,nan,nan
165176317,165176144,1.0,-0.957997,0.35581955,nan,nan,nan,nan,nan
165273542,165273413,0.76046187,-0.63289315,0.25267383,nan,nan,nan,nan,nan
165375965,165375669,0.47746512,-0.3241999,0.016909495,nan,nan,nan,nan,nan
165473071,165472938,0.32002854,-0.2117607,-0.17834374,nan,nan,nan,nan,nan
165575328,165575195,0.49474594,-0.24976078,-0.10123783,nan,nan,nan,nan,nan
165675074,165674958,0.7597893,-0.5799313,0.18568414,nan,nan,nan,nan,nan
165774859,165774720,1.0,-0.9261497,0.24435884,nan,nan,nan,nan,nan
165874599,165874483,1.0,-0.9618377,0.30316952,nan,nan,nan,nan,nan
165974359,165974245,0.9261986,-1.0,0.29504797,nan,nan,nan,nan,nan
166074125,166074008,0.7207644,-0.7909539,0.20732318,nan,nan,nan,nan,nan
166173890,166173770,0.18768048,-0.3537897,-0.03192625,nan,nan,nan,nan,nan
166273654,166273533,0.3216262,-0.28748012,-0.23492043,nan,nan,nan,nan,nan
166375908,166375790,0.4778928,-0.67956704,0.122005746,nan,nan,nan,nan,nan
166473194,166473058,0.716192,-1.0,0.3719237,nan,nan,nan,nan,nan
166575432,166575315,0.9463085,-1.0,0.3630407,nan,nan,nan,nan,nan
166672703,166672583,0.80501586,-1.0,0.36733583,nan,nan,nan,nan,nan
166774961,166774840,0.2739684,-0.52320844,0.16379644,nan,nan,nan,nan,nan
166872227,166872109,-0.036170695,-0.18831779,-0.28322145,nan,nan,nan,nan,nan
166974487,166974365,0.36675137,-0.54805726,-0.061649583,nan,nan,nan,nan,nan
167076744,167076622,0.71665835,-1.0,0.37842888,nan,nan,nan,nan,nan
167174008,167173891,0.9427181,-1.0,0.40985262,nan,nan,nan,nan,nan
167276263,167276147,0.8081635,-1.0,0.34455532,nan,nan,nan,nan,nan
167373534,167373415,0.6145143,-0.82164353,0.25575945,nan,nan,nan,nan,nan
167475787,167475672,0.6159738,-0.5810533,-0.0020111795,nan,nan,nan,nan,nan
167573061,167572941,0.9352735,-1.0,0.32167235,nan,nan,nan,nan,nan
167675313,167675197,0.9691621,-1.0,0.4118954,nan,nan,nan,nan,nan
167775077,167774960,0.91048574,-1.0,0.27160287,nan,nan,nan,nan,nan
167874841,167874723,0.98048115,-0.69569767,0.32017478,nan,nan,nan,nan,nan
167974600,167974485,0.8217893,-0.31704813,0.13545488,nan,nan,nan,nan,nan
168074391,168074248,1.0,-0.7977672,0.27888456,nan,nan,nan,nan,nan
168174130,168174010,1.0,-0.78019345,0.43979955,nan,nan,nan,nan,nan
168273888,168273773,0.9677577,-0.69235694,0.28358483,nan,nan,nan,nan,nan
168373653,168373535,0.71206975,-0.38104805,0.14660932,nan,nan,nan,nan,nan
168475912,168475792,1.0,-0.28673506,0.027093401,nan,nan,nan,nan,nan
168573186,168573061,1.0,-0.75467724,0.49839085,nan,nan,nan,nan,nan
168675435,168675317,1.0,-0.92912155,0.36245614,nan,nan,nan,nan,nan
168772706,168772585,0.997396,-0.38823903,0.20401572,nan,nan,nan,nan,nan
168874962,168874842,1.0,-0.06864822,0.07198419,nan,nan,nan,nan,nan
168972229,168972111,1.0,-0.604972,0.769206,nan,nan,nan,nan,nan
169074486,169074367,0.916716,-1.0,0.58293647,nan,nan,nan,nan,nan
169176746,169176624,0.3216696,-1.0,0.37235105,nan,nan,nan,nan,nan
169274017,169273892,0.27601805,-0.7384203,-0.1870683,nan,nan,nan,nan,nan
169376266,169376149,0.5000001,-1.0,0.26569328,nan,nan,nan,nan,nan
169473536,169473418,0.5000001,-1.0,0.29250345,nan,nan,nan,nan,nan
169575794,169575674,0.23172057,-1.0,0.11504202,nan,nan,nan,nan,nan
169673062,169672943,0.32572576,-1.0,-0.10786283,nan,nan,nan,nan,nan
169775315,169775199,0.5000001,-1.0,0.5322607,nan,nan,nan,nan,nan
169875080,169874962,0.5000001,-1.0,0.6266439,nan,nan,nan,nan,nan
169974841,169974724,0.5000001,-1.0,0.5177057,nan,nan,nan,nan,nan
170074607,170074487,0.5000001,-1.0,0.42540824,nan,nan,nan,nan,nan
170174368,170174249,0.5000001,-1.0,0.58001125,nan,nan,nan,nan,nan
170274134,170274012,0.5000001,-1.0,0.60741574,nan,nan,nan,nan,nan
170373890,170373774,0.5000001,-1.0,0.7438018,nan,nan,nan,nan,nan
170473660,170473537,0.5000001,-1.0,0.7610129,nan,nan,nan,nan,nan
170575911,170575793,1.0,-0.83004874,0.80733365,nan,nan,nan,nan,nan
170673179,170673062,0.8084189,-1.0,1.0,nan,nan,nan,nan,nan
170775438,170775318,0.7588452,-1.0,1.0,nan,nan,nan,nan,nan
170872707,170872587,0.60480654,-1.0,1.0,nan,nan,nan,nan,nan
170974961,170974843,0.6033017,-1.0,1.0,nan,nan,nan,nan,nan
171072232,171072112,0.65739816,-1.0,0.9982808,nan,nan,nan,nan,nan
171174504,171174368,0.7385002,-1.0,0.99993116,nan,nan,nan,nan,nan
171276746,171276629,0.8035953,-1.0,0.8331923,nan,nan,nan,nan,nan
171374012,171373893,0.5838274,-1.0,0.7068282,nan,nan,nan,nan,nan
171476264,171476149,0.8468216,-1.0,0.7299687,nan,nan,nan,nan,nan
171573538,171573417,1.0,-0.9190595,0.58176696,nan,nan,nan,nan,nan
171675790,171675673,1.0,-0.9579448,0.38385752,nan,nan,nan,nan,nan
171773066,171772941,1.0,-0.6838273,0.3971472,nan,nan,nan,nan,nan
171875315,171875197,1.0,-0.56663775,0.32885996,nan,nan,nan,nan,nan
171975077,171974960,1.0,-0.6944407,0.25084636,nan,nan,nan,nan,nan
172074838,172074722,1.0,-0.62769794,0.373027,nan,nan,nan,nan,nan
172174617,172174484,1.0,-0.5170257,0.79930097,nan,nan,nan,nan,nan
172274361,172274246,1.0,-0.5000001,0.83397865,nan,nan,nan,nan,nan
172374128,172374008,1.0,-0.6178968,0.8646924,nan,nan,nan,nan,nan
172473886,172473770,1.0,-0.6182944,0.7424956,nan,nan,nan,nan,nan
172573652,172573532,1.0,-0.5000001,0.42863512,nan,nan,nan,nan,nan
172675905,172675788,1.0,-0.5000001,0.48131946,nan,nan,nan,nan,nan
172773181,172773056,1.0,-0.51629806,1.0,nan,nan,nan,nan,nan
172875433,172875312,1.0,-0.5000001,1.0,nan,nan,nan,nan,nan
172972703,172972579,1.0,-0.6278157,1.0,nan,nan,nan,nan,nan
173074957,173074835,1.0,-0.6048285,1.0,nan,nan,nan,nan,nan
173172234,173172103,1.0,-0.5000001,1.0,nan,nan,nan,nan,nan
173274487,173274359,1.0,-0.6390174,1.0,nan,nan,nan,nan,nan
173376738,173376616,1.0,-0.5000001,1.0,nan,nan,nan,nan,nan
173474009,173473883,1.0,-0.5000001,1.0,nan,nan,nan,nan,nan
173576256,173576139,1.0,-0.6825189,1.0,nan,nan,nan,nan,nan
173673532,173673407,1.0,-0.7637728,1.0,nan,nan,nan,nan,nan
173775779,173775662,1.0,-0.5859788,1.0,nan,nan,nan,nan,nan
173873057,173872930,1.0,-0.8294909,1.0,nan,nan,nan,nan,nan
173975302,173975186,1.0,-0.690294,1.0,nan,nan,nan,nan,nan
174075217,174074947,1.0,-0.63291377,1.0,nan,nan,nan,nan,nan
174174860,174174709,1.0,-0.9536048,1.0,nan,nan,nan,nan,nan
174274719,174274471,1.0,-0.92826754,1.0,nan,nan,nan,nan,nan
174374348,174374232,1.0,-0.7534509,1.0,nan,nan,nan,nan,nan
174474218,174473994,1.0,-0.7415179,1.0,nan,nan,nan,nan,nan
174573875,174573756,1.0,-0.90694535,1.0,nan,nan,nan,nan,nan
174673719,174673517,1.0,-0.9350461,1.0,nan,nan,nan,nan,nan
174775892,174775773,1.0,-0.9937344,1.0,nan,nan,nan,nan,nan
174873292,174873040,0.9758271,-1.0,1.0,nan,nan,nan,nan,nan
174975414,174975296,1.0,-0.91387635,1.0,nan,nan,nan,nan,nan
175072725,175072564,1.0,-0.8924562,1.0,nan,nan,nan,nan,nan
175174992,175174819,1.0,-0.90113795,1.0,nan,nan,nan,nan,nan
175272230,175272087,1.0,-0.92973715,1.0,nan,nan,nan,nan,nan
175374463,175374342,1.0,-0.7986744,1.0,nan,nan,nan,nan,nan
175476716,175476598,1.0,-0.8440023,1.0,nan,nan,nan,nan,nan
175573988,175573865,1.0,-0.9695401,1.0,nan,nan,nan,nan,nan
175676238,175676121,1.0,-0.79188335,1.0,nan,nan,nan,nan,nan
175773506,175773388,1.0,-0.74181277,1.0,nan,nan,nan,nan,nan
175875758,175875644,1.0,-0.6834915,1.0,nan,nan,nan,nan,nan
175973030,175972911,1.0,-0.95040256,1.0,nan,nan,nan,nan,nan
176075286,176075167,0.8484782,-1.0,1.0,nan,nan,nan,nan,nan
176175065,176174928,0.7460034,-1.0,1.0,nan,nan,nan,nan,nan
176274806,176274689,0.7565682,-1.0,1.0,nan,nan,nan,nan,nan
176374567,176374450,0.8331863,-1.0,1.0,nan,nan,nan,nan,nan
176474329,176474212,0.9198504,-1.0,1.0,nan,nan,nan,nan,nan
176574092,176573973,1.0,-0.95489657,1.0,nan,nan,nan,nan,nan
176673850,176673735,1.0,-0.80846506,1.0,nan,nan,nan,nan,nan
176773611,176773496,1.0,-0.7084553,1.0,nan,nan,nan,nan,nan
176875868,176875751,1.0,-0.610475,1.0,nan,nan,nan,nan,nan
176973141,176973019,1.0,-0.5000001,1.0,nan,nan,nan,nan,nan
177075393,177075274,1.0,-0.5000001,1.0,nan,nan,nan,nan,nan
177172659,177172541,1.0,-0.5000001,1.0,nan,nan,nan,nan,nan
177274914,177274796,1.0,-0.5000001,1.0,nan,nan,nan,nan,nan
177372181,177372063,1.0,-0.5000001,0.44460863,nan,nan,nan,nan,nan
177474439,177474318,1.0,-0.5000001,0.9419326,nan,nan,nan,nan,nan
177576694,177576574,1.0,-0.5000001,1.0,nan,nan,nan,nan,nan
177673959,177673841,1.0,-0.5000001,1.0,nan,nan,nan,nan,nan
177776212,177776096,1.0,-0.5000001,0.6607161,nan,nan,nan,nan,nan
177873537,177873363,1.0,-0.5000001,0.83554196,nan,nan,nan,nan,nan
177975737,177975618,1.0,-0.5000001,0.1480348,nan,nan,nan,nan,nan
178073004,178072885,1.0,-0.5541381,0.0695687,nan,nan,nan,nan,nan
178175258,178175140,1.0,-0.5000001,0.06788273,nan,nan,nan,nan,nan
178275020,178274901,1.0,-0.5000001,0.14876245,nan,nan,nan,nan,nan
178374779,178374662,1.0,-0.5000001,0.3212603,nan,nan,nan,nan,nan
178474539,178474424,0.7366726,-1.0,0.30678755,nan,nan,nan,nan,nan
178574302,178574185,1.0,-0.8614594,0.09938194,nan,nan,nan,nan,nan
178674063,178673946,1.0,-0.8239516,-0.0028132452,nan,nan,nan,nan,nan
178773823,178773707,1.0,-0.8576354,-0.048141018,nan,nan,nan,nan,nan
178873600,178873468,1.0,-0.88491726,-0.10918123,nan,nan,nan,nan,nan
178975843,178975723,1.0,-0.9079411,-0.15297195,nan,nan,nan,nan,nan
179073107,179072990,1.0,-0.93779504,-0.20080057,nan,nan,nan,nan,nan
179175363,179175245,1.0,-0.96369,-0.25454643,nan,nan,nan,nan,nan
179272634,179272513,1.0,-0.9850022,-0.29741085,nan,nan,nan,nan,nan
179374887,179374768,0.98344314,-1.0,-0.34516618,nan,nan,nan,nan,nan
179472150,179472035,0.9596749,-1.0,-0.39199907,nan,nan,nan,nan,nan
179574424,179574290,0.93325007,-1.0,-0.43917903,nan,nan,nan,nan,nan
179676678,179676545,0.9044288,-1.0,-0.487834,nan,nan,nan,nan,nan
179773937,179773812,0.8791166,-1.0,-0.532315,nan,nan,nan,nan,nan
179876198,179876067,0.85244834,-1.0,-0.5804552,nan,nan,nan,nan,nan
179973452,179973334,0.8254096,-1.0,-0.62568873,nan,nan,nan,nan,nan
180075711,180075589,0.7974713,-1.0,-0.6735957,nan,nan,nan,nan,nan
180172974,180172856,0.7738148,-1.0,-0.7188374,nan,nan,nan,nan,nan
180275227,180275112,0.74555457,-1.0,-0.7672515,nan,nan,nan,nan,nan
180374991,180374873,0.71897537,-1.0,-0.81365085,nan,nan,nan,nan,nan
180474749,180474634,0.6924893,-1.0,-0.86146736,nan,nan,nan,nan,nan
180574527,180574395,0.66491103,-1.0,-0.9078933,nan,nan,nan,nan,nan
180674272,180674156,0.63787556,-1.0,-0.95452374,nan,nan,nan,nan,nan
180774035,180773917,0.611134,-1.0,-1.0,nan,nan,nan,nan,nan
180873797,180873679,0.58398277,-1.0,-1.0,nan,nan,nan,nan,nan
180973557,180973440,0.5000001,-1.0,-0.8494325,nan,nan,nan,nan,nan
181075812,181075695,0.5000001,-1.0,-0.8499587,nan,nan,nan,nan,nan
181173077,181172962,0.5000001,-1.0,-0.84900147,nan,nan,nan,nan,nan
181275342,181275217,0.5000001,-1.0,-0.8502914,nan,nan,nan,nan,nan
181372603,181372484,0.5000001,-1.0,-0.84921294,nan,nan,nan,nan,nan
181474868,181474739,0.5000001,-1.0,-0.8491687,nan,nan,nan,nan,nan
181572128,181572007,0.5000001,-1.0,-0.85003656,nan,nan,nan,nan,nan
181674387,181674262,0.5000001,-1.0,-0.84975326,nan,nan,nan,nan,nan
181776637,181776517,0.5000001,-1.0,-0.8504037,nan,nan,nan,nan,nan
181873909,181873784,0.5000001,-1.0,-0.84914035,nan,nan,nan,nan,nan
181976163,181976040,0.5000001,-1.0,-0.8487154,nan,nan,nan,nan,nan
182073424,182073307,0.5000001,-1.0,-0.8493346,nan,nan,nan,nan,nan
182175681,182175562,0.5000001,-1.0,-0.8491939,nan,nan,nan,nan,nan
182272948,182272829,0.5000001,-1.0,-0.84966135,nan,nan,nan,nan,nan
182375212,182375084,0.5000001,-1.0,-0.8489817,nan,nan,nan,nan,nan
182477462,182477340,0.5000001,-1.0,-0.8496133,nan,nan,nan,nan,nan
182574739,182574607,0.5000001,-1.0,-0.8487835,nan,nan,nan,nan,nan
182674485,182674368,0.5000001,-1.0,-0.8488076,nan,nan,nan,nan,nan
182774253,182774130,0.5000001,-1.0,-0.8491167,nan,nan,nan,nan,nan
182874010,182873891,0.5000001,-1.0,-0.85026675,nan,nan,nan,nan,nan
182973777,182973652,0.5000001,-1.0,-0.8490228,nan,nan,nan,nan,nan
183073528,183073413,0.5000001,-1.0,-0.849116,nan,nan,nan,nan,nan
183175933,183175669,0.5000001,-1.0,-0.84955716,nan,nan,nan,nan,nan
183273055,183272936,0.5000001,-1.0,-0.84953576,nan,nan,nan,nan,nan
183375437,183375191,0.5000001,-1.0,-0.8494925,nan,nan,nan,nan,nan
183472576,183472458,0.5000001,-1.0,-0.8499653,nan,nan,nan,nan,nan
183574956,183574714,0.5000001,-1.0,-0.8495357,nan,nan,nan,nan,nan
183672099,183671981,0.5000001,-1.0,-0.84980184,nan,nan,nan,nan,nan
183774442,183774236,0.5000001,-1.0,-0.8488995,nan,nan,nan,nan,nan
183876606,183876492,0.5000001,-1.0,-0.85023975,nan,nan,nan,nan,nan
183973939,183973759,0.5000001,-1.0,-0.84961814,nan,nan,nan,nan,nan
184076131,184076014,0.5000001,-1.0,-0.84890544,nan,nan,nan,nan,nan
184173444,184173281,0.5000001,-1.0,-0.84940153,nan,nan,nan,nan,nan
184275656,184275537,0.5000001,-1.0,-0.84975314,nan,nan,nan,nan,nan
184372946,184372805,0.5000001,-1.0,-0.84974074,nan,nan,nan,nan,nan
184475175,184475059,0.5000001,-1.0,-0.84932977,nan,nan,nan,nan,nan
184577435,184577315,0.5000001,-1.0,-0.8494418,nan,nan,nan,nan,nan
184674698,184674582,0.5000001,-1.0,-0.84913844,nan,nan,nan,nan,nan
184776956,184776837,0.5000001,-1.0,-0.8496219,nan,nan,nan,nan,nan
184874219,184874104,0.5000001,-1.0,-0.84920675,nan,nan,nan,nan,nan
184973983,184973866,0.5000001,-1.0,-0.8490793,nan,nan,nan,nan,nan
185073745,185073627,0.5000001,-1.0,-0.8495515,nan,nan,nan,nan,nan
185173517,185173389,0.5000001,-1.0,-0.84907824,nan,nan,nan,nan,nan
185275781,185275644,0.5000001,-1.0,-0.8491764,nan,nan,nan,nan,nan
185375526,185375405,0.5000001,-1.0,-0.8499538,nan,nan,nan,nan,nan
185475296,185475167,0.5000001,-1.0,-0.8502699,nan,nan,nan,nan,nan
185572557,185572434,0.5000001,-1.0,-0.84931415,nan,nan,nan,nan,nan
185674808,185674689,0.5000001,-1.0,-0.84961563,nan,nan,nan,nan,nan
185772073,185771957,0.5000001,-1.0,-0.84986144,nan,nan,nan,nan,nan
185874329,185874212,0.5000001,-1.0,-0.8489799,nan,nan,nan,nan,nan
185976586,185976468,0.5000001,-1.0,-0.8494459,nan,nan,nan,nan,nan
186073855,186073734,0.5000001,-1.0,-0.8491829,nan,nan,nan,nan,nan
186176106,186175990,0.5000001,-1.0,-0.84924155,nan,nan,nan,nan,nan
186273377,186273257,0.5000001,-1.0,-0.8491839,nan,nan,nan,nan,nan
186375632,186375513,0.5000001,-1.0,-0.84806436,nan,nan,nan,nan,nan
186472897,186472780,0.5000001,-1.0,-0.85000885,nan,nan,nan,nan,nan
186575151,186575035,0.5000001,-1.0,-0.8498747,nan,nan,nan,nan,nan
186677413,186677291,0.5000001,-1.0,-0.8495164,nan,nan,nan,nan,nan
186774679,186774558,0.5000001,-1.0,-0.84884834,nan,nan,nan,nan,nan
186876934,186876813,0.5000001,-1.0,-0.8497669,nan,nan,nan,nan,nan
186974197,186974081,0.5000001,-1.0,-0.84932077,nan,nan,nan,nan,nan
187076454,187076336,0.5000001,-1.0,-0.8491195,nan,nan,nan,nan,nan
187173721,187173603,0.5000001,-1.0,-0.8497243,nan,nan,nan,nan,nan
187273482,187273365,0.5000001,-1.0,-0.8489126,nan,nan,nan,nan,nan
187375742,187375620,0.5000001,-1.0,-0.8493747,nan,nan,nan,nan,nan
187473003,187472888,0.5000001,-1.0,-0.8496788,nan,nan,nan,nan,nan
187575260,187575143,0.5000001,-1.0,-0.8498234,nan,nan,nan,nan,nan
187672525,187672410,0.5000001,-1.0,-0.8484,nan,nan,nan,nan,nan
187774785,187774666,0.5000001,-1.0,-0.84962565,nan,nan,nan,nan,nan
187872052,187871933,0.5000001,-1.0,-0.8497854,nan,nan,nan,nan,nan
187974306,187974189,0.5000001,-1.0,-0.8496345,nan,nan,nan,nan,nan
188076560,188076444,0.5000001,-1.0,-0.8493792,nan,nan,nan,nan,nan
188173845,188173711,0.5000001,-1.0,-0.84986526,nan,nan,nan,nan,nan
188276083,188275967,0.5000001,-1.0,-0.8487875,nan,nan,nan,nan,nan
188373353,188373234,0.5000001,-1.0,-0.8492,nan,nan,nan,nan,nan
188475604,188475489,0.5000001,-1.0,-0.84850895,nan,nan,nan,nan,nan
188572875,188572757,0.5000001,-1.0,-0.8487388,nan,nan,nan,nan,nan
188675128,188675012,0.5000001,-1.0,-0.84848386,nan,nan,nan,nan,nan
188777385,188777268,0.5000001,-1.0,-0.8491664,nan,nan,nan,nan,nan
188874655,188874535,0.5000001,-1.0,-0.8487831,nan,nan,nan,nan,nan
188976914,188976790,0.5000001,-1.0,-0.84947556,nan,nan,nan,nan,nan
189074174,189074058,0.5000001,-1.0,-0.8492,nan,nan,nan,nan,nan
189176449,189176314,0.5000001,-1.0,-0.84909904,nan,nan,nan,nan,nan
189273697,189273581,0.5000001,-1.0,-0.84718126,nan,nan,nan,nan,nan
189375974,189375836,0.5000001,-1.0,-0.84726954,nan,nan,nan,nan,nan
189475715,189475598,0.5000001,-1.0,-0.8493142,nan,nan,nan,nan,nan
189572983,189572865,0.5000001,-1.0,-0.8489281,nan,nan,nan,nan,nan
189675238,189675121,0.5000001,-1.0,-0.8481755,nan,nan,nan,nan,nan
189772505,189772388,0.5000001,-1.0,-0.84908754,nan,nan,nan,nan,nan
189874777,189874643,0.5000001,-1.0,-0.8488279,nan,nan,nan,nan,nan
189972028,189971911,0.5000001,-1.0,-0.84872246,nan,nan,nan,nan,nan
190074284,190074166,0.5000001,-1.0,-0.8489017,nan,nan,nan,nan,nan
190176556,190176422,0.5000001,-1.0,-0.849712,nan,nan,nan,nan,nan
190273807,190273689,0.5000001,-1.0,-0.85017353,nan,nan,nan,nan,nan
190376063,190375945,0.5000001,-1.0,-0.84959626,nan,nan,nan,nan,nan
190473329,190473212,0.5000001,-1.0,-0.84922713,nan,nan,nan,nan,nan
190575584,190575468,0.5000001,-1.0,-0.8486777,nan,nan,nan,nan,nan
190672853,190672735,0.5000001,-1.0,-0.8482977,nan,nan,nan,nan,nan
190775107,190774990,0.5000001,-1.0,-0.8479659,nan,nan,nan,nan,nan
190877398,190877246,0.5000001,-1.0,-0.84930825,nan,nan,nan,nan,nan
190974646,190974513,0.5000001,-1.0,-0.84954315,nan,nan,nan,nan,nan
191076886,191076769,0.5000001,-1.0,-0.8495013,nan,nan,nan,nan,nan
191174163,191174036,0.5000001,-1.0,-0.84861153,nan,nan,nan,nan,nan
191276423,191276292,0.5000001,-1.0,-0.8482651,nan,nan,nan,nan,nan
191373678,191373559,0.5000001,-1.0,-0.84832096,nan,nan,nan,nan,nan
191475934,191475815,0.5000001,-1.0,-0.8480998,nan,nan,nan,nan,nan
191575695,191575576,0.5000001,-1.0,-0.8491418,nan,nan,nan,nan,nan
191675466,191675338,0.5000001,-1.0,-0.84892863,nan,nan,nan,nan,nan
191775217,191775099,0.5000001,-1.0,-0.848918,nan,nan,nan,nan,nan
191874991,191874860,0.5000001,-1.0,-0.8479853,nan,nan,nan,nan,nan
191974741,191974622,0.5000001,-1.0,-0.84833497,nan,nan,nan,nan,nan
192072017,192071889,0.5000001,-1.0,-0.8482106,nan,nan,nan,nan,nan
192174261,192174144,0.5000001,-1.0,-0.84876454,nan,nan,nan,nan,nan
192276694,192276400,0.5000001,-1.0,-0.8492622,nan,nan,nan,nan,nan
192373785,192373667,0.5000001,-1.0,-0.84997886,nan,nan,nan,nan,nan
192476179,192475923,0.5000001,-1.0,-0.849359,nan,nan,nan,nan,nan
192573309,192573190,0.5000001,-1.0,-0.8487254,nan,nan,nan,nan,nan
192675687,192675446,0.5000001,-1.0,-0.8469132,nan,nan,nan,nan,nan
192772833,192772713,0.5000001,-1.0,-0.8478924,nan,nan,nan,nan,nan
192875203,192874969,0.5000001,-1.0,-0.84935313,nan,nan,nan,nan,nan
192977346,192977224,0.5000001,-1.0,-0.85023576,nan,nan,nan,nan,nan
193074693,193074491,0.5000001,-1.0,-0.84904325,nan,nan,nan,nan,nan
193176870,193176747,0.5000001,-1.0,-0.8486152,nan,nan,nan,nan,nan
193274188,193274014,0.5000001,-1.0,-0.8493499,nan,nan,nan,nan,nan
193376389,193376270,0.5000001,-1.0,-0.8494973,nan,nan,nan,nan,nan
193473763,193473537,0.5000001,-1.0,-0.84823334,nan,nan,nan,nan,nan
193575917,193575793,0.5000001,-1.0,-0.8483358,nan,nan,nan,nan,nan
193675677,193675554,0.5000001,-1.0,-0.8492148,nan,nan,nan,nan,nan
193775433,193775315,0.5000001,-1.0,-0.8499745,nan,nan,nan,nan,nan
193875195,193875076,0.5000001,-1.0,-0.84934384,nan,nan,nan,nan,nan
193972466,193972344,0.5000001,-1.0,-0.84909636,nan,nan,nan,nan,nan
194074721,194074599,0.5000001,-1.0,-0.84895355,nan,nan,nan,nan,nan
194172041,194171867,0.5000001,-1.0,-0.848453,nan,nan,nan,nan,nan
194274240,194274122,0.5000001,-1.0,-0.84856987,nan,nan,nan,nan,nan
194376497,194376377,0.5000001,-1.0,-0.8491401,nan,nan,nan,nan,nan
194473763,194473645,0.5000001,-1.0,-0.84968305,nan,nan,nan,nan,nan
194576016,194575900,0.5000001,-1.0,-0.8476097,nan,nan,nan,nan,nan
194673285,194673167,0.5000001,-1.0,-0.84827775,nan,nan,nan,nan,nan
194775537,194775423,0.5000001,-1.0,-0.84896624,nan,nan,nan,nan,nan
194872811,194872690,0.5000001,-1.0,-0.85041404,nan,nan,nan,nan,nan
194975061,194974945,0.5000001,-1.0,-0.849369,nan,nan,nan,nan,nan
195077322,195077201,0.5000001,-1.0,-0.84859574,nan,nan,nan,nan,nan
195174588,195174468,0.5000001,-1.0,-0.84882295,nan,nan,nan,nan,nan
195276852,195276723,0.5000001,-1.0,-0.84914494,nan,nan,nan,nan,nan
195374106,195373991,0.5000001,-1.0,-0.84895617,nan,nan,nan,nan,nan
195476366,195476246,0.5000001,-1.0,-0.8492681,nan,nan,nan,nan,nan
195573635,195573514,0.5000001,-1.0,-0.8483627,nan,nan,nan,nan,nan
195675888,195675769,0.5000001,-1.0,-0.84881055,nan,nan,nan,nan,nan
195775650,195775530,0.5000001,-1.0,-0.84863716,nan,nan,nan,nan,nan
195875414,195875292,0.5000001,-1.0,-0.84827936,nan,nan,nan,nan,nan
195975180,195975053,0.5000001,-1.0,-0.84827316,nan,nan,nan,nan,nan
196074936,196074814,0.5000001,-1.0,-0.84972936,nan,nan,nan,nan,nan
196174696,196174576,0.5000001,-1.0,-0.8491246,nan,nan,nan,nan,nan
196274455,196274337,0.5000001,-1.0,-0.84850836,nan,nan,nan,nan,nan
196374216,196374099,0.5000001,-1.0,-0.84785026,nan,nan,nan,nan,nan
196476488,196476354,0.5000001,-1.0,-0.8493258,nan,nan,nan,nan,nan
196573742,196573621,0.5000001,-1.0,-0.849188,nan,nan,nan,nan,nan
196675995,196675877,0.5000001,-1.0,-0.84834373,nan,nan,nan,nan,nan
196773261,196773144,0.5000001,-1.0,-0.84829193,nan,nan,nan,nan,nan
196875517,196875399,0.5000001,-1.0,-0.84821093,nan,nan,nan,nan,nan
196972783,196972667,0.5000001,-1.0,-0.8486714,nan,nan,nan,nan,nan
197075039,197074922,0.5000001,-1.0,-0.84856737,nan,nan,nan,nan,nan
197177295,197177177,0.5000001,-1.0,-0.8488742,nan,nan,nan,nan,nan
197274560,197274445,0.5000001,-1.0,-0.8490499,nan,nan,nan,nan,nan
197376821,197376700,0.5000001,-1.0,-0.84973574,nan,nan,nan,nan,nan
197474085,197473967,0.5000001,-1.0,-0.8489828,nan,nan,nan,nan,nan
197576344,197576222,0.5000001,-1.0,-0.8485208,nan,nan,nan,nan,nan
197673606,197673490,0.5000001,-1.0,-0.8493582,nan,nan,nan,nan,nan
197775865,197775745,0.5000001,-1.0,-0.8479099,nan,nan,nan,nan,nan
197875636,197875506,0.5000001,-1.0,-0.84927154,nan,nan,nan,nan,nan
197975385,197975268,0.5000001,-1.0,-0.8489127,nan,nan,nan,nan,nan
198075145,198075029,0.5000001,-1.0,-0.847938,nan,nan,nan,nan,nan
198174913,198174790,0.5000001,-1.0,-0.84862065,nan,nan,nan,nan,nan
198274672,198274551,0.5000001,-1.0,-0.8473111,nan,nan,nan,nan,nan
198374431,198374313,0.5000001,-1.0,-0.8475735,nan,nan,nan,nan,nan
198474193,198474074,0.5000001,-1.0,-0.848207,nan,nan,nan,nan,nan
198576446,198576330,0.5000001,-1.0,-0.8505925,nan,nan,nan,nan,nan
198673714,198673597,0.5000001,-1.0,-0.8500904,nan,nan,nan,nan,nan
198775967,198775852,0.5000001,-1.0,-0.85030466,nan,nan,nan,nan,nan
198873239,198873120,0.5000001,-1.0,-0.8487999,nan,nan,nan,nan,nan
198975491,198975375,0.5000001,-1.0,-0.8490892,nan,nan,nan,nan,nan
199072761,199072642,0.5000001,-1.0,-0.8480914,nan,nan,nan,nan,nan
199175016,199174898,0.5000001,-1.0,-0.84721583,nan,nan,nan,nan,nan
199277272,199277153,0.5000001,-1.0,-0.8493174,nan,nan,nan,nan,nan
199374539,199374421,0.5000001,-1.0,-0.84814084,nan,nan,nan,nan,nan
199476794,199476676,0.5000001,-1.0,-0.8482267,nan,nan,nan,nan,nan
199574059,199573944,0.5000001,-1.0,-0.84741735,nan,nan,nan,nan,nan
199676318,199676199,0.5000001,-1.0,-0.84781635,nan,nan,nan,nan,nan
199773583,199773466,0.5000001,-1.0,-0.84880406,nan,nan,nan,nan,nan
199875843,199875722,0.5000001,-1.0,-0.8494178,nan,nan,nan,nan,nan
199975600,199975483,0.5000001,-1.0,-0.8481037,nan,nan,nan,nan,nan
200075370,200075245,0.5000001,-1.0,-0.848977,nan,nan,nan,nan,nan
200175123,200175006,0.5000001,-1.0,-0.84906614,nan,nan,nan,nan,nan
200274888,200274768,0.5000001,-1.0,-0.8486038,nan,nan,nan,nan,nan
200374649,200374529,0.5000001,-1.0,-0.84860796,nan,nan,nan,nan,nan
200474432,200474290,0.5000001,-1.0,-0.84854454,nan,nan,nan,nan,nan
200574169,200574052,0.5000001,-1.0,-0.84890974,nan,nan,nan,nan,nan
200676476,200676307,0.5000001,-1.0,-0.8484309,nan,nan,nan,nan,nan
200773692,200773575,0.5000001,-1.0,-0.8480439,nan,nan,nan,nan,nan
200875945,200875830,0.5000001,-1.0,-0.848095,nan,nan,nan,nan,nan
200973216,200973097,0.5000001,-1.0,-0.84848005,nan,nan,nan,nan,nan
201075470,201075353,0.5000001,-1.0,-0.8485888,nan,nan,nan,nan,nan
201172747,201172620,0.5000001,-1.0,-0.84897494,nan,nan,nan,nan,nan
201274992,201274876,0.5000001,-1.0,-0.8494345,nan,nan,nan,nan,nan
201377438,201377134,0.5000001,-1.0,-0.84811527,nan,nan,nan,nan,nan
201474517,201474398,0.5000001,-1.0,-0.8483524,nan,nan,nan,nan,nan
201576926,201576654,0.5000001,-1.0,-0.8481013,nan,nan,nan,nan,nan
201674037,201673922,0.5000001,-1.0,-0.8493615,nan,nan,nan,nan,nan
201776445,201776177,0.5000001,-1.0,-0.8492869,nan,nan,nan,nan,nan
201873560,201873444,0.5000001,-1.0,-0.8488565,nan,nan,nan,nan,nan
201975931,201975700,0.5000001,-1.0,-0.84818214,nan,nan,nan,nan,nan
202075581,202075461,0.5000001,-1.0,-0.8493104,nan,nan,nan,nan,nan
202175431,202175223,0.5000001,-1.0,-0.84868777,nan,nan,nan,nan,nan
202275103,202274984,0.5000001,-1.0,-0.84874445,nan,nan,nan,nan,nan
202374934,202374746,0.5000001,-1.0,-0.8488133,nan,nan,nan,nan,nan
202474626,202474507,0.5000001,-1.0,-0.8489872,nan,nan,nan,nan,nan
202574438,202574268,0.5000001,-1.0,-0.8482192,nan,nan,nan,nan,nan
202674146,202674030,0.5000001,-1.0,-0.84988123,nan,nan,nan,nan,nan
202773941,202773793,0.5000001,-1.0,-0.84891135,nan,nan,nan,nan,nan
202873672,202873553,0.5000001,-1.0,-0.8480852,nan,nan,nan,nan,nan
202975937,202975808,0.5000001,-1.0,-0.8491809,nan,nan,nan,nan,nan
203073194,203073075,0.5000001,-1.0,-0.8486556,nan,nan,nan,nan,nan
203175446,203175331,0.5000001,-1.0,-0.8491827,nan,nan,nan,nan,nan
203272715,203272598,0.5000001,-1.0,-0.8490738,nan,nan,nan,nan,nan
203374976,203374854,0.5000001,-1.0,-0.84930605,nan,nan,nan,nan,nan
203477228,203477112,0.5000001,-1.0,-0.84862643,nan,nan,nan,nan,nan
203574493,203574377,0.5000001,-1.0,-0.84833306,nan,nan,nan,nan,nan
203676767,203676634,0.5000001,-1.0,-0.84855133,nan,nan,nan,nan,nan
203774016,203773899,0.5000001,-1.0,-0.848546,nan,nan,nan,nan,nan
203876270,203876155,0.5000001,-1.0,-0.8488792,nan,nan,nan,nan,nan
203973538,203973422,0.5000001,-1.0,-0.8488547,nan,nan,nan,nan,nan
204075800,204075678,0.5000001,-1.0,-0.8482749,nan,nan,nan,nan,nan
204175557,204175439,0.5000001,-1.0,-0.8483185,nan,nan,nan,nan,nan
204275331,204275201,0.5000001,-1.0,-0.84881103,nan,nan,nan,nan,nan
204375080,204374962,0.5000001,-1.0,-0.8493181,nan,nan,nan,nan,nan
204474857,204474724,0.5000001,-1.0,-0.8488351,nan,nan,nan,nan,nan
204574603,204574485,0.5000001,-1.0,-0.84842235,nan,nan,nan,nan,nan
204674371,204674247,0.5000001,-1.0,-0.8481511,nan,nan,nan,nan,nan
204774128,204774008,0.5000001,-1.0,-0.8490406,nan,nan,nan,nan,nan
204876380,204876264,0.5000001,-1.0,-0.8489985,nan,nan,nan,nan,nan
204973669,204973531,0.5000001,-1.0,-0.8483172,nan,nan,nan,nan,nan
205075911,205075787,0.5000001,-1.0,-0.8487424,nan,nan,nan,nan,nan
205173173,205173054,0.5000001,-1.0,-0.84875596,nan,nan,nan,nan,nan
205275426,205275310,0.5000001,-1.0,-0.8482121,nan,nan,nan,nan,nan
205372700,205372577,0.5000001,-1.0,-0.84897774,nan,nan,nan,nan,nan
205474949,205474833,0.5000001,-1.0,-0.8489682,nan,nan,nan,nan,nan
205577208,205577089,0.5000001,-1.0,-0.8482034,nan,nan,nan,nan,nan
205674473,205674356,0.5000001,-1.0,-0.8479663,nan,nan,nan,nan,nan
205776735,205776612,0.5000001,-1.0,-0.84852225,nan,nan,nan,nan,nan
205873995,205873879,0.5000001,-1.0,-0.8484783,nan,nan,nan,nan,nan
205976252,205976135,0.5000001,-1.0,-0.849147,nan,nan,nan,nan,nan
206073521,206073402,0.5000001,-1.0,-0.8483039,nan,nan,nan,nan,nan
206175775,206175658,0.5000001,-1.0,-0.848298,nan,nan,nan,nan,nan
206275536,206275419,0.5000001,-1.0,-0.848787,nan,nan,nan,nan,nan
206375299,206375181,0.5000001,-1.0,-0.8488134,nan,nan,nan,nan,nan
206475060,206474943,0.5000001,-1.0,-0.8485088,nan,nan,nan,nan,nan
206574824,206574704,0.5000001,-1.0,-0.8483456,nan,nan,nan,nan,nan
206674586,206674466,0.5000001,-1.0,-0.848791,nan,nan,nan,nan,nan
206774351,206774227,0.5000001,-1.0,-0.8484178,nan,nan,nan,nan,nan
206874110,206873989,0.5000001,-1.0,-0.8493068,nan,nan,nan,nan,nan
206976360,206976245,0.5000001,-1.0,-0.8492256,nan,nan,nan,nan,nan
207073635,207073512,0.5000001,-1.0,-0.8480988,nan,nan,nan,nan,nan
207175885,207175768,0.5000001,-1.0,-0.8482462,nan,nan,nan,nan,nan
207273153,207273035,0.5000001,-1.0,-0.8484722,nan,nan,nan,nan,nan
207375409,207375291,0.5000001,-1.0,-0.8471787,nan,nan,nan,nan,nan
207472678,207472558,0.5000001,-1.0,-0.8469572,nan,nan,nan,nan,nan
207574949,207574814,0.5000001,-1.0,-0.8483656,nan,nan,nan,nan,nan
207677187,207677070,0.5000001,-1.0,-0.8496456,nan,nan,nan,nan,nan
207774455,207774337,0.5000001,-1.0,-0.8487365,nan,nan,nan,nan,nan
207876710,207876593,0.5000001,-1.0,-0.8489117,nan,nan,nan,nan,nan
207973980,207973860,0.5000001,-1.0,-0.8496223,nan,nan,nan,nan,nan
208076233,208076116,0.5000001,-1.0,-0.84902525,nan,nan,nan,nan,nan
208173510,208173384,0.5000001,-1.0,-0.84801716,nan,nan,nan,nan,nan
208275773,208275640,0.5000001,-1.0,-0.7255129,nan,nan,nan,nan,nan
208375520,208375401,0.5000001,-1.0,-0.65980095,nan,nan,nan,nan,nan
208475279,208475163,0.5000001,-1.0,-0.6676534,nan,nan,nan,nan,nan
208575043,208574924,0.5000001,-1.0,-0.5950975,nan,nan,nan,nan,nan
208674803,208674686,0.5000001,-1.0,-0.49078402,nan,nan,nan,nan,nan
208774567,208774448,0.5000001,-1.0,-0.6852578,nan,nan,nan,nan,nan
208874329,208874209,0.5111662,-1.0,-0.63639534,nan,nan,nan,nan,nan
208974090,208973971,0.60673386,-1.0,-0.5823783,nan,nan,nan,nan,nan
209076364,209076226,0.6911404,-1.0,-0.5759317,nan,nan,nan,nan,nan
209173629,209173494,0.8225386,-1.0,-0.64161193,nan,nan,nan,nan,nan
209275868,209275750,1.0,-0.82268167,-0.38313138,nan,nan,nan,nan,nan
209373137,209373017,1.0,-0.75178665,-0.44792968,nan,nan,nan,nan,nan
209475389,209475273,1.0,-0.71130013,-0.5793374,nan,nan,nan,nan,nan
209572660,209572540,1.0,-0.7799,-0.52755725,nan,nan,nan,nan,nan
209674912,209674796,1.0,-0.7467653,-0.5528257,nan,nan,nan,nan,nan
209777180,209777051,1.0,-0.6647051,-0.6117831,nan,nan,nan,nan,nan
209874434,209874319,1.0,-0.514243,-0.73468304,nan,nan,nan,nan,nan
209976697,209976575,1.0,-0.5000001,-0.791007,nan,nan,nan,nan,nan
210073962,210073842,1.0,-0.5000001,-0.76092285,nan,nan,nan,nan,nan
210176218,210176098,1.0,-0.5000001,-0.735789,nan,nan,nan,nan,nan
210273496,210273366,1.0,-0.5000001,-0.71383643,nan,nan,nan,nan,nan
210375743,210375621,1.0,-0.5620187,-0.65893006,nan,nan,nan,nan,nan
210475508,210475383,1.0,-0.63110644,-0.6291983,nan,nan,nan,nan,nan
210575261,210575145,1.0,-0.6424282,-0.7054318,nan,nan,nan,nan,nan
210675037,210674906,1.0,-0.6538005,-0.7382989,nan,nan,nan,nan,nan
210774788,210774668,1.0,-0.6354705,-0.79219174,nan,nan,nan,nan,nan
210874559,210874430,1.0,-0.5889225,-0.87195516,nan,nan,nan,nan,nan
210974312,210974191,1.0,-0.5696506,-0.9588651,nan,nan,nan,nan,nan
211074230,211073953,1.0,-0.6336117,-0.9987273,nan,nan,nan,nan,nan
211176323,211176208,1.0,-0.70802593,-0.9589974,nan,nan,nan,nan,nan
211273732,211273476,1.0,-0.7355214,-0.9599713,nan,nan,nan,nan,nan
211375851,211375732,1.0,-0.7441459,-1.0,nan,nan,nan,nan,nan
211473234,211472999,1.0,-0.7395388,-1.0,nan,nan,nan,nan,nan
211575386,211575255,1.0,-0.74413973,-1.0,nan,nan,nan,nan,nan
211672741,211672523,1.0,-0.83195436,-0.9231521,nan,nan,nan,nan,nan
211774893,211774778,1.0,-0.91128725,-0.71468663,nan,nan,nan,nan,nan
211877182,211877034,1.0,-0.9187176,-0.008882424,nan,nan,nan,nan,nan
211974419,211974302,1.0,-0.95987684,0.032521438,nan,nan,nan,nan,nan
212076687,212076557,1.0,-0.9806555,0.10223162,nan,nan,nan,nan,nan
212173940,212173825,0.9704708,-1.0,0.15629871,nan,nan,nan,nan,nan
212276199,212276080,0.87881213,-1.0,0.2724528,nan,nan,nan,nan,nan
212373466,212373348,0.81486195,-1.0,0.37107646,nan,nan,nan,nan,nan
212475720,212475604,0.7673178,-1.0,0.5287267,nan,nan,nan,nan,nan
212575503,212575365,0.71097296,-1.0,0.76662236,nan,nan,nan,nan,nan
212675248,212675127,0.7450357,-1.0,0.87660646,nan,nan,nan,nan,nan
212775006,212774888,0.7521541,-1.0,1.0,nan,nan,nan,nan,nan
212874768,212874650,0.7834354,-1.0,1.0,nan,nan,nan,nan,nan
212974530,212974412,0.7785156,-1.0,1.0,nan,nan,nan,nan,nan
213074309,213074173,0.7914823,-1.0,1.0,nan,nan,nan,nan,nan
213174052,213173935,0.8072791,-1.0,1.0,nan,nan,nan,nan,nan
213276311,213276191,0.83173436,-1.0,1.0,nan,nan,nan,nan,nan
213373577,213373458,0.74002635,-1.0,1.0,nan,nan,nan,nan,nan
213475830,213475714,0.5755004,-1.0,1.0,nan,nan,nan,nan,nan
213573102,213572981,0.5000001,-1.0,1.0,nan,nan,nan,nan,nan
213675354,213675237,0.5000001,-1.0,1.0,nan,nan,nan,nan,nan
213772629,213772504,0.5000001,-1.0,1.0,nan,nan,nan,nan,nan
213874876,213874760,0.5000001,-1.0,1.0,nan,nan,nan,nan,nan
213977156,213977016,0.5000001,-1.0,1.0,nan,nan,nan,nan,nan
214074404,214074284,0.5000001,-1.0,1.0,nan,nan,nan,nan,nan
214176669,214176539,0.5000001,-1.0,1.0,nan,nan,nan,nan,nan
214273924,214273807,0.5000001,-1.0,1.0,nan,nan,nan,nan,nan
214376179,214376063,0.5000001,-1.0,1.0,nan,nan,nan,nan,nan
214473448,214473330,0.5000001,-1.0,1.0,nan,nan,nan,nan,nan
214575720,214575586,0.5000001,-1.0,1.0,nan,nan,nan,nan,nan
214675468,214675348,0.5000001,-1.0,1.0,nan,nan,nan,nan,nan
214775227,214775109,0.5000001,-1.0,1.0,nan,nan,nan,nan,nan
214874992,214874871,0.5000001,-1.0,1.0,nan,nan,nan,nan,nan
214974753,214974633,0.5000001,-1.0,1.0,nan,nan,nan,nan,nan
215074514,215074395,0.5000001,-1.0,1.0,nan,nan,nan,nan,nan
215174275,215174157,0.5000001,-1.0,1.0,nan,nan,nan,nan,nan
215274053,215273918,0.5000001,-1.0,1.0,nan,nan,nan,nan,nan
215376292,215376174,0.5000001,-1.0,1.0,nan,nan,nan,nan,nan
215473561,215473442,0.5000001,-1.0,1.0,nan,nan,nan,nan,nan
215575833,215575697,0.5000001,-1.0,1.0,nan,nan,nan,nan,nan
215673085,215672965,0.5000001,-1.0,1.0,nan,nan,nan,nan,nan
215775338,215775221,0.5000001,-1.0,1.0,nan,nan,nan,nan,nan
215872609,215872488,0.5000001,-1.0,1.0,nan,nan,nan,nan,nan
215974863,215974744,0.5000001,-1.0,1.0,nan,nan,nan,nan,nan
216077121,216077000,0.5000001,-1.0,1.0,nan,nan,nan,nan,nan
216174385,216174268,0.5000001,-1.0,1.0,nan,nan,nan,nan,nan
216276669,216276524,0.5000001,-1.0,1.0,nan,nan,nan,nan,nan
216373909,216373792,0.5000001,-1.0,1.0,nan,nan,nan,nan,nan
216476165,216476047,0.5000001,-1.0,1.0,nan,nan,nan,nan,nan
216573459,216573315,0.5000001,-1.0,1.0,nan,nan,nan,nan,nan
216675690,216675571,0.5000001,-1.0,1.0,nan,nan,nan,nan,nan
216775451,216775333,0.82182336,-1.0,1.0,nan,nan,nan,nan,nan
216875211,216875095,0.9074282,-1.0,1.0,nan,nan,nan,nan,nan
216974975,216974856,0.982461,-1.0,1.0,nan,nan,nan,nan,nan
217074739,217074618,1.0,-0.926307,1.0,nan,nan,nan,nan,nan
217174498,217174380,1.0,-0.83033466,1.0,nan,nan,nan,nan,nan
217274300,217274142,1.0,-0.7695668,1.0,nan,nan,nan,nan,nan
217374024,217373904,1.0,-0.7435902,1.0,nan,nan,nan,nan,nan
217476278,217476160,1.0,-0.7683277,1.0,nan,nan,nan,nan,nan
217573546,217573427,1.0,-0.7700045,1.0,nan,nan,nan,nan,nan
217675800,217675683,1.0,-0.7415213,1.0,nan,nan,nan,nan,nan
217773071,217772951,1.0,-0.70566285,1.0,nan,nan,nan,nan,nan
217875323,217875207,1.0,-0.66984195,1.0,nan,nan,nan,nan,nan
217972598,217972475,1.0,-0.6123998,1.0,nan,nan,nan,nan,nan
218074849,218074731,1.0,-0.60613817,0.5279132,nan,nan,nan,nan,nan
218177104,218176987,1.0,-0.6110458,0.52146757,nan,nan,nan,nan,nan
218274391,218274255,1.0,-0.6180134,0.52078366,nan,nan,nan,nan,nan
218376633,218376510,1.0,-0.6087188,0.51958674,nan,nan,nan,nan,nan
218473897,218473778,1.0,-0.6113326,0.51500684,nan,nan,nan,nan,nan
218576151,218576034,1.0,-0.6220784,0.51848906,nan,nan,nan,nan,nan
218673429,218673302,1.0,-0.6269363,0.5244403,nan,nan,nan,nan,nan
218775701,218775558,1.0,-0.62783927,0.53521657,nan,nan,nan,nan,nan
218875438,218875320,1.0,-0.62934613,0.5455558,nan,nan,nan,nan,nan
218975199,218975082,-0.18586007,0.7259445,0.53913605,nan,nan,nan,nan,nan
219074961,219074844,-0.17142107,0.74513507,0.5199602,nan,nan,nan,nan,nan
219174724,219174605,-0.1770417,0.75698096,0.50244075,nan,nan,nan,nan,nan
219274485,219274367,-0.19044535,0.7716805,0.49054712,nan,nan,nan,nan,nan
219374248,219374129,-0.19375356,0.7821107,0.483308,nan,nan,nan,nan,nan
219474010,219473891,-0.19192459,0.802372,0.48200366,nan,nan,nan,nan,nan
219576275,219576147,-0.1915711,0.8227285,0.4904296,nan,nan,nan,nan,nan
219673536,219673415,-0.1780551,0.8519543,0.5059562,nan,nan,nan,nan,nan
219775795,219775671,-0.23057385,0.80427545,0.52467185,nan,nan,nan,nan,nan
219873057,219872939,-0.74695367,0.2851502,-0.08416053,nan,nan,nan,nan,nan
219975319,219975195,-0.5646975,0.0658378,-0.10370914,nan,nan,nan,nan,nan
220072581,220072463,-0.43086135,-0.08581318,-0.10573701,nan,nan,nan,nan,nan
220174842,220174719,-0.24629025,-0.25514662,-0.0015447792,nan,nan,nan,nan,nan
220277095,220276975,-0.20901558,-0.38290358,0.05935822,nan,nan,nan,nan,nan
220374537,220374243,-0.24872933,-0.39047778,0.06292224,nan,nan,nan,nan,nan
220476617,220476499,-0.41335398,-0.24893549,-0.028940208,nan,nan,nan,nan,nan
220574048,220573767,-0.6170921,-0.04877721,-0.13285506,nan,nan,nan,nan,nan
220676139,220676023,0.16296302,-0.16296302,0.0,nan,nan,nan,nan,nan
220773536,220773291,0.16296302,-0.16296302,0.0,nan,nan,nan,nan,nan
220875662,220875547,0.16296302,-0.16296302,0.0,nan,nan,nan,nan,nan
220975507,220975309,0.16296302,-0.16296302,0.0,nan,nan,nan,nan,nan
221075185,221075071,0.16296302,-0.16296302,0.0,nan,nan,nan,nan,nan
221175032,221174833,0.16296302,-0.16296302,0.0,nan,nan,nan,nan,nan
221274710,221274595,0.16296302,-0.16296302,0.0,nan,nan,nan,nan,nan
221374511,221374357,0.16296302,-0.16296302,0.0,nan,nan,nan,nan,nan
221474234,221474120,0.16296302,-0.16296302,0.0,nan,nan,nan,nan,nan
221574033,221573881,0.16296302,-0.16296302,0.0,nan,nan,nan,nan,nan
221676249,221676138,0.16296302,-0.16296302,0.0,nan,nan,nan,nan,nan
221773521,221773406,0.16296302,-0.16296302,0.0,nan,nan,nan,nan,nan
221875772,221875662,0.16296302,-0.16296302,0.0,nan,nan,nan,nan,nan
221973043,221972930,0.16296302,-0.16296302,0.0,nan,nan,nan,nan,nan
222075298,222075186,0.16296302,-0.16296302,0.0,nan,nan,nan,nan,nan
222172571,222172456,0.16296302,-0.16296302,0.0,nan,nan,nan,nan,nan
222274851,222274710,0.16296302,-0.16296302,0.0,nan,nan,nan,nan,nan
222377078,222376966,0.16296302,-0.16296302,0.0,nan,nan,nan,nan,nan
222474347,222474234,0.16296302,-0.16296302,0.0,nan,nan,nan,nan,nan
222576623,222576490,0.16543216,-0.16543216,0.0,nan,nan,nan,nan,nan
222673871,222673758,0.16296302,-0.16296302,0.0,nan,nan,nan,nan,nan
222776127,222776014,0.16296302,-0.16296302,0.0,nan,nan,nan,nan,nan
222873392,222873282,0.16296302,-0.16296302,0.0,nan,nan,nan,nan,nan
222975656,222975539,0.16296302,-0.16296302,0.0,nan,nan,nan,nan,nan
223075414,223075300,0.16296302,-0.16296302,0.0,nan,nan,nan,nan,nan
223175175,223175063,0.16296302,-0.16296302,0.0,nan,nan,nan,nan,nan
223274961,223274825,0.16296302,-0.16296302,0.0,nan,nan,nan,nan,nan
223374704,223374587,0.16296302,-0.16296302,0.0,nan,nan,nan,nan,nan
223474463,223474349,0.16296302,-0.16296302,0.0,nan,nan,nan,nan,nan
223574225,223574111,0.16296302,-0.16296302,0.0,nan,nan,nan,nan,nan
223673988,223673873,0.16296302,-0.16296302,0.0,nan,nan,nan,nan,nan
223776240,223776129,0.16296302,-0.16296302,0.0,nan,nan,nan,nan,nan
223873510,223873397,0.16296302,-0.16296302,0.0,nan,nan,nan,nan,nan
223975767,223975654,0.16296302,-0.16296302,0.0,nan,nan,nan,nan,nan
224073034,224072922,0.16296302,-0.16296302,0.0,nan,nan,nan,nan,nan
224175290,224175178,0.16296302,-0.16296302,0.0,nan,nan,nan,nan,nan
224272567,224272446,0.16296302,-0.16296302,0.0,nan,nan,nan,nan,nan
224374815,224374702,0.16296302,-0.16296302,0.0,nan,nan,nan,nan,nan
224477070,224476958,0.16296302,-0.16296302,0.0,nan,nan,nan,nan,nan
224574336,224574226,0.16296302,-0.16296302,0.0,nan,nan,nan,nan,nan
224676597,224676483,0.16296302,-0.16296302,0.0,nan,nan,nan,nan,nan
224773865,224773751,0.16296302,-0.16296302,0.0,nan,nan,nan,nan,nan
224876119,224876007,0.16296302,-0.16296302,0.0,nan,nan,nan,nan,nan
224973387,224973276,0.16296302,-0.16296302,0.0,nan,nan,nan,nan,nan
225075648,225075532,0.16543216,-0.16543216,0.0,nan,nan,nan,nan,nan
225175406,225175294,0.16296302,-0.16296302,0.0,nan,nan,nan,nan,nan
225275171,225275056,0.16296302,-0.16296302,0.0,nan,nan,nan,nan,nan
225374933,225374818,0.16296302,-0.16296302,0.0,nan,nan,nan,nan,nan
225474694,225474581,0.16543216,-0.16543216,0.0,nan,nan,nan,nan,nan
225574455,225574343,0.16296302,-0.16296302,0.0,nan,nan,nan,nan,nan
225674220,225674105,0.16296302,-0.16296302,0.0,nan,nan,nan,nan,nan
225773983,225773867,0.16296302,-0.16296302,0.0,nan,nan,nan,nan,nan
225876234,225876123,0.16296302,-0.16296302,0.0,nan,nan,nan,nan,nan
225973504,225973391,0.16296302,-0.16296302,0.0,nan,nan,nan,nan,nan
226075761,226075648,0.16296302,-0.16296302,0.0,nan,nan,nan,nan,nan
226173030,226172916,0.16296302,-0.16296302,0.0,nan,nan,nan,nan,nan
226275286,226275172,0.16296302,-0.16296302,0.0,nan,nan,nan,nan,nan
226372557,226372440,0.16296302,-0.16296302,0.0,nan,nan,nan,nan,nan
226474807,226474697,0.16296302,-0.16296302,0.0,nan,nan,nan,nan,nan
226577065,226576953,0.16296302,-0.16296302,0.0,nan,nan,nan,nan,nan
226674334,226674221,0.16296302,-0.16296302,0.0,nan,nan,nan,nan,nan
226776590,226776478,0.16296302,-0.16296302,0.0,nan,nan,nan,nan,nan
226873859,226873746,0.16296302,-0.16296302,0.0,nan,nan,nan,nan,nan
226976117,226976002,0.16296302,-0.16296302,0.0,nan,nan,nan,nan,nan
227073382,227073270,0.16296302,-0.16296302,0.0,nan,nan,nan,nan,nan
227175641,227175527,0.16296302,-0.16296302,0.0,nan,nan,nan,nan,nan
227275404,227275289,0.16296302,-0.16296302,0.0,nan,nan,nan,nan,nan
227375167,227375051,0.16296302,-0.16296302,0.0,nan,nan,nan,nan,nan
227474926,227474814,0.16296302,-0.16296302,0.0,nan,nan,nan,nan,nan
227574723,227574576,0.16296302,-0.16296302,0.0,nan,nan,nan,nan,nan
227674454,227674338,0.16296302,-0.16296302,0.0,nan,nan,nan,nan,nan
227774223,227774100,0.16296302,-0.16296302,0.0,nan,nan,nan,nan,nan
227873978,227873863,0.16296302,-0.16296302,0.0,nan,nan,nan,nan,nan
227976232,227976119,0.16296302,-0.16296302,0.0,nan,nan,nan,nan,nan
228073510,228073387,0.16296302,-0.16296302,0.0,nan,nan,nan,nan,nan
228175753,228175643,0.16296302,-0.16296302,0.0,nan,nan,nan,nan,nan
228273027,228272912,0.16296302,-0.16296302,0.0,nan,nan,nan,nan,nan
228375280,228375168,0.16296302,-0.16296302,0.0,nan,nan,nan,nan,nan
228472547,228472436,0.16296302,-0.16296302,0.0,nan,nan,nan,nan,nan
228574817,228574692,0.16296302,-0.16296302,0.0,nan,nan,nan,nan,nan
228677062,228676949,0.16296302,-0.16296302,0.0,nan,nan,nan,nan,nan
228774328,228774217,0.16296302,-0.16296302,0.0,nan,nan,nan,nan,nan
228876597,228876473,0.16296302,-0.16296302,0.0,nan,nan,nan,nan,nan
228973856,228973742,0.16296302,-0.16296302,0.0,nan,nan,nan,nan,nan
229076125,229075998,0.16296302,-0.16296302,0.0,nan,nan,nan,nan,nan
229173377,229173266,0.16296302,-0.16296302,0.0,nan,nan,nan,nan,nan
229275656,229275523,0.16296302,-0.16296302,0.0,nan,nan,nan,nan,nan
229375401,229375285,0.16296302,-0.16296302,0.0,nan,nan,nan,nan,nan
229475166,229475048,0.16296302,-0.16296302,0.0,nan,nan,nan,nan,nan
229574924,229574810,0.16049388,-0.16049388,0.0,nan,nan,nan,nan,nan
229674700,229674572,0.16296302,-0.16296302,0.0,nan,nan,nan,nan,nan
229774459,229774335,0.16296302,-0.16296302,0.0,nan,nan,nan,nan,nan
229874378,229874097,0.16296302,-0.16296302,0.0,nan,nan,nan,nan,nan
229973975,229973859,0.16296302,-0.16296302,0.0,nan,nan,nan,nan,nan
230076343,230076116,0.16296302,-0.16296302,0.0,nan,nan,nan,nan,nan
230173495,230173384,0.16296302,-0.16296302,0.0,nan,nan,nan,nan,nan
230275869,230275640,0.16296302,-0.16296302,0.0,nan,nan,nan,nan,nan
230373023,230372909,0.16296302,-0.16296302,0.0,nan,nan,nan,nan,nan
230475368,230475165,0.16296302,-0.16296302,0.0,nan,nan,nan,nan,nan
230572560,230572434,0.16296302,-0.16296302,0.0,nan,nan,nan,nan,nan
230674862,230674690,0.16296302,-0.16296302,0.0,nan,nan,nan,nan,nan
230777059,230776947,0.16296302,-0.16296302,0.0,nan,nan,nan,nan,nan
230874364,230874215,0.16296302,-0.16296302,0.0,nan,nan,nan,nan,nan
230976585,230976472,0.16296302,-0.16296302,0.0,nan,nan,nan,nan,nan
231073881,231073740,0.16296302,-0.16296302,0.0,nan,nan,nan,nan,nan
231176128,231175997,0.16296302,-0.16296302,0.0,nan,nan,nan,nan,nan
231273409,231273265,0.16296302,-0.16296302,0.0,nan,nan,nan,nan,nan
231375639,231375522,0.16543216,-0.16543216,0.0,nan,nan,nan,nan,nan
231475397,231475284,0.16296302,-0.16296302,0.0,nan,nan,nan,nan,nan
231575164,231575046,0.16296302,-0.16296302,0.0,nan,nan,nan,nan,nan
231674923,231674809,0.16543216,-0.16543216,0.0,nan,nan,nan,nan,nan
231774684,231774571,0.16296302,-0.16296302,0.0,nan,nan,nan,nan,nan
231874446,231874334,0.16296302,-0.16296302,0.0,nan,nan,nan,nan,nan
231974210,231974096,0.16296302,-0.16296302,0.0,nan,nan,nan,nan,nan
232073977,232073859,0.16296302,-0.16296302,0.0,nan,nan,nan,nan,nan
232176251,232176115,0.16296302,-0.16296302,0.0,nan,nan,nan,nan,nan
232273505,232273384,0.16296302,-0.16296302,0.0,nan,nan,nan,nan,nan
232375759,232375640,0.16296302,-0.16296302,0.0,nan,nan,nan,nan,nan
232473022,232472909,0.16296302,-0.16296302,0.0,nan,nan,nan,nan,nan
232575279,232575165,0.16296302,-0.16296302,0.0,nan,nan,nan,nan,nan
232672546,232672434,0.16296302,-0.16296302,0.0,nan,nan,nan,nan,nan
232774802,232774690,0.16296302,-0.16296302,0.0,nan,nan,nan,nan,nan
232877061,232876947,0.16296302,-0.16296302,0.0,nan,nan,nan,nan,nan
232974328,232974215,0.16296302,-0.16296302,0.0,nan,nan,nan,nan,nan
233076589,233076472,0.16543216,-0.16543216,0.0,nan,nan,nan,nan,nan
233173854,233173741,0.16296302,-0.16296302,0.0,nan,nan,nan,nan,nan
233276112,233275997,0.16296302,-0.16296302,0.0,nan,nan,nan,nan,nan
233373377,233373265,0.16296302,-0.16296302,0.0,nan,nan,nan,nan,nan
233475636,233475522,0.16296302,-0.16296302,0.0,nan,nan,nan,nan,nan
233575403,233575285,0.16296302,-0.16296302,0.0,nan,nan,nan,nan,nan
233675161,233675047,0.16296302,-0.16296302,0.0,nan,nan,nan,nan,nan
233774923,233774810,0.16296302,-0.16296302,0.0,nan,nan,nan,nan,nan
233874686,233874572,0.16296302,-0.16296302,0.0,nan,nan,nan,nan,nan
233974449,233974335,0.16296302,-0.16296302,0.0,nan,nan,nan,nan,nan
234074212,234074098,0.16296302,-0.16296302,0.0,nan,nan,nan,nan,nan
234173979,234173860,0.16296302,-0.16296302,0.0,nan,nan,nan,nan,nan
234276241,234276117,0.16296302,-0.16296302,0.0,nan,nan,nan,nan,nan
234373507,234373385,0.16296302,-0.16296302,0.0,nan,nan,nan,nan,nan
234475765,234475642,0.16296302,-0.16296302,0.0,nan,nan,nan,nan,nan
234573035,234572910,0.16296302,-0.16296302,0.0,nan,nan,nan,nan,nan
234675280,234675167,0.16296302,-0.16296302,0.0,nan,nan,nan,nan,nan
234772551,234772436,0.16296302,-0.16296302,0.0,nan,nan,nan,nan,nan
234874804,234874692,0.16296302,-0.16296302,0.0,nan,nan,nan,nan,nan
234977062,234976949,0.16296302,-0.16296302,0.0,nan,nan,nan,nan,nan
235074328,235074218,0.16296302,-0.16296302,0.0,nan,nan,nan,nan,nan
235176589,235176474,0.16296302,-0.16296302,0.0,nan,nan,nan,nan,nan
235273857,235273743,0.16296302,-0.16296302,0.0,nan,nan,nan,nan,nan
235376112,235376000,0.16296302,-0.16296302,0.0,nan,nan,nan,nan,nan
235473435,235473268,0.16296302,-0.16296302,0.0,nan,nan,nan,nan,nan
235575640,235575525,0.16296302,-0.16296302,0.0,nan,nan,nan,nan,nan
235675401,235675287,0.16296302,-0.16296302,0.0,nan,nan,nan,nan,nan
235775162,235775050,0.16296302,-0.16296302,0.0,nan,nan,nan,nan,nan
235874927,235874813,0.16296302,-0.16296302,0.0,nan,nan,nan,nan,nan
235974690,235974575,0.16296302,-0.16296302,0.0,nan,nan,nan,nan,nan
236074454,236074338,0.16296302,-0.16296302,0.0,nan,nan,nan,nan,nan
236174212,236174100,0.16296302,-0.16296302,0.0,nan,nan,nan,nan,nan
236273979,236273863,0.16296302,-0.16296302,0.0,nan,nan,nan,nan,nan
236376230,236376120,0.16296302,-0.16296302,0.0,nan,nan,nan,nan,nan
236473500,236473388,0.16296302,-0.16296302,0.0,nan,nan,nan,nan,nan
236575757,236575645,0.16296302,-0.16296302,0.0,nan,nan,nan,nan,nan
236673027,236672914,0.16296302,-0.16296302,0.0,nan,nan,nan,nan,nan
236775282,236775170,0.16296302,-0.16296302,0.0,nan,nan,nan,nan,nan
236872557,236872439,0.16296302,-0.16296302,0.0,nan,nan,nan,nan,nan
236974808,236974696,0.16296302,-0.16296302,0.0,nan,nan,nan,nan,nan
237077065,237076952,0.16296302,-0.16296302,0.0,nan,nan,nan,nan,nan
237174331,237174221,0.16543216,-0.16543216,0.0,nan,nan,nan,nan,nan
237276593,237276478,0.16296302,-0.16296302,0.0,nan,nan,nan,nan,nan
237373859,237373746,0.16296302,-0.16296302,0.0,nan,nan,nan,nan,nan
237476115,237476003,0.16296302,-0.16296302,0.0,nan,nan,nan,nan,nan
237573385,237573272,0.16296302,-0.16296302,0.0,nan,nan,nan,nan,nan
237675646,237675529,0.16296302,-0.16296302,0.0,nan,nan,nan,nan,nan
237775404,237775291,0.16296302,-0.16296302,0.0,nan,nan,nan,nan,nan
237875214,237875054,0.16296302,-0.16296302,0.0,nan,nan,nan,nan,nan
237974931,237974817,0.16296302,-0.16296302,0.0,nan,nan,nan,nan,nan
238074698,238074579,0.16296302,-0.16296302,0.0,nan,nan,nan,nan,nan
238174455,238174342,0.16296302,-0.16296302,0.0,nan,nan,nan,nan,nan
238274224,238274105,0.16296302,-0.16296302,0.0,nan,nan,nan,nan,nan
238373983,238373868,0.16296302,-0.16296302,0.0,nan,nan,nan,nan,nan
238476235,238476125,0.16543216,-0.16543216,0.0,nan,nan,nan,nan,nan
238573506,238573393,0.16296302,-0.16296302,0.0,nan,nan,nan,nan,nan
238675761,238675650,0.16296302,-0.16296302,0.0,nan,nan,nan,nan,nan
238773033,238772919,0.16296302,-0.16296302,0.0,nan,nan,nan,nan,nan
238875287,238875176,0.16296302,-0.16296302,0.0,nan,nan,nan,nan,nan
238972569,238972444,0.16296302,-0.16296302,0.0,nan,nan,nan,nan,nan
239074811,239074701,0.16296302,-0.16296302,0.0,nan,nan,nan,nan,nan
239177248,239176958,0.16296302,-0.16296302,0.0,nan,nan,nan,nan,nan
239274341,239274227,0.16296302,-0.16296302,0.0,nan,nan,nan,nan,nan
239376751,239376484,0.16296302,-0.16296302,0.0,nan,nan,nan,nan,nan
239473865,239473752,0.16296302,-0.16296302,0.0,nan,nan,nan,nan,nan
239576268,239576009,0.16296302,-0.16296302,0.0,nan,nan,nan,nan,nan
239673390,239673278,0.16296302,-0.16296302,0.0,nan,nan,nan,nan,nan
239775757,239775534,0.16296302,-0.16296302,0.0,nan,nan,nan,nan,nan
239875411,239875297,0.16296302,-0.16296302,0.0,nan,nan,nan,nan,nan
239975266,239975060,0.16296302,-0.16296302,0.0,nan,nan,nan,nan,nan
240074937,240074823,0.16296302,-0.16296302,0.0,nan,nan,nan,nan,nan
240174830,240174586,0.16296302,-0.16296302,0.0,nan,nan,nan,nan,nan
240274464,240274349,0.16296302,-0.16296302,0.0,nan,nan,nan,nan,nan
240374278,240374111,0.16296302,-0.16296302,0.0,nan,nan,nan,nan,nan
240473989,240473874,0.16296302,-0.16296302,0.0,nan,nan,nan,nan,nan
240576279,240576131,0.16296302,-0.16296302,0.0,nan,nan,nan,nan,nan
240673514,240673400,0.16296302,-0.16296302,0.0,nan,nan,nan,nan,nan
240775768,240775657,0.16296302,-0.16296302,0.0,nan,nan,nan,nan,nan
240873040,240872925,0.16296302,-0.16296302,0.0,nan,nan,nan,nan,nan
240975295,240975182,0.16296302,-0.16296302,0.0,nan,nan,nan,nan,nan
241072566,241072451,0.16296302,-0.16296302,0.0,nan,nan,nan,nan,nan
241174832,241174708,0.16296302,-0.16296302,0.0,nan,nan,nan,nan,nan
241277080,241276965,0.16296302,-0.16296302,0.0,nan,nan,nan,nan,nan
241374360,241374234,0.16296302,-0.16296302,0.0,nan,nan,nan,nan,nan
241476610,241476490,0.16296302,-0.16296302,0.0,nan,nan,nan,nan,nan
241573870,241573759,0.16296302,-0.16296302,0.0,nan,nan,nan,nan,nan
241676131,241676016,0.16296302,-0.16296302,0.0,nan,nan,nan,nan,nan
241773397,241773285,0.16296302,-0.16296302,0.0,nan,nan,nan,nan,nan
241875656,241875542,0.16296302,-0.16296302,0.0,nan,nan,nan,nan,nan
241975422,241975305,0.16296302,-0.16296302,0.0,nan,nan,nan,nan,nan
242075183,242075068,0.16296302,-0.16296302,0.0,nan,nan,nan,nan,nan
242174944,242174831,0.16296302,-0.16296302,0.0,nan,nan,nan,nan,nan
242274709,242274593,0.16296302,-0.16296302,0.0,nan,nan,nan,nan,nan
242374490,242374356,0.16296302,-0.16296302,0.0,nan,nan,nan,nan,nan
242474230,242474119,0.16296302,-0.16296302,0.0,nan,nan,nan,nan,nan
242573996,242573882,0.16296302,-0.16296302,0.0,nan,nan,nan,nan,nan
242676252,242676139,0.16296302,-0.16296302,0.0,nan,nan,nan,nan,nan
242773525,242773408,0.16296302,-0.16296302,0.0,nan,nan,nan,nan,nan
242875775,242875664,0.16296302,-0.16296302,0.0,nan,nan,nan,nan,nan
242973047,242972933,0.16296302,-0.16296302,0.0,nan,nan,nan,nan,nan
243075302,243075190,0.16543216,-0.16543216,0.0,nan,nan,nan,nan,nan
243172589,243172460,0.16296302,-0.16296302,0.0,nan,nan,nan,nan,nan
243274831,243274716,0.16296302,-0.16296302,0.0,nan,nan,nan,nan,nan
243377085,243376973,0.16296302,-0.16296302,0.0,nan,nan,nan,nan,nan
243474352,243474242,0.16296302,-0.16296302,0.0,nan,nan,nan,nan,nan
243576614,243576499,0.16296302,-0.16296302,0.0,nan,nan,nan,nan,nan
243673877,243673768,0.16296302,-0.16296302,0.0,nan,nan,nan,nan,nan
243776139,243776025,0.16296302,-0.16296302,0.0,nan,nan,nan,nan,nan
243873449,243873294,0.16296302,-0.16296302,0.0,nan,nan,nan,nan,nan
243975670,243975551,0.16296302,-0.16296302,0.0,nan,nan,nan,nan,nan
244075430,244075314,0.16296302,-0.16296302,0.0,nan,nan,nan,nan,nan
244175191,244175077,0.16296302,-0.16296302,0.0,nan,nan,nan,nan,nan
244274956,244274840,0.16296302,-0.16296302,0.0,nan,nan,nan,nan,nan
244374718,244374603,0.16296302,-0.16296302,0.0,nan,nan,nan,nan,nan
244474478,244474366,0.16296302,-0.16296302,0.0,nan,nan,nan,nan,nan
244574240,244574129,0.16296302,-0.16296302,0.0,nan,nan,nan,nan,nan
244674004,244673892,0.16296302,-0.16296302,0.0,nan,nan,nan,nan,nan
244776262,244776149,0.16296302,-0.16296302,0.0,nan,nan,nan,nan,nan
244873572,244873418,0.16296302,-0.16296302,0.0,nan,nan,nan,nan,nan
244975788,244975675,0.16296302,-0.16296302,0.0,nan,nan,nan,nan,nan
245073059,245072944,0.16296302,-0.16296302,0.0,nan,nan,nan,nan,nan
245175311,245175201,0.16296302,-0.16296302,0.0,nan,nan,nan,nan,nan
245272585,245272470,0.16296302,-0.16296302,0.0,nan,nan,nan,nan,nan
245374840,245374727,0.16296302,-0.16296302,0.0,nan,nan,nan,nan,nan
245477099,245476984,0.16296302,-0.16296302,0.0,nan,nan,nan,nan,nan
245574364,245574253,0.16296302,-0.16296302,0.0,nan,nan,nan,nan,nan
245676627,245676510,0.16296302,-0.16296302,0.0,nan,nan,nan,nan,nan
245773889,245773779,0.16296302,-0.16296302,0.0,nan,nan,nan,nan,nan
245876186,245876036,0.16296302,-0.16296302,0.0,nan,nan,nan,nan,nan
245973425,245973305,0.16296302,-0.16296302,0.0,nan,nan,nan,nan,nan
246075687,246075562,0.16296302,-0.16296302,0.0,nan,nan,nan,nan,nan
246175438,246175325,0.16296302,-0.16296302,0.0,nan,nan,nan,nan,nan
246275212,246275088,0.16296302,-0.16296302,0.0,nan,nan,nan,nan,nan
246374967,246374851,0.16296302,-0.16296302,0.0,nan,nan,nan,nan,nan
246474731,246474616,0.16296302,-0.16296302,0.0,nan,nan,nan,nan,nan
246574489,246574377,0.16543216,-0.16543216,0.0,nan,nan,nan,nan,nan
246674253,246674140,0.16296302,-0.16296302,0.0,nan,nan,nan,nan,nan
246774017,246773903,0.16296302,-0.16296302,0.0,nan,nan,nan,nan,nan
246876314,246876161,0.16296302,-0.16296302,0.0,nan,nan,nan,nan,nan
246973542,246973430,0.16296302,-0.16296302,0.0,nan,nan,nan,nan,nan
247075798,247075687,0.16296302,-0.16296302,0.0,nan,nan,nan,nan,nan
247173070,247172956,0.16296302,-0.16296302,0.0,nan,nan,nan,nan,nan
247275325,247275213,0.16296302,-0.16296302,0.0,nan,nan,nan,nan,nan
247372597,247372482,0.16296302,-0.16296302,0.0,nan,nan,nan,nan,nan
247474855,247474739,0.16296302,-0.16296302,0.0,nan,nan,nan,nan,nan
247577112,247576996,0.16296302,-0.16296302,0.0,nan,nan,nan,nan,nan
247674376,247674265,0.16296302,-0.16296302,0.0,nan,nan,nan,nan,nan
247776640,247776522,0.16296302,-0.16296302,0.0,nan,nan,nan,nan,nan
247873920,247873791,0.16296302,-0.16296302,0.0,nan,nan,nan,nan,nan
247976164,247976049,0.16296302,-0.16296302,0.0,nan,nan,nan,nan,nan
248073428,248073317,0.16296302,-0.16296302,0.0,nan,nan,nan,nan,nan
248175706,248175575,0.16296302,-0.16296302,0.0,nan,nan,nan,nan,nan
248275463,248275338,0.16296302,-0.16296302,0.0,nan,nan,nan,nan,nan
248375218,248375101,0.16543216,-0.16543216,0.0,nan,nan,nan,nan,nan
248474988,248474864,0.16296302,-0.16296302,0.0,nan,nan,nan,nan,nan
248574745,248574629,0.16296302,-0.16296302,0.0,nan,nan,nan,nan,nan
248674511,248674390,0.16296302,-0.16296302,0.0,nan,nan,nan,nan,nan
248774269,248774154,0.16296302,-0.16296302,0.0,nan,nan,nan,nan,nan
248874037,248873917,0.16296302,-0.16296302,0.0,nan,nan,nan,nan,nan
248976287,248976174,0.16296302,-0.16296302,0.0,nan,nan,nan,nan,nan
249073563,249073443,0.16296302,-0.16296302,0.0,nan,nan,nan,nan,nan
249175814,249175700,0.16296302,-0.16296302,0.0,nan,nan,nan,nan,nan
249273248,249272969,0.16296302,-0.16296302,0.0,nan,nan,nan,nan,nan
249375339,249375227,0.16296302,-0.16296302,0.0,nan,nan,nan,nan,nan
249472756,249472496,0.16296302,-0.16296302,0.0,nan,nan,nan,nan,nan
249574906,249574753,0.16296302,-0.16296302,0.0,nan,nan,nan,nan,nan
249677190,249677010,0.16296302,-0.16296302,0.0,nan,nan,nan,nan,nan
249774391,249774279,0.16296302,-0.16296302,0.0,nan,nan,nan,nan,nan
249876692,249876537,0.16296302,-0.16296302,0.0,nan,nan,nan,nan,nan
249973917,249973806,0.16296302,-0.16296302,0.0,nan,nan,nan,nan,nan
250076204,250076063,0.16543216,-0.16543216,0.0,nan,nan,nan,nan,nan
250173446,250173332,0.16296302,-0.16296302,0.0,nan,nan,nan,nan,nan
250275709,250275589,0.16296302,-0.16296302,0.0,nan,nan,nan,nan,nan
250375466,250375352,0.16296302,-0.16296302,0.0,nan,nan,nan,nan,nan
250475281,250475116,0.16296302,-0.16296302,0.0,nan,nan,nan,nan,nan
250574993,250574879,0.16296302,-0.16296302,0.0,nan,nan,nan,nan,nan
250674758,250674642,0.16296302,-0.16296302,0.0,nan,nan,nan,nan,nan
250774517,250774405,0.16296302,-0.16296302,0.0,nan,nan,nan,nan,nan
250874290,250874169,0.16296302,-0.16296302,0.0,nan,nan,nan,nan,nan
250974046,250973932,0.16296302,-0.16296302,0.0,nan,nan,nan,nan,nan
251076301,251076189,0.16296302,-0.16296302,0.0,nan,nan,nan,nan,nan
251173570,251173458,0.16296302,-0.16296302,0.0,nan,nan,nan,nan,nan
251275831,251275716,0.16296302,-0.16296302,0.0,nan,nan,nan,nan,nan
251373098,251372985,0.16296302,-0.16296302,0.0,nan,nan,nan,nan,nan
251475367,251475242,0.16296302,-0.16296302,0.0,nan,nan,nan,nan,nan
251572629,251572511,0.16296302,-0.16296302,0.0,nan,nan,nan,nan,nan
251674899,251674768,0.16296302,-0.16296302,0.0,nan,nan,nan,nan,nan
251777152,251777026,0.16296302,-0.16296302,0.0,nan,nan,nan,nan,nan
251874405,251874295,0.16296302,-0.16296302,0.0,nan,nan,nan,nan,nan
251976683,251976553,0.16296302,-0.16296302,0.0,nan,nan,nan,nan,nan
252073937,252073822,0.16296302,-0.16296302,0.0,nan,nan,nan,nan,nan
252176213,252176079,0.16296302,-0.16296302,0.0,nan,nan,nan,nan,nan
252273459,252273348,0.16296302,-0.16296302,0.0,nan,nan,nan,nan,nan
252375720,252375606,0.16296302,-0.16296302,0.0,nan,nan,nan,nan,nan
252475485,252475369,0.16296302,-0.16296302,0.0,nan,nan,nan,nan,nan
252575247,252575132,0.16296302,-0.16296302,0.0,nan,nan,nan,nan,nan
252675014,252674895,0.16296302,-0.16296302,0.0,nan,nan,nan,nan,nan
252774771,252774659,0.16296302,-0.16296302,0.0,nan,nan,nan,nan,nan
252874538,252874422,0.16296302,-0.16296302,0.0,nan,nan,nan,nan,nan
252974298,252974185,0.16296302,-0.16296302,0.0,nan,nan,nan,nan,nan
253074063,253073949,0.16296302,-0.16296302,0.0,nan,nan,nan,nan,nan
253176320,253176206,0.16296302,-0.16296302,0.0,nan,nan,nan,nan,nan
253273589,253273475,0.16296302,-0.16296302,0.0,nan,nan,nan,nan,nan
253375846,253375733,0.16296302,-0.16296302,0.0,nan,nan,nan,nan,nan
253473158,253473002,0.16296302,-0.16296302,0.0,nan,nan,nan,nan,nan
253575374,253575260,0.16296302,-0.16296302,0.0,nan,nan,nan,nan,nan
253672650,253672529,0.16296302,-0.16296302,0.0,nan,nan,nan,nan,nan
253774915,253774786,0.16296302,-0.16296302,0.0,nan,nan,nan,nan,nan
253877158,253877043,0.16296302,-0.16296302,0.0,nan,nan,nan,nan,nan
253974425,253974313,0.16296302,-0.16296302,0.0,nan,nan,nan,nan,nan
254076689,254076570,0.16296302,-0.16296302,0.0,nan,nan,nan,nan,nan
254173952,254173840,0.16543216,-0.16543216,0.0,nan,nan,nan,nan,nan
254276213,254276097,0.16049388,-0.16049388,0.0,nan,nan,nan,nan,nan
254373476,254373366,0.16049388,-0.16049388,0.0,nan,nan,nan,nan,nan
254475740,254475624,0.16296302,-0.16296302,0.0,nan,nan,nan,nan,nan
254575500,254575387,0.16296302,-0.16296302,0.0,nan,nan,nan,nan,nan
254675266,254675150,0.16296302,-0.16296302,0.0,nan,nan,nan,nan,nan
254775031,254774914,0.16296302,-0.16296302,0.0,nan,nan,nan,nan,nan
254874790,254874677,0.16296302,-0.16296302,0.0,nan,nan,nan,nan,nan
254974553,254974441,0.16296302,-0.16296302,0.0,nan,nan,nan,nan,nan
255074352,255074204,0.16296302,-0.16296302,0.0,nan,nan,nan,nan,nan
255174085,255173967,0.16296302,-0.16296302,0.0,nan,nan,nan,nan,nan
255276339,255276225,0.16296302,-0.16296302,0.0,nan,nan,nan,nan,nan
255373614,255373494,0.16296302,-0.16296302,0.0,nan,nan,nan,nan,nan
255475873,255475752,0.16296302,-0.16296302,0.0,nan,nan,nan,nan,nan
255573134,255573021,0.16296302,-0.16296302,0.0,nan,nan,nan,nan,nan
255675389,255675279,0.16049388,-0.16049388,0.0,nan,nan,nan,nan,nan
255772681,255772548,0.16296302,-0.16296302,0.0,nan,nan,nan,nan,nan
255874917,255874805,0.16296302,-0.16296302,0.0,nan,nan,nan,nan,nan
255977185,255977063,0.16296302,-0.16296302,0.0,nan,nan,nan,nan,nan
256074468,256074332,0.16296302,-0.16296302,0.0,nan,nan,nan,nan,nan
256176704,256176590,0.16296302,-0.16296302,0.0,nan,nan,nan,nan,nan
256273969,256273859,0.16296302,-0.16296302,0.0,nan,nan,nan,nan,nan
256376229,256376117,0.16296302,-0.16296302,0.0,nan,nan,nan,nan,nan
256473499,256473386,0.16296302,-0.16296302,0.0,nan,nan,nan,nan,nan
256575758,256575644,0.16296302,-0.16296302,0.0,nan,nan,nan,nan,nan
256675522,256675407,0.16296302,-0.16296302,0.0,nan,nan,nan,nan,nan
256775351,256775171,0.16296302,-0.16296302,0.0,nan,nan,nan,nan,nan
256875048,256874934,0.16296302,-0.16296302,0.0,nan,nan,nan,nan,nan
256974815,256974697,0.16296302,-0.16296302,0.0,nan,nan,nan,nan,nan
257074576,257074461,0.16296302,-0.16296302,0.0,nan,nan,nan,nan,nan
257174341,257174225,0.16296302,-0.16296302,0.0,nan,nan,nan,nan,nan
257274101,257273988,0.16296302,-0.16296302,0.0,nan,nan,nan,nan,nan
257373863,257373752,0.16296302,-0.16296302,0.0,nan,nan,nan,nan,nan
257473634,257473515,0.16296302,-0.16296302,0.0,nan,nan,nan,nan,nan
257575882,257575772,0.16296302,-0.16296302,0.0,nan,nan,nan,nan,nan
257673155,257673042,0.16296302,-0.16296302,0.0,nan,nan,nan,nan,nan
257775429,257775300,0.16296302,-0.16296302,0.0,nan,nan,nan,nan,nan
257872695,257872569,0.16543216,-0.16543216,0.0,nan,nan,nan,nan,nan
257974940,257974827,0.16296302,-0.16296302,0.0,nan,nan,nan,nan,nan
258077198,258077084,0.16296302,-0.16296302,0.0,nan,nan,nan,nan,nan
258174476,258174354,0.16296302,-0.16296302,0.0,nan,nan,nan,nan,nan
258276732,258276611,0.16296302,-0.16296302,0.0,nan,nan,nan,nan,nan
258374007,258373881,-0.72298783,0.1493242,-0.3267254,nan,nan,nan,nan,nan
258476256,258476138,1.0,-0.36757416,-0.35891938,nan,nan,nan,nan,nan
258573533,258573408,1.0,-0.37838545,-0.37089583,nan,nan,nan,nan,nan
258675783,258675665,1.0,-0.40797082,-0.36129028,nan,nan,nan,nan,nan
258775734,258775430,1.0,-0.4401047,-0.36785674,nan,nan,nan,nan,nan
258875314,258875193,1.0,-0.47581187,-0.38554022,nan,nan,nan,nan,nan
258975226,258974956,1.0,-0.46113884,-0.40863746,nan,nan,nan,nan,nan
259074840,259074720,1.0,-0.4799002,-0.43601218,nan,nan,nan,nan,nan
259174736,259174483,1.0,-0.5062186,-0.44130906,nan,nan,nan,nan,nan
259274368,259274247,1.0,-0.539728,-0.44229892,nan,nan,nan,nan,nan
259374254,259374010,1.0,-0.5770554,-0.46421802,nan,nan,nan,nan,nan
259476385,259476268,1.0,-0.5411387,-0.38241684,nan,nan,nan,nan,nan
259573751,259573538,0.8318567,-0.5593455,-0.21315606,nan,nan,nan,nan,nan
259675910,259675795,0.8363888,-0.37350368,-0.21279371,nan,nan,nan,nan,nan
259773290,259773065,0.7366627,-0.31639844,-0.19870155,nan,nan,nan,nan,nan
259875439,259875323,0.58334446,-0.43716982,-0.16588761,nan,nan,nan,nan,nan
259972765,259972592,0.5021271,-0.4248313,-0.18132894,nan,nan,nan,nan,nan
260074965,260074850,0.02925307,-0.0072102873,-0.1789876,nan,nan,nan,nan,nan
260177231,260177112,0.094920866,-0.68116236,-0.1604252,nan,nan,nan,nan,nan
260274496,260274377,0.87894887,-0.81367856,-0.1812443,nan,nan,nan,nan,nan
260376757,260376636,0.6450072,-0.5161552,-0.18574013,nan,nan,nan,nan,nan
260474035,260473904,0.5635121,-0.48963857,-0.17018005,nan,nan,nan,nan,nan
260576282,260576162,0.5662326,-0.53453225,-0.15158083,nan,nan,nan,nan,nan
260673551,260673431,0.5423053,-0.5651321,-0.14851551,nan,nan,nan,nan,nan
260775813,260775689,0.5204526,-0.5732924,-0.15116888,nan,nan,nan,nan,nan
260875570,260875453,0.51236635,-0.55585235,-0.1489565,nan,nan,nan,nan,nan
260975339,260975217,0.51589316,-0.54154664,-0.14593348,nan,nan,nan,nan,nan
261075097,261074980,0.5300149,-0.509653,-0.14671753,nan,nan,nan,nan,nan
261174865,261174744,0.5362434,-0.4936194,-0.14212452,nan,nan,nan,nan,nan
261274636,261274508,0.4924425,-0.4906196,-0.14388303,nan,nan,nan,nan,nan
261374405,261374271,0.29283032,-0.2979822,0.02844434,nan,nan,nan,nan,nan
261474168,261474035,0.3093696,-0.3356932,0.030457482,nan,nan,nan,nan,nan
261576409,261576293,0.35214433,-0.40090927,0.0531706,nan,nan,nan,nan,nan
261673681,261673562,0.40275458,-0.43803957,0.059209783,nan,nan,nan,nan,nan
261775951,261775820,0.42736453,-0.4501369,0.05758578,nan,nan,nan,nan,nan
261873228,261873090,0.420393,-0.43792802,0.05490057,nan,nan,nan,nan,nan
261975467,261975347,0.39561957,-0.42423922,0.055271927,nan,nan,nan,nan,nan
262072733,262072617,0.38262573,-0.39523432,0.053834688,nan,nan,nan,nan,nan
262174999,262174875,0.37595105,-0.37406015,0.053343233,nan,nan,nan,nan,nan
262277252,262277133,0.38070485,-0.38571915,0.057370517,nan,nan,nan,nan,nan
262374519,262374402,0.3856173,-0.39658615,0.05742606,nan,nan,nan,nan,nan
262476820,262476660,0.40376082,-0.41431174,0.061944667,nan,nan,nan,nan,nan
262574045,262573930,0.36898386,-0.38883477,0.072092354,nan,nan,nan,nan,nan
262676305,262676187,0.32571858,-0.3656426,0.082725555,nan,nan,nan,nan,nan
262773574,262773457,0.29182762,-0.3509615,0.07870263,nan,nan,nan,nan,nan
262875837,262875715,0.30802256,-0.34101546,0.07229668,nan,nan,nan,nan,nan
262975597,262975479,0.33307073,-0.34204236,0.07894288,nan,nan,nan,nan,nan
263075364,263075242,0.36602327,-0.36068037,0.09019712,nan,nan,nan,nan,nan
263175124,263175006,0.4000717,-0.3879846,0.09148715,nan,nan,nan,nan,nan
263274889,263274770,0.3996469,-0.42252985,0.085677266,nan,nan,nan,nan,nan
263374657,263374534,0.41884094,-0.45575994,0.08279352,nan,nan,nan,nan,nan
263474419,263474298,0.43740192,-0.47221896,0.07405117,nan,nan,nan,nan,nan
263574179,263574061,0.4479803,-0.45888606,0.0639191,nan,nan,nan,nan,nan
263676435,263676319,0.4348737,-0.4257819,0.062162895,nan,nan,nan,nan,nan
263773707,263773588,0.4435083,-0.4167845,0.05711783,nan,nan,nan,nan,nan
263875976,263875846,0.4709031,-0.41397917,0.045922697,nan,nan,nan,nan,nan
263973236,263973116,0.52513623,-0.41242972,0.040958684,nan,nan,nan,nan,nan
264075489,264075374,0.55041933,-0.3902889,0.04702222,nan,nan,nan,nan,nan
264172769,264172644,0.54731345,-0.38347247,0.051524855,nan,nan,nan,nan,nan
264275016,264274902,0.53293467,-0.3869615,0.04376243,nan,nan,nan,nan,nan
264377277,264377160,0.5185386,-0.41998383,0.035797622,nan,nan,nan,nan,nan
264474544,264474429,0.49928424,-0.45566168,0.03604962,nan,nan,nan,nan,nan
264576811,264576687,0.4788508,-0.47370705,0.04150433,nan,nan,nan,nan,nan
264674081,264673957,0.4469321,-0.43647733,0.045564577,nan,nan,nan,nan,nan
264776345,264776215,0.39774373,-0.40784577,0.059944592,nan,nan,nan,nan,nan
264873599,264873485,0.32233855,-0.35434517,0.06402141,nan,nan,nan,nan,nan
264975863,264975742,0.32164377,-0.3432901,0.051748376,nan,nan,nan,nan,nan
265075624,265075506,0.28836676,-0.29530856,0.038932666,nan,nan,nan,nan,nan
265175416,265175270,0.26412266,-0.26626003,0.025701046,nan,nan,nan,nan,nan
265275152,265275034,0.3176955,-0.26256323,0.026545485,nan,nan,nan,nan,nan
265374921,265374798,0.26971227,-0.19362213,0.019468855,nan,nan,nan,nan,nan
265474681,265474562,0.22012277,-0.20704947,-0.0010463994,nan,nan,nan,nan,nan
265574443,265574325,0.21427442,-0.18138476,-0.0025432843,nan,nan,nan,nan,nan
265674209,265674090,0.24597083,-0.24463709,0.018560404,nan,nan,nan,nan,nan
265776466,265776347,0.28253067,-0.32508528,0.030408284,nan,nan,nan,nan,nan
265873747,265873617,0.3380516,-0.3706182,0.046140634,nan,nan,nan,nan,nan
265975993,265975875,0.32570565,-0.39010137,0.05175839,nan,nan,nan,nan,nan
266073264,266073145,0.3033949,-0.39204812,0.049016062,nan,nan,nan,nan,nan
266175518,266175403,0.32309163,-0.31470418,0.022721678,nan,nan,nan,nan,nan
266272804,266272673,0.23842208,-0.289043,0.03214756,nan,nan,nan,nan,nan
266375048,266374931,0.23771414,-0.301811,0.03433176,nan,nan,nan,nan,nan
266477305,266477188,0.27746952,-0.31775975,0.03462382,nan,nan,nan,nan,nan
266574574,266574458,0.24100766,-0.31023118,0.02973566,nan,nan,nan,nan,nan
266676844,266676716,0.25751173,-0.21352673,0.01146466,nan,nan,nan,nan,nan
266774104,266773986,0.23825073,-0.29877335,0.046423707,nan,nan,nan,nan,nan
266876364,266876244,0.22269501,-0.30380175,0.044448122,nan,nan,nan,nan,nan
266973633,266973514,0.1762601,-0.2572118,0.011200118,nan,nan,nan,nan,nan
267075890,267075772,0.19442399,-0.1439086,-0.015321521,nan,nan,nan,nan,nan
267175655,267175536,0.16554709,-0.23442747,0.02102309,nan,nan,nan,nan,nan
267275419,267275300,0.13044818,-0.2968344,0.026795188,nan,nan,nan,nan,nan
267375182,267375063,0.15598603,-0.2215062,-0.0034772293,nan,nan,nan,nan,nan
267474945,267474827,0.31667003,-0.07810377,-0.014195698,nan,nan,nan,nan,nan
267574710,267574591,0.33619294,-0.17365246,0.045929894,nan,nan,nan,nan,nan
267671979,267671861,0.22572057,-0.31422177,0.07136795,nan,nan,nan,nan,nan
267774238,267774119,-0.0063530183,-0.47392645,0.005207607,nan,nan,nan,nan,nan
267876524,267876377,0.053194337,-0.48682666,-0.009002368,nan,nan,nan,nan,nan
267973791,267973647,0.12996076,-0.569407,0.05096806,nan,nan,nan,nan,nan
268076029,268075905,0.007978463,-0.43441716,0.043893307,nan,nan,nan,nan,nan
268173302,268173174,-0.10182989,-0.2921438,-0.029683774,nan,nan,nan,nan,nan
268275559,268275433,-0.08514757,-0.18848354,-0.061753575,nan,nan,nan,nan,nan
268372825,268372702,-0.09834077,-0.15484665,-0.05824849,nan,nan,nan,nan,nan
268475083,268474960,-0.21657045,-0.08080434,-0.061907385,nan,nan,nan,nan,nan
268577338,268577218,-0.15403128,-0.10246726,-0.13493194,nan,nan,nan,nan,nan
268674613,268674488,-0.06631626,-0.20501556,-0.07138122,nan,nan,nan,nan,nan
268776871,268776746,-0.07958886,-0.2711117,-0.031255078,nan,nan,nan,nan,nan
268874309,268874016,-0.21339636,-0.05430146,-0.02540079,nan,nan,nan,nan,nan
268976392,268976274,0.039311077,-0.43144134,0.015265142,nan,nan,nan,nan,nan
269073809,269073543,0.12690176,-0.7397698,0.14101286,nan,nan,nan,nan,nan
269175923,269175801,-0.15108384,-0.5619418,0.09085865,nan,nan,nan,nan,nan
269275780,269275565,-0.3911208,-0.30539572,0.0050389334,nan,nan,nan,nan,nan
269375449,269375329,-0.4112458,-0.17122535,-0.03647827,nan,nan,nan,nan,nan
269475294,269475093,-0.40672898,-0.25671276,-0.045715854,nan,nan,nan,nan,nan
269572489,269572362,-0.5445609,-0.07853024,-0.065080255,nan,nan,nan,nan,nan
269674792,269674620,-0.49917603,-0.008827687,-0.08570201,nan,nan,nan,nan,nan
269772023,269771889,-0.49755684,-0.05376803,-0.08666207,nan,nan,nan,nan,nan
269874299,269874147,-0.4461071,0.023793275,-0.08680128,nan,nan,nan,nan,nan
269976522,269976405,-0.21188487,-0.15140487,-0.062650256,nan,nan,nan,nan,nan
270073809,270073674,-0.38460097,-0.0042268652,-0.0011457955,nan,nan,nan,nan,nan
270176049,270175932,-0.46986958,0.12177755,-0.035497885,nan,nan,nan,nan,nan
270273320,270273202,-0.14971113,-0.071129754,0.0084689865,nan,nan,nan,nan,nan
270375575,270375459,-0.040351607,-0.1622165,0.007861475,nan,nan,nan,nan,nan
270472862,270472729,-0.0055796676,-0.20320517,0.00853486,nan,nan,nan,nan,nan
270575103,270574987,0.07396521,-0.32259673,0.039291903,nan,nan,nan,nan,nan
270677366,270677244,-0.067202434,-0.2343159,0.020548498,nan,nan,nan,nan,nan
270774633,270774514,0.0065716226,-0.24226892,0.010938628,nan,nan,nan,nan,nan
270876891,270876771,0.10805089,-0.29835352,0.04253399,nan,nan,nan,nan,nan
270974157,270974041,-0.08777058,-0.034343433,0.03296677,nan,nan,nan,nan,nan
271076420,271076299,-0.013490557,-0.10317669,0.033175986,nan,nan,nan,nan,nan
271173701,271173568,-0.26209837,0.0063577737,0.051308636,nan,nan,nan,nan,nan
271275946,271275826,-0.45119455,0.10908953,0.04392869,nan,nan,nan,nan,nan
271375709,271375589,-0.47976652,0.12066533,0.07200937,nan,nan,nan,nan,nan
271473013,271472859,-0.55284953,0.19033198,0.070487276,nan,nan,nan,nan,nan
271575235,271575116,-0.529601,0.21560293,0.057269033,nan,nan,nan,nan,nan
271672506,271672386,-0.39974216,0.050010715,0.07840779,nan,nan,nan,nan,nan
271774761,271774643,-0.48155385,0.21197712,0.06584663,nan,nan,nan,nan,nan
271872034,271871913,-0.29123977,0.09478554,0.08695785,nan,nan,nan,nan,nan
271974288,271974170,-0.3032141,0.058105737,0.116128765,nan,nan,nan,nan,nan
272076543,272076428,-0.2995718,0.007253269,0.10342567,nan,nan,nan,nan,nan
272173817,272173697,-0.18056996,-0.09104566,0.13458715,nan,nan,nan,nan,nan
272276071,272275955,-0.121690825,-0.13292567,0.13940877,nan,nan,nan,nan,nan
272373343,272373224,-0.044718567,-0.18681976,0.12605606,nan,nan,nan,nan,nan
272475652,272475481,-0.03322719,-0.23019059,0.13170126,nan,nan,nan,nan,nan
272572869,272572751,-0.0521388,-0.18159372,0.12445764,nan,nan,nan,nan,nan
272675127,272675008,0.09509704,-0.2664393,0.11373386,nan,nan,nan,nan,nan
272777383,272777266,0.06748927,-0.26623014,0.11270084,nan,nan,nan,nan,nan
272874654,272874535,0.15488231,-0.36817384,0.108155094,nan,nan,nan,nan,nan
272976915,272976793,0.19688231,-0.45164937,0.108380795,nan,nan,nan,nan,nan
273074179,273074062,0.11231975,-0.33682454,0.12071586,nan,nan,nan,nan,nan
273176438,273176320,0.23803777,-0.34123927,0.094953515,nan,nan,nan,nan,nan
273273705,273273589,0.31144515,-0.41872653,0.08033016,nan,nan,nan,nan,nan
273373467,273373352,0.2774106,-0.4696543,0.07327123,nan,nan,nan,nan,nan
273475775,273475610,0.34140167,-0.53366804,0.038752235,nan,nan,nan,nan,nan
273572997,273572879,0.4066638,-0.5983144,0.03932719,nan,nan,nan,nan,nan
273675256,273675136,0.5221827,-0.64985895,0.0072865337,nan,nan,nan,nan,nan
273772520,273772406,0.5792922,-0.67676497,-0.021846507,nan,nan,nan,nan,nan
273874781,273874663,0.5664612,-0.59088695,-0.02934473,nan,nan,nan,nan,nan
273972051,273971932,0.6694294,-0.65379584,-0.06703491,nan,nan,nan,nan,nan
274074311,274074190,0.7876482,-0.68444014,-0.016277742,nan,nan,nan,nan,nan
274176563,274176447,0.844123,-0.68201315,0.044347476,nan,nan,nan,nan,nan
274273833,274273716,0.868754,-0.70026386,0.06422172,nan,nan,nan,nan,nan
274376088,274375973,0.8845932,-0.62198466,0.08557104,nan,nan,nan,nan,nan
274473375,274473242,0.9247369,-0.62009627,0.05502518,nan,nan,nan,nan,nan
274575618,274575500,1.0,-0.6082129,0.057500888,nan,nan,nan,nan,nan
274672887,274672769,0.91693234,-0.58725524,0.046695497,nan,nan,nan,nan,nan
274775142,274775026,0.9545447,-0.7355744,0.036028616,nan,nan,nan,nan,nan
274877402,274877283,0.93538344,-0.69142747,0.04436993,nan,nan,nan,nan,nan
274974671,274974552,0.97712725,-0.69798726,0.024016842,nan,nan,nan,nan,nan
275076933,275076811,1.0,-0.6675111,0.033712354,nan,nan,nan,nan,nan
275174205,275174080,1.0,-0.6702457,0.032475404,nan,nan,nan,nan,nan
275276456,275276335,1.0,-0.78863305,0.022492828,nan,nan,nan,nan,nan
275373721,275373604,1.0,-0.7061262,0.046524327,nan,nan,nan,nan,nan
275473483,275473367,1.0,-0.7318999,0.03613126,nan,nan,nan,nan,nan
275575743,275575624,0.9401624,-0.7230567,0.042787187,nan,nan,nan,nan,nan
275673010,275672893,0.95356333,-0.8168329,0.056653563,nan,nan,nan,nan,nan
275775268,275775150,0.9123598,-0.8168457,0.061394088,nan,nan,nan,nan,nan
275872536,275872419,0.90831035,-0.7188533,0.07314255,nan,nan,nan,nan,nan
275974794,275974676,0.96526754,-0.7746961,0.04377321,nan,nan,nan,nan,nan
276072061,276071944,0.9525146,-0.79085463,0.043433994,nan,nan,nan,nan,nan
276174319,276174201,0.9069765,-0.80004114,0.024446959,nan,nan,nan,nan,nan
276276575,276276458,0.8352727,-0.84580296,0.008198407,nan,nan,nan,nan,nan
276373845,276373727,0.8044506,-0.7885136,0.029184295,nan,nan,nan,nan,nan
276476101,276475984,0.86876047,-0.89369524,0.003038262,nan,nan,nan,nan,nan
276573373,276573252,0.8368911,-0.90869254,0.00034233506,nan,nan,nan,nan,nan
276675631,276675509,0.8602611,-0.9655007,0.008964699,nan,nan,nan,nan,nan
276772895,276772778,0.7917851,-0.9390595,0.022970952,nan,nan,nan,nan,nan
276875151,276875035,0.7969056,-0.9111256,0.049554724,nan,nan,nan,nan,nan
276977414,276977292,0.7029197,-1.0,0.06902058,nan,nan,nan,nan,nan
277074683,277074560,0.51598585,-0.86773014,0.085931495,nan,nan,nan,nan,nan
277176941,277176817,0.40924037,-0.79053724,0.07803056,nan,nan,nan,nan,nan
277274203,277274086,0.4060926,-0.79952216,0.070850864,nan,nan,nan,nan,nan
277373965,277373849,0.35767332,-0.7181287,0.08220979,nan,nan,nan,nan,nan
277473730,277473611,0.4116334,-0.7254163,0.058707148,nan,nan,nan,nan,nan
277573512,277573374,0.38541552,-0.6874396,0.05631259,nan,nan,nan,nan,nan
277675749,277675631,0.18259752,-0.5276241,0.02422249,nan,nan,nan,nan,nan
277773026,277772900,0.23524846,-0.6065113,0.03989825,nan,nan,nan,nan,nan
277875274,277875156,0.113965265,-0.65028435,0.05976657,nan,nan,nan,nan,nan
277972554,277972425,0.07314557,-0.54644513,0.0436927,nan,nan,nan,nan,nan
278074800,278074682,0.16594547,-0.4485852,0.018486828,nan,nan,nan,nan,nan
278172072,278171950,0.20380905,-0.5150086,0.01607979,nan,nan,nan,nan,nan
278274325,278274207,0.23441292,-0.41310865,0.015599052,nan,nan,nan,nan,nan
278376722,278376464,0.43065414,-0.47483006,0.005639736,nan,nan,nan,nan,nan
278473857,278473733,0.5576209,-0.54343665,-0.017309874,nan,nan,nan,nan,nan
278576241,278575989,0.5424422,-0.6438339,0.00038008543,nan,nan,nan,nan,nan
278673376,278673258,0.59307426,-0.60964984,0.001644797,nan,nan,nan,nan,nan
278775724,278775515,0.79180294,-0.55873996,-0.028046433,nan,nan,nan,nan,nan
278872900,278872783,0.8258325,-0.68332136,-0.041971587,nan,nan,nan,nan,nan
278975229,278975040,0.72289497,-0.44077152,-0.040366497,nan,nan,nan,nan,nan
279077419,279077297,0.78370374,-0.48711184,-0.04938805,nan,nan,nan,nan,nan
279174747,279174565,0.5798128,-0.59883803,-0.0046113534,nan,nan,nan,nan,nan
279276944,279276822,0.57425517,-0.6082185,0.02351943,nan,nan,nan,nan,nan
279374237,279374090,0.5378805,-0.46798283,0.020165425,nan,nan,nan,nan,nan
279476465,279476347,0.510362,-0.547603,-0.0010092079,nan,nan,nan,nan,nan
279573771,279573615,0.6120179,-0.5006588,-0.00534433,nan,nan,nan,nan,nan
279673493,279673378,0.40228212,-0.21576698,-0.003424332,nan,nan,nan,nan,nan
279775754,279775636,0.33454993,-0.41830525,-0.027475804,nan,nan,nan,nan,nan
279873018,279872902,0.2712589,-0.39707363,-0.003467867,nan,nan,nan,nan,nan
279975279,279975159,0.31665832,-0.37583137,-0.025677593,nan,nan,nan,nan,nan
280072543,280072427,0.31286934,-0.5461543,-0.026623461,nan,nan,nan,nan,nan
280174800,280174683,0.326933,-0.46521744,-0.012572901,nan,nan,nan,nan,nan
280272070,280271951,0.50814724,-0.51633906,-0.025520539,nan,nan,nan,nan,nan
280374326,280374208,0.31366366,-0.4797861,-0.0029161866,nan,nan,nan,nan,nan
280476579,280476464,0.23353817,-0.33089086,0.021704644,nan,nan,nan,nan,nan
280573849,280573732,0.4505047,-0.5043044,0.01705473,nan,nan,nan,nan,nan
280676116,280675989,0.26718876,-0.60747015,0.0501556,nan,nan,nan,nan,nan
280773379,280773257,0.1516737,-0.4477676,0.051454645,nan,nan,nan,nan,nan
280875630,280875513,0.25750306,-0.44234595,0.035251934,nan,nan,nan,nan,nan
280972899,280972781,0.19047776,-0.50168586,0.034445558,nan,nan,nan,nan,nan
281075152,281075038,0.13970298,-0.38135773,0.03843966,nan,nan,nan,nan,nan
281177419,281177294,0.17983118,-0.317626,0.0094357785,nan,nan,nan,nan,nan
281274678,281274562,0.1364453,-0.4361207,0.0110923685,nan,nan,nan,nan,nan
281376936,281376819,0.1208724,-0.32707384,0.018172769,nan,nan,nan,nan,nan
281474203,281474089,0.33088124,-0.42738152,0.003199894,nan,nan,nan,nan,nan
281573965,281573849,0.27461338,-0.4774959,0.0177935,nan,nan,nan,nan,nan
281673729,281673611,0.14599524,-0.28625697,0.021142935,nan,nan,nan,nan,nan
281773489,281773373,0.28970355,-0.3274904,0.00012430552,nan,nan,nan,nan,nan
281875753,281875629,0.2125236,-0.40569028,0.0029465717,nan,nan,nan,nan,nan
281973015,281972897,0.20315056,-0.3567896,0.006641044,nan,nan,nan,nan,nan
282075270,282075154,0.35799035,-0.4536169,-0.011619882,nan,nan,nan,nan,nan
282172551,282172422,0.2614811,-0.48720205,0.005346116,nan,nan,nan,nan,nan
282274798,282274679,0.31167653,-0.5049966,0.004653802,nan,nan,nan,nan,nan
282372083,282371946,0.4866576,-0.5109526,-0.008668975,nan,nan,nan,nan,nan
282474318,282474202,0.42920056,-0.426307,0.0005197256,nan,nan,nan,nan,nan
282576576,282576458,0.43998596,-0.3753986,0.0018462408,nan,nan,nan,nan,nan
282673844,282673726,0.38690856,-0.3595399,-0.0020258606,nan,nan,nan,nan,nan
282776097,282775982,0.22640131,-0.2424074,0.014252846,nan,nan,nan,nan,nan
282873366,282873250,0.22378424,-0.22290182,0.0062069967,nan,nan,nan,nan,nan
282975624,282975506,0.19575335,-0.29915577,0.0017726746,nan,nan,nan,nan,nan
283072890,283072774,0.0755954,-0.154397,0.006021544,nan,nan,nan,nan,nan
283175144,283175030,0.27945828,-0.25442368,-0.004394784,nan,nan,nan,nan,nan
283277402,283277286,0.1813159,-0.31491753,0.014291794,nan,nan,nan,nan,nan
283374673,283374554,0.07283998,-0.19321519,0.021989312,nan,nan,nan,nan,nan
283476931,283476811,0.23111308,-0.296287,0.014660102,nan,nan,nan,nan,nan
283574193,283574078,0.034574978,-0.27157035,0.033472825,nan,nan,nan,nan,nan
283676451,283676334,-0.017375348,-0.22004163,0.028872838,nan,nan,nan,nan,nan
283773718,283773601,0.09235302,-0.2677446,0.01630484,nan,nan,nan,nan,nan
283873478,283873363,-0.06091251,-0.20917533,0.018203707,nan,nan,nan,nan,nan
283975739,283975619,-0.095772244,-0.17243162,0.019391546,nan,nan,nan,nan,nan
284073008,284072887,-0.040155523,-0.20743507,0.009523191,nan,nan,nan,nan,nan
284175260,284175143,-0.08514523,-0.19377951,0.014436314,nan,nan,nan,nan,nan
284272526,284272410,0.081145994,-0.24805292,0.019810226,nan,nan,nan,nan,nan
284374785,284374666,0.18716255,-0.35075322,0.038300894,nan,nan,nan,nan,nan
284472050,284471934,0.065022565,-0.18009445,0.037514105,nan,nan,nan,nan,nan
284574309,284574190,0.17140158,-0.1841634,0.012814946,nan,nan,nan,nan,nan
284676578,284676445,0.08372645,-0.19939671,0.017490407,nan,nan,nan,nan,nan
284773833,284773713,0.003143024,-0.094275154,0.00058989733,nan,nan,nan,nan,nan
284876083,284875969,0.31435394,-0.35068113,0.015419247,nan,nan,nan,nan,nan
284973355,284973236,0.14954858,-0.38100648,0.04363088,nan,nan,nan,nan,nan
285075608,285075492,0.22610961,-0.39754975,0.052297045,nan,nan,nan,nan,nan
285172877,285172760,0.38037184,-0.5120223,0.04749168,nan,nan,nan,nan,nan
285275129,285275015,0.19238931,-0.41625178,0.065825276,nan,nan,nan,nan,nan
285377390,285377271,0.20968035,-0.46187958,0.08213716,nan,nan,nan,nan,nan
285474657,285474539,0.22177835,-0.5393498,0.07589283,nan,nan,nan,nan,nan
285576920,285576794,0.123767845,-0.54200184,0.082698114,nan,nan,nan,nan,nan
285674192,285674062,0.025865285,-0.41723728,0.07057019,nan,nan,nan,nan,nan
285776454,285776317,0.04692835,-0.3905665,0.046056144,nan,nan,nan,nan,nan
285873702,285873585,0.07152689,-0.3797219,0.04812267,nan,nan,nan,nan,nan
285973466,285973346,0.09030396,-0.36001998,0.03612439,nan,nan,nan,nan,nan
286075720,286075602,0.1035541,-0.4500222,0.029454108,nan,nan,nan,nan,nan
286172990,286172869,-0.002166629,-0.3750156,0.03483152,nan,nan,nan,nan,nan
286275241,286275124,0.172336,-0.49683675,0.02394091,nan,nan,nan,nan,nan
286372512,286372392,0.29012823,-0.5726955,0.027587311,nan,nan,nan,nan,nan
286474766,286474647,0.16911665,-0.4571022,0.043691706,nan,nan,nan,nan,nan
286572030,286571915,0.3399503,-0.5375099,0.03820779,nan,nan,nan,nan,nan
286674333,286674170,0.3969988,-0.6022663,0.039397635,nan,nan,nan,nan,nan
286776543,286776426,0.26317757,-0.42260456,0.056532145,nan,nan,nan,nan,nan
286873818,286873693,0.3088892,-0.42497224,0.061545532,nan,nan,nan,nan,nan
286976064,286975948,0.2854011,-0.4990518,0.052280053,nan,nan,nan,nan,nan
287073345,287073216,0.25421476,-0.4104795,0.056713387,nan,nan,nan,nan,nan
287175586,287175471,0.2808931,-0.3495093,0.041899692,nan,nan,nan,nan,nan
287272874,287272738,0.25131232,-0.42586315,0.03735679,nan,nan,nan,nan,nan
287375112,287374994,0.20025069,-0.26713282,0.044133887,nan,nan,nan,nan,nan
287477488,287477249,0.26811463,-0.29172355,0.026682818,nan,nan,nan,nan,nan
287574642,287574516,0.16861069,-0.33389032,0.029061053,nan,nan,nan,nan,nan
287674587,287674277,0.14394194,-0.36020333,0.02689212,nan,nan,nan,nan,nan
287774156,287774039,0.23824501,-0.43171567,0.024691867,nan,nan,nan,nan,nan
287876487,287876294,0.17356968,-0.36644518,0.036761306,nan,nan,nan,nan,nan
287973678,287973561,0.3009721,-0.4217208,0.033952575,nan,nan,nan,nan,nan
288075989,288075817,0.29570305,-0.51442045,0.044725638,nan,nan,nan,nan,nan
288175694,288175578,0.11676832,-0.30052868,0.06504917,nan,nan,nan,nan,nan
288275487,288275339,0.32931602,-0.434444,0.04745756,nan,nan,nan,nan,nan
288375218,288375100,0.21024653,-0.4460959,0.062023986,nan,nan,nan,nan,nan
288474999,288474861,0.14947933,-0.3811553,0.06937542,nan,nan,nan,nan,nan
288574741,288574622,0.18941644,-0.40927848,0.056368224,nan,nan,nan,nan,nan
288674557,288674384,0.11486109,-0.40225592,0.064947456,nan,nan,nan,nan,nan
288774264,288774145,0.09694491,-0.3489662,0.057082135,nan,nan,nan,nan,nan
288876516,288876400,0.11596764,-0.4442947,0.044378847,nan,nan,nan,nan,nan
288973783,288973667,0.08918305,-0.31452143,0.053807396,nan,nan,nan,nan,nan
289076038,289075922,0.27564904,-0.38245305,0.035314366,nan,nan,nan,nan,nan
289173308,289173189,0.21363507,-0.4397224,0.038804762,nan,nan,nan,nan,nan
289275563,289275445,0.22223763,-0.43379527,0.044032287,nan,nan,nan,nan,nan
289372827,289372712,0.30068514,-0.5095027,0.03312569,nan,nan,nan,nan,nan
289475081,289474967,0.19037874,-0.46171463,0.04433823,nan,nan,nan,nan,nan
289577344,289577222,0.3371927,-0.5670888,0.039230805,nan,nan,nan,nan,nan
289674604,289674489,0.36736485,-0.6253672,0.037641663,nan,nan,nan,nan,nan
289776867,289776744,0.27292335,-0.46886677,0.053740915,nan,nan,nan,nan,nan
289874126,289874011,0.3973539,-0.52153283,0.03467032,nan,nan,nan,nan,nan
289976383,289976266,0.34712094,-0.56378895,0.037439056,nan,nan,nan,nan,nan
290073657,290073533,0.292794,-0.44833273,0.04531692,nan,nan,nan,nan,nan
290175906,290175788,0.36027902,-0.48467016,0.0302962,nan,nan,nan,nan,nan
290275670,290275549,0.3167834,-0.46078202,0.029466344,nan,nan,nan,nan,nan
290375427,290375311,0.3022587,-0.45628688,0.0291744,nan,nan,nan,nan,nan
290475189,290475071,0.33208814,-0.53239983,0.018986208,nan,nan,nan,nan,nan
290574951,290574832,0.2178659,-0.42095724,0.049512424,nan,nan,nan,nan,nan
290674711,290674593,0.34035227,-0.51524705,0.023394635,nan,nan,nan,nan,nan
290771979,290771860,0.41967317,-0.99493605,0.111277245,nan,nan,nan,nan,nan
290874233,290874115,0.42568538,-0.92226815,0.1155364,nan,nan,nan,nan,nan
290976486,290976370,0.63938934,-1.0,0.13206804,nan,nan,nan,nan,nan
291073756,291073637,0.7142517,-1.0,0.14609101,nan,nan,nan,nan,nan
291176009,291175892,0.726576,-1.0,0.14078607,nan,nan,nan,nan,nan
291273278,291273159,0.6839176,-0.9853175,0.12945609,nan,nan,nan,nan,nan
291375528,291375414,0.7163632,-0.92173064,0.1330037,nan,nan,nan,nan,nan
291472803,291472681,0.77740127,-0.9946467,0.1394876,nan,nan,nan,nan,nan
291575052,291574936,0.75281936,-0.92802674,0.14745529,nan,nan,nan,nan,nan
291677312,291677190,0.8217701,-0.937106,0.12378542,nan,nan,nan,nan,nan
291774575,291774457,0.8393829,-0.9172442,0.116928175,nan,nan,nan,nan,nan
291876838,291876712,0.8111645,-0.9616488,0.11192984,nan,nan,nan,nan,nan
291974094,291973979,0.8131908,-1.0,0.09135874,nan,nan,nan,nan,nan
292076370,292076234,0.82227665,-0.9567117,0.0947216,nan,nan,nan,nan,nan
292173619,292173501,0.71108466,-1.0,0.09753421,nan,nan,nan,nan,nan
292275886,292275755,0.66133213,-0.9721302,0.094288826,nan,nan,nan,nan,nan
292375645,292375516,0.6730044,-1.0,0.05926324,nan,nan,nan,nan,nan
292475396,292475277,0.59729713,-1.0,0.03361218,nan,nan,nan,nan,nan
292575156,292575038,0.6495851,-1.0,0.0075701196,nan,nan,nan,nan,nan
292674920,292674799,0.58457077,-1.0,-0.013830243,nan,nan,nan,nan,nan
292774719,292774559,0.63570786,-1.0,-0.037375867,nan,nan,nan,nan,nan
292874438,292874320,0.6165166,-1.0,-0.07595573,nan,nan,nan,nan,nan
292974198,292974081,0.469452,-0.9084659,-0.11193906,nan,nan,nan,nan,nan
293076468,293076335,0.36323428,-0.8836975,-0.13926141,nan,nan,nan,nan,nan
293173733,293173602,0.23471813,-0.6074115,-0.17447087,nan,nan,nan,nan,nan
293275975,293275857,0.28864303,-0.7579302,-0.17829606,nan,nan,nan,nan,nan
293373240,293373124,0.0007002044,-0.38535696,-0.21594973,nan,nan,nan,nan,nan
293475496,293475379,0.05697355,-0.39839748,-0.2170042,nan,nan,nan,nan,nan
293572765,293572645,-0.14260617,-0.19027688,-0.21148938,nan,nan,nan,nan,nan
293675017,293674900,-0.15904821,-0.08451513,-0.21131833,nan,nan,nan,nan,nan
293777272,293777154,-0.20461893,-0.117774114,-0.20906909,nan,nan,nan,nan,nan
293874538,293874421,-0.22646576,0.07880349,-0.21878453,nan,nan,nan,nan,nan
293976794,293976676,-0.3321463,0.0048627015,-0.21211559,nan,nan,nan,nan,nan
294074076,294073942,-0.7063308,0.26761952,-0.083765626,nan,nan,nan,nan,nan
294176317,294176197,-0.6447053,0.19763832,-0.05306257,nan,nan,nan,nan,nan
294273579,294273464,-0.7848407,0.41785562,-0.019716578,nan,nan,nan,nan,nan
294375838,294375718,-0.5492055,0.28296927,0.07285262,nan,nan,nan,nan,nan
294475596,294475479,-0.6212134,0.48400384,0.17080198,nan,nan,nan,nan,nan
294575361,294575239,-0.5034723,0.42749956,0.2146074,nan,nan,nan,nan,nan
294675122,294675000,-0.5627946,0.4096058,0.22196668,nan,nan,nan,nan,nan
294774878,294774760,-0.5435981,0.5978647,0.15316682,nan,nan,nan,nan,nan
294874641,294874521,-0.32715917,0.4829411,0.069924265,nan,nan,nan,nan,nan
294974398,294974281,-0.5759981,0.7046172,0.06708596,nan,nan,nan,nan,nan
295074163,295074042,-0.3045538,0.496274,0.07607696,nan,nan,nan,nan,nan
295173925,295173802,-0.4737782,0.5496324,0.10592143,nan,nan,nan,nan,nan
295273682,295273563,-0.48135212,0.6383955,0.16961794,nan,nan,nan,nan,nan
295375945,295375817,-0.4716544,0.5417953,0.1822111,nan,nan,nan,nan,nan
295473203,295473084,-0.6307949,0.64464796,0.19014594,nan,nan,nan,nan,nan
295575464,295575338,-0.42385384,0.40915295,0.13806055,nan,nan,nan,nan,nan
295672721,295672604,-0.5168806,0.4496896,0.11616634,nan,nan,nan,nan,nan
295774982,295774858,-0.46963844,0.47399595,0.116264746,nan,nan,nan,nan,nan
295877232,295877113,-0.3748588,0.24792075,0.11208694,nan,nan,nan,nan,nan
295974503,295974379,-0.6356777,0.5629028,0.090542726,nan,nan,nan,nan,nan
296076753,296076634,-0.571449,0.46266058,0.1203921,nan,nan,nan,nan,nan
296174200,296173900,-0.72663033,0.5870801,0.14405847,nan,nan,nan,nan,nan
296276272,296276154,-0.6365869,0.43384492,0.12127331,nan,nan,nan,nan,nan
296373686,296373420,-0.42698857,0.12912259,0.17470382,nan,nan,nan,nan,nan
296475795,296475674,-0.5171973,0.24077338,0.14678057,nan,nan,nan,nan,nan
296575650,296575434,-0.1868121,-0.15083142,0.20006707,nan,nan,nan,nan,nan
296675316,296675195,-0.3721259,-0.0041100383,0.21089368,nan,nan,nan,nan,nan
296775150,296774955,-0.43495464,-0.00020798268,0.22429432,nan,nan,nan,nan,nan
296874838,296874715,-0.33274022,-0.14022096,0.27861658,nan,nan,nan,nan,nan
296974653,296974475,-0.1759037,-0.33093053,0.2599647,nan,nan,nan,nan,nan
297074355,297074235,0.23165067,-0.8438453,0.17360108,nan,nan,nan,nan,nan
297174140,297173997,0.26417357,-1.0,0.30539516,nan,nan,nan,nan,nan
297276370,297276252,0.2913615,-1.0,0.2799625,nan,nan,nan,nan,nan
297373642,297373515,0.28370434,-1.0,0.25442284,nan,nan,nan,nan,nan
297475887,297475769,0.0776534,-0.86537457,0.26307464,nan,nan,nan,nan,nan
297573153,297573035,0.15947655,-0.8690159,0.25544715,nan,nan,nan,nan,nan
297675405,297675289,0.23978858,-0.89252955,0.22298871,nan,nan,nan,nan,nan
297772706,297772555,0.45030233,-1.0,0.22571678,nan,nan,nan,nan,nan
297874927,297874809,0.45720187,-1.0,0.21663535,nan,nan,nan,nan,nan
297977186,297977063,0.55571175,-1.0,0.17287128,nan,nan,nan,nan,nan
298074444,298074329,0.6179983,-0.9661979,0.20856346,nan,nan,nan,nan,nan
298176703,298176583,0.6281883,-0.94434303,0.23571019,nan,nan,nan,nan,nan
298273965,298273849,0.64887494,-0.9149248,0.22729075,nan,nan,nan,nan,nan
298376219,298376103,0.7256149,-0.86288905,0.25156048,nan,nan,nan,nan,nan
298473484,298473369,0.7935924,-0.88840073,0.22835626,nan,nan,nan,nan,nan
298575749,298575623,0.82827526,-0.8272044,0.21673773,nan,nan,nan,nan,nan
298675502,298675383,0.8419321,-0.8777018,0.20874947,nan,nan,nan,nan,nan
298775260,298775142,0.8981422,-0.90674675,0.17868495,nan,nan,nan,nan,nan
298875022,298874902,0.86236113,-0.7824151,0.18795791,nan,nan,nan,nan,nan
298974784,298974662,0.9185906,-0.81798106,0.17587951,nan,nan,nan,nan,nan
299074541,299074422,0.8455732,-0.75670123,0.17940234,nan,nan,nan,nan,nan
299174303,299174182,0.8926986,-0.8387576,0.17129397,nan,nan,nan,nan,nan
299274060,299273942,0.9045234,-0.9147326,0.17030007,nan,nan,nan,nan,nan
299373956,299373702,0.89927447,-0.86361194,0.17957546,nan,nan,nan,nan,nan
299473580,299473462,0.87801087,-0.87339103,0.19086593,nan,nan,nan,nan,nan
299575833,299575716,0.83904326,-0.8506391,0.20492357,nan,nan,nan,nan,nan
299673100,299672981,0.8215573,-0.8636919,0.1999027,nan,nan,nan,nan,nan
299775351,299775235,0.8338296,-0.9310804,0.18752728,nan,nan,nan,nan,nan
299872626,299872501,0.82290626,-0.8946289,0.19356565,nan,nan,nan,nan,nan
299974874,299974755,0.7718406,-0.9196042,0.16458136,nan,nan,nan,nan,nan
300077126,300077009,0.8127314,-0.9051453,0.17577162,nan,nan,nan,nan,nan
300174407,300174274,0.8029878,-0.92493427,0.15759644,nan,nan,nan,nan,nan
300276649,300276528,0.7733684,-0.9376866,0.14774391,nan,nan,nan,nan,nan
300373915,300373794,0.7760679,-0.97509426,0.15465192,nan,nan,nan,nan,nan
300476179,300476047,0.7356518,-0.9653376,0.14826073,nan,nan,nan,nan,nan
300573451,300573313,0.76311135,-0.9179367,0.158898,nan,nan,nan,nan,nan
300675687,300675567,0.8139587,-0.97821254,0.15068516,nan,nan,nan,nan,nan
300775444,300775327,0.7468935,-0.93264794,0.1492927,nan,nan,nan,nan,nan
300875203,300875087,0.75462407,-1.0,0.13997957,nan,nan,nan,nan,nan
300974965,300974846,0.66743857,-0.9681149,0.12792322,nan,nan,nan,nan,nan
301074724,301074606,0.70009357,-0.92943245,0.12301813,nan,nan,nan,nan,nan
301174483,301174365,0.78748953,-0.9934441,0.108160116,nan,nan,nan,nan,nan
301274244,301274125,0.7166656,-0.94605124,0.109099366,nan,nan,nan,nan,nan
301374004,301373885,0.7600784,-1.0,0.097240746,nan,nan,nan,nan,nan
301476258,301476138,0.7737348,-1.0,0.075581074,nan,nan,nan,nan,nan
301573529,301573404,0.7069624,-0.9016027,0.07629302,nan,nan,nan,nan,nan
301675786,301675658,0.7922728,-0.98700595,0.06283531,nan,nan,nan,nan,nan
301773053,301772923,0.6983694,-0.8888552,0.046473715,nan,nan,nan,nan,nan
301875294,301875177,0.79127365,-0.94482523,0.044005055,nan,nan,nan,nan,nan
301972564,301972443,0.75646013,-0.97112364,0.05072216,nan,nan,nan,nan,nan
302074812,302074696,0.5984597,-0.75383914,0.024897827,nan,nan,nan,nan,nan
302177068,302176950,0.620411,-0.8317326,0.033508595,nan,nan,nan,nan,nan
302274332,302274215,0.36426038,-0.5074192,0.018799923,nan,nan,nan,nan,nan
302376586,302376469,0.22971456,-0.3460266,0.012887106,nan,nan,nan,nan,nan
302473854,302473735,-0.10467016,-0.26520166,-0.004134625,nan,nan,nan,nan,nan
302576108,302575988,-0.46741137,-0.0130576175,0.067914486,nan,nan,nan,nan,nan
302673370,302673254,-0.34428537,-0.14677481,0.06523556,nan,nan,nan,nan,nan
302775624,302775507,-0.42405856,-0.0012730272,0.06557252,nan,nan,nan,nan,nan
302875386,302875267,-0.2281292,-0.18284768,0.07116594,nan,nan,nan,nan,nan
302975159,302975026,-0.27090403,-0.14227028,0.09599634,nan,nan,nan,nan,nan
303074906,303074786,-0.21105194,-0.15648624,0.10821492,nan,nan,nan,nan,nan
303174681,303174546,-0.14428489,-0.2616203,0.119002104,nan,nan,nan,nan,nan
303274443,303274305,-0.32699022,-0.18356279,0.089545265,nan,nan,nan,nan,nan
303374183,303374064,-0.14076352,-0.36096537,0.086021766,nan,nan,nan,nan,nan
303473955,303473824,-0.38499773,-0.12852144,0.15051195,nan,nan,nan,nan,nan
303576199,303576077,-0.5383778,0.1036595,0.10335182,nan,nan,nan,nan,nan
303673461,303673343,-0.5985648,0.13877368,0.1177369,nan,nan,nan,nan,nan
303775712,303775596,-0.6758227,0.30910045,0.094767414,nan,nan,nan,nan,nan
303872981,303872862,-0.5100057,0.14339282,0.11613805,nan,nan,nan,nan,nan
303975234,303975115,-0.5364236,0.15233065,0.12191665,nan,nan,nan,nan,nan
304072505,304072381,-0.31903797,-0.12781511,0.12731032,nan,nan,nan,nan,nan
304174765,304174634,-0.11730841,-0.5031976,0.1454637,nan,nan,nan,nan,nan
304277013,304276887,-0.2733842,-0.46043283,0.095748566,nan,nan,nan,nan,nan
304374270,304374153,-0.23716691,-0.5074004,0.11658355,nan,nan,nan,nan,nan
304476537,304476406,-0.5780533,0.014761381,0.112202376,nan,nan,nan,nan,nan
304573789,304573671,-0.6407499,0.16214988,0.11070279,nan,nan,nan,nan,nan
304676194,304675925,-0.59545577,0.07749939,0.15009716,nan,nan,nan,nan,nan
304773305,304773190,-0.49644113,0.01945305,0.12468498,nan,nan,nan,nan,nan
304875696,304875443,-0.3048522,-0.23616797,0.1744374,nan,nan,nan,nan,nan
304975321,304975203,-0.35152495,-0.20351811,0.15250333,nan,nan,nan,nan,nan
305075189,305074962,-0.19518769,-0.37507698,0.16060099,nan,nan,nan,nan,nan
305174854,305174721,-0.07660576,-0.58504957,0.18612209,nan,nan,nan,nan,nan
305274688,305274481,-0.16413671,-0.49198416,0.14481065,nan,nan,nan,nan,nan
305374359,305374240,-0.05082705,-0.64830685,0.16155268,nan,nan,nan,nan,nan
305474176,305473999,-0.101602316,-0.5395388,0.13209037,nan,nan,nan,nan,nan
305573878,305573759,0.009061945,-0.6549521,0.10732274,nan,nan,nan,nan,nan
305676136,305676011,-0.07537516,-0.608046,0.10385641,nan,nan,nan,nan,nan
305773394,305773277,-0.18075457,-0.50142914,0.076966815,nan,nan,nan,nan,nan
305875651,305875530,-0.21835001,-0.59253937,0.08117894,nan,nan,nan,nan,nan
305972915,305972795,-0.50074047,-0.32117072,0.07790717,nan,nan,nan,nan,nan
306075165,306075048,-0.37959993,-0.42203397,0.077363096,nan,nan,nan,nan,nan
306172461,306172313,-0.44767022,-0.31083694,0.08763527,nan,nan,nan,nan,nan
306274695,306274567,-0.41836432,-0.32742068,0.08894812,nan,nan,nan,nan,nan
306376946,306376820,-0.3283919,-0.41771305,0.102294594,nan,nan,nan,nan,nan
306474201,306474085,-0.41421506,-0.22104186,0.10222323,nan,nan,nan,nan,nan
306576458,306576338,-0.23448719,-0.37527454,0.108070455,nan,nan,nan,nan,nan
306673723,306673603,-0.35623643,-0.22211026,0.109849915,nan,nan,nan,nan,nan
306775973,306775856,-0.21303472,-0.3675089,0.113625705,nan,nan,nan,nan,nan
306873239,306873121,-0.13693425,-0.47267562,0.1404908,nan,nan,nan,nan,nan
306975492,306975375,-0.20430525,-0.29227537,0.12230744,nan,nan,nan,nan,nan
307077750,307077628,-0.01309468,-0.49910134,0.14527933,nan,nan,nan,nan,nan
307175011,307174893,-0.20040244,-0.3089773,0.12526333,nan,nan,nan,nan,nan
307274773,307274652,-0.18042341,-0.30587935,0.13031717,nan,nan,nan,nan,nan
307374530,307374411,-0.20794295,-0.36014196,0.12779866,nan,nan,nan,nan,nan
307474287,307474170,-0.23518991,-0.29743165,0.12411248,nan,nan,nan,nan,nan
307574048,307573929,-0.2451527,-0.37820503,0.14190853,nan,nan,nan,nan,nan
307673811,307673688,-0.3570027,-0.21603684,0.13985915,nan,nan,nan,nan,nan
307776057,307775940,-0.35181564,-0.24417517,0.148648,nan,nan,nan,nan,nan
307873323,307873205,-0.41767868,-0.27362177,0.14847279,nan,nan,nan,nan,nan
307975577,307975458,-0.50952995,-0.1126138,0.12739581,nan,nan,nan,nan,nan
308072843,308072723,-0.5242855,-0.13823996,0.10770803,nan,nan,nan,nan,nan
308175091,308174976,-0.58626115,-0.148931,0.086611144,nan,nan,nan,nan,nan
308272359,308272241,-0.53197277,-0.22251502,0.07720177,nan,nan,nan,nan,nan
308374610,308374494,-0.41508108,-0.31873083,0.10989001,nan,nan,nan,nan,nan
308476872,308476746,-0.561577,-0.067616165,0.10596259,nan,nan,nan,nan,nan
308574126,308574011,-0.48845628,-0.10233282,0.1180405,nan,nan,nan,nan,nan
308676382,308676264,-0.43597528,-0.2456612,0.12310372,nan,nan,nan,nan,nan
308773652,308773529,-0.5581682,-0.08874698,0.10989246,nan,nan,nan,nan,nan
308875899,308875781,-0.3735152,-0.25352305,0.10336617,nan,nan,nan,nan,nan
308973166,308973046,-0.25632328,-0.42442396,0.111695305,nan,nan,nan,nan,nan
309075422,309075299,-0.35622588,-0.23181407,0.090984404,nan,nan,nan,nan,nan
309175175,309175058,-0.07153483,-0.44802028,0.111194305,nan,nan,nan,nan,nan
309274936,309274817,-0.13425146,-0.4660721,0.16938555,nan,nan,nan,nan,nan
309374699,309374575,-0.32974094,-0.19747074,0.15375322,nan,nan,nan,nan,nan
309474463,309474334,-0.18345197,-0.34279627,0.14851505,nan,nan,nan,nan,nan
309574210,309574093,-0.20768236,-0.47020674,0.16683534,nan,nan,nan,nan,nan
309673971,309673851,-0.35233733,-0.28132224,0.13768987,nan,nan,nan,nan,nan
309773735,309773610,-0.18820046,-0.40499166,0.13071208,nan,nan,nan,nan,nan
309875996,309875863,-0.17850332,-0.4865985,0.16412327,nan,nan,nan,nan,nan
309973287,309973128,-0.26755622,-0.30577075,0.14324036,nan,nan,nan,nan,nan
310075497,310075380,-0.09647858,-0.39719456,0.14393196,nan,nan,nan,nan,nan
310172768,310172645,0.021725174,-0.55378544,0.18668927,nan,nan,nan,nan,nan
310275063,310274898,-0.048773374,-0.4209276,0.19503874,nan,nan,nan,nan,nan
310372283,310372162,-0.057190273,-0.34945396,0.18622291,nan,nan,nan,nan,nan
310474530,310474415,0.11159452,-0.54098934,0.19610906,nan,nan,nan,nan,nan
310576786,310576667,0.17543593,-0.53187,0.21968354,nan,nan,nan,nan,nan
310674051,310673932,0.36151338,-0.6339774,0.22361875,nan,nan,nan,nan,nan
310776303,310776184,0.35397586,-0.68048877,0.23092212,nan,nan,nan,nan,nan
310873563,310873449,0.25354752,-0.5745114,0.23059537,nan,nan,nan,nan,nan
310975821,310975701,0.37121543,-0.64740413,0.23345739,nan,nan,nan,nan,nan
311073088,311072966,0.3890329,-0.7298704,0.24442478,nan,nan,nan,nan,nan
311175336,311175218,0.30104187,-0.5831461,0.24281892,nan,nan,nan,nan,nan
311275096,311274977,0.508869,-0.68389565,0.23976643,nan,nan,nan,nan,nan
311374854,311374735,0.5887924,-0.87729853,0.24522255,nan,nan,nan,nan,nan
311474611,311474494,0.67616034,-0.951141,0.25391692,nan,nan,nan,nan,nan
311574369,311574252,0.74188393,-0.9684809,0.22838986,nan,nan,nan,nan,nan
311674197,311674011,0.7605898,-0.9594738,0.23518418,nan,nan,nan,nan,nan
311773887,311773769,0.7540171,-0.9788598,0.22982617,nan,nan,nan,nan,nan
311873650,311873527,0.74335235,-1.0,0.21335134,nan,nan,nan,nan,nan
311975896,311975780,0.73394394,-0.9525522,0.22386648,nan,nan,nan,nan,nan
312073163,312073044,0.77950484,-0.9932565,0.22024235,nan,nan,nan,nan,nan
312175420,312175296,0.72593933,-1.0,0.2231948,nan,nan,nan,nan,nan
312272703,312272561,0.7059396,-0.9288483,0.23030725,nan,nan,nan,nan,nan
312374941,312374813,0.7953087,-0.9859506,0.22167467,nan,nan,nan,nan,nan
312472198,312472077,0.69236684,-1.0,0.22232784,nan,nan,nan,nan,nan
312574465,312574329,0.6300345,-0.9098893,0.212198,nan,nan,nan,nan,nan
312676699,312676581,0.6319022,-0.896314,0.20240226,nan,nan,nan,nan,nan
312773972,312773846,0.58103937,-0.8961753,0.19412807,nan,nan,nan,nan,nan
312876216,312876098,0.5582533,-0.9021195,0.18722291,nan,nan,nan,nan,nan
312973484,312973362,0.6398608,-0.9855333,0.18213385,nan,nan,nan,nan,nan
313075736,313075614,0.6337395,-0.9308423,0.1704832,nan,nan,nan,nan,nan
313173171,313172879,0.75337964,-1.0,0.17200378,nan,nan,nan,nan,nan
313275250,313275131,0.6504645,-0.990141,0.1831912,nan,nan,nan,nan,nan
313375195,313374889,0.67237407,-0.88530964,0.1659608,nan,nan,nan,nan,nan
313474765,313474647,0.83826286,-0.9707603,0.15742707,nan,nan,nan,nan,nan
313574637,313574405,0.7390382,-0.9582137,0.15655003,nan,nan,nan,nan,nan
313674280,313674163,0.76016974,-0.82192993,0.14750668,nan,nan,nan,nan,nan
313774106,313773922,0.7380388,-0.83066976,0.12656456,nan,nan,nan,nan,nan
313873798,313873680,0.6231109,-0.82601345,0.094995596,nan,nan,nan,nan,nan
313973598,313973438,0.34181955,-0.5512603,0.0714675,nan,nan,nan,nan,nan
314075810,314075690,0.23231287,-0.5607425,0.036610965,nan,nan,nan,nan,nan
314173091,314172954,-0.040693894,-0.34612176,-0.0062400685,nan,nan,nan,nan,nan
314275322,314275206,-0.12429099,-0.30367813,-0.0008368413,nan,nan,nan,nan,nan
314372617,314372470,-0.4207135,-0.14274047,0.12500381,nan,nan,nan,nan,nan
314474840,314474722,-0.57345045,0.11336512,0.124551386,nan,nan,nan,nan,nan
314572105,314571986,-0.28224048,-0.13513984,0.13079132,nan,nan,nan,nan,nan
314674354,314674238,-0.4427875,-0.09517304,0.16891193,nan,nan,nan,nan,nan
314776606,314776490,-0.48493096,0.053830348,0.16104336,nan,nan,nan,nan,nan
314873871,314873754,-0.2813621,-0.118705474,0.16022761,nan,nan,nan,nan,nan
314976125,314976006,-0.41319612,-0.057470273,0.15871365,nan,nan,nan,nan,nan
315073445,315073270,-0.3950802,-0.10209195,0.14949492,nan,nan,nan,nan,nan
315175648,315175523,-0.40198648,-0.08311409,0.21070628,nan,nan,nan,nan,nan
315272912,315272786,-0.7606832,0.32313654,0.075182565,nan,nan,nan,nan,nan
315375164,315375038,-0.6671969,0.22114122,0.07213069,nan,nan,nan,nan,nan
315477438,315477290,-0.7079004,0.2196407,0.12718345,nan,nan,nan,nan,nan
315574675,315574554,-0.73852235,0.36620256,0.10753158,nan,nan,nan,nan,nan
315676929,315676806,-0.48238635,0.15714292,0.13346802,nan,nan,nan,nan,nan
315774190,315774070,0.0024042171,-0.468137,0.1794083,nan,nan,nan,nan,nan
315876441,315876322,-0.16782105,-0.29607356,0.154403,nan,nan,nan,nan,nan
315973706,315973586,-0.3300887,-0.13341153,0.1784225,nan,nan,nan,nan,nan
316075956,316075838,-0.76545167,0.18897454,0.19944471,nan,nan,nan,nan,nan
316175716,316175596,-0.7798191,0.20205386,0.17550975,nan,nan,nan,nan,nan
316275472,316275354,-0.79223067,0.24120554,0.2325986,nan,nan,nan,nan,nan
316375227,316375111,-0.82136893,0.35355365,0.22478148,nan,nan,nan,nan,nan
316474994,316474869,-0.6470644,0.24128202,0.22427413,nan,nan,nan,nan,nan
316574751,316574627,-0.48768964,0.0019248294,0.26652429,nan,nan,nan,nan,nan
316672011,316671891,-0.4995777,0.068652265,0.2526149,nan,nan,nan,nan,nan
316774259,316774143,0.35879767,-0.8180803,0.23819244,nan,nan,nan,nan,nan
316876528,316876394,0.25478646,-0.8981105,0.27029014,nan,nan,nan,nan,nan
316973776,316973658,0.11284889,-0.7485865,0.2560225,nan,nan,nan,nan,nan
317076029,317075910,-0.0872607,-0.49356887,0.2961818,nan,nan,nan,nan,nan
317173305,317173174,-0.17543577,-0.44698688,0.32218543,nan,nan,nan,nan,nan
317275544,317275426,-0.038951766,-0.5698731,0.2767787,nan,nan,nan,nan,nan
317372810,317372689,-0.014981494,-0.6145066,0.2642026,nan,nan,nan,nan,nan
317475060,317474941,-0.09172917,-0.49120188,0.30583876,nan,nan,nan,nan,nan
317577315,317577193,-0.079273425,-0.4961354,0.31576598,nan,nan,nan,nan,nan
317674576,317674456,-0.06847234,-0.5613954,0.3214154,nan,nan,nan,nan,nan
317776832,317776708,-0.08773922,-0.47127673,0.3252033,nan,nan,nan,nan,nan
317874089,317873972,0.11958413,-0.61033523,0.2976818,nan,nan,nan,nan,nan
317976348,317976223,0.48324963,-1.0,0.26763022,nan,nan,nan,nan,nan
318073614,318073487,0.4635146,-1.0,0.27523845,nan,nan,nan,nan,nan
318175858,318175739,0.47686604,-1.0,0.250535,nan,nan,nan,nan,nan
318275612,318275496,0.24470402,-0.8090979,0.22055261,nan,nan,nan,nan,nan
318375371,318375254,0.2129393,-0.7905089,0.22395907,nan,nan,nan,nan,nan
318475128,318475012,0.46283653,-1.0,0.2610476,nan,nan,nan,nan,nan
318574885,318574769,0.4118075,-0.9635219,0.26953015,nan,nan,nan,nan,nan
318674648,318674527,0.36350465,-0.9044428,0.26526952,nan,nan,nan,nan,nan
318774403,318774285,0.089282945,-0.7101307,0.20415439,nan,nan,nan,nan,nan
318874159,318874042,0.012454837,-0.51954794,0.2424505,nan,nan,nan,nan,nan
318976426,318976294,0.11061496,-0.5316775,0.234375,nan,nan,nan,nan,nan
319073676,319073558,0.170856,-0.70276105,0.19131872,nan,nan,nan,nan,nan
319175937,319175809,0.3635676,-0.8229022,0.24610947,nan,nan,nan,nan,nan
319273192,319273073,0.42077327,-0.85187256,0.2329757,nan,nan,nan,nan,nan
319375442,319375324,0.12165603,-0.63469064,0.18450907,nan,nan,nan,nan,nan
319472712,319472588,0.06697898,-0.60429263,0.21921985,nan,nan,nan,nan,nan
319574966,319574839,0.36591315,-0.90194905,0.24154098,nan,nan,nan,nan,nan
319677212,319677091,0.3671251,-0.87051755,0.25095052,nan,nan,nan,nan,nan
319774472,319774354,0.43369094,-0.903953,0.25307077,nan,nan,nan,nan,nan
319876722,319876606,0.39735788,-0.8906868,0.24833128,nan,nan,nan,nan,nan
319973995,319973869,0.3556335,-0.765496,0.26064914,nan,nan,nan,nan,nan
320076247,320076121,0.39221177,-0.75566256,0.22933568,nan,nan,nan,nan,nan
320173501,320173384,0.1118314,-0.6205008,0.19667746,nan,nan,nan,nan,nan
320275751,320275636,-0.15102719,-0.35251632,0.2364418,nan,nan,nan,nan,nan
320375524,320375393,0.003017337,-0.49434748,0.241626,nan,nan,nan,nan,nan
320475280,320475151,0.10121026,-0.6514948,0.19408809,nan,nan,nan,nan,nan
320575026,320574908,0.32985932,-0.86108285,0.24895936,nan,nan,nan,nan,nan
320674800,320674666,0.22940522,-0.7543611,0.20528758,nan,nan,nan,nan,nan
320774544,320774423,0.17609933,-0.65997803,0.21620643,nan,nan,nan,nan,nan
320874305,320874181,0.3879976,-0.8225169,0.25282145,nan,nan,nan,nan,nan
320974055,320973938,0.28939158,-0.83283705,0.25363946,nan,nan,nan,nan,nan
321076496,321076190,0.2455244,-0.716429,0.2599953,nan,nan,nan,nan,nan
321173572,321173453,0.35660315,-0.7869408,0.24233434,nan,nan,nan,nan,nan
321275966,321275707,0.23147675,-0.7887935,0.24236749,nan,nan,nan,nan,nan
321373084,321372968,0.19384298,-0.74149126,0.21957585,nan,nan,nan,nan,nan
321475463,321475219,0.3602288,-0.84017247,0.24823909,nan,nan,nan,nan,nan
321572602,321572482,0.08387029,-0.47209424,0.19390374,nan,nan,nan,nan,nan
321674947,321674734,0.15841207,-0.48114654,0.22408031,nan,nan,nan,nan,nan
321777104,321776985,0.22160853,-0.5794156,0.2199438,nan,nan,nan,nan,nan
321874441,321874248,0.12142365,-0.4905715,0.24271874,nan,nan,nan,nan,nan
321976616,321976499,0.056841258,-0.39635614,0.25708628,nan,nan,nan,nan,nan
322073997,322073763,0.015176228,-0.46238604,0.27215487,nan,nan,nan,nan,nan
322176132,322176014,-0.07026733,-0.36860874,0.26811877,nan,nan,nan,nan,nan
322273425,322273278,0.187048,-0.5164103,0.26977113,nan,nan,nan,nan,nan
322375647,322375529,0.13267936,-0.5114234,0.27997363,nan,nan,nan,nan,nan
322475405,322475287,0.17070276,-0.5426356,0.28915787,nan,nan,nan,nan,nan
322575162,322575043,0.2507429,-0.6091938,0.2781475,nan,nan,nan,nan,nan
322674918,322674800,0.1115756,-0.48382223,0.2967951,nan,nan,nan,nan,nan
322774674,322774558,0.05331901,-0.5252158,0.28939775,nan,nan,nan,nan,nan
322874433,322874315,0.0030063817,-0.64583015,0.24897273,nan,nan,nan,nan,nan
322974189,322974072,-0.08882846,-0.54231435,0.24126296,nan,nan,nan,nan,nan
323073944,323073829,0.020434633,-0.64352,0.20717575,nan,nan,nan,nan,nan
323176200,323176080,0.054016504,-0.76075906,0.23451257,nan,nan,nan,nan,nan
323273464,323273344,0.06848414,-0.7114942,0.21647198,nan,nan,nan,nan,nan
323375714,323375594,0.11830969,-0.7630749,0.21775162,nan,nan,nan,nan,nan
323472990,323472858,0.010946522,-0.6844806,0.19787802,nan,nan,nan,nan,nan
323575229,323575109,-0.049573325,-0.63635087,0.1685901,nan,nan,nan,nan,nan
323672492,323672372,-0.042893164,-0.63143986,0.17969973,nan,nan,nan,nan,nan
323774745,323774623,-0.23466226,-0.37007928,0.18141854,nan,nan,nan,nan,nan
323876993,323876874,-0.1693983,-0.39070466,0.16125533,nan,nan,nan,nan,nan
323974258,323974138,-0.18074194,-0.45360452,0.19668008,nan,nan,nan,nan,nan
324076506,324076389,-0.20859458,-0.3729217,0.19782095,nan,nan,nan,nan,nan
324173773,324173652,-0.11662208,-0.427901,0.17918327,nan,nan,nan,nan,nan
324276020,324275903,-0.20518221,-0.4109524,0.14980122,nan,nan,nan,nan,nan
324373287,324373166,-0.2468121,-0.35070512,0.15123112,nan,nan,nan,nan,nan
324475533,324475417,-0.22422339,-0.37802225,0.1920638,nan,nan,nan,nan,nan
324575301,324575174,-0.53789526,-0.041480046,0.18123263,nan,nan,nan,nan,nan
324675048,324674931,-0.41486326,-0.10159883,0.17382632,nan,nan,nan,nan,nan
324774805,324774688,-0.28634962,-0.28494617,0.21964717,nan,nan,nan,nan,nan
324874563,324874446,-0.3645368,-0.111913726,0.16425283,nan,nan,nan,nan,nan
324974321,324974202,-0.13270058,-0.30405575,0.15141578,nan,nan,nan,nan,nan
325074079,325073959,-0.28570828,-0.28388494,0.17256083,nan,nan,nan,nan,nan
325173835,325173717,-0.42047045,-0.11077717,0.20758702,nan,nan,nan,nan,nan
325276086,325275967,-0.31059054,-0.12183818,0.17178036,nan,nan,nan,nan,nan
325373349,325373230,-0.31312886,-0.15284742,0.20030901,nan,nan,nan,nan,nan
325475598,325475481,-0.34333655,-0.108367495,0.1774305,nan,nan,nan,nan,nan
325572863,325572744,-0.22225474,-0.21876958,0.16157635,nan,nan,nan,nan,nan
325675113,325674995,-0.13527858,-0.3232816,0.18355674,nan,nan,nan,nan,nan
325772378,325772258,-0.049984887,-0.4499894,0.17595385,nan,nan,nan,nan,nan
325874649,325874509,0.043362305,-0.6598779,0.20942274,nan,nan,nan,nan,nan
325976876,325976760,0.002752949,-0.59331435,0.18304786,nan,nan,nan,nan,nan
326074145,326074023,0.27285284,-0.79626435,0.22528824,nan,nan,nan,nan,nan
326176389,326176273,-0.018381253,-0.6007215,0.2117693,nan,nan,nan,nan,nan
326273670,326273536,-0.07035658,-0.45704427,0.231905,nan,nan,nan,nan,nan
326375904,326375787,-0.16677424,-0.4903,0.20564656,nan,nan,nan,nan,nan
326473166,326473050,-0.13474533,-0.575941,0.21995364,nan,nan,nan,nan,nan
326575420,326575301,-0.12652576,-0.6069471,0.21206497,nan,nan,nan,nan,nan
326675175,326675057,-0.08921668,-0.66022116,0.19676684,nan,nan,nan,nan,nan
326774930,326774814,-0.13379593,-0.53196067,0.18824853,nan,nan,nan,nan,nan
326874686,326874571,0.10652063,-0.79254305,0.1852631,nan,nan,nan,nan,nan
326974450,326974327,-0.017448435,-0.8060526,0.22023878,nan,nan,nan,nan,nan
327074203,327074084,-0.042264488,-0.66569483,0.21520379,nan,nan,nan,nan,nan
327173959,327173841,0.32865444,-0.98597306,0.2748158,nan,nan,nan,nan,nan
327273719,327273598,0.12527993,-0.8859031,0.27169502,nan,nan,nan,nan,nan
327375966,327375848,-0.07216862,-0.6988265,0.23276275,nan,nan,nan,nan,nan
327473228,327473111,-0.15315236,-0.5898445,0.22702274,nan,nan,nan,nan,nan
327575482,327575361,-0.26971832,-0.42883834,0.2148368,nan,nan,nan,nan,nan
327672741,327672624,-0.41059768,-0.30072966,0.19403568,nan,nan,nan,nan,nan
327774995,327774875,-0.34833026,-0.41705924,0.20125282,nan,nan,nan,nan,nan
327872253,327872137,-0.34268293,-0.3549298,0.20037779,nan,nan,nan,nan,nan
327974508,327974388,-0.19863637,-0.47071913,0.20755832,nan,nan,nan,nan,nan
328076760,328076638,-0.2188363,-0.53137517,0.22116674,nan,nan,nan,nan,nan
328174019,328173901,-0.26139608,-0.45323977,0.19027306,nan,nan,nan,nan,nan
328276267,328276151,-0.07008254,-0.5933618,0.22294104,nan,nan,nan,nan,nan
328373532,328373414,-0.18069048,-0.49375257,0.22484803,nan,nan,nan,nan,nan
328475801,328475665,-0.0738617,-0.5573905,0.21638702,nan,nan,nan,nan,nan
328573044,328572927,0.12361504,-0.7216565,0.23533964,nan,nan,nan,nan,nan
328675312,328675178,0.13536987,-0.6968655,0.24454015,nan,nan,nan,nan,nan
328775062,328774934,0.22518781,-0.73668814,0.23775612,nan,nan,nan,nan,nan
328874812,328874691,0.2549866,-0.8306624,0.24524151,nan,nan,nan,nan,nan
328974573,328974447,0.13572395,-0.6500407,0.23633455,nan,nan,nan,nan,nan
329074329,329074204,0.34920865,-0.77345556,0.24057263,nan,nan,nan,nan,nan
329174086,329173960,0.34057835,-0.8323161,0.25695732,nan,nan,nan,nan,nan
329273833,329273717,0.38582134,-0.82491684,0.25735766,nan,nan,nan,nan,nan
329373762,329373474,0.41160074,-0.8030328,0.251158,nan,nan,nan,nan,nan
329475845,329475724,0.36275578,-0.80061793,0.25148827,nan,nan,nan,nan,nan
329573240,329572987,0.33556512,-0.7668158,0.23422912,nan,nan,nan,nan,nan
329675353,329675237,0.2815264,-0.78199524,0.21125059,nan,nan,nan,nan,nan
329772732,329772500,0.26341847,-0.7902634,0.19895826,nan,nan,nan,nan,nan
329874869,329874750,0.3817764,-0.93188554,0.19354834,nan,nan,nan,nan,nan
329972287,329972013,0.45751643,-1.0,0.20864919,nan,nan,nan,nan,nan
330074385,330074263,0.32928717,-0.9334552,0.18844731,nan,nan,nan,nan,nan
330176636,330176513,0.450791,-0.98730063,0.19638471,nan,nan,nan,nan,nan
330273892,330273776,0.50706834,-1.0,0.21378265,nan,nan,nan,nan,nan
330376160,330376026,0.36358908,-0.8410675,0.17455854,nan,nan,nan,nan,nan
330473406,330473289,0.4526304,-0.8840107,0.16558796,nan,nan,nan,nan,nan
330575658,330575539,0.53922987,-1.0,0.16816588,nan,nan,nan,nan,nan
330672919,330672801,0.49240303,-1.0,0.14312273,nan,nan,nan,nan,nan
330775169,330775052,0.47198185,-0.91290164,0.12306737,nan,nan,nan,nan,nan
330877426,330877302,0.5581357,-0.83951694,0.1290131,nan,nan,nan,nan,nan
330974683,330974565,0.4313888,-0.6305879,0.108810194,nan,nan,nan,nan,nan
331076937,331076815,0.399243,-0.524446,0.09127223,nan,nan,nan,nan,nan
331174197,331174078,0.3926343,-0.6755384,0.0912574,nan,nan,nan,nan,nan
331276447,331276328,0.111065276,-0.545564,0.042784877,nan,nan,nan,nan,nan
331373709,331373590,0.16754432,-0.5588874,0.032349825,nan,nan,nan,nan,nan
331475962,331475840,0.29319003,-0.63206637,0.07365512,nan,nan,nan,nan,nan
331575727,331575596,0.17085302,-0.5665607,0.063039355,nan,nan,nan,nan,nan
331675471,331675353,0.18297298,-0.48587,0.060307793,nan,nan,nan,nan,nan
331775277,331775109,0.30953208,-0.6207482,0.078294836,nan,nan,nan,nan,nan
331872493,331872371,0.13907957,-0.53205836,0.056963626,nan,nan,nan,nan,nan
331974741,331974622,0.14476389,-0.45869428,0.04186507,nan,nan,nan,nan,nan
332072005,332071884,0.26185167,-0.54516584,0.061161112,nan,nan,nan,nan,nan
332174253,332174134,0.18425523,-0.55244464,0.04567793,nan,nan,nan,nan,nan
332276502,332276384,0.25938556,-0.57970893,0.04622776,nan,nan,nan,nan,nan
332373793,332373647,0.38852552,-0.705398,0.07240751,nan,nan,nan,nan,nan
332476016,332475897,0.18455811,-0.52873325,0.052016154,nan,nan,nan,nan,nan
332573280,332573159,0.23132174,-0.5523943,0.043317083,nan,nan,nan,nan,nan
332675524,332675409,0.25012094,-0.64974606,0.049296197,nan,nan,nan,nan,nan
332772789,332772671,0.07235496,-0.45054325,0.011492761,nan,nan,nan,nan,nan
332875039,332874922,0.1868035,-0.5706648,0.0129885925,nan,nan,nan,nan,nan
332977291,332977172,0.20508887,-0.6822578,0.045529094,nan,nan,nan,nan,nan
333074549,333074434,0.08347499,-0.44316012,0.012391863,nan,nan,nan,nan,nan
333176804,333176684,0.111836545,-0.4215786,0.018562378,nan,nan,nan,nan,nan
333274063,333273946,0.106507696,-0.52784854,0.04854857,nan,nan,nan,nan,nan
333376317,333376196,-0.038056336,-0.28908938,0.011378179,nan,nan,nan,nan,nan
333473587,333473458,0.13729818,-0.41011375,-0.009761553,nan,nan,nan,nan,nan
333575832,333575709,0.13130665,-0.5513831,0.008885829,nan,nan,nan,nan,nan
333675590,333675465,0.06831145,-0.32444662,-0.011034745,nan,nan,nan,nan,nan
333775342,333775221,0.11694645,-0.34334332,-0.013299569,nan,nan,nan,nan,nan
333875096,333874977,-0.06389784,-0.34901848,-0.008552607,nan,nan,nan,nan,nan
333974854,333974733,-0.2993926,-0.07606602,0.014854302,nan,nan,nan,nan,nan
334074606,334074489,-0.45532027,0.049544554,0.12877567,nan,nan,nan,nan,nan
334174366,334174245,-0.5610135,0.05601886,0.15602924,nan,nan,nan,nan,nan
334274119,334274001,-0.5262494,0.15526742,0.16694811,nan,nan,nan,nan,nan
334376370,334376251,-0.31277192,-0.008125239,0.17099355,nan,nan,nan,nan,nan
334473634,334473513,-0.45568198,-0.0004019834,0.16862121,nan,nan,nan,nan,nan
334575881,334575763,-0.4709105,0.022107085,0.15153614,nan,nan,nan,nan,nan
334673143,334673025,-0.31474712,-0.09624234,0.15365726,nan,nan,nan,nan,nan
334775390,334775275,-0.4806658,-0.040983636,0.15421681,nan,nan,nan,nan,nan
334872659,334872537,-0.40426883,-0.034323417,0.15431939,nan,nan,nan,nan,nan
334974904,334974787,-0.17422755,-0.19094746,0.16491278,nan,nan,nan,nan,nan
335077168,335077036,-0.26924154,-0.192544,0.16187792,nan,nan,nan,nan,nan
335174447,335174299,-0.26619625,-0.13255492,0.1659494,nan,nan,nan,nan,nan
335276682,335276548,-0.25630608,-0.050920293,0.21872534,nan,nan,nan,nan,nan
335373926,335373810,-0.30923736,-0.06588957,0.20917231,nan,nan,nan,nan,nan
335476182,335476060,-0.24177203,-0.1849833,0.17012809,nan,nan,nan,nan,nan
335573438,335573322,-0.120006844,-0.4099212,0.13944048,nan,nan,nan,nan,nan
335675688,335675572,-0.20008935,-0.3067153,0.13735038,nan,nan,nan,nan,nan
335775444,335775328,-0.14024712,-0.39229918,0.14528568,nan,nan,nan,nan,nan
335875203,335875084,-0.22450204,-0.36879784,0.20077525,nan,nan,nan,nan,nan
335974957,335974839,-0.47124663,-0.044576276,0.15960965,nan,nan,nan,nan,nan
336074716,336074595,-0.33254734,-0.15159199,0.17036621,nan,nan,nan,nan,nan
336174467,336174351,-0.41275886,-0.18185441,0.20002246,nan,nan,nan,nan,nan
336274227,336274107,-0.4616759,-0.10840485,0.16798192,nan,nan,nan,nan,nan
336373981,336373863,-0.19471687,-0.40837225,0.21326418,nan,nan,nan,nan,nan
336473742,336473618,-0.10879886,-0.5332631,0.1910643,nan,nan,nan,nan,nan
336573519,336573374,-0.07671203,-0.5779202,0.18314143,nan,nan,nan,nan,nan
336675753,336675624,-0.06965184,-0.6885889,0.19304833,nan,nan,nan,nan,nan
336773009,336772886,-0.21083264,-0.4606223,0.17478117,nan,nan,nan,nan,nan
336875261,336875136,-0.16425957,-0.4721754,0.19073558,nan,nan,nan,nan,nan
336972532,336972397,-0.21476373,-0.500436,0.19928728,nan,nan,nan,nan,nan
337074772,337074647,-0.17907496,-0.5031263,0.16811,nan,nan,nan,nan,nan
337177014,337176896,-0.0728504,-0.63485116,0.18223953,nan,nan,nan,nan,nan
337274421,337274158,-0.1752057,-0.5342062,0.15815216,nan,nan,nan,nan,nan
337376527,337376408,-0.24637435,-0.43658662,0.17463447,nan,nan,nan,nan,nan
337473913,337473670,-0.123818055,-0.522092,0.18431333,nan,nan,nan,nan,nan
337576036,337575919,0.025240747,-0.5384777,0.19219452,nan,nan,nan,nan,nan
337673393,337673181,0.14308017,-0.66553813,0.19572814,nan,nan,nan,nan,nan
337775548,337775430,-0.11393682,-0.56593335,0.2070832,nan,nan,nan,nan,nan
337875343,337875186,-0.22303376,-0.46643522,0.1966535,nan,nan,nan,nan,nan
337975060,337974942,-0.13919704,-0.54986954,0.22162592,nan,nan,nan,nan,nan
338074832,338074697,-0.21316111,-0.48191917,0.21468505,nan,nan,nan,nan,nan
338174570,338174453,-0.09345845,-0.5828066,0.21308696,nan,nan,nan,nan,nan
338274347,338274208,-0.015983872,-0.67224777,0.21937549,nan,nan,nan,nan,nan
338374083,338373964,0.012524803,-0.60158044,0.22283918,nan,nan,nan,nan,nan
338473841,338473720,0.19102958,-0.7515031,0.24180007,nan,nan,nan,nan,nan
338576088,338575969,0.2579925,-0.89719045,0.2548664,nan,nan,nan,nan,nan
338673350,338673231,0.20679097,-0.83241624,0.24869183,nan,nan,nan,nan,nan
338775600,338775480,0.1741442,-0.80158824,0.2136327,nan,nan,nan,nan,nan
338872861,338872742,0.18078871,-0.80262566,0.21409634,nan,nan,nan,nan,nan
338975106,338974991,0.27516463,-0.87414885,0.22311929,nan,nan,nan,nan,nan
339072372,339072253,0.28588086,-0.9028167,0.2380914,nan,nan,nan,nan,nan
339174623,339174503,0.002490841,-0.5628942,0.20119102,nan,nan,nan,nan,nan
339276888,339276752,0.2254354,-0.69228286,0.213952,nan,nan,nan,nan,nan
339374141,339374013,0.14948444,-0.71402293,0.2205677,nan,nan,nan,nan,nan
339476382,339476263,0.14976123,-0.64622366,0.21975406,nan,nan,nan,nan,nan
339573643,339573524,0.30069014,-0.72821623,0.23467669,nan,nan,nan,nan,nan
339675925,339675774,0.31707656,-0.7420567,0.2725757,nan,nan,nan,nan,nan
339773155,339773035,0.25795242,-0.66988486,0.2531742,nan,nan,nan,nan,nan
339875403,339875285,0.25443622,-0.6847891,0.21698,nan,nan,nan,nan,nan
339975160,339975040,0.282998,-0.67121494,0.23375669,nan,nan,nan,nan,nan
340074914,340074796,0.20410724,-0.5669764,0.1871148,nan,nan,nan,nan,nan
340174673,340174551,0.2146452,-0.6589241,0.1752138,nan,nan,nan,nan,nan
340274422,340274306,0.14937839,-0.557799,0.1835534,nan,nan,nan,nan,nan
340374182,340374062,0.141893,-0.57905525,0.16513383,nan,nan,nan,nan,nan
340473937,340473817,0.066964746,-0.59326965,0.17876402,nan,nan,nan,nan,nan
340573690,340573572,0.13454357,-0.6619793,0.16627808,nan,nan,nan,nan,nan
340675949,340675821,0.1515195,-0.6900426,0.18429404,nan,nan,nan,nan,nan
340773203,340773083,0.0039409436,-0.47355118,0.22995716,nan,nan,nan,nan,nan
340875449,340875332,0.15718737,-0.5729735,0.22386007,nan,nan,nan,nan,nan
340972715,340972597,0.103009425,-0.63891375,0.21680805,nan,nan,nan,nan,nan
341074973,341074843,0.23332375,-0.7868139,0.23437284,nan,nan,nan,nan,nan
341172224,341172104,0.34445634,-0.9181396,0.25085154,nan,nan,nan,nan,nan
341274473,341274353,0.22276245,-0.84477234,0.24912609,nan,nan,nan,nan,nan
341376724,341376603,0.27009147,-0.898096,0.24034674,nan,nan,nan,nan,nan
341473981,341473864,0.29007143,-0.9736188,0.2584812,nan,nan,nan,nan,nan
341576232,341576113,0.1669084,-0.7910893,0.25920257,nan,nan,nan,nan,nan
341673490,341673375,0.26529068,-0.8215421,0.251038,nan,nan,nan,nan,nan
341775762,341775624,0.19778977,-0.7957375,0.2497965,nan,nan,nan,nan,nan
341873003,341872885,0.11769594,-0.613252,0.2174942,nan,nan,nan,nan,nan
341975253,341975134,0.11651403,-0.61902666,0.19954778,nan,nan,nan,nan,nan
342075014,342074889,-0.00062344095,-0.55097824,0.18145975,nan,nan,nan,nan,nan
342174765,342174645,-0.044741563,-0.5118129,0.1843996,nan,nan,nan,nan,nan
342274521,342274400,-0.060929608,-0.5326338,0.20045982,nan,nan,nan,nan,nan
342374271,342374155,-0.307842,-0.24743335,0.19540535,nan,nan,nan,nan,nan
342474029,342473911,-0.0694356,-0.41710287,0.21758312,nan,nan,nan,nan,nan
342573784,342573666,-0.029893463,-0.52017576,0.23423617,nan,nan,nan,nan,nan
342673539,342673421,-0.06879938,-0.42692125,0.21577859,nan,nan,nan,nan,nan
342775790,342775670,-0.03647056,-0.4310184,0.20121981,nan,nan,nan,nan,nan
342873054,342872931,-0.007319864,-0.46100003,0.2048523,nan,nan,nan,nan,nan
342975296,342975180,0.08191648,-0.5806958,0.2190761,nan,nan,nan,nan,nan
343072561,343072442,0.2748592,-0.81799436,0.22760116,nan,nan,nan,nan,nan
343174874,343174691,0.33702618,-0.8599567,0.26013386,nan,nan,nan,nan,nan
343272072,343271952,0.2839302,-0.76911134,0.23635279,nan,nan,nan,nan,nan
343374318,343374201,0.256897,-0.7807845,0.22442289,nan,nan,nan,nan,nan
343476566,343476450,0.21585274,-0.6707386,0.20748156,nan,nan,nan,nan,nan
343573828,343573711,0.38304272,-0.7860254,0.23611452,nan,nan,nan,nan,nan
343676079,343675960,0.15757078,-0.6610146,0.23251855,nan,nan,nan,nan,nan
343773358,343773221,0.18550363,-0.7171979,0.22504921,nan,nan,nan,nan,nan
343875588,343875470,0.28905725,-0.8032291,0.26658854,nan,nan,nan,nan,nan
343972847,343972731,0.17895174,-0.66478485,0.21506853,nan,nan,nan,nan,nan
344075098,344074980,0.5260542,-1.0,0.20410922,nan,nan,nan,nan,nan
344177361,344177229,0.58872026,-1.0,0.20427169,nan,nan,nan,nan,nan
344274608,344274490,0.35726035,-0.88196814,0.16436033,nan,nan,nan,nan,nan
344376872,344376739,0.47366703,-0.93068576,0.14776312,nan,nan,nan,nan,nan
344474117,344474000,0.30725974,-0.8133196,0.12207598,nan,nan,nan,nan,nan
344576378,344576249,0.18471305,-0.6461598,0.10703524,nan,nan,nan,nan,nan
344673631,344673511,0.19902533,-0.67337275,0.11309124,nan,nan,nan,nan,nan
344773391,344773266,0.060362577,-0.55539405,0.083964966,nan,nan,nan,nan,nan
344875650,344875514,-0.01536326,-0.47514448,0.07127103,nan,nan,nan,nan,nan
344972903,344972776,-0.28916135,-0.33777916,0.13516486,nan,nan,nan,nan,nan
345075147,345075024,-0.3579161,-0.18593702,0.13331783,nan,nan,nan,nan,nan
345172568,345172285,-0.022106064,-0.4626127,0.08576625,nan,nan,nan,nan,nan
345274655,345274534,0.1044028,-0.6919164,0.09996559,nan,nan,nan,nan,nan
345374498,345374289,0.12482056,-0.6379092,0.064284,nan,nan,nan,nan,nan
345474160,345474044,0.20724034,-0.7648055,0.08751993,nan,nan,nan,nan,nan
345576446,345576293,0.01844668,-0.554446,0.05264679,nan,nan,nan,nan,nan
345673678,345673554,0.09644282,-0.5902061,0.03783873,nan,nan,nan,nan,nan
345775938,345775803,0.068896376,-0.6486857,0.06528809,nan,nan,nan,nan,nan
345873180,345873064,-0.06170652,-0.3859039,0.018650021,nan,nan,nan,nan,nan
345975434,345975313,0.12789895,-0.5360879,0.027739486,nan,nan,nan,nan,nan
346072691,346072574,0.024380533,-0.5427595,0.036469284,nan,nan,nan,nan,nan
346174973,346174823,0.0288001,-0.4096949,0.015546144,nan,nan,nan,nan,nan
346277198,346277072,0.08948461,-0.5353127,0.024128987,nan,nan,nan,nan,nan
346374456,346374333,-0.06670038,-0.37830374,-0.011530908,nan,nan,nan,nan,nan
346476701,346476581,-0.072248,-0.32728282,-0.035570417,nan,nan,nan,nan,nan
346573962,346573842,-0.045934018,-0.42285588,-0.024971634,nan,nan,nan,nan,nan
346676210,346676091,-0.17548554,-0.20384549,-0.059894793,nan,nan,nan,nan,nan
346773471,346773352,0.003067835,-0.3873104,-0.051652733,nan,nan,nan,nan,nan
346875719,346875601,-0.11608824,-0.37378126,-0.016954532,nan,nan,nan,nan,nan
346975477,346975356,-0.10261546,-0.18001255,-0.0327108,nan,nan,nan,nan,nan
347075231,347075110,0.015255831,-0.32411706,0.00074198935,nan,nan,nan,nan,nan
347174993,347174865,-0.17301053,-0.13729332,-0.011930772,nan,nan,nan,nan,nan
347274739,347274620,-0.11451723,-0.1809687,0.004323349,nan,nan,nan,nan,nan
347374500,347374375,-0.035663154,-0.306973,0.0035439262,nan,nan,nan,nan,nan
347474244,347474129,-0.21371458,-0.04236173,-0.009246808,nan,nan,nan,nan,nan
347574014,347573884,-0.065925725,-0.16757712,-0.029194491,nan,nan,nan,nan,nan
347676252,347676133,-0.19777282,-0.14835513,0.0028663075,nan,nan,nan,nan,nan
347773514,347773394,-0.30672073,0.053255662,0.040926937,nan,nan,nan,nan,nan
347875760,347875642,-0.052505307,-0.18568839,0.03437524,nan,nan,nan,nan,nan
347973021,347972903,-0.57344586,0.1557099,0.17420684,nan,nan,nan,nan,nan
348075270,348075152,-0.5624252,0.1635156,0.19362494,nan,nan,nan,nan,nan
348172530,348172413,-0.38119885,0.032109756,0.19183712,nan,nan,nan,nan,nan
348274778,348274661,-0.3478589,0.05090689,0.18463624,nan,nan,nan,nan,nan
348377026,348376910,-0.3685443,0.09168938,0.18187784,nan,nan,nan,nan,nan
348474288,348474170,-0.32003784,-0.049557596,0.17255561,nan,nan,nan,nan,nan
348576535,348576419,-0.42506108,0.08542403,0.16743313,nan,nan,nan,nan,nan
348673802,348673679,-0.3104886,-0.048863407,0.14471287,nan,nan,nan,nan,nan
348776045,348775928,-0.3877976,-0.10118349,0.1404003,nan,nan,nan,nan,nan
348873307,348873189,-0.42392367,-0.06644882,0.13840218,nan,nan,nan,nan,nan
348975553,348975437,-0.32162488,-0.13455018,0.14397311,nan,nan,nan,nan,nan
349075310,349075191,-0.33460775,-0.08903558,0.1368423,nan,nan,nan,nan,nan
349175065,349174947,-0.11390165,-0.34226206,0.1256356,nan,nan,nan,nan,nan
349274817,349274701,-0.09539129,-0.5266137,0.14858614,nan,nan,nan,nan,nan
349374585,349374455,-0.14189616,-0.4518177,0.108700834,nan,nan,nan,nan,nan
349474327,349474210,0.07859834,-0.6683672,0.110625,nan,nan,nan,nan,nan
349574079,349573964,-0.06901151,-0.6518973,0.10034439,nan,nan,nan,nan,nan
349673853,349673719,-0.111126475,-0.5734439,0.07246301,nan,nan,nan,nan,nan
349775386,349775153,-0.26279944,-0.41818985,0.13198355,nan,nan,nan,nan,nan
349873891,349873663,-0.3262084,-0.32501864,0.12445126,nan,nan,nan,nan,nan
349974866,349974636,-0.21284328,-0.45850587,0.13516587,nan,nan,nan,nan,nan
350073372,350073146,0.0043537617,-0.7557331,0.1602493,nan,nan,nan,nan,nan
350174347,350174119,0.078316934,-0.76566714,0.13646467,nan,nan,nan,nan,nan
350272858,350272629,0.20407723,-0.87126446,0.1298385,nan,nan,nan,nan,nan
350373831,350373601,0.0913408,-0.8759049,0.13162167,nan,nan,nan,nan,nan
350477277,350477037,-0.016984932,-0.66786987,0.06362907,nan,nan,nan,nan,nan
350573311,350573084,0.11287058,-0.7735853,0.085692674,nan,nan,nan,nan,nan
350676749,350676519,-0.14481393,-0.50634485,0.03609556,nan,nan,nan,nan,nan
350772794,350772567,-0.05014945,-0.5046926,0.029147254,nan,nan,nan,nan,nan
350876229,350876002,-0.042154003,-0.6221826,0.07021501,nan,nan,nan,nan,nan
350972278,350972049,-0.25555474,-0.28530297,0.0001171835,nan,nan,nan,nan,nan
351075713,351075485,-0.0656593,-0.44994688,0.029113855,nan,nan,nan,nan,nan
351176690,351176457,-0.08105777,-0.5218313,0.054843906,nan,nan,nan,nan,nan
351275196,351274967,-0.17869425,-0.27021453,0.014399598,nan,nan,nan,nan,nan
351376168,351375940,-0.050362367,-0.34566495,0.0019106612,nan,nan,nan,nan,nan
351474720,351474450,-0.18814732,-0.24886334,-0.015280207,nan,nan,nan,nan,nan
351575652,351575422,-0.18524516,-0.26859555,-0.019408997,nan,nan,nan,nan,nan
351674157,351673932,-0.32291698,-0.20475854,0.074222066,nan,nan,nan,nan,nan
351775133,351774905,-0.5701797,0.04729485,0.12176737,nan,nan,nan,nan,nan
351876109,351875877,-0.37392366,-0.098051265,0.13526341,nan,nan,nan,nan,nan
351974613,351974387,-0.31448245,-0.2273381,0.15248014,nan,nan,nan,nan,nan
352075634,352075360,-0.4257133,-0.038489845,0.15583894,nan,nan,nan,nan,nan
352174097,352173869,-0.1596249,-0.26196352,0.14801757,nan,nan,nan,nan,nan
352275115,352274842,-0.27897558,-0.2247499,0.15182051,nan,nan,nan,nan,nan
352373576,352373352,-0.33122653,-0.11864936,0.15614665,nan,nan,nan,nan,nan
352474625,352474327,-0.22705387,-0.22676234,0.16433243,nan,nan,nan,nan,nan
352575524,352575296,-0.4111809,-0.0484596,0.15397054,nan,nan,nan,nan,nan
352674048,352673806,-0.37153023,-0.1013708,0.14817606,nan,nan,nan,nan,nan
352775018,352774779,-0.30296096,-0.20207945,0.1466166,nan,nan,nan,nan,nan
352873529,352873288,-0.43211767,-0.0014120261,0.14266035,nan,nan,nan,nan,nan
352974530,352974261,-0.22409151,-0.16549134,0.1391582,nan,nan,nan,nan,nan
353073012,353072770,-0.21936782,-0.2614822,0.15596418,nan,nan,nan,nan,nan
353173971,353173743,-0.3688989,-0.058352686,0.15471706,nan,nan,nan,nan,nan
353277436,353277178,-0.1329858,-0.21338108,0.1511765,nan,nan,nan,nan,nan
353373454,353373225,-0.2925743,-0.20299992,0.21813993,nan,nan,nan,nan,nan
353476921,353476660,-0.5952988,0.20770149,0.14284559,nan,nan,nan,nan,nan
353572935,353572707,-0.34358385,0.005700414,0.16206393,nan,nan,nan,nan,nan
353676379,353676142,-0.122112736,-0.33245385,0.20729926,nan,nan,nan,nan,nan
353772418,353772189,-0.13712217,-0.2805161,0.16337582,nan,nan,nan,nan,nan
353875857,353875624,-0.06673185,-0.36355838,0.15566999,nan,nan,nan,nan,nan
353976829,353976596,-0.27289417,-0.3324899,0.1920698,nan,nan,nan,nan,nan
354075340,354075106,-0.36557874,-0.2320705,0.19710691,nan,nan,nan,nan,nan
354176306,354176078,-0.15745892,-0.34393793,0.20202656,nan,nan,nan,nan,nan
354274819,354274588,0.030495467,-0.51154923,0.20211159,nan,nan,nan,nan,nan
354375789,354375560,0.052498788,-0.42781714,0.20076618,nan,nan,nan,nan,nan
354474296,354474069,0.21564446,-0.5870016,0.2173336,nan,nan,nan,nan,nan
354575269,354575042,0.32868025,-0.7949868,0.24993263,nan,nan,nan,nan,nan
354676241,354676014,0.1673337,-0.6416873,0.23962685,nan,nan,nan,nan,nan
354774755,354774524,0.24091776,-0.6604228,0.24141294,nan,nan,nan,nan,nan
354875745,354875496,0.2808201,-0.7107836,0.24314764,nan,nan,nan,nan,nan
354974252,354974005,0.27023154,-0.6780965,0.24601734,nan,nan,nan,nan,nan
355075226,355074977,0.1629075,-0.5979032,0.22288606,nan,nan,nan,nan,nan
355173714,355173487,0.20168883,-0.7164406,0.20461003,nan,nan,nan,nan,nan
355274690,355274459,0.18576255,-0.6890581,0.21394175,nan,nan,nan,nan,nan
355375662,355375431,0.348689,-0.8030065,0.22640817,nan,nan,nan,nan,nan
355474167,355473941,0.344362,-0.81004745,0.24130547,nan,nan,nan,nan,nan
355575144,355574913,0.3789682,-0.7605302,0.26387107,nan,nan,nan,nan,nan
355673653,355673422,0.44379908,-0.7768099,0.25960296,nan,nan,nan,nan,nan
355774621,355774394,0.46045765,-0.9093936,0.25094977,nan,nan,nan,nan,nan
355873164,355872904,0.4096707,-0.8317734,0.25709292,nan,nan,nan,nan,nan
355974103,355973876,0.4585674,-0.81303495,0.23349665,nan,nan,nan,nan,nan
356075076,356074848,0.53089285,-0.9249656,0.21823046,nan,nan,nan,nan,nan
356173583,356173357,0.43272907,-0.81558365,0.22049473,nan,nan,nan,nan,nan
356274574,356274329,0.44195986,-0.82532585,0.19777206,nan,nan,nan,nan,nan
356373067,356372838,0.3761063,-0.7823665,0.2002923,nan,nan,nan,nan,nan
356474039,356473811,0.43352935,-0.87084264,0.21215354,nan,nan,nan,nan,nan
356572546,356572320,0.45746648,-0.95401895,0.21425259,nan,nan,nan,nan,nan
356673521,356673292,0.3865731,-0.8189507,0.23301649,nan,nan,nan,nan,nan
356776954,356776726,0.5345073,-0.9117092,0.22892916,nan,nan,nan,nan,nan
356875464,356875236,0.41161492,-0.87794673,0.24027036,nan,nan,nan,nan,nan
356976435,356976208,0.3836373,-0.8317497,0.25812766,nan,nan,nan,nan,nan
357074945,357074717,0.43454385,-0.88349855,0.24305296,nan,nan,nan,nan,nan
357175916,357175689,0.34315,-0.81437165,0.24528545,nan,nan,nan,nan,nan
357274464,357274198,0.3560787,-0.8581272,0.25682783,nan,nan,nan,nan,nan
357375397,357375170,0.28085056,-0.8760066,0.24277642,nan,nan,nan,nan,nan
357476370,357476142,0.27746812,-0.8021053,0.26084617,nan,nan,nan,nan,nan
357574880,357574651,0.37795764,-0.8748761,0.24023525,nan,nan,nan,nan,nan
357675852,357675623,0.27486584,-0.8198293,0.23744482,nan,nan,nan,nan,nan
357774373,357774132,0.108701184,-0.70457256,0.22887072,nan,nan,nan,nan,nan
357875341,357875104,-0.0031014096,-0.7569835,0.20656702,nan,nan,nan,nan,nan
357973839,357973613,-0.059106555,-0.66780305,0.2066594,nan,nan,nan,nan,nan
358074814,358074585,0.2813226,-0.97523594,0.256629,nan,nan,nan,nan,nan
358175786,358175557,0.19455993,-0.93603337,0.2680739,nan,nan,nan,nan,nan
358274293,358274066,0.15440689,-0.8103421,0.24801758,nan,nan,nan,nan,nan
358375265,358375038,0.13733809,-0.8103096,0.23263933,nan,nan,nan,nan,nan
358473776,358473547,0.09801141,-0.7660422,0.22543705,nan,nan,nan,nan,nan
358574751,358574519,0.027560389,-0.7360569,0.20131512,nan,nan,nan,nan,nan
358673269,358673028,0.010273604,-0.77321327,0.18750001,nan,nan,nan,nan,nan
358774267,358774000,-0.048691217,-0.74267924,0.19797419,nan,nan,nan,nan,nan
358875199,358874972,0.07356902,-0.8829462,0.21234411,nan,nan,nan,nan,nan
358973721,358973481,0.0027505932,-0.8539989,0.22059679,nan,nan,nan,nan,nan
359074686,359074453,-0.0007751066,-0.81480545,0.19703496,nan,nan,nan,nan,nan
359173210,359172962,0.084263414,-0.86337286,0.22754286,nan,nan,nan,nan,nan
359274162,359273934,-0.0664897,-0.65381545,0.19004798,nan,nan,nan,nan,nan
359372680,359372443,-0.0077873934,-0.6341864,0.1917115,nan,nan,nan,nan,nan
359473645,359473415,-0.12752406,-0.56495833,0.20156564,nan,nan,nan,nan,nan
359577108,359576849,-0.24095987,-0.38666308,0.1835318,nan,nan,nan,nan,nan
359673123,359672896,-0.1385955,-0.43422243,0.2259571,nan,nan,nan,nan,nan
359776617,359776330,-0.26188406,-0.3410777,0.21571593,nan,nan,nan,nan,nan
359872608,359872377,-0.22776352,-0.374828,0.19808853,nan,nan,nan,nan,nan
359976065,359975811,-0.10731712,-0.5455365,0.20668527,nan,nan,nan,nan,nan
360072088,360071858,-0.12821442,-0.4351342,0.20191434,nan,nan,nan,nan,nan
360175563,360175292,0.12778841,-0.59353423,0.18593349,nan,nan,nan,nan,nan
360276493,360276264,0.052533172,-0.6140946,0.18802373,nan,nan,nan,nan,nan
360375014,360374773,0.007577558,-0.5943132,0.17134891,nan,nan,nan,nan,nan
360475977,360475745,0.07088586,-0.6394572,0.18857685,nan,nan,nan,nan,nan
360574497,360574254,0.121987246,-0.65595025,0.17902848,nan,nan,nan,nan,nan
360675453,360675226,0.42840686,-0.95068645,0.16975157,nan,nan,nan,nan,nan
360773976,360773735,0.39066046,-1.0,0.16207126,nan,nan,nan,nan,nan
360874935,360874707,0.3258589,-0.884937,0.15293978,nan,nan,nan,nan,nan
360975923,360975678,0.45291263,-0.99642605,0.18106821,nan,nan,nan,nan,nan
361074418,361074187,0.27055636,-0.8655889,0.16765922,nan,nan,nan,nan,nan
361175405,361175159,0.0665486,-0.67493266,0.1608804,nan,nan,nan,nan,nan
361273896,361273668,0.02556999,-0.6440705,0.18144658,nan,nan,nan,nan,nan
361374871,361374640,-0.17193033,-0.4983237,0.14509414,nan,nan,nan,nan,nan
361473378,361473149,-0.0058927964,-0.6039819,0.14690842,nan,nan,nan,nan,nan
361574410,361574120,-0.040266734,-0.55578464,0.16843463,nan,nan,nan,nan,nan
361675319,361675092,-0.040218245,-0.4281763,0.13989878,nan,nan,nan,nan,nan
361773829,361773601,0.0057899808,-0.501713,0.1549402,nan,nan,nan,nan,nan
361874801,361874573,-0.16345705,-0.35747576,0.14121361,nan,nan,nan,nan,nan
361973331,361973082,-0.14535594,-0.4042939,0.1491711,nan,nan,nan,nan,nan
362074281,362074053,-0.14488083,-0.48138592,0.16960943,nan,nan,nan,nan,nan
362172789,362172562,-0.21020928,-0.316461,0.1792522,nan,nan,nan,nan,nan
362273763,362273534,0.07988552,-0.5335555,0.18832134,nan,nan,nan,nan,nan
362377198,362376968,-0.083552,-0.39445716,0.18376267,nan,nan,nan,nan,nan
362473242,362473015,-0.099936604,-0.4141941,0.17757872,nan,nan,nan,nan,nan
362576682,362576449,-0.0955224,-0.5134099,0.16949353,nan,nan,nan,nan,nan
362672727,362672495,-0.16795711,-0.3999115,0.15012503,nan,nan,nan,nan,nan
362776158,362775929,-0.1489072,-0.42947102,0.13639878,nan,nan,nan,nan,nan
362872202,362871976,-0.20109753,-0.4867072,0.14050482,nan,nan,nan,nan,nan
362975658,362975410,-0.23854339,-0.40162948,0.12984613,nan,nan,nan,nan,nan
363076610,363076381,-0.16745496,-0.5013115,0.13675763,nan,nan,nan,nan,nan
363175118,363174890,-0.3086791,-0.45229003,0.11234672,nan,nan,nan,nan,nan
363276098,363275862,-0.19140497,-0.56624454,0.11836437,nan,nan,nan,nan,nan
363374599,363374371,-0.19873,-0.6115207,0.15164575,nan,nan,nan,nan,nan
363475569,363475342,-0.30312932,-0.38707572,0.15950511,nan,nan,nan,nan,nan
363574094,363573851,-0.24750118,-0.43796885,0.17801145,nan,nan,nan,nan,nan
363675049,363674823,-0.3477511,-0.38523248,0.19784461,nan,nan,nan,nan,nan
363776030,363775794,-0.39464316,-0.4047445,0.1785397,nan,nan,nan,nan,nan
363874529,363874303,-0.31557083,-0.49394268,0.18930796,nan,nan,nan,nan,nan
363975502,363975275,-0.4077396,-0.29878643,0.16387734,nan,nan,nan,nan,nan
364074011,364073784,-0.34906632,-0.33545196,0.1581371,nan,nan,nan,nan,nan
364174983,364174755,-0.3547848,-0.44673672,0.19190148,nan,nan,nan,nan,nan
364273490,364273264,-0.44130728,-0.29966432,0.17291886,nan,nan,nan,nan,nan
364374464,364374236,-0.3147416,-0.41195595,0.23451018,nan,nan,nan,nan,nan
364475504,364475210,-0.38785803,-0.32639056,0.24253638,nan,nan,nan,nan,nan
364573957,364573716,-0.27002978,-0.48202747,0.2506418,nan,nan,nan,nan,nan
364674927,364674687,-0.12992701,-0.6720258,0.28373834,nan,nan,nan,nan,nan
364773424,364773196,-0.116862,-0.6189233,0.25458795,nan,nan,nan,nan,nan
364874398,364874168,0.017021332,-0.73011166,0.2358592,nan,nan,nan,nan,nan
364972923,364972677,0.008331957,-0.73846555,0.21472774,nan,nan,nan,nan,nan
365073883,365073648,0.12711889,-0.8463808,0.2534229,nan,nan,nan,nan,nan
365177314,365177082,0.17179066,-0.962727,0.26943383,nan,nan,nan,nan,nan
365273378,365273128,0.13192734,-0.89699274,0.26064938,nan,nan,nan,nan,nan
365376794,365376562,0.08554419,-0.8870998,0.25053173,nan,nan,nan,nan,nan
365472838,365472610,0.10529335,-0.97087306,0.23728049,nan,nan,nan,nan,nan
365576289,365576043,0.008147593,-0.80030483,0.21793884,nan,nan,nan,nan,nan
365672319,365672089,0.1277583,-0.8498725,0.21412894,nan,nan,nan,nan,nan
365775751,365775523,0.03653938,-0.7595674,0.20799741,nan,nan,nan,nan,nan
365876725,365876494,0.07320936,-0.91795355,0.22619459,nan,nan,nan,nan,nan
365975269,365975003,0.07043619,-0.97808737,0.25942338,nan,nan,nan,nan,nan
366076207,366075977,-0.015934203,-0.76756483,0.22213495,nan,nan,nan,nan,nan
366174710,366174483,0.2030437,-0.9398483,0.2623728,nan,nan,nan,nan,nan
366275685,366275455,0.020185582,-0.837967,0.26072088,nan,nan,nan,nan,nan
366374194,366373964,-0.018677473,-0.73328406,0.21053396,nan,nan,nan,nan,nan
366475163,366474935,0.034360528,-0.7903876,0.22473738,nan,nan,nan,nan,nan
366576136,366575906,-0.03172385,-0.66247076,0.19179018,nan,nan,nan,nan,nan
366674646,366674416,0.030657,-0.7224208,0.1792844,nan,nan,nan,nan,nan
366775616,366775387,0.08872446,-0.8707685,0.1857034,nan,nan,nan,nan,nan
366874123,366873895,-0.0026501645,-0.68942386,0.16929226,nan,nan,nan,nan,nan
366975093,366974867,0.06611288,-0.7743115,0.16754796,nan,nan,nan,nan,nan
367073602,367073375,-0.14453623,-0.6490524,0.15144244,nan,nan,nan,nan,nan
367174584,367174347,-0.13375288,-0.65844846,0.14637461,nan,nan,nan,nan,nan
367275583,367275318,-0.10965334,-0.7807916,0.17570372,nan,nan,nan,nan,nan
367374068,367373827,-0.24102302,-0.589357,0.13779978,nan,nan,nan,nan,nan
367475092,367474799,-0.093272276,-0.73008764,0.15669133,nan,nan,nan,nan,nan
367573533,367573307,-0.2054442,-0.65171134,0.16567032,nan,nan,nan,nan,nan
367674522,367674278,-0.21011816,-0.5384935,0.13042349,nan,nan,nan,nan,nan
367773015,367772787,-0.06335661,-0.7008916,0.1800628,nan,nan,nan,nan,nan
367874000,367873758,-0.25400138,-0.4736814,0.1378973,nan,nan,nan,nan,nan
367977421,367977192,-0.19914325,-0.54941225,0.14198141,nan,nan,nan,nan,nan
368073481,368073238,-0.24005352,-0.6459496,0.1435354,nan,nan,nan,nan,nan
368176903,368176672,-0.3139922,-0.47494775,0.12784883,nan,nan,nan,nan,nan
368272962,368272718,-0.2997132,-0.46787995,0.099464335,nan,nan,nan,nan,nan
368376383,368376152,-0.3279879,-0.44214618,0.09233193,nan,nan,nan,nan,nan
368472439,368472198,-0.24491633,-0.42757657,0.10342173,nan,nan,nan,nan,nan
368575866,368575632,-0.14240845,-0.6378094,0.116132036,nan,nan,nan,nan,nan
368676836,368676603,-0.2871872,-0.33024698,0.123665854,nan,nan,nan,nan,nan
368775359,368775111,-0.2290148,-0.40820277,0.17841427,nan,nan,nan,nan,nan
368876308,368876083,-0.42495763,-0.30921587,0.17000432,nan,nan,nan,nan,nan
368974824,368974591,-0.45424944,-0.19822375,0.16422327,nan,nan,nan,nan,nan
369075790,369075562,-0.3350642,-0.37845352,0.17721733,nan,nan,nan,nan,nan
369174301,369174071,-0.4271233,-0.30149454,0.17842712,nan,nan,nan,nan,nan
369275270,369275042,-0.34490857,-0.38448593,0.18527801,nan,nan,nan,nan,nan
369376239,369376013,-0.11412891,-0.5911949,0.1605805,nan,nan,nan,nan,nan
369474749,369474522,-0.18726029,-0.4328602,0.14252396,nan,nan,nan,nan,nan
369575724,369575493,-0.016390488,-0.6093861,0.15805818,nan,nan,nan,nan,nan
369674230,369674001,-0.15867542,-0.5446442,0.16778551,nan,nan,nan,nan,nan
369775236,369774973,-0.14789532,-0.5300605,0.14332783,nan,nan,nan,nan,nan
369873711,369873481,-0.2165547,-0.45188507,0.19798547,nan,nan,nan,nan,nan
369974682,369974452,-0.43343315,-0.17943148,0.1712423,nan,nan,nan,nan,nan
370075655,370075423,-0.21382983,-0.34759122,0.18635361,nan,nan,nan,nan,nan
370174175,370173932,-0.14861242,-0.4546834,0.2309958,nan,nan,nan,nan,nan
370275131,370274903,-0.22069103,-0.2906021,0.19962937,nan,nan,nan,nan,nan
370373641,370373412,0.013207619,-0.47670925,0.20970537,nan,nan,nan,nan,nan
370474609,370474383,-0.061266378,-0.45093346,0.20801972,nan,nan,nan,nan,nan
370573119,370572891,-0.014765982,-0.5198401,0.2078321,nan,nan,nan,nan,nan
370674090,370673862,0.1187306,-0.6699718,0.22334252,nan,nan,nan,nan,nan
370775061,370774833,0.06699011,-0.5921763,0.22874203,nan,nan,nan,nan,nan
370873570,370873341,0.18998638,-0.6795867,0.20317833,nan,nan,nan,nan,nan
370974540,370974313,0.15545984,-0.7239315,0.19985971,nan,nan,nan,nan,nan
371073051,371072821,0.1765373,-0.6800824,0.21230198,nan,nan,nan,nan,nan
371174055,371173792,0.28120667,-0.7471923,0.19955178,nan,nan,nan,nan,nan
371272530,371272300,0.26093298,-0.73822314,0.19598874,nan,nan,nan,nan,nan
371375969,371375734,0.3255828,-0.809645,0.1953866,nan,nan,nan,nan,nan
371476931,371476705,0.28902036,-0.83993596,0.18630457,nan,nan,nan,nan,nan
371575444,371575213,0.21268046,-0.69017935,0.19578785,nan,nan,nan,nan,nan
371676424,371676184,0.33853754,-0.76149887,0.17249413,nan,nan,nan,nan,nan
371774922,371774695,0.36427075,-0.8365671,0.19471192,nan,nan,nan,nan,nan
371875891,371875664,0.4563272,-0.9111335,0.23488384,nan,nan,nan,nan,nan
371974398,371974172,0.44708288,-0.9156405,0.22426939,nan,nan,nan,nan,nan
372075370,372075143,0.41344944,-0.848856,0.23609027,nan,nan,nan,nan,nan
372173883,372173651,0.43326223,-0.87306595,0.23874901,nan,nan,nan,nan,nan
372274850,372274622,0.41997835,-0.97320443,0.23534325,nan,nan,nan,nan,nan
372375823,372375593,0.33202103,-0.831994,0.2526994,nan,nan,nan,nan,nan
372474329,372474101,0.35765606,-0.81102175,0.23995064,nan,nan,nan,nan,nan
372575301,372575072,0.280686,-0.7648164,0.23653753,nan,nan,nan,nan,nan
372673809,372673580,0.2314094,-0.7664376,0.22528662,nan,nan,nan,nan,nan
372774781,372774552,0.20783289,-0.8117905,0.20845337,nan,nan,nan,nan,nan
372875755,372875522,0.1569293,-0.7315416,0.2066953,nan,nan,nan,nan,nan
372974281,372974031,0.2613444,-0.8316484,0.21174033,nan,nan,nan,nan,nan
373075233,373075002,0.1542717,-0.827962,0.21791603,nan,nan,nan,nan,nan
373173746,373173510,0.1214139,-0.77107316,0.20492204,nan,nan,nan,nan,nan
373274712,373274481,0.17204498,-0.8250037,0.22445239,nan,nan,nan,nan,nan
373373220,373372989,0.11599617,-0.76542896,0.2166358,nan,nan,nan,nan,nan
373474202,373473960,0.10992945,-0.792301,0.21673086,nan,nan,nan,nan,nan
373575158,373574931,0.103556536,-0.89299095,0.21366708,nan,nan,nan,nan,nan
373673668,373673439,0.011993319,-0.7653221,0.20902722,nan,nan,nan,nan,nan
373774640,373774410,0.07026839,-0.8182674,0.1911566,nan,nan,nan,nan,nan
373873147,373872918,0.013964892,-0.7537332,0.1848762,nan,nan,nan,nan,nan
373974120,373973889,-0.006792068,-0.7374143,0.17469475,nan,nan,nan,nan,nan
374072628,374072397,0.021187037,-0.77810127,0.18820624,nan,nan,nan,nan,nan
374173595,374173368,-0.024708088,-0.6863564,0.16740134,nan,nan,nan,nan,nan
374277030,374276801,0.029212186,-0.7057756,0.16503458,nan,nan,nan,nan,nan
374373077,374372847,0.16916178,-0.8332143,0.19470161,nan,nan,nan,nan,nan
374476505,374476280,0.09085598,-0.6561846,0.19870988,nan,nan,nan,nan,nan
374572565,374572326,0.1963556,-0.7723356,0.19514002,nan,nan,nan,nan,nan
374675991,374675759,0.124997474,-0.8233206,0.20651717,nan,nan,nan,nan,nan
374772046,374771805,0.20265317,-0.89394474,0.21094197,nan,nan,nan,nan,nan
374875487,374875238,0.27972403,-0.89222515,0.22796297,nan,nan,nan,nan,nan
374976458,374976209,0.17590536,-0.7807753,0.21458183,nan,nan,nan,nan,nan
375074944,375074717,0.22755724,-0.76767826,0.19488001,nan,nan,nan,nan,nan
375175929,375175688,0.2880912,-0.83603144,0.21272238,nan,nan,nan,nan,nan
375274426,375274196,0.2628926,-0.78330004,0.22198081,nan,nan,nan,nan,nan
375375409,375375167,0.468283,-0.91415435,0.22111315,nan,nan,nan,nan,nan
375473921,375473675,0.41665286,-0.9478592,0.23714261,nan,nan,nan,nan,nan
375574891,375574646,0.3257059,-0.859347,0.24601705,nan,nan,nan,nan,nan
375675851,375675617,0.49806556,-0.9472855,0.22837429,nan,nan,nan,nan,nan
375774385,375774125,0.28317046,-0.70725656,0.23584099,nan,nan,nan,nan,nan
375875343,375875095,0.23346233,-0.71424013,0.2207429,nan,nan,nan,nan,nan
375973847,375973603,0.40262482,-1.0,0.25700566,nan,nan,nan,nan,nan
376074802,376074574,0.201271,-0.9097219,0.19378935,nan,nan,nan,nan,nan
376173328,376173082,0.25445768,-0.9151834,0.16179839,nan,nan,nan,nan,nan
376274279,376274053,0.26236677,-0.9068539,0.15882844,nan,nan,nan,nan,nan
376375255,376375023,0.15622112,-0.65973014,0.13425149,nan,nan,nan,nan,nan
376473769,376473531,0.23291384,-0.66768634,0.11355402,nan,nan,nan,nan,nan
376574731,376574502,-0.0288913,-0.5143781,0.08966978,nan,nan,nan,nan,nan
376673236,376673010,-0.12150766,-0.39809203,0.069831915,nan,nan,nan,nan,nan
376774209,376773981,-0.05812599,-0.48626167,0.098766536,nan,nan,nan,nan,nan
376872733,376872488,-0.24193674,-0.311436,0.10487678,nan,nan,nan,nan,nan
376973689,376973459,-0.049064115,-0.45921308,0.12329007,nan,nan,nan,nan,nan
377077122,377076892,0.069237664,-0.5591332,0.18200119,nan,nan,nan,nan,nan
377173165,377172937,-0.099390164,-0.3048763,0.1485922,nan,nan,nan,nan,nan
377276598,377276371,0.3840773,-0.6430676,0.21117978,nan,nan,nan,nan,nan
377372667,377372415,0.2682385,-0.6188665,0.25865066,nan,nan,nan,nan,nan
377476079,377475852,0.12971984,-0.46840775,0.21606544,nan,nan,nan,nan,nan
377572121,377571894,0.054655742,-0.4544024,0.17512101,nan,nan,nan,nan,nan
377675553,377675327,0.0034791469,-0.55381775,0.16507429,nan,nan,nan,nan,nan
377776523,377776297,-0.14574012,-0.46322918,0.1251007,nan,nan,nan,nan,nan
377875030,377874805,-0.13981652,-0.50844544,0.10935387,nan,nan,nan,nan,nan
377976003,377975775,-0.1678309,-0.43718594,0.09538656,nan,nan,nan,nan,nan
378074511,378074283,-0.011590288,-0.62107146,0.12275912,nan,nan,nan,nan,nan
378175481,378175253,-0.12884346,-0.6478599,0.15907949,nan,nan,nan,nan,nan
378273987,378273761,-0.2681162,-0.39557758,0.11092018,nan,nan,nan,nan,nan
378374961,378374731,-0.0033097384,-0.5944336,0.1445256,nan,nan,nan,nan,nan
378475930,378475701,-0.023606742,-0.6748006,0.17648023,nan,nan,nan,nan,nan
378574435,378574209,-0.10784505,-0.5052605,0.15955777,nan,nan,nan,nan,nan
378675407,378675179,-0.12540448,-0.4330204,0.106054716,nan,nan,nan,nan,nan
378773936,378773687,-0.08864208,-0.6209073,0.11586638,nan,nan,nan,nan,nan
378874884,378874657,-0.111462735,-0.5924798,0.11721883,nan,nan,nan,nan,nan
378973391,378973164,-0.012432087,-0.6440189,0.11805243,nan,nan,nan,nan,nan
379074364,379074135,-0.06949698,-0.6430004,0.12658593,nan,nan,nan,nan,nan
379175335,379175105,0.03235207,-0.70272005,0.1443549,nan,nan,nan,nan,nan
379273842,379273612,0.20731448,-0.79495883,0.20984508,nan,nan,nan,nan,nan
379374811,379374583,-0.011023537,-0.62057066,0.18775459,nan,nan,nan,nan,nan
379473319,379473090,0.025666257,-0.6078674,0.17971016,nan,nan,nan,nan,nan
379574288,379574060,0.11004578,-0.68019456,0.19853267,nan,nan,nan,nan,nan
379672795,379672568,-0.055291023,-0.5415855,0.17025042,nan,nan,nan,nan,nan
379773765,379773538,-0.07022499,-0.5040166,0.15461063,nan,nan,nan,nan,nan
379877214,379876971,-0.018889405,-0.5366764,0.16288808,nan,nan,nan,nan,nan
379973247,379973016,-0.17406644,-0.37984002,0.13732117,nan,nan,nan,nan,nan
380076693,380076448,-0.07137157,-0.43907964,0.14798051,nan,nan,nan,nan,nan
380172770,380172494,-0.024915043,-0.5120393,0.17350245,nan,nan,nan,nan,nan
380276177,380275926,-0.18018843,-0.3443098,0.15038872,nan,nan,nan,nan,nan
380372199,380371971,-0.06663908,-0.4449898,0.16187865,nan,nan,nan,nan,nan
380475639,380475406,-0.07088929,-0.4667898,0.18062991,nan,nan,nan,nan,nan
380576617,380576374,-0.3691251,-0.16279183,0.20343941,nan,nan,nan,nan,nan
380675113,380674881,-0.35347706,-0.14638059,0.21807265,nan,nan,nan,nan,nan
380776090,380775851,-0.30916902,-0.19208422,0.20760179,nan,nan,nan,nan,nan
380874589,380874359,-0.40495396,-0.06308154,0.20073102,nan,nan,nan,nan,nan
380975559,380975329,-0.29405636,-0.14275745,0.2008236,nan,nan,nan,nan,nan
381074067,381073836,-0.16859637,-0.25198382,0.20214082,nan,nan,nan,nan,nan
381175033,381174806,-0.21244183,-0.17785472,0.19799511,nan,nan,nan,nan,nan
381276004,381275776,-0.20288302,-0.14947319,0.19379757,nan,nan,nan,nan,nan
381374513,381374284,-0.2124761,-0.16287312,0.18163836,nan,nan,nan,nan,nan
381475480,381475254,-0.35072193,-0.017037943,0.16967829,nan,nan,nan,nan,nan
381573988,381573761,-0.17383,-0.15747058,0.16417408,nan,nan,nan,nan,nan
381674959,381674731,-0.106342,-0.21910346,0.20354965,nan,nan,nan,nan,nan
381773466,381773239,-0.3297822,-0.0087615205,0.1656147,nan,nan,nan,nan,nan
381874443,381874208,-0.24334215,-0.09341092,0.16235778,nan,nan,nan,nan,nan
381975408,381975178,-0.29127258,-0.06818397,0.20984313,nan,nan,nan,nan,nan
382074003,382073686,-0.38049376,0.073929586,0.20004663,nan,nan,nan,nan,nan
382174884,382174656,-0.23861928,-0.02081796,0.20937264,nan,nan,nan,nan,nan
382273438,382273163,-0.24955334,-0.06968668,0.24534869,nan,nan,nan,nan,nan
382374363,382374133,-0.34602907,0.051227223,0.24799249,nan,nan,nan,nan,nan
382472890,382472640,-0.34098762,0.08798599,0.24940288,nan,nan,nan,nan,nan
382573839,382573610,-0.21471778,-0.07734416,0.27808958,nan,nan,nan,nan,nan
382677285,382677043,-0.1938455,-0.04411038,0.2749963,nan,nan,nan,nan,nan
382773315,382773087,-0.115666136,-0.14537324,0.2637445,nan,nan,nan,nan,nan
382876765,382876520,-0.10633239,-0.30173063,0.29407266,nan,nan,nan,nan,nan
382972792,382972564,-0.15676038,-0.2382652,0.30781746,nan,nan,nan,nan,nan
383076244,383075997,-0.04817319,-0.26195028,0.3304862,nan,nan,nan,nan,nan
383172268,383172041,-0.04501731,-0.39024237,0.36156818,nan,nan,nan,nan,nan
383275719,383275474,-0.034296963,-0.38162613,0.34884596,nan,nan,nan,nan,nan
383376684,383376444,0.045216233,-0.42036477,0.321223,nan,nan,nan,nan,nan
383475198,383474951,0.012595505,-0.50670415,0.31793162,nan,nan,nan,nan,nan
383576146,383575921,0.0010074293,-0.4458551,0.32747534,nan,nan,nan,nan,nan
383674658,383674428,0.17658766,-0.5810391,0.3074628,nan,nan,nan,nan,nan
383775629,383775398,0.16113079,-0.70681554,0.31440088,nan,nan,nan,nan,nan
383874133,383873905,0.17389458,-0.61568534,0.32347828,nan,nan,nan,nan,nan
383975150,383974874,0.3114564,-0.7014487,0.29541865,nan,nan,nan,nan,nan
384076072,384075844,0.45072472,-1.0,0.22641057,nan,nan,nan,nan,nan
384174591,384174351,0.50566417,-1.0,0.27571458,nan,nan,nan,nan,nan
384275548,384275321,0.65170187,-1.0,0.2561993,nan,nan,nan,nan,nan
384374056,384373828,0.587703,-1.0,0.26749024,nan,nan,nan,nan,nan
384475041,384474798,0.52196366,-1.0,0.26830134,nan,nan,nan,nan,nan
384573532,384573305,0.4462597,-0.91716015,0.19851144,nan,nan,nan,nan,nan
384674502,384674275,0.5224035,-1.0,0.17225924,nan,nan,nan,nan,nan
384775473,384775245,0.44124985,-0.8734889,0.17170124,nan,nan,nan,nan,nan
384873981,384873752,0.53723496,-0.8946839,0.1524179,nan,nan,nan,nan,nan
384974950,384974721,0.4089638,-0.8875668,0.1676276,nan,nan,nan,nan,nan
385073455,385073228,0.34658328,-0.7850207,0.1905243,nan,nan,nan,nan,nan
385174428,385174198,0.5199202,-0.90110785,0.18403494,nan,nan,nan,nan,nan
385272933,385272705,0.46170065,-0.98713845,0.20566364,nan,nan,nan,nan,nan
385373905,385373675,0.43851122,-0.88224053,0.21424453,nan,nan,nan,nan,nan
385477340,385477107,0.5387522,-0.8979726,0.20333861,nan,nan,nan,nan,nan
385573380,385573152,0.44596612,-0.9637432,0.20901935,nan,nan,nan,nan,nan
385676817,385676584,0.38374487,-0.8761744,0.22609916,nan,nan,nan,nan,nan
385772872,385772628,0.4213902,-0.84161466,0.20715807,nan,nan,nan,nan,nan
385876302,385876061,0.329413,-0.8428865,0.20437598,nan,nan,nan,nan,nan
385972353,385972105,0.27628326,-0.7750933,0.20612772,nan,nan,nan,nan,nan
386075772,386075537,0.3202355,-0.788875,0.19295171,nan,nan,nan,nan,nan
386176740,386176507,0.19004746,-0.80019015,0.18564248,nan,nan,nan,nan,nan
386275276,386275014,0.18120812,-0.75577784,0.17294814,nan,nan,nan,nan,nan
386376231,386375984,0.40229583,-0.82389784,0.20626038,nan,nan,nan,nan,nan
386474722,386474491,0.29752502,-0.85719603,0.21851522,nan,nan,nan,nan,nan
386575690,386575460,0.1680308,-0.6509614,0.19211805,nan,nan,nan,nan,nan
386674195,386673967,0.33199206,-0.7676401,0.20578672,nan,nan,nan,nan,nan
386775165,386774937,0.19544522,-0.8167165,0.21619642,nan,nan,nan,nan,nan
386876137,386875906,0.1683956,-0.7337438,0.20965715,nan,nan,nan,nan,nan
386974647,386974413,0.23573303,-0.7914469,0.20221445,nan,nan,nan,nan,nan
387075610,387075383,0.10838035,-0.85040206,0.21140084,nan,nan,nan,nan,nan
387174117,387173890,0.14516462,-0.7773019,0.20400052,nan,nan,nan,nan,nan
387275087,387274860,0.24277449,-0.75569594,0.19972974,nan,nan,nan,nan,nan
387373594,387373367,0.27082032,-0.84476763,0.20713766,nan,nan,nan,nan,nan
387474564,387474336,0.22501934,-0.7381439,0.20560558,nan,nan,nan,nan,nan
387575533,387575306,0.27220613,-0.7497156,0.20073973,nan,nan,nan,nan,nan
387674053,387673813,0.26358783,-0.8375274,0.21124604,nan,nan,nan,nan,nan
387775009,387774782,0.17969052,-0.7478613,0.1990588,nan,nan,nan,nan,nan
387873515,387873289,0.2615948,-0.8051394,0.20809972,nan,nan,nan,nan,nan
387974496,387974258,0.33157098,-0.81984043,0.22124653,nan,nan,nan,nan,nan
388072993,388072765,0.20329145,-0.7147848,0.21172418,nan,nan,nan,nan,nan
388173975,388173735,0.21318844,-0.73494333,0.2070724,nan,nan,nan,nan,nan
388277396,388277167,0.25723493,-0.7705735,0.20822805,nan,nan,nan,nan,nan
388373438,388373211,0.20176798,-0.7639535,0.20709135,nan,nan,nan,nan,nan
388476879,388476643,0.17944741,-0.7208382,0.19563782,nan,nan,nan,nan,nan
388572915,388572687,0.29061574,-0.73102564,0.20066069,nan,nan,nan,nan,nan
388676351,388676120,0.20510352,-0.7652182,0.1986373,nan,nan,nan,nan,nan
388772391,388772164,0.18260363,-0.68533665,0.18584138,nan,nan,nan,nan,nan
388875828,388875596,0.34209695,-0.74771744,0.20531565,nan,nan,nan,nan,nan
388976792,388976565,0.27321565,-0.8554927,0.21888006,nan,nan,nan,nan,nan
389075302,389075072,0.19586569,-0.69139576,0.21284418,nan,nan,nan,nan,nan
389176290,389176042,0.30793452,-0.7312565,0.2094975,nan,nan,nan,nan,nan
389274776,389274548,0.23518783,-0.75844914,0.21748649,nan,nan,nan,nan,nan
389375795,389375518,0.16609368,-0.6962414,0.20852351,nan,nan,nan,nan,nan
389474254,389474025,0.122672975,-0.63041025,0.1771293,nan,nan,nan,nan,nan
389575240,389574994,0.1590734,-0.6564273,0.1639106,nan,nan,nan,nan,nan
389676191,389675964,0.0867595,-0.5475604,0.14915794,nan,nan,nan,nan,nan
389774717,389774470,0.16702774,-0.61007714,0.15555999,nan,nan,nan,nan,nan
389875669,389875440,0.22678359,-0.68287647,0.18980101,nan,nan,nan,nan,nan
389974189,389973947,0.05704348,-0.6663302,0.17735153,nan,nan,nan,nan,nan
390075145,390074916,0.050187815,-0.64695644,0.16645265,nan,nan,nan,nan,nan
390173666,390173423,0.18502042,-0.6495999,0.18532312,nan,nan,nan,nan,nan
390274619,390274392,0.10245995,-0.698197,0.19436139,nan,nan,nan,nan,nan
390375608,390375364,0.0049287397,-0.48807654,0.15585794,nan,nan,nan,nan,nan
390474097,390473868,0.1644604,-0.5748016,0.16197288,nan,nan,nan,nan,nan
390575080,390574838,0.059343148,-0.64201975,0.17218189,nan,nan,nan,nan,nan
390673571,390673344,0.044727173,-0.5730056,0.15270486,nan,nan,nan,nan,nan
390774564,390774314,0.24230263,-0.7369,0.15918517,nan,nan,nan,nan,nan
390873048,390872820,0.29098475,-0.8321134,0.1795265,nan,nan,nan,nan,nan
390974037,390973790,0.15421598,-0.7172512,0.16668357,nan,nan,nan,nan,nan
391077456,391077222,0.10585734,-0.6164865,0.15624365,nan,nan,nan,nan,nan
391173494,391173266,0.15461503,-0.5775705,0.17171802,nan,nan,nan,nan,nan
391276925,391276698,0.035922255,-0.5688278,0.16755143,nan,nan,nan,nan,nan
391372971,391372742,-0.041476224,-0.37644523,0.16210517,nan,nan,nan,nan,nan
391476417,391476174,-0.012833601,-0.28475302,0.1744828,nan,nan,nan,nan,nan
391572445,391572218,-0.17565468,-0.25775674,0.20292218,nan,nan,nan,nan,nan
391675879,391675650,-0.23866257,-0.13568664,0.20125994,nan,nan,nan,nan,nan
391776852,391776619,-0.1534666,-0.18354866,0.19413562,nan,nan,nan,nan,nan
391875361,391875127,-0.090344846,-0.30380034,0.2116606,nan,nan,nan,nan,nan
391976323,391976095,-0.092327185,-0.31035024,0.2184413,nan,nan,nan,nan,nan
392074832,392074602,-0.09864181,-0.3411135,0.20475431,nan,nan,nan,nan,nan
392175799,392175571,0.049760688,-0.40625775,0.20680735,nan,nan,nan,nan,nan
392274310,392274077,0.07024208,-0.554018,0.18725094,nan,nan,nan,nan,nan
392375274,392375047,0.10836769,-0.5344656,0.17790967,nan,nan,nan,nan,nan
392476243,392476016,0.2566202,-0.563691,0.16057295,nan,nan,nan,nan,nan
392574748,392574523,0.15059476,-0.58751047,0.18396828,nan,nan,nan,nan,nan
392675725,392675492,0.03915366,-0.44537556,0.2270475,nan,nan,nan,nan,nan
392774228,392773998,0.13848741,-0.5163169,0.22167209,nan,nan,nan,nan,nan
392875248,392874968,0.15305333,-0.61848295,0.21646671,nan,nan,nan,nan,nan
392973703,392973474,0.120703496,-0.57285655,0.22524276,nan,nan,nan,nan,nan
393074676,393074443,0.12078751,-0.55128247,0.2291134,nan,nan,nan,nan,nan
393175646,393175413,0.2282208,-0.5511775,0.20555972,nan,nan,nan,nan,nan
393274165,393273919,0.18900122,-0.5784554,0.20950432,nan,nan,nan,nan,nan
393375117,393374889,0.14943507,-0.5320371,0.20957492,nan,nan,nan,nan,nan
393473625,393473395,0.1786063,-0.4767773,0.18940206,nan,nan,nan,nan,nan
393574593,393574364,0.114107914,-0.5463079,0.18330118,nan,nan,nan,nan,nan
393673099,393672871,0.095380425,-0.4836374,0.18343659,nan,nan,nan,nan,nan
393774069,393773840,0.2956548,-0.64084953,0.16413924,nan,nan,nan,nan,nan
393875036,393874809,0.2725214,-0.7350494,0.15678722,nan,nan,nan,nan,nan
393973554,393973316,0.23545727,-0.67874354,0.18466893,nan,nan,nan,nan,nan
394076977,394076747,0.42525798,-0.84830767,0.2258957,nan,nan,nan,nan,nan
394173021,394172791,0.60002446,-0.92598975,0.20133333,nan,nan,nan,nan,nan
394276453,394276223,0.60561025,-0.97596323,0.20791349,nan,nan,nan,nan,nan
394372499,394372267,0.5517892,-0.8888919,0.21601358,nan,nan,nan,nan,nan
394475928,394475699,0.57335955,-0.7596038,0.18886368,nan,nan,nan,nan,nan
394576908,394576668,0.56565255,-0.84629315,0.17941315,nan,nan,nan,nan,nan
394675402,394675174,0.5090448,-0.6296039,0.18620141,nan,nan,nan,nan,nan
394776371,394776143,0.6489855,-0.69715524,0.17039622,nan,nan,nan,nan,nan
394874892,394874650,0.57357115,-0.80755967,0.16948783,nan,nan,nan,nan,nan
394975848,394975619,0.5446718,-0.8096775,0.1941605,nan,nan,nan,nan,nan
395074368,395074125,0.5753004,-0.7994253,0.19539346,nan,nan,nan,nan,nan
395175324,395175094,0.5992204,-0.7076411,0.1406337,nan,nan,nan,nan,nan
395276304,395276063,0.5916728,-0.6369579,0.13939929,nan,nan,nan,nan,nan
395374799,395374570,0.5416232,-0.6147514,0.14762478,nan,nan,nan,nan,nan
395475765,395475539,0.47540867,-0.6861253,0.14649898,nan,nan,nan,nan,nan
395574273,395574045,0.19192818,-0.70191795,0.15104164,nan,nan,nan,nan,nan
395675244,395675014,0.15268448,-0.6346199,0.17481981,nan,nan,nan,nan,nan
395773761,395773520,0.20615736,-0.49768677,0.18530825,nan,nan,nan,nan,nan
395874715,395874489,0.095279366,-0.48213777,0.20187284,nan,nan,nan,nan,nan
395975699,395975458,0.09666812,-0.432234,0.209853,nan,nan,nan,nan,nan
396074192,396073965,0.07824376,-0.45995644,0.20701268,nan,nan,nan,nan,nan
396175172,396174934,0.13389023,-0.60635877,0.18193236,nan,nan,nan,nan,nan
396273674,396273440,0.19332331,-0.68146515,0.18302774,nan,nan,nan,nan,nan
396374644,396374409,0.21567826,-0.6858638,0.17455147,nan,nan,nan,nan,nan
396473162,396472915,0.35101527,-0.69501823,0.14260046,nan,nan,nan,nan,nan
396574134,396573884,0.3401466,-0.7910952,0.13457353,nan,nan,nan,nan,nan
396675156,396674853,0.4998359,-0.89765567,0.1834969,nan,nan,nan,nan,nan
396773586,396773360,0.5888003,-0.89510655,0.16936453,nan,nan,nan,nan,nan
396874573,396874329,0.46258783,-0.8752737,0.17048772,nan,nan,nan,nan,nan
396973064,396972835,0.29370317,-0.62583506,0.122005664,nan,nan,nan,nan,nan
397074050,397073804,0.14798488,-0.39593944,0.18671519,nan,nan,nan,nan,nan
397172566,397172310,0.068045184,-0.34015363,0.20089841,nan,nan,nan,nan,nan
397275998,397275742,0.0074934536,-0.36408553,0.20990412,nan,nan,nan,nan,nan
397376938,397376711,-0.022206413,-0.36962807,0.2039426,nan,nan,nan,nan,nan
397475461,397475217,0.08401784,-0.34291112,0.20383482,nan,nan,nan,nan,nan
397576426,397576186,0.048878238,-0.428165,0.21942903,nan,nan,nan,nan,nan
397674942,397674693,0.06584089,-0.38740572,0.21348235,nan,nan,nan,nan,nan
397775889,397775662,0.24161689,-0.40388086,0.18942374,nan,nan,nan,nan,nan
397874411,397874168,0.22425099,-0.48225623,0.16777466,nan,nan,nan,nan,nan
397975363,397975137,0.29503635,-0.49388066,0.15122126,nan,nan,nan,nan,nan
398076358,398076106,0.22638738,-0.386384,0.17660208,nan,nan,nan,nan,nan
398174842,398174612,0.13900015,-0.3420839,0.20683311,nan,nan,nan,nan,nan
398275807,398275581,0.10484228,-0.28595722,0.24478692,nan,nan,nan,nan,nan
398374316,398374087,0.10917543,-0.25030392,0.24662939,nan,nan,nan,nan,nan
398475284,398475056,0.15396073,-0.12640426,0.22228551,nan,nan,nan,nan,nan
398573790,398573562,0.12034113,-0.1588902,0.24179976,nan,nan,nan,nan,nan
398674759,398674531,0.05124274,-0.12384273,0.24329728,nan,nan,nan,nan,nan
398775730,398775500,0.20741062,-0.12731932,0.24182115,nan,nan,nan,nan,nan
398874240,398874006,0.18825373,-0.2006123,0.2502352,nan,nan,nan,nan,nan
398975212,398974975,0.31763202,-0.20501517,0.26852283,nan,nan,nan,nan,nan
399073709,399073481,0.35449305,-0.19962512,0.252325,nan,nan,nan,nan,nan
399174682,399174450,0.38886368,-0.2882946,0.21414685,nan,nan,nan,nan,nan
399273195,399272956,0.5217738,-0.43843958,0.20673363,nan,nan,nan,nan,nan
399374153,399373925,0.4712187,-0.4360487,0.20194945,nan,nan,nan,nan,nan
399475176,399474894,0.54989237,-0.45695263,0.14819491,nan,nan,nan,nan,nan
399573631,399573400,0.56240565,-0.59273094,0.15903787,nan,nan,nan,nan,nan
399674599,399674368,0.58219254,-0.5646924,0.17436402,nan,nan,nan,nan,nan
399773103,399772875,0.6561399,-0.46300015,0.14721659,nan,nan,nan,nan,nan
399874098,399873843,0.56409705,-0.5358709,0.1548929,nan,nan,nan,nan,nan
399972577,399972349,0.55592656,-0.4539553,0.1625357,nan,nan,nan,nan,nan
400073547,400073318,0.56192374,-0.42157248,0.13704965,nan,nan,nan,nan,nan
400176978,400176749,0.68671334,-0.88672376,0.06535611,nan,nan,nan,nan,nan
400273022,400272793,0.64906824,-1.0,0.067228764,nan,nan,nan,nan,nan
400376468,400376224,0.5846291,-1.0,0.15084532,nan,nan,nan,nan,nan
400474958,400474730,0.6357594,-1.0,0.08466142,nan,nan,nan,nan,nan
400575927,400575698,0.6488416,-1.0,0.0822179,nan,nan,nan,nan,nan
400674433,400674204,0.6700016,-1.0,0.09017532,nan,nan,nan,nan,nan
400775400,400775172,0.69166905,-1.0,0.07328285,nan,nan,nan,nan,nan
400876367,400876141,0.50580186,-0.91525036,0.06422645,nan,nan,nan,nan,nan
400974876,400974647,0.13650838,-0.45385644,0.17487161,nan,nan,nan,nan,nan
401075844,401075615,0.09832305,-0.48167223,0.15383564,nan,nan,nan,nan,nan
401174351,401174121,0.24303184,-0.888348,0.07328931,nan,nan,nan,nan,nan
401275317,401275090,0.3681319,-1.0,0.10366429,nan,nan,nan,nan,nan
401373828,401373595,0.38976184,-0.9842042,0.1052421,nan,nan,nan,nan,nan
401474792,401474564,0.43503714,-0.99238193,0.075126246,nan,nan,nan,nan,nan
401575761,401575532,0.40969595,-0.89262056,0.07437007,nan,nan,nan,nan,nan
401674273,401674042,0.44067797,-0.86402184,0.072283626,nan,nan,nan,nan,nan
401775235,401775007,0.5168935,-0.82268465,0.041588616,nan,nan,nan,nan,nan
401873744,401873512,0.4686369,-0.93311006,0.069808684,nan,nan,nan,nan,nan
401974710,401974481,0.49553323,-0.93475974,0.097612284,nan,nan,nan,nan,nan
402073216,402072987,0.68436766,-1.0,0.11109603,nan,nan,nan,nan,nan
402174198,402173955,0.5949218,-1.0,0.12243944,nan,nan,nan,nan,nan
402275150,402274923,0.56693345,-0.95141286,0.12901433,nan,nan,nan,nan,nan
402373660,402373429,0.45740938,-0.805792,0.077822156,nan,nan,nan,nan,nan
402474631,402474398,0.44659233,-0.81129575,0.04191816,nan,nan,nan,nan,nan
402573151,402572903,0.37469122,-0.73443836,0.04611711,nan,nan,nan,nan,nan
402674125,402673872,0.2890162,-0.5696665,0.04014154,nan,nan,nan,nan,nan
402772608,402772377,0.20984441,-0.4316824,0.010371178,nan,nan,nan,nan,nan
402873576,402873346,-0.15557626,-0.23229064,0.06355132,nan,nan,nan,nan,nan
402977003,402976777,-0.23243204,-0.16304009,0.06933593,nan,nan,nan,nan,nan
403073066,403072820,-0.011814161,-0.2334215,0.08736747,nan,nan,nan,nan,nan
403176477,403176251,0.06718377,-0.4007438,0.12573382,nan,nan,nan,nan,nan
403272526,403272294,0.044253048,-0.33708146,0.12347123,nan,nan,nan,nan,nan
403375952,403375725,0.1338679,-0.45361596,0.13575785,nan,nan,nan,nan,nan
403474464,403474231,0.22443295,-0.5663875,0.10636389,nan,nan,nan,nan,nan
403575435,403575200,0.25230646,-0.689435,0.11104754,nan,nan,nan,nan,nan
403676393,403676167,0.23670027,-0.61960423,0.104506716,nan,nan,nan,nan,nan
403774936,403774673,0.32635266,-0.53660744,0.06473954,nan,nan,nan,nan,nan
403875870,403875641,0.35696253,-0.6846661,0.063653246,nan,nan,nan,nan,nan
403974440,403974147,0.21848637,-0.48372293,0.08483233,nan,nan,nan,nan,nan
404075348,404075115,0.14905138,-0.38533857,0.103968434,nan,nan,nan,nan,nan
404173866,404173621,-0.0010084248,-0.40451002,0.12460515,nan,nan,nan,nan,nan
404274820,404274589,0.009807315,-0.41536164,0.14773783,nan,nan,nan,nan,nan
404375802,404375557,0.12551825,-0.5044778,0.15423691,nan,nan,nan,nan,nan
404474314,404474063,0.2800137,-0.5455884,0.12168886,nan,nan,nan,nan,nan
404575274,404575031,0.29723826,-0.5738893,0.12690368,nan,nan,nan,nan,nan
404673769,404673537,0.25856,-0.44845337,0.12643936,nan,nan,nan,nan,nan
404774753,404774505,0.27065393,-0.3997183,0.12151059,nan,nan,nan,nan,nan
404873250,404873011,0.15840694,-0.46835932,0.16015515,nan,nan,nan,nan,nan
404974225,404973979,0.107343465,-0.36672786,0.19803077,nan,nan,nan,nan,nan
405075189,405074947,0.19618805,-0.34594575,0.18093213,nan,nan,nan,nan,nan
405173702,405173453,0.26915362,-0.37254182,0.13449427,nan,nan,nan,nan,nan
405274653,405274421,0.34105235,-0.4019127,0.12419352,nan,nan,nan,nan,nan
405373172,405372927,0.28183198,-0.38298208,0.11422706,nan,nan,nan,nan,nan
405474123,405473895,0.36812055,-0.3824976,0.07312246,nan,nan,nan,nan,nan
405572632,405572401,0.3800806,-0.5211381,0.07064935,nan,nan,nan,nan,nan
405673597,405673369,0.322525,-0.401257,0.084434256,nan,nan,nan,nan,nan
405777030,405776800,0.40933657,-0.38639683,0.056290183,nan,nan,nan,nan,nan
405873070,405872843,0.345019,-0.51708823,0.05641273,nan,nan,nan,nan,nan
405976500,405976274,0.39562157,-0.4885343,0.058304723,nan,nan,nan,nan,nan
406072546,406072317,0.39456484,-0.39866814,0.038559537,nan,nan,nan,nan,nan
406175987,406175748,0.43500566,-0.35795635,-0.008331818,nan,nan,nan,nan,nan
406272021,406271791,0.3435402,-0.28061187,0.022532118,nan,nan,nan,nan,nan
406375448,406375221,0.27425617,-0.23878306,0.07215453,nan,nan,nan,nan,nan
406476417,406476190,0.38538682,-0.28888738,0.053125758,nan,nan,nan,nan,nan
406574926,406574696,0.3541196,-0.4721797,0.07992239,nan,nan,nan,nan,nan
406675891,406675663,0.33988464,-0.4263326,0.09171616,nan,nan,nan,nan,nan
406774398,406774169,0.32405895,-0.33002263,0.08147271,nan,nan,nan,nan,nan
406875369,406875137,0.3024463,-0.48471934,0.06624626,nan,nan,nan,nan,nan
406973888,406973642,0.3533079,-0.46839762,0.07442259,nan,nan,nan,nan,nan
407074866,407074611,0.37681472,-0.44148624,0.06203729,nan,nan,nan,nan,nan
407175840,407175579,0.38506973,-0.45919734,0.03867827,nan,nan,nan,nan,nan
407274323,407274084,0.34802264,-0.53234243,0.07250635,nan,nan,nan,nan,nan
407375282,407375052,0.28658023,-0.47932902,0.091349356,nan,nan,nan,nan,nan
407473786,407473558,0.37267584,-0.44436228,0.07821156,nan,nan,nan,nan,nan
407574756,407574526,0.35685405,-0.5352116,0.07322182,nan,nan,nan,nan,nan
407673273,407673031,0.34481975,-0.5364823,0.08852518,nan,nan,nan,nan,nan
407774229,407773999,0.2583099,-0.49969947,0.10159341,nan,nan,nan,nan,nan
407875210,407874967,0.2901212,-0.51685876,0.0662441,nan,nan,nan,nan,nan
407973704,407973473,0.41737348,-0.7381684,0.059278496,nan,nan,nan,nan,nan
408074673,408074441,0.3905339,-0.5681473,0.04952222,nan,nan,nan,nan,nan
408173177,408172946,0.39026204,-0.4261596,0.016508712,nan,nan,nan,nan,nan
408274140,408273914,0.35821173,-0.49644706,-0.0056880447,nan,nan,nan,nan,nan
408372653,408372419,0.29279378,-0.47097293,0.020568227,nan,nan,nan,nan,nan
408473613,408473387,0.28400105,-0.45377898,0.028225709,nan,nan,nan,nan,nan
408577049,408576818,0.36555588,-0.42225158,0.0022450385,nan,nan,nan,nan,nan
408673087,408672861,0.33259144,-0.5053583,0.01871164,nan,nan,nan,nan,nan
408776518,408776291,0.25071967,-0.4105612,0.038611803,nan,nan,nan,nan,nan
408872561,408872334,0.3565669,-0.4396085,0.030591065,nan,nan,nan,nan,nan
408975994,408975764,0.32019997,-0.47172642,0.01927782,nan,nan,nan,nan,nan
409072064,409071807,0.38161027,-0.53823185,0.03566068,nan,nan,nan,nan,nan
409175466,409175238,0.27423167,-0.42239845,0.0397223,nan,nan,nan,nan,nan
409276432,409276205,0.29547304,-0.29533863,0.006776326,nan,nan,nan,nan,nan
409374941,409374711,0.2937189,-0.4559104,0.0037479494,nan,nan,nan,nan,nan
409475922,409475679,0.32696488,-0.45053414,0.021708252,nan,nan,nan,nan,nan
409574410,409574184,0.3030883,-0.39557606,0.021284644,nan,nan,nan,nan,nan
409675380,409675152,0.41779035,-0.39473182,-0.026899477,nan,nan,nan,nan,nan
409773889,409773657,0.45922616,-0.546403,-0.02403788,nan,nan,nan,nan,nan
409874856,409874625,0.4400874,-0.48051473,-0.008671316,nan,nan,nan,nan,nan
409975839,409975593,0.40093008,-0.3673266,-0.012132804,nan,nan,nan,nan,nan
410074333,410074098,0.39667556,-0.35951778,-0.04249038,nan,nan,nan,nan,nan
410175296,410175066,0.4137952,-0.49002305,-0.022205167,nan,nan,nan,nan,nan
410273798,410273571,0.391652,-0.4126703,-0.018774522,nan,nan,nan,nan,nan
410374768,410374539,0.49312258,-0.3968438,-0.042547904,nan,nan,nan,nan,nan
410473273,410473044,0.5216435,-0.47277665,-0.080524474,nan,nan,nan,nan,nan
410574240,410574012,0.58957237,-0.5737795,-0.08048128,nan,nan,nan,nan,nan
410675212,410674979,0.5875005,-0.5713739,-0.096509844,nan,nan,nan,nan,nan
410773712,410773485,0.8091066,-0.65796864,-0.19183995,nan,nan,nan,nan,nan
410874723,410874452,0.9172956,-0.86710536,-0.24602331,nan,nan,nan,nan,nan
410973184,410972958,0.9169411,-0.79062825,-0.20935792,nan,nan,nan,nan,nan
411074212,411073925,0.8907318,-0.7914671,-0.21849579,nan,nan,nan,nan,nan
411172664,411172431,0.74106646,-0.55700564,-0.2244985,nan,nan,nan,nan,nan
411273647,411273398,0.5176091,-0.5051131,-0.14908499,nan,nan,nan,nan,nan
411377104,411376829,0.39143035,-0.4821343,-0.0853624,nan,nan,nan,nan,nan
411473113,411472871,0.29204828,-0.4587618,-0.062406395,nan,nan,nan,nan,nan
411576530,411576301,0.38737106,-0.4062907,-0.112153314,nan,nan,nan,nan,nan
411672589,411672344,0.42922008,-0.58580935,-0.12495331,nan,nan,nan,nan,nan
411776019,411775774,0.45366645,-0.63042223,-0.114469014,nan,nan,nan,nan,nan
411872058,411871817,0.41158512,-0.6097252,-0.10852416,nan,nan,nan,nan,nan
411975474,411975247,0.5316097,-0.6373585,-0.16321248,nan,nan,nan,nan,nan
412076458,412076214,0.6029262,-0.8683483,-0.15265901,nan,nan,nan,nan,nan
412174949,412174719,0.5637823,-0.69980735,-0.09646086,nan,nan,nan,nan,nan
412275919,412275687,0.49470204,-0.584408,-0.09304498,nan,nan,nan,nan,nan
412374419,412374192,0.6800385,-0.77547556,-0.18006794,nan,nan,nan,nan,nan
412475388,412475160,0.70845836,-0.9980044,-0.21230997,nan,nan,nan,nan,nan
412573891,412573664,0.7497485,-0.9151966,-0.15881851,nan,nan,nan,nan,nan
412674863,412674632,0.79035604,-0.83533,-0.18278135,nan,nan,nan,nan,nan
412775828,412775599,0.822143,-0.9170956,-0.19074509,nan,nan,nan,nan,nan
412874331,412874104,0.72192156,-0.9541776,-0.16530332,nan,nan,nan,nan,nan
412975303,412975072,0.74679357,-0.8910907,-0.15285173,nan,nan,nan,nan,nan
413073806,413073577,0.60246146,-0.6572821,-0.17180434,nan,nan,nan,nan,nan
413174779,413174544,0.50727195,-0.54645056,-0.25088465,nan,nan,nan,nan,nan
413273334,413273049,0.18781838,-0.46223244,-0.15026069,nan,nan,nan,nan,nan
413374245,413374017,0.0362127,-0.3766798,-0.095940895,nan,nan,nan,nan,nan
413475214,413474984,0.18444496,-0.45476812,-0.1231236,nan,nan,nan,nan,nan
413573721,413573489,0.34400535,-0.73737395,-0.19887568,nan,nan,nan,nan,nan
413674704,413674456,0.4368701,-0.9708692,-0.11902988,nan,nan,nan,nan,nan
413773189,413772961,0.27695638,-0.6916929,-0.13776347,nan,nan,nan,nan,nan
413874167,413873929,0.09759212,-0.39524263,-0.1293746,nan,nan,nan,nan,nan
413972669,413972433,-0.20748262,-0.34875497,-0.0965277,nan,nan,nan,nan,nan
414073634,414073401,-0.28601444,-0.50895005,-0.05405934,nan,nan,nan,nan,nan
414177063,414176831,-0.25456333,-0.48220396,-0.06992526,nan,nan,nan,nan,nan
414273120,414272873,-0.09456477,-0.44094077,-0.115574315,nan,nan,nan,nan,nan
414376529,414376303,-0.056686077,-0.34740445,-0.13315025,nan,nan,nan,nan,nan
414472573,414472345,-0.094077826,-0.3958658,-0.1051794,nan,nan,nan,nan,nan
414576005,414575775,-0.19036984,-0.28645325,-0.11336384,nan,nan,nan,nan,nan
414672048,414671818,-0.17336795,-0.20356512,-0.14123076,nan,nan,nan,nan,nan
414775475,414775248,-0.051720764,-0.28573218,-0.13105288,nan,nan,nan,nan,nan
414876453,414876215,0.16506006,-0.5061905,-0.09427462,nan,nan,nan,nan,nan
414974949,414974720,0.11236744,-0.33882916,-0.09889302,nan,nan,nan,nan,nan
415075918,415075687,0.1698848,-0.2543259,-0.11443146,nan,nan,nan,nan,nan
415174431,415174192,0.13124414,-0.32737634,-0.108650655,nan,nan,nan,nan,nan
415275388,415275159,0.0677752,-0.38198194,-0.0594969,nan,nan,nan,nan,nan
415373892,415373664,-0.06701301,-0.22432381,-0.058153193,nan,nan,nan,nan,nan
415474861,415474631,-0.024285182,-0.095305055,-0.06583598,nan,nan,nan,nan,nan
415575827,415575599,0.03237391,-0.17656824,-0.06967231,nan,nan,nan,nan,nan
415674345,415674104,0.09856844,-0.32323548,-0.010535574,nan,nan,nan,nan,nan
415775305,415775071,0.03676982,-0.3175575,-0.0075369556,nan,nan,nan,nan,nan
415873805,415873575,0.0691062,-0.22805978,-0.038149938,nan,nan,nan,nan,nan
415974772,415974543,0.07668621,-0.36413333,-0.03741305,nan,nan,nan,nan,nan
416073293,416073048,0.12406415,-0.48222208,0.0089561865,nan,nan,nan,nan,nan
416174241,416174015,0.18925758,-0.5000424,-0.001230364,nan,nan,nan,nan,nan
416275213,416274982,0.37020072,-0.43175068,-0.038542785,nan,nan,nan,nan,nan
416373722,416373487,0.44303682,-0.5411482,-0.07632315,nan,nan,nan,nan,nan
416474686,416474454,0.54985774,-0.6169752,-0.08502272,nan,nan,nan,nan,nan
416573188,416572959,0.39830732,-0.4977429,-0.07555256,nan,nan,nan,nan,nan
416674153,416673926,0.33295232,-0.33053327,-0.10233284,nan,nan,nan,nan,nan
416772664,416772431,0.32510698,-0.52639395,-0.12286152,nan,nan,nan,nan,nan
416873626,416873398,0.4353548,-0.70146215,-0.12415435,nan,nan,nan,nan,nan
416977067,416976828,0.5019631,-0.69163543,-0.2084522,nan,nan,nan,nan,nan
417073103,417072870,0.8885277,-0.82545453,-0.2522912,nan,nan,nan,nan,nan
417176525,417176300,0.8462931,-0.8728901,-0.24618493,nan,nan,nan,nan,nan
417272589,417272342,0.75563926,-0.74140674,-0.1988411,nan,nan,nan,nan,nan
417376002,417375771,0.82041496,-0.7982232,-0.16535115,nan,nan,nan,nan,nan
417472057,417471813,0.86631113,-0.77500325,-0.17313688,nan,nan,nan,nan,nan
417575501,417575243,0.781614,-0.902368,-0.14164056,nan,nan,nan,nan,nan
417676456,417676210,0.7744971,-0.8323925,-0.12186909,nan,nan,nan,nan,nan
417774973,417774716,0.49492723,-0.5361077,-0.09594442,nan,nan,nan,nan,nan
417875915,417875682,0.36762428,-0.3575555,-0.16568545,nan,nan,nan,nan,nan
417974459,417974187,0.3359323,-0.5979498,-0.17214473,nan,nan,nan,nan,nan
418075382,418075154,0.36485815,-0.6586714,-0.1383962,nan,nan,nan,nan,nan
418173951,418173658,0.21228613,-0.4490669,-0.18155889,nan,nan,nan,nan,nan
418274857,418274625,0.30500543,-0.4232623,-0.21851781,nan,nan,nan,nan,nan
418375840,418375592,0.20658277,-0.50215334,-0.20867266,nan,nan,nan,nan,nan
418474324,418474097,0.1229428,-0.41716653,-0.22340807,nan,nan,nan,nan,nan
418575313,418575064,0.28040695,-0.5542961,-0.19835967,nan,nan,nan,nan,nan
418673797,418673568,0.50806874,-0.6236649,-0.1515469,nan,nan,nan,nan,nan
418774780,418774535,0.6947693,-0.5812518,-0.15447246,nan,nan,nan,nan,nan
418873268,418873040,0.78374356,-0.5103331,-0.16781488,nan,nan,nan,nan,nan
418974248,418974007,0.82092625,-0.4651371,-0.17594278,nan,nan,nan,nan,nan
419075203,419074974,0.83112216,-0.40315104,-0.1730935,nan,nan,nan,nan,nan
419173722,419173478,0.8252579,-0.37808895,-0.16126695,nan,nan,nan,nan,nan
419274678,419274445,0.81018513,-0.1744725,-0.3240969,nan,nan,nan,nan,nan
419373218,419372949,0.5822955,-0.053701635,-0.2675887,nan,nan,nan,nan,nan
419474144,419473916,0.34183893,0.046412066,-0.20975745,nan,nan,nan,nan,nan
419572658,419572421,0.28206235,0.15061648,-0.089893706,nan,nan,nan,nan,nan
419673618,419673388,0.32792208,0.09522886,-0.10848675,nan,nan,nan,nan,nan
419777076,419776818,0.34771302,0.14022487,-0.14155114,nan,nan,nan,nan,nan
419873086,419872860,0.36321726,0.12886187,-0.13681227,nan,nan,nan,nan,nan
419976517,419976290,0.37465572,0.13096094,-0.1419058,nan,nan,nan,nan,nan
420072559,420072332,0.38372046,0.13042855,-0.14210916,nan,nan,nan,nan,nan
420175989,420175761,0.38604274,0.13948926,-0.14039186,nan,nan,nan,nan,nan
420272091,420271803,0.3887794,0.14637388,-0.13902414,nan,nan,nan,nan,nan
420375462,420375233,0.39495718,0.15079732,-0.13866745,nan,nan,nan,nan,nan
420476430,420476201,0.39668825,0.15936778,-0.13726667,nan,nan,nan,nan,nan
420574934,420574706,0.40400854,0.16209893,-0.13741638,nan,nan,nan,nan,nan
420675915,420675673,0.40833855,0.16820702,-0.13650772,nan,nan,nan,nan,nan
420774403,420774178,0.41273946,0.17372586,-0.13577168,nan,nan,nan,nan,nan
420875375,420875145,0.41715354,0.17969854,-0.13506126,nan,nan,nan,nan,nan
420973876,420973650,0.42134,0.18559006,-0.13424724,nan,nan,nan,nan,nan
421074849,421074617,0.42576858,0.19143729,-0.13340636,nan,nan,nan,nan,nan
421175835,421175585,0.42996234,0.19752666,-0.13264684,nan,nan,nan,nan,nan
421274322,421274089,0.4310355,0.20652415,-0.13089482,nan,nan,nan,nan,nan
421375284,421375057,0.4385821,0.20943166,-0.13085994,nan,nan,nan,nan,nan
421473790,421473562,0.44256118,0.21531832,-0.13011734,nan,nan,nan,nan,nan
421574762,421574529,0.44687286,0.22145617,-0.12918027,nan,nan,nan,nan,nan
421673261,421673034,0.4509082,0.22751464,-0.12826325,nan,nan,nan,nan,nan
421774228,421774002,0.45510197,0.23355883,-0.12737793,nan,nan,nan,nan,nan
421875197,421874970,0.45932445,0.23969741,-0.126421,nan,nan,nan,nan,nan
421973708,421973475,0.46338058,0.24561048,-0.12553544,nan,nan,nan,nan,nan
422074680,422074442,0.16296302,-0.16296302,0.0,nan,nan,nan,nan,nan
422173168,422172947,0.16296302,-0.16296302,0.0,nan,nan,nan,nan,nan
422274136,422273915,0.16296302,-0.16296302,0.0,nan,nan,nan,nan,nan
422372648,422372420,0.16296302,-0.16296302,0.0,nan,nan,nan,nan,nan
422473607,422473387,0.16049388,-0.16049388,0.0,nan,nan,nan,nan,nan
422577058,422576818,0.16296302,-0.16296302,0.0,nan,nan,nan,nan,nan
422673082,422672860,0.16296302,-0.16296302,0.0,nan,nan,nan,nan,nan
422776515,422776291,0.16296302,-0.16296302,0.0,nan,nan,nan,nan,nan
422872555,422872333,0.16296302,-0.16296302,0.0,nan,nan,nan,nan,nan
422975986,422975764,0.16296302,-0.16296302,0.0,nan,nan,nan,nan,nan
423072030,423071806,0.16296302,-0.16296302,0.0,nan,nan,nan,nan,nan
423175458,423175236,0.16296302,-0.16296302,0.0,nan,nan,nan,nan,nan
423276426,423276204,0.16296302,-0.16296302,0.0,nan,nan,nan,nan,nan
423374931,423374710,0.16296302,-0.16296302,0.0,nan,nan,nan,nan,nan
423475906,423475677,0.16296302,-0.16296302,0.0,nan,nan,nan,nan,nan
423574405,423574182,0.16296302,-0.16296302,0.0,nan,nan,nan,nan,nan
423675371,423675150,0.16049388,-0.16049388,0.0,nan,nan,nan,nan,nan
423773877,423773656,0.16296302,-0.16296302,0.0,nan,nan,nan,nan,nan
423874846,423874623,0.16296302,-0.16296302,0.0,nan,nan,nan,nan,nan
423975814,423975591,0.16296302,-0.16296302,0.0,nan,nan,nan,nan,nan
424074318,424074097,0.16296302,-0.16296302,0.0,nan,nan,nan,nan,nan
424175285,424175065,0.16296302,-0.16296302,0.0,nan,nan,nan,nan,nan
424273791,424273570,0.16296302,-0.16296302,0.0,nan,nan,nan,nan,nan
424374777,424374538,0.16296302,-0.16296302,0.0,nan,nan,nan,nan,nan
424473264,424473043,0.16296302,-0.16296302,0.0,nan,nan,nan,nan,nan
424574231,424574011,0.16296302,-0.16296302,0.0,nan,nan,nan,nan,nan
424675202,424674979,0.16296302,-0.16296302,0.0,nan,nan,nan,nan,nan
424773706,424773485,0.16296302,-0.16296302,0.0,nan,nan,nan,nan,nan
424874706,424874453,0.16296302,-0.16296302,0.0,nan,nan,nan,nan,nan
424973178,424972958,0.16296302,-0.16296302,0.0,nan,nan,nan,nan,nan
425074185,425073926,0.16296302,-0.16296302,0.0,nan,nan,nan,nan,nan
425172679,425172432,0.16296302,-0.16296302,0.0,nan,nan,nan,nan,nan
425273701,425273400,0.16296302,-0.16296302,0.0,nan,nan,nan,nan,nan
425377053,425376831,0.16296302,-0.16296302,0.0,nan,nan,nan,nan,nan
425473109,425472873,0.16296302,-0.16296302,0.0,nan,nan,nan,nan,nan
425576528,425576304,0.16296302,-0.16296302,0.0,nan,nan,nan,nan,nan
425672584,425672347,0.16296302,-0.16296302,0.0,nan,nan,nan,nan,nan
425776002,425775778,0.16296302,-0.16296302,0.0,nan,nan,nan,nan,nan
425872058,425871821,0.16049388,-0.16049388,0.0,nan,nan,nan,nan,nan
425975470,425975252,0.16296302,-0.16296302,0.0,nan,nan,nan,nan,nan
426076460,426076220,0.16296302,-0.16296302,0.0,nan,nan,nan,nan,nan
426174948,426174725,0.16049388,-0.16049388,0.0,nan,nan,nan,nan,nan
426275938,426275696,0.16049388,-0.16049388,0.0,nan,nan,nan,nan,nan
426374444,426374199,0.16296302,-0.16296302,0.0,nan,nan,nan,nan,nan
426475387,426475168,0.16296302,-0.16296302,0.0,nan,nan,nan,nan,nan
426573894,426573673,0.16296302,-0.16296302,0.0,nan,nan,nan,nan,nan
426674864,426674641,0.16296302,-0.16296302,0.0,nan,nan,nan,nan,nan
426775849,426775610,0.16049388,-0.16049388,0.0,nan,nan,nan,nan,nan
426874336,426874115,0.16049388,-0.16049388,0.0,nan,nan,nan,nan,nan
426975305,426975084,0.16296302,-0.16296302,0.0,nan,nan,nan,nan,nan
427073813,427073589,0.16296302,-0.16296302,0.0,nan,nan,nan,nan,nan
427174781,427174558,0.16049388,-0.16049388,0.0,nan,nan,nan,nan,nan
427273303,427273064,0.16296302,-0.16296302,0.0,nan,nan,nan,nan,nan
427374253,427374032,0.16296302,-0.16296302,0.0,nan,nan,nan,nan,nan
427475222,427475000,0.16296302,-0.16296302,0.0,nan,nan,nan,nan,nan
427573732,427573506,0.16296302,-0.16296302,0.0,nan,nan,nan,nan,nan
427674703,427674474,0.16296302,-0.16296302,0.0,nan,nan,nan,nan,nan
427773220,427772980,0.16296302,-0.16296302,0.0,nan,nan,nan,nan,nan
427874189,427873949,0.16296302,-0.16296302,0.0,nan,nan,nan,nan,nan
427972682,427972456,0.16296302,-0.16296302,0.0,nan,nan,nan,nan,nan
428073647,428073423,0.16296302,-0.16296302,0.0,nan,nan,nan,nan,nan
428177098,428176854,0.16296302,-0.16296302,0.0,nan,nan,nan,nan,nan
428273119,428272897,0.16296302,-0.16296302,0.0,nan,nan,nan,nan,nan
428376552,428376328,0.16049388,-0.16049388,0.0,nan,nan,nan,nan,nan
428472597,428472372,0.16296302,-0.16296302,0.0,nan,nan,nan,nan,nan
428576028,428575803,0.16296302,-0.16296302,0.0,nan,nan,nan,nan,nan
428672092,428671846,0.16049388,-0.16049388,0.0,nan,nan,nan,nan,nan
428775500,428775277,0.16296302,-0.16296302,0.0,nan,nan,nan,nan,nan
428876469,428876246,0.16296302,-0.16296302,0.0,nan,nan,nan,nan,nan
428974974,428974752,0.16049388,-0.16049388,0.0,nan,nan,nan,nan,nan
429075961,429075720,0.16296302,-0.16296302,0.0,nan,nan,nan,nan,nan
429174449,429174226,0.16296302,-0.16296302,0.0,nan,nan,nan,nan,nan
429275415,429275195,0.16049388,-0.16049388,0.0,nan,nan,nan,nan,nan
429373941,429373701,0.16049388,-0.16049388,0.0,nan,nan,nan,nan,nan
429474892,429474670,0.16049388,-0.16049388,0.0,nan,nan,nan,nan,nan
429575878,429575638,0.16049388,-0.16049388,0.0,nan,nan,nan,nan,nan
429674365,429674144,0.16296302,-0.16296302,0.0,nan,nan,nan,nan,nan
429775334,429775113,0.16049388,-0.16049388,0.0,nan,nan,nan,nan,nan
429873845,429873619,0.16296302,-0.16296302,0.0,nan,nan,nan,nan,nan
429974809,429974588,0.16296302,-0.16296302,0.0,nan,nan,nan,nan,nan
430073314,430073094,0.16049388,-0.16049388,0.0,nan,nan,nan,nan,nan
430174296,430174062,0.16296302,-0.16296302,0.0,nan,nan,nan,nan,nan
430275254,430275031,0.16296302,-0.16296302,0.0,nan,nan,nan,nan,nan
430373761,430373537,0.16296302,-0.16296302,0.0,nan,nan,nan,nan,nan
430474731,430474506,0.16296302,-0.16296302,0.0,nan,nan,nan,nan,nan
430573233,430573012,0.16296302,-0.16296302,0.0,nan,nan,nan,nan,nan
430674202,430673981,0.16296302,-0.16296302,0.0,nan,nan,nan,nan,nan
430772712,430772487,0.16049388,-0.16049388,0.0,nan,nan,nan,nan,nan
430873699,430873456,0.16296302,-0.16296302,0.0,nan,nan,nan,nan,nan
430977126,430976887,0.16296302,-0.16296302,0.0,nan,nan,nan,nan,nan
431073155,431072931,0.16049388,-0.16049388,0.0,nan,nan,nan,nan,nan
431176583,431176362,0.16296302,-0.16296302,0.0,nan,nan,nan,nan,nan
431272631,431272406,0.16296302,-0.16296302,0.0,nan,nan,nan,nan,nan
431376079,431375838,0.16296302,-0.16296302,0.0,nan,nan,nan,nan,nan
431472105,431471881,0.16049388,-0.16049388,0.0,nan,nan,nan,nan,nan
431575532,431575313,0.16296302,-0.16296302,0.0,nan,nan,nan,nan,nan
431676506,431676282,0.16296302,-0.16296302,0.0,nan,nan,nan,nan,nan
431775012,431774788,0.16296302,-0.16296302,0.0,nan,nan,nan,nan,nan
431875980,431875757,0.16296302,-0.16296302,0.0,nan,nan,nan,nan,nan
431974485,431974263,0.16296302,-0.16296302,0.0,nan,nan,nan,nan,nan
432075458,432075232,0.16296302,-0.16296302,0.0,nan,nan,nan,nan,nan
432173968,432173740,0.16296302,-0.16296302,0.0,nan,nan,nan,nan,nan
432274929,432274707,0.16296302,-0.16296302,0.0,nan,nan,nan,nan,nan
432375990,432375676,0.16296302,-0.16296302,0.0,nan,nan,nan,nan,nan
432474405,432474182,0.16296302,-0.16296302,0.0,nan,nan,nan,nan,nan
432575386,432575151,0.16296302,-0.16296302,0.0,nan,nan,nan,nan,nan
432673878,432673658,0.16296302,-0.16296302,0.0,nan,nan,nan,nan,nan
432774881,432774627,0.16296302,-0.16296302,0.0,nan,nan,nan,nan,nan
432873371,432873133,0.16296302,-0.16296302,0.0,nan,nan,nan,nan,nan
432974340,432974102,0.16296302,-0.16296302,0.0,nan,nan,nan,nan,nan
433075293,433075071,0.16296302,-0.16296302,0.0,nan,nan,nan,nan,nan
433173814,433173578,0.16296302,-0.16296302,0.0,nan,nan,nan,nan,nan
433274772,433274547,0.16296302,-0.16296302,0.0,nan,nan,nan,nan,nan
433373288,433373053,0.16296302,-0.16296302,0.0,nan,nan,nan,nan,nan
433474255,433474022,0.16049388,-0.16049388,0.0,nan,nan,nan,nan,nan
433572767,433572529,0.16049388,-0.16049388,0.0,nan,nan,nan,nan,nan
433673724,433673498,0.16296302,-0.16296302,0.0,nan,nan,nan,nan,nan
433777164,433776929,0.16296302,-0.16296302,0.0,nan,nan,nan,nan,nan
433873195,433872973,0.16296302,-0.16296302,0.0,nan,nan,nan,nan,nan
433976631,433976405,0.16296302,-0.16296302,0.0,nan,nan,nan,nan,nan
434072679,434072449,0.16296302,-0.16296302,0.0,nan,nan,nan,nan,nan
434176104,434175881,0.16049388,-0.16049388,0.0,nan,nan,nan,nan,nan
434272162,434271925,0.16049388,-0.16049388,0.0,nan,nan,nan,nan,nan
434375585,434375356,0.16049388,-0.16049388,0.0,nan,nan,nan,nan,nan
434476549,434476326,0.16049388,-0.16049388,0.0,nan,nan,nan,nan,nan
434575053,434574832,0.16296302,-0.16296302,0.0,nan,nan,nan,nan,nan
434676026,434675802,0.16049388,-0.16049388,0.0,nan,nan,nan,nan,nan
434774533,434774308,0.16049388,-0.16049388,0.0,nan,nan,nan,nan,nan
434875499,434875277,0.16296302,-0.16296302,0.0,nan,nan,nan,nan,nan
434974006,434973784,0.16296302,-0.16296302,0.0,nan,nan,nan,nan,nan
435074977,435074753,0.16296302,-0.16296302,0.0,nan,nan,nan,nan,nan
435175949,435175723,0.16296302,-0.16296302,0.0,nan,nan,nan,nan,nan
435274450,435274229,0.16296302,-0.16296302,0.0,nan,nan,nan,nan,nan
435375421,435375199,0.16296302,-0.16296302,0.0,nan,nan,nan,nan,nan
435473929,435473707,0.16049388,-0.16049388,0.0,nan,nan,nan,nan,nan
435574898,435574675,0.16049388,-0.16049388,0.0,nan,nan,nan,nan,nan
435673419,435673181,0.16296302,-0.16296302,0.0,nan,nan,nan,nan,nan
435774373,435774151,0.16296302,-0.16296302,0.0,nan,nan,nan,nan,nan
435875340,435875120,0.16049388,-0.16049388,0.0,nan,nan,nan,nan,nan
435973850,435973627,0.16049388,-0.16049388,0.0,nan,nan,nan,nan,nan
436074832,436074596,0.16296302,-0.16296302,0.0,nan,nan,nan,nan,nan
436173340,436173103,0.16296302,-0.16296302,0.0,nan,nan,nan,nan,nan
436274293,436274072,0.16296302,-0.16296302,0.0,nan,nan,nan,nan,nan
436372802,436372579,0.16049388,-0.16049388,0.0,nan,nan,nan,nan,nan
436473770,436473549,0.16049388,-0.16049388,0.0,nan,nan,nan,nan,nan
436577205,436576981,0.16049388,-0.16049388,0.0,nan,nan,nan,nan,nan
436673245,436673025,0.16296302,-0.16296302,0.0,nan,nan,nan,nan,nan
436776697,436776457,0.16296302,-0.16296302,0.0,nan,nan,nan,nan,nan
436872723,436872501,0.16296302,-0.16296302,0.0,nan,nan,nan,nan,nan
436976158,436975933,0.16296302,-0.16296302,0.0,nan,nan,nan,nan,nan
437072199,437071978,0.16296302,-0.16296302,0.0,nan,nan,nan,nan,nan
437175633,437175410,0.16296302,-0.16296302,0.0,nan,nan,nan,nan,nan
437276600,437276379,0.16049388,-0.16049388,0.0,nan,nan,nan,nan,nan
437375107,437374886,0.16296302,-0.16296302,0.0,nan,nan,nan,nan,nan
437476079,437475856,0.16049388,-0.16049388,0.0,nan,nan,nan,nan,nan
437574659,437574369,0.16296302,-0.16296302,0.0,nan,nan,nan,nan,nan
437675552,437675332,0.16296302,-0.16296302,0.0,nan,nan,nan,nan,nan
437774061,437773839,0.16049388,-0.16049388,0.0,nan,nan,nan,nan,nan
437875029,437874809,0.16049388,-0.16049388,0.0,nan,nan,nan,nan,nan
437976021,437975779,0.16296302,-0.16296302,0.0,nan,nan,nan,nan,nan
438074509,438074285,0.16049388,-0.16049388,0.0,nan,nan,nan,nan,nan
438175479,438175255,0.16049388,-0.16049388,0.0,nan,nan,nan,nan,nan
438274003,438273762,0.16296302,-0.16296302,0.0,nan,nan,nan,nan,nan
438374973,438374732,0.16296302,-0.16296302,0.0,nan,nan,nan,nan,nan
438473459,438473239,0.16296302,-0.16296302,0.0,nan,nan,nan,nan,nan
438574428,438574209,0.16296302,-0.16296302,0.0,nan,nan,nan,nan,nan
438675400,438675178,0.16296302,-0.16296302,0.0,nan,nan,nan,nan,nan
438773912,438773685,0.16296302,-0.16296302,0.0,nan,nan,nan,nan,nan
438874876,438874655,0.16296302,-0.16296302,0.0,nan,nan,nan,nan,nan
438973408,438973162,0.16296302,-0.16296302,0.0,nan,nan,nan,nan,nan
439074367,439074133,0.16049388,-0.16049388,0.0,nan,nan,nan,nan,nan
439172862,439172639,0.16296302,-0.16296302,0.0,nan,nan,nan,nan,nan
439273831,439273609,0.16049388,-0.16049388,0.0,nan,nan,nan,nan,nan
439377282,439377041,0.16296302,-0.16296302,0.0,nan,nan,nan,nan,nan
439473308,439473086,0.16296302,-0.16296302,0.0,nan,nan,nan,nan,nan
439576745,439576518,0.16296302,-0.16296302,0.0,nan,nan,nan,nan,nan
439672800,439672562,0.16049388,-0.16049388,0.0,nan,nan,nan,nan,nan
439776219,439775995,0.16049388,-0.16049388,0.0,nan,nan,nan,nan,nan
439872319,439872040,0.16049388,-0.16049388,0.0,nan,nan,nan,nan,nan
439975704,439975472,0.16296302,-0.16296302,0.0,nan,nan,nan,nan,nan
440076711,440076442,0.16049388,-0.16049388,0.0,nan,nan,nan,nan,nan
440175172,440174949,0.16049388,-0.16049388,0.0,nan,nan,nan,nan,nan
440276158,440275919,0.16296302,-0.16296302,0.0,nan,nan,nan,nan,nan
440374649,440374426,0.16296302,-0.16296302,0.0,nan,nan,nan,nan,nan
440475635,440475396,0.16049388,-0.16049388,0.0,nan,nan,nan,nan,nan
440574141,440573903,0.16296302,-0.16296302,0.0,nan,nan,nan,nan,nan
440675110,440674873,0.16296302,-0.16296302,0.0,nan,nan,nan,nan,nan
440776081,440775843,0.16296302,-0.16296302,0.0,nan,nan,nan,nan,nan
440874589,440874351,0.16296302,-0.16296302,0.0,nan,nan,nan,nan,nan
440975548,440975320,0.16296302,-0.16296302,0.0,nan,nan,nan,nan,nan
441074067,441073828,0.16296302,-0.16296302,0.0,nan,nan,nan,nan,nan
441175021,441174798,0.16296302,-0.16296302,0.0,nan,nan,nan,nan,nan
441273530,441273305,0.16296302,-0.16296302,0.0,nan,nan,nan,nan,nan
441374496,441374275,0.16296302,-0.16296302,0.0,nan,nan,nan,nan,nan
441475467,441475245,0.16296302,-0.16296302,0.0,nan,nan,nan,nan,nan
441573975,441573752,0.16296302,-0.16296302,0.0,nan,nan,nan,nan,nan
441674946,441674723,0.16296302,-0.16296302,0.0,nan,nan,nan,nan,nan
441773451,441773230,0.16296302,-0.16296302,0.0,nan,nan,nan,nan,nan
441874421,441874200,0.16296302,-0.16296302,0.0,nan,nan,nan,nan,nan
441972929,441972707,0.16296302,-0.16296302,0.0,nan,nan,nan,nan,nan
442073900,442073677,0.16296302,-0.16296302,0.0,nan,nan,nan,nan,nan
442177339,442177113,0.16296302,-0.16296302,0.0,nan,nan,nan,nan,nan
442273402,442273155,0.16296302,-0.16296302,0.0,nan,nan,nan,nan,nan
442376813,442376588,0.16296302,-0.16296302,0.0,nan,nan,nan,nan,nan
442472855,442472632,0.16296302,-0.16296302,0.0,nan,nan,nan,nan,nan
442576289,442576065,0.16296302,-0.16296302,0.0,nan,nan,nan,nan,nan
442672350,442672110,0.16296302,-0.16296302,0.0,nan,nan,nan,nan,nan
442775768,442775543,0.16296302,-0.16296302,0.0,nan,nan,nan,nan,nan
442876737,442876513,0.16049388,-0.16049388,0.0,nan,nan,nan,nan,nan
442975242,442975020,0.16049388,-0.16049388,0.0,nan,nan,nan,nan,nan
443076215,443075991,0.16049388,-0.16049388,0.0,nan,nan,nan,nan,nan
443174722,443174498,0.16296302,-0.16296302,0.0,nan,nan,nan,nan,nan
443275692,443275468,0.16296302,-0.16296302,0.0,nan,nan,nan,nan,nan
443374197,443373976,0.16296302,-0.16296302,0.0,nan,nan,nan,nan,nan
443475167,443474946,0.16296302,-0.16296302,0.0,nan,nan,nan,nan,nan
443576141,443575916,0.16296302,-0.16296302,0.0,nan,nan,nan,nan,nan
443674665,443674424,0.16296302,-0.16296302,0.0,nan,nan,nan,nan,nan
443775616,443775394,0.16296302,-0.16296302,0.0,nan,nan,nan,nan,nan
443874122,443873902,0.16296302,-0.16296302,0.0,nan,nan,nan,nan,nan
443975093,443974872,0.16296302,-0.16296302,0.0,nan,nan,nan,nan,nan
444073625,444073380,0.16296302,-0.16296302,0.0,nan,nan,nan,nan,nan
444174571,444174350,0.16049388,-0.16049388,0.0,nan,nan,nan,nan,nan
444275541,444275320,0.16296302,-0.16296302,0.0,nan,nan,nan,nan,nan
444374048,444373828,0.16296302,-0.16296302,0.0,nan,nan,nan,nan,nan
444475020,444474798,0.16296302,-0.16296302,0.0,nan,nan,nan,nan,nan
444573526,444573306,0.16296302,-0.16296302,0.0,nan,nan,nan,nan,nan
444674497,444674276,0.16296302,-0.16296302,0.0,nan,nan,nan,nan,nan
444773005,444772784,0.16049388,-0.16049388,0.0,nan,nan,nan,nan,nan
444873977,444873754,0.16049388,-0.16049388,0.0,nan,nan,nan,nan,nan
444977409,444977187,0.16296302,-0.16296302,0.0,nan,nan,nan,nan,nan
445073455,445073232,0.16049388,-0.16049388,0.0,nan,nan,nan,nan,nan
445176889,445176665,0.16296302,-0.16296302,0.0,nan,nan,nan,nan,nan
445272933,445272710,0.16296302,-0.16296302,0.0,nan,nan,nan,nan,nan
445376368,445376143,0.16296302,-0.16296302,0.0,nan,nan,nan,nan,nan
445472411,445472188,0.16296302,-0.16296302,0.0,nan,nan,nan,nan,nan
445575850,445575622,0.16296302,-0.16296302,0.0,nan,nan,nan,nan,nan
445676843,445676592,0.16296302,-0.16296302,0.0,nan,nan,nan,nan,nan
445775323,445775100,0.16296302,-0.16296302,0.0,nan,nan,nan,nan,nan
445876297,445876070,0.16296302,-0.16296302,0.0,nan,nan,nan,nan,nan
445974798,445974578,0.16296302,-0.16296302,0.0,nan,nan,nan,nan,nan
446075791,446075549,0.16296302,-0.16296302,0.0,nan,nan,nan,nan,nan
446174276,446174056,0.16296302,-0.16296302,0.0,nan,nan,nan,nan,nan
446275247,446275027,0.16296302,-0.16296302,0.0,nan,nan,nan,nan,nan
446376219,446375997,0.16049388,-0.16049388,0.0,nan,nan,nan,nan,nan
446474729,446474505,0.16296302,-0.16296302,0.0,nan,nan,nan,nan,nan
446575700,446575476,0.16049388,-0.16049388,0.0,nan,nan,nan,nan,nan
446674203,446673984,0.16049388,-0.16049388,0.0,nan,nan,nan,nan,nan
446775175,446774954,0.16049388,-0.16049388,0.0,nan,nan,nan,nan,nan
446873685,446873462,0.16296302,-0.16296302,0.0,nan,nan,nan,nan,nan
446974669,446974432,0.16049388,-0.16049388,0.0,nan,nan,nan,nan,nan
447075691,447075403,0.16049388,-0.16049388,0.0,nan,nan,nan,nan,nan
447174170,447173911,0.16296302,-0.16296302,0.0,nan,nan,nan,nan,nan
447275102,447274882,0.16049388,-0.16049388,0.0,nan,nan,nan,nan,nan
447373682,447373389,0.16296302,-0.16296302,0.0,nan,nan,nan,nan,nan
447474598,447474360,0.16296302,-0.16296302,0.0,nan,nan,nan,nan,nan
447573107,447572868,0.16296302,-0.16296302,0.0,nan,nan,nan,nan,nan
447674059,447673839,0.16049388,-0.16049388,0.0,nan,nan,nan,nan,nan
447775046,447774809,0.16296302,-0.16296302,0.0,nan,nan,nan,nan,nan
447873539,447873317,0.16296302,-0.16296302,0.0,nan,nan,nan,nan,nan
447974527,447974288,0.16049388,-0.16049388,0.0,nan,nan,nan,nan,nan
448073016,448072796,0.16296302,-0.16296302,0.0,nan,nan,nan,nan,nan
448176470,448176229,0.16049388,-0.16049388,0.0,nan,nan,nan,nan,nan
448272503,448272275,0.16296302,-0.16296302,0.0,nan,nan,nan,nan,nan
448375949,448375708,0.16296302,-0.16296302,0.0,nan,nan,nan,nan,nan
448476901,448476679,0.16296302,-0.16296302,0.0,nan,nan,nan,nan,nan
448575414,448575187,0.16296302,-0.16296302,0.0,nan,nan,nan,nan,nan
448676383,448676157,0.16296302,-0.16296302,0.0,nan,nan,nan,nan,nan
448774906,448774666,0.16296302,-0.16296302,0.0,nan,nan,nan,nan,nan
448875892,448875636,0.16049388,-0.16049388,0.0,nan,nan,nan,nan,nan
448974382,448974144,0.16296302,-0.16296302,0.0,nan,nan,nan,nan,nan
449075337,449075115,0.16296302,-0.16296302,0.0,nan,nan,nan,nan,nan
449176308,449176086,0.16049388,-0.16049388,0.0,nan,nan,nan,nan,nan
449274817,449274594,0.16296302,-0.16296302,0.0,nan,nan,nan,nan,nan
449375802,449375565,0.16296302,-0.16296302,0.0,nan,nan,nan,nan,nan
449474293,449474073,0.16049388,-0.16049388,0.0,nan,nan,nan,nan,nan
449575265,449575044,0.16049388,-0.16049388,0.0,nan,nan,nan,nan,nan
449673776,449673552,0.16296302,-0.16296302,0.0,nan,nan,nan,nan,nan
449774749,449774523,0.16296302,-0.16296302,0.0,nan,nan,nan,nan,nan
449875715,449875493,0.16296302,-0.16296302,0.0,nan,nan,nan,nan,nan
449974223,449974002,0.16049388,-0.16049388,0.0,nan,nan,nan,nan,nan
450075196,450074972,0.16296302,-0.16296302,0.0,nan,nan,nan,nan,nan
450173712,450173481,0.16296302,-0.16296302,0.0,nan,nan,nan,nan,nan
450274675,450274451,0.16296302,-0.16296302,0.0,nan,nan,nan,nan,nan
450373181,450372960,0.16296302,-0.16296302,0.0,nan,nan,nan,nan,nan
450474152,450473931,0.16296302,-0.16296302,0.0,nan,nan,nan,nan,nan
450575132,450574901,0.16049388,-0.16049388,0.0,nan,nan,nan,nan,nan
450673635,450673410,0.16296302,-0.16296302,0.0,nan,nan,nan,nan,nan
450774601,450774381,0.16296302,-0.16296302,0.0,nan,nan,nan,nan,nan
450873111,450872889,0.16296302,-0.16296302,0.0,nan,nan,nan,nan,nan
450974082,450973860,0.16049388,-0.16049388,0.0,nan,nan,nan,nan,nan
451072590,451072368,0.16296302,-0.16296302,0.0,nan,nan,nan,nan,nan
451173576,451173339,0.16296302,-0.16296302,0.0,nan,nan,nan,nan,nan
451277001,451276773,0.16296302,-0.16296302,0.0,nan,nan,nan,nan,nan
451373039,451372818,0.16296302,-0.16296302,0.0,nan,nan,nan,nan,nan
451476472,451476252,0.16049388,-0.16049388,0.0,nan,nan,nan,nan,nan
451572534,451572298,0.16296302,-0.16296302,0.0,nan,nan,nan,nan,nan
451675965,451675731,0.16296302,-0.16296302,0.0,nan,nan,nan,nan,nan
451771998,451771777,0.16296302,-0.16296302,0.0,nan,nan,nan,nan,nan
451875431,451875211,0.16049388,-0.16049388,0.0,nan,nan,nan,nan,nan
451976402,451976182,0.16296302,-0.16296302,0.0,nan,nan,nan,nan,nan
452074911,452074690,0.16296302,-0.16296302,0.0,nan,nan,nan,nan,nan
452175882,452175661,0.16296302,-0.16296302,0.0,nan,nan,nan,nan,nan
452274390,452274169,0.16296302,-0.16296302,0.0,nan,nan,nan,nan,nan
452375360,452375140,0.16296302,-0.16296302,0.0,nan,nan,nan,nan,nan
452473871,452473649,0.16296302,-0.16296302,0.0,nan,nan,nan,nan,nan
452574857,452574620,0.16296302,-0.16296302,0.0,nan,nan,nan,nan,nan
452675813,452675591,0.16296302,-0.16296302,0.0,nan,nan,nan,nan,nan
452774320,452774099,0.16049388,-0.16049388,0.0,nan,nan,nan,nan,nan
452875294,452875071,0.16296302,-0.16296302,0.0,nan,nan,nan,nan,nan
452973806,452973579,0.16296302,-0.16296302,0.0,nan,nan,nan,nan,nan
453074788,453074550,0.16296302,-0.16296302,0.0,nan,nan,nan,nan,nan
453173278,453173058,0.16296302,-0.16296302,0.0,nan,nan,nan,nan,nan
453274255,453274030,0.16296302,-0.16296302,0.0,nan,nan,nan,nan,nan
453375224,453375001,0.16296302,-0.16296302,0.0,nan,nan,nan,nan,nan
453473737,453473509,0.16296302,-0.16296302,0.0,nan,nan,nan,nan,nan
453574705,453574481,0.16296302,-0.16296302,0.0,nan,nan,nan,nan,nan
453673214,453672989,0.16296302,-0.16296302,0.0,nan,nan,nan,nan,nan
453774183,453773960,0.16296302,-0.16296302,0.0,nan,nan,nan,nan,nan
453872695,453872469,0.16296302,-0.16296302,0.0,nan,nan,nan,nan,nan
453973666,453973440,0.16296302,-0.16296302,0.0,nan,nan,nan,nan,nan
454077150,454076874,0.16296302,-0.16296302,0.0,nan,nan,nan,nan,nan
454173143,454172920,0.16296302,-0.16296302,0.0,nan,nan,nan,nan,nan
454276573,454276353,0.16296302,-0.16296302,0.0,nan,nan,nan,nan,nan
454372630,454372402,0.16296302,-0.16296302,0.0,nan,nan,nan,nan,nan
454476093,454475833,0.16049388,-0.16049388,0.0,nan,nan,nan,nan,nan
454572118,454571879,0.16049388,-0.16049388,0.0,nan,nan,nan,nan,nan
454675579,454675313,0.16296302,-0.16296302,0.0,nan,nan,nan,nan,nan
454776506,454776285,0.16049388,-0.16049388,0.0,nan,nan,nan,nan,nan
454875031,454874793,0.16296302,-0.16296302,0.0,nan,nan,nan,nan,nan
454975986,454975764,0.16296302,-0.16296302,0.0,nan,nan,nan,nan,nan
455074508,455074273,0.16296302,-0.16296302,0.0,nan,nan,nan,nan,nan
455175466,455175244,0.16296302,-0.16296302,0.0,nan,nan,nan,nan,nan
455273996,455273753,0.16296302,-0.16296302,0.0,nan,nan,nan,nan,nan
455374946,455374724,0.16049388,-0.16049388,0.0,nan,nan,nan,nan,nan
455475932,455475696,0.16296302,-0.16296302,0.0,nan,nan,nan,nan,nan
455574425,455574204,0.16296302,-0.16296302,0.0,nan,nan,nan,nan,nan
455675410,455675176,0.16049388,-0.16049388,0.0,nan,nan,nan,nan,nan
455773906,455773684,0.16296302,-0.16296302,0.0,nan,nan,nan,nan,nan
455874894,455874656,0.16296302,-0.16296302,0.0,nan,nan,nan,nan,nan
455973401,455973165,0.16049388,-0.16049388,0.0,nan,nan,nan,nan,nan
456074374,456074136,0.16296302,-0.16296302,0.0,nan,nan,nan,nan,nan
456175332,456175107,0.16296302,-0.16296302,0.0,nan,nan,nan,nan,nan
456273844,456273616,0.16296302,-0.16296302,0.0,nan,nan,nan,nan,nan
456374818,456374587,0.16049388,-0.16049388,0.0,nan,nan,nan,nan,nan
456473319,456473099,0.16296302,-0.16296302,0.0,nan,nan,nan,nan,nan
456574289,456574068,0.16296302,-0.16296302,0.0,nan,nan,nan,nan,nan
456672798,456672576,0.16049388,-0.16049388,0.0,nan,nan,nan,nan,nan
456773777,456773548,0.16049388,-0.16049388,0.0,nan,nan,nan,nan,nan
456877257,456876982,0.16296302,-0.16296302,0.0,nan,nan,nan,nan,nan
456973249,456973028,0.16296302,-0.16296302,0.0,nan,nan,nan,nan,nan
457076700,457076462,0.16296302,-0.16296302,0.0,nan,nan,nan,nan,nan
457172731,457172508,0.16296302,-0.16296302,0.0,nan,nan,nan,nan,nan
457276163,457275943,0.16296302,-0.16296302,0.0,nan,nan,nan,nan,nan
457372210,457371989,0.16296302,-0.16296302,0.0,nan,nan,nan,nan,nan
457475667,457475423,0.16296302,-0.16296302,0.0,nan,nan,nan,nan,nan
457576616,457576395,0.16049388,-0.16049388,0.0,nan,nan,nan,nan,nan
457675124,457674903,0.16296302,-0.16296302,0.0,nan,nan,nan,nan,nan
457776097,457775875,0.16296302,-0.16296302,0.0,nan,nan,nan,nan,nan
457874606,457874384,0.16049388,-0.16049388,0.0,nan,nan,nan,nan,nan
457975585,457975355,0.16296302,-0.16296302,0.0,nan,nan,nan,nan,nan
458074086,458073864,0.16296302,-0.16296302,0.0,nan,nan,nan,nan,nan
458175071,458174836,0.16296302,-0.16296302,0.0,nan,nan,nan,nan,nan
458276029,458275807,0.16296302,-0.16296302,0.0,nan,nan,nan,nan,nan
458374537,458374316,0.16296302,-0.16296302,0.0,nan,nan,nan,nan,nan
458475525,458475288,0.16296302,-0.16296302,0.0,nan,nan,nan,nan,nan
458574020,458573797,0.16296302,-0.16296302,0.0,nan,nan,nan,nan,nan
458674989,458674768,0.16049388,-0.16049388,0.0,nan,nan,nan,nan,nan
458773502,458773277,0.16049388,-0.16049388,0.0,nan,nan,nan,nan,nan
458874473,458874249,0.16049388,-0.16049388,0.0,nan,nan,nan,nan,nan
458975444,458975221,0.16049388,-0.16049388,0.0,nan,nan,nan,nan,nan
459073971,459073730,0.16049388,-0.16049388,0.0,nan,nan,nan,nan,nan
459174942,459174701,0.16296302,-0.16296302,0.0,nan,nan,nan,nan,nan
459273433,459273210,0.16296302,-0.16296302,0.0,nan,nan,nan,nan,nan
459374404,459374182,0.16296302,-0.16296302,0.0,nan,nan,nan,nan,nan
459472971,459472691,0.16049388,-0.16049388,0.0,nan,nan,nan,nan,nan
459573886,459573663,0.16049388,-0.16049388,0.0,nan,nan,nan,nan,nan
459677329,459677097,0.16296302,-0.16296302,0.0,nan,nan,nan,nan,nan
459773365,459773144,0.16296302,-0.16296302,0.0,nan,nan,nan,nan,nan
459876836,459876578,0.16296302,-0.16296302,0.0,nan,nan,nan,nan,nan
459972845,459972624,0.16296302,-0.16296302,0.0,nan,nan,nan,nan,nan
460076279,460076059,0.16296302,-0.16296302,0.0,nan,nan,nan,nan,nan
460172327,460172105,0.16049388,-0.16049388,0.0,nan,nan,nan,nan,nan
460275764,460275540,0.16296302,-0.16296302,0.0,nan,nan,nan,nan,nan
460376741,460376512,0.16049388,-0.16049388,0.0,nan,nan,nan,nan,nan
460475242,460475020,0.16049388,-0.16049388,0.0,nan,nan,nan,nan,nan
460576216,460575992,0.16049388,-0.16049388,0.0,nan,nan,nan,nan,nan
460674723,460674501,0.16296302,-0.16296302,0.0,nan,nan,nan,nan,nan
460775702,460775473,0.16296302,-0.16296302,0.0,nan,nan,nan,nan,nan
460874217,460873982,0.16296302,-0.16296302,0.0,nan,nan,nan,nan,nan
460975183,460974954,0.16296302,-0.16296302,0.0,nan,nan,nan,nan,nan
461076149,461075926,0.16296302,-0.16296302,0.0,nan,nan,nan,nan,nan
461174663,461174435,0.16296302,-0.16296302,0.0,nan,nan,nan,nan,nan
461275633,461275407,0.16296302,-0.16296302,0.0,nan,nan,nan,nan,nan
461374140,461373916,0.16296302,-0.16296302,0.0,nan,nan,nan,nan,nan
461475110,461474888,0.16296302,-0.16296302,0.0,nan,nan,nan,nan,nan
461573623,461573397,0.16296302,-0.16296302,0.0,nan,nan,nan,nan,nan
461674591,461674369,0.16296302,-0.16296302,0.0,nan,nan,nan,nan,nan
461775566,461775341,0.16296302,-0.16296302,0.0,nan,nan,nan,nan,nan
461874072,461873850,0.16049388,-0.16049388,0.0,nan,nan,nan,nan,nan
461975042,461974822,0.16296302,-0.16296302,0.0,nan,nan,nan,nan,nan
462073555,462073331,0.16296302,-0.16296302,0.0,nan,nan,nan,nan,nan
462174533,462174305,0.16296302,-0.16296302,0.0,nan,nan,nan,nan,nan
462273064,462272813,0.16049388,-0.16049388,0.0,nan,nan,nan,nan,nan
462374035,462373785,0.16296302,-0.16296302,0.0,nan,nan,nan,nan,nan
462477443,462477219,0.16296302,-0.16296302,0.0,nan,nan,nan,nan,nan
462573546,462573266,0.16296302,-0.16296302,0.0,nan,nan,nan,nan,nan
462676925,462676701,0.16296302,-0.16296302,0.0,nan,nan,nan,nan,nan
462772984,462772747,0.16296302,-0.16296302,0.0,nan,nan,nan,nan,nan
462876403,462876182,0.16296302,-0.16296302,0.0,nan,nan,nan,nan,nan
462972468,462972228,0.16049388,-0.16049388,0.0,nan,nan,nan,nan,nan
463075887,463075663,0.16296302,-0.16296302,0.0,nan,nan,nan,nan,nan
463176878,463176636,0.16296302,-0.16296302,0.0,nan,nan,nan,nan,nan
463275384,463275145,0.16049388,-0.16049388,0.0,nan,nan,nan,nan,nan
463376354,463376117,0.16049388,-0.16049388,0.0,nan,nan,nan,nan,nan
463474853,463474626,0.16296302,-0.16296302,0.0,nan,nan,nan,nan,nan
463575836,463575598,0.16296302,-0.16296302,0.0,nan,nan,nan,nan,nan
463674332,463674107,0.16049388,-0.16049388,0.0,nan,nan,nan,nan,nan
463775302,463775079,0.16049388,-0.16049388,0.0,nan,nan,nan,nan,nan
463876273,463876051,0.16049388,-0.16049388,0.0,nan,nan,nan,nan,nan
463974782,463974561,0.16049388,-0.16049388,0.0,nan,nan,nan,nan,nan
464075769,464075533,0.16049388,-0.16049388,0.0,nan,nan,nan,nan,nan
464174263,464174042,0.16049388,-0.16049388,0.0,nan,nan,nan,nan,nan
464275235,464275014,0.16296302,-0.16296302,0.0,nan,nan,nan,nan,nan
464373743,464373524,0.16296302,-0.16296302,0.0,nan,nan,nan,nan,nan
464474721,464474496,0.16296302,-0.16296302,0.0,nan,nan,nan,nan,nan
464575692,464575468,0.16049388,-0.16049388,0.0,nan,nan,nan,nan,nan
464674213,464673978,0.16296302,-0.16296302,0.0,nan,nan,nan,nan,nan
464775171,464774950,0.16049388,-0.16049388,0.0,nan,nan,nan,nan,nan
464873683,464873459,0.16296302,-0.16296302,0.0,nan,nan,nan,nan,nan
464974656,464974431,0.16049388,-0.16049388,0.0,nan,nan,nan,nan,nan
465073163,465072941,0.16296302,-0.16296302,0.0,nan,nan,nan,nan,nan
465174136,465173913,0.16296302,-0.16296302,0.0,nan,nan,nan,nan,nan
465275107,465274885,0.16296302,-0.16296302,0.0,nan,nan,nan,nan,nan
465373617,465373395,0.16049388,-0.16049388,0.0,nan,nan,nan,nan,nan
465474608,465474367,0.16296302,-0.16296302,0.0,nan,nan,nan,nan,nan
465573099,465572876,0.16296302,-0.16296302,0.0,nan,nan,nan,nan,nan
465674073,465673849,0.16296302,-0.16296302,0.0,nan,nan,nan,nan,nan
465772579,465772358,0.16296302,-0.16296302,0.0,nan,nan,nan,nan,nan
465873554,465873331,0.16296302,-0.16296302,0.0,nan,nan,nan,nan,nan
465976988,465976765,0.16296302,-0.16296302,0.0,nan,nan,nan,nan,nan
466073049,466072812,0.16049388,-0.16049388,0.0,nan,nan,nan,nan,nan
466176467,466176247,0.16296302,-0.16296302,0.0,nan,nan,nan,nan,nan
466274979,466274757,0.16049388,-0.16049388,0.0,nan,nan,nan,nan,nan
466375950,466375729,0.16296302,-0.16296302,0.0,nan,nan,nan,nan,nan
466474460,466474239,0.16296302,-0.16296302,0.0,nan,nan,nan,nan,nan
466575433,466575211,0.16049388,-0.16049388,0.0,nan,nan,nan,nan,nan
466676404,466676183,0.16296302,-0.16296302,0.0,nan,nan,nan,nan,nan
466774913,466774693,0.16296302,-0.16296302,0.0,nan,nan,nan,nan,nan
466875889,466875665,0.16296302,-0.16296302,0.0,nan,nan,nan,nan,nan
466974396,466974175,0.16296302,-0.16296302,0.0,nan,nan,nan,nan,nan
467075416,467075147,0.16049388,-0.16049388,0.0,nan,nan,nan,nan,nan
467173877,467173657,0.16296302,-0.16296302,0.0,nan,nan,nan,nan,nan
467274850,467274629,0.16296302,-0.16296302,0.0,nan,nan,nan,nan,nan
467375823,467375602,0.16049388,-0.16049388,0.0,nan,nan,nan,nan,nan
467474333,467474111,0.16049388,-0.16049388,0.0,nan,nan,nan,nan,nan
467575324,467575084,0.16296302,-0.16296302,0.0,nan,nan,nan,nan,nan
467673814,467673593,0.16296302,-0.16296302,0.0,nan,nan,nan,nan,nan
467774787,467774566,0.16296302,-0.16296302,0.0,nan,nan,nan,nan,nan
467873297,467873075,0.16049388,-0.16049388,0.0,nan,nan,nan,nan,nan
467974270,467974048,0.16296302,-0.16296302,0.0,nan,nan,nan,nan,nan
468077713,468077483,0.16296302,-0.16296302,0.0,nan,nan,nan,nan,nan
468173754,468173530,0.16296302,-0.16296302,0.0,nan,nan,nan,nan,nan
468277201,468276965,0.16049388,-0.16049388,0.0,nan,nan,nan,nan,nan
468373235,468373012,0.16296302,-0.16296302,0.0,nan,nan,nan,nan,nan
468474219,468473985,0.16296302,-0.16296302,0.0,nan,nan,nan,nan,nan
468572738,468572495,0.16049388,-0.16049388,0.0,nan,nan,nan,nan,nan
468676154,468675930,0.16296302,-0.16296302,0.0,nan,nan,nan,nan,nan
468777144,468776902,0.16296302,-0.16296302,0.0,nan,nan,nan,nan,nan
468875640,468875412,0.16049388,-0.16049388,0.0,nan,nan,nan,nan,nan
468976608,468976385,0.16049388,-0.16049388,0.0,nan,nan,nan,nan,nan
469075119,469074894,0.16296302,-0.16296302,0.0,nan,nan,nan,nan,nan
469176088,469175867,0.16049388,-0.16049388,0.0,nan,nan,nan,nan,nan
469274605,469274377,0.16296302,-0.16296302,0.0,nan,nan,nan,nan,nan
469375576,469375349,0.16296302,-0.16296302,0.0,nan,nan,nan,nan,nan
469474116,469473859,0.16049388,-0.16049388,0.0,nan,nan,nan,nan,nan
469575091,469574832,0.16296302,-0.16296302,0.0,nan,nan,nan,nan,nan
469676045,469675804,0.16296302,-0.16296302,0.0,nan,nan,nan,nan,nan
469774536,469774314,0.16296302,-0.16296302,0.0,nan,nan,nan,nan,nan
469875518,469875286,0.16296302,-0.16296302,0.0,nan,nan,nan,nan,nan
469974019,469973796,0.16296302,-0.16296302,0.0,nan,nan,nan,nan,nan
470075027,470074769,0.16049388,-0.16049388,0.0,nan,nan,nan,nan,nan
470175963,470175742,0.16296302,-0.16296302,0.0,nan,nan,nan,nan,nan
470274535,470274252,0.16049388,-0.16049388,0.0,nan,nan,nan,nan,nan
470375445,470375224,0.16049388,-0.16049388,0.0,nan,nan,nan,nan,nan
470473971,470473734,0.16296302,-0.16296302,0.0,nan,nan,nan,nan,nan
470574927,470574707,0.16296302,-0.16296302,0.0,nan,nan,nan,nan,nan
470673452,470673217,0.16296302,-0.16296302,0.0,nan,nan,nan,nan,nan
470774409,470774189,0.16049388,-0.16049388,0.0,nan,nan,nan,nan,nan
470875398,470875162,0.16049388,-0.16049388,0.0,nan,nan,nan,nan,nan
470973893,470973672,0.16296302,-0.16296302,0.0,nan,nan,nan,nan,nan
471074881,471074644,0.16296302,-0.16296302,0.0,nan,nan,nan,nan,nan
471173376,471173154,0.16049388,-0.16049388,0.0,nan,nan,nan,nan,nan
471274366,471274127,0.16049388,-0.16049388,0.0,nan,nan,nan,nan,nan
471372861,471372637,0.16296302,-0.16296302,0.0,nan,nan,nan,nan,nan
471473848,471473610,0.16049388,-0.16049388,0.0,nan,nan,nan,nan,nan
471577267,471577045,0.16049388,-0.16049388,0.0,nan,nan,nan,nan,nan
471673330,471673092,0.16296302,-0.16296302,0.0,nan,nan,nan,nan,nan
471776767,471776528,0.16296302,-0.16296302,0.0,nan,nan,nan,nan,nan
471872800,471872575,0.16296302,-0.16296302,0.0,nan,nan,nan,nan,nan
471976231,471976011,0.16296302,-0.16296302,0.0,nan,nan,nan,nan,nan
472072279,472072058,0.16049388,-0.16049388,0.0,nan,nan,nan,nan,nan
472175717,472175493,0.16049388,-0.16049388,0.0,nan,nan,nan,nan,nan
472276711,472276466,0.16296302,-0.16296302,0.0,nan,nan,nan,nan,nan
472375197,472374976,0.16296302,-0.16296302,0.0,nan,nan,nan,nan,nan
472476170,472475949,0.16296302,-0.16296302,0.0,nan,nan,nan,nan,nan
472574682,472574459,0.16049388,-0.16049388,0.0,nan,nan,nan,nan,nan
472675658,472675432,0.16296302,-0.16296302,0.0,nan,nan,nan,nan,nan
472774164,472773942,0.16296302,-0.16296302,0.0,nan,nan,nan,nan,nan
472875156,472874915,0.16296302,-0.16296302,0.0,nan,nan,nan,nan,nan
472976113,472975888,0.16049388,-0.16049388,0.0,nan,nan,nan,nan,nan
473074622,473074398,0.16296302,-0.16296302,0.0,nan,nan,nan,nan,nan
473175592,473175371,0.16296302,-0.16296302,0.0,nan,nan,nan,nan,nan
473274103,473273881,0.16296302,-0.16296302,0.0,nan,nan,nan,nan,nan
473375077,473374854,0.16296302,-0.16296302,0.0,nan,nan,nan,nan,nan
473473584,473473364,0.16296302,-0.16296302,0.0,nan,nan,nan,nan,nan
473574558,473574337,0.16049388,-0.16049388,0.0,nan,nan,nan,nan,nan
473675532,473675309,0.16296302,-0.16296302,0.0,nan,nan,nan,nan,nan
473774042,473773819,0.16296302,-0.16296302,0.0,nan,nan,nan,nan,nan
473875060,473874792,0.16049388,-0.16049388,0.0,nan,nan,nan,nan,nan
473973526,473973303,0.16296302,-0.16296302,0.0,nan,nan,nan,nan,nan
474074496,474074275,0.16296302,-0.16296302,0.0,nan,nan,nan,nan,nan
474173008,474172786,0.16296302,-0.16296302,0.0,nan,nan,nan,nan,nan
474273982,474273759,0.16296302,-0.16296302,0.0,nan,nan,nan,nan,nan
474377433,474377194,0.16049388,-0.16049388,0.0,nan,nan,nan,nan,nan
474473462,474473242,0.16296302,-0.16296302,0.0,nan,nan,nan,nan,nan
474576900,474576677,0.16296302,-0.16296302,0.0,nan,nan,nan,nan,nan
474672947,474672725,0.16049388,-0.16049388,0.0,nan,nan,nan,nan,nan
474776385,474776161,0.16049388,-0.16049388,0.0,nan,nan,nan,nan,nan
474872430,474872208,0.16296302,-0.16296302,0.0,nan,nan,nan,nan,nan
474975870,474975644,0.16049388,-0.16049388,0.0,nan,nan,nan,nan,nan
475076841,475076617,0.16296302,-0.16296302,0.0,nan,nan,nan,nan,nan
475175352,475175127,0.16049388,-0.16049388,0.0,nan,nan,nan,nan,nan
475276339,475276100,0.16296302,-0.16296302,0.0,nan,nan,nan,nan,nan
475374836,475374610,0.16296302,-0.16296302,0.0,nan,nan,nan,nan,nan
475475804,475475583,0.16296302,-0.16296302,0.0,nan,nan,nan,nan,nan
475574317,475574093,0.16296302,-0.16296302,0.0,nan,nan,nan,nan,nan
475675287,475675067,0.16296302,-0.16296302,0.0,nan,nan,nan,nan,nan
475776260,475776040,0.16296302,-0.16296302,0.0,nan,nan,nan,nan,nan
475874770,475874550,0.16049388,-0.16049388,0.0,nan,nan,nan,nan,nan
475975745,475975523,0.16296302,-0.16296302,0.0,nan,nan,nan,nan,nan
476074263,476074033,0.16296302,-0.16296302,0.0,nan,nan,nan,nan,nan
476175227,476175006,0.16296302,-0.16296302,0.0,nan,nan,nan,nan,nan
476273756,476273517,0.16296302,-0.16296302,0.0,nan,nan,nan,nan,nan
476374710,476374490,0.16049388,-0.16049388,0.0,nan,nan,nan,nan,nan
476475693,476475463,0.16049388,-0.16049388,0.0,nan,nan,nan,nan,nan
476574201,476573973,0.16049388,-0.16049388,0.0,nan,nan,nan,nan,nan
476675167,476674946,0.16296302,-0.16296302,0.0,nan,nan,nan,nan,nan
476773680,476773457,0.16296302,-0.16296302,0.0,nan,nan,nan,nan,nan
476874673,476874430,0.16049388,-0.16049388,0.0,nan,nan,nan,nan,nan
476973160,476972940,0.16296302,-0.16296302,0.0,nan,nan,nan,nan,nan
477074137,477073913,0.16296302,-0.16296302,0.0,nan,nan,nan,nan,nan
477175111,477174887,0.16296302,-0.16296302,0.0,nan,nan,nan,nan,nan
477273620,477273397,0.16296302,-0.16296302,0.0,nan,nan,nan,nan,nan
477374594,477374370,0.16296302,-0.16296302,0.0,nan,nan,nan,nan,nan
477473102,477472880,0.16296302,-0.16296302,0.0,nan,nan,nan,nan,nan
477574077,477573854,0.16296302,-0.16296302,0.0,nan,nan,nan,nan,nan
477672586,477672364,0.16296302,-0.16296302,0.0,nan,nan,nan,nan,nan
477773564,477773337,0.16296302,-0.16296302,0.0,nan,nan,nan,nan,nan
477877009,477876773,0.16296302,-0.16296302,0.0,nan,nan,nan,nan,nan
477973069,477972821,0.16296302,-0.16296302,0.0,nan,nan,nan,nan,nan
478076480,478076257,0.16296302,-0.16296302,0.0,nan,nan,nan,nan,nan
478172584,478172306,0.16296302,-0.16296302,0.0,nan,nan,nan,nan,nan
478275963,478275741,0.16296302,-0.16296302,0.0,nan,nan,nan,nan,nan
478372025,478371788,0.16296302,-0.16296302,0.0,nan,nan,nan,nan,nan
478475444,478475224,0.16296302,-0.16296302,0.0,nan,nan,nan,nan,nan
478576436,478576198,0.16296302,-0.16296302,0.0,nan,nan,nan,nan,nan
478674929,478674708,0.16296302,-0.16296302,0.0,nan,nan,nan,nan,nan
478775976,478775681,0.16296302,-0.16296302,0.0,nan,nan,nan,nan,nan
478874412,478874192,0.16296302,-0.16296302,0.0,nan,nan,nan,nan,nan
478975400,478975165,0.16049388,-0.16049388,0.0,nan,nan,nan,nan,nan
479073896,479073676,0.16296302,-0.16296302,0.0,nan,nan,nan,nan,nan
479174890,479174649,0.16296302,-0.16296302,0.0,nan,nan,nan,nan,nan
479275864,479275622,0.16049388,-0.16049388,0.0,nan,nan,nan,nan,nan
479374371,479374133,0.16049388,-0.16049388,0.0,nan,nan,nan,nan,nan
479475328,479475106,0.16296302,-0.16296302,0.0,nan,nan,nan,nan,nan
479573847,479573617,0.16049388,-0.16049388,0.0,nan,nan,nan,nan,nan
479674817,479674590,0.16296302,-0.16296302,0.0,nan,nan,nan,nan,nan
479773341,479773101,0.16296302,-0.16296302,0.0,nan,nan,nan,nan,nan
479874315,479874074,0.16296302,-0.16296302,0.0,nan,nan,nan,nan,nan
479975288,479975048,0.16049388,-0.16049388,0.0,nan,nan,nan,nan,nan
480073796,480073558,0.16296302,-0.16296302,0.0,nan,nan,nan,nan,nan
480174754,480174532,0.16049388,-0.16049388,0.0,nan,nan,nan,nan,nan
480273278,480273042,0.16296302,-0.16296302,0.0,nan,nan,nan,nan,nan
480374238,480374016,0.16296302,-0.16296302,0.0,nan,nan,nan,nan,nan
480472750,480472526,0.16296302,-0.16296302,0.0,nan,nan,nan,nan,nan
480573722,480573500,0.16296302,-0.16296302,0.0,nan,nan,nan,nan,nan
480677172,480676936,0.16296302,-0.16296302,0.0,nan,nan,nan,nan,nan
480773208,480772984,0.16296302,-0.16296302,0.0,nan,nan,nan,nan,nan
480876656,480876420,0.16296302,-0.16296302,0.0,nan,nan,nan,nan,nan
480972694,480972468,0.16296302,-0.16296302,0.0,nan,nan,nan,nan,nan
481076133,481075904,0.16296302,-0.16296302,0.0,nan,nan,nan,nan,nan
481172190,481171952,0.16296302,-0.16296302,0.0,nan,nan,nan,nan,nan
481275620,481275388,0.16049388,-0.16049388,0.0,nan,nan,nan,nan,nan
481376582,481376362,0.16296302,-0.16296302,0.0,nan,nan,nan,nan,nan
481475094,481474873,0.16049388,-0.16049388,0.0,nan,nan,nan,nan,nan
481576069,481575846,0.16049388,-0.16049388,0.0,nan,nan,nan,nan,nan
481674597,481674357,0.16296302,-0.16296302,0.0,nan,nan,nan,nan,nan
481775551,481775330,0.16296302,-0.16296302,0.0,nan,nan,nan,nan,nan
481874063,481873841,0.16049388,-0.16049388,0.0,nan,nan,nan,nan,nan
481975037,481974815,0.16296302,-0.16296302,0.0,nan,nan,nan,nan,nan
482076012,482075788,0.16296302,-0.16296302,0.0,nan,nan,nan,nan,nan
482174519,482174299,0.16296302,-0.16296302,0.0,nan,nan,nan,nan,nan
482275495,482275272,0.16296302,-0.16296302,0.0,nan,nan,nan,nan,nan
482374027,482373783,0.16296302,-0.16296302,0.0,nan,nan,nan,nan,nan
482474979,482474757,0.16049388,-0.16049388,0.0,nan,nan,nan,nan,nan
482573490,482573268,0.16296302,-0.16296302,0.0,nan,nan,nan,nan,nan
482674488,482674241,0.16049388,-0.16049388,0.0,nan,nan,nan,nan,nan
482775434,482775215,0.16296302,-0.16296302,0.0,nan,nan,nan,nan,nan
482873962,482873725,0.16296302,-0.16296302,0.0,nan,nan,nan,nan,nan
482974921,482974699,0.16296302,-0.16296302,0.0,nan,nan,nan,nan,nan
483073432,483073210,0.16296302,-0.16296302,0.0,nan,nan,nan,nan,nan
483174404,483174183,0.16049388,-0.16049388,0.0,nan,nan,nan,nan,nan
483272920,483272694,0.16296302,-0.16296302,0.0,nan,nan,nan,nan,nan
483373889,483373668,0.16296302,-0.16296302,0.0,nan,nan,nan,nan,nan
483477331,483477104,0.16296302,-0.16296302,0.0,nan,nan,nan,nan,nan
483573376,483573152,0.16049388,-0.16049388,0.0,nan,nan,nan,nan,nan
483676830,483676588,0.16049388,-0.16049388,0.0,nan,nan,nan,nan,nan
483772860,483772637,0.16296302,-0.16296302,0.0,nan,nan,nan,nan,nan
483876294,483876073,0.16049388,-0.16049388,0.0,nan,nan,nan,nan,nan
483972345,483972121,0.16296302,-0.16296302,0.0,nan,nan,nan,nan,nan
484075781,484075557,0.16296302,-0.16296302,0.0,nan,nan,nan,nan,nan
484176754,484176531,0.16296302,-0.16296302,0.0,nan,nan,nan,nan,nan
484275263,484275042,0.16296302,-0.16296302,0.0,nan,nan,nan,nan,nan
484376237,484376015,0.16296302,-0.16296302,0.0,nan,nan,nan,nan,nan
484474747,484474526,0.16296302,-0.16296302,0.0,nan,nan,nan,nan,nan
484575738,484575500,0.16296302,-0.16296302,0.0,nan,nan,nan,nan,nan
484674241,484674011,0.16296302,-0.16296302,0.0,nan,nan,nan,nan,nan
484775205,484774985,0.16296302,-0.16296302,0.0,nan,nan,nan,nan,nan
484876184,484875958,0.16296302,-0.16296302,0.0,nan,nan,nan,nan,nan
484974697,484974469,0.16296302,-0.16296302,0.0,nan,nan,nan,nan,nan
485075670,485075443,0.16296302,-0.16296302,0.0,nan,nan,nan,nan,nan
485174175,485173954,0.16296302,-0.16296302,0.0,nan,nan,nan,nan,nan
485275154,485274928,0.16296302,-0.16296302,0.0,nan,nan,nan,nan,nan
485373664,485373438,0.16296302,-0.16296302,0.0,nan,nan,nan,nan,nan
485474639,485474412,0.16296302,-0.16296302,0.0,nan,nan,nan,nan,nan
485575624,485575386,0.16049388,-0.16049388,0.0,nan,nan,nan,nan,nan
485674129,485673897,0.16049388,-0.16049388,0.0,nan,nan,nan,nan,nan
485775095,485774871,0.16049388,-0.16049388,0.0,nan,nan,nan,nan,nan
485873639,485873381,0.16296302,-0.16296302,0.0,nan,nan,nan,nan,nan
485974578,485974355,0.16296302,-0.16296302,0.0,nan,nan,nan,nan,nan
486073151,486072866,0.16049388,-0.16049388,0.0,nan,nan,nan,nan,nan
486174064,486173840,0.16296302,-0.16296302,0.0,nan,nan,nan,nan,nan
486275051,486274814,0.16049388,-0.16049388,0.0,nan,nan,nan,nan,nan
486373548,486373325,0.16296302,-0.16296302,0.0,nan,nan,nan,nan,nan
486474537,486474299,0.16296302,-0.16296302,0.0,nan,nan,nan,nan,nan
486573062,486572810,0.16296302,-0.16296302,0.0,nan,nan,nan,nan,nan
486676483,486676246,0.16296302,-0.16296302,0.0,nan,nan,nan,nan,nan
486772519,486772294,0.16296302,-0.16296302,0.0,nan,nan,nan,nan,nan
486875984,486875731,0.16296302,-0.16296302,0.0,nan,nan,nan,nan,nan
486976925,486976704,0.16049388,-0.16049388,0.0,nan,nan,nan,nan,nan
487075458,487075216,0.16296302,-0.16296302,0.0,nan,nan,nan,nan,nan
487176409,487176189,0.16296302,-0.16296302,0.0,nan,nan,nan,nan,nan
487274950,487274700,0.16296302,-0.16296302,0.0,nan,nan,nan,nan,nan
487375897,487375674,0.16296302,-0.16296302,0.0,nan,nan,nan,nan,nan
487474413,487474185,0.16296302,-0.16296302,0.0,nan,nan,nan,nan,nan
487575396,487575159,0.16296302,-0.16296302,0.0,nan,nan,nan,nan,nan
487673891,487673669,0.16049388,-0.16049388,0.0,nan,nan,nan,nan,nan
487774865,487774643,0.16296302,-0.16296302,0.0,nan,nan,nan,nan,nan
487875841,487875617,0.16296302,-0.16296302,0.0,nan,nan,nan,nan,nan
487974350,487974128,0.16296302,-0.16296302,0.0,nan,nan,nan,nan,nan
488075323,488075102,0.16296302,-0.16296302,0.0,nan,nan,nan,nan,nan
488173859,488173613,0.16296302,-0.16296302,0.0,nan,nan,nan,nan,nan
488274809,488274587,0.16296302,-0.16296302,0.0,nan,nan,nan,nan,nan
488375783,488375560,0.16049388,-0.16049388,0.0,nan,nan,nan,nan,nan
488474296,488474071,0.16296302,-0.16296302,0.0,nan,nan,nan,nan,nan
488575268,488575045,0.16049388,-0.16049388,0.0,nan,nan,nan,nan,nan
488673779,488673556,0.16296302,-0.16296302,0.0,nan,nan,nan,nan,nan
488774754,488774529,0.16296302,-0.16296302,0.0,nan,nan,nan,nan,nan
488873262,488873041,0.16296302,-0.16296302,0.0,nan,nan,nan,nan,nan
488974235,488974014,0.16296302,-0.16296302,0.0,nan,nan,nan,nan,nan
489075226,489074988,0.16296302,-0.16296302,0.0,nan,nan,nan,nan,nan
489173725,489173499,0.16049388,-0.16049388,0.0,nan,nan,nan,nan,nan
489274699,489274473,0.16049388,-0.16049388,0.0,nan,nan,nan,nan,nan
489373207,489372984,0.16296302,-0.16296302,0.0,nan,nan,nan,nan,nan
489474182,489473959,0.16296302,-0.16296302,0.0,nan,nan,nan,nan,nan
489572691,489572469,0.16296302,-0.16296302,0.0,nan,nan,nan,nan,nan
489673670,489673443,0.16296302,-0.16296302,0.0,nan,nan,nan,nan,nan
489777102,489776879,0.16296302,-0.16296302,0.0,nan,nan,nan,nan,nan
489873155,489872928,0.16049388,-0.16049388,0.0,nan,nan,nan,nan,nan
489976585,489976364,0.16296302,-0.16296302,0.0,nan,nan,nan,nan,nan
490072687,490072412,0.16296302,-0.16296302,0.0,nan,nan,nan,nan,nan
490176075,490175849,0.16296302,-0.16296302,0.0,nan,nan,nan,nan,nan
490272119,490271898,0.16296302,-0.16296302,0.0,nan,nan,nan,nan,nan
490375576,490375334,0.16296302,-0.16296302,0.0,nan,nan,nan,nan,nan
490476549,490476308,0.16296302,-0.16296302,0.0,nan,nan,nan,nan,nan
490575040,490574819,0.16296302,-0.16296302,0.0,nan,nan,nan,nan,nan
490676015,490675793,0.16049388,-0.16049388,0.0,nan,nan,nan,nan,nan
490774527,490774304,0.16296302,-0.16296302,0.0,nan,nan,nan,nan,nan
490875500,490875278,0.16296302,-0.16296302,0.0,nan,nan,nan,nan,nan
490974028,490973789,0.16296302,-0.16296302,0.0,nan,nan,nan,nan,nan
491075002,491074763,0.16049388,-0.16049388,0.0,nan,nan,nan,nan,nan
491175960,491175737,0.16296302,-0.16296302,0.0,nan,nan,nan,nan,nan
491274478,491274249,0.16296302,-0.16296302,0.0,nan,nan,nan,nan,nan
491375443,491375222,0.16296302,-0.16296302,0.0,nan,nan,nan,nan,nan
491473970,491473734,0.16049388,-0.16049388,0.0,nan,nan,nan,nan,nan
491574928,491574708,0.16049388,-0.16049388,0.0,nan,nan,nan,nan,nan
491673441,491673219,0.16049388,-0.16049388,0.0,nan,nan,nan,nan,nan
491774415,491774193,0.16296302,-0.16296302,0.0,nan,nan,nan,nan,nan
491875390,491875167,0.16296302,-0.16296302,0.0,nan,nan,nan,nan,nan
491973902,491973678,0.16296302,-0.16296302,0.0,nan,nan,nan,nan,nan
492074907,492074652,0.16296302,-0.16296302,0.0,nan,nan,nan,nan,nan
492173385,492173163,0.16296302,-0.16296302,0.0,nan,nan,nan,nan,nan
492274360,492274137,0.16049388,-0.16049388,0.0,nan,nan,nan,nan,nan
492372871,492372648,0.16296302,-0.16296302,0.0,nan,nan,nan,nan,nan
492473867,492473622,0.16296302,-0.16296302,0.0,nan,nan,nan,nan,nan
492577284,492577060,0.16296302,-0.16296302,0.0,nan,nan,nan,nan,nan
492673329,492673108,0.16049388,-0.16049388,0.0,nan,nan,nan,nan,nan
492776772,492776545,0.16296302,-0.16296302,0.0,nan,nan,nan,nan,nan
492872819,492872593,0.16296302,-0.16296302,0.0,nan,nan,nan,nan,nan
492976258,492976034,0.16296302,-0.16296302,0.0,nan,nan,nan,nan,nan
493072300,493072079,0.16296302,-0.16296302,0.0,nan,nan,nan,nan,nan
493175743,493175515,0.16296302,-0.16296302,0.0,nan,nan,nan,nan,nan
493276712,493276490,0.16296302,-0.16296302,0.0,nan,nan,nan,nan,nan
493375224,493375001,0.16296302,-0.16296302,0.0,nan,nan,nan,nan,nan
493476250,493475975,0.16296302,-0.16296302,0.0,nan,nan,nan,nan,nan
493574716,493574486,0.16296302,-0.16296302,0.0,nan,nan,nan,nan,nan
493675685,493675460,0.16296302,-0.16296302,0.0,nan,nan,nan,nan,nan
493774222,493773972,0.16296302,-0.16296302,0.0,nan,nan,nan,nan,nan
493875185,493874946,0.16296302,-0.16296302,0.0,nan,nan,nan,nan,nan
493976158,493975920,0.16296302,-0.16296302,0.0,nan,nan,nan,nan,nan
494074659,494074431,0.16296302,-0.16296302,0.0,nan,nan,nan,nan,nan
494175645,494175406,0.16049388,-0.16049388,0.0,nan,nan,nan,nan,nan
494274144,494273920,0.16296302,-0.16296302,0.0,nan,nan,nan,nan,nan
494375127,494374891,0.16049388,-0.16049388,0.0,nan,nan,nan,nan,nan
494473623,494473402,0.16296302,-0.16296302,0.0,nan,nan,nan,nan,nan
494574613,494574377,0.16049388,-0.16049388,0.0,nan,nan,nan,nan,nan
494675571,494675351,0.16296302,-0.16296302,0.0,nan,nan,nan,nan,nan
494774098,494773862,0.16049388,-0.16049388,0.0,nan,nan,nan,nan,nan
494875072,494874836,0.16296302,-0.16296302,0.0,nan,nan,nan,nan,nan
494973584,494973348,0.16296302,-0.16296302,0.0,nan,nan,nan,nan,nan
495074545,495074322,0.16296302,-0.16296302,0.0,nan,nan,nan,nan,nan
495173082,495172833,0.16296302,-0.16296302,0.0,nan,nan,nan,nan,nan
495274034,495273808,0.16296302,-0.16296302,0.0,nan,nan,nan,nan,nan
495375008,495374782,0.16296302,-0.16296302,0.0,nan,nan,nan,nan,nan
495473518,495473293,0.16296302,-0.16296302,0.0,nan,nan,nan,nan,nan
495576953,495576730,0.16049388,-0.16049388,0.0,nan,nan,nan,nan,nan
495673011,495672779,0.16296302,-0.16296302,0.0,nan,nan,nan,nan,nan
495776458,495776216,0.16296302,-0.16296302,0.0,nan,nan,nan,nan,nan
495872510,495872264,0.16049388,-0.16049388,0.0,nan,nan,nan,nan,nan
495975922,495975701,0.16296302,-0.16296302,0.0,nan,nan,nan,nan,nan
496076901,496076676,0.16296302,-0.16296302,0.0,nan,nan,nan,nan,nan
496175410,496175187,0.16296302,-0.16296302,0.0,nan,nan,nan,nan,nan
496276382,496276161,0.16296302,-0.16296302,0.0,nan,nan,nan,nan,nan
496374896,496374673,0.16296302,-0.16296302,0.0,nan,nan,nan,nan,nan
496475882,496475647,0.16296302,-0.16296302,0.0,nan,nan,nan,nan,nan
496574383,496574158,0.16296302,-0.16296302,0.0,nan,nan,nan,nan,nan
496675352,496675133,0.16296302,-0.16296302,0.0,nan,nan,nan,nan,nan
496776328,496776107,0.16296302,-0.16296302,0.0,nan,nan,nan,nan,nan
496874842,496874618,0.16049388,-0.16049388,0.0,nan,nan,nan,nan,nan
496975813,496975592,0.16049388,-0.16049388,0.0,nan,nan,nan,nan,nan
497074329,497074104,0.16049388,-0.16049388,0.0,nan,nan,nan,nan,nan
497175300,497175078,0.16049388,-0.16049388,0.0,nan,nan,nan,nan,nan
497273811,497273589,0.16049388,-0.16049388,0.0,nan,nan,nan,nan,nan
497374787,497374565,0.16296302,-0.16296302,0.0,nan,nan,nan,nan,nan
497475761,497475538,0.16296302,-0.16296302,0.0,nan,nan,nan,nan,nan
497574272,497574049,0.16296302,-0.16296302,0.0,nan,nan,nan,nan,nan
497675246,497675024,0.16296302,-0.16296302,0.0,nan,nan,nan,nan,nan
497773759,497773535,0.16049388,-0.16049388,0.0,nan,nan,nan,nan,nan
497874748,497874509,0.16296302,-0.16296302,0.0,nan,nan,nan,nan,nan
497973245,497973021,0.16296302,-0.16296302,0.0,nan,nan,nan,nan,nan
498074220,498073995,0.16049388,-0.16049388,0.0,nan,nan,nan,nan,nan
498175192,498174969,0.16296302,-0.16296302,0.0,nan,nan,nan,nan,nan
498273707,498273481,0.16049388,-0.16049388,0.0,nan,nan,nan,nan,nan
498374678,498374455,0.16296302,-0.16296302,0.0,nan,nan,nan,nan,nan
498473192,498472966,0.16296302,-0.16296302,0.0,nan,nan,nan,nan,nan
498574164,498573941,0.16296302,-0.16296302,0.0,nan,nan,nan,nan,nan
498672684,498672452,0.16296302,-0.16296302,0.0,nan,nan,nan,nan,nan
498773654,498773426,0.16049388,-0.16049388,0.0,nan,nan,nan,nan,nan
498877122,498876864,0.16296302,-0.16296302,0.0,nan,nan,nan,nan,nan
498973135,498972912,0.16296302,-0.16296302,0.0,nan,nan,nan,nan,nan
499076571,499076349,0.16296302,-0.16296302,0.0,nan,nan,nan,nan,nan
499172625,499172398,0.16296302,-0.16296302,0.0,nan,nan,nan,nan,nan
499276063,499275835,0.16296302,-0.16296302,0.0,nan,nan,nan,nan,nan
499372106,499371884,0.16049388,-0.16049388,0.0,nan,nan,nan,nan,nan
499475542,499475321,0.16296302,-0.16296302,0.0,nan,nan,nan,nan,nan
499576519,499576295,0.16296302,-0.16296302,0.0,nan,nan,nan,nan,nan
499675032,499674809,0.16296302,-0.16296302,0.0,nan,nan,nan,nan,nan
499776002,499775781,0.16296302,-0.16296302,0.0,nan,nan,nan,nan,nan
499874515,499874293,0.16296302,-0.16296302,0.0,nan,nan,nan,nan,nan
499975487,499975267,0.16296302,-0.16296302,0.0,nan,nan,nan,nan,nan
500074011,500073779,0.16296302,-0.16296302,0.0,nan,nan,nan,nan,nan
500174976,500174753,0.16296302,-0.16296302,0.0,nan,nan,nan,nan,nan
500275964,500275727,0.16296302,-0.16296302,0.0,nan,nan,nan,nan,nan
500374464,500374239,0.16296302,-0.16296302,0.0,nan,nan,nan,nan,nan
500475438,500475213,0.16296302,-0.16296302,0.0,nan,nan,nan,nan,nan
500573980,500573725,0.16049388,-0.16049388,0.0,nan,nan,nan,nan,nan
500674940,500674699,0.16049388,-0.16049388,0.0,nan,nan,nan,nan,nan
500773433,500773211,0.16296302,-0.16296302,0.0,nan,nan,nan,nan,nan
500874417,500874185,0.16296302,-0.16296302,0.0,nan,nan,nan,nan,nan
500975381,500975160,0.16296302,-0.16296302,0.0,nan,nan,nan,nan,nan
501073893,501073671,0.16296302,-0.16296302,0.0,nan,nan,nan,nan,nan
501174869,501174646,0.16296302,-0.16296302,0.0,nan,nan,nan,nan,nan
501273393,501273157,0.16296302,-0.16296302,0.0,nan,nan,nan,nan,nan
501374361,501374132,0.16049388,-0.16049388,0.0,nan,nan,nan,nan,nan
501472866,501472643,0.16296302,-0.16296302,0.0,nan,nan,nan,nan,nan
501573843,501573618,0.16296302,-0.16296302,0.0,nan,nan,nan,nan,nan
501677322,501677055,0.16296302,-0.16296302,0.0,nan,nan,nan,nan,nan
501773324,501773104,0.16296302,-0.16296302,0.0,nan,nan,nan,nan,nan
501876835,501876543,0.16296302,-0.16296302,0.0,nan,nan,nan,nan,nan
501972816,501972590,0.16296302,-0.16296302,0.0,nan,nan,nan,nan,nan
502076264,502076027,0.16296302,-0.16296302,0.0,nan,nan,nan,nan,nan
502172298,502172076,0.16049388,-0.16049388,0.0,nan,nan,nan,nan,nan
502275752,502275514,0.16049388,-0.16049388,0.0,nan,nan,nan,nan,nan
502376714,502376488,0.16296302,-0.16296302,0.0,nan,nan,nan,nan,nan
502475235,502475000,0.16049388,-0.16049388,0.0,nan,nan,nan,nan,nan
502576195,502575974,0.16296302,-0.16296302,0.0,nan,nan,nan,nan,nan
502674725,502674486,0.16296302,-0.16296302,0.0,nan,nan,nan,nan,nan
502775684,502775460,0.16296302,-0.16296302,0.0,nan,nan,nan,nan,nan
502874208,502873972,0.16296302,-0.16296302,0.0,nan,nan,nan,nan,nan
502975168,502974946,0.16296302,-0.16296302,0.0,nan,nan,nan,nan,nan
503076175,503075921,0.16296302,-0.16296302,0.0,nan,nan,nan,nan,nan
503174660,503174433,0.16296302,-0.16296302,0.0,nan,nan,nan,nan,nan
503275649,503275407,0.16296302,-0.16296302,0.0,nan,nan,nan,nan,nan
503374138,503373919,0.16296302,-0.16296302,0.0,nan,nan,nan,nan,nan
503475120,503474893,0.16296302,-0.16296302,0.0,nan,nan,nan,nan,nan
503573629,503573405,0.16296302,-0.16296302,0.0,nan,nan,nan,nan,nan
503674617,503674379,0.16296302,-0.16296302,0.0,nan,nan,nan,nan,nan
503775575,503775354,0.16296302,-0.16296302,0.0,nan,nan,nan,nan,nan
503874088,503873865,0.16296302,-0.16296302,0.0,nan,nan,nan,nan,nan
503975063,503974840,0.16296302,-0.16296302,0.0,nan,nan,nan,nan,nan
504073576,504073352,0.16296302,-0.16296302,0.0,nan,nan,nan,nan,nan
504174548,504174326,0.16049388,-0.16049388,0.0,nan,nan,nan,nan,nan
504273067,504272838,0.16296302,-0.16296302,0.0,nan,nan,nan,nan,nan
504374062,504373812,0.16296302,-0.16296302,0.0,nan,nan,nan,nan,nan
504475010,504474787,0.16296302,-0.16296302,0.0,nan,nan,nan,nan,nan
504573522,504573298,0.16049388,-0.16049388,0.0,nan,nan,nan,nan,nan
504674547,504674273,0.16296302,-0.16296302,0.0,nan,nan,nan,nan,nan
504773015,504772784,0.16049388,-0.16049388,0.0,nan,nan,nan,nan,nan
504876444,504876221,0.16049388,-0.16049388,0.0,nan,nan,nan,nan,nan
504972496,504972270,0.16296302,-0.16296302,0.0,nan,nan,nan,nan,nan
505075948,505075707,0.16296302,-0.16296302,0.0,nan,nan,nan,nan,nan
505176904,505176682,0.16049388,-0.16049388,0.0,nan,nan,nan,nan,nan
505275415,505275193,0.16296302,-0.16296302,0.0,nan,nan,nan,nan,nan
505376391,505376167,0.16049388,-0.16049388,0.0,nan,nan,nan,nan,nan
505474916,505474679,0.16296302,-0.16296302,0.0,nan,nan,nan,nan,nan
505575876,505575653,0.16296302,-0.16296302,0.0,nan,nan,nan,nan,nan
505674385,505674165,0.16049388,-0.16049388,0.0,nan,nan,nan,nan,nan
505775363,505775139,0.16049388,-0.16049388,0.0,nan,nan,nan,nan,nan
505876335,505876113,0.16049388,-0.16049388,0.0,nan,nan,nan,nan,nan
505974850,505974624,0.16296302,-0.16296302,0.0,nan,nan,nan,nan,nan
506075837,506075598,0.16296302,-0.16296302,0.0,nan,nan,nan,nan,nan
506174332,506174110,0.16049388,-0.16049388,0.0,nan,nan,nan,nan,nan
506275306,506275084,0.16296302,-0.16296302,0.0,nan,nan,nan,nan,nan
506373819,506373595,0.16296302,-0.16296302,0.0,nan,nan,nan,nan,nan
506474809,506474570,0.16296302,-0.16296302,0.0,nan,nan,nan,nan,nan
506575765,506575544,0.16296302,-0.16296302,0.0,nan,nan,nan,nan,nan
506674276,506674055,0.16296302,-0.16296302,0.0,nan,nan,nan,nan,nan
506775251,506775030,0.16049388,-0.16049388,0.0,nan,nan,nan,nan,nan
506873768,506873541,0.16296302,-0.16296302,0.0,nan,nan,nan,nan,nan
506974737,506974515,0.16296302,-0.16296302,0.0,nan,nan,nan,nan,nan
507073256,507073027,0.16296302,-0.16296302,0.0,nan,nan,nan,nan,nan
507174223,507174001,0.16296302,-0.16296302,0.0,nan,nan,nan,nan,nan
507275199,507274976,0.16049388,-0.16049388,0.0,nan,nan,nan,nan,nan
507373708,507373487,0.16049388,-0.16049388,0.0,nan,nan,nan,nan,nan
507474701,507474462,0.16049388,-0.16049388,0.0,nan,nan,nan,nan,nan
507573201,507572973,0.16296302,-0.16296302,0.0,nan,nan,nan,nan,nan
507674177,507673948,0.16296302,-0.16296302,0.0,nan,nan,nan,nan,nan
507772685,507772460,0.16049388,-0.16049388,0.0,nan,nan,nan,nan,nan
507873661,507873434,0.16049388,-0.16049388,0.0,nan,nan,nan,nan,nan
507977092,507976871,0.16296302,-0.16296302,0.0,nan,nan,nan,nan,nan
508073143,508072920,0.16049388,-0.16049388,0.0,nan,nan,nan,nan,nan
508176577,508176357,0.16049388,-0.16049388,0.0,nan,nan,nan,nan,nan
508272632,508272406,0.16049388,-0.16049388,0.0,nan,nan,nan,nan,nan
508376065,508375843,0.16049388,-0.16049388,0.0,nan,nan,nan,nan,nan
508472116,508471892,0.16296302,-0.16296302,0.0,nan,nan,nan,nan,nan
508575550,508575329,0.16296302,-0.16296302,0.0,nan,nan,nan,nan,nan
508676524,508676304,0.16049388,-0.16049388,0.0,nan,nan,nan,nan,nan
508775036,508774815,0.16296302,-0.16296302,0.0,nan,nan,nan,nan,nan
508876012,508875790,0.16296302,-0.16296302,0.0,nan,nan,nan,nan,nan
508974528,508974302,0.16296302,-0.16296302,0.0,nan,nan,nan,nan,nan
509075513,509075276,0.16296302,-0.16296302,0.0,nan,nan,nan,nan,nan
509174025,509173788,0.16296302,-0.16296302,0.0,nan,nan,nan,nan,nan
509274984,509274763,0.16296302,-0.16296302,0.0,nan,nan,nan,nan,nan
509375962,509375737,0.16049388,-0.16049388,0.0,nan,nan,nan,nan,nan
509474469,509474249,0.16049388,-0.16049388,0.0,nan,nan,nan,nan,nan
509575514,509575223,0.16296302,-0.16296302,0.0,nan,nan,nan,nan,nan
509673970,509673735,0.16296302,-0.16296302,0.0,nan,nan,nan,nan,nan
509774960,509774710,0.16296302,-0.16296302,0.0,nan,nan,nan,nan,nan
509873442,509873221,0.16296302,-0.16296302,0.0,nan,nan,nan,nan,nan
509974485,509974196,0.16296302,-0.16296302,0.0,nan,nan,nan,nan,nan
510075392,510075170,0.16296302,-0.16296302,0.0,nan,nan,nan,nan,nan
510173927,510173682,0.16296302,-0.16296302,0.0,nan,nan,nan,nan,nan
510274878,510274657,0.16296302,-0.16296302,0.0,nan,nan,nan,nan,nan
510373407,510373168,0.16296302,-0.16296302,0.0,nan,nan,nan,nan,nan
510474374,510474143,0.16296302,-0.16296302,0.0,nan,nan,nan,nan,nan
510572907,510572654,0.16296302,-0.16296302,0.0,nan,nan,nan,nan,nan
510673856,510673629,0.16296302,-0.16296302,0.0,nan,nan,nan,nan,nan
510777302,510777066,0.16296302,-0.16296302,0.0,nan,nan,nan,nan,nan
510873360,510873115,0.16049388,-0.16049388,0.0,nan,nan,nan,nan,nan
510976795,510976552,0.16296302,-0.16296302,0.0,nan,nan,nan,nan,nan
511072823,511072601,0.16296302,-0.16296302,0.0,nan,nan,nan,nan,nan
511176313,511176038,0.16296302,-0.16296302,0.0,nan,nan,nan,nan,nan
511272310,511272086,0.16296302,-0.16296302,0.0,nan,nan,nan,nan,nan
511375747,511375523,0.16296302,-0.16296302,0.0,nan,nan,nan,nan,nan
511476723,511476498,0.16296302,-0.16296302,0.0,nan,nan,nan,nan,nan
511575231,511575009,0.16296302,-0.16296302,0.0,nan,nan,nan,nan,nan
511676214,511675983,0.16296302,-0.16296302,0.0,nan,nan,nan,nan,nan
511774716,511774495,0.16296302,-0.16296302,0.0,nan,nan,nan,nan,nan
511875693,511875469,0.16296302,-0.16296302,0.0,nan,nan,nan,nan,nan
511974218,511973980,0.16296302,-0.16296302,0.0,nan,nan,nan,nan,nan
512075178,512074955,0.16296302,-0.16296302,0.0,nan,nan,nan,nan,nan
512176150,512175929,0.16049388,-0.16049388,0.0,nan,nan,nan,nan,nan
512274665,512274440,0.16296302,-0.16296302,0.0,nan,nan,nan,nan,nan
512375640,512375414,0.16296302,-0.16296302,0.0,nan,nan,nan,nan,nan
512474150,512473927,0.16296302,-0.16296302,0.0,nan,nan,nan,nan,nan
512575120,512574900,0.16296302,-0.16296302,0.0,nan,nan,nan,nan,nan
512673635,512673411,0.16296302,-0.16296302,0.0,nan,nan,nan,nan,nan
512774610,512774385,0.16049388,-0.16049388,0.0,nan,nan,nan,nan,nan
512875581,512875359,0.16296302,-0.16296302,0.0,nan,nan,nan,nan,nan
512974108,512973870,0.16296302,-0.16296302,0.0,nan,nan,nan,nan,nan
513075066,513074844,0.16296302,-0.16296302,0.0,nan,nan,nan,nan,nan
513173578,513173356,0.16296302,-0.16296302,0.0,nan,nan,nan,nan,nan
513274564,513274330,0.16296302,-0.16296302,0.0,nan,nan,nan,nan,nan
513373066,513372841,0.16296302,-0.16296302,0.0,nan,nan,nan,nan,nan
513474041,513473815,0.16049388,-0.16049388,0.0,nan,nan,nan,nan,nan
513575011,513574789,0.16296302,-0.16296302,0.0,nan,nan,nan,nan,nan
513673526,513673300,0.16296302,-0.16296302,0.0,nan,nan,nan,nan,nan
513774496,513774274,0.16296302,-0.16296302,0.0,nan,nan,nan,nan,nan
513873019,513872785,0.16296302,-0.16296302,0.0,nan,nan,nan,nan,nan
513976445,513976222,0.16049388,-0.16049388,0.0,nan,nan,nan,nan,nan
514072496,514072270,0.16296302,-0.16296302,0.0,nan,nan,nan,nan,nan
514175930,514175707,0.16049388,-0.16049388,0.0,nan,nan,nan,nan,nan
514276901,514276681,0.16296302,-0.16296302,0.0,nan,nan,nan,nan,nan
514375431,514375193,0.16296302,-0.16296302,0.0,nan,nan,nan,nan,nan
514476387,514476167,0.16296302,-0.16296302,0.0,nan,nan,nan,nan,nan
514574899,514574678,0.16296302,-0.16296302,0.0,nan,nan,nan,nan,nan
514675873,514675652,0.16296302,-0.16296302,0.0,nan,nan,nan,nan,nan
514774394,514774163,0.16296302,-0.16296302,0.0,nan,nan,nan,nan,nan
514875358,514875137,0.16296302,-0.16296302,0.0,nan,nan,nan,nan,nan
514976332,514976111,0.16296302,-0.16296302,0.0,nan,nan,nan,nan,nan
515074845,515074622,0.16296302,-0.16296302,0.0,nan,nan,nan,nan,nan
515175818,515175596,0.16296302,-0.16296302,0.0,nan,nan,nan,nan,nan
515274328,515274108,0.16296302,-0.16296302,0.0,nan,nan,nan,nan,nan
515375302,515375082,0.16296302,-0.16296302,0.0,nan,nan,nan,nan,nan
515473813,515473593,0.16296302,-0.16296302,0.0,nan,nan,nan,nan,nan
515574789,515574567,0.16296302,-0.16296302,0.0,nan,nan,nan,nan,nan
515675765,515675541,0.16296302,-0.16296302,0.0,nan,nan,nan,nan,nan
515774289,515774052,0.16049388,-0.16049388,0.0,nan,nan,nan,nan,nan
515875247,515875026,0.16296302,-0.16296302,0.0,nan,nan,nan,nan,nan
515973759,515973537,0.16296302,-0.16296302,0.0,nan,nan,nan,nan,nan
516074738,516074511,0.16296302,-0.16296302,0.0,nan,nan,nan,nan,nan
516173246,516173022,0.16296302,-0.16296302,0.0,nan,nan,nan,nan,nan
516274230,516273996,0.16296302,-0.16296302,0.0,nan,nan,nan,nan,nan
516375192,516374970,0.16296302,-0.16296302,0.0,nan,nan,nan,nan,nan
516473708,516473482,0.16296302,-0.16296302,0.0,nan,nan,nan,nan,nan
516574681,516574456,0.16296302,-0.16296302,0.0,nan,nan,nan,nan,nan
516673191,516672967,0.16296302,-0.16296302,0.0,nan,nan,nan,nan,nan
516774180,516773941,0.16296302,-0.16296302,0.0,nan,nan,nan,nan,nan
516872683,516872457,0.16296302,-0.16296302,0.0,nan,nan,nan,nan,nan
516973651,516973426,0.16049388,-0.16049388,0.0,nan,nan,nan,nan,nan
517077093,517076863,0.16049388,-0.16049388,0.0,nan,nan,nan,nan,nan
517173136,517172912,0.16296302,-0.16296302,0.0,nan,nan,nan,nan,nan
517276574,517276348,0.16296302,-0.16296302,0.0,nan,nan,nan,nan,nan
517372623,517372397,0.16296302,-0.16296302,0.0,nan,nan,nan,nan,nan
517476069,517475834,0.16296302,-0.16296302,0.0,nan,nan,nan,nan,nan
517572106,517571882,0.16296302,-0.16296302,0.0,nan,nan,nan,nan,nan
517675579,517675319,0.16296302,-0.16296302,0.0,nan,nan,nan,nan,nan
517776532,517776293,0.16049388,-0.16049388,0.0,nan,nan,nan,nan,nan
517875090,517874804,0.16296302,-0.16296302,0.0,nan,nan,nan,nan,nan
517976000,517975778,0.16296302,-0.16296302,0.0,nan,nan,nan,nan,nan
518074525,518074289,0.16049388,-0.16049388,0.0,nan,nan,nan,nan,nan
518175490,518175263,0.16296302,-0.16296302,0.0,nan,nan,nan,nan,nan
518274023,518273775,0.16296302,-0.16296302,0.0,nan,nan,nan,nan,nan
518374971,518374749,0.16049388,-0.16049388,0.0,nan,nan,nan,nan,nan
518475958,518475723,0.16296302,-0.16296302,0.0,nan,nan,nan,nan,nan
518574462,518574234,0.16049388,-0.16049388,0.0,nan,nan,nan,nan,nan
518675445,518675208,0.16296302,-0.16296302,0.0,nan,nan,nan,nan,nan
518773952,518773719,0.16296302,-0.16296302,0.0,nan,nan,nan,nan,nan
518874930,518874693,0.16296302,-0.16296302,0.0,nan,nan,nan,nan,nan
518973428,518973204,0.16296302,-0.16296302,0.0,nan,nan,nan,nan,nan
519074417,519074178,0.16296302,-0.16296302,0.0,nan,nan,nan,nan,nan
519175389,519175152,0.16296302,-0.16296302,0.0,nan,nan,nan,nan,nan
519273904,519273664,0.16296302,-0.16296302,0.0,nan,nan,nan,nan,nan
519374862,519374638,0.16296302,-0.16296302,0.0,nan,nan,nan,nan,nan
519473371,519473149,0.16296302,-0.16296302,0.0,nan,nan,nan,nan,nan
519574344,519574123,0.16049388,-0.16049388,0.0,nan,nan,nan,nan,nan
519672860,519672634,0.16296302,-0.16296302,0.0,nan,nan,nan,nan,nan
519773835,519773608,0.16296302,-0.16296302,0.0,nan,nan,nan,nan,nan
519877267,519877045,0.16296302,-0.16296302,0.0,nan,nan,nan,nan,nan
519973314,519973094,0.16049388,-0.16049388,0.0,nan,nan,nan,nan,nan
520076757,520076530,0.16296302,-0.16296302,0.0,nan,nan,nan,nan,nan
520172803,520172579,0.16049388,-0.16049388,0.0,nan,nan,nan,nan,nan
520276254,520276016,0.16049388,-0.16049388,0.0,nan,nan,nan,nan,nan
520372287,520372064,0.16049388,-0.16049388,0.0,nan,nan,nan,nan,nan
520475725,520475501,0.16296302,-0.16296302,0.0,nan,nan,nan,nan,nan
520576707,520576475,0.16296302,-0.16296302,0.0,nan,nan,nan,nan,nan
520675209,520674986,0.16296302,-0.16296302,0.0,nan,nan,nan,nan,nan
520776185,520775960,0.16296302,-0.16296302,0.0,nan,nan,nan,nan,nan
520874698,520874471,0.16296302,-0.16296302,0.0,nan,nan,nan,nan,nan
520975668,520975445,0.16296302,-0.16296302,0.0,nan,nan,nan,nan,nan
521074195,521073958,0.16296302,-0.16296302,0.0,nan,nan,nan,nan,nan
521175155,521174930,0.16296302,-0.16296302,0.0,nan,nan,nan,nan,nan
521276129,521275904,0.16296302,-0.16296302,0.0,nan,nan,nan,nan,nan
521374659,521374415,0.16049388,-0.16049388,0.0,nan,nan,nan,nan,nan
521475635,521475389,0.16296302,-0.16296302,0.0,nan,nan,nan,nan,nan
521574122,521573901,0.16296302,-0.16296302,0.0,nan,nan,nan,nan,nan
521675112,521674875,0.16296302,-0.16296302,0.0,nan,nan,nan,nan,nan
521773622,521773386,0.16049388,-0.16049388,0.0,nan,nan,nan,nan,nan
521874581,521874360,0.16296302,-0.16296302,0.0,nan,nan,nan,nan,nan
521975556,521975334,0.16049388,-0.16049388,0.0,nan,nan,nan,nan,nan
522074068,522073845,0.16296302,-0.16296302,0.0,nan,nan,nan,nan,nan
522175043,522174819,0.16296302,-0.16296302,0.0,nan,nan,nan,nan,nan
522273553,522273330,0.16296302,-0.16296302,0.0,nan,nan,nan,nan,nan
522374527,522374304,0.16049388,-0.16049388,0.0,nan,nan,nan,nan,nan
522473048,522472815,0.16296302,-0.16296302,0.0,nan,nan,nan,nan,nan
522574028,522573789,0.16296302,-0.16296302,0.0,nan,nan,nan,nan,nan
522677467,522677226,0.16049388,-0.16049388,0.0,nan,nan,nan,nan,nan
522773498,522773275,0.16296302,-0.16296302,0.0,nan,nan,nan,nan,nan
522876935,522876711,0.16296302,-0.16296302,0.0,nan,nan,nan,nan,nan
522972987,522972760,0.16049388,-0.16049388,0.0,nan,nan,nan,nan,nan
523076416,523076196,0.16049388,-0.16049388,0.0,nan,nan,nan,nan,nan
523172472,523172245,0.16296302,-0.16296302,0.0,nan,nan,nan,nan,nan
523275903,523275682,0.16296302,-0.16296302,0.0,nan,nan,nan,nan,nan
523376882,523376656,0.16296302,-0.16296302,0.0,nan,nan,nan,nan,nan
523475387,523475167,0.16296302,-0.16296302,0.0,nan,nan,nan,nan,nan
523576371,523576141,0.16296302,-0.16296302,0.0,nan,nan,nan,nan,nan
523674880,523674652,0.16296302,-0.16296302,0.0,nan,nan,nan,nan,nan
523775850,523775626,0.16049388,-0.16049388,0.0,nan,nan,nan,nan,nan
523874363,523874138,0.16296302,-0.16296302,0.0,nan,nan,nan,nan,nan
523975334,523975112,0.16296302,-0.16296302,0.0,nan,nan,nan,nan,nan
524073853,524073623,0.16049388,-0.16049388,0.0,nan,nan,nan,nan,nan
524174834,524174597,0.16296302,-0.16296302,0.0,nan,nan,nan,nan,nan
524275792,524275571,0.16049388,-0.16049388,0.0,nan,nan,nan,nan,nan
524374319,524374083,0.16049388,-0.16049388,0.0,nan,nan,nan,nan,nan
524475278,524475056,0.16296302,-0.16296302,0.0,nan,nan,nan,nan,nan
524573791,524573567,0.16049388,-0.16049388,0.0,nan,nan,nan,nan,nan
524674763,524674541,0.16296302,-0.16296302,0.0,nan,nan,nan,nan,nan
524775738,524775515,0.16296302,-0.16296302,0.0,nan,nan,nan,nan,nan
524874250,524874027,0.16296302,-0.16296302,0.0,nan,nan,nan,nan,nan
524975222,524975001,0.16296302,-0.16296302,0.0,nan,nan,nan,nan,nan
525073750,525073512,0.16296302,-0.16296302,0.0,nan,nan,nan,nan,nan
525174744,525174486,0.16296302,-0.16296302,0.0,nan,nan,nan,nan,nan
525273221,525272997,0.16296302,-0.16296302,0.0,nan,nan,nan,nan,nan
525374193,525373972,0.16049388,-0.16049388,0.0,nan,nan,nan,nan,nan
525475179,525474946,0.16049388,-0.16049388,0.0,nan,nan,nan,nan,nan
525573714,525573457,0.16049388,-0.16049388,0.0,nan,nan,nan,nan,nan
525674655,525674431,0.16296302,-0.16296302,0.0,nan,nan,nan,nan,nan
525773210,525772942,0.16296302,-0.16296302,0.0,nan,nan,nan,nan,nan
525874141,525873917,0.16296302,-0.16296302,0.0,nan,nan,nan,nan,nan
525972677,525972428,0.16049388,-0.16049388,0.0,nan,nan,nan,nan,nan
526073624,526073402,0.16049388,-0.16049388,0.0,nan,nan,nan,nan,nan
526177076,526176839,0.16049388,-0.16049388,0.0,nan,nan,nan,nan,nan
526273111,526272887,0.16296302,-0.16296302,0.0,nan,nan,nan,nan,nan
526376558,526376324,0.16296302,-0.16296302,0.0,nan,nan,nan,nan,nan
526472600,526472373,0.16049388,-0.16049388,0.0,nan,nan,nan,nan,nan
526576048,526575810,0.16296302,-0.16296302,0.0,nan,nan,nan,nan,nan
526672081,526671858,0.16296302,-0.16296302,0.0,nan,nan,nan,nan,nan
526775532,526775295,0.16296302,-0.16296302,0.0,nan,nan,nan,nan,nan
526876489,526876269,0.16049388,-0.16049388,0.0,nan,nan,nan,nan,nan
526975020,526974781,0.16049388,-0.16049388,0.0,nan,nan,nan,nan,nan
527075976,527075755,0.16296302,-0.16296302,0.0,nan,nan,nan,nan,nan
527174490,527174266,0.16296302,-0.16296302,0.0,nan,nan,nan,nan,nan
527275460,527275240,0.16296302,-0.16296302,0.0,nan,nan,nan,nan,nan
527373989,527373752,0.16049388,-0.16049388,0.0,nan,nan,nan,nan,nan
527474948,527474726,0.16296302,-0.16296302,0.0,nan,nan,nan,nan,nan
527575921,527575700,0.16049388,-0.16049388,0.0,nan,nan,nan,nan,nan
527674465,527674211,0.16296302,-0.16296302,0.0,nan,nan,nan,nan,nan
527775406,527775186,0.16049388,-0.16049388,0.0,nan,nan,nan,nan,nan
527873922,527873697,0.16296302,-0.16296302,0.0,nan,nan,nan,nan,nan
527974893,527974671,0.16296302,-0.16296302,0.0,nan,nan,nan,nan,nan
528073409,528073182,0.16296302,-0.16296302,0.0,nan,nan,nan,nan,nan
528174384,528174157,0.16049388,-0.16049388,0.0,nan,nan,nan,nan,nan
528275353,528275131,0.16049388,-0.16049388,0.0,nan,nan,nan,nan,nan
528373865,528373642,0.16296302,-0.16296302,0.0,nan,nan,nan,nan,nan
528474841,528474617,0.16049388,-0.16049388,0.0,nan,nan,nan,nan,nan
528573382,528573128,0.16296302,-0.16296302,0.0,nan,nan,nan,nan,nan
528674329,528674102,0.16296302,-0.16296302,0.0,nan,nan,nan,nan,nan
528772836,528772613,0.16296302,-0.16296302,0.0,nan,nan,nan,nan,nan
528873809,528873588,0.16049388,-0.16049388,0.0,nan,nan,nan,nan,nan
528977246,528977024,0.16049388,-0.16049388,0.0,nan,nan,nan,nan,nan
529073311,529073073,0.16296302,-0.16296302,0.0,nan,nan,nan,nan,nan
529176731,529176510,0.16049388,-0.16049388,0.0,nan,nan,nan,nan,nan
529272779,529272559,0.16296302,-0.16296302,0.0,nan,nan,nan,nan,nan
529376217,529375996,0.16049388,-0.16049388,0.0,nan,nan,nan,nan,nan
529472268,529472045,0.16049388,-0.16049388,0.0,nan,nan,nan,nan,nan
529575705,529575482,0.16296302,-0.16296302,0.0,nan,nan,nan,nan,nan
529676695,529676456,0.16049388,-0.16049388,0.0,nan,nan,nan,nan,nan
529775190,529774967,0.16296302,-0.16296302,0.0,nan,nan,nan,nan,nan
529876175,529875942,0.16296302,-0.16296302,0.0,nan,nan,nan,nan,nan
529974678,529974453,0.16296302,-0.16296302,0.0,nan,nan,nan,nan,nan
530075667,530075427,0.16296302,-0.16296302,0.0,nan,nan,nan,nan,nan
530174165,530173939,0.16296302,-0.16296302,0.0,nan,nan,nan,nan,nan
530275136,530274913,0.16296302,-0.16296302,0.0,nan,nan,nan,nan,nan
530376111,530375888,0.16049388,-0.16049388,0.0,nan,nan,nan,nan,nan
530474623,530474399,0.16296302,-0.16296302,0.0,nan,nan,nan,nan,nan
530575595,530575373,0.16049388,-0.16049388,0.0,nan,nan,nan,nan,nan
530674109,530673885,0.16049388,-0.16049388,0.0,nan,nan,nan,nan,nan
530775082,530774859,0.16296302,-0.16296302,0.0,nan,nan,nan,nan,nan
530873597,530873371,0.16296302,-0.16296302,0.0,nan,nan,nan,nan,nan
530974568,530974345,0.16049388,-0.16049388,0.0,nan,nan,nan,nan,nan
531075540,531075320,0.16296302,-0.16296302,0.0,nan,nan,nan,nan,nan
531174052,531173831,0.16049388,-0.16049388,0.0,nan,nan,nan,nan,nan
531275026,531274806,0.16049388,-0.16049388,0.0,nan,nan,nan,nan,nan
531373547,531373317,0.16049388,-0.16049388,0.0,nan,nan,nan,nan,nan
531474531,531474292,0.16049388,-0.16049388,0.0,nan,nan,nan,nan,nan
531573057,531572803,0.16049388,-0.16049388,0.0,nan,nan,nan,nan,nan
531674028,531673777,0.16049388,-0.16049388,0.0,nan,nan,nan,nan,nan
531777442,531777215,0.16296302,-0.16296302,0.0,nan,nan,nan,nan,nan
531873501,531873263,0.16296302,-0.16296302,0.0,nan,nan,nan,nan,nan
531976941,531976701,0.16296302,-0.16296302,0.0,nan,nan,nan,nan,nan
532072973,532072750,0.16296302,-0.16296302,0.0,nan,nan,nan,nan,nan
532176409,532176187,0.16049388,-0.16049388,0.0,nan,nan,nan,nan,nan
532272460,532272236,0.16296302,-0.16296302,0.0,nan,nan,nan,nan,nan
532375897,532375673,0.16296302,-0.16296302,0.0,nan,nan,nan,nan,nan
532476869,532476647,0.16296302,-0.16296302,0.0,nan,nan,nan,nan,nan
532575386,532575159,0.16296302,-0.16296302,0.0,nan,nan,nan,nan,nan
532676358,532676137,0.16296302,-0.16296302,0.0,nan,nan,nan,nan,nan
532774871,532774645,0.16296302,-0.16296302,0.0,nan,nan,nan,nan,nan
532875842,532875620,0.16296302,-0.16296302,0.0,nan,nan,nan,nan,nan
532974359,532974132,0.16296302,-0.16296302,0.0,nan,nan,nan,nan,nan
533075325,533075106,0.16049388,-0.16049388,0.0,nan,nan,nan,nan,nan
533176304,533176081,0.16296302,-0.16296302,0.0,nan,nan,nan,nan,nan
533274814,533274593,0.16296302,-0.16296302,0.0,nan,nan,nan,nan,nan
533375852,533375567,0.16296302,-0.16296302,0.0,nan,nan,nan,nan,nan
533474319,533474079,0.16296302,-0.16296302,0.0,nan,nan,nan,nan,nan
533575274,533575053,0.16049388,-0.16049388,0.0,nan,nan,nan,nan,nan
533673836,533673565,0.16049388,-0.16049388,0.0,nan,nan,nan,nan,nan
533774764,533774540,0.16049388,-0.16049388,0.0,nan,nan,nan,nan,nan
533875749,533875514,0.16049388,-0.16049388,0.0,nan,nan,nan,nan,nan
533974248,533974026,0.16296302,-0.16296302,0.0,nan,nan,nan,nan,nan
534075236,534075001,0.16296302,-0.16296302,0.0,nan,nan,nan,nan,nan
534173740,534173513,0.16296302,-0.16296302,0.0,nan,nan,nan,nan,nan
534274786,534274487,0.16296302,-0.16296302,0.0,nan,nan,nan,nan,nan
534373225,534372999,0.16049388,-0.16049388,0.0,nan,nan,nan,nan,nan
534474218,534473974,0.16296302,-0.16296302,0.0,nan,nan,nan,nan,nan
534575173,534574949,0.16296302,-0.16296302,0.0,nan,nan,nan,nan,nan
534673702,534673460,0.16296302,-0.16296302,0.0,nan,nan,nan,nan,nan
534774664,534774435,0.16296302,-0.16296302,0.0,nan,nan,nan,nan,nan
534873190,534872947,0.16296302,-0.16296302,0.0,nan,nan,nan,nan,nan
534974143,534973922,0.16296302,-0.16296302,0.0,nan,nan,nan,nan,nan
535072680,535072434,0.16296302,-0.16296302,0.0,nan,nan,nan,nan,nan
535173636,535173408,0.16296302,-0.16296302,0.0,nan,nan,nan,nan,nan
535277120,535276846,0.16049388,-0.16049388,0.0,nan,nan,nan,nan,nan
535373119,535372895,0.16296302,-0.16296302,0.0,nan,nan,nan,nan,nan
535476566,535476332,0.16296302,-0.16296302,0.0,nan,nan,nan,nan,nan
535572607,535572382,0.16296302,-0.16296302,0.0,nan,nan,nan,nan,nan
535676040,535675819,0.16296302,-0.16296302,0.0,nan,nan,nan,nan,nan
535772108,535771868,0.16296302,-0.16296302,0.0,nan,nan,nan,nan,nan
535875526,535875306,0.16296302,-0.16296302,0.0,nan,nan,nan,nan,nan
535976503,535976280,0.16296302,-0.16296302,0.0,nan,nan,nan,nan,nan
536075016,536074792,0.16296302,-0.16296302,0.0,nan,nan,nan,nan,nan
536175989,536175767,0.16049388,-0.16049388,0.0,nan,nan,nan,nan,nan
536274500,536274279,0.16049388,-0.16049388,0.0,nan,nan,nan,nan,nan
536375474,536375254,0.16296302,-0.16296302,0.0,nan,nan,nan,nan,nan
536474001,536473766,0.16296302,-0.16296302,0.0,nan,nan,nan,nan,nan
536574962,536574740,0.16296302,-0.16296302,0.0,nan,nan,nan,nan,nan
536675976,536675715,0.16296302,-0.16296302,0.0,nan,nan,nan,nan,nan
536774466,536774227,0.16049388,-0.16049388,0.0,nan,nan,nan,nan,nan
536875423,536875202,0.16049388,-0.16049388,0.0,nan,nan,nan,nan,nan
536973952,536973714,0.16296302,-0.16296302,0.0,nan,nan,nan,nan,nan
537074927,537074688,0.16049388,-0.16049388,0.0,nan,nan,nan,nan,nan
537173424,537173200,0.16296302,-0.16296302,0.0,nan,nan,nan,nan,nan
537274397,537274175,0.16296302,-0.16296302,0.0,nan,nan,nan,nan,nan
537375371,537375150,0.16296302,-0.16296302,0.0,nan,nan,nan,nan,nan
537473886,537473662,0.16296302,-0.16296302,0.0,nan,nan,nan,nan,nan
537574859,537574637,0.16049388,-0.16049388,0.0,nan,nan,nan,nan,nan
537673387,537673149,0.16296302,-0.16296302,0.0,nan,nan,nan,nan,nan
537774346,537774124,0.16296302,-0.16296302,0.0,nan,nan,nan,nan,nan
537872862,537872636,0.16296302,-0.16296302,0.0,nan,nan,nan,nan,nan
537973833,537973610,0.16296302,-0.16296302,0.0,nan,nan,nan,nan,nan
538077275,538077048,0.16296302,-0.16296302,0.0,nan,nan,nan,nan,nan
538173323,538173098,0.16296302,-0.16296302,0.0,nan,nan,nan,nan,nan
538276756,538276535,0.16296302,-0.16296302,0.0,nan,nan,nan,nan,nan
538372813,538372584,0.16296302,-0.16296302,0.0,nan,nan,nan,nan,nan
538476245,538476022,0.16296302,-0.16296302,0.0,nan,nan,nan,nan,nan
538572292,538572071,0.16296302,-0.16296302,0.0,nan,nan,nan,nan,nan
538675731,538675509,0.16296302,-0.16296302,0.0,nan,nan,nan,nan,nan
538776712,538776484,0.16296302,-0.16296302,0.0,nan,nan,nan,nan,nan
538875219,538874996,0.16049388,-0.16049388,0.0,nan,nan,nan,nan,nan
538976197,538975971,0.16049388,-0.16049388,0.0,nan,nan,nan,nan,nan
539074704,539074483,0.16296302,-0.16296302,0.0,nan,nan,nan,nan,nan
539175682,539175458,0.16296302,-0.16296302,0.0,nan,nan,nan,nan,nan
539274222,539273970,0.16049388,-0.16049388,0.0,nan,nan,nan,nan,nan
539375165,539374945,0.16296302,-0.16296302,0.0,nan,nan,nan,nan,nan
539476140,539475920,0.16296302,-0.16296302,0.0,nan,nan,nan,nan,nan
539574656,539574432,0.16296302,-0.16296302,0.0,nan,nan,nan,nan,nan
539675630,539675407,0.16296302,-0.16296302,0.0,nan,nan,nan,nan,nan
539774139,539773919,0.16296302,-0.16296302,0.0,nan,nan,nan,nan,nan
539875116,539874894,0.16296302,-0.16296302,0.0,nan,nan,nan,nan,nan
539973630,539973406,0.16296302,-0.16296302,0.0,nan,nan,nan,nan,nan
540074603,540074381,0.16049388,-0.16049388,0.0,nan,nan,nan,nan,nan
540175647,540175356,0.16296302,-0.16296302,0.0,nan,nan,nan,nan,nan
540274123,540273869,0.16049388,-0.16049388,0.0,nan,nan,nan,nan,nan
540375065,540374843,0.16296302,-0.16296302,0.0,nan,nan,nan,nan,nan
540473580,540473355,0.16296302,-0.16296302,0.0,nan,nan,nan,nan,nan
540574555,540574331,0.16296302,-0.16296302,0.0,nan,nan,nan,nan,nan
540673068,540672843,0.16049388,-0.16049388,0.0,nan,nan,nan,nan,nan
540774041,540773818,0.16049388,-0.16049388,0.0,nan,nan,nan,nan,nan
540877483,540877256,0.16049388,-0.16049388,0.0,nan,nan,nan,nan,nan
540973528,540973305,0.16049388,-0.16049388,0.0,nan,nan,nan,nan,nan
541076966,541076743,0.16049388,-0.16049388,0.0,nan,nan,nan,nan,nan
541173040,541172792,0.16296302,-0.16296302,0.0,nan,nan,nan,nan,nan
541276454,541276230,0.16296302,-0.16296302,0.0,nan,nan,nan,nan,nan
541372504,541372279,0.16296302,-0.16296302,0.0,nan,nan,nan,nan,nan
541475940,541475717,0.16296302,-0.16296302,0.0,nan,nan,nan,nan,nan
541576983,541576693,0.16296302,-0.16296302,0.0,nan,nan,nan,nan,nan
541675427,541675205,0.16296302,-0.16296302,0.0,nan,nan,nan,nan,nan
541776415,541776180,0.16296302,-0.16296302,0.0,nan,nan,nan,nan,nan
541874923,541874695,0.16296302,-0.16296302,0.0,nan,nan,nan,nan,nan
541975905,541975667,0.16296302,-0.16296302,0.0,nan,nan,nan,nan,nan
542074434,542074179,0.16296302,-0.16296302,0.0,nan,nan,nan,nan,nan
542175434,542175154,0.16296302,-0.16296302,0.0,nan,nan,nan,nan,nan
542276369,542276129,0.16049388,-0.16049388,0.0,nan,nan,nan,nan,nan
542374877,542374642,0.16049388,-0.16049388,0.0,nan,nan,nan,nan,nan
542475843,542475617,0.16296302,-0.16296302,0.0,nan,nan,nan,nan,nan
542574374,542574129,0.16296302,-0.16296302,0.0,nan,nan,nan,nan,nan
542675343,542675104,0.16296302,-0.16296302,0.0,nan,nan,nan,nan,nan
542773853,542773616,0.16296302,-0.16296302,0.0,nan,nan,nan,nan,nan
542874815,542874591,0.16049388,-0.16049388,0.0,nan,nan,nan,nan,nan
542975808,542975567,0.16049388,-0.16049388,0.0,nan,nan,nan,nan,nan
543074302,543074079,0.16049388,-0.16049388,0.0,nan,nan,nan,nan,nan
543175276,543175054,0.16296302,-0.16296302,0.0,nan,nan,nan,nan,nan
543273791,543273566,0.16296302,-0.16296302,0.0,nan,nan,nan,nan,nan
543374767,543374541,0.16049388,-0.16049388,0.0,nan,nan,nan,nan,nan
543473276,543473054,0.16296302,-0.16296302,0.0,nan,nan,nan,nan,nan
543574269,543574029,0.16296302,-0.16296302,0.0,nan,nan,nan,nan,nan
543675239,543675004,0.16049388,-0.16049388,0.0,nan,nan,nan,nan,nan
543773752,543773516,0.16296302,-0.16296302,0.0,nan,nan,nan,nan,nan
543874715,543874492,0.16049388,-0.16049388,0.0,nan,nan,nan,nan,nan
543973227,543973004,0.16296302,-0.16296302,0.0,nan,nan,nan,nan,nan
544074208,544073979,0.16296302,-0.16296302,0.0,nan,nan,nan,nan,nan
544172717,544172491,0.16296302,-0.16296302,0.0,nan,nan,nan,nan,nan
544273691,544273467,0.16049388,-0.16049388,0.0,nan,nan,nan,nan,nan
544377148,544376905,0.16296302,-0.16296302,0.0,nan,nan,nan,nan,nan
544473187,544472954,0.16296302,-0.16296302,0.0,nan,nan,nan,nan,nan
544576633,544576392,0.16296302,-0.16296302,0.0,nan,nan,nan,nan,nan
544672672,544672442,0.16296302,-0.16296302,0.0,nan,nan,nan,nan,nan
544776103,544775880,0.16296302,-0.16296302,0.0,nan,nan,nan,nan,nan
544872151,544871930,0.16296302,-0.16296302,0.0,nan,nan,nan,nan,nan
544975590,544975368,0.16296302,-0.16296302,0.0,nan,nan,nan,nan,nan
545076564,545076343,0.16296302,-0.16296302,0.0,nan,nan,nan,nan,nan
545175081,545174855,0.16296302,-0.16296302,0.0,nan,nan,nan,nan,nan
545276052,545275831,0.16049388,-0.16049388,0.0,nan,nan,nan,nan,nan
545374566,545374343,0.16049388,-0.16049388,0.0,nan,nan,nan,nan,nan
545475540,545475318,0.16296302,-0.16296302,0.0,nan,nan,nan,nan,nan
545574071,545573831,0.16296302,-0.16296302,0.0,nan,nan,nan,nan,nan
545675028,545674806,0.16296302,-0.16296302,0.0,nan,nan,nan,nan,nan
545776004,545775782,0.16049388,-0.16049388,0.0,nan,nan,nan,nan,nan
545874517,545874294,0.16049388,-0.16049388,0.0,nan,nan,nan,nan,nan
545975493,545975269,0.16296302,-0.16296302,0.0,nan,nan,nan,nan,nan
546074009,546073782,0.16049388,-0.16049388,0.0,nan,nan,nan,nan,nan
546174981,546174757,0.16296302,-0.16296302,0.0,nan,nan,nan,nan,nan
546273492,546273270,0.16049388,-0.16049388,0.0,nan,nan,nan,nan,nan
546374488,546374245,0.16296302,-0.16296302,0.0,nan,nan,nan,nan,nan
546475443,546475221,0.16296302,-0.16296302,0.0,nan,nan,nan,nan,nan
546573972,546573733,0.16049388,-0.16049388,0.0,nan,nan,nan,nan,nan
546674933,546674709,0.16049388,-0.16049388,0.0,nan,nan,nan,nan,nan
546773445,546773221,0.16049388,-0.16049388,0.0,nan,nan,nan,nan,nan
546874421,546874197,0.16296302,-0.16296302,0.0,nan,nan,nan,nan,nan
546972931,546972709,0.16296302,-0.16296302,0.0,nan,nan,nan,nan,nan
547073914,547073685,0.16049388,-0.16049388,0.0,nan,nan,nan,nan,nan
547177349,547177124,0.16296302,-0.16296302,0.0,nan,nan,nan,nan,nan
547273398,547273173,0.16296302,-0.16296302,0.0,nan,nan,nan,nan,nan
547376840,547376611,0.16296302,-0.16296302,0.0,nan,nan,nan,nan,nan
547472885,547472661,0.16296302,-0.16296302,0.0,nan,nan,nan,nan,nan
547576339,547576099,0.16049388,-0.16049388,0.0,nan,nan,nan,nan,nan
547672373,547672149,0.16049388,-0.16049388,0.0,nan,nan,nan,nan,nan
547775814,547775587,0.16296302,-0.16296302,0.0,nan,nan,nan,nan,nan
547876786,547876563,0.16049388,-0.16049388,0.0,nan,nan,nan,nan,nan
547975299,547975076,0.16049388,-0.16049388,0.0,nan,nan,nan,nan,nan
548076272,548076051,0.16049388,-0.16049388,0.0,nan,nan,nan,nan,nan
548174786,548174564,0.16049388,-0.16049388,0.0,nan,nan,nan,nan,nan
548275760,548275539,0.16049388,-0.16049388,0.0,nan,nan,nan,nan,nan
548374285,548374052,0.16296302,-0.16296302,0.0,nan,nan,nan,nan,nan
548475260,548475028,0.16049388,-0.16049388,0.0,nan,nan,nan,nan,nan
548576241,548576003,0.16049388,-0.16049388,0.0,nan,nan,nan,nan,nan
548674740,548674516,0.16296302,-0.16296302,0.0,nan,nan,nan,nan,nan
548775713,548775491,0.16296302,-0.16296302,0.0,nan,nan,nan,nan,nan
548874230,548874004,0.16296302,-0.16296302,0.0,nan,nan,nan,nan,nan
548975212,548974980,0.16296302,-0.16296302,0.0,nan,nan,nan,nan,nan
549073716,549073493,0.16049388,-0.16049388,0.0,nan,nan,nan,nan,nan
549174697,549174468,0.16049388,-0.16049388,0.0,nan,nan,nan,nan,nan
549275667,549275444,0.16049388,-0.16049388,0.0,nan,nan,nan,nan,nan
549374181,549373957,0.16296302,-0.16296302,0.0,nan,nan,nan,nan,nan
549475171,549474932,0.16296302,-0.16296302,0.0,nan,nan,nan,nan,nan
549573688,549573445,0.16296302,-0.16296302,0.0,nan,nan,nan,nan,nan
549674680,549674420,0.16296302,-0.16296302,0.0,nan,nan,nan,nan,nan
549773154,549772933,0.16049388,-0.16049388,0.0,nan,nan,nan,nan,nan
549874191,549873909,0.16049388,-0.16049388,0.0,nan,nan,nan,nan,nan
549975108,549974885,0.16049388,-0.16049388,0.0,nan,nan,nan,nan,nan
550073635,550073397,0.16049388,-0.16049388,0.0,nan,nan,nan,nan,nan
550174595,550174373,0.16049388,-0.16049388,0.0,nan,nan,nan,nan,nan
550273130,550272886,0.16049388,-0.16049388,0.0,nan,nan,nan,nan,nan
550374085,550373861,0.16296302,-0.16296302,0.0,nan,nan,nan,nan,nan
550472616,550472374,0.16296302,-0.16296302,0.0,nan,nan,nan,nan,nan
550573572,550573350,0.16296302,-0.16296302,0.0,nan,nan,nan,nan,nan
550677027,550676788,0.16296302,-0.16296302,0.0,nan,nan,nan,nan,nan
550773061,550772838,0.16296302,-0.16296302,0.0,nan,nan,nan,nan,nan
550876514,550876277,0.16049388,-0.16049388,0.0,nan,nan,nan,nan,nan
550972549,550972327,0.16296302,-0.16296302,0.0,nan,nan,nan,nan,nan
551076003,551075765,0.16049388,-0.16049388,0.0,nan,nan,nan,nan,nan
551172037,551171816,0.16296302,-0.16296302,0.0,nan,nan,nan,nan,nan
551275475,551275254,0.16049388,-0.16049388,0.0,nan,nan,nan,nan,nan
551376457,551376230,0.16296302,-0.16296302,0.0,nan,nan,nan,nan,nan
551475038,551474743,0.16296302,-0.16296302,0.0,nan,nan,nan,nan,nan
551575939,551575718,0.16049388,-0.16049388,0.0,nan,nan,nan,nan,nan
551674454,551674231,0.16296302,-0.16296302,0.0,nan,nan,nan,nan,nan
551775429,551775207,0.16296302,-0.16296302,0.0,nan,nan,nan,nan,nan
551873945,551873720,0.16296302,-0.16296302,0.0,nan,nan,nan,nan,nan
551974934,551974696,0.16296302,-0.16296302,0.0,nan,nan,nan,nan,nan
552075895,552075671,0.16296302,-0.16296302,0.0,nan,nan,nan,nan,nan
552174412,552174184,0.16049388,-0.16049388,0.0,nan,nan,nan,nan,nan
552275387,552275160,0.16049388,-0.16049388,0.0,nan,nan,nan,nan,nan
552373917,552373673,0.16296302,-0.16296302,0.0,nan,nan,nan,nan,nan
552474890,552474649,0.16049388,-0.16049388,0.0,nan,nan,nan,nan,nan
552573385,552573162,0.16296302,-0.16296302,0.0,nan,nan,nan,nan,nan
552674363,552674138,0.16296302,-0.16296302,0.0,nan,nan,nan,nan,nan
552775338,552775114,0.16296302,-0.16296302,0.0,nan,nan,nan,nan,nan
552873870,552873627,0.16049388,-0.16049388,0.0,nan,nan,nan,nan,nan
552974841,552974603,0.16296302,-0.16296302,0.0,nan,nan,nan,nan,nan
553073339,553073116,0.16296302,-0.16296302,0.0,nan,nan,nan,nan,nan
553174317,553174091,0.16296302,-0.16296302,0.0,nan,nan,nan,nan,nan
553272830,553272605,0.16049388,-0.16049388,0.0,nan,nan,nan,nan,nan
553373804,553373580,0.16296302,-0.16296302,0.0,nan,nan,nan,nan,nan
553477241,553477019,0.16296302,-0.16296302,0.0,nan,nan,nan,nan,nan
553573291,553573069,0.16296302,-0.16296302,0.0,nan,nan,nan,nan,nan
553676734,553676508,0.16296302,-0.16296302,0.0,nan,nan,nan,nan,nan
553772793,553772558,0.16296302,-0.16296302,0.0,nan,nan,nan,nan,nan
553876234,553875997,0.16049388,-0.16049388,0.0,nan,nan,nan,nan,nan
553972269,553972047,0.16296302,-0.16296302,0.0,nan,nan,nan,nan,nan
554075711,554075486,0.16049388,-0.16049388,0.0,nan,nan,nan,nan,nan
554176699,554176462,0.16296302,-0.16296302,0.0,nan,nan,nan,nan,nan
554275215,554274975,0.16296302,-0.16296302,0.0,nan,nan,nan,nan,nan
554376174,554375951,0.16296302,-0.16296302,0.0,nan,nan,nan,nan,nan
554474690,554474464,0.16296302,-0.16296302,0.0,nan,nan,nan,nan,nan
554575666,554575440,0.16296302,-0.16296302,0.0,nan,nan,nan,nan,nan
554674177,554673954,0.16296302,-0.16296302,0.0073891524,nan,nan,nan,nan,nan
554775154,554774929,0.16049388,-0.16049388,0.11083743,nan,nan,nan,nan,nan
554876165,554875905,0.16296302,-0.16296302,0.11576354,nan,nan,nan,nan,nan
554974649,554974418,0.16296302,-0.16296302,0.0,nan,nan,nan,nan,nan
555075624,555075395,0.16049388,-0.16049388,0.0,nan,nan,nan,nan,nan
555174133,555173908,0.16296302,-0.16296302,0.0,nan,nan,nan,nan,nan
555275107,555274884,0.16296302,-0.16296302,0.0,nan,nan,nan,nan,nan
555373639,555373397,0.16296302,-0.16296302,0.0,nan,nan,nan,nan,nan
555474594,555474373,0.16296302,-0.16296302,0.0,nan,nan,nan,nan,nan
555575574,555575349,0.16296302,-0.16296302,0.0,nan,nan,nan,nan,nan
555674085,555673862,0.16296302,-0.16296302,0.0,nan,nan,nan,nan,nan
555775060,555774838,0.16296302,-0.16296302,0.0,nan,nan,nan,nan,nan
555873573,555873351,0.16296302,-0.16296302,0.0,nan,nan,nan,nan,nan
555974548,555974327,0.16049388,-0.16049388,0.0,nan,nan,nan,nan,nan
556073063,556072841,0.16296302,-0.16296302,0.0,nan,nan,nan,nan,nan
556174041,556173817,0.16296302,-0.16296302,0.0,nan,nan,nan,nan,nan
556275031,556274793,0.16296302,-0.16296302,0.0,nan,nan,nan,nan,nan
556373540,556373306,0.16296302,-0.16296302,0.0,nan,nan,nan,nan,nan
556476968,556476745,0.16296302,-0.16296302,0.0,nan,nan,nan,nan,nan
556573016,556572795,0.16049388,-0.16049388,0.0,nan,nan,nan,nan,nan
556676458,556676234,0.16296302,-0.16296302,0.0,nan,nan,nan,nan,nan
556772508,556772285,0.16296302,-0.16296302,0.0,nan,nan,nan,nan,nan
556875947,556875724,0.16296302,-0.16296302,0.0,nan,nan,nan,nan,nan
