timestamp,roll,pitch,yaw,thrust_body[0],thrust_body[1],thrust_body[2],reset_integral
83163849,-0.28790665,0.24227107,-0.06889244,0.014423043,0.0,0.0,1
83168494,-0.28727418,0.24206485,-0.06949732,0.014423043,0.0,0.0,1
83183766,-0.28073773,0.24204221,-0.07122605,0.014423043,0.0,0.0,1
83207903,-0.27855602,0.24406214,-0.07333994,0.014423043,0.0,0.0,1
83227597,-0.27683842,0.24751708,-0.075088136,0.014423043,0.0,0.0,1
83242691,-0.2743888,0.25144273,-0.07759523,0.014423043,0.0,0.0,1
83267043,-0.26874113,0.26340613,-0.08316709,0.014423043,0.0,0.0,1
83286750,-0.26331878,0.27172792,-0.088608615,0.014423043,0.0,0.0,1
83306479,-0.25710252,0.28043377,-0.094829805,0.014423043,0.0,0.0,1
83326189,-0.2501943,0.28572845,-0.10185742,0.014423043,0.0,0.0,1
83345903,-0.2433097,0.2930929,-0.10869525,0.014423043,0.0,0.0,1
83365528,-0.23708475,0.2996073,-0.11487319,0.014423043,0.0,0.0,1
83385227,-0.23210558,0.3048884,-0.1197878,0.014423043,0.0,0.0,1
83404929,-0.22841491,0.3092051,-0.12346406,0.014423043,0.0,0.0,1
83424628,-0.2250655,0.31564784,-0.12666751,0.014423043,0.0,0.0,1
83449495,-0.22093678,0.3180209,-0.13075405,0.014423043,0.0,0.0,1
83464036,-0.22411257,0.31536797,-0.13237603,0.014423043,0.0,0.0,1
83488934,-0.2179819,0.3149745,-0.13367878,0.014423043,0.0,0.0,1
83508676,-0.21817607,0.31670156,-0.13325712,0.014423043,0.0,0.0,1
83523424,-0.21905692,0.31539837,-0.13232842,0.014423043,0.0,0.0,1
83548132,-0.22238088,0.31072694,-0.12912647,0.014423043,0.0,0.0,1
83567723,-0.22568378,0.3106444,-0.12593327,0.014423043,0.0,0.0,1
83587428,-0.2283726,0.3124072,-0.12335606,0.014423043,0.0,0.0,1
83607153,-0.23153797,0.31577602,-0.12033501,0.014423043,0.0,0.0,1
83626855,-0.2347849,0.3208254,-0.11732153,0.014423043,0.0,0.0,1
83646565,-0.24210759,0.32730767,-0.1149534,0.014423043,0.0,0.0,1
83666274,-0.24437933,0.3349564,-0.11294341,0.014423043,0.0,0.0,1
83685974,-0.24499165,0.34344947,-0.11260421,0.014423043,0.0,0.0,1
83705702,-0.2447035,0.35239026,-0.11311476,0.014423043,0.0,0.0,1
83730061,-0.24348143,0.3633221,-0.1146174,0.014423043,0.0,0.0,1
83745094,-0.24166715,0.3695729,-0.116594665,0.014423043,0.0,0.0,1
83765020,-0.2386885,0.38372177,-0.11946594,0.014423043,0.0,0.0,1
83789126,-0.23519285,0.38690206,-0.12341322,0.014423043,0.0,0.0,1
83804173,-0.23315406,0.39256516,-0.1255784,0.014423043,0.0,0.0,1
83823876,-0.23042625,0.40003544,-0.12848414,0.014423043,0.0,0.0,1
83848233,-0.22778976,0.40868467,-0.13127358,0.014423043,0.0,0.0,1
83867945,-0.22222483,0.41497645,-0.13224883,0.014423043,0.0,0.0,1
83887644,-0.22233635,0.42089248,-0.13225824,0.014423043,0.0,0.0,1
83907440,-0.22289108,0.42605227,-0.13184024,0.014423043,0.0,0.0,1
83927198,-0.22320686,0.4305125,-0.13163131,0.014423043,0.0,0.0,1
83946778,-0.22496419,0.43390232,-0.12991056,0.014423043,0.0,0.0,1
83966481,-0.22857416,0.43867508,-0.12613358,0.014423043,0.0,0.0,1
83986213,-0.23879528,0.43542188,-0.12073083,0.014423043,0.0,0.0,1
84005875,-0.24232714,0.43356338,-0.11233989,0.014423043,0.0,0.0,1
84025557,-0.25243983,0.43048155,-0.10212675,0.014423043,0.0,0.0,1
84045290,-0.26356217,0.42668033,-0.09089002,0.014423043,0.0,0.0,1
84064966,-0.28046754,0.42538607,-0.07850799,0.014423043,0.0,0.0,1
84084609,-0.29356363,0.42114156,-0.06533075,0.014423043,0.0,0.0,1
84104412,-0.30782264,0.41423073,-0.05107128,0.014423043,0.0,0.0,1
84129279,-0.32132858,0.41091576,-0.032800898,0.014423043,0.0,0.0,1
84143781,-0.33206075,0.40983328,-0.022079268,0.014423043,0.0,0.0,1
84163488,-0.34553853,0.4120121,-0.008607076,0.014423043,0.0,0.0,1
84188354,-0.36490208,0.41059875,0.005936701,0.014423043,0.0,0.0,1
84208065,-0.36990443,0.4061235,0.015613942,0.014423043,0.0,0.0,1
84222610,-0.3765387,0.40496364,0.022228634,0.014423043,0.0,0.0,1
84247471,-0.38731766,0.40352848,0.033000674,0.014423043,0.0,0.0,1
84267180,-0.3965661,0.4027294,0.042233452,0.014423043,0.0,0.0,1
84286925,-0.40957433,0.40193135,0.05044755,0.014423043,0.0,0.0,1
84306705,-0.4164371,0.4013909,0.05726211,0.014423043,0.0,0.0,1
84326433,-0.42310923,0.4013776,0.06392123,0.014423043,0.0,0.0,1
84346187,-0.42438594,0.40191814,0.0698832,0.014423043,0.0,0.0,1
84366041,-0.42932245,0.4032872,0.07480124,0.014423043,0.0,0.0,1
84385448,-0.4330391,0.40541032,0.07848776,0.014423043,0.0,0.0,1
84405160,-0.4349324,0.41138455,0.08028097,0.014423043,0.0,0.0,1
84429506,-0.43551052,0.41329947,0.0809904,0.014423043,0.0,0.0,1
84444584,-0.43515852,0.41689408,0.080660276,0.014423043,0.0,0.0,1
84464455,-0.43359995,0.42236364,0.07915028,0.014423043,0.0,0.0,1
84488611,-0.43187204,0.4296527,0.077563204,0.014423043,0.0,0.0,1
84503697,-0.43234926,0.43389398,0.07814538,0.014423043,0.0,0.0,1
84528042,-0.4358517,0.43988317,0.081812836,0.014423043,0.0,0.0,1
84547688,-0.440508,0.4432648,0.08656561,0.014423043,0.0,0.0,1
84567385,-0.4507218,0.44518194,0.09211121,0.014423043,0.0,0.0,1
84587093,-0.45158365,0.44596738,0.097738616,0.014423043,0.0,0.0,1
84606816,-0.45637015,0.44618177,0.1025221,0.014423043,0.0,0.0,1
84626525,-0.46466488,0.4496477,0.10596699,0.014423043,0.0,0.0,1
84646210,-0.462595,0.4473673,0.1087436,0.014423043,0.0,0.0,1
84665922,-0.46942416,0.45158422,0.11074397,0.014423043,0.0,0.0,1
84685606,-0.4657112,0.45007712,0.1118782,0.014423043,0.0,0.0,1
84705394,-0.46506488,0.45201448,0.11122377,0.014423043,0.0,0.0,1
84725109,-0.46319368,0.45416647,0.10937514,0.014423043,0.0,0.0,1
84744715,-0.46179184,0.45634973,0.10802332,0.014423043,0.0,0.0,1
84769595,-0.46013442,0.45837897,0.106394984,0.014423043,0.0,0.0,1
84784124,-0.46425402,0.45888132,0.1057983,0.014423043,0.0,0.0,1
84803821,-0.4584507,0.45868632,0.10469329,0.014423043,0.0,0.0,1
84828723,-0.46006262,0.46018308,0.10138036,0.014423043,0.0,0.0,1
84848394,-0.45245296,0.45826548,0.09845092,0.014423043,0.0,0.0,1
84862921,-0.44975942,0.45380604,0.09580184,0.014423043,0.0,0.0,1
84887852,-0.444561,0.4531514,0.09055317,0.014423043,0.0,0.0,1
84907552,-0.43923894,0.45475495,0.0851822,0.014423043,0.0,0.0,1
84927291,-0.43141866,0.45842627,0.07729661,0.014423043,0.0,0.0,1
84946982,-0.42146727,0.46408233,0.067297265,0.014423043,0.0,0.0,1
84966637,-0.41006345,0.47143447,0.05582976,0.014423043,0.0,0.0,1
84986374,-0.40207416,0.4801818,0.043014694,0.014423043,0.0,0.0,1
85006075,-0.3839313,0.48967507,0.029469544,0.014423043,0.0,0.0,1
85025788,-0.37017778,0.49918643,0.015536451,0.014423043,0.0,0.0,1
85045482,-0.36074808,0.5084118,0.0011373074,0.014423043,0.0,0.0,1
85065177,-0.3422217,0.5169268,-0.012907496,0.014423043,0.0,0.0,1
85084879,-0.33014372,0.52450716,-0.025210535,0.014423043,0.0,0.0,1
85104687,-0.32044095,0.5312911,-0.03512291,0.014423043,0.0,0.0,1
85129220,-0.3166847,0.5381828,-0.04377996,0.014423043,0.0,0.0,1
85144073,-0.31463492,0.5412219,-0.045858923,0.014423043,0.0,0.0,1
85168396,-0.30970997,0.54385453,-0.046028882,0.014423043,0.0,0.0,1
85188021,-0.31381541,0.5437023,-0.041751318,0.014423043,0.0,0.0,1
85203069,-0.31964767,0.542285,-0.03573188,0.014423043,0.0,0.0,1
85227428,-0.3329928,0.5378218,-0.021981698,0.014423043,0.0,0.0,1
85247126,-0.34755424,0.53594977,-0.006999541,0.014423043,0.0,0.0,1
85266831,-0.3684915,0.5276632,0.009572744,0.014423043,0.0,0.0,1
85286559,-0.3841625,0.5229509,0.025567325,0.014423043,0.0,0.0,1
85306291,-0.39936113,0.5192066,0.041046437,0.014423043,0.0,0.0,1
85325980,-0.41244116,0.5167117,0.05432577,0.014423043,0.0,0.0,1
85345647,-0.4235592,0.5159795,0.06561999,0.014423043,0.0,0.0,1
85365357,-0.4335012,0.5204587,0.07566292,0.014423043,0.0,0.0,1
85385056,-0.4374861,0.52094215,0.08465037,0.014423043,0.0,0.0,1
85409937,-0.4462523,0.53156036,0.093540624,0.014423043,0.0,0.0,1
85424450,-0.4547351,0.5339773,0.09753655,0.014423043,0.0,0.0,1
85444156,-0.45816496,0.5452368,0.10102231,0.014423043,0.0,0.0,1
85469061,-0.4550329,0.55624986,0.10279468,0.014423043,0.0,0.0,1
85483566,-0.4546616,0.5596017,0.10262103,0.014423043,0.0,0.0,1
85508765,-0.45386922,0.57030416,0.10197762,0.014423043,0.0,0.0,1
85528438,-0.45309737,0.578247,0.10130915,0.014423043,0.0,0.0,1
85547884,-0.45240724,0.5847589,0.10070113,0.014423043,0.0,0.0,1
85567597,-0.45704326,0.58971083,0.100678675,0.014423043,0.0,0.0,1
85587293,-0.45192158,0.5962888,0.10021566,0.014423043,0.0,0.0,1
85607016,-0.45166862,0.59493446,0.10009301,0.014423043,0.0,0.0,1
85626731,-0.45173636,0.5952552,0.100172676,0.014423043,0.0,0.0,1
85646419,-0.4571447,0.5973043,0.10074603,0.014423043,0.0,0.0,1
85666124,-0.45445475,0.59212303,0.102947816,0.014423043,0.0,0.0,1
85685836,-0.46272025,0.5892911,0.1065547,0.014423043,0.0,0.0,1
85705556,-0.46676862,0.5858718,0.110666536,0.014423043,0.0,0.0,1
85725216,-0.470705,0.58187425,0.114646435,0.014423043,0.0,0.0,1
85749566,-0.47560024,0.5766736,0.11958006,0.014423043,0.0,0.0,1
85764812,-0.47354203,0.5767887,0.12212688,0.014423043,0.0,0.0,1
85784374,-0.47626218,0.57038474,0.12497758,0.014423043,0.0,0.0,1
85808666,-0.4781077,0.57392323,0.12651505,0.014423043,0.0,0.0,1
85828358,-0.47840476,0.5699234,0.12693588,0.014423043,0.0,0.0,1
85843425,-0.47839105,0.5667715,0.12705925,0.014423043,0.0,0.0,1
85867769,-0.47689566,0.5675934,0.12552196,0.014423043,0.0,0.0,1
85887511,-0.47458926,0.5685723,0.12317027,0.014423043,0.0,0.0,1
85907486,-0.47182947,0.5695138,0.120354265,0.014423043,0.0,0.0,1
85926909,-0.46873608,0.5700694,0.11719101,0.014423043,0.0,0.0,1
85946587,-0.46605664,0.5727753,0.114319,0.014423043,0.0,0.0,1
85966296,-0.46412945,0.5679472,0.11244282,0.014423043,0.0,0.0,1
85985995,-0.462058,0.5649214,0.110260494,0.014423043,0.0,0.0,1
86005701,-0.46396115,0.56071216,0.10727779,0.014423043,0.0,0.0,1
86025393,-0.4558655,0.55902,0.10363214,0.014423043,0.0,0.0,1
86045092,-0.4524959,0.5543076,0.10010739,0.014423043,0.0,0.0,1
86064833,-0.44857925,0.5505484,0.09603626,0.014423043,0.0,0.0,1
86084499,-0.44817346,0.54823524,0.090732545,0.014423043,0.0,0.0,1
86104227,-0.44221038,0.54754454,0.08462535,0.014423043,0.0,0.0,1
86123943,-0.43584505,0.5454286,0.078211725,0.014423043,0.0,0.0,1
86148823,-0.42233735,0.5492723,0.06926684,0.014423043,0.0,0.0,1
86168477,-0.41524562,0.55384856,0.0620552,0.014423043,0.0,0.0,1
86183020,-0.40970665,0.5580427,0.0564064,0.014423043,0.0,0.0,1
86207960,-0.40082437,0.56577116,0.047355846,0.014423043,0.0,0.0,1
86227625,-0.39901677,0.5783535,0.04060442,0.014423043,0.0,0.0,1
86247375,-0.38833606,0.57826734,0.034606867,0.014423043,0.0,0.0,1
86267072,-0.38301182,0.583948,0.029146563,0.014423043,0.0,0.0,1
86286820,-0.37750196,0.58913195,0.023480523,0.014423043,0.0,0.0,1
86306820,-0.37667707,0.59695655,0.01774523,0.014423043,0.0,0.0,1
86326474,-0.37203494,0.60112834,0.012975956,0.014423043,0.0,0.0,1
86346233,-0.36379805,0.604848,0.009366887,0.014423043,0.0,0.0,1
86365798,-0.36119902,0.60503227,0.0066949734,0.014423043,0.0,0.0,1
86389889,-0.35988936,0.6084136,0.005352388,0.014423043,0.0,0.0,1
86404918,-0.35969254,0.61340666,0.0051500415,0.014423043,0.0,0.0,1
86424653,-0.36007482,0.6154852,0.0055510686,0.014423043,0.0,0.0,1
86448991,-0.36720008,0.6137439,0.008043077,0.014423043,0.0,0.0,1
86464245,-0.36475927,0.6139915,0.010421835,0.014423043,0.0,0.0,1
86483786,-0.36927015,0.61360157,0.015109447,0.014423043,0.0,0.0,1
86508142,-0.3782735,0.6119236,0.024449915,0.014423043,0.0,0.0,1
86527790,-0.38724828,0.6101529,0.033746794,0.014423043,0.0,0.0,1
86547519,-0.3970998,0.60788476,0.043942448,0.014423043,0.0,0.0,1
86567213,-0.4126021,0.6052558,0.05507453,0.014423043,0.0,0.0,1
86586915,-0.42401138,0.60562754,0.06678176,0.014423043,0.0,0.0,1
86606634,-0.4358949,0.5994999,0.07910217,0.014423043,0.0,0.0,1
86626372,-0.44304258,0.5997476,0.09122929,0.014423043,0.0,0.0,1
86646053,-0.46015725,0.593699,0.10406587,0.014423043,0.0,0.0,1
86665746,-0.47348017,0.5904993,0.11774291,0.014423043,0.0,0.0,1
86685501,-0.4824681,0.59043145,0.13165157,0.014423043,0.0,0.0,1
86705417,-0.49660212,0.5870928,0.14608893,0.014423043,0.0,0.0,1
86724902,-0.5111697,0.5835983,0.1609251,0.014423043,0.0,0.0,1
86744537,-0.525805,0.5800732,0.17580181,0.014423043,0.0,0.0,1
86764237,-0.5408657,0.5734031,0.19129138,0.014423043,0.0,0.0,1
86789167,-0.5606111,0.5691751,0.2112898,0.014423043,0.0,0.0,1
86808852,-0.57700914,0.56921333,0.22759242,0.014423043,0.0,0.0,1
86823375,-0.58920944,0.5636911,0.24012549,0.014423043,0.0,0.0,1
86848263,-0.6083148,0.5596153,0.25927088,0.014423043,0.0,0.0,1
86867957,-0.62800485,0.5598948,0.27391574,0.014423043,0.0,0.0,1
86882497,-0.6386662,0.55795425,0.28452417,0.014423043,0.0,0.0,1
86907425,-0.64863867,0.55179214,0.2993831,0.014423043,0.0,0.0,1
86927087,-0.65761435,0.548987,0.3081931,0.014423043,0.0,0.0,1
86946791,-0.6654473,0.5458729,0.31583583,0.014423043,0.0,0.0,1
86966471,-0.6716003,0.5421475,0.32172662,0.014423043,0.0,0.0,1
86986172,-0.6756368,0.537541,0.32545796,0.014423043,0.0,0.0,1
87005931,-0.678669,0.5354032,0.32779214,0.014423043,0.0,0.0,1
87025570,-0.6803517,0.52699465,0.3295076,0.014423043,0.0,0.0,1
87045264,-0.6818226,0.5223238,0.33071873,0.014423043,0.0,0.0,1
87064977,-0.6889437,0.5191184,0.33293328,0.014423043,0.0,0.0,1
87089342,-0.6883581,0.520964,0.33660334,0.014423043,0.0,0.0,1
87104643,-0.69525445,0.5214582,0.33875546,0.014423043,0.0,0.0,1
87124381,-0.69719696,0.5227753,0.34072983,0.014423043,0.0,0.0,1
87148385,-0.69417506,0.52270406,0.34297,0.014423043,0.0,0.0,1
87163480,-0.6994051,0.52802706,0.3431881,0.014423043,0.0,0.0,1
87187853,-0.69781953,0.53134763,0.34176138,0.014423043,0.0,0.0,1
87207579,-0.69431245,0.53362113,0.33837205,0.014423043,0.0,0.0,1
87227264,-0.6844507,0.53243273,0.33375123,0.014423043,0.0,0.0,1
87246953,-0.6831275,0.5348732,0.32787043,0.014423043,0.0,0.0,1
87266664,-0.67159534,0.5381628,0.32127517,0.014423043,0.0,0.0,1
87286382,-0.6639208,0.54219836,0.31384295,0.014423043,0.0,0.0,1
87306103,-0.6557423,0.5466251,0.30589706,0.014423043,0.0,0.0,1
87325806,-0.64699656,0.55126953,0.2973848,0.014423043,0.0,0.0,1
87345479,-0.6393351,0.55554634,0.28994587,0.014423043,0.0,0.0,1
87370366,-0.6358974,0.5637546,0.28167266,0.014423043,0.0,0.0,1
87384868,-0.631248,0.5666565,0.27714077,0.014423043,0.0,0.0,1
87404589,-0.6265037,0.5672074,0.2728714,0.014423043,0.0,0.0,1
87429511,-0.618234,0.5717776,0.26952478,0.014423043,0.0,0.0,1
87444019,-0.6166278,0.5746721,0.26804358,0.014423043,0.0,0.0,1
87463770,-0.6157123,0.5786002,0.2673039,0.014423043,0.0,0.0,1
87488618,-0.6154786,0.58405733,0.26730728,0.014423043,0.0,0.0,1
87508391,-0.6165251,0.58829045,0.26856655,0.014423043,0.0,0.0,1
87522828,-0.61830604,0.5914342,0.2705144,0.014423043,0.0,0.0,1
87547666,-0.6211622,0.59710175,0.27364147,0.014423043,0.0,0.0,1
87567403,-0.623654,0.60212994,0.27638584,0.014423043,0.0,0.0,1
87587100,-0.62566996,0.6073088,0.27863675,0.014423043,0.0,0.0,1
87606797,-0.62639856,0.6121009,0.27956653,0.014423043,0.0,0.0,1
87626545,-0.6263142,0.61638975,0.27965328,0.014423043,0.0,0.0,1
87646221,-0.63024867,0.6203192,0.2790051,0.014423043,0.0,0.0,1
87665921,-0.62463224,0.6275313,0.277953,0.014423043,0.0,0.0,1
87685677,-0.62263376,0.6283344,0.27638704,0.014423043,0.0,0.0,1
87705340,-0.61934835,0.6311865,0.27314872,0.014423043,0.0,0.0,1
87725044,-0.6158603,0.63358736,0.26969036,0.014423043,0.0,0.0,1
87744784,-0.61206675,0.6356391,0.26589885,0.014423043,0.0,0.0,1
87769079,-0.6085996,0.63764673,0.2624503,0.014423043,0.0,0.0,1
87788794,-0.60732555,0.63876694,0.26119784,0.014423043,0.0,0.0,1
87803892,-0.6067697,0.6420872,0.2603373,0.014423043,0.0,0.0,1
87828185,-0.60781324,0.63757354,0.26166812,0.014423043,0.0,0.0,1
87847904,-0.6099632,0.63857037,0.26348314,0.014423043,0.0,0.0,1
87863238,-0.61702776,0.6364965,0.26579064,0.014423043,0.0,0.0,1
87887329,-0.6182987,0.6294576,0.27208373,0.014423043,0.0,0.0,1
87907091,-0.6291376,0.6263858,0.27818874,0.014423043,0.0,0.0,1
87926710,-0.63171726,0.62323207,0.28550568,0.014423043,0.0,0.0,1
87946426,-0.64437795,0.6231763,0.29308486,0.014423043,0.0,0.0,1
87966186,-0.65328526,0.6194949,0.30195692,0.014423043,0.0,0.0,1
87985863,-0.659159,0.61215574,0.31284925,0.014423043,0.0,0.0,1
88005552,-0.6745634,0.60762256,0.32338956,0.014423043,0.0,0.0,1
88025246,-0.68013144,0.6029183,0.33351457,0.014423043,0.0,0.0,1
88044976,-0.69475204,0.59869325,0.34320837,0.014423043,0.0,0.0,1
88069810,-0.7012817,0.5942963,0.35422626,0.014423043,0.0,0.0,1
88084336,-0.70696825,0.59234834,0.35977224,0.014423043,0.0,0.0,1
88104056,-0.7122503,0.5902518,0.364875,0.014423043,0.0,0.0,1
88128935,-0.72009623,0.5889464,0.36785787,0.014423043,0.0,0.0,1
88143434,-0.7207495,0.5889623,0.3684947,0.014423043,0.0,0.0,1
88168253,-0.7193966,0.590086,0.36717182,0.014423043,0.0,0.0,1
88188224,-0.7166127,0.59155566,0.36447015,0.014423043,0.0,0.0,1
88207768,-0.7086861,0.59355634,0.36140257,0.014423043,0.0,0.0,1
88227409,-0.7101135,0.59912753,0.3578341,0.014423043,0.0,0.0,1
88247161,-0.70168555,0.60182494,0.35429567,0.014423043,0.0,0.0,1
88266870,-0.69772696,0.604484,0.35048196,0.014423043,0.0,0.0,1
88286607,-0.6931771,0.6037153,0.34644103,0.014423043,0.0,0.0,1
88306366,-0.68750584,0.6058157,0.34085283,0.014423043,0.0,0.0,1
88326092,-0.68626595,0.60754603,0.33495328,0.014423043,0.0,0.0,1
88345652,-0.6807925,0.6090688,0.32953638,0.014423043,0.0,0.0,1
88365392,-0.6758824,0.61020976,0.32466194,0.014423043,0.0,0.0,1
88385056,-0.6718979,0.613886,0.32031798,0.014423043,0.0,0.0,1
88409429,-0.66253024,0.61021376,0.3159828,0.014423043,0.0,0.0,1
88424457,-0.6600987,0.61261654,0.31314224,0.014423043,0.0,0.0,1
88444158,-0.6572693,0.6114256,0.31023568,0.014423043,0.0,0.0,1
88468542,-0.6532164,0.60645896,0.30640128,0.014423043,0.0,0.0,1
88488256,-0.65396017,0.605027,0.3023015,0.014423043,0.0,0.0,1
88503292,-0.6459027,0.60746163,0.29856095,0.014423043,0.0,0.0,1
88527650,-0.644813,0.60440207,0.29302412,0.014423043,0.0,0.0,1
88547333,-0.6355761,0.60554314,0.28851816,0.014423043,0.0,0.0,1
88567028,-0.63094026,0.6108864,0.28360137,0.014423043,0.0,0.0,1
88586755,-0.62737143,0.6137928,0.28012806,0.014423043,0.0,0.0,1
88606463,-0.6289478,0.6140084,0.277391,0.014423043,0.0,0.0,1
88626210,-0.6210866,0.6178699,0.27437612,0.014423043,0.0,0.0,1
88645911,-0.6229983,0.62214476,0.27168697,0.014423043,0.0,0.0,1
88665595,-0.6197798,0.62647015,0.26857752,0.014423043,0.0,0.0,1
88685342,-0.6155005,0.6309428,0.26438487,0.014423043,0.0,0.0,1
88705045,-0.6109462,0.635391,0.25990832,0.014423043,0.0,0.0,1
88724660,-0.60605234,0.6399908,0.25507867,0.014423043,0.0,0.0,1
88744360,-0.5960201,0.6477871,0.24953124,0.014423043,0.0,0.0,1
88769234,-0.5889587,0.65282416,0.24247694,0.014423043,0.0,0.0,1
88783768,-0.58404595,0.6555051,0.23752663,0.014423043,0.0,0.0,1
88808681,-0.5798556,0.65961957,0.22850238,0.014423043,0.0,0.0,1
88828343,-0.5673944,0.66618913,0.22040324,0.014423043,0.0,0.0,1
88842879,-0.56604826,0.6625167,0.21473202,0.014423043,0.0,0.0,1
88867772,-0.55452096,0.66627616,0.2029399,0.014423043,0.0,0.0,1
88887482,-0.5397562,0.66883844,0.19263582,0.014423043,0.0,0.0,1
88907216,-0.53439015,0.6741575,0.18202603,0.014423043,0.0,0.0,1
88926938,-0.52394813,0.6725793,0.17145143,0.014423043,0.0,0.0,1
88946624,-0.50788575,0.6734138,0.15971023,0.014423043,0.0,0.0,1
88966515,-0.49663207,0.6736669,0.14802343,0.014423043,0.0,0.0,1
88986018,-0.48583835,0.67358655,0.13679747,0.014423043,0.0,0.0,1
89005700,-0.47536805,0.6731621,0.12589347,0.014423043,0.0,0.0,1
89025385,-0.4657042,0.67567,0.115685746,0.014423043,0.0,0.0,1
89049759,-0.45440596,0.67156744,0.104033425,0.014423043,0.0,0.0,1
89064796,-0.44816765,0.6707701,0.097519726,0.014423043,0.0,0.0,1
89084591,-0.44132766,0.66966045,0.09037403,0.014423043,0.0,0.0,1
89109215,-0.4346392,0.6684634,0.083385326,0.014423043,0.0,0.0,1
89124066,-0.43664232,0.66790515,0.0805332,0.014423043,0.0,0.0,1
89143657,-0.43375373,0.6675799,0.077517994,0.014423043,0.0,0.0,1
89168003,-0.4254317,0.6674369,0.073771216,0.014423043,0.0,0.0,1
89187713,-0.42450175,0.66759723,0.072801866,0.014423043,0.0,0.0,1
89207423,-0.42510745,0.66822726,0.0734387,0.014423043,0.0,0.0,1
89227105,-0.42656788,0.6693049,0.074971646,0.014423043,0.0,0.0,1
89246792,-0.42847335,0.6741596,0.07688851,0.014423043,0.0,0.0,1
89266495,-0.43096113,0.6732374,0.07959247,0.014423043,0.0,0.0,1
89286246,-0.4340497,0.6759666,0.082841694,0.014423043,0.0,0.0,1
89305944,-0.4380479,0.6795865,0.0870522,0.014423043,0.0,0.0,1
89325592,-0.44237185,0.68692905,0.09150689,0.014423043,0.0,0.0,1
89345296,-0.4473123,0.68852663,0.09682554,0.014423043,0.0,0.0,1
89365008,-0.45270258,0.6937898,0.10251968,0.014423043,0.0,0.0,1
89389883,-0.46000108,0.70089865,0.11023797,0.014423043,0.0,0.0,1
89404403,-0.4646635,0.70572966,0.11517773,0.014423043,0.0,0.0,1
89424136,-0.47079113,0.7132999,0.12169488,0.014423043,0.0,0.0,1
89448985,-0.4778217,0.7280568,0.12907314,0.014423043,0.0,0.0,1
89468989,-0.4878833,0.7364538,0.13498507,0.014423043,0.0,0.0,1
89483317,-0.49210855,0.7494876,0.13939084,0.014423043,0.0,0.0,1
89508365,-0.49884695,0.7680578,0.14674544,0.014423043,0.0,0.0,1
89528099,-0.4987495,0.781215,0.15204276,0.014423043,0.0,0.0,1
89542330,-0.50242865,0.79396474,0.15609744,0.014423043,0.0,0.0,1
89567196,-0.5092866,0.8158771,0.16362627,0.014423043,0.0,0.0,1
89586970,-0.51520526,0.83398396,0.17011787,0.014423043,0.0,0.0,1
89606653,-0.52757883,0.85263526,0.17837746,0.014423043,0.0,0.0,1
89626366,-0.5370441,0.8718551,0.18860017,0.014423043,0.0,0.0,1
89646078,-0.5417831,0.8913193,0.19888721,0.014423043,0.0,0.0,1
89665935,-0.5565049,0.91062593,0.20964612,0.014423043,0.0,0.0,1
89685466,-0.56337327,0.9329821,0.22179823,0.014423043,0.0,0.0,1
89705226,-0.5759208,0.95209545,0.2352355,0.014423043,0.0,0.0,1
89724870,-0.5899167,0.9685286,0.25050008,0.014423043,0.0,0.0,1
89749192,-0.60796,0.99643135,0.26944956,0.014423043,0.0,0.0,1
89764522,-0.6193427,1.0112567,0.28155234,0.014423043,0.0,0.0,1
89788626,-0.64272285,1.0325762,0.30187777,0.014423043,0.0,0.0,1
89808356,-0.6573797,1.0471976,0.31744605,0.014423043,0.0,0.0,1
89823460,-0.6696267,1.0471976,0.3219523,0.014423043,0.0,0.0,1
89847752,-0.6919041,1.0471976,0.30101478,0.014423043,0.0,0.0,1
89867676,-0.71714926,1.0471976,0.29537693,0.014423043,0.0,0.0,1
89887452,-0.7393986,1.0471976,0.2835991,0.014423043,0.0,0.0,1
89907112,-0.76263845,1.0471976,0.27177104,0.014423043,0.0,0.0,1
89926536,-0.78368217,1.0471976,0.25378907,0.014423043,0.0,0.0,1
89946254,-0.80929995,1.0471976,0.2420771,0.014423043,0.0,0.0,1
89965936,-0.83686846,1.0471976,0.22973491,0.014423043,0.0,0.0,1
89985679,-0.86432594,1.0471976,0.21770427,0.014423043,0.0,0.0,1
90005336,-0.8907231,1.0471976,0.20619854,0.014423043,0.0,0.0,1
90030238,-0.92595744,1.0471976,0.19777672,0.014423043,0.0,0.0,1
90044753,-0.93903846,1.0471976,0.18355978,0.014423043,0.0,0.0,1
90064442,-0.9603494,1.0471976,0.17159505,0.014423043,0.0,0.0,1
90089346,-0.98723257,1.0471976,0.16518082,0.014423043,0.0,0.0,1
90103901,-0.99375254,1.0471976,0.1520296,0.014423043,0.0,0.0,1
90123561,-1.0126266,1.0471976,0.14999984,0.014423043,0.0,0.0,1
90148442,-1.025394,1.0471976,0.13273491,0.014423043,0.0,0.0,1
90162969,-1.0335729,1.0471976,0.1267755,0.014423043,0.0,0.0,1
90188044,-1.0457844,1.0471976,0.11777907,0.014423043,0.0,0.0,1
90207566,-1.055333,1.0471976,0.11106638,0.014423043,0.0,0.0,1
90227289,-1.0661504,1.0471976,0.10371153,0.014423043,0.0,0.0,1
90246975,-1.0771523,1.0471976,0.09517368,0.014423043,0.0,0.0,1
90267010,-1.0854317,1.0471976,0.088836074,0.014423043,0.0,0.0,1
90286738,-1.0938858,1.0471976,0.08255842,0.014423043,0.0,0.0,1
90306411,-1.1056641,1.0471976,0.07494362,0.014423043,0.0,0.0,1
90326091,-1.1193774,1.0471976,0.06666933,0.014423043,0.0,0.0,1
90345509,-1.1383876,1.0471976,0.064587414,0.014423043,0.0,0.0,1
90365396,-1.1483325,1.0471976,0.05222973,0.014423043,0.0,0.0,1
90384971,-1.1655886,1.0471976,0.04512447,0.014423043,0.0,0.0,1
90404614,-1.1800083,1.0471976,0.03957439,0.014423043,0.0,0.0,1
90428985,-1.1991516,1.0471976,0.032894664,0.014423043,0.0,0.0,1
90448649,-1.2192826,1.0471976,0.033207856,0.014423043,0.0,0.0,1
90463880,-1.2217305,1.0471976,0.02384755,0.014423043,0.0,0.0,1
90488099,-1.2217305,1.0471976,0.024416033,0.014423043,0.0,0.0,1
90507787,-1.2217305,1.0471976,0.015372769,0.014423043,0.0,0.0,1
90522856,-1.2217305,1.0471976,0.012505255,0.014423043,0.0,0.0,1
90547192,-1.2217305,1.0471976,0.014081731,0.014423043,0.0,0.0,1
90566875,-1.2217305,1.0471976,0.004623533,0.014423043,0.0,0.0,1
90586587,-1.2217305,1.0471976,0.0004183487,0.014423043,0.0,0.0,1
90606292,-1.2217305,1.0471976,-0.0038414113,0.014423043,0.0,0.0,1
90625979,-1.2217305,1.0471976,-0.0034317449,0.014423043,0.0,0.0,1
90645695,-1.2217305,1.0471976,-0.014844036,0.014423043,0.0,0.0,1
90665638,-1.2217305,1.0471976,-0.019007077,0.014423043,0.0,0.0,1
90685422,-1.2217305,1.0471976,-0.022011654,0.014423043,0.0,0.0,1
90704821,-1.2217305,1.0471976,-0.023711795,0.014423043,0.0,0.0,1
90729658,-1.2203028,1.0471976,-0.028348356,0.014423043,0.0,0.0,1
90744195,-1.2088019,1.0471976,-0.022385016,0.014423043,0.0,0.0,1
90763905,-1.1837945,1.0471976,-0.023898399,0.014423043,0.0,0.0,1
90788795,-1.1500809,1.0471976,-0.02113416,0.014423043,0.0,0.0,1
90803298,-1.128861,1.0471976,-0.019467812,0.014423043,0.0,0.0,1
90828223,-1.0926089,1.0471976,-0.02322283,0.014423043,0.0,0.0,1
90847884,-1.0681309,1.0471976,-0.014851464,0.014423043,0.0,0.0,1
90867772,-1.0400059,1.0471976,-0.010739479,0.014423043,0.0,0.0,1
90887366,-1.009331,1.0471976,-0.011596914,0.014423043,0.0,0.0,1
90907036,-0.984767,1.0471976,-0.0049615735,0.014423043,0.0,0.0,1
90926761,-0.9659028,1.0471976,0.006296337,0.014423043,0.0,0.0,1
90946496,-0.9423417,1.0471976,0.0077989306,0.014423043,0.0,0.0,1
90966371,-0.9240905,1.0471976,0.014961061,0.014423043,0.0,0.0,1
90985873,-0.90790904,1.0471976,0.02131768,0.014423043,0.0,0.0,1
91010214,-0.8909981,1.0471976,0.029708158,0.014423043,0.0,0.0,1
91025276,-0.8833954,1.0471976,0.03375065,0.014423043,0.0,0.0,1
91044999,-0.8777233,1.0471976,0.044839453,0.014423043,0.0,0.0,1
91069366,-0.8679859,1.0471976,0.05043456,0.014423043,0.0,0.0,1
91084618,-0.86374235,1.0471976,0.052878074,0.014423043,0.0,0.0,1
91104297,-0.86043274,1.0471976,0.054700136,0.014423043,0.0,0.0,1
91128396,-0.8586955,1.0471976,0.055516478,0.014423043,0.0,0.0,1
91148103,-0.85814226,1.0471976,0.05561015,0.014423043,0.0,0.0,1
91163154,-0.85436857,1.0471976,0.048413888,0.014423043,0.0,0.0,1
91187510,-0.86116767,1.0471976,0.053424098,0.014423043,0.0,0.0,1
91207207,-0.85785353,1.0471976,0.052560985,0.014423043,0.0,0.0,1
91226930,-0.85684836,1.0471976,0.05044498,0.014423043,0.0,0.0,1
91246608,-0.85499555,1.0471976,0.04746267,0.014423043,0.0,0.0,1
91266329,-0.84897643,1.0471976,0.038293675,0.014423043,0.0,0.0,1
91286067,-0.8428845,1.0471976,0.034899738,0.014423043,0.0,0.0,1
91305756,-0.834341,1.0471976,0.03183758,0.014423043,0.0,0.0,1
91325432,-0.82548046,1.0471976,0.028018296,0.014423043,0.0,0.0,1
91345130,-0.8156831,1.0471976,0.024382373,0.014423043,0.0,0.0,1
91364840,-0.80364233,1.0471976,0.022406397,0.014423043,0.0,0.0,1
91384539,-0.7898061,1.0471976,0.02281084,0.014423043,0.0,0.0,1
91409407,-0.77402663,1.0471976,0.033320215,0.014423043,0.0,0.0,1
91429158,-0.75496703,1.0471976,0.03166926,0.014423043,0.0,0.0,1
91443655,-0.7491595,1.0471976,0.03491892,0.014423043,0.0,0.0,1
91468766,-0.73737943,1.0471976,0.048527714,0.014423043,0.0,0.0,1
91488381,-0.7272294,1.0471976,0.056246083,0.014423043,0.0,0.0,1
91502772,-0.7170917,1.0471976,0.057790577,0.014423043,0.0,0.0,1
91527675,-0.7075097,1.0471976,0.06862561,0.014423043,0.0,0.0,1
91547402,-0.70450974,1.0471976,0.08164181,0.014423043,0.0,0.0,1
91567276,-0.6976193,1.0471976,0.09166692,0.014423043,0.0,0.0,1
91586802,-0.6917288,1.0471976,0.10161528,0.014423043,0.0,0.0,1
91606565,-0.68652534,1.0471976,0.11157855,0.014423043,0.0,0.0,1
91626177,-0.68023103,1.0471976,0.1222877,0.014423043,0.0,0.0,1
91645869,-0.6726787,1.0471976,0.1267702,0.014423043,0.0,0.0,1
91665586,-0.6698643,1.0471976,0.1360372,0.014423043,0.0,0.0,1
91685306,-0.66764694,1.0471976,0.14427008,0.014423043,0.0,0.0,1
91709635,-0.66359675,1.0471976,0.15502988,0.014423043,0.0,0.0,1
91724709,-0.6643322,1.0471976,0.16659145,0.014423043,0.0,0.0,1
91744370,-0.6593111,1.0471976,0.16770208,0.014423043,0.0,0.0,1
91768738,-0.6567721,1.0471976,0.17660491,0.014423043,0.0,0.0,1
91783781,-0.6598419,1.0471976,0.18701503,0.014423043,0.0,0.0,1
91808148,-0.6498166,1.0471976,0.18877794,0.014423043,0.0,0.0,1
91827845,-0.65288925,1.0471976,0.20135255,0.014423043,0.0,0.0,1
91847555,-0.64738935,1.0471976,0.20739783,0.014423043,0.0,0.0,1
91867252,-0.64016557,1.0471976,0.20754752,0.014423043,0.0,0.0,1
91887052,-0.6358484,1.0471976,0.21297759,0.014423043,0.0,0.0,1
91906659,-0.6334884,1.0471976,0.22464408,0.014423043,0.0,0.0,1
91926368,-0.62415534,1.0471976,0.22524758,0.014423043,0.0,0.0,1
91946066,-0.6189427,1.0471976,0.23102383,0.014423043,0.0,0.0,1
91965790,-0.61399454,1.0471976,0.2367374,0.014423043,0.0,0.0,1
91985474,-0.6090836,1.0471976,0.24255627,0.014423043,0.0,0.0,1
92005220,-0.6091817,1.0471976,0.25408897,0.014423043,0.0,0.0,1
92024877,-0.6029024,1.0471976,0.25159502,0.014423043,0.0,0.0,1
92049746,-0.5914555,1.0471976,0.2453985,0.014423043,0.0,0.0,1
92064274,-0.5864818,1.0471976,0.24064937,0.014423043,0.0,0.0,1
92084018,-0.57875353,1.0471976,0.23306312,0.014423043,0.0,0.0,1
92108960,-0.56945944,1.0471976,0.22364524,0.014423043,0.0,0.0,1
92128667,-0.56160176,1.0471976,0.21574883,0.014423043,0.0,0.0,1
92143096,-0.5551404,1.0471976,0.20919916,0.014423043,0.0,0.0,1
92167998,-0.5498764,1.0471976,0.1985307,0.014423043,0.0,0.0,1
92187715,-0.53658015,1.0471976,0.19019145,0.014423043,0.0,0.0,1
92207618,-0.5276476,1.0471976,0.18099508,0.014423043,0.0,0.0,1
92227112,-0.5244033,1.0471976,0.17266169,0.014423043,0.0,0.0,1
92246815,-0.517105,1.0471976,0.16509372,0.014423043,0.0,0.0,1
92266544,-0.5059372,1.0471976,0.15835643,0.014423043,0.0,0.0,1
92286365,-0.49995622,1.0471976,0.1521471,0.014423043,0.0,0.0,1
92306015,-0.4990592,1.0471976,0.146312,0.014423043,0.0,0.0,1
92325600,-0.48895004,1.0471976,0.1407355,0.014423043,0.0,0.0,1
92345298,-0.48419112,1.0471976,0.13575454,0.014423043,0.0,0.0,1
92365014,-0.48024595,1.0471976,0.13140818,0.014423043,0.0,0.0,1
92384741,-0.47623676,1.0471976,0.1275827,0.014423043,0.0,0.0,1
92404430,-0.47682935,1.0471976,0.123311035,0.014423043,0.0,0.0,1
92424126,-0.4737623,1.0471976,0.12004878,0.014423043,0.0,0.0,1
92448486,-0.46659383,1.0471976,0.11740175,0.014423043,0.0,0.0,1
92468236,-0.46618357,1.0471976,0.11682778,0.014423043,0.0,0.0,1
92483259,-0.47129336,1.0471976,0.11716289,0.014423043,0.0,0.0,1
92507619,-0.4723299,1.0471976,0.11793959,0.014423043,0.0,0.0,1
92527296,-0.47489798,1.0471976,0.120583944,0.014423043,0.0,0.0,1
92546994,-0.47787526,1.0471976,0.123641886,0.014423043,0.0,0.0,1
92566729,-0.4758722,1.0471976,0.12622607,0.014423043,0.0,0.0,1
92586425,-0.48395357,1.0471976,0.1298192,0.014423043,0.0,0.0,1
92606120,-0.4824365,1.0471976,0.13321674,0.014423043,0.0,0.0,1
92625817,-0.485631,1.0471976,0.13648732,0.014423043,0.0,0.0,1
92645515,-0.48985198,1.0471976,0.14077212,0.014423043,0.0,0.0,1
92665249,-0.49414706,1.0471976,0.14533071,0.014423043,0.0,0.0,1
92690447,-0.49817753,1.0471976,0.14969419,0.014423043,0.0,0.0,1
92704697,-0.5050986,1.0471976,0.15202872,0.014423043,0.0,0.0,1
92724353,-0.507999,1.0471976,0.15508105,0.014423043,0.0,0.0,1
92749241,-0.50654846,1.0471976,0.15858401,0.014423043,0.0,0.0,1
92763809,-0.5086963,1.0471976,0.16082533,0.014423043,0.0,0.0,1
92783432,-0.51658267,1.0471976,0.16413197,0.014423043,0.0,0.0,1
92808285,-0.5204597,1.0471976,0.16802637,0.014423043,0.0,0.0,1
92828008,-0.51862216,1.0471976,0.1714434,0.014423043,0.0,0.0,1
92847759,-0.5213417,1.0471976,0.17408317,0.014423043,0.0,0.0,1
92867474,-0.52407557,1.0471976,0.17695162,0.014423043,0.0,0.0,1
92887188,-0.5269252,1.0471976,0.18020317,0.014423043,0.0,0.0,1
92906894,-0.53439075,1.0471976,0.183043,0.014423043,0.0,0.0,1
92926586,-0.5316231,1.0471976,0.18510877,0.014423043,0.0,0.0,1
92946280,-0.53762996,1.0471976,0.18635409,0.014423043,0.0,0.0,1
92966222,-0.5389482,1.0471976,0.18756844,0.014423043,0.0,0.0,1
92985703,-0.5345391,1.0471976,0.18752773,0.014423043,0.0,0.0,1
93005345,-0.5389728,1.0471976,0.1873217,0.014423043,0.0,0.0,1
93025048,-0.53971446,1.0471976,0.18773977,0.014423043,0.0,0.0,1
93044793,-0.54115015,1.0471976,0.1889468,0.014423043,0.0,0.0,1
93064486,-0.53814495,1.0471976,0.19049668,0.014423043,0.0,0.0,1
93089120,-0.5415379,1.0471976,0.193746,0.014423043,0.0,0.0,1
93108560,-0.5446323,1.0471976,0.19681178,0.014423043,0.0,0.0,1
93123576,-0.5474609,1.0471976,0.19961077,0.014423043,0.0,0.0,1
93147936,-0.5532753,1.0471976,0.20469025,0.014423043,0.0,0.0,1
93167633,-0.5599012,1.0471976,0.21196167,0.014423043,0.0,0.0,1
93182699,-0.5659702,1.0471976,0.21810758,0.014423043,0.0,0.0,1
93207041,-0.5758612,1.0471976,0.22797911,0.014423043,0.0,0.0,1
93226770,-0.5839635,1.0471976,0.23634408,0.014423043,0.0,0.0,1
93246459,-0.59271336,1.0471976,0.24498239,0.014423043,0.0,0.0,1
93266202,-0.60173327,1.0471976,0.25434017,0.014423043,0.0,0.0,1
93285905,-0.61266154,1.0471976,0.25623322,0.014423043,0.0,0.0,1
93305550,-0.6267024,1.0471976,0.24906544,0.014423043,0.0,0.0,1
93325285,-0.6393452,1.0471976,0.24237683,0.014423043,0.0,0.0,1
93344995,-0.65144014,1.0471976,0.23553939,0.014423043,0.0,0.0,1
93364694,-0.66226935,1.0471976,0.22861889,0.014423043,0.0,0.0,1
93389631,-0.67270595,1.0471976,0.2201485,0.014423043,0.0,0.0,1
93404134,-0.67814,1.0471976,0.21477683,0.014423043,0.0,0.0,1
93428965,-0.6871954,1.0471976,0.21199036,0.014423043,0.0,0.0,1
93448711,-0.6841865,1.0471976,0.19991645,0.014423043,0.0,0.0,1
93463233,-0.6859011,1.0471976,0.1955957,0.014423043,0.0,0.0,1
93488352,-0.68431306,1.0471976,0.18861887,0.014423043,0.0,0.0,1
93508148,-0.68274987,1.0471976,0.18444449,0.014423043,0.0,0.0,1
93527467,-0.68156636,1.0471976,0.17994012,0.014423043,0.0,0.0,1
93547174,-0.6802404,1.0471976,0.17624603,0.014423043,0.0,0.0,1
93567103,-0.6801167,1.0471976,0.17211783,0.014423043,0.0,0.0,1
93586630,-0.6814179,1.0471976,0.16906625,0.014423043,0.0,0.0,1
93606305,-0.68226343,1.0471976,0.16645418,0.014423043,0.0,0.0,1
93626001,-0.68291855,1.0471976,0.16455871,0.014423043,0.0,0.0,1
93645699,-0.68403566,1.0471976,0.16274291,0.014423043,0.0,0.0,1
93670071,-0.6865681,1.0471976,0.16007957,0.014423043,0.0,0.0,1
93685147,-0.6901406,1.0471976,0.15733412,0.014423043,0.0,0.0,1
93704843,-0.6964106,1.0471976,0.15288036,0.014423043,0.0,0.0,1
93729165,-0.7043578,1.0471976,0.14742576,0.014423043,0.0,0.0,1
93744272,-0.7127147,1.0471976,0.14932285,0.014423043,0.0,0.0,1
93763908,-0.7176957,1.0471976,0.13850765,0.014423043,0.0,0.0,1
93788294,-0.7285947,1.0471976,0.13127963,0.014423043,0.0,0.0,1
93807982,-0.74141955,1.0471976,0.13030192,0.014423043,0.0,0.0,1
93827688,-0.7501881,1.0471976,0.11716274,0.014423043,0.0,0.0,1
93847415,-0.76951677,1.0471976,0.11338751,0.014423043,0.0,0.0,1
93867400,-0.78288096,1.0471976,0.102679566,0.014423043,0.0,0.0,1
93887133,-0.7979591,1.0471976,0.09248935,0.014423043,0.0,0.0,1
93906540,-0.8119178,1.0471976,0.07549857,0.014423043,0.0,0.0,1
93926242,-0.8333126,1.0471976,0.06914668,0.014423043,0.0,0.0,1
93945916,-0.84883726,1.0471976,0.050319795,0.014423043,0.0,0.0,1
93965599,-0.8655588,1.0471976,0.039089613,0.014423043,0.0,0.0,1
93985300,-0.8805164,1.0471976,0.02990613,0.014423043,0.0,0.0,1
94005006,-0.8953919,1.0471976,0.01890971,0.014423043,0.0,0.0,1
94024722,-0.9140391,1.0471976,0.015250645,0.014423043,0.0,0.0,1
94044416,-0.9195692,1.0471976,0.00055302447,0.014423043,0.0,0.0,1
94069392,-0.93588823,1.0471976,-0.010624569,0.014423043,0.0,0.0,1
94089333,-0.95138544,1.0471976,-0.014496852,0.014423043,0.0,0.0,1
94103542,-0.9567734,1.0471976,-0.020199168,0.014423043,0.0,0.0,1
94128424,-0.9667588,1.0471976,-0.027244017,0.014423043,0.0,0.0,1
94148153,-0.97051924,1.0471976,-0.035209745,0.014423043,0.0,0.0,1
94162635,-0.9754137,1.0471976,-0.03709953,0.014423043,0.0,0.0,1
94187498,-0.9829145,1.0471976,-0.038473323,0.014423043,0.0,0.0,1
94207409,-0.98802525,1.0471976,-0.038100217,0.014423043,0.0,0.0,1
94226937,-0.99243665,1.0471976,-0.03658273,0.014423043,0.0,0.0,1
94246636,-0.99574566,1.0471976,-0.03392729,0.014423043,0.0,0.0,1
94266638,-1.0035342,1.0471976,-0.026292257,0.014423043,0.0,0.0,1
94286386,-1.0054792,1.0471976,-0.0231509,0.014423043,0.0,0.0,1
94306085,-1.0071136,1.0471976,-0.024400327,0.014423043,0.0,0.0,1
94325439,-1.0124791,1.0471976,-0.021097185,0.014423043,0.0,0.0,1
94345141,-1.0187718,1.0471976,-0.017832274,0.014423043,0.0,0.0,1
94369496,-1.0295622,1.0471976,-0.008908973,0.014423043,0.0,0.0,1
94384545,-1.0306065,1.0471976,-0.010637777,0.014423043,0.0,0.0,1
94404243,-1.0356508,1.0471976,-0.0072154775,0.014423043,0.0,0.0,1
94428619,-1.0413258,1.0471976,-0.004833701,0.014423043,0.0,0.0,1
94443653,-1.0450014,1.0471976,-0.003892336,0.014423043,0.0,0.0,1
94468057,-1.0563785,1.0471976,0.002191175,0.014423043,0.0,0.0,1
94487761,-1.0594125,1.0471976,0.00081269536,0.014423043,0.0,0.0,1
94507428,-1.0628178,1.0471976,-0.0007436336,0.014423043,0.0,0.0,1
94527131,-1.0630342,1.0471976,-0.009352878,0.014423043,0.0,0.0,1
94546831,-1.0667679,1.0471976,-0.010809198,0.014423043,0.0,0.0,1
94566541,-1.0701082,1.0471976,-0.01284695,0.014423043,0.0,0.0,1
94586299,-1.0733783,1.0471976,-0.014463125,0.014423043,0.0,0.0,1
94605980,-1.0761554,1.0471976,-0.015431462,0.014423043,0.0,0.0,1
94625698,-1.0828888,1.0471976,-0.012298048,0.014423043,0.0,0.0,1
94645371,-1.0782512,1.0471976,-0.016032357,0.014423043,0.0,0.0,1
94665363,-1.0816242,1.0471976,-0.01660426,0.014423043,0.0,0.0,1
94685040,-1.0836898,1.0471976,-0.017748268,0.014423043,0.0,0.0,1
94709688,-1.086019,1.0471976,-0.02080443,0.014423043,0.0,0.0,1
94724175,-1.0870961,1.0471976,-0.021254133,0.014423043,0.0,0.0,1
94743857,-1.0885755,1.0471976,-0.024683747,0.014423043,0.0,0.0,1
94768957,-1.0911047,1.0471976,-0.027167313,0.014423043,0.0,0.0,1
94788456,-1.0931203,1.0471976,-0.029922318,0.014423043,0.0,0.0,1
94802973,-1.0943762,1.0471976,-0.031747673,0.014423043,0.0,0.0,1
94827878,-1.0959532,1.0471976,-0.035187263,0.014423043,0.0,0.0,1
94847510,-1.0970602,1.0471976,-0.03655107,0.014423043,0.0,0.0,1
94867341,-1.1028904,1.0471976,-0.03098825,0.014423043,0.0,0.0,1
94887055,-1.1025579,1.0471976,-0.0317278,0.014423043,0.0,0.0,1
94906732,-1.1008279,1.0471976,-0.037558928,0.014423043,0.0,0.0,1
94926415,-1.1023101,1.0471976,-0.037634574,0.014423043,0.0,0.0,1
94946126,-1.1039104,1.0471976,-0.037662793,0.014423043,0.0,0.0,1
94965994,-1.109583,1.0471976,-0.03360215,0.014423043,0.0,0.0,1
94985517,-1.1092966,1.0471976,-0.03942003,0.014423043,0.0,0.0,1
95005213,-1.1109837,1.0471976,-0.038731314,0.014423043,0.0,0.0,1
95024894,-1.1117088,1.0471976,-0.03724463,0.014423043,0.0,0.0,1
95044591,-1.1109527,1.0471976,-0.03484895,0.014423043,0.0,0.0,1
95069067,-1.1082824,1.0471976,-0.03095007,0.014423043,0.0,0.0,1
95084339,-1.1053694,1.0471976,-0.027899899,0.014423043,0.0,0.0,1
95108359,-1.0984601,1.0471976,-0.020891316,0.014423043,0.0,0.0,1
95128133,-1.094505,1.0471976,-0.0101874955,0.014423043,0.0,0.0,1
95143133,-1.0875082,1.0471976,-0.0056869127,0.014423043,0.0,0.0,1
95167494,-1.0744396,1.0471976,0.0021386375,0.014423043,0.0,0.0,1
95187205,-1.0625635,1.0471976,0.0077747973,0.014423043,0.0,0.0,1
95206944,-1.0490603,1.0471976,0.016147003,0.014423043,0.0,0.0,1
95226600,-1.0354431,1.0471976,0.023450127,0.014423043,0.0,0.0,1
95246345,-1.0213397,1.0471976,0.030771686,0.014423043,0.0,0.0,1
95266056,-1.0056753,1.0471976,0.03859488,0.014423043,0.0,0.0,1
95285767,-0.9894769,1.0471976,0.04640436,0.014423043,0.0,0.0,1
95305421,-0.973165,1.0471976,0.05381245,0.014423043,0.0,0.0,1
95325097,-0.9567249,1.0471976,0.060859308,0.014423043,0.0,0.0,1
95349995,-0.93655443,1.0471976,0.068295546,0.014423043,0.0,0.0,1
95364495,-0.9221484,1.0471976,0.06794319,0.014423043,0.0,0.0,1
95384199,-0.91203296,1.0471976,0.078420505,0.014423043,0.0,0.0,1
95409106,-0.8966149,1.0471976,0.083808504,0.014423043,0.0,0.0,1
95423606,-0.8875507,1.0471976,0.086296484,0.014423043,0.0,0.0,1
95443321,-0.87155217,1.0471976,0.08580385,0.014423043,0.0,0.0,1
95468493,-0.8611969,1.0471976,0.09099915,0.014423043,0.0,0.0,1
95487996,-0.85342413,1.0471976,0.094677135,0.014423043,0.0,0.0,1
95507643,-0.84733933,1.0471976,0.09785734,0.014423043,0.0,0.0,1
95527303,-0.8417223,1.0471976,0.101096965,0.014423043,0.0,0.0,1
95547028,-0.8403902,1.0471976,0.10948304,0.014423043,0.0,0.0,1
95566717,-0.837214,1.0471976,0.11100994,0.014423043,0.0,0.0,1
95586461,-0.835009,1.0471976,0.112894624,0.014423043,0.0,0.0,1
95606141,-0.83411217,1.0471976,0.11469898,0.014423043,0.0,0.0,1
95625831,-0.83122003,1.0471976,0.10934684,0.014423043,0.0,0.0,1
95645530,-0.8319966,1.0471976,0.10906299,0.014423043,0.0,0.0,1
95665253,-0.838125,1.0471976,0.11377557,0.014423043,0.0,0.0,1
95689595,-0.83899385,1.0471976,0.11163746,0.014423043,0.0,0.0,1
95704679,-0.8408122,1.0471976,0.10998995,0.014423043,0.0,0.0,1
95724367,-0.8431711,1.0471976,0.107626215,0.014423043,0.0,0.0,1
95748701,-0.8470956,1.0471976,0.10391169,0.014423043,0.0,0.0,1
95768432,-0.85173714,1.0471976,0.09991534,0.014423043,0.0,0.0,1
95783484,-0.852504,1.0471976,0.090245426,0.014423043,0.0,0.0,1
95807842,-0.86228013,1.0471976,0.09095216,0.014423043,0.0,0.0,1
95827534,-0.8679308,1.0471976,0.08647721,0.014423043,0.0,0.0,1
95842649,-0.8719225,1.0471976,0.083480954,0.014423043,0.0,0.0,1
95867001,-0.87891734,1.0471976,0.078772694,0.014423043,0.0,0.0,1
95886624,-0.8851755,1.0471976,0.075033545,0.014423043,0.0,0.0,1
95906340,-0.89145005,1.0471976,0.0715977,0.014423043,0.0,0.0,1
95926029,-0.8974774,1.0471976,0.06857834,0.014423043,0.0,0.0,1
95945746,-0.90351355,1.0471976,0.0656428,0.014423043,0.0,0.0,1
95965440,-0.9062141,1.0471976,0.057406485,0.014423043,0.0,0.0,1
95985140,-0.9153437,1.0471976,0.06022745,0.014423043,0.0,0.0,1
96004836,-0.91913396,1.0471976,0.051376693,0.014423043,0.0,0.0,1
96024539,-0.92882335,1.0471976,0.053862378,0.014423043,0.0,0.0,1
96049418,-0.93863004,1.0471976,0.04901053,0.014423043,0.0,0.0,1
96063973,-0.9448765,1.0471976,0.045805406,0.014423043,0.0,0.0,1
96088854,-0.9553401,1.0471976,0.040482268,0.014423043,0.0,0.0,1
96108549,-0.9637547,1.0471976,0.03617046,0.014423043,0.0,0.0,1
96123068,-0.96932,1.0471976,0.033329397,0.014423043,0.0,0.0,1
96147933,-0.97698224,1.0471976,0.029618738,0.014423043,0.0,0.0,1
96167635,-0.98186845,1.0471976,0.026444145,0.014423043,0.0,0.0,1
96187351,-0.985238,1.0471976,0.025903553,0.014423043,0.0,0.0,1
96207020,-0.98747164,1.0471976,0.024133433,0.014423043,0.0,0.0,1
96226770,-0.98918515,1.0471976,0.024386298,0.014423043,0.0,0.0,1
96246498,-0.9903502,1.0471976,0.023818577,0.014423043,0.0,0.0,1
96266320,-0.99039906,1.0471976,0.024016079,0.014423043,0.0,0.0,1
96286013,-0.99004215,1.0471976,0.024610536,0.014423043,0.0,0.0,1
96305673,-0.9902134,1.0471976,0.024949279,0.014423043,0.0,0.0,1
96329918,-0.99153805,1.0471976,0.025035933,0.014423043,0.0,0.0,1
96345015,-0.9927215,1.0471976,0.02514441,0.014423043,0.0,0.0,1
96364706,-0.9941412,1.0471976,0.024778726,0.014423043,0.0,0.0,1
96389060,-0.9958581,1.0471976,0.02668416,0.014423043,0.0,0.0,1
96404114,-0.99727803,1.0471976,0.026063245,0.014423043,0.0,0.0,1
96423841,-0.9997851,1.0471976,0.02591002,0.014423043,0.0,0.0,1
96448197,-1.0037017,1.0471976,0.024845853,0.014423043,0.0,0.0,1
96467912,-1.0064337,1.0471976,0.022620788,0.014423043,0.0,0.0,1
96487596,-1.0049559,1.0471976,0.014932584,0.014423043,0.0,0.0,1
96507291,-1.010279,1.0471976,0.011917099,0.014423043,0.0,0.0,1
96526959,-1.0125939,1.0471976,0.008945668,0.014423043,0.0,0.0,1
96546666,-1.0150307,1.0471976,0.0052484847,0.014423043,0.0,0.0,1
96566378,-1.016783,1.0471976,0.0011194437,0.014423043,0.0,0.0,1
96586071,-1.0170897,1.0471976,-0.0034932261,0.014423043,0.0,0.0,1
96605829,-1.017831,1.0471976,-0.0027143625,0.014423043,0.0,0.0,1
96625470,-1.0126096,1.0471976,-0.007462265,0.014423043,0.0,0.0,1
96645173,-1.0065885,1.0471976,-0.013523949,0.014423043,0.0,0.0,1
96664969,-0.99569577,1.0471976,-0.018116629,0.014423043,0.0,0.0,1
96684588,-0.9816338,1.0471976,-0.021475064,0.014423043,0.0,0.0,1
96704297,-0.9673756,1.0471976,-0.024339829,0.014423043,0.0,0.0,1
96729190,-0.9470259,1.0471976,-0.024533179,0.014423043,0.0,0.0,1
96748869,-0.92927086,1.0471976,-0.021169549,0.014423043,0.0,0.0,1
96763397,-0.9178931,1.0471976,-0.01792162,0.014423043,0.0,0.0,1
96788306,-0.90094143,1.0471976,-0.010053961,0.014423043,0.0,0.0,1
96807999,-0.8888863,1.0471976,-0.008889421,0.014423043,0.0,0.0,1
96822499,-0.88430315,1.0471976,-0.004088342,0.014423043,0.0,0.0,1
96847461,-0.8820622,1.0471976,0.009539686,0.014423043,0.0,0.0,1
96867352,-0.8800196,1.0471976,0.016313884,0.014423043,0.0,0.0,1
96886936,-0.87837386,1.0471976,0.02377489,0.014423043,0.0,0.0,1
96906635,-0.8717726,1.0471976,0.026684782,0.014423043,0.0,0.0,1
96926261,-0.8698454,1.0471976,0.036567025,0.014423043,0.0,0.0,1
96945979,-0.86093974,1.0471976,0.049662903,0.014423043,0.0,0.0,1
96965689,-0.849209,1.0471976,0.06489737,0.014423043,0.0,0.0,1
96985388,-0.83618337,1.0471976,0.08114559,0.014423043,0.0,0.0,1
97005075,-0.82382417,1.0471976,0.10496147,0.014423043,0.0,0.0,1
97024774,-0.80880713,1.0471976,0.12411352,0.014423043,0.0,0.0,1
97044492,-0.79382527,1.0471976,0.14487731,0.014423043,0.0,0.0,1
97064209,-0.7770678,1.0471976,0.16806045,0.014423043,0.0,0.0,1
97088490,-0.75205785,1.0471976,0.1935061,0.014423043,0.0,0.0,1
97103537,-0.73891354,1.0471976,0.21304062,0.014423043,0.0,0.0,1
97127904,-0.7177785,1.0471976,0.2457546,0.014423043,0.0,0.0,1
97147616,-0.7006987,1.0471976,0.2715288,0.014423043,0.0,0.0,1
97167309,-0.68374145,1.0471976,0.29638013,0.014423043,0.0,0.0,1
97187008,-0.6652859,1.0471976,0.32057536,0.014423043,0.0,0.0,1
97206714,-0.64759016,0.9860685,0.31280673,0.014423043,0.0,0.0,1
97226429,-0.63758695,0.92298,0.29599783,0.014423043,0.0,0.0,1
97246173,-0.62276113,0.8675603,0.2791174,0.014423043,0.0,0.0,1
97265883,-0.6055319,0.8234559,0.26470926,0.014423043,0.0,0.0,1
97285527,-0.60056245,0.79374564,0.253707,0.014423043,0.0,0.0,1
97310430,-0.5834392,0.77755857,0.23544323,0.014423043,0.0,0.0,1
97324924,-0.5741047,0.77790207,0.22567679,0.014423043,0.0,0.0,1
97344629,-0.5638847,0.7879712,0.2152418,0.014423043,0.0,0.0,1
97369747,-0.5414926,0.8044797,0.19228946,0.014423043,0.0,0.0,1
97384035,-0.52390987,0.81354374,0.17891228,0.014423043,0.0,0.0,1
97403741,-0.514104,0.8227121,0.1637426,0.014423043,0.0,0.0,1
97428646,-0.49697393,0.82854146,0.15062712,0.014423043,0.0,0.0,1
97448666,-0.49470866,0.8271873,0.14807303,0.014423043,0.0,0.0,1
97462931,-0.495992,0.8217316,0.14929947,0.014423043,0.0,0.0,1
97488075,-0.50507295,0.8046752,0.15853629,0.014423043,0.0,0.0,1
97507451,-0.51596165,0.7844483,0.16964786,0.014423043,0.0,0.0,1
97527180,-0.53013784,0.76190525,0.1840695,0.014423043,0.0,0.0,1
97546920,-0.5477071,0.7400639,0.20195882,0.014423043,0.0,0.0,1
97566607,-0.56955934,0.72147447,0.21931775,0.014423043,0.0,0.0,1
97586310,-0.58707756,0.70715225,0.23706496,0.014423043,0.0,0.0,1
97606003,-0.5991417,0.6977049,0.25410253,0.014423043,0.0,0.0,1
97625694,-0.6098789,0.6920418,0.26494628,0.014423043,0.0,0.0,1
97645427,-0.6141452,0.68870133,0.26919645,0.014423043,0.0,0.0,1
97665120,-0.61874956,0.6865365,0.26897684,0.014423043,0.0,0.0,1
97684839,-0.6080679,0.6850925,0.26280838,0.014423043,0.0,0.0,1
97709141,-0.6000144,0.68475324,0.2545424,0.014423043,0.0,0.0,1
97728837,-0.6001501,0.6858426,0.24985811,0.014423043,0.0,0.0,1
97743864,-0.5950158,0.68614197,0.2445878,0.014423043,0.0,0.0,1
97768239,-0.5859864,0.6843095,0.2352419,0.014423043,0.0,0.0,1
97787944,-0.57908136,0.68066275,0.22801444,0.014423043,0.0,0.0,1
97802986,-0.56739753,0.6760938,0.22071053,0.014423043,0.0,0.0,1
97827354,-0.5640117,0.6670548,0.21209103,0.014423043,0.0,0.0,1
97847354,-0.5552661,0.65864486,0.20771289,0.014423043,0.0,0.0,1
97867043,-0.5514127,0.6490998,0.20346998,0.014423043,0.0,0.0,1
97886464,-0.54837626,0.6390642,0.200064,0.014423043,0.0,0.0,1
97906182,-0.54535884,0.628574,0.19665477,0.014423043,0.0,0.0,1
97925874,-0.5419284,0.6179524,0.19283178,0.014423043,0.0,0.0,1
97945565,-0.5432543,0.60724294,0.18903004,0.014423043,0.0,0.0,1
97965264,-0.5340613,0.59531057,0.18411721,0.014423043,0.0,0.0,1
97984970,-0.530647,0.5818404,0.18026981,0.014423043,0.0,0.0,1
98004674,-0.52898216,0.5664265,0.17814766,0.014423043,0.0,0.0,1
98024370,-0.5281917,0.5487428,0.17685066,0.014423043,0.0,0.0,1
98044133,-0.5338598,0.52927923,0.17724696,0.014423043,0.0,0.0,1
98069038,-0.5352018,0.5026225,0.17778187,0.014423043,0.0,0.0,1
98083487,-0.53587323,0.4861465,0.1779466,0.014423043,0.0,0.0,1
98108439,-0.5364511,0.45888904,0.17764331,0.014423043,0.0,0.0,1
98128107,-0.53088146,0.4380146,0.17610127,0.014423043,0.0,0.0,1
98147802,-0.5293094,0.4187874,0.17392278,0.014423043,0.0,0.0,1
98167503,-0.5319659,0.4011046,0.17127006,0.014423043,0.0,0.0,1
98187229,-0.52741265,0.3849005,0.16615419,0.014423043,0.0,0.0,1
98207109,-0.51535666,0.37002334,0.15843002,0.014423043,0.0,0.0,1
98226699,-0.5135504,0.35700318,0.15169917,0.014423043,0.0,0.0,1
98246571,-0.5035912,0.3464968,0.14629655,0.014423043,0.0,0.0,1
98266302,-0.4976846,0.33883557,0.14019874,0.014423043,0.0,0.0,1
98286071,-0.4862395,0.33329457,0.12869558,0.014423043,0.0,0.0,1
98305390,-0.468716,0.32939264,0.11122735,0.014423043,0.0,0.0,1
98325109,-0.44702682,0.32684207,0.08989093,0.014423043,0.0,0.0,1
98349500,-0.42572764,0.32630256,0.064510904,0.014423043,0.0,0.0,1
98364507,-0.41110328,0.326922,0.050170816,0.014423043,0.0,0.0,1
98384217,-0.38978973,0.32762405,0.029236978,0.014423043,0.0,0.0,1
98408586,-0.3616627,0.3257469,0.006463049,0.014423043,0.0,0.0,1
98428284,-0.34520677,0.32047862,-0.009623037,0.014423043,0.0,0.0,1
98443357,-0.33862427,0.31393045,-0.020620344,0.014423043,0.0,0.0,1
98467726,-0.32501954,0.29781944,-0.03358293,0.014423043,0.0,0.0,1
98487399,-0.31693625,0.2798682,-0.041255858,0.014423043,0.0,0.0,1
98507110,-0.30947432,0.2590519,-0.04823347,0.014423043,0.0,0.0,1
98526802,-0.303766,0.23737894,-0.053429827,0.014423043,0.0,0.0,1
98546519,-0.2969255,0.21680343,-0.059809864,0.014423043,0.0,0.0,1
98566222,-0.28380254,0.19903527,-0.06763455,0.014423043,0.0,0.0,1
98585931,-0.2788546,0.18520908,-0.07670343,0.014423043,0.0,0.0,1
98605629,-0.26703164,0.17564283,-0.08783154,0.014423043,0.0,0.0,1
98625313,-0.25013214,0.16980882,-0.0992248,0.014423043,0.0,0.0,1
98645325,-0.24106948,0.16743949,-0.1123337,0.014423043,0.0,0.0,1
98665048,-0.22551882,0.16825798,-0.12710032,0.014423043,0.0,0.0,1
98684451,-0.20935386,0.17187032,-0.14246723,0.014423043,0.0,0.0,1
98704121,-0.19326566,0.17730759,-0.15776576,0.014423043,0.0,0.0,1
98723830,-0.17956664,0.18422115,-0.17080548,0.014423043,0.0,0.0,1
98748783,-0.16022894,0.19466738,-0.1849186,0.014423043,0.0,0.0,1
98768626,-0.15487857,0.20389171,-0.19470596,0.014423043,0.0,0.0,1
98782959,-0.14931455,0.21050175,-0.20013414,0.014423043,0.0,0.0,1
98807906,-0.14216265,0.21949801,-0.20721892,0.014423043,0.0,0.0,1
98827540,-0.1380291,0.22382939,-0.21122868,0.014423043,0.0,0.0,1
98847283,-0.13490549,0.22534323,-0.21422093,0.014423043,0.0,0.0,1
98867265,-0.13188481,0.22374217,-0.21696515,0.014423043,0.0,0.0,1
98886706,-0.1306915,0.21928988,-0.21774593,0.014423043,0.0,0.0,1
98906396,-0.12717688,0.21288927,-0.21620917,0.014423043,0.0,0.0,1
98926057,-0.12978041,0.20594859,-0.2133427,0.014423043,0.0,0.0,1
98945726,-0.13975939,0.19926023,-0.20798773,0.014423043,0.0,0.0,1
98965466,-0.1415315,0.19399561,-0.20160164,0.014423043,0.0,0.0,1
98989820,-0.15141264,0.18985592,-0.19201334,0.014423043,0.0,0.0,1
99004862,-0.16369995,0.18814267,-0.18477672,0.014423043,0.0,0.0,1
99024562,-0.17435554,0.18633011,-0.17463931,0.014423043,0.0,0.0,1
99049011,-0.18429825,0.1839816,-0.16065648,0.014423043,0.0,0.0,1
99064227,-0.19841455,0.18208674,-0.15170868,0.014423043,0.0,0.0,1
99083938,-0.21063346,0.17893393,-0.14010903,0.014423043,0.0,0.0,1
99108046,-0.22071436,0.17469151,-0.12597948,0.014423043,0.0,0.0,1
99127733,-0.23765078,0.1716688,-0.1143786,0.014423043,0.0,0.0,1
99147439,-0.24998166,0.16977878,-0.10266006,0.014423043,0.0,0.0,1
99167185,-0.26201916,0.16884229,-0.09130994,0.014423043,0.0,0.0,1
99186854,-0.27361438,0.16881253,-0.08035561,0.014423043,0.0,0.0,1
99206545,-0.2805086,0.17004927,-0.06936392,0.014423043,0.0,0.0,1
99226282,-0.29222965,0.17244036,-0.058297142,0.014423043,0.0,0.0,1
99245988,-0.30820948,0.17590459,-0.047732037,0.014423043,0.0,0.0,1
99265694,-0.3127922,0.1808965,-0.039051495,0.014423043,0.0,0.0,1
99285369,-0.32020995,0.18734384,-0.0321182,0.014423043,0.0,0.0,1
99305060,-0.33206365,0.19455767,-0.025408007,0.014423043,0.0,0.0,1
99329984,-0.3343104,0.20378207,-0.018903477,0.014423043,0.0,0.0,1
99344502,-0.3377769,0.20883735,-0.015618777,0.014423043,0.0,0.0,1
99364199,-0.34215873,0.21431623,-0.011457335,0.014423043,0.0,0.0,1
99389103,-0.3469649,0.21946664,-0.0068791695,0.014423043,0.0,0.0,1
99408770,-0.35183567,0.22226433,-0.0021587466,0.014423043,0.0,0.0,1
99423300,-0.35589048,0.22344178,0.0017234781,0.014423043,0.0,0.0,1
99448271,-0.3617594,0.22281018,0.0073122308,0.014423043,0.0,0.0,1
99468159,-0.3714403,0.2199745,0.012103263,0.014423043,0.0,0.0,1
99482385,-0.37104186,0.21688029,0.01628106,0.014423043,0.0,0.0,1
99507272,-0.37956947,0.21113786,0.024484549,0.014423043,0.0,0.0,1
99526981,-0.38689524,0.20721868,0.03147246,0.014423043,0.0,0.0,1
99546717,-0.3929754,0.20453316,0.03719487,0.014423043,0.0,0.0,1
99566401,-0.39703944,0.2035961,0.040939845,0.014423043,0.0,0.0,1
99586111,-0.39801714,0.20461005,0.041754358,0.014423043,0.0,0.0,1
99605802,-0.40185136,0.20754868,0.040867858,0.014423043,0.0,0.0,1
99625483,-0.39501667,0.21233188,0.03882018,0.014423043,0.0,0.0,1
99645222,-0.39053506,0.21836704,0.03447101,0.014423043,0.0,0.0,1
99664962,-0.38934928,0.22480516,0.028786877,0.014423043,0.0,0.0,1
99689263,-0.37542388,0.2334493,0.019927505,0.014423043,0.0,0.0,1
99704304,-0.3694123,0.23860267,0.01415139,0.014423043,0.0,0.0,1
99728690,-0.36585206,0.24651752,0.0062777316,0.014423043,0.0,0.0,1
99748383,-0.36045817,0.25200808,0.0010884451,0.014423043,0.0,0.0,1
99763412,-0.35643086,0.25551754,-0.0027986802,0.014423043,0.0,0.0,1
99787780,-0.3441205,0.2596747,-0.010188006,0.014423043,0.0,0.0,1
99807485,-0.33736554,0.26202372,-0.01671331,0.014423043,0.0,0.0,1
99827188,-0.3315925,0.26321658,-0.02227988,0.014423043,0.0,0.0,1
99846983,-0.33068186,0.26341063,-0.02775317,0.014423043,0.0,0.0,1
99866616,-0.3207593,0.2633386,-0.03272057,0.014423043,0.0,0.0,1
99886323,-0.32186353,0.26329586,-0.03616395,0.014423043,0.0,0.0,1
99905996,-0.3192389,0.26379448,-0.038673606,0.014423043,0.0,0.0,1
99925709,-0.3116884,0.2651735,-0.04143576,0.014423043,0.0,0.0,1
99945399,-0.3085541,0.26717153,-0.04449853,0.014423043,0.0,0.0,1
99965116,-0.30619943,0.27008992,-0.046743453,0.014423043,0.0,0.0,1
99984831,-0.3100976,0.2740041,-0.04753955,0.014423043,0.0,0.0,1
100004550,-0.30531573,0.27865037,-0.04761876,0.014423043,0.0,0.0,1
100029466,-0.3095618,0.28522554,-0.048205208,0.014423043,0.0,0.0,1
100043969,-0.3089638,0.28944716,-0.048828017,0.014423043,0.0,0.0,1
100063685,-0.30851474,0.2956155,-0.049326986,0.014423043,0.0,0.0,1
100088492,-0.30333787,0.30417797,-0.04986717,0.014423043,0.0,0.0,1
100108202,-0.30652395,0.31149557,-0.0515084,0.014423043,0.0,0.0,1
100127937,-0.30400932,0.31906408,-0.054082427,0.014423043,0.0,0.0,1
100147592,-0.29632586,0.32711503,-0.057079088,0.014423043,0.0,0.0,1
100167325,-0.29345354,0.33552277,-0.05998659,0.014423043,0.0,0.0,1
100187067,-0.2957483,0.34424886,-0.06248799,0.014423043,0.0,0.0,1
100206910,-0.29284477,0.35285652,-0.06547789,0.014423043,0.0,0.0,1
100226469,-0.28517833,0.36132553,-0.06847913,0.014423043,0.0,0.0,1
100246309,-0.28793442,0.3693999,-0.07050481,0.014423043,0.0,0.0,1
100266135,-0.28179377,0.37667567,-0.07200472,0.014423043,0.0,0.0,1
100285583,-0.28556356,0.38329136,-0.07302909,0.014423043,0.0,0.0,1
100305262,-0.28048247,0.389166,-0.07344401,0.014423043,0.0,0.0,1
100324943,-0.28595072,0.3947208,-0.07274351,0.014423043,0.0,0.0,1
100344650,-0.28904203,0.40004256,-0.069688804,0.014423043,0.0,0.0,1
100369014,-0.28980413,0.40603065,-0.064292155,0.014423043,0.0,0.0,1
100388729,-0.29491425,0.41022906,-0.05923733,0.014423043,0.0,0.0,1
100403761,-0.29950526,0.41314685,-0.054676045,0.014423043,0.0,0.0,1
100428119,-0.31227,0.41694766,-0.04670028,0.014423043,0.0,0.0,1
100447857,-0.31513304,0.41905162,-0.03909917,0.014423043,0.0,0.0,1
100462941,-0.32188404,0.42000636,-0.032339312,0.014423043,0.0,0.0,1
100487225,-0.3375511,0.42113534,-0.021461863,0.014423043,0.0,0.0,1
100506933,-0.34562862,0.42231393,-0.013405284,0.014423043,0.0,0.0,1
100526680,-0.34959066,0.42412823,-0.0047065374,0.014423043,0.0,0.0,1
100546408,-0.36315998,0.42638266,0.0041238656,0.014423043,0.0,0.0,1
100566079,-0.37198734,0.42942563,0.012955656,0.014423043,0.0,0.0,1
100585779,-0.38077188,0.43319407,0.021747442,0.014423043,0.0,0.0,1
100605474,-0.3888095,0.43686432,0.02977499,0.014423043,0.0,0.0,1
100625184,-0.3956573,0.43997186,0.036626976,0.014423043,0.0,0.0,1
100644941,-0.39732212,0.44232762,0.043041267,0.014423043,0.0,0.0,1
100670012,-0.40967128,0.44443086,0.05069543,0.014423043,0.0,0.0,1
100684266,-0.40960574,0.4452503,0.055383854,0.014423043,0.0,0.0,1
100703956,-0.41592804,0.4457636,0.061717533,0.014423043,0.0,0.0,1
100728832,-0.42266464,0.44529223,0.06843993,0.014423043,0.0,0.0,1
100743371,-0.42607054,0.4445138,0.071826614,0.014423043,0.0,0.0,1
100768459,-0.4313795,0.442374,0.077106334,0.014423043,0.0,0.0,1
100787960,-0.43512008,0.4402127,0.08080495,0.014423043,0.0,0.0,1
100807708,-0.43809494,0.43802744,0.08372724,0.014423043,0.0,0.0,1
100827339,-0.44506627,0.43625054,0.085924126,0.014423043,0.0,0.0,1
100847100,-0.44671515,0.43551844,0.0875454,0.014423043,0.0,0.0,1
100866810,-0.44339693,0.43626752,0.088973925,0.014423043,0.0,0.0,1
100886527,-0.44456992,0.43855736,0.09017116,0.014423043,0.0,0.0,1
100906187,-0.44479024,0.44217026,0.09041885,0.014423043,0.0,0.0,1
100925913,-0.44893637,0.4468925,0.08989771,0.014423043,0.0,0.0,1
100945575,-0.4432287,0.4524122,0.088998444,0.014423043,0.0,0.0,1
100965287,-0.44185838,0.4588185,0.087716304,0.014423043,0.0,0.0,1
100985015,-0.44026372,0.46582723,0.08622088,0.014423043,0.0,0.0,1
101009362,-0.44288906,0.47476345,0.08422588,0.014423043,0.0,0.0,1
101024409,-0.4413042,0.48011646,0.082696594,0.014423043,0.0,0.0,1
101044181,-0.4397303,0.48723754,0.0812312,0.014423043,0.0,0.0,1
101068482,-0.4385323,0.495722,0.08013741,0.014423043,0.0,0.0,1
101088206,-0.437255,0.5022434,0.07892933,0.014423043,0.0,0.0,1
101103201,-0.43650657,0.5069396,0.07824277,0.014423043,0.0,0.0,1
101127571,-0.4360125,0.51450175,0.07784481,0.014423043,0.0,0.0,1
101147266,-0.4364845,0.52028304,0.078422494,0.014423043,0.0,0.0,1
101166979,-0.43835205,0.52586,0.080417894,0.014423043,0.0,0.0,1
101186707,-0.44142348,0.53131616,0.08362878,0.014423043,0.0,0.0,1
101206432,-0.4413764,0.53660005,0.08849983,0.014423043,0.0,0.0,1
101226120,-0.45236453,0.5415528,0.094957404,0.014423043,0.0,0.0,1
101245865,-0.4595826,0.5460258,0.102394715,0.014423043,0.0,0.0,1
101265512,-0.4679094,0.55044454,0.110966906,0.014423043,0.0,0.0,1
101285219,-0.47688746,0.5553373,0.12020595,0.014423043,0.0,0.0,1
101304899,-0.4810945,0.5615423,0.12944251,0.014423043,0.0,0.0,1
101324602,-0.49089888,0.5696723,0.13962361,0.014423043,0.0,0.0,1
101344295,-0.5050029,0.5797245,0.14939691,0.014423043,0.0,0.0,1
101369213,-0.5104322,0.59531677,0.16013235,0.014423043,0.0,0.0,1
101383708,-0.5165754,0.60645896,0.16669086,0.014423043,0.0,0.0,1
101408597,-0.530515,0.6280327,0.17664924,0.014423043,0.0,0.0,1
101428440,-0.53088355,0.6477306,0.18237518,0.014423043,0.0,0.0,1
101442895,-0.5391497,0.66396946,0.18642461,0.014423043,0.0,0.0,1
101468343,-0.54096806,0.69304043,0.19390778,0.014423043,0.0,0.0,1
101487413,-0.5514361,0.71772295,0.20044623,0.014423043,0.0,0.0,1
101507106,-0.55770063,0.7435816,0.20756063,0.014423043,0.0,0.0,1
101526816,-0.5589057,0.770516,0.21436156,0.014423043,0.0,0.0,1
101546548,-0.5645673,0.79775226,0.22086515,0.014423043,0.0,0.0,1
101566465,-0.57024336,0.8245284,0.2273577,0.014423043,0.0,0.0,1
101585959,-0.5752831,0.8501039,0.23315574,0.014423043,0.0,0.0,1
101605628,-0.5842837,0.87492365,0.23808742,0.014423043,0.0,0.0,1
101625371,-0.5883393,0.8991628,0.24276108,0.014423043,0.0,0.0,1
101649755,-0.59316516,0.92859274,0.24822055,0.014423043,0.0,0.0,1
101664732,-0.5974428,0.9461387,0.2528952,0.014423043,0.0,0.0,1
101684496,-0.60243964,0.9693368,0.25846025,0.014423043,0.0,0.0,1
101708819,-0.6067231,0.9967965,0.26323846,0.014423043,0.0,0.0,1
101723882,-0.6042739,1.0128803,0.26576158,0.014423043,0.0,0.0,1
101748233,-0.60518557,1.0387115,0.2669334,0.014423043,0.0,0.0,1
101767963,-0.6092523,1.0471976,0.26621938,0.014423043,0.0,0.0,1
101787650,-0.6084949,1.0471976,0.265348,0.014423043,0.0,0.0,1
101807351,-0.60841143,1.0471976,0.26501116,0.014423043,0.0,0.0,1
101827233,-0.6144308,1.0471976,0.27079064,0.014423043,0.0,0.0,1
101847031,-0.61998135,1.0471976,0.2813379,0.014423043,0.0,0.0,1
101866446,-0.63267523,1.0471976,0.29441747,0.014423043,0.0,0.0,1
101886134,-0.65427643,1.0471976,0.30160126,0.014423043,0.0,0.0,1
101905845,-0.67396116,1.0471976,0.28296944,0.014423043,0.0,0.0,1
101925534,-0.7022174,1.0471976,0.27590787,0.014423043,0.0,0.0,1
101945232,-0.72344744,1.0471976,0.25593662,0.014423043,0.0,0.0,1
101964944,-0.7489343,1.0471976,0.24224089,0.014423043,0.0,0.0,1
101989835,-0.7809634,1.0471976,0.23186468,0.014423043,0.0,0.0,1
102004343,-0.79470843,1.0471976,0.2225856,0.014423043,0.0,0.0,1
102024070,-0.80973136,1.0471976,0.20478626,0.014423043,0.0,0.0,1
102048952,-0.83574253,1.0471976,0.1963499,0.014423043,0.0,0.0,1
102068885,-0.8487753,1.0471976,0.18013148,0.014423043,0.0,0.0,1
102083172,-0.86065054,1.0471976,0.1731399,0.014423043,0.0,0.0,1
102108040,-0.88399214,1.0471976,0.1682421,0.014423043,0.0,0.0,1
102127729,-0.8954557,1.0471976,0.15483902,0.014423043,0.0,0.0,1
102142258,-0.91112846,1.0471976,0.15547109,0.014423043,0.0,0.0,1
102167150,-0.92721236,1.0471976,0.14746442,0.014423043,0.0,0.0,1
102186879,-0.9392822,1.0471976,0.14181039,0.014423043,0.0,0.0,1
102206616,-0.9474862,1.0471976,0.1300658,0.014423043,0.0,0.0,1
102226495,-0.9595067,1.0471976,0.1233793,0.014423043,0.0,0.0,1
102246281,-0.9710789,1.0471976,0.116211325,0.014423043,0.0,0.0,1
102266083,-0.981681,1.0471976,0.1091648,0.014423043,0.0,0.0,1
102285376,-0.9925166,1.0471976,0.1018938,0.014423043,0.0,0.0,1
102305076,-1.0047631,1.0471976,0.094384275,0.014423043,0.0,0.0,1
102324814,-1.0177726,1.0471976,0.08722252,0.014423043,0.0,0.0,1
102344476,-1.0307418,1.0471976,0.0808604,0.014423043,0.0,0.0,1
102364207,-1.044274,1.0471976,0.0748933,0.014423043,0.0,0.0,1
102388568,-1.0662613,1.0471976,0.073652156,0.014423043,0.0,0.0,1
102408254,-1.0780942,1.0471976,0.06852675,0.014423043,0.0,0.0,1
102423316,-1.0845927,1.0471976,0.058973037,0.014423043,0.0,0.0,1
102447694,-1.1065792,1.0471976,0.05802858,0.014423043,0.0,0.0,1
102467369,-1.1200348,1.0471976,0.046301834,0.014423043,0.0,0.0,1
102487072,-1.1379503,1.0471976,0.040173713,0.014423043,0.0,0.0,1
102506768,-1.1606098,1.0471976,0.03919981,0.014423043,0.0,0.0,1
102526495,-1.181727,1.0471976,0.031013854,0.014423043,0.0,0.0,1
102546229,-1.2034607,1.0471976,0.021647902,0.014423043,0.0,0.0,1
102565920,-1.2217305,1.0471976,0.011325018,0.014423043,0.0,0.0,1
102585613,-1.2217305,1.0471976,-0.0054799495,0.014423043,0.0,0.0,1
102605314,-1.2217305,1.0471976,-0.016979286,0.014423043,0.0,0.0,1
102630243,-1.2217305,1.0471976,-0.025926914,0.014423043,0.0,0.0,1
102644998,-1.2217305,1.0471976,-0.034244254,0.014423043,0.0,0.0,1
102664384,-1.2217305,1.0471976,-0.049703088,0.014423043,0.0,0.0,1
102689269,-1.2217305,1.0471976,-0.06089723,0.014423043,0.0,0.0,1
102703805,-1.2217305,1.0471976,-0.067485236,0.014423043,0.0,0.0,1
102723494,-1.2217305,1.0471976,-0.07042084,0.014423043,0.0,0.0,1
102748380,-1.2217305,1.0471976,-0.084766865,0.014423043,0.0,0.0,1
102768267,-1.2217305,1.0471976,-0.09097083,0.014423043,0.0,0.0,1
102787793,-1.2217305,1.0471976,-0.097047016,0.014423043,0.0,0.0,1
102807476,-1.2217305,1.0471976,-0.09720329,0.014423043,0.0,0.0,1
102827261,-1.2217305,1.0471976,-0.10153899,0.014423043,0.0,0.0,1
102846949,-1.2217305,1.0471976,-0.10427302,0.014423043,0.0,0.0,1
102866675,-1.2217305,1.0471976,-0.11098446,0.014423043,0.0,0.0,1
102886336,-1.2217305,1.0471976,-0.106742516,0.014423043,0.0,0.0,1
102906030,-1.2217305,1.0471976,-0.10773112,0.014423043,0.0,0.0,1
102925746,-1.2217305,1.0471976,-0.11348258,0.014423043,0.0,0.0,1
102945420,-1.2217305,1.0471976,-0.11363404,0.014423043,0.0,0.0,1
102965125,-1.2217305,1.0471976,-0.11358586,0.014423043,0.0,0.0,1
102984834,-1.2217305,1.0471976,-0.113157086,0.014423043,0.0,0.0,1
103004544,-1.2217305,1.0471976,-0.11177361,0.014423043,0.0,0.0,1
103029001,-1.2217305,1.0471976,-0.108014114,0.014423043,0.0,0.0,1
103048624,-1.2217305,1.0471976,-0.10574336,0.014423043,0.0,0.0,1
103063959,-1.2217305,1.0471976,-0.10487477,0.014423043,0.0,0.0,1
103088024,-1.2217305,1.0471976,-0.104360096,0.014423043,0.0,0.0,1
103107770,-1.2217305,1.0471976,-0.1042671,0.014423043,0.0,0.0,1
103122833,-1.2217305,1.0471976,-0.10433724,0.014423043,0.0,0.0,1
103147136,-1.2217305,1.0471976,-0.10173119,0.014423043,0.0,0.0,1
103166841,-1.2217305,1.0471976,-0.11258892,0.014423043,0.0,0.0,1
103186545,-1.2217305,1.0471976,-0.11966333,0.014423043,0.0,0.0,1
103206263,-1.2217305,1.0471976,-0.12870082,0.014423043,0.0,0.0,1
103225959,-1.2217305,1.0471976,-0.1397765,0.014423043,0.0,0.0,1
103245654,-1.2217305,1.0471976,-0.15177168,0.014423043,0.0,0.0,1
103265329,-1.2217305,1.0471976,-0.16291901,0.014423043,0.0,0.0,1
103285033,-1.2217305,1.0471976,-0.16754422,0.014423043,0.0,0.0,1
103304735,-1.2217305,1.0471976,-0.1815088,0.014423043,0.0,0.0,1
103329598,-1.2217305,1.0471976,-0.18975058,0.014423043,0.0,0.0,1
103344135,-1.2217305,1.0471976,-0.18799226,0.014423043,0.0,0.0,1
103363849,-1.2217305,1.0471976,-0.19150852,0.014423043,0.0,0.0,1
103388762,-1.2217305,1.0471976,-0.19348437,0.014423043,0.0,0.0,1
103403247,-1.2217305,1.0471976,-0.1932654,0.014423043,0.0,0.0,1
103428214,-1.2217305,1.0471976,-0.1958463,0.014423043,0.0,0.0,1
103447907,-1.2217305,1.0471976,-0.1872957,0.014423043,0.0,0.0,1
103467845,-1.2217305,1.0471976,-0.18854885,0.014423043,0.0,0.0,1
103487280,-1.2217305,1.0471976,-0.18452004,0.014423043,0.0,0.0,1
103506955,-1.2217305,1.0471976,-0.1814544,0.014423043,0.0,0.0,1
103526702,-1.2217305,1.0471976,-0.1797304,0.014423043,0.0,0.0,1
103546343,-1.2217305,1.0471976,-0.17355365,0.014423043,0.0,0.0,1
103566071,-1.2217305,1.0471976,-0.17405395,0.014423043,0.0,0.0,1
103585831,-1.2217305,1.0471976,-0.17558514,0.014423043,0.0,0.0,1
103610152,-1.2217305,1.0471976,-0.17814113,0.014423043,0.0,0.0,1
103625187,-1.2217305,1.0471976,-0.17983997,0.014423043,0.0,0.0,1
103644940,-1.2217305,1.0471976,-0.1870578,0.014423043,0.0,0.0,1
103669237,-1.2217305,1.0471976,-0.1817234,0.014423043,0.0,0.0,1
103684278,-1.2217305,1.0471976,-0.1807483,0.014423043,0.0,0.0,1
103704041,-1.2217305,1.0471976,-0.18152523,0.014423043,0.0,0.0,1
103728337,-1.2217305,1.0471976,-0.1827942,0.014423043,0.0,0.0,1
103748051,-1.2217305,1.0471976,-0.18433574,0.014423043,0.0,0.0,1
103763157,-1.2217305,1.0471976,-0.18586867,0.014423043,0.0,0.0,1
103787484,-1.2217305,1.0471976,-0.19371764,0.014423043,0.0,0.0,1
103807189,-1.2217305,1.0471976,-0.19569677,0.014423043,0.0,0.0,1
103826991,-1.2217305,1.0471976,-0.19897011,0.014423043,0.0,0.0,1
103846705,-1.2217305,1.0471976,-0.19391434,0.014423043,0.0,0.0,1
103866286,-1.2217305,1.0471976,-0.1954606,0.014423043,0.0,0.0,1
103885986,-1.2217305,1.0471976,-0.19681884,0.014423043,0.0,0.0,1
103905677,-1.2217305,1.0471976,-0.19966872,0.014423043,0.0,0.0,1
103925375,-1.2217305,1.0471976,-0.19941537,0.014423043,0.0,0.0,1
103945072,-1.2217305,1.0471976,-0.2059602,0.014423043,0.0,0.0,1
103964779,-1.2217305,1.0471976,-0.20708638,0.014423043,0.0,0.0,1
103984509,-1.2217305,1.0471976,-0.20830882,0.014423043,0.0,0.0,1
104009353,-1.2217305,1.0471976,-0.21186697,0.014423043,0.0,0.0,1
104029109,-1.2217305,1.0471976,-0.21350971,0.014423043,0.0,0.0,1
104043606,-1.2217305,1.0471976,-0.20817997,0.014423043,0.0,0.0,1
104068491,-1.2217305,1.0471976,-0.21063675,0.014423043,0.0,0.0,1
104088179,-1.2217305,1.0471976,-0.21729523,0.014423043,0.0,0.0,1
104102703,-1.2217305,1.0471976,-0.21446013,0.014423043,0.0,0.0,1
104127564,-1.2217305,1.0471976,-0.21994632,0.014423043,0.0,0.0,1
104147287,-1.2217305,1.0471976,-0.21822904,0.014423043,0.0,0.0,1
104167005,-1.2217305,1.0471976,-0.21789867,0.014423043,0.0,0.0,1
104186726,-1.2217305,1.0471976,-0.21735863,0.014423043,0.0,0.0,1
104206421,-1.2217305,1.0471976,-0.21661262,0.014423043,0.0,0.0,1
104226295,-1.2217305,1.0471976,-0.21266761,0.014423043,0.0,0.0,1
104245952,-1.2217305,1.0471976,-0.21463299,0.014423043,0.0,0.0,1
104265575,-1.2217305,1.0471976,-0.21915126,0.014423043,0.0,0.0,1
104285309,-1.2217305,1.0471976,-0.2139251,0.014423043,0.0,0.0,1
104309636,-1.2217305,1.0471976,-0.21631815,0.014423043,0.0,0.0,1
104324656,-1.2217305,1.0471976,-0.2227823,0.014423043,0.0,0.0,1
104344344,-1.2217305,1.0471976,-0.21967861,0.014423043,0.0,0.0,1
104368714,-1.2217305,1.0471976,-0.22715804,0.014423043,0.0,0.0,1
104383760,-1.2217305,1.0471976,-0.22763616,0.014423043,0.0,0.0,1
104408128,-1.2217305,1.0471976,-0.2276544,0.014423043,0.0,0.0,1
104427824,-1.2217305,1.0471976,-0.22723536,0.014423043,0.0,0.0,1
104447529,-1.2217305,1.0471976,-0.22144522,0.014423043,0.0,0.0,1
104467194,-1.2217305,1.0471976,-0.22007798,0.014423043,0.0,0.0,1
104486953,-1.2217305,1.0471976,-0.21810614,0.014423043,0.0,0.0,1
104506649,-1.2217305,1.0471976,-0.21554281,0.014423043,0.0,0.0,1
104526316,-1.2217305,1.0471976,-0.2132071,0.014423043,0.0,0.0,1
104546027,-1.2217305,1.0471976,-0.21162656,0.014423043,0.0,0.0,1
104565729,-1.2217305,1.0471976,-0.21067974,0.014423043,0.0,0.0,1
104585416,-1.2217305,1.0471976,-0.21040958,0.014423043,0.0,0.0,1
104605132,-1.2217305,1.0471976,-0.21223065,0.014423043,0.0,0.0,1
104624901,-1.2217305,1.0471976,-0.21113434,0.014423043,0.0,0.0,1
104649968,-1.2217305,1.0471976,-0.21739434,0.014423043,0.0,0.0,1
104664227,-1.2217305,1.0471976,-0.21292038,0.014423043,0.0,0.0,1
104683931,-1.2217305,1.0471976,-0.22043484,0.014423043,0.0,0.0,1
104708833,-1.2217305,1.0471976,-0.2136096,0.014423043,0.0,0.0,1
104728517,-1.2217305,1.0471976,-0.21894272,0.014423043,0.0,0.0,1
104743036,-1.2217305,1.0471976,-0.21742576,0.014423043,0.0,0.0,1
104768104,-1.2217305,1.0471976,-0.20756637,0.014423043,0.0,0.0,1
104787616,-1.2217305,1.0471976,-0.21187706,0.014423043,0.0,0.0,1
104807339,-1.2217305,1.0471976,-0.20933819,0.014423043,0.0,0.0,1
104827080,-1.2217305,1.0471976,-0.20096007,0.014423043,0.0,0.0,1
104846824,-1.2217305,1.0471976,-0.20346104,0.014423043,0.0,0.0,1
104866742,-1.2217305,1.0471976,-0.19838974,0.014423043,0.0,0.0,1
104886174,-1.2217305,1.0471976,-0.20389727,0.014423043,0.0,0.0,1
104905883,-1.2217305,1.0471976,-0.2052902,0.014423043,0.0,0.0,1
104925586,-1.2217305,1.0471976,-0.20557909,0.014423043,0.0,0.0,1
104945288,-1.2217305,1.0471976,-0.20508718,0.014423043,0.0,0.0,1
104965037,-1.2217305,1.0471976,-0.1997089,0.014423043,0.0,0.0,1
104984704,-1.2217305,1.0471976,-0.19958343,0.014423043,0.0,0.0,1
105004402,-1.2217305,1.0471976,-0.19874184,0.014423043,0.0,0.0,1
105024222,-1.2217305,1.0471976,-0.20173013,0.014423043,0.0,0.0,1
105048519,-1.2217305,1.0471976,-0.19715428,0.014423043,0.0,0.0,1
105068130,-1.2217305,1.0471976,-0.18669626,0.014423043,0.0,0.0,1
105083200,-1.2217305,1.0471976,-0.18215162,0.014423043,0.0,0.0,1
105107588,-1.2217305,1.0471976,-0.17939097,0.014423043,0.0,0.0,1
105127251,-1.2217305,1.0471976,-0.17281482,0.014423043,0.0,0.0,1
105146944,-1.2217305,1.0471976,-0.16639191,0.014423043,0.0,0.0,1
105166656,-1.2217305,1.0471976,-0.16073027,0.014423043,0.0,0.0,1
105186388,-1.2217305,1.0471976,-0.15544944,0.014423043,0.0,0.0,1
105206066,-1.2217305,1.0471976,-0.15082079,0.014423043,0.0,0.0,1
105225833,-1.2217305,1.0471976,-0.1471288,0.014423043,0.0,0.0,1
105245462,-1.2217305,1.0471976,-0.14448728,0.014423043,0.0,0.0,1
105265160,-1.2217305,1.0471976,-0.14222983,0.014423043,0.0,0.0,1
105290092,-1.2217305,1.0471976,-0.13412651,0.014423043,0.0,0.0,1
105304566,-1.2217305,1.0471976,-0.1327174,0.014423043,0.0,0.0,1
105324272,-1.2217305,1.0471976,-0.13029175,0.014423043,0.0,0.0,1
105349165,-1.2217305,1.0471976,-0.13202126,0.014423043,0.0,0.0,1
105363681,-1.2217305,1.0471976,-0.12414652,0.014423043,0.0,0.0,1
105383382,-1.2217305,1.0471976,-0.12025936,0.014423043,0.0,0.0,1
105408406,-1.2217305,1.0471976,-0.11462651,0.014423043,0.0,0.0,1
105428344,-1.2217305,1.0471976,-0.11043646,0.014423043,0.0,0.0,1
105447977,-1.2217305,1.0471976,-0.10686976,0.014423043,0.0,0.0,1
105467871,-1.2217305,1.0471976,-0.10366115,0.014423043,0.0,0.0,1
105487166,-1.2217305,1.0471976,-0.10648298,0.014423043,0.0,0.0,1
105506846,-1.2217305,1.0471976,-0.09886657,0.014423043,0.0,0.0,1
105526530,-1.2217305,1.0471976,-0.095629334,0.014423043,0.0,0.0,1
105546287,-1.2217305,1.0471976,-0.09172743,0.014423043,0.0,0.0,1
105565932,-1.2217305,1.0471976,-0.087523736,0.014423043,0.0,0.0,1
105585622,-1.2217305,1.0471976,-0.08190609,0.014423043,0.0,0.0,1
105605413,-1.2217305,1.0471976,-0.078308746,0.014423043,0.0,0.0,1
105629722,-1.2217305,1.0471976,-0.0759391,0.014423043,0.0,0.0,1
105644772,-1.2217305,1.0471976,-0.07382044,0.014423043,0.0,0.0,1
105664501,-1.2217305,1.0471976,-0.07126709,0.014423043,0.0,0.0,1
105688823,-1.2217305,1.0471976,-0.07403713,0.014423043,0.0,0.0,1
105708534,-1.2217305,1.0471976,-0.06755746,0.014423043,0.0,0.0,1
105723516,-1.2217305,1.0471976,-0.06691029,0.014423043,0.0,0.0,1
105747886,-1.2217305,1.0471976,-0.06513454,0.014423043,0.0,0.0,1
105767593,-1.2217305,1.0471976,-0.06314342,0.014423043,0.0,0.0,1
105782638,-1.2217305,1.0471976,-0.060986377,0.014423043,0.0,0.0,1
105807141,-1.2217305,1.0471976,-0.056421865,0.014423043,0.0,0.0,1
105826988,-1.2217305,1.0471976,-0.051467553,0.014423043,0.0,0.0,1
105846422,-1.2086127,1.0471976,-0.045097742,0.014423043,0.0,0.0,1
105866104,-1.1897212,1.0471976,-0.044176556,0.014423043,0.0,0.0,1
105885828,-1.1758288,1.0471976,-0.038687646,0.014423043,0.0,0.0,1
105905518,-1.1658453,1.0471976,-0.028111268,0.014423043,0.0,0.0,1
105925208,-1.1536177,1.0471976,-0.024048377,0.014423043,0.0,0.0,1
105944914,-1.1453067,1.0471976,-0.02282331,0.014423043,0.0,0.0,1
105964616,-1.1356497,1.0471976,-0.02986411,0.014423043,0.0,0.0,1
105984317,-1.1349183,1.0471976,-0.03111295,0.014423043,0.0,0.0,1
106004028,-1.133377,1.0471976,-0.03531172,0.014423043,0.0,0.0,1
106028956,-1.1343303,1.0471976,-0.034855377,0.014423043,0.0,0.0,1
106048636,-1.1339123,1.0471976,-0.039977226,0.014423043,0.0,0.0,1
106063134,-1.1350667,1.0471976,-0.0470425,0.014423043,0.0,0.0,1
106088011,-1.1357166,1.0471976,-0.061825447,0.014423043,0.0,0.0,1
106107795,-1.1415563,1.0471976,-0.06362663,0.014423043,0.0,0.0,1
106127442,-1.1428722,1.0471976,-0.06982562,0.014423043,0.0,0.0,1
106147160,-1.1424427,1.0471976,-0.074613385,0.014423043,0.0,0.0,1
106166875,-1.1410904,1.0471976,-0.07835657,0.014423043,0.0,0.0,1
106186644,-1.1341505,1.0471976,-0.08632708,0.014423043,0.0,0.0,1
106206443,-1.1322347,1.0471976,-0.087402545,0.014423043,0.0,0.0,1
106226316,-1.1286992,1.0471976,-0.08789223,0.014423043,0.0,0.0,1
106245958,-1.1294001,1.0471976,-0.08305054,0.014423043,0.0,0.0,1
106270017,-1.1274492,1.0471976,-0.08329016,0.014423043,0.0,0.0,1
106285065,-1.1262155,1.0471976,-0.08298642,0.014423043,0.0,0.0,1
106304797,-1.1249973,1.0471976,-0.08228666,0.014423043,0.0,0.0,1
106329121,-1.1261944,1.0471976,-0.081827134,0.014423043,0.0,0.0,1
106344164,-1.1253402,1.0471976,-0.08713962,0.014423043,0.0,0.0,1
106363874,-1.1340877,1.0471976,-0.081546396,0.014423043,0.0,0.0,1
106388234,-1.1347743,1.0471976,-0.08657914,0.014423043,0.0,0.0,1
106407947,-1.1437167,1.0471976,-0.08156167,0.014423043,0.0,0.0,1
106427674,-1.1467513,1.0471976,-0.08335956,0.014423043,0.0,0.0,1
106447345,-1.1515756,1.0471976,-0.08633096,0.014423043,0.0,0.0,1
106467076,-1.1554586,1.0471976,-0.08960519,0.014423043,0.0,0.0,1
106486756,-1.158718,1.0471976,-0.09280807,0.014423043,0.0,0.0,1
106506463,-1.1613201,1.0471976,-0.095698036,0.014423043,0.0,0.0,1
106526170,-1.163993,1.0471976,-0.09818739,0.014423043,0.0,0.0,1
106545868,-1.1626195,1.0471976,-0.10553964,0.014423043,0.0,0.0,1
106565565,-1.1675881,1.0471976,-0.10653529,0.014423043,0.0,0.0,1
106585263,-1.1710024,1.0471976,-0.106900655,0.014423043,0.0,0.0,1
106605130,-1.181173,1.0471976,-0.10222075,0.014423043,0.0,0.0,1
106624954,-1.1867048,1.0471976,-0.10310721,0.014423043,0.0,0.0,1
106644363,-1.1950649,1.0471976,-0.10416566,0.014423043,0.0,0.0,1
106669634,-1.2058859,1.0471976,-0.1057213,0.014423043,0.0,0.0,1
106688987,-1.2139863,1.0471976,-0.1070664,0.014423043,0.0,0.0,1
106703488,-1.220205,1.0471976,-0.10854652,0.014423043,0.0,0.0,1
106728382,-1.2217305,1.0471976,-0.11151151,0.014423043,0.0,0.0,1
106748100,-1.2217305,1.0471976,-0.113694526,0.014423043,0.0,0.0,1
106762630,-1.2217305,1.0471976,-0.12038839,0.014423043,0.0,0.0,1
106787495,-1.2217305,1.0471976,-0.11582815,0.014423043,0.0,0.0,1
106807235,-1.2217305,1.0471976,-0.11497,0.014423043,0.0,0.0,1
106826948,-1.2217305,1.0471976,-0.113860995,0.014423043,0.0,0.0,1
106846676,-1.2217305,1.0471976,-0.11194063,0.014423043,0.0,0.0,1
106866669,-1.2217305,1.0471976,-0.10865406,0.014423043,0.0,0.0,1
106886044,-1.2217305,1.0471976,-0.10467614,0.014423043,0.0,0.0,1
106905743,-1.2217305,1.0471976,-0.100867875,0.014423043,0.0,0.0,1
106925417,-1.2217305,1.0471976,-0.097287945,0.014423043,0.0,0.0,1
106945094,-1.2217305,1.0471976,-0.09337302,0.014423043,0.0,0.0,1
106969457,-1.219744,1.0471976,-0.08766634,0.014423043,0.0,0.0,1
106984548,-1.2128354,1.0471976,-0.0842363,0.014423043,0.0,0.0,1
107004368,-1.1988239,1.0471976,-0.08518324,0.014423043,0.0,0.0,1
107028735,-1.1945337,1.0471976,-0.07433382,0.014423043,0.0,0.0,1
107043963,-1.1872159,1.0471976,-0.07116472,0.014423043,0.0,0.0,1
107067985,-1.1756337,1.0471976,-0.0711333,0.014423043,0.0,0.0,1
107087691,-1.1730653,1.0471976,-0.060951695,0.014423043,0.0,0.0,1
107107389,-1.1681931,1.0471976,-0.055945557,0.014423043,0.0,0.0,1
107127093,-1.1647172,1.0471976,-0.05109094,0.014423043,0.0,0.0,1
107146809,-1.1621392,1.0471976,-0.04633699,0.014423043,0.0,0.0,1
107166489,-1.1599562,1.0471976,-0.04177987,0.014423043,0.0,0.0,1
107186217,-1.1578369,1.0471976,-0.03744031,0.014423043,0.0,0.0,1
107205944,-1.1502827,1.0471976,-0.03858916,0.014423043,0.0,0.0,1
107225636,-1.1532419,1.0471976,-0.028612483,0.014423043,0.0,0.0,1
107245334,-1.1481327,1.0471976,-0.024229042,0.014423043,0.0,0.0,1
107265004,-1.1412101,1.0471976,-0.025703892,0.014423043,0.0,0.0,1
107284717,-1.1387867,1.0471976,-0.02261235,0.014423043,0.0,0.0,1
107309708,-1.1399314,1.0471976,-0.014048964,0.014423043,0.0,0.0,1
107324115,-1.1386828,1.0471976,-0.0123407785,0.014423043,0.0,0.0,1
107343820,-1.1339056,1.0471976,-0.015674269,0.014423043,0.0,0.0,1
107368916,-1.135751,1.0471976,-0.0074261595,0.014423043,0.0,0.0,1
107388459,-1.135575,1.0471976,-0.0057541262,0.014423043,0.0,0.0,1
107403142,-1.1358379,1.0471976,-0.00463821,0.014423043,0.0,0.0,1
107427928,-1.1317306,1.0471976,-0.008470001,0.014423043,0.0,0.0,1
107447713,-1.1381174,1.0471976,-0.0012584864,0.014423043,0.0,0.0,1
107467467,-1.1361594,1.0471976,0.000723646,0.014423043,0.0,0.0,1
107486940,-1.135365,1.0471976,0.0028148007,0.014423043,0.0,0.0,1
107506687,-1.1337737,1.0471976,0.0053947656,0.014423043,0.0,0.0,1
107526379,-1.1305311,1.0471976,0.008907601,0.014423043,0.0,0.0,1
107546048,-1.1266111,1.0471976,0.012676723,0.014423043,0.0,0.0,1
107565970,-1.122289,1.0471976,0.016430292,0.014423043,0.0,0.0,1
107585449,-1.1174755,1.0471976,0.020050729,0.014423043,0.0,0.0,1
107605176,-1.1074765,1.0471976,0.01772911,0.014423043,0.0,0.0,1
107624892,-1.1029174,1.0471976,0.020771772,0.014423043,0.0,0.0,1
107644607,-1.0969156,1.0471976,0.023066642,0.014423043,0.0,0.0,1
107668931,-1.0942622,1.0471976,0.030701501,0.014423043,0.0,0.0,1
107683973,-1.0883023,1.0471976,0.03171932,0.014423043,0.0,0.0,1
107708341,-1.075558,1.0471976,0.028497178,0.014423043,0.0,0.0,1
107728025,-1.066731,1.0471976,0.03131699,0.014423043,0.0,0.0,1
107743073,-1.0601053,1.0471976,0.033580612,0.014423043,0.0,0.0,1
107767427,-1.0527263,1.0471976,0.04304134,0.014423043,0.0,0.0,1
107787131,-1.0440383,1.0471976,0.046464697,0.014423043,0.0,0.0,1
107806932,-1.0330383,1.0471976,0.043838568,0.014423043,0.0,0.0,1
107826635,-1.0264131,1.0471976,0.04608947,0.014423043,0.0,0.0,1
107846264,-1.0250274,1.0471976,0.055437814,0.014423043,0.0,0.0,1
107865955,-1.0183288,1.0471976,0.056530897,0.014423043,0.0,0.0,1
107885669,-1.0105969,1.0471976,0.05147881,0.014423043,0.0,0.0,1
107905369,-1.0066693,1.0471976,0.051875666,0.014423043,0.0,0.0,1
107925099,-1.0068355,1.0471976,0.057534568,0.014423043,0.0,0.0,1
107949931,-1.0027956,1.0471976,0.057676822,0.014423043,0.0,0.0,1
107964456,-0.9968088,1.0471976,0.050454237,0.014423043,0.0,0.0,1
107984165,-0.99650794,1.0471976,0.056420937,0.014423043,0.0,0.0,1
108009103,-0.98849046,1.0471976,0.05105658,0.014423043,0.0,0.0,1
108023649,-0.98554015,1.0471976,0.051174305,0.014423043,0.0,0.0,1
108048504,-0.9806407,1.0471976,0.05123208,0.014423043,0.0,0.0,1
108068392,-0.9814524,1.0471976,0.056763012,0.014423043,0.0,0.0,1
108087913,-0.97653437,1.0471976,0.056220483,0.014423043,0.0,0.0,1
108107600,-0.97032416,1.0471976,0.049823646,0.014423043,0.0,0.0,1
108127265,-0.96756494,1.0471976,0.048914444,0.014423043,0.0,0.0,1
108146977,-0.96496195,1.0471976,0.047950055,0.014423043,0.0,0.0,1
108166677,-0.9629671,1.0471976,0.046706535,0.014423043,0.0,0.0,1
108186416,-0.96123606,1.0471976,0.045422394,0.014423043,0.0,0.0,1
108206226,-0.9591836,1.0471976,0.044584155,0.014423043,0.0,0.0,1
108225897,-0.96221536,1.0471976,0.049519088,0.014423043,0.0,0.0,1
108245585,-0.95896447,1.0471976,0.049064226,0.014423043,0.0,0.0,1
108265195,-0.95697236,1.0471976,0.049064793,0.014423043,0.0,0.0,1
108289558,-0.95048255,1.0471976,0.043456007,0.014423043,0.0,0.0,1
108304663,-0.951642,1.0471976,0.043406982,0.014423043,0.0,0.0,1
108324308,-0.95148355,1.0471976,0.043300137,0.014423043,0.0,0.0,1
108348665,-0.95250905,1.0471976,0.04281638,0.014423043,0.0,0.0,1
108368371,-0.95690703,1.0471976,0.04794721,0.014423043,0.0,0.0,1
108383421,-0.95803213,1.0471976,0.04757014,0.014423043,0.0,0.0,1
108407805,-0.9570864,1.0471976,0.041150473,0.014423043,0.0,0.0,1
108427496,-0.95892555,1.0471976,0.040286988,0.014423043,0.0,0.0,1
108447177,-0.96049684,1.0471976,0.039413247,0.014423043,0.0,0.0,1
108466880,-0.9612956,1.0471976,0.03865245,0.014423043,0.0,0.0,1
108486636,-0.9618473,1.0471976,0.03945157,0.014423043,0.0,0.0,1
108506303,-0.96512,1.0471976,0.043864302,0.014423043,0.0,0.0,1
108525993,-0.9649062,1.0471976,0.042464532,0.014423043,0.0,0.0,1
108545708,-0.96511257,1.0471976,0.04057265,0.014423043,0.0,0.0,1
108565424,-0.9624977,1.0471976,0.032878272,0.014423043,0.0,0.0,1
108585070,-0.9634289,1.0471976,0.030429602,0.014423043,0.0,0.0,1
108604949,-0.9646831,1.0471976,0.02877064,0.014423043,0.0,0.0,1
108624611,-0.96629626,1.0471976,0.025175685,0.014423043,0.0,0.0,1
108649413,-0.9682718,1.0471976,0.020125024,0.014423043,0.0,0.0,1
108663913,-0.9693494,1.0471976,0.018269416,0.014423043,0.0,0.0,1
108688799,-0.9737113,1.0471976,0.021805555,0.014423043,0.0,0.0,1
108708499,-0.9708356,1.0471976,0.01439594,0.014423043,0.0,0.0,1
108723020,-0.9741518,1.0471976,0.017388824,0.014423043,0.0,0.0,1
108747897,-0.9720642,1.0471976,0.008719606,0.014423043,0.0,0.0,1
108767864,-0.97556216,1.0471976,0.011712165,0.014423043,0.0,0.0,1
108787321,-0.97347593,1.0471976,0.003197214,0.014423043,0.0,0.0,1
108807053,-0.9767782,1.0471976,0.005732765,0.014423043,0.0,0.0,1
108826800,-0.976293,1.0471976,0.003069111,0.014423043,0.0,0.0,1
108846486,-0.9752088,1.0471976,0.00054067513,0.014423043,0.0,0.0,1
108866460,-0.9727726,1.0471976,-0.0013548392,0.014423043,0.0,0.0,1
108885906,-0.96999705,1.0471976,-0.0032596411,0.014423043,0.0,0.0,1
108905534,-0.96740764,1.0471976,-0.005471546,0.014423043,0.0,0.0,1
108929911,-0.963712,1.0471976,-0.008206188,0.014423043,0.0,0.0,1
108944972,-0.95871174,1.0471976,-0.015366241,0.014423043,0.0,0.0,1
108964830,-0.9557039,1.0471976,-0.017606135,0.014423043,0.0,0.0,1
108989140,-0.95546925,1.0471976,-0.015345115,0.014423043,0.0,0.0,1
109004165,-0.9489065,1.0471976,-0.02254679,0.014423043,0.0,0.0,1
109023890,-0.9479772,1.0471976,-0.024528528,0.014423043,0.0,0.0,1
109048146,-0.94388425,1.0471976,-0.0262255,0.014423043,0.0,0.0,1
109067818,-0.9402658,1.0471976,-0.026847832,0.014423043,0.0,0.0,1
109087527,-0.93702567,1.0471976,-0.027299546,0.014423043,0.0,0.0,1
109107224,-0.9368813,1.0471976,-0.022293365,0.014423043,0.0,0.0,1
109126930,-0.9335651,1.0471976,-0.022177303,0.014423043,0.0,0.0,1
109146644,-0.92996913,1.0471976,-0.021743743,0.014423043,0.0,0.0,1
109166360,-0.92326564,1.0471976,-0.02628149,0.014423043,0.0,0.0,1
109186044,-0.9189203,1.0471976,-0.025130996,0.014423043,0.0,0.0,1
109205814,-0.9149727,1.0471976,-0.024115872,0.014423043,0.0,0.0,1
109225506,-0.9113997,1.0471976,-0.023302833,0.014423043,0.0,0.0,1
109245180,-0.9082223,1.0471976,-0.022478195,0.014423043,0.0,0.0,1
109264894,-0.9085363,1.0471976,-0.016477857,0.014423043,0.0,0.0,1
109284585,-0.9044734,1.0471976,-0.021476377,0.014423043,0.0,0.0,1
109304269,-0.9035511,1.0471976,-0.02027752,0.014423043,0.0,0.0,1
109329173,-0.9051517,1.0471976,-0.015128573,0.014423043,0.0,0.0,1
109348897,-0.9045039,1.0471976,-0.014588682,0.014423043,0.0,0.0,1
109363369,-0.90159726,1.0471976,-0.019565448,0.014423043,0.0,0.0,1
109388345,-0.9045145,1.0471976,-0.013758207,0.014423043,0.0,0.0,1
109408297,-0.90485454,1.0471976,-0.013238465,0.014423043,0.0,0.0,1
109422500,-0.9045638,1.0471976,-0.012409167,0.014423043,0.0,0.0,1
109447395,-0.9008443,1.0471976,-0.015918666,0.014423043,0.0,0.0,1
109467295,-0.8995832,1.0471976,-0.014097132,0.014423043,0.0,0.0,1
109486783,-0.89859235,1.0471976,-0.012439944,0.014423043,0.0,0.0,1
109506502,-0.90119684,1.0471976,-0.0060344506,0.014423043,0.0,0.0,1
109526188,-0.9013267,1.0471976,-0.0052461103,0.014423043,0.0,0.0,1
109545895,-0.9013284,1.0471976,-0.0044645164,0.014423043,0.0,0.0,1
109565793,-0.90145946,1.0471976,-0.0038447129,0.014423043,0.0,0.0,1
109585282,-0.90184784,1.0471976,-0.0035124077,0.014423043,0.0,0.0,1
109604971,-0.90205646,1.0471976,-0.003221633,0.014423043,0.0,0.0,1
109629377,-0.90136874,1.0471976,-0.0026961095,0.014423043,0.0,0.0,1
109644442,-0.900483,1.0471976,-0.0023461524,0.014423043,0.0,0.0,1
109664111,-0.8962887,1.0471976,-0.0073259836,0.014423043,0.0,0.0,1
109688468,-0.8968436,1.0471976,-0.0017390708,0.014423043,0.0,0.0,1
109703534,-0.8953704,1.0471976,-0.0017005205,0.014423043,0.0,0.0,1
109727882,-0.89246976,1.0471976,-0.0015054867,0.014423043,0.0,0.0,1
109747589,-0.8904293,1.0471976,-0.0006933301,0.014423043,0.0,0.0,1
109767303,-0.8859309,1.0471976,-0.0069588944,0.014423043,0.0,0.0,1
109787150,-0.8870699,1.0471976,-0.0015243404,0.014423043,0.0,0.0,1
109807031,-0.88595027,1.0471976,-0.0014686859,0.014423043,0.0,0.0,1
109826449,-0.8852145,1.0471976,-0.0013941941,0.014423043,0.0,0.0,1
109846102,-0.88513994,1.0471976,-0.0015560277,0.014423043,0.0,0.0,1
109865802,-0.88529813,1.0471976,-0.0017016302,0.014423043,0.0,0.0,1
109885491,-0.88608265,1.0471976,-0.002073192,0.014423043,0.0,0.0,1
109905186,-0.8850586,1.0471976,-0.008244902,0.014423043,0.0,0.0,1
109924902,-0.88951886,1.0471976,-0.003770478,0.014423043,0.0,0.0,1
109944618,-0.89091134,1.0471976,-0.0044556176,0.014423043,0.0,0.0,1
109969670,-0.8930998,1.0471976,-0.005788288,0.014423043,0.0,0.0,1
109984015,-0.89200926,1.0471976,-0.012344558,0.014423043,0.0,0.0,1
110003736,-0.89453334,1.0471976,-0.014413457,0.014423043,0.0,0.0,1
110028625,-0.89841115,1.0471976,-0.01796409,0.014423043,0.0,0.0,1
110048283,-0.9066778,1.0471976,-0.016168777,0.014423043,0.0,0.0,1
110062815,-0.9077894,1.0471976,-0.019390687,0.014423043,0.0,0.0,1
110087704,-0.9133647,1.0471976,-0.025192715,0.014423043,0.0,0.0,1
110107394,-0.9150065,1.0471976,-0.035116453,0.014423043,0.0,0.0,1
110127112,-0.92156285,1.0471976,-0.034077913,0.014423043,0.0,0.0,1
110146833,-0.925578,1.0471976,-0.0381461,0.014423043,0.0,0.0,1
110166509,-0.93007904,1.0471976,-0.041282523,0.014423043,0.0,0.0,1
110186412,-0.93560296,1.0471976,-0.04661927,0.014423043,0.0,0.0,1
110206494,-0.94208324,1.0471976,-0.051421177,0.014423043,0.0,0.0,1
110225991,-0.9490593,1.0471976,-0.05631589,0.014423043,0.0,0.0,1
110245379,-0.9564518,1.0471976,-0.061349057,0.014423043,0.0,0.0,1
110265074,-0.9647583,1.0471976,-0.06684962,0.014423043,0.0,0.0,1
110284754,-0.9742947,1.0471976,-0.073101446,0.014423043,0.0,0.0,1
110309115,-0.98446715,1.0471976,-0.086550266,0.014423043,0.0,0.0,1
110328803,-0.9980062,1.0471976,-0.08814349,0.014423043,0.0,0.0,1
110343875,-1.006693,1.0471976,-0.09362045,0.014423043,0.0,0.0,1
110368210,-1.0184864,1.0471976,-0.10795794,0.014423043,0.0,0.0,1
110387958,-1.0322025,1.0471976,-0.109619595,0.014423043,0.0,0.0,1
110403034,-1.0400622,1.0471976,-0.114466414,0.014423043,0.0,0.0,1
110427352,-1.0522237,1.0471976,-0.12162958,0.014423043,0.0,0.0,1
110447054,-1.0561309,1.0471976,-0.13155858,0.014423043,0.0,0.0,1
110466755,-1.0662843,1.0471976,-0.13549753,0.014423043,0.0,0.0,1
110486464,-1.0740181,1.0471976,-0.13884972,0.014423043,0.0,0.0,1
110506203,-1.0811348,1.0471976,-0.14174604,0.014423043,0.0,0.0,1
110525847,-1.0877937,1.0471976,-0.14459026,0.014423043,0.0,0.0,1
110545535,-1.0940073,1.0471976,-0.14733863,0.014423043,0.0,0.0,1
110565243,-1.0992429,1.0471976,-0.14978436,0.014423043,0.0,0.0,1
110585087,-1.1060555,1.0471976,-0.14669316,0.014423043,0.0,0.0,1
110609911,-1.1068476,1.0471976,-0.15390122,0.014423043,0.0,0.0,1
110624287,-1.1080605,1.0471976,-0.15478572,0.014423043,0.0,0.0,1
110644056,-1.111716,1.0471976,-0.15048613,0.014423043,0.0,0.0,1
110669180,-1.1137551,1.0471976,-0.15062483,0.014423043,0.0,0.0,1
110683461,-1.1112635,1.0471976,-0.15018854,0.014423043,0.0,0.0,1
110708341,-1.109516,1.0471976,-0.14828247,0.014423043,0.0,0.0,1
110728064,-1.1046318,1.0471976,-0.15007871,0.014423043,0.0,0.0,1
110747739,-1.1047922,1.0471976,-0.14337927,0.014423043,0.0,0.0,1
110767629,-1.1017423,1.0471976,-0.14054918,0.014423043,0.0,0.0,1
110787281,-1.0983858,1.0471976,-0.13769928,0.014423043,0.0,0.0,1
110806897,-1.0945423,1.0471976,-0.13474008,0.014423043,0.0,0.0,1
110826622,-1.085052,1.0471976,-0.13678941,0.014423043,0.0,0.0,1
110846318,-1.0814425,1.0471976,-0.13346262,0.014423043,0.0,0.0,1
110866300,-1.0754241,1.0471976,-0.13019213,0.014423043,0.0,0.0,1
110885717,-1.0720308,1.0471976,-0.12076217,0.014423043,0.0,0.0,1
110905455,-1.0631578,1.0471976,-0.1238797,0.014423043,0.0,0.0,1
110925126,-1.0570883,1.0471976,-0.12066971,0.014423043,0.0,0.0,1
110949498,-1.0487374,1.0471976,-0.115764745,0.014423043,0.0,0.0,1
110964551,-1.0437901,1.0471976,-0.112544775,0.014423043,0.0,0.0,1
110984365,-1.0377319,1.0471976,-0.10834135,0.014423043,0.0,0.0,1
111008692,-1.030552,1.0471976,-0.10304508,0.014423043,0.0,0.0,1
111028315,-1.0279692,1.0471976,-0.09359435,0.014423043,0.0,0.0,1
111043294,-1.0235885,1.0471976,-0.08996198,0.014423043,0.0,0.0,1
111067696,-1.0105654,1.0471976,-0.08797012,0.014423043,0.0,0.0,1
111087372,-1.0062579,1.0471976,-0.081638515,0.014423043,0.0,0.0,1
111107073,-1.0009356,1.0471976,-0.07538472,0.014423043,0.0,0.0,1
111126772,-0.9967101,1.0471976,-0.069367394,0.014423043,0.0,0.0,1
111146490,-0.99362,1.0471976,-0.0638198,0.014423043,0.0,0.0,1
111166200,-0.9912688,1.0471976,-0.058811866,0.014423043,0.0,0.0,1
111185965,-0.98936146,1.0471976,-0.05451729,0.014423043,0.0,0.0,1
111205624,-0.98795855,1.0471976,-0.051085144,0.014423043,0.0,0.0,1
111225292,-0.99125475,1.0471976,-0.04287948,0.014423043,0.0,0.0,1
111244990,-0.9876427,1.0471976,-0.040441524,0.014423043,0.0,0.0,1
111264696,-0.98572373,1.0471976,-0.038211197,0.014423043,0.0,0.0,1
111284421,-0.9837044,1.0471976,-0.036106694,0.014423043,0.0,0.0,1
111309349,-0.9781983,1.0471976,-0.03889464,0.014423043,0.0,0.0,1
111323807,-0.97913796,1.0471976,-0.031713393,0.014423043,0.0,0.0,1
111348709,-0.975597,1.0471976,-0.02821802,0.014423043,0.0,0.0,1
111368533,-0.9724242,1.0471976,-0.024927674,0.014423043,0.0,0.0,1
111383078,-0.966985,1.0471976,-0.02758196,0.014423043,0.0,0.0,1
111407939,-0.96591425,1.0471976,-0.017686278,0.014423043,0.0,0.0,1
111427588,-0.96244764,1.0471976,-0.013987783,0.014423043,0.0,0.0,1
111447205,-0.9588016,1.0471976,-0.010506308,0.014423043,0.0,0.0,1
111467112,-0.9553259,1.0471976,-0.007564538,0.014423043,0.0,0.0,1
111486659,-0.95139164,1.0471976,-0.0048403256,0.014423043,0.0,0.0,1
111506348,-0.94405234,1.0471976,-0.0077849794,0.014423043,0.0,0.0,1
111526071,-0.9393527,1.0471976,-0.0057490524,0.014423043,0.0,0.0,1
111545777,-0.9346893,1.0471976,-0.0042963354,0.014423043,0.0,0.0,1
111565675,-0.9301573,1.0471976,-0.0033466602,0.014423043,0.0,0.0,1
111589861,-0.92717844,1.0471976,0.003926465,0.014423043,0.0,0.0,1
111604894,-0.9204879,1.0471976,-0.0015227846,0.014423043,0.0,0.0,1
111624591,-0.919501,1.0471976,0.005743625,0.014423043,0.0,0.0,1
111648868,-0.9104654,1.0471976,0.008644964,0.014423043,0.0,0.0,1
111663975,-0.9066523,1.0471976,0.010477268,0.014423043,0.0,0.0,1
111683716,-0.8992292,1.0471976,0.008558689,0.014423043,0.0,0.0,1
111708014,-0.8948859,1.0471976,0.010789156,0.014423043,0.0,0.0,1
111727704,-0.8920001,1.0471976,0.013249883,0.014423043,0.0,0.0,1
111747410,-0.8927173,1.0471976,0.021466926,0.014423043,0.0,0.0,1
111767120,-0.8913541,1.0471976,0.021828018,0.014423043,0.0,0.0,1
111786911,-0.88960093,1.0471976,0.022965036,0.014423043,0.0,0.0,1
111806609,-0.887674,1.0471976,0.02393159,0.014423043,0.0,0.0,1
111826249,-0.8860047,1.0471976,0.02461184,0.014423043,0.0,0.0,1
111845956,-0.8847462,1.0471976,0.024979346,0.014423043,0.0,0.0,1
111865630,-0.88006926,1.0471976,0.018948589,0.014423043,0.0,0.0,1
111885347,-0.883359,1.0471976,0.017398555,0.014423043,0.0,0.0,1
111905039,-0.8854588,1.0471976,0.015196272,0.014423043,0.0,0.0,1
111929918,-0.8888369,1.0471976,0.011739111,0.014423043,0.0,0.0,1
111944447,-0.893682,1.0471976,0.014966096,0.014423043,0.0,0.0,1
111964140,-0.8945266,1.0471976,0.006014795,0.014423043,0.0,0.0,1
111989079,-0.8993934,1.0471976,0.0015095121,0.014423043,0.0,0.0,1
112008761,-0.90582824,1.0471976,0.0035835828,0.014423043,0.0,0.0,1
112023249,-0.9083643,1.0471976,0.0012518647,0.014423043,0.0,0.0,1
112048132,-0.90940994,1.0471976,-0.0077282945,0.014423043,0.0,0.0,1
112068061,-0.91273975,1.0471976,-0.010701284,0.014423043,0.0,0.0,1
112082361,-0.9150962,1.0471976,-0.012851337,0.014423043,0.0,0.0,1
112107321,-0.9180909,1.0471976,-0.015923979,0.014423043,0.0,0.0,1
112127017,-0.9197326,1.0471976,-0.01799009,0.014423043,0.0,0.0,1
112146726,-0.9236848,1.0471976,-0.014541732,0.014423043,0.0,0.0,1
112166450,-0.9219813,1.0471976,-0.021907441,0.014423043,0.0,0.0,1
112186237,-0.9226403,1.0471976,-0.023815839,0.014423043,0.0,0.0,1
112205910,-0.92529863,1.0471976,-0.019955521,0.014423043,0.0,0.0,1
112225597,-0.9245192,1.0471976,-0.021004073,0.014423043,0.0,0.0,1
112245178,-0.9234539,1.0471976,-0.021809706,0.014423043,0.0,0.0,1
112264875,-0.922272,1.0471976,-0.022619927,0.014423043,0.0,0.0,1
112289241,-0.9225199,1.0471976,-0.023545898,0.014423043,0.0,0.0,1
112304276,-0.91912913,1.0471976,-0.023962881,0.014423043,0.0,0.0,1
112328655,-0.9167287,1.0471976,-0.024573527,0.014423043,0.0,0.0,1
112348345,-0.91231894,1.0471976,-0.030511044,0.014423043,0.0,0.0,1
112363393,-0.91107714,1.0471976,-0.030964509,0.014423043,0.0,0.0,1
112387793,-0.9117676,1.0471976,-0.026442926,0.014423043,0.0,0.0,1
112407531,-0.9078084,1.0471976,-0.03249318,0.014423043,0.0,0.0,1
112427160,-0.9100265,1.0471976,-0.028320648,0.014423043,0.0,0.0,1
112446870,-0.9056928,1.0471976,-0.035007413,0.014423043,0.0,0.0,1
112466582,-0.9086611,1.0471976,-0.036329582,0.014423043,0.0,0.0,1
112486296,-0.9102754,1.0471976,-0.037825283,0.014423043,0.0,0.0,1
112505982,-0.9155719,1.0471976,-0.0344226,0.014423043,0.0,0.0,1
112525696,-0.9192379,1.0471976,-0.036740668,0.014423043,0.0,0.0,1
112545379,-0.92409754,1.0471976,-0.039734244,0.014423043,0.0,0.0,1
112570758,-0.93112195,1.0471976,-0.044211116,0.014423043,0.0,0.0,1
112584879,-0.93551576,1.0471976,-0.047125325,0.014423043,0.0,0.0,1
112604580,-0.9413783,1.0471976,-0.0511403,0.014423043,0.0,0.0,1
112629755,-0.94881225,1.0471976,-0.056424145,0.014423043,0.0,0.0,1
112643901,-0.95357096,1.0471976,-0.059829436,0.014423043,0.0,0.0,1
112663593,-0.96018106,1.0471976,-0.06456479,0.014423043,0.0,0.0,1
112688580,-0.9647618,1.0471976,-0.07642328,0.014423043,0.0,0.0,1
112708220,-0.9750543,1.0471976,-0.08218851,0.014423043,0.0,0.0,1
112727919,-0.9859043,1.0471976,-0.0826836,0.014423043,0.0,0.0,1
112747645,-0.9943477,1.0471976,-0.08746154,0.014423043,0.0,0.0,1
112767523,-1.0026469,1.0471976,-0.09387345,0.014423043,0.0,0.0,1
112787083,-1.0083106,1.0471976,-0.104235075,0.014423043,0.0,0.0,1
112806847,-1.0195304,1.0471976,-0.104043625,0.014423043,0.0,0.0,1
112826513,-1.027559,1.0471976,-0.10747648,0.014423043,0.0,0.0,1
112846136,-1.0352653,1.0471976,-0.112550125,0.014423043,0.0,0.0,1
112866055,-1.0382458,1.0471976,-0.12176141,0.014423043,0.0,0.0,1
112885523,-1.0479329,1.0471976,-0.1257358,0.014423043,0.0,0.0,1
112905245,-1.0552808,1.0471976,-0.12968796,0.014423043,0.0,0.0,1
112924924,-1.0645785,1.0471976,-0.12823829,0.014423043,0.0,0.0,1
112944625,-1.0700724,1.0471976,-0.13149409,0.014423043,0.0,0.0,1
112969318,-1.0761157,1.0471976,-0.13546182,0.014423043,0.0,0.0,1
112989013,-1.0799675,1.0471976,-0.13833827,0.014423043,0.0,0.0,1
113003830,-1.082207,1.0471976,-0.14021957,0.014423043,0.0,0.0,1
113028099,-1.0826162,1.0471976,-0.14826483,0.014423043,0.0,0.0,1
113047807,-1.0871485,1.0471976,-0.14516799,0.014423043,0.0,0.0,1
113062849,-1.0881199,1.0471976,-0.14643903,0.014423043,0.0,0.0,1
113087228,-1.0886835,1.0471976,-0.14771047,0.014423043,0.0,0.0,1
113106911,-1.0888287,1.0471976,-0.14828978,0.014423043,0.0,0.0,1
113126627,-1.0892445,1.0471976,-0.14900917,0.014423043,0.0,0.0,1
113146347,-1.0877392,1.0471976,-0.15545575,0.014423043,0.0,0.0,1
113166029,-1.091697,1.0471976,-0.15177523,0.014423043,0.0,0.0,1
113185775,-1.0899754,1.0471976,-0.15828183,0.014423043,0.0,0.0,1
113205465,-1.0930305,1.0471976,-0.15422152,0.014423043,0.0,0.0,1
113225128,-1.0902692,1.0471976,-0.16010913,0.014423043,0.0,0.0,1
113244840,-1.0899645,1.0471976,-0.16072156,0.014423043,0.0,0.0,1
113269953,-1.0900431,1.0471976,-0.16167359,0.014423043,0.0,0.0,1
113284274,-1.0900661,1.0471976,-0.16219729,0.014423043,0.0,0.0,1
113304000,-1.092207,1.0471976,-0.15733841,0.014423043,0.0,0.0,1
113328851,-1.091407,1.0471976,-0.15740848,0.014423043,0.0,0.0,1
113343372,-1.0906838,1.0471976,-0.1571176,0.014423043,0.0,0.0,1
113368778,-1.088774,1.0471976,-0.15577257,0.014423043,0.0,0.0,1
113388209,-1.0875046,1.0471976,-0.15449926,0.014423043,0.0,0.0,1
113407948,-1.0867668,1.0471976,-0.15328237,0.014423043,0.0,0.0,1
113427364,-1.0863194,1.0471976,-0.15204655,0.014423043,0.0,0.0,1
113447059,-1.0841473,1.0471976,-0.15649955,0.014423043,0.0,0.0,1
113466985,-1.0900384,1.0471976,-0.15096189,0.014423043,0.0,0.0,1
113486486,-1.0848606,1.0471976,-0.15586057,0.014423043,0.0,0.0,1
113506197,-1.0895858,1.0471976,-0.15600555,0.014423043,0.0,0.0,1
113525884,-1.0954655,1.0471976,-0.1512994,0.014423043,0.0,0.0,1
113545560,-1.0962416,1.0471976,-0.15587036,0.014423043,0.0,0.0,1
113565459,-1.0996199,1.0471976,-0.15742147,0.014423043,0.0,0.0,1
113585023,-1.1029816,1.0471976,-0.1578824,0.014423043,0.0,0.0,1
113609342,-1.1102408,1.0471976,-0.15370566,0.014423043,0.0,0.0,1
113624408,-1.1104381,1.0471976,-0.1597645,0.014423043,0.0,0.0,1
113644084,-1.1139522,1.0471976,-0.16113922,0.014423043,0.0,0.0,1
113668459,-1.1177123,1.0471976,-0.1631281,0.014423043,0.0,0.0,1
113688096,-1.1204132,1.0471976,-0.16510408,0.014423043,0.0,0.0,1
113703230,-1.1248285,1.0471976,-0.16157635,0.014423043,0.0,0.0,1
113727559,-1.1265808,1.0471976,-0.16410625,0.014423043,0.0,0.0,1
113747261,-1.1247625,1.0471976,-0.171187,0.014423043,0.0,0.0,1
113767258,-1.1255783,1.0471976,-0.1729948,0.014423043,0.0,0.0,1
113787004,-1.1259487,1.0471976,-0.17427869,0.014423043,0.0,0.0,1
113806403,-1.1256092,1.0471976,-0.17475793,0.014423043,0.0,0.0,1
113826073,-1.125405,1.0471976,-0.1749283,0.014423043,0.0,0.0,1
113845798,-1.1285024,1.0471976,-0.1700322,0.014423043,0.0,0.0,1
113865489,-1.1244357,1.0471976,-0.17532383,0.014423043,0.0,0.0,1
113885182,-1.1274402,1.0471976,-0.17533849,0.014423043,0.0,0.0,1
113904884,-1.1285701,1.0471976,-0.17542525,0.014423043,0.0,0.0,1
113924590,-1.1298155,1.0471976,-0.17554733,0.014423043,0.0,0.0,1
113944283,-1.1315304,1.0471976,-0.17592098,0.014423043,0.0,0.0,1
113969382,-1.1368284,1.0471976,-0.17146172,0.014423043,0.0,0.0,1
113983727,-1.1356815,1.0471976,-0.17682868,0.014423043,0.0,0.0,1
114008685,-1.1406614,1.0471976,-0.17169417,0.014423043,0.0,0.0,1
114028347,-1.1393056,1.0471976,-0.1765496,0.014423043,0.0,0.0,1
114042834,-1.1448222,1.0471976,-0.17109615,0.014423043,0.0,0.0,1
114067938,-1.1415864,1.0471976,-0.1760905,0.014423043,0.0,0.0,1
114087451,-1.142528,1.0471976,-0.17599562,0.014423043,0.0,0.0,1
114107107,-1.1478146,1.0471976,-0.17058612,0.014423043,0.0,0.0,1
114126847,-1.1455034,1.0471976,-0.16984294,0.014423043,0.0,0.0,1
114146566,-1.1421812,1.0471976,-0.17410684,0.014423043,0.0,0.0,1
114166332,-1.1416214,1.0471976,-0.17334117,0.014423043,0.0,0.0,1
114186321,-1.1435951,1.0471976,-0.16731721,0.014423043,0.0,0.0,1
114206302,-1.1425521,1.0471976,-0.16628775,0.014423043,0.0,0.0,1
114225339,-1.1407237,1.0471976,-0.16474058,0.014423043,0.0,0.0,1
114249683,-1.138254,1.0471976,-0.16284996,0.014423043,0.0,0.0,1
114264730,-1.1367152,1.0471976,-0.1618621,0.014423043,0.0,0.0,1
114284432,-1.1343048,1.0471976,-0.16053861,0.014423043,0.0,0.0,1
114308805,-1.1317663,1.0471976,-0.15982467,0.014423043,0.0,0.0,1
114323835,-1.1301961,1.0471976,-0.1596632,0.014423043,0.0,0.0,1
114348202,-1.1271522,1.0471976,-0.1595587,0.014423043,0.0,0.0,1
114367909,-1.1244826,1.0471976,-0.1595735,0.014423043,0.0,0.0,1
114387638,-1.1211528,1.0471976,-0.15925938,0.014423043,0.0,0.0,1
114407296,-1.1178944,1.0471976,-0.15896745,0.014423043,0.0,0.0,1
114427032,-1.1126065,1.0471976,-0.16395997,0.014423043,0.0,0.0,1
114446722,-1.1133518,1.0471976,-0.15849242,0.014423043,0.0,0.0,1
114466436,-1.1122293,1.0471976,-0.15810879,0.014423043,0.0,0.0,1
114486126,-1.1113868,1.0471976,-0.15729174,0.014423043,0.0,0.0,1
114505838,-1.1062455,1.0471976,-0.16124098,0.014423043,0.0,0.0,1
114525566,-1.1088569,1.0471976,-0.1599247,0.014423043,0.0,0.0,1
114545273,-1.1129408,1.0471976,-0.15339027,0.014423043,0.0,0.0,1
114565080,-1.1153718,1.0471976,-0.15233348,0.014423043,0.0,0.0,1
114589982,-1.1192006,1.0471976,-0.15135127,0.014423043,0.0,0.0,1
114604387,-1.1214281,1.0471976,-0.15086393,0.014423043,0.0,0.0,1
114624032,-1.1243805,1.0471976,-0.15049426,0.014423043,0.0,0.0,1
114648946,-1.1277076,1.0471976,-0.1505784,0.014423043,0.0,0.0,1
114668831,-1.1271449,1.0471976,-0.15617661,0.014423043,0.0,0.0,1
114683151,-1.1288133,1.0471976,-0.15690178,0.014423043,0.0,0.0,1
114708069,-1.1325032,1.0471976,-0.15927598,0.014423043,0.0,0.0,1
114727728,-1.1388725,1.0471976,-0.15686718,0.014423043,0.0,0.0,1
114742261,-1.142577,1.0471976,-0.15977715,0.014423043,0.0,0.0,1
114767383,-1.1503919,1.0471976,-0.16610698,0.014423043,0.0,0.0,1
114786902,-1.1552078,1.0471976,-0.1774492,0.014423043,0.0,0.0,1
114806629,-1.1668042,1.0471976,-0.17937149,0.014423043,0.0,0.0,1
114826329,-1.1773465,1.0471976,-0.18740188,0.014423043,0.0,0.0,1
114845991,-1.1884025,1.0471976,-0.1955188,0.014423043,0.0,0.0,1
114865876,-1.1970162,1.0471976,-0.20874164,0.014423043,0.0,0.0,1
114885378,-1.2082181,1.0471976,-0.21673506,0.014423043,0.0,0.0,1
114905067,-1.2191609,1.0471976,-0.22445731,0.014423043,0.0,0.0,1
114924777,-1.2217305,1.0471976,-0.23144338,0.014423043,0.0,0.0,1
114944469,-1.2217305,1.0471976,-0.23230553,0.014423043,0.0,0.0,1
114964472,-1.2217305,1.0471976,-0.23700549,0.014423043,0.0,0.0,1
114988715,-1.2217305,1.0471976,-0.2414457,0.014423043,0.0,0.0,1
115008251,-1.2217305,1.0471976,-0.24882495,0.014423043,0.0,0.0,1
115023285,-1.2217305,1.0471976,-0.2449005,0.014423043,0.0,0.0,1
115047654,-1.2217305,1.0471976,-0.24591592,0.014423043,0.0,0.0,1
115067356,-1.2217305,1.0471976,-0.25089917,0.014423043,0.0,0.0,1
115087087,-1.2217305,1.0471976,-0.25048608,0.014423043,0.0,0.0,1
115106784,-1.2217305,1.0471976,-0.2434382,0.014423043,0.0,0.0,1
115126470,-1.2217305,1.0471976,-0.2441893,0.014423043,0.0,0.0,1
115146217,-1.2217305,1.0471976,-0.24393792,0.014423043,0.0,0.0,1
115165943,-1.2217305,1.0471976,-0.24858323,0.014423043,0.0,0.0,1
115185637,-1.2217305,1.0471976,-0.24805012,0.014423043,0.0,0.0,1
115205314,-1.2217305,1.0471976,-0.24737814,0.014423043,0.0,0.0,1
115230186,-1.2217305,1.0471976,-0.24628243,0.014423043,0.0,0.0,1
115244705,-1.2217305,1.0471976,-0.2405797,0.014423043,0.0,0.0,1
115264385,-1.2217305,1.0471976,-0.23968309,0.014423043,0.0,0.0,1
115289260,-1.2217305,1.0471976,-0.23881409,0.014423043,0.0,0.0,1
115303800,-1.2217305,1.0471976,-0.23857744,0.014423043,0.0,0.0,1
115323534,-1.2217305,1.0471976,-0.23852752,0.014423043,0.0,0.0,1
115348369,-1.2217305,1.0471976,-0.23924848,0.014423043,0.0,0.0,1
115368362,-1.2217305,1.0471976,-0.24009475,0.014423043,0.0,0.0,1
115387900,-1.2217305,1.0471976,-0.24617049,0.014423043,0.0,0.0,1
115407601,-1.2217305,1.0471976,-0.24218355,0.014423043,0.0,0.0,1
115427206,-1.2217305,1.0471976,-0.2435381,0.014423043,0.0,0.0,1
115446912,-1.2217305,1.0471976,-0.24490185,0.014423043,0.0,0.0,1
115466840,-1.2217305,1.0471976,-0.25128967,0.014423043,0.0,0.0,1
115486348,-1.2217305,1.0471976,-0.24755892,0.014423043,0.0,0.0,1
115506055,-1.2217305,1.0471976,-0.24927893,0.014423043,0.0,0.0,1
115525748,-1.2217305,1.0471976,-0.25601602,0.014423043,0.0,0.0,1
115545417,-1.2217305,1.0471976,-0.25694665,0.014423043,0.0,0.0,1
115565388,-1.2217305,1.0471976,-0.25219783,0.014423043,0.0,0.0,1
115584866,-1.2217305,1.0471976,-0.25227714,0.014423043,0.0,0.0,1
115604557,-1.2217305,1.0471976,-0.25219855,0.014423043,0.0,0.0,1
115628896,-1.2217305,1.0471976,-0.25171235,0.014423043,0.0,0.0,1
115648598,-1.2217305,1.0471976,-0.25112966,0.014423043,0.0,0.0,1
115663670,-1.2217305,1.0471976,-0.2506251,0.014423043,0.0,0.0,1
115688038,-1.2217305,1.0471976,-0.24963704,0.014423043,0.0,0.0,1
115707767,-1.2217305,1.0471976,-0.25407887,0.014423043,0.0,0.0,1
115722846,-1.2217305,1.0471976,-0.25365794,0.014423043,0.0,0.0,1
115747135,-1.2217305,1.0471976,-0.25294062,0.014423043,0.0,0.0,1
115766919,-1.2217305,1.0471976,-0.252754,0.014423043,0.0,0.0,1
115786600,-1.2217305,1.0471976,-0.24820161,0.014423043,0.0,0.0,1
115806241,-1.2217305,1.0471976,-0.254165,0.014423043,0.0,0.0,1
115825927,-1.2217305,1.0471976,-0.2496047,0.014423043,0.0,0.0,1
115845626,-1.2217305,1.0471976,-0.24990812,0.014423043,0.0,0.0,1
115865326,-1.2217305,1.0471976,-0.25039494,0.014423043,0.0,0.0,1
115885066,-1.2217305,1.0471976,-0.25131795,0.014423043,0.0,0.0,1
115904733,-1.2217305,1.0471976,-0.2524103,0.014423043,0.0,0.0,1
115929645,-1.2217305,1.0471976,-0.25333995,0.014423043,0.0,0.0,1
115944142,-1.2217305,1.0471976,-0.25361615,0.014423043,0.0,0.0,1
115963881,-1.2217305,1.0471976,-0.25902078,0.014423043,0.0,0.0,1
115988787,-1.2217305,1.0471976,-0.25434953,0.014423043,0.0,0.0,1
116003256,-1.2217305,1.0471976,-0.2596247,0.014423043,0.0,0.0,1
116028163,-1.2217305,1.0471976,-0.25523964,0.014423043,0.0,0.0,1
116047830,-1.2217305,1.0471976,-0.25593397,0.014423043,0.0,0.0,1
116067719,-1.2217305,1.0471976,-0.25713867,0.014423043,0.0,0.0,1
116087286,-1.2217305,1.0471976,-0.25930178,0.014423043,0.0,0.0,1
116106954,-1.2217305,1.0471976,-0.26190978,0.014423043,0.0,0.0,1
116126670,-1.2217305,1.0471976,-0.26312396,0.014423043,0.0,0.0,1
116146424,-1.2217305,1.0471976,-0.26681623,0.014423043,0.0,0.0,1
116166244,-1.2217305,1.0471976,-0.26933458,0.014423043,0.0,0.0,1
116185882,-1.2217305,1.0471976,-0.2716903,0.014423043,0.0,0.0,1
116210160,-1.2217305,1.0471976,-0.27401003,0.014423043,0.0,0.0,1
116225173,-1.2217305,1.0471976,-0.27515724,0.014423043,0.0,0.0,1
116244877,-1.2217305,1.0471976,-0.28159103,0.014423043,0.0,0.0,1
116269242,-1.2217305,1.0471976,-0.2783759,0.014423043,0.0,0.0,1
116284343,-1.2217305,1.0471976,-0.27928022,0.014423043,0.0,0.0,1
116304016,-1.2217305,1.0471976,-0.27991936,0.014423043,0.0,0.0,1
116328384,-1.2217305,1.0471976,-0.28554615,0.014423043,0.0,0.0,1
116348079,-1.2217305,1.0471976,-0.28634545,0.014423043,0.0,0.0,1
116363168,-1.2217305,1.0471976,-0.2871714,0.014423043,0.0,0.0,1
116387526,-1.2217305,1.0471976,-0.28342107,0.014423043,0.0,0.0,1
116407163,-1.2217305,1.0471976,-0.2840278,0.014423043,0.0,0.0,1
116426860,-1.2217305,1.0471976,-0.28933838,0.014423043,0.0,0.0,1
116446603,-1.2217305,1.0471976,-0.2848381,0.014423043,0.0,0.0,1
116466288,-1.2217305,1.0471976,-0.2855324,0.014423043,0.0,0.0,1
116485977,-1.2217305,1.0471976,-0.28659618,0.014423043,0.0,0.0,1
116505683,-1.2217305,1.0471976,-0.2880883,0.014423043,0.0,0.0,1
116525372,-1.2217305,1.0471976,-0.29472432,0.014423043,0.0,0.0,1
116545075,-1.2217305,1.0471976,-0.29672375,0.014423043,0.0,0.0,1
116564890,-1.2217305,1.0471976,-0.2994914,0.014423043,0.0,0.0,1
116584574,-1.2217305,1.0471976,-0.30296516,0.014423043,0.0,0.0,1
116609717,-1.2217305,1.0471976,-0.30255204,0.014423043,0.0,0.0,1
116629087,-1.2217305,1.0471976,-0.3109752,0.014423043,0.0,0.0,1
116643594,-1.2217305,1.0471976,-0.31341523,0.014423043,0.0,0.0,1
116668679,-1.2217305,1.0471976,-0.3171414,0.014423043,0.0,0.0,1
116688180,-1.2217305,1.0471976,-0.31484693,0.014423043,0.0,0.0,1
116702708,-1.2217305,1.0471976,-0.31645337,0.014423043,0.0,0.0,1
116727646,-1.2217305,1.0471976,-0.32324755,0.014423043,0.0,0.0,1
116747244,-1.2217305,1.0471976,-0.32437757,0.014423043,0.0,0.0,1
116767258,-1.2217305,1.0471976,-0.32496312,0.014423043,0.0,0.0,1
116786808,-1.2217305,1.0471976,-0.3254197,0.014423043,0.0,0.0,1
116806485,-1.2217305,1.0471976,-0.32539803,0.014423043,0.0,0.0,1
116826177,-1.2217305,1.0471976,-0.3253135,0.014423043,0.0,0.0,1
116845883,-1.2217305,1.0471976,-0.32546026,0.014423043,0.0,0.0,1
116865744,-1.2217305,1.0471976,-0.32524487,0.014423043,0.0,0.0,1
116885256,-1.2217305,1.0471976,-0.3186353,0.014423043,0.0,0.0,1
116909658,-1.2217305,1.0471976,-0.3192332,0.014423043,0.0,0.0,1
116924624,-1.2217305,1.0471976,-0.31856725,0.014423043,0.0,0.0,1
116944328,-1.2217305,1.0471976,-0.3179929,0.014423043,0.0,0.0,1
116969165,-1.2217305,1.0471976,-0.3175148,0.014423043,0.0,0.0,1
116983831,-1.2217305,1.0471976,-0.3173658,0.014423043,0.0,0.0,1
117008136,-1.2217305,1.0471976,-0.3171983,0.014423043,0.0,0.0,1
117027802,-1.2217305,1.0471976,-0.31718242,0.014423043,0.0,0.0,1
117047516,-1.2217305,1.0471976,-0.31756437,0.014423043,0.0,0.0,1
117067213,-1.2217305,1.0471976,-0.3181343,0.014423043,0.0,0.0,1
117086914,-1.2217305,1.0471976,-0.31898305,0.014423043,0.0,0.0,1
117106615,-1.2217305,1.0471976,-0.3199653,0.014423043,0.0,0.0,1
117126331,-1.2217305,1.0471976,-0.32567847,0.014423043,0.0,0.0,1
117146019,-1.2217305,1.0471976,-0.3218778,0.014423043,0.0,0.0,1
117165770,-1.2217305,1.0471976,-0.32813886,0.014423043,0.0,0.0,1
117185468,-1.2217305,1.0471976,-0.3294694,0.014423043,0.0,0.0,1
117205125,-1.2217305,1.0471976,-0.32582584,0.014423043,0.0,0.0,1
117224838,-1.2217305,1.0471976,-0.3269781,0.014423043,0.0,0.0,1
117249716,-1.2217305,1.0471976,-0.3288409,0.014423043,0.0,0.0,1
117264234,-1.2217305,1.0471976,-0.33522248,0.014423043,0.0,0.0,1
117283946,-1.2217305,1.0471976,-0.33703074,0.014423043,0.0,0.0,1
117308803,-1.2217305,1.0471976,-0.33384028,0.014423043,0.0,0.0,1
117328524,-1.2217305,1.0471976,-0.33538282,0.014423043,0.0,0.0,1
117343098,-1.2217305,1.0471976,-0.33676338,0.014423043,0.0,0.0,1
117368622,-1.2217305,1.0471976,-0.34418672,0.014423043,0.0,0.0,1
117387951,-1.2217305,1.0471976,-0.34627268,0.014423043,0.0,0.0,1
117407814,-1.2217305,1.0471976,-0.34827325,0.014423043,0.0,0.0,1
117427081,-1.2217305,1.0471976,-0.3456145,0.014423043,0.0,0.0,1
117446796,-1.2217305,1.0471976,-0.3481451,0.014423043,0.0,0.0,1
117466746,-1.2217305,1.0471976,-0.35046127,0.014423043,0.0,0.0,1
117486236,-1.2217305,1.0471976,-0.35639626,0.014423043,0.0,0.0,1
117505910,-1.2217305,1.0471976,-0.3555756,0.014423043,0.0,0.0,1
117525624,-1.2217305,1.0471976,-0.35813624,0.014423043,0.0,0.0,1
117545292,-1.2217305,1.0471976,-0.36075625,0.014423043,0.0,0.0,1
117565006,-1.2217305,1.0471976,-0.3633878,0.014423043,0.0,0.0,1
117584756,-1.2217305,1.0471976,-0.3659216,0.014423043,0.0,0.0,1
117604408,-1.2217305,1.0471976,-0.36759058,0.014423043,0.0,0.0,1
117624125,-1.2217305,1.0471976,-0.36864316,0.014423043,0.0,0.0,1
117648456,-1.2217305,1.0471976,-0.37404862,0.014423043,0.0,0.0,1
117668149,-1.2217305,1.0471976,-0.36893517,0.014423043,0.0,0.0,1
117683192,-1.2217305,1.0471976,-0.36857772,0.014423043,0.0,0.0,1
117707584,-1.2217305,1.0471976,-0.36728987,0.014423043,0.0,0.0,1
117727262,-1.2217305,1.0471976,-0.37132108,0.014423043,0.0,0.0,1
117747039,-1.2217305,1.0471976,-0.3712445,0.014423043,0.0,0.0,1
117767112,-1.2217305,1.0471976,-0.37147725,0.014423043,0.0,0.0,1
117786711,-1.2217305,1.0471976,-0.36688104,0.014423043,0.0,0.0,1
117806073,-1.2217305,1.0471976,-0.36711556,0.014423043,0.0,0.0,1
117825784,-1.2217305,1.0471976,-0.3719938,0.014423043,0.0,0.0,1
117845490,-1.2217305,1.0471976,-0.36732796,0.014423043,0.0,0.0,1
117865176,-1.2217305,1.0471976,-0.36749673,0.014423043,0.0,0.0,1
117890074,-1.2217305,1.0471976,-0.37259904,0.014423043,0.0,0.0,1
117904622,-1.2217305,1.0471976,-0.36789185,0.014423043,0.0,0.0,1
117924286,-1.2217305,1.0471976,-0.372641,0.014423043,0.0,0.0,1
117949247,-1.2217305,1.0471976,-0.3722797,0.014423043,0.0,0.0,1
117963755,-1.2217305,1.0471976,-0.3720038,0.014423043,0.0,0.0,1
117983464,-1.2217305,1.0471976,-0.370389,0.014423043,0.0,0.0,1
118008351,-1.2217305,1.0471976,-0.36731055,0.014423043,0.0,0.0,1
118028005,-1.2217305,1.0471976,-0.37196165,0.014423043,0.0,0.0,1
118047745,-1.2217305,1.0471976,-0.36692223,0.014423043,0.0,0.0,1
118067583,-1.2217305,1.0471976,-0.36738932,0.014423043,0.0,0.0,1
118087107,-1.2217305,1.0471976,-0.37300146,0.014423043,0.0,0.0,1
118106851,-1.2217305,1.0471976,-0.37384185,0.014423043,0.0,0.0,1
118126536,-1.2217305,1.0471976,-0.3696973,0.014423043,0.0,0.0,1
118146301,-1.2217305,1.0471976,-0.37048298,0.014423043,0.0,0.0,1
118166258,-1.2217305,1.0471976,-0.3764908,0.014423043,0.0,0.0,1
118186015,-1.2217305,1.0471976,-0.37764898,0.014423043,0.0,0.0,1
118205361,-1.2217305,1.0471976,-0.3738461,0.014423043,0.0,0.0,1
118229700,-1.2217305,1.0471976,-0.37522027,0.014423043,0.0,0.0,1
118244733,-1.2217305,1.0471976,-0.3807729,0.014423043,0.0,0.0,1
118264429,-1.2217305,1.0471976,-0.37705237,0.014423043,0.0,0.0,1
118288804,-1.2217305,1.0471976,-0.37849888,0.014423043,0.0,0.0,1
118308511,-1.2217305,1.0471976,-0.38417238,0.014423043,0.0,0.0,1
118323532,-1.2217305,1.0471976,-0.3796527,0.014423043,0.0,0.0,1
118347911,-1.2217305,1.0471976,-0.38429007,0.014423043,0.0,0.0,1
118367632,-1.2217305,1.0471976,-0.37896243,0.014423043,0.0,0.0,1
118382692,-1.2217305,1.0471976,-0.37832567,0.014423043,0.0,0.0,1
118407016,-1.2217305,1.0471976,-0.3768552,0.014423043,0.0,0.0,1
118426715,-1.2217305,1.0471976,-0.3755586,0.014423043,0.0,0.0,1
118446425,-1.2217305,1.0471976,-0.37447134,0.014423043,0.0,0.0,1
118466173,-1.2217305,1.0471976,-0.37867457,0.014423043,0.0,0.0,1
118485844,-1.2217305,1.0471976,-0.37854463,0.014423043,0.0,0.0,1
118505528,-1.2217305,1.0471976,-0.37894017,0.014423043,0.0,0.0,1
118525232,-1.2217305,1.0471976,-0.37445936,0.014423043,0.0,0.0,1
118544994,-1.2217305,1.0471976,-0.37492442,0.014423043,0.0,0.0,1
118565023,-1.2217305,1.0471976,-0.37610698,0.014423043,0.0,0.0,1
118589670,-1.2217305,1.0471976,-0.37842116,0.014423043,0.0,0.0,1
118604078,-1.2217305,1.0471976,-0.3798609,0.014423043,0.0,0.0,1
118628989,-1.2217305,1.0471976,-0.3871226,0.014423043,0.0,0.0,1
118648643,-1.2217305,1.0471976,-0.38925818,0.014423043,0.0,0.0,1
118663177,-1.2217305,1.0471976,-0.3860184,0.014423043,0.0,0.0,1
118688064,-1.2217305,1.0471976,-0.38881063,0.014423043,0.0,0.0,1
118707754,-1.2217305,1.0471976,-0.3913599,0.014423043,0.0,0.0,1
118727427,-1.2217305,1.0471976,-0.39874375,0.014423043,0.0,0.0,1
118747212,-1.2217305,1.0471976,-0.401262,0.014423043,0.0,0.0,1
118767088,-1.2217305,1.0471976,-0.39894813,0.014423043,0.0,0.0,1
118786599,-1.2217305,1.0471976,-0.40104112,0.014423043,0.0,0.0,1
118806306,-1.2217305,1.0471976,-0.402915,0.014423043,0.0,0.0,1
118825979,-1.2217305,1.0471976,-0.40475672,0.014423043,0.0,0.0,1
118845754,-1.2217305,1.0471976,-0.40655434,0.014423043,0.0,0.0,1
118870031,-1.2217305,1.0471976,-0.40911525,0.014423043,0.0,0.0,1
118885088,-1.2217305,1.0471976,-0.41056752,0.014423043,0.0,0.0,1
118904779,-1.2217305,1.0471976,-0.4123784,0.014423043,0.0,0.0,1
118929140,-1.2217305,1.0471976,-0.41466704,0.014423043,0.0,0.0,1
118944252,-1.2217305,1.0471976,-0.42103752,0.014423043,0.0,0.0,1
118964633,-1.2217305,1.0471976,-0.41835597,0.014423043,0.0,0.0,1
118988254,-1.2217305,1.0471976,-0.42068678,0.014423043,0.0,0.0,1
119007962,-1.2217305,1.0471976,-0.42289597,0.014423043,0.0,0.0,1
119027667,-1.2217305,1.0471976,-0.4256507,0.014423043,0.0,0.0,1
119047355,-1.2217305,1.0471976,-0.42866895,0.014423043,0.0,0.0,1
119067061,-1.2217305,1.0471976,-0.4320209,0.014423043,0.0,0.0,1
119086784,-1.2217305,1.0471976,-0.4359601,0.014423043,0.0,0.0,1
119106495,-1.2217305,1.0471976,-0.44038108,0.014423043,0.0,0.0,1
119126237,-1.2217305,1.0471976,-0.44500285,0.014423043,0.0,0.0,1
119145939,-1.2217305,1.0471976,-0.44942823,0.014423043,0.0,0.0,1
119165642,-1.2217305,1.0471976,-0.4539518,0.014423043,0.0,0.0,1
119185335,-1.2217305,1.0471976,-0.458669,0.014423043,0.0,0.0,1
119205044,-1.2217305,1.0471976,-0.46357414,0.014423043,0.0,0.0,1
119224685,-1.2217305,1.0471976,-0.46868306,0.014423043,0.0,0.0,1
119244389,-1.2217305,1.0471976,-0.4786769,0.014423043,0.0,0.0,1
119269495,-1.2217305,1.0471976,-0.48576537,0.014423043,0.0,0.0,1
119288976,-1.2217305,1.0471976,-0.48694423,0.014423043,0.0,0.0,1
119303496,-1.2217305,1.0471976,-0.49125585,0.014423043,0.0,0.0,1
119328368,-1.2217305,1.0471976,-0.50281,0.014423043,0.0,0.0,1
119348095,-1.2217305,1.0471976,-0.5025828,0.014423043,0.0,0.0,1
119362979,-1.2217305,1.0471976,-0.5096929,0.014423043,0.0,0.0,1
119387582,-1.2217305,1.0471976,-0.5125747,0.014423043,0.0,0.0,1
119407262,-1.2217305,1.0471976,-0.508744,0.014423043,0.0,0.0,1
119426961,-1.2217305,1.0471976,-0.50848985,0.014423043,0.0,0.0,1
119446612,-1.2217305,1.0471976,-0.5054693,0.014423043,0.0,0.0,1
119466540,-1.2217305,1.0471976,-0.51003563,0.014423043,0.0,0.0,1
119486078,-1.2217305,1.0471976,-0.50752413,0.014423043,0.0,0.0,1
119505724,-1.2217305,1.0471976,-0.4999554,0.014423043,0.0,0.0,1
119525422,-1.2217305,1.0471976,-0.49656817,0.014423043,0.0,0.0,1
119545154,-1.2217305,1.0471976,-0.493093,0.014423043,0.0,0.0,1
119569520,-1.2217305,1.0471976,-0.48938808,0.014423043,0.0,0.0,1
119584576,-1.2217305,1.0471976,-0.49227527,0.014423043,0.0,0.0,1
119604297,-1.2217305,1.0471976,-0.490059,0.014423043,0.0,0.0,1
119628606,-1.2217305,1.0471976,-0.4870085,0.014423043,0.0,0.0,1
119643692,-1.2217305,1.0471976,-0.48488075,0.014423043,0.0,0.0,1
119668009,-1.2217305,1.0471976,-0.48117703,0.014423043,0.0,0.0,1
119687716,-1.2217305,1.0471976,-0.47843432,0.014423043,0.0,0.0,1
119707416,-1.2217305,1.0471976,-0.47123355,0.014423043,0.0,0.0,1
119727113,-1.2217305,1.0471976,-0.47344306,0.014423043,0.0,0.0,1
119746867,-1.2217305,1.0471976,-0.4709042,0.014423043,0.0,0.0,1
119766676,-1.2217305,1.0471976,-0.4682546,0.014423043,0.0,0.0,1
119786304,-1.2217305,1.0471976,-0.46105453,0.014423043,0.0,0.0,1
119805902,-1.2217305,1.0471976,-0.45822927,0.014423043,0.0,0.0,1
119825678,-1.2217305,1.0471976,-0.45987278,0.014423043,0.0,0.0,1
119845335,-1.2217305,1.0471976,-0.4572731,0.014423043,0.0,0.0,1
119865033,-1.2217305,1.0471976,-0.45046815,0.014423043,0.0,0.0,1
119884750,-1.2217305,1.0471976,-0.4486518,0.014423043,0.0,0.0,1
119909642,-1.2217305,1.0471976,-0.44623575,0.014423043,0.0,0.0,1
119924147,-1.2217305,1.0471976,-0.4446659,0.014423043,0.0,0.0,1
119943853,-1.2217305,1.0471976,-0.4473696,0.014423043,0.0,0.0,1
119969009,-1.2217305,1.0471976,-0.44003624,0.014423043,0.0,0.0,1
119988492,-1.2217305,1.0471976,-0.43746904,0.014423043,0.0,0.0,1
120002960,-1.2217305,1.0471976,-0.4353049,0.014423043,0.0,0.0,1
120027829,-1.2217305,1.0471976,-0.43175694,0.014423043,0.0,0.0,1
120047542,-1.2217305,1.0471976,-0.42895254,0.014423043,0.0,0.0,1
120067445,-1.2217305,1.0471976,-0.4261241,0.014423043,0.0,0.0,1
120086968,-1.2217305,1.0471976,-0.4280297,0.014423043,0.0,0.0,1
120106690,-1.2217305,1.0471976,-0.42027548,0.014423043,0.0,0.0,1
120126383,-1.2217305,1.0471976,-0.42225567,0.014423043,0.0,0.0,1
120146117,-1.2217305,1.0471976,-0.4152377,0.014423043,0.0,0.0,1
120165880,-1.2217305,1.0471976,-0.41309884,0.014423043,0.0,0.0,1
120185606,-1.2217305,1.0471976,-0.41035795,0.014423043,0.0,0.0,1
120205198,-1.2217305,1.0471976,-0.4067062,0.014423043,0.0,0.0,1
120224934,-1.2217305,1.0471976,-0.40225232,0.014423043,0.0,0.0,1
120244625,-1.2217305,1.0471976,-0.4023858,0.014423043,0.0,0.0,1
120268988,-1.2217305,1.0471976,-0.3962545,0.014423043,0.0,0.0,1
120284037,-1.2217305,1.0471976,-0.38734046,0.014423043,0.0,0.0,1
120308384,-1.2217305,1.0471976,-0.3802746,0.014423043,0.0,0.0,1
120328095,-1.2217305,1.0471976,-0.3797463,0.014423043,0.0,0.0,1
120343138,-1.2217305,1.0471976,-0.3709541,0.014423043,0.0,0.0,1
120367527,-1.2217305,1.0471976,-0.36467472,0.014423043,0.0,0.0,1
120387168,-1.2217305,1.0471976,-0.35931966,0.014423043,0.0,0.0,1
120406873,-1.2217305,1.0471976,-0.3589488,0.014423043,0.0,0.0,1
120426573,-1.2217305,1.0471976,-0.35396647,0.014423043,0.0,0.0,1
120446295,-1.2217305,1.0471976,-0.34871632,0.014423043,0.0,0.0,1
120465981,-1.2217305,1.0471976,-0.33742774,0.014423043,0.0,0.0,1
120485704,-1.2217305,1.0471976,-0.33480272,0.014423043,0.0,0.0,1
120505384,-1.2217305,1.0471976,-0.32599273,0.014423043,0.0,0.0,1
120525082,-1.2217305,1.0471976,-0.31162757,0.014423043,0.0,0.0,1
120550250,-1.2217305,1.0471976,-0.2995241,0.014423043,0.0,0.0,1
120564583,-1.2217305,1.0471976,-0.2916131,0.014423043,0.0,0.0,1
120584203,-1.2217305,1.0471976,-0.2810956,0.014423043,0.0,0.0,1
120609074,-1.2217305,1.0471976,-0.26880327,0.014423043,0.0,0.0,1
120623606,-1.2217305,1.0471976,-0.26171687,0.014423043,0.0,0.0,1
120643300,-1.2217305,1.0471976,-0.25313917,0.014423043,0.0,0.0,1
120668383,-1.2217305,1.0471976,-0.2442863,0.014423043,0.0,0.0,1
120687889,-1.2217305,1.0471976,-0.23854472,0.014423043,0.0,0.0,1
120707571,-1.2217305,1.0471976,-0.23388779,0.014423043,0.0,0.0,1
120727303,-1.2217305,1.0471976,-0.23521914,0.014423043,0.0,0.0,1
120747068,-1.2217305,1.0471976,-0.22699139,0.014423043,0.0,0.0,1
120766988,-1.2217305,1.0471976,-0.22949524,0.014423043,0.0,0.0,1
120786511,-1.2217305,1.0471976,-0.2224697,0.014423043,0.0,0.0,1
120806183,-1.2217305,1.0471976,-0.22154051,0.014423043,0.0,0.0,1
120825779,-1.2217305,1.0471976,-0.22165227,0.014423043,0.0,0.0,1
120845539,-1.2217305,1.0471976,-0.22227749,0.014423043,0.0,0.0,1
120865475,-1.2217305,1.0471976,-0.2233535,0.014423043,0.0,0.0,1
120889603,-1.2217305,1.0471976,-0.22530316,0.014423043,0.0,0.0,1
120904665,-1.2217305,1.0471976,-0.22660471,0.014423043,0.0,0.0,1
120924392,-1.2217305,1.0471976,-0.22842939,0.014423043,0.0,0.0,1
120949042,-1.2217305,1.0471976,-0.23110183,0.014423043,0.0,0.0,1
120968906,-1.2217305,1.0471976,-0.23390798,0.014423043,0.0,0.0,1
120983608,-1.2217305,1.0471976,-0.23570956,0.014423043,0.0,0.0,1
121007837,-1.2217305,1.0471976,-0.24245119,0.014423043,0.0,0.0,1
121027507,-1.2217305,1.0471976,-0.23788372,0.014423043,0.0,0.0,1
121042598,-1.2217305,1.0471976,-0.23831077,0.014423043,0.0,0.0,1
121066920,-1.2217305,1.0471976,-0.23925069,0.014423043,0.0,0.0,1
121086624,-1.2217305,1.0471976,-0.23961076,0.014423043,0.0,0.0,1
121106343,-1.2217305,1.0471976,-0.24517879,0.014423043,0.0,0.0,1
121126036,-1.2217305,1.0471976,-0.24067749,0.014423043,0.0,0.0,1
121145775,-1.2217305,1.0471976,-0.24624476,0.014423043,0.0,0.0,1
121165470,-1.2217305,1.0471976,-0.24186997,0.014423043,0.0,0.0,1
121185147,-1.2217305,1.0471976,-0.24180385,0.014423043,0.0,0.0,1
121204847,-1.2217305,1.0471976,-0.24150151,0.014423043,0.0,0.0,1
121224520,-1.2217305,1.0471976,-0.24121037,0.014423043,0.0,0.0,1
121249413,-1.2217305,1.0471976,-0.24069832,0.014423043,0.0,0.0,1
121263951,-1.2217305,1.0471976,-0.24076478,0.014423043,0.0,0.0,1
121288840,-1.2217305,1.0471976,-0.24106383,0.014423043,0.0,0.0,1
121308540,-1.2217305,1.0471976,-0.24128944,0.014423043,0.0,0.0,1
121323055,-1.2217305,1.0471976,-0.24128644,0.014423043,0.0,0.0,1
121348242,-1.2217305,1.0471976,-0.24069524,0.014423043,0.0,0.0,1
121368317,-1.2217305,1.0471976,-0.24067844,0.014423043,0.0,0.0,1
121387718,-1.2217305,1.0471976,-0.2464427,0.014423043,0.0,0.0,1
121407100,-1.2217305,1.0471976,-0.24278788,0.014423043,0.0,0.0,1
121426803,-1.2217305,1.0471976,-0.25009236,0.014423043,0.0,0.0,1
121446568,-1.2217305,1.0471976,-0.2474004,0.014423043,0.0,0.0,1
121466472,-1.2217305,1.0471976,-0.25014976,0.014423043,0.0,0.0,1
121485929,-1.2217305,1.0471976,-0.25318867,0.014423043,0.0,0.0,1
121505637,-1.2217305,1.0471976,-0.26100805,0.014423043,0.0,0.0,1
121529996,-1.2217305,1.0471976,-0.2589409,0.014423043,0.0,0.0,1
121545015,-1.2217305,1.0471976,-0.2608049,0.014423043,0.0,0.0,1
121564911,-1.2217305,1.0471976,-0.2637725,0.014423043,0.0,0.0,1
121589085,-1.2217305,1.0471976,-0.26752883,0.014423043,0.0,0.0,1
121604088,-1.2217305,1.0471976,-0.26975358,0.014423043,0.0,0.0,1
121623791,-1.2217305,1.0471976,-0.27793774,0.014423043,0.0,0.0,1
121648152,-1.2217305,1.0471976,-0.28166828,0.014423043,0.0,0.0,1
121667862,-1.2217305,1.0471976,-0.2802705,0.014423043,0.0,0.0,1
121687581,-1.2217305,1.0471976,-0.28400686,0.014423043,0.0,0.0,1
121707264,-1.2217305,1.0471976,-0.28655374,0.014423043,0.0,0.0,1
121726983,-1.2217305,1.0471976,-0.28782433,0.014423043,0.0,0.0,1
121746972,-1.2217305,1.0471976,-0.28815204,0.014423043,0.0,0.0,1
121766863,-1.2217305,1.0471976,-0.29307887,0.014423043,0.0,0.0,1
121786110,-1.2217305,1.0471976,-0.28776562,0.014423043,0.0,0.0,1
121805803,-1.2217305,1.0471976,-0.28670302,0.014423043,0.0,0.0,1
121825488,-1.2217305,1.0471976,-0.2896992,0.014423043,0.0,0.0,1
121845134,-1.2217305,1.0471976,-0.2876555,0.014423043,0.0,0.0,1
121864893,-1.2217305,1.0471976,-0.28065547,0.014423043,0.0,0.0,1
121884593,-1.2217305,1.0471976,-0.28388608,0.014423043,0.0,0.0,1
121904290,-1.2217305,1.0471976,-0.27718484,0.014423043,0.0,0.0,1
121929168,-1.2217305,1.0471976,-0.2802991,0.014423043,0.0,0.0,1
121948920,-1.2217305,1.0471976,-0.27870527,0.014423043,0.0,0.0,1
121963434,-1.2217305,1.0471976,-0.27770674,0.014423043,0.0,0.0,1
121988341,-1.2217305,1.0471976,-0.27063742,0.014423043,0.0,0.0,1
122008021,-1.2217305,1.0471976,-0.2689933,0.014423043,0.0,0.0,1
122022511,-1.2217305,1.0471976,-0.2730016,0.014423043,0.0,0.0,1
122047420,-1.2217305,1.0471976,-0.26646027,0.014423043,0.0,0.0,1
122067333,-1.2217305,1.0471976,-0.26562375,0.014423043,0.0,0.0,1
122086876,-1.2217305,1.0471976,-0.26532918,0.014423043,0.0,0.0,1
122106598,-1.2217305,1.0471976,-0.27112973,0.014423043,0.0,0.0,1
122126298,-1.2217305,1.0471976,-0.26758248,0.014423043,0.0,0.0,1
122146261,-1.2217305,1.0471976,-0.27440903,0.014423043,0.0,0.0,1
122165930,-1.2217305,1.0471976,-0.27635327,0.014423043,0.0,0.0,1
122185607,-1.2217305,1.0471976,-0.2785345,0.014423043,0.0,0.0,1
122205038,-1.2217305,1.0471976,-0.27611157,0.014423043,0.0,0.0,1
122229415,-1.2217305,1.0471976,-0.28042513,0.014423043,0.0,0.0,1
122244444,-1.2217305,1.0471976,-0.28358826,0.014423043,0.0,0.0,1
122264142,-1.2217305,1.0471976,-0.28810793,0.014423043,0.0,0.0,1
122288513,-1.2217305,1.0471976,-0.29341903,0.014423043,0.0,0.0,1
122303578,-1.2217305,1.0471976,-0.29648376,0.014423043,0.0,0.0,1
122327912,-1.2217305,1.0471976,-0.3074457,0.014423043,0.0,0.0,1
122347642,-1.2217305,1.0471976,-0.3085197,0.014423043,0.0,0.0,1
122367361,-1.2217305,1.0471976,-0.3152069,0.014423043,0.0,0.0,1
122387028,-1.2217305,1.0471976,-0.32193285,0.014423043,0.0,0.0,1
122406728,-1.2217305,1.0471976,-0.3275961,0.014423043,0.0,0.0,1
122426449,-1.2217305,1.0471976,-0.33661014,0.014423043,0.0,0.0,1
122446134,-1.2217305,1.0471976,-0.34415802,0.014423043,0.0,0.0,1
122465848,-1.2217305,1.0471976,-0.35125983,0.014423043,0.0,0.0,1
122485556,-1.2217305,1.0471976,-0.3577554,0.014423043,0.0,0.0,1
122510410,-1.2217305,1.0471976,-0.36576027,0.014423043,0.0,0.0,1
122524964,-1.2217305,1.0471976,-0.37029296,0.014423043,0.0,0.0,1
122544997,-1.2217305,1.0471976,-0.3758683,0.014423043,0.0,0.0,1
122569862,-1.2217305,1.0471976,-0.38755834,0.014423043,0.0,0.0,1
122584057,-1.2217305,1.0471976,-0.38650885,0.014423043,0.0,0.0,1
122603825,-1.2217305,1.0471976,-0.39151004,0.014423043,0.0,0.0,1
122628674,-1.2217305,1.0471976,-0.39801893,0.014423043,0.0,0.0,1
122648395,-1.2217305,1.0471976,-0.4081937,0.014423043,0.0,0.0,1
122662896,-1.2217305,1.0471976,-0.41218853,0.014423043,0.0,0.0,1
122687782,-1.2217305,1.0471976,-0.41324383,0.014423043,0.0,0.0,1
122707486,-1.2217305,1.0471976,-0.4169326,0.014423043,0.0,0.0,1
122727167,-1.2217305,1.0471976,-0.42459476,0.014423043,0.0,0.0,1
122746896,-1.2217305,1.0471976,-0.42625353,0.014423043,0.0,0.0,1
122766654,-1.2217305,1.0471976,-0.42213237,0.014423043,0.0,0.0,1
122786379,-1.2217305,1.0471976,-0.42209214,0.014423043,0.0,0.0,1
122805990,-1.2217305,1.0471976,-0.42165348,0.014423043,0.0,0.0,1
122825729,-1.2217305,1.0471976,-0.42101192,0.014423043,0.0,0.0,1
122845380,-1.2217305,1.0471976,-0.42486906,0.014423043,0.0,0.0,1
122865250,-1.2217305,1.0471976,-0.42380288,0.014423043,0.0,0.0,1
122884865,-1.2217305,1.0471976,-0.4181145,0.014423043,0.0,0.0,1
122909158,-1.2217305,1.0471976,-0.41706592,0.014423043,0.0,0.0,1
122928859,-1.2217305,1.0471976,-0.41623423,0.014423043,0.0,0.0,1
122944226,-1.2217305,1.0471976,-0.41609633,0.014423043,0.0,0.0,1
122968263,-1.2217305,1.0471976,-0.4217005,0.014423043,0.0,0.0,1
122987975,-1.2217305,1.0471976,-0.4186903,0.014423043,0.0,0.0,1
123003033,-1.2217305,1.0471976,-0.42539057,0.014423043,0.0,0.0,1
123027369,-1.2217305,1.0471976,-0.4250497,0.014423043,0.0,0.0,1
123047082,-1.2217305,1.0471976,-0.43001494,0.014423043,0.0,0.0,1
123066787,-1.2217305,1.0471976,-0.44069383,0.014423043,0.0,0.0,1
123086481,-1.2217305,1.0471976,-0.44708553,0.014423043,0.0,0.0,1
123106212,-1.2217305,1.0471976,-0.45369536,0.014423043,0.0,0.0,1
123125897,-1.2217305,1.0471976,-0.45538652,0.014423043,0.0,0.0,1
123145616,-1.2217305,1.0471976,-0.46197528,0.014423043,0.0,0.0,1
123165353,-1.2217305,1.0471976,-0.46815267,0.014423043,0.0,0.0,1
123184996,-1.2217305,1.0471976,-0.47762185,0.014423043,0.0,0.0,1
123209923,-1.2217305,1.0471976,-0.48178998,0.014423043,0.0,0.0,1
123224432,-1.2217305,1.0471976,-0.48364308,0.014423043,0.0,0.0,1
123244141,-1.2217305,1.0471976,-0.48112488,0.014423043,0.0,0.0,1
123269221,-1.2217305,1.0471976,-0.48739552,0.014423043,0.0,0.0,1
123283549,-1.2217305,1.0471976,-0.48751754,0.014423043,0.0,0.0,1
123308456,-1.2217305,1.0471976,-0.48293412,0.014423043,0.0,0.0,1
123328131,-1.2217305,1.0471976,-0.4877289,0.014423043,0.0,0.0,1
123347978,-1.2217305,1.0471976,-0.48304772,0.014423043,0.0,0.0,1
123367789,-1.2217305,1.0471976,-0.4827481,0.014423043,0.0,0.0,1
123387247,-1.2217305,1.0471976,-0.4817335,0.014423043,0.0,0.0,1
123406952,-1.2217305,1.0471976,-0.48025087,0.014423043,0.0,0.0,1
123426652,-1.2217305,1.0471976,-0.48349684,0.014423043,0.0,0.0,1
123446378,-1.2217305,1.0471976,-0.4781975,0.014423043,0.0,0.0,1
123466275,-1.2217305,1.0471976,-0.47823834,0.014423043,0.0,0.0,1
123485761,-1.2217305,1.0471976,-0.47856823,0.014423043,0.0,0.0,1
123505433,-1.2217305,1.0471976,-0.4836167,0.014423043,0.0,0.0,1
123525139,-1.2217305,1.0471976,-0.48449937,0.014423043,0.0,0.0,1
123549552,-1.2217305,1.0471976,-0.481745,0.014423043,0.0,0.0,1
123564579,-1.2217305,1.0471976,-0.48292533,0.014423043,0.0,0.0,1
123584268,-1.2217305,1.0471976,-0.48949042,0.014423043,0.0,0.0,1
123608620,-1.2217305,1.0471976,-0.49244583,0.014423043,0.0,0.0,1
123628314,-1.2217305,1.0471976,-0.49557862,0.014423043,0.0,0.0,1
123643352,-1.2217305,1.0471976,-0.49375662,0.014423043,0.0,0.0,1
123667724,-1.2217305,1.0471976,-0.49867788,0.014423043,0.0,0.0,1
123687425,-1.2217305,1.0471976,-0.5024718,0.014423043,0.0,0.0,1
123707132,-1.2217305,1.0471976,-0.50643826,0.014423043,0.0,0.0,1
123726841,-1.2217305,1.0471976,-0.51066375,0.014423043,0.0,0.0,1
123746666,-1.2217305,1.0471976,-0.51438427,0.014423043,0.0,0.0,1
123766307,-1.2217305,1.0471976,-0.51764274,0.014423043,0.0,0.0,1
123785984,-1.2217305,1.0471976,-0.5211531,0.014423043,0.0,0.0,1
123805707,-1.2217305,1.0471976,-0.5291581,0.014423043,0.0,0.0,1
123825368,-1.2217305,1.0471976,-0.5281968,0.014423043,0.0,0.0,1
123845058,-1.2217305,1.0471976,-0.53254724,0.014423043,0.0,0.0,1
123864751,-1.2217305,1.0471976,-0.5375813,0.014423043,0.0,0.0,1
123884457,-1.2217305,1.0471976,-0.54361093,0.014423043,0.0,0.0,1
123904154,-1.2217305,1.0471976,-0.55499125,0.014423043,0.0,0.0,1
123923864,-1.2217305,1.0471976,-0.5625917,0.014423043,0.0,0.0,1
123948790,-1.2217305,1.0471976,-0.5682348,0.014423043,0.0,0.0,1
123968660,-1.2217305,1.0471976,-0.57659376,0.014423043,0.0,0.0,1
123982973,-1.2217305,1.0471976,-0.58756363,0.014423043,0.0,0.0,1
124007923,-1.2217305,1.0471976,-0.5985075,0.014423043,0.0,0.0,1
124027558,-1.2217305,1.0471976,-0.60667825,0.014423043,0.0,0.0,1
124047274,-1.2217305,1.0471976,-0.6139561,0.014423043,0.0,0.0,1
124067156,-1.2217305,1.0471976,-0.6201649,0.014423043,0.0,0.0,1
124086681,-1.2217305,1.0471976,-0.6253035,0.014423043,0.0,0.0,1
124106430,-1.2217305,1.0471976,-0.62956107,0.014423043,0.0,0.0,1
124126099,-1.2217305,1.0471976,-0.6287651,0.014423043,0.0,0.0,1
124145916,-1.2217305,1.0471976,-0.63135195,0.014423043,0.0,0.0,1
124165584,-1.2217305,1.0471976,-0.6378223,0.014423043,0.0,0.0,1
124189860,-1.2217305,1.0471976,-0.6353024,0.014423043,0.0,0.0,1
124204919,-1.2217305,1.0471976,-0.6355994,0.014423043,0.0,0.0,1
124224593,-1.2217305,1.0471976,-0.63530374,0.014423043,0.0,0.0,1
124248957,-1.2217305,1.0471976,-0.6336696,0.014423043,0.0,0.0,1
124264214,-1.2217305,1.0471976,-0.63653505,0.014423043,0.0,0.0,1
124283725,-1.2217305,1.0471976,-0.63395774,0.014423043,0.0,0.0,1
124308076,-1.2217305,1.0471976,-0.62498987,0.014423043,0.0,0.0,1
124327811,-1.2217305,1.0471976,-0.6205245,0.014423043,0.0,0.0,1
124347511,-1.2217305,1.0471976,-0.61595917,0.014423043,0.0,0.0,1
124367184,-1.2217305,1.0471976,-0.61143446,0.014423043,0.0,0.0,1
124386928,-1.2217305,1.0471976,-0.6075119,0.014423043,0.0,0.0,1
124406619,-1.2217305,1.0471976,-0.60370123,0.014423043,0.0,0.0,1
124426330,-1.2217305,1.0471976,-0.6000242,0.014423043,0.0,0.0,1
124446025,-1.2217305,1.0471976,-0.6016089,0.014423043,0.0,0.0,1
124465759,-1.2217305,1.0471976,-0.5995276,0.014423043,0.0,0.0,1
124485401,-1.2217305,1.0471976,-0.5936985,0.014423043,0.0,0.0,1
124505111,-1.2217305,1.0471976,-0.5928222,0.014423043,0.0,0.0,1
124524814,-1.2217305,1.0471976,-0.5929135,0.014423043,0.0,0.0,1
124544592,-1.2217305,1.0471976,-0.593989,0.014423043,0.0,0.0,1
124564213,-1.2217305,1.0471976,-0.59543097,0.014423043,0.0,0.0,1
124589132,-1.2217305,1.0471976,-0.60211873,0.014423043,0.0,0.0,1
124608826,-1.2217305,1.0471976,-0.6000122,0.014423043,0.0,0.0,1
124623303,-1.2217305,1.0471976,-0.60203874,0.014423043,0.0,0.0,1
124648191,-1.2217305,1.0471976,-0.60533166,0.014423043,0.0,0.0,1
124668125,-1.2217305,1.0471976,-0.6075251,0.014423043,0.0,0.0,1
124682438,-1.2217305,1.0471976,-0.60894716,0.014423043,0.0,0.0,1
124707317,-1.2217305,1.0471976,-0.6114644,0.014423043,0.0,0.0,1
124727105,-1.2217305,1.0471976,-0.61364985,0.014423043,0.0,0.0,1
124746775,-1.2217305,1.0471976,-0.61588514,0.014423043,0.0,0.0,1
124766674,-1.2217305,1.0471976,-0.6178781,0.014423043,0.0,0.0,1
124786242,-1.2217305,1.0471976,-0.61938107,0.014423043,0.0,0.0,1
124805894,-1.2217305,1.0471976,-0.6205132,0.014423043,0.0,0.0,1
124825531,-1.2217305,1.0471976,-0.62144256,0.014423043,0.0,0.0,1
124845314,-1.2217305,1.0471976,-0.6214508,0.014423043,0.0,0.0,1
124865159,-1.2217305,1.0471976,-0.61986756,0.014423043,0.0,0.0,1
124889317,-1.2217305,1.0471976,-0.6161405,0.014423043,0.0,0.0,1
124904391,-1.2217305,1.0471976,-0.6134478,0.014423043,0.0,0.0,1
124924119,-1.2217305,1.0471976,-0.6098286,0.014423043,0.0,0.0,1
124948539,-1.2217305,1.0471976,-0.6053009,0.014423043,0.0,0.0,1
124963591,-1.2217305,1.0471976,-0.60696447,0.014423043,0.0,0.0,1
124987899,-1.2217305,1.0471976,-0.5977764,0.014423043,0.0,0.0,1
125007561,-1.2217305,1.0471976,-0.59396553,0.014423043,0.0,0.0,1
125027229,-1.2217305,1.0471976,-0.5903287,0.014423043,0.0,0.0,1
125046932,-1.2217305,1.0471976,-0.5873419,0.014423043,0.0,0.0,1
125066657,-1.2217305,1.0471976,-0.5899062,0.014423043,0.0,0.0,1
125086361,-1.2217305,1.0471976,-0.5889107,0.014423043,0.0,0.0,1
125106053,-1.2217305,1.0471976,-0.5841725,0.014423043,0.0,0.0,1
125125814,-1.2217305,1.0471976,-0.5843811,0.014423043,0.0,0.0,1
125145481,-1.2217305,1.0471976,-0.58488786,0.014423043,0.0,0.0,1
125170365,-1.2217305,1.0471976,-0.5897521,0.014423043,0.0,0.0,1
125184864,-1.2217305,1.0471976,-0.58523595,0.014423043,0.0,0.0,1
125204561,-1.2217305,1.0471976,-0.5891603,0.014423043,0.0,0.0,1
125229456,-1.2217305,1.0471976,-0.58371055,0.014423043,0.0,0.0,1
125243969,-1.2217305,1.0471976,-0.58078885,0.014423043,0.0,0.0,1
125263666,-1.2217305,1.0471976,-0.58087206,0.014423043,0.0,0.0,1
125288559,-1.2217305,1.0471976,-0.5780482,0.014423043,0.0,0.0,1
125308300,-1.2217305,1.0471976,-0.5755162,0.014423043,0.0,0.0,1
125322807,-1.2217305,1.0471976,-0.5738267,0.014423043,0.0,0.0,1
125347945,-1.2217305,1.0471976,-0.5710398,0.014423043,0.0,0.0,1
125368083,-1.2217305,1.0471976,-0.5685755,0.014423043,0.0,0.0,1
125387087,-1.2217305,1.0471976,-0.5707778,0.014423043,0.0,0.0,1
125406784,-1.2217305,1.0471976,-0.5682905,0.014423043,0.0,0.0,1
125426520,-1.2217305,1.0471976,-0.5657207,0.014423043,0.0,0.0,1
125446209,-1.2217305,1.0471976,-0.5588274,0.014423043,0.0,0.0,1
125466102,-1.2217305,1.0471976,-0.55624056,0.014423043,0.0,0.0,1
125485607,-1.2217305,1.0471976,-0.5587206,0.014423043,0.0,0.0,1
125505287,-1.2217305,1.0471976,-0.55720544,0.014423043,0.0,0.0,1
125525061,-1.2217305,1.0471976,-0.55591047,0.014423043,0.0,0.0,1
125544737,-1.2217305,1.0471976,-0.5507138,0.014423043,0.0,0.0,1
125569073,-1.2217305,1.0471976,-0.55479336,0.014423043,0.0,0.0,1
125588786,-1.2217305,1.0471976,-0.54984236,0.014423043,0.0,0.0,1
125603857,-1.2217305,1.0471976,-0.55348086,0.014423043,0.0,0.0,1
125628189,-1.2217305,1.0471976,-0.5465323,0.014423043,0.0,0.0,1
125647924,-1.2217305,1.0471976,-0.544621,0.014423043,0.0,0.0,1
125662954,-1.2217305,1.0471976,-0.54329467,0.014423043,0.0,0.0,1
125687327,-1.2217305,1.0471976,-0.54184294,0.014423043,0.0,0.0,1
125707024,-1.2217305,1.0471976,-0.54148865,0.014423043,0.0,0.0,1
125727045,-1.2217305,1.0471976,-0.5419518,0.014423043,0.0,0.0,1
125746706,-1.2217305,1.0471976,-0.5482676,0.014423043,0.0,0.0,1
125766099,-1.2217305,1.0471976,-0.54671276,0.014423043,0.0,0.0,1
125785816,-1.2217305,1.0471976,-0.5509132,0.014423043,0.0,0.0,1
125805502,-1.2217305,1.0471976,-0.5606077,0.014423043,0.0,0.0,1
125825221,-1.2217305,1.0471976,-0.5613978,0.014423043,0.0,0.0,1
125844911,-1.2217305,1.0471976,-0.566494,0.014423043,0.0,0.0,1
125869992,-1.2217305,1.0471976,-0.5771084,0.014423043,0.0,0.0,1
125884327,-1.2217305,1.0471976,-0.5805794,0.014423043,0.0,0.0,1
125904017,-1.2217305,1.0471976,-0.5847604,0.014423043,0.0,0.0,1
125928880,-1.2217305,1.0471976,-0.58454764,0.014423043,0.0,0.0,1
125943460,-1.2217305,1.0471976,-0.58624995,0.014423043,0.0,0.0,1
125968532,-1.2217305,1.0471976,-0.5878401,0.014423043,0.0,0.0,1
125988018,-1.2217305,1.0471976,-0.59310305,0.014423043,0.0,0.0,1
126007746,-1.2217305,1.0471976,-0.5933621,0.014423043,0.0,0.0,1
126027431,-1.2217305,1.0471976,-0.588861,0.014423043,0.0,0.0,1
126047167,-1.2217305,1.0471976,-0.58835113,0.014423043,0.0,0.0,1
126067055,-1.2217305,1.0471976,-0.5874388,0.014423043,0.0,0.0,1
126086555,-1.2217305,1.0471976,-0.58632934,0.014423043,0.0,0.0,1
126106349,-1.2217305,1.0471976,-0.5827905,0.014423043,0.0,0.0,1
126126338,-1.2217305,1.0471976,-0.5812495,0.014423043,0.0,0.0,1
126145982,-1.2217305,1.0471976,-0.5816587,0.014423043,0.0,0.0,1
126165688,-1.2217305,1.0471976,-0.5800787,0.014423043,0.0,0.0,1
126185083,-1.2217305,1.0471976,-0.57948506,0.014423043,0.0,0.0,1
126209464,-1.2217305,1.0471976,-0.5795016,0.014423043,0.0,0.0,1
126224519,-1.2217305,1.0471976,-0.57990193,0.014423043,0.0,0.0,1
126244203,-1.2217305,1.0471976,-0.5807315,0.014423043,0.0,0.0,1
126268535,-1.2217305,1.0471976,-0.58174,0.014423043,0.0,0.0,1
126288238,-1.2217305,1.0471976,-0.5823567,0.014423043,0.0,0.0,1
126303271,-1.2217305,1.0471976,-0.5827037,0.014423043,0.0,0.0,1
126327671,-1.2217305,1.0471976,-0.58751464,0.014423043,0.0,0.0,1
126347378,-1.2217305,1.0471976,-0.588225,0.014423043,0.0,0.0,1
126367051,-1.2217305,1.0471976,-0.5848043,0.014423043,0.0,0.0,1
126386760,-1.2217305,1.0471976,-0.586591,0.014423043,0.0,0.0,1
126406458,-1.2217305,1.0471976,-0.5891402,0.014423043,0.0,0.0,1
126426204,-1.2217305,1.0471976,-0.5920365,0.014423043,0.0,0.0,1
126445873,-1.2217305,1.0471976,-0.60013354,0.014423043,0.0,0.0,1
126465558,-1.2217305,1.0471976,-0.60416734,0.014423043,0.0,0.0,1
126485263,-1.2217305,1.0471976,-0.6033877,0.014423043,0.0,0.0,1
126504963,-1.2217305,1.0471976,-0.6067014,0.014423043,0.0,0.0,1
126524967,-1.2217305,1.0471976,-0.60947,0.014423043,0.0,0.0,1
126544673,-1.2217305,1.0471976,-0.6163691,0.014423043,0.0,0.0,1
126564073,-1.2217305,1.0471976,-0.61893904,0.014423043,0.0,0.0,1
126583784,-1.2217305,1.0471976,-0.61700547,0.014423043,0.0,0.0,1
126608666,-1.2217305,1.0471976,-0.6195837,0.014423043,0.0,0.0,1
126628403,-1.2217305,1.0471976,-0.62119555,0.014423043,0.0,0.0,1
126642897,-1.2217305,1.0471976,-0.6242728,0.014423043,0.0,0.0,1
126667956,-1.2217305,1.0471976,-0.62688637,0.014423043,0.0,0.0,1
126687511,-1.2217305,1.0471976,-0.62241447,0.014423043,0.0,0.0,1
126707238,-1.2217305,1.0471976,-0.6222905,0.014423043,0.0,0.0,1
126726952,-1.2217305,1.0471976,-0.6219232,0.014423043,0.0,0.0,1
126746744,-1.2217305,1.0471976,-0.62149,0.014423043,0.0,0.0,1
126766572,-1.2217305,1.0471976,-0.6212373,0.014423043,0.0,0.0,1
126786065,-1.2217305,1.0471976,-0.62038994,0.014423043,0.0,0.0,1
126805754,-1.2217305,1.0471976,-0.6191313,0.014423043,0.0,0.0,1
126825447,-1.2217305,1.0471976,-0.6172776,0.014423043,0.0,0.0,1
126849797,-1.2217305,1.0471976,-0.6144296,0.014423043,0.0,0.0,1
126864865,-1.2217305,1.0471976,-0.6126623,0.014423043,0.0,0.0,1
126884523,-1.2217305,1.0471976,-0.6143261,0.014423043,0.0,0.0,1
126908907,-1.2217305,1.0471976,-0.6108571,0.014423043,0.0,0.0,1
126924254,-1.2217305,1.0471976,-0.6091775,0.014423043,0.0,0.0,1
126943900,-1.2217305,1.0471976,-0.60332096,0.014423043,0.0,0.0,1
126967991,-1.2217305,1.0471976,-0.6016822,0.014423043,0.0,0.0,1
126987738,-1.2217305,1.0471976,-0.60036874,0.014423043,0.0,0.0,1
127007399,-1.2217305,1.0471976,-0.6035441,0.014423043,0.0,0.0,1
127027103,-1.2217305,1.0471976,-0.6032045,0.014423043,0.0,0.0,1
127046803,-1.2217305,1.0471976,-0.6036271,0.014423043,0.0,0.0,1
127066507,-1.2217305,1.0471976,-0.60099244,0.014423043,0.0,0.0,1
127086228,-1.2217305,1.0471976,-0.60372686,0.014423043,0.0,0.0,1
127105934,-1.2217305,1.0471976,-0.60694444,0.014423043,0.0,0.0,1
127125636,-1.2217305,1.0471976,-0.60946536,0.014423043,0.0,0.0,1
127145352,-1.2217305,1.0471976,-0.61045086,0.014423043,0.0,0.0,1
127165020,-1.2217305,1.0471976,-0.6144773,0.014423043,0.0,0.0,1
127189914,-1.2217305,1.0471976,-0.6126745,0.014423043,0.0,0.0,1
127204430,-1.2217305,1.0471976,-0.6109462,0.014423043,0.0,0.0,1
127224125,-1.2217305,1.0471976,-0.6037196,0.014423043,0.0,0.0,1
127249042,-1.2217305,1.0471976,-0.5990846,0.014423043,0.0,0.0,1
127269017,-1.2217305,1.0471976,-0.5995574,0.014423043,0.0,0.0,1
127283263,-1.2217305,1.0471976,-0.592466,0.014423043,0.0,0.0,1
127308162,-1.2217305,1.0471976,-0.58911633,0.014423043,0.0,0.0,1
127327892,-1.2217305,1.0471976,-0.5875287,0.014423043,0.0,0.0,1
127342660,-1.2217305,1.0471976,-0.58662057,0.014423043,0.0,0.0,1
127367615,-1.2217305,1.0471976,-0.59049284,0.014423043,0.0,0.0,1
127386972,-1.2217305,1.0471976,-0.58708954,0.014423043,0.0,0.0,1
127406656,-1.2217305,1.0471976,-0.5890759,0.014423043,0.0,0.0,1
127426389,-1.2217305,1.0471976,-0.5961828,0.014423043,0.0,0.0,1
127446074,-1.2217305,1.0471976,-0.59447014,0.014423043,0.0,0.0,1
127465770,-1.2217305,1.0471976,-0.5970123,0.014423043,0.0,0.0,1
127485475,-1.2217305,1.0471976,-0.59950507,0.014423043,0.0,0.0,1
127505157,-1.2217305,1.0471976,-0.60160375,0.014423043,0.0,0.0,1
127524897,-1.2217305,1.0471976,-0.6045188,0.014423043,0.0,0.0,1
127549270,-1.2217305,1.0471976,-0.6143521,0.014423043,0.0,0.0,1
127564311,-1.2217305,1.0471976,-0.6180688,0.014423043,0.0,0.0,1
127588650,-1.2217305,1.0471976,-0.6205025,0.014423043,0.0,0.0,1
127608342,-1.2217305,1.0471976,-0.6271875,0.014423043,0.0,0.0,1
127623380,-1.2217305,1.0471976,-0.6332319,0.014423043,0.0,0.0,1
127647749,-1.2217305,1.0471976,-0.64305174,0.014423043,0.0,0.0,1
127667459,-1.2217305,1.0471976,-0.65097225,0.014423043,0.0,0.0,1
127687157,-1.2217305,1.0471976,-0.65814126,0.014423043,0.0,0.0,1
127706859,-1.2217305,1.0471976,-0.66768646,0.014423043,0.0,0.0,1
127726646,-1.2217305,1.0471976,-0.66705096,0.014423043,0.0,0.0,1
127746329,-1.2217305,1.0471976,-0.6680906,0.014423043,0.0,0.0,1
127765975,-1.2217305,1.0471976,-0.66679096,0.014423043,0.0,0.0,1
127785683,-1.2217305,1.0471976,-0.66326237,0.014423043,0.0,0.0,1
127805370,-1.2217305,1.0471976,-0.656474,0.014423043,0.0,0.0,1
127830333,-1.2217305,1.0471976,-0.6484988,0.014423043,0.0,0.0,1
127844806,-1.2217305,1.0471976,-0.64390194,0.014423043,0.0,0.0,1
127864476,-1.2217305,1.0471976,-0.63708293,0.014423043,0.0,0.0,1
127889390,-1.2217305,1.0471976,-0.627954,0.014423043,0.0,0.0,1
127903922,-1.2217305,1.0471976,-0.62289023,0.014423043,0.0,0.0,1
127923647,-1.2217305,1.0471976,-0.61615527,0.014423043,0.0,0.0,1
127948588,-1.2217305,1.0471976,-0.60736406,0.014423043,0.0,0.0,1
127968423,-1.2217305,1.0471976,-0.6011243,0.014423043,0.0,0.0,1
127987893,-1.2217305,1.0471976,-0.5952629,0.014423043,0.0,0.0,1
128007625,-1.2217305,1.0471976,-0.59088373,0.014423043,0.0,0.0,1
128027288,-1.2217305,1.0471976,-0.5875828,0.014423043,0.0,0.0,1
128047026,-1.2217305,1.0471976,-0.585227,0.014423043,0.0,0.0,1
128066748,-1.2217305,1.0471976,-0.5883882,0.014423043,0.0,0.0,1
128086423,-1.2217305,1.0471976,-0.5875722,0.014423043,0.0,0.0,1
128106124,-1.2217305,1.0471976,-0.58264554,0.014423043,0.0,0.0,1
128125947,-1.2217305,1.0471976,-0.5823678,0.014423043,0.0,0.0,1
128145612,-1.2217305,1.0471976,-0.582546,0.014423043,0.0,0.0,1
128165358,-1.2217305,1.0471976,-0.5829022,0.014423043,0.0,0.0,1
128184959,-1.2217305,1.0471976,-0.58332944,0.014423043,0.0,0.0,1
128204628,-1.2217305,1.0471976,-0.5837667,0.014423043,0.0,0.0,1
128229011,-1.2217305,1.0471976,-0.58349156,0.014423043,0.0,0.0,1
128248712,-1.2217305,1.0471976,-0.5831084,0.014423043,0.0,0.0,1
128263743,-1.2217305,1.0471976,-0.5827694,0.014423043,0.0,0.0,1
128288104,-1.2217305,1.0471976,-0.58240664,0.014423043,0.0,0.0,1
128307808,-1.2217305,1.0471976,-0.58263075,0.014423043,0.0,0.0,1
128322892,-1.2217305,1.0471976,-0.5873102,0.014423043,0.0,0.0,1
128347204,-1.2217305,1.0471976,-0.5868561,0.014423043,0.0,0.0,1
128366915,-1.2217305,1.0471976,-0.58173704,0.014423043,0.0,0.0,1
128386649,-1.2217305,1.0471976,-0.5803952,0.014423043,0.0,0.0,1
128406360,-1.2217305,1.0471976,-0.58284855,0.014423043,0.0,0.0,1
128426061,-1.2217305,1.0471976,-0.5802485,0.014423043,0.0,0.0,1
128445811,-1.2217305,1.0471976,-0.5720793,0.014423043,0.0,0.0,1
128465447,-1.2217305,1.0471976,-0.56823695,0.014423043,0.0,0.0,1
128485136,-1.2217305,1.0471976,-0.5644077,0.014423043,0.0,0.0,1
128504832,-1.2217305,1.0471976,-0.56014454,0.014423043,0.0,0.0,1
128530040,-1.2217305,1.0471976,-0.5540879,0.014423043,0.0,0.0,1
128544267,-1.2217305,1.0471976,-0.55018866,0.014423043,0.0,0.0,1
128563959,-1.2217305,1.0471976,-0.5453557,0.014423043,0.0,0.0,1
128588891,-1.2217305,1.0471976,-0.53960645,0.014423043,0.0,0.0,1
128603359,-1.2217305,1.0471976,-0.53605914,0.014423043,0.0,0.0,1
128628226,-1.2217305,1.0471976,-0.530607,0.014423043,0.0,0.0,1
128647959,-1.2217305,1.0471976,-0.5264096,0.014423043,0.0,0.0,1
128667823,-1.2217305,1.0471976,-0.5227363,0.014423043,0.0,0.0,1
128687351,-1.2217305,1.0471976,-0.5196432,0.014423043,0.0,0.0,1
128707058,-1.2217305,1.0471976,-0.51667714,0.014423043,0.0,0.0,1
128726840,-1.2217305,1.0471976,-0.5140703,0.014423043,0.0,0.0,1
128746531,-1.2217305,1.0471976,-0.511889,0.014423043,0.0,0.0,1
128766421,-1.2217305,1.0471976,-0.5099405,0.014423043,0.0,0.0,1
128785895,-1.2217305,1.0471976,-0.50833845,0.014423043,0.0,0.0,1
128805562,-1.2217305,1.0471976,-0.5109496,0.014423043,0.0,0.0,1
128825296,-1.2217305,1.0471976,-0.5081217,0.014423043,0.0,0.0,1
128845005,-1.2217305,1.0471976,-0.5000138,0.014423043,0.0,0.0,1
128869341,-1.2217305,1.0471976,-0.4952133,0.014423043,0.0,0.0,1
128884388,-1.2217305,1.0471976,-0.49259892,0.014423043,0.0,0.0,1
128904084,-1.2217305,1.0471976,-0.489517,0.014423043,0.0,0.0,1
128928743,-1.2217305,1.0471976,-0.4858324,0.014423043,0.0,0.0,1
128948158,-1.2217305,1.0471976,-0.48313668,0.014423043,0.0,0.0,1
128963242,-1.2217305,1.0471976,-0.48140338,0.014423043,0.0,0.0,1
128987490,-1.2217305,1.0471976,-0.4792758,0.014423043,0.0,0.0,1
129007286,-1.2217305,1.0471976,-0.4782695,0.014423043,0.0,0.0,1
129026997,-1.2217305,1.0471976,-0.47831517,0.014423043,0.0,0.0,1
129046703,-1.2217305,1.0471976,-0.47892052,0.014423043,0.0,0.0,1
129066432,-1.2217305,1.0471976,-0.4796776,0.014423043,0.0,0.0,1
129086110,-1.2217305,1.0471976,-0.48084897,0.014423043,0.0,0.0,1
129105852,-1.2217305,1.0471976,-0.48728925,0.014423043,0.0,0.0,1
129125516,-1.2217305,1.0471976,-0.4847311,0.014423043,0.0,0.0,1
129145180,-1.2217305,1.0471976,-0.4876452,0.014423043,0.0,0.0,1
129164893,-1.2217305,1.0471976,-0.4910879,0.014423043,0.0,0.0,1
129184600,-1.2217305,1.0471976,-0.49487624,0.014423043,0.0,0.0,1
129204291,-1.2217305,1.0471976,-0.4991599,0.014423043,0.0,0.0,1
129229192,-1.2217305,1.0471976,-0.50458336,0.014423043,0.0,0.0,1
129243711,-1.2217305,1.0471976,-0.508052,0.014423043,0.0,0.0,1
129268782,-1.2217305,1.0471976,-0.51401913,0.014423043,0.0,0.0,1
129288336,-1.2217305,1.0471976,-0.5188247,0.014423043,0.0,0.0,1
129302811,-1.2217305,1.0471976,-0.5225271,0.014423043,0.0,0.0,1
129327963,-1.2217305,1.0471976,-0.528543,0.014423043,0.0,0.0,1
129347667,-1.2217305,1.0471976,-0.53750336,0.014423043,0.0,0.0,1
129367109,-1.2217305,1.0471976,-0.53708017,0.014423043,0.0,0.0,1
129386892,-1.2217305,1.0471976,-0.54059184,0.014423043,0.0,0.0,1
129406555,-1.2217305,1.0471976,-0.54341376,0.014423043,0.0,0.0,1
129426250,-1.2217305,1.0471976,-0.5454521,0.014423043,0.0,0.0,1
129445941,-1.2217305,1.0471976,-0.5465627,0.014423043,0.0,0.0,1
129465643,-1.2217305,1.0471976,-0.5516559,0.014423043,0.0,0.0,1
129485364,-1.2217305,1.0471976,-0.5473077,0.014423043,0.0,0.0,1
129509768,-1.2217305,1.0471976,-0.5517076,0.014423043,0.0,0.0,1
129524805,-1.2217305,1.0471976,-0.5517825,0.014423043,0.0,0.0,1
129544497,-1.2217305,1.0471976,-0.547742,0.014423043,0.0,0.0,1
129568844,-1.2217305,1.0471976,-0.5489446,0.014423043,0.0,0.0,1
129583889,-1.2217305,1.0471976,-0.549894,0.014423043,0.0,0.0,1
129603605,-1.2217305,1.0471976,-0.5512054,0.014423043,0.0,0.0,1
129627918,-1.2217305,1.0471976,-0.5526991,0.014423043,0.0,0.0,1
129647614,-1.2217305,1.0471976,-0.5544355,0.014423043,0.0,0.0,1
129667317,-1.2217305,1.0471976,-0.5566472,0.014423043,0.0,0.0,1
129687030,-1.2217305,1.0471976,-0.55879366,0.014423043,0.0,0.0,1
129706900,-1.2217305,1.0471976,-0.56077623,0.014423043,0.0,0.0,1
129726720,-1.2217305,1.0471976,-0.56725466,0.014423043,0.0,0.0,1
129746138,-1.2217305,1.0471976,-0.56513,0.014423043,0.0,0.0,1
129765853,-1.2217305,1.0471976,-0.56790173,0.014423043,0.0,0.0,1
129785548,-1.2217305,1.0471976,-0.57103026,0.014423043,0.0,0.0,1
129805245,-1.2217305,1.0471976,-0.5747434,0.014423043,0.0,0.0,1
129824944,-1.2217305,1.0471976,-0.5787388,0.014423043,0.0,0.0,1
129849880,-1.2217305,1.0471976,-0.5839077,0.014423043,0.0,0.0,1
129864375,-1.2217305,1.0471976,-0.58715117,0.014423043,0.0,0.0,1
129884053,-1.2217305,1.0471976,-0.5917299,0.014423043,0.0,0.0,1
129909022,-1.2217305,1.0471976,-0.5979538,0.014423043,0.0,0.0,1
129928661,-1.2217305,1.0471976,-0.6069213,0.014423043,0.0,0.0,1
129943156,-1.2217305,1.0471976,-0.605633,0.014423043,0.0,0.0,1
129968085,-1.2217305,1.0471976,-0.60985076,0.014423043,0.0,0.0,1
129987751,-1.2217305,1.0471976,-0.6119062,0.014423043,0.0,0.0,1
130002279,-1.2217305,1.0471976,-0.61294854,0.014423043,0.0,0.0,1
130027203,-1.2217305,1.0471976,-0.61836326,0.014423043,0.0,0.0,1
130046883,-1.2217305,1.0471976,-0.6142323,0.014423043,0.0,0.0,1
130066656,-1.2217305,1.0471976,-0.61396134,0.014423043,0.0,0.0,1
130086368,-1.2217305,1.0471976,-0.6127411,0.014423043,0.0,0.0,1
130106223,-1.2217305,1.0471976,-0.6151171,0.014423043,0.0,0.0,1
130126008,-1.2217305,1.0471976,-0.61255527,0.014423043,0.0,0.0,1
130145773,-1.2217305,1.0471976,-0.60581946,0.014423043,0.0,0.0,1
130165136,-1.2217305,1.0471976,-0.6085267,0.014423043,0.0,0.0,1
130184848,-1.2217305,1.0471976,-0.60696244,0.014423043,0.0,0.0,1
130209190,-1.2217305,1.0471976,-0.60021424,0.014423043,0.0,0.0,1
130224232,-1.2217305,1.0471976,-0.5986054,0.014423043,0.0,0.0,1
130248575,-1.2217305,1.0471976,-0.5959306,0.014423043,0.0,0.0,1
130268284,-1.2217305,1.0471976,-0.59419596,0.014423043,0.0,0.0,1
130283296,-1.2217305,1.0471976,-0.5929775,0.014423043,0.0,0.0,1
130307731,-1.2217305,1.0471976,-0.59589016,0.014423043,0.0,0.0,1
130327416,-1.2217305,1.0471976,-0.5955713,0.014423043,0.0,0.0,1
130347093,-1.2217305,1.0471976,-0.5916878,0.014423043,0.0,0.0,1
130366784,-1.2217305,1.0471976,-0.5912037,0.014423043,0.0,0.0,1
130386505,-1.2217305,1.0471976,-0.59477556,0.014423043,0.0,0.0,1
130406188,-1.2217305,1.0471976,-0.59630525,0.014423043,0.0,0.0,1
130425910,-1.2217305,1.0471976,-0.5977229,0.014423043,0.0,0.0,1
130445611,-1.2217305,1.0471976,-0.60367346,0.014423043,0.0,0.0,1
130465306,-1.2217305,1.0471976,-0.60512984,0.014423043,0.0,0.0,1
130490210,-1.2217305,1.0471976,-0.6021764,0.014423043,0.0,0.0,1
130504896,-1.2217305,1.0471976,-0.60333776,0.014423043,0.0,0.0,1
130524693,-1.2217305,1.0471976,-0.6053871,0.014423043,0.0,0.0,1
130549451,-1.2217305,1.0471976,-0.60817754,0.014423043,0.0,0.0,1
130563814,-1.2217305,1.0471976,-0.60964847,0.014423043,0.0,0.0,1
130583521,-1.2217305,1.0471976,-0.6162187,0.014423043,0.0,0.0,1
130608430,-1.2217305,1.0471976,-0.6199404,0.014423043,0.0,0.0,1
130628138,-1.2217305,1.0471976,-0.61956525,0.014423043,0.0,0.0,1
130647841,-1.2217305,1.0471976,-0.62395513,0.014423043,0.0,0.0,1
130667724,-1.2217305,1.0471976,-0.62833333,0.014423043,0.0,0.0,1
130687264,-1.2217305,1.0471976,-0.6325605,0.014423043,0.0,0.0,1
130706991,-1.2217305,1.0471976,-0.6411178,0.014423043,0.0,0.0,1
130726708,-1.2217305,1.0471976,-0.6407112,0.014423043,0.0,0.0,1
130746455,-1.2217305,1.0471976,-0.64417815,0.014423043,0.0,0.0,1
130766056,-1.2217305,1.0471976,-0.6472304,0.014423043,0.0,0.0,1
130785756,-1.2217305,1.0471976,-0.6499785,0.014423043,0.0,0.0,1
130805431,-1.2217305,1.0471976,-0.6527927,0.014423043,0.0,0.0,1
130825146,-1.2217305,1.0471976,-0.65542793,0.014423043,0.0,0.0,1
130844861,-1.2217305,1.0471976,-0.65753245,0.014423043,0.0,0.0,1
130864562,-1.2217305,1.0471976,-0.66367686,0.014423043,0.0,0.0,1
130888920,-1.2217305,1.0471976,-0.6623231,0.014423043,0.0,0.0,1
130908752,-1.2217305,1.0471976,-0.6695001,0.014423043,0.0,0.0,1
130923923,-1.2217305,1.0471976,-0.6720396,0.014423043,0.0,0.0,1
130948021,-1.2217305,1.0471976,-0.67647064,0.014423043,0.0,0.0,1
130967732,-1.2217305,1.0471976,-0.6803976,0.014423043,0.0,0.0,1
130982783,-1.2217305,1.0471976,-0.68351686,0.014423043,0.0,0.0,1
131007144,-1.2217305,1.0471976,-0.6842158,0.014423043,0.0,0.0,1
131026774,-1.2217305,1.0471976,-0.68744373,0.014423043,0.0,0.0,1
131046552,-1.2217305,1.0471976,-0.69385123,0.014423043,0.0,0.0,1
131066270,-1.2217305,1.0471976,-0.6911545,0.014423043,0.0,0.0,1
131085959,-1.2217305,1.0471976,-0.69258296,0.014423043,0.0,0.0,1
131105705,-1.2217305,1.0471976,-0.693969,0.014423043,0.0,0.0,1
131125391,-1.2217305,1.0471976,-0.6956322,0.014423043,0.0,0.0,1
131145061,-1.2217305,1.0471976,-0.6982089,0.014423043,0.0,0.0,1
131164771,-1.2217305,1.0471976,-0.7019367,0.014423043,0.0,0.0,1
131189961,-1.2217305,1.0471976,-0.7074821,0.014423043,0.0,0.0,1
131204167,-1.2217305,1.0471976,-0.71078813,0.014423043,0.0,0.0,1
131223875,-1.2217305,1.0471976,-0.7151071,0.014423043,0.0,0.0,1
131248775,-1.2217305,1.0471976,-0.7244071,0.014423043,0.0,0.0,1
131263273,-1.2217305,1.0471976,-0.7271943,0.014423043,0.0,0.0,1
131288246,-1.2217305,1.0471976,-0.73122084,0.014423043,0.0,0.0,1
131308045,-1.2217305,1.0471976,-0.72966075,0.014423043,0.0,0.0,1
131327680,-1.2217305,1.0471976,-0.73137736,0.014423043,0.0,0.0,1
131347439,-1.2217305,1.0471976,-0.73689616,0.014423043,0.0,0.0,1
131367024,-1.2217305,1.0471976,-0.7334584,0.014423043,0.0,0.0,1
131386719,-1.2217305,1.0471976,-0.7369975,0.014423043,0.0,0.0,1
131406436,-1.2217305,1.0471976,-0.7317543,0.014423043,0.0,0.0,1
131426108,-1.2217305,1.0471976,-0.730351,0.014423043,0.0,0.0,1
131445817,-1.2217305,1.0471976,-0.7289164,0.014423043,0.0,0.0,1
131470218,-1.2217305,1.0471976,-0.7274319,0.014423043,0.0,0.0,1
131485209,-1.2217305,1.0471976,-0.72623384,0.014423043,0.0,0.0,1
131504936,-1.2217305,1.0471976,-0.7247362,0.014423043,0.0,0.0,1
131529286,-1.2217305,1.0471976,-0.7279104,0.014423043,0.0,0.0,1
131544343,-1.2217305,1.0471976,-0.72348785,0.014423043,0.0,0.0,1
131564016,-1.2217305,1.0471976,-0.72302675,0.014423043,0.0,0.0,1
131588402,-1.2217305,1.0471976,-0.7227148,0.014423043,0.0,0.0,1
131608087,-1.2217305,1.0471976,-0.7227249,0.014423043,0.0,0.0,1
131623130,-1.2217305,1.0471976,-0.7229992,0.014423043,0.0,0.0,1
131647487,-1.2217305,1.0471976,-0.727551,0.014423043,0.0,0.0,1
131667193,-1.2217305,1.0471976,-0.72750485,0.014423043,0.0,0.0,1
131686901,-1.2217305,1.0471976,-0.7234857,0.014423043,0.0,0.0,1
131706701,-1.2217305,1.0471976,-0.7279204,0.014423043,0.0,0.0,1
131726406,-1.2217305,1.0471976,-0.7244408,0.014423043,0.0,0.0,1
131746008,-1.2217305,1.0471976,-0.7250482,0.014423043,0.0,0.0,1
131765728,-1.2217305,1.0471976,-0.7258047,0.014423043,0.0,0.0,1
131785425,-1.2217305,1.0471976,-0.72716534,0.014423043,0.0,0.0,1
131805173,-1.2217305,1.0471976,-0.7328464,0.014423043,0.0,0.0,1
131824848,-1.2217305,1.0471976,-0.7344543,0.014423043,0.0,0.0,1
131844557,-1.2217305,1.0471976,-0.73613095,0.014423043,0.0,0.0,1
131869706,-1.2217305,1.0471976,-0.73395777,0.014423043,0.0,0.0,1
131889144,-1.2217305,1.0471976,-0.73531187,0.014423043,0.0,0.0,1
131903665,-1.2217305,1.0471976,-0.7358135,0.014423043,0.0,0.0,1
131928574,-1.2217305,1.0471976,-0.73499537,0.014423043,0.0,0.0,1
131948231,-1.2217305,1.0471976,-0.73343503,0.014423043,0.0,0.0,1
131962747,-1.2217305,1.0471976,-0.7322979,0.014423043,0.0,0.0,1
131987657,-1.2217305,1.0471976,-0.7311889,0.014423043,0.0,0.0,1
132007338,-1.2217305,1.0471976,-0.7307861,0.014423043,0.0,0.0,1
132027037,-1.2217305,1.0471976,-0.7308965,0.014423043,0.0,0.0,1
132046734,-1.2217305,1.0471976,-0.7309376,0.014423043,0.0,0.0,1
132066487,-1.2217305,1.0471976,-0.7308017,0.014423043,0.0,0.0,1
132086228,-1.2217305,1.0471976,-0.7303766,0.014423043,0.0,0.0,1
132105958,-1.2217305,1.0471976,-0.72965014,0.014423043,0.0,0.0,1
132125655,-1.2217305,1.0471976,-0.7326907,0.014423043,0.0,0.0,1
132145286,-1.2217305,1.0471976,-0.72689533,0.014423043,0.0,0.0,1
132169622,-1.2217305,1.0471976,-0.72408104,0.014423043,0.0,0.0,1
132184676,-1.2217305,1.0471976,-0.72215855,0.014423043,0.0,0.0,1
132204401,-1.2217305,1.0471976,-0.7194842,0.014423043,0.0,0.0,1
132228736,-1.2217305,1.0471976,-0.71657646,0.014423043,0.0,0.0,1
132243783,-1.2217305,1.0471976,-0.7151824,0.014423043,0.0,0.0,1
132268137,-1.2217305,1.0471976,-0.7182795,0.014423043,0.0,0.0,1
132287868,-1.2217305,1.0471976,-0.7180325,0.014423043,0.0,0.0,1
132307595,-1.2217305,1.0471976,-0.71774817,0.014423043,0.0,0.0,1
132327275,-1.2217305,1.0471976,-0.7178453,0.014423043,0.0,0.0,1
132346953,-1.2217305,1.0471976,-0.7181859,0.014423043,0.0,0.0,1
132366683,-1.2217305,1.0471976,-0.71407175,0.014423043,0.0,0.0,1
132386392,-1.2217305,1.0471976,-0.71336687,0.014423043,0.0,0.0,1
132406066,-1.2217305,1.0471976,-0.7161168,0.014423043,0.0,0.0,1
132425778,-1.2217305,1.0471976,-0.7147691,0.014423043,0.0,0.0,1
132445498,-1.2217305,1.0471976,-0.7135054,0.014423043,0.0,0.0,1
132465207,-1.2217305,1.0471976,-0.71203625,0.014423043,0.0,0.0,1
132484918,-1.2217305,1.0471976,-0.7105483,0.014423043,0.0,0.0,1
132510115,-1.2217305,1.0471976,-0.7042961,0.014423043,0.0,0.0,1
132524415,-1.2217305,1.0471976,-0.70312285,0.014423043,0.0,0.0,1
132543977,-1.2217305,1.0471976,-0.70163226,0.014423043,0.0,0.0,1
132569053,-1.2217305,1.0471976,-0.7045028,0.014423043,0.0,0.0,1
132588580,-1.2217305,1.0471976,-0.699522,0.014423043,0.0,0.0,1
132603091,-1.2217305,1.0471976,-0.70252776,0.014423043,0.0,0.0,1
132627974,-1.2217305,1.0471976,-0.69455135,0.014423043,0.0,0.0,1
132647697,-1.2217305,1.0471976,-0.6945504,0.014423043,0.0,0.0,1
132667561,-1.2217305,1.0471976,-0.689363,0.014423043,0.0,0.0,1
132687117,-1.2217305,1.0471976,-0.6838219,0.014423043,0.0,0.0,1
132706837,-1.2217305,1.0471976,-0.67842805,0.014423043,0.0,0.0,1
132726560,-1.2217305,1.0471976,-0.66911817,0.014423043,0.0,0.0,1
132746271,-1.2217305,1.0471976,-0.66872144,0.014423043,0.0,0.0,1
132766222,-1.2217305,1.0471976,-0.66392136,0.014423043,0.0,0.0,1
132785614,-1.2217305,1.0471976,-0.6597072,0.014423043,0.0,0.0,1
132805315,-1.2217305,1.0471976,-0.65662074,0.014423043,0.0,0.0,1
132825013,-1.2217305,1.0471976,-0.65392613,0.014423043,0.0,0.0,1
132844757,-1.2217305,1.0471976,-0.65153396,0.014423043,0.0,0.0,1
132864446,-1.2217305,1.0471976,-0.6494217,0.014423043,0.0,0.0,1
132884134,-1.2217305,1.0471976,-0.64323497,0.014423043,0.0,0.0,1
132908879,-1.2217305,1.0471976,-0.642275,0.014423043,0.0,0.0,1
132928263,-1.2217305,1.0471976,-0.6412412,0.014423043,0.0,0.0,1
132943363,-1.2217305,1.0471976,-0.64026046,0.014423043,0.0,0.0,1
132967626,-1.2217305,1.0471976,-0.64342475,0.014423043,0.0,0.0,1
132987340,-1.2217305,1.0471976,-0.638579,0.014423043,0.0,0.0,1
133007043,-1.2217305,1.0471976,-0.63821936,0.014423043,0.0,0.0,1
133026748,-1.2217305,1.0471976,-0.641737,0.014423043,0.0,0.0,1
133046459,-1.2217305,1.0471976,-0.64064133,0.014423043,0.0,0.0,1
133066083,-1.2217305,1.0471976,-0.6397029,0.014423043,0.0,0.0,1
133085838,-1.2217305,1.0471976,-0.63483536,0.014423043,0.0,0.0,1
133105552,-1.2217305,1.0471976,-0.6344204,0.014423043,0.0,0.0,1
133125211,-1.2217305,1.0471976,-0.6382942,0.014423043,0.0,0.0,1
133150107,-1.2217305,1.0471976,-0.6334512,0.014423043,0.0,0.0,1
133164631,-1.2217305,1.0471976,-0.63290334,0.014423043,0.0,0.0,1
133184334,-1.2217305,1.0471976,-0.63621557,0.014423043,0.0,0.0,1
133209253,-1.2217305,1.0471976,-0.63406324,0.014423043,0.0,0.0,1
133223746,-1.2217305,1.0471976,-0.632511,0.014423043,0.0,0.0,1
133243444,-1.2217305,1.0471976,-0.62608635,0.014423043,0.0,0.0,1
133268527,-1.2217305,1.0471976,-0.62785006,0.014423043,0.0,0.0,1
133288150,-1.2217305,1.0471976,-0.621498,0.014423043,0.0,0.0,1
133308139,-1.2217305,1.0471976,-0.61934173,0.014423043,0.0,0.0,1
133327762,-1.2217305,1.0471976,-0.6210972,0.014423043,0.0,0.0,1
133347155,-1.2217305,1.0471976,-0.6186923,0.014423043,0.0,0.0,1
133367087,-1.2217305,1.0471976,-0.61222804,0.014423043,0.0,0.0,1
133386599,-1.2217305,1.0471976,-0.6103456,0.014423043,0.0,0.0,1
133406286,-1.2217305,1.0471976,-0.60838485,0.014423043,0.0,0.0,1
133426039,-1.2217305,1.0471976,-0.60631084,0.014423043,0.0,0.0,1
133445689,-1.2217305,1.0471976,-0.60473883,0.014423043,0.0,0.0,1
133465371,-1.2217305,1.0471976,-0.6036513,0.014423043,0.0,0.0,1
133485124,-1.2217305,1.0471976,-0.60258675,0.014423043,0.0,0.0,1
133504801,-1.2217305,1.0471976,-0.6019676,0.014423043,0.0,0.0,1
133524512,-1.2217305,1.0471976,-0.60599077,0.014423043,0.0,0.0,1
133548849,-1.2217305,1.0471976,-0.60171294,0.014423043,0.0,0.0,1
133568560,-1.2217305,1.0471976,-0.602347,0.014423043,0.0,0.0,1
133583597,-1.2217305,1.0471976,-0.6028116,0.014423043,0.0,0.0,1
133607978,-1.2217305,1.0471976,-0.60434365,0.014423043,0.0,0.0,1
133627660,-1.2217305,1.0471976,-0.60598874,0.014423043,0.0,0.0,1
133642725,-1.2217305,1.0471976,-0.60727334,0.014423043,0.0,0.0,1
133667068,-1.2217305,1.0471976,-0.60999656,0.014423043,0.0,0.0,1
133686917,-1.2217305,1.0471976,-0.61233854,0.014423043,0.0,0.0,1
133706856,-1.2217305,1.0471976,-0.6150247,0.014423043,0.0,0.0,1
133726216,-1.2217305,1.0471976,-0.6227615,0.014423043,0.0,0.0,1
133745929,-1.2217305,1.0471976,-0.6267102,0.014423043,0.0,0.0,1
133765612,-1.2217305,1.0471976,-0.6270517,0.014423043,0.0,0.0,1
133785315,-1.2217305,1.0471976,-0.636392,0.014423043,0.0,0.0,1
133805016,-1.2217305,1.0471976,-0.6368023,0.014423043,0.0,0.0,1
133824701,-1.2217305,1.0471976,-0.64540565,0.014423043,0.0,0.0,1
133849558,-1.2217305,1.0471976,-0.65002525,0.014423043,0.0,0.0,1
133864097,-1.2217305,1.0471976,-0.6522356,0.014423043,0.0,0.0,1
133883809,-1.2217305,1.0471976,-0.6544564,0.014423043,0.0,0.0,1
133908728,-1.2217305,1.0471976,-0.65644026,0.014423043,0.0,0.0,1
133923242,-1.2217305,1.0471976,-0.6571953,0.014423043,0.0,0.0,1
133948120,-1.2217305,1.0471976,-0.65395916,0.014423043,0.0,0.0,1
133967983,-1.2217305,1.0471976,-0.6545563,0.014423043,0.0,0.0,1
133987525,-1.2217305,1.0471976,-0.65518105,0.014423043,0.0,0.0,1
134007214,-1.2217305,1.0471976,-0.65674126,0.014423043,0.0,0.0,1
134026916,-1.2217305,1.0471976,-0.6591722,0.014423043,0.0,0.0,1
134046635,-1.2217305,1.0471976,-0.6624168,0.014423043,0.0,0.0,1
134066554,-1.2217305,1.0471976,-0.6708368,0.014423043,0.0,0.0,1
134086177,-1.2217305,1.0471976,-0.6753025,0.014423043,0.0,0.0,1
134106073,-1.2217305,1.0471976,-0.6756457,0.014423043,0.0,0.0,1
134130093,-1.2217305,1.0471976,-0.68573713,0.014423043,0.0,0.0,1
134145132,-1.2217305,1.0471976,-0.68919444,0.014423043,0.0,0.0,1
134164839,-1.2217305,1.0471976,-0.6895673,0.014423043,0.0,0.0,1
134189213,-1.2217305,1.0471976,-0.70011306,0.014423043,0.0,0.0,1
134204289,-1.2217305,1.0471976,-0.69974947,0.014423043,0.0,0.0,1
134224027,-1.2217305,1.0471976,-0.70494735,0.014423043,0.0,0.0,1
134248312,-1.2217305,1.0471976,-0.71199167,0.014423043,0.0,0.0,1
134268060,-1.2217305,1.0471976,-0.7176906,0.014423043,0.0,0.0,1
134283100,-1.2217305,1.0471976,-0.72156537,0.014423043,0.0,0.0,1
134307788,-1.2217305,1.0471976,-0.7314913,0.014423043,0.0,0.0,1
134327159,-1.2217305,1.0471976,-0.73124945,0.014423043,0.0,0.0,1
134346847,-1.2217305,1.0471976,-0.7347679,0.014423043,0.0,0.0,1
134366540,-1.2217305,1.0471976,-0.7416787,0.014423043,0.0,0.0,1
134386297,-1.2217305,1.0471976,-0.73923635,0.014423043,0.0,0.0,1
134405943,-1.2217305,1.0471976,-0.7400112,0.014423043,0.0,0.0,1
134425636,-1.2217305,1.0471976,-0.7390597,0.014423043,0.0,0.0,1
134445350,-1.2217305,1.0471976,-0.73617065,0.014423043,0.0,0.0,1
134465048,-1.2217305,1.0471976,-0.7322031,0.014423043,0.0,0.0,1
134484934,-1.2217305,1.0471976,-0.7272253,0.014423043,0.0,0.0,1
134504761,-1.2217305,1.0471976,-0.7260703,0.014423043,0.0,0.0,1
134529428,-1.2217305,1.0471976,-0.7147404,0.014423043,0.0,0.0,1
134549060,-1.2217305,1.0471976,-0.7082237,0.014423043,0.0,0.0,1
134563566,-1.2217305,1.0471976,-0.7036294,0.014423043,0.0,0.0,1
134588459,-1.2217305,1.0471976,-0.7004682,0.014423043,0.0,0.0,1
134608152,-1.2217305,1.0471976,-0.69039917,0.014423043,0.0,0.0,1
134622677,-1.2217305,1.0471976,-0.6902809,0.014423043,0.0,0.0,1
134647513,-1.2217305,1.0471976,-0.68324053,0.014423043,0.0,0.0,1
134667512,-1.2217305,1.0471976,-0.6784822,0.014423043,0.0,0.0,1
134687028,-1.2217305,1.0471976,-0.67466736,0.014423043,0.0,0.0,1
134706738,-1.2217305,1.0471976,-0.67152524,0.014423043,0.0,0.0,1
134726435,-1.2217305,1.0471976,-0.6645572,0.014423043,0.0,0.0,1
134746131,-1.2217305,1.0471976,-0.66275525,0.014423043,0.0,0.0,1
134765842,-1.2217305,1.0471976,-0.66546977,0.014423043,0.0,0.0,1
134785514,-1.2217305,1.0471976,-0.6591362,0.014423043,0.0,0.0,1
134805220,-1.2217305,1.0471976,-0.6569841,0.014423043,0.0,0.0,1
134829573,-1.2217305,1.0471976,-0.65872693,0.014423043,0.0,0.0,1
134844637,-1.2217305,1.0471976,-0.65299296,0.014423043,0.0,0.0,1
134864360,-1.2217305,1.0471976,-0.65147436,0.014423043,0.0,0.0,1
134888818,-1.2217305,1.0471976,-0.6502142,0.014423043,0.0,0.0,1
134904025,-1.2217305,1.0471976,-0.6497581,0.014423043,0.0,0.0,1
134928108,-1.2217305,1.0471976,-0.6499562,0.014423043,0.0,0.0,1
134947848,-1.2217305,1.0471976,-0.6510469,0.014423043,0.0,0.0,1
134967520,-1.2217305,1.0471976,-0.65743995,0.014423043,0.0,0.0,1
134987185,-1.2217305,1.0471976,-0.65588593,0.014423043,0.0,0.0,1
135006898,-1.2217305,1.0471976,-0.6634016,0.014423043,0.0,0.0,1
135026597,-1.2217305,1.0471976,-0.66267705,0.014423043,0.0,0.0,1
135046330,-1.2217305,1.0471976,-0.6662941,0.014423043,0.0,0.0,1
135066018,-1.2217305,1.0471976,-0.66949713,0.014423043,0.0,0.0,1
135085772,-1.2217305,1.0471976,-0.6718972,0.014423043,0.0,0.0,1
135105431,-1.2217305,1.0471976,-0.6735015,0.014423043,0.0,0.0,1
135125107,-1.2217305,1.0471976,-0.67410755,0.014423043,0.0,0.0,1
135144807,-1.2217305,1.0471976,-0.67330945,0.014423043,0.0,0.0,1
135169689,-1.2217305,1.0471976,-0.6701429,0.014423043,0.0,0.0,1
135184218,-1.2217305,1.0471976,-0.6714109,0.014423043,0.0,0.0,1
135203918,-1.2217305,1.0471976,-0.66669047,0.014423043,0.0,0.0,1
135228875,-1.2217305,1.0471976,-0.66015625,0.014423043,0.0,0.0,1
135248490,-1.2217305,1.0471976,-0.6503092,0.014423043,0.0,0.0,1
135263033,-1.2217305,1.0471976,-0.65069294,0.014423043,0.0,0.0,1
135288001,-1.2217305,1.0471976,-0.6454685,0.014423043,0.0,0.0,1
135307718,-1.2217305,1.0471976,-0.6376842,0.014423043,0.0,0.0,1
135327521,-1.2217305,1.0471976,-0.6350242,0.014423043,0.0,0.0,1
135347046,-1.2217305,1.0471976,-0.6334131,0.014423043,0.0,0.0,1
135366963,-1.2217305,1.0471976,-0.6328771,0.014423043,0.0,0.0,1
135386573,-1.2217305,1.0471976,-0.63338506,0.014423043,0.0,0.0,1
135406209,-1.2217305,1.0471976,-0.6385939,0.014423043,0.0,0.0,1
135425900,-1.2217305,1.0471976,-0.63512313,0.014423043,0.0,0.0,1
135445580,-1.2217305,1.0471976,-0.63566494,0.014423043,0.0,0.0,1
135465465,-1.2217305,1.0471976,-0.63580906,0.014423043,0.0,0.0,1
135485063,-1.2217305,1.0471976,-0.64016867,0.014423043,0.0,0.0,1
135504722,-1.2217305,1.0471976,-0.63981545,0.014423043,0.0,0.0,1
135529016,-1.2217305,1.0471976,-0.63425875,0.014423043,0.0,0.0,1
135544061,-1.2217305,1.0471976,-0.6332426,0.014423043,0.0,0.0,1
135568430,-1.2217305,1.0471976,-0.6312108,0.014423043,0.0,0.0,1
135588132,-1.2217305,1.0471976,-0.6341802,0.014423043,0.0,0.0,1
135603166,-1.2217305,1.0471976,-0.6289195,0.014423043,0.0,0.0,1
135627531,-1.2217305,1.0471976,-0.63196385,0.014423043,0.0,0.0,1
135647243,-1.2217305,1.0471976,-0.6267544,0.014423043,0.0,0.0,1
135662278,-1.2217305,1.0471976,-0.6304208,0.014423043,0.0,0.0,1
135686752,-1.2217305,1.0471976,-0.62930286,0.014423043,0.0,0.0,1
135706466,-1.2217305,1.0471976,-0.62835467,0.014423043,0.0,0.0,1
135726068,-1.2217305,1.0471976,-0.6272007,0.014423043,0.0,0.0,1
135745763,-1.2217305,1.0471976,-0.6198573,0.014423043,0.0,0.0,1
135765463,-1.2217305,1.0471976,-0.6182951,0.014423043,0.0,0.0,1
135785167,-1.2217305,1.0471976,-0.6227447,0.014423043,0.0,0.0,1
135810041,-1.2217305,1.0471976,-0.620471,0.014423043,0.0,0.0,1
135824573,-1.2217305,1.0471976,-0.614455,0.014423043,0.0,0.0,1
135844302,-1.2217305,1.0471976,-0.61635077,0.014423043,0.0,0.0,1
135869376,-1.2217305,1.0471976,-0.6079172,0.014423043,0.0,0.0,1
135883717,-1.2217305,1.0471976,-0.6097139,0.014423043,0.0,0.0,1
135903418,-1.2217305,1.0471976,-0.6063411,0.014423043,0.0,0.0,1
135928290,-1.2217305,1.0471976,-0.59815514,0.014423043,0.0,0.0,1
135947981,-1.2217305,1.0471976,-0.5951401,0.014423043,0.0,0.0,1
135967863,-1.2217305,1.0471976,-0.5918273,0.014423043,0.0,0.0,1
135987392,-1.2217305,1.0471976,-0.5929768,0.014423043,0.0,0.0,1
136007117,-1.2217305,1.0471976,-0.5902822,0.014423043,0.0,0.0,1
136026848,-1.2217305,1.0471976,-0.5885408,0.014423043,0.0,0.0,1
136046547,-1.2217305,1.0471976,-0.58294404,0.014423043,0.0,0.0,1
136066471,-1.2217305,1.0471976,-0.58208835,0.014423043,0.0,0.0,1
136086046,-1.2217305,1.0471976,-0.58195066,0.014423043,0.0,0.0,1
136105923,-1.2217305,1.0471976,-0.5823549,0.014423043,0.0,0.0,1
136125531,-1.2217305,1.0471976,-0.5832833,0.014423043,0.0,0.0,1
136149706,-1.2217305,1.0471976,-0.5855515,0.014423043,0.0,0.0,1
136164716,-1.2217305,1.0471976,-0.58765256,0.014423043,0.0,0.0,1
136184427,-1.2217305,1.0471976,-0.5964216,0.014423043,0.0,0.0,1
136208785,-1.2217305,1.0471976,-0.6031599,0.014423043,0.0,0.0,1
136228503,-1.2217305,1.0471976,-0.6045624,0.014423043,0.0,0.0,1
136243586,-1.2217305,1.0471976,-0.60921836,0.014423043,0.0,0.0,1
136267893,-1.2217305,1.0471976,-0.62142146,0.014423043,0.0,0.0,1
136287628,-1.2217305,1.0471976,-0.6233386,0.014423043,0.0,0.0,1
136302710,-1.2217305,1.0471976,-0.6275803,0.014423043,0.0,0.0,1
136327020,-1.2217305,1.0471976,-0.63782096,0.014423043,0.0,0.0,1
136346716,-1.2217305,1.0471976,-0.6414807,0.014423043,0.0,0.0,1
136366415,-1.2217305,1.0471976,-0.64429843,0.014423043,0.0,0.0,1
136386127,-1.2217305,1.0471976,-0.64207625,0.014423043,0.0,0.0,1
136405850,-1.2217305,1.0471976,-0.6435119,0.014423043,0.0,0.0,1
136425512,-1.2217305,1.0471976,-0.6444925,0.014423043,0.0,0.0,1
136445220,-1.2217305,1.0471976,-0.64517736,0.014423043,0.0,0.0,1
136464935,-1.2217305,1.0471976,-0.64551044,0.014423043,0.0,0.0,1
136484736,-1.2217305,1.0471976,-0.6459663,0.014423043,0.0,0.0,1
136509840,-1.2217305,1.0471976,-0.646868,0.014423043,0.0,0.0,1
136524049,-1.2217305,1.0471976,-0.6472981,0.014423043,0.0,0.0,1
136548953,-1.2217305,1.0471976,-0.6520488,0.014423043,0.0,0.0,1
136568867,-1.2217305,1.0471976,-0.6517118,0.014423043,0.0,0.0,1
136583150,-1.2217305,1.0471976,-0.6513747,0.014423043,0.0,0.0,1
136608067,-1.2217305,1.0471976,-0.65118575,0.014423043,0.0,0.0,1
136627757,-1.2217305,1.0471976,-0.65078294,0.014423043,0.0,0.0,1
136647485,-1.2217305,1.0471976,-0.64562833,0.014423043,0.0,0.0,1
136667360,-1.2217305,1.0471976,-0.64409685,0.014423043,0.0,0.0,1
136686983,-1.2217305,1.0471976,-0.64179456,0.014423043,0.0,0.0,1
136706654,-1.2217305,1.0471976,-0.63985646,0.014423043,0.0,0.0,1
136726309,-1.2217305,1.0471976,-0.6424351,0.014423043,0.0,0.0,1
136745985,-1.2217305,1.0471976,-0.64078724,0.014423043,0.0,0.0,1
136765700,-1.2217305,1.0471976,-0.6351476,0.014423043,0.0,0.0,1
136790040,-1.2217305,1.0471976,-0.63789535,0.014423043,0.0,0.0,1
136805089,-1.2217305,1.0471976,-0.63288534,0.014423043,0.0,0.0,1
136824800,-1.2217305,1.0471976,-0.6321256,0.014423043,0.0,0.0,1
136849142,-1.2217305,1.0471976,-0.63091755,0.014423043,0.0,0.0,1
136864177,-1.2217305,1.0471976,-0.63000464,0.014423043,0.0,0.0,1
136884011,-1.2217305,1.0471976,-0.62867475,0.014423043,0.0,0.0,1
136908291,-1.2217305,1.0471976,-0.62713754,0.014423043,0.0,0.0,1
136927949,-1.2217305,1.0471976,-0.6262802,0.014423043,0.0,0.0,1
136947655,-1.2217305,1.0471976,-0.62559414,0.014423043,0.0,0.0,1
136967363,-1.2217305,1.0471976,-0.62480164,0.014423043,0.0,0.0,1
136987064,-1.2217305,1.0471976,-0.6242622,0.014423043,0.0,0.0,1
137006772,-1.2217305,1.0471976,-0.62827134,0.014423043,0.0,0.0,1
137026485,-1.2217305,1.0471976,-0.62809515,0.014423043,0.0,0.0,1
137046191,-1.2217305,1.0471976,-0.62752736,0.014423043,0.0,0.0,1
137065892,-1.2217305,1.0471976,-0.6263454,0.014423043,0.0,0.0,1
137085628,-1.2217305,1.0471976,-0.6203581,0.014423043,0.0,0.0,1
137105309,-1.2217305,1.0471976,-0.62282574,0.014423043,0.0,0.0,1
137124985,-1.2217305,1.0471976,-0.6210793,0.014423043,0.0,0.0,1
137144693,-1.2217305,1.0471976,-0.6197581,0.014423043,0.0,0.0,1
137164388,-1.2217305,1.0471976,-0.6185454,0.014423043,0.0,0.0,1
137189329,-1.2217305,1.0471976,-0.617051,0.014423043,0.0,0.0,1
137209006,-1.2217305,1.0471976,-0.61625755,0.014423043,0.0,0.0,1
137223492,-1.2217305,1.0471976,-0.6117183,0.014423043,0.0,0.0,1
137248478,-1.2217305,1.0471976,-0.6167338,0.014423043,0.0,0.0,1
137268375,-1.2217305,1.0471976,-0.6115874,0.014423043,0.0,0.0,1
137282772,-1.2217305,1.0471976,-0.6144912,0.014423043,0.0,0.0,1
137307810,-1.2217305,1.0471976,-0.61735725,0.014423043,0.0,0.0,1
137327253,-1.2217305,1.0471976,-0.62011707,0.014423043,0.0,0.0,1
137346917,-1.2217305,1.0471976,-0.62700367,0.014423043,0.0,0.0,1
137366859,-1.2217305,1.0471976,-0.629048,0.014423043,0.0,0.0,1
137386355,-1.2217305,1.0471976,-0.626163,0.014423043,0.0,0.0,1
137406032,-1.2217305,1.0471976,-0.62699795,0.014423043,0.0,0.0,1
137425733,-1.2217305,1.0471976,-0.6314571,0.014423043,0.0,0.0,1
137445421,-1.2217305,1.0471976,-0.63097286,0.014423043,0.0,0.0,1
137465338,-1.2217305,1.0471976,-0.62581336,0.014423043,0.0,0.0,1
137489527,-1.2217305,1.0471976,-0.62483084,0.014423043,0.0,0.0,1
137504565,-1.2217305,1.0471976,-0.6286429,0.014423043,0.0,0.0,1
137524272,-1.2217305,1.0471976,-0.62380433,0.014423043,0.0,0.0,1
137548613,-1.2217305,1.0471976,-0.62416434,0.014423043,0.0,0.0,1
137563645,-1.2217305,1.0471976,-0.6249969,0.014423043,0.0,0.0,1
137588025,-1.2217305,1.0471976,-0.6314025,0.014423043,0.0,0.0,1
137607740,-1.2217305,1.0471976,-0.63301504,0.014423043,0.0,0.0,1
137627416,-1.2217305,1.0471976,-0.62979484,0.014423043,0.0,0.0,1
137647122,-1.2217305,1.0471976,-0.6304357,0.014423043,0.0,0.0,1
137666905,-1.2217305,1.0471976,-0.6348022,0.014423043,0.0,0.0,1
137686870,-1.2217305,1.0471976,-0.6296474,0.014423043,0.0,0.0,1
137706300,-1.2217305,1.0471976,-0.62786937,0.014423043,0.0,0.0,1
137725936,-1.2217305,1.0471976,-0.6296139,0.014423043,0.0,0.0,1
137745637,-1.2217305,1.0471976,-0.6266781,0.014423043,0.0,0.0,1
137765347,-1.2217305,1.0471976,-0.6191956,0.014423043,0.0,0.0,1
137785079,-1.2217305,1.0471976,-0.6160847,0.014423043,0.0,0.0,1
137804781,-1.2217305,1.0471976,-0.616889,0.014423043,0.0,0.0,1
137829677,-1.2217305,1.0471976,-0.6123707,0.014423043,0.0,0.0,1
137844183,-1.2217305,1.0471976,-0.6056589,0.014423043,0.0,0.0,1
137863899,-1.2217305,1.0471976,-0.6029736,0.014423043,0.0,0.0,1
137888778,-1.2217305,1.0471976,-0.6045828,0.014423043,0.0,0.0,1
137908481,-1.2217305,1.0471976,-0.5981165,0.014423043,0.0,0.0,1
137922963,-1.2217305,1.0471976,-0.59671223,0.014423043,0.0,0.0,1
137947842,-1.2217305,1.0471976,-0.59459317,0.014423043,0.0,0.0,1
137967739,-1.2217305,1.0471976,-0.59285486,0.014423043,0.0,0.0,1
137987283,-1.2217305,1.0471976,-0.5911206,0.014423043,0.0,0.0,1
138006974,-1.2217305,1.0471976,-0.58962643,0.014423043,0.0,0.0,1
138026708,-1.2217305,1.0471976,-0.5884054,0.014423043,0.0,0.0,1
138046410,-1.2217305,1.0471976,-0.5874262,0.014423043,0.0,0.0,1
138066388,-1.2217305,1.0471976,-0.58640873,0.014423043,0.0,0.0,1
138086057,-1.2217305,1.0471976,-0.58569455,0.014423043,0.0,0.0,1
138105772,-1.2217305,1.0471976,-0.58973813,0.014423043,0.0,0.0,1
138125206,-1.2217305,1.0471976,-0.5895437,0.014423043,0.0,0.0,1
138144980,-1.2217305,1.0471976,-0.5892085,0.014423043,0.0,0.0,1
138164602,-1.2217305,1.0471976,-0.58878624,0.014423043,0.0,0.0,1
138188980,-1.2217305,1.0471976,-0.588053,0.014423043,0.0,0.0,1
138204223,-1.2217305,1.0471976,-0.58282804,0.014423043,0.0,0.0,1
138228366,-1.2217305,1.0471976,-0.58615875,0.014423043,0.0,0.0,1
138248073,-1.2217305,1.0471976,-0.5807955,0.014423043,0.0,0.0,1
138263150,-1.2217305,1.0471976,-0.57953465,0.014423043,0.0,0.0,1
138287523,-1.2217305,1.0471976,-0.57759273,0.014423043,0.0,0.0,1
138307235,-1.2217305,1.0471976,-0.58069193,0.014423043,0.0,0.0,1
138326896,-1.2217305,1.0471976,-0.5748478,0.014423043,0.0,0.0,1
138346621,-1.2217305,1.0471976,-0.5731698,0.014423043,0.0,0.0,1
138366302,-1.2217305,1.0471976,-0.57110846,0.014423043,0.0,0.0,1
138386010,-1.2217305,1.0471976,-0.568943,0.014423043,0.0,0.0,1
138405748,-1.2217305,1.0471976,-0.5667479,0.014423043,0.0,0.0,1
138425445,-1.2217305,1.0471976,-0.56423104,0.014423043,0.0,0.0,1
138445133,-1.2217305,1.0471976,-0.56614065,0.014423043,0.0,0.0,1
138470223,-1.2217305,1.0471976,-0.55841446,0.014423043,0.0,0.0,1
138484834,-1.2217305,1.0471976,-0.5563773,0.014423043,0.0,0.0,1
138504229,-1.2217305,1.0471976,-0.5582018,0.014423043,0.0,0.0,1
138529084,-1.2217305,1.0471976,-0.54999745,0.014423043,0.0,0.0,1
138543615,-1.2217305,1.0471976,-0.5477637,0.014423043,0.0,0.0,1
138563320,-1.2217305,1.0471976,-0.549456,0.014423043,0.0,0.0,1
138588258,-1.2217305,1.0471976,-0.54612565,0.014423043,0.0,0.0,1
138607962,-1.2217305,1.0471976,-0.5392343,0.014423043,0.0,0.0,1
138627612,-1.2217305,1.0471976,-0.54170644,0.014423043,0.0,0.0,1
138647324,-1.2217305,1.0471976,-0.5400901,0.014423043,0.0,0.0,1
138667245,-1.2217305,1.0471976,-0.5387218,0.014423043,0.0,0.0,1
138686787,-1.2217305,1.0471976,-0.5374812,0.014423043,0.0,0.0,1
138706525,-1.2217305,1.0471976,-0.53601086,0.014423043,0.0,0.0,1
138726241,-1.2217305,1.0471976,-0.5299945,0.014423043,0.0,0.0,1
138745864,-1.2217305,1.0471976,-0.5278144,0.014423043,0.0,0.0,1
138765541,-1.2217305,1.0471976,-0.52487385,0.014423043,0.0,0.0,1
138785292,-1.2217305,1.0471976,-0.52008,0.014423043,0.0,0.0,1
138809620,-1.2217305,1.0471976,-0.5212499,0.014423043,0.0,0.0,1
138824654,-1.2217305,1.0471976,-0.5138277,0.014423043,0.0,0.0,1
138844392,-1.2217305,1.0471976,-0.50980365,0.014423043,0.0,0.0,1
138868791,-1.2217305,1.0471976,-0.5045403,0.014423043,0.0,0.0,1
138888523,-1.2217305,1.0471976,-0.5052184,0.014423043,0.0,0.0,1
138903776,-1.2217305,1.0471976,-0.49848685,0.014423043,0.0,0.0,1
138927854,-1.2217305,1.0471976,-0.4957575,0.014423043,0.0,0.0,1
138947580,-1.2217305,1.0471976,-0.49917987,0.014423043,0.0,0.0,1
138962630,-1.2217305,1.0471976,-0.49888137,0.014423043,0.0,0.0,1
138986988,-1.2217305,1.0471976,-0.49456313,0.014423043,0.0,0.0,1
139006678,-1.2217305,1.0471976,-0.49490002,0.014423043,0.0,0.0,1
139026386,-1.2217305,1.0471976,-0.4951764,0.014423043,0.0,0.0,1
139046066,-1.2217305,1.0471976,-0.49587664,0.014423043,0.0,0.0,1
139065773,-1.2217305,1.0471976,-0.50180376,0.014423043,0.0,0.0,1
139085498,-1.2217305,1.0471976,-0.49914238,0.014423043,0.0,0.0,1
139105165,-1.2217305,1.0471976,-0.50122154,0.014423043,0.0,0.0,1
139124870,-1.2217305,1.0471976,-0.50306916,0.014423043,0.0,0.0,1
139144571,-1.2217305,1.0471976,-0.5046718,0.014423043,0.0,0.0,1
139169440,-1.2217305,1.0471976,-0.50625765,0.014423043,0.0,0.0,1
139183983,-1.2217305,1.0471976,-0.5071597,0.014423043,0.0,0.0,1
139208858,-1.2217305,1.0471976,-0.5134783,0.014423043,0.0,0.0,1
139228560,-1.2217305,1.0471976,-0.51054466,0.014423043,0.0,0.0,1
139243088,-1.2217305,1.0471976,-0.5161059,0.014423043,0.0,0.0,1
139268246,-1.2217305,1.0471976,-0.5136899,0.014423043,0.0,0.0,1
139287763,-1.2217305,1.0471976,-0.5160804,0.014423043,0.0,0.0,1
139307463,-1.2217305,1.0471976,-0.51922524,0.014423043,0.0,0.0,1
139327086,-1.2217305,1.0471976,-0.52716506,0.014423043,0.0,0.0,1
139346811,-1.2217305,1.0471976,-0.5305619,0.014423043,0.0,0.0,1
139366765,-1.2217305,1.0471976,-0.5338049,0.014423043,0.0,0.0,1
139386235,-1.2217305,1.0471976,-0.53238773,0.014423043,0.0,0.0,1
139405919,-1.2217305,1.0471976,-0.535112,0.014423043,0.0,0.0,1
139425603,-1.2217305,1.0471976,-0.53707993,0.014423043,0.0,0.0,1
139449969,-1.2217305,1.0471976,-0.5381595,0.014423043,0.0,0.0,1
139465239,-1.2217305,1.0471976,-0.538185,0.014423043,0.0,0.0,1
139484772,-1.2217305,1.0471976,-0.5418792,0.014423043,0.0,0.0,1
139509089,-1.2217305,1.0471976,-0.53984714,0.014423043,0.0,0.0,1
139524177,-1.2217305,1.0471976,-0.53395784,0.014423043,0.0,0.0,1
139543866,-1.2217305,1.0471976,-0.5319829,0.014423043,0.0,0.0,1
139568215,-1.2217305,1.0471976,-0.5335711,0.014423043,0.0,0.0,1
139583315,-1.2217305,1.0471976,-0.5317241,0.014423043,0.0,0.0,1
139607658,-1.2217305,1.0471976,-0.5241178,0.014423043,0.0,0.0,1
139627324,-1.2217305,1.0471976,-0.52600276,0.014423043,0.0,0.0,1
139647080,-1.2217305,1.0471976,-0.5232817,0.014423043,0.0,0.0,1
139666752,-1.2217305,1.0471976,-0.5159193,0.014423043,0.0,0.0,1
139686525,-1.2217305,1.0471976,-0.5171243,0.014423043,0.0,0.0,1
139706118,-1.2217305,1.0471976,-0.50892735,0.014423043,0.0,0.0,1
139725827,-1.2217305,1.0471976,-0.50497746,0.014423043,0.0,0.0,1
139745519,-1.2217305,1.0471976,-0.5005305,0.014423043,0.0,0.0,1
139765246,-1.2217305,1.0471976,-0.4953862,0.014423043,0.0,0.0,1
139784926,-1.2217305,1.0471976,-0.49057183,0.014423043,0.0,0.0,1
139804629,-1.2217305,1.0471976,-0.48611042,0.014423043,0.0,0.0,1
139824333,-1.2217305,1.0471976,-0.4818427,0.014423043,0.0,0.0,1
139849204,-1.2217305,1.0471976,-0.47679722,0.014423043,0.0,0.0,1
139869169,-1.2217305,1.0471976,-0.47295585,0.014423043,0.0,0.0,1
139883484,-1.2217305,1.0471976,-0.4706016,0.014423043,0.0,0.0,1
139908353,-1.2217305,1.0471976,-0.4717804,0.014423043,0.0,0.0,1
139928029,-1.2217305,1.0471976,-0.46926752,0.014423043,0.0,0.0,1
139942558,-1.2217305,1.0471976,-0.4677191,0.014423043,0.0,0.0,1
139967617,-1.2217305,1.0471976,-0.46162203,0.014423043,0.0,0.0,1
139987160,-1.2217305,1.0471976,-0.4617321,0.014423043,0.0,0.0,1
140006857,-1.2217305,1.0471976,-0.46251625,0.014423043,0.0,0.0,1
140026585,-1.2217305,1.0471976,-0.46813357,0.014423043,0.0,0.0,1
140046365,-1.2217305,1.0471976,-0.46935397,0.014423043,0.0,0.0,1
140066068,-1.2217305,1.0471976,-0.47070542,0.014423043,0.0,0.0,1
140085807,-1.2217305,1.0471976,-0.47173175,0.014423043,0.0,0.0,1
140105529,-1.2217305,1.0471976,-0.4723127,0.014423043,0.0,0.0,1
140125109,-1.2217305,1.0471976,-0.4724052,0.014423043,0.0,0.0,1
140149483,-1.2217305,1.0471976,-0.47133783,0.014423043,0.0,0.0,1
140164589,-1.2217305,1.0471976,-0.47015056,0.014423043,0.0,0.0,1
140184236,-1.2217305,1.0471976,-0.46350303,0.014423043,0.0,0.0,1
140208555,-1.2217305,1.0471976,-0.45979646,0.014423043,0.0,0.0,1
140223624,-1.2217305,1.0471976,-0.46161708,0.014423043,0.0,0.0,1
140247956,-1.2217305,1.0471976,-0.45187995,0.014423043,0.0,0.0,1
140267691,-1.2217305,1.0471976,-0.45208153,0.014423043,0.0,0.0,1
140287413,-1.2217305,1.0471976,-0.44343475,0.014423043,0.0,0.0,1
140307062,-1.2217305,1.0471976,-0.4398031,0.014423043,0.0,0.0,1
140326813,-1.2217305,1.0471976,-0.4399263,0.014423043,0.0,0.0,1
140346488,-1.2217305,1.0471976,-0.43457994,0.014423043,0.0,0.0,1
140366212,-1.2217305,1.0471976,-0.4336496,0.014423043,0.0,0.0,1
140385895,-1.2217305,1.0471976,-0.43405995,0.014423043,0.0,0.0,1
140405592,-1.2217305,1.0471976,-0.435086,0.014423043,0.0,0.0,1
140425288,-1.2217305,1.0471976,-0.43665206,0.014423043,0.0,0.0,1
140444997,-1.2217305,1.0471976,-0.43925187,0.014423043,0.0,0.0,1
140464754,-1.2217305,1.0471976,-0.44283774,0.014423043,0.0,0.0,1
140489879,-1.2217305,1.0471976,-0.4485479,0.014423043,0.0,0.0,1
140504093,-1.2217305,1.0471976,-0.45251948,0.014423043,0.0,0.0,1
140523812,-1.2217305,1.0471976,-0.45814756,0.014423043,0.0,0.0,1
140548688,-1.2217305,1.0471976,-0.46530372,0.014423043,0.0,0.0,1
140568618,-1.2217305,1.0471976,-0.4709082,0.014423043,0.0,0.0,1
140582919,-1.2217305,1.0471976,-0.47496876,0.014423043,0.0,0.0,1
140607863,-1.2217305,1.0471976,-0.48156705,0.014423043,0.0,0.0,1
140627523,-1.2217305,1.0471976,-0.4866543,0.014423043,0.0,0.0,1
140647210,-1.2217305,1.0471976,-0.49629787,0.014423043,0.0,0.0,1
140667163,-1.2217305,1.0471976,-0.4965165,0.014423043,0.0,0.0,1
140686744,-1.2217305,1.0471976,-0.505659,0.014423043,0.0,0.0,1
140706453,-1.2217305,1.0471976,-0.5100622,0.014423043,0.0,0.0,1
140726087,-1.2217305,1.0471976,-0.5143969,0.014423043,0.0,0.0,1
140745770,-1.2217305,1.0471976,-0.51847875,0.014423043,0.0,0.0,1
140765455,-1.2217305,1.0471976,-0.5178089,0.014423043,0.0,0.0,1
140785170,-1.2217305,1.0471976,-0.521343,0.014423043,0.0,0.0,1
140804875,-1.2217305,1.0471976,-0.5246258,0.014423043,0.0,0.0,1
140824559,-1.2217305,1.0471976,-0.5276698,0.014423043,0.0,0.0,1
140848936,-1.2217305,1.0471976,-0.5317749,0.014423043,0.0,0.0,1
140864014,-1.2217305,1.0471976,-0.53895295,0.014423043,0.0,0.0,1
140888664,-1.2217305,1.0471976,-0.53898835,0.014423043,0.0,0.0,1
140908022,-1.2217305,1.0471976,-0.5427841,0.014423043,0.0,0.0,1
140923057,-1.2217305,1.0471976,-0.5458987,0.014423043,0.0,0.0,1
140947419,-1.2217305,1.0471976,-0.5511861,0.014423043,0.0,0.0,1
140967134,-1.2217305,1.0471976,-0.5597818,0.014423043,0.0,0.0,1
140986851,-1.2217305,1.0471976,-0.5638894,0.014423043,0.0,0.0,1
141006547,-1.2217305,1.0471976,-0.5680716,0.014423043,0.0,0.0,1
141026253,-1.2217305,1.0471976,-0.5719249,0.014423043,0.0,0.0,1
141045942,-1.2217305,1.0471976,-0.57126176,0.014423043,0.0,0.0,1
141065678,-1.2217305,1.0471976,-0.5790857,0.014423043,0.0,0.0,1
141085382,-1.2217305,1.0471976,-0.57736933,0.014423043,0.0,0.0,1
141105043,-1.2217305,1.0471976,-0.58445084,0.014423043,0.0,0.0,1
141129927,-1.2217305,1.0471976,-0.5879488,0.014423043,0.0,0.0,1
141144454,-1.2217305,1.0471976,-0.59009504,0.014423043,0.0,0.0,1
141164151,-1.2217305,1.0471976,-0.5927981,0.014423043,0.0,0.0,1
141189071,-1.2217305,1.0471976,-0.59584236,0.014423043,0.0,0.0,1
141203573,-1.2217305,1.0471976,-0.5974287,0.014423043,0.0,0.0,1
141228479,-1.2217305,1.0471976,-0.5999805,0.014423043,0.0,0.0,1
141248181,-1.2217305,1.0471976,-0.5974804,0.014423043,0.0,0.0,1
141268371,-1.2217305,1.0471976,-0.5988244,0.014423043,0.0,0.0,1
141287912,-1.2217305,1.0471976,-0.5998597,0.014423043,0.0,0.0,1
141307580,-1.2217305,1.0471976,-0.60574424,0.014423043,0.0,0.0,1
141327020,-1.2217305,1.0471976,-0.6032225,0.014423043,0.0,0.0,1
141346727,-1.2217305,1.0471976,-0.6051736,0.014423043,0.0,0.0,1
141366410,-1.2217305,1.0471976,-0.611254,0.014423043,0.0,0.0,1
141386121,-1.2217305,1.0471976,-0.61259747,0.014423043,0.0,0.0,1
141405792,-1.2217305,1.0471976,-0.6099156,0.014423043,0.0,0.0,1
141425480,-1.2217305,1.0471976,-0.61624706,0.014423043,0.0,0.0,1
141445198,-1.2217305,1.0471976,-0.61818993,0.014423043,0.0,0.0,1
141469591,-1.2217305,1.0471976,-0.6163459,0.014423043,0.0,0.0,1
141484676,-1.2217305,1.0471976,-0.6224656,0.014423043,0.0,0.0,1
141504354,-1.2217305,1.0471976,-0.62525177,0.014423043,0.0,0.0,1
141528668,-1.2217305,1.0471976,-0.62407565,0.014423043,0.0,0.0,1
141548389,-1.2217305,1.0471976,-0.6305622,0.014423043,0.0,0.0,1
141563411,-1.2217305,1.0471976,-0.6317971,0.014423043,0.0,0.0,1
141587785,-1.2217305,1.0471976,-0.63250184,0.014423043,0.0,0.0,1
141607487,-1.2217305,1.0471976,-0.632033,0.014423043,0.0,0.0,1
141622565,-1.2217305,1.0471976,-0.6266271,0.014423043,0.0,0.0,1
141646898,-1.2217305,1.0471976,-0.62357235,0.014423043,0.0,0.0,1
141666926,-1.2217305,1.0471976,-0.6204326,0.014423043,0.0,0.0,1
141686613,-1.2217305,1.0471976,-0.6170503,0.014423043,0.0,0.0,1
141705997,-1.2217305,1.0471976,-0.6137172,0.014423043,0.0,0.0,1
141725720,-1.2217305,1.0471976,-0.610103,0.014423043,0.0,0.0,1
141745394,-1.2217305,1.0471976,-0.6104431,0.014423043,0.0,0.0,1
141765105,-1.2217305,1.0471976,-0.60177076,0.014423043,0.0,0.0,1
141784838,-1.2217305,1.0471976,-0.59734213,0.014423043,0.0,0.0,1
141804512,-1.2217305,1.0471976,-0.5929369,0.014423043,0.0,0.0,1
141824211,-1.2217305,1.0471976,-0.5889113,0.014423043,0.0,0.0,1
141843930,-1.2217305,1.0471976,-0.58565927,0.014423043,0.0,0.0,1
141869083,-1.2217305,1.0471976,-0.5833502,0.014423043,0.0,0.0,1
141888579,-1.2217305,1.0471976,-0.58312213,0.014423043,0.0,0.0,1
141903055,-1.2217305,1.0471976,-0.58375394,0.014423043,0.0,0.0,1
141927945,-1.2217305,1.0471976,-0.5856668,0.014423043,0.0,0.0,1
141947685,-1.2217305,1.0471976,-0.5876527,0.014423043,0.0,0.0,1
141967546,-1.2217305,1.0471976,-0.59030735,0.014423043,0.0,0.0,1
141987078,-1.2217305,1.0471976,-0.598065,0.014423043,0.0,0.0,1
142006777,-1.2217305,1.0471976,-0.6017604,0.014423043,0.0,0.0,1
142026475,-1.2217305,1.0471976,-0.6009437,0.014423043,0.0,0.0,1
142046194,-1.2217305,1.0471976,-0.6042694,0.014423043,0.0,0.0,1
142066245,-1.2217305,1.0471976,-0.6075609,0.014423043,0.0,0.0,1
142085833,-1.2217305,1.0471976,-0.61481476,0.014423043,0.0,0.0,1
142109936,-1.2217305,1.0471976,-0.61310077,0.014423043,0.0,0.0,1
142125007,-1.2217305,1.0471976,-0.61416435,0.014423043,0.0,0.0,1
142144651,-1.2217305,1.0471976,-0.61535096,0.014423043,0.0,0.0,1
142169027,-1.2217305,1.0471976,-0.6171006,0.014423043,0.0,0.0,1
142184144,-1.2217305,1.0471976,-0.6180409,0.014423043,0.0,0.0,1
142203962,-1.2217305,1.0471976,-0.62339187,0.014423043,0.0,0.0,1
142228137,-1.2217305,1.0471976,-0.61955976,0.014423043,0.0,0.0,1
142247837,-1.2217305,1.0471976,-0.61933684,0.014423043,0.0,0.0,1
142267573,-1.2217305,1.0471976,-0.61885285,0.014423043,0.0,0.0,1
142287297,-1.2217305,1.0471976,-0.6225654,0.014423043,0.0,0.0,1
142306950,-1.2217305,1.0471976,-0.6215577,0.014423043,0.0,0.0,1
142326639,-1.2217305,1.0471976,-0.6158216,0.014423043,0.0,0.0,1
142346409,-1.2217305,1.0471976,-0.6138022,0.014423043,0.0,0.0,1
142366060,-1.2217305,1.0471976,-0.61114335,0.014423043,0.0,0.0,1
142385800,-1.2217305,1.0471976,-0.60792565,0.014423043,0.0,0.0,1
142405471,-1.2217305,1.0471976,-0.6043266,0.014423043,0.0,0.0,1
142425203,-1.2217305,1.0471976,-0.60485876,0.014423043,0.0,0.0,1
142444933,-1.2217305,1.0471976,-0.60067976,0.014423043,0.0,0.0,1
142465143,-1.2217305,1.0471976,-0.5960561,0.014423043,0.0,0.0,1
142484604,-1.2217305,1.0471976,-0.59149885,0.014423043,0.0,0.0,1
142509251,-1.2217305,1.0471976,-0.5814793,0.014423043,0.0,0.0,1
142528885,-1.2217305,1.0471976,-0.5815891,0.014423043,0.0,0.0,1
142543383,-1.2217305,1.0471976,-0.57859874,0.014423043,0.0,0.0,1
142568466,-1.2217305,1.0471976,-0.57377875,0.014423043,0.0,0.0,1
142588028,-1.2217305,1.0471976,-0.56532943,0.014423043,0.0,0.0,1
142602497,-1.2217305,1.0471976,-0.562498,0.014423043,0.0,0.0,1
142627437,-1.2217305,1.0471976,-0.55770206,0.014423043,0.0,0.0,1
142647096,-1.2217305,1.0471976,-0.553797,0.014423043,0.0,0.0,1
142667026,-1.2217305,1.0471976,-0.5544307,0.014423043,0.0,0.0,1
142686570,-1.2217305,1.0471976,-0.5506865,0.014423043,0.0,0.0,1
142706264,-1.2217305,1.0471976,-0.5426676,0.014423043,0.0,0.0,1
142725923,-1.2217305,1.0471976,-0.53937364,0.014423043,0.0,0.0,1
142745625,-1.2217305,1.0471976,-0.5365714,0.014423043,0.0,0.0,1
142765306,-1.2217305,1.0471976,-0.5390135,0.014423043,0.0,0.0,1
142785030,-1.2217305,1.0471976,-0.5371244,0.014423043,0.0,0.0,1
142809383,-1.2217305,1.0471976,-0.5306301,0.014423043,0.0,0.0,1
142824383,-1.2217305,1.0471976,-0.52967036,0.014423043,0.0,0.0,1
142844167,-1.2217305,1.0471976,-0.5283799,0.014423043,0.0,0.0,1
142868592,-1.2217305,1.0471976,-0.5313542,0.014423043,0.0,0.0,1
142883821,-1.2217305,1.0471976,-0.5304742,0.014423043,0.0,0.0,1
142907914,-1.2217305,1.0471976,-0.5247357,0.014423043,0.0,0.0,1
142927602,-1.2217305,1.0471976,-0.5240922,0.014423043,0.0,0.0,1
142947306,-1.2217305,1.0471976,-0.5280663,0.014423043,0.0,0.0,1
142967013,-1.2217305,1.0471976,-0.5234461,0.014423043,0.0,0.0,1
142986717,-1.2217305,1.0471976,-0.523378,0.014423043,0.0,0.0,1
143006420,-1.2217305,1.0471976,-0.5233952,0.014423043,0.0,0.0,1
143026120,-1.2217305,1.0471976,-0.5236913,0.014423043,0.0,0.0,1
143045856,-1.2217305,1.0471976,-0.52397394,0.014423043,0.0,0.0,1
143065584,-1.2217305,1.0471976,-0.5226153,0.014423043,0.0,0.0,1
143090460,-1.2217305,1.0471976,-0.5288656,0.014423043,0.0,0.0,1
143104968,-1.2217305,1.0471976,-0.52452886,0.014423043,0.0,0.0,1
143124675,-1.2217305,1.0471976,-0.52469015,0.014423043,0.0,0.0,1
143149525,-1.2217305,1.0471976,-0.5249187,0.014423043,0.0,0.0,1
143164042,-1.2217305,1.0471976,-0.5251739,0.014423043,0.0,0.0,1
143183752,-1.2217305,1.0471976,-0.52528906,0.014423043,0.0,0.0,1
143208623,-1.2217305,1.0471976,-0.52508914,0.014423043,0.0,0.0,1
143228324,-1.2217305,1.0471976,-0.5249553,0.014423043,0.0,0.0,1
143242956,-1.2217305,1.0471976,-0.52476144,0.014423043,0.0,0.0,1
143268014,-1.2217305,1.0471976,-0.52436554,0.014423043,0.0,0.0,1
143287548,-1.2217305,1.0471976,-0.5239202,0.014423043,0.0,0.0,1
143307191,-1.2217305,1.0471976,-0.52351975,0.014423043,0.0,0.0,1
143326857,-1.2217305,1.0471976,-0.52784705,0.014423043,0.0,0.0,1
143346602,-1.2217305,1.0471976,-0.5231234,0.014423043,0.0,0.0,1
143366473,-1.2217305,1.0471976,-0.52726614,0.014423043,0.0,0.0,1
143386023,-1.2217305,1.0471976,-0.5266911,0.014423043,0.0,0.0,1
143405700,-1.2217305,1.0471976,-0.5257689,0.014423043,0.0,0.0,1
143425384,-1.2217305,1.0471976,-0.5199307,0.014423043,0.0,0.0,1
143445104,-1.2217305,1.0471976,-0.5181079,0.014423043,0.0,0.0,1
143465003,-1.2217305,1.0471976,-0.51565063,0.014423043,0.0,0.0,1
143489153,-1.2217305,1.0471976,-0.5117059,0.014423043,0.0,0.0,1
143508863,-1.2217305,1.0471976,-0.51263416,0.014423043,0.0,0.0,1
143523980,-1.2217305,1.0471976,-0.5097673,0.014423043,0.0,0.0,1
143548255,-1.2217305,1.0471976,-0.5001309,0.014423043,0.0,0.0,1
143567973,-1.2217305,1.0471976,-0.49540487,0.014423043,0.0,0.0,1
143583056,-1.2217305,1.0471976,-0.49158534,0.014423043,0.0,0.0,1
143607399,-1.2217305,1.0471976,-0.489681,0.014423043,0.0,0.0,1
143627103,-1.2217305,1.0471976,-0.4844738,0.014423043,0.0,0.0,1
143642237,-1.2217305,1.0471976,-0.4761163,0.014423043,0.0,0.0,1
143666620,-1.2217305,1.0471976,-0.47052658,0.014423043,0.0,0.0,1
143686236,-1.2217305,1.0471976,-0.4666175,0.014423043,0.0,0.0,1
143705908,-1.2217305,1.0471976,-0.4633594,0.014423043,0.0,0.0,1
143725583,-1.2217305,1.0471976,-0.46072674,0.014423043,0.0,0.0,1
143745291,-1.2217305,1.0471976,-0.45902044,0.014423043,0.0,0.0,1
143764992,-1.2217305,1.0471976,-0.4581625,0.014423043,0.0,0.0,1
143789917,-1.2217305,1.0471976,-0.45870265,0.014423043,0.0,0.0,1
143804449,-1.2217305,1.0471976,-0.4598269,0.014423043,0.0,0.0,1
143824093,-1.2217305,1.0471976,-0.4617755,0.014423043,0.0,0.0,1
143849039,-1.2217305,1.0471976,-0.46544862,0.014423043,0.0,0.0,1
143863545,-1.2217305,1.0471976,-0.47270533,0.014423043,0.0,0.0,1
143888428,-1.2217305,1.0471976,-0.47299394,0.014423043,0.0,0.0,1
143908131,-1.2217305,1.0471976,-0.48148316,0.014423043,0.0,0.0,1
143927794,-1.2217305,1.0471976,-0.48547953,0.014423043,0.0,0.0,1
143947496,-1.2217305,1.0471976,-0.4847476,0.014423043,0.0,0.0,1
143967452,-1.2217305,1.0471976,-0.4880974,0.014423043,0.0,0.0,1
143986932,-1.2217305,1.0471976,-0.49551257,0.014423043,0.0,0.0,1
144006633,-1.2217305,1.0471976,-0.49823335,0.014423043,0.0,0.0,1
144026395,-1.2217305,1.0471976,-0.5008465,0.014423043,0.0,0.0,1
144046049,-1.2217305,1.0471976,-0.50328207,0.014423043,0.0,0.0,1
144065835,-1.2217305,1.0471976,-0.5054258,0.014423043,0.0,0.0,1
144085630,-1.2217305,1.0471976,-0.50307655,0.014423043,0.0,0.0,1
144105140,-1.2217305,1.0471976,-0.5052693,0.014423043,0.0,0.0,1
144129510,-1.2217305,1.0471976,-0.51256585,0.014423043,0.0,0.0,1
144144577,-1.2217305,1.0471976,-0.5096071,0.014423043,0.0,0.0,1
144164239,-1.2217305,1.0471976,-0.5116253,0.014423043,0.0,0.0,1
144188633,-1.2217305,1.0471976,-0.5186678,0.014423043,0.0,0.0,1
144208319,-1.2217305,1.0471976,-0.51603067,0.014423043,0.0,0.0,1
144223398,-1.2217305,1.0471976,-0.5172131,0.014423043,0.0,0.0,1
144247800,-1.2217305,1.0471976,-0.5231985,0.014423043,0.0,0.0,1
144267543,-1.2217305,1.0471976,-0.51927626,0.014423043,0.0,0.0,1
144287171,-1.2217305,1.0471976,-0.5194601,0.014423043,0.0,0.0,1
144306876,-1.2217305,1.0471976,-0.52403104,0.014423043,0.0,0.0,1
144326549,-1.2217305,1.0471976,-0.51956594,0.014423043,0.0,0.0,1
144346265,-1.2217305,1.0471976,-0.52398086,0.014423043,0.0,0.0,1
144365957,-1.2217305,1.0471976,-0.52359414,0.014423043,0.0,0.0,1
144385651,-1.2217305,1.0471976,-0.5226922,0.014423043,0.0,0.0,1
144405364,-1.2217305,1.0471976,-0.5214592,0.014423043,0.0,0.0,1
144425057,-1.2217305,1.0471976,-0.52007306,0.014423043,0.0,0.0,1
144444771,-1.2217305,1.0471976,-0.5186615,0.014423043,0.0,0.0,1
144464590,-1.2217305,1.0471976,-0.51276886,0.014423043,0.0,0.0,1
144484175,-1.2217305,1.0471976,-0.5112916,0.014423043,0.0,0.0,1
144503868,-1.2217305,1.0471976,-0.510021,0.014423043,0.0,0.0,1
144528771,-1.2217305,1.0471976,-0.5086783,0.014423043,0.0,0.0,1
144548451,-1.2217305,1.0471976,-0.507723,0.014423043,0.0,0.0,1
144562978,-1.2217305,1.0471976,-0.50688887,0.014423043,0.0,0.0,1
144587869,-1.2217305,1.0471976,-0.51013243,0.014423043,0.0,0.0,1
144607601,-1.2217305,1.0471976,-0.50952554,0.014423043,0.0,0.0,1
144627279,-1.2217305,1.0471976,-0.5091164,0.014423043,0.0,0.0,1
144647069,-1.2217305,1.0471976,-0.5044613,0.014423043,0.0,0.0,1
144666946,-1.2217305,1.0471976,-0.504446,0.014423043,0.0,0.0,1
144686456,-1.2217305,1.0471976,-0.5043222,0.014423043,0.0,0.0,1
144706129,-1.2217305,1.0471976,-0.5045365,0.014423043,0.0,0.0,1
144725856,-1.2217305,1.0471976,-0.5093125,0.014423043,0.0,0.0,1
144745543,-1.2217305,1.0471976,-0.50962067,0.014423043,0.0,0.0,1
144769884,-1.2217305,1.0471976,-0.50577724,0.014423043,0.0,0.0,1
144784946,-1.2217305,1.0471976,-0.50627506,0.014423043,0.0,0.0,1
144804638,-1.2217305,1.0471976,-0.5071062,0.014423043,0.0,0.0,1
144829021,-1.2217305,1.0471976,-0.5122576,0.014423043,0.0,0.0,1
144844067,-1.2217305,1.0471976,-0.5126736,0.014423043,0.0,0.0,1
144863809,-1.2217305,1.0471976,-0.508916,0.014423043,0.0,0.0,1
144888088,-1.2217305,1.0471976,-0.5144664,0.014423043,0.0,0.0,1
144907791,-1.2217305,1.0471976,-0.51096094,0.014423043,0.0,0.0,1
144927497,-1.2217305,1.0471976,-0.5160475,0.014423043,0.0,0.0,1
144947198,-1.2217305,1.0471976,-0.511724,0.014423043,0.0,0.0,1
144966902,-1.2217305,1.0471976,-0.51171803,0.014423043,0.0,0.0,1
144986645,-1.2217305,1.0471976,-0.5158317,0.014423043,0.0,0.0,1
145006346,-1.2217305,1.0471976,-0.51099527,0.014423043,0.0,0.0,1
145026040,-1.2217305,1.0471976,-0.51064634,0.014423043,0.0,0.0,1
145045808,-1.2217305,1.0471976,-0.51455903,0.014423043,0.0,0.0,1
145065466,-1.2217305,1.0471976,-0.5136497,0.014423043,0.0,0.0,1
145085129,-1.2217305,1.0471976,-0.51220655,0.014423043,0.0,0.0,1
145104820,-1.2217305,1.0471976,-0.5104085,0.014423043,0.0,0.0,1
145124525,-1.2217305,1.0471976,-0.5088031,0.014423043,0.0,0.0,1
145144221,-1.2217305,1.0471976,-0.5073582,0.014423043,0.0,0.0,1
145169102,-1.2217305,1.0471976,-0.5010668,0.014423043,0.0,0.0,1
145188834,-1.2217305,1.0471976,-0.49998042,0.014423043,0.0,0.0,1
145203338,-1.2217305,1.0471976,-0.4993529,0.014423043,0.0,0.0,1
145228210,-1.2217305,1.0471976,-0.49851963,0.014423043,0.0,0.0,1
145248228,-1.2217305,1.0471976,-0.4978383,0.014423043,0.0,0.0,1
145262556,-1.2217305,1.0471976,-0.5018389,0.014423043,0.0,0.0,1
145287672,-1.2217305,1.0471976,-0.49626842,0.014423043,0.0,0.0,1
145307066,-1.2217305,1.0471976,-0.49978736,0.014423043,0.0,0.0,1
145326747,-1.2217305,1.0471976,-0.4987305,0.014423043,0.0,0.0,1
145346518,-1.2217305,1.0471976,-0.4974182,0.014423043,0.0,0.0,1
145366384,-1.2217305,1.0471976,-0.49581,0.014423043,0.0,0.0,1
145385887,-1.2217305,1.0471976,-0.4894131,0.014423043,0.0,0.0,1
145405586,-1.2217305,1.0471976,-0.48773006,0.014423043,0.0,0.0,1
145425267,-1.2217305,1.0471976,-0.485964,0.014423043,0.0,0.0,1
145445018,-1.2217305,1.0471976,-0.4886516,0.014423043,0.0,0.0,1
145469385,-1.2217305,1.0471976,-0.4863939,0.014423043,0.0,0.0,1
145484453,-1.2217305,1.0471976,-0.48500183,0.014423043,0.0,0.0,1
145504106,-1.2217305,1.0471976,-0.48304248,0.014423043,0.0,0.0,1
145528468,-1.2217305,1.0471976,-0.47594446,0.014423043,0.0,0.0,1
145543579,-1.2217305,1.0471976,-0.478856,0.014423043,0.0,0.0,1
145567894,-1.2217305,1.0471976,-0.4716744,0.014423043,0.0,0.0,1
145587593,-1.2217305,1.0471976,-0.47421518,0.014423043,0.0,0.0,1
145607286,-1.2217305,1.0471976,-0.46764597,0.014423043,0.0,0.0,1
145626992,-1.2217305,1.0471976,-0.46573916,0.014423043,0.0,0.0,1
145646963,-1.2217305,1.0471976,-0.46389702,0.014423043,0.0,0.0,1
145666682,-1.2217305,1.0471976,-0.46212786,0.014423043,0.0,0.0,1
145686076,-1.2217305,1.0471976,-0.46516374,0.014423043,0.0,0.0,1
145705805,-1.2217305,1.0471976,-0.45933512,0.014423043,0.0,0.0,1
145725453,-1.2217305,1.0471976,-0.46274224,0.014423043,0.0,0.0,1
145750391,-1.2217305,1.0471976,-0.4613397,0.014423043,0.0,0.0,1
145764891,-1.2217305,1.0471976,-0.46070856,0.014423043,0.0,0.0,1
145784587,-1.2217305,1.0471976,-0.4558519,0.014423043,0.0,0.0,1
145809500,-1.2217305,1.0471976,-0.45602453,0.014423043,0.0,0.0,1
145823999,-1.2217305,1.0471976,-0.45633572,0.014423043,0.0,0.0,1
145843760,-1.2217305,1.0471976,-0.45658645,0.014423043,0.0,0.0,1
145868921,-1.2217305,1.0471976,-0.4608009,0.014423043,0.0,0.0,1
145888324,-1.2217305,1.0471976,-0.4545275,0.014423043,0.0,0.0,1
145902809,-1.2217305,1.0471976,-0.4554903,0.014423043,0.0,0.0,1
145927721,-1.2217305,1.0471976,-0.4545559,0.014423043,0.0,0.0,1
145947383,-1.2217305,1.0471976,-0.45378897,0.014423043,0.0,0.0,1
145967110,-1.2217305,1.0471976,-0.45341027,0.014423043,0.0,0.0,1
145986860,-1.2217305,1.0471976,-0.45307642,0.014423043,0.0,0.0,1
146006540,-1.2217305,1.0471976,-0.45245633,0.014423043,0.0,0.0,1
146026278,-1.2217305,1.0471976,-0.45622525,0.014423043,0.0,0.0,1
146046350,-1.2217305,1.0471976,-0.4555714,0.014423043,0.0,0.0,1
146065944,-1.2217305,1.0471976,-0.45570928,0.014423043,0.0,0.0,1
146085642,-1.2217305,1.0471976,-0.4515332,0.014423043,0.0,0.0,1
146105110,-1.2217305,1.0471976,-0.45152476,0.014423043,0.0,0.0,1
146124751,-1.2217305,1.0471976,-0.45154852,0.014423043,0.0,0.0,1
146149106,-1.2217305,1.0471976,-0.4514642,0.014423043,0.0,0.0,1
146168800,-1.2217305,1.0471976,-0.4514052,0.014423043,0.0,0.0,1
146183874,-1.2217305,1.0471976,-0.45164102,0.014423043,0.0,0.0,1
146208254,-1.2217305,1.0471976,-0.4523372,0.014423043,0.0,0.0,1
146227947,-1.2217305,1.0471976,-0.4535501,0.014423043,0.0,0.0,1
146243022,-1.2217305,1.0471976,-0.45466,0.014423043,0.0,0.0,1
146267391,-1.2217305,1.0471976,-0.4567689,0.014423043,0.0,0.0,1
146287061,-1.2217305,1.0471976,-0.4587001,0.014423043,0.0,0.0,1
146306730,-1.2217305,1.0471976,-0.4653016,0.014423043,0.0,0.0,1
146326438,-1.2217305,1.0471976,-0.46733862,0.014423043,0.0,0.0,1
146346131,-1.2217305,1.0471976,-0.4690958,0.014423043,0.0,0.0,1
146365861,-1.2217305,1.0471976,-0.4705033,0.014423043,0.0,0.0,1
146385549,-1.2217305,1.0471976,-0.46739605,0.014423043,0.0,0.0,1
146405244,-1.2217305,1.0471976,-0.46888793,0.014423043,0.0,0.0,1
146424962,-1.2217305,1.0471976,-0.47044545,0.014423043,0.0,0.0,1
146449908,-1.2217305,1.0471976,-0.47236416,0.014423043,0.0,0.0,1
146464630,-1.2217305,1.0471976,-0.4734085,0.014423043,0.0,0.0,1
146484055,-1.2217305,1.0471976,-0.47465596,0.014423043,0.0,0.0,1
146508950,-1.2217305,1.0471976,-0.4807405,0.014423043,0.0,0.0,1
146523464,-1.2217305,1.0471976,-0.47721368,0.014423043,0.0,0.0,1
146548355,-1.2217305,1.0471976,-0.47902814,0.014423043,0.0,0.0,1
146568042,-1.2217305,1.0471976,-0.48020402,0.014423043,0.0,0.0,1
146587752,-1.2217305,1.0471976,-0.48602375,0.014423043,0.0,0.0,1
146607457,-1.2217305,1.0471976,-0.48265213,0.014423043,0.0,0.0,1
146627185,-1.2217305,1.0471976,-0.4831684,0.014423043,0.0,0.0,1
146646934,-1.2217305,1.0471976,-0.48358122,0.014423043,0.0,0.0,1
146666708,-1.2217305,1.0471976,-0.48411092,0.014423043,0.0,0.0,1
146686376,-1.2217305,1.0471976,-0.48475078,0.014423043,0.0,0.0,1
146706044,-1.2217305,1.0471976,-0.48552936,0.014423043,0.0,0.0,1
146725735,-1.2217305,1.0471976,-0.48615763,0.014423043,0.0,0.0,1
146745419,-1.2217305,1.0471976,-0.48652995,0.014423043,0.0,0.0,1
146765126,-1.2217305,1.0471976,-0.49102962,0.014423043,0.0,0.0,1
146789512,-1.2217305,1.0471976,-0.4902707,0.014423043,0.0,0.0,1
146804529,-1.2217305,1.0471976,-0.48948032,0.014423043,0.0,0.0,1
146824224,-1.2217305,1.0471976,-0.487962,0.014423043,0.0,0.0,1
146848677,-1.2217305,1.0471976,-0.48545474,0.014423043,0.0,0.0,1
146868306,-1.2217305,1.0471976,-0.47843498,0.014423043,0.0,0.0,1
146883603,-1.2217305,1.0471976,-0.47624713,0.014423043,0.0,0.0,1
146907704,-1.2217305,1.0471976,-0.47675815,0.014423043,0.0,0.0,1
146927387,-1.2217305,1.0471976,-0.47409713,0.014423043,0.0,0.0,1
146947095,-1.2217305,1.0471976,-0.47209194,0.014423043,0.0,0.0,1
146966788,-1.2217305,1.0471976,-0.46600154,0.014423043,0.0,0.0,1
146986504,-1.2217305,1.0471976,-0.4645109,0.014423043,0.0,0.0,1
147006211,-1.2217305,1.0471976,-0.4630978,0.014423043,0.0,0.0,1
147025914,-1.2217305,1.0471976,-0.46640635,0.014423043,0.0,0.0,1
147045629,-1.2217305,1.0471976,-0.46126142,0.014423043,0.0,0.0,1
147065338,-1.2217305,1.0471976,-0.46103767,0.014423043,0.0,0.0,1
147085008,-1.2217305,1.0471976,-0.46126774,0.014423043,0.0,0.0,1
147104714,-1.2217305,1.0471976,-0.4668022,0.014423043,0.0,0.0,1
147124416,-1.2217305,1.0471976,-0.46834275,0.014423043,0.0,0.0,1
147144118,-1.2217305,1.0471976,-0.47039166,0.014423043,0.0,0.0,1
147163829,-1.2217305,1.0471976,-0.4727252,0.014423043,0.0,0.0,1
147188760,-1.2217305,1.0471976,-0.4750968,0.014423043,0.0,0.0,1
147208415,-1.2217305,1.0471976,-0.47646058,0.014423043,0.0,0.0,1
147222936,-1.2217305,1.0471976,-0.47290376,0.014423043,0.0,0.0,1
147247962,-1.2217305,1.0471976,-0.47473535,0.014423043,0.0,0.0,1
147267634,-1.2217305,1.0471976,-0.48115015,0.014423043,0.0,0.0,1
147287267,-1.2217305,1.0471976,-0.4830194,0.014423043,0.0,0.0,1
147306967,-1.2217305,1.0471976,-0.4845854,0.014423043,0.0,0.0,1
147326656,-1.2217305,1.0471976,-0.4860091,0.014423043,0.0,0.0,1
147346382,-1.2217305,1.0471976,-0.48241925,0.014423043,0.0,0.0,1
147366331,-1.2217305,1.0471976,-0.4875128,0.014423043,0.0,0.0,1
147385802,-1.2217305,1.0471976,-0.48801428,0.014423043,0.0,0.0,1
147405486,-1.2217305,1.0471976,-0.48375404,0.014423043,0.0,0.0,1
147429854,-1.2217305,1.0471976,-0.48342472,0.014423043,0.0,0.0,1
147444925,-1.2217305,1.0471976,-0.48314607,0.014423043,0.0,0.0,1
147464627,-1.2217305,1.0471976,-0.4827531,0.014423043,0.0,0.0,1
147488976,-1.2217305,1.0471976,-0.48201045,0.014423043,0.0,0.0,1
147504003,-1.2217305,1.0471976,-0.481659,0.014423043,0.0,0.0,1
147523673,-1.2217305,1.0471976,-0.48544112,0.014423043,0.0,0.0,1
147548039,-1.2217305,1.0471976,-0.4793196,0.014423043,0.0,0.0,1
147567742,-1.2217305,1.0471976,-0.47780868,0.014423043,0.0,0.0,1
147587446,-1.2217305,1.0471976,-0.4810986,0.014423043,0.0,0.0,1
147607152,-1.2217305,1.0471976,-0.47571006,0.014423043,0.0,0.0,1
147626853,-1.2217305,1.0471976,-0.47896123,0.014423043,0.0,0.0,1
147646630,-1.2217305,1.0471976,-0.47721326,0.014423043,0.0,0.0,1
147666314,-1.2217305,1.0471976,-0.47078243,0.014423043,0.0,0.0,1
147685967,-1.2217305,1.0471976,-0.46861935,0.014423043,0.0,0.0,1
147705669,-1.2217305,1.0471976,-0.46636426,0.014423043,0.0,0.0,1
147725400,-1.2217305,1.0471976,-0.4642861,0.014423043,0.0,0.0,1
147745070,-1.2217305,1.0471976,-0.4629607,0.014423043,0.0,0.0,1
147764772,-1.2217305,1.0471976,-0.46246636,0.014423043,0.0,0.0,1
147784477,-1.2217305,1.0471976,-0.46709904,0.014423043,0.0,0.0,1
147804182,-1.2217305,1.0471976,-0.46335563,0.014423043,0.0,0.0,1
147829108,-1.2217305,1.0471976,-0.46489188,0.014423043,0.0,0.0,1
147848794,-1.2217305,1.0471976,-0.46676618,0.014423043,0.0,0.0,1
147863325,-1.2217305,1.0471976,-0.46874627,0.014423043,0.0,0.0,1
147888197,-1.2217305,1.0471976,-0.47266293,0.014423043,0.0,0.0,1
147907932,-1.2217305,1.0471976,-0.47572145,0.014423043,0.0,0.0,1
147922386,-1.2217305,1.0471976,-0.48246318,0.014423043,0.0,0.0,1
147947330,-1.2217305,1.0471976,-0.48184425,0.014423043,0.0,0.0,1
147967039,-1.2217305,1.0471976,-0.48519167,0.014423043,0.0,0.0,1
147986765,-1.2217305,1.0471976,-0.4887521,0.014423043,0.0,0.0,1
148006503,-1.2217305,1.0471976,-0.4920316,0.014423043,0.0,0.0,1
148026178,-1.2217305,1.0471976,-0.49494475,0.014423043,0.0,0.0,1
148045939,-1.2217305,1.0471976,-0.49821612,0.014423043,0.0,0.0,1
148065650,-1.2217305,1.0471976,-0.5023204,0.014423043,0.0,0.0,1
148085259,-1.2217305,1.0471976,-0.50695586,0.014423043,0.0,0.0,1
148104913,-1.2217305,1.0471976,-0.5119785,0.014423043,0.0,0.0,1
148129289,-1.2217305,1.0471976,-0.51785314,0.014423043,0.0,0.0,1
148144330,-1.2217305,1.0471976,-0.5255548,0.014423043,0.0,0.0,1
148164028,-1.2217305,1.0471976,-0.52581835,0.014423043,0.0,0.0,1
148188413,-1.2217305,1.0471976,-0.53218234,0.014423043,0.0,0.0,1
148203633,-1.2217305,1.0471976,-0.5359775,0.014423043,0.0,0.0,1
148227802,-1.2217305,1.0471976,-0.54149806,0.014423043,0.0,0.0,1
148247541,-1.2217305,1.0471976,-0.54492056,0.014423043,0.0,0.0,1
148267243,-1.2217305,1.0471976,-0.5477072,0.014423043,0.0,0.0,1
148286919,-1.2217305,1.0471976,-0.5500709,0.014423043,0.0,0.0,1
148306631,-1.2217305,1.0471976,-0.55259335,0.014423043,0.0,0.0,1
148326342,-1.2217305,1.0471976,-0.55947125,0.014423043,0.0,0.0,1
148346030,-1.2217305,1.0471976,-0.5619321,0.014423043,0.0,0.0,1
148365737,-1.2217305,1.0471976,-0.56471324,0.014423043,0.0,0.0,1
148385432,-1.2217305,1.0471976,-0.56798863,0.014423043,0.0,0.0,1
148410316,-1.2217305,1.0471976,-0.56909454,0.014423043,0.0,0.0,1
148424838,-1.2217305,1.0471976,-0.57300675,0.014423043,0.0,0.0,1
148444647,-1.2217305,1.0471976,-0.5828692,0.014423043,0.0,0.0,1
148470147,-1.2217305,1.0471976,-0.58513117,0.014423043,0.0,0.0,1
148483951,-1.2217305,1.0471976,-0.58893764,0.014423043,0.0,0.0,1
148503657,-1.2217305,1.0471976,-0.59375083,0.014423043,0.0,0.0,1
148528534,-1.2217305,1.0471976,-0.5993589,0.014423043,0.0,0.0,1
148548229,-1.2217305,1.0471976,-0.60397565,0.014423043,0.0,0.0,1
148562765,-1.2217305,1.0471976,-0.61199033,0.014423043,0.0,0.0,1
148587683,-1.2217305,1.0471976,-0.61365676,0.014423043,0.0,0.0,1
148607386,-1.2217305,1.0471976,-0.6220218,0.014423043,0.0,0.0,1
148627105,-1.2217305,1.0471976,-0.62117255,0.014423043,0.0,0.0,1
148646849,-1.2217305,1.0471976,-0.62398374,0.014423043,0.0,0.0,1
148666561,-1.2217305,1.0471976,-0.6303576,0.014423043,0.0,0.0,1
148686328,-1.2217305,1.0471976,-0.6278281,0.014423043,0.0,0.0,1
148705921,-1.2217305,1.0471976,-0.6292305,0.014423043,0.0,0.0,1
148725585,-1.2217305,1.0471976,-0.63491833,0.014423043,0.0,0.0,1
148745300,-1.2217305,1.0471976,-0.6350008,0.014423043,0.0,0.0,1
148764983,-1.2217305,1.0471976,-0.62880945,0.014423043,0.0,0.0,1
148784706,-1.2217305,1.0471976,-0.6302469,0.014423043,0.0,0.0,1
148809067,-1.2217305,1.0471976,-0.6208974,0.014423043,0.0,0.0,1
148828939,-1.2217305,1.0471976,-0.61701393,0.014423043,0.0,0.0,1
148843877,-1.2217305,1.0471976,-0.6193774,0.014423043,0.0,0.0,1
148868163,-1.2217305,1.0471976,-0.6180742,0.014423043,0.0,0.0,1
148887869,-1.2217305,1.0471976,-0.61750424,0.014423043,0.0,0.0,1
148902945,-1.2217305,1.0471976,-0.61739683,0.014423043,0.0,0.0,1
148927279,-1.2217305,1.0471976,-0.6131089,0.014423043,0.0,0.0,1
148946973,-1.2217305,1.0471976,-0.61781347,0.014423043,0.0,0.0,1
148966682,-1.2217305,1.0471976,-0.61285937,0.014423043,0.0,0.0,1
148986419,-1.2217305,1.0471976,-0.6156539,0.014423043,0.0,0.0,1
149006084,-1.2217305,1.0471976,-0.6130599,0.014423043,0.0,0.0,1
149025795,-1.2217305,1.0471976,-0.605078,0.014423043,0.0,0.0,1
149045528,-1.2217305,1.0471976,-0.60108805,0.014423043,0.0,0.0,1
149065193,-1.2217305,1.0471976,-0.5965308,0.014423043,0.0,0.0,1
149084911,-1.2217305,1.0471976,-0.59146214,0.014423043,0.0,0.0,1
149109786,-1.2217305,1.0471976,-0.58418715,0.014423043,0.0,0.0,1
149124310,-1.2217305,1.0471976,-0.57941914,0.014423043,0.0,0.0,1
149144004,-1.2217305,1.0471976,-0.5731337,0.014423043,0.0,0.0,1
149168918,-1.2217305,1.0471976,-0.56576204,0.014423043,0.0,0.0,1
149183476,-1.2217305,1.0471976,-0.5615288,0.014423043,0.0,0.0,1
149208711,-1.2217305,1.0471976,-0.5547373,0.014423043,0.0,0.0,1
149228169,-1.2217305,1.0471976,-0.5499753,0.014423043,0.0,0.0,1
149248036,-1.2217305,1.0471976,-0.5498557,0.014423043,0.0,0.0,1
149267741,-1.2217305,1.0471976,-0.54150915,0.014423043,0.0,0.0,1
149287116,-1.2217305,1.0471976,-0.5375484,0.014423043,0.0,0.0,1
149306830,-1.2217305,1.0471976,-0.5335177,0.014423043,0.0,0.0,1
149326578,-1.2217305,1.0471976,-0.5296203,0.014423043,0.0,0.0,1
149346260,-1.2217305,1.0471976,-0.5296962,0.014423043,0.0,0.0,1
149365949,-1.2217305,1.0471976,-0.52164423,0.014423043,0.0,0.0,1
149385693,-1.2217305,1.0471976,-0.51809,0.014423043,0.0,0.0,1
149405335,-1.2217305,1.0471976,-0.51456845,0.014423043,0.0,0.0,1
149425045,-1.2217305,1.0471976,-0.51111364,0.014423043,0.0,0.0,1
149449445,-1.2217305,1.0471976,-0.50707924,0.014423043,0.0,0.0,1
149464535,-1.2217305,1.0471976,-0.5045587,0.014423043,0.0,0.0,1
149484164,-1.2217305,1.0471976,-0.5014477,0.014423043,0.0,0.0,1
149508537,-1.2217305,1.0471976,-0.49789408,0.014423043,0.0,0.0,1
149528227,-1.2217305,1.0430114,-0.49540594,0.014423043,0.0,0.0,1
149543260,-1.2217305,1.0396264,-0.49378523,0.014423043,0.0,0.0,1
149567631,-1.2217305,1.0360452,-0.49209806,0.014423043,0.0,0.0,1
149587339,-1.2217305,1.0350416,-0.49201944,0.014423043,0.0,0.0,1
149607045,-1.2217305,1.0358421,-0.49305415,0.014423043,0.0,0.0,1
149626918,-1.2217305,1.0382369,-0.4949914,0.014423043,0.0,0.0,1
149646736,-1.2217305,1.037251,-0.5022832,0.014423043,0.0,0.0,1
149666169,-1.2217305,1.0430635,-0.50613916,0.014423043,0.0,0.0,1
149685870,-1.2217305,1.0471976,-0.5111166,0.014423043,0.0,0.0,1
149705561,-1.2217305,1.0471976,-0.51729214,0.014423043,0.0,0.0,1
149725259,-1.2217305,1.0471976,-0.52364755,0.014423043,0.0,0.0,1
149744959,-1.2217305,1.0471976,-0.530373,0.014423043,0.0,0.0,1
149764660,-1.2217305,1.0471976,-0.53748775,0.014423043,0.0,0.0,1
149784368,-1.2217305,1.0471976,-0.5441637,0.014423043,0.0,0.0,1
149809294,-1.2217305,1.0471976,-0.54760444,0.014423043,0.0,0.0,1
149823804,-1.2217305,1.0471976,-0.55143666,0.014423043,0.0,0.0,1
149848713,-1.2217305,1.0471976,-0.5604743,0.014423043,0.0,0.0,1
149868427,-1.2217305,1.0471976,-0.55875957,0.014423043,0.0,0.0,1
149882913,-1.2217305,1.0471976,-0.5594274,0.014423043,0.0,0.0,1
149907826,-1.2217305,1.0471976,-0.55902994,0.014423043,0.0,0.0,1
149927463,-1.2217305,1.0471976,-0.55723536,0.014423043,0.0,0.0,1
149947184,-1.2217305,1.0471976,-0.5541736,0.014423043,0.0,0.0,1
149966889,-1.2217305,1.0471976,-0.5497401,0.014423043,0.0,0.0,1
149986638,-1.2217305,1.0471976,-0.5440576,0.014423043,0.0,0.0,1
150006323,-1.2217305,1.0471976,-0.5376935,0.014423043,0.0,0.0,1
150026247,-1.2217305,1.0471976,-0.53511655,0.014423043,0.0,0.0,1
150045987,-1.2217305,1.0471976,-0.5240109,0.014423043,0.0,0.0,1
150065689,-1.2217305,1.0471976,-0.51747704,0.014423043,0.0,0.0,1
150089773,-1.2217305,1.0471976,-0.5097991,0.014423043,0.0,0.0,1
150104815,-1.2217305,1.0471976,-0.5058875,0.014423043,0.0,0.0,1
150124561,-1.2217305,1.0471976,-0.5063846,0.014423043,0.0,0.0,1
150148903,-1.2217305,1.0471976,-0.5035659,0.014423043,0.0,0.0,1
150163928,-1.2217305,1.0471976,-0.5026679,0.014423043,0.0,0.0,1
150183622,-1.2217305,1.0471976,-0.5018635,0.014423043,0.0,0.0,1
150207999,-1.2217305,1.0471976,-0.49741253,0.014423043,0.0,0.0,1
150227732,-1.2217305,1.0471976,-0.50165546,0.014423043,0.0,0.0,1
150247438,-1.2217305,1.0471976,-0.5012826,0.014423043,0.0,0.0,1
150267099,-1.2217305,1.0471976,-0.500538,0.014423043,0.0,0.0,1
150286816,-1.2217305,1.0471976,-0.49912456,0.014423043,0.0,0.0,1
150306517,-1.2217305,1.0471976,-0.49299195,0.014423043,0.0,0.0,1
150326239,-1.2217305,1.0471976,-0.490573,0.014423043,0.0,0.0,1
150345931,-1.2217305,1.0471976,-0.48764107,0.014423043,0.0,0.0,1
150365625,-1.2217305,1.0471976,-0.48437092,0.014423043,0.0,0.0,1
150385339,-1.2217305,1.0471976,-0.48497233,0.014423043,0.0,0.0,1
150405084,-1.2217305,1.0471976,-0.47692937,0.014423043,0.0,0.0,1
150430035,-1.2217305,1.0471976,-0.47263318,0.014423043,0.0,0.0,1
150444746,-1.2217305,1.0471976,-0.47035944,0.014423043,0.0,0.0,1
150464180,-1.2217305,1.0471976,-0.47233376,0.014423043,0.0,0.0,1
150489025,-1.2217305,1.0471976,-0.46651345,0.014423043,0.0,0.0,1
150508729,-1.2217305,1.0471976,-0.46635285,0.014423043,0.0,0.0,1
150523243,-1.2217305,1.0471976,-0.46691722,0.014423043,0.0,0.0,1
150548127,-1.2217305,1.0471976,-0.4688921,0.014423043,0.0,0.0,1
150567824,-1.2217305,1.0471976,-0.47552827,0.014423043,0.0,0.0,1
150582348,-1.2217305,1.0471976,-0.47768807,0.014423043,0.0,0.0,1
150607248,-1.2217305,1.0471976,-0.47762874,0.014423043,0.0,0.0,1
150626975,-1.2217305,1.0471976,-0.4851608,0.014423043,0.0,0.0,1
150646730,-1.2217305,1.0471976,-0.48793107,0.014423043,0.0,0.0,1
150666451,-1.2217305,1.0471976,-0.48609364,0.014423043,0.0,0.0,1
150686111,-1.2217305,1.0471976,-0.48806122,0.014423043,0.0,0.0,1
150705830,-1.2217305,1.0471976,-0.4895824,0.014423043,0.0,0.0,1
150725469,-1.2217305,1.0471976,-0.49075386,0.014423043,0.0,0.0,1
150745166,-1.2217305,1.0471976,-0.49161962,0.014423043,0.0,0.0,1
150764912,-1.2217305,1.0471976,-0.4923123,0.014423043,0.0,0.0,1
150789243,-1.2217305,1.0471976,-0.49689177,0.014423043,0.0,0.0,1
150804284,-1.2217305,1.0471976,-0.49685237,0.014423043,0.0,0.0,1
150828747,-1.2217305,1.0471976,-0.49261922,0.014423043,0.0,0.0,1
150848436,-1.2217305,1.0471976,-0.4929623,0.014423043,0.0,0.0,1
150863664,-1.2217305,1.0471976,-0.4935999,0.014423043,0.0,0.0,1
150887767,-1.2217305,1.0471976,-0.4953126,0.014423043,0.0,0.0,1
150907459,-1.2217305,1.0471976,-0.5015619,0.014423043,0.0,0.0,1
150927163,-1.2217305,1.0471976,-0.50436866,0.014423043,0.0,0.0,1
150946881,-1.2217305,1.0471976,-0.50369406,0.014423043,0.0,0.0,1
150966591,-1.2217305,1.0471976,-0.5079881,0.014423043,0.0,0.0,1
150986311,-1.2217305,1.0471976,-0.5170251,0.014423043,0.0,0.0,1
151005986,-1.2217305,1.0471976,-0.52210176,0.014423043,0.0,0.0,1
151025726,-1.2217305,1.0471976,-0.522871,0.014423043,0.0,0.0,1
151045461,-1.2217305,1.0471976,-0.5275729,0.014423043,0.0,0.0,1
151070348,-1.2217305,1.0471976,-0.5371368,0.014423043,0.0,0.0,1
151084826,-1.2217305,1.0471976,-0.5357139,0.014423043,0.0,0.0,1
151104522,-1.2217305,1.0471976,-0.538877,0.014423043,0.0,0.0,1
151129412,-1.2217305,1.0471976,-0.5462496,0.014423043,0.0,0.0,1
151143931,-1.2217305,1.0471976,-0.54781115,0.014423043,0.0,0.0,1
151163607,-1.2217305,1.0471976,-0.5496403,0.014423043,0.0,0.0,1
151188494,-1.2217305,1.0471976,-0.55124295,0.014423043,0.0,0.0,1
151208376,-1.2217305,1.0471976,-0.5521481,0.014423043,0.0,0.0,1
151228009,-1.2217305,1.0471976,-0.5524949,0.014423043,0.0,0.0,1
151247722,-1.2217305,1.0471976,-0.5524038,0.014423043,0.0,0.0,1
151267402,-1.2217305,1.0471976,-0.552034,0.014423043,0.0,0.0,1
151287063,-1.2217305,1.0471976,-0.55123055,0.014423043,0.0,0.0,1
151306734,-1.2217305,1.0471976,-0.54599226,0.014423043,0.0,0.0,1
151326443,-1.2217305,1.0471976,-0.5449898,0.014423043,0.0,0.0,1
151346152,-1.2217305,1.0471976,-0.5437995,0.014423043,0.0,0.0,1
151365837,-1.2217305,1.0471976,-0.5425981,0.014423043,0.0,0.0,1
151385540,-1.2217305,1.0471976,-0.5457885,0.014423043,0.0,0.0,1
151405241,-1.2217305,1.0471976,-0.540485,0.014423043,0.0,0.0,1
151424971,-1.2217305,1.0471976,-0.5398581,0.014423043,0.0,0.0,1
151444630,-1.2217305,1.0471976,-0.53948474,0.014423043,0.0,0.0,1
151469020,-1.2217305,1.0471976,-0.53954744,0.014423043,0.0,0.0,1
151488720,-1.2217305,1.0471976,-0.5399816,0.014423043,0.0,0.0,1
151503758,-1.2217305,1.0471976,-0.54056656,0.014423043,0.0,0.0,1
151528117,-1.2217305,1.0471976,-0.54665506,0.014423043,0.0,0.0,1
151547825,-1.2217305,1.0471976,-0.54835236,0.014423043,0.0,0.0,1
151562926,-1.2217305,1.0471976,-0.5497035,0.014423043,0.0,0.0,1
151587228,-1.2217305,1.0471976,-0.5516865,0.014423043,0.0,0.0,1
151606958,-1.2217305,1.0471976,-0.5527278,0.014423043,0.0,0.0,1
151626765,-1.2217305,1.0471976,-0.5489633,0.014423043,0.0,0.0,1
151646487,-1.2217305,1.0471976,-0.5491327,0.014423043,0.0,0.0,1
151666086,-1.2217305,1.0471976,-0.5531595,0.014423043,0.0,0.0,1
151685802,-1.2217305,1.0471976,-0.54804325,0.014423043,0.0,0.0,1
151705445,-1.2217305,1.0471976,-0.55108595,0.014423043,0.0,0.0,1
151725157,-1.2217305,1.0471976,-0.549237,0.014423043,0.0,0.0,1
151744856,-1.2217305,1.0471976,-0.54275525,0.014423043,0.0,0.0,1
151769952,-1.2217305,1.0471976,-0.5442661,0.014423043,0.0,0.0,1
151784271,-1.2217305,1.0471976,-0.53830934,0.014423043,0.0,0.0,1
151803963,-1.2217305,1.0471976,-0.53649557,0.014423043,0.0,0.0,1
151828913,-1.2217305,1.0471976,-0.5347775,0.014423043,0.0,0.0,1
151843413,-1.2217305,1.0471976,-0.53846335,0.014423043,0.0,0.0,1
151868282,-1.2217305,1.0471976,-0.5327163,0.014423043,0.0,0.0,1
151887961,-1.2217305,1.0471976,-0.5316967,0.014423043,0.0,0.0,1
151907680,-1.2217305,1.0471976,-0.53080535,0.014423043,0.0,0.0,1
151927358,-1.2217305,1.0471976,-0.53438246,0.014423043,0.0,0.0,1
151947081,-1.2217305,1.0471976,-0.53357077,0.014423043,0.0,0.0,1
151966784,-1.2217305,1.0471976,-0.53237414,0.014423043,0.0,0.0,1
151986537,-1.2217305,1.0471976,-0.5263599,0.014423043,0.0,0.0,1
152006209,-1.2217305,1.0471976,-0.5245403,0.014423043,0.0,0.0,1
152026025,-1.2217305,1.0471976,-0.522619,0.014423043,0.0,0.0,1
152045750,-1.2217305,1.0471976,-0.5208219,0.014423043,0.0,0.0,1
152065398,-1.2217305,1.0471976,-0.5236268,0.014423043,0.0,0.0,1
152085049,-1.2217305,1.0471976,-0.5178915,0.014423043,0.0,0.0,1
152109396,-1.2217305,1.0471976,-0.52139485,0.014423043,0.0,0.0,1
152124420,-1.2217305,1.0471976,-0.5211741,0.014423043,0.0,0.0,1
152144137,-1.2217305,1.0471976,-0.52122784,0.014423043,0.0,0.0,1
152168486,-1.2217305,1.0471976,-0.52194464,0.014423043,0.0,0.0,1
152188189,-1.2217305,1.0471976,-0.52335143,0.014423043,0.0,0.0,1
152203284,-1.2217305,1.0471976,-0.52041566,0.014423043,0.0,0.0,1
152227617,-1.2217305,1.0471976,-0.5280082,0.014423043,0.0,0.0,1
152247324,-1.2217305,1.0471976,-0.5310695,0.014423043,0.0,0.0,1
152267029,-1.2217305,1.0471976,-0.5298178,0.014423043,0.0,0.0,1
152286740,-1.2217305,1.0471976,-0.53315175,0.014423043,0.0,0.0,1
152306452,-1.2217305,1.0471976,-0.5362601,0.014423043,0.0,0.0,1
152326161,-1.2217305,1.0471976,-0.54356325,0.014423043,0.0,0.0,1
152345897,-1.2217305,1.0471976,-0.5463332,0.014423043,0.0,0.0,1
152365510,-1.2217305,1.0471976,-0.5443845,0.014423043,0.0,0.0,1
152385215,-1.2217305,1.0471976,-0.55103433,0.014423043,0.0,0.0,1
152404925,-1.2217305,1.0471976,-0.5527315,0.014423043,0.0,0.0,1
152424717,-1.2217305,1.0471976,-0.55422246,0.014423043,0.0,0.0,1
152444364,-1.2217305,1.0471976,-0.55573463,0.014423043,0.0,0.0,1
152469241,-1.2217305,1.0471976,-0.55306983,0.014423043,0.0,0.0,1
152483756,-1.2217305,1.0471976,-0.55417955,0.014423043,0.0,0.0,1
152508627,-1.2217305,1.0471976,-0.55611384,0.014423043,0.0,0.0,1
152528303,-1.2217305,1.0471976,-0.56204283,0.014423043,0.0,0.0,1
152542844,-1.2217305,1.0471976,-0.56327116,0.014423043,0.0,0.0,1
152567944,-1.2217305,1.0471976,-0.5653405,0.014423043,0.0,0.0,1
152587444,-1.2217305,1.0471976,-0.56261337,0.014423043,0.0,0.0,1
152607221,-1.2217305,1.0471976,-0.5645689,0.014423043,0.0,0.0,1
152626886,-1.2217305,1.0471976,-0.5710393,0.014423043,0.0,0.0,1
152646593,-1.2217305,1.0471976,-0.569119,0.014423043,0.0,0.0,1
152666350,-1.2217305,1.0471976,-0.57591414,0.014423043,0.0,0.0,1
152685976,-1.2217305,1.0471976,-0.57369316,0.014423043,0.0,0.0,1
152705677,-1.2217305,1.0471976,-0.5757359,0.014423043,0.0,0.0,1
152725419,-1.2217305,1.0471976,-0.5819286,0.014423043,0.0,0.0,1
152749734,-1.2217305,1.0471976,-0.57942784,0.014423043,0.0,0.0,1
152764799,-1.2217305,1.0471976,-0.58021295,0.014423043,0.0,0.0,1
152784542,-1.2217305,1.0471976,-0.58047354,0.014423043,0.0,0.0,1
152808986,-1.2217305,1.0471976,-0.58388484,0.014423043,0.0,0.0,1
152824002,-1.2217305,1.0471976,-0.58273804,0.014423043,0.0,0.0,1
152843714,-1.2217305,1.0471976,-0.5763606,0.014423043,0.0,0.0,1
152867987,-1.2217305,1.0471976,-0.5729871,0.014423043,0.0,0.0,1
152887733,-1.2217305,1.0471976,-0.57000816,0.014423043,0.0,0.0,1
152907367,-1.2217305,1.0471976,-0.5671588,0.014423043,0.0,0.0,1
152927064,-1.2217305,1.0471976,-0.56456685,0.014423043,0.0,0.0,1
152946762,-1.2217305,1.0471976,-0.5621691,0.014423043,0.0,0.0,1
152966471,-1.2217305,1.0471976,-0.5597764,0.014423043,0.0,0.0,1
152986194,-1.2217305,1.0471976,-0.56171274,0.014423043,0.0,0.0,1
153005888,-1.2217305,1.0471976,-0.55981064,0.014423043,0.0,0.0,1
153025607,-1.2217305,1.0471976,-0.5582026,0.014423043,0.0,0.0,1
153045305,-1.2217305,1.0471976,-0.5567409,0.014423043,0.0,0.0,1
153064987,-1.2217305,1.0471976,-0.55533767,0.014423043,0.0,0.0,1
153089882,-1.2217305,1.0471976,-0.5493901,0.014423043,0.0,0.0,1
153104387,-1.2217305,1.0471976,-0.54866755,0.014423043,0.0,0.0,1
153124092,-1.2217305,1.0471976,-0.54794693,0.014423043,0.0,0.0,1
153148991,-1.2217305,1.0471976,-0.54712236,0.014423043,0.0,0.0,1
153168702,-1.2217305,1.0471976,-0.5465956,0.014423043,0.0,0.0,1
153183190,-1.2217305,1.0471976,-0.5462228,0.014423043,0.0,0.0,1
153208213,-1.2217305,1.0471976,-0.54597414,0.014423043,0.0,0.0,1
153228055,-1.2217305,1.0471976,-0.54588616,0.014423043,0.0,0.0,1
153242347,-1.2217305,1.0471976,-0.5455936,0.014423043,0.0,0.0,1
153267665,-1.2217305,1.0471976,-0.5491948,0.014423043,0.0,0.0,1
153286942,-1.2217305,1.0471976,-0.5484221,0.014423043,0.0,0.0,1
153306650,-1.2217305,1.0471976,-0.54788697,0.014423043,0.0,0.0,1
153326343,-1.2217305,1.0471976,-0.5429963,0.014423043,0.0,0.0,1
153346035,-1.2217305,1.0471976,-0.5468055,0.014423043,0.0,0.0,1
153365750,-1.2217305,1.0471976,-0.54598796,0.014423043,0.0,0.0,1
153385441,-1.2217305,1.0471976,-0.5407586,0.014423043,0.0,0.0,1
153405130,-1.2217305,1.0471976,-0.544817,0.014423043,0.0,0.0,1
153424899,-1.2217305,1.0471976,-0.5402316,0.014423043,0.0,0.0,1
153449201,-1.2217305,1.0471976,-0.5401944,0.014423043,0.0,0.0,1
153464300,-1.2217305,1.0471976,-0.54032385,0.014423043,0.0,0.0,1
153488654,-1.2217305,1.0471976,-0.5407288,0.014423043,0.0,0.0,1
153508347,-1.2217305,1.0471976,-0.54144645,0.014423043,0.0,0.0,1
153523376,-1.2217305,1.0471976,-0.54214585,0.014423043,0.0,0.0,1
153547746,-1.2217305,1.0471976,-0.54775953,0.014423043,0.0,0.0,1
153567444,-1.2217305,1.0471976,-0.54863214,0.014423043,0.0,0.0,1
153587135,-1.2217305,1.0471976,-0.5495248,0.014423043,0.0,0.0,1
153606926,-1.2217305,1.0471976,-0.54613435,0.014423043,0.0,0.0,1
153626836,-1.2217305,1.0471976,-0.55178726,0.014423043,0.0,0.0,1
153646282,-1.2217305,1.0471976,-0.5486162,0.014423043,0.0,0.0,1
153665941,-1.2217305,1.0471976,-0.54984784,0.014423043,0.0,0.0,1
153685644,-1.2217305,1.0471976,-0.5553808,0.014423043,0.0,0.0,1
153705346,-1.2217305,1.0471976,-0.55181015,0.014423043,0.0,0.0,1
153730245,-1.2217305,1.0471976,-0.5524597,0.014423043,0.0,0.0,1
153744750,-1.2217305,1.0471976,-0.55268395,0.014423043,0.0,0.0,1
153764458,-1.2217305,1.0471976,-0.55286026,0.014423043,0.0,0.0,1
153789344,-1.2217305,1.0471976,-0.5528518,0.014423043,0.0,0.0,1
153803864,-1.2217305,1.0471976,-0.55272305,0.014423043,0.0,0.0,1
153823590,-1.2217305,1.0471976,-0.5566381,0.014423043,0.0,0.0,1
153848484,-1.2217305,1.0471976,-0.55131185,0.014423043,0.0,0.0,1
153868372,-1.2217305,1.0471976,-0.55491185,0.014423043,0.0,0.0,1
153887867,-1.2217305,1.0471976,-0.54947877,0.014423043,0.0,0.0,1
153907568,-1.2217305,1.0471976,-0.5486113,0.014423043,0.0,0.0,1
153927305,-1.2217305,1.0471976,-0.5479336,0.014423043,0.0,0.0,1
153946991,-1.2217305,1.0471976,-0.5475887,0.014423043,0.0,0.0,1
153966702,-1.2217305,1.0471976,-0.5476866,0.014423043,0.0,0.0,1
153986510,-1.2217305,1.0471976,-0.5478871,0.014423043,0.0,0.0,1
154006258,-1.2217305,1.0471976,-0.5483438,0.014423043,0.0,0.0,1
154026112,-1.2217305,1.0471976,-0.5536001,0.014423043,0.0,0.0,1
154045882,-1.2217305,1.0471976,-0.5503999,0.014423043,0.0,0.0,1
154065548,-1.2217305,1.0471976,-0.5562663,0.014423043,0.0,0.0,1
154084925,-1.2217305,1.0471976,-0.55796146,0.014423043,0.0,0.0,1
154104664,-1.2217305,1.0471976,-0.5555732,0.014423043,0.0,0.0,1
154128967,-1.2217305,1.0471976,-0.5579344,0.014423043,0.0,0.0,1
154148681,-1.2217305,1.0471976,-0.55972517,0.014423043,0.0,0.0,1
154163779,-1.2217305,1.0471976,-0.56094575,0.014423043,0.0,0.0,1
154188084,-1.2217305,1.0471976,-0.5622386,0.014423043,0.0,0.0,1
154207814,-1.2217305,1.0471976,-0.56698,0.014423043,0.0,0.0,1
154222926,-1.2217305,1.0471976,-0.56262696,0.014423043,0.0,0.0,1
154247193,-1.2217305,1.0471976,-0.56206334,0.014423043,0.0,0.0,1
154266904,-1.2217305,1.0471976,-0.5613483,0.014423043,0.0,0.0,1
154286606,-1.2217305,1.0471976,-0.56487477,0.014423043,0.0,0.0,1
154306317,-1.2217305,1.0471976,-0.559688,0.014423043,0.0,0.0,1
154326013,-1.2217305,1.0471976,-0.5633446,0.014423043,0.0,0.0,1
154345723,-1.2217305,1.0471976,-0.5585468,0.014423043,0.0,0.0,1
154365412,-1.2217305,1.0471976,-0.558341,0.014423043,0.0,0.0,1
154385123,-1.2217305,1.0471976,-0.55842566,0.014423043,0.0,0.0,1
154404944,-1.2217305,1.0471976,-0.56103945,0.014423043,0.0,0.0,1
154429805,-1.2217305,1.0471976,-0.55984867,0.014423043,0.0,0.0,1
154444243,-1.2217305,1.0471976,-0.5607219,0.014423043,0.0,0.0,1
154463939,-1.2217305,1.0471976,-0.562369,0.014423043,0.0,0.0,1
154488816,-1.2217305,1.0471976,-0.56997955,0.014423043,0.0,0.0,1
154503294,-1.2217305,1.0471976,-0.57239735,0.014423043,0.0,0.0,1
154528214,-1.2217305,1.0471976,-0.5768169,0.014423043,0.0,0.0,1
154547917,-1.2217305,1.0471976,-0.5764586,0.014423043,0.0,0.0,1
154567657,-1.2217305,1.0471976,-0.5809641,0.014423043,0.0,0.0,1
154587330,-1.2217305,1.0471976,-0.5901699,0.014423043,0.0,0.0,1
154607073,-1.2217305,1.0471976,-0.59111285,0.014423043,0.0,0.0,1
154626905,-1.2217305,1.0471976,-0.6008202,0.014423043,0.0,0.0,1
154646539,-1.2217305,1.0471976,-0.60213614,0.014423043,0.0,0.0,1
154666236,-1.2217305,1.0471976,-0.6075196,0.014423043,0.0,0.0,1
154685957,-1.2217305,1.0471976,-0.6122999,0.014423043,0.0,0.0,1
154705610,-1.2217305,1.0471976,-0.62019384,0.014423043,0.0,0.0,1
154725324,-1.2217305,1.0471976,-0.61865497,0.014423043,0.0,0.0,1
154745014,-1.2217305,1.0471976,-0.6204426,0.014423043,0.0,0.0,1
154769351,-1.2217305,1.0471976,-0.6261946,0.014423043,0.0,0.0,1
154784397,-1.2217305,1.0471976,-0.6265857,0.014423043,0.0,0.0,1
154804213,-1.2217305,1.0471976,-0.62174416,0.014423043,0.0,0.0,1
154828551,-1.2217305,1.0471976,-0.6194899,0.014423043,0.0,0.0,1
154848139,-1.2217305,1.0471976,-0.61709523,0.014423043,0.0,0.0,1
154863180,-1.2217305,1.0471976,-0.6150892,0.014423043,0.0,0.0,1
154887550,-1.2217305,1.0471976,-0.61522305,0.014423043,0.0,0.0,1
154907273,-1.2217305,1.0471976,-0.61147285,0.014423043,0.0,0.0,1
154926965,-1.2217305,1.0471976,-0.60799336,0.014423043,0.0,0.0,1
154946666,-1.2217305,1.0471976,-0.60062945,0.014423043,0.0,0.0,1
154966382,-1.2217305,1.0471976,-0.5975741,0.014423043,0.0,0.0,1
154986079,-1.2217305,1.0471976,-0.59893954,0.014423043,0.0,0.0,1
155005842,-1.2217305,1.0471976,-0.59249187,0.014423043,0.0,0.0,1
155025503,-1.2217305,1.0471976,-0.59048355,0.014423043,0.0,0.0,1
155045181,-1.2217305,1.0471976,-0.59335864,0.014423043,0.0,0.0,1
155064879,-1.2217305,1.0471976,-0.58868873,0.014423043,0.0,0.0,1
155084595,-1.2217305,1.0471976,-0.5887716,0.014423043,0.0,0.0,1
155104290,-1.2217305,1.0471976,-0.5898458,0.014423043,0.0,0.0,1
155129159,-1.2217305,1.0471976,-0.5967121,0.014423043,0.0,0.0,1
155143696,-1.2217305,1.0471976,-0.59928215,0.014423043,0.0,0.0,1
155168572,-1.2217305,1.0471976,-0.60434973,0.014423043,0.0,0.0,1
155188370,-1.2217305,1.0471976,-0.60914314,0.014423043,0.0,0.0,1
155203218,-1.2217305,1.0471976,-0.60902035,0.014423043,0.0,0.0,1
155227802,-1.2217305,1.0471976,-0.61603355,0.014423043,0.0,0.0,1
155247521,-1.2217305,1.0471976,-0.6218127,0.014423043,0.0,0.0,1
155267148,-1.2217305,1.0471976,-0.6274346,0.014423043,0.0,0.0,1
155286879,-1.2217305,1.0471976,-0.6327336,0.014423043,0.0,0.0,1
155306593,-1.2217305,1.0471976,-0.6377015,0.014423043,0.0,0.0,1
155326271,-1.2217305,1.0471976,-0.6421436,0.014423043,0.0,0.0,1
155345972,-1.2217305,1.0471976,-0.6459018,0.014423043,0.0,0.0,1
155365618,-1.2217305,1.0471976,-0.6486516,0.014423043,0.0,0.0,1
155385367,-1.2217305,1.0471976,-0.65017605,0.014423043,0.0,0.0,1
155409748,-1.2217305,1.0471976,-0.65026975,0.014423043,0.0,0.0,1
155424816,-1.2217305,1.0471976,-0.6494316,0.014423043,0.0,0.0,1
155444496,-1.2217305,1.0471976,-0.6475128,0.014423043,0.0,0.0,1
155468804,-1.2217305,1.0471976,-0.6442996,0.014423043,0.0,0.0,1
155483887,-1.2217305,1.0471976,-0.64188635,0.014423043,0.0,0.0,1
155508208,-1.2217305,1.0471976,-0.64166415,0.014423043,0.0,0.0,1
155527851,-1.2217305,1.0471976,-0.6381072,0.014423043,0.0,0.0,1
155547609,-1.2217305,1.0471976,-0.63477504,0.014423043,0.0,0.0,1
155567317,-1.2217305,1.0471976,-0.62758756,0.014423043,0.0,0.0,1
155587027,-1.2217305,1.0471976,-0.6249349,0.014423043,0.0,0.0,1
155606815,-1.2217305,1.0471976,-0.6266644,0.014423043,0.0,0.0,1
155626528,-1.2217305,1.0471976,-0.6200018,0.014423043,0.0,0.0,1
155646161,-1.2217305,1.0471976,-0.61751294,0.014423043,0.0,0.0,1
155665852,-1.2217305,1.0471976,-0.61486936,0.014423043,0.0,0.0,1
155685544,-1.2217305,1.0471976,-0.611971,0.014423043,0.0,0.0,1
155705249,-1.2217305,1.0471976,-0.6086174,0.014423043,0.0,0.0,1
155724948,-1.2217305,1.0471976,-0.6094308,0.014423043,0.0,0.0,1
155749885,-1.2217305,1.0471976,-0.6010468,0.014423043,0.0,0.0,1
155764359,-1.2217305,1.0471976,-0.59862876,0.014423043,0.0,0.0,1
155784062,-1.2217305,1.0471976,-0.5953275,0.014423043,0.0,0.0,1
155808985,-1.2217305,1.0471976,-0.5913775,0.014423043,0.0,0.0,1
155828715,-1.2217305,1.0471976,-0.5887569,0.014423043,0.0,0.0,1
155843163,-1.2217305,1.0471976,-0.5872847,0.014423043,0.0,0.0,1
155868319,-1.2217305,1.0471976,-0.58650637,0.014423043,0.0,0.0,1
155887818,-1.2217305,1.0471976,-0.58666897,0.014423043,0.0,0.0,1
155902277,-1.2217305,1.0471976,-0.59130764,0.014423043,0.0,0.0,1
155927208,-1.2217305,1.0471976,-0.59227,0.014423043,0.0,0.0,1
155946947,-1.2217305,1.0471976,-0.5936899,0.014423043,0.0,0.0,1
155966621,-1.2217305,1.0471976,-0.59540653,0.014423043,0.0,0.0,1
155986348,-1.2217305,1.0471976,-0.5977924,0.014423043,0.0,0.0,1
156006171,-1.2217305,1.0471976,-0.5960851,0.014423043,0.0,0.0,1
156025776,-1.2217305,1.0471976,-0.59896815,0.014423043,0.0,0.0,1
156045481,-1.2217305,1.0471976,-0.60240126,0.014423043,0.0,0.0,1
156065118,-1.2217305,1.0471976,-0.6103058,0.014423043,0.0,0.0,1
156084856,-1.2217305,1.0471976,-0.6094667,0.014423043,0.0,0.0,1
156109168,-1.2217305,1.0471976,-0.61759114,0.014423043,0.0,0.0,1
156124235,-1.2217305,1.0471976,-0.61925256,0.014423043,0.0,0.0,1
156148586,-1.2217305,1.0471976,-0.6171602,0.014423043,0.0,0.0,1
156168272,-1.2217305,1.0471976,-0.62334764,0.014423043,0.0,0.0,1
156183316,-1.2217305,1.0471976,-0.6241194,0.014423043,0.0,0.0,1
156207740,-1.2217305,1.0471976,-0.61948764,0.014423043,0.0,0.0,1
156227413,-1.2217305,1.0471976,-0.6179062,0.014423043,0.0,0.0,1
156247091,-1.2217305,1.0471976,-0.6154963,0.014423043,0.0,0.0,1
156266792,-1.2217305,1.0471976,-0.612581,0.014423043,0.0,0.0,1
156286494,-1.2217305,1.0471976,-0.6136347,0.014423043,0.0,0.0,1
156306218,-1.2217305,1.0471976,-0.6055205,0.014423043,0.0,0.0,1
156325927,-1.2217305,1.0471976,-0.60591924,0.014423043,0.0,0.0,1
156345600,-1.2217305,1.0471976,-0.60205305,0.014423043,0.0,0.0,1
156365335,-1.2217305,1.0471976,-0.5940614,0.014423043,0.0,0.0,1
156390229,-1.2217305,1.0471976,-0.5904685,0.014423043,0.0,0.0,1
156404816,-1.2217305,1.0471976,-0.5888047,0.014423043,0.0,0.0,1
156424483,-1.2217305,1.0471976,-0.5873822,0.014423043,0.0,0.0,1
156449597,-1.2217305,1.0471976,-0.5867822,0.014423043,0.0,0.0,1
156463826,-1.2217305,1.0471976,-0.5912019,0.014423043,0.0,0.0,1
156483576,-1.2217305,1.0471976,-0.5919188,0.014423043,0.0,0.0,1
156508445,-1.2217305,1.0471976,-0.5894091,0.014423043,0.0,0.0,1
156528140,-1.2217305,1.0471976,-0.59612095,0.014423043,0.0,0.0,1
156547794,-1.2217305,1.0471976,-0.5992615,0.014423043,0.0,0.0,1
156567551,-1.2217305,1.0471976,-0.60256886,0.014423043,0.0,0.0,1
156587257,-1.2217305,1.0471976,-0.601745,0.014423043,0.0,0.0,1
156607007,-1.2217305,1.0471976,-0.60514,0.014423043,0.0,0.0,1
156626797,-1.2217305,1.0471976,-0.6123942,0.014423043,0.0,0.0,1
156646490,-1.2217305,1.0471976,-0.61493325,0.014423043,0.0,0.0,1
156666096,-1.2217305,1.0471976,-0.6131159,0.014423043,0.0,0.0,1
156685781,-1.2217305,1.0471976,-0.61966217,0.014423043,0.0,0.0,1
156705449,-1.2217305,1.0471976,-0.61754143,0.014423043,0.0,0.0,1
156725189,-1.2217305,1.0471976,-0.6236459,0.014423043,0.0,0.0,1
156744855,-1.2217305,1.0471976,-0.6214707,0.014423043,0.0,0.0,1
156764583,-1.2217305,1.0471976,-0.6237513,0.014423043,0.0,0.0,1
156789000,-1.2217305,1.0471976,-0.6263896,0.014423043,0.0,0.0,1
156808932,-1.2217305,1.0471976,-0.6284907,0.014423043,0.0,0.0,1
156823773,-1.2217305,1.0471976,-0.63022256,0.014423043,0.0,0.0,1
156848038,-1.2217305,1.0471976,-0.63807154,0.014423043,0.0,0.0,1
156867748,-1.2217305,1.0471976,-0.63711214,0.014423043,0.0,0.0,1
156882808,-1.2217305,1.0471976,-0.6433512,0.014423043,0.0,0.0,1
156907166,-1.2217305,1.0471976,-0.64649165,0.014423043,0.0,0.0,1
156926885,-1.2217305,1.0471976,-0.6443323,0.014423043,0.0,0.0,1
156946577,-1.2217305,1.0471976,-0.64935076,0.014423043,0.0,0.0,1
156966277,-1.2217305,1.0471976,-0.64474344,0.014423043,0.0,0.0,1
156985975,-1.2217305,1.0471976,-0.6430465,0.014423043,0.0,0.0,1
157005709,-1.2217305,1.0471976,-0.643877,0.014423043,0.0,0.0,1
157025403,-1.2217305,1.0471976,-0.63948774,0.014423043,0.0,0.0,1
157045079,-1.2217305,1.0471976,-0.6310767,0.014423043,0.0,0.0,1
157064783,-1.2217305,1.0471976,-0.6302223,0.014423043,0.0,0.0,1
157089703,-1.2217305,1.0471976,-0.6239269,0.014423043,0.0,0.0,1
157104183,-1.2217305,1.0471976,-0.616565,0.014423043,0.0,0.0,1
157123898,-1.2217305,1.0471976,-0.6121502,0.014423043,0.0,0.0,1
157148815,-1.2217305,1.0471976,-0.6070032,0.014423043,0.0,0.0,1
157163325,-1.2217305,1.0471976,-0.60446787,0.014423043,0.0,0.0,1
157188290,-1.2217305,1.0471976,-0.6027235,0.014423043,0.0,0.0,1
157208314,-1.2217305,1.0471976,-0.60147774,0.014423043,0.0,0.0,1
157227914,-1.2217305,1.0471976,-0.60447836,0.014423043,0.0,0.0,1
157247316,-1.2217305,1.0471976,-0.6031097,0.014423043,0.0,0.0,1
157267001,-1.2217305,1.0471976,-0.61139035,0.014423043,0.0,0.0,1
157286740,-1.2217305,1.0471976,-0.6141242,0.014423043,0.0,0.0,1
157306440,-1.2217305,1.0471976,-0.6220075,0.014423043,0.0,0.0,1
157326174,-1.2217305,1.0471976,-0.6343821,0.014423043,0.0,0.0,1
157345836,-1.2217305,1.0471976,-0.6403159,0.014423043,0.0,0.0,1
157370224,-1.2217305,1.0471976,-0.6532949,0.014423043,0.0,0.0,1
157385262,-1.2217305,1.0471976,-0.6613054,0.014423043,0.0,0.0,1
157404958,-1.2217305,1.0471976,-0.67535734,0.014423043,0.0,0.0,1
157429335,-1.2217305,1.0471976,-0.68375623,0.014423043,0.0,0.0,1
157444393,-1.2217305,1.0471976,-0.6940366,0.014423043,0.0,0.0,1
157464048,-1.2217305,1.0471976,-0.6979706,0.014423043,0.0,0.0,1
157488421,-1.2217305,1.0471976,-0.7091861,0.014423043,0.0,0.0,1
157508121,-1.2217305,1.0471976,-0.7134875,0.014423043,0.0,0.0,1
157523149,-1.2217305,1.0471976,-0.7155471,0.014423043,0.0,0.0,1
157547516,-1.2217305,1.0471976,-0.716328,0.014423043,0.0,0.0,1
157567172,-1.2217305,1.0471976,-0.71431243,0.014423043,0.0,0.0,1
157586980,-1.2217305,1.0471976,-0.7066715,0.014423043,0.0,0.0,1
157606919,-1.2217305,1.0471976,-0.7012973,0.014423043,0.0,0.0,1
157626391,-1.2217305,1.0471976,-0.6954473,0.014423043,0.0,0.0,1
157646030,-1.2217305,1.0471976,-0.6928406,0.014423043,0.0,0.0,1
157665749,-1.2217305,1.0471976,-0.6825396,0.014423043,0.0,0.0,1
157685439,-1.2217305,1.0471976,-0.6796559,0.014423043,0.0,0.0,1
157705173,-1.2217305,1.0471976,-0.6728275,0.014423043,0.0,0.0,1
157724854,-1.2217305,1.0471976,-0.6626327,0.014423043,0.0,0.0,1
157744546,-1.2217305,1.0471976,-0.6611109,0.014423043,0.0,0.0,1
157769675,-1.2217305,1.0471976,-0.65641606,0.014423043,0.0,0.0,1
157789223,-1.2217305,1.0471976,-0.65021145,0.014423043,0.0,0.0,1
157803729,-1.2217305,1.0471976,-0.64882874,0.014423043,0.0,0.0,1
157828619,-1.2217305,1.0471976,-0.6474688,0.014423043,0.0,0.0,1
157848337,-1.2217305,1.0471976,-0.64672244,0.014423043,0.0,0.0,1
157862800,-1.2217305,1.0471976,-0.64652324,0.014423043,0.0,0.0,1
157887720,-1.2217305,1.0471976,-0.64682305,0.014423043,0.0,0.0,1
157907394,-1.2217305,1.0471976,-0.64748454,0.014423043,0.0,0.0,1
157927067,-1.2217305,1.0471976,-0.6482556,0.014423043,0.0,0.0,1
157946786,-1.2217305,1.0471976,-0.65254617,0.014423043,0.0,0.0,1
157966497,-1.2217305,1.0471976,-0.6522069,0.014423043,0.0,0.0,1
157986344,-1.2217305,1.0471976,-0.64737594,0.014423043,0.0,0.0,1
158006198,-1.2217305,1.0471976,-0.64638233,0.014423043,0.0,0.0,1
158025941,-1.2217305,1.0471976,-0.6453407,0.014423043,0.0,0.0,1
158045320,-1.2217305,1.0471976,-0.64390314,0.014423043,0.0,0.0,1
158069667,-1.2217305,1.0471976,-0.640468,0.014423043,0.0,0.0,1
158084720,-1.2217305,1.0471976,-0.64171875,0.014423043,0.0,0.0,1
158104407,-1.2217305,1.0471976,-0.6326685,0.014423043,0.0,0.0,1
158128773,-1.2217305,1.0471976,-0.6252718,0.014423043,0.0,0.0,1
158143810,-1.2217305,1.0471976,-0.62035656,0.014423043,0.0,0.0,1
158168177,-1.2217305,1.0471976,-0.6119342,0.014423043,0.0,0.0,1
158187896,-1.2217305,1.0471976,-0.60540056,0.014423043,0.0,0.0,1
158207634,-1.2217305,1.0471976,-0.5998354,0.014423043,0.0,0.0,1
158227278,-1.2217305,1.0471976,-0.5943874,0.014423043,0.0,0.0,1
158246993,-1.2217305,1.0471976,-0.5935824,0.014423043,0.0,0.0,1
158266707,-1.2217305,1.0471976,-0.58435524,0.014423043,0.0,0.0,1
158286410,-1.2217305,1.0471976,-0.5796323,0.014423043,0.0,0.0,1
158306106,-1.2217305,1.0471976,-0.5756291,0.014423043,0.0,0.0,1
158325820,-1.2217305,1.0471976,-0.5720632,0.014423043,0.0,0.0,1
158345503,-1.2217305,1.0471976,-0.56906414,0.014423043,0.0,0.0,1
158365243,-1.2217305,1.0471976,-0.5666095,0.014423043,0.0,0.0,1
158385048,-1.2217305,1.0471976,-0.5688559,0.014423043,0.0,0.0,1
158409918,-1.2217305,1.0471976,-0.5622424,0.014423043,0.0,0.0,1
158424378,-1.2217305,1.0471976,-0.561422,0.014423043,0.0,0.0,1
158444072,-1.2217305,1.0471976,-0.56504846,0.014423043,0.0,0.0,1
158469118,-1.2217305,1.0471976,-0.5652181,0.014423043,0.0,0.0,1
158488600,-1.2217305,1.0471976,-0.5619682,0.014423043,0.0,0.0,1
158503128,-1.2217305,1.0471976,-0.5679418,0.014423043,0.0,0.0,1
158528016,-1.2217305,1.0471976,-0.57165825,0.014423043,0.0,0.0,1
158547775,-1.2217305,1.0471976,-0.5706302,0.014423043,0.0,0.0,1
158567605,-1.2217305,1.0471976,-0.57436013,0.014423043,0.0,0.0,1
158587084,-1.2217305,1.0471976,-0.5784646,0.014423043,0.0,0.0,1
158606867,-1.2217305,1.0471976,-0.58234537,0.014423043,0.0,0.0,1
158626620,-1.2217305,1.0471976,-0.58611536,0.014423043,0.0,0.0,1
158646306,-1.2217305,1.0471976,-0.58938766,0.014423043,0.0,0.0,1
158665978,-1.2217305,1.0471976,-0.5910847,0.014423043,0.0,0.0,1
158685675,-1.2217305,1.0471976,-0.59120774,0.014423043,0.0,0.0,1
158705355,-1.2217305,1.0471976,-0.5941304,0.014423043,0.0,0.0,1
158725065,-1.2217305,1.0471976,-0.5870265,0.014423043,0.0,0.0,1
158744788,-1.2217305,1.0471976,-0.58770335,0.014423043,0.0,0.0,1
158764470,-1.2217305,1.0471976,-0.57875276,0.014423043,0.0,0.0,1
158784239,-1.2217305,1.0471976,-0.57404935,0.014423043,0.0,0.0,1
158808638,-1.2217305,1.0471976,-0.56830275,0.014423043,0.0,0.0,1
158828262,-1.2217305,1.0471976,-0.5685843,0.014423043,0.0,0.0,1
158843331,-1.2217305,1.0471976,-0.5660558,0.014423043,0.0,0.0,1
158867642,-1.2217305,1.0471976,-0.5632558,0.014423043,0.0,0.0,1
158887353,-1.2217305,1.0471976,-0.56226444,0.014423043,0.0,0.0,1
158907058,-1.2217305,1.0471976,-0.5624051,0.014423043,0.0,0.0,1
158926759,-1.2217305,1.0471976,-0.5638757,0.014423043,0.0,0.0,1
158946505,-1.2217305,1.0471976,-0.5618912,0.014423043,0.0,0.0,1
158966184,-1.2217305,1.0471976,-0.56497157,0.014423043,0.0,0.0,1
158985864,-1.2217305,1.0471976,-0.5731925,0.014423043,0.0,0.0,1
159005622,-1.2217305,1.0471976,-0.5775833,0.014423043,0.0,0.0,1
159025324,-1.2217305,1.0471976,-0.5825256,0.014423043,0.0,0.0,1
159050189,-1.2217305,1.0471976,-0.58889794,0.014423043,0.0,0.0,1
159064713,-1.2217305,1.0471976,-0.5925691,0.014423043,0.0,0.0,1
159084416,-1.2217305,1.0471976,-0.5975158,0.014423043,0.0,0.0,1
159109381,-1.2217305,1.0471976,-0.60357,0.014423043,0.0,0.0,1
159123803,-1.2217305,1.0471976,-0.6064918,0.014423043,0.0,0.0,1
159143494,-1.2217305,1.0471976,-0.6098124,0.014423043,0.0,0.0,1
159168368,-1.2217305,1.0471976,-0.60811436,0.014423043,0.0,0.0,1
159188103,-1.2217305,1.0471976,-0.6092044,0.014423043,0.0,0.0,1
159208091,-1.2217305,1.0471976,-0.60960364,0.014423043,0.0,0.0,1
159227617,-1.2217305,1.0471976,-0.6092882,0.014423043,0.0,0.0,1
159247203,-1.2217305,1.0471976,-0.6086097,0.014423043,0.0,0.0,1
159266908,-1.2217305,1.0471976,-0.6078466,0.014423043,0.0,0.0,1
159286668,-1.2217305,1.0471976,-0.60722244,0.014423043,0.0,0.0,1
159306344,-1.2217305,1.0471976,-0.6066128,0.014423043,0.0,0.0,1
159326044,-1.2217305,1.0471976,-0.6061207,0.014423043,0.0,0.0,1
159345763,-1.2217305,1.0471976,-0.6102203,0.014423043,0.0,0.0,1
159365422,-1.2217305,1.0471976,-0.60601187,0.014423043,0.0,0.0,1
159385128,-1.2217305,1.0471976,-0.6064937,0.014423043,0.0,0.0,1
159404897,-1.2217305,1.0471976,-0.6069355,0.014423043,0.0,0.0,1
159424574,-1.2217305,1.0471976,-0.6075678,0.014423043,0.0,0.0,1
159448899,-1.2217305,1.0471976,-0.60919154,0.014423043,0.0,0.0,1
159468618,-1.2217305,1.0471976,-0.61069953,0.014423043,0.0,0.0,1
159483618,-1.2217305,1.0471976,-0.6119791,0.014423043,0.0,0.0,1
159508016,-1.2217305,1.0471976,-0.61864054,0.014423043,0.0,0.0,1
159527718,-1.2217305,1.0471976,-0.61662245,0.014423043,0.0,0.0,1
159542826,-1.2217305,1.0471976,-0.6186,0.014423043,0.0,0.0,1
159567115,-1.2217305,1.0471976,-0.62678766,0.014423043,0.0,0.0,1
159586891,-1.2217305,1.0471976,-0.6302242,0.014423043,0.0,0.0,1
159606603,-1.2217305,1.0471976,-0.63391304,0.014423043,0.0,0.0,1
159626303,-1.2217305,1.0471976,-0.63357425,0.014423043,0.0,0.0,1
159645972,-1.2217305,1.0471976,-0.6371089,0.014423043,0.0,0.0,1
159665680,-1.2217305,1.0471976,-0.64431846,0.014423043,0.0,0.0,1
159685345,-1.2217305,1.0471976,-0.6467885,0.014423043,0.0,0.0,1
159705048,-1.2217305,1.0471976,-0.64469826,0.014423043,0.0,0.0,1
159724751,-1.2217305,1.0471976,-0.6462829,0.014423043,0.0,0.0,1
159749688,-1.2217305,1.0471976,-0.6472492,0.014423043,0.0,0.0,1
159764166,-1.2217305,1.0471976,-0.6514926,0.014423043,0.0,0.0,1
159783861,-1.2217305,1.0471976,-0.64678323,0.014423043,0.0,0.0,1
159808804,-1.2217305,1.0471976,-0.64515436,0.014423043,0.0,0.0,1
159823282,-1.2217305,1.0471976,-0.6438278,0.014423043,0.0,0.0,1
159848143,-1.2217305,1.0471976,-0.64533234,0.014423043,0.0,0.0,1
159868087,-1.2217305,1.0471976,-0.64290774,0.014423043,0.0,0.0,1
159887561,-1.2217305,1.0471976,-0.6405014,0.014423043,0.0,0.0,1
159907258,-1.2217305,1.0471976,-0.63809454,0.014423043,0.0,0.0,1
159927012,-1.2217305,1.0471976,-0.6318809,0.014423043,0.0,0.0,1
159946698,-1.2217305,1.0471976,-0.62988317,0.014423043,0.0,0.0,1
159966396,-1.2217305,1.0471976,-0.62815285,0.014423043,0.0,0.0,1
159986166,-1.2217305,1.0471976,-0.63077545,0.014423043,0.0,0.0,1
160005912,-1.2217305,1.0471976,-0.6293707,0.014423043,0.0,0.0,1
160030154,-1.2217305,1.0471976,-0.6241677,0.014423043,0.0,0.0,1
160045201,-1.2217305,1.0471976,-0.62375915,0.014423043,0.0,0.0,1
160065089,-1.2217305,1.0471976,-0.6275712,0.014423043,0.0,0.0,1
160089263,-1.2217305,1.0471976,-0.6274787,0.014423043,0.0,0.0,1
160104351,-1.2217305,1.0471976,-0.6232729,0.014423043,0.0,0.0,1
160124024,-1.2217305,1.0471976,-0.62348783,0.014423043,0.0,0.0,1
160148373,-1.2217305,1.0471976,-0.6241373,0.014423043,0.0,0.0,1
160168080,-1.2217305,1.0471976,-0.6246648,0.014423043,0.0,0.0,1
160183156,-1.2217305,1.0471976,-0.62503326,0.014423043,0.0,0.0,1
160207535,-1.2217305,1.0471976,-0.6261095,0.014423043,0.0,0.0,1
160227181,-1.2217305,1.0471976,-0.6273614,0.014423043,0.0,0.0,1
160246929,-1.2217305,1.0471976,-0.63292885,0.014423043,0.0,0.0,1
160266638,-1.2217305,1.0471976,-0.63477015,0.014423043,0.0,0.0,1
160286370,-1.2217305,1.0471976,-0.6326456,0.014423043,0.0,0.0,1
160306025,-1.2217305,1.0471976,-0.6347476,0.014423043,0.0,0.0,1
160325786,-1.2217305,1.0471976,-0.6409508,0.014423043,0.0,0.0,1
160345403,-1.2217305,1.0471976,-0.6384598,0.014423043,0.0,0.0,1
160365106,-1.2217305,1.0471976,-0.64363575,0.014423043,0.0,0.0,1
160384884,-1.2217305,1.0471976,-0.643877,0.014423043,0.0,0.0,1
160404620,-1.2217305,1.0471976,-0.6435629,0.014423043,0.0,0.0,1
160429689,-1.2217305,1.0471976,-0.6428075,0.014423043,0.0,0.0,1
160449101,-1.2217305,1.0471976,-0.63798773,0.014423043,0.0,0.0,1
160463641,-1.2217305,1.0471976,-0.6373861,0.014423043,0.0,0.0,1
160488519,-1.2217305,1.0471976,-0.6362246,0.014423043,0.0,0.0,1
160508212,-1.2217305,1.0471976,-0.6349788,0.014423043,0.0,0.0,1
160522752,-1.2217305,1.0471976,-0.6338929,0.014423043,0.0,0.0,1
160547612,-1.2217305,1.0471976,-0.63191116,0.014423043,0.0,0.0,1
160567590,-1.2217305,1.0471976,-0.63467026,0.014423043,0.0,0.0,1
160587111,-1.2217305,1.0471976,-0.63357925,0.014423043,0.0,0.0,1
160606777,-1.2217305,1.0471976,-0.6285955,0.014423043,0.0,0.0,1
160626479,-1.2217305,1.0471976,-0.62781394,0.014423043,0.0,0.0,1
160646163,-1.2217305,1.0471976,-0.6315055,0.014423043,0.0,0.0,1
160666206,-1.2217305,1.0471976,-0.6317245,0.014423043,0.0,0.0,1
160685578,-1.2217305,1.0471976,-0.62830544,0.014423043,0.0,0.0,1
160705252,-1.2217305,1.0471976,-0.6293738,0.014423043,0.0,0.0,1
160729625,-1.2217305,1.0471976,-0.63088405,0.014423043,0.0,0.0,1
160744702,-1.2217305,1.0471976,-0.63571095,0.014423043,0.0,0.0,1
160764418,-1.2217305,1.0471976,-0.632365,0.014423043,0.0,0.0,1
160789113,-1.2217305,1.0471976,-0.63310456,0.014423043,0.0,0.0,1
160803907,-1.2217305,1.0471976,-0.6331334,0.014423043,0.0,0.0,1
160828181,-1.2217305,1.0471976,-0.6374277,0.014423043,0.0,0.0,1
160847878,-1.2217305,1.0471976,-0.6376476,0.014423043,0.0,0.0,1
160867578,-1.2217305,1.0471976,-0.63802874,0.014423043,0.0,0.0,1
160887284,-1.2217305,1.0471976,-0.6339462,0.014423043,0.0,0.0,1
160906951,-1.2217305,1.0471976,-0.63791656,0.014423043,0.0,0.0,1
160926655,-1.2217305,1.0471976,-0.6340344,0.014423043,0.0,0.0,1
160946412,-1.2217305,1.0471976,-0.6387944,0.014423043,0.0,0.0,1
160966084,-1.2217305,1.0471976,-0.63965714,0.014423043,0.0,0.0,1
160985824,-1.2217305,1.0471976,-0.636269,0.014423043,0.0,0.0,1
161005509,-1.2217305,1.0471976,-0.63639104,0.014423043,0.0,0.0,1
161025173,-1.2217305,1.0471976,-0.64021146,0.014423043,0.0,0.0,1
161044879,-1.2217305,1.0471976,-0.6396699,0.014423043,0.0,0.0,1
161069973,-1.2217305,1.0471976,-0.6386092,0.014423043,0.0,0.0,1
161084292,-1.2217305,1.0471976,-0.63773704,0.014423043,0.0,0.0,1
161103991,-1.2217305,1.0471976,-0.6321615,0.014423043,0.0,0.0,1
161128945,-1.2217305,1.0471976,-0.6349828,0.014423043,0.0,0.0,1
161148582,-1.2217305,1.0471976,-0.6339512,0.014423043,0.0,0.0,1
161163100,-1.2217305,1.0471976,-0.63320863,0.014423043,0.0,0.0,1
161188289,-1.2217305,1.0471976,-0.6282656,0.014423043,0.0,0.0,1
161207978,-1.2217305,1.0471976,-0.62832093,0.014423043,0.0,0.0,1
161227704,-1.2217305,1.0471976,-0.6290829,0.014423043,0.0,0.0,1
161247148,-1.2217305,1.0471976,-0.63429177,0.014423043,0.0,0.0,1
161267029,-1.2217305,1.0471976,-0.63570225,0.014423043,0.0,0.0,1
161286553,-1.2217305,1.0471976,-0.63774204,0.014423043,0.0,0.0,1
161306273,-1.2217305,1.0471976,-0.64038956,0.014423043,0.0,0.0,1
161325940,-1.2217305,1.0471976,-0.63947403,0.014423043,0.0,0.0,1
161345624,-1.2217305,1.0471976,-0.6471846,0.014423043,0.0,0.0,1
161365353,-1.2217305,1.0471976,-0.6513268,0.014423043,0.0,0.0,1
161385070,-1.2217305,1.0471976,-0.65627897,0.014423043,0.0,0.0,1
161404800,-1.2217305,1.0471976,-0.66117036,0.014423043,0.0,0.0,1
161424527,-1.2217305,1.0471976,-0.6614046,0.014423043,0.0,0.0,1
161444197,-1.2217305,1.0471976,-0.66548514,0.014423043,0.0,0.0,1
161468555,-1.2217305,1.0471976,-0.6749283,0.014423043,0.0,0.0,1
161488247,-1.2217305,1.0471976,-0.6792716,0.014423043,0.0,0.0,1
161503269,-1.2217305,1.0471976,-0.68237185,0.014423043,0.0,0.0,1
161527641,-1.2217305,1.0471976,-0.683342,0.014423043,0.0,0.0,1
161547356,-1.2217305,1.0471976,-0.6879741,0.014423043,0.0,0.0,1
161567256,-1.2217305,1.0471976,-0.69317603,0.014423043,0.0,0.0,1
161587016,-1.2217305,1.0471976,-0.6983166,0.014423043,0.0,0.0,1
161606721,-1.2217305,1.0471976,-0.7073146,0.014423043,0.0,0.0,1
161626178,-1.2217305,1.0471976,-0.7081665,0.014423043,0.0,0.0,1
161645803,-1.2217305,1.0471976,-0.7137197,0.014423043,0.0,0.0,1
161665538,-1.2217305,1.0471976,-0.7196646,0.014423043,0.0,0.0,1
161685242,-1.2217305,1.0471976,-0.72970164,0.014423043,0.0,0.0,1
161704950,-1.2217305,1.0471976,-0.7350961,0.014423043,0.0,0.0,1
161724658,-1.2217305,1.0471976,-0.7404866,0.014423043,0.0,0.0,1
161744356,-1.2217305,1.0471976,-0.74628246,0.014423043,0.0,0.0,1
161769259,-1.2217305,1.0471976,-0.7493534,0.014423043,0.0,0.0,1
161783796,-1.2217305,1.0471976,-0.75343513,0.014423043,0.0,0.0,1
161803502,-1.2217305,1.0471976,-0.7624874,0.014423043,0.0,0.0,1
161828414,-1.2217305,1.0471976,-0.7685281,0.014423043,0.0,0.0,1
161848044,-1.2217305,1.0471976,-0.7725613,0.014423043,0.0,0.0,1
161867751,-1.2217305,1.0471976,-0.7713765,0.014423043,0.0,0.0,1
161887466,-1.2217305,1.0471976,-0.7733818,0.014423043,0.0,0.0,1
161907177,-1.2217305,1.0471976,-0.77484095,0.014423043,0.0,0.0,1
161926876,-1.2217305,1.0471976,-0.7802266,0.014423043,0.0,0.0,1
161946641,-1.2217305,1.0471976,-0.77780855,0.014423043,0.0,0.0,1
161966334,-1.2217305,1.0471976,-0.77988315,0.014423043,0.0,0.0,1
161986346,-1.2217305,1.0471976,-0.7831079,0.014423043,0.0,0.0,1
162006019,-1.2217305,1.0471976,-0.79157937,0.014423043,0.0,0.0,1
162025758,-1.2217305,1.0471976,-0.79697824,0.014423043,0.0,0.0,1
162045126,-1.2217305,1.0471976,-0.79958797,0.014423043,0.0,0.0,1
162064838,-1.2217305,1.0471976,-0.80738235,0.014423043,0.0,0.0,1
162084552,-1.2217305,1.0471976,-0.81619096,0.014423043,0.0,0.0,1
162108889,-1.2217305,1.0471976,-0.8284104,0.014423043,0.0,0.0,1
162128570,-1.2217305,1.0471976,-0.83915186,0.014423043,0.0,0.0,1
162143616,-1.2217305,1.0471976,-0.84763443,0.014423043,0.0,0.0,1
162167985,-1.2217305,1.0471976,-0.8623029,0.014423043,0.0,0.0,1
162187726,-1.2217305,1.0471976,-0.86763,0.014423043,0.0,0.0,1
162202775,-1.2217305,1.0471976,-0.86763,0.014423043,0.0,0.0,1
162227089,-1.2217305,1.0471976,-0.86763,0.014423043,0.0,0.0,1
162246797,-1.2217305,1.0471976,-0.86763,0.014423043,0.0,0.0,1
162266505,-1.2217305,1.0471976,-0.86763,0.014423043,0.0,0.0,1
162286241,-1.2217305,1.0471976,-0.86763,0.014423043,0.0,0.0,1
162305926,-1.2217305,1.0471976,-0.86763,0.014423043,0.0,0.0,1
162325614,-1.2217305,1.0471976,-0.86763,0.014423043,0.0,0.0,1
162345315,-1.2217305,1.0471976,-0.86763,0.014423043,0.0,0.0,1
162365014,-1.2217305,1.0471976,-0.86763,0.014423043,0.0,0.0,1
162385013,-1.2217305,1.0471976,-0.86763,0.014423043,0.0,0.0,1
162409703,-1.2217305,1.0471976,-0.86763,0.014423043,0.0,0.0,1
162424132,-1.2217305,1.0471976,-0.86763,0.014423043,0.0,0.0,1
162443829,-1.2217305,1.0471976,-0.86763,0.014423043,0.0,0.0,1
162468948,-1.2217305,1.0471976,-0.86763,0.014423043,0.0,0.0,1
162483246,-1.2217305,1.0471976,-0.86763,0.014423043,0.0,0.0,1
162508122,-1.2217305,1.0471976,-0.86763,0.014423043,0.0,0.0,1
162527821,-1.2217305,1.0471976,-0.86763,0.014423043,0.0,0.0,1
162547476,-1.2217305,1.0471976,-0.86763,0.014423043,0.0,0.0,1
162567496,-1.2217305,1.0471976,-0.86763,0.014423043,0.0,0.0,1
162587046,-1.2217305,1.0471976,-0.86763,0.014423043,0.0,0.0,1
162606724,-1.2217305,1.0471976,-0.86763,0.014423043,0.0,0.0,1
162626473,-1.2217305,1.0471976,-0.86763,0.014423043,0.0,0.0,1
162646110,-1.2217305,1.0471976,-0.86763,0.014423043,0.0,0.0,1
162665770,-1.2217305,1.0471976,-0.86763,0.014423043,0.0,0.0,1
162690156,-1.2217305,1.0471976,-0.86763,0.014423043,0.0,0.0,1
162705205,-1.2217305,1.0471976,-0.86763,0.014423043,0.0,0.0,1
162724939,-1.2217305,1.0471976,-0.86763,0.014423043,0.0,0.0,1
162749245,-1.2217305,1.0471976,-0.86763,0.014423043,0.0,0.0,1
162764343,-1.2217305,1.0471976,-0.86763,0.014423043,0.0,0.0,1
162784271,-1.2217305,1.0471976,-0.86763,0.014423043,0.0,0.0,1
162808364,-1.2217305,1.0471976,-0.86763,0.014423043,0.0,0.0,1
162828045,-1.2217305,1.0471976,-0.86763,0.014423043,0.0,0.0,1
162843093,-1.2217305,1.0471976,-0.86763,0.014423043,0.0,0.0,1
162867454,-1.2217305,1.0471976,-0.86763,0.014423043,0.0,0.0,1
162887169,-1.2217305,1.0471976,-0.86763,0.014423043,0.0,0.0,1
162906865,-1.2217305,1.0471976,-0.86763,0.014423043,0.0,0.0,1
162926568,-1.2217305,1.0471976,-0.86763,0.014423043,0.0,0.0,1
162946296,-1.2217305,1.0471976,-0.86763,0.014423043,0.0,0.0,1
162965978,-1.2217305,1.0471976,-0.86763,0.014423043,0.0,0.0,1
162985738,-1.2217305,1.0471976,-0.86763,0.014423043,0.0,0.0,1
163005412,-1.2217305,1.0471976,-0.86763,0.014423043,0.0,0.0,1
163025087,-1.2217305,1.0471976,-0.86763,0.014423043,0.0,0.0,1
163044788,-1.2217305,1.0471976,-0.86763,0.014423043,0.0,0.0,1
163064471,-1.2217305,1.0471976,-0.86763,0.014423043,0.0,0.0,1
163089394,-1.2217305,1.0471976,-0.86763,0.014423043,0.0,0.0,1
163109095,-1.2217305,1.0471976,-0.86763,0.014423043,0.0,0.0,1
163123604,-1.2217305,1.0471976,-0.86763,0.014423043,0.0,0.0,1
163148570,-1.2217305,1.0471976,-0.86763,0.014423043,0.0,0.0,1
163168210,-1.2217305,1.0471976,-0.86763,0.014423043,0.0,0.0,1
163183024,-1.2217305,1.0471976,-0.86763,0.014423043,0.0,0.0,1
163207967,-1.2217305,1.0471976,-0.86763,0.014423043,0.0,0.0,1
163227356,-1.2217305,1.0471976,-0.86763,0.014423043,0.0,0.0,1
163247042,-1.2217305,1.0471976,-0.86763,0.014423043,0.0,0.0,1
163266809,-1.2217305,1.0471976,-0.86763,0.014423043,0.0,0.0,1
163286442,-1.2217305,1.0471976,-0.86763,0.014423043,0.0,0.0,1
163306176,-1.2217305,1.0471976,-0.86763,0.014423043,0.0,0.0,1
163325875,-1.2217305,1.0471976,-0.86763,0.014423043,0.0,0.0,1
163345522,-1.2217305,1.0471976,-0.86763,0.014423043,0.0,0.0,1
163365252,-1.2217305,1.0471976,-0.86763,0.014423043,0.0,0.0,1
163389665,-1.2217305,1.0471976,-0.86763,0.014423043,0.0,0.0,1
163404675,-1.2217305,1.0471976,-0.86763,0.014423043,0.0,0.0,1
163424375,-1.2217305,1.0471976,-0.86763,0.014423043,0.0,0.0,1
163448707,-1.2217305,1.0471976,-0.86763,0.014423043,0.0,0.0,1
163463764,-1.2217305,1.0471976,-0.86763,0.014423043,0.0,0.0,1
163488117,-1.2217305,1.0471976,-0.86763,0.014423043,0.0,0.0,1
163507823,-1.2217305,1.0471976,-0.86763,0.014423043,0.0,0.0,1
163527524,-1.2217305,1.0471976,-0.86763,0.014423043,0.0,0.0,1
163547220,-1.2217305,1.0471976,-0.86763,0.014423043,0.0,0.0,1
163566938,-1.2217305,1.0471976,-0.86763,0.014423043,0.0,0.0,1
163586733,-1.2217305,1.0471976,-0.86763,0.014423043,0.0,0.0,1
163606372,-1.2217305,1.0471976,-0.86763,0.014423043,0.0,0.0,1
163626043,-1.2217305,1.0471976,-0.86763,0.014423043,0.0,0.0,1
163645813,-1.2217305,1.0471976,-0.86763,0.014423043,0.0,0.0,1
163665445,-1.2217305,1.0471976,-0.86763,0.014423043,0.0,0.0,1
163685087,-1.2217305,1.0471976,-0.86763,0.014423043,0.0,0.0,1
163704854,-1.2217305,1.0471976,-0.86763,0.014423043,0.0,0.0,1
163729728,-1.2217305,1.0471976,-0.86763,0.014423043,0.0,0.0,1
163744256,-1.2217305,1.0471976,-0.86763,0.014423043,0.0,0.0,1
163763977,-1.2217305,1.0471976,-0.86763,0.014423043,0.0,0.0,1
163788946,-1.2217305,1.0471976,-0.86763,0.014423043,0.0,0.0,1
163808615,-1.2217305,1.0471976,-0.86763,0.014423043,0.0,0.0,1
163823110,-1.2217305,1.0471976,-0.86763,0.014423043,0.0,0.0,1
163847986,-1.2217305,1.0471976,-0.86763,0.014423043,0.0,0.0,1
163867688,-1.2217305,1.0471976,-0.86763,0.014423043,0.0,0.0,1
163887394,-1.2217305,1.0471976,-0.86763,0.014423043,0.0,0.0,1
163907130,-1.2217305,1.0471976,-0.86763,0.014423043,0.0,0.0,1
163926823,-1.2217305,1.0471976,-0.86763,0.014423043,0.0,0.0,1
163946536,-1.2217305,1.0471976,-0.86763,0.014423043,0.0,0.0,1
163966215,-1.2217305,1.0471976,-0.86763,0.014423043,0.0,0.0,1
163986011,-1.2217305,1.0471976,-0.86763,0.014423043,0.0,0.0,1
164005703,-1.2217305,1.0471976,-0.86763,0.014423043,0.0,0.0,1
164025322,-1.2217305,1.0471976,-0.86763,0.014423043,0.0,0.0,1
164045023,-1.2217305,1.0471976,-0.86763,0.014423043,0.0,0.0,1
164064704,-1.2217305,1.0471976,-0.86763,0.014423043,0.0,0.0,1
164084421,-1.2217305,1.0471976,-0.86763,0.014423043,0.0,0.0,1
164104116,-1.2217305,1.0471976,-0.86763,0.014423043,0.0,0.0,1
164128478,-1.2217305,1.0471976,-0.86763,0.014423043,0.0,0.0,1
164148181,-1.2217305,1.0471976,-0.86763,0.014423043,0.0,0.0,1
164163225,-1.2217305,1.0471976,-0.86763,0.014423043,0.0,0.0,1
164187626,-1.2217305,1.0471976,-0.86763,0.014423043,0.0,0.0,1
164207347,-1.2217305,1.0471976,-0.86763,0.014423043,0.0,0.0,1
164226992,-1.2217305,1.0471976,-0.86763,0.014423043,0.0,0.0,1
164246706,-1.2217305,1.0471976,-0.86763,0.014423043,0.0,0.0,1
164266433,-1.2217305,1.0471976,-0.86763,0.014423043,0.0,0.0,1
164286117,-1.2217305,1.0471976,-0.86763,0.014423043,0.0,0.0,1
164305824,-1.2217305,1.0471976,-0.86763,0.014423043,0.0,0.0,1
164325537,-1.2217305,1.0471976,-0.86763,0.014423043,0.0,0.0,1
164345216,-1.2217305,1.0471976,-0.86763,0.014423043,0.0,0.0,1
164370479,-1.2217305,1.0471976,-0.86763,0.014423043,0.0,0.0,1
164384766,-1.2217305,1.0471976,-0.86763,0.014423043,0.0,0.0,1
164404374,-1.2217305,1.0471976,-0.86763,0.014423043,0.0,0.0,1
164429247,-1.2217305,1.0471976,-0.86763,0.014423043,0.0,0.0,1
164443772,-1.2217305,1.0471976,-0.86763,0.014423043,0.0,0.0,1
164463433,-1.2217305,1.0471976,-0.86763,0.014423043,0.0,0.0,1
164488371,-1.2217305,1.0471976,-0.86763,0.014423043,0.0,0.0,1
164508024,-1.2217305,1.0471976,-0.86763,0.014423043,0.0,0.0,1
164527754,-1.2217305,1.0471976,-0.86763,0.014423043,0.0,0.0,1
164547423,-1.2217305,1.0471976,-0.86763,0.014423043,0.0,0.0,1
164567340,-1.2217305,1.0471976,-0.86763,0.014423043,0.0,0.0,1
164586940,-1.2217305,1.0471976,-0.86763,0.014423043,0.0,0.0,1
164606619,-1.2217305,1.0471976,-0.86763,0.014423043,0.0,0.0,1
164626302,-1.2217305,1.0471976,-0.86763,0.014423043,0.0,0.0,1
164646033,-1.2217305,1.0471976,-0.86763,0.014423043,0.0,0.0,1
164665731,-1.2217305,1.0471976,-0.86763,0.014423043,0.0,0.0,1
164685374,-1.2217305,1.0471976,-0.86763,0.014423043,0.0,0.0,1
164705115,-1.2217305,1.0471976,-0.86763,0.014423043,0.0,0.0,1
164724770,-1.2217305,1.0471976,-0.86763,0.014423043,0.0,0.0,1
164744470,-1.2217305,1.0471976,-0.86763,0.014423043,0.0,0.0,1
164769079,-1.2217305,1.0471976,-0.86763,0.014423043,0.0,0.0,1
164788855,-1.2217305,1.0471976,-0.86763,0.014423043,0.0,0.0,1
164803704,-1.2217305,1.0471976,-0.86763,0.014423043,0.0,0.0,1
164827951,-1.2217305,1.0471976,-0.86763,0.014423043,0.0,0.0,1
164847654,-1.2217305,1.0471976,-0.86763,0.014423043,0.0,0.0,1
164862695,-1.2217305,1.0471976,-0.86763,0.014423043,0.0,0.0,1
164887076,-1.2217305,1.0471976,-0.86763,0.014423043,0.0,0.0,1
164906774,-1.2217305,1.0471976,-0.86763,0.014423043,0.0,0.0,1
164926482,-1.2217305,1.0471976,-0.86763,0.014423043,0.0,0.0,1
164946198,-1.2217305,1.0471976,-0.86763,0.014423043,0.0,0.0,1
164965905,-1.2217305,1.0471976,-0.86763,0.014423043,0.0,0.0,1
164985618,-1.2217305,1.0471976,-0.86763,0.014423043,0.0,0.0,1
165005302,-1.2217305,1.0471976,-0.86763,0.014423043,0.0,0.0,1
165024985,-1.2217305,1.0471976,-0.86763,0.014423043,0.0,0.0,1
165044701,-1.2217305,1.0471976,-0.86763,0.014423043,0.0,0.0,1
165069818,-1.2217305,1.0471976,-0.86763,0.014423043,0.0,0.0,1
165084097,-1.2217305,1.0471976,-0.86763,0.014423043,0.0,0.0,1
165103836,-1.2217305,1.0471976,-0.86763,0.014423043,0.0,0.0,1
165128719,-1.2217305,1.0471976,-0.86763,0.014423043,0.0,0.0,1
165143238,-1.2217305,1.0471976,-0.86763,0.014423043,0.0,0.0,1
165168356,-1.2217305,1.0471976,-0.86763,0.014423043,0.0,0.0,1
165188097,-1.2217305,1.0471976,-0.86763,0.014423043,0.0,0.0,1
165208256,-1.2217305,1.0471976,-0.86763,0.014423043,0.0,0.0,1
165227236,-1.2217305,1.0471976,-0.86763,0.014423043,0.0,0.0,1
165246915,-1.2217305,1.0471976,-0.86763,0.014423043,0.0,0.0,1
165266667,-1.2217305,1.0471976,-0.86763,0.014423043,0.0,0.0,1
165286354,-1.2217305,1.0471976,-0.86763,0.014423043,0.0,0.0,1
165306042,-1.2217305,1.0471976,-0.86763,0.014423043,0.0,0.0,1
165325760,-1.2217305,1.0471976,-0.86763,0.014423043,0.0,0.0,1
165350100,-1.2217305,1.0471976,-0.86763,0.014423043,0.0,0.0,1
165365153,-1.2217305,1.0471976,-0.86763,0.014423043,0.0,0.0,1
165384932,-1.2217305,1.0471976,-0.86763,0.014423043,0.0,0.0,1
165409228,-1.2217305,1.0471976,-0.86763,0.014423043,0.0,0.0,1
165424242,-1.2217305,1.0471976,-0.86763,0.014423043,0.0,0.0,1
165443959,-1.2217305,1.0471976,-0.86763,0.014423043,0.0,0.0,1
165468316,-1.2217305,1.0471976,-0.86763,0.014423043,0.0,0.0,1
165488032,-1.2217305,1.0471976,-0.86763,0.014423043,0.0,0.0,1
165503080,-1.2217305,1.0471976,-0.86763,0.014423043,0.0,0.0,1
165527429,-1.2217305,1.0471976,-0.86763,0.014423043,0.0,0.0,1
165547139,-1.2217305,1.0471976,-0.86763,0.014423043,0.0,0.0,1
165567052,-1.2217305,1.0471976,-0.86763,0.014423043,0.0,0.0,1
165586855,-1.2217305,1.0471976,-0.86763,0.014423043,0.0,0.0,1
165606273,-1.2217305,1.0471976,-0.86763,0.014423043,0.0,0.0,1
165625949,-1.2217305,1.0471976,-0.86763,0.014423043,0.0,0.0,1
165645650,-1.2217305,1.0471976,-0.86763,0.014423043,0.0,0.0,1
165665410,-1.2217305,1.0471976,-0.86763,0.014423043,0.0,0.0,1
165685095,-1.2217305,1.0471976,-0.86763,0.014423043,0.0,0.0,1
165704789,-1.2217305,1.0471976,-0.86763,0.014423043,0.0,0.0,1
165724499,-1.2217305,1.0471976,-0.86763,0.014423043,0.0,0.0,1
165749392,-1.2217305,1.0471976,-0.86763,0.014423043,0.0,0.0,1
165769281,-1.2217305,1.0471976,-0.86763,0.014423043,0.0,0.0,1
165783622,-1.2217305,1.0471976,-0.86763,0.014423043,0.0,0.0,1
165808524,-1.2217305,1.0471976,-0.86763,0.014423043,0.0,0.0,1
165828198,-1.2217305,1.0471976,-0.86763,0.014423043,0.0,0.0,1
165842750,-1.2217305,1.0471976,-0.86763,0.014423043,0.0,0.0,1
165867599,-1.2217305,1.0471976,-0.86763,0.014423043,0.0,0.0,1
165887280,-1.2217305,1.0471976,-0.86763,0.014423043,0.0,0.0,1
165906989,-1.2217305,1.0471976,-0.86763,0.014423043,0.0,0.0,1
165926699,-1.2217305,1.0471976,-0.86763,0.014423043,0.0,0.0,1
165946499,-1.2217305,1.0471976,-0.86763,0.014423043,0.0,0.0,1
165966491,-1.2217305,1.0471976,-0.86763,0.014423043,0.0,0.0,1
165986098,-1.2217305,1.0471976,-0.86763,0.014423043,0.0,0.0,1
166005786,-1.2217305,1.0471976,-0.86763,0.014423043,0.0,0.0,1
166025227,-1.2217305,1.0471976,-0.86763,0.014423043,0.0,0.0,1
166049581,-1.2217305,1.0471976,-0.86763,0.014423043,0.0,0.0,1
166064630,-1.2217305,1.0471976,-0.86763,0.014423043,0.0,0.0,1
166084351,-1.2217305,1.0471976,-0.86763,0.014423043,0.0,0.0,1
166108698,-1.2217305,1.0471976,-0.86763,0.014423043,0.0,0.0,1
166123738,-1.2217305,1.0471976,-0.86763,0.014423043,0.0,0.0,1
166148094,-1.2217305,1.0471976,-0.86763,0.014423043,0.0,0.0,1
166167828,-1.2217305,1.0471976,-0.86763,0.014423043,0.0,0.0,1
166187538,-1.2217305,1.0471976,-0.86763,0.014423043,0.0,0.0,1
166207203,-1.2217305,1.0471976,-0.86763,0.014423043,0.0,0.0,1
166226914,-1.2217305,1.0471976,-0.86763,0.014423043,0.0,0.0,1
166246606,-1.2217305,1.0471976,-0.86763,0.014423043,0.0,0.0,1
166266325,-1.2217305,1.0471976,-0.86763,0.014423043,0.0,0.0,1
166286027,-1.2217305,1.0471976,-0.86763,0.014423043,0.0,0.0,1
166305731,-1.2217305,1.0471976,-0.86763,0.014423043,0.0,0.0,1
166325482,-1.2217305,1.0471976,-0.86763,0.014423043,0.0,0.0,1
166345185,-1.2217305,1.0471976,-0.86763,0.014423043,0.0,0.0,1
166365056,-1.2217305,1.0471976,-0.86763,0.014423043,0.0,0.0,1
166389874,-1.2217305,1.0471976,-0.86763,0.014423043,0.0,0.0,1
166404266,-1.2217305,1.0471976,-0.86763,0.014423043,0.0,0.0,1
166423935,-1.2217305,1.0471976,-0.86763,0.014423043,0.0,0.0,1
166448817,-1.2217305,1.0471976,-0.86763,0.014423043,0.0,0.0,1
166468722,-1.2217305,1.0471976,-0.86763,0.014423043,0.0,0.0,1
166483049,-1.2217305,1.0471976,-0.86763,0.014423043,0.0,0.0,1
166508013,-1.2217305,1.0471976,-0.86763,0.014423043,0.0,0.0,1
166527627,-1.2217305,1.0471976,-0.86763,0.014423043,0.0,0.0,1
166547385,-1.2217305,1.0471976,-0.86763,0.014423043,0.0,0.0,1
166567091,-1.2217305,1.0471976,-0.86763,0.014423043,0.0,0.0,1
166586816,-1.2217305,1.0471976,-0.86763,0.014423043,0.0,0.0,1
166606569,-1.2217305,1.0471976,-0.86763,0.014423043,0.0,0.0,1
166626223,-1.2217305,1.0471976,-0.86763,0.014423043,0.0,0.0,1
166645884,-1.2217305,1.0471976,-0.86763,0.014423043,0.0,0.0,1
166665594,-1.2217305,1.0471976,-0.86763,0.014423043,0.0,0.0,1
166685277,-1.2217305,1.0471976,-0.86763,0.014423043,0.0,0.0,1
166704975,-1.2217305,1.0471976,-0.86763,0.014423043,0.0,0.0,1
166724691,-1.2217305,1.0471976,-0.86763,0.014423043,0.0,0.0,1
166744382,-1.2217305,1.0471976,-0.86763,0.014423043,0.0,0.0,1
166764390,-1.2217305,1.0471976,-0.86763,0.014423043,0.0,0.0,1
166788625,-1.2217305,1.0471976,-0.86763,0.014423043,0.0,0.0,1
166808159,-1.2217305,1.0471976,-0.86763,0.014423043,0.0,0.0,1
166823245,-1.2217305,1.0471976,-0.86763,0.014423043,0.0,0.0,1
166847573,-1.2217305,1.0471976,-0.86763,0.014423043,0.0,0.0,1
166867268,-1.2217305,1.0471976,-0.86763,0.014423043,0.0,0.0,1
166887041,-1.2217305,1.0471976,-0.86763,0.014423043,0.0,0.0,1
166906708,-1.2217305,1.0471976,-0.86763,0.014423043,0.0,0.0,1
166926422,-1.2217305,1.0471976,-0.86763,0.014423043,0.0,0.0,1
166946116,-1.2217305,1.0471976,-0.86763,0.014423043,0.0,0.0,1
166965829,-1.2217305,1.0471976,-0.86763,0.014423043,0.0,0.0,1
166985560,-1.2217305,1.0471976,-0.86763,0.014423043,0.0,0.0,1
167005233,-1.2217305,1.0471976,-0.86763,0.014423043,0.0,0.0,1
167030096,-1.2217305,1.0471976,-0.86763,0.014423043,0.0,0.0,1
167044629,-1.2217305,1.0471976,-0.86763,0.014423043,0.0,0.0,1
167064332,-1.2217305,1.0471976,-0.86763,0.014423043,0.0,0.0,1
167089171,-1.2217305,1.0471976,-0.86763,0.014423043,0.0,0.0,1
167103712,-1.2217305,1.0471976,-0.86763,0.014423043,0.0,0.0,1
167123444,-1.2217305,1.0471976,-0.86763,0.014423043,0.0,0.0,1
167148290,-1.2217305,1.0471976,-0.86763,0.014423043,0.0,0.0,1
167168113,-1.2217305,1.0471976,-0.86763,0.014423043,0.0,0.0,1
167187821,-1.2217305,1.0471976,-0.86763,0.014423043,0.0,0.0,1
167207497,-1.2217305,1.0471976,-0.86763,0.014423043,0.0,0.0,1
167227141,-1.2217305,1.0471976,-0.86763,0.014423043,0.0,0.0,1
167246832,-1.2217305,1.0471976,-0.86763,0.014423043,0.0,0.0,1
167266565,-1.2217305,1.0471976,-0.86763,0.014423043,0.0,0.0,1
167286272,-1.2217305,1.0471976,-0.86763,0.014423043,0.0,0.0,1
167305944,-1.2217305,1.0471976,-0.86763,0.014423043,0.0,0.0,1
167325633,-1.2217305,1.0471976,-0.86763,0.014423043,0.0,0.0,1
167345351,-1.2217305,1.0471976,-0.86763,0.014423043,0.0,0.0,1
167365077,-1.2217305,1.0471976,-0.86763,0.014423043,0.0,0.0,1
167384815,-1.2217305,1.0471976,-0.86763,0.014423043,0.0,0.0,1
167404568,-1.2217305,1.0471976,-0.86763,0.014423043,0.0,0.0,1
167428857,-1.2217305,1.0471976,-0.86763,0.014423043,0.0,0.0,1
167448527,-1.2217305,1.0471976,-0.86763,0.014423043,0.0,0.0,1
167463564,-1.2217305,1.0471976,-0.86763,0.014423043,0.0,0.0,1
167487934,-1.2217305,1.0471976,-0.86763,0.014423043,0.0,0.0,1
167507670,-1.2217305,1.0471976,-0.86763,0.014423043,0.0,0.0,1
167522789,-1.2217305,1.0471976,-0.86763,0.014423043,0.0,0.0,1
167547074,-1.2217305,1.0471976,-0.8628838,0.014423043,0.0,0.0,1
167566895,-1.2217305,1.0471976,-0.84857047,0.014423043,0.0,0.0,1
167586590,-1.2217305,1.0471976,-0.8378804,0.014423043,0.0,0.0,1
167606195,-1.2217305,1.0471976,-0.82782376,0.014423043,0.0,0.0,1
167625885,-1.2217305,1.0471976,-0.8303058,0.014423043,0.0,0.0,1
167645554,-1.2217305,1.0471976,-0.8340986,0.014423043,0.0,0.0,1
167665264,-1.2217305,1.0471976,-0.83744323,0.014423043,0.0,0.0,1
167684976,-1.2217305,1.0471976,-0.8469862,0.014423043,0.0,0.0,1
167704673,-1.2217305,1.0471976,-0.8572463,0.014423043,0.0,0.0,1
167729546,-1.2217305,1.0471976,-0.86763,0.014423043,0.0,0.0,1
167744079,-1.2217305,1.0471976,-0.86763,0.014423043,0.0,0.0,1
167763811,-1.2217305,1.0471976,-0.86763,0.014423043,0.0,0.0,1
167788715,-1.2217305,1.0471976,-0.86763,0.014423043,0.0,0.0,1
167803192,-1.2217305,1.0471976,-0.86763,0.014423043,0.0,0.0,1
167828068,-1.2217305,1.0471976,-0.86763,0.014423043,0.0,0.0,1
167847779,-1.2217305,1.0471976,-0.86763,0.014423043,0.0,0.0,1
167867471,-1.2217305,1.0471976,-0.86763,0.014423043,0.0,0.0,1
167887181,-1.2217305,1.0471976,-0.86763,0.014423043,0.0,0.0,1
167906895,-1.2217305,1.0471976,-0.86763,0.014423043,0.0,0.0,1
167926640,-1.2217305,1.0471976,-0.86763,0.014423043,0.0,0.0,1
167946327,-1.2217305,1.0471976,-0.86763,0.014423043,0.0,0.0,1
167966234,-1.2217305,1.0471976,-0.86763,0.014423043,0.0,0.0,1
167985889,-1.2217305,1.0471976,-0.86763,0.014423043,0.0,0.0,1
168010084,-1.2217305,1.0471976,-0.86763,0.014423043,0.0,0.0,1
168025150,-1.2217305,1.0471976,-0.86763,0.014423043,0.0,0.0,1
168044881,-1.2217305,1.0471976,-0.86763,0.014423043,0.0,0.0,1
168069206,-1.2217305,1.0471976,-0.86763,0.014423043,0.0,0.0,1
168084269,-1.2217305,1.0471976,-0.86763,0.014423043,0.0,0.0,1
168103953,-1.2217305,1.0471976,-0.86763,0.014423043,0.0,0.0,1
168128305,-1.2217305,1.0471976,-0.86763,0.014423043,0.0,0.0,1
168147996,-1.2217305,1.0471976,-0.86763,0.014423043,0.0,0.0,1
168163131,-1.2217305,1.0471976,-0.86763,0.014423043,0.0,0.0,1
168187462,-1.2217305,1.0471976,-0.86763,0.014423043,0.0,0.0,1
168207145,-1.2217305,1.0471976,-0.86763,0.014423043,0.0,0.0,1
168226848,-1.2217305,1.0471976,-0.86763,0.014423043,0.0,0.0,1
168246551,-1.2217305,1.0471976,-0.86763,0.014423043,0.0,0.0,1
168266302,-1.2217305,1.0471976,-0.86763,0.014423043,0.0,0.0,1
168285929,-1.2217305,1.0471976,-0.86763,0.014423043,0.0,0.0,1
168305626,-1.2217305,1.0471976,-0.86763,0.014423043,0.0,0.0,1
168325338,-1.2217305,1.0471976,-0.86763,0.014423043,0.0,0.0,1
168345034,-1.2217305,1.0471976,-0.86763,0.014423043,0.0,0.0,1
168364832,-1.2217305,1.0471976,-0.86763,0.014423043,0.0,0.0,1
168384476,-1.2217305,1.0471976,-0.86763,0.014423043,0.0,0.0,1
168409362,-1.2217305,1.0471976,-0.86763,0.014423043,0.0,0.0,1
168429045,-1.2217305,1.0471976,-0.86763,0.014423043,0.0,0.0,1
168443554,-1.2217305,1.0471976,-0.86763,0.014423043,0.0,0.0,1
168468630,-1.2217305,1.0471976,-0.86763,0.014423043,0.0,0.0,1
168488142,-1.2217305,1.0471976,-0.86763,0.014423043,0.0,0.0,1
168502663,-1.2217305,1.0471976,-0.86287737,0.014423043,0.0,0.0,1
168527573,-1.2217305,1.0471976,-0.8634974,0.014423043,0.0,0.0,1
168547252,-1.2217305,1.0471976,-0.85704815,0.014423043,0.0,0.0,1
168567025,-1.2217305,1.0471976,-0.85426545,0.014423043,0.0,0.0,1
168586733,-1.2217305,1.0471976,-0.8510362,0.014423043,0.0,0.0,1
168606425,-1.2217305,1.0471976,-0.8512342,0.014423043,0.0,0.0,1
168626091,-1.2217305,1.0471976,-0.84738064,0.014423043,0.0,0.0,1
168645802,-1.2217305,1.0471976,-0.84371495,0.014423043,0.0,0.0,1
168665495,-1.2217305,1.0471976,-0.8400171,0.014423043,0.0,0.0,1
168685221,-1.2217305,1.0471976,-0.8358245,0.014423043,0.0,0.0,1
168709565,-1.2217305,1.0471976,-0.8306848,0.014423043,0.0,0.0,1
168724624,-1.2217305,1.0471976,-0.8279191,0.014423043,0.0,0.0,1
168744332,-1.2217305,1.0471976,-0.82422733,0.014423043,0.0,0.0,1
168768732,-1.2217305,1.0471976,-0.82006073,0.014423043,0.0,0.0,1
168783826,-1.2217305,1.0471976,-0.8179599,0.014423043,0.0,0.0,1
168808127,-1.2217305,1.0471976,-0.81136096,0.014423043,0.0,0.0,1
168827771,-1.2217305,1.0471976,-0.8140056,0.014423043,0.0,0.0,1
168847472,-1.2217305,1.0471976,-0.8137312,0.014423043,0.0,0.0,1
168867175,-1.2217305,1.0471976,-0.8104377,0.014423043,0.0,0.0,1
168886888,-1.2217305,1.0471976,-0.8123021,0.014423043,0.0,0.0,1
168906592,-1.2217305,1.0471976,-0.8185891,0.014423043,0.0,0.0,1
168926295,-1.2217305,1.0471976,-0.81722724,0.014423043,0.0,0.0,1
168946000,-1.2217305,1.0471976,-0.8202249,0.014423043,0.0,0.0,1
168965741,-1.2217305,1.0471976,-0.823009,0.014423043,0.0,0.0,1
168985419,-1.2217305,1.0471976,-0.8304522,0.014423043,0.0,0.0,1
169005102,-1.2217305,1.0471976,-0.8344439,0.014423043,0.0,0.0,1
169024819,-1.2217305,1.0471976,-0.83884096,0.014423043,0.0,0.0,1
169049696,-1.2217305,1.0471976,-0.84520674,0.014423043,0.0,0.0,1
169064208,-1.2217305,1.0471976,-0.84859705,0.014423043,0.0,0.0,1
169083917,-1.2217305,1.0471976,-0.848873,0.014423043,0.0,0.0,1
169108823,-1.2217305,1.0471976,-0.8582232,0.014423043,0.0,0.0,1
169128496,-1.2217305,1.0471976,-0.8582307,0.014423043,0.0,0.0,1
169143036,-1.2217305,1.0471976,-0.8607466,0.014423043,0.0,0.0,1
169168242,-1.2217305,1.0471976,-0.86763,0.014423043,0.0,0.0,1
169187899,-1.2217305,1.0471976,-0.86615264,0.014423043,0.0,0.0,1
169207331,-1.2217305,1.0471976,-0.8670317,0.014423043,0.0,0.0,1
169227057,-1.2217305,1.0471976,-0.86763,0.014423043,0.0,0.0,1
169246791,-1.2217305,1.0471976,-0.86763,0.014423043,0.0,0.0,1
169266483,-1.2217305,1.0471976,-0.86716557,0.014423043,0.0,0.0,1
169286164,-1.2217305,1.0471976,-0.8610406,0.014423043,0.0,0.0,1
169305899,-1.2217305,1.0471976,-0.8580458,0.014423043,0.0,0.0,1
169325576,-1.2217305,1.0471976,-0.8584285,0.014423043,0.0,0.0,1
169345282,-1.2217305,1.0471976,-0.8547429,0.014423043,0.0,0.0,1
169365028,-1.2217305,1.0471976,-0.850855,0.014423043,0.0,0.0,1
169384736,-1.2217305,1.0471976,-0.8472822,0.014423043,0.0,0.0,1
169404424,-1.2217305,1.0471976,-0.83989286,0.014423043,0.0,0.0,1
169424171,-1.2217305,1.0471976,-0.8367219,0.014423043,0.0,0.0,1
169451102,-1.2217305,1.0471976,-0.8370452,0.014423043,0.0,0.0,1
169468139,-1.2217305,1.0471976,-0.83426344,0.014423043,0.0,0.0,1
169483221,-1.2217305,1.0471976,-0.8329916,0.014423043,0.0,0.0,1
169507604,-1.2217305,1.0471976,-0.8289999,0.014423043,0.0,0.0,1
169527257,-1.2217305,1.0471976,-0.83296347,0.014423043,0.0,0.0,1
169547123,-1.2217305,1.0471976,-0.83408976,0.014423043,0.0,0.0,1
169566978,-1.2217305,1.0471976,-0.83655345,0.014423043,0.0,0.0,1
169586439,-1.2217305,1.0471976,-0.84023595,0.014423043,0.0,0.0,1
169606080,-1.2217305,1.0471976,-0.8410914,0.014423043,0.0,0.0,1
169625793,-1.2217305,1.0471976,-0.84823096,0.014423043,0.0,0.0,1
169645480,-1.2217305,1.0471976,-0.85156393,0.014423043,0.0,0.0,1
169665185,-1.2217305,1.0471976,-0.85177016,0.014423043,0.0,0.0,1
169690067,-1.2217305,1.0471976,-0.8545269,0.014423043,0.0,0.0,1
169704587,-1.2217305,1.0471976,-0.85577714,0.014423043,0.0,0.0,1
169724284,-1.2217305,1.0471976,-0.86028516,0.014423043,0.0,0.0,1
169749211,-1.2217305,1.0471976,-0.85667896,0.014423043,0.0,0.0,1
169763735,-1.2217305,1.0471976,-0.85680413,0.014423043,0.0,0.0,1
169783430,-1.2217305,1.0471976,-0.85602164,0.014423043,0.0,0.0,1
169808287,-1.2217305,1.0471976,-0.85811555,0.014423043,0.0,0.0,1
169828024,-1.2217305,1.0471976,-0.8528986,0.014423043,0.0,0.0,1
169847672,-1.2217305,1.0471976,-0.8511226,0.014423043,0.0,0.0,1
169867646,-1.2217305,1.0471976,-0.8530263,0.014423043,0.0,0.0,1
169887197,-1.2217305,1.0471976,-0.84726787,0.014423043,0.0,0.0,1
169906886,-1.2217305,1.0471976,-0.8492012,0.014423043,0.0,0.0,1
169926588,-1.2217305,1.0471976,-0.84423506,0.014423043,0.0,0.0,1
169946586,-1.2217305,1.0471976,-0.8432691,0.014423043,0.0,0.0,1
169966068,-1.2217305,1.0471976,-0.8426422,0.014423043,0.0,0.0,1
169986037,-1.2217305,1.0471976,-0.8424685,0.014423043,0.0,0.0,1
170005731,-1.2217305,1.0471976,-0.8427619,0.014423043,0.0,0.0,1
170029705,-1.2217305,1.0471976,-0.8475077,0.014423043,0.0,0.0,1
170044744,-1.2217305,1.0471976,-0.8443624,0.014423043,0.0,0.0,1
170064477,-1.2217305,1.0471976,-0.8449353,0.014423043,0.0,0.0,1
170088807,-1.2217305,1.0471976,-0.845423,0.014423043,0.0,0.0,1
170108533,-1.2217305,1.0471976,-0.8493644,0.014423043,0.0,0.0,1
170123595,-1.2217305,1.0471976,-0.84934497,0.014423043,0.0,0.0,1
170147974,-1.2217305,1.0471976,-0.8484807,0.014423043,0.0,0.0,1
170167654,-1.2217305,1.0471976,-0.8469287,0.014423043,0.0,0.0,1
170182719,-1.2217305,1.0471976,-0.8452401,0.014423043,0.0,0.0,1
170207027,-1.2217305,1.0471976,-0.84178865,0.014423043,0.0,0.0,1
170226736,-1.2217305,1.0471976,-0.83635736,0.014423043,0.0,0.0,1
170246449,-1.2217305,1.0471976,-0.83494437,0.014423043,0.0,0.0,1
170266165,-1.2217305,1.0471976,-0.83099866,0.014423043,0.0,0.0,1
170285871,-1.2217305,1.0471976,-0.8232657,0.014423043,0.0,0.0,1
170305548,-1.2217305,1.0471976,-0.8195604,0.014423043,0.0,0.0,1
170325262,-1.2217305,1.0471976,-0.81604826,0.014423043,0.0,0.0,1
170345093,-1.2217305,1.0471976,-0.81295,0.014423043,0.0,0.0,1
170364998,-1.2217305,1.0471976,-0.8103688,0.014423043,0.0,0.0,1
170389711,-1.2217305,1.0471976,-0.8113316,0.014423043,0.0,0.0,1
170404072,-1.2217305,1.0471976,-0.80960405,0.014423043,0.0,0.0,1
170428986,-1.2217305,1.0471976,-0.8067974,0.014423043,0.0,0.0,1
