timestamp,timestamp_sample,xyz[0],xyz[1],xyz[2]
21290322,21290219,-0.0049382783,-0.0049260985,0.0960591
21292823,21292713,-0.0049382783,-0.0049260985,0.0960591
21310273,21310172,-0.0049382783,-0.0049260985,0.0960591
21332731,21332619,-0.0049382783,-0.0073891524,0.0960591
21352694,21352572,-0.0049382783,-0.0049260985,0.0960591
21375120,21375019,-0.0049382783,-0.0049260985,0.0960591
21392637,21392478,-0.0049382783,-0.0049260985,0.0960591
21412533,21412431,-0.0024691424,-0.0049260985,0.0960591
21434980,21434878,-0.0049382783,-0.0024630441,0.0960591
21452445,21452338,-0.0049382783,-0.0024630441,0.0960591
21472395,21472291,-0.0049382783,-0.0049260985,0.0960591
21492347,21492244,-0.0049382783,-0.0024630441,0.0960591
21514796,21514693,-0.0049382783,-0.0049260985,0.0960591
21532259,21532150,-0.0049382783,-0.0024630441,0.0960591
21552205,21552103,-0.0049382783,-0.0049260985,0.0960591
21574653,21574550,-0.0049382783,-0.0049260985,0.0960591
21592111,21592009,-0.0049382783,-0.0049260985,0.0960591
21612065,21611962,-0.0049382783,-0.0049260985,0.0960591
21634513,21634409,-0.0049382783,-0.0049260985,0.0960591
21654478,21654362,-0.0049382783,-0.0073891524,0.0960591
21671923,21671822,-0.0049382783,-0.0073891524,0.0960591
21691878,21691775,-0.0049382783,-0.0073891524,0.0960591
21714323,21714222,-0.0049382783,-0.0073891524,0.0960591
21731793,21731681,-0.0024691424,-0.0073891524,0.0960591
21751738,21751634,-0.0049382783,-0.0024630441,0.0960591
21774181,21774081,-0.0049382783,-0.0049260985,0.0960591
21794161,21794034,-0.0024691424,-0.0049260985,0.0960591
21811595,21811493,-0.0024691424,-0.0049260985,0.0960591
21834043,21833940,-0.0049382783,-0.0073891524,0.0960591
21853994,21853893,-0.0049382783,-0.0073891524,0.0960591
21871455,21871352,-0.0049382783,-0.0049260985,0.0960591
21891409,21891305,-0.0049382783,-0.0049260985,0.0960591
21913857,21913753,-0.0049382783,-0.0049260985,0.0960591
21933915,21933706,-0.0049382783,-0.0024630441,0.0960591
21951267,21951165,-0.0049382783,-0.0024630441,0.0960591
21973717,21973612,-0.0049382783,-0.0049260985,0.0960591
21993666,21993565,-0.0049382783,-0.0049260985,0.0960591
22011127,22011024,-0.0049382783,-0.0049260985,0.0960591
22031083,22030977,-0.0049382783,-0.0049260985,0.0960591
22053545,22053424,-0.0049382783,-0.0024630441,0.0960591
22073503,22073377,-0.0049382783,-0.0073891524,0.0960591
22090940,22090836,-0.0049382783,-0.0049260985,0.0960591
22113382,22113284,-0.0049382783,-0.0049260985,0.0960591
22133391,22133237,-0.0049382783,-0.0049260985,0.0960591
22150797,22150696,-0.0049382783,-0.0049260985,0.0960591
22173239,22173143,-0.0049382783,-0.0024630441,0.0960591
22193249,22193096,-0.0049382783,-0.0049260985,0.0960591
22213144,22213049,-0.0049382783,-0.0049260985,0.0960591
22230611,22230508,-0.0049382783,-0.0024630441,0.0960591
22253052,22252955,-0.0049382783,-0.0024630441,0.0960591
22273004,22272908,-0.0049382783,-0.0049260985,0.0960591
22290471,22290367,-0.0049382783,-0.0049260985,0.0960591
22312937,22312815,-0.0603839,1.0,0.0096455645
22332977,22332768,-0.05352443,1.0,0.012336184
22355334,22355215,-0.045740698,1.0,0.014953023
22372775,22372674,-0.03837871,1.0,0.017743792
22392728,22392627,-0.034131784,1.0,0.019606754
22412682,22412580,-0.030560002,1.0,0.020531418
22430158,22430039,-0.027901243,0.99536157,0.019467091
22452588,22452486,-0.0217947,0.9625802,0.018979479
22472542,22472440,-0.017266294,0.9324032,0.01797759
22494996,22494887,-0.014809715,0.90241885,0.016440671
22512454,22512346,-0.007817662,0.87833065,0.0132305855
22532400,22532299,-0.0048134993,0.8568481,0.014445684
22554851,22554746,-0.00738996,0.8404364,0.0137638375
22572306,22572205,-0.008241238,0.83422273,0.012118626
22592260,22592158,-0.01152404,0.83450115,0.010224547
22612213,22612111,-0.012367213,0.8435882,0.008632819
22634664,22634559,-0.012886063,0.85759765,0.0053826002
22652119,22652018,-0.011103847,0.8303866,0.0024871256
22672073,22671971,-0.014552568,0.79290223,0.0003097169
22694522,22694418,-0.016733058,0.7650465,-0.0023205213
22711994,22711877,-0.02030111,0.7316699,-0.0028222636
22731935,22731830,-0.02476956,0.6978091,-0.00031759508
22754410,22754277,-0.03136885,0.66970974,0.005137853
22774332,22774230,-0.036190696,0.6363477,0.012913407
22791791,22791689,-0.041831978,0.60192895,0.020794405
22811744,22811643,-0.052142303,0.57025605,0.026004817
22834193,22834090,-0.058536317,0.53578734,0.027017618
22851654,22851549,-0.072013296,0.50388134,0.030424926
22871606,22871502,-0.08929226,0.47446147,0.03707057
22894051,22893949,-0.09431251,0.43870255,0.03511539
22914118,22913902,-0.11002671,0.41079167,0.039836805
22931462,22931361,-0.12574667,0.38560796,0.038947627
22953916,22953809,-0.13754891,0.36236185,0.03698242
22973868,22973762,-0.14831848,0.34243935,0.03449313
22991324,22991221,-0.1611891,0.3216452,0.032595392
23011276,23011174,-0.17809363,0.30685204,0.03119699
23033725,23033621,-0.18790403,0.28658554,0.029327257
23053679,23053574,-0.19598772,0.26664722,0.027537338
23071134,23071033,-0.20699188,0.24716645,0.027407693
23093582,23093480,-0.21961191,0.22592925,0.026522493
23113600,23113433,-0.22449778,0.20297667,0.0264889
23130994,23130892,-0.22801046,0.17926078,0.027259618
23153460,23153340,-0.23243599,0.15672937,0.027967198
23173394,23173293,-0.23209171,0.12700678,0.02993637
23193348,23193246,-0.2274239,0.10391469,0.03168073
23210808,23210705,-0.22517048,0.08310343,0.033971623
23233256,23233152,-0.2229301,0.06534915,0.03687925
23253208,23253105,-0.21206093,0.049224574,0.034038756
23270672,23270564,-0.20872667,0.03443023,0.03827934
23293113,23293011,-0.19742502,0.018461045,0.03626501
23313094,23312965,-0.17937891,0.009014124,0.029343767
23335517,23335412,-0.1616966,0.0001926087,0.028238289
23352979,23352871,-0.15165289,-0.0017224742,0.02411935
23372928,23372824,-0.14036784,-0.0036640407,0.01968197
23392883,23392777,-0.13034841,-0.0036662777,0.015889581
23410338,23410236,-0.12161878,0.0019300218,0.011747356
23432786,23432683,-0.11679391,0.019978486,0.00790874
23452741,23452637,-0.1121684,0.050243862,0.0045096646
23475186,23475084,-0.09831119,0.0891258,-0.003240168
23492657,23492543,-0.09383098,0.1338646,-0.0061280425
23512598,23512496,-0.09409587,0.19494133,-0.00408242
23535046,23534943,-0.085555345,0.27380314,-0.003348425
23552505,23552402,-0.07725028,0.32702425,-0.0011755807
23572457,23572355,-0.06059572,0.39102206,-0.0014901515
23592409,23592308,-0.048179753,0.46178633,0.0038511981
23614858,23614756,-0.046126693,0.55050975,0.014041015
23632325,23632215,-0.041641824,0.6057265,0.018254165
23652270,23652168,-0.037258267,0.67726666,0.022072682
23674721,23674615,-0.029288411,0.769001,0.02567699
23692184,23692074,-0.026233533,0.83147883,0.028113417
23712132,23712027,-0.025211584,0.9061483,0.030510621
23732083,23731980,-0.025620572,0.98577476,0.032999545
23752041,23751938,-0.017976694,1.0,0.03178242
23771990,23771887,-0.023351606,1.0,0.038406447
23791944,23791840,-0.025453115,1.0,0.04069036
23814389,23814287,-0.027594432,1.0,0.04275013
23831850,23831746,-0.027111445,1.0,0.0438509
23851869,23851700,-0.026839888,1.0,0.045274414
23874248,23874147,-0.026573516,1.0,0.047446057
23891855,23891605,-0.02645842,1.0,0.0486379
23911661,23911558,-0.02671808,1.0,0.049319547
23934111,23934006,-0.026685148,1.0,0.05047913
23954062,23953959,-0.027810587,1.0,0.0469169
23971521,23971418,-0.030518724,1.0,0.047343638
23991473,23991371,-0.037430525,1.0,0.049919534
24013925,24013818,-0.04031371,1.0,0.04841047
24033873,24033772,-0.04225007,1.0,0.047524344
24051334,24051231,-0.04586156,1.0,0.046264496
24073787,24073680,-0.047080092,1.0,0.041673817
24093810,24093631,-0.05457368,1.0,0.04342414
24111196,24111090,-0.05623218,1.0,0.041781545
24131149,24131045,-0.056952275,1.0,0.039634664
24153591,24153490,-0.05827226,1.0,0.036965366
24173545,24173444,-0.06362889,1.0,0.03476502
24191020,24190903,-0.06738705,1.0,0.030886598
24213453,24213350,-0.07062674,0.9762906,0.024748558
24233406,24233303,-0.071838126,0.95494604,0.018066114
24250884,24250762,-0.070616886,0.9386185,0.011234876
24273333,24273209,-0.07084307,0.9151529,0.002819455
24293300,24293162,-0.06790944,0.89593416,-0.0056143403
24313218,24313116,-0.06122582,0.8736685,-0.012231817
24330680,24330575,-0.054899942,0.85434383,-0.021993207
24353134,24353022,-0.05282136,0.83238196,-0.027629087
24373076,24372975,-0.0499405,0.8166597,-0.032911852
24390539,24390435,-0.04485487,0.8083833,-0.03749732
24412983,24412881,-0.036259353,0.7870505,-0.04153154
24432936,24432834,-0.029029172,0.72373104,-0.04559799
24455384,24455282,-0.021133259,0.66683143,-0.04475204
24472852,24472741,-0.010129227,0.621056,-0.045499206
24492806,24492694,-0.00350839,0.58583146,-0.04527232
24515263,24515141,-0.0008312201,0.55699736,-0.04834162
24530208,24530106,0.0030083617,0.536027,-0.04934001
24552663,24552553,0.012680667,0.50382364,-0.049043354
24572608,24572507,0.019713756,0.48426443,-0.043581713
24595058,24594954,0.027524626,0.47014597,-0.033371817
24612514,24612413,0.031345215,0.45295823,-0.024842994
24632469,24632366,0.033560064,0.44361392,-0.014245373
24654971,24654813,0.0408477,0.4366064,0.001914786
24672380,24672272,0.042971477,0.43125823,0.010840298
24692348,24692226,0.04262716,0.41684926,0.018262152
24712283,24712179,0.047088448,0.41181427,0.028329426
24734729,24734626,0.050339803,0.40043896,0.039676562
24752188,24752085,0.051367052,0.3947552,0.04655764
24772142,24772038,0.051127005,0.39438978,0.053701997
24794591,24794486,0.04943804,0.39139774,0.058990102
24812061,24811945,0.049043905,0.39133275,0.06070355
24831998,24831898,0.05023132,0.39865783,0.061132405
24854452,24854345,0.04831392,0.401046,0.05963129
24874528,24874298,0.04706331,0.4069922,0.056935903
24891858,24891757,0.047167353,0.41613108,0.053111296
24911816,24911710,0.044035833,0.42336494,0.049353994
24934261,24934158,0.040236063,0.42556822,0.044399545
24951717,24951617,0.03885957,0.4277107,0.040497582
24971671,24971570,0.037999183,0.43209994,0.03721772
24994121,24994017,0.039991796,0.42949918,0.03860062
25014074,25013970,0.031854168,0.42354944,0.033376183
25031532,25031429,0.028663907,0.41776302,0.03212985
25053982,25053877,0.027119163,0.40629047,0.0319846
25074030,25073831,0.023051359,0.39380062,0.032180067
25091389,25091289,0.024852708,0.3852627,0.036108773
25111344,25111242,0.016993236,0.36927465,0.032773506
25133791,25133689,0.015724126,0.35283312,0.032228425
25153746,25153643,0.01762002,0.33235523,0.033210304
25171204,25171101,0.018282076,0.3196008,0.034635443
25193654,25193549,0.016030211,0.30109003,0.036353473
25213624,25213502,0.015557897,0.2796373,0.03697738
25231062,25230961,0.01607384,0.2597664,0.037438918
25253510,25253408,0.015747976,0.23241249,0.038745295
25273517,25273361,0.017906269,0.20458238,0.038691454
25293420,25293315,0.018426085,0.1724093,0.03908308
25310875,25310774,0.019376064,0.14043258,0.038918152
25333326,25333221,0.021192476,0.09361588,0.039453354
25353276,25353174,0.019681884,0.05394368,0.038856786
25370742,25370633,0.019477358,0.015318892,0.037948847
25393182,25393081,0.019243035,-0.029452909,0.03553517
25413136,25413034,0.020603858,-0.065213546,0.033442967
25433091,25432987,0.02420228,-0.10635078,0.030600732
25453054,25452940,0.023054278,-0.14299883,0.027054904
25473024,25472893,0.026907973,-0.17262878,0.028289674
25492949,25492846,0.024540653,-0.21174514,0.021871388
25510408,25510305,0.02392199,-0.24212976,0.019692045
25532856,25532753,0.022387128,-0.27286664,0.017392838
25552811,25552706,0.018985376,-0.30221996,0.015675588
25575264,25575153,0.01456251,-0.3396262,0.014279573
25592717,25592612,0.012241927,-0.36080828,0.013049837
25612684,25612565,0.007726932,-0.39078724,0.0116770165
25632624,25632519,0.0029647977,-0.41220203,0.010230612
25650089,25649978,-0.003976124,-0.43717057,0.0093312245
25672529,25672425,-0.009726442,-0.45959532,0.011897107
25692489,25692378,-0.018252164,-0.48275444,0.015104158
25714928,25714826,-0.031230446,-0.5075904,0.02169225
25732387,25732284,-0.03679607,-0.52753097,0.02367574
25752340,25752238,-0.040529408,-0.5502317,0.025539516
25774786,25774685,-0.04340873,-0.5734556,0.028933091
25792245,25792144,-0.053402998,-0.58685696,0.031332906
25812200,25812097,-0.056339096,-0.6103244,0.031540547
25832163,25832050,-0.07391249,-0.62229717,0.038070127
25854741,25854498,-0.08326313,-0.63474077,0.040586855
25872059,25871957,-0.08661941,-0.645467,0.04227313
25892013,25891910,-0.08699738,-0.65214396,0.040902052
25914458,25914357,-0.10086334,-0.66112363,0.046417978
25931918,25931816,-0.100884184,-0.65256953,0.04761469
25951873,25951770,-0.104178585,-0.65329164,0.0491752
25974320,25974217,-0.111453086,-0.6480572,0.050382223
25994273,25994170,-0.11271425,-0.6418347,0.05164425
26011733,26011629,-0.11095793,-0.6348002,0.051688395
26031687,26031582,-0.11071277,-0.631114,0.052241676
26054221,26054032,-0.11514153,-0.6275899,0.052825242
26071595,26071489,-0.10549389,-0.6290689,0.049907945
26091547,26091442,-0.1084658,-0.636798,0.05429877
26113993,26113889,-0.11161929,-0.65743005,0.057564463
26133944,26133842,-0.11301643,-0.6744317,0.060624287
26151404,26151301,-0.11385648,-0.6970085,0.06427942
26173866,26173749,-0.11735026,-0.73347974,0.06824545
26193802,26193702,-0.12135868,-0.7593613,0.07255081
26211264,26211161,-0.12326297,-0.78421396,0.07590654
26231218,26231114,-0.124762625,-0.8149163,0.07799676
26253716,26253561,-0.12845092,-0.8542884,0.08097965
26273620,26273515,-0.13357201,-0.8790036,0.082219526
26291086,26290974,-0.13649184,-0.8937311,0.083279744
26313524,26313421,-0.14001346,-0.9134643,0.08326378
26333474,26333374,-0.13998832,-0.9316716,0.083416015
26350939,26350833,-0.1327575,-0.94963795,0.08186672
26373383,26373280,-0.14614847,-0.97891986,0.086893916
26393342,26393234,-0.15505207,-0.99686295,0.08895065
26413290,26413187,-0.16411021,-1.0,0.090380885
26430750,26430646,-0.16870166,-1.0,0.0907021
26453234,26453093,-0.17355333,-1.0,0.09054964
26473147,26473047,-0.17746408,-1.0,0.08903019
26490614,26490506,-0.17871255,-1.0,0.08799565
26513071,26512953,-0.18139438,-1.0,0.08576832
26533009,26532906,-0.18930039,-1.0,0.08455414
26555462,26555354,-0.1952691,-1.0,0.085091524
26572926,26572813,-0.1934994,-1.0,0.085306436
26592868,26592766,-0.18855798,-1.0,0.086649746
26612819,26612719,-0.18837707,-1.0,0.088852614
26630291,26630178,-0.1887029,-1.0,0.09060234
26652728,26652625,-0.19019844,-1.0,0.09283554
26672684,26672579,-0.19155297,-1.0,0.092758626
26692640,26692532,-0.19136885,-1.0,0.093237795
26712587,26712485,-0.18782343,-1.0,0.09151855
26732538,26732438,-0.18077536,-1.0,0.08911689
26754987,26754885,-0.1736406,-1.0,0.086095974
26772465,26772344,-0.17005514,-1.0,0.08316536
26792399,26792298,-0.15792668,-1.0,0.07782863
26812353,26812251,-0.1631861,-1.0,0.07821828
26834960,26834698,-0.15115505,-1.0,0.07360562
26852258,26852157,-0.14680599,-0.9863879,0.071863584
26872212,26872110,-0.1494547,-0.95630616,0.07227231
26894662,26894558,-0.14302939,-0.92703015,0.07012189
26912129,26912017,-0.14081283,-0.89851207,0.067918845
26932072,26931970,-0.13841295,-0.871658,0.06617067
26954527,26954417,-0.1333582,-0.84318197,0.06406493
26974474,26974371,-0.119502135,-0.8145777,0.059578273
26991931,26991830,-0.119015485,-0.79351246,0.060497757
27011884,27011783,-0.11259213,-0.7701981,0.059827678
27034431,27034230,-0.11040074,-0.7475329,0.0598217
27051791,27051689,-0.104330935,-0.7261237,0.05958005
27071746,27071642,-0.096398376,-0.704755,0.058181074
27094194,27094090,-0.09097646,-0.68598396,0.05722644
27114146,27114043,-0.08461013,-0.66588104,0.055506658
27131621,27131502,-0.07861381,-0.6420148,0.053825047
27154053,27153949,-0.07571821,-0.60811,0.04996448
27174007,27173903,-0.07537619,-0.568908,0.045394115
27191463,27191362,-0.06608677,-0.5244693,0.038091917
27211423,27211315,-0.07110956,-0.47901973,0.03614027
27233928,27233762,-0.06234026,-0.43540978,0.02792594
27253820,27253715,-0.064653724,-0.39794657,0.024645403
27271290,27271174,-0.07518909,-0.36263952,0.026385766
27293726,27293622,-0.07867173,-0.33790383,0.027499009
27313690,27313575,-0.0863473,-0.31884423,0.029947232
27331135,27331034,-0.09425846,-0.29869616,0.0326857
27351089,27350987,-0.093877696,-0.2835786,0.033627253
27373542,27373435,-0.106259964,-0.26573753,0.04153224
27393500,27393388,-0.11212417,-0.25609535,0.045647293
27410948,27410847,-0.118887685,-0.24040343,0.04899738
27433415,27433294,-0.12537429,-0.23467825,0.052549504
27453350,27453248,-0.12926877,-0.22441496,0.054496743
27470810,27470707,-0.13447897,-0.2134563,0.055590015
27493256,27493154,-0.13432541,-0.2123005,0.05428186
27513210,27513107,-0.14408866,-0.21261466,0.059604805
27533177,27533060,-0.15386413,-0.21347597,0.061781183
27550623,27550520,-0.16301808,-0.21684507,0.064380534
27573069,27572967,-0.17894724,-0.2177931,0.06689492
27593023,27592920,-0.1929548,-0.22576058,0.07046527
27610493,27610379,-0.20682222,-0.22551887,0.07369355
27632930,27632827,-0.22125867,-0.22360907,0.07525576
27652884,27652780,-0.23403378,-0.22154504,0.07711335
27675327,27675227,-0.24975918,-0.21611461,0.07611148
27692788,27692686,-0.25885838,-0.21617562,0.07557959
27712743,27712639,-0.27056447,-0.20675994,0.07323411
27732698,27732593,-0.2801228,-0.19878714,0.07087412
27750157,27750052,-0.28843528,-0.19360153,0.06828442
27772602,27772499,-0.2926886,-0.19004299,0.0616741
27792557,27792452,-0.30926156,-0.18094526,0.063003175
27815153,27814899,-0.3096887,-0.1761748,0.057489827
27832461,27832359,-0.31257015,-0.17519166,0.05675223
27852414,27852312,-0.3253005,-0.17408946,0.05923439
27874863,27874759,-0.3302196,-0.17755373,0.059999034
27892321,27892218,-0.3328071,-0.1758662,0.060032647
27912274,27912172,-0.33670622,-0.17683741,0.060540535
27932242,27932125,-0.3394597,-0.18487366,0.061399035
27954674,27954572,-0.34160963,-0.18455313,0.062128782
27972133,27972031,-0.34184808,-0.18536007,0.062339064
27992089,27991985,-0.34185895,-0.18070799,0.06153567
28014646,28014432,-0.33979446,-0.17974639,0.060524087
28031996,28031891,-0.33094314,-0.17601205,0.05499012
28051949,28051844,-0.33723253,-0.16756913,0.056241438
28074391,28074291,-0.32809708,-0.15829033,0.049738508
28091852,28091750,-0.332037,-0.14803615,0.051381633
28111808,28111704,-0.329162,-0.14750947,0.05043289
28131759,28131657,-0.3253723,-0.14807248,0.050057713
28154207,28154104,-0.32135257,-0.13786884,0.049374856
28171671,28171563,-0.31885928,-0.13696516,0.04969912
28191624,28191517,-0.31573865,-0.13648124,0.050632995
28214137,28213964,-0.30999967,-0.13391262,0.05157642
28234018,28233917,-0.30818963,-0.13113855,0.051875442
28251481,28251376,-0.30545253,-0.12910917,0.052233063
28273928,28273826,-0.29983926,-0.12616889,0.05288235
28293878,28293777,-0.2879964,-0.12428852,0.050371703
28311339,28311236,-0.28427926,-0.11801327,0.050396357
28331294,28331189,-0.28054988,-0.11853051,0.051266707
28353738,28353637,-0.2824945,-0.11390605,0.056113698
28373691,28373590,-0.2788633,-0.11038296,0.056565408
28391151,28391049,-0.27439663,-0.10737852,0.05742746
28413628,28413497,-0.26934162,-0.10091384,0.057641402
28433551,28433449,-0.2654186,-0.10295902,0.058199745
28451012,28450908,-0.26344272,-0.10230228,0.058431495
28473461,28473356,-0.2601032,-0.10239386,0.057975736
28493423,28493310,-0.25752375,-0.10376936,0.0566551
28513366,28513262,-0.2546287,-0.104119286,0.05588091
28530823,28530721,-0.25239396,-0.10201717,0.054536194
28553271,28553169,-0.24771854,-0.111427404,0.053718355
28573222,28573122,-0.24452817,-0.111310095,0.052987732
28590699,28590582,-0.2430572,-0.1136028,0.052525114
28613130,28613028,-0.23874898,-0.11887868,0.052510083
28633097,28632982,-0.2350247,-0.11934024,0.05226778
28655537,28655429,-0.23132168,-0.12445652,0.052564472
28672992,28672888,-0.22799537,-0.12831554,0.052742198
28692944,28692842,-0.22338541,-0.13187602,0.05230561
28712898,28712795,-0.21783476,-0.13301915,0.051159322
28730358,28730254,-0.21414557,-0.13163322,0.050516844
28752803,28752701,-0.20721896,-0.13234645,0.049548537
28772755,28772654,-0.19405833,-0.12675768,0.044698402
28795366,28795103,-0.1946814,-0.12488008,0.04744092
28812662,28812561,-0.18427044,-0.1218346,0.04361656
28832619,28832514,-0.18617715,-0.113980904,0.046307173
28852568,28852467,-0.17928854,-0.114631586,0.045886792
28872526,28872421,-0.1754729,-0.115215726,0.045010254
28892493,28892374,-0.1695508,-0.110161126,0.044156987
28912427,28912327,-0.1613633,-0.10903363,0.043322403
28934876,28934774,-0.15358967,-0.10663536,0.04278461
28952334,28952233,-0.14655934,-0.102217056,0.0421553
28972287,28972187,-0.14132465,-0.09855737,0.04248551
28994857,28994634,-0.12939867,-0.09290231,0.04182218
29012194,29012093,-0.11997805,-0.08816255,0.042640153
29032203,29032046,-0.11083771,-0.08391325,0.04275985
29052101,29052000,-0.09265048,-0.07623589,0.038870547
29074550,29074447,-0.08432395,-0.058993082,0.04305121
29092007,29091906,-0.07158008,-0.05231142,0.04328023
29111961,29111859,-0.05909864,-0.039577525,0.044427175
29134409,29134307,-0.04188411,-0.023102513,0.044729155
29151877,29151766,-0.0319044,-0.0031669468,0.045680277
29171820,29171719,-0.025053943,0.018107204,0.04627083
29194348,29194166,-0.013274635,0.042020533,0.045908816
29214225,29214120,-0.0027361244,0.06974689,0.044560075
29231680,29231579,0.0076024993,0.0958715,0.044294477
29251636,29251532,0.021840408,0.12197411,0.03559028
29274084,29273980,0.034865126,0.138316,0.029933743
29291541,29291439,0.040755045,0.15375896,0.030259682
29311495,29311392,0.04120162,0.16728206,0.031749923
29333942,29333839,0.043680165,0.16511467,0.03278851
29353897,29353793,0.046119466,0.16262594,0.033524696
29371354,29371252,0.04945568,0.16192663,0.038040936
29393844,29393699,0.04099332,0.15315966,0.034775417
29413759,29413652,0.04114848,0.14839634,0.034407914
29431215,29431112,0.035454325,0.1451924,0.033976402
29451168,29451065,0.02723341,0.13953684,0.03373286
29473616,29473512,0.021886181,0.1334271,0.03236003
29493569,29493465,0.017128354,0.12788945,0.03075821
29511025,29510925,0.010062698,0.11871401,0.029725987
29533473,29533372,0.0012804478,0.11755651,0.027269866
29553428,29553325,-0.0053259716,0.10502928,0.025306799
29570887,29570784,-0.014161995,0.10631011,0.023594707
29593400,29593232,-0.026005981,0.10142066,0.025012655
29613288,29613185,-0.03545091,0.098048076,0.030322198
29633243,29633138,-0.043448362,0.09470157,0.034448594
29650702,29650597,-0.050178006,0.09980031,0.03421761
29673148,29673045,-0.053936824,0.10865246,0.034416378
29693102,29692998,-0.053615525,0.12200266,0.03025557
29710560,29710457,-0.064453386,0.13879603,0.034295797
29733006,29732904,-0.06700385,0.16241623,0.0351273
29752961,29752859,-0.06613199,0.18717852,0.03530983
29775586,29775307,-0.061866317,0.21613528,0.03708607
29792867,29792764,-0.06207176,0.23708397,0.03804394
29812821,29812717,-0.063747644,0.26642323,0.03952173
29832773,29832671,-0.058646522,0.29195768,0.037558313
29850232,29850130,-0.061931465,0.31272757,0.041697882
29872681,29872577,-0.061421677,0.335998,0.043190535
29892635,29892530,-0.060350187,0.35750437,0.044088535
29915090,29914978,-0.057763897,0.38666907,0.04404265
29932539,29932437,-0.056652438,0.3994118,0.043821543
29952493,29952390,-0.058104064,0.40732968,0.042396408
29975074,29974838,-0.061538305,0.42540088,0.039498765
29992468,29992297,-0.06318653,0.4292256,0.036770936
30012354,30012250,-0.06601012,0.4337941,0.03320882
30032308,30032203,-0.06890059,0.4397478,0.029211842
30054753,30054651,-0.07288268,0.43701255,0.023866177
30072222,30072110,-0.07760374,0.43060917,0.019930087
30092168,30092063,-0.08276195,0.4188707,0.015498609
30114612,30114510,-0.0846218,0.41128385,0.0074036373
30132073,30131970,-0.0872085,0.40334958,0.004929646
30152029,30151923,-0.09867204,0.3931363,0.00666335
30174577,30174370,-0.10390663,0.3842074,0.0056121848
30194427,30194324,-0.109610155,0.3719856,0.004693467
30211886,30211783,-0.11517937,0.3743637,0.0047302865
30231838,30231736,-0.119734935,0.37044665,0.0050034258
30254301,30254183,-0.12585114,0.35966784,0.004999282
30271745,30271643,-0.12679441,0.35242352,0.005610334
30291698,30291596,-0.13053915,0.34243652,0.007314616
30314151,30314043,-0.13564701,0.32359302,0.009374969
30334098,30333997,-0.13814764,0.303636,0.011304282
30351560,30351456,-0.1407092,0.2833827,0.011933164
30374055,30373903,-0.15134059,0.25031668,0.014694385
30393995,30393857,-0.16001199,0.21879956,0.015313405
30411420,30411316,-0.161011,0.19532652,0.015233125
30431372,30431269,-0.16241956,0.17545266,0.014288018
30453816,30453716,-0.17879277,0.1532665,0.0065880856
30473770,30473669,-0.19776686,0.13709815,0.00069949566
30491232,30491129,-0.21369144,0.13144495,-0.004034598
30513676,30513576,-0.23154147,0.11345255,-0.016829308
30533633,30533529,-0.24844268,0.11418801,-0.022873648
30551108,30550988,-0.23454462,0.15563276,-0.02411626
30573546,30573437,-0.2105428,0.27980596,-0.022216335
30593492,30593389,-0.15623206,0.4478076,-0.016749654
30613445,30613342,-0.16705525,0.5839077,-0.008977788
30630904,30630801,-0.20771195,0.68607384,-0.0004093943
30653351,30653249,-0.22174549,0.7855522,0.0070510153
30673305,30673202,-0.18035692,0.8362887,0.014453786
30690771,30690662,-0.15971799,0.8501086,0.024586815
30713209,30713109,-0.17242026,0.8569819,0.036664717
30733162,30733062,-0.19337447,0.84222764,0.04197458
30753125,30753015,-0.19822724,0.8162748,0.04870454
30770581,30770474,-0.18894458,0.7912334,0.051208735
30793023,30792922,-0.13301978,0.76702285,0.048845693
30812978,30812875,-0.11004731,0.755117,0.042523306
30830437,30830334,-0.12282271,0.7412662,0.03528653
30852881,30852782,-0.117710665,0.73971933,0.023693211
30872835,30872735,-0.12555104,0.7409324,0.011735491
30895284,30895182,-0.13854054,0.7489207,0.002850452
30912743,30912642,-0.14570354,0.7468082,-0.0048714723
30932697,30932595,-0.14614019,0.74493974,-0.009312873
30952863,30952550,-0.1611854,0.7304233,-0.012476671
30972606,30972501,-0.16755179,0.71873206,-0.015471732
30992564,30992454,-0.16537286,0.6992017,-0.019137584
31012510,31012408,-0.17467247,0.6722675,-0.020478008
31034958,31034855,-0.17706393,0.62771416,-0.023951156
31052416,31052314,-0.17879066,0.59271383,-0.026731571
31072369,31072268,-0.18183337,0.542979,-0.02867886
31094825,31094715,-0.1849016,0.49037242,-0.031006994
31112274,31112174,-0.18381995,0.43775532,-0.030259993
31132230,31132128,-0.18621193,0.39288566,-0.029759055
31152310,31152081,-0.18684225,0.3498597,-0.027515955
31174638,31174528,-0.1880257,0.31402358,-0.023615772
31192088,31191987,-0.18994054,0.28334054,-0.019536983
31212042,31211941,-0.19075288,0.2557493,-0.0142220035
31234490,31234388,-0.18957624,0.23424216,-0.00966652
31251947,31251847,-0.18508431,0.21375574,-0.004314023
31271901,31271801,-0.18276827,0.19742344,0.0010168849
31294351,31294248,-0.17648743,0.18155411,0.0040828465
31314305,31314201,-0.17893556,0.17392623,0.012873367
31331763,31331660,-0.17308302,0.16907908,0.017325975
31351821,31351615,-0.16187295,0.16485105,0.018259304
31374164,31374061,-0.15490869,0.17215598,0.024060648
31391626,31391520,-0.1545113,0.17731935,0.033054043
31411576,31411473,-0.15189292,0.1831603,0.037221074
31434024,31433921,-0.14320387,0.1856001,0.04171787
31453979,31453874,-0.13360423,0.18579237,0.04389372
31471435,31471333,-0.11968419,0.18546054,0.045887988
31493883,31493781,-0.09967368,0.1752513,0.046645936
31513840,31513734,-0.07421145,0.16735432,0.045959186
31531295,31531193,-0.045533355,0.15893893,0.046027586
31551292,31551147,-0.01618818,0.1525568,0.04463306
31573701,31573594,0.017851308,0.14861913,0.043013908
31593652,31593547,0.05715462,0.1557926,0.04120978
31611108,31611006,0.09828148,0.1633294,0.02379097
31633556,31633454,0.13662006,0.18143247,0.021262454
31653512,31653407,0.17759313,0.20239854,0.01747245
31670984,31670866,0.21993098,0.22327018,0.0144173745
31693416,31693314,0.26228625,0.24943568,0.01002616
31713372,31713267,0.30577418,0.27202567,0.007609541
31733331,31733220,0.3462516,0.29350185,0.0070179864
31750795,31750680,0.38503185,0.30896348,0.0073215924
31773229,31773127,0.425578,0.31278035,0.012612106
31793183,31793080,0.45525107,0.32400355,0.011676405
31810688,31810539,0.4943301,0.3333603,0.015371769
31833087,31832987,0.528661,0.33780825,0.020848783
31853043,31852940,0.5616698,0.34446412,0.027163224
31875506,31875387,0.60505456,0.34869015,0.038281254
31892954,31892847,0.6234451,0.35475764,0.03941039
31912922,31912800,0.6508152,0.35992298,0.04626425
31932866,31932753,0.67915684,0.36766276,0.05287463
31950341,31950212,0.7046953,0.37541464,0.058589075
31972769,31972660,0.7263414,0.38876343,0.065348595
31992720,31992613,0.7519904,0.3940003,0.0750823
32015172,32015061,0.77310914,0.40158406,0.07717425
32032627,32032520,0.786851,0.4047706,0.081428036
32052577,32052473,0.8065109,0.4105388,0.086536594
32075043,32074921,0.8254666,0.41696617,0.09311638
32092481,32092380,0.83572364,0.41681567,0.09684161
32112435,32112333,0.8493415,0.41140288,0.10032889
32132527,32132286,0.8653696,0.41209224,0.10487013
32154837,32154734,0.88751364,0.40830612,0.110059775
32172303,32172193,0.8980566,0.40288332,0.11174578
32192249,32192146,0.91049796,0.40047494,0.11456095
32214705,32214594,0.9262094,0.40422878,0.118358515
32232155,32232053,0.93321043,0.3991785,0.1191805
32252109,32252006,0.942559,0.39662617,0.12080206
32274557,32274454,0.94993865,0.39735326,0.12350781
32292036,32291913,0.951621,0.3949358,0.124726444
32311972,32311866,0.9528652,0.39359853,0.12569025
32332038,32331819,0.9521063,0.39241824,0.12691754
32354367,32354267,0.9520872,0.39057818,0.12801339
32371829,32371726,0.95025396,0.38947228,0.1279576
32391783,32391679,0.94775295,0.38915086,0.12804495
32414231,32414127,0.9435168,0.39316583,0.12901203
32434183,32434080,0.93895006,0.39078352,0.12831682
32451647,32451539,0.9361947,0.3918371,0.12817322
32471611,32471492,0.93284106,0.39510167,0.12940587
32494042,32493940,0.9256314,0.40013456,0.12958819
32511501,32511399,0.91878897,0.4047871,0.13045485
32531511,32531352,0.91060853,0.4132286,0.1319012
32553903,32553800,0.8997867,0.42257735,0.13173896
32573860,32573753,0.88732797,0.43162185,0.13172679
32591316,32591212,0.874424,0.44012412,0.13150704
32613760,32613660,0.86266464,0.4518775,0.1352259
32633716,32633613,0.84567165,0.46261662,0.13116115
32651175,32651072,0.8335594,0.46452224,0.13108
32671128,32671026,0.8139971,0.47380152,0.1318598
32693574,32693473,0.7873363,0.48832694,0.13550045
32713539,32713426,0.7618574,0.49978408,0.13750774
32731007,32730885,0.74354684,0.5064932,0.13911362
32753435,32753333,0.7205119,0.5216408,0.14444377
32773386,32773286,0.68274456,0.5375619,0.14154376
32790848,32790745,0.65979797,0.55109394,0.14244102
32813295,32813193,0.6259336,0.57018524,0.14051649
32833247,32833146,0.597401,0.5819897,0.13996379
32853204,32853099,0.5589046,0.595776,0.1384124
32870664,32870559,0.5321221,0.59952116,0.13471644
32893110,32893006,0.49082577,0.6140724,0.13043208
32913068,32912959,0.45483017,0.6229426,0.12527902
32930521,32930418,0.42795885,0.6300035,0.121390186
32952968,32952866,0.38704506,0.6382878,0.11475102
32972921,32972819,0.3506457,0.6467031,0.110092685
32995369,32995267,0.31205535,0.6489672,0.10386227
33012828,33012726,0.27714497,0.65581185,0.09828612
33032830,33032681,0.24261166,0.6542412,0.0926975
33052734,33052632,0.20877922,0.6544765,0.08746884
33070200,33070092,0.18615708,0.6515415,0.08419185
33092645,33092539,0.15200207,0.6484524,0.07963977
33112745,33112492,0.12151767,0.6434384,0.07699103
33135046,33134940,0.093498886,0.6266427,0.07410379
33152500,33152399,0.06946192,0.6280093,0.07163092
33172453,33172352,0.055397525,0.61408794,0.07197541
33194903,33194800,0.036381375,0.6118956,0.06570001
33212360,33212259,0.02059105,0.60517246,0.067174464
33232313,33232212,-0.00025063552,0.6070255,0.059835076
33252270,33252166,-0.011050239,0.6107315,0.055838436
33274719,33274613,-0.025711657,0.61324096,0.051512476
33292174,33292072,-0.039615914,0.62121594,0.051994268
33312237,33312025,-0.06381259,0.6295029,0.052453615
33334576,33334473,-0.07934478,0.63805944,0.05374115
33352035,33351932,-0.093980104,0.6396313,0.049262308
33371989,33371886,-0.10690116,0.64276874,0.044780545
33394440,33394333,-0.12055634,0.6444253,0.039269034
33414404,33414287,-0.13004526,0.64525247,0.03350755
33431886,33431745,-0.13951443,0.64482474,0.027801102
33451800,33451699,-0.14443055,0.6473501,0.020803148
33474249,33474146,-0.14400055,0.6423128,0.013950305
33491708,33491605,-0.14621156,0.64070827,0.008991671
33511732,33511559,-0.15024605,0.63897055,0.004733451
33534110,33534006,-0.15366648,0.6379921,0.0008506615
33554067,33553960,-0.15903005,0.64035445,-0.0021564055
33571519,33571419,-0.1662595,0.6434808,-0.0047964137
33593974,33593866,-0.17347449,0.64892644,-0.012696829
33613926,33613820,-0.19153996,0.65533376,-0.012431861
33631381,33631279,-0.20601374,0.6674023,-0.016186772
33651335,33651232,-0.22029327,0.6782756,-0.019661216
33673784,33673679,-0.24218315,0.6884357,-0.02301933
33693753,33693633,-0.26435444,0.6995323,-0.025638217
33711222,33711094,-0.28092358,0.7081518,-0.031565417
33733644,33733539,-0.3110129,0.7163472,-0.030006673
33753595,33753493,-0.3354432,0.7195694,-0.030281944
33771058,33770952,-0.36267638,0.7299741,-0.03290813
33793510,33793399,-0.38852617,0.7360923,-0.034051355
33813456,33813353,-0.41326496,0.74199665,-0.03509667
33833409,33833306,-0.4395153,0.744295,-0.0368391
33850867,33850765,-0.46459258,0.74494,-0.03805753
33873325,33873213,-0.4858617,0.7541695,-0.039883018
33893277,33893166,-0.50638497,0.74582475,-0.039519362
33910731,33910625,-0.5336717,0.74803483,-0.041232556
33933179,33933073,-0.5628855,0.7466453,-0.041909464
33953132,33953026,-0.58638877,0.73550665,-0.0427487
33973083,33972979,-0.6096617,0.73216945,-0.045593195
33993041,33992933,-0.6358019,0.7261326,-0.049282473
34012989,34012886,-0.6585514,0.7188057,-0.054223016
34032942,34032839,-0.6777036,0.71549886,-0.05980758
34050400,34050299,-0.69848305,0.7147508,-0.06569305
34072872,34072746,-0.71711886,0.71371335,-0.071206436
34092968,34092699,-0.7384858,0.7107447,-0.07662401
34115248,34115147,-0.76458526,0.70442486,-0.08181061
34132710,34132606,-0.7774543,0.7011433,-0.085151136
34152661,34152559,-0.7964337,0.6990238,-0.089184724
34172618,34172513,-0.81810683,0.6898819,-0.09154199
34190075,34189972,-0.83807504,0.68634987,-0.094159335
34212523,34212419,-0.8526597,0.6712151,-0.09819993
34232478,34232373,-0.8732483,0.6600856,-0.09961541
34254980,34254820,-0.90180045,0.65483415,-0.096843146
34272380,34272279,-0.9146914,0.65013695,-0.0972096
34292457,34292233,-0.93049973,0.6430472,-0.097875945
34314781,34314680,-0.94576603,0.6338602,-0.09774292
34332242,34332139,-0.95275897,0.62890035,-0.09725962
34352197,34352093,-0.96256125,0.6194043,-0.09459388
34372150,34372046,-0.97272605,0.6191572,-0.093826994
34394593,34394494,-0.98431695,0.6124663,-0.09303291
34412056,34411953,-0.992057,0.6119602,-0.09274301
34432010,34431906,-0.9982564,0.61171067,-0.094254985
34454456,34454353,-1.0,0.60469174,-0.09525695
34471916,34471813,-0.9991324,0.6010795,-0.09963882
34491948,34491766,-1.0,0.59370726,-0.10051308
34514319,34514214,-1.0,0.59220177,-0.10220351
34534269,34534167,-1.0,0.5865403,-0.10329571
34551728,34551626,-1.0,0.59216267,-0.101982996
34571683,34571579,-1.0,0.58906096,-0.10812484
34594129,34594027,-1.0,0.5863539,-0.10606159
34611588,34611486,-1.0,0.58952636,-0.10845131
34631544,34631439,-1.0,0.5992559,-0.113604724
34654005,34653887,-1.0,0.5988974,-0.11683051
34673952,34673840,-1.0,0.59765077,-0.11812735
34691441,34691299,-1.0,0.59856665,-0.11906985
34713852,34713747,-1.0,0.6006093,-0.11934757
34733801,34733700,-1.0,0.6052262,-0.12046403
34751265,34751159,-1.0,0.605577,-0.11948472
34771217,34771113,-1.0,0.60475653,-0.12230844
34793661,34793560,-1.0,0.6072428,-0.117552094
34813617,34813514,-1.0,0.60955364,-0.121163
34831076,34830973,-1.0,0.6109992,-0.12112372
34853521,34853420,-1.0,0.6120659,-0.116434045
34873495,34873373,-1.0,0.612289,-0.117298625
34890937,34890833,-1.0,0.6108497,-0.117983826
34913382,34913280,-1.0,0.60418427,-0.122176185
34933334,34933234,-1.0,0.6007776,-0.11863912
34953287,34953187,-1.0,0.59835273,-0.118109845
34970753,34970646,-0.99213916,0.58801824,-0.12033995
34993197,34993094,-0.98294264,0.5786548,-0.11221031
35013150,35013047,-0.9700063,0.56688553,-0.107822165
35030615,35030506,-0.96233803,0.55941445,-0.10414404
35053055,35052954,-0.94664174,0.54761803,-0.1013547
35073018,35072907,-0.93798846,0.54327077,-0.09228703
35095464,35095355,-0.92271006,0.54691947,-0.09022695
35112913,35112814,-0.90982324,0.5495604,-0.08820288
35132867,35132767,-0.89610577,0.56018776,-0.08863352
35152825,35152721,-0.8785048,0.5712754,-0.089426614
35170283,35170180,-0.865171,0.58382183,-0.09200454
35192728,35192627,-0.84615415,0.60573643,-0.09573355
35212703,35212580,-0.82965887,0.6181325,-0.09813309
35235130,35235028,-0.81101906,0.64063096,-0.103267536
35252587,35252487,-0.793634,0.6592025,-0.10584714
35272694,35272440,-0.7772865,0.68150264,-0.10907447
35294991,35294888,-0.7633773,0.70125437,-0.11194926
35312455,35312347,-0.74749863,0.7205134,-0.11467647
35332404,35332300,-0.72721803,0.7385651,-0.117798865
35352395,35352254,-0.7046277,0.7492294,-0.12327497
35374804,35374701,-0.686518,0.76001114,-0.12538913
35392262,35392160,-0.6728847,0.7785169,-0.1237904
35412215,35412114,-0.65483725,0.7819203,-0.12316568
35434669,35434561,-0.63446,0.78914016,-0.12223732
35452121,35452021,-0.61611956,0.78859955,-0.1190357
35472170,35471974,-0.5990796,0.78494,-0.11433948
35494529,35494421,-0.58185434,0.7841635,-0.10976277
35514478,35514375,-0.565372,0.78303266,-0.104162745
35531939,35531834,-0.54569334,0.78020084,-0.10308546
35551890,35551787,-0.52953905,0.7727324,-0.09743013
35574339,35574235,-0.5135298,0.7710801,-0.09180278
35591803,35591694,-0.505153,0.77217495,-0.083054245
35611753,35611647,-0.49378157,0.76808554,-0.07748437
35634197,35634095,-0.47831836,0.76230717,-0.075820945
35654164,35654048,-0.47552037,0.7563324,-0.06666255
35671682,35671507,-0.46789724,0.7520492,-0.06177254
35694067,35693955,-0.46115267,0.74633944,-0.058009077
35714014,35713909,-0.45442352,0.7376904,-0.05442966
35731469,35731368,-0.44543847,0.7318196,-0.0512599
35751477,35751321,-0.44361132,0.71865433,-0.04713424
35773872,35773768,-0.4405348,0.7068578,-0.043892767
35793827,35793722,-0.437807,0.69354236,-0.040083487
35811282,35811181,-0.43717802,0.6780914,-0.036364518
35833732,35833629,-0.43546358,0.6630004,-0.031780493
35853691,35853582,-0.43092343,0.63890123,-0.027445722
35871153,35871041,-0.42475605,0.623174,-0.023924537
35893592,35893489,-0.42350072,0.60301375,-0.019975405
35913545,35913442,-0.42291254,0.5829876,-0.016752401
35933500,35933395,-0.4208819,0.54901546,-0.012512571
35950957,35950855,-0.41465265,0.5273428,-0.010911193
35973407,35973302,-0.4059666,0.4931359,-0.007566201
35993359,35993256,-0.4011263,0.47125968,-0.0047437013
36010819,36010715,-0.38858968,0.44823417,-0.0022706683
36033264,36033162,-0.37289056,0.44263104,0.001386559
36053229,36053116,-0.35801703,0.4514988,0.0009493229
36075669,36075565,-0.35306576,0.47614017,0.009850218
36090636,36090528,-0.3485115,0.5044414,0.01168716
36113079,36112976,-0.33534405,0.5523748,0.009067479
36133031,36132929,-0.33701903,0.59502536,0.0144193955
36150504,36150388,-0.33508405,0.6269725,0.013575859
36172937,36172836,-0.32971704,0.65044963,0.013459563
36192891,36192789,-0.32798213,0.6569285,0.013193428
36215339,36215237,-0.32941416,0.64931643,0.015383207
36232808,36232696,-0.33537456,0.62674415,0.016891005
36252897,36252649,-0.3454928,0.6028119,0.018415725
36272709,36272603,-0.3613613,0.5687481,0.021578252
36290166,36290062,-0.38243854,0.5362412,0.023983257
36312671,36312510,-0.40397006,0.4993497,0.025159681
36332565,36332463,-0.4229893,0.47418088,0.022157403
36355011,36354910,-0.43647978,0.44451597,0.016255492
36372471,36372370,-0.43527552,0.4193911,0.011808726
36392426,36392323,-0.4274493,0.3881243,0.008948676
36414873,36414770,-0.42332578,0.34006524,0.010008675
36432332,36432230,-0.4211082,0.31404248,0.012699969
36452400,36452183,-0.4241817,0.27951622,0.017593116
36474734,36474631,-0.41768104,0.24715967,0.025595112
36494688,36494584,-0.40215564,0.23231238,0.030368563
36512154,36512043,-0.3921579,0.2334431,0.03234138
36532102,36531997,-0.37065417,0.24222311,0.034395233
36554548,36554444,-0.33633393,0.27632403,0.032890946
36572007,36571903,-0.31370077,0.3216258,0.025798948
36591958,36591857,-0.29902136,0.37187457,0.025523
36614414,36614304,-0.27347767,0.41586086,0.020595325
36631868,36631763,-0.25206816,0.42773277,0.013740663
36651884,36651717,-0.23926233,0.43701226,0.016893676
36671775,36671670,-0.2233471,0.4465379,0.016489683
36694219,36694118,-0.19517298,0.4420949,0.01664919
36711697,36711577,-0.18214235,0.43442988,0.017596178
36731636,36731530,-0.17443882,0.41844055,0.018409584
36754079,36753978,-0.16104926,0.4179404,0.016138664
36774033,36773931,-0.1568587,0.4064494,0.012317025
36791494,36791390,-0.16114867,0.39802176,0.00851113
36813944,36813839,-0.17586166,0.38442227,0.0015046732
36833904,36833791,-0.18441007,0.37333965,-0.004962075
36851443,36851251,-0.181518,0.36418885,-0.012118517
36871306,36871204,-0.17889062,0.35000604,-0.020363702
36893753,36893651,-0.1829082,0.33639655,-0.027369494
36913710,36913605,-0.18912493,0.32759237,-0.03315023
36931168,36931064,-0.19363704,0.32390422,-0.03700856
36953617,36953512,-0.20161995,0.31782526,-0.03924983
36973569,36973465,-0.21113837,0.30835828,-0.039535157
36991026,36990924,-0.20870723,0.30963907,-0.04181918
37013477,37013372,-0.21890433,0.30481282,-0.034153875
37033435,37033325,-0.2206836,0.30866328,-0.029780596
37053380,37053279,-0.2178076,0.3129253,-0.02799347
37070842,37070738,-0.22991587,0.31189132,-0.018056864
37093286,37093185,-0.23710266,0.31641173,-0.010984228
37113256,37113139,-0.23978993,0.3261629,-0.0054904358
37130701,37130598,-0.2418003,0.33213067,-0.0019122885
37153146,37153046,-0.2449475,0.34766096,0.0012684675
37173101,37172999,-0.24625872,0.36433005,0.003264929
37195561,37195446,-0.24490954,0.38599703,0.003228289
37213008,37212906,-0.24228193,0.40524414,0.002416139
37233138,37232859,-0.24055155,0.4342401,0.0018045952
37252916,37252812,-0.24032761,0.4655958,0.0011261402
37272869,37272766,-0.23802742,0.49574256,0.0011683775
37292822,37292719,-0.23608863,0.51562834,0.002392413
37312778,37312673,-0.2392368,0.53614426,0.0048483163
37335223,37335120,-0.24220923,0.5563445,0.0028498403
37352682,37352579,-0.2516743,0.5698813,0.004133089
37372638,37372533,-0.26049483,0.57787436,0.0054626144
37392592,37392486,-0.27153137,0.58627576,0.0061927964
37412541,37412440,-0.2879908,0.60005826,0.010561147
37432608,37432393,-0.2998803,0.6087924,0.011166503
37452447,37452346,-0.30910313,0.61614865,0.010964881
37474899,37474794,-0.32003817,0.62774,0.010755555
37492354,37492253,-0.3230491,0.63775283,0.0064257924
37512310,37512206,-0.3340498,0.6422334,0.011242707
37534762,37534654,-0.32801083,0.6412593,0.013100309
37552214,37552113,-0.32343733,0.6357537,0.014409637
37572180,37572067,-0.32728264,0.6211742,0.016900219
37592122,37592020,-0.35124198,0.60006416,0.019384308
37614571,37614468,-0.3673864,0.56062615,0.019430678
37632104,37631927,-0.3809808,0.5274468,0.024329413
37651982,37651880,-0.40411538,0.47717857,0.024406549
37674445,37674328,-0.43381977,0.44801214,0.019848099
37691888,37691787,-0.4510747,0.42469457,0.0078120157
37711842,37711740,-0.4741858,0.4320097,0.00018452313
37734291,37734188,-0.4614076,0.4907372,-0.013468215
37754246,37754141,-0.4614295,0.57899725,-0.026114315
37771707,37771601,-0.4669468,0.6817645,-0.03697973
37791658,37791554,-0.49857023,0.78201157,-0.049868137
37814113,37814002,-0.49401134,0.8737065,-0.060552545
37831596,37831461,-0.46694803,0.93043953,-0.06771979
37851515,37851414,-0.4470678,0.96779096,-0.066916086
37873970,37873862,-0.4405097,0.9834051,-0.060667902
37893924,37893815,-0.44334814,0.98217636,-0.054686397
37911375,37911274,-0.43531865,0.96944976,-0.045822438
37933830,37933722,-0.43835396,0.929879,-0.034224972
37953777,37953675,-0.44824392,0.8887103,-0.025587894
37971236,37971135,-0.4469298,0.84986335,-0.02449463
37991190,37991088,-0.46152323,0.8066503,-0.01896836
38013648,38013536,-0.46539962,0.77174693,-0.02139196
38033594,38033491,-0.46821365,0.7459385,-0.0266995
38051053,38050949,-0.46858191,0.7164503,-0.0314105
38073519,38073396,-0.46397233,0.69309235,-0.041013863
38093450,38093349,-0.47036472,0.6689148,-0.04530584
38110910,38110808,-0.47939792,0.65149266,-0.04354425
38133357,38133256,-0.48401484,0.63207245,-0.045668617
38153322,38153209,-0.4839813,0.6179378,-0.052720405
38173267,38173163,-0.4926069,0.6040161,-0.04993498
38190726,38190622,-0.49332225,0.6031215,-0.051428735
38213343,38213069,-0.48347563,0.60015357,-0.051999133
38233126,38233023,-0.47362968,0.60212666,-0.050869398
38250586,38250482,-0.46630114,0.6098568,-0.048284557
38273033,38272930,-0.46011958,0.61220443,-0.043078825
38292987,38292883,-0.45077845,0.6140682,-0.038888693
38315437,38315331,-0.43944496,0.61301506,-0.033839345
38332893,38332790,-0.42949045,0.6103257,-0.030513361
38352845,38352743,-0.41753858,0.60954446,-0.028079115
38372799,38372697,-0.40216944,0.6181519,-0.030080762
38390258,38390156,-0.39632377,0.6307002,-0.025296211
38412832,38412603,-0.3863424,0.65123016,-0.025290601
38432659,38432557,-0.37618956,0.66963536,-0.030050479
38455110,38455004,-0.36527392,0.69533587,-0.03164305
38472583,38472464,-0.3604897,0.70186436,-0.02824634
38492519,38492417,-0.3494952,0.71345806,-0.029312186
38514968,38514865,-0.33738077,0.71520334,-0.027291985
38532425,38532324,-0.32922578,0.71887887,-0.027212491
38552380,38552277,-0.31955904,0.7162576,-0.025571162
38572334,38572231,-0.31497216,0.71714526,-0.025994075
38594781,38594678,-0.30487734,0.7213251,-0.028323373
38612330,38612137,-0.29841283,0.72268844,-0.031080088
38632196,38632091,-0.28749916,0.72346926,-0.03319151
38654641,38654538,-0.27329886,0.733644,-0.03571911
38672101,38671998,-0.2669263,0.7399656,-0.037391145
38692054,38691951,-0.25655395,0.74711347,-0.036770377
38714501,38714399,-0.24497014,0.7540194,-0.035584293
38734455,38734352,-0.23796715,0.7604406,-0.03259242
38751915,38751811,-0.2328206,0.76270974,-0.030109687
38771950,38771765,-0.22664097,0.7649787,-0.025829729
38794326,38794212,-0.21976465,0.765735,-0.021879392
38811817,38811671,-0.21471396,0.7635412,-0.018595228
38831729,38831625,-0.20959118,0.7626638,-0.014872803
38854175,38854073,-0.19474573,0.75272995,-0.013687109
38874129,38874026,-0.19283463,0.7480205,-0.0048712925
38891588,38891485,-0.19187082,0.7391386,1.664788e-05
38914040,38913933,-0.18234883,0.71787983,0.0035874094
38933988,38933886,-0.18227592,0.7039578,0.012952689
38951448,38951346,-0.18151279,0.69286555,0.016618503
38971402,38971299,-0.17689745,0.6816134,0.015331067
38993859,38993747,-0.18044515,0.66683716,0.021522088
39013802,39013700,-0.17484438,0.6516973,0.022699723
39031277,39031159,-0.17227554,0.63673955,0.024169024
39053708,39053607,-0.17426799,0.60925907,0.026186045
39073662,39073560,-0.1793455,0.5814811,0.02710601
39091123,39091020,-0.18005157,0.56123036,0.026537824
39113570,39113467,-0.1747435,0.5370081,0.024499746
39133520,39133420,-0.16797191,0.5175904,0.019946361
39153491,39153374,-0.17395237,0.5042981,0.022782646
39170952,39170833,-0.17374639,0.49804613,0.02141168
39193391,39193281,-0.169181,0.49396783,0.020145329
39213339,39213234,-0.16541998,0.4967642,0.019314872
39230796,39230693,-0.16817579,0.49541983,0.01761872
39253243,39253141,-0.16942981,0.5006986,0.014455684
39273198,39273094,-0.1768317,0.50127393,0.010207385
39293151,39293048,-0.18196166,0.49035117,0.006987499
39310613,39310507,-0.18516743,0.477348,0.004163909
39333056,39332955,-0.1879466,0.45276302,0.0021053862
39353010,39352908,-0.1929708,0.42852658,0.0014993736
39370474,39370367,-0.19941534,0.40202513,0.0026771533
39393057,39392815,-0.21280424,0.36990133,0.004081154
39412871,39412768,-0.22082025,0.34748137,0.0016237994
39435335,39435216,-0.24165687,0.31854632,0.00765321
39452775,39452675,-0.25292665,0.3054272,0.008249687
39472732,39472629,-0.26390183,0.29634747,0.008454481
39492684,39492582,-0.28088483,0.29658318,0.0072063184
39510155,39510041,-0.29506436,0.31116474,0.005223959
39532589,39532489,-0.3064281,0.3335904,0.00058324216
39552545,39552442,-0.30304903,0.35600284,-0.0032435292
39575035,39574890,-0.29630685,0.3830397,-0.009400941
39592550,39592349,-0.30074608,0.39622054,-0.005224684
39612405,39612302,-0.3000082,0.40716353,-0.004076729
39634858,39634750,-0.3119601,0.40991533,-0.0016466842
39652310,39652209,-0.33309284,0.4152721,-0.0022711807
39672264,39672163,-0.34564084,0.41085047,-0.004635821
39692220,39692116,-0.34928176,0.39957052,-0.005375092
39714668,39714564,-0.3497687,0.3888438,-0.006991301
39732150,39732023,-0.3486735,0.3842728,-0.0066993623
39752077,39751977,-0.35526827,0.3836175,-0.006230095
39774526,39774424,-0.36780858,0.39117622,-0.007019001
39792040,39791883,-0.3748532,0.39281413,-0.0054873186
39811938,39811837,-0.37853432,0.4022928,-0.0061236187
39834388,39834284,-0.37389272,0.42106712,-0.0068288557
39854343,39854238,-0.36816698,0.44316262,-0.007827055
39871808,39871699,-0.36407486,0.46461612,-0.009134197
39891751,39891650,-0.36129802,0.49141127,-0.010582369
39914202,39914098,-0.35985488,0.5190652,-0.011462437
39931658,39931557,-0.35390308,0.5396962,-0.016522206
39951612,39951511,-0.3535183,0.55248564,-0.01194993
39974072,39973958,-0.34656492,0.5652503,-0.014891182
39994015,39993912,-0.34907356,0.5718923,-0.010019253
40011473,40011371,-0.34856173,0.5760895,-0.009131339
40033937,40033819,-0.35172415,0.56788915,-0.0073930672
40053875,40053772,-0.3554862,0.55509526,-0.0059761717
40071334,40071231,-0.35561115,0.5397863,-0.004518954
40091288,40091185,-0.3537943,0.5202011,-0.0033137698
40113734,40113632,-0.35355103,0.49942526,-0.0006932332
40133703,40133586,-0.35336563,0.48378542,0.00061175035
40151146,40151045,-0.35394964,0.47207552,0.002236941
40173603,40173493,-0.35192716,0.4685288,-0.00088718854
40193550,40193446,-0.3521547,0.4615362,0.000843248
40211008,40210906,-0.35158858,0.45909682,0.0017043424
40233460,40233353,-0.35609764,0.4561894,0.006397579
40253410,40253307,-0.35019767,0.45592755,0.0033526472
40273383,40273260,-0.35506654,0.4585635,0.0073039313
40290820,40290719,-0.35525995,0.45904967,0.00785334
40313269,40313167,-0.34955528,0.45956153,0.0040247263
40333222,40333120,-0.3503688,0.4598322,0.008299432
40350684,40350582,-0.34577265,0.46046504,0.0084113255
40373283,40373027,-0.3445074,0.45386332,0.009319471
40393083,40392981,-0.34556657,0.45032978,0.008919315
40415535,40415428,-0.3404621,0.43825933,0.0050345757
40432990,40432887,-0.33750033,0.43192157,0.004464369
40452943,40452841,-0.3415733,0.42608562,0.007660273
40472897,40472794,-0.33796668,0.42213732,0.0065206317
40490356,40490254,-0.3332578,0.42181665,0.0058029103
40512803,40512701,-0.32812142,0.41944164,0.005842555
40532759,40532654,-0.32262784,0.41440663,0.0063919965
40555202,40555102,-0.32061967,0.4174197,0.0068711885
40572776,40572561,-0.31207198,0.4260813,0.0031987876
40592624,40592515,-0.30762964,0.43516287,0.0036632847
40612573,40612468,-0.3042449,0.44120103,0.0036161686
40632530,40632422,-0.30146414,0.4450352,0.00378231
40652480,40652375,-0.29937032,0.4454633,0.0041633486
40672449,40672329,-0.29843086,0.44370967,0.00394173
40694877,40694776,-0.30096433,0.4395462,0.0063965935
40712339,40712236,-0.3015352,0.43763125,0.0054541216
40732291,40732189,-0.30014285,0.43189883,0.004888412
40754738,40754636,-0.29334056,0.42899767,0.004935463
40772269,40772096,-0.28351527,0.42384297,0.0009750593
40792152,40792049,-0.281213,0.42268902,0.0045370543
40812120,40812003,-0.26445204,0.4187702,-0.00043764157
40834623,40834450,-0.26269317,0.41917527,-0.0036134745
40852011,40851909,-0.2572851,0.42337486,-0.0038837492
40871965,40871863,-0.24624042,0.4273036,-0.0052294815
40894413,40894310,-0.24218231,0.43527776,-0.0007939484
40911873,40911770,-0.235573,0.44022217,0.0006317226
40931828,40931723,-0.22925322,0.44452313,-0.0016697866
40954286,40954171,-0.22410546,0.45036325,0.0022160958
40974302,40974124,-0.21412075,0.4504423,0.0061812303
40991687,40991583,-0.20349501,0.45538026,0.008304646
41011643,41011537,-0.19296521,0.4540506,0.010397185
41034087,41033985,-0.19066018,0.4512126,0.013921464
41051548,41051444,-0.19556434,0.45123824,0.01944763
41071509,41071398,-0.1975865,0.45181468,0.018094528
41093949,41093845,-0.19773887,0.45161217,0.023051327
41113911,41113798,-0.21122232,0.45180315,0.02956101
41131361,41131258,-0.22958358,0.45640126,0.031153705
41153819,41153705,-0.18697703,0.45800552,0.03553378
41173766,41173659,-0.14460634,0.45303106,0.027333612
41191222,41191118,-0.18057825,0.4451169,0.03184564
41211185,41211072,-0.20173807,0.42835706,0.033096135
41233655,41233519,-0.20792966,0.41401613,0.031116681
41253573,41253473,-0.2044466,0.40305513,0.030085959
41271035,41270932,-0.2240802,0.39056522,0.030284315
41293481,41293380,-0.2419784,0.36043656,0.02887867
41313435,41313333,-0.2511383,0.3337071,0.029459728
41330897,41330792,-0.27591473,0.31220675,0.029634835
41353520,41353240,-0.3145223,0.28905773,0.026783241
41373354,41373193,-0.3420342,0.27137032,0.02367379
41393248,41393147,-0.37919083,0.25963283,0.021212192
41410710,41410606,-0.40362167,0.2612884,0.016984057
41433154,41433054,-0.44658083,0.26811737,0.009619965
41453109,41453007,-0.4812985,0.28158838,0.003817907
41470572,41470466,-0.48952463,0.29321724,-0.0059735305
41493015,41492914,-0.51835954,0.3101511,-0.015777966
41512968,41512868,-0.54105437,0.32051936,-0.021628568
41535418,41535315,-0.5292088,0.33036628,-0.026184695
41553003,41552774,-0.53017217,0.3351029,-0.026498392
41572831,41572728,-0.5982966,0.34012708,-0.01886896
41592783,41592681,-0.6249762,0.35075504,-0.017041154
41610244,41610141,-0.56747484,0.36971316,-0.01206457
41632695,41632588,-0.5606169,0.37242734,-0.0054873917
41652645,41652542,-0.5890034,0.35285994,0.0044332296
41675092,41674989,-0.5688111,0.33152393,0.012942874
41692549,41692449,-0.55764747,0.3317745,0.020804007
41712503,41712402,-0.57623726,0.36071074,0.01850586
41734956,41734850,-0.59045726,0.40350688,0.009390002
41752497,41752309,-0.57348746,0.43791398,-0.0030870272
41772376,41772262,-0.54868555,0.46619266,-0.016602607
41794816,41794710,-0.51296866,0.48547485,-0.030124925
41814768,41814663,-0.4666786,0.49382725,-0.040929712
41832223,41832123,-0.43175235,0.49183145,-0.047905512
41852179,41852076,-0.3920089,0.47348022,-0.05305175
41874631,41874524,-0.3517281,0.44975513,-0.05776248
41892100,41891983,-0.32037872,0.42588496,-0.05990142
41912053,41911936,-0.3098159,0.40212107,-0.06023694
41934501,41934384,-0.26505837,0.37224647,-0.061089754
41954455,41954338,-0.19162336,0.3424281,-0.061533436
41971900,41971797,-0.20885304,0.29617533,-0.06404966
41991854,41991750,-0.20814309,0.26812524,-0.05750107
42014302,42014198,-0.15864818,0.2780938,-0.048699234
42031772,42031657,-0.14637923,0.2914396,-0.04478572
42051715,42051611,-0.1832199,0.29778022,-0.041885957
42074160,42074058,-0.22409873,0.2707452,-0.038903937
42094116,42094012,-0.2495899,0.23893052,-0.04087212
42111572,42111471,-0.30359423,0.20774774,-0.041253217
42134042,42133919,-0.36644694,0.18136154,-0.044448704
42153976,42153872,-0.40198463,0.15935783,-0.04250195
42171433,42171331,-0.44132277,0.14932494,-0.038804524
42191387,42191285,-0.47217736,0.13882953,-0.03448673
42213837,42213732,-0.54447955,0.1522579,-0.01779527
42233788,42233686,-0.5280666,0.18364924,-0.015794901
42251247,42251145,-0.522419,0.23018861,-0.00562611
42273696,42273593,-0.5780188,0.22545145,0.03404967
42293654,42293546,-0.57024264,0.21335696,0.046716448
42311108,42311006,-0.52811563,0.19949055,0.06255065
42333568,42333453,-0.5308484,0.25669178,0.07328746
42353517,42353407,-0.50657636,0.32278326,0.069937386
42375959,42375855,-0.46533215,0.40189412,0.054704465
42390921,42390820,-0.41871446,0.4265954,0.04312207
42413371,42413267,-0.34808853,0.4489233,0.024665
42433329,42433220,-0.28835684,0.45139733,0.0044831196
42450782,42450680,-0.25018194,0.45450422,-0.0044297734
42473257,42473127,-0.21710776,0.4350594,-0.01684642
42493182,42493081,-0.15693018,0.41256902,-0.026362903
42513136,42513034,-0.16965152,0.36264524,-0.03699602
42530775,42530496,-0.18155359,0.3183817,-0.035331495
42553047,42552942,-0.14428015,0.3156725,-0.028745426
42573000,42572895,-0.12857223,0.30785713,-0.023972344
42590460,42590354,-0.14338942,0.30056456,-0.018185604
42612904,42612802,-0.1734407,0.23635134,-0.007538492
42632857,42632755,-0.20220684,0.1643637,-0.000235438
42655304,42655203,-0.2611934,0.06980371,0.009779001
42672766,42672662,-0.3053162,0.026846929,0.01274657
42692721,42692616,-0.3382602,-0.009749619,0.010076278
42712677,42712569,-0.34472296,-0.008728165,0.009386881
42730279,42730028,-0.3799227,0.010597116,0.012635674
42752578,42752476,-0.41492882,0.087839596,0.008409916
42772532,42772429,-0.38231978,0.17018783,0.010319483
42794980,42794877,-0.43026954,0.16729498,0.033705704
42812440,42812337,-0.45452893,0.14809991,0.051523637
42832393,42832290,-0.40229696,0.140965,0.067321606
42854843,42854738,-0.41004637,0.25132212,0.07413675
42872347,42872197,-0.40741512,0.31140605,0.0665485
42892252,42892150,-0.36427963,0.37201497,0.045683958
42912206,42912104,-0.3128178,0.37626055,0.018261954
42934682,42934551,-0.28287804,0.37298122,-0.008592151
42952114,42952011,-0.29148537,0.35040963,-0.02631003
42972083,42971964,-0.20013992,0.3228752,-0.038974997
42994514,42994412,-0.18953377,0.2548449,-0.05506678
43011973,43011871,-0.22244096,0.19990882,-0.047117084
43031927,43031825,-0.19374856,0.19335431,-0.029127767
43054373,43054272,-0.18137419,0.1783626,-0.009682105
43074327,43074226,-0.22499666,0.14371485,0.0056831148
43091789,43091685,-0.2680724,0.06607295,0.02185035
43111758,43111639,-0.30013025,-0.03787826,0.044762578
43134213,43134086,-0.33746335,-0.13546848,0.052427195
43151652,43151546,-0.35517427,-0.14788719,0.057056285
43174098,43173993,-0.38290283,-0.11843764,0.057085186
43194049,43193947,-0.37643614,-0.019696953,0.0376529
43214003,43213900,-0.34277374,0.09559644,0.02764722
43231464,43231359,-0.3761277,0.11043711,0.03431744
43253913,43253807,-0.40607533,0.12974125,0.047388315
43273867,43273761,-0.3541784,0.16791348,0.051153917
43291339,43291220,-0.35172948,0.28226128,0.052335627
43311283,43311173,-0.32919335,0.3637854,0.03637245
43333723,43333621,-0.24648257,0.4353384,0.008000844
43353676,43353574,-0.19367133,0.40934688,-0.010032006
43371150,43371034,-0.18859328,0.3857573,-0.027619276
43393595,43393481,-0.10857886,0.324593,-0.02783475
43413536,43413435,-0.122167766,0.21736242,-0.032437302
43431046,43430894,-0.1427302,0.1622573,-0.020922909
43453446,43453342,-0.106417276,0.13925172,-0.0021533365
43473398,43473295,-0.12469646,0.14223994,0.014173655
43493350,43493249,-0.16523668,0.0944179,0.027680714
43510823,43510708,-0.22953868,0.022291182,0.051535293
43533258,43533156,-0.25320995,-0.060397882,0.05949892
43553212,43553109,-0.25984204,-0.07488426,0.059073605
43570674,43570569,-0.26719946,-0.019679124,0.049800124
43593116,43593016,-0.29652274,0.053346157,0.04632475
43613072,43612970,-0.2630382,0.1570787,0.036847536
43635537,43635417,-0.2437053,0.15580665,0.05023447
43652979,43652877,-0.2882601,0.13669308,0.06839093
43672933,43672830,-0.24965358,0.16233408,0.080826476
43692901,43692784,-0.22830632,0.31922096,0.080952175
43710490,43710243,-0.23122193,0.45339474,0.06418328
43732792,43732691,-0.17502145,0.5514584,0.033281114
43752745,43752644,-0.1352676,0.55530894,-0.0051691094
43775197,43775092,-0.108631745,0.51893896,-0.023915844
43792653,43792551,-0.023782102,0.48429358,-0.031297117
43812606,43812504,-0.07542097,0.38713452,-0.048367463
43835056,43834952,-0.09601301,0.35081896,-0.0228587
43852513,43852411,-0.068580836,0.3226741,-0.01092732
43872465,43872365,-0.10754021,0.30152377,0.017845372
43892420,43892318,-0.17934157,0.1967171,0.051211078
43914911,43914766,-0.24313693,0.04687818,0.07417925
43932330,43932226,-0.27369517,-0.06733966,0.08427789
43952283,43952179,-0.33851776,-0.1443676,0.08620583
43974729,43974627,-0.3514913,-0.18479061,0.08979129
43992188,43992086,-0.33640417,-0.17291215,0.075557366
44012141,44012039,-0.32575464,-0.22557688,0.07591856
44032096,44031993,-0.41042244,-0.3135838,0.09369147
44054544,44054441,-0.4152636,-0.30859452,0.108636506
44072002,44071900,-0.41037625,-0.1647434,0.10766458
44091975,44091853,-0.3812151,0.031829465,0.074877396
44114406,44114301,-0.30788684,0.16558579,0.02578258
44131861,44131760,-0.22111629,0.2090833,-0.009760248
44151815,44151713,-0.1849082,0.17087342,-0.059906673
44174266,44174161,-0.12370036,0.09452896,-0.07803672
44194219,44194115,-0.089748584,-0.027423922,-0.096164584
44211677,44211574,-0.07906604,-0.115480684,-0.09687413
44231694,44231528,-0.112234786,-0.17023483,-0.070908375
44254078,44253975,-0.06261025,-0.17387938,-0.0511493
44271536,44271435,-0.13136439,-0.2231646,-0.02366798
44291500,44291388,-0.22251174,-0.34177664,0.008056112
44313941,44313837,-0.28520334,-0.4920587,0.02253741
44333892,44333789,-0.2917806,-0.58898634,0.038105994
44351350,44351249,-0.30506164,-0.6306189,0.0441351
44373798,44373696,-0.3161026,-0.5945067,0.053129803
44393792,44393650,-0.30896565,-0.52840316,0.053649917
44411210,44411109,-0.3225559,-0.5914391,0.07308643
44431165,44431063,-0.37289906,-0.599079,0.091970965
44453621,44453510,-0.30837384,-0.53481585,0.10161344
44473568,44473464,-0.28104725,-0.33587864,0.083985746
44491032,44490923,-0.25479543,-0.19828112,0.05510758
44513477,44513371,-0.17698625,-0.10448083,0.017469818
44533426,44533324,-0.22065897,-0.1036173,-0.020700287
44550884,44550783,-0.09810265,-0.09523425,-0.03080928
44573335,44573231,-0.113081604,-0.16854513,-0.05844686
44593289,44593185,-0.17735164,-0.2064249,-0.052689288
44613246,44613138,-0.13945606,-0.20409435,-0.033083208
44630704,44630597,-0.13755344,-0.22236441,-0.019341474
44653150,44653045,-0.18924925,-0.3009748,0.01404773
44673100,44672999,-0.22845936,-0.44563377,0.036475107
44690724,44690458,-0.24822311,-0.5577181,0.046256606
44713007,44712906,-0.23989034,-0.6004857,0.050311726
44732964,44732859,-0.20316122,-0.595491,0.05102298
44755409,44755307,-0.19810544,-0.48986578,0.03403989
44772868,44772766,-0.17248192,-0.37091252,0.027712142
44792886,44792720,-0.1887655,-0.37582743,0.03672667
44812775,44812673,-0.19750197,-0.30139586,0.041190106
44830234,44830132,-0.11137117,-0.2512377,0.0423361
44852684,44852580,-0.12962537,-0.076638035,0.017946932
44872640,44872534,-0.14521079,-0.011519052,-0.0004457058
44895138,44894981,-0.21898319,0.038374513,-0.048372395
44912544,44912441,-0.09994433,0.025541572,-0.059918597
44932496,44932394,-0.15674733,0.0013346332,-0.08832467
44954946,44954842,-0.2817151,-0.00970134,-0.07096587
44972404,44972301,-0.24747823,0.011685747,-0.05027921
44992358,44992255,-0.2847704,0.051363006,-0.039726514
45012313,45012208,-0.3469163,0.018794995,-0.00077961397
45034762,45034656,-0.39673632,-0.07522854,0.02179486
45052219,45052115,-0.40438238,-0.18393646,0.035919745
45072172,45072069,-0.3766634,-0.2700603,0.0476592
45094638,45094516,-0.3496939,-0.30442706,0.037589967
45112079,45111976,-0.396653,-0.31745595,0.047567207
45132033,45131929,-0.3366326,-0.24427459,0.04085773
45154481,45154377,-0.20092894,-0.21006772,0.04043698
45174434,45174330,-0.20438054,-0.2315175,0.044931877
45191908,45191789,-0.2100787,-0.20077729,0.056955274
45211846,45211743,-0.2825672,-0.13459703,0.05250511
45234292,45234191,-0.4049157,-0.093193695,0.04874331
45251754,45251650,-0.43047363,-0.17904854,0.05105209
45271720,45271604,-0.32050538,-0.3998762,0.061144542
45294153,45294051,-0.87976336,-0.68958366,0.088390335
45314107,45314005,-1.0,-1.0,0.1711648
45331567,45331464,-1.0,-1.0,0.2441676
45354015,45353912,-1.0,-1.0,0.37754104
45373970,45373866,-1.0,-1.0,0.5143118
45391428,45391325,-1.0,-1.0,0.652084
45411383,45411278,-0.8512095,-0.96838903,0.40087295
45433834,45433726,-0.8678507,-1.0,0.4660419
45453782,45453679,-0.8595534,-0.9812421,0.50799495
45471251,45471139,-0.80911785,-0.9668106,0.526172
45493695,45493587,-0.83757067,-0.9281922,0.54439926
45513646,45513540,-1.0,-1.0,1.0
45531103,45530999,-0.8310257,-1.0,0.9629548
45553554,45553447,-0.33208144,-1.0,0.7881815
45573503,45573400,0.2296027,-1.0,0.5661535
45593458,45593354,0.5167142,-1.0,0.33678162
45610919,45610813,0.80315894,-1.0,0.19857132
45633362,45633261,1.0,-1.0,-0.027472388
45653316,45653214,1.0,-0.82660145,-0.067849316
45670793,45670673,1.0,-0.69601095,-0.07215163
45693224,45693121,1.0,-0.593321,-0.108514845
45713177,45713075,1.0,-0.69530696,-0.07992707
45733130,45733028,0.9568313,-0.84362006,-0.07922448
45750610,45750488,0.9306395,-0.97134537,-0.079791024
45773037,45772935,0.75086045,-1.0,-0.080005676
45792990,45792889,0.7333509,-1.0,-0.08319812
45810456,45810348,0.6466566,-1.0,-0.07929118
45832898,45832796,0.45137215,-1.0,-0.024871537
45852852,45852749,0.6146068,-1.0,0.013580742
45875369,45875197,0.76711786,-1.0,0.00036330154
45892766,45892656,0.81471664,-0.9468159,-0.0048747705
45912715,45912609,1.0,-0.9239737,-0.013727095
45932667,45932563,0.95440584,-0.9313235,-0.05212259
45950143,45950022,1.0,-0.9099786,-0.05909131
45972575,45972470,1.0,-0.75847894,-0.059842728
45992528,45992424,1.0,-0.58529973,-0.059408825
46014991,46014871,0.885295,-0.53308743,-0.019880468
46032431,46032331,0.7830135,-0.53476995,0.007602134
46052385,46052284,0.7285119,-0.6423444,0.020474995
46074869,46074732,0.6459772,-0.6791316,0.021648223
46092293,46092191,0.5102037,-0.7189959,0.011883779
46112247,46112145,0.5542956,-0.6874084,0.01876578
46132201,46132098,0.6097282,-0.7158867,0.026352433
46154678,46154546,0.5629097,-0.80123043,0.05400577
46172108,46172005,0.71997607,-0.8393973,0.068039715
46192060,46191958,0.83338356,-0.7704853,0.06403842
46214511,46214406,0.84083813,-0.748075,0.067968585
46231970,46231866,0.7924018,-0.7294439,0.05996858
46251936,46251819,0.71906745,-0.7845584,0.050259028
46274377,46274267,0.6156904,-0.6985025,0.048410848
46294322,46294220,0.58446896,-0.5578475,0.066027276
46311781,46311680,0.5286715,-0.364978,0.10547152
46331737,46331633,0.42482966,-0.2757585,0.1617325
46354186,46354081,0.3926085,-0.26750603,0.2134876
46371647,46371540,0.43801674,-0.3137498,0.24833348
46391598,46391494,0.4468953,-0.31048056,0.26052585
46414065,46413941,0.4812599,-0.32393366,0.26566517
46433998,46433895,0.54292285,-0.2405435,0.26593047
46451463,46451354,0.6640179,-0.27415404,0.26136747
46473908,46473802,0.73197514,-0.31494004,0.28695577
46493865,46493755,0.8951487,-0.34484687,0.3015653
46511319,46511214,0.5053383,-0.13930626,0.12468979
46531274,46531168,0.5194349,-0.1340868,0.13233204
46553734,46553616,0.45665658,-0.13425301,0.13341492
46573675,46573569,0.41252726,-0.1325533,0.13397862
46591133,46591029,0.3803168,-0.06714449,0.13396809
46613586,46613476,0.5368439,0.08982308,0.34532
46633545,46633430,0.48204514,0.29818642,0.40131184
46651004,46650889,0.42599583,0.3940828,0.44776425
46673443,46673337,0.4126822,0.3989981,0.49647883
46693393,46693290,0.40172836,0.39172858,0.5166336
46713369,46713244,0.36198393,0.39503768,0.516679
46730810,46730703,0.47354335,0.42270157,0.5222485
46753253,46753151,0.51965535,0.47210464,0.51125115
46773207,46773104,0.56579584,0.4032387,0.51946926
46790674,46790564,0.65988994,0.38015503,0.5413081
46813113,46813011,0.5553205,0.3115493,0.34834406
46833070,46832965,0.6089304,0.33479896,0.3706553
46853206,46852918,0.5777734,0.34536615,0.38538867
46872979,46872872,0.5485472,0.32587805,0.38778153
46892931,46892825,0.52471524,0.37028602,0.3809935
46912884,46912779,0.7586579,0.6327829,0.6287003
46930343,46930238,0.66505766,0.82645667,0.62809587
46952791,46952686,0.5434726,0.91318107,0.6583643
46972744,46972639,0.477713,0.8973818,0.67884356
46995187,46995087,0.42834404,0.77181023,0.68069166
47012652,47012546,0.23546417,0.45685878,0.29873085
47032604,47032500,0.18674023,0.42661655,0.2814488
47055095,47054947,0.19381309,0.4127557,0.26888195
47072510,47072407,0.22350411,0.38363233,0.26568154
47092465,47092360,0.21718691,0.3460103,0.26520997
47112418,47112314,0.5448125,0.4472741,0.6126559
47134864,47134762,0.6743854,0.40564618,0.6081832
47152325,47152221,0.7063775,0.3735568,0.60926354
47172280,47172175,0.6543597,0.298359,0.59721386
47194728,47194622,0.61698264,0.36984953,0.5728931
47212187,47212081,0.71449417,0.50768924,0.5739884
47232142,47232035,0.6189735,0.7595189,0.58701956
47252199,47251988,0.46951705,0.8832699,0.6135514
47274538,47274436,0.39383104,0.9188628,0.6299672
47292001,47291895,0.38148347,0.8150408,0.6313708
47311954,47311849,0.3331988,0.74997467,0.6166108
47334400,47334297,0.269592,0.65522265,0.5909725
47351863,47351756,0.30923936,0.6608581,0.5833673
47371817,47371709,0.372384,0.6298772,0.5728943
47394258,47394157,0.4354255,0.5778789,0.57741386
47414214,47414111,0.60506743,0.5258188,0.58367
47431686,47431570,0.68189746,0.4858429,0.5818153
47454128,47454018,0.6244813,0.41260186,0.5704418
47474075,47473971,0.63679206,0.31544715,0.55386835
47491534,47491430,0.5651641,0.38469693,0.5376029
47511490,47511384,0.60254794,0.5257735,0.5397997
47533934,47533832,0.43615103,0.73515075,0.5637977
47553887,47553785,0.31510168,0.7733272,0.5960763
47571354,47571244,0.3147766,0.6996382,0.62703234
47593796,47593694,0.31390655,0.54916805,0.6342069
47613747,47613646,0.27737656,0.44992346,0.61657643
47631218,47631105,0.27235958,0.36957878,0.6064645
47651184,47651059,0.31217712,0.38695604,0.5866355
47673607,47673506,0.46320722,0.31669393,0.58111525
47693565,47693460,0.5562619,0.27731857,0.5886301
47711026,47710919,0.5627878,0.22299652,0.5913848
47733470,47733367,0.5882099,0.14831254,0.5771476
47753431,47753320,0.45285836,0.029702943,0.55773866
47770885,47770780,0.35181868,0.028059479,0.54603946
47793334,47793227,0.3481795,0.1663472,0.5477793
47813345,47813181,0.17266192,0.36096162,0.56484145
47833368,47833134,0.028980589,0.43964612,0.6179689
47853192,47853088,-0.00023893878,0.39897534,0.66714823
47873145,47873041,0.035185184,0.22108139,0.69696355
47893099,47892995,0.014583774,0.10936436,0.6971852
47910559,47910454,-0.043404095,0.03329447,0.6920965
47933006,47932902,0.034959182,0.025578499,0.6855793
47952956,47952855,0.18853185,-0.02575529,0.6729499
47975406,47975303,0.3392462,-0.09200454,0.6848205
47992864,47992762,0.4465707,-0.17592566,0.6849106
48012817,48012716,0.5551661,-0.23740597,0.6842408
48032860,48032669,0.48558855,-0.3509745,0.65867895
48050234,48050129,0.48983428,-0.38231358,0.6509492
48072678,48072576,0.56631434,-0.23419772,0.6429908
48092634,48092530,0.47311127,-0.0097120805,0.6410185
48115080,48114978,0.20613694,0.040933367,0.35104665
48132538,48132437,0.18052638,0.044407513,0.35808122
48152492,48152390,0.1896074,-0.022629851,0.35877067
48174946,48174838,0.153106,-0.07107917,0.34003747
48192402,48192297,0.10084183,-0.10761923,0.32536927
48212370,48212251,0.17683522,-0.17641546,0.604598
48232357,48232204,0.33489946,-0.1955137,0.5824404
48254758,48254655,0.49394363,-0.23396538,0.5747679
48272215,48272111,0.5837264,-0.28377706,0.55791694
48292168,48292065,0.6391128,-0.33148152,0.5378743
48314620,48314513,0.52326846,-0.45282605,0.51424897
48332075,48331972,0.49021694,-0.45407796,0.49755418
48352026,48351925,0.4832371,-0.2994623,0.5034911
48374479,48374373,0.26427823,-0.09893204,0.5167467
48394431,48394326,0.14294058,-0.096849695,0.5737365
48411899,48411786,0.14515926,-0.1733943,0.6168927
48431851,48431739,0.2213965,-0.29049203,0.63695765
48454293,48454187,0.1360959,-0.32186925,0.60836464
48471749,48471647,0.22261442,-0.34589204,0.6073916
48491708,48491600,0.27291164,-0.31636757,0.59839684
48514152,48514048,0.5017541,-0.37810284,0.6004537
48534118,48534001,0.6292619,-0.43653527,0.6048205
48551565,48551461,0.60891986,-0.49984798,0.5999974
48574014,48573908,0.5060276,-0.5858091,0.5801291
48593966,48593862,0.42758125,-0.71394926,0.5604258
48611433,48611321,0.3102957,-0.6626281,0.5564831
48631378,48631274,0.26399258,-0.5409926,0.5690479
48653828,48653722,0.113716274,-0.39178243,0.6289697
48673790,48673677,0.015607889,-0.44934753,0.6945876
48691240,48691135,0.02103043,-0.57397366,0.7132081
48713686,48713583,0.038206074,-0.7159765,0.7110146
48733644,48733536,-0.044684805,-0.79485095,0.6878053
48751126,48750995,-0.057556722,-0.7897921,0.6765179
48773546,48773443,0.1276007,-0.8179385,0.6647032
48793506,48793396,0.30950046,-0.87492824,0.6528878
48813597,48813350,0.4390806,-0.944873,0.6385628
48830912,48830809,0.48960605,-1.0,0.61525977
48853360,48853257,0.41694695,-1.0,0.58369136
48873325,48873211,0.36293656,-1.0,0.5661381
48890777,48890670,0.4402724,-1.0,0.562381
48913220,48913118,0.29060304,-0.8233602,0.56974834
48933176,48933071,0.14026858,-0.77145314,0.61973345
48953128,48953025,0.12880208,-0.8292109,0.65522593
48970588,48970484,0.143251,-0.9237342,0.65950066
48993035,48992932,0.04502735,-0.9739742,0.6267549
49013091,49012885,0.03550002,-1.0,0.61407226
49030450,49030344,0.040572643,-0.99973696,0.61692256
49052897,49052792,0.18965024,-1.0,0.6217549
49072850,49072746,0.36586684,-1.0,0.61702156
49095296,49095193,0.44234413,-1.0,0.5840446
49112757,49112653,0.4451991,-1.0,0.55623233
49132712,49132606,0.43723354,-1.0,0.5372966
49152665,49152560,0.39497322,-1.0,0.5242125
49170140,49170023,0.43423966,-1.0,0.5315341
49192572,49192467,0.22058569,-0.86728007,0.5668116
49212585,49212420,0.1315379,-0.93023276,0.618136
49234971,49234868,0.18694611,-1.0,0.6414374
49252433,49252327,0.16318573,-1.0,0.61669517
49272386,49272281,0.13227002,-1.0,0.5942053
49294834,49294729,0.094464146,-1.0,0.60080415
49312308,49312188,0.23561415,-1.0,0.6083388
49332245,49332141,0.3960735,-1.0,0.60683167
49352199,49352095,0.49031603,-1.0,0.58872515
49374647,49374542,0.487798,-1.0,0.56976724
49392120,49392002,0.40659544,-1.0,0.55410796
49412083,49411955,0.36458927,-1.0,0.5455089
49434505,49434403,0.36191288,-1.0,0.5585036
49451985,49451862,0.22270568,-0.9753104,0.5823717
49471920,49471816,0.100421175,-0.95220184,0.6480063
49494366,49494264,0.10205394,-1.0,0.69074976
49514320,49514217,0.10440456,-1.0,0.689236
49531783,49531678,0.04674851,-1.0,0.65841085
49551735,49551630,0.04541337,-1.0,0.64897716
49574181,49574078,0.15227206,-1.0,0.6618062
49591653,49591537,0.28217584,-1.0,0.6710793
49611595,49611490,0.535366,-1.0,0.64805514
49634040,49633938,0.5576239,-1.0,0.62670684
49653995,49653892,0.51201326,-1.0,0.5985511
49671458,49671351,0.47998637,-1.0,0.58458346
49693902,49693799,0.5242103,-1.0,0.57506514
49713872,49713752,0.31383324,-0.6318321,0.36886725
49731314,49731211,0.22287105,-0.5798114,0.39464137
49751270,49751165,0.18282872,-0.6378144,0.42428127
49773715,49773613,0.17978214,-0.692051,0.42531902
49793831,49793566,0.11998907,-0.6977179,0.4052177
49811130,49811026,0.13378233,-0.9324755,0.60087836
49833577,49833473,0.09840165,-0.94902784,0.60969836
49853533,49853427,0.24684049,-1.0,0.63508284
49870991,49870886,0.4503046,-1.0,0.6257683
49893439,49893334,0.49196768,-1.0,0.6119003
49913393,49913287,0.5174896,-1.0,0.5905277
49933345,49933241,0.46266484,-1.0,0.57274973
49950806,49950700,0.48679337,-0.925073,0.5744989
49973252,49973148,0.4527075,-0.6594255,0.57659626
49993328,49993101,0.2788731,-0.41640726,0.6216587
50010673,50010561,0.20377326,-0.4931034,0.65958154
50033111,50033008,0.20730045,-0.51681256,0.6752113
50053068,50052962,0.12312869,-0.50510937,0.6497339
50075528,50075410,0.12330739,-0.43757737,0.62036234
50092976,50092869,0.06852151,-0.3964726,0.6144359
50112926,50112822,0.22873451,-0.507265,0.6330965
50132881,50132776,0.438798,-0.5155731,0.6354777
50150338,50150235,0.50100005,-0.51941,0.62986827
50172784,50172683,0.50127214,-0.5312011,0.6300934
50192814,50192636,0.45109838,-0.6649283,0.607434
50215187,50215084,0.44003773,-0.6037461,0.594065
50232649,50232543,0.44898087,-0.4841909,0.5967433
50252600,50252497,0.29814878,-0.25812736,0.62169963
50275064,50274945,0.16887741,-0.30723354,0.6710304
50292506,50292404,0.18133098,-0.41600856,0.6849674
50312459,50312358,0.10797794,-0.30720782,0.36327112
50332415,50332311,0.07022553,-0.37688127,0.34019923
50354863,50354759,0.07107783,-0.3523542,0.33856413
50372322,50372218,0.11149101,-0.52041876,0.33973923
50392309,50392171,0.21374251,-0.5616663,0.34348723
50414724,50414619,0.5660996,-0.9267182,0.6322613
50432181,50432079,0.56560785,-0.9187602,0.62764794
50452137,50452032,0.4917396,-0.99790484,0.6053439
50472088,50471986,0.40767726,-1.0,0.5999784
50494538,50494433,0.4570927,-0.8388031,0.5967817
50511998,50511893,0.36511305,-0.63660866,0.61570346
50531952,50531846,0.19742471,-0.5324882,0.663021
50554397,50554294,0.18333657,-0.59867203,0.6994364
50571866,50571753,0.18439206,-0.6493134,0.7014877
50591811,50591707,0.09960092,-0.63670677,0.6684718
50614259,50614154,0.116787285,-0.54847383,0.5783534
50634213,50634108,0.14782062,-0.563838,0.57684433
50651672,50651567,0.23618805,-0.5869193,0.59228414
50671649,50671524,0.46554074,-0.5896006,0.5955824
50694088,50693968,0.46300164,-0.5268605,0.60242057
50711530,50711428,0.52290213,-0.5583236,0.6708435
50731483,50731381,0.45787075,-0.6555635,0.6504226
50753933,50753829,0.46028093,-0.41035056,0.646365
50774062,50773785,0.399084,-0.20280437,0.6509196
50791347,50791242,0.27391377,-0.069724016,0.68784535
50813809,50813689,0.20026365,-0.17329732,0.73227173
50833746,50833643,0.22691564,-0.3875849,0.72873783
50851205,50851102,0.16901948,-0.62958044,0.6952271
50871157,50871056,0.16293207,-0.67106056,0.66697824
50893608,50893504,0.08908735,-0.65578854,0.65022236
50913564,50913457,0.25112733,-0.76002103,0.6707621
50931020,50930916,0.39156923,-0.75789464,0.6676666
50953476,50953364,0.44673473,-0.76218617,0.6493616
50973550,50973317,0.48104578,-0.7798175,0.6365464
50990879,50990777,0.44226187,-0.888892,0.61065114
51013327,51013225,0.41039452,-0.78180224,0.60511386
51033283,51033178,0.4054827,-0.61297226,0.6065231
51053236,51053132,0.22974692,-0.39552242,0.63558906
51070698,51070591,0.1229236,-0.40003616,0.677305
51093142,51093039,0.12804027,-0.4859741,0.69375473
51113097,51112992,0.04860034,-0.5510852,0.67580074
51130557,51130452,-0.03127594,-0.5570908,0.6351818
51153004,51152899,-0.019060953,-0.5315838,0.624556
51173050,51172853,0.05706046,-0.63391155,0.64027196
51195402,51195300,0.24036744,-0.6752123,0.6487813
51212881,51212760,0.33202147,-0.677709,0.64845425
51232819,51232713,0.34150398,-0.69094497,0.6400961
51252773,51252667,0.2947903,-0.79158694,0.61864233
51270238,51270128,0.25292492,-0.82649356,0.6131621
51292681,51292574,0.31212196,-0.6466161,0.61768234
51312634,51312527,0.1046144,-0.23536976,0.27012476
51335078,51334975,0.027107175,-0.21267223,0.2920912
51352542,51352435,0.02058687,-0.24449185,0.30082217
51372540,51372388,0.012285837,-0.28500924,0.29748815
51394961,51394836,-0.045365766,-0.3083846,0.2813909
51412398,51412295,-0.045099556,-0.31597933,0.2817866
51432352,51432248,-0.03943825,-0.34156203,0.28496498
51452307,51452202,0.038332626,-0.38928375,0.29229563
51474752,51474650,0.1619252,-0.41079026,0.28803828
51492215,51492109,0.18276072,-0.425252,0.28256372
51512169,51512063,0.34463438,-0.91707534,0.6082052
51534632,51534510,0.31289944,-1.0,0.5922595
51552084,51551969,0.34495115,-0.86200166,0.59300196
51572042,51571923,0.2545133,-0.67716855,0.5908307
51594477,51594371,0.08964861,-0.5381757,0.6410208
51614427,51614324,0.06623915,-0.6105449,0.6824481
51631889,51631784,0.09926156,-0.68057394,0.6806583
51651844,51651737,0.020613676,-0.7209137,0.644589
51674285,51674185,0.0075953268,-0.7294444,0.6211013
51691750,51691644,-0.027032355,-0.7214201,0.6220257
51711706,51711598,0.14293574,-0.8190889,0.6445365
51734148,51734045,0.3529685,-0.8202098,0.63508666
51754111,51753999,0.37562674,-0.8511432,0.62736636
51771562,51771458,0.4048216,-0.87691224,0.6199774
51794013,51793906,0.3656249,-1.0,0.5985193
51813963,51813859,0.12786184,-0.3122272,0.15813011
51831421,51831319,0.13071932,-0.27843058,0.15907483
51851376,51851272,0.082198225,-0.22930212,0.16791704
51873826,51873720,0.034009755,-0.23833206,0.18365987
51893777,51893674,0.037739277,-0.26874286,0.18829395
51911238,51911133,0.027881483,-0.31797463,0.20648058
51933699,51933581,0.0019506791,-0.33538216,0.19860712
51953780,51953534,-0.024780348,-0.33776337,0.19840392
51971100,51970993,0.023376178,-0.37699693,0.20064008
51993544,51993441,0.08890457,-0.4063506,0.19832446
52013496,52013394,0.40586808,-1.0,0.6292913
52033451,52033348,0.40415233,-1.0,0.61588067
52050912,52050807,0.3632821,-1.0,0.6006606
52073357,52073256,0.30701414,-1.0,0.58406526
52093310,52093209,0.32446596,-1.0,0.58512455
52110773,52110668,0.18922614,-0.9047708,0.60402405
52133219,52133116,0.03425107,-0.86711204,0.6664339
52153288,52153069,0.05910057,-0.9423462,0.68431187
52173135,52173023,0.04528626,-1.0,0.6752863
52190588,52190482,-0.07577011,-1.0,0.6383515
52213031,52212930,-0.06665932,-0.92698306,0.56891656
52232984,52232883,0.060107995,-0.96452993,0.57842404
52250460,52250343,0.14752632,-1.0,0.58573556
52272893,52272790,0.342234,-1.0,0.5778146
52292847,52292744,0.375409,-1.0,0.56578016
52315309,52315191,0.35845512,-1.0,0.61449736
52332771,52332651,0.3404196,-1.0,0.6022585
52352777,52352604,0.3720702,-1.0,0.59922516
52375158,52375052,0.21027036,-0.8969115,0.6046132
52390141,52390017,0.098347835,-0.849717,0.6372297
52412568,52412465,0.039060425,-0.40207303,0.23134291
52432522,52432418,0.022618113,-0.42681652,0.22905988
52454979,52454866,-0.026616517,-0.4352376,0.21718623
52472429,52472325,-0.04044063,-0.43260708,0.21284646
52492398,52492279,-0.048128363,-0.44254142,0.21535195
52514830,52514727,0.062334374,-1.0,0.6435001
52532301,52532186,0.27594024,-1.0,0.62868124
52552269,52552140,0.32618654,-1.0,0.60796297
52572198,52572093,0.3145644,-1.0,0.59250206
52594650,52594541,0.29952216,-1.0,0.5738131
52612105,52612000,0.2680271,-1.0,0.50849646
52632103,52631954,0.23055919,-0.9124983,0.5106089
52654503,52654401,0.08794996,-0.7809765,0.55584604
52671965,52671860,0.0071170367,-0.8307604,0.5898151
52691918,52691814,0.03407668,-0.8972121,0.5961527
52714366,52714262,-0.0073524783,-0.49597484,0.264561
52734326,52734215,-0.02679641,-0.49529478,0.25802845
52751779,52751675,-0.04202114,-0.49820492,0.25827482
52771733,52771628,0.017792642,-0.55422133,0.26809675
52794180,52794076,0.097205855,-0.56702894,0.26914853
52811639,52811535,0.31881687,-1.0,0.6252525
52831590,52831489,0.34825537,-1.0,0.61373836
52854063,52853936,0.2687856,-1.0,0.59670585
52873995,52873890,0.23332834,-1.0,0.58917356
52891451,52891349,0.24105282,-1.0,0.5945315
52913902,52913797,0.086138636,-0.9265742,0.6276661
52934013,52933750,-0.03670999,-0.9657407,0.6750996
52951323,52951210,-0.028742645,-1.0,0.6970761
52971266,52971163,-0.053202644,-1.0,0.6886626
52993716,52993611,-0.09847215,-1.0,0.6597236
53013670,53013564,-0.10254674,-1.0,0.659672
53031139,53031024,0.001872349,-1.0,0.66220963
53053574,53053471,0.18206225,-1.0,0.6803358
53073529,53073425,0.3305187,-1.0,0.66738
53090986,53090884,0.39817232,-1.0,0.66300017
53113441,53113332,0.32918927,-1.0,0.63880146
53133510,53133285,0.2717987,-1.0,0.62637603
53153348,53153239,0.33947566,-1.0,0.6260766
53170829,53170699,0.22324897,-0.91178286,0.626503
53193250,53193146,0.08071229,-0.8560664,0.6819445
53213204,53213100,0.06543622,-0.636862,0.44085777
53230662,53230559,0.053570457,-0.67254037,0.4386676
53253124,53253007,-0.027559172,-0.6874198,0.41034868
53273074,53272960,-0.04234952,-0.6697956,0.40174547
53295549,53295408,0.0061385017,-0.5936729,0.32791457
53312974,53312867,0.07389275,-0.62072444,0.33303502
53333001,53332821,0.20111664,-0.62591994,0.3285859
53352877,53352774,0.21599644,-0.63481236,0.3228887
53370337,53370233,0.24326174,-0.65485823,0.31160265
53392787,53392683,0.23023662,-0.7087449,0.3012583
53412740,53412635,0.40868768,-1.0,0.5974961
53435200,53435082,0.3192401,-0.9381101,0.59835434
53452651,53452542,0.17685692,-0.84947056,0.63789177
53472599,53472495,0.12435252,-0.9326491,0.67585504
53495048,53494943,0.115572445,-1.0,0.6704155
53512510,53512402,0.043776825,-1.0,0.64184284
53532501,53532356,0.04372775,-1.0,0.6185133
53552414,53552309,0.01954701,-1.0,0.6107877
53574859,53574757,0.17234886,-1.0,0.63167715
53592338,53592216,0.3484187,-1.0,0.63682246
53612273,53612170,0.2771752,-0.7858703,0.41478136
53634719,53634618,0.3207705,-0.8041362,0.40659475
53652183,53652077,0.30388543,-0.87329876,0.39343062
53672135,53672030,0.28242943,-0.80531317,0.38902882
53694582,53694478,0.2690475,-0.68153244,0.3902237
53712055,53711939,0.21619254,-0.8052843,0.62063044
53732062,53731891,0.10263482,-0.85916924,0.6659205
53751950,53751845,0.1161981,-0.93875587,0.6759147
53774396,53774292,0.059518304,-1.0,0.6552117
53791857,53791751,0.07158735,-1.0,0.6286384
53811811,53811705,0.071476705,-0.9872181,0.6238845
53834257,53834153,0.22125934,-1.0,0.6418084
53854210,53854106,0.3818636,-1.0,0.6482243
53871669,53871566,0.45452076,-1.0,0.6378975
53891625,53891519,0.5155,-1.0,0.6285276
53914078,53913967,0.3126168,-0.76659435,0.36984348
53931531,53931426,0.28861362,-0.75132203,0.36208144
53951485,53951380,0.3071081,-0.657456,0.36335438
53973930,53973829,0.194507,-0.52177256,0.37693825
53993884,53993781,0.09886515,-0.5263521,0.4083348
54011343,54011240,0.13624242,-0.8980744,0.6882473
54033789,54033688,0.10137224,-1.0,0.68073386
54053744,54053642,0.016224667,-1.0,0.6377694
54071206,54071101,0.021852275,-0.991955,0.6324599
54091167,54091054,0.05292412,-1.0,0.637756
54113745,54113502,0.25684476,-1.0,0.65789294
54133572,54133455,0.45635954,-1.0,0.64715296
54151018,54150915,0.46051595,-1.0,0.6403994
54173465,54173362,0.40562966,-1.0,0.61497533
54193430,54193316,0.35811266,-1.0,0.6011164
54210879,54210775,0.41190434,-1.0,0.60213065
54233331,54233223,0.2815212,-0.89705884,0.6076232
54253281,54253177,0.13044155,-0.8143768,0.64968854
54273231,54273130,0.09976054,-0.905664,0.68523836
54290702,54290590,0.10231336,-0.97500145,0.68067396
54313228,54313037,-0.0148600135,-0.99676585,0.6464747
54333093,54332990,-0.04829454,-0.9800452,0.6277202
54350553,54350450,-0.033539504,-0.9732455,0.62571144
54373000,54372898,0.15655452,-1.0,0.64258605
54392954,54392851,0.38755348,-1.0,0.6347768
54415401,54415299,0.396186,-1.0,0.62776834
54432860,54432758,0.38973603,-1.0,0.6118152
54452816,54452712,0.33959487,-1.0,0.59891737
54472774,54472665,0.35242888,-1.0,0.5922074
54490230,54490127,0.30824044,-1.0,0.5842148
54512731,54512572,0.11607072,-0.81794465,0.62770224
54532652,54532526,0.030703424,-0.8768569,0.677236
54555076,54554973,0.05789946,-0.9738061,0.6851909
54572535,54572433,0.029796744,-1.0,0.6621291
54592494,54592386,-0.042208098,-1.0,0.63288784
54614943,54614834,-0.06994957,-1.0,0.62703615
54632398,54632293,0.105633624,-1.0,0.64378
54652353,54652247,0.25734258,-1.0,0.6502339
54672363,54672201,0.36111847,-1.0,0.64021
54694767,54694648,0.4202688,-1.0,0.62735987
54712219,54712107,0.37988114,-1.0,0.61016196
54732164,54732061,0.37314776,-1.0,0.5979028
54754617,54754509,0.41590127,-1.0,0.60240936
54772073,54771968,0.23600176,-0.86652595,0.6159029
54792026,54791922,0.10824495,-0.86834943,0.65737927
54814478,54814369,0.11675185,-0.9693012,0.6711439
54834449,54834323,0.030465862,-1.0,0.6486883
54851888,54851782,-0.08415675,-1.0,0.6126751
54871841,54871736,-0.12015019,-1.0,0.6127569
54894298,54894183,-0.027040364,-1.0,0.6249032
54911746,54911643,0.08823604,-1.0,0.63041157
54931708,54931596,0.30613455,-1.0,0.6190387
54954148,54954044,0.37079722,-1.0,0.6017814
54974101,54973997,0.3286779,-1.0,0.57134336
54991558,54991457,0.32764745,-1.0,0.5615886
55014009,55013904,0.3486118,-1.0,0.55742145
55033963,55033858,0.22065786,-0.9640408,0.5636851
55051419,55051317,0.08979064,-0.93464375,0.6072225
55071374,55071271,0.02735037,-1.0,0.64573824
55093987,55093719,0.043198753,-1.0,0.6451344
55113779,55113672,-0.05840514,-1.0,0.60845834
55131233,55131131,-0.10583137,-1.0,0.59935296
55153687,55153579,-0.105640106,-1.0,0.60191405
55173641,55173533,0.08151647,-1.0,0.62145716
55191098,55190992,0.29606625,-1.0,0.6151909
55213554,55213440,0.30283713,-1.0,0.5367005
55233520,55233393,0.25091988,-1.0,0.5174602
55253451,55253347,0.21545364,-1.0,0.506711
55270909,55270806,0.22274922,-1.0,0.5098637
55293461,55293254,0.13217545,-1.0,0.51614857
55313321,55313207,-0.014521662,-0.9943171,0.6262315
55330774,55330666,-0.049479827,-1.0,0.6694199
55353218,55353114,-0.014280374,-1.0,0.68599296
55373170,55373068,-0.071647994,-1.0,0.6608057
55393124,55393021,-0.032282453,-1.0,0.6468822
55410585,55410481,-0.013414454,-1.0,0.6466314
55433034,55432928,0.15943138,-1.0,0.66150266
55452988,55452882,0.38955596,-1.0,0.6560225
55470448,55470341,0.4203141,-1.0,0.64415616
55492974,55492789,0.358383,-1.0,0.634977
55512846,55512742,0.30642346,-1.0,0.61954343
55535292,55535190,0.27161512,-1.0,0.60433453
55552757,55552649,0.1991141,-1.0,0.60878253
55572711,55572603,0.04862176,-1.0,0.65207994
55592663,55592557,-0.00022868339,-1.0,0.704521
55610137,55610016,0.04600734,-1.0,0.7126448
55632585,55632464,-0.0041356836,-1.0,0.68876255
55652521,55652417,-0.019218408,-1.0,0.6665461
55674977,55674865,0.005585611,-1.0,0.65955883
55692453,55692324,0.18664025,-1.0,0.6703759
55712381,55712277,0.3781685,-1.0,0.6586178
55734829,55734725,0.47321334,-1.0,0.64042217
55752291,55752185,0.40433264,-1.0,0.6236425
55772241,55772138,0.40785792,-1.0,0.5993919
55792196,55792091,0.39374703,-1.0,0.5875734
55814646,55814539,0.31593356,-1.0,0.5879901
55832104,55831999,0.18758446,-1.0,0.62374747
55852058,55851952,0.10424164,-1.0,0.67023826
55874511,55874400,0.1631123,-1.0,0.6813465
55891965,55891859,0.11349712,-1.0,0.65418434
55911922,55911813,0.07678043,-1.0,0.63107646
55934361,55934260,0.084694885,-1.0,0.6125338
55954316,55954214,0.3975908,-1.0,0.5880455
55971780,55971673,0.5629045,-1.0,0.58938444
55991734,55991627,0.7186241,-0.94434834,0.5455232
56014176,56014074,0.7635027,-0.8396918,0.50974417
56031649,56031534,0.7656369,-0.9305127,0.4977845
56051592,56051487,0.70152014,-0.80770564,0.48580566
56074199,56073935,0.61032945,-0.6228858,0.4865364
56093994,56093889,0.44779244,-0.49947837,0.52147484
56111451,56111348,0.36534923,-0.5864453,0.5638743
56133906,56133796,0.38270962,-0.70710146,0.593626
56153855,56153749,0.17426412,-0.8463466,0.65076715
56171312,56171209,0.20568207,-0.94039965,0.62388074
56191296,56191162,0.20506456,-0.91749865,0.610082
56213715,56213610,0.35626543,-1.0,0.6239507
56233668,56233563,0.5498662,-1.0,0.61950123
56251126,56251022,0.568756,-1.0,0.61015886
56273694,56273470,0.48310265,-1.0,0.571881
56293526,56293424,0.42530686,-1.0,0.554294
56310989,56310883,0.3298807,-1.0,0.5385047
56333431,56333331,0.25763738,-1.0,0.55678475
56353389,56353287,0.08289378,-1.0,0.61308163
56373339,56373238,0.03175387,-1.0,0.6809595
56390802,56390697,0.12633803,-1.0,0.7142755
56413249,56413145,0.12246887,-1.0,0.6931046
56433203,56433099,0.20419098,-1.0,0.6759649
56450676,56450558,0.23983788,-1.0,0.66331404
56473204,56473005,0.44300067,-1.0,0.65957654
56493066,56492959,0.6229878,-1.0,0.65490377
56515525,56515407,0.6392444,-1.0,0.6438435
56532974,56532866,0.61095756,-1.0,0.6447739
56552922,56552820,0.56097573,-1.0,0.6208122
56572878,56572773,0.4720275,-1.0,0.6141244
56590349,56590232,0.469555,-1.0,0.62908834
56612794,56612680,0.27143833,-0.8778021,0.6809387
56632736,56632634,0.17395963,-0.882949,0.73102725
56655194,56655081,0.23811714,-0.9310207,0.749298
56672680,56672541,0.20621152,-0.9263316,0.728058
56692597,56692494,0.20244718,-0.89061785,0.6935854
56715047,56714942,0.16486005,-0.8493361,0.67609024
56732503,56732401,0.37193826,-0.95983624,0.69893074
56752456,56752355,0.59749603,-0.9550195,0.69218093
56772412,56772308,0.6942444,-0.96980035,0.68593115
56794864,56794756,0.6573088,-0.9767655,0.6846102
56812319,56812215,0.636386,-1.0,0.66120976
56832272,56832169,0.59367585,-1.0,0.64160293
56854731,56854617,0.53015685,-0.88713473,0.6405068
56872189,56872077,0.4249564,-0.75212175,0.67567015
56892132,56892030,0.29193154,-0.8308331,0.71587896
56912087,56911983,0.33480817,-0.9433425,0.7224373
56934535,56934431,0.2967809,-1.0,0.6920999
56952003,56951890,0.2775766,-1.0,0.65923905
56971948,56971844,0.25609472,-1.0,0.635744
56994432,56994291,0.41487125,-1.0,0.626373
57011855,57011751,0.56072146,-1.0,0.6204444
57031809,57031704,0.67084885,-1.0,0.5818288
57054273,57054152,0.66281456,-1.0,0.5682189
57074213,57074106,0.6333796,-1.0,0.5426987
57091671,57091565,0.5969179,-1.0,0.5293768
57111624,57111518,0.5736313,-1.0,0.53079396
57134072,57133966,0.4157409,-1.0,0.58230513
57151540,57151425,0.3229632,-1.0,0.63280976
57171479,57171379,0.36026272,-1.0,0.65213794
57193931,57193827,0.35403657,-1.0,0.631687
57213884,57213780,0.36385605,-1.0,0.6106397
57231341,57231240,0.3523678,-1.0,0.60209316
57253928,57253687,0.5662634,-1.0,0.6169897
57273745,57273641,0.7468636,-1.0,0.60585636
57291201,57291100,0.8156697,-1.0,0.5898198
57311157,57311054,0.7869904,-1.0,0.5855249
57333605,57333501,0.7080138,-1.0,0.5906977
57353558,57353455,0.6558756,-1.0,0.58017343
57371018,57370914,0.62922645,-0.9973663,0.6174731
57393467,57393362,0.47974515,-0.67201144,0.677806
57413457,57413315,0.36548996,-0.6722409,0.7356904
57430877,57430775,0.4094658,-0.71623737,0.75049937
57453417,57453222,0.40606037,-0.75656784,0.7311428
57473281,57473176,0.43390268,-0.7372785,0.70207494
57493234,57493129,0.44754574,-0.70950633,0.6863058
57510692,57510589,0.6438205,-0.81962395,0.7010003
57533142,57533037,0.8285983,-0.82094914,0.7111413
57553110,57552990,0.88052094,-0.8198188,0.71456087
57570550,57570449,0.85712284,-0.8189277,0.7168708
57593001,57592897,0.78538257,-0.94047654,0.6914774
57612953,57612851,0.75162655,-0.87754685,0.67913693
57635414,57635298,0.66477334,-0.7034432,0.67638445
57652914,57652758,0.56697196,-0.5318911,0.7129749
57672815,57672711,0.45800972,-0.57144886,0.76670164
57692767,57692665,0.4905346,-0.6322794,0.78346974
57710226,57710124,0.497258,-0.67832994,0.7735172
57732676,57732572,0.48676834,-0.67630166,0.73098606
57752633,57752525,0.50657153,-0.643428,0.70481396
57775076,57774973,0.7347187,-0.73611593,0.70381767
57792540,57792432,0.8628241,-0.841657,0.6784545
57812492,57812386,0.91869056,-0.846771,0.67723316
57834947,57834834,0.9294434,-1.0,0.6003457
57852409,57852295,0.8830625,-1.0,0.5872979
57872363,57872247,0.8269436,-1.0,0.5703241
57892305,57892200,0.79604995,-1.0,0.57157403
57914751,57914648,0.6146655,-1.0,0.6162317
57932213,57932107,0.54298866,-1.0,0.6702836
57952190,57952061,0.56489086,-1.0,0.6909714
57974620,57974508,0.55190134,-1.0,0.675802
57992073,57991968,0.55127645,-1.0,0.6423662
58012026,58011921,0.5523591,-1.0,0.6312383
58034485,58034369,0.6985761,-1.0,0.6462431
58054425,58054322,0.88941455,-1.0,0.64120275
58071888,58071782,0.9692638,-1.0,0.62848544
58091864,58091735,0.9480235,-1.0,0.6218812
58114286,58114183,0.88811743,-1.0,0.5964721
58131748,58131642,0.8285683,-1.0,0.5835621
58151705,58151596,0.8199147,-1.0,0.5881464
58174146,58174044,0.62485343,-0.92248654,0.63184065
58194101,58193997,0.51853156,-0.9977892,0.6836992
58211563,58211457,0.5783018,-1.0,0.6967525
58231524,58231410,0.5408514,-1.0,0.6758686
58253961,58253859,0.5342995,-1.0,0.6399796
58271420,58271317,0.5233545,-1.0,0.62574774
58291375,58291271,0.6885775,-1.0,0.6401378
58313819,58313718,0.89367884,-1.0,0.6347158
58333775,58333672,0.94889164,-1.0,0.6231009
58351235,58351131,0.8802379,-1.0,0.6156977
58373683,58373579,0.81238884,-1.0,0.58164483
58393637,58393533,0.7785733,-1.0,0.5751359
58411094,58410992,0.70529187,-1.0,0.575007
58431185,58430945,0.54536813,-1.0,0.6172603
58453498,58453393,0.44075477,-1.0,0.6841249
58473449,58473347,0.49981976,-1.0,0.7001563
58490911,58490806,0.4832048,-1.0,0.6798705
58513373,58513254,0.46714428,-1.0,0.6467167
58533308,58533207,0.46676794,-1.0,0.63074756
58550770,58550667,0.6768216,-1.0,0.6453535
58573216,58573114,0.877447,-1.0,0.6318789
58593171,58593068,0.8800525,-1.0,0.6158674
58613128,58613022,0.76046234,-1.0,0.5942022
58630689,58630481,0.70935464,-1.0,0.57751
58653074,58652928,0.66766053,-1.0,0.5765727
58672985,58672882,0.54546046,-1.0,0.58115005
58690458,58690341,0.40330017,-1.0,0.6242493
58712891,58712789,0.32615903,-1.0,0.6964835
58732848,58732743,0.40685987,-1.0,0.7043034
58755296,58755190,0.39157605,-1.0,0.66763467
58772764,58772650,0.3998248,-1.0,0.6449924
58792719,58792603,0.4044894,-1.0,0.6403419
58812671,58812557,0.6522355,-1.0,0.6442677
58830174,58830016,0.8359567,-1.0,0.63872
58852566,58852464,0.8328316,-1.0,0.61893666
58872520,58872417,0.7439325,-1.0,0.5946207
58894979,58894865,0.6537367,-1.0,0.57132995
58912430,58912324,0.66307104,-1.0,0.5752407
58932378,58932278,0.514071,-1.0,0.58211535
58954830,58954726,0.36450064,-1.0,0.6519572
58972289,58972185,0.34271097,-1.0,0.69149125
58992243,58992139,0.42699003,-1.0,0.6830218
59012205,59012095,0.3856412,-1.0,0.64573514
59034650,59034540,0.385236,-1.0,0.6224218
59052117,59051999,0.47494963,-1.0,0.6203313
59072056,59071953,0.69599885,-1.0,0.6196396
59094505,59094400,0.8591312,-1.0,0.6007883
59111964,59111860,0.8325407,-1.0,0.5818434
59131917,59131813,0.7388963,-1.0,0.54998
59154367,59154261,0.64908457,-1.0,0.52890944
59174320,59174215,0.64538217,-1.0,0.53338
59191790,59191674,0.4737948,-1.0,0.5524943
59211740,59211627,0.3450044,-1.0,0.62903553
59234180,59234075,0.35572216,-1.0,0.626576
59251641,59251535,0.23739764,-1.0,0.4779254
59271591,59271488,-0.08475806,-1.0,0.4496249
59294042,59293936,-0.24772261,-1.0,0.43982255
59313995,59313889,-0.28225514,-1.0,0.41667297
59331452,59331349,-0.2629031,-1.0,0.36416724
59353900,59353796,-0.38448757,-1.0,0.28385988
59373855,59373750,-0.5750533,-1.0,0.2162381
59391311,59391209,-0.6773764,-1.0,0.19853401
59411414,59411163,-0.69794345,-1.0,0.18601108
59433717,59433610,-0.73972046,-1.0,0.19690506
59453668,59453564,-0.9547308,-1.0,0.25833523
59471126,59471023,-1.0,-1.0,0.36055633
59493574,59493471,-0.90438193,-1.0,0.4179564
59513529,59513425,-0.75681734,-1.0,0.40734398
59530987,59530884,-0.23346625,-1.0,0.39970392
59553440,59553332,0.35627684,-1.0,0.42183876
59573389,59573285,1.0,-1.0,0.6374893
59593345,59593239,1.0,-1.0,0.6725536
59610935,59610698,1.0,-1.0,0.66426325
59633249,59633146,1.0,-1.0,0.67092305
59653203,59653099,1.0,-1.0,0.63803756
59670664,59670559,1.0,-1.0,0.6065707
59693111,59693006,1.0,-1.0,0.58577585
59713073,59712960,1.0,-1.0,0.61761504
59735515,59735408,0.9950437,-1.0,0.67106235
59753009,59752867,1.0,-1.0,0.5191299
59772924,59772821,1.0,-1.0,0.35597
59792878,59792774,1.0,-1.0,0.22152533
59810406,59810233,1.0,-1.0,0.15174128
59832789,59832681,1.0,-1.0,0.1371672
59852752,59852635,1.0,-1.0,0.11401585
59875185,59875082,1.0,-1.0,0.13485813
59892647,59892542,1.0,-1.0,0.117057905
59912598,59912495,1.0,-1.0,0.12015778
59935045,59934943,1.0,-1.0,0.27428493
59952509,59952402,1.0,-1.0,0.29941905
59972460,59972356,0.98823553,-1.0,0.35301155
59992425,59992310,0.88018024,-1.0,0.4052486
60014877,60014758,1.0,-1.0,0.5485008
60032320,60032217,1.0,-1.0,0.5263922
60052274,60052170,1.0,-1.0,0.5086558
60074722,60074618,1.0,-1.0,0.50750256
60092186,60092078,1.0,-1.0,0.5368925
60112136,60112031,1.0,-1.0,0.53640234
60132091,60131984,1.0,-1.0,0.5298669
60154550,60154432,1.0,-1.0,0.5207599
60171996,60171891,1.0,-1.0,0.509778
60191960,60191845,1.0,-1.0,0.5002016
60214394,60214293,0.7065348,-0.7516505,0.25675887
60231858,60231752,0.6480241,-0.7073076,0.29110166
60251824,60251706,0.60083973,-0.7706951,0.32960492
60274256,60274153,0.65018845,-0.8178732,0.3428346
60294207,60294107,0.6680925,-0.8296058,0.33109656
60311670,60311566,1.0,-1.0,0.5880957
60331625,60331519,1.0,-1.0,0.5715238
60354069,60353967,1.0,-1.0,0.57706606
60371547,60371427,1.0,-1.0,0.5665587
60391652,60391380,1.0,-1.0,0.55093265
60413943,60413828,0.85012436,-0.8013741,0.26526892
60433885,60433781,0.7696513,-0.8424053,0.25289673
60451343,60451241,0.7612406,-0.78022027,0.25340673
60473789,60473688,0.6733287,-0.6948622,0.2661988
60493745,60493642,0.5872135,-0.6516124,0.30714092
60511205,60511101,0.9230416,-1.0,0.7146109
60531167,60531055,1.0,-1.0,0.7256589
60553606,60553503,1.0,-1.0,0.69222593
60573561,60573456,1.0,-1.0,0.6668494
60591143,60590915,1.0,-1.0,0.65376675
60613465,60613363,1.0,-1.0,0.656344
60633427,60633317,1.0,-1.0,0.6504341
60650882,60650776,1.0,-1.0,0.6448016
60673334,60673224,1.0,-1.0,0.6319851
60693280,60693177,1.0,-1.0,0.60711825
60713252,60713131,1.0,-1.0,0.6047527
60730697,60730590,1.0,-1.0,0.61522037
60753140,60753038,0.9676664,-1.0,0.69623417
60773094,60772992,0.9832727,-1.0,0.7491859
60790639,60790451,1.0,-1.0,0.75323296
60813001,60812899,1.0,-1.0,0.71160954
60832955,60832852,1.0,-1.0,0.68737674
60855424,60855300,1.0,-1.0,0.6692071
60872861,60872759,1.0,-1.0,0.66316056
60892819,60892713,1.0,-1.0,0.6652834
60912783,60912666,1.0,-1.0,0.65928304
60930234,60930126,1.0,-1.0,0.6457847
60952680,60952574,1.0,-1.0,0.6157199
60972644,60972527,1.0,-1.0,0.6139982
60995130,60994975,1.0,-1.0,0.65045595
61012536,61012434,1.0,-1.0,0.7115159
61032490,61032388,1.0,-1.0,0.7428298
61054945,61054836,1.0,-1.0,0.73517424
61072399,61072295,1.0,-1.0,0.6947995
61092353,61092248,1.0,-1.0,0.67867696
61112306,61112202,1.0,-1.0,0.6638624
61134753,61134649,1.0,-1.0,0.6646607
61152213,61152109,1.0,-1.0,0.654105
61172174,61172062,1.0,-1.0,0.6447005
61194616,61194510,1.0,-1.0,0.61987185
61212074,61211970,1.0,-1.0,0.5920003
61232028,61231923,1.0,-1.0,0.5992223
61254492,61254371,1.0,-1.0,0.6421199
61274427,61274324,1.0,-1.0,0.7112323
61291888,61291784,1.0,-1.0,0.7315884
61311842,61311737,1.0,-1.0,0.7130765
61334288,61334185,1.0,-1.0,0.6770354
61351748,61351645,1.0,-1.0,0.6606085
61371716,61371598,1.0,-1.0,0.64729077
61394160,61394046,1.0,-1.0,0.6446004
61414104,61413999,0.73417383,-0.47254038,0.21738888
61431560,61431459,0.7144374,-0.4765542,0.21562134
61454012,61453906,0.6884035,-0.5222469,0.2044271
61473967,61473860,0.66577727,-0.49452117,0.19908154
61491421,61491319,0.6390823,-0.4568359,0.20019624
61511376,61511273,1.0,-1.0,0.621267
61533827,61533720,1.0,-1.0,0.6856453
61553785,61553674,1.0,-1.0,0.69775647
61571376,61571133,1.0,-1.0,0.67468065
61593685,61593581,1.0,-1.0,0.64110833
61613644,61613535,1.0,-1.0,0.61230516
61631097,61630994,1.0,-1.0,0.614702
61653547,61653442,1.0,-1.0,0.60862714
61673507,61673395,1.0,-1.0,0.58619535
61693451,61693349,1.0,-1.0,0.57008797
61710909,61710808,1.0,-1.0,0.5427097
61733362,61733256,1.0,-1.0,0.52780867
61753323,61753209,1.0,-1.0,0.53996074
61770869,61770669,1.0,-1.0,0.5941012
61793224,61793116,0.9427774,-1.0,0.67769456
61813175,61813070,1.0,-1.0,0.6930447
61833127,61833024,1.0,-1.0,0.6700548
61850587,61850483,1.0,-1.0,0.6428109
61873034,61872930,1.0,-1.0,0.6225457
61892992,61892884,1.0,-1.0,0.6248306
61910449,61910343,1.0,-1.0,0.6202544
61932897,61932791,1.0,-1.0,0.6068787
61952866,61952745,1.0,-1.0,0.59580064
61975295,61975192,1.0,-1.0,0.5667177
61992756,61992652,1.0,-1.0,0.5666794
62012710,62012605,1.0,-1.0,0.580893
62032664,62032559,0.884617,-1.0,0.6491201
62050135,62050018,0.83768207,-1.0,0.7093637
62072571,62072466,0.9735832,-1.0,0.7221644
62092555,62092420,0.98377824,-1.0,0.6929912
62114969,62114867,1.0,-1.0,0.6577646
62132432,62132327,1.0,-1.0,0.64418334
62152396,62152280,1.0,-1.0,0.6337162
62174830,62174728,1.0,-1.0,0.6195136
62192291,62192187,1.0,-1.0,0.6061811
62212248,62212141,1.0,-1.0,0.5849384
62232198,62232094,1.0,-1.0,0.5573903
62254645,62254542,1.0,-1.0,0.5595551
62272130,62272001,1.0,-1.0,0.5735577
62292060,62291955,0.88507414,-1.0,0.6382585
62314505,62314403,0.89349484,-1.0,0.69693923
62331968,62331862,0.9685204,-1.0,0.6923347
62351930,62351816,0.94451106,-1.0,0.65371287
62374368,62374263,0.9842371,-1.0,0.63277286
62394321,62394217,1.0,-1.0,0.6145439
62411783,62411676,1.0,-1.0,0.61138904
62431736,62431630,1.0,-1.0,0.5971863
62454185,62454078,1.0,-1.0,0.5782523
62471644,62471537,1.0,-1.0,0.5550097
62491610,62491490,1.0,-1.0,0.5257291
62514040,62513938,1.0,-1.0,0.53180933
62531500,62531397,1.0,-1.0,0.54357505
62551608,62551351,0.9265486,-1.0,0.6223489
62573901,62573799,0.96370584,-1.0,0.66832334
62593861,62593752,1.0,-1.0,0.6632829
62611317,62611212,1.0,-1.0,0.62555075
62631289,62631165,1.0,-1.0,0.6075662
62653717,62653613,1.0,-1.0,0.6011081
62673669,62673566,1.0,-1.0,0.59584683
62691130,62691026,1.0,-1.0,0.5894208
62713579,62713476,1.0,-1.0,0.5772924
62733531,62733427,1.0,-1.0,0.5620385
62751101,62750887,1.0,-1.0,0.54120755
62773441,62773334,1.0,-1.0,0.55014026
62793393,62793288,1.0,-1.0,0.5804206
62813377,62813241,0.9591046,-1.0,0.6480346
62830805,62830701,1.0,-1.0,0.6743587
62853252,62853148,1.0,-1.0,0.66213983
62873205,62873102,1.0,-1.0,0.627312
62890669,62890561,1.0,-1.0,0.61448246
62913114,62913009,0.64260274,-0.691645,0.24339698
62933068,62932963,0.7343851,-0.6821537,0.23720475
62955607,62955412,0.76680547,-0.6836615,0.22802049
62972977,62972870,0.755422,-0.680417,0.22255686
62992927,62992823,0.7131203,-0.72796386,0.20970064
63012881,63012777,1.0,-1.0,0.5268117
63030340,63030236,1.0,-1.0,0.53586394
63052788,63052684,1.0,-1.0,0.58414394
63072742,63072637,0.9418994,-1.0,0.65977603
63095187,63095085,1.0,-1.0,0.68642735
63112648,63112544,1.0,-1.0,0.66694605
63132611,63132498,1.0,-1.0,0.638587
63155050,63154946,1.0,-1.0,0.61502045
63172510,63172405,1.0,-1.0,0.6179673
63192463,63192359,1.0,-1.0,0.59951144
63212417,63212312,1.0,-1.0,0.58277327
63234863,63234760,1.0,-1.0,0.5705161
63252320,63252219,1.0,-1.0,0.5504837
63272274,63272173,1.0,-1.0,0.5429597
63294724,63294621,1.0,-1.0,0.5480757
63312182,63312080,1.0,-1.0,0.6075096
63332144,63332033,0.93181765,-1.0,0.67243254
63354603,63354481,1.0,-1.0,0.6864404
63374539,63374435,1.0,-1.0,0.6615544
63391996,63391894,1.0,-1.0,0.63840115
63411949,63411848,1.0,-1.0,0.62271595
63434401,63434295,1.0,-1.0,0.62829876
63451859,63451755,1.0,-1.0,0.6242079
63471811,63471708,1.0,-1.0,0.60523045
63494259,63494156,1.0,-1.0,0.5887506
63514215,63514110,1.0,-1.0,0.4299801
63531840,63531569,0.98006815,-1.0,0.42501003
63551628,63551522,0.898211,-1.0,0.42926952
63574074,63573970,0.76236725,-0.9633862,0.4824729
63591533,63591429,0.69704896,-1.0,0.5275435
63611498,63611383,0.92937267,-1.0,0.70430464
63633936,63633832,0.923173,-1.0,0.67419404
63653887,63653784,0.9496927,-1.0,0.6429009
63671346,63671244,0.97890675,-1.0,0.6325177
63693798,63693691,1.0,-1.0,0.6453154
63713750,63713645,1.0,-1.0,0.6388861
63731333,63731104,1.0,-1.0,0.62431425
63753675,63753552,1.0,-1.0,0.6077585
63773611,63773506,1.0,-1.0,0.58993185
63793564,63793459,1.0,-1.0,0.5823895
63811020,63810918,1.0,-1.0,0.59783274
63833487,63833366,0.8840229,-1.0,0.65584844
63853426,63853320,0.82515156,-1.0,0.69570166
63870891,63870779,0.91245145,-1.0,0.6991781
63893336,63893227,0.8553705,-1.0,0.6589761
63913285,63913180,0.85649765,-1.0,0.619598
63933291,63933134,0.9208548,-1.0,0.62234616
63950700,63950593,1.0,-1.0,0.62786037
63973147,63973041,1.0,-1.0,0.61201566
63993100,63992995,1.0,-1.0,0.5971772
64010569,64010454,1.0,-1.0,0.57185465
64033009,64032902,1.0,-1.0,0.55093867
64052990,64052855,1.0,-1.0,0.5448299
64075406,64075303,0.9497865,-1.0,0.5630197
64092868,64092762,0.82616025,-1.0,0.6202382
64112832,64112716,0.7986269,-1.0,0.66455036
64132797,64132670,0.87334186,-1.0,0.662867
64150231,64150129,0.860484,-1.0,0.63698566
64172684,64172577,0.8740828,-1.0,0.6038716
64192636,64192530,0.9460596,-1.0,0.6078892
64215079,64214978,1.0,-1.0,0.61245614
64232541,64232437,1.0,-1.0,0.5993534
64252493,64252391,1.0,-1.0,0.5784659
64274944,64274839,1.0,-1.0,0.5529218
64292401,64292298,0.98454297,-1.0,0.5375306
64312363,64312251,0.9586919,-1.0,0.54770523
64332323,64332205,0.7815304,-1.0,0.566423
64354760,64354653,0.61633134,-1.0,0.6556873
64372215,64372112,0.65191394,-1.0,0.69462097
64392169,64392066,0.7137747,-1.0,0.7013502
64414621,64414514,0.67558986,-1.0,0.6590719
64432078,64431973,0.71237755,-1.0,0.6480956
64452044,64451926,0.8655683,-1.0,0.64126486
64474480,64474374,1.0,-1.0,0.63952184
64494431,64494328,1.0,-1.0,0.635323
64511899,64511787,1.0,-1.0,0.6306887
64531848,64531741,1.0,-1.0,0.6033913
64554291,64554188,0.9438555,-1.0,0.5778514
64571753,64571648,0.9244852,-1.0,0.58367765
64591710,64591601,0.79069203,-1.0,0.6093648
64614151,64614049,0.61777896,-1.0,0.6876894
64634105,64634003,0.6508944,-1.0,0.7087992
64651567,64651462,0.66806394,-1.0,0.6991706
64674014,64673910,0.61200505,-1.0,0.6523864
64693967,64693863,0.6168814,-1.0,0.6464894
64711579,64711322,0.7758568,-1.0,0.6377158
64731378,64731276,0.95040965,-1.0,0.6320114
64753831,64753724,1.0,-1.0,0.6212959
64773781,64773677,1.0,-1.0,0.61106926
64791240,64791137,0.966267,-1.0,0.58381915
64813693,64813584,0.9145365,-1.0,0.56709975
64833644,64833538,0.87257713,-1.0,0.57052916
64851115,64850997,0.755773,-1.0,0.5886272
64873548,64873445,0.59303075,-1.0,0.65843844
64893501,64893399,0.64368135,-1.0,0.6730604
64913526,64913352,0.6593615,-1.0,0.6525209
64930917,64930812,0.60751116,-1.0,0.616769
64953365,64953260,0.61403966,-1.0,0.61046326
64973318,64973213,0.80055845,-1.0,0.6142805
64990820,64990672,0.92919177,-1.0,0.6052989
65013221,65013120,1.0,-1.0,0.5796551
65033177,65033074,0.99503267,-1.0,0.5626418
65053131,65053027,0.92922425,-1.0,0.5355877
65070594,65070487,0.8317846,-1.0,0.52327275
65093038,65092934,0.78256345,-1.0,0.52832365
65113024,65112888,0.60451823,-1.0,0.5764162
65130454,65130347,0.5168686,-1.0,0.6368734
65152905,65152796,0.5561217,-1.0,0.66668814
65172853,65172749,0.5689924,-1.0,0.6498476
65195300,65195196,0.5580627,-1.0,0.62048316
65212764,65212656,0.54031265,-1.0,0.60959476
65232717,65232609,0.7691187,-1.0,0.621057
65252670,65252563,0.9224877,-1.0,0.6121775
65270141,65270022,0.93852746,-1.0,0.5956921
65292581,65292470,0.8867422,-1.0,0.57927287
65312525,65312424,0.7810078,-1.0,0.5506394
65334975,65334871,0.6997024,-1.0,0.55065084
65352432,65352330,0.61546713,-1.0,0.5618052
65372386,65372284,0.474056,-1.0,0.6182694
65394837,65394732,0.38445982,-1.0,0.69712514
65412311,65412191,0.4338918,-1.0,0.7104968
65432246,65432145,0.44371182,-1.0,0.69395804
65452200,65452098,0.4275839,-1.0,0.6682045
65474654,65474546,0.43161526,-1.0,0.65583915
65492115,65492005,0.6504414,-1.0,0.6606255
65512062,65511959,0.870491,-1.0,0.64488107
65534511,65534407,0.89821416,-1.0,0.6231781
65552029,65551866,0.8082581,-1.0,0.60186243
65571921,65571820,0.7638835,-1.0,0.58095014
65594372,65594267,0.7321695,-1.0,0.56673664
65614325,65614221,0.6164297,-1.0,0.5706785
65631782,65631680,0.49376577,-1.0,0.6186594
65651739,65651634,0.41761422,-1.0,0.6749845
65674188,65674082,0.49361378,-1.0,0.6849349
65691795,65691541,0.4875558,-1.0,0.6615389
65711597,65711495,0.46266162,-1.0,0.63791203
65734048,65733942,0.46639964,-1.0,0.6236187
65754001,65753896,0.6912287,-1.0,0.63155895
65771480,65771355,0.8853248,-1.0,0.6094662
65793910,65793803,0.9012406,-1.0,0.5898289
65813884,65813757,0.8558801,-1.0,0.5726977
65831317,65831216,0.8234009,-1.0,0.55158144
65851271,65851170,0.7692682,-1.0,0.54294974
65873722,65873617,0.6804009,-1.0,0.55196226
65893763,65893571,0.5342791,-1.0,0.6118284
65911135,65911030,0.4928007,-1.0,0.6663621
65933583,65933480,0.5552669,-1.0,0.67245585
65953603,65953432,0.47981367,-1.0,0.64013827
65970994,65970891,0.482353,-1.0,0.6262132
65993448,65993339,0.49121994,-1.0,0.61023176
66013397,66013292,0.7317054,-1.0,0.6238023
66033352,66033246,0.9211277,-1.0,0.612779
66050807,66050705,0.8858323,-1.0,0.5823639
66073259,66073153,0.84163606,-1.0,0.5584068
66093323,66093106,0.7942181,-1.0,0.5395878
66110672,66110566,0.7573488,-1.0,0.54182386
66133120,66133014,0.64195627,-1.0,0.5532812
66153074,66152967,0.50891227,-1.0,0.6162437
66175521,66175415,0.47946596,-1.0,0.6765385
66192982,66192874,0.5367627,-1.0,0.67553735
66212936,66212828,0.48743758,-1.0,0.63725567
66232888,66232782,0.47868016,-1.0,0.6089206
66250364,66250241,0.4731221,-1.0,0.6146232
66272804,66272689,0.6684175,-1.0,0.64900076
66292754,66292642,0.8480808,-1.0,0.641583
66315193,66315090,0.7991431,-1.0,0.6296706
66332655,66332549,0.84853697,-1.0,0.60917294
66352607,66352503,0.7996888,-1.0,0.5847377
66375056,66374951,0.7060255,-1.0,0.57732093
66392513,66392410,0.6559528,-1.0,0.58041704
66412466,66412363,0.52467227,-1.0,0.6339542
66432419,66432317,0.42751864,-1.0,0.6811744
66454869,66454765,0.47769898,-1.0,0.6867766
66472338,66472224,0.4268788,-1.0,0.6599116
66492283,66492178,0.39306873,-1.0,0.6273036
66514742,66514625,0.4454791,-1.0,0.64109504
66532189,66532085,0.6176315,-1.0,0.6496381
66552142,66552038,0.8413549,-1.0,0.6258796
66572105,66571992,0.8247674,-1.0,0.60191184
66592052,66591946,0.76633346,-1.0,0.5761316
66612005,66611899,0.71095973,-1.0,0.56020695
66631959,66631853,0.72283924,-1.0,0.5643646
66654402,66654300,0.5820915,-1.0,0.57808334
66672051,66671761,0.45832932,-1.0,0.6328827
66691817,66691713,0.41389546,-1.0,0.6877689
66714265,66714161,0.45492515,-1.0,0.68470865
66734219,66734115,0.3738879,-1.0,0.6410303
66751681,66751574,0.3821269,-1.0,0.6263285
66771634,66771528,0.40598822,-1.0,0.6379853
66794077,66793975,0.635061,-1.0,0.64831924
66811536,66811435,0.8337397,-1.0,0.6334614
66831491,66831388,0.79632133,-1.0,0.61673313
66853941,66853837,0.76514256,-1.0,0.5837438
66874012,66873790,0.70117986,-1.0,0.5705464
66891353,66891249,0.7051869,-1.0,0.5741429
66913815,66913697,0.5667184,-1.0,0.5844489
66933752,66933650,0.4322343,-1.0,0.64874625
66951212,66951110,0.42488843,-1.0,0.6906082
66971176,66971063,0.47861058,-1.0,0.689088
66993619,66993511,0.39207706,-1.0,0.6448988
67013580,67013465,0.4059716,-1.0,0.6288356
67031030,67030924,0.46163598,-1.0,0.63247204
67053482,67053373,0.7265923,-1.0,0.6448453
67073502,67073325,0.9265393,-1.0,0.63060945
67090890,67090785,0.87657905,-1.0,0.6229128
67113340,67113232,0.84410405,-1.0,0.591573
67133291,67133186,0.77571476,-1.0,0.5738271
67153245,67153140,0.7893678,-1.0,0.5724496
67170704,67170599,0.6650206,-1.0,0.5786989
67193148,67193047,0.49937794,-1.0,0.64900917
67213104,67213000,0.49294138,-1.0,0.68315405
67230563,67230460,0.52502996,-1.0,0.68101215
67253024,67252908,0.43682897,-1.0,0.64040637
67272992,67272861,0.4593982,-1.0,0.6181757
67295413,67295309,0.57862896,-1.0,0.6261777
67312889,67312768,0.7095975,-1.0,0.6304053
67332825,67332722,0.9483293,-1.0,0.6171552
67352779,67352675,0.91741043,-1.0,0.6096409
67370243,67370135,0.84956694,-1.0,0.5925189
67392686,67392582,0.7695565,-1.0,0.57288444
67412643,67412536,0.80765104,-1.0,0.57810843
67435101,67434984,0.67098033,-1.0,0.5921772
67452553,67452443,0.5216767,-1.0,0.6453877
67472499,67472397,0.5261228,-1.0,0.6802838
67494951,67494844,0.54263866,-1.0,0.6721965
67512406,67512304,0.46381027,-1.0,0.63281286
67532360,67532257,0.48066282,-1.0,0.61129737
67552315,67552211,0.58989316,-1.0,0.6143897
67574763,67574659,0.8186997,-1.0,0.6325327
67592222,67592118,1.0,-1.0,0.61543834
67612190,67612072,0.88885486,-1.0,0.6088579
67634625,67634519,0.8201482,-1.0,0.5826766
67652093,67651979,0.72286254,-1.0,0.56979257
67672035,67671932,0.69658643,-1.0,0.5722473
67694486,67694380,0.52588063,-1.0,0.6122971
67714439,67714334,0.39556685,-1.0,0.675417
67731896,67731793,0.4288781,-1.0,0.69897795
67751847,67751747,0.44573733,-1.0,0.68760467
67774298,67774194,0.4432017,-1.0,0.65272653
67791756,67791654,0.46150416,-1.0,0.6424271
67811712,67811607,0.644442,-1.0,0.65566415
67834163,67834055,0.84397036,-1.0,0.6446568
67854226,67854009,0.91397274,-1.0,0.6300866
67871574,67871468,0.7638738,-1.0,0.6207853
67894021,67893916,0.6953505,-1.0,0.5938246
67913974,67913869,0.70331174,-1.0,0.5934701
67931432,67931329,0.5553179,-1.0,0.59603614
67951387,67951282,0.39031717,-1.0,0.64875436
67973840,67973730,0.35471943,-1.0,0.71489465
67993798,67993684,0.4224533,-1.0,0.7096491
68011260,68011143,0.36192697,-1.0,0.6796033
68033695,68033591,0.31608793,-1.0,0.6426699
68053723,68053544,0.3714811,-1.0,0.6527946
68071105,68071004,0.5795278,-1.0,0.6571326
68093558,68093451,0.827162,-1.0,0.64200526
68113517,68113405,0.7675534,-1.0,0.6280996
68133465,68133359,0.72438234,-1.0,0.6064186
68150938,68150818,0.6859588,-1.0,0.58821017
68173368,68173266,0.6975231,-1.0,0.5969581
68193331,68193219,0.53826463,-1.0,0.6115539
68210782,68210679,0.41745457,-1.0,0.6632117
68233232,68233126,0.43493578,-1.0,0.6942234
68253216,68253080,0.4107165,-1.0,0.66564316
68275637,68275528,0.39263046,-1.0,0.6351359
68290597,68290493,0.38180205,-1.0,0.62274045
68313045,68312941,0.55664283,-1.0,0.63834304
68333000,68332894,0.7300371,-1.0,0.62537026
68350459,68350354,0.8656724,-1.0,0.6124847
68372907,68372801,0.7804986,-1.0,0.6053611
68392861,68392755,0.71592635,-1.0,0.571761
68415320,68415203,0.687939,-1.0,0.56799555
68432778,68432662,0.5810856,-1.0,0.5669454
68452719,68452616,0.42032644,-1.0,0.6113075
68472677,68472569,0.3370812,-1.0,0.675729
68490146,68490029,0.37314805,-1.0,0.6785716
68512582,68512477,0.34130874,-1.0,0.6469878
68532535,68532430,0.26233873,-1.0,0.61767304
68554989,68554879,0.3048977,-1.0,0.6225872
68572442,68572337,0.508231,-1.0,0.63988835
68592394,68592291,0.7132356,-1.0,0.62551343
68614841,68614738,0.7103518,-1.0,0.6038271
68632308,68632198,0.6360251,-1.0,0.5752431
68652255,68652151,0.57889223,-1.0,0.5576862
68672209,68672105,0.58151895,-1.0,0.567257
68694658,68694553,0.3868542,-1.0,0.5749071
68712130,68712012,0.27155152,-1.0,0.63718337
68732089,68731966,0.2710842,-1.0,0.6835139
68754516,68754414,0.28538853,-1.0,0.67156696
68771975,68771873,0.22824247,-1.0,0.63238686
68791931,68791827,0.19008462,-1.0,0.62315094
68814378,68814274,0.3510814,-1.0,0.64841384
68834458,68834228,0.53277993,-1.0,0.63717103
68851791,68851687,0.6520761,-1.0,0.6221074
68871744,68871641,0.58363694,-1.0,0.6064654
68894192,68894089,0.5182423,-1.0,0.5781651
68911653,68911548,0.44224992,-1.0,0.5717864
68931608,68931502,0.41452056,-1.0,0.58544064
68954054,68953949,0.20848045,-1.0,0.62668794
68974007,68973903,0.10694037,-1.0,0.6947069
68991467,68991362,0.17053965,-1.0,0.7058638
69013916,69013810,0.17142813,-1.0,0.683595
69033956,69033763,0.08420925,-1.0,0.6609976
69051326,69051223,0.07106169,-1.0,0.65804845
69071281,69071176,0.30890158,-1.0,0.6795099
69093727,69093624,0.5393137,-1.0,0.6620093
69113694,69113578,0.55820304,-1.0,0.640504
69131139,69131037,0.47581762,-1.0,0.6222422
69153586,69153485,0.41773784,-1.0,0.5961818
69173542,69173438,0.4447254,-1.0,0.60675925
69191001,69190898,0.29690686,-1.0,0.60968155
69213454,69213346,0.1349703,-1.0,0.6748949
69233449,69233299,0.15566617,-1.0,0.7222408
69253362,69253253,0.17907849,-1.0,0.7063287
69270818,69270712,0.09999319,-1.0,0.67123
69293265,69293160,0.069142915,-1.0,0.65395063
69313217,69313114,0.077716045,-1.0,0.3914305
69330680,69330573,0.17213413,-1.0,0.39208424
69353126,69353021,0.3105126,-1.0,0.37403172
69373079,69372974,0.29318038,-1.0,0.3609655
69395559,69395422,0.4759846,-1.0,0.6011445
69412995,69412881,0.4238892,-1.0,0.5964513
69432953,69432838,0.40540624,-1.0,0.6036694
69452893,69452789,0.23618393,-1.0,0.6331531
69470353,69470248,0.14694881,-1.0,0.69264835
69492801,69492696,0.18758023,-1.0,0.7240097
69512755,69512649,0.18816215,-1.0,0.695133
69535200,69535097,0.121941194,-1.0,0.66067487
69552658,69552556,0.13053703,-1.0,0.65851486
69572615,69572510,0.38195154,-1.0,0.6780135
69595076,69594958,0.56295675,-1.0,0.66267455
69612531,69612417,0.63037694,-1.0,0.633927
69632472,69632371,0.5595618,-1.0,0.61009353
69652439,69652324,0.5378001,-1.0,0.589093
69674875,69674772,0.5159263,-1.0,0.5587221
69692333,69692231,0.35867307,-1.0,0.52553296
69712287,69712185,0.03355211,-0.56121737,0.15043633
69734744,69734633,0.004328663,-0.58902925,0.1745932
69752193,69752092,0.0074083153,-0.60050875,0.17656095
69772147,69772046,-0.0029706229,-0.603617,0.17153442
69792104,69791999,0.0089404555,-0.5949189,0.16321656
69814710,69814447,0.27034822,-1.0,0.6434206
69832012,69831907,0.49243897,-1.0,0.6563695
69851964,69851860,0.80030435,-1.0,0.6043581
69874412,69874308,0.9305768,-1.0,0.53500193
69891871,69891767,1.0,-1.0,0.4898932
69911825,69911721,1.0,-1.0,0.4670218
69934273,69934168,1.0,-1.0,0.46819705
69954247,69954122,1.0,-1.0,0.5061969
69971683,69971582,1.0,-1.0,0.5948047
69991639,69991535,1.0,-1.0,0.66127855
70014190,70013983,1.0,-1.0,0.6518149
70031545,70031442,1.0,-1.0,0.63256335
70051497,70051396,1.0,-1.0,0.6493035
70073948,70073844,1.0,-1.0,0.67769414
70093901,70093797,1.0,-1.0,0.62574947
70111357,70111256,1.0,-1.0,0.5437828
70133807,70133704,0.58100843,-1.0,0.48167664
70153766,70153658,0.48246303,-1.0,0.4365781
70171219,70171117,0.75975746,-1.0,0.5232021
70191173,70191071,0.65158963,-1.0,0.5381851
70213700,70213518,0.46792522,-1.0,0.5825923
70233574,70233472,0.3722549,-1.0,0.64622945
70251034,70250931,0.4302059,-1.0,0.66037405
70273497,70273379,0.39279178,-1.0,0.6285407
70293439,70293333,0.3637248,-1.0,0.59576607
70310895,70310792,0.24737586,-1.0,0.41587794
70333345,70333240,0.37950912,-1.0,0.44169062
70353323,70353193,0.5495669,-1.0,0.43115592
70373251,70373147,0.5682103,-1.0,0.42342347
70390711,70390607,0.52212876,-1.0,0.41198236
70413184,70413054,0.6192079,-1.0,0.5772948
70433115,70433010,0.6339817,-1.0,0.57977444
70450569,70450467,0.49758255,-1.0,0.57690805
70473022,70472915,0.3530012,-1.0,0.6460391
70492979,70492869,0.35836774,-1.0,0.69656396
70515417,70515316,0.2723861,-1.0,0.49988577
70532881,70532776,0.23237675,-1.0,0.47074187
70552835,70552729,0.19549634,-1.0,0.46811548
70572789,70572683,0.28917393,-1.0,0.4702701
70590255,70590142,0.45540574,-1.0,0.46334028
70612699,70612590,0.85234493,-1.0,0.610302
70632648,70632544,0.76527625,-1.0,0.5948315
70655094,70654991,0.7038898,-1.0,0.56887233
70672553,70672451,0.68667895,-1.0,0.55880946
70692508,70692404,0.67515856,-1.0,0.55860376
70714959,70714852,0.41074958,-1.0,0.44348323
70732414,70732311,0.3298516,-1.0,0.48355576
70752388,70752265,0.34753343,-1.0,0.4988997
70772322,70772219,0.34827077,-1.0,0.48036188
70794924,70794666,0.28533512,-1.0,0.4536008
70812231,70812126,0.36292505,-1.0,0.6052708
70832183,70832079,0.59511405,-1.0,0.6265633
70854634,70854527,0.8173327,-1.0,0.59775656
70872091,70871986,0.89320695,-1.0,0.575786
70892067,70891940,0.8007092,-1.0,0.5649514
70914506,70914388,0.7201384,-1.0,0.533361
70934445,70934341,0.76206803,-1.0,0.53846556
70951904,70951801,0.65338355,-1.0,0.53800017
70971857,70971754,0.5130992,-1.0,0.59465307
70994424,70994202,0.44360548,-1.0,0.66465795
71011769,71011662,0.4998451,-1.0,0.6635398
71031721,71031615,0.47225758,-1.0,0.63536173
71054230,71054063,0.42435485,-1.0,0.59799683
71074119,71074016,0.47501355,-1.0,0.61005133
71091578,71091476,0.68272215,-1.0,0.6335998
71114032,71113924,0.9723397,-1.0,0.6127784
71133980,71133877,0.88685215,-1.0,0.6038922
71151440,71151337,0.8073573,-1.0,0.5847288
71171395,71171290,0.7523676,-1.0,0.56442565
71193992,71193738,0.77131313,-1.0,0.5643395
71213794,71213691,0.57562596,-1.0,0.5857883
71231256,71231151,0.45509043,-1.0,0.6435435
71253704,71253599,0.47177264,-1.0,0.6893543
71273659,71273552,0.49309555,-1.0,0.6757677
71291117,71291012,0.49771726,-1.0,0.6413839
71313565,71313459,0.49601126,-1.0,0.6243748
71333514,71333413,0.7150701,-1.0,0.64149636
71353468,71353367,0.9056634,-1.0,0.6343951
71370929,71370826,0.98862296,-1.0,0.6260618
71393414,71393273,0.91318834,-1.0,0.61522365
71413330,71413227,0.84370065,-1.0,0.5964843
71430793,71430687,0.7911477,-1.0,0.5835535
71453257,71453134,0.7284433,-1.0,0.5869452
71473190,71473088,0.5827253,-1.0,0.6302388
71493146,71493042,0.48888654,-1.0,0.69544345
71510609,71510501,0.5387705,-1.0,0.7041576
71533053,71532949,0.54439074,-1.0,0.6779291
71553007,71552902,0.51284957,-1.0,0.6376463
71570481,71570362,0.5305429,-1.0,0.6242787
71592980,71592810,0.74597526,-1.0,0.64758307
71612866,71612763,0.6217891,-0.88878465,0.37950692
71635316,71635211,0.6306175,-0.8946743,0.3749573
71652775,71652670,0.5949286,-0.91430074,0.36402425
71672729,71672624,0.55276185,-0.9834076,0.35212296
71692689,71692577,0.560235,-0.89107114,0.35083956
71710153,71710037,0.69988024,-1.0,0.59077775
71732585,71732484,0.53112537,-1.0,0.6524188
71752540,71752438,0.5053136,-1.0,0.69967747
71775170,71774889,0.5201294,-1.0,0.68872374
71792450,71792345,0.4623993,-1.0,0.64530915
71812402,71812299,0.24776046,-0.74439156,0.32243878
71834852,71834747,0.3138951,-0.7925396,0.32709983
71852313,71852206,0.41334373,-0.8092079,0.32499707
71872261,71872159,0.52982855,-0.8172635,0.3167769
71892215,71892113,0.50188327,-0.819465,0.30841187
71914668,71914561,0.82552075,-1.0,0.57244796
71932122,71932020,0.7639391,-1.0,0.5535827
71952077,71951974,0.76284546,-1.0,0.5649305
71974661,71974422,0.5763263,-1.0,0.5925409
71991999,71991881,0.44405892,-1.0,0.6477163
72011936,72011835,0.48051938,-1.0,0.67015815
72034385,72034283,0.49634683,-1.0,0.6461878
72054340,72054236,0.44600868,-1.0,0.6131816
72071800,72071695,0.45964673,-1.0,0.6043857
72091755,72091649,0.6627659,-1.0,0.62085736
72114202,72114097,0.82935333,-1.0,0.60888827
72131661,72131556,0.87330586,-1.0,0.5902206
72151633,72151510,0.7492638,-1.0,0.573203
72174151,72173957,0.69391495,-1.0,0.5481179
72194016,72193911,0.65465117,-1.0,0.5517594
72211473,72211370,0.5468331,-1.0,0.5680446
72233927,72233818,0.379449,-1.0,0.62625426
72253876,72253772,0.33389676,-1.0,0.6880517
72271334,72271231,0.38443872,-1.0,0.6889442
72291352,72291185,0.35224545,-1.0,0.6587348
72313737,72313633,0.3317853,-1.0,0.62960047
72333690,72333586,0.36609283,-1.0,0.6421168
72351148,72351046,0.5592634,-1.0,0.64199096
72373651,72373493,0.7826639,-1.0,0.63079065
72393554,72393447,0.7106141,-1.0,0.61695355
72411008,72410906,0.3359798,-0.8161521,0.26906195
72433461,72433354,0.29909563,-0.8597517,0.25920287
72453411,72453308,0.29718208,-0.7908821,0.26389593
72473371,72473261,0.21772504,-0.7239413,0.27080584
72490831,72490721,0.14396164,-0.7110436,0.2997349
72513274,72513168,0.31464848,-1.0,0.70539
72533229,72533122,0.32447624,-1.0,0.6891016
72550688,72550582,0.22917153,-1.0,0.66731846
72573142,72573029,0.21683745,-1.0,0.6646368
72593096,72592983,0.4004432,-1.0,0.67509454
72615538,72615430,0.6088551,-1.0,0.65283245
72632996,72632890,0.68269086,-1.0,0.6282812
72652949,72652843,0.5766718,-1.0,0.61629444
72672920,72672797,0.54213125,-1.0,0.59218216
72690374,72690256,0.5086446,-1.0,0.58278686
72712810,72712704,0.15572836,-0.6190081,0.17955878
72732764,72732658,0.10016377,-0.56048405,0.19428249
72755217,72755106,0.059052873,-0.5854307,0.21983229
72772672,72772565,0.07440949,-0.60782826,0.21974237
72792627,72792519,0.06347423,-0.6215692,0.2115977
72812576,72812472,0.15447819,-1.0,0.6593207
72832533,72832426,0.16430596,-1.0,0.6556695
72852481,72852379,0.3856487,-1.0,0.6758634
72872436,72872333,0.5992672,-1.0,0.66047853
72894883,72894781,0.6624237,-1.0,0.6198889
72912343,72912240,0.39215744,-1.0,0.34984678
72932306,72932194,0.4035138,-1.0,0.33567053
72954907,72954641,0.419862,-1.0,0.3341892
72972202,72972101,0.3296409,-1.0,0.3318102
72992158,72992054,0.24717087,-1.0,0.3641568
73012112,73012008,0.3442158,-1.0,0.6612627
73034560,73034456,0.32632145,-1.0,0.6420267
73052020,73051915,0.25418973,-1.0,0.59594107
73071976,73071869,0.19872025,-1.0,0.5937269
73094436,73094316,0.32506692,-1.0,0.61495495
73111880,73111776,0.49389246,-1.0,0.6156599
73131832,73131729,0.6780181,-1.0,0.5867678
73154384,73154177,0.6160269,-1.0,0.55844134
73174233,73174131,0.59602267,-1.0,0.5307893
73191696,73191590,0.50474054,-1.0,0.52190995
73211651,73211544,0.30916515,-1.0,0.3160051
73234097,73233991,0.19438395,-1.0,0.33993265
73251555,73251451,0.11722406,-1.0,0.37551105
73271507,73271404,0.13430884,-1.0,0.40078956
73293955,73293852,0.14271623,-1.0,0.3902419
73313912,73313806,0.2084452,-1.0,0.6328148
73331370,73331265,0.1796069,-1.0,0.6326044
73353884,73353713,0.4307638,-1.0,0.65541047
73373770,73373666,0.60615337,-1.0,0.6419608
73391243,73391126,0.6580562,-1.0,0.61457086
73411190,73411079,0.5666724,-1.0,0.5967597
73433631,73433527,0.49846852,-1.0,0.57284534
73453584,73453481,0.49631223,-1.0,0.5780698
73471044,73470940,0.3782356,-1.0,0.5775638
73493495,73493390,0.2238093,-1.0,0.6441442
73513454,73513342,0.19206119,-1.0,0.71771944
73530947,73530801,0.2554819,-1.0,0.71290636
73553377,73553249,0.19944037,-1.0,0.67572564
73573304,73573202,0.17334388,-1.0,0.6508701
73593260,73593156,0.23080455,-1.0,0.6610923
73610722,73610615,0.26840556,-1.0,0.45249388
73633167,73633063,0.49361384,-1.0,0.42858836
73653122,73653017,0.49171308,-1.0,0.4152274
73670582,73670476,0.45015532,-1.0,0.39967808
73693027,73692924,0.41741103,-1.0,0.38417464
73712981,73712877,0.43258643,-1.0,0.36452574
73735441,73735325,0.33004692,-1.0,0.37525997
73752899,73752785,0.23949319,-1.0,0.41077256
73772845,73772739,0.2582904,-1.0,0.43546912
73792814,73792692,0.26127747,-1.0,0.42383462
73810254,73810151,0.3380741,-1.0,0.6366936
73832707,73832599,0.31193367,-1.0,0.6254589
73852658,73852552,0.47660658,-1.0,0.63928425
73875104,73875000,0.6973802,-1.0,0.62682754
73892563,73892460,0.8558959,-1.0,0.6021007
73912516,73912413,0.80969024,-1.0,0.58640134
73932478,73932367,0.7463319,-1.0,0.55655676
73952422,73952320,0.6794461,-1.0,0.5419198
73972375,73972274,0.6645709,-1.0,0.55243254
73992329,73992227,0.5097806,-1.0,0.5914807
74014781,74014675,0.37990007,-1.0,0.6591472
74032235,74032135,0.43481815,-1.0,0.66952986
74052190,74052088,0.43088126,-1.0,0.6478019
74074641,74074536,0.36426085,-1.0,0.61012876
74092097,74091995,0.3448708,-1.0,0.6070485
74112052,74111949,0.59918916,-1.0,0.6350541
74132159,74131902,0.8109377,-1.0,0.61533266
74154461,74154350,0.8275569,-1.0,0.5981287
74171912,74171810,0.7695914,-1.0,0.5851612
74191866,74191763,0.6950403,-1.0,0.56513864
74214314,74214211,0.6888349,-1.0,0.56538796
74231771,74231670,0.56102103,-1.0,0.56413716
74251726,74251624,0.44274807,-1.0,0.62879354
74274175,74274072,0.4128152,-1.0,0.68504703
74294130,74294025,0.45033696,-1.0,0.6787545
74311588,74311485,0.41814223,-1.0,0.64517045
74334134,74333932,0.39535785,-1.0,0.61992264
74353993,74353886,0.51389927,-1.0,0.62083083
74371446,74371345,0.7155085,-1.0,0.63081694
74391402,74391299,0.95362693,-1.0,0.6071225
74413855,74413747,0.8473596,-1.0,0.59464455
74433813,74433701,0.8108417,-1.0,0.5750193
74451262,74451160,0.7331426,-1.0,0.559752
74473715,74473608,0.71649563,-1.0,0.5593679
74493668,74493561,0.55268407,-1.0,0.58464676
74511122,74511021,0.36024043,-1.0,0.5427337
74531148,74530974,0.384843,-1.0,0.5768118
74553526,74553422,0.3966989,-1.0,0.56168973
74573480,74573376,0.34905156,-1.0,0.53920525
74590938,74590835,0.31090772,-1.0,0.52625674
74613388,74613283,0.56329685,-1.0,0.6414851
74633357,74633236,0.7370589,-1.0,0.6208738
74650805,74650698,0.89129835,-1.0,0.59940743
74673250,74673143,0.78240335,-1.0,0.5865271
74693203,74693097,0.74063915,-1.0,0.55784625
74713166,74713051,0.69228005,-1.0,0.5476465
74733112,74733005,0.6335487,-1.0,0.5532457
74753063,74752958,0.51330054,-1.0,0.61079293
74773020,74772911,0.42067736,-1.0,0.6653451
74790475,74790371,0.48457736,-1.0,0.67261285
74812924,74812819,0.44609928,-1.0,0.6377586
74832894,74832772,0.3825781,-1.0,0.6030706
74855324,74855220,0.41154164,-1.0,0.60164726
74872789,74872681,0.623704,-1.0,0.6289132
74892741,74892633,0.7998951,-1.0,0.61804867
74912701,74912587,0.50795674,-1.0,0.36555994
74930170,74930046,0.50246894,-1.0,0.35803026
74952598,74952494,0.45460165,-1.0,0.34182322
74972551,74972447,0.43386835,-0.9965872,0.34708
74994999,74994895,0.31515163,-0.8910438,0.35574746
75012457,75012354,0.377685,-1.0,0.646706
75032412,75032308,0.36169755,-1.0,0.69325525
75054857,75054756,0.35198507,-1.0,0.6767528
75072318,75072215,0.3502691,-1.0,0.6425342
75092272,75092169,0.32742447,-1.0,0.6317504
75112396,75112122,0.25015235,-0.90044576,0.33440316
75132183,75132076,0.35872954,-0.92257965,0.3385855
75152136,75152030,0.46275285,-0.938227,0.3262256
75172102,75171983,0.44355825,-0.94414866,0.31471536
75194532,75194431,0.42618185,-1.0,0.30010462
75211995,75211890,0.65697736,-1.0,0.5653161
75231959,75231844,0.6509131,-1.0,0.57364243
75254407,75254292,0.46376273,-1.0,0.6094466
75274348,75274245,0.33585054,-1.0,0.66931254
75291809,75291705,0.38426015,-1.0,0.6856725
75311955,75311658,0.37590143,-1.0,0.66544574
75334208,75334106,0.30643308,-1.0,0.6308764
75351669,75351565,0.3223485,-1.0,0.62112427
75371625,75371519,0.50785893,-1.0,0.6425229
75394072,75393967,0.72937334,-1.0,0.6293471
75414025,75413920,0.8010806,-1.0,0.6057443
75431485,75431380,0.7203188,-1.0,0.5965884
75453931,75453827,0.68196094,-1.0,0.5706937
75473885,75473781,0.66645133,-1.0,0.56427246
75491345,75491241,0.5792052,-1.0,0.56283206
75511383,75511194,0.42949164,-1.0,0.61185265
75533748,75533642,0.3422855,-1.0,0.6759474
75553707,75553595,0.3837207,-1.0,0.6657517
75571159,75571055,0.34812662,-1.0,0.63762337
75593606,75593503,0.2820738,-1.0,0.595732
75613556,75613456,0.12488975,-0.69114393,0.23424162
75631019,75630916,0.20322113,-0.723884,0.24075136
75653470,75653363,0.30912983,-0.71880853,0.2333197
75673419,75673317,0.31080198,-0.73181725,0.22662088
75693384,75693271,0.2993037,-0.7652714,0.2182451
75710877,75710730,0.39202663,-1.0,0.3141422
75733282,75733178,0.39832357,-1.0,0.3200075
75753235,75753132,0.2788552,-0.91228384,0.3241367
75770693,75770591,0.21594042,-0.8921745,0.35849833
75793141,75793039,0.20127523,-0.9702766,0.38505423
75813096,75812992,0.33133185,-1.0,0.6714614
75835547,75835440,0.27930033,-1.0,0.63365704
75853003,75852899,0.24349704,-1.0,0.6240192
75872971,75872853,0.3898992,-1.0,0.64256763
75892916,75892806,0.59638816,-1.0,0.6275012
75910377,75910266,0.75392985,-1.0,0.60932434
75932815,75932713,0.69938993,-1.0,0.5865284
75952771,75952669,0.6702745,-1.0,0.55521894
75975220,75975115,0.6238171,-1.0,0.5441476
75992678,75992574,0.58924484,-1.0,0.55149084
76012672,76012528,0.41157442,-1.0,0.58539534
76032583,76032481,0.28229892,-1.0,0.6465522
76052540,76052438,0.34541503,-1.0,0.6641381
76072490,76072389,0.32710811,-1.0,0.6419719
76092456,76092342,0.24585721,-1.0,0.61328423
76114895,76114790,0.22298348,-1.0,0.6157992
76132352,76132249,0.4729859,-1.0,0.63905
76152303,76152203,0.64322746,-1.0,0.62213904
76174758,76174651,0.69127744,-1.0,0.59886885
76192211,76192110,0.6390295,-1.0,0.5814538
76212166,76212064,0.6135562,-1.0,0.55677545
76232122,76232017,0.5571394,-1.0,0.555162
76254570,76254465,0.42358118,-1.0,0.5624462
76272028,76271924,0.30560172,-1.0,0.6183454
76292133,76291878,0.22963555,-1.0,0.6767315
76314442,76314326,0.27993855,-1.0,0.66731685
76331887,76331785,0.23414136,-1.0,0.64071876
76351841,76351739,0.17893997,-1.0,0.6202448
76374293,76374187,0.2810119,-1.0,0.6370541
76394246,76394140,0.5123517,-1.0,0.6394764
76411725,76411599,0.69875807,-1.0,0.6130197
76431658,76431553,0.62642103,-1.0,0.5969325
76454106,76454001,0.59047,-1.0,0.57282645
76471561,76471460,0.530291,-1.0,0.5553962
76491619,76491414,0.54573077,-1.0,0.56843257
76513967,76513862,0.36505324,-1.0,0.5890708
76533927,76533815,0.24775565,-1.0,0.65451133
76551440,76551275,0.26882282,-1.0,0.6812855
76573834,76573724,0.2696541,-1.0,0.6601847
76593785,76593676,0.24823636,-1.0,0.63303375
76611238,76611135,0.22091867,-1.0,0.62561244
76631192,76631089,0.4061315,-1.0,0.63849676
76653642,76653537,0.6152619,-1.0,0.6258594
76673593,76673490,0.6884349,-1.0,0.60099834
76691110,76690950,0.6820618,-1.0,0.5836122
76713557,76713398,0.622432,-1.0,0.5506452
76733455,76733351,0.56914294,-1.0,0.5393327
76750913,76750811,0.52066326,-1.0,0.544785
76773362,76773258,0.35539138,-1.0,0.5898918
76793326,76793212,0.2525782,-1.0,0.6463181
76813271,76813165,0.1677009,-1.0,0.39470932
76830733,76830625,0.14125979,-1.0,0.38855958
76853174,76853073,0.09328931,-1.0,0.37756512
76873143,76873026,0.08065886,-1.0,0.38007608
76890614,76890485,0.18860401,-1.0,0.39507666
76913036,76912933,0.52202845,-1.0,0.63631076
76932990,76932887,0.606455,-1.0,0.60956097
76955442,76955335,0.53029233,-1.0,0.58693117
76972898,76972794,0.52563614,-1.0,0.5716146
76992851,76992748,0.48860574,-1.0,0.56598616
77012803,77012701,0.41968185,-1.0,0.5667109
77030263,77030161,0.28155681,-1.0,0.60471964
77052713,77052608,0.18516265,-1.0,0.6695596
77072674,77072562,0.23888603,-1.0,0.68471193
77095112,77095010,0.16076954,-1.0,0.65850013
77112592,77112469,0.047808636,-0.8548287,0.2746678
77132525,77132423,0.03918573,-0.84296817,0.27495617
77154979,77154870,0.13500811,-0.897282,0.28264275
77172440,77172330,0.21080782,-0.90319973,0.27662662
77192388,77192284,0.2581374,-0.9072626,0.26399383
77212343,77212237,0.5533779,-1.0,0.61451495
77234788,77234685,0.48967102,-1.0,0.59038943
77252323,77252146,0.45948365,-1.0,0.5846094
77272353,77272098,0.4090822,-1.0,0.5865847
77294652,77294546,0.24904475,-1.0,0.64094645
77312109,77312005,0.18152976,-1.0,0.6919619
77332062,77331959,0.24515663,-1.0,0.7073529
77354511,77354407,0.17306307,-1.0,0.685402
77374464,77374360,0.13089855,-1.0,0.66573393
77391922,77391819,0.13636665,-1.0,0.6645501
77411876,77411773,0.12006922,-0.8113163,0.25157443
77434324,77434221,0.22446933,-0.82330745,0.2407495
77451783,77451680,0.25910628,-0.8277557,0.22933707
77471852,77471634,0.2692748,-0.8307019,0.22412138
77494183,77494081,0.2559826,-0.8791414,0.21118152
77514139,77514035,0.57767206,-1.0,0.5869494
77531598,77531494,0.54112107,-1.0,0.58446234
77554046,77553942,0.38585988,-1.0,0.6338337
77573999,77573896,0.3048586,-1.0,0.68580014
77591460,77591355,0.3369983,-1.0,0.688212
77611416,77611309,0.1648942,-0.9574092,0.3326382
77633864,77633757,0.11914693,-0.93483216,0.32079378
77653834,77653710,0.09686652,-0.9112981,0.31691584
77671343,77671170,0.21979694,-0.96513325,0.32825407
77693723,77693617,0.3370474,-0.9621406,0.32039982
77713678,77713571,0.35742465,-0.88761467,0.28249937
77731134,77731030,0.3669182,-0.8862835,0.28027835
77751087,77750984,0.35692155,-0.9334241,0.26615468
77773534,77773432,0.34986624,-0.88204616,0.26156706
77791023,77790891,0.35821036,-0.81335604,0.26142442
77810964,77810845,0.5241553,-1.0,0.61612487
77833395,77833292,0.37598494,-1.0,0.67160606
77853358,77853246,0.41096738,-1.0,0.67094123
77870843,77870706,0.35822603,-1.0,0.6442251
77893255,77893153,0.31134522,-1.0,0.61601055
77913208,77913107,0.27631107,-1.0,0.60169744
77933165,77933060,0.43329015,-1.0,0.63015085
77950691,77950520,0.5917854,-1.0,0.62327117
77973068,77972968,0.71304,-1.0,0.59943724
77993023,77992921,0.7443797,-1.0,0.59211963
78010485,78010381,0.68151176,-1.0,0.5645879
78032930,78032828,0.65013295,-1.0,0.55990005
78052892,78052782,0.65599805,-1.0,0.5602877
78075333,78075230,0.4497997,-1.0,0.6017659
78092791,78092689,0.34420222,-1.0,0.64267856
78112744,78112643,0.39754823,-1.0,0.66199666
78132702,78132596,0.31981346,-1.0,0.63264877
78150159,78150056,0.29156286,-1.0,0.60965794
78172606,78172504,0.2688434,-1.0,0.6006401
78192560,78192457,0.40002504,-1.0,0.5945013
78215026,78214905,0.6176431,-1.0,0.58771104
78232465,78232364,0.43002972,-1.0,0.46497273
78252588,78252318,0.42377892,-1.0,0.4219658
78274872,78274766,0.13513045,-1.0,0.38303435
78292326,78292225,0.056301486,-1.0,0.37838072
78312280,78312179,0.023288894,-1.0,0.38800064
78332235,78332132,-0.18388967,-1.0,0.4502529
78354752,78354580,-0.32696384,-1.0,0.55758005
78372140,78372039,-0.29415923,-1.0,0.6078373
78392096,78391993,-0.362658,-1.0,0.60740864
78414546,78414441,-0.36232105,-0.8559976,0.3764786
78432003,78431900,0.1489858,-0.8329116,0.40069073
78452087,78451854,0.27809107,-0.89492875,0.41171688
78474405,78474301,0.4394381,-0.90766966,0.41742772
78494359,78494255,0.5219661,-0.91744566,0.41210762
78511816,78511714,0.40898222,-0.720415,0.31230184
78531770,78531668,0.40929067,-0.77268124,0.30333963
78554221,78554116,0.38279548,-0.72820675,0.29319724
78571680,78571575,0.38292566,-0.6616043,0.29264197
78591637,78591529,0.3055765,-0.57229745,0.3074476
78614083,78613977,0.39162353,-1.0,0.69904155
78634035,78633930,0.42793,-1.0,0.70455974
78651577,78651390,0.35682026,-1.0,0.6762189
78673947,78673838,0.32905537,-1.0,0.6358312
78693896,78693791,0.3499341,-1.0,0.6171831
78711356,78711250,0.48363978,-1.0,0.628489
78731307,78731204,0.63884383,-1.0,0.6295474
78753782,78753652,0.71097875,-1.0,0.60817504
78773711,78773605,0.72756386,-1.0,0.5979776
78791167,78791065,0.6955446,-1.0,0.5761398
78813618,78813512,0.62284106,-1.0,0.56133145
78833584,78833466,0.61735976,-1.0,0.5685826
78851077,78850925,0.4527776,-1.0,0.59659743
78873481,78873373,0.32285416,-1.0,0.65260726
78893444,78893327,0.3742673,-1.0,0.6699159
78913382,78913281,0.32952383,-1.0,0.6427547
78930845,78930740,0.2689558,-1.0,0.6131885
78953292,78953188,0.29400253,-1.0,0.6018936
78973244,78973141,0.48407578,-1.0,0.6236886
78990713,78990601,0.599669,-1.0,0.62766045
79013155,79013048,0.6440241,-1.0,0.61090815
79033114,79033002,0.6955328,-1.0,0.59610814
79055565,79055450,0.6315197,-1.0,0.56769556
79073015,79072909,0.5395067,-1.0,0.55598426
79092968,79092863,0.52856386,-1.0,0.5630589
79112922,79112816,0.33750108,-1.0,0.5972059
79130378,79130276,0.22448179,-1.0,0.6549338
79152829,79152724,0.28049248,-1.0,0.6858461
79172783,79172677,0.2577789,-1.0,0.66757953
79195226,79195125,0.19888608,-1.0,0.6326851
79212689,79212584,0.1870359,-1.0,0.63969946
79232654,79232538,0.39345053,-1.0,0.64702743
79252595,79252491,0.55861276,-1.0,0.6407314
79272549,79272445,0.64743495,-1.0,0.63066506
79292502,79292399,0.5871214,-1.0,0.6214149
79312456,79312352,0.5524499,-1.0,0.5981962
79334902,79334800,0.49414927,-1.0,0.59039795
79352362,79352259,0.4506361,-1.0,0.5863489
79372316,79372213,0.30037203,-1.0,0.6212915
79394764,79394661,0.18738708,-1.0,0.683973
79412223,79412120,0.24126375,-1.0,0.69526035
79432321,79432074,0.22848804,-1.0,0.67562914
79452145,79452027,0.15438883,-1.0,0.6534326
79474576,79474475,0.12184334,-1.0,0.64246047
79492039,79491935,0.32056874,-1.0,0.66036546
79511992,79511888,0.48828888,-1.0,0.64444023
79534440,79534336,0.59857947,-1.0,0.62688917
79551898,79551795,0.55807126,-1.0,0.6194169
79571853,79571749,0.5422985,-1.0,0.5904851
79594298,79594197,0.47618467,-1.0,0.5799187
79611760,79611656,0.44753328,-1.0,0.5800452
79631814,79631609,0.29861552,-1.0,0.6120271
79654163,79654058,0.1631217,-1.0,0.67550313
79674116,79674011,0.21877775,-1.0,0.688616
79691574,79691470,0.2163721,-1.0,0.666319
79711528,79711424,0.06762948,-0.69769776,0.28138727
79733976,79733872,0.044570897,-0.6736742,0.27619526
79753930,79753826,0.12822776,-0.7183755,0.2816949
79771388,79771285,0.21088691,-0.7183338,0.27853107
79793840,79793733,0.27996877,-0.73562634,0.2670964
79813790,79813686,0.5425364,-1.0,0.5992286
79831313,79831145,0.53698075,-1.0,0.5813376
79851206,79851100,0.4674174,-1.0,0.56761014
79873651,79873547,0.43359444,-1.0,0.569619
79893604,79893500,0.25390595,-1.0,0.6085003
79911065,79910960,0.15563892,-1.0,0.6497103
79933508,79933408,0.20954792,-1.0,0.6700276
79953463,79953361,0.17481826,-1.0,0.65079546
79970926,79970821,0.086362705,-1.0,0.62767506
79993424,79993268,0.076019965,-1.0,0.6266979
80013332,80013222,0.25859854,-1.0,0.6468114
80033289,80033175,0.42480204,-1.0,0.63881433
80050740,80050635,0.50213313,-1.0,0.6162401
80073185,80073083,0.49284005,-1.0,0.6003076
80093140,80093036,0.46513888,-1.0,0.5785222
80110603,80110496,0.38460165,-1.0,0.5734162
80133046,80132944,0.36218545,-1.0,0.58197707
80153014,80152897,0.18752941,-1.0,0.61644346
80175451,80175345,0.10123843,-1.0,0.6714948
80192906,80192804,0.14126451,-1.0,0.6928865
80212867,80212758,0.10998029,-1.0,0.68203634
80232814,80232711,-0.03279463,-1.0,0.6649574
80250275,80250172,-0.009429585,-1.0,0.66266435
80272722,80272619,0.10824042,-1.0,0.66438496
80292692,80292572,0.21356553,-1.0,0.66567725
80315124,80315020,0.36481464,-1.0,0.65375924
80332580,80332480,0.4363948,-1.0,0.63194203
80352534,80352433,0.45898378,-1.0,0.6084913
80374985,80374881,0.47007704,-1.0,0.5911938
80392446,80392340,0.4290312,-1.0,0.5794967
80412571,80412294,0.46928334,-1.0,0.57852125
80432351,80432247,0.3327302,-1.0,0.5983687
80454797,80454695,0.25247934,-1.0,0.63929397
80472258,80472155,0.23399842,-1.0,0.6524471
80492212,80492108,0.18649529,-1.0,0.63735723
80514662,80514556,0.06003446,-1.0,0.6118059
80532122,80532016,0.07983343,-1.0,0.6160692
80552072,80551969,0.08585842,-1.0,0.6118915
80574520,80574417,0.15321158,-1.0,0.62167317
80594475,80594370,0.3289715,-1.0,0.6167651
80612051,80611830,0.44260472,-1.0,0.599476
80631884,80631783,0.54754347,-1.0,0.5880765
80654336,80654231,0.44973063,-1.0,0.5637482
80671801,80671691,0.43758923,-1.0,0.55575126
80691763,80691644,0.4728973,-1.0,0.5574487
80714196,80714092,0.33731422,-1.0,0.5666076
80734150,80734046,0.20822343,-1.0,0.6039747
80751612,80751505,0.19769394,-1.0,0.64180857
80774067,80773953,0.21982506,-1.0,0.6539349
80794012,80793906,0.13745336,-1.0,0.62764686
80811550,80811366,0.13789552,-1.0,0.6243145
80831460,80831319,0.1351228,-1.0,0.6164065
80853873,80853767,0.25991842,-1.0,0.61678505
80873829,80873721,0.41990265,-1.0,0.6324991
80891283,80891180,0.5617942,-1.0,0.6191147
80913734,80913628,0.57850933,-1.0,0.6176973
80933688,80933581,0.45302793,-1.0,0.5985307
80951144,80951041,0.4986221,-1.0,0.5928725
80971095,80970994,0.4108354,-1.0,0.5852037
80993554,80993442,0.34229386,-1.0,0.5869985
81013510,81013397,0.2441831,-1.0,0.62597877
81030957,81030855,0.17370914,-1.0,0.66651016
81053408,81053303,0.16500889,-1.0,0.6890918
81073363,81073257,0.12185119,-1.0,0.6784083
81090818,81090716,0.04587504,-1.0,0.65798825
81113266,81113164,0.06246171,-1.0,0.6532744
81133221,81133117,0.12222706,-1.0,0.6486185
81153174,81153071,0.21011956,-1.0,0.6621602
81170636,81170530,0.38323614,-1.0,0.6533704
81193089,81192978,0.4289224,-1.0,0.6424383
81213035,81212932,0.44629002,-1.0,0.6317303
81230513,81230391,0.42241025,-1.0,0.61503595
81252941,81252839,0.35547838,-1.0,0.6028379
81272895,81272793,0.40026417,-1.0,0.6095532
81295341,81295240,0.24219982,-1.0,0.6381418
81312801,81312700,0.1462158,-1.0,0.6671947
81332757,81332653,0.15075439,-1.0,0.6878251
81352715,81352607,0.11010338,-1.0,0.68569905
81370174,81370066,-0.030926568,-1.0,0.65593386
81392631,81392514,-0.012360757,-1.0,0.64278245
81412573,81412468,0.013995984,-1.0,0.6290779
81435018,81434915,0.08842756,-1.0,0.64415824
81452479,81452375,0.23580839,-1.0,0.6443831
81472433,81472328,0.3088777,-1.0,0.6381884
81494881,81494776,0.47575423,-1.0,0.62555987
81512340,81512236,0.3694387,-1.0,0.6022675
81532308,81532189,0.37203914,-1.0,0.5947676
81552246,81552143,0.41546464,-1.0,0.59251475
81574697,81574591,0.3085339,-1.0,0.5981741
81592284,81592050,0.18978532,-0.94341147,0.62507373
81612106,81612004,0.1359168,-0.9569759,0.647381
81634555,81634451,0.09603922,-1.0,0.6604622
81652014,81651911,0.027363926,-1.0,0.6417406
81671967,81671865,-0.03412681,-1.0,0.6229014
81694415,81694312,-0.033792876,-1.0,0.62329906
81714369,81714266,0.035170205,-1.0,0.6185505
81731829,81731725,0.102004685,-1.0,0.6318318
81751783,81751679,0.24084282,-1.0,0.6264384
81774230,81774127,0.33483043,-1.0,0.624054
81791804,81791586,0.3837892,-1.0,0.6028343
81811649,81811540,0.348426,-1.0,0.5916709
81834090,81833987,0.30212048,-1.0,0.58009815
81854045,81853941,0.34674543,-1.0,0.5857255
81871505,81871400,0.22562459,-0.947626,0.5944211
81893958,81893848,0.07188705,-0.9021381,0.62266576
81913907,81913802,0.04389635,-0.95105845,0.65483934
81931366,81931261,0.035071086,-1.0,0.65209424
81951317,81951215,-0.04882228,-1.0,0.6282026
81973782,81973663,-0.09981895,-1.0,0.61607033
81993745,81993616,-0.13362618,-1.0,0.60785234
82011181,82011076,-0.03793618,-1.0,0.6085297
82033631,82033523,0.11295856,-1.0,0.6237237
82053578,82053477,0.21273421,-1.0,0.62620884
82071054,82070936,0.28532577,-1.0,0.62791735
82093486,82093384,0.17963235,-1.0,0.60869145
82113440,82113338,0.23469314,-1.0,0.6031285
82133394,82133291,0.18004666,-1.0,0.59518737
82150855,82150751,0.16056168,-1.0,0.5929587
82173308,82173199,0.022423735,-1.0,0.61969477
82193254,82193152,-0.08049928,-1.0,0.6523276
82210739,82210611,-0.098356046,-1.0,0.6742127
82233161,82233059,-0.13790819,-1.0,0.67165583
82253125,82253013,-0.22078633,-1.0,0.653129
82275577,82275461,-0.22503383,-1.0,0.6486225
82293027,82292920,-0.21168628,-1.0,0.6370173
82312977,82312874,-0.10774041,-1.0,0.6389073
82332930,82332827,0.07480723,-1.0,0.6414725
82350389,82350287,0.14411071,-1.0,0.6460297
82372846,82372735,0.26525134,-1.0,0.6384912
82392793,82392688,0.19192496,-1.0,0.6199523
82415240,82415136,0.19556831,-1.0,0.6115155
82432704,82432595,0.2532322,-1.0,0.6081082
82452655,82452549,0.17824201,-1.0,0.60003257
82472609,82472503,0.07047037,-1.0,0.62114304
82492560,82492456,0.03813785,-1.0,0.64567804
82512513,82512410,0.018879738,-1.0,0.6604571
82532530,82532363,-0.054604534,-1.0,0.6537743
82554917,82554811,-0.09992939,-1.0,0.6358016
82572519,82572270,-0.17946678,-1.0,0.63730687
82592326,82592224,-0.15703364,-1.0,0.630561
82614777,82614672,-0.051035088,-1.0,0.63063896
82632233,82632131,-0.004025296,-1.0,0.63595116
82652191,82652085,0.1216029,-1.0,0.6328643
82672139,82672038,0.20343357,-1.0,0.6259651
82694589,82694486,0.21879777,-1.0,0.6134011
82712047,82711946,0.20336087,-1.0,0.6011028
82732000,82731899,0.17795098,-1.0,0.5923874
82754452,82754347,0.19527926,-1.0,0.59828985
82772019,82771806,0.10698563,-1.0,0.6038389
82791864,82791760,-0.002641483,-1.0,0.6299792
82814310,82814208,-0.045869485,-1.0,0.6618247
82834267,82834162,-0.08863931,-1.0,0.6671368
82851722,82851621,-0.16027728,-1.0,0.6613081
82871677,82871575,-0.24183017,-1.0,0.6588474
82894128,82894022,-0.22398406,-1.0,0.65157664
82911584,82911482,-0.21691912,-1.0,0.6451049
82931557,82931435,-0.18455425,-1.0,0.64121443
82953988,82953883,-0.040046968,-1.0,0.6490628
82973978,82973837,0.09398595,-1.0,0.64767003
82991399,82991296,0.20438507,-1.0,0.6431127
83013854,83013744,0.1637845,-1.0,0.63402295
83033803,83033697,0.20265938,-1.0,0.62376356
83051259,83051157,0.23363188,-1.0,0.6096857
83071276,83071111,0.26269123,-1.0,0.5991993
83093661,83093558,0.17811246,-1.0,0.6082017
83113618,83113512,0.08339317,-1.0,0.62366766
83131072,83130971,0.029614098,-1.0,0.64789313
83153536,83153419,-0.034638464,-1.0,0.6371446
83173476,83173373,-0.1322501,-1.0,0.62120014
83190935,83190832,-0.24158873,-1.0,0.6063628
83213381,83213280,-0.21426485,-1.0,0.6096318
83233335,83233233,-0.18603346,-1.0,0.6090938
83253290,83253187,-0.21002257,-1.0,0.6125376
83270749,83270646,-0.0805657,-1.0,0.62607944
83293196,83293094,0.0053223385,-1.0,0.6295907
83313152,83313048,0.13983147,-1.0,0.6286696
83330615,83330507,0.15030248,-1.0,0.61504465
83353065,83352955,0.12879781,-1.0,0.60555166
83373013,83372908,0.19445892,-1.0,0.59864026
83395462,83395356,0.2247974,-1.0,0.5897455
83412919,83412816,0.20266502,-1.0,0.5930093
83432873,83432769,0.13254386,-1.0,0.60422873
83452829,83452723,0.095015876,-0.9623728,0.61613876
83470298,83470182,0.031059358,-0.97763795,0.6380797
83492732,83492630,-0.059561238,-1.0,0.62916607
83512689,83512584,-0.13041301,-1.0,0.62383777
83535135,83535031,-0.21666938,-1.0,0.60885745
83552758,83552491,-0.30304864,-1.0,0.60478574
83572547,83572444,-0.28292087,-1.0,0.5996961
83594998,83594892,-0.24408025,-1.0,0.58257955
83612458,83612352,-0.28959826,-1.0,0.59207046
83632422,83632305,-0.15347886,-1.0,0.5952325
83652362,83652259,-0.06907426,-1.0,0.6044074
83674811,83674707,0.008719419,-1.0,0.6045873
83692268,83692166,0.09066524,-1.0,0.601396
83712223,83712120,0.0390624,-1.0,0.590699
83734675,83734567,0.047588762,-1.0,0.5834072
83752253,83752027,0.08154332,-0.9800175,0.58051276
83772086,83771980,0.039356504,-0.83358467,0.58364666
83794535,83794428,-0.029926743,-0.6958582,0.6037871
83814485,83814382,-0.08776676,-0.6261395,0.6139014
83831946,83831841,-0.12904146,-0.65402544,0.6262801
83851901,83851795,-0.19235416,-0.71331626,0.6265973
83874346,83874243,-0.27527687,-0.7931661,0.61960196
83891807,83891702,-0.3003489,-0.834108,0.6130857
83911763,83911656,-0.41247377,-0.8752476,0.60845786
83934206,83934103,-0.34587023,-0.8628892,0.5996792
83954211,83954057,-0.2921727,-0.82627213,0.58223414
83971622,83971516,-0.28220826,-0.83340824,0.58754754
83994069,83993964,-0.15816654,-0.8622617,0.60587424
84014021,84013918,-0.08183763,-0.8775881,0.6126871
84031494,84031377,-0.009436202,-0.8850463,0.6184196
84051433,84051331,0.049572192,-0.88914293,0.6189839
84073882,84073778,0.015856668,-0.933379,0.61655885
84093836,84093732,0.034813214,-0.907895,0.6096521
84111296,84111191,0.07269475,-0.81885135,0.60939616
84133752,84133639,0.030490413,-0.6387951,0.6095764
84153710,84153593,-0.038488135,-0.5297654,0.6236362
84171155,84171052,-0.07841578,-0.48541188,0.635579
84191109,84191006,-0.1407645,-0.51497823,0.6425205
84213554,84213454,-0.22443065,-0.60232604,0.632761
84233518,84233407,-0.3663008,0.32049587,0.07125475
84250974,84250867,-0.3984904,0.27364197,0.060258098
84273418,84273315,-0.48275593,0.20360667,0.05355304
84293385,84293268,-0.47220814,0.20306714,0.031318054
84310830,84310727,-0.38304633,0.19227211,0.023719024
84333284,84333175,-0.36613557,0.12136731,0.03805038
84353232,84353129,-0.23720726,0.042574722,0.051357895
84373186,84373083,-0.13903515,-0.025141861,0.054302886
84390647,84390542,-0.040410087,-0.050748482,0.05490596
84413105,84412990,-0.0712519,-0.13193573,0.045513116
84433098,84432943,-0.07670247,-0.17886078,0.049588397
84450505,84450403,-0.022279296,-0.09833035,0.044952262
84472953,84472850,-0.048747625,0.04713044,0.044405747
84492904,84492804,-0.10944822,0.22613645,0.059394594
84515357,84515252,-0.15595408,0.373639,0.071209766
84532825,84532711,-0.18968877,0.4170667,0.08788639
84552769,84552665,-0.27658486,0.3560289,0.08567804
84572719,84572619,-0.34546477,0.24364695,0.088278025
84590182,84590078,-0.37045303,0.16910405,0.07753015
84612629,84612526,-0.46303394,0.102642134,0.06257566
84632581,84632479,-0.465831,0.08310673,0.05509505
84655033,84654927,-0.4359893,0.09592509,0.043089457
84672491,84672386,-0.4195468,0.0872393,0.040919356
84692442,84692340,-0.30749968,0.015056856,0.046719056
84714896,84714788,-0.21151902,-0.011915575,0.052136
84732486,84732247,-0.1096471,-0.044112973,0.052374344
84752306,84752201,-0.07313073,-0.05852025,0.04620047
84772256,84772154,-0.09312187,-0.11447538,0.03670417
84794709,84794602,-0.06945615,-0.06860709,0.035181385
84812164,84812062,-0.027883645,0.024311857,0.041003324
84832117,84832015,-0.08134518,0.21721996,0.044850595
84854567,84854463,-0.14597563,0.37035283,0.05447265
84872023,84871922,-0.15766071,0.4712442,0.054084018
84891977,84891876,-0.23946443,0.46506152,0.056886956
84914427,84914324,-0.33638987,0.38032117,0.051919915
84934447,84934277,-0.40474802,0.25118205,0.057673335
84951838,84951737,-0.4485626,0.16906847,0.051111028
84974291,84974185,-0.46885163,0.07438866,0.045977797
84994256,84994138,-0.6214438,0.025281752,0.041521598
85011700,85011597,-0.55570114,0.0074428488,0.035407335
85031654,85031551,-0.4608947,0.014213499,0.029341482
85054103,85053999,-0.488921,-0.004374148,0.030976806
85074056,85073953,-0.33927155,-0.05240873,0.04026858
85091515,85091412,-0.24362074,-0.097797744,0.042617366
85113980,85113860,-0.15094833,-0.11960306,0.04662031
85134013,85133814,-0.20596084,-0.16129726,0.041247316
85151377,85151273,-0.1834487,-0.17441475,0.037406135
85171330,85171226,-0.10864096,-0.081204556,0.039102823
85193778,85193674,-0.17261367,0.058224894,0.036992606
85213732,85213628,-0.20617458,0.23525499,0.052411687
85231191,85231087,-0.22738995,0.3678833,0.054766584
85253641,85253535,-0.27554837,0.4506869,0.068204515
85273591,85273488,-0.36124644,0.4467285,0.06970503
85291049,85290948,-0.4569188,0.39654952,0.066345215
85313516,85313396,-0.512836,0.30054465,0.058919307
85333453,85333349,-0.5393787,0.25788325,0.040786438
85353407,85353303,-0.6596067,0.21851823,0.025769502
85370864,85370762,-0.67060685,0.22509845,0.006747681
85393312,85393210,-0.6036076,0.26368412,-0.005865887
85413264,85413163,-0.57659817,0.2724267,-0.010029706
85430727,85430623,-0.4846345,0.23972411,-0.003700424
85453173,85453071,-0.38316625,0.20315984,-0.0019474075
85473126,85473024,-0.29059035,0.1612805,0.0019190505
85495586,85495472,-0.20376569,0.13333873,0.0070857913
85513048,85512931,-0.2481236,0.089177676,-0.0047654593
85533002,85532885,-0.23776345,0.07263753,-0.003582556
85552945,85552839,-0.18268554,0.14576429,-0.013377719
85570399,85570298,-0.23910323,0.26049212,-0.017452488
85592848,85592746,-0.32300565,0.4054627,-0.004694623
85612803,85612699,-0.36732262,0.4890045,1.4283865e-05
85635252,85635147,-0.42008102,0.46792978,0.010099244
85652713,85652607,-0.49030426,0.3812441,0.016006103
85672678,85672560,-0.5493773,0.26317525,0.01723227
85692619,85692514,-0.5644335,0.16935375,0.017517885
85710091,85709973,-0.59375715,0.11761438,0.0144300945
85732527,85732421,-0.6834574,0.08345273,0.014614082
85752482,85752375,-0.60373825,0.09716574,0.009292127
85774928,85774823,-0.55316937,0.097974956,0.014443382
85792386,85792282,-0.51563185,0.06708289,0.024501357
85812338,85812235,-0.3959459,0.012855482,0.043273684
85834789,85834683,-0.2954338,-0.026834184,0.051050868
85852245,85852143,-0.28595948,-0.042880546,0.05262148
85872201,85872096,-0.3536888,-0.083038546,0.05310967
85892154,85892050,-0.3009711,-0.09376306,0.053549755
85914680,85914497,-0.24334003,-0.0043890947,0.05759185
85932059,85931957,-0.3025859,0.11268434,0.06246881
85952014,85951911,-0.3363848,0.24326408,0.07047003
85974458,85974358,-0.36315292,0.35585004,0.077544905
85991921,85991818,-0.41970524,0.33927205,0.08246182
86011875,86011771,-0.36717203,0.19941221,0.048701167
86034321,86034219,-0.4227209,0.116774075,0.04265024
86054276,86054173,-0.459653,0.05990139,0.03708423
86071735,86071632,-0.47515765,0.017575191,0.02949775
86091694,86091586,-0.5899745,-0.016963113,0.018317783
86114172,86114033,-0.7806704,-0.05072197,0.014353281
86131595,86131493,-0.67324317,-0.030729977,0.009852299
86151552,86151446,-0.6261808,-0.05520055,0.009279725
86173998,86173894,-0.5215711,-0.088962995,0.028525574
86193950,86193848,-0.42957816,-0.11808368,0.032503627
86211411,86211307,-0.29848608,-0.13459639,0.03736363
86233923,86233755,-0.35714117,-0.17611371,0.031502735
86253816,86253711,-0.3411996,-0.18375584,0.035973545
86271275,86271168,-0.290766,-0.078118786,0.033687834
86291244,86291121,-0.27327016,0.039782457,0.024171066
86313698,86313569,-0.2821739,0.17676915,0.009480452
86333633,86333523,-0.321368,0.2071117,0.004946802
86351091,86350982,-0.27319098,0.2541975,0.000106968546
86373534,86373430,-0.26787093,0.3093845,-0.010496298
86393499,86393384,-0.2733954,0.4023248,-0.015084269
86410964,86410843,-0.27854744,0.44578433,-0.02146279
86433397,86433291,-0.28187636,0.53995854,-0.02149844
86453350,86453245,-0.27927157,0.5893684,-0.036268737
86473317,86473198,-0.28324896,0.65602225,-0.047004323
86490776,86490657,-0.2788779,0.68067,-0.05397522
86513232,86513105,-0.29302308,0.7185442,-0.066263504
86533168,86533059,-0.29901293,0.72719616,-0.07019712
86550631,86550521,-0.30098835,0.7272625,-0.079966344
86573077,86572969,-0.30602255,0.7258102,-0.08443277
86593026,86592920,-0.33623275,0.71661204,-0.084984206
86615479,86615367,-0.34660834,0.6886551,-0.08593679
86632952,86632827,-0.34815106,0.6740949,-0.091238305
86652885,86652780,-0.37132165,0.6532878,-0.09002392
86672840,86672734,-0.38053015,0.62938756,-0.09502225
86690309,86690193,-0.39647695,0.59820276,-0.095435984
86712759,86712641,-0.4207878,0.553037,-0.093797006
86732704,86732595,-0.4534373,0.51969874,-0.09506167
86755150,86755043,-0.46609896,0.4988252,-0.09310668
86772627,86772502,-0.4771747,0.4956907,-0.08943052
86792561,86792456,-0.50160766,0.50663453,-0.09032966
86815010,86814903,-0.51510847,0.5191799,-0.085030876
86832473,86832363,-0.52500856,0.52583134,-0.08839767
86852424,86852316,-0.5421217,0.54006815,-0.086360134
86872378,86872270,-0.5462795,0.5661007,-0.088345006
86894937,86894718,-0.55257565,0.6016784,-0.095069095
86912281,86912177,-0.567601,0.6379107,-0.08826203
86932236,86932131,-0.57386965,0.6777202,-0.091691986
86954686,86954578,-0.5818809,0.7185847,-0.095299296
86972146,86972038,-0.5980065,0.75123405,-0.09562674
86992100,86991991,-0.5969726,0.77822214,-0.09991716
87014550,87014439,-0.6077825,0.8044635,-0.10150134
87034517,87034393,-0.61091727,0.8322599,-0.10481211
87051959,87051852,-0.6093282,0.85313934,-0.10665136
87071911,87071806,-0.6339076,0.8863891,-0.11530662
87094412,87094254,-0.6354924,0.90890306,-0.12177937
87111831,87111713,-0.6428547,0.93239456,-0.12389161
87131776,87131667,-0.65843177,0.9440923,-0.13015488
87154222,87154114,-0.66481745,0.9572325,-0.13474463
87174176,87174068,-0.6771218,0.9657351,-0.14327635
87191638,87191527,-0.7051711,0.98715305,-0.14280418
87211587,87211481,-0.72575873,0.9954858,-0.14779633
