timestamp,timestamp_sample,time_last_fuse,device_id,observation[0],observation[1],observation[2],observation_variance[0],observation_variance[1],observation_variance[2],innovation[0],innovation[1],innovation[2],innovation_filtered[0],innovation_filtered[1],innovation_filtered[2],innovation_variance[0],innovation_variance[1],innovation_variance[2],test_ratio[0],test_ratio[1],test_ratio[2],test_ratio_filtered[0],test_ratio_filtered[1],test_ratio_filtered[2],estimator_instance,innovation_rejected,fused
27638397,27440613,27448326,0,0.14831045,0.24125509,0.42675325,0.0025000002,0.0025000002,0.0025000002,-0.00747052,0.0066253543,-0.0002874732,-0.0039283717,0.008477407,-0.010201869,0.0025847147,0.0025456587,0.002580753,0.0023990902,0.0019230908,3.6729862e-06,-0.0012407823,0.05675899,-0.025715355,0,0,1
27987518,27790606,27797486,0,0.19266886,0.21501632,0.40124905,0.0025000002,0.0025000002,0.0025000002,-0.016513465,0.02732122,0.014231116,-0.010669957,0.01239758,-0.0019632068,0.002574829,0.0025435816,0.0025656265,0.011767536,0.032738943,0.008692102,-0.00762411,0.036396556,-0.011731341,0,0,1
28665935,28473116,28475863,0,0.3254388,0.16319606,0.36241812,0.0025000002,0.0025000002,0.0025000002,-0.023188364,0.0021121502,0.01387009,-0.017891373,0.043930467,-0.015538837,0.0025517424,0.002553468,0.0025498772,0.023413206,0.00019775327,0.008287467,-0.016262347,0.37602988,-0.11094179,0,0,1
29104883,28907376,28914813,0,0.257628,0.23127161,0.37921518,0.0025000002,0.0025000002,0.0025000002,-0.008345658,-0.0032842904,0.0034220517,-0.014953372,0.019424075,-0.0051838006,0.0025459407,0.0025435826,0.002540898,0.0030396974,0.00046911906,0.0005130097,-0.012103324,0.18179844,-0.053181704,0,0,1
29663489,29464104,29473476,0,0.23941343,0.2318405,0.39421216,0.0025000002,0.0025000002,0.0025000002,-0.020135656,-0.0013475418,0.0061196685,-0.015894532,0.011286618,0.0013284496,0.0025445465,0.002539759,0.0025415942,0.017704297,7.854315e-05,0.0016275713,-0.012093273,0.07204369,-0.019763801,0,0,1
30152320,29954081,29962307,0,0.21402135,0.24842815,0.381504,0.0025000002,0.0025000002,0.0025000002,-0.017536491,0.015335605,0.008639008,-0.017764747,0.013935995,0.006718283,0.0025460569,0.002538133,0.0025390233,0.013420689,0.010298985,0.003274658,-0.014508472,0.035465874,-0.0048757982,0,0,1
30641169,30444110,30451137,0,0.1729081,0.26911563,0.3736861,0.0025000002,0.0025000002,0.0025000002,-0.008338271,0.019955367,0.01152271,-0.015547162,0.016702732,0.007581066,0.0025522946,0.002541661,0.0025407318,0.0030267646,0.01740624,0.005859246,-0.011557346,0.023346702,-3.4637567e-05,0,0,1
31129982,30934080,30939967,0,0.20958345,0.26691234,0.35754365,0.0025000002,0.0025000002,0.0025000002,-0.014728585,0.02035746,0.011292368,-0.013190185,0.017397013,0.009570633,0.0025378051,0.0025364186,0.0025398945,0.009497762,0.018167427,0.005586835,-0.008554041,0.018119937,0.0032537817,0,0,1
31618818,31424111,31428798,0,0.26553628,0.27616155,0.33089858,0.0025000002,0.0025000002,0.0025000002,-0.022841776,0.011709124,0.0043358803,-0.012137125,0.015458095,0.009724341,0.002534618,0.0025347779,0.002539757,0.022872029,0.005970566,0.00080327195,-0.008397899,0.015037419,0.0043015624,0,0,1
32107902,31917419,31917629,0,0.1892893,0.2722839,0.35512656,0.0025000002,0.0025000002,0.0025000002,-0.010757974,0.023441643,0.01051724,-0.011914649,0.021393765,0.010324052,0.0025651827,0.0025442555,0.0025268702,0.0050130286,0.023963097,0.004873149,-0.007379313,0.023592902,0.0052486374,0,0,1
32616424,32424091,32426412,0,0.15988491,0.29521307,0.36036927,0.0025000002,0.0025000002,0.0025000002,-0.0030085593,0.015424788,0.00084254146,-0.011333276,0.016271867,0.0062965564,0.0025862923,0.002555683,0.0025249007,0.00038886338,0.01033553,3.153737e-05,-0.0066431435,0.013862967,0.0025567242,0,0,1
33175101,32984090,32985076,0,0.17543638,0.31961656,0.33935243,0.0025000002,0.0025000002,0.0025000002,-0.008881845,0.0051734447,0.001505971,-0.0070748557,0.012628282,0.006193573,0.0025578502,0.0025458625,0.002528446,0.0034267998,0.0011619307,9.449553e-05,-0.00319464,0.008695527,0.0023958227,0,0,1
33673971,33474079,33483883,0,0.118875,0.30970037,0.34056184,0.0025000002,0.0025000002,0.0025000002,-0.0011107661,0.024752945,0.00634861,-0.005524323,0.015150193,0.0062977793,0.0025619403,0.002552125,0.0025314733,5.3509848e-05,0.026675634,0.0018205298,-0.0021469342,0.011839642,0.00223705,0,0,1
34092903,33901000,33902881,0,0.10982057,0.3068308,0.36908832,0.0025000002,0.0025000002,0.0025000002,-0.0028881934,0.010843515,-0.004619807,-0.0030307113,0.014676883,0.0026829625,0.0025648759,0.0025513002,0.002525376,0.000361363,0.005120857,0.0009263591,-0.0010564673,0.010850813,0.0011041658,0,0,1
34671553,34479497,34481498,0,0.104883045,0.33138663,0.35217035,0.0025000002,0.0025000002,0.0025000002,-0.003309615,-0.0022189915,-0.00014573336,-0.0047941203,0.023391502,-0.010622279,0.0025610744,0.0025535491,0.002527337,0.0004752151,0.00021403666,1.2699568e-06,-0.0020561619,0.12192013,-0.04785932,0,0,1
35000784,34802171,34810710,0,0.102096796,0.31000754,0.3675937,0.0025000002,0.0025000002,0.0025000002,0.0012056902,0.0037213564,-0.0005996227,-0.0034715286,0.016415538,-0.006291493,0.0025437067,0.0025388817,0.0025296297,6.349828e-05,0.0006053822,1.48841855e-05,-0.0012650175,0.06950838,-0.026822435,0,0,1
35659150,35463184,35469136,0,0.18296766,0.21520494,0.4300966,0.0025000002,0.0025000002,0.0025000002,-0.0018125642,-0.010302827,-0.008174628,-0.0027001433,0.0025666181,-0.004884829,0.0025539936,0.002538114,0.0025388664,0.00014293037,0.0046465048,0.0029068007,-0.00063337426,0.022991803,-0.010147957,0,0,1
36088178,35897138,35898111,0,0.15947928,0.1987612,0.45381516,0.0025000002,0.0025000002,0.0025000002,-0.00537901,-0.004577294,-0.017112285,-0.0042334436,0.038838603,-0.035323784,0.002567316,0.0025387588,0.0025509167,0.0012522264,0.0009191259,0.012801419,-0.0015774888,0.36377513,-0.19442563,0,0,1
36646812,36452385,36456775,0,0.2043826,0.22535947,0.411785,0.0025000002,0.0025000002,0.0025000002,-0.0065900404,-0.010064349,-0.0015393794,-0.0050055804,0.009480328,-0.012004865,0.0025370042,0.0025328838,0.0025279745,0.0019020085,0.004437503,0.00010492246,-0.0015835578,0.14161558,-0.0761199,0,0,1
37135661,36943522,36945607,0,0.2231493,0.1816328,0.40264806,0.0025000002,0.0025000002,0.0025000002,-0.0065138713,0.022816882,0.0074796677,-0.013327897,0.004134629,-0.0098871505,0.0025407812,0.0025345671,0.0025251189,0.0018555324,0.02284011,0.002399444,-0.012678478,0.057822853,-0.042404998,0,0,1
37624450,37433732,37434438,0,0.2047098,0.17816848,0.46382046,0.0025000002,0.0025000002,0.0025000002,0.015207771,-0.036460727,-0.025790751,-0.0039613023,-0.009219773,-0.009558688,0.0025478373,0.002548287,0.0025386112,0.0100859525,0.057918925,0.028574886,-0.0038349824,0.007912642,-0.021486636,0,0,1
38123331,37923521,37933246,0,0.24336934,0.18791561,0.39154822,0.0025000002,0.0025000002,0.0025000002,-0.008116376,0.024884433,0.0060430467,-0.0038386218,-0.0056830854,-0.006037188,0.0025570956,0.0025463332,0.0025223284,0.0028624295,0.027096847,0.0015391563,-0.0024418803,-0.0025407404,-0.011682466,0,0,1
38612105,38419523,38422078,0,0.2219435,0.17797959,0.42559463,0.0025000002,0.0025000002,0.0025000002,-0.0014870279,-0.006320402,0.0013788939,-0.0037692252,0.003947147,0.0033274717,0.00255552,0.0025411113,0.0025251114,9.614272e-05,0.0017456401,8.651601e-05,-0.0015315945,0.0048016915,-0.0016289202,0,0,1
39140847,38943521,38950815,0,0.20553726,0.20760657,0.3868322,0.0025000002,0.0025000002,0.0025000002,0.004757272,0.016089499,0.01628828,-0.0031079678,0.005728626,0.005280416,0.0025442461,0.002533501,0.0025236374,0.000988358,0.011331126,0.011588366,-0.0018217459,0.0050677694,0.001650814,0,0,1
39629748,39433520,39439647,0,0.25379252,0.16388105,0.42284688,0.0025000002,0.0025000002,0.0025000002,-0.011027601,-0.008884773,8.895993e-05,-0.0032108887,-0.0019989598,0.0041698045,0.0025687076,0.002553569,0.002521982,0.005260232,0.0034065382,6.578317e-07,-0.0017373549,-9.614564e-05,0.0020759376,0,0,1
40118548,39923521,39928479,0,0.22404508,0.11566433,0.45704812,0.0025000002,0.0025000002,0.0025000002,0.02304428,-0.01358068,-0.016921133,0.0033936375,-0.0067108907,-0.0019070532,0.0025436692,0.002544227,0.0025247224,0.023196537,0.008044936,0.012340436,-0.00029197283,-0.0055057984,-0.008537289,0,0,1
40677299,40483522,40487144,0,0.16678552,0.1099733,0.4853614,0.0025000002,0.0025000002,0.0025000002,0.022617046,-0.016415969,-0.018048078,0.014965136,-0.011893999,-0.0111122485,0.0025584642,0.0025456485,0.0025332577,0.022215184,0.011701835,0.013863573,0.016795013,-0.012922419,-0.015684303,0,0,1
41166022,40973523,40975975,0,0.21606438,0.12146332,0.4469003,0.0025000002,0.0025000002,0.0025000002,-0.003940353,0.003713943,0.0023074746,0.015242004,-0.009762922,-0.012130248,0.0025464892,0.002538321,0.0025220455,0.00067746354,0.0006036974,0.00022817982,0.01681485,-0.008317749,-0.01316095,0,0,1
41654962,41463520,41464807,0,0.15120953,0.15753418,0.44174528,0.0025000002,0.0025000002,0.0025000002,0.008101974,0.025479272,0.005165428,0.012620381,0.0029300873,-0.006410098,0.0025395744,0.002525341,0.002525965,0.0028719588,0.028561605,0.0011403366,0.01370134,0.004318343,-0.005984554,0,0,1
42143698,41953524,41953639,0,0.111155085,0.047608357,0.51912504,0.0025000002,0.0025000002,0.0025000002,0.02162381,0.00018652156,-0.027338773,0.017524488,-0.0042597717,-0.017275125,0.002566112,0.0025488697,0.0025401777,0.02024633,2.8681866e-06,0.03224874,0.018530257,-0.006824212,-0.021147912,0,0,1
42642576,42443519,42452446,0,0.10644807,0.08243297,0.5635326,0.0025000002,0.0025000002,0.0025000002,0.0027289726,-0.014960296,-0.06909153,0.020926071,-0.007931691,-0.025787987,0.0025683392,0.0025495286,0.0025389926,0.0003221836,0.009747572,0.20789284,0.027292171,-0.009407458,-0.050184615,0,0,1
43131317,42933523,42941278,0,-0.013475605,0.05216553,0.5171651,0.0025000002,0.0025000002,0.0025000002,0.024298983,0.03822252,-0.0138222575,0.013907778,0.016327059,-0.018931746,0.0025764196,0.0025385746,0.0025573347,0.025463441,0.06409205,0.0085675325,0.015208641,0.026973937,-0.028759941,0,0,1
43620088,43423524,43430109,0,0.13490137,0.046703234,0.48837173,0.0025000002,0.0025000002,0.0025000002,0.010883979,0.035627395,-0.0016367882,0.013803942,0.032221552,-0.011121107,0.002552944,0.002542515,0.002522854,0.0051557464,0.055470504,0.00011799141,0.011532189,0.059721176,-0.012853232,0,0,0
44128972,43933525,43938893,0,0.23224834,-0.033623904,0.4566533,0.0025000002,0.0025000002,0.0025000002,0.0038561895,-0.0028193966,-0.0014566779,0.00037627382,0.011239415,-0.0038584557,0.0029127675,0.0029238851,0.0028948372,0.00056724204,0.00030032103,8.076857e-05,0.0018634957,0.022641987,-0.0049174866,0,0,1
44657655,44463520,44467629,0,0.26096833,-0.07830925,0.45058575,0.0025000002,0.0025000002,0.0025000002,-0.017239142,-0.015097871,-0.0013163388,-0.011459028,-0.008992491,-0.0021188296,0.002729102,0.0027283411,0.0026914387,0.0120995445,0.00926309,8.6404485e-05,-0.008676499,-0.0048361085,-0.002022432,0,0,1
45146491,44953527,44956459,0,0.23299718,-0.11952165,0.4527168,0.0025000002,0.0025000002,0.0025000002,-0.009013116,-0.003088884,0.0032753646,-0.012311853,-0.0070511736,-0.0029140797,0.0026383188,0.0026479857,0.002633233,0.0034212132,0.00040187937,0.00044103662,-0.008436705,-0.0043491838,-0.0015891165,0,0,1
45635309,45443525,45445290,0,0.08022157,-0.1623248,0.49333602,0.0025000002,0.0025000002,0.0025000002,0.03028974,-0.007468149,-0.01448077,0.0005042922,-0.00852934,-0.009862122,0.0026503373,0.0026247918,0.0026660294,0.03846338,0.0021242495,0.008388385,0.005222267,-0.0044831675,-0.006507362,0,0,1
46124167,45933523,45934120,0,0.11721444,-0.16802655,0.4986056,0.0025000002,0.0025000002,0.0025000002,-0.00073839724,-0.0014541447,-0.015957445,0.010276922,-0.007490214,-0.015649447,0.0025972354,0.0025904495,0.0026120923,2.332525e-05,9.138314e-05,0.010833064,0.013734368,-0.0040858802,-0.012467536,0,0,1
46622954,46423525,46432926,0,0.12493849,-0.13333872,0.5133414,0.0025000002,0.0025000002,0.0025000002,-0.013738539,-0.018378034,-0.018690735,0.009285239,-0.009531469,-0.020546569,0.0025908155,0.0025775104,0.0025903634,0.008094724,0.014682278,0.015108311,0.009579394,-0.0063626287,-0.020113545,0,0,1
47121791,46923522,46931732,0,0.09218578,-0.05378627,0.5371177,0.0025000002,0.0025000002,0.0025000002,0.018022597,-0.027846515,-0.024341047,0.012360156,-0.02472808,-0.02468927,0.0025922037,0.0025793985,0.0025722655,0.013922689,0.03338897,0.025944727,0.010514156,-0.040603206,-0.027997931,0,0,1
47680445,47483521,47490395,0,0.10640859,-0.028961204,0.53921294,0.0025000002,0.0025000002,0.0025000002,0.01792708,-0.020465478,-0.023207128,0.012076644,-0.027527396,-0.024258295,0.002553467,0.0025587531,0.0025600581,0.013984482,0.018255066,0.023352377,0.008097139,-0.038826447,-0.026651192,0,0,1
48169365,47973524,47979224,0,0.20219597,-0.03374163,0.48354775,0.0025000002,0.0025000002,0.0025000002,0.0077725668,0.033553258,-0.0022222102,0.012131407,5.915964e-06,-0.00945188,0.002550927,0.0025829785,0.0025838779,0.0026314093,0.04858654,0.00020497585,0.007821246,0.0065205945,-0.009481319,0,0,1
48658115,48463522,48468053,0,0.102732524,-0.08310783,0.5095335,0.0025000002,0.0025000002,0.0025000002,-0.001095619,0.050636526,0.016230702,0.0020576923,0.022480404,-0.0026026394,0.0025616046,0.002578516,0.0025661588,5.206724e-05,0.11050219,0.011038261,-0.0002975323,0.042075098,-0.006494087,0,0,1
49147021,48953524,48956882,0,-0.01188821,-0.17636861,0.50894225,0.0025000002,0.0025000002,0.0025000002,-0.0026784725,0.051742934,0.028703034,-0.0015011817,0.02625049,0.007967286,0.0026563783,0.0026277755,0.0025654975,0.0003000834,0.11318629,0.033069678,-0.00078096276,0.050505467,0.0054318593,0,0,1
49675673,49483520,49485615,0,-0.081214525,-0.2273774,0.48365247,0.0025000002,0.0025000002,0.0025000002,-0.011330593,0.010390386,0.02796793,-0.0029615366,0.01842892,0.01573512,0.0026993002,0.0026778816,0.0025562625,0.005284594,0.004403235,0.033238627,-0.001095467,0.03312294,0.015115493,0,0,1
50174446,49983525,49984419,0,-0.2535841,-0.23647362,0.4232067,0.0025000002,0.0025000002,0.0025000002,-0.026373547,-0.004118219,0.016569108,-0.010594623,0.009351293,0.016502557,0.0027452789,0.002718436,0.002573555,0.028151926,0.00079645356,0.011322983,-0.009772248,0.015375043,0.017845184,0,0,1
50673311,50473521,50483223,0,-0.33649066,-0.11421554,0.37898558,0.0025000002,0.0025000002,0.0025000002,-0.039986506,-0.034507394,0.0018543601,-0.022319399,-0.014866008,0.009878744,0.0027165515,0.0026993672,0.0025582658,0.0653983,0.04978754,0.00016844065,-0.027700428,-0.022298027,0.009000369,0,0,1
51162092,50963524,50972051,0,-0.34067473,0.005774238,0.3450715,0.0025000002,0.0025000002,0.0025000002,-0.06138774,-0.023843925,-0.0040000677,-0.035629638,-0.027457818,-0.0009898741,0.002682236,0.0026848924,0.0025448455,0.15610752,0.023843871,0.00090742635,-0.06471412,-0.043006092,-0.0032201763,0,0,1
51650956,51453519,51460878,0,-0.38435307,0.11632242,0.3324681,0.0025000002,0.0025000002,0.0025000002,-0.024140159,-0.059874244,-0.04228443,-0.03418714,-0.04507546,-0.016691355,0.0026314629,0.0026522682,0.0025402175,0.02460597,0.15080196,0.07730191,-0.058227126,-0.10034256,-0.023274759,0,0,1
52139792,51943524,51949709,0,-0.39260465,0.06506252,0.31270787,0.0025000002,0.0025000002,0.0025000002,-0.012191909,-0.0015252382,-0.02509752,-0.020446312,-0.035291858,-0.024419019,0.0025994536,0.0026438134,0.0025352542,0.006353585,0.000107679225,0.027900977,-0.027577113,-0.070063405,-0.032645114,0,0,1
52668451,52473528,52478436,0,-0.4527046,0.14319927,0.23905,0.0025000002,0.0025000002,0.0025000002,0.0361385,-0.010152593,-0.02362898,0.011608057,-0.015138359,-0.028427364,0.0025959916,0.0026091444,0.002540406,0.05589777,0.004074894,0.023372257,0.027071813,-0.027289504,-0.040407076,0,0,1
53157282,52963524,52967263,0,-0.42722085,0.15312044,0.2024607,0.0025000002,0.0025000002,0.0025000002,0.009161388,0.0057339817,-0.012705147,0.01696482,-0.002309233,-0.02163119,0.002578161,0.0025817095,0.0025378591,0.0036171786,0.0014474815,0.006942353,0.023750182,-0.008264595,-0.024429485,0,0,1
53646128,53453522,53456089,0,-0.39317572,0.25760972,0.1853905,0.0025000002,0.0025000002,0.0025000002,0.016288029,-0.010349616,-0.02088961,0.019128613,-0.002151837,-0.018774077,0.0025649888,0.0025593282,0.0025355325,0.011492357,0.004615581,0.018777916,0.0210808,-0.0039835726,-0.017890973,0,0,1
54134945,53943522,53944915,0,-0.36576948,0.2552836,0.1907348,0.0025000002,0.0025000002,0.0025000002,0.012523111,0.023518354,-0.026628166,0.015278399,0.0040426636,-0.016843801,0.0025543955,0.0025508201,0.0025319324,0.0068217185,0.024126906,0.031028401,0.012922917,0.0020266226,-0.01527917,0,0,1
54633736,54436854,54443717,0,-0.3631503,0.26723036,0.17076772,0.0025000002,0.0025000002,0.0025000002,0.018211268,0.021181554,-0.009407103,0.01703127,0.01477701,-0.009765865,0.0025514308,0.0025449889,0.0025316502,0.014442889,0.019650897,0.0037912077,0.014291038,0.013760489,-0.007300999,0,0,1
55142544,54943521,54952494,0,-0.2923878,0.3293304,0.19206318,0.0025000002,0.0025000002,0.0025000002,0.023453506,0.016628236,0.0015185922,0.019327484,0.014947481,-0.0057703457,0.0025441279,0.0025397125,0.0025289143,0.02402338,0.012124125,0.00011806661,0.017177245,0.0118539585,-0.0037363125,0,0,1
55651327,55453524,55461272,0,-0.14729509,0.37450367,0.25984886,0.0025000002,0.0025000002,0.0025000002,0.014251687,0.009631515,0.00701344,0.014999599,0.011237145,-0.0017881364,0.0025342384,0.0025359842,0.0025226779,0.008905177,0.0040691965,0.0021852877,0.01090544,0.0069463477,-0.0013907279,0,0,1
56140146,55943522,55950098,0,-0.006656264,0.37530792,0.31959656,0.0025000002,0.0025000002,0.0025000002,-0.0038150926,0.00092828274,-0.0013335049,0.006436543,0.0056379572,0.0006336174,0.002533621,0.0025327664,0.0025198353,0.0006383018,3.758183e-05,7.981526e-05,0.0044944417,0.003030496,-0.0001800485,0,0,1
56628959,56433523,56438923,0,0.034938987,0.28088963,0.35859177,0.0025000002,0.0025000002,0.0025000002,0.020661488,0.045713186,0.019476771,0.0039536664,0.013628657,0.0021570388,0.0025316004,0.002530089,0.0025184192,0.018736372,0.09173572,0.016688406,0.0033345544,0.021468338,0.0011034332,0,0,1
57117800,56923521,56927748,0,0.07043974,0.25454375,0.43196484,0.0025000002,0.0025000002,0.0025000002,-0.0107800905,0.007614583,0.004988998,-0.001593435,0.00984042,0.0037646142,0.0025270598,0.0025343497,0.002516892,0.005109599,0.0025503484,0.0010834171,-4.8494494e-05,0.010957444,0.0016542069,0,0,1
57676479,57483520,57486405,0,0.029334461,0.24558654,0.47075826,0.0025000002,0.0025000002,0.0025000002,-0.0012904587,-0.0036403686,-0.014905095,-0.0052862023,0.0008524836,-0.000804488,0.002524729,0.0025379362,0.0025157665,7.328767e-05,0.00057994755,0.009807627,-0.0021193358,0.002668486,-0.0007858484,0,0,1
58175225,57983527,57985205,0,-0.016638435,0.23333916,0.50001717,0.0025000002,0.0025000002,0.0025000002,0.020075435,-0.03313157,-0.015960783,0.0061663957,-0.013221794,-0.008261618,0.0025243072,0.00255352,0.0025147863,0.017739657,0.04784613,0.011157912,0.0050621354,-0.015701016,-0.0054605547,0,0,1
58664080,58473525,58474030,0,-0.011642594,0.24341156,0.48205578,0.0025000002,0.0025000002,0.0025000002,0.008983898,-0.016513795,-0.01180014,0.00717554,-0.016392468,-0.009905113,0.002526128,0.0025459877,0.0025145814,0.0035500277,0.011942846,0.0061043887,0.004616422,-0.015657755,-0.006311521,0,0,1
59162902,58963522,58972830,0,-0.03922528,0.30183983,0.4488594,0.0025000002,0.0025000002,0.0025000002,0.0078928415,-0.028778732,-0.010584146,0.010649985,-0.025012754,-0.015390733,0.0025263329,0.002533074,0.0025146478,0.0027398933,0.036377046,0.0048855976,0.009056697,-0.033918776,-0.014095989,0,0,1
59651763,59453525,59461653,0,-0.14087783,0.35359082,0.40593594,0.0025000002,0.0025000002,0.0025000002,0.03425864,-0.03794366,-0.018566847,0.014230624,-0.03417192,-0.020750454,0.0025221044,0.002524275,0.0025146534,0.051705256,0.06335217,0.0150804715,0.015659934,-0.06424726,-0.030204259,0,0,1
60140525,59943521,59950476,0,-0.10800867,0.35736796,0.36375087,0.0025000002,0.0025000002,0.0025000002,0.023842525,-0.012509823,-0.002279222,0.019322934,-0.028132524,-0.014939086,0.0025209591,0.0025198043,0.0025148168,0.025055101,0.0068976562,0.0002193794,0.019998763,-0.04393141,-0.017419716,0,0,1
60639322,60443520,60449275,0,-0.06743373,0.3469549,0.35279787,0.0025000002,0.0025000002,0.0025000002,0.013774778,0.008281499,0.001676619,0.018425435,-0.01153428,-0.006020114,0.002520017,0.0025188066,0.0025144808,0.008366103,0.0030250498,0.00012588277,0.01706863,-0.018092886,-0.006815336,0,0,1
61138130,60943522,60948073,0,-0.04464359,0.37934583,0.32397035,0.0025000002,0.0025000002,0.0025000002,0.016907118,-0.0036366284,0.0033327937,0.017803667,-0.008554755,-0.0032460217,0.0025192148,0.00252048,0.0025149786,0.012607573,0.00058394205,0.000499233,0.015078529,-0.008889623,-0.0030290612,0,0,1
61626922,61433525,61436898,0,0.036180127,0.38144964,0.30669564,0.0025000002,0.0025000002,0.0025000002,0.010343817,-0.0021998584,0.0063672066,0.01876645,0.0034806486,0.0017229728,0.0025186131,0.0025269105,0.0025152902,0.0047201705,0.00021204396,0.0017988195,0.017090196,0.01337628,-0.00013296345,0,0,1
62115752,61923520,61925721,0,0.07701029,0.3760411,0.3355235,0.0025000002,0.0025000002,0.0025000002,0.0009065084,-0.014582783,-0.0039080977,0.012526723,0.0011657954,0.0048566824,0.0025189104,0.002524596,0.0025141016,3.6248366e-05,0.009358717,0.00066590984,0.00950124,0.00500972,0.0027512505,0,0,1
62674386,62483526,62484372,0,0.17210835,0.31344432,0.3332302,0.0025000002,0.0025000002,0.0025000002,0.0035677487,-0.004411489,0.014035642,0.013482954,0.016299501,0.006189659,0.00252139,0.0025306835,0.002513519,0.0005609265,0.0008513598,0.008719478,0.01170984,0.039410654,0.0036314018,0,0,1
63173330,62973524,62983170,0,0.2263698,0.2692721,0.3264824,0.0025000002,0.0025000002,0.0025000002,0.0058845878,-0.0011222363,0.019411474,0.01042596,0.011659208,0.01283922,0.0025257512,0.0025347034,0.002513236,0.0015233477,5.291068e-05,0.016658673,0.008626161,0.020885063,0.01026957,0,0,1
63642056,63443523,63452040,0,0.24008462,0.17607707,0.3647319,0.0025000002,0.0025000002,0.0025000002,0.015499091,0.021495134,0.022372365,0.010215142,0.009979385,0.0165032,0.0025248697,0.0025352223,0.0025124669,0.010571362,0.020365765,0.02203273,0.0074120723,0.013790595,0.014516369,0,0,1
64130894,63933523,63940862,0,0.2533507,0.11121583,0.40807986,0.0025000002,0.0025000002,0.0025000002,0.008102398,0.008169495,0.01587364,0.007292083,0.010451614,0.02002418,0.0025254453,0.0025352216,0.0025116247,0.0028883296,0.0029501715,0.011118375,0.004514481,0.019085253,0.021033617,0,0,1
64619727,64423522,64429683,0,0.20962746,0.10015792,0.46078312,0.0025000002,0.0025000002,0.0025000002,0.0079295505,-0.03330186,0.011054516,0.00014851186,-0.0054304656,0.017248377,0.0025213964,0.0025344733,0.002511099,0.0027708532,0.048541117,0.0054699737,-0.0010965115,-0.0044061895,0.017701855,0,0,1
65178414,64983524,64988336,0,0.11349562,-0.021678617,0.5155,0.0025000002,0.0025000002,0.0025000002,0.011269951,-0.014416503,0.0073310137,0.00384108,0.0045743496,0.015409228,0.0025228963,0.0025334123,0.0025108133,0.005593738,0.009071033,0.0023967696,0.0023084914,0.009312638,0.015924979,0,0,1
65667293,65473526,65477157,0,0.051366802,-0.19571804,0.5014322,0.0025000002,0.0025000002,0.0025000002,-0.010649947,0.05419433,0.024414837,-0.0041831564,0.022938116,0.014661195,0.0025229952,0.0025261242,0.0025108934,0.0049950057,0.1290781,0.026284086,-0.0024039606,0.04385964,0.016180938,0,0,1
66156133,65963527,65965978,0,-0.12655613,-0.2494711,0.4785466,0.0025000002,0.0025000002,0.0025000002,-0.0025729686,0.054971397,0.01940158,-0.0068780086,0.032222606,0.014296949,0.0025265873,0.0025249775,0.0025148536,0.00029113347,0.13296516,0.01650606,-0.004242824,0.06631631,0.0125271175,0,0,1
66664768,66473519,66474750,0,-0.20807713,-0.20522425,0.46625626,0.0025000002,0.0025000002,0.0025000002,-0.006423218,0.026849478,0.0061994493,-0.008322462,0.028738271,0.012296366,0.0025258143,0.0025271357,0.002515514,0.0018149364,0.031689405,0.0016524394,-0.004702961,0.047998372,0.008759341,0,0,1
67153640,66963529,66963570,0,-0.258681,-0.051278748,0.45294476,0.0025000002,0.0025000002,0.0025000002,-0.028227167,0.02041747,0.008080006,-0.014657367,0.025334468,0.012554,0.0025319026,0.0025409067,0.0025159498,0.03496593,0.018003536,0.0027931873,-0.013210814,0.034039523,0.009095437,0,0,1
67652392,67453525,67462366,0,-0.26797527,0.104769684,0.40669352,0.0025000002,0.0025000002,0.0025000002,-0.06192983,0.0020701513,-0.008652061,-0.031708978,0.023724655,0.0078025106,0.002540083,0.0025318086,0.002513339,0.16776809,0.00013403289,0.003343514,-0.05750369,0.030367583,0.0050714696,0,0,1
68141283,67943524,67951186,0,-0.31294614,0.09588523,0.3645316,0.0025000002,0.0025000002,0.0025000002,-0.030743187,0.04193154,-0.0024001896,-0.04387696,0.020314896,-0.001231585,0.0025301366,0.0025227268,0.0025112967,0.04150604,0.077264264,0.00028406276,-0.103029445,0.02932121,-0.0001557295,0,0,1
68630035,68433539,68440006,0,-0.37753114,0.106685385,0.30008376,0.0025000002,0.0025000002,0.0025000002,-0.015940607,0.03894767,-0.022801042,-0.03638405,0.0294433,-0.017070254,0.0025174534,0.0025223123,0.0025105271,0.011215166,0.06677968,0.023138525,-0.0696068,0.04795106,-0.022484796,0,0,1
69138831,68943542,68948777,0,-0.4123014,0.088786826,0.24890754,0.0025000002,0.0025000002,0.0025000002,0.0006647408,0.056707576,-0.015660152,-0.01607273,0.04026972,-0.020932697,0.00251918,0.002527169,0.0025111597,1.9489602e-05,0.14139405,0.010803751,-0.027967324,0.08110891,-0.026175123,0,0,1
69637595,69447483,69447572,0,-0.4666142,0.04054091,0.15738176,0.0025000002,0.0025000002,0.0025000002,0.013547101,0.046256922,-0.007103637,-0.024935428,0.06716373,0.0038880324,0.0025265638,0.0025373073,0.0025167968,0.008070863,0.09404063,0.0020686723,-0.41919222,0.4591377,0.2560372,0,0,1
70136507,69937498,69946367,0,-0.48287135,-0.022255428,0.16653794,0.0025000002,0.0025000002,0.0025000002,0.011373087,0.009198837,-0.032123983,0.004627257,0.03942293,-0.013284623,0.0025223775,0.0025434082,0.0025156117,0.0056977593,0.0037469356,0.04534263,-0.14597593,0.1962603,0.08494472,0,0,1
70625225,70427482,70435186,0,-0.47310302,-0.09578051,0.23024508,0.0025000002,0.0025000002,0.0025000002,0.014512484,0.001957029,-0.04269339,0.015184696,0.018619321,-0.03131662,0.0025164608,0.0025459372,0.0025119872,0.009299312,0.00017332853,0.080500886,-0.03932744,0.080624096,-0.017030898,0,0,1
71183861,70987484,70993835,0,-0.37936336,-0.2779677,0.27829129,0.0025000002,0.0025000002,0.0025000002,0.002972696,-0.002343148,-0.056598723,0.008372601,0.005171156,-0.0462309,0.002517621,0.0025551128,0.0025107497,0.00039000314,0.00024055887,0.14178507,-0.010893742,0.027665056,-0.09157556,0,0,1
71672811,71477482,71482653,0,-0.2962648,-0.39023206,0.20680645,0.0025000002,0.0025000002,0.0025000002,-0.002005754,0.002553165,-0.04744385,0.0061213803,0.005093982,-0.04707581,0.002518907,0.0025509791,0.002511296,0.0001774601,0.00028482705,0.099566676,-0.0033130052,0.0120025715,-0.09733182,0,0,1
72161513,71967484,71971472,0,-0.22312069,-0.4493384,0.19072978,0.0025000002,0.0025000002,0.0025000002,0.012912018,0.0029217005,-0.04917951,0.0067052655,0.0035250923,-0.04521637,0.0025193233,0.0025447325,0.0025122901,0.0073529542,0.00037144087,0.10684139,0.0005743561,0.005103188,-0.09066714,0,0,1
72680284,72485485,72490216,0,-0.06756287,-0.4805905,0.22212449,0.0025000002,0.0025000002,0.0025000002,0.0030231029,0.0011650026,-0.02968961,0.007234331,0.004106715,-0.038070146,0.0025189992,0.0025399763,0.002512406,0.00040312094,5.935263e-05,0.038960617,0.00458862,0.00293443,-0.06644991,0,0,1
73169110,72977486,72979033,0,0.024491334,-0.4541763,0.28420663,0.0025000002,0.0025000002,0.0025000002,0.014634408,-0.004261583,-0.025512248,0.008179563,0.0025852155,-0.030087015,0.0025170466,0.00253621,0.0025124971,0.009454021,0.00079183804,0.02875638,0.0046002315,0.0015712305,-0.043040145,0,0,1
73658009,73467484,73467851,0,0.12135061,-0.391308,0.33758885,0.0025000002,0.0025000002,0.0025000002,0.012095933,-0.008595526,-0.012232751,0.009617001,-0.0031040746,-0.0232026,0.0025145635,0.0025364368,0.0025122825,0.0064650755,0.0032304744,0.006632682,0.0055621574,-0.000716181,-0.026941242,0,0,1
74156660,73957486,73966645,0,0.15574777,-0.2962483,0.41345835,0.0025000002,0.0025000002,0.0025000002,0.011564415,-0.0207237,-0.011689872,0.010796657,-0.009707356,-0.018318566,0.002513037,0.0025324256,0.0025105886,0.005912974,0.018831484,0.0060944716,0.0060661896,-0.0061147204,-0.0169511,0,0,1
74645579,74447485,74455460,0,0.19087593,-0.18579583,0.46909532,0.0025000002,0.0025000002,0.0025000002,0.005210312,-0.026196972,-0.012712359,0.005699633,-0.017575968,-0.016570397,0.0025120198,0.0025312756,0.002509199,0.0012007758,0.030127896,0.007215728,0.0026907977,-0.016637916,-0.0133956615,0,0,1
75134285,74937485,74944276,0,0.18938893,-0.05955448,0.5112545,0.0025000002,0.0025000002,0.0025000002,0.0029055476,-0.03514997,-0.015987247,0.0054265093,-0.025613166,-0.013459994,0.0025117653,0.0025254602,0.0025075306,0.00037345168,0.05436395,0.0113643855,0.0019891507,-0.03341211,-0.009634313,0,0,1
75653035,75457485,75463020,0,0.15663944,0.11720993,0.51312745,0.0025000002,0.0025000002,0.0025000002,0.0049548056,-0.04991363,-0.009390712,0.0058060144,-0.03696088,-0.01183625,0.002511752,0.0025187132,0.0025070219,0.0010860102,0.109920315,0.0038832668,0.002159404,-0.06721663,-0.0070939315,0,0,1
76141863,75947485,75951836,0,0.14823535,0.17906536,0.48732126,0.0025000002,0.0025000002,0.0025000002,0.0038463734,-0.040303037,-0.00232324,0.0056060175,-0.03833658,-0.006377848,0.002511323,0.0025167733,0.002507685,0.0006545726,0.071719564,0.00022883253,0.0021335718,-0.067922786,-0.0032664847,0,0,1
76630744,76437488,76440652,0,0.19098867,0.19895566,0.44027144,0.0025000002,0.0025000002,0.0025000002,0.007820161,-0.026953876,0.005423546,0.0055955425,-0.033865903,0.0015961799,0.0025109726,0.002517357,0.002508295,0.002706119,0.03207251,0.0013242183,0.0020949694,-0.053028997,0.0002061931,0,0,1
77119474,76927485,76929467,0,0.22992918,0.16765738,0.42184132,0.0025000002,0.0025000002,0.0025000002,0.0014184471,-0.022125661,0.016739398,0.0047647892,-0.027641593,0.010818858,0.0025109414,0.002519821,0.0025088268,8.903222e-05,0.021584796,0.012471877,0.0018875361,-0.03587769,0.007983647,0,0,1
77678161,77487485,77488113,0,0.21075651,0.07489237,0.4731304,0.0025000002,0.0025000002,0.0025000002,-0.006894286,-0.029071696,0.014553487,-0.0011684158,-0.026701508,0.015041158,0.002513102,0.0025224984,0.00250861,0.0021014833,0.037261512,0.009468108,-0.00065209105,-0.032408502,0.011592685,0,0,1
78137015,77937487,77947001,0,0.112862274,0.02380115,0.5151711,0.0025000002,0.0025000002,0.0025000002,-0.00024226122,-0.030718815,0.014636517,-0.004358683,-0.03059009,0.0155888805,0.0025156105,0.0025236723,0.0025083364,2.5922798e-06,0.04154766,0.009581296,-0.0024361203,-0.042585578,0.011549823,0,0,1
78625864,78427489,78435816,0,-0.04430385,-0.07504815,0.53188986,0.0025000002,0.0025000002,0.0025000002,-0.0095755905,-0.0020746812,0.01020813,-0.0075765667,-0.01725217,0.011582539,0.0025165605,0.0025216127,0.002508065,0.0040483796,0.00019224455,0.0046163304,-0.0036613308,-0.01936211,0.0068779993,0,0,1
79114671,78917486,78924631,0,-0.17321996,-0.1178787,0.49124193,0.0025000002,0.0025000002,0.0025000002,-0.020332944,-0.0025229678,0.0073554814,-0.0084483605,-0.010215795,0.010473767,0.0025159786,0.0025191524,0.0025084736,0.018257909,0.00028444323,0.0023829646,-0.0057171662,-0.009103838,0.0055253915,0,0,1
79653360,79462381,79463324,0,-0.3208445,-0.09515107,0.4113589,0.0025000002,0.0025000002,0.0025000002,-0.001840055,-0.0060004815,0.006069541,-0.007318877,-0.008049312,0.0075685084,0.0025139586,0.002518211,0.0025094205,0.00014964458,0.0015889831,0.001634503,-0.004132114,-0.0047384882,0.0036321024,0,0,1
80152271,79952381,79962115,0,-0.40324208,-0.09871233,0.3245193,0.0025000002,0.0025000002,0.0025000002,0.0020713331,0.0060992166,-0.0008583963,-0.0042076693,-0.0027005246,0.0031333754,0.002511958,0.0025162774,0.0025093055,0.00018977764,0.0016425444,3.2962096e-05,-0.0020174943,-0.0017308625,0.001512036,0,0,1
80640962,80442383,80450929,0,-0.45643628,-0.097010426,0.23484324,0.0025000002,0.0025000002,0.0025000002,0.008973245,0.012091093,-0.007404819,0.002132767,0.005003494,-0.0037037826,0.002511234,0.0025155034,0.00250912,0.0035626185,0.0064568836,0.0024265556,0.0019725119,0.0022611113,-0.0015418378,0,0,1
81129883,80932381,80939743,0,-0.47292742,-0.06621364,0.172369,0.0025000002,0.0025000002,0.0025000002,0.0068576997,0.00827419,-0.005252883,0.0067350417,0.008272635,-0.005991316,0.0025113947,0.002515691,0.0025090622,0.002080652,0.003025182,0.0012191489,0.0035535416,0.0039271284,-0.0025978037,0,0,1
81658548,81468426,81468460,0,-0.47190055,-0.02979177,0.19327305,0.0025000002,0.0025000002,0.0025000002,0.0064272247,0.00706956,-0.015890196,0.010420586,0.00784755,-0.008137312,0.0025107767,0.0025156788,0.0025084903,0.0018280848,0.002209151,0.011175644,0.0064074867,0.0034902,-0.004038525,0,0,1
82167271,81972377,81977226,0,-0.4483655,-0.012074649,0.23206013,0.0025000002,0.0025000002,0.0025000002,-0.0097943265,0.0034745075,-0.02578874,0.0048463945,0.006136283,-0.013955546,0.0025101937,0.0025159798,0.0025079655,0.0042461897,0.00053156016,0.02948957,0.0027051873,0.00227699,-0.0106446305,0,0,1
82656053,82462433,82466042,0,-0.43961558,-0.020366626,0.2695543,0.0025000002,0.0025000002,0.0025000002,-0.0053005842,0.0009987149,-0.022070616,0.0019442244,0.0035472594,-0.017155576,0.0025098731,0.0025164953,0.002507624,0.0012438076,4.3879358e-05,0.021594267,0.001129195,0.0011067552,-0.014486972,0,0,1
83144869,82952478,82954852,0,-0.41650268,-0.08778334,0.3137675,0.0025000002,0.0025000002,0.0025000002,-0.010945245,0.008692101,-0.032974243,-0.0026559667,0.00419633,-0.023368642,0.0025100163,0.0025181267,0.0025075234,0.0053031254,0.0033358869,0.04820471,-0.00076066336,0.0014658219,-0.026293607,0,0,1
83633680,83442437,83443665,0,-0.4124517,-0.19938473,0.28486547,0.0025000002,0.0025000002,0.0025000002,0.004874346,-0.0008921176,-0.03483966,-0.004033091,0.0037268552,-0.028070292,0.0025102256,0.0025228108,0.0025082035,0.0010516649,3.5508696e-05,0.05376206,-0.0014870535,0.0010975754,-0.037329577,0,0,1
84122538,83932381,83932477,0,-0.3881816,-0.31109688,0.22670138,0.0025000002,0.0025000002,0.0025000002,0.02258543,0.0007046759,-0.04743576,0.0055315914,7.256245e-07,-0.0359664,0.0025108887,0.0025247217,0.0025087227,0.022572868,1.9784551e-05,0.099618,0.0041790376,2.5133377e-05,-0.06088858,0,0,1
84621356,84422432,84431265,0,-0.28467083,-0.43169123,0.1559456,0.0025000002,0.0025000002,0.0025000002,0.027103752,0.012705326,-0.038658693,0.014825468,0.0043153414,-0.037474494,0.0025127647,0.0025241757,0.0025090638,0.032483626,0.0070716157,0.06606113,0.0143681625,0.0017812025,-0.06403068,0,0,1
85180179,84982432,84989908,0,-0.13660944,-0.49393356,0.14745195,0.0025000002,0.0025000002,0.0025000002,0.025402522,0.014325619,-0.024237067,0.023380015,0.010658715,-0.032506783,0.002513764,0.0025230648,0.0025097758,0.028522437,0.009024738,0.025897706,0.027766457,0.0064088306,-0.048439294,0,0,1
85668907,85472417,85478720,0,0.014492786,-0.49862498,0.1854345,0.0025000002,0.0025000002,0.0025000002,0.01902952,0.015531391,-0.01668246,0.022180324,0.0130751515,-0.02396804,0.0025128736,0.0025239047,0.002510793,0.016011886,0.010625779,0.012228746,0.023568543,0.00833521,-0.028501885,0,0,1
86157571,85962425,85967532,0,0.13615239,-0.42864937,0.2684406,0.0025000002,0.0025000002,0.0025000002,0.015300235,-0.002872467,-0.019381613,0.017992433,0.005756889,-0.020435711,0.002511332,0.002524844,0.0025105504,0.0103573715,0.00036227034,0.016621068,0.01584264,0.00368444,-0.021087578,0,0,1
86646362,86452466,86456343,0,0.20741439,-0.3004814,0.39176235,0.0025000002,0.0025000002,0.0025000002,0.0012689168,-0.017228216,-0.017862767,0.008527555,-0.0014562798,-0.014952055,0.0025101344,0.0025218856,0.0025079292,7.127329e-05,0.0130769415,0.014187343,0.0067411237,-0.0005413199,-0.013108597,0,0,1
87145140,86952415,86955130,0,0.2339187,-0.1737151,0.44998178,0.0025000002,0.0025000002,0.0025000002,-0.009175364,-0.030317128,-0.0062129498,0.001643821,-0.016001677,-0.010971192,0.0025095507,0.0025196448,0.0025062682,0.0037274181,0.040530648,0.0017293987,0.002026316,-0.018812353,-0.0074294205,0,0,1
87633970,87442440,87443941,0,0.18523489,-0.06696752,0.5012218,0.0025000002,0.0025000002,0.0025000002,0.0069366647,-0.03418161,-0.0055761337,-0.0012031932,-0.029091494,-0.009397118,0.0025091292,0.0025175477,0.0025053513,0.0021307666,0.05156551,0.0013850322,4.4081044e-05,-0.04565655,-0.00505222,0,0,1
88122766,87932421,87932752,0,0.17722605,0.0010622147,0.5102377,0.0025000002,0.0025000002,0.0025000002,0.0010970999,-0.03505069,-0.0015214086,-0.0008308055,-0.032934446,-0.0065392107,0.0025089602,0.0025159842,0.0025051732,5.3303538e-05,0.054255083,0.0001017214,-0.0001376301,-0.05184354,-0.00300737,0,0,1
88621744,88422424,88431539,0,0.16458209,0.07035911,0.49823594,0.0025000002,0.0025000002,0.0025000002,0.017302182,-0.03857574,0.0048964024,0.0025987672,-0.033129275,-0.0019988932,0.002508779,0.0025153172,0.0025055767,0.0132585745,0.06572277,0.0010779124,0.001703231,-0.050992105,-0.0010161019,0,0,1
89180228,88982424,88990180,0,0.19171917,0.041853417,0.49293098,0.0025000002,0.0025000002,0.0025000002,0.0021120822,-0.02204223,0.0058479905,0.002004739,-0.027447307,0.0039241076,0.0025092585,0.0025157689,0.0025059734,0.0001975303,0.021454915,0.0015289212,0.0010193291,-0.035236128,0.0012878549,0,0,1
89669006,89472442,89478990,0,0.14343667,0.015565372,0.5068399,0.0025000002,0.0025000002,0.0025000002,0.00050293095,-0.029558294,0.015159488,-0.002950852,-0.025673965,0.008107309,0.0025105265,0.0025162976,0.00250594,1.1194621e-05,0.038577586,0.010237499,-0.0014852749,-0.03063463,0.004407437,0,0,1
90117941,89922428,89927897,0,0.040834494,-0.03362649,0.53497946,0.0025000002,0.0025000002,0.0025000002,-0.0077954857,-0.01598781,0.010773778,-0.0034088697,-0.021183275,0.009047617,0.0025118385,0.0025165838,0.0025059534,0.0026881418,0.011297601,0.00516563,-0.0012614885,-0.021258585,0.004463703,0,0,1
90676570,90482422,90486537,0,-0.118077144,-0.08719823,0.5172787,0.0025000002,0.0025000002,0.0025000002,-0.0047813095,-0.004236415,0.012331367,-0.0041737314,-0.010771278,0.010463532,0.0025126783,0.0025162622,0.0025063271,0.0010109142,0.00079404825,0.006743686,-0.0013625596,-0.009166669,0.005348446,0,0,1
91165441,90972439,90975348,0,-0.2620761,-0.089950904,0.4531394,0.0025000002,0.0025000002,0.0025000002,-0.01114067,-0.008362874,0.0068164766,-0.0068431143,-0.004664285,0.009823494,0.0025113474,0.002515112,0.0025069108,0.0054912763,0.0030931083,0.0020579356,-0.0030387028,-0.0039760647,0.004634956,0,0,1
91654173,91462432,91464157,0,-0.3589731,-0.06456862,0.37946293,0.0025000002,0.0025000002,0.0025000002,-0.009019403,-0.010407984,-0.0030085146,-0.0076280357,-0.0063960585,0.0042402754,0.002509435,0.0025139458,0.0025071353,0.0036019452,0.0047892174,0.00040090564,-0.0038449622,-0.0033211648,0.0020350888,0,0,1
92143012,91952406,91952967,0,-0.42241,-0.06529565,0.29737937,0.0025000002,0.0025000002,0.0025000002,-0.0023931703,0.0020234585,-0.0061637163,-0.0061320825,-0.0037101454,-0.0024289384,0.0025081798,0.002512729,0.0025069667,0.0002537149,0.00018104413,0.0016858117,-0.0026313327,-0.0015697589,-0.00063222885,0,0,1
92671703,92472506,92481679,0,-0.46004722,-0.09961002,0.226058,0.0025000002,0.0025000002,0.0025000002,0.0065081893,0.011400081,-0.015334785,-0.00020945797,0.0036082922,-0.008304117,0.0025078529,0.0025122964,0.002506983,0.0018766177,0.0057478817,0.010418361,-0.00041306927,0.0017035461,-0.0043315883,0,0,1
93170667,92972428,92980464,0,-0.469669,-0.1329406,0.21697028,0.0025000002,0.0025000002,0.0025000002,0.019037537,0.0076731592,-0.019212216,0.010801559,0.0058189,-0.013602319,0.0025076717,0.0025131642,0.0025068368,0.016058624,0.0026034885,0.016329484,0.009278215,0.0030139333,-0.01016033,0,0,1
93659296,93462426,93469273,0,-0.43176457,-0.18517873,0.2745006,0.0025000002,0.0025000002,0.0025000002,0.014491186,-0.0013382435,-0.03135343,0.013072515,0.0016227474,-0.022111136,0.002507705,0.0025135085,0.0025064643,0.009304411,7.99512e-05,0.043548066,0.009898501,0.0012008353,-0.024847478,0,0,1
94148220,93952452,93958083,0,-0.38398615,-0.24902402,0.28985623,0.0025000002,0.0025000002,0.0025000002,0.0037088497,7.678568e-05,-0.032075375,0.009887251,0.0009268595,-0.024610389,0.002508223,0.0025134888,0.0025063988,0.0006093542,2.3859334e-07,0.04560178,0.0058647143,0.0005200701,-0.028707216,0,0,1
94636942,94442431,94446892,0,-0.33978114,-0.33607292,0.25832164,0.0025000002,0.0025000002,0.0025000002,0.016697112,-0.010439187,-0.04680693,0.010126866,-0.0036525768,-0.032857444,0.0025089532,0.0025140126,0.0025066896,0.012346609,0.004833938,0.09710142,0.005617329,-0.0011498104,-0.05115736,0,0,1
95125732,94932425,94935700,0,-0.2402945,-0.42841586,0.22692691,0.0025000002,0.0025000002,0.0025000002,0.025247721,-0.0026039183,-0.038985565,0.018907038,-0.0018858262,-0.03683435,0.0025102168,0.0025132077,0.0025069588,0.028215688,0.00030471076,0.06731764,0.018733094,-0.00046849536,-0.062314484,0,0,1
95634568,95442443,95444460,0,-0.16457252,-0.4335578,0.2735644,0.0025000002,0.0025000002,0.0025000002,0.01784431,-0.011727184,-0.040394217,0.022668265,-0.0041025314,-0.036727596,0.002510661,0.0025110259,0.0025069832,0.014091879,0.006092101,0.07229085,0.025492897,-0.0016166525,-0.061184917,0,0,1
96123446,95932414,95933269,0,-0.08024527,-0.42834067,0.33099693,0.0025000002,0.0025000002,0.0025000002,0.018940482,-0.010274321,-0.038172692,0.022438409,-0.006651978,-0.038410038,0.0025107984,0.0025100205,0.002506862,0.01587551,0.0046706316,0.06455644,0.02373988,-0.0026943812,-0.066621676,0,0,1
96622097,96422423,96432052,0,-0.03785234,-0.36672616,0.40862352,0.0025000002,0.0025000002,0.0025000002,0.017564561,-0.024062276,-0.035957813,0.01883471,-0.011324566,-0.036318105,0.0025105597,0.0025091092,0.0025063346,0.013654052,0.02561935,0.0573375,0.017587187,-0.007742281,-0.059449587,0,0,1
97180751,96982424,96990690,0,-0.031629004,-0.30176127,0.46834803,0.0025000002,0.0025000002,0.0025000002,0.008777708,-0.021759301,-0.02658832,0.015309703,-0.017884985,-0.032135226,0.0025104824,0.0025090892,0.0025058086,0.0034100641,0.02095494,0.031373102,0.01178845,-0.01634514,-0.04694763,0,0,1
97669536,97472447,97479498,0,-0.031230187,-0.25372988,0.5029878,0.0025000002,0.0025000002,0.0025000002,0.00216051,-0.018520832,-0.024172604,0.0138728395,-0.02044039,-0.028683288,0.002510678,0.0025092755,0.0025051958,0.00020657561,0.015186644,0.02593661,0.010337522,-0.020771377,-0.037522838,0,0,1
98088860,97892417,97898476,0,-0.014218188,-0.23899236,0.5052803,0.0025000002,0.0025000002,0.0025000002,0.0024690963,-0.012310803,-0.013691843,0.009665016,-0.018296732,-0.022506658,0.0025111355,0.002509384,0.0025047346,0.0002697512,0.006708616,0.008321145,0.0059464043,-0.01656109,-0.02454045,0,0,1
98617205,98422426,98427186,0,-0.06110993,-0.21082821,0.5196231,0.0025000002,0.0025000002,0.0025000002,0.0052187033,-0.017148957,-0.018174112,0.0040310016,-0.015751248,-0.018102271,0.0025115355,0.0025096212,0.0025046903,0.0012048789,0.013015522,0.014654535,0.0022015213,-0.0121177,-0.016024692,0,0,1
99175868,98982426,98985824,0,-0.1553021,-0.20510733,0.4986431,0.0025000002,0.0025000002,0.0025000002,-0.0022376003,-0.00770846,-0.013529062,0.0035836021,-0.012627604,-0.014954067,0.002511273,0.0025099977,0.0025052237,0.000221528,0.0026305404,0.008120928,0.0020649186,-0.00810164,-0.010987345,0,0,1
99664845,99472417,99474631,0,-0.22067699,-0.22081086,0.4712144,0.0025000002,0.0025000002,0.0025000002,0.009513931,-0.0027893335,-0.01550445,0.0033630505,-0.007632666,-0.012994121,0.0025105649,0.0025095497,0.0025054934,0.004005955,0.00034499934,0.010646142,0.0014917871,-0.0039689047,-0.008289642,0,0,1
100153445,99962425,99963438,0,-0.27378315,-0.21193075,0.44250527,0.0025000002,0.0025000002,0.0025000002,0.010529963,-0.004792854,-0.015925825,0.0030977766,-0.0061707925,-0.012769672,0.0025096743,0.0025096831,0.002505656,0.004909009,0.0010189174,0.011230227,0.0012547257,-0.0023211308,-0.007753754,0,0,1
100652257,100452460,100462221,0,-0.30574912,-0.23289113,0.40021503,0.0025000002,0.0025000002,0.0025000002,0.00916633,0.005583808,-0.007431507,0.0043272167,0.0003031349,-0.010478779,0.0025088966,0.002509407,0.0025057408,0.0037210516,0.0013778248,0.0024429532,0.0013720692,-0.00021476157,-0.0053920127,0,0,1
101151032,100952472,100961004,0,-0.3383844,-0.24555738,0.3696393,0.0025000002,0.0025000002,0.0025000002,0.017581185,0.005629942,-0.010428935,0.007905104,0.0023603998,-0.012385591,0.0025083332,0.0025093863,0.002505823,0.013692053,0.0013969239,0.004807264,0.0043341503,0.00056426733,-0.007248289,0,0,1
101649924,101452420,101459786,0,-0.33181056,-0.263944,0.352856,0.0025000002,0.0025000002,0.0025000002,0.010882245,0.0026890635,-0.011619657,0.009495612,0.0054130377,-0.013965692,0.002508183,0.002509222,0.0025057867,0.005246085,0.00031804608,0.005976962,0.0059216525,0.0018962934,-0.009224433,0,0,1
102138706,101942431,101948593,0,-0.3052948,-0.30733868,0.3420028,0.0025000002,0.0025000002,0.0025000002,-0.0011384403,0.00041037798,-0.031549662,0.008342688,0.00324988,-0.019999031,0.0025083062,0.0025091586,0.002505884,5.7411315e-05,7.497016e-06,0.044137556,0.0047102924,0.0013513537,-0.020084212,0,0,1
102627426,102432438,102437399,0,-0.28785992,-0.3371841,0.33020678,0.0025000002,0.0025000002,0.0025000002,0.011496738,-0.005055696,-0.02947402,0.011262137,-0.0019801578,-0.026346942,0.0025087679,0.0025088484,0.0025059015,0.005853913,0.0011373579,0.038500994,0.0069394857,-0.00038276165,-0.032979935,0,0,1
103116218,102922430,102926206,0,-0.2623953,-0.34660304,0.34436244,0.0025000002,0.0025000002,0.0025000002,0.011148656,-0.0050735176,-0.028569072,0.012709309,-0.0041047605,-0.030545458,0.0025091534,0.0025079248,0.002505854,0.00550396,0.0011448874,0.036171306,0.007981845,-0.0013840705,-0.043394286,0,0,1
103674870,103482430,103484842,0,-0.23720878,-0.35269105,0.3638445,0.0025000002,0.0025000002,0.0025000002,0.012993141,-0.0056462884,-0.031406105,0.012597127,-0.0053583845,-0.0315333,0.002509665,0.0025073572,0.0025058,0.007474292,0.0014179124,0.043710254,0.007635123,-0.0018422444,-0.045122635,0,0,1
104123825,103932375,103933745,0,-0.23305592,-0.35670304,0.37120694,0.0025000002,0.0025000002,0.0025000002,0.020838022,-0.0063170493,-0.03511098,0.009436505,-0.008608315,-0.03294558,0.0025099711,0.0025071336,0.0025057723,0.019222142,0.0017772728,0.054613564,0.0063571404,-0.0041552456,-0.049248677,0,0,1
104682385,104492376,104492380,0,-0.1947793,-0.31974727,0.41233134,0.0025000002,0.0025000002,0.0025000002,-0.005354571,-0.013056457,-0.0314323,0.00732396,-0.012707878,-0.033471957,0.0025102622,0.0025066778,0.0025056384,0.0012690765,0.0075530144,0.043837875,0.005108494,-0.008466922,-0.05023144,0,0,1
105181534,104982433,104991162,0,-0.21063149,-0.30554074,0.41933236,0.0025000002,0.0025000002,0.0025000002,0.0067620827,-0.00603199,-0.019773483,0.007652291,-0.009287337,-0.029460998,0.0025104478,0.0025068466,0.002505438,0.0020237986,0.0016147299,0.01733002,0.004213982,-0.005148711,-0.0397703,0,0,1
105669980,105472473,105479966,0,-0.23040694,-0.30260435,0.4220913,0.0025000002,0.0025000002,0.0025000002,0.011736168,-0.0075335205,-0.030558348,0.00954562,-0.008290551,-0.02826952,0.0025103493,0.0025068633,0.0025055916,0.006096435,0.0025205691,0.041378677,0.004933028,-0.003825434,-0.03667461,0,0,1
106158859,105962437,105968772,0,-0.23398714,-0.31059825,0.41012728,0.0025000002,0.0025000002,0.0025000002,0.010533841,-0.007471174,-0.029440463,0.009934325,-0.01025925,-0.03009695,0.0025104547,0.0025069797,0.0025054372,0.004911098,0.0024797185,0.038413823,0.0048172004,-0.005314643,-0.041474123,0,0,1
106667536,106472472,106477528,0,-0.24881127,-0.2525981,0.43555757,0.0025000002,0.0025000002,0.0025000002,-0.00336215,-0.0025440753,-0.022262067,0.004626521,-0.007780767,-0.02623399,0.0025100266,0.002508063,0.002505435,0.0005003954,0.0002861407,0.021986667,0.0021528543,-0.0034272373,-0.031764,0,0,1
107156381,106962436,106966333,0,-0.27312937,-0.2642062,0.4170155,0.0025000002,0.0025000002,0.0025000002,0.0109321335,-0.0041643083,-0.021247178,0.0065592043,-0.006431791,-0.02170165,0.0025098526,0.0025081825,0.002505202,0.0052907728,0.0007723062,0.020002019,0.0027913174,-0.002485614,-0.022410493,0,0,1
107645291,107452380,107455138,0,-0.28786945,-0.28779447,0.39269048,0.0025000002,0.0025000002,0.0025000002,0.014384674,0.0028583407,-0.020596266,0.006248465,-0.0053661964,-0.023149522,0.0025094657,0.0025080708,0.002505329,0.009161704,0.00035786792,0.018787814,0.0031804703,-0.0022954356,-0.0246471,0,0,1
108133986,107942440,107943943,0,-0.32671267,-0.22041473,0.40297753,0.0025000002,0.0025000002,0.0025000002,0.013317908,-0.0271748,-0.03844148,0.00836859,-0.012950204,-0.029325759,0.0025084757,0.0025089195,0.002505528,0.007856328,0.03274014,0.065470606,0.004844162,-0.01115131,-0.040312313,0,0,1
108622763,108432486,108432749,0,-0.3593342,-0.1329838,0.40393147,0.0025000002,0.0025000002,0.0025000002,0.01605792,-0.011090994,-0.010643899,0.009495774,-0.01512135,-0.022825474,0.002507624,0.0025114273,0.002505836,0.01142546,0.0054537505,0.0049998257,0.0052013253,-0.012134862,-0.025983706,0,0,1
109121573,108922426,108931528,0,-0.40870494,-0.044032868,0.35118574,0.0025000002,0.0025000002,0.0025000002,0.00575378,-0.0018271245,-0.009757042,0.0064146277,-0.008674653,-0.015882798,0.0025060857,0.0025141195,0.0025069811,0.001467804,0.00014776053,0.0042128763,0.0029933047,-0.0055120154,-0.013875024,0,0,1
109640268,109442424,109450259,0,-0.42520586,0.07701446,0.26718676,0.0025000002,0.0025000002,0.0025000002,-0.0011801599,0.006446466,0.006383747,0.0046124044,-0.0018247169,-0.0034005414,0.0025064093,0.002516039,0.0025070924,6.1742925e-05,0.0018345572,0.0017997415,0.0019334872,-0.0017339317,-0.0045235,0,0,1
110129186,109932448,109939063,0,-0.4090703,0.14893864,0.2405616,0.0025000002,0.0025000002,0.0025000002,-0.0053835968,0.0046619326,0.0030138493,0.0024317908,0.00257969,0.0032036095,0.0025079797,0.0025148941,0.0025061357,0.0012840399,0.0009566063,0.00040105983,0.0008158145,0.00036473223,0.0001318247,0,0,1
110617882,110422427,110427867,0,-0.34215695,0.24609591,0.23708293,0.0025000002,0.0025000002,0.0025000002,-0.01927565,0.00046102703,0.00031360984,-0.004851308,0.0007843511,0.002675516,0.0025110524,0.002512318,0.0025057124,0.01644068,7.88348e-06,4.0399277e-06,-0.0029756099,7.217549e-05,0.00042549695,0,0,1
111176514,110982422,110986500,0,-0.3484486,0.25394875,0.22404322,0.0025000002,0.0025000002,0.0025000002,-0.0018889811,0.015197784,-0.0058932006,-0.0058313436,0.0067312447,-0.0022701134,0.0025112221,0.0025099947,0.0025067984,0.00015788017,0.010220721,0.0015406078,-0.0024169392,0.003541335,-0.000681315,0,0,1
111665404,111472410,111475304,0,-0.31903225,0.28086323,0.22794859,0.0025000002,0.0025000002,0.0025000002,-0.0053060995,0.012755364,-0.003207758,-0.0039508515,0.012282397,-0.0031380937,0.0025116692,0.0025087695,0.0025077946,0.0012455061,0.00719876,0.0004584977,-0.0013309232,0.008444096,-0.0010648292,0,0,1
112154119,111962429,111964108,0,-0.30997053,0.26823026,0.25363898,0.0025000002,0.0025000002,0.0025000002,-0.005098506,0.020826995,-0.0012432933,-0.004029914,0.016460972,-0.0035495926,0.0025116708,0.0025082442,0.0025084822,0.0011499544,0.019205837,6.959419e-05,-0.0010277085,0.013305775,-0.0011117862,0,0,1
112642992,112452376,112452912,0,-0.2548067,0.27428618,0.3037568,0.0025000002,0.0025000002,0.0025000002,-0.02021712,0.018432915,0.0014600158,-0.006466464,0.016505921,-0.004919702,0.002512309,0.0025080596,0.0025080163,0.018076861,0.015030463,8.835008e-05,-0.0033797694,0.0129168425,-0.0020347203,0,0,1
113141724,112942435,112951691,0,-0.18994287,0.28646958,0.36164564,0.0025000002,0.0025000002,0.0025000002,-0.029544704,0.010239512,-0.008040011,-0.014688491,0.012588829,-0.0071662925,0.002513646,0.0025079679,0.0025065586,0.038584482,0.0046345824,0.0029090724,-0.0128535265,0.008148563,-0.003299473,0,0,1
113630522,113432376,113440494,0,-0.18848965,0.23693697,0.41086534,0.0025000002,0.0025000002,0.0025000002,-0.032309152,0.011186257,-0.008905828,-0.023398401,0.0128678195,-0.007820145,0.0025145507,0.0025087798,0.00250544,0.046126258,0.00552978,0.0035627135,-0.028911699,0.008080376,-0.0042705573,0,0,1
114119310,113922388,113929297,0,-0.22070508,0.15785962,0.45539865,0.0025000002,0.0025000002,0.0025000002,-0.031494077,0.01627186,-0.022469878,-0.029619658,0.012960197,-0.012962095,0.002513663,0.0025107246,0.002505445,0.043843806,0.011707664,0.022500772,-0.041925956,0.008061918,-0.01015836,0,0,1
114678062,114482375,114487928,0,-0.32503992,0.09257813,0.42150748,0.0025000002,0.0025000002,0.0025000002,-0.020383129,0.0045006126,-0.033751756,-0.021875395,0.009446755,-0.019132188,0.0025099148,0.002512542,0.0025067655,0.018392477,0.00089122,0.050596826,-0.02464815,0.0052139135,-0.019616356,0,0,1
115126878,114928376,114936829,0,-0.3971177,0.012044078,0.38628936,0.0025000002,0.0025000002,0.0025000002,0.0006029373,-0.009127315,-0.03895396,-0.013200746,-0.0001680529,-0.02734768,0.0025073006,0.002514279,0.002507169,1.6109994e-05,0.0036813992,0.06727867,-0.013992429,0.0005696914,-0.039270222,0,0,1
115615636,115422377,115425631,0,-0.43070164,-0.07436645,0.33607242,0.0025000002,0.0025000002,0.0025000002,0.0047325455,-0.012671314,-0.046083897,-0.002388566,-0.007269881,-0.035498884,0.0025055115,0.0025146967,0.0025069506,0.000993232,0.007095328,0.09417025,-0.0046598595,-0.0037709437,-0.060553785,0,0,1
116174269,115982378,115984262,0,-0.43655577,-0.0930292,0.31488687,0.0025000002,0.0025000002,0.0025000002,0.007659979,-0.031183861,-0.04652804,0.007768607,-0.016817156,-0.041105963,0.002505147,0.0025119153,0.0025055753,0.0026024326,0.043024242,0.096035995,0.004238926,-0.01649427,-0.07782708,0,0,1
116663242,116472376,116473064,0,-0.44514975,-0.123237886,0.30864522,0.0025000002,0.0025000002,0.0025000002,0.018278413,-0.013427533,-0.04253295,0.0138168605,-0.01731404,-0.043889478,0.002505264,0.0025102175,0.0025053986,0.014817705,0.007993676,0.08017827,0.010405573,-0.015421279,-0.086979076,0,0,1
117164370,116962378,116971841,0,-0.45199677,-0.07714839,0.31378397,0.0025000002,0.0025000002,0.0025000002,0.0203643,-0.0069007874,-0.033567876,0.016413353,-0.015747493,-0.039995786,0.0025051294,0.002509882,0.0025056598,0.01839358,0.0021138003,0.049910724,0.013200857,-0.012432935,-0.07225712,0,0,1
117650829,117452381,117460642,0,-0.4331359,0.0028070358,0.32856506,0.0025000002,0.0025000002,0.0025000002,0.012227047,-0.011094758,-0.018486291,0.012361212,-0.011439015,-0.028857218,0.0025052438,0.0025105702,0.0025058542,0.006630568,0.005448829,0.0151242735,0.008108651,-0.007470995,-0.041620094,0,0,1
118149424,117952378,117959420,0,-0.4134183,0.107621394,0.2918265,0.0025000002,0.0025000002,0.0025000002,0.0014630985,-0.00240957,-0.0039164126,0.007308658,-0.008736288,-0.015318214,0.0025055567,0.002511651,0.0025062512,9.492932e-05,0.00025664328,0.0006788859,0.003847923,-0.004817854,-0.01830502,0,0,1
118638436,118442381,118448221,0,-0.37682757,0.1944789,0.26554328,0.0025000002,0.0025000002,0.0025000002,-0.004057467,-0.0005774796,0.0040133,0.0029827848,-0.0044787438,-0.0029424743,0.002506797,0.0025113544,0.0025059073,0.0007297067,1.5017899e-05,0.00071406167,0.001529206,-0.002184144,-0.006325728,0,0,1
119127094,118932380,118937022,0,-0.33625567,0.24003163,0.29073092,0.0025000002,0.0025000002,0.0025000002,-0.01045874,-0.0026242733,-0.012509078,-0.0004313126,-0.00097635476,-0.0031893824,0.0025081437,0.002510089,0.002505309,0.0048457817,0.00030839109,0.0069414726,-2.3630137e-05,-0.00053676014,-0.0035379312,0,0,1
119616043,119422375,119425824,0,-0.36692166,0.16478993,0.32717362,0.0025000002,0.0025000002,0.0025000002,-0.0009198161,0.016465768,-0.020495892,-0.0038839057,0.0065796585,-0.008730456,0.0025075052,0.0025094212,0.002505069,3.749019e-05,0.012003195,0.018636595,-0.0013510222,0.0038453445,-0.0066431966,0,0,1
120174496,119982381,119984453,0,-0.34932745,0.1435228,0.3702317,0.0025000002,0.0025000002,0.0025000002,-0.010748811,0.0059590787,-0.026390582,-0.004164691,0.008311601,-0.013698307,0.0025077504,0.0025097819,0.0025052293,0.0051191053,0.0015668996,0.030914892,-0.001368098,0.004083028,-0.01145017,0,0,1
120603544,120412376,120413401,0,-0.37983635,0.07833479,0.35943124,0.0025000002,0.0025000002,0.0025000002,-0.006755298,0.010443747,-0.019184202,-0.006857022,0.00854019,-0.014571802,0.0025067176,0.0025107488,0.0025054368,0.0020227449,0.0048224125,0.016327532,-0.002840575,0.0039780117,-0.01125738,0,0,1
121122135,120922380,120932128,0,-0.40117192,-0.0055886423,0.3701868,0.0025000002,0.0025000002,0.0025000002,-0.0034025442,-0.01081954,-0.031763285,-0.004168147,-0.00043234887,-0.02106401,0.0025056675,0.0025125016,0.00250572,0.00051338313,0.005177299,0.044768278,-0.0013779557,8.716984e-05,-0.02207316,0,0,1
121680780,121482375,121490758,0,-0.4193964,-0.13840257,0.33292428,0.0025000002,0.0025000002,0.0025000002,0.0030963132,-0.0034060478,-0.045455724,0.0034185818,-0.0035396107,-0.031511914,0.0025048605,0.0025129218,0.0025057716,0.00042526898,0.0005135882,0.091624975,0.0020003389,-0.0011939441,-0.04836224,0,0,1
122169775,121972429,121979558,0,-0.41281635,-0.17949519,0.3161481,0.0025000002,0.0025000002,0.0025000002,0.009522634,-0.010154933,-0.036288798,0.0075156856,-0.004698975,-0.035925604,0.002505349,0.00251132,0.0025052065,0.004021642,0.004571368,0.058404475,0.0040442892,-0.0015788472,-0.0596447,0,0,1
122658426,122462381,122468358,0,-0.39068228,-0.21413432,0.33227506,0.0025000002,0.0025000002,0.0025000002,0.008119589,0.0027996153,-0.03151989,0.00864303,-0.002479077,-0.034988433,0.0025060864,0.0025098233,0.0025049343,0.0029230048,0.00034458158,0.044053625,0.004417401,-0.0008135832,-0.055431202,0,0,1
123147316,122952378,122957159,0,-0.3857224,-0.1942137,0.35432845,0.0025000002,0.0025000002,0.0025000002,0.008466958,0.00017726421,-0.030663311,0.006202888,-0.0022370443,-0.03441204,0.002506295,0.0025091574,0.002504933,0.0031781918,1.2435007e-06,0.04168761,0.0027008369,-0.00063821656,-0.05328393,0,0,1
123655924,123462376,123465910,0,-0.38762927,-0.17224488,0.35547695,0.0025000002,0.0025000002,0.0025000002,0.0056700474,-0.009437159,-0.030450791,0.005334421,-0.0044368966,-0.02885262,0.0025061048,0.0025095798,0.0025048351,0.0014253831,0.0039485428,0.041116387,0.0019070206,-0.0013429029,-0.03864776,0,0,1
124144857,123952378,123954709,0,-0.3934715,-0.1555405,0.33788282,0.0025000002,0.0025000002,0.0025000002,-0.006681461,-0.0029228777,-0.028355569,0.0019710355,-0.003309815,-0.027033092,0.0025057462,0.0025091812,0.0025053762,0.0019795354,0.00037655808,0.035670836,0.0007650067,-0.0010248559,-0.033557683,0,0,1
124633512,124442378,124443509,0,-0.39317018,-0.060852375,0.35049182,0.0025000002,0.0025000002,0.0025000002,-0.011705138,-0.0030701645,-0.013681054,0.00217821,-0.0042262734,-0.022641208,0.002505195,0.0025102745,0.002505422,0.0060767173,0.00041544254,0.008310709,0.0012680525,-0.001122271,-0.02416653,0,0,1
125132415,124932394,124942284,0,-0.41029957,-0.0942437,0.35758686,0.0025000002,0.0025000002,0.0025000002,0.009250204,-0.0009435043,-0.021502197,0.0041471706,-0.0033752043,-0.021397501,0.002505325,0.0025101018,0.0025051602,0.0037948624,3.9983137e-05,0.020489717,0.002116231,-0.0009371157,-0.02118757,0,0,1
125621113,125422380,125431083,0,-0.41061932,-0.07528063,0.344191,0.0025000002,0.0025000002,0.0025000002,0.001079943,0.005864367,-0.015688628,0.0033613616,-0.00089051784,-0.019128919,0.002504882,0.0025106263,0.0025049641,5.173351e-05,0.0015217,0.010920587,0.001720941,-0.000490012,-0.017357534,0,0,1
126179783,125985708,125989711,0,-0.4180714,-0.10364806,0.3393321,0.0025000002,0.0025000002,0.0025000002,0.007121727,0.0047696605,-0.020553738,0.00413291,-0.00043548673,-0.02077205,0.0025048635,0.0025106375,0.0025048917,0.0022498008,0.0010046565,0.018732699,0.0014880706,-0.00018590094,-0.020186964,0,0,1
126668549,126472390,126478511,0,-0.43565705,-0.098027326,0.3336994,0.0025000002,0.0025000002,0.0025000002,0.021088872,-0.003287807,-0.022018671,0.007269391,-0.0001288872,-0.0217379,0.0025046486,0.0025110752,0.0025047243,0.019729558,0.00048242282,0.021479413,0.0043719634,-6.575877e-06,-0.0216727,0,0,1
127157344,126962375,126967309,0,-0.41689298,-0.10666159,0.3331452,0.0025000002,0.0025000002,0.0025000002,0.0033940915,-0.0016462058,-0.021832049,0.0033319213,-1.0510957e-05,-0.021845907,0.0025046584,0.0025111227,0.002504722,0.00051104143,0.000120266624,0.02113938,0.0018159244,1.8430284e-05,-0.021722557,0,0,1
127646119,127452376,127456109,0,-0.4210642,-0.11395556,0.33670652,0.0025000002,0.0025000002,0.0025000002,0.006301257,-0.0042311996,-0.031540453,0.0048707547,-0.0008772749,-0.02223037,0.0025046875,0.002510941,0.0025047672,0.0017614013,0.00079413794,0.044115175,0.0025947792,-0.0004828455,-0.022948144,0,0,1
128134918,127942381,127944907,0,-0.41335484,-0.12249933,0.34613356,0.0025000002,0.0025000002,0.0025000002,0.010092367,0.0027035326,-0.020968884,0.005780902,-0.00036166323,-0.02430576,0.0025049106,0.0025110221,0.0025046421,0.0045180535,0.00032135454,0.019493856,0.0025032419,-0.00018152405,-0.027318185,0,0,1
128623744,128432376,128433706,0,-0.42155534,-0.10210082,0.34461635,0.0025000002,0.0025000002,0.0025000002,0.013670532,0.003848821,-0.019296288,0.006890963,-0.0020516017,-0.023220366,0.0025046906,0.0025112915,0.0025046298,0.0082903765,0.0006520597,0.016503964,0.0031703701,-0.00076649146,-0.02457771,0,0,1
129142467,128952379,128952431,0,-0.4137877,-0.10993321,0.342306,0.0025000002,0.0025000002,0.0025000002,0.006427113,0.0011746958,-0.01938814,0.007480759,-0.0014103013,-0.02092588,0.0025047194,0.0025113635,0.002504618,0.0018324421,6.0512233e-05,0.016668921,0.0029230553,-0.00040712685,-0.020328926,0,0,1
129641290,129442379,129451205,0,-0.4163564,-0.10965359,0.34125847,0.0025000002,0.0025000002,0.0025000002,0.0076532383,-0.0009174347,-0.021199346,0.0043140133,-0.00032211342,-0.019225735,0.0025046235,0.002511609,0.0025045616,0.002598397,3.77346e-05,0.019928142,0.0015390977,-0.00012877453,-0.017455924,0,0,1
130130014,129932381,129940004,0,-0.42129615,-0.09080592,0.3314488,0.0025000002,0.0025000002,0.0025000002,0.0062441994,-0.008373074,-0.018508852,0.0038251388,-0.0020597694,-0.0188168,0.0025044568,0.0025117202,0.002504654,0.0017298063,0.003104808,0.015187501,0.0010186839,-0.0005493558,-0.016727135,0,0,1
130618858,130422379,130428802,0,-0.40691328,-0.10645969,0.3432163,0.0025000002,0.0025000002,0.0025000002,0.0008927211,0.0022985488,-0.01601246,0.0020723701,-0.0021422706,-0.018884411,0.0025046794,0.0025116086,0.0025045846,3.5353867e-05,0.00023357566,0.011374788,0.00082083576,-0.0005385903,-0.016700651,0,0,1
131177479,130982381,130987429,0,-0.41451746,-0.099903986,0.33937585,0.0025000002,0.0025000002,0.0025000002,0.005205879,0.0020267144,-0.015497655,0.005204154,-0.00088032056,-0.018763497,0.0025045646,0.0025117812,0.0025046342,0.0012023015,0.00018095765,0.010650847,0.0029329618,-0.00023555693,-0.016183045,0,0,1
131666281,131472380,131476227,0,-0.4238809,-0.07966733,0.3423344,0.0025000002,0.0025000002,0.0025000002,0.010165328,0.0055465177,-0.019605696,0.0075553968,-0.00017001177,-0.019529477,0.0025043215,0.0025121507,0.0025046214,0.004584693,0.0013576373,0.01704445,0.003503425,-3.6791775e-05,-0.017197132,0,0,1
132155046,131962379,131965025,0,-0.42626143,-0.0693258,0.3321749,0.0025000002,0.0025000002,0.0025000002,0.007298357,-0.0009652078,-0.017824829,0.0069417916,0.0012877691,-0.018021045,0.0025041143,0.0025124368,0.0025045162,0.0023634888,4.1511783e-05,0.014088413,0.002617485,0.00026444622,-0.015169635,0,0,1
132643926,132452379,132453824,0,-0.4277071,-0.051096097,0.33336514,0.0025000002,0.0025000002,0.0025000002,0.0047824075,0.0074049607,-0.022313565,0.0066474667,0.0036103472,-0.01793372,0.0025039634,0.0025127328,0.0025045446,0.0010148986,0.0024238448,0.022087727,0.0024121727,0.00086725975,-0.014979858,0,0,1
133132655,132942378,132942621,0,-0.41023833,-0.05960747,0.33712348,0.0025000002,0.0025000002,0.0025000002,-0.0060258983,0.011209421,-0.014251173,0.0035485718,0.006739514,-0.017256115,0.0025040559,0.002512883,0.002504405,0.0016112282,0.005557357,0.009017006,0.0012537779,0.0027698895,-0.013664191,0,0,1
133631534,133432379,133441394,0,-0.41207033,-0.09766426,0.340132,0.0025000002,0.0025000002,0.0025000002,0.0051550744,0.0046466216,-0.00992775,0.0007400833,0.007665968,-0.016247125,0.0025042554,0.0025129928,0.002504411,0.0011790949,0.00095343596,0.0043690954,-6.3044645e-05,0.0036093057,-0.0124540115,0,0,1
134120235,133922379,133930192,0,-0.41288966,-0.120148316,0.33071253,0.0025000002,0.0025000002,0.0025000002,-0.0014057318,0.002879925,-0.021895945,-0.0012901056,0.0059663253,-0.01939916,0.0025042098,0.002512833,0.002504492,8.767822e-05,0.0003670341,0.021270392,-0.00075323804,0.002234991,-0.017491635,0,0,1
134619084,134422380,134428965,0,-0.40148887,-0.13476959,0.34608513,0.0025000002,0.0025000002,0.0025000002,-0.0006204592,0.00493522,-0.021085918,0.0009821111,0.0037108932,-0.0216346,0.0025046156,0.0025125216,0.0025043562,1.7078231e-05,0.0010773942,0.019726902,0.0002606819,0.0011902399,-0.021999689,0,0,1
135177730,134982380,134987590,0,-0.3968176,-0.16222571,0.34734064,0.0025000002,0.0025000002,0.0025000002,0.0013033822,0.005887836,-0.024611562,0.0023041572,0.0029930656,-0.022420669,0.0025050521,0.0025121986,0.0025044214,7.535018e-05,0.0015323532,0.02687206,0.00069487916,0.00076004345,-0.022832315,0,0,1
135666393,135472378,135476388,0,-0.38879156,-0.15514317,0.3598884,0.0025000002,0.0025000002,0.0025000002,-0.00021024421,-0.00088495016,-0.026281774,0.002647536,-0.00010057872,-0.025843754,0.002505279,0.0025120198,0.0025043504,1.9604217e-06,3.4616292e-05,0.03064598,0.0007422979,-2.4713116e-05,-0.03027675,0,0,1
136155338,135962380,135965185,0,-0.40180266,-0.16623645,0.34524405,0.0025000002,0.0025000002,0.0025000002,0.012177569,-0.0005182475,-0.018643677,0.0035940676,0.00045368326,-0.023311516,0.0025055164,0.0025116291,0.0025044375,0.0065762973,1.2734059e-05,0.015406416,0.0018481561,0.00014200786,-0.024730422,0,0,1
136644040,136452376,136453982,0,-0.41109535,-0.10601877,0.3451237,0.0025000002,0.0025000002,0.0025000002,0.003198984,0.0024063736,-0.018972129,0.0025763805,0.0016457486,-0.020073107,0.0025045848,0.0025123772,0.0025046752,0.00045398957,0.00025537075,0.015965842,0.000779884,0.00036566955,-0.018564627,0,0,1
137132825,136942380,136942779,0,-0.39180169,-0.05364546,0.3663931,0.0025000002,0.0025000002,0.0025000002,-0.0020562233,0.010008059,-0.0066918135,0.001697397,0.0034774882,-0.013732627,0.002504593,0.0025130808,0.0025047304,0.00018756893,0.0044294675,0.0019926082,0.00046929772,0.0013292629,-0.010080689,0,0,1
137631570,137432375,137441552,0,-0.41236314,-0.06928562,0.3498696,0.0025000002,0.0025000002,0.0025000002,0.0033718925,0.00928336,-0.0149694085,0.0018588788,0.00856925,-0.012077754,0.0025040486,0.002513255,0.0025042736,0.00050450116,0.0038087002,0.00994347,0.00052147615,0.004662425,-0.0073959245,0,0,1
138120392,137922377,137930348,0,-0.40024292,-0.07943905,0.34559372,0.0025000002,0.0025000002,0.0025000002,-0.008029473,0.014786802,-0.010103822,0.0012559614,0.008481028,-0.011386892,0.0025040247,0.0025131789,0.0025042084,0.002860836,0.009672116,0.004537161,0.0006916837,0.0045271483,-0.0063962126,0,0,1
138679013,138482383,138488973,0,-0.39245713,-0.11657451,0.37267417,0.0025000002,0.0025000002,0.0025000002,0.0021668905,-0.0036995932,-0.024118185,0.00037068254,0.004131471,-0.017494427,0.0025046184,0.002512857,0.0025041173,0.00020830029,0.00060590665,0.025808321,0.00013630054,0.002140152,-0.015029332,0,0,1
139167787,138972375,138977770,0,-0.41082427,-0.1451891,0.33746615,0.0025000002,0.0025000002,0.0025000002,0.0094606,0.0015188307,-0.016644567,0.0037357556,0.001291505,-0.019163737,0.0025044216,0.0025129216,0.002504286,0.003970886,0.00010055904,0.0122847445,0.0018785276,0.00081408746,-0.0171307,0,0,1
139656647,139462377,139466567,0,-0.40565377,-0.14065696,0.36210603,0.0025000002,0.0025000002,0.0025000002,0.010767053,0.00060118735,-0.028637975,0.0042917067,0.00063930155,-0.021503737,0.0025047227,0.0025125348,0.0025041827,0.005142704,1.5279147e-05,0.03637371,0.0017546976,0.00032959384,-0.021423725,0,0,1
140125562,139932378,139935412,0,-0.39273798,-0.1565832,0.3427414,0.0025000002,0.0025000002,0.0025000002,-0.002442493,-0.00012433529,-0.018212348,0.004359875,-8.662008e-05,-0.02114576,0.0025049865,0.0025123192,0.002504271,0.00026461767,6.4625607e-07,0.014718973,0.0019193453,5.0676008e-05,-0.020608727,0,0,1
140684129,140492378,140494036,0,-0.4130475,-0.13460883,0.34108183,0.0025000002,0.0025000002,0.0025000002,0.011718044,-0.0043037385,-0.017254949,0.005970339,-0.0017409137,-0.020829253,0.0025046992,0.0025126413,0.0025043183,0.0060913307,0.0008248884,0.013197039,0.0026138788,-0.00034196943,-0.01978203,0,0,1
141172834,140982378,140982832,0,-0.37718815,-0.034948483,0.38269687,0.0025000002,0.0025000002,0.0025000002,-0.0010546194,-0.0009397976,-0.00055620074,0.0034867884,-0.0038501786,-0.015602414,0.0025049418,0.002513517,0.00250476,4.933458e-05,3.899467e-05,1.3720209e-05,0.0016326245,-0.0011888789,-0.01344046,0,0,1
141671665,141472378,141481604,0,-0.39107683,0.010787815,0.3562188,0.0025000002,0.0025000002,0.0025000002,-0.006292752,0.0044098757,-0.0030160546,-0.00040894686,0.00022348102,-0.009985002,0.0025041462,0.002514157,0.0025049055,0.0017570294,0.0008593042,0.00040583813,-3.5024975e-06,3.4745655e-05,-0.0066940044,0,0,1
142160405,141962385,141970399,0,-0.39789295,0.060878754,0.3228916,0.0025000002,0.0025000002,0.0025000002,-0.004035781,0.014297724,0.0061230958,-0.001552685,0.006916908,-0.0018219283,0.0025042186,0.0025143102,0.0025050424,0.00072267075,0.009029832,0.0016529103,-0.0007622328,0.004210663,-0.002039528,0,0,1
142649294,142452392,142459195,0,-0.41137415,0.07148452,0.31306505,0.0025000002,0.0025000002,0.0025000002,0.0013953662,0.008607149,-0.00024271011,7.842674e-05,0.008903638,-0.0012400768,0.0025043918,0.0025135,0.002504355,8.6383654e-05,0.0032760007,2.7048711e-06,-0.00012304065,0.004636239,-0.00092065736,0,0,1
143168001,142972375,142977917,0,-0.40946087,0.10912373,0.31331512,0.0025000002,0.0025000002,0.0025000002,0.005721866,0.003383927,-0.007339865,0.00025724055,0.006370762,-0.0015937581,0.0025055406,0.0025121751,0.0025043052,0.0014518824,0.0005090633,0.002387748,-0.00017012341,0.0029440895,-0.00072935555,0,0,1
143656842,143462379,143466712,0,-0.40181068,0.099103406,0.32810307,0.0025000002,0.0025000002,0.0025000002,0.0069429837,0.0099981725,-0.004512131,0.0016724718,0.007922676,-0.0049054665,0.0025056398,0.0025121653,0.0025041467,0.0021376233,0.0044305976,0.0009014548,0.00047992647,0.0033545746,-0.0018062328,0,0,1
144145508,143952380,143955507,0,-0.4002404,0.09099905,0.32796514,0.0025000002,0.0025000002,0.0025000002,0.0009217756,0.008482389,-0.006432116,-0.00030164933,0.007641012,-0.006176069,0.0025060838,0.0025112191,0.002504901,3.7671445e-05,0.0031845765,0.0018315057,-0.0005096002,0.0038019775,-0.002150909,0,0,1
144634496,144442378,144444302,0,-0.38222125,0.08348163,0.36289,0.0025000002,0.0025000002,0.0025000002,-5.6814402e-05,-0.0036985502,-0.0058147907,0.00030438192,0.00022677654,-0.006477439,0.0025062752,0.0025116391,0.0025045027,1.4310199e-07,0.0006051783,0.0015011535,3.813005e-05,0.00076290563,-0.002412972,0,0,1
145123117,144932380,144933097,0,-0.3584075,0.14561585,0.36398762,0.0025000002,0.0025000002,0.0025000002,-0.0047678174,-0.017783776,-0.0042182207,-0.0013206245,-0.0066839377,-0.0067949593,0.002507687,0.0025107313,0.002504414,0.0010072178,0.014008837,0.00079418137,-0.0002867988,-0.0038164216,-0.0025397604,0,0,1
145632092,145432377,145441843,0,-0.35089988,0.19927613,0.32563752,0.0025000002,0.0025000002,0.0025000002,0.005411681,-0.0075531155,0.011517376,-0.00317014,-0.007896546,-0.00023019341,0.0025085679,0.0025107698,0.002504036,0.0012971673,0.0025168727,0.0058902,-0.0015967691,-0.003797959,0.00017233093,0,0,1
146120661,145922379,145930637,0,-0.34959504,0.18172604,0.33323985,0.0025000002,0.0025000002,0.0025000002,0.0013220077,0.0010602176,0.0077900887,-0.002940928,-0.0042005624,0.004906869,0.0025087392,0.0025099255,0.0025043169,7.7405166e-05,5.00072e-05,0.0026935106,-0.0011814245,-0.0017341896,0.0020755595,0,0,1
146679295,146482378,146489260,0,-0.34205955,0.2338057,0.296978,0.0025000002,0.0025000002,0.0025000002,-0.0011633784,-0.0050454736,0.00487864,-0.0027391538,-0.0039042353,0.0078650825,0.002509281,0.002509771,0.00250439,5.9930808e-05,0.0011281298,0.0010555311,-0.00080304587,-0.0012597755,0.0037492241,0,0,1
147168083,146972377,146978055,0,-0.3136662,0.26270124,0.2835376,0.0025000002,0.0025000002,0.0025000002,0.003366842,0.00070765615,0.02298832,-0.0014352602,-0.0036848225,0.012256663,0.0025108978,0.0025091746,0.002504285,0.0005016189,2.2658363e-05,0.023451263,0.00017191294,-0.0011076778,0.0086242035,0,0,1
147656873,147462378,147466849,0,-0.26095718,0.31124488,0.28905582,0.0025000002,0.0025000002,0.0025000002,-0.008444762,-0.009966999,0.016358256,0.0004478815,-0.004653346,0.014896057,0.0025129314,0.0025080317,0.0025043006,0.0031532012,0.0044170334,0.011866615,0.00044424876,-0.0014591338,0.011105659,0,0,1
148145648,147952376,147955643,0,-0.23170085,0.34292167,0.2459381,0.0025000002,0.0025000002,0.0025000002,-0.0002321871,0.0010068417,0.02986987,-1.0688882e-05,-0.004020703,0.022115272,0.0025143803,0.0025070952,0.0025048074,2.3823343e-06,4.4896453e-05,0.039576344,0.000389993,-0.0012439633,0.025776107,0,0,1
148664519,148472379,148474363,0,-0.1381446,0.38657743,0.21513721,0.0025000002,0.0025000002,0.0025000002,-0.0013746601,0.01246354,0.02617015,-0.0021813523,0.0005124368,0.026043093,0.0025165656,0.0025070219,0.0025052917,8.3433384e-05,0.006883382,0.030355671,-0.0006431087,0.0005484126,0.03240019,0,0,1
149153167,148962380,148963157,0,-0.0105283735,0.40567803,0.2338013,0.0025000002,0.0025000002,0.0025000002,-0.008289813,0.004429698,0.029338956,-0.0064324015,0.0026038883,0.029570635,0.0025166648,0.0025079446,0.00250594,0.003034042,0.000871123,0.038121644,-0.00276699,0.0007037981,0.04066694,0,0,1
149651938,149452378,149461927,0,0.03806252,0.3801803,0.2786516,0.0025000002,0.0025000002,0.0025000002,0.00090707187,0.001993686,0.037847698,-0.010420168,0.004691149,0.02996655,0.002514518,0.0025093216,0.002506263,3.635684e-05,0.00017578184,0.06349966,-0.007099952,0.0014999354,0.041342724,0,0,1
150140795,149942376,149950720,0,0.09094539,0.34872347,0.31353393,0.0025000002,0.0025000002,0.0025000002,-0.00926763,0.012005776,0.026028723,-0.011428601,0.0070863576,0.029203035,0.0025134354,0.0025105067,0.0025059371,0.0037968825,0.006395642,0.029963471,-0.008424159,0.003359409,0.039993837,0,0,1
150629514,150432378,150439514,0,0.112799175,0.301889,0.36058578,0.0025000002,0.0025000002,0.0025000002,0.0046968376,0.0010167062,0.03890264,-0.009773854,0.006878945,0.03180814,0.002511558,0.002512486,0.0025051404,0.0009759451,4.4912253e-05,0.06713656,-0.006866725,0.0030255676,0.046307627,0,0,1
151138506,150944377,150948259,0,0.17450583,0.29098484,0.35111806,0.0025000002,0.0025000002,0.0025000002,-0.016994327,0.010443866,0.030127138,-0.01403588,0.004202514,0.03214126,0.0025106838,0.0025134154,0.0025054032,0.012781252,0.0048488392,0.040157825,-0.011009319,0.0018710976,0.04677595,0,0,1
151627055,151432380,151437052,0,0.19763565,0.23726276,0.37756562,0.0025000002,0.0025000002,0.0025000002,-0.0106110005,0.008751363,0.03994578,-0.012903115,0.0060918997,0.03351506,0.0025092945,0.00251494,0.0025046715,0.004985613,0.0033963239,0.07070994,-0.008486414,0.0023634797,0.05061541,0,0,1
152115866,151922377,151925846,0,0.23058733,0.20628393,0.39079347,0.0025000002,0.0025000002,0.0025000002,-0.015985224,0.007634878,0.033815056,-0.01480247,0.0066982284,0.03489007,0.0025079541,0.0025162061,0.0025048372,0.011320755,0.0025845976,0.05066081,-0.010398664,0.0024359052,0.054478772,0,0,1
152674509,152482376,152484466,0,0.26151076,0.14753015,0.4090087,0.0025000002,0.0025000002,0.0025000002,-0.010947411,0.009566858,0.025162369,-0.013998244,0.007678394,0.031121936,0.0025072761,0.0025169603,0.0025045138,0.0053110225,0.0040428196,0.028051646,-0.009475558,0.0030871008,0.043682802,0,0,1
153163263,152972380,152973259,0,0.23373544,0.04733769,0.4558826,0.0025000002,0.0025000002,0.0025000002,-0.0006685201,0.012649965,0.02577433,-0.011037056,0.012163933,0.029254055,0.0025069562,0.002516801,0.0025035108,1.9807956e-05,0.007064243,0.029453605,-0.0071051014,0.007913303,0.038498748,0,0,1
153662085,153462377,153472028,0,0.2563116,0.0058590975,0.4495399,0.0025000002,0.0025000002,0.0025000002,-0.017464127,0.025979834,0.033503175,-0.01155062,0.017667558,0.028836647,0.0025073434,0.0025159945,0.0025035902,0.013515666,0.029766401,0.049747698,-0.007442086,0.015929032,0.03764592,0,0,1
154181089,153982375,153990746,0,0.2182321,-0.106612526,0.4762188,0.0025000002,0.0025000002,0.0025000002,-0.00805639,0.03408759,0.024979562,-0.015766611,0.026109733,0.028885376,0.0025072473,0.0025144655,0.0025029236,0.0028763472,0.051322598,0.027701769,-0.012943789,0.033251725,0.03782953,0,0,1
154669578,154472375,154479539,0,0.22513747,-0.1278724,0.48180565,0.0025000002,0.0025000002,0.0025000002,-0.031933103,0.02179882,0.022892505,-0.015382317,0.024864154,0.026116502,0.002507721,0.0025131616,0.0025028996,0.045181487,0.020934165,0.023268383,-0.013750173,0.029478617,0.031072242,0,0,1
155158411,154962382,154968331,0,0.20440981,-0.19889447,0.46675885,0.0025000002,0.0025000002,0.0025000002,-0.013790888,0.025987878,0.020562708,-0.015676022,0.025570901,0.023291389,0.0025072943,0.0025124585,0.0025032894,0.008428235,0.029837752,0.018796086,-0.013109341,0.030819394,0.024935422,0,0,1
155647157,155452378,155457124,0,0.2458313,-0.20053372,0.44775328,0.0025000002,0.0025000002,0.0025000002,-0.035957128,0.017194927,0.025155336,-0.0189585,0.023405539,0.024425153,0.002507793,0.002511667,0.002503288,0.057284325,0.013021681,0.028097775,-0.019673668,0.026014,0.026899695,0,0,1
156135953,155942375,155945916,0,0.20681742,-0.24898237,0.44069678,0.0025000002,0.0025000002,0.0025000002,-0.010978399,0.018699318,0.017648935,-0.012476004,0.022885917,0.021923192,0.0025074384,0.0025116345,0.00250379,0.0053407867,0.015452446,0.013845667,-0.010922599,0.024904015,0.022475736,0,0,1
156644763,156452378,156454659,0,0.22093296,-0.2200801,0.45033914,0.0025000002,0.0025000002,0.0025000002,-0.016168106,0.021446124,0.019065112,-0.013422464,0.02311137,0.02396216,0.002507225,0.002511784,0.00250352,0.01158464,0.020320155,0.01615608,-0.009750405,0.02483352,0.026451606,0,0,1
157133477,156942379,156943451,0,0.22563377,-0.22706473,0.44010258,0.0025000002,0.0025000002,0.0025000002,-0.0076899575,0.010733277,0.012885392,-0.012064559,0.014576782,0.018049996,0.0025070137,0.0025123302,0.002503906,0.002620889,0.0050902558,0.0073786676,-0.0073496667,0.012372929,0.016020156,0,0,1
157632301,157432378,157442218,0,0.22516386,-0.15362775,0.4690004,0.0025000002,0.0025000002,0.0025000002,-0.019859899,0.008014619,0.020169228,-0.014569875,0.012860462,0.018383162,0.0025066547,0.0025124608,0.0025032444,0.017483043,0.0028333042,0.018066132,-0.0101628285,0.009296664,0.015755739,0,0,1
158121033,157922379,157931010,0,0.24250987,-0.11307038,0.4720426,0.0025000002,0.0025000002,0.0025000002,-0.01190203,0.0033204854,0.0117922425,-0.014018582,0.0080023855,0.016300283,0.0025067744,0.0025121423,0.0025030926,0.0062789107,0.00048567785,0.0061750454,-0.009422661,0.004967978,0.012438096,0,0,1
158679634,158482380,158489629,0,0.25140682,-0.121141,0.46304992,0.0025000002,0.0025000002,0.0025000002,-0.023915645,0.004204236,0.021132857,-0.015241653,0.0040138145,0.01633769,0.0025067967,0.0025120708,0.0025030926,0.025351437,0.0007765193,0.019832186,-0.011712296,0.0020237386,0.012391542,0,0,1
159168451,158972377,158978421,0,0.23972683,-0.08493047,0.46912876,0.0025000002,0.0025000002,0.0025000002,-0.021396,0.0053361133,0.027067006,-0.013964467,0.005708145,0.018075112,0.002506934,0.002511754,0.0025029567,0.020289892,0.0012523148,0.03253197,-0.011303919,0.0026605972,0.015562722,0,0,1
159637397,159442381,159447262,0,0.23429504,-0.09846777,0.47001132,0.0025000002,0.0025000002,0.0025000002,-0.014290448,0.008783512,0.023819178,-0.014006172,0.007025056,0.019015765,0.002507204,0.002511449,0.0025029746,0.009050228,0.0034033668,0.02519123,-0.01016924,0.002835797,0.016752481,0,0,1
160126049,159932376,159936053,0,0.21337411,-0.11396371,0.48013204,0.0025000002,0.0025000002,0.0025000002,-0.022991423,-0.0037663877,0.02397871,-0.014565412,0.0062875003,0.018756753,0.0025075292,0.0025110082,0.0025028405,0.023423035,0.00063566526,0.025531722,-0.011141987,0.0028718943,0.016271621,0,0,1
160614977,160422384,160424844,0,0.2233669,-0.13591105,0.47157216,0.0025000002,0.0025000002,0.0025000002,-0.012311935,0.0083400905,0.019616336,-0.015604481,0.010116929,0.019354373,0.0025075749,0.0025108992,0.002502943,0.0067167045,0.003068296,0.017087344,-0.011822859,0.006294078,0.01699465,0,0,1
161173458,160982377,160983462,0,0.20035613,-0.17438146,0.47492167,0.0025000002,0.0025000002,0.0025000002,-0.00910334,0.0053651333,0.014094442,-0.01309659,0.009185314,0.017926002,0.0025079967,0.0025103434,0.0025029683,0.003671403,0.001268958,0.008821586,-0.008377882,0.0048405346,0.014854913,0,0,1
161672263,161472376,161482229,0,0.2042767,-0.17004451,0.47349715,0.0025000002,0.0025000002,0.0025000002,-0.0047593564,0.020482242,0.017686933,-0.008127987,0.0126888985,0.017986028,0.0025083113,0.0025101218,0.002502946,0.0010033963,0.018559283,0.013891695,-0.004282439,0.008720674,0.014880121,0,0,1
162161033,161964381,161971019,0,0.16939953,-0.24427953,0.46038935,0.0025000002,0.0025000002,0.0025000002,-0.01391173,0.009935483,0.016110748,-0.009465556,0.016086264,0.018239243,0.002508742,0.0025092133,0.0025031965,0.008571636,0.004355775,0.011526766,-0.005146514,0.012997241,0.015197041,0,0,1
162649849,162452381,162459811,0,0.2076612,-0.22591959,0.4529253,0.0025000002,0.0025000002,0.0025000002,-0.01924416,0.01809284,0.021504939,-0.011477568,0.017276458,0.01992694,0.0025090098,0.002509188,0.0025030728,0.016400348,0.014454792,0.020543173,-0.0073128,0.014253875,0.018284107,0,0,1
163138691,162942381,162948601,0,0.18749462,-0.25967634,0.44581413,0.0025000002,0.0025000002,0.0025000002,-0.016060086,0.016776383,0.018840432,-0.014783952,0.019611157,0.01956482,0.0025085385,0.0025094708,0.0025033168,0.011424375,0.0124315,0.015769817,-0.010647808,0.01794527,0.01756636,0,0,1
163627390,163432376,163437392,0,0.21102038,-0.22867794,0.44665518,0.0025000002,0.0025000002,0.0025000002,-0.01093784,0.01005286,0.01638493,-0.011498988,0.017035652,0.018829934,0.002508458,0.002509804,0.0025032035,0.005299242,0.004461504,0.011923679,-0.008020006,0.013995481,0.016659534,0,0,1
164116184,163922382,163926182,0,0.19293636,-0.25236273,0.44783425,0.0025000002,0.0025000002,0.0025000002,-0.00821978,0.014596671,0.013229877,-0.013201534,0.016590368,0.019217208,0.0025077355,0.002510633,0.0025034812,0.0029936167,0.009416594,0.0077809915,-0.009920406,0.0130145755,0.017272864,0,0,1
164674818,164480376,164484800,0,0.19232388,-0.21647663,0.46394253,0.0025000002,0.0025000002,0.0025000002,-0.017047465,0.004837841,0.015387893,-0.011198167,0.010910685,0.016231757,0.0025075767,0.0025109025,0.002503232,0.012877243,0.0010268409,0.010512758,-0.007817601,0.0072656465,0.012542401,0,0,1
165183793,164992381,164993540,0,0.20413074,-0.15003762,0.48724103,0.0025000002,0.0025000002,0.0025000002,-0.008299124,-0.008937418,0.003081143,-0.009902196,0.0022766339,0.010547791,0.002507578,0.0025110953,0.0025028922,0.0030518807,0.0035425457,0.00042099078,-0.00551793,0.0021343492,0.0066945828,0,0,1
165682307,165482377,165492306,0,0.17713869,-0.16315915,0.48617983,0.0025000002,0.0025000002,0.0025000002,0.0057872515,-0.0007467717,0.008846581,-0.009336442,-0.0018095392,0.009691095,0.0025082845,0.002510439,0.0025028181,0.0014836293,2.4146879e-05,0.003473546,-0.0057498133,-7.484668e-05,0.0053513134,0,0,1
166171119,165972377,165981096,0,0.20579675,-0.14471823,0.4865452,0.0025000002,0.0025000002,0.0025000002,-0.022049166,0.0065784156,0.015850723,-0.011157644,0.0020136598,0.011757931,0.0025090526,0.002510132,0.002502833,0.021529406,0.0018956593,0.011165055,-0.007616817,0.00085104886,0.0070767994,0,0,1
166659893,166462381,166469886,0,0.15017557,-0.18932056,0.4927268,0.0025000002,0.0025000002,0.0025000002,-0.00030253828,0.0039309263,0.008671343,-0.010679584,0.0033724057,0.012146244,0.0025100207,0.0025089409,0.0025027448,4.051733e-06,0.0006841493,0.003338818,-0.0073535545,0.0013517502,0.0072467346,0,0,1
167148748,166952378,166958676,0,0.09539931,-0.22073087,0.49201962,0.0025000002,0.0025000002,0.0025000002,-0.007793327,0.015356079,0.020266086,-0.011289252,0.009778221,0.014236636,0.0025107495,0.002508044,0.0025026775,0.0026878184,0.010432209,0.01824288,-0.007583576,0.0065839905,0.009842075,0,0,1
167667393,167472375,167477392,0,0.08567911,-0.26282564,0.48519096,0.0025000002,0.0025000002,0.0025000002,-0.016511798,0.027643874,0.017182797,-0.010938384,0.018358758,0.014693435,0.0025114338,0.002507003,0.002502765,0.012062144,0.03381924,0.013120354,-0.0073591517,0.018572042,0.010264102,0,0,1
168156214,167962380,167966182,0,0.02806685,-0.3151646,0.46552825,0.0025000002,0.0025000002,0.0025000002,-0.0026044222,0.017359287,0.005318433,-0.008674492,0.021120274,0.014453052,0.0025114832,0.0025056717,0.0025032924,0.00030008893,0.013359147,0.0012599181,-0.004737305,0.021917555,0.010316155,0,0,1
168645016,168452380,168454971,0,0.0046070926,-0.32863203,0.45651162,0.0025000002,0.0025000002,0.0025000002,-0.00909424,0.025798917,0.01226294,-0.007478017,0.023176007,0.013921766,0.0025114215,0.0025053064,0.0025033974,0.0036590702,0.029504793,0.006684184,-0.0036003804,0.024954638,0.009114691,0,0,1
169133768,168942379,168943761,0,-0.02409327,-0.3317665,0.4540708,0.0025000002,0.0025000002,0.0025000002,-0.004185791,0.009821296,-0.00033971667,-0.006791278,0.017332666,0.005223822,0.0025117921,0.0025047825,0.002503536,0.00077504857,0.004277394,5.0605936e-06,-0.0030590151,0.015092901,0.003331816,0,0,1
169622548,169432379,169432551,0,-0.05775411,-0.34524372,0.44442323,0.0025000002,0.0025000002,0.0025000002,0.015992029,0.006676823,-0.0057212114,-0.0047036726,0.015090649,0.0028651268,0.0025116978,0.0025045413,0.0025037357,0.011313506,0.0019801098,0.0014430196,-0.0014302231,0.011497756,0.0018846598,0,0,1
170121344,169922379,169931316,0,-0.059894867,-0.33278793,0.4492757,0.0025000002,0.0025000002,0.0025000002,-0.0077695437,0.009530485,-0.0007728338,-0.0032848625,0.010604069,-0.0006217969,0.0025115823,0.002504584,0.00250379,0.002670552,0.00402841,2.6729009e-05,-0.0014550952,0.006874078,5.0611296e-05,0,0,1
170630063,170432377,170440056,0,-0.04750152,-0.32164288,0.46257505,0.0025000002,0.0025000002,0.0025000002,-0.0017398279,0.005993396,-0.0053145885,-0.00087142916,0.007570811,-0.0047438624,0.0025118487,0.0025046547,0.002503497,0.00013389878,0.0015932407,0.001252834,-0.00044376837,0.0037996552,-0.0019082249,0,0,1
171118853,170922378,170928845,0,-0.066814885,-0.3219723,0.45459026,0.0025000002,0.0025000002,0.0025000002,0.009718985,0.002362281,-0.0013663471,-0.00059203577,0.004873038,-0.007006327,0.0025118946,0.0025045478,0.002503551,0.0041782837,0.00024797433,8.157128e-05,-1.9059426e-05,0.0018629014,-0.0030509015,0,0,1
171677542,171482383,171487462,0,-0.08663975,-0.32487667,0.454803,0.0025000002,0.0025000002,0.0025000002,0.00080694165,0.0062915683,-0.005722046,-0.00031096066,0.004344614,-0.008212921,0.0025121346,0.0025044535,0.0025035923,2.8800421e-05,0.0017560906,0.0014513315,1.9312288e-06,0.0012659929,-0.0038040348,0,0,1
172166273,171972376,171976251,0,-0.13218044,-0.3229899,0.4451297,0.0025000002,0.0025000002,0.0025000002,0.0015068743,-0.004578978,-0.016442657,-0.0014639631,0.0034852016,-0.009545613,0.002511853,0.0025043995,0.0025039732,0.000100442456,0.0009305519,0.011996262,-0.0006341489,0.001474417,-0.0049092704,0,0,1
172655176,172462394,172465041,0,-0.13001353,-0.3314802,0.4329542,0.0025000002,0.0025000002,0.0025000002,-0.011125364,0.033392698,0.016059488,-0.002182401,0.010484864,-0.0033231836,0.002511854,0.002504744,0.0025037846,0.005475094,0.04948287,0.011437124,-0.00078795577,0.010221072,-0.0008313318,0,0,1
173123931,172932381,172933878,0,-0.24706882,-0.36593586,0.3516537,0.0025000002,0.0025000002,0.0025000002,0.009126466,0.03082493,0.007435322,-0.0014453295,0.020216163,0.0056446358,0.002510546,0.0025049634,0.0025055823,0.003686333,0.042117745,0.0024596152,-0.00070341566,0.023658063,0.0041086893,0,0,1
173682493,173492380,173492495,0,-0.24965882,-0.37787184,0.3322976,0.0025000002,0.0025000002,0.0025000002,0.0051706955,0.0322302,0.008573681,0.0057968046,0.026236104,0.010153422,0.002510508,0.0025051907,0.002505531,0.001183297,0.046053886,0.0032622658,0.0033601816,0.033511557,0.0064386153,0,0,1
174181635,173982379,173991259,0,-0.26247928,-0.3590123,0.3381874,0.0025000002,0.0025000002,0.0025000002,0.0050752815,0.01783222,-0.004052222,0.0075335023,0.024495697,0.008774959,0.0025102743,0.002505817,0.0025051248,0.0011401358,0.014087782,0.00072710885,0.004412303,0.028589621,0.0054770787,0,0,1
174670053,174472381,174480048,0,-0.21954286,-0.35024685,0.37066725,0.0025000002,0.0025000002,0.0025000002,-0.0048411097,0.018809438,0.004083067,0.0040695374,0.022175936,0.006641328,0.0025108377,0.0025060358,0.0025040356,0.0010371192,0.01569975,0.0007375779,0.0021717984,0.023014363,0.0030962955,0,0,1
175158908,174962379,174968837,0,-0.20204237,-0.37231836,0.36506137,0.0025000002,0.0025000002,0.0025000002,-0.00062512606,0.022668242,0.0055288374,0.00025928376,0.020047711,0.0049931817,0.0025114433,0.0025059634,0.002503833,1.7288978e-05,0.022785434,0.0013572264,-0.00017921155,0.018676758,0.0018266134,0,0,1
175647652,175452380,175457626,0,-0.21177037,-0.329353,0.39997756,0.0025000002,0.0025000002,0.0025000002,0.0070647793,0.01655513,0.006655127,0.0009632777,0.018094258,0.006263646,0.0025114892,0.002506055,0.0025036738,0.0022081234,0.012134396,0.0019703282,-0.00036700544,0.015358745,0.0027216855,0,0,1
176136440,175942380,175946413,0,-0.22635555,-0.3430518,0.3768805,0.0025000002,0.0025000002,0.0025000002,0.0031805867,0.017751783,0.005475104,0.00052105135,0.015602246,0.0031023899,0.002511211,0.0025058829,0.0025041564,0.00044759866,0.013964421,0.0013316298,-0.000103498474,0.012488509,0.0012444014,0,0,1
176625209,176432380,176435202,0,-0.2552358,-0.36704805,0.3262366,0.0025000002,0.0025000002,0.0025000002,0.003268796,0.022962391,0.010492146,-0.001750548,0.019660305,0.005951518,0.0025106538,0.0025064817,0.0025044894,0.00047287493,0.023361364,0.0048841652,-0.0009007176,0.01842333,0.0023019745,0,0,1
177114002,176922382,176923990,0,-0.25611585,-0.36890945,0.329656,0.0025000002,0.0025000002,0.0025000002,0.0050266054,0.01654604,-0.0027293563,0.0005765049,0.018985393,0.0039043392,0.0025108852,0.0025062477,0.0025047453,0.0011180989,0.0121241985,0.00032957253,-7.7101955e-05,0.01713242,0.0016329595,0,0,1
177672685,177482379,177482605,0,-0.21948436,-0.36501968,0.36353707,0.0025000002,0.0025000002,0.0025000002,0.0016231835,0.0136240125,-0.0053480864,0.0046962025,0.015987867,-0.0051984144,0.0025118047,0.0025052356,0.0025047148,0.00011654855,0.008229347,0.0012679824,0.00198596,0.012159952,-0.0031053675,0,0,1
178171541,177972380,177981368,0,-0.27118272,-0.35063848,0.35625187,0.0025000002,0.0025000002,0.0025000002,0.02564763,0.014277548,-0.0034645498,0.005951764,0.016506193,-0.0028410542,0.0025112715,0.0025060868,0.0025046386,0.029104378,0.008979974,0.00052225566,0.00460273,0.0125558395,-0.0013325369,0,0,1
178670197,178472378,178480131,0,-0.25165454,-0.25795743,0.4249544,0.0025000002,0.0025000002,0.0025000002,-0.009575006,0.00038936734,-0.013091654,0.0034938373,0.009003141,-0.004007667,0.0025105097,0.0025079509,0.0025039145,0.004057641,7.3968627e-06,0.0076197726,0.0030160781,0.0057297633,-0.0023980828,0,0,1
179159048,178962375,178968919,0,-0.28649622,-0.21594095,0.40088028,0.0025000002,0.0025000002,0.0025000002,-0.009016024,0.01060684,0.015031606,-0.0026893406,0.006073188,-0.0037853522,0.002509158,0.0025094391,0.0025042885,0.0035996442,0.004998014,0.009999122,-0.0005668566,0.0033132706,-0.0015362095,0,0,1
179647755,179452380,179457707,0,-0.3367935,-0.25277585,0.37053752,0.0025000002,0.0025000002,0.0025000002,0.011374475,0.0051484704,-0.01318264,-0.001449538,0.0076918844,-0.0023449264,0.0025080286,0.0025098054,0.0025042312,0.005731757,0.0011620364,0.0076985504,-0.00016533915,0.0044636847,-0.0017315511,0,0,1
180136655,179942375,179946494,0,-0.33770877,-0.1924807,0.37852287,0.0025000002,0.0025000002,0.0025000002,-0.010435677,0.009131059,-0.0046942234,-0.0021927238,0.0053702774,-0.005701281,0.0025067865,0.002510956,0.0025045043,0.0048270454,0.0037056725,0.0009860521,-0.000721925,0.0024357426,-0.0026327448,0,0,1
180625287,180432378,180435282,0,-0.38382682,-0.15106685,0.3486473,0.0025000002,0.0025000002,0.0025000002,0.0021372046,0.00897947,0.0015875399,0.0027524242,0.0071178414,-0.0028824243,0.0025051346,0.0025124361,0.002504534,0.00020259031,0.0035631333,0.00011091201,0.0012497733,0.0031208016,-0.0011312928,0,0,1
181183963,180992378,180993896,0,-0.41638908,-0.07597222,0.31798133,0.0025000002,0.0025000002,0.0025000002,0.0007237252,0.011723854,0.0018090308,0.002634864,0.007367043,0.00081635953,0.0025035175,0.002514358,0.0025045564,2.324632e-05,0.0060733557,0.00014327774,0.0011771863,0.003402279,0.00028002335,0,0,1
181622813,181432378,181432807,0,-0.4293675,0.018506097,0.30165738,0.0025000002,0.0025000002,0.0025000002,0.011939934,0.0013008676,0.012520373,0.0057220953,0.0048938096,0.004938594,0.0025032659,0.0025150992,0.0025044146,0.0063278237,7.504231e-05,0.0069591794,0.0026070694,0.0018545483,0.0025328286,0,0,1
182121628,181922379,181931571,0,-0.4127216,0.089424185,0.29565355,0.0025000002,0.0025000002,0.0025000002,-0.00020895246,-0.0026129782,0.0015512407,0.0031051494,0.0024361636,0.003128827,0.0025040905,0.0025146443,0.0025039285,1.937325e-06,0.00030174264,0.00010697183,0.0012212931,0.00079505594,0.001218399,0,0,1
182680347,182482378,182490184,0,-0.37728286,0.1796757,0.29404986,0.0025000002,0.0025000002,0.0025000002,-0.003205452,-0.01046446,0.0015571415,-0.0014584513,-0.004028154,0.004065899,0.002506496,0.0025124343,0.002503856,0.00045547975,0.0048489594,0.00010740348,-0.0007025199,-0.0019025238,0.0012501812,0,0,1
183168971,182972378,182978971,0,-0.33266443,0.25689635,0.2649447,0.0025000002,0.0025000002,0.0025000002,-0.008163357,-0.006785542,0.0032359362,-0.00061446725,-0.006704659,0.0030305507,0.0025086757,0.00251092,0.00250396,0.0029515529,0.0020494354,0.00046412804,-0.00030866073,-0.0027669966,0.0009836727,0,0,1
183657899,183462377,183467758,0,-0.24659345,0.35411,0.24097095,0.0025000002,0.0025000002,0.0025000002,-0.012535658,-0.01993078,0.008997217,-0.0049842773,-0.010170808,0.008775901,0.002512105,0.002508084,0.0025041616,0.0069504664,0.017648356,0.003587797,-0.002420127,-0.0065439367,0.005205447,0,0,1
184166496,183967384,183976495,0,-0.10809718,0.41984355,0.25905824,0.0025000002,0.0025000002,0.0025000002,-0.016044686,-0.030635387,0.011067212,-0.008506585,-0.019412084,0.015660064,0.0025146587,0.002505259,0.0025048677,0.011374724,0.041663364,0.005422279,-0.006218234,-0.02034986,0.013698929,0,0,1
184655459,184462376,184465281,0,-0.02207474,0.42767188,0.2583093,0.0025000002,0.0025000002,0.0025000002,-0.011470892,-0.025349796,0.0174478,-0.011688771,-0.02289153,0.016851373,0.0025138583,0.0025053842,0.0025057131,0.0058158217,0.028493825,0.013499841,-0.0077149956,-0.025286814,0.014021384,0,0,1
185144067,184952381,184954068,0,0.025479406,0.39128077,0.3115104,0.0025000002,0.0025000002,0.0025000002,-0.0129616745,-0.016561478,0.019109786,-0.008984533,-0.020697834,0.017743308,0.0025125393,0.0025058968,0.0025057364,0.0074296244,0.012144277,0.016187709,-0.005108236,-0.020287134,0.01477034,0,0,1
185633022,185442377,185442854,0,0.071327105,0.39068264,0.30769005,0.0025000002,0.0025000002,0.0025000002,-0.011620333,-0.015809745,0.014426082,-0.009134512,-0.017211339,0.015578298,0.0025105334,0.002507202,0.002506753,0.005976249,0.011057517,0.00923119,-0.004393716,-0.0140496725,0.011367697,0,0,1
186131623,185932380,185941616,0,0.06883562,0.34827095,0.3625624,0.0025000002,0.0025000002,0.0025000002,-0.0037494558,-0.014362097,0.017954499,-0.004538609,-0.01525811,0.015695006,0.0025092175,0.002508093,0.002506389,0.00062252337,0.009131491,0.014322379,-0.0020385056,-0.011392171,0.011480764,0,0,1
186620571,186422377,186430402,0,0.14374687,0.31537217,0.36963004,0.0025000002,0.0025000002,0.0025000002,-0.0067517934,-0.011510193,0.019997,-0.004111642,-0.0131724095,0.01635042,0.0025076177,0.0025097996,0.002505987,0.0020199213,0.005856267,0.017757194,-0.001714829,-0.008517291,0.012427371,0,0,1
187129198,186932380,186939139,0,0.25117296,0.19009554,0.40612075,0.0025000002,0.0025000002,0.0025000002,-0.011340577,-0.010371909,0.02516988,-0.00747101,-0.011749729,0.021803359,0.0025054626,0.0025126683,0.0025046282,0.0057034795,0.0047520115,0.028142419,-0.0044196662,-0.0070024026,0.02246476,0,0,1
187618044,187422378,187427925,0,0.2534895,0.08376021,0.44720122,0.0025000002,0.0025000002,0.0025000002,-0.012684016,-0.016589977,0.029986411,-0.010807948,-0.011331758,0.024016691,0.002505249,0.0025129537,0.0025036486,0.00713543,0.012179207,0.039975416,-0.006436073,-0.006353759,0.026559034,0,0,1
188176589,187982377,187986538,0,0.25676215,0.043972094,0.46236694,0.0025000002,0.0025000002,0.0025000002,-0.020403814,-0.013773331,0.024780601,-0.014662778,-0.011554434,0.022947457,0.0025056207,0.0025124752,0.0025034386,0.018461408,0.00841162,0.02731113,-0.0109925475,-0.006229209,0.024077818,0,0,1
188665324,188472380,188475324,0,0.18490939,-0.06752804,0.5001761,0.0025000002,0.0025000002,0.0025000002,-0.008107959,-0.0043408275,0.01920265,-0.011639793,-0.007922726,0.021364048,0.002506443,0.0025109134,0.0025024684,0.0029142231,0.00083751243,0.01637896,-0.007625504,-0.0039410354,0.020829497,0,0,1
189154191,188962378,188964109,0,0.1228632,-0.14350179,0.5066703,0.0025000002,0.0025000002,0.0025000002,-0.0123768095,-0.017266765,0.017466843,-0.011426287,-0.0094087105,0.019353408,0.002508118,0.0025086175,0.0025022777,0.006786204,0.013231197,0.0135451015,-0.0068521975,-0.0049082134,0.01714896,0,0,1
189672888,189477375,189482821,0,0.057328645,-0.19721472,0.5111791,0.0025000002,0.0025000002,0.0025000002,-0.0018523084,-0.003666997,0.010096908,-0.0052727037,-0.0101754945,0.012658632,0.0025088652,0.0025072044,0.0025023255,0.00015195212,0.0005966585,0.0045254347,-0.0032842325,-0.006161095,0.0088052815,0,0,1
190171747,189972380,189981582,0,-0.051210694,-0.2322732,0.496062,0.0025000002,0.0025000002,0.0025000002,0.0043745223,-0.021629527,0.002753526,-0.0019211981,-0.011586232,0.008185901,0.0025089686,0.0025055157,0.0025028659,0.00084746844,0.02074126,0.00033473936,-0.0013150551,-0.007549034,0.0044981744,0,0,1
190660367,190462375,190470368,0,-0.14808843,-0.20838922,0.487572,0.0025000002,0.0025000002,0.0025000002,0.0040682433,-0.0109247565,0.0076519847,0.0009135198,-0.010481695,0.006405023,0.002508617,0.002505651,0.0025032996,0.0007330557,0.0052917115,0.0026000247,-5.591662e-05,-0.005766111,0.0028846024,0,0,1
191149270,190952391,190959153,0,-0.22245203,-0.2191246,0.44690686,0.0025000002,0.0025000002,0.0025000002,0.0019138339,-0.006024614,0.010795116,0.0018338125,-0.008985763,0.007648158,0.0025077441,0.0025051974,0.0025038274,0.00016228664,0.0016101082,0.005173267,0.00030118893,-0.004520748,0.0033412438,0,0,1
191637960,191442375,191447939,0,-0.2523132,-0.17212439,0.44420564,0.0025000002,0.0025000002,0.0025000002,-0.006435511,-0.01869829,0.0059079826,-0.0010719015,-0.01714714,0.0062552136,0.0025071416,0.0025058638,0.0025035373,0.0018354593,0.015496759,0.0015471656,-0.00047089206,-0.015946368,0.003000098,0,0,1
192126747,191932380,191936724,0,-0.31602132,-0.12953071,0.42041117,0.0025000002,0.0025000002,0.0025000002,-0.0036653746,-0.030405998,-0.0071618855,-0.0035519234,-0.020945702,0.00060252956,0.0025056978,0.0025067083,0.0025035788,0.00059575203,0.040972665,0.002272353,-0.0011989279,-0.022077067,0.00055265357,0,0,1
192625483,192432376,192435485,0,-0.3689861,-0.054539174,0.3884856,0.0025000002,0.0025000002,0.0025000002,0.0014430475,-0.027233124,-0.0036945045,-0.0012543827,-0.026261965,-0.0032990584,0.0025043536,0.0025079641,0.0025038663,9.23896e-05,0.03285889,0.00060012436,-0.00045791717,-0.03275345,-0.0013363992,0,0,1
193184351,192992375,192994097,0,-0.37997496,7.289648e-05,0.37415808,0.0025000002,0.0025000002,0.0025000002,-0.0054037524,-0.024370208,-0.00714615,-0.0003898452,-0.026583834,-0.0060019917,0.0025038084,0.0025087427,0.002503815,0.0012958278,0.026301788,0.0022585886,-9.874637e-05,-0.0323,-0.0021450962,0,0,1
193672942,193482384,193482882,0,-0.41697896,0.058751937,0.3030513,0.0025000002,0.0025000002,0.0025000002,-0.003568139,-0.022342287,-0.00023216009,-0.0016263296,-0.025679654,-0.0042189597,0.0025031436,0.0025089853,0.0025036908,0.00056513894,0.022108052,2.2343513e-06,-0.0006641175,-0.029885104,-0.0014310557,0,0,1
194171684,193972381,193981643,0,-0.38465467,0.064602986,0.35104176,0.0025000002,0.0025000002,0.0025000002,-0.011852123,-0.02605727,-0.00812909,-0.00812184,-0.024930349,-0.0025635099,0.0025036552,0.0025090594,0.0025033976,0.006234121,0.030077541,0.0029324796,-0.0051769326,-0.02785016,-0.0008844414,0,0,1
194660424,194462380,194470428,0,-0.4085728,-0.04530103,0.33444488,0.0025000002,0.0025000002,0.0025000002,-0.004173516,-0.029657532,-0.013651311,-0.008871055,-0.022259926,-0.0052468535,0.002503244,0.0025106422,0.0025040172,0.0007731406,0.03892532,0.008293334,-0.00631567,-0.023550611,-0.0024274327,0,0,1
195119408,194924375,194929287,0,-0.40314743,-0.20407453,0.28342292,0.0025000002,0.0025000002,0.0025000002,0.009182393,-0.005392149,0.00038459897,-0.00554703,-0.01815906,-0.008201426,0.0025034596,0.0025115034,0.002504473,0.003742214,0.0012902799,6.475143e-06,-0.004997889,-0.017644849,-0.004949588,0,0,1
195678039,195482376,195487899,0,-0.35671335,-0.34568563,0.19232094,0.0025000002,0.0025000002,0.0025000002,0.018494358,-0.006606102,-0.023077637,0.009737129,-0.0090123685,-0.014136494,0.002505368,0.0025112883,0.0025048028,0.015169263,0.0019449107,0.023640867,0.008744528,-0.006804137,-0.011517975,0,0,1
196166736,195972378,195976684,0,-0.2326318,-0.43181306,0.19374363,0.0025000002,0.0025000002,0.0025000002,0.008993302,-0.005975008,-0.024078175,0.013203846,-0.007494593,-0.02022158,0.0025080068,0.0025083036,0.002504561,0.0035831674,0.0015859143,0.025719233,0.010496594,-0.0039482913,-0.02104867,0,0,1
196655487,196462376,196465469,0,-0.11226328,-0.47168797,0.20019254,0.0025000002,0.0025000002,0.0025000002,0.015903026,-0.0044820905,0.001099214,0.017256886,-0.0025587757,-0.010353698,0.0025091176,0.0025072468,0.0025049408,0.011199432,0.00089162285,5.4418386e-05,0.015463638,-0.0014576459,-0.009403576,0,0,1
197144289,196952379,196954255,0,-0.025611412,-0.45848235,0.25809404,0.0025000002,0.0025000002,0.0025000002,0.01607432,-0.012752295,-0.011183456,0.015515414,-0.0036809451,-0.004475642,0.002508654,0.0025074412,0.0025057406,0.011444109,0.0071946275,0.005543438,0.012254724,-0.0018219805,-0.004175789,0,0,1
197633050,197442375,197443038,0,0.086776964,-0.40663427,0.34588218,0.0025000002,0.0025000002,0.0025000002,0.005114737,-0.0046022534,-0.003183037,0.012278978,-0.00721402,-0.004259595,0.002507721,0.0025082277,0.002504867,0.0011591107,0.0009361503,0.0004500691,0.009197521,-0.0036035827,-0.0026650478,0,0,1
198161750,197962375,197971724,0,0.15270048,-0.33568582,0.39883435,0.0025000002,0.0025000002,0.0025000002,-0.010063329,-0.0139501095,-0.0016652644,0.005141935,-0.011594119,-0.0035669794,0.002507034,0.0025091819,0.002504085,0.0044882866,0.008631629,0.00012623152,0.0045390106,-0.007038508,-0.0016926373,0,0,1
198650672,198452375,198460508,0,0.2007177,-0.21481384,0.4555778,0.0025000002,0.0025000002,0.0025000002,-0.019125821,-0.01839821,0.0115406215,-0.0034992658,-0.014692072,0.0017639324,0.0025061804,0.002510247,0.0025028798,0.016217554,0.0150151495,0.0058957315,-0.0015895843,-0.01057456,0.0005166843,0,0,1
199139293,198942381,198949293,0,0.19541597,-0.21089523,0.46018693,0.0025000002,0.0025000002,0.0025000002,-0.013280995,-0.02200538,0.0067564547,-0.009526801,-0.01674404,0.0058885594,0.002506045,0.0025106578,0.0025029574,0.007820416,0.02145681,0.0020138521,-0.0062093125,-0.013223793,0.0026095272,0,0,1
199628193,199432381,199438077,0,0.2018361,-0.17826155,0.47090444,0.0025000002,0.0025000002,0.0025000002,-0.028374944,-0.004415512,0.023084015,-0.01503143,-0.008423145,0.017416812,0.0025056838,0.0025115572,0.0025026978,0.035702717,0.00087179773,0.023648294,-0.013008211,-0.006048447,0.018611254,0,0,1
200116868,199922380,199926862,0,0.19069493,-0.17299223,0.46657568,0.0025000002,0.0025000002,0.0025000002,-0.0103867985,0.0063632578,0.030093074,-0.017527405,-0.0021187854,0.025924997,0.0025053811,0.0025133141,0.0025030095,0.004784616,0.001787831,0.040222485,-0.016752195,-0.0019015832,0.034154527,0,0,1
200675463,200484380,200485472,0,0.1657112,-0.09312768,0.5024255,0.0025000002,0.0025000002,0.0025000002,-0.01297107,-0.018066078,0.020123959,-0.014425633,-0.00233459,0.024052622,0.00250594,0.0025142385,0.0025028654,0.007459993,0.014419446,0.01794378,-0.010994722,-0.0021737309,0.028114272,0,0,1
201164270,200972381,200974256,0,0.14631267,0.039898023,0.52165806,0.0025000002,0.0025000002,0.0025000002,-0.020168543,-0.0063564926,0.013609052,-0.020632898,-0.0051341318,0.020686729,0.002507181,0.0025123802,0.0025021862,0.018026894,0.0017762361,0.00822418,-0.021627525,-0.0024251116,0.02065073,0,0,1
201653102,201462380,201463040,0,0.06776193,0.06287366,0.5349901,0.0025000002,0.0025000002,0.0025000002,-0.02383811,-0.015338823,0.014642358,-0.021563599,-0.0076248893,0.015908903,0.002508339,0.0025121453,0.0025022905,0.025171837,0.010376909,0.009507204,-0.022912309,-0.0036230136,0.012710251,0,0,1
202151845,201952380,201961799,0,0.0147453435,0.14470643,0.5245613,0.0025000002,0.0025000002,0.0025000002,-0.046518866,-0.0032031685,0.0019080043,-0.027001042,-0.0043493877,0.010280874,0.0025091104,0.0025092873,0.0025025464,0.09582878,0.00044521262,0.00015681719,-0.036355287,-0.0018653836,0.007011956,0,0,1
202640587,202442382,202450583,0,-0.15808183,0.08178128,0.5125918,0.0025000002,0.0025000002,0.0025000002,-0.02213138,-0.004127316,-0.0004390478,-0.027595581,-0.004074865,0.004075738,0.0025084948,0.0025106454,0.0025035073,0.021695081,0.00075268664,9.629075e-06,-0.03622597,-0.0014732843,0.0028067203,0,0,1
203129405,202932381,202939367,0,-0.2787322,0.045155406,0.46334288,0.0025000002,0.0025000002,0.0025000002,-0.026795398,-0.00029456615,-0.019908309,-0.024344204,-0.0013709164,-0.00611466,0.0025063192,0.0025104696,0.0025044552,0.03183036,4.033718e-06,0.017642498,-0.028078886,-0.00072883966,-0.0038046606,0,0,1
203678002,203482382,203488001,0,-0.38688144,-0.003073663,0.40448588,0.0025000002,0.0025000002,0.0025000002,0.007691713,-0.014237385,-0.030240834,-0.00792958,-0.0077393297,-0.018845508,0.0025042242,0.0025103756,0.0025044442,0.0026250067,0.008970042,0.04058665,-0.008688212,-0.0044307346,-0.021859365,0,0,1
204166918,203972383,203976784,0,-0.40303046,-0.07249038,0.36789647,0.0025000002,0.0025000002,0.0025000002,0.00071209436,-0.011068039,-0.03283322,-0.007247127,-0.009427545,-0.027095413,0.0025033425,0.0025099458,0.0025039876,2.2506725e-05,0.005423076,0.047856763,-0.005255043,-0.0050024586,-0.037156478,0,0,1
204655571,204462377,204465567,0,-0.40852398,-0.091830574,0.35364836,0.0025000002,0.0025000002,0.0025000002,0.0053333105,-0.007453069,-0.024045765,-0.00034117742,-0.009001004,-0.029424593,0.002503232,0.0025086429,0.0025034007,0.0012625545,0.0024616686,0.025661757,-0.0011924647,-0.0040579773,-0.0408647,0,0,1
205144470,204952378,204954351,0,-0.42365393,-0.15642339,0.31000552,0.0025000002,0.0025000002,0.0025000002,0.0074650752,-0.0030546486,-0.03343281,0.0025834206,-0.006271683,-0.032323364,0.0025031376,0.002508796,0.0025036305,0.0024736666,0.0004144418,0.049600508,0.00029279845,-0.0023695703,-0.047622964,0,0,1
205633137,205442378,205443133,0,-0.40391964,-0.18027675,0.31726047,0.0025000002,0.0025000002,0.0025000002,0.0020932606,-0.004150152,-0.029406846,0.0054170866,-0.00370751,-0.033499666,0.0025035082,0.0025081444,0.002503486,0.0001944711,0.0007636201,0.038379494,0.0028271212,-0.001274067,-0.050926067,0,0,1
206112290,205920380,205921941,0,-0.39263177,-0.25042978,0.29368946,0.0025000002,0.0025000002,0.0025000002,0.008631669,-0.0023703873,-0.03986433,0.0048717097,-0.0028386544,-0.035314914,0.0025042347,0.0025077462,0.0025037222,0.0033057653,0.000250784,0.07051214,0.0023878468,-0.0011534124,-0.056204326,0,0,1
206680530,206482379,206490526,0,-0.35749888,-0.26891586,0.32559523,0.0025000002,0.0025000002,0.0025000002,0.00380499,-0.0034051538,-0.03678122,0.005349081,-0.0033091786,-0.034003213,0.0025050729,0.002506522,0.0025037671,0.00064216135,0.00051527785,0.060027882,0.0018955381,-0.0010169274,-0.05210314,0,0,1
207169372,206972381,206979309,0,-0.347691,-0.25189683,0.3627366,0.0025000002,0.0025000002,0.0025000002,0.0125323385,-0.0074134767,-0.03152457,0.005230942,-0.005343805,-0.03463666,0.002505466,0.0025066047,0.0025035585,0.0069651934,0.0024463395,0.044082444,0.0019965756,-0.0019433043,-0.05392713,0,0,1
207658098,207462380,207468091,0,-0.3214638,-0.23075885,0.38338372,0.0025000002,0.0025000002,0.0025000002,-0.017189091,-0.012111992,-0.041862756,-0.004335704,-0.009928319,-0.0352683,0.0025054736,0.002506847,0.0025035695,0.013103083,0.0064792065,0.07781878,-0.004050676,-0.0056439745,-0.056138705,0,0,1
208146914,207952381,207956874,0,-0.33200788,-0.22883725,0.38337943,0.0025000002,0.0025000002,0.0025000002,0.0053657913,-0.010391116,-0.023937494,-0.0040008505,-0.008177648,-0.03006485,0.002505967,0.0025063914,0.0025037532,0.0012765848,0.004792705,0.025415435,-0.002875398,-0.0036977795,-0.041499704,0,0,1
208635655,208442385,208445657,0,-0.33347434,-0.24764173,0.36861014,0.0025000002,0.0025000002,0.0025000002,0.004254769,-0.014552847,-0.032118946,-0.00036937487,-0.01136949,-0.030712916,0.0025061471,0.0025062119,0.0025039832,0.00080260687,0.009396431,0.045759395,-0.0003680145,-0.00656449,-0.04281286,0,0,1
209124502,208932381,208934439,0,-0.33514243,-0.24505568,0.37133282,0.0025000002,0.0025000002,0.0025000002,0.0009949915,0.00035607815,-0.02538675,0.00047128563,-0.006797319,-0.028477283,0.0025060815,0.0025065944,0.0025040498,4.3893582e-05,5.5794994e-06,0.02859559,3.001553e-05,-0.0037216179,-0.03663466,0,0,1
209683159,209492381,209493048,0,-0.38507488,-0.18117753,0.3428117,0.0025000002,0.0025000002,0.0025000002,-0.00033684215,-0.0029102564,-0.024309397,0.0038720218,-0.004739469,-0.027516754,0.0025047073,0.0025082116,0.0025043716,5.0333065e-06,0.00037509162,0.02621657,0.0015453151,-0.0018788851,-0.034103915,0,0,1
210181888,209982379,209991806,0,-0.39870983,-0.14364272,0.31550145,0.0025000002,0.0025000002,0.0025000002,-0.012492301,0.009519473,-0.012539804,-0.000982394,0.0020369936,-0.01915913,0.0025038372,0.0025094002,0.0025044444,0.006925263,0.0040232535,0.0069926404,-0.00090152526,0.00052246626,-0.018777754,0,0,1
210670719,210472381,210480588,0,-0.40479794,-0.070690505,0.3514929,0.0025000002,0.0025000002,0.0025000002,-0.0010315124,-0.0018422455,-0.018365383,0.0016198739,0.0001399687,-0.017749112,0.002503427,0.0025105334,0.0025041143,4.722495e-05,0.00015009967,0.0149656255,0.00018115476,0.00038501757,-0.015305793,0,0,1
211159372,210962380,210969371,0,-0.42000842,0.033078343,0.31566182,0.0025000002,0.0025000002,0.0025000002,-0.004152848,0.0007996671,-0.018681824,0.00044708405,-0.00026948226,-0.017987875,0.0025029306,0.0025115418,0.0025045483,0.0007655979,2.824274e-05,0.015488041,5.2665546e-05,-0.00016879448,-0.015170676,0,0,1
211668243,211472375,211478104,0,-0.41502595,0.13611652,0.3020645,0.0025000002,0.0025000002,0.0025000002,0.01653533,-0.0053779185,-0.0054676235,0.000735026,-0.002410689,-0.011723818,0.0025038132,0.0025115195,0.00250434,0.012133367,0.0012712453,0.0013218481,0.00084496225,-0.0010424767,-0.0075815367,0,0,1
212156891,211962380,211966887,0,-0.37431753,0.22292367,0.26873678,0.0025000002,0.0025000002,0.0025000002,0.0040560337,-0.009943232,-0.00077694654,0.00025583888,-0.00594088,-0.0045068976,0.0025057064,0.002509675,0.0025040908,0.0007295086,0.004371201,2.645966e-05,0.00034677197,-0.002363381,-0.0029690925,0,0,1
212645826,212452375,212455669,0,-0.31780383,0.30583864,0.2504365,0.0025000002,0.0025000002,0.0025000002,0.0066128382,-0.0122947395,0.0019990504,0.002808676,-0.007341051,-0.00056706567,0.0025080354,0.0025080917,0.0025041136,0.0019373123,0.006682915,0.00017845574,0.0009995198,-0.0029358533,-0.0009952303,0,0,1
213134463,212942380,212944452,0,-0.2536909,0.34930435,0.25340897,0.0025000002,0.0025000002,0.0025000002,0.011747627,-0.008697629,0.014537513,0.007551234,-0.008741226,0.0045001116,0.0025101346,0.002505805,0.0025043928,0.006108868,0.0033408604,0.009391364,0.0039129076,-0.0037907793,0.0018651664,0,0,1
213623446,213432382,213433235,0,-0.1478148,0.403776,0.22781664,0.0025000002,0.0025000002,0.0025000002,0.0032780012,-0.00764063,0.019221425,0.0060909805,-0.010580962,0.010320051,0.0025117726,0.00250486,0.0025047425,0.00047533016,0.0025877196,0.016399743,0.0023523804,-0.0053840387,0.006684703,0,0,1
214122008,213922379,213931993,0,-0.052431893,0.42882964,0.24162489,0.0025000002,0.0025000002,0.0025000002,0.009951902,-0.021358937,0.02994594,0.008588616,-0.014610878,0.01835284,0.0025114545,0.0025047762,0.0025055842,0.0043817167,0.020241268,0.03984764,0.0052847136,-0.010311241,0.01807446,0,0,1
214660744,214462381,214470651,0,0.08461037,0.40949434,0.2574686,0.0025000002,0.0025000002,0.0025000002,-0.009138154,-0.015020281,0.029969722,0.0011611687,-0.014591363,0.02383345,0.0025099067,0.002506594,0.0025061688,0.0036967224,0.009988603,0.039843153,0.0013318186,-0.010000491,0.027619103,0,0,1
215149441,214952379,214959433,0,0.21189882,0.35893062,0.2836619,0.0025000002,0.0025000002,0.0025000002,-0.01004328,-0.023690015,0.027507901,-0.0031980188,-0.017414104,0.029135702,0.0025073143,0.0025097276,0.002506438,0.0044699213,0.024824211,0.033634976,-0.0010958962,-0.014314968,0.039762806,0,0,1
215638284,215442388,215448216,0,0.28639942,0.26915,0.3189159,0.0025000002,0.0025000002,0.0025000002,-0.017284939,-0.022206679,0.040379822,-0.010415219,-0.02237735,0.03285335,0.002505506,0.0025118117,0.0025058233,0.013249448,0.021796439,0.07244998,-0.006885043,-0.023560146,0.049888145,0,0,1
216127019,215932380,215936998,0,0.26471266,0.1833176,0.40911373,0.0025000002,0.0025000002,0.0025000002,-0.011395261,-0.01821053,0.025054634,-0.011500681,-0.020587757,0.03030801,0.002504802,0.00251245,0.0025045031,0.005760134,0.01466538,0.027924987,-0.007444194,-0.019614244,0.042048644,0,0,1
216615845,216422379,216425781,0,0.26231354,0.07895268,0.45179892,0.0025000002,0.0025000002,0.0025000002,-0.023845254,-0.020206273,0.031585813,-0.013330915,-0.01595287,0.030782938,0.0025051234,0.0025122117,0.0025032768,0.025219256,0.01809008,0.044380773,-0.009748357,-0.013181588,0.043852214,0,0,1
217124509,216932380,216934513,0,0.24826682,-0.012046922,0.46890628,0.0025000002,0.0025000002,0.0025000002,-0.008824894,-0.0008860668,0.022515357,-0.013291931,-0.012576578,0.030473014,0.0025049122,0.0025117511,0.0025024523,0.0034544906,3.5164187e-05,0.02251461,-0.01228641,-0.009837141,0.042926267,0,0,1
217683116,217492375,217493122,0,0.17749926,-0.12723628,0.49773583,0.0025000002,0.0025000002,0.0025000002,-0.0018106452,-0.0040836334,0.012827843,-0.009446354,-0.0077565783,0.023508541,0.0025057897,0.0025101912,0.0025021818,0.0001453716,0.00073885353,0.007306011,-0.006764264,-0.004535849,0.027035465,0,0,1
218181907,217982379,217991879,0,0.11937463,-0.18962643,0.49662253,0.0025000002,0.0025000002,0.0025000002,-0.00048922887,-0.004975319,0.013672441,-0.0034267562,-0.005410018,0.017533148,0.0025064747,0.0025088477,0.0025023876,1.0610072e-05,0.0010965485,0.008296439,-0.002982044,-0.0023528608,0.015834307,0,0,1
218670681,218472379,218480661,0,0.13086516,-0.20755687,0.4911062,0.0025000002,0.0025000002,0.0025000002,0.002624359,-0.0013220012,0.008548975,-0.0016284847,-0.004956732,0.013836185,0.002506108,0.0025087055,0.002502518,0.00030535442,7.707657e-05,0.0032446007,-0.0012540186,-0.0022370012,0.010346999,0,0,1
219159533,218962386,218969443,0,0.1626578,-0.15931173,0.49843752,0.0025000002,0.0025000002,0.0025000002,-0.0025627417,-0.027073428,0.0007791519,0.0025718687,-0.012699604,0.0066516795,0.0025060195,0.0025087576,0.002502366,0.0002911942,0.03246929,2.6008403e-05,0.0007290268,-0.010132815,0.004496628,0,0,1
219648239,219452380,219458224,0,0.1561907,-0.12604688,0.51058733,0.0025000002,0.0025000002,0.0025000002,0.010848796,-0.016248092,0.0003837347,0.0044997795,-0.018576546,0.0022803098,0.002506495,0.0025086624,0.002502194,0.0052173953,0.011674577,6.404173e-06,0.0023543139,-0.017974997,0.0017359081,0,0,1
220167008,219972378,219976932,0,0.10417211,-0.15005614,0.5303846,0.0025000002,0.0025000002,0.0025000002,-0.0044287946,-0.031034648,-0.01024729,0.002249747,-0.022085715,0.002189977,0.002507807,0.002507385,0.0025021583,0.0008690293,0.042694833,0.004671097,0.001210972,-0.023507461,0.00090053736,0,0,1
220655718,220462387,220465713,0,0.055934023,-0.17234385,0.5275179,0.0025000002,0.0025000002,0.0025000002,-0.005400907,-0.01636228,-0.0012987256,0.0012627542,-0.02183128,0.0004442282,0.0025090512,0.0025064624,0.002502121,0.0012917585,0.011876148,7.5407406e-05,0.00082210917,-0.022777662,0.00056524226,0,0,1
221144489,220952379,220954495,0,-0.024190161,-0.16713221,0.5328871,0.0025000002,0.0025000002,0.0025000002,-0.0021626223,-0.010297328,0.0001090765,-0.0014792607,-0.017362975,0.0026582552,0.002508893,0.0025064086,0.0025022472,0.00020712698,0.0047019557,4.9682177e-07,-0.0003852902,-0.015021592,0.0010713874,0,0,1
221633279,221442376,221443277,0,-0.11941125,-0.18670392,0.5146527,0.0025000002,0.0025000002,0.0025000002,0.0042111254,-0.020111144,-0.0065241456,0.0012814082,-0.015993712,-0.0009284375,0.0025087441,0.0025054154,0.0025026218,0.00078541186,0.017936194,0.0018906734,0.00038250172,-0.01255633,-0.0002313162,0,0,1
222132041,221932377,221942033,0,-0.16741195,-0.15142797,0.5027191,0.0025000002,0.0025000002,0.0025000002,-0.019502744,-0.0033837706,-0.00038689375,-0.0009284973,-0.013275023,-0.0017067876,0.002508133,0.0025063234,0.0025027816,0.01684994,0.0005063698,7.2091516e-06,-0.0014457315,-0.010330079,-0.0005500356,0,0,1
222620837,222424377,222430815,0,-0.29142252,-0.12796105,0.45354757,0.0025000002,0.0025000002,0.0025000002,0.002982357,-0.025546834,-0.012073904,-0.0031516517,-0.013949008,-0.0022261578,0.0025060056,0.0025065567,0.0025032593,0.00039436168,0.028934857,0.0064621544,-0.0025306528,-0.01126313,-0.0009996291,0,0,1
223179453,222982377,222989422,0,-0.32712382,-0.07925843,0.42868766,0.0025000002,0.0025000002,0.0025000002,0.0014403751,-0.012782261,-0.0023150742,0.0002582833,-0.013854121,-0.003058115,0.0025049672,0.002507623,0.0025033497,9.202518e-05,0.007240376,0.00023663173,-0.0005340408,-0.010055891,-0.0012480128,0,0,1
223668384,223472377,223478204,0,-0.34306645,-0.10212073,0.41564918,0.0025000002,0.0025000002,0.0025000002,-0.0029936898,-0.003219299,-0.0127545595,-0.0026670187,-0.011607133,-0.004912287,0.0025043031,0.002507693,0.0025031264,0.00039763463,0.00045873647,0.0072227465,-0.00092157256,-0.0074465554,-0.0023253772,0,0,1
224157132,223962377,223966985,0,-0.35510623,-0.11956974,0.39836273,0.0025000002,0.0025000002,0.0025000002,-0.0036944118,-0.01825007,-0.02020964,-0.0019960334,-0.013541573,-0.010667316,0.0025039683,0.0025077355,0.0025031872,0.0006056466,0.014753207,0.018132888,-0.0007083078,-0.009216945,-0.0070927436,0,0,1
224650896,224452377,224455767,0,-0.36406475,-0.16313967,0.38622367,0.0025000002,0.0025000002,0.0025000002,0.0047701146,-0.01872687,-0.029651493,0.0006332236,-0.014961768,-0.017785987,0.0025039143,0.0025080894,0.002503327,0.0010097077,0.015542888,0.03903179,4.1053474e-05,-0.011008305,-0.017229764,0,0,1
225144522,224945710,224954523,0,-0.36182842,-0.15195397,0.40203965,0.0025000002,0.0025000002,0.0025000002,0.012272737,-0.034518868,-0.03574401,0.005330266,-0.02441544,-0.027501266,0.0025041979,0.002508038,0.0025032838,0.006683004,0.052822687,0.056713916,0.0038180484,-0.029799767,-0.038345903,0,0,1
225643395,225452379,225453280,0,-0.3808787,-0.16669577,0.37281078,0.0025000002,0.0025000002,0.0025000002,0.018747143,-0.031567007,-0.030133724,0.01017333,-0.030060772,-0.030680252,0.0025041215,0.002508169,0.002503446,0.01559453,0.04419738,0.040290665,0.00706269,-0.042293448,-0.044264052,0,0,1
226142045,225942376,225952036,0,-0.3504946,-0.15274835,0.41440767,0.0025000002,0.0025000002,0.0025000002,0.017114604,-0.023755461,-0.02407664,0.010267591,-0.030272618,-0.029735738,0.0025048156,0.0025083043,0.0025032135,0.01299318,0.025035126,0.025711061,0.0072089783,-0.042622857,-0.040632375,0,0,1
226630938,226432379,226440817,0,-0.37672037,-0.09401104,0.39407834,0.0025000002,0.0025000002,0.0025000002,0.0050228564,-0.037511602,-0.029332817,0.008766222,-0.030092817,-0.030210245,0.002503983,0.0025091975,0.0025034933,0.0011195091,0.062324233,0.038161457,0.005063196,-0.041489173,-0.04140707,0,0,1
227119592,226922377,226929599,0,-0.35603797,-0.025017183,0.4155806,0.0025000002,0.0025000002,0.0025000002,-0.0006455141,-0.021137252,-0.014294177,0.005461475,-0.027912626,-0.023947539,0.0025041364,0.0025103975,0.0025034505,1.8488896e-05,0.019774314,0.00905597,0.002890703,-0.03580905,-0.027388796,0,0,1
227678269,227482391,227488206,0,-0.35772684,0.0718385,0.36713666,0.0025000002,0.0025000002,0.0025000002,-0.018074019,-0.0107501075,-0.00042173266,-0.0030290496,-0.019212052,-0.012188384,0.0025036733,0.0025114405,0.0025039671,0.014497372,0.005119967,7.893402e-06,-0.0018065225,-0.019173281,-0.011202871,0,0,1
228127132,227932379,227937087,0,-0.3733852,0.12035039,0.34964517,0.0025000002,0.0025000002,0.0025000002,-0.005260538,-0.015926778,-0.0040185153,-0.00640053,-0.018112782,-0.0060778353,0.0025039914,0.002511296,0.0025037327,0.0012279621,0.011230231,0.00071402924,-0.0035994148,-0.015929246,-0.0049755434,0,0,1
228685714,228492376,228495694,0,-0.33623922,0.1904934,0.3428907,0.0025000002,0.0025000002,0.0025000002,-0.0064334325,-0.011856377,0.0046704113,-0.006495362,-0.0164815,-0.0015211758,0.0025055357,0.0025107411,0.0025037562,0.0018354492,0.0062317397,0.0009709765,-0.0026726497,-0.013351065,-0.0015594233,0,0,1
229174637,228982379,228984475,0,-0.3288329,0.21905832,0.32557657,0.0025000002,0.0025000002,0.0025000002,-0.011458279,-0.015516371,0.004128605,-0.0054591466,-0.016824314,0.00047737773,0.002506447,0.0025095383,0.0025036507,0.005820198,0.010687912,0.0007560499,-0.0019011764,-0.013153018,-0.0003342073,0,0,1
229663303,229472376,229473256,0,-0.31406844,0.24849318,0.3247874,0.0025000002,0.0025000002,0.0025000002,7.986394e-05,-0.008730635,0.003227234,-0.0053784656,-0.014278275,0.0047231964,0.0025076824,0.00250874,0.0025036063,2.8260925e-07,0.0033757978,0.0004629795,-0.0018345693,-0.009836639,0.0023163673,0,0,1
230162180,229962378,229972012,0,-0.26740476,0.30207732,0.29816365,0.0025000002,0.0025000002,0.0025000002,-0.0055762283,-0.0064020157,0.010941476,-0.0053541563,-0.009749004,0.006523198,0.0025095686,0.0025073003,0.0025037026,0.0013767007,0.0018227157,0.005312076,-0.0022305325,-0.0052065793,0.0028368079,0,0,1
230650857,230452377,230460794,0,-0.22550479,0.34210947,0.27653134,0.0025000002,0.0025000002,0.0025000002,-0.005877997,-0.015123725,0.03181249,-0.0043084696,-0.0077210413,0.014501914,0.002511115,0.0025057145,0.0025038917,0.001528796,0.0101558585,0.044903394,-0.0017225272,-0.00428559,0.014042287,0,0,1
231139712,230942385,230949574,0,-0.14565936,0.38567656,0.2665841,0.0025000002,0.0025000002,0.0025000002,-0.006804987,-0.007225603,0.020614743,-0.0050797756,-0.007518698,0.01904472,0.002513097,0.0025046233,0.0025039671,0.0020474007,0.0023215956,0.018853083,-0.0019597728,-0.0038739764,0.018784061,0,0,1
231628390,231432376,231438356,0,-0.0732874,0.41429678,0.22711763,0.0025000002,0.0025000002,0.0025000002,-0.01244893,-0.006910503,0.03754416,-0.003652711,-0.008393731,0.026596773,0.002514009,0.0025042098,0.0025041548,0.0068494347,0.0021240115,0.062521,-0.00091196963,-0.0040106,0.034900036,0,0,1
232117181,231922376,231927137,0,-0.013034707,0.40987727,0.23821597,0.0025000002,0.0025000002,0.0025000002,-0.0012201574,-0.0046049953,0.048348263,-0.0026441298,-0.0028632195,0.034297585,0.002513331,0.0025043138,0.0025047457,6.581722e-05,0.0009406689,0.103701815,-0.0007289198,-0.0012846726,0.056477115,0,0,1
232675752,232482383,232485743,0,0.09888686,0.39998513,0.2063297,0.0025000002,0.0025000002,0.0025000002,-0.0013218492,0.0108986795,0.0392887,-0.0033249424,0.002438292,0.042449795,0.0025127698,0.00250596,0.0025049916,7.726248e-05,0.0052680285,0.06842524,-0.0009463397,0.0011014679,0.08449212,0,0,1
233164628,232972376,232974525,0,0.16554204,0.38719988,0.20270112,0.0025000002,0.0025000002,0.0025000002,-0.011124162,0.0013863444,0.055097252,-0.0051513286,0.004593523,0.04424302,0.002510725,0.0025074943,0.0025055928,0.0054763723,8.699527e-05,0.13455117,-0.0020408984,0.0018730139,0.090205036,0,0,1
233673256,233482375,233483255,0,0.24185055,0.29858267,0.27969754,0.0025000002,0.0025000002,0.0025000002,-0.010345638,0.009415865,0.04869759,-0.006598944,0.0083305165,0.04633567,0.0025080107,0.0025100296,0.0025049066,0.0047417935,0.0039377436,0.105100006,-0.0035626097,0.0041074655,0.09724673,0,0,1
234172031,233972378,233982011,0,0.30514443,0.25311565,0.26770794,0.0025000002,0.0025000002,0.0025000002,-0.010143873,0.01558885,0.04071471,-0.006339061,0.011763272,0.044228088,0.0025063846,0.0025117763,0.002505606,0.004561602,0.010763359,0.073391944,-0.002610067,0.007024823,0.088027164,0,0,1
234660808,234462381,234470792,0,0.30875129,0.16420998,0.34652978,0.0025000002,0.0025000002,0.0025000002,-0.0072603463,0.010812581,0.041170716,-0.0065392666,0.012235429,0.042405207,0.002504897,0.002512825,0.002504446,0.0023382034,0.005172417,0.07513902,-0.0032016824,0.0071589104,0.08046306,0,0,1
235149598,234952377,234959573,0,0.29486832,0.061886042,0.41761273,0.0025000002,0.0025000002,0.0025000002,-0.0035986728,-0.0010594614,0.027734816,-0.005825597,0.008207902,0.03779774,0.0025047865,0.002512952,0.0025035378,0.0005744755,4.984862e-05,0.03414699,-0.0026380604,0.0045016394,0.064800486,0,0,1
235638394,235442380,235448354,0,0.27487832,-0.013463079,0.44599912,0.0025000002,0.0025000002,0.0025000002,-0.006627638,0.009821656,0.025641978,-0.007284709,0.009225122,0.031912457,0.0025059022,0.002511736,0.0025032398,0.0019476501,0.0042594164,0.029173223,-0.003382997,0.0053396374,0.04717536,0,0,1
236127219,235932378,235937134,0,0.2341432,-0.12247814,0.46520847,0.0025000002,0.0025000002,0.0025000002,-0.027886685,0.020008497,0.0362193,-0.011143693,0.013639508,0.029923148,0.0025071057,0.0025097292,0.0025023466,0.03446503,0.017646475,0.058275167,-0.008455656,0.01055017,0.041309685,0,0,1
236615918,236422379,236425915,0,0.1001263,-0.31893882,0.4374299,0.0025000002,0.0025000002,0.0025000002,0.0029067735,0.033811808,0.027546346,-0.011020048,0.026663022,0.02821052,0.0025075055,0.0025065602,0.0025028281,0.00037440183,0.05068805,0.03375304,-0.008297077,0.037610136,0.036541708,0,0,1
237174550,236982380,236984521,0,0.17454423,-0.3142134,0.42119318,0.0025000002,0.0025000002,0.0025000002,-0.017271696,0.011295229,0.010914654,-0.005850118,0.02070183,0.01888193,0.002507504,0.0025065285,0.0025029536,0.013218611,0.005635717,0.005291946,-0.005158152,0.024373084,0.020430963,0,0,1
237663414,237472378,237473302,0,0.18787323,-0.30392703,0.41533533,0.0025000002,0.0025000002,0.0025000002,-0.0012003076,0.0038214326,0.004133016,-0.0056006117,0.015291554,0.010182852,0.0025068545,0.002507011,0.0025030875,6.385773e-05,0.00064677274,0.0007591576,-0.0030789315,0.01575728,0.009634005,0,0,1
238162053,237962379,237972058,0,0.14693652,-0.32362548,0.42120588,0.0025000002,0.0025000002,0.0025000002,-0.002051773,-0.0016627014,-0.002241671,-0.0036488385,0.008647651,0.004270572,0.0025059988,0.0025074556,0.0025037606,0.00018665312,0.00012280395,0.00022350135,-0.001737126,0.0072196205,0.0037692685,0,0,1
238651149,238452377,238460838,0,0.11990315,-0.28240603,0.46574613,0.0025000002,0.0025000002,0.0025000002,-0.0026774157,0.008447945,0.0025739074,-0.005808822,0.006986923,0.0046269316,0.0025057676,0.0025078906,0.0025032295,0.0003178691,0.0031600476,0.0002959723,-0.0032744794,0.004519514,0.0034231946,0,0,1
239169566,238972379,238979544,0,0.16531509,-0.19543703,0.50213313,0.0025000002,0.0025000002,0.0025000002,-0.0055919252,-0.009309456,-0.011576235,-0.0037804537,-0.0030962857,-0.0027113638,0.002506126,0.002507777,0.0025023697,0.0013863641,0.0038445164,0.005954943,-0.0027893884,-0.0019009701,-0.0005336113,0,0,1
239658415,239462385,239468324,0,0.13441834,-0.1425516,0.52258056,0.0025000002,0.0025000002,0.0025000002,-0.016293168,-0.016676858,-0.001164794,-0.0050264867,-0.011170903,-0.0036743304,0.0025074037,0.002507128,0.002502046,0.01176371,0.012350999,6.0249688e-05,-0.0036428273,-0.00806973,-0.001477615,0,0,1
240147112,239952380,239957105,0,0.07063953,-0.12773077,0.53815484,0.0025000002,0.0025000002,0.0025000002,-0.012546703,-0.017796442,-0.00060653687,-0.00820323,-0.017132018,-0.0007337337,0.0025087092,0.002506639,0.0025019816,0.0069721453,0.014055992,1.6313508e-05,-0.008172725,-0.015609349,-0.00046156553,0,0,1
240635967,240442377,240445885,0,-0.031427123,-0.08567423,0.5370411,0.0025000002,0.0025000002,0.0025000002,-0.01508737,-0.016929679,0.011711001,-0.011636254,-0.018647078,0.004131454,0.0025095413,0.0025070107,0.0025020933,0.010078368,0.012711486,0.006091656,-0.008826431,-0.016766919,0.0016883,0,0,1
241124679,240932379,240934666,0,-0.13527283,-0.0377601,0.51286757,0.0025000002,0.0025000002,0.0025000002,-0.044048045,-0.02536337,0.008641958,-0.022628052,-0.018726831,0.0068187816,0.0025079031,0.0025077183,0.0025026593,0.085960716,0.028497277,0.0033044012,-0.028877424,-0.016647855,0.003332678,0,0,1
241683279,241492380,241493272,0,-0.2292865,-0.16105373,0.4624955,0.0025000002,0.0025000002,0.0025000002,-0.025135398,-0.0065210313,-0.0037344396,-0.030502236,-0.013634264,0.004761668,0.0025060896,0.0025064338,0.00250263,0.028011244,0.0018753869,0.0006245079,-0.045702886,-0.009942088,0.0020794831,0,0,1
242132179,241932375,241942151,0,-0.32146037,-0.16492124,0.39313844,0.0025000002,0.0025000002,0.0025000002,-0.017779356,0.00888142,-0.0022709072,-0.021658905,-0.0023326266,-0.0010738313,0.0025042503,0.00250664,0.0025031865,0.014025289,0.003506329,0.00023148318,-0.025798585,-0.0026752546,-0.0004669914,0,0,1
242620982,242422376,242430932,0,-0.36785537,-0.18260956,0.36354172,0.0025000002,0.0025000002,0.0025000002,0.00080710254,0.003310442,-0.018117517,-0.009692777,0.0016295289,-0.007639125,0.0025037904,0.0025065395,0.0025033639,2.8907927e-05,0.00048561036,0.0145686865,-0.011196929,-0.00017627231,-0.0043714736,0,0,1
243179688,242982388,242989537,0,-0.3624068,-0.18966942,0.36586222,0.0025000002,0.0025000002,0.0025000002,0.00032080826,0.00055502355,-0.01946181,-0.0034443873,0.003675939,-0.013665326,0.002503761,0.0025071013,0.0025032652,4.56726e-06,1.3639912e-05,0.016811546,-0.004106491,0.0011617626,-0.010030145,0,0,1
243668312,243472383,243478317,0,-0.34627652,-0.15204118,0.3951362,0.0025000002,0.0025000002,0.0025000002,-0.002532709,0.0017116815,-0.012346059,-0.001057581,0.00056188327,-0.016970053,0.0025039085,0.002507595,0.0025030335,0.00028464894,0.000130096,0.0067676357,-0.0014889045,0.0002422102,-0.0142484065,0,0,1
244157220,243962389,243967097,0,-0.35645026,-0.16748062,0.38161993,0.0025000002,0.0025000002,0.0025000002,-0.0061628027,-0.0024419427,-0.024822116,-0.004198544,-0.00027710438,-0.018231086,0.0025037485,0.0025079292,0.002503233,0.001685479,0.00026309557,0.027356075,-0.0017059827,-8.511421e-05,-0.015959162,0,0,1
244655877,244465714,244465852,0,-0.37671813,-0.15152305,0.3634547,0.0025000002,0.0025000002,0.0025000002,-0.0024047531,-0.0074792206,-0.023566008,-0.0016688746,-0.00012722795,-0.019460615,0.002503425,0.00250868,0.0025033804,0.00025666336,0.0024763548,0.024655094,-0.00061282644,-9.953063e-05,-0.017877204,0,0,1
245144751,244952378,244954632,0,-0.3584989,-0.0968893,0.3947855,0.0025000002,0.0025000002,0.0025000002,-0.004554304,-0.013863504,-0.014616072,-0.00059434376,-0.005835356,-0.01878158,0.002503724,0.002509082,0.0025031713,0.0009204814,0.008507485,0.009485264,-5.5887413e-05,-0.0033662198,-0.017482668,0,0,1
245633406,245442375,245443412,0,-0.35492718,-0.104681686,0.39722374,0.0025000002,0.0025000002,0.0025000002,-0.0034366848,-0.007836893,-0.012028515,-0.004972307,-0.00570471,-0.014785048,0.0025038575,0.0025094172,0.0025031473,0.00052411587,0.0027176794,0.0064241947,-0.0019365366,-0.0028634635,-0.011338502,0,0,1
246132282,245932377,245942167,0,-0.38463134,-0.054567963,0.37939137,0.0025000002,0.0025000002,0.0025000002,-0.0015458439,-0.018077016,-0.020122617,-0.00328561,-0.009873891,-0.016784245,0.002503236,0.0025102638,0.0025033562,0.000106068626,0.014463023,0.017971246,-0.0011322561,-0.0058900355,-0.013402763,0,0,1
246621031,246422375,246430947,0,-0.41117415,0.015541827,0.31866068,0.0025000002,0.0025000002,0.0025000002,-0.0034826752,-0.0015279949,-0.0017974377,-0.0042156423,-0.005911685,-0.011738828,0.002502755,0.0025109327,0.0025037976,0.0005384745,0.00010336025,0.00014353653,-0.0017221728,-0.003103943,-0.008943572,0,0,1
247179554,246982381,246989553,0,-0.3677912,0.0457893,0.3581347,0.0025000002,0.0025000002,0.0025000002,-0.020625545,0.0018777922,-0.0073880255,-0.009627858,-0.0008405425,-0.0069934046,0.0025033702,0.0025112277,0.0025034754,0.018881794,0.00015416002,0.0024301182,-0.006557891,-0.00032858382,-0.004019532,0,0,1
247678360,247482379,247488307,0,-0.38000634,0.054064654,0.3452526,0.0025000002,0.0025000002,0.0025000002,-0.013675858,0.011887588,-0.008025914,-0.010452231,0.0036073225,-0.0065771416,0.0025038156,0.0025109097,0.0025036645,0.008299737,0.006239591,0.0028634304,-0.006489438,0.0014201539,-0.0028257703,0,0,1
248167084,247972377,247977087,0,-0.42543548,-0.042610645,0.3213507,0.0025000002,0.0025000002,0.0025000002,0.0014256123,-0.0016446896,-0.019429833,-0.011047477,0.0032953077,-0.0104295425,0.0025029338,0.0025118222,0.0025050596,9.022169e-05,0.00011956632,0.01674613,-0.008166091,0.0011943955,-0.006154082,0,0,1
248655872,248462379,248465867,0,-0.37444752,-0.10307856,0.3861174,0.0025000002,0.0025000002,0.0025000002,0.0008016967,-0.008490823,-0.019656599,-0.008796829,-0.0012687271,-0.014880417,0.002503507,0.002512413,0.0025043266,2.852521e-05,0.0031885097,0.017158464,-0.0054131257,-0.0007001591,-0.011508697,0,0,1
249144644,248952376,248954647,0,-0.35051283,-0.17576239,0.37872133,0.0025000002,0.0025000002,0.0025000002,-0.012794962,-0.006079629,-0.029493958,-0.00809192,-0.004576765,-0.021504669,0.0025037928,0.0025120366,0.0025040489,0.007265025,0.0016275127,0.03862698,-0.004707053,-0.0022820483,-0.02307965,0,0,1
249633424,249442379,249443426,0,-0.34867045,-0.25066614,0.34171245,0.0025000002,0.0025000002,0.0025000002,-0.0027309884,0.0033869594,-0.024925023,-0.0035054975,-0.002645147,-0.022761118,0.002504921,0.0025105658,0.0025038226,0.00033082868,0.0005090566,0.02756611,-0.0018076233,-0.0014730919,-0.02491229,0,0,1
250142184,249942395,249952156,0,-0.33989105,-0.2775046,0.32915843,0.0025000002,0.0025000002,0.0025000002,-0.0010714214,-0.007599443,-0.03707105,0.0004496244,-0.003167772,-0.027353022,0.002505818,0.0025096952,0.0025038933,5.090127e-05,0.0025554858,0.060996316,0.00035264017,-0.0012103359,-0.03548112,0,0,1
250630968,250432379,250440935,0,-0.3231742,-0.2133688,0.39141724,0.0025000002,0.0025000002,0.0025000002,0.007839074,-0.010429442,-0.011374205,0.0065255663,-0.008386706,-0.02680101,0.002506772,0.0025080552,0.0025035,0.0027237812,0.0048311274,0.005733222,0.0038910864,-0.004499229,-0.034562897,0,0,1
251119800,250922375,250929715,0,-0.34478086,-0.20543233,0.3832784,0.0025000002,0.0025000002,0.0025000002,0.0086919265,-0.011364162,-0.021590829,0.0063542672,-0.009504024,-0.022265537,0.0025067162,0.0025075846,0.0025041788,0.003348763,0.0057367836,0.02065515,0.0032805107,-0.004992326,-0.024088295,0,0,1
251678364,251482382,251488320,0,-0.39336628,-0.1879191,0.3361773,0.0025000002,0.0025000002,0.0025000002,0.011644859,0.0028840154,-0.015413463,0.003029035,-0.00442451,-0.015325335,0.002505245,0.0025090044,0.0025044696,0.0060141706,0.00036361933,0.010525709,0.00085336296,-0.0022676983,-0.01332314,0,0,1
252167110,251972381,251977099,0,-0.34521997,-0.09778354,0.39848408,0.0025000002,0.0025000002,0.0025000002,-0.008704908,0.0005982965,-0.0039764643,-0.0007609469,-0.0020360316,-0.011568908,0.0025047604,0.00251077,0.002503645,0.003361396,1.6396065e-05,0.00070469966,-0.0005191863,-0.001076067,-0.007876502,0,0,1
252655886,252462378,252465878,0,-0.33504397,0.042317584,0.39674485,0.0025000002,0.0025000002,0.0025000002,-0.016950987,-0.019978892,0.004611969,-0.007231066,-0.0070830663,-0.002889299,0.0025040547,0.0025118738,0.0025040368,0.01274981,0.017648585,0.0009479403,-0.005128873,-0.0044116494,-0.0016866787,0,0,1
253174579,252982375,252984583,0,-0.3426304,0.02188339,0.38116872,0.0025000002,0.0025000002,0.0025000002,-0.027032042,-0.01566122,0.001647085,-0.020175738,-0.014823565,0.0001347341,0.0025035713,0.0025119507,0.0025037576,0.032430615,0.010840986,0.000119635944,-0.024016775,-0.0125572095,-0.00023392499,0,0,1
253663358,253472383,253473362,0,-0.10587945,-0.07362757,0.5135359,0.0025000002,0.0025000002,0.0025000002,-0.06114807,-0.013343029,0.009902239,-0.029895028,-0.014208581,-0.0017901569,0.0025093895,0.002511515,0.002502017,0.16555981,0.007816697,0.0043389797,-0.051730376,-0.01061371,-0.0013343232,0,0,1
254162181,253962376,253972116,0,-0.1856894,-0.115444735,0.4862824,0.0025000002,0.0025000002,0.0025000002,-0.04178792,-0.011935681,0.0012180209,-0.039156366,-0.021880714,-0.0004805881,0.002507391,0.0025115814,0.0025023986,0.07738146,0.0062553263,6.3366446e-05,-0.0764703,-0.02960311,-0.00047245022,0,0,1
254650921,254452379,254460895,0,-0.19154257,-0.106405914,0.4904538,0.0025000002,0.0025000002,0.0025000002,-0.04588481,-0.023414165,-0.00951311,-0.04301613,-0.023243517,-0.006167515,0.0025068705,0.0025117986,0.0025024423,0.093317576,0.024151573,0.0040447908,-0.08597228,-0.027564205,-0.002957175,0,0,1
255139676,254942375,254949675,0,-0.19452526,-0.105805725,0.49190974,0.0025000002,0.0025000002,0.0025000002,-0.042711996,-0.02541639,-0.011503279,-0.044118732,-0.023424199,-0.008603052,0.002506748,0.002511971,0.0025024572,0.08086238,0.028475244,0.0059076664,-0.08793965,-0.025775852,-0.004018123,0,0,1
255658428,255460375,255468380,0,-0.19376464,-0.10735514,0.49123245,0.0025000002,0.0025000002,0.0025000002,-0.04308966,-0.025680609,-0.011349887,-0.045102026,-0.024190433,-0.010958655,0.002506632,0.0025121232,0.0025024747,0.08230251,0.029070443,0.005752484,-0.090897106,-0.02666283,-0.0058367294,0,0,1
256147211,255952378,255957161,0,-0.20011267,-0.10322521,0.49076328,0.0025000002,0.0025000002,0.0025000002,-0.03615148,-0.029754944,-0.010796249,-0.04557321,-0.025454232,-0.010647337,0.0025065683,0.002512202,0.0025024875,0.057933543,0.039064467,0.005206803,-0.09329803,-0.02911723,-0.005259876,0,0,1
256635947,256442375,256445941,0,-0.19225928,-0.10381191,0.49327868,0.0025000002,0.0025000002,0.0025000002,-0.043312445,-0.0286519,-0.013020277,-0.044568628,-0.027139785,-0.009954875,0.002506475,0.0025122114,0.0025024803,0.08316097,0.036204156,0.0075677945,-0.088844694,-0.032871723,-0.0047991094,0,0,1
257124848,256932378,256934723,0,-0.19401248,-0.106083706,0.491707,0.0025000002,0.0025000002,0.0025000002,-0.04055589,-0.028102398,-0.011550099,-0.042011116,-0.028367944,-0.010207498,0.0025064445,0.0025122028,0.002502504,0.07291339,0.034834944,0.00595853,-0.078759305,-0.035866532,-0.004918955,0,0,1
257683534,257492376,257493328,0,-0.19241291,-0.10598739,0.4938284,0.0025000002,0.0025000002,0.0025000002,-0.041125435,-0.029585056,-0.013696462,-0.041321475,-0.02929293,-0.010574401,0.0025064037,0.0025121563,0.0025025213,0.074976906,0.038614165,0.00837328,-0.075902864,-0.038097017,-0.0051916465,0,0,1
258182162,257982376,257992085,0,-0.19480562,-0.10460307,0.49060684,0.0025000002,0.0025000002,0.0025000002,-0.037879463,-0.031259015,-0.010267407,-0.039945964,-0.030731482,-0.010425577,0.0025063842,0.002512124,0.0025025317,0.06360884,0.043123934,0.004713933,-0.07091161,-0.04192271,-0.0049611144,0,0,1
258631075,258432377,258440965,0,-0.19308428,-0.10116509,0.49107525,0.0025000002,0.0025000002,0.0025000002,-0.038793538,-0.03476607,-0.010460675,-0.03993467,-0.0320856,-0.0106027825,0.0025063092,0.0025120531,0.0025025127,0.06671779,0.053355563,0.004894674,-0.07083282,-0.045739647,-0.005077353,0,0,1
259119964,258922378,258929746,0,-0.19272047,-0.10106726,0.48882908,0.0025000002,0.0025000002,0.0025000002,-0.03841275,-0.03608015,-0.008321881,-0.03946766,-0.03376097,-0.010334684,0.002506257,0.0025119858,0.002502514,0.0654158,0.057472758,0.0031043203,-0.06919223,-0.050635926,-0.0048415344,0,0,1
259678524,259482377,259488354,0,-0.19152135,-0.10470459,0.48956275,0.0025000002,0.0025000002,0.0025000002,-0.038815342,-0.033179104,-0.009040594,-0.039179113,-0.034374084,-0.009856582,0.0025062487,0.0025119665,0.0025025273,0.06679442,0.048594076,0.0036597648,-0.06811162,-0.052389182,-0.004386557,0,0,1
260167201,259972378,259977136,0,-0.19285193,-0.102497056,0.49153405,0.0025000002,0.0025000002,0.0025000002,-0.03679799,-0.034969255,-0.010692149,-0.037643045,-0.034920953,-0.010363607,0.002506238,0.0025119686,0.0025025266,0.060032077,0.05399121,0.0051128897,-0.062949315,-0.05402377,-0.0048860097,0,0,1
260655972,260462379,260465918,0,-0.19725925,-0.10530764,0.49061584,0.0025000002,0.0025000002,0.0025000002,-0.031782318,-0.034870222,-0.010368645,-0.035478532,-0.035035096,-0.01032677,0.0025061832,0.0025119209,0.0025025345,0.044783268,0.053698808,0.004807695,-0.05610177,-0.054349974,-0.0048497804,0,0,1
261154799,260957390,260964676,0,-0.19617558,-0.10604274,0.4928627,0.0025000002,0.0025000002,0.0025000002,-0.032497212,-0.035645083,-0.012998879,-0.032821257,-0.035502646,-0.009680245,0.0025061723,0.0025119442,0.0025025532,0.046820793,0.056110542,0.007546833,-0.04811019,-0.055803448,-0.004353538,0,0,1
261643525,261452380,261453458,0,-0.19644521,-0.105156444,0.49082682,0.0025000002,0.0025000002,0.0025000002,-0.031901717,-0.03448891,-0.010353535,-0.032261096,-0.035042375,-0.0105238855,0.0025061131,0.00251196,0.002502519,0.045121644,0.052528825,0.0047932635,-0.046340812,-0.054356173,-0.0050397497,0,0,1
262142311,261942379,261952216,0,-0.19656752,-0.10503344,0.49209392,0.0025000002,0.0025000002,0.0025000002,-0.031554125,-0.032872394,-0.011174351,-0.03233128,-0.03462529,-0.010305171,0.002506067,0.0025119986,0.002502495,0.044144556,0.047717083,0.005578701,-0.046445247,-0.0530861,-0.004815579,0,0,1
262631131,262432380,262440999,0,-0.1927776,-0.10174647,0.49216446,0.0025000002,0.0025000002,0.0025000002,-0.035124052,-0.03344035,-0.010536522,-0.032628812,-0.033443846,-0.010085096,0.002506025,0.0025120513,0.0025024645,0.054699246,0.04937254,0.0049628653,-0.04735717,-0.049562544,-0.0046025086,0,0,1
263119848,262922377,262929784,0,-0.1924609,-0.10307278,0.4912115,0.0025000002,0.0025000002,0.0025000002,-0.035269108,-0.031337544,-0.009458631,-0.03457541,-0.03254157,-0.010114949,0.0025059823,0.0025121027,0.0025024523,0.055152908,0.043352094,0.004001193,-0.053214252,-0.0469219,-0.004611796,0,0,1
263678617,263482376,263488391,0,-0.19468904,-0.09967168,0.49090362,0.0025000002,0.0025000002,0.0025000002,-0.032970868,-0.031090826,-0.00835228,-0.034865886,-0.03119338,-0.010115045,0.0025059697,0.0025122028,0.0025024323,0.04819949,0.04267677,0.003121773,-0.054007795,-0.043130197,-0.0046128356,0,0,1
264177287,263982377,263987150,0,-0.19259,-0.101417296,0.48909277,0.0025000002,0.0025000002,0.0025000002,-0.034851525,-0.030507244,-0.006901473,-0.03507888,-0.030765403,-0.008204652,0.0025059662,0.0025122764,0.0025024512,0.05385498,0.041082162,0.0021355182,-0.054615565,-0.0419315,-0.0031359778,0,0,1
264666097,264472375,264475934,0,-0.19884403,-0.10502115,0.4876798,0.0025000002,0.0025000002,0.0025000002,-0.02847676,-0.029108882,-0.006171614,-0.032492924,-0.028763212,-0.0074373614,0.002505908,0.0025123053,0.0025024584,0.035956178,0.03741139,0.0017079635,-0.047118723,-0.03691456,-0.0026336592,0,0,1
265154817,264962384,264964718,0,-0.19234292,-0.1028681,0.4902889,0.0025000002,0.0025000002,0.0025000002,-0.03498385,-0.027437337,-0.007944852,-0.03350222,-0.02813863,-0.007958548,0.0025058852,0.0025124075,0.002502433,0.054266468,0.03322146,0.0028248606,-0.050086677,-0.035192564,-0.0029581096,0,0,1
265643864,265452375,265453502,0,-0.19193028,-0.10322891,0.48994678,0.0025000002,0.0025000002,0.0025000002,-0.03523877,-0.026514798,-0.0075366497,-0.033892605,-0.027422344,-0.008374138,0.0025058244,0.002512467,0.0025024181,0.055061534,0.031021733,0.0025426233,-0.051164072,-0.033356357,-0.0032132019,0,0,1
266142344,265942381,265952261,0,-0.20368904,-0.08343058,0.46224448,0.0025000002,0.0025000002,0.0025000002,-0.005131621,-0.0060674474,-0.010812104,-0.024376662,-0.024075348,-0.026482657,0.003499939,0.0034983798,0.0034999535,0.00083599973,0.0011698193,0.003710515,-0.024353666,-0.019030735,-0.01856896,0,0,1
