timestamp,timestamp_sample,lat,lon,alt,alt_ellipsoid,delta_alt,delta_terrain,eph,epv,terrain_alt,lat_lon_valid,alt_valid,lat_lon_reset_counter,alt_reset_counter,terrain_reset_counter,terrain_alt_valid,dead_reckoning
27305801,27305193,31.185632207189112,117.19757970878565,35.407803,33.212852,35.953125,35.953125,0.22099431,0.20388547,35.325268,1,1,2,3,3,0,0
27315673,27315044,31.185632205715695,117.19757970935092,35.408012,33.213062,35.953125,35.953125,0.22170174,0.20437545,35.32514,1,1,2,3,3,0,0
27502786,27502229,31.1856322147861,117.19757973976265,35.407238,33.212288,35.953125,35.953125,0.2181754,0.20216551,35.305187,1,1,2,3,3,0,0
27700026,27699265,31.185632292105876,117.19757977853916,35.397934,33.20298,35.953125,35.953125,0.22407442,0.20569906,35.308254,1,1,2,3,3,0,0
27906747,27906154,31.18563231011877,117.19757977454235,35.39146,33.196507,35.953125,35.953125,0.22154966,0.20458515,35.31349,1,1,2,3,3,0,0
28103755,28103190,31.185632402943536,117.19757976564061,35.396244,33.20129,35.953125,35.953125,0.21840441,0.2026623,35.326088,1,1,2,3,3,0,0
28301044,28300226,31.185632203691505,117.19757930405683,35.431004,33.23605,35.953125,35.953125,0.21562159,0.20127447,35.35803,1,1,2,3,3,0,0
28497809,28497263,31.185632043041117,117.1975787069476,35.46666,33.2717,35.953125,35.953125,0.2131573,0.19971785,35.38248,1,1,2,3,3,0,0
28704690,28704151,31.185631870716833,117.19757805519782,35.493183,33.298225,35.953125,35.953125,0.21992369,0.2048542,35.411182,1,1,2,3,3,0,0
28901793,28901187,31.18563176579134,117.1975778453163,35.510326,33.31537,35.953125,35.953125,0.21693791,0.20298456,35.410507,1,1,2,3,3,0,0
29108638,29108076,31.18563181778968,117.19757813713498,35.5211,33.32614,35.953125,35.953125,0.21477228,0.20196402,35.41496,1,1,2,3,3,0,0
29305699,29305112,31.185631990645252,117.1975785727645,35.533894,33.338932,35.953125,35.953125,0.21220626,0.20015675,35.4141,1,1,2,3,3,0,0
29502891,29502148,31.185632004894423,117.19757892969265,35.539246,33.344284,35.953125,35.953125,0.20983227,0.19872692,35.40365,1,1,2,3,3,0,0
29699758,29699185,31.18563181874125,117.19757910669148,35.538982,33.344036,35.953125,35.953125,0.21590547,0.20283827,35.40653,1,1,2,3,3,0,0
29906683,29906073,31.185631581039996,117.19757920761919,35.534645,33.339695,35.953125,35.953125,0.2138604,0.20174077,35.412575,1,1,2,3,3,0,0
30103881,30103110,31.18563135907348,117.19757927925357,35.53303,33.33808,35.953125,35.953125,0.21097289,0.1996445,35.401096,1,1,2,3,3,0,0
30300928,30300146,31.185631196996905,117.19757937060966,35.51946,33.32451,35.953125,35.953125,0.20840251,0.19799566,35.39422,1,1,2,3,3,0,0
30507651,30507034,31.185631242912116,117.19757936983187,35.50913,33.31418,35.953125,35.953125,0.20682637,0.19674431,35.39262,1,1,2,3,3,0,0
30704831,30704071,31.18563148489578,117.19757910876902,35.50637,33.311417,35.953125,35.953125,0.2129294,0.2011927,35.391556,1,1,2,3,3,0,0
30901917,30901108,31.18563175406382,117.19757843259488,35.512646,33.31769,35.953125,35.953125,0.21008661,0.19942608,35.401535,1,1,2,3,3,0,0
31098886,31098144,31.185632157835343,117.19757762641963,35.52037,33.325417,35.953125,35.953125,0.20738204,0.19739579,35.411842,1,1,2,3,3,0,0
31305771,31305032,31.185632574567546,117.19757698221095,35.516632,33.32168,35.953125,35.953125,0.20569107,0.1963861,35.422703,1,1,2,3,3,0,0
31502811,31502068,31.18563300434587,117.19757641109328,35.526825,33.331867,35.953125,35.953125,0.2035012,0.19459338,35.436466,1,1,2,3,3,0,0
31699658,31699106,31.185633530406342,117.19757584882439,35.535503,33.340546,35.953125,35.953125,0.2096551,0.19897053,35.429447,1,1,2,3,3,0,0
31906785,31905993,31.185634393674704,117.19757551848043,35.53854,33.343582,35.953125,35.953125,0.20766129,0.197349,35.42332,1,1,2,3,3,0,0
32103767,32103030,31.185635434598993,117.1975753587166,35.548954,33.353996,35.953125,35.953125,0.2049738,0.19546734,35.42571,1,1,2,3,3,0,0
32300605,32300066,31.185636298040183,117.19757512116131,35.56961,33.37465,35.953125,35.953125,0.211234,0.1993473,35.45226,1,1,2,3,3,0,0
32497654,32497103,31.185636943363665,117.19757470111182,35.574184,33.379223,35.953125,35.953125,0.20875429,0.19752988,35.4603,1,1,2,3,3,0,0
32704579,32703991,31.1856375749935,117.19757420302113,35.564606,33.36966,35.953125,35.953125,0.20733921,0.1960872,35.448433,1,1,2,3,3,0,0
32901777,32901028,31.185638110170856,117.19757345644287,35.557545,33.3626,35.953125,35.953125,0.21378644,0.2001364,35.45421,1,1,2,3,3,0,0
33108644,33107916,31.18563860353283,117.19757231533576,35.5485,33.353554,35.953125,35.953125,0.21141648,0.19820318,35.4538,1,1,2,3,3,0,0
33305697,33304953,31.1856388144165,117.19757145525641,35.53002,33.33507,35.953125,35.953125,0.20022744,0.19056955,35.42053,1,1,2,3,3,0,0
33502585,33501989,31.185639129255836,117.19757081606308,35.518593,33.323643,35.953125,35.953125,0.20638417,0.19419822,35.40938,1,1,2,3,3,0,0
33699567,33699026,31.185639909309835,117.19757048809207,35.49948,33.30453,35.953125,35.953125,0.20429467,0.19256414,35.389732,1,1,2,3,3,0,0
33906730,33905914,31.18564096107981,117.19757015904483,35.507256,33.312305,35.953125,35.953125,0.20232086,0.19088319,35.38895,1,1,2,3,3,0,0
34103697,34102951,31.1856415651407,117.19756956010748,35.506638,33.311684,35.953125,35.953125,0.19986653,0.18909115,35.405304,1,1,2,3,3,0,0
34300721,34299988,31.185641906701196,117.19756894276031,35.501022,33.306057,35.953125,35.953125,0.20616339,0.1930677,35.408154,1,1,2,3,3,0,0
34507455,34506876,31.185641978840522,117.19756836264386,35.514477,33.31951,35.953125,35.953125,0.20467733,0.19165725,35.40469,1,1,2,3,3,0,0
34704481,34703913,31.185641530010372,117.19756773255489,35.513897,33.31893,35.953125,35.953125,0.20262507,0.18985158,35.405426,1,1,2,3,3,0,0
34901493,34900950,31.185641136556406,117.19756707120304,35.541878,33.346912,35.953125,35.953125,0.20937017,0.19385028,35.41394,1,1,2,3,3,0,0
35098758,35097987,31.18564086563235,117.19756667243753,35.564053,33.369087,35.953125,35.953125,0.19755977,0.18637994,35.413895,1,1,2,3,3,0,0
35305412,35304875,31.18564083276252,117.19756604771365,35.552452,33.357483,35.953125,35.953125,0.19620176,0.18511462,35.455524,1,1,2,3,3,0,0
35502712,35501912,31.185641223297996,117.19756547296436,35.55858,33.36361,35.953125,35.953125,0.19425544,0.18371627,35.43726,1,1,2,3,3,0,0
35699489,35698948,31.185641682854012,117.19756462169472,35.562332,33.367355,35.953125,35.953125,0.20040844,0.18746284,35.456757,1,1,2,3,3,0,0
35906378,35905837,31.1856420311867,117.19756401417428,35.56009,33.365112,35.953125,35.953125,0.1985937,0.18637618,35.453888,1,1,2,3,3,0,0
36103429,36102874,31.185642227515288,117.19756350827352,35.5334,33.338425,35.953125,35.953125,0.19612189,0.18453534,35.45055,1,1,2,3,3,0,0
36300661,36299910,31.18564205554681,117.19756321049447,35.502224,33.307243,35.953125,35.953125,0.19388516,0.18305732,35.45446,1,1,2,3,3,0,0
36507440,36506799,31.185641808441922,117.19756303754586,35.54578,33.3508,35.953125,35.953125,0.19254483,0.18193465,35.43189,1,1,2,3,3,0,0
36704373,36703836,31.18564182759112,117.19756273173344,35.5134,33.318405,35.953125,35.953125,0.19865979,0.18589029,35.456196,1,1,2,3,3,0,0
36901683,36900872,31.18564177955183,117.1975626237789,35.504303,33.309307,35.953125,35.953125,0.19611517,0.18398117,35.4065,1,1,2,3,3,0,0
37098475,37097909,31.18564148471381,117.19756228143682,35.514126,33.31913,35.953125,35.953125,0.19373739,0.18238495,35.417534,1,1,2,3,3,0,0
37305520,37304797,31.18564140248778,117.197562234365,35.54469,33.349693,35.953125,35.953125,0.19227302,0.18111958,35.43516,1,1,2,3,3,0,0
37502389,37501834,31.18564165512116,117.19756248455798,35.56086,33.365856,35.953125,35.953125,0.19038701,0.17969675,35.43835,1,1,2,3,3,0,0
37699669,37698872,31.18564233116971,117.19756268898352,35.537598,33.342594,35.953125,35.953125,0.1966931,0.1835037,35.43394,1,1,2,3,3,0,0
37906519,37905760,31.1856432958756,117.19756233325984,35.51279,33.317787,35.953125,35.953125,0.19487934,0.18201043,35.417606,1,1,2,3,3,0,0
38103626,38102797,31.185644188920236,117.19756177670294,35.499844,33.30484,35.953125,35.953125,0.19251494,0.18037905,35.399174,1,1,2,3,3,0,0
38300601,38299833,31.18564448069436,117.19756136093598,35.490337,33.295334,35.953125,35.953125,0.19035362,0.17863819,35.38345,1,1,2,3,3,0,0
38497726,38496870,31.185644497629212,117.19756127006681,35.49475,33.299747,35.953125,35.953125,0.18841155,0.17720832,35.357895,1,1,2,3,3,0,0
38704354,38703759,31.185644028571776,117.19756096039846,35.503372,33.30837,35.953125,35.953125,0.19560419,0.18122213,35.360394,1,1,2,3,3,0,0
38901612,38900796,31.18564371372055,117.19756082429815,35.499054,33.30405,35.953125,35.953125,0.19316277,0.1795492,35.388973,1,1,2,3,3,0,0
39108264,39107684,31.185643728385937,117.1975608876623,35.490932,33.29593,35.953125,35.953125,0.19148742,0.17813009,35.368385,1,1,2,3,3,0,0
39305373,39304721,31.185643787571237,117.19756117523941,35.47549,33.280487,35.953125,35.953125,0.18931907,0.17659041,35.347713,1,1,2,3,3,0,0
39502357,39501758,31.185643562129737,117.19756100474362,35.458145,33.26314,35.953125,35.953125,0.18743114,0.17498201,35.34861,1,1,2,3,3,0,0
39699618,39698795,31.185643445900503,117.19756034901688,35.441406,33.246403,35.953125,35.953125,0.19396801,0.17869888,35.347992,1,1,2,3,3,0,0
39906472,39905684,31.18564339679888,117.19756031349405,35.452457,33.257454,35.953125,35.953125,0.19213313,0.17734402,35.334805,1,1,2,3,3,0,0
40103400,40102720,31.18564328146408,117.19756036560874,35.456173,33.26117,35.953125,35.953125,0.18965013,0.17576902,35.362366,1,1,2,3,3,0,0
40300361,40299757,31.185643481993495,117.1975607181494,35.480305,33.2853,35.953125,35.953125,0.18752165,0.17411318,35.34108,1,1,2,3,3,0,0
40507447,40506646,31.185643870329525,117.1975606748769,35.494835,33.29983,35.953125,35.953125,0.18630952,0.17335965,35.35517,1,1,2,3,3,0,0
40704313,40703683,31.18564368916218,117.19756017765243,35.48926,33.29426,35.953125,35.953125,0.19281511,0.17721674,35.37384,1,1,2,3,3,0,0
40901576,40900719,31.1856435208039,117.19755982268528,35.453945,33.25894,35.953125,35.953125,0.19018148,0.17589682,35.35839,1,1,2,3,3,0,0
41098810,41097756,31.185644147651924,117.19755926727171,35.35515,33.160145,35.953125,35.953125,0.18772757,0.17441799,35.340347,1,1,2,3,3,0,0
41305881,41304646,31.18564536142611,117.19755884540614,35.392273,33.19727,35.953125,35.953125,0.18621036,0.17380373,35.266624,1,1,2,3,3,0,0
41502238,41501681,31.18564528944851,117.1975592414309,35.404385,33.20938,35.953125,35.953125,0.18432088,0.17280321,35.282703,1,1,2,3,3,0,0
41699330,41698718,31.18564397298683,117.19756057573514,35.409935,33.21493,35.953125,35.953125,0.19067283,0.17672585,35.279457,1,1,2,3,3,0,0
41906214,41905607,31.18564257576601,117.19756107248146,35.344852,33.14985,35.953125,35.953125,0.18892659,0.17554027,35.256,1,1,2,3,3,0,0
42103873,42102643,31.185641767700996,117.19756074770234,35.30224,33.107235,35.953125,35.953125,0.1864559,0.17410438,35.198566,1,1,2,3,3,0,0
42300482,42299680,31.18564219211801,117.19755968993722,35.20702,33.012016,35.953125,35.953125,0.18437423,0.17284445,35.18049,1,1,2,3,3,0,0
42497535,42496716,31.185645715851972,117.19755648841638,35.311104,33.1161,35.953125,35.953125,0.18245476,0.17157331,35.18049,1,1,2,3,3,0,0
42704386,42703605,31.185657228945388,117.19754738788549,35.682865,33.48786,35.953125,35.953125,0.19044258,0.1766924,35.18049,1,1,2,3,3,0,0
42901207,42900641,31.18566676795375,117.19753992052647,36.100643,33.90564,35.953125,35.953125,0.19108613,0.17669272,35.18049,1,1,2,3,3,0,0
43108070,43107529,31.185675387173372,117.19753251885554,36.388393,34.19339,35.953125,35.953125,0.18939741,0.17650245,35.18049,1,1,2,3,3,0,0
43305186,43304565,31.185683016085264,117.19752589632611,36.52744,34.332436,35.953125,35.953125,0.18740323,0.17551455,35.18049,1,1,2,3,3,0,0
43502144,43501601,31.185690179184352,117.19751997330032,36.694187,34.499184,35.953125,35.953125,0.18574543,0.17483583,35.18049,1,1,2,3,3,0,0
43699216,43698637,31.185697791661962,117.19751451186323,36.72699,34.531986,35.953125,35.953125,0.19273902,0.17975454,35.18049,1,1,2,3,3,0,0
43906140,43905525,31.185706509876272,117.19750930489585,36.671368,34.476364,35.953125,35.953125,0.19093245,0.17918706,35.18049,1,1,2,3,3,0,0
44103149,44102561,31.1857158186675,117.19750463856174,36.609913,34.41491,35.953125,35.953125,0.18855238,0.17783193,35.18049,1,1,2,3,3,0,0
44300172,44299597,31.185725916420687,117.1975004099454,36.52297,34.327953,35.953125,35.953125,0.18663627,0.17684408,35.18049,1,1,2,3,3,0,0
44507066,44506484,31.185737479099306,117.19749651861085,36.380833,34.18581,35.953125,35.953125,0.18564884,0.17623167,35.18049,1,1,2,3,3,0,0
44704058,44703522,31.185749074797936,117.19749364577468,36.245247,34.050224,35.953125,35.953125,0.19232725,0.18098816,35.18049,1,1,2,3,3,0,0
44901192,44900556,31.18576100161929,117.19749156716404,36.194405,33.999382,35.953125,35.953125,0.19003817,0.17936648,35.18049,1,1,2,3,3,0,0
45098129,45097591,31.185773466559795,117.1974899670907,36.205894,34.01087,35.953125,35.953125,0.1879835,0.17799124,35.18049,1,1,2,3,3,0,0
45305105,45304479,31.185786815354355,117.19748851098696,36.287712,34.092678,35.953125,35.953125,0.18692532,0.17698973,35.18049,1,1,2,3,3,0,0
45502058,45501514,31.185799381975645,117.19748685095853,36.432247,34.237206,35.953125,35.953125,0.1853557,0.17579351,35.18049,1,1,2,3,3,0,0
45709189,45708401,31.185812084032804,117.19748483041856,36.6613,34.46626,35.953125,35.953125,0.1928267,0.18043482,35.18049,1,1,2,3,3,0,0
45906035,45905437,31.185823729624246,117.19748276784115,36.912735,34.717693,35.953125,35.953125,0.19066542,0.17891946,35.18049,1,1,2,3,3,0,0
46103044,46102472,31.185835428924943,117.19748051700148,37.11696,34.9219,35.953125,35.953125,0.18864319,0.17747955,35.18049,1,1,2,3,3,0,0
46300108,46299507,31.185847145896265,117.19747770345194,37.327713,35.132645,35.953125,35.953125,0.18691738,0.17599653,35.18049,1,1,2,3,3,0,0
46506942,46506394,31.185859320075252,117.19747414979108,37.577164,35.3821,35.953125,35.953125,0.18619657,0.17540628,35.18049,1,1,2,3,3,0,0
46703975,46703429,31.185870919583355,117.19747033763348,37.810204,35.615124,35.953125,35.953125,0.19308423,0.17943624,35.18049,1,1,2,3,3,0,0
46901274,46900463,31.18588217785113,117.19746627289285,38.04305,35.847973,35.953125,35.953125,0.19127713,0.17811301,35.18049,1,1,2,3,3,0,0
47107901,47107350,31.185894108703305,117.19746193447529,38.191883,35.996796,35.953125,35.953125,0.19003981,0.17707895,35.18049,1,1,2,3,3,0,0
47304932,47304385,31.185905487825337,117.19745761097431,38.24161,36.046516,35.953125,35.953125,0.18825527,0.17592923,35.18049,1,1,2,3,3,0,0
47501971,47501419,31.185916649945543,117.1974530775448,38.30621,36.111107,35.953125,35.953125,0.18676998,0.17468528,35.18049,1,1,2,3,3,0,0
47698998,47698454,31.185927749119074,117.19744873534874,38.397465,36.202343,35.953125,35.953125,0.19370529,0.1789289,35.18049,1,1,2,3,3,0,0
47905985,47905341,31.185939612004365,117.19744522187301,38.533512,36.33839,35.953125,35.953125,0.19228896,0.17793752,35.18049,1,1,2,3,3,0,0
48102919,48102375,31.185951421567946,117.19744324238023,38.65922,36.464092,35.953125,35.953125,0.19015506,0.17671137,35.18049,1,1,2,3,3,0,0
48300004,48299409,31.185963347107066,117.19744249427323,38.79315,36.598007,35.953125,35.953125,0.18804921,0.17535418,35.18049,1,1,2,3,3,0,0
48506932,48506295,31.18597537772746,117.19744273748147,39.015152,36.820007,35.953125,35.953125,0.18688674,0.17484704,35.18049,1,1,2,3,3,0,0
48703911,48703329,31.185986147212883,117.1974439092871,39.306507,37.111343,35.953125,35.953125,0.19334055,0.17878668,35.18049,1,1,2,3,3,0,0
48900956,48900363,31.185996111179783,117.19744581189002,39.608017,37.412846,35.953125,35.953125,0.18415277,0.17277965,35.18049,1,1,2,3,3,0,0
49107834,49107249,31.186005454568072,117.1974487617396,39.95522,37.760033,35.953125,35.953125,0.18390176,0.17223378,35.18049,1,1,2,3,3,0,0
49304865,49304283,31.18601329840641,117.19745253748246,40.26217,38.066986,35.953125,35.953125,0.1831547,0.1714828,35.18049,1,1,2,3,3,0,0
49501902,49501317,31.186020540958996,117.19745712720538,40.45792,38.262722,35.953125,35.953125,0.1825278,0.1707857,35.18049,1,1,2,3,3,0,0
49698897,49698351,31.186026926756746,117.1974621852377,40.598927,38.403725,35.953125,35.953125,0.18997225,0.17468931,35.18049,1,1,2,3,3,0,0
49905859,49905237,31.186032426092826,117.1974674546259,40.745213,38.55001,35.953125,35.953125,0.18928617,0.17425081,35.18049,1,1,2,3,3,0,0
50103046,50102271,31.186036392692742,117.19747244489511,40.871025,38.67582,35.953125,35.953125,0.1878453,0.1730867,35.18049,1,1,2,3,3,0,0
50299882,50299305,31.186039111329883,117.1974774378431,40.940998,38.745777,35.953125,35.953125,0.18646297,0.1721708,35.18049,1,1,2,3,3,0,0
50506785,50506191,31.186040309115455,117.19748262619356,40.93999,38.744774,35.953125,35.953125,0.1858904,0.17154844,35.18049,1,1,2,3,3,0,0
50703779,50703225,31.186039648331732,117.1974875343922,40.862587,38.667362,35.953125,35.953125,0.193207,0.17545973,35.18049,1,1,2,3,3,0,0
50900859,50900258,31.1860371123593,117.19749197615226,40.739594,38.544353,35.953125,35.953125,0.18369566,0.16968504,35.18049,1,1,2,3,3,0,0
51097866,51097292,31.186032638716412,117.19749586132673,40.57192,38.376686,35.953125,35.953125,0.1827936,0.16895612,35.18049,1,1,2,3,3,0,0
51304732,51304178,31.186026014897944,117.1974986372516,40.362915,38.167686,35.953125,35.953125,0.18282354,0.16852483,35.18049,1,1,2,3,3,0,0
51502053,51501211,31.186018235627326,117.19749981589533,40.143497,37.94826,35.953125,35.953125,0.18217698,0.16792455,35.18049,1,1,2,3,3,0,0
51698819,51698245,31.1860094952504,117.1974995362799,39.935123,37.73988,35.953125,35.953125,0.18935354,0.17161514,35.18049,1,1,2,3,3,0,0
51905692,51905130,31.185999596641487,117.19749821494358,39.7366,37.541344,35.953125,35.953125,0.18871196,0.17136592,35.18049,1,1,2,3,3,0,0
52102772,52102163,31.185989522807677,117.19749606638666,39.56609,37.37083,35.953125,35.953125,0.1872128,0.17050578,35.18049,1,1,2,3,3,0,0
52299742,52299196,31.185979081627178,117.19749347132469,39.49916,37.303905,35.953125,35.953125,0.18591502,0.16994028,35.18049,1,1,2,3,3,0,0
52496978,52496229,31.185968993371212,117.19749049703509,39.567513,37.37226,35.953125,35.953125,0.18476796,0.16940425,35.18049,1,1,2,3,3,0,0
52703653,52703114,31.1859590034527,117.19748679054928,39.72394,37.528687,35.953125,35.953125,0.19274682,0.17377032,35.18049,1,1,2,3,3,0,0
52900723,52900147,31.185950199905893,117.19748266983953,39.93095,37.735703,35.953125,35.953125,0.19092321,0.1729989,35.18049,1,1,2,3,3,0,0
53107714,53107031,31.185941493530798,117.1974775970746,40.139767,37.94451,35.953125,35.953125,0.18982698,0.17245479,35.18049,1,1,2,3,3,0,0
53304608,53304064,31.185933779710556,117.19747206833856,40.36792,38.172672,35.953125,35.953125,0.18825589,0.17172043,35.18049,1,1,2,3,3,0,0
53501884,53501098,31.185926742264847,117.19746592802348,40.64573,38.450474,35.953125,35.953125,0.18681544,0.17083167,35.18049,1,1,2,3,3,0,0
53698719,53698130,31.185920269925465,117.19745902228897,40.93752,38.742256,35.953125,35.953125,0.19386101,0.17486227,35.18049,1,1,2,3,3,0,0
53905809,53905014,31.185914200230354,117.19745072468336,41.20506,39.009796,35.953125,35.953125,0.1851115,0.1698441,35.18049,1,1,2,3,3,0,0
54102716,54102047,31.185909156066664,117.19744165079244,41.432297,39.23703,35.953125,35.953125,0.18418147,0.16936058,35.18049,1,1,2,3,3,0,0
54299722,54299079,31.185904849236287,117.1974317373982,41.60522,39.409958,35.953125,35.953125,0.18326595,0.16869517,35.18049,1,1,2,3,3,0,0
54506536,54505964,31.18590098150568,117.19742074970742,41.73649,39.54122,35.953125,35.953125,0.18317296,0.16873668,35.18049,1,1,2,3,3,0,0
54703840,54702996,31.185897860748906,117.1974099888465,41.845142,39.64987,35.953125,35.953125,0.19018357,0.17265822,35.18049,1,1,2,3,3,0,0
54900640,54900029,31.185895446492484,117.19739920656863,41.98577,39.79049,35.953125,35.953125,0.18859716,0.17199928,35.18049,1,1,2,3,3,0,0
55097916,55097061,31.18589370412911,117.1973883712224,42.1022,39.906902,35.953125,35.953125,0.18699278,0.17108189,35.18049,1,1,2,3,3,0,0
55304750,55303946,31.185892277016475,117.1973764541185,42.150497,39.955185,35.953125,35.953125,0.18623091,0.17087537,35.18049,1,1,2,3,3,0,0
55502408,55500978,31.185891548861544,117.19736458804827,42.12431,39.928986,35.953125,35.953125,0.18483499,0.17006928,35.18049,1,1,2,3,3,0,0
55708439,55707862,31.18589164798723,117.19735142773351,42.115166,39.919838,35.953125,35.953125,0.19219498,0.17460664,35.18049,1,1,2,3,3,0,0
55905803,55904895,31.185892609446384,117.19733834324602,42.127396,39.932076,35.953125,35.953125,0.19011365,0.173562,35.18049,1,1,2,3,3,0,0
56102710,56101927,31.18589456673618,117.19732451112311,42.10701,39.911674,35.953125,35.953125,0.18821096,0.17274535,35.18049,1,1,2,3,3,0,0
56300202,56298959,31.18589747173784,117.19730997018925,42.030994,39.835648,35.953125,35.953125,0.1865812,0.17203902,35.18049,1,1,2,3,3,0,0
56506630,56505843,31.18590154073061,117.1972942395447,41.926018,39.730667,35.953125,35.953125,0.18572363,0.1716189,35.18049,1,1,2,3,3,0,0
56703569,56702876,31.185906139047376,117.19727880390552,41.853497,39.65813,35.953125,35.953125,0.1920832,0.17557,35.18049,1,1,2,3,3,0,0
56900729,56899908,31.185911238717022,117.19726346465744,41.801132,39.605755,35.953125,35.953125,0.1900068,0.1744455,35.18049,1,1,2,3,3,0,0
57107353,57106791,31.185917179481976,117.19724730032418,41.729923,39.534527,35.953125,35.953125,0.1887434,0.17399773,35.18049,1,1,2,3,3,0,0
57304597,57303823,31.185923218870823,117.19723190853448,41.658234,39.462814,35.953125,35.953125,0.18697779,0.17294258,35.18049,1,1,2,3,3,0,0
57501445,57500855,31.185929532232027,117.19721630330278,41.620636,39.425194,35.953125,35.953125,0.19321685,0.17675598,35.18049,1,1,2,3,3,0,0
57698442,57697887,31.18593567851509,117.19720062906747,41.64552,39.450054,35.953125,35.953125,0.19152234,0.17570096,35.18049,1,1,2,3,3,0,0
57906051,57904771,31.185942051353766,117.1971840089271,41.632713,39.43724,35.953125,35.953125,0.19013299,0.17512675,35.18049,1,1,2,3,3,0,0
58102579,58101803,31.185947940739066,117.19716779542095,41.601337,39.40584,35.953125,35.953125,0.18813075,0.17389412,35.18049,1,1,2,3,3,0,0
58309471,58308686,31.185953678429893,117.19715015749696,41.547764,39.35225,35.953125,35.953125,0.18705273,0.17338514,35.18049,1,1,2,3,3,0,0
58506584,58505718,31.18595858595735,117.19713248340214,41.482166,39.286633,35.953125,35.953125,0.1854432,0.1722636,35.18049,1,1,2,3,3,0,0
58703280,58702749,31.185962693858436,117.19711430951874,41.47138,39.275833,35.953125,35.953125,0.19156161,0.1759089,35.18049,1,1,2,3,3,0,0
58900620,58899781,31.18596629012429,117.19709617172421,41.442745,39.247177,35.953125,35.953125,0.18953155,0.17456585,35.18049,1,1,2,3,3,0,0
59107407,59106664,31.185969744012503,117.19707665895241,41.360977,39.1654,35.953125,35.953125,0.1882696,0.17390296,35.18049,1,1,2,3,3,0,0
59304485,59303696,31.18597252817428,117.19705741423944,41.30553,39.109936,35.953125,35.953125,0.18655367,0.17268266,35.18049,1,1,2,3,3,0,0
59501577,59500727,31.185974660415255,117.19703800557166,41.32789,39.13228,35.953125,35.953125,0.18506965,0.17174801,35.18049,1,1,2,3,3,0,0
59708180,59707610,31.18597652471195,117.19701777896515,41.42466,39.229015,35.953125,35.953125,0.19202265,0.17551929,35.18049,1,1,2,3,3,0,0
59905226,59904641,31.185978075697278,117.1969985670827,41.54163,39.345966,35.953125,35.953125,0.19019309,0.17445147,35.18049,1,1,2,3,3,0,0
60102235,60101672,31.185979500114232,117.19697943269699,41.665127,39.469437,35.953125,35.953125,0.18831065,0.1734055,35.18049,1,1,2,3,3,0,0
60299242,60298703,31.1859811055557,117.19696034657014,41.839054,39.643337,35.953125,35.953125,0.18670085,0.17226374,35.18049,1,1,2,3,3,0,0
60506191,60505585,31.185983177994217,117.19694064635156,42.072968,39.877228,35.953125,35.953125,0.18597715,0.17182712,35.18049,1,1,2,3,3,0,0
60703175,60702616,31.185985545046968,117.19692194807949,42.26709,40.071304,35.953125,35.953125,0.19231889,0.17519239,35.18049,1,1,2,3,3,0,0
60900185,60899647,31.18598837590703,117.19690328603586,42.3949,40.19908,35.953125,35.953125,0.19041593,0.17418401,35.18049,1,1,2,3,3,0,0
61107077,61106530,31.18599189791937,117.19688390015965,42.507843,40.31199,35.953125,35.953125,0.18910637,0.17338285,35.18049,1,1,2,3,3,0,0
61304116,61303561,31.185995926830476,117.19686566747556,42.648117,40.452232,35.953125,35.953125,0.187356,0.1724452,35.18049,1,1,2,3,3,0,0
61501194,61500592,31.186000762189103,117.1968478882597,42.829685,40.633778,35.953125,35.953125,0.18583675,0.17136468,35.18049,1,1,2,3,3,0,0
61698345,61697623,31.186006649429675,117.19683046217513,43.00789,40.811954,35.953125,35.953125,0.19196996,0.17487904,35.18049,1,1,2,3,3,0,0
61905314,61904505,31.186013696779607,117.19681231099526,43.12841,40.932446,35.953125,35.953125,0.19058378,0.17401645,35.18049,1,1,2,3,3,0,0
62102068,62101536,31.18602137817039,117.19679537157398,43.304928,41.108944,35.953125,35.953125,0.1885746,0.17297633,35.18049,1,1,2,3,3,0,0
62299140,62298566,31.186029800531923,117.19677938155952,43.54052,41.344517,35.953125,35.953125,0.18681197,0.17180435,35.18049,1,1,2,3,3,0,0
62506042,62505449,31.186039304678964,117.1967630671999,43.676117,41.480083,35.953125,35.953125,0.18592022,0.17130613,35.18049,1,1,2,3,3,0,0
62703054,62702479,31.186049279272893,117.19674820514695,43.751083,41.555027,35.953125,35.953125,0.19212633,0.17458762,35.18049,1,1,2,3,3,0,0
62900237,62899510,31.186060359747984,117.1967343120893,43.856174,41.660088,35.953125,35.953125,0.18991292,0.1734821,35.18049,1,1,2,3,3,0,0
63107012,63106392,31.186073044492918,117.19672072716617,43.929253,41.733128,35.953125,35.953125,0.18857217,0.17258523,35.18049,1,1,2,3,3,0,0
63304163,63303422,31.186086175952955,117.19670857858333,43.93552,41.739357,35.953125,35.953125,0.18672138,0.17155123,35.18049,1,1,2,3,3,0,0
63501255,63500453,31.186100210670208,117.19669742187382,43.918888,41.72269,35.953125,35.953125,0.18507306,0.17059739,35.18049,1,1,2,3,3,0,0
63698010,63697483,31.186115173692198,117.19668765458252,43.945827,41.749584,35.953125,35.953125,0.1912653,0.17384073,35.18049,1,1,2,3,3,0,0
63904920,63904365,31.186131414277934,117.19667911818225,43.984486,41.788216,35.953125,35.953125,0.18981194,0.17313765,35.18049,1,1,2,3,3,0,0
64101974,64101396,31.186147423092557,117.19667282607021,44.003593,41.807293,35.953125,35.953125,0.1878153,0.17183298,35.18049,1,1,2,3,3,0,0
64298958,64298426,31.186163907963223,117.19666809811558,43.97271,41.776375,35.953125,35.953125,0.18601157,0.17080903,35.18049,1,1,2,3,3,0,0
64505874,64505308,31.186181379334656,117.19666518274266,43.97917,41.782803,35.953125,35.953125,0.18507458,0.17007607,35.18049,1,1,2,3,3,0,0
64702888,64702338,31.186197674423372,117.19666440545971,44.084263,41.887856,35.953125,35.953125,0.19151142,0.17357379,35.18049,1,1,2,3,3,0,0
64900217,64899368,31.186213136354016,117.19666558241134,44.26379,42.067356,35.953125,35.953125,0.18230072,0.16817412,35.18049,1,1,2,3,3,0,0
65096959,65096398,31.1862276235739,117.19666853463534,44.502426,42.30596,35.953125,35.953125,0.18128243,0.16745819,35.18049,1,1,2,3,3,0,0
65303829,65303280,31.186241645739788,117.19667330420128,44.754654,42.55816,35.953125,35.953125,0.18102875,0.16701284,35.18049,1,1,2,3,3,0,0
65500866,65500309,31.186253993787673,117.19667894983864,44.982857,42.786335,35.953125,35.953125,0.18017161,0.16639961,35.18049,1,1,2,3,3,0,0
65707729,65707191,31.18626544768256,117.19668563567002,45.30526,43.1087,35.953125,35.953125,0.18750414,0.17023718,35.18049,1,1,2,3,3,0,0
65904822,65904221,31.186274545691276,117.1966922586417,45.675007,43.478424,35.953125,35.953125,0.18601559,0.16946112,35.18049,1,1,2,3,3,0,0
66101863,66101251,31.186281927413393,117.19669890163658,46.041,43.84439,35.953125,35.953125,0.18455681,0.1684821,35.18049,1,1,2,3,3,0,0
66298817,66298280,31.186287880541556,117.19670578291209,46.317352,44.120716,35.953125,35.953125,0.18324669,0.16776837,35.18049,1,1,2,3,3,0,0
66505761,66505161,31.1862925780045,117.19671323335274,46.57054,44.37388,35.953125,35.953125,0.18278281,0.16737363,35.18049,1,1,2,3,3,0,0
66702745,66702191,31.186295252256134,117.19672013045987,46.81456,44.617863,35.953125,35.953125,0.1894011,0.1710756,35.18049,1,1,2,3,3,0,0
66899763,66899220,31.186296507517426,117.19672694239537,46.935066,44.73835,35.953125,35.953125,0.18762118,0.17029628,35.18049,1,1,2,3,3,0,0
67106749,67106101,31.18629595657803,117.19673431145384,46.89549,44.69875,35.953125,35.953125,0.18656524,0.16980946,35.18049,1,1,2,3,3,0,0
67303676,67303131,31.18629313688008,117.19674109722108,46.740677,44.543922,35.953125,35.953125,0.18494652,0.16916837,35.18049,1,1,2,3,3,0,0
67500717,67500160,31.186287557138208,117.19674653413479,46.524563,44.327793,35.953125,35.953125,0.1835601,0.16845791,35.18049,1,1,2,3,3,0,0
67697762,67697190,31.18627960703258,117.19675010004677,46.232006,44.035206,35.953125,35.953125,0.18993407,0.17240809,35.18049,1,1,2,3,3,0,0
67904609,67904070,31.186269471414256,117.19675181870281,45.854633,43.657814,35.953125,35.953125,0.18880734,0.17203546,35.18049,1,1,2,3,3,0,0
68101688,68101100,31.186258275621444,117.19675121342365,45.45809,43.26126,35.953125,35.953125,0.1869236,0.17141801,35.18049,1,1,2,3,3,0,0
68308528,68307980,31.186245589024807,117.19674840512381,45.093822,42.89697,35.953125,35.953125,0.18592536,0.17111953,35.18049,1,1,2,3,3,0,0
68505564,68505009,31.18623345500319,117.19674403513855,44.92102,42.72415,35.953125,35.953125,0.18450172,0.17063667,35.18049,1,1,2,3,3,0,0
68702604,68702038,31.186221763949256,117.1967382978521,44.92575,42.728855,35.953125,35.953125,0.19086485,0.1745169,35.18049,1,1,2,3,3,0,0
68899805,68899067,31.18621075100238,117.19673210684864,45.039463,42.842552,35.953125,35.953125,0.1889496,0.1737061,35.18049,1,1,2,3,3,0,0
69106507,69105947,31.186200007263405,117.19672516747978,45.24994,43.053005,35.953125,35.953125,0.18778728,0.17308831,35.18049,1,1,2,3,3,0,0
69303570,69302976,31.186190794338238,117.19671846056293,45.537704,43.34076,35.953125,35.953125,0.18604317,0.17220244,35.18049,1,1,2,3,3,0,0
69500804,69500005,31.18618274013873,117.19671239021147,45.918,43.721035,35.953125,35.953125,0.1845869,0.17114964,35.18049,1,1,2,3,3,0,0
69707887,69706885,31.186175222239303,117.19670684965189,46.298164,44.101173,35.953125,35.953125,0.19150934,0.17525168,35.18049,1,1,2,3,3,0,0
69904548,69903913,31.186168438748727,117.19670223341427,46.61138,44.414375,35.953125,35.953125,0.18963212,0.17390689,35.18049,1,1,2,3,3,0,0
70101648,70100942,31.186161907465127,117.19669838968933,46.86073,44.663704,35.953125,35.953125,0.18782891,0.17280707,35.18049,1,1,2,3,3,0,0
70298538,70297970,31.186155626904167,117.19669564848762,47.09983,44.902786,35.953125,35.953125,0.18619399,0.17177972,35.18049,1,1,2,3,3,0,0
70505727,70504852,31.186149233894373,117.19669408583385,47.31959,45.12253,35.953125,35.953125,0.18551753,0.17104945,35.18049,1,1,2,3,3,0,0
70702515,70701878,31.186142886051,117.19669350839425,47.434002,45.236927,35.953125,35.953125,0.19173647,0.1744825,35.18049,1,1,2,3,3,0,0
70909389,70908758,31.18613552395702,117.19669365335258,47.422142,45.22506,35.953125,35.953125,0.18383092,0.16954732,35.18049,1,1,2,3,3,0,0
71106581,71105786,31.18612804022958,117.19669497232513,47.305225,45.108124,35.953125,35.953125,0.18285695,0.16881031,35.18049,1,1,2,3,3,0,0
71303653,71302814,31.186120663141345,117.19669836867581,47.183765,44.986645,35.953125,35.953125,0.18200926,0.16794387,35.18049,1,1,2,3,3,0,0
71500419,71499842,31.186114268830803,117.19670399772153,47.110313,44.913177,35.953125,35.953125,0.18125907,0.16731383,35.18049,1,1,2,3,3,0,0
71707390,71706721,31.186108853657394,117.1967117944701,47.029613,44.832455,35.953125,35.953125,0.18831004,0.17099297,35.18049,1,1,2,3,3,0,0
71904349,71903749,31.186105071687468,117.19672064673752,46.933453,44.736275,35.953125,35.953125,0.1871352,0.17025019,35.18049,1,1,2,3,3,0,0
72101607,72100777,31.186102932158956,117.19673075338227,46.85552,44.658333,35.953125,35.953125,0.18580365,0.16932939,35.18049,1,1,2,3,3,0,0
72308287,72307656,31.186103035930312,117.19674220194403,46.851097,44.65389,35.953125,35.953125,0.18535995,0.16910574,35.18049,1,1,2,3,3,0,0
72505278,72504684,31.186105277739507,117.1967532204272,46.87974,44.682526,35.953125,35.953125,0.18432465,0.16835797,35.18049,1,1,2,3,3,0,0
72702322,72701712,31.18610921502754,117.19676408080082,46.89611,44.698875,35.953125,35.953125,0.19092572,0.17203689,35.18049,1,1,2,3,3,0,0
72899614,72898739,31.18611500751653,117.19677458448243,46.917164,44.71992,35.953125,35.953125,0.18237232,0.16721815,35.18049,1,1,2,3,3,0,0
73106167,73105619,31.18612323645344,117.1967848008528,46.992638,44.79538,35.953125,35.953125,0.18221141,0.16727392,35.18049,1,1,2,3,3,0,0
73303345,73302649,31.186132772803656,117.19679331007573,47.08132,44.884045,35.953125,35.953125,0.18150364,0.1668002,35.18049,1,1,2,3,3,0,0
73500213,73499674,31.18614360584849,117.19680050219452,47.16056,44.963284,35.953125,35.953125,0.18085252,0.166579,35.18049,1,1,2,3,3,0,0
73707171,73706553,31.18615622252838,117.19680624479427,47.240715,45.04343,35.953125,35.953125,0.1880302,0.17078383,35.18049,1,1,2,3,3,0,0
73904120,73903580,31.18616914031155,117.19680961175304,47.33763,45.14035,35.953125,35.953125,0.18664187,0.17037314,35.18049,1,1,2,3,3,0,0
74101217,74100608,31.186182852157636,117.1968111382927,47.439293,45.24201,35.953125,35.953125,0.18531139,0.1699567,35.18049,1,1,2,3,3,0,0
74298172,74297635,31.186196932762076,117.19681083993044,47.51994,45.32265,35.953125,35.953125,0.184076,0.16935667,35.18049,1,1,2,3,3,0,0
74505247,74504514,31.186211938358042,117.1968087532315,47.576912,45.37962,35.953125,35.953125,0.1836236,0.16946384,35.18049,1,1,2,3,3,0,0
74702068,74701541,31.186226115626706,117.19680473582521,47.631947,45.43465,35.953125,35.953125,0.18998592,0.1733732,35.18049,1,1,2,3,3,0,0
74899114,74898569,31.18624000419637,117.19679870050084,47.749893,45.55259,35.953125,35.953125,0.18825674,0.17279351,35.18049,1,1,2,3,3,0,0
75105998,75105448,31.18625421796589,117.19679054450788,47.917274,45.719955,35.953125,35.953125,0.1872475,0.17241798,35.18049,1,1,2,3,3,0,0
75303093,75302475,31.186267358357917,117.19678180788418,48.10214,45.904804,35.953125,35.953125,0.18576239,0.17183334,35.18049,1,1,2,3,3,0,0
75500033,75499502,31.186280195254994,117.19677257696335,48.294437,46.09709,35.953125,35.953125,0.18440983,0.17106006,35.18049,1,1,2,3,3,0,0
75706918,75706381,31.18629336141211,117.19676255163323,48.498608,46.301247,35.953125,35.953125,0.19139396,0.17550825,35.18049,1,1,2,3,3,0,0
75903951,75903408,31.186305367853866,117.19675292814259,48.750633,46.55326,35.953125,35.953125,0.18944955,0.17438692,35.18049,1,1,2,3,3,0,0
76100991,76100435,31.186317265224982,117.19674349226749,49.05919,46.861805,35.953125,35.953125,0.18762137,0.1734382,35.18049,1,1,2,3,3,0,0
76298085,76297462,31.18632930626301,117.19673445189437,49.32391,47.126522,35.953125,35.953125,0.18603767,0.17232327,35.18049,1,1,2,3,3,0,0
76504887,76504340,31.18634241511842,117.19672552760483,49.518818,47.321438,35.953125,35.953125,0.1852649,0.17187402,35.18049,1,1,2,3,3,0,0
76702163,76701368,31.18635537025851,117.19671772626374,49.637436,47.440044,35.953125,35.953125,0.19143386,0.17526506,35.18049,1,1,2,3,3,0,0
76898976,76898394,31.186368965016985,117.19671092442049,49.773994,47.57659,35.953125,35.953125,0.18263894,0.16991425,35.18049,1,1,2,3,3,0,0
77105862,77105273,31.186383813781955,117.19670520210913,49.90767,47.710255,35.953125,35.953125,0.18221804,0.16931407,35.18049,1,1,2,3,3,0,0
77302885,77302300,31.186398382501622,117.19670141136052,50.009068,47.81164,35.953125,35.953125,0.18126418,0.16853663,35.18049,1,1,2,3,3,0,0
77499873,77499327,31.186413077292716,117.19669964921285,50.101437,47.904,35.953125,35.953125,0.18043883,0.16780284,35.18049,1,1,2,3,3,0,0
77696943,77696353,31.186427615292725,117.19670015593057,50.17619,47.97874,35.953125,35.953125,0.18668482,0.17101572,35.18049,1,1,2,3,3,0,0
77903813,77903231,31.186442084329133,117.19670379803699,50.291073,48.093613,35.953125,35.953125,0.17951661,0.1666176,35.18049,1,1,2,3,3,0,0
78100812,78100258,31.186454318783714,117.19671008681182,50.420536,48.223064,35.953125,35.953125,0.17894469,0.16586044,35.18049,1,1,2,3,3,0,0
78307734,78307137,31.18646505535542,117.19671883257593,50.54781,48.35033,35.953125,35.953125,0.17906238,0.16574103,35.18049,1,1,2,3,3,0,0
78504725,78504163,31.18647294532415,117.19672875993321,50.658436,48.460945,35.953125,35.953125,0.17858303,0.16510244,35.18049,1,1,2,3,3,0,0
78701776,78701189,31.186478491051886,117.1967398983659,50.76697,48.56947,35.953125,35.953125,0.1851392,0.16868052,35.18049,1,1,2,3,3,0,0
78898986,78898216,31.18648157999911,117.19675145694517,50.91445,48.71694,35.953125,35.953125,0.17759877,0.164148,35.18049,1,1,2,3,3,0,0
79105828,79105094,31.18648232244206,117.19676327969574,51.091274,48.893753,35.953125,35.953125,0.1778856,0.1642751,35.18049,1,1,2,3,3,0,0
79302885,79302120,31.186481035583057,117.19677409858684,51.238995,49.041466,35.953125,35.953125,0.177553,0.16388768,35.18049,1,1,2,3,3,0,0
79499686,79499146,31.186478010967296,117.19678405043896,51.370384,49.172855,35.953125,35.953125,0.17718954,0.16372067,35.18049,1,1,2,3,3,0,0
79706613,79706024,31.18647291412207,117.19679319898084,51.533955,49.33642,35.953125,35.953125,0.18436232,0.16776668,35.18049,1,1,2,3,3,0,0
79903590,79903050,31.18646672486889,117.19680027444151,51.750454,49.552914,35.953125,35.953125,0.17697869,0.16365357,35.18049,1,1,2,3,3,0,0
80100672,80100077,31.18645974594517,117.19680571364685,52.006153,49.808613,35.953125,35.953125,0.17667943,0.16339353,35.18049,1,1,2,3,3,0,0
80297711,80297103,31.18645238842882,117.19680989826885,52.23522,50.037674,35.953125,35.953125,0.17638958,0.16332118,35.18049,1,1,2,3,3,0,0
80504616,80503981,31.186444562229468,117.1968130655496,52.450893,50.253353,35.953125,35.953125,0.1766651,0.16347337,35.18049,1,1,2,3,3,0,0
80701799,80701007,31.186437202947047,117.1968149810484,52.67907,50.48152,35.953125,35.953125,0.18311068,0.16736151,35.18049,1,1,2,3,3,0,0
80908463,80907884,31.186430042243757,117.19681601021402,52.95459,50.75705,35.953125,35.953125,0.17646395,0.1634571,35.18049,1,1,2,3,3,0,0
81105473,81104910,31.186423586427825,117.19681620540301,53.203606,51.006065,35.953125,35.953125,0.17616658,0.1633526,35.18049,1,1,2,3,3,0,0
81302476,81301936,31.186417286187837,117.19681578732536,53.389637,51.192093,35.953125,35.953125,0.1758683,0.16324778,35.18049,1,1,2,3,3,0,0
81499518,81498962,31.186411021690002,117.19681487833849,53.535473,51.337917,35.953125,35.953125,0.17555177,0.16296801,35.18049,1,1,2,3,3,0,0
81706484,81705839,31.18640441233245,117.19681341491471,53.69028,51.492718,35.953125,35.953125,0.18263255,0.16702715,35.18049,1,1,2,3,3,0,0
81903412,81902865,31.186398081773326,117.19681171986481,53.79073,51.593174,35.953125,35.953125,0.17554241,0.1629532,35.18049,1,1,2,3,3,0,0
82100432,82099891,31.186391382629505,117.19680971568968,53.828724,51.63118,35.953125,35.953125,0.17531455,0.1628704,35.18049,1,1,2,3,3,0,0
82307561,82306767,31.186383946813546,117.19680731279507,53.819473,51.621925,35.953125,35.953125,0.17574821,0.16303138,35.18049,1,1,2,3,3,0,0
82504395,82503793,31.18637647158138,117.19680481522776,53.802486,51.604935,35.953125,35.953125,0.17548871,0.16293609,35.18049,1,1,2,3,3,0,0
82701403,82700818,31.186368701799182,117.19680241316406,53.83152,51.63397,35.953125,35.953125,0.18198389,0.1665565,35.18049,1,1,2,3,3,0,0
82898435,82897843,31.186360801219084,117.1968001736139,53.86039,51.66283,35.953125,35.953125,0.17491853,0.1625195,35.18049,1,1,2,3,3,0,0
83105261,83104720,31.186352119742917,117.19679810045916,53.87115,51.67358,35.953125,35.953125,0.17533892,0.16264246,35.18049,1,1,2,3,3,0,0
83302309,83301745,31.186343504787466,117.19679672472051,53.87202,51.674446,35.953125,35.953125,0.17514706,0.1625428,35.18049,1,1,2,3,3,0,0
83509167,83508622,31.186334168312946,117.19679674772046,53.89351,51.69592,35.953125,35.953125,0.17554675,0.16262817,35.18049,1,1,2,3,3,0,0
83706381,83705647,31.186325460058786,117.19679869182858,53.940155,51.74256,35.953125,35.953125,0.1820866,0.16633874,35.18049,1,1,2,3,3,0,0
83903383,83902672,31.186317257302004,117.19680214834194,53.976746,51.779144,35.953125,35.953125,0.17499034,0.1621179,35.18049,1,1,2,3,3,0,0
84100234,84099697,31.186309623347597,117.19680718631601,53.98277,51.78517,35.953125,35.953125,0.17477244,0.16196105,35.18049,1,1,2,3,3,0,0
84307265,84306574,31.186302835356724,117.19681442353748,53.97785,51.780243,35.953125,35.953125,0.17521319,0.16203254,35.18049,1,1,2,3,3,0,0
84504209,84503599,31.18629807235539,117.19682318074923,53.997288,51.799667,35.953125,35.953125,0.17498791,0.16188605,35.18049,1,1,2,3,3,0,0
84701407,84700624,31.186295456627228,117.1968333194252,54.03869,51.841064,35.953125,35.953125,0.18159911,0.16557981,35.18049,1,1,2,3,3,0,0
84908126,84907500,31.186294821870256,117.19684460756409,54.049522,51.8519,35.953125,35.953125,0.17516777,0.16184318,35.18049,1,1,2,3,3,0,0
85105353,85104525,31.186296437898296,117.19685572778747,54.03196,51.834328,35.953125,35.953125,0.17497756,0.16175757,35.18049,1,1,2,3,3,0,0
85302160,85301550,31.186300250936135,117.19686686160395,53.997402,51.799778,35.953125,35.953125,0.17478612,0.16153358,35.18049,1,1,2,3,3,0,0
85499379,85498575,31.18630658724684,117.19687754417525,53.98579,51.788166,35.953125,35.953125,0.17458542,0.16150178,35.18049,1,1,2,3,3,0,0
85706086,85705451,31.18631574604526,117.19688734685131,53.979618,51.782,35.953125,35.953125,0.18202816,0.16562192,35.18049,1,1,2,3,3,0,0
85903102,85902476,31.18632607408811,117.19689533107577,53.949417,51.751793,35.953125,35.953125,0.18116988,0.16540965,35.18049,1,1,2,3,3,0,0
86100077,86099501,31.18633789193475,117.1969020360366,53.853024,51.65539,35.953125,35.953125,0.18008482,0.16494857,35.18049,1,1,2,3,3,0,0
86307448,86306377,31.186351900610237,117.19690720027319,53.737892,51.540276,35.953125,35.953125,0.17972703,0.16512614,35.18049,1,1,2,3,3,0,0
86504410,86503402,31.18636640660035,117.19691005418946,53.663845,51.46623,35.953125,35.953125,0.17869964,0.16471131,35.18049,1,1,2,3,3,0,0
86701064,86700426,31.18638158583824,117.19691103893318,53.610622,51.413006,35.953125,35.953125,0.1851578,0.16869561,35.18049,1,1,2,3,3,0,0
86907918,86907302,31.186397835758783,117.1969108570282,53.52344,51.32582,35.953125,35.953125,0.18424603,0.16848248,35.18049,1,1,2,3,3,0,0
87105186,87104327,31.18641364327178,117.19690934391951,53.434322,51.236713,35.953125,35.953125,0.18268496,0.16800795,35.18049,1,1,2,3,3,0,0
87302157,87301351,31.186429707132362,117.19690657434066,53.39865,51.201054,35.953125,35.953125,0.18118656,0.1673373,35.18049,1,1,2,3,3,0,0
87499427,87498376,31.186445657765674,117.19690265499483,53.46113,51.263523,35.953125,35.953125,0.17991883,0.16687867,35.18049,1,1,2,3,3,0,0
87706047,87705251,31.18646207193898,117.19689767117359,53.5751,51.37751,35.953125,35.953125,0.18688615,0.17102961,35.18049,1,1,2,3,3,0,0
87902835,87902276,31.186477278335747,117.19689263733599,53.67608,51.478485,35.953125,35.953125,0.18498823,0.17022164,35.18049,1,1,2,3,3,0,0
88099928,88099300,31.186492303877717,117.19688737434298,53.747448,51.549847,35.953125,35.953125,0.18321747,0.16921535,35.18049,1,1,2,3,3,0,0
88306715,88306176,31.186508052414055,117.19688192884331,53.836807,51.63921,35.953125,35.953125,0.18228795,0.16885199,35.18049,1,1,2,3,3,0,0
88504025,88503200,31.186522868675354,117.19687720080539,53.96269,51.76509,35.953125,35.953125,0.18081279,0.16805297,35.18049,1,1,2,3,3,0,0
88700838,88700224,31.186537547242857,117.19687311479936,54.097862,51.900257,35.953125,35.953125,0.18690486,0.17144066,35.18049,1,1,2,3,3,0,0
88898292,88897249,31.186552183875268,117.1968698070744,54.167496,51.9699,35.953125,35.953125,0.18499675,0.17038043,35.18049,1,1,2,3,3,0,0
89104856,89104124,31.186567426115232,117.19686746395735,54.20342,52.005814,35.953125,35.953125,0.1837768,0.16953295,35.18049,1,1,2,3,3,0,0
89301904,89301148,31.186581767758494,117.19686675644932,54.230114,52.03251,35.953125,35.953125,0.1820417,0.16849206,35.18049,1,1,2,3,3,0,0
89499000,89498172,31.186595525125377,117.1968679858507,54.27231,52.074696,35.953125,35.953125,0.18055186,0.167328,35.18049,1,1,2,3,3,0,0
89705580,89705048,31.18660915900448,117.19687137615121,54.30962,52.112015,35.953125,35.953125,0.18718965,0.17103511,35.18049,1,1,2,3,3,0,0
89903064,89902072,31.18662107412951,117.19687638127586,54.32548,52.127872,35.953125,35.953125,0.18517302,0.16964391,35.18049,1,1,2,3,3,0,0
90099857,90099096,31.186631554912807,117.19688310701405,54.342693,52.145096,35.953125,35.953125,0.18323559,0.16851434,35.18049,1,1,2,3,3,0,0
90296898,90296120,31.18664019171781,117.19689162384678,54.396496,52.1989,35.953125,35.953125,0.1815152,0.16727942,35.18049,1,1,2,3,3,0,0
90503571,90502995,31.18664689584118,117.196901612502,54.436058,52.238453,35.953125,35.953125,0.18075487,0.16676351,35.18049,1,1,2,3,3,0,0
90700587,90700019,31.186651001680087,117.1969117755112,54.443634,52.24603,35.953125,35.953125,0.18683574,0.16991898,35.18049,1,1,2,3,3,0,0
90907511,90906894,31.186652930392146,117.19692263855592,54.43505,52.23746,35.953125,35.953125,0.18566114,0.16935731,35.18049,1,1,2,3,3,0,0
91104552,91103918,31.18665244163087,117.19693276687865,54.41839,52.220806,35.953125,35.953125,0.18378678,0.16824383,35.18049,1,1,2,3,3,0,0
91301716,91300942,31.186649688368504,117.1969421018288,54.422607,52.225025,35.953125,35.953125,0.182102,0.16741303,35.18049,1,1,2,3,3,0,0
91498575,91497966,31.186645021846967,117.19694983639376,54.47922,52.28164,35.953125,35.953125,0.18069132,0.16669258,35.18049,1,1,2,3,3,0,0
91705390,91704842,31.186638677818117,117.19695648172542,54.537315,52.33975,35.953125,35.953125,0.18745822,0.17050974,35.18049,1,1,2,3,3,0,0
91902442,91901865,31.186631761666842,117.19696163196846,54.598347,52.400776,35.953125,35.953125,0.18551503,0.16944498,35.18049,1,1,2,3,3,0,0
92099448,92098888,31.186624142605808,117.19696561076529,54.68681,52.48924,35.953125,35.953125,0.18358245,0.16858496,35.18049,1,1,2,3,3,0,0
92306307,92305763,31.186615772923595,117.19696840498915,54.831226,52.633656,35.953125,35.953125,0.18256128,0.16821204,35.18049,1,1,2,3,3,0,0
92503325,92502787,31.186607968350557,117.19696981933097,55.01068,52.81312,35.953125,35.953125,0.1810987,0.16728279,35.18049,1,1,2,3,3,0,0
92700360,92699810,31.186600588043408,117.19697052913207,55.200443,53.002895,35.953125,35.953125,0.18707398,0.17085028,35.18049,1,1,2,3,3,0,0
92897391,92896834,31.186593571848867,117.19697098669266,55.36837,53.170826,35.953125,35.953125,0.1784129,0.16565992,35.18049,1,1,2,3,3,0,0
93104302,93103709,31.186586368605155,117.1969715008665,55.519333,53.3218,35.953125,35.953125,0.17796847,0.16545287,35.18049,1,1,2,3,3,0,0
93301508,93300732,31.186579668965184,117.19697239703534,55.669437,53.471905,35.953125,35.953125,0.17704682,0.16471274,35.18049,1,1,2,3,3,0,0
93508147,93507607,31.18657264795108,117.19697396751822,55.771553,53.57403,35.953125,35.953125,0.17680632,0.16455697,35.18049,1,1,2,3,3,0,0
93705169,93704630,31.186565838279147,117.19697618895641,55.82086,53.623352,35.953125,35.953125,0.18287392,0.16790031,35.18049,1,1,2,3,3,0,0
93902264,93901654,31.18655913444662,117.19697939304443,55.868084,53.670567,35.953125,35.953125,0.181451,0.16713652,35.18049,1,1,2,3,3,0,0
94099441,94098677,31.18655231679425,117.19698382514437,55.918217,53.72071,35.953125,35.953125,0.17997149,0.1661626,35.18049,1,1,2,3,3,0,0
94306120,94305551,31.18654557244313,117.19698969389857,55.98054,53.783035,35.953125,35.953125,0.17935853,0.16583537,35.18049,1,1,2,3,3,0,0
94503205,94502575,31.186539672239256,117.19699642343225,56.00514,53.807644,35.953125,35.953125,0.1782526,0.16497071,35.18049,1,1,2,3,3,0,0
94700157,94699598,31.186534618680685,117.19700427103056,55.997227,53.799732,35.953125,35.953125,0.18438086,0.16840033,35.18049,1,1,2,3,3,0,0
94907052,94906472,31.186530904481238,117.19701384417598,56.010475,53.81299,35.953125,35.953125,0.18336597,0.16773294,35.18049,1,1,2,3,3,0,0
95104053,95103496,31.186529207388464,117.19702421884676,56.05788,53.860405,35.953125,35.953125,0.18165268,0.16685946,35.18049,1,1,2,3,3,0,0
95301161,95300519,31.186529438880488,117.19703520734748,56.137543,53.940067,35.953125,35.953125,0.18020299,0.16589141,35.18049,1,1,2,3,3,0,0
95498086,95497542,31.186531096979017,117.19704651464325,56.178917,53.98145,35.953125,35.953125,0.17893279,0.16517322,35.18049,1,1,2,3,3,0,0
95705217,95704416,31.186534195962484,117.19705855349999,56.171925,53.97447,35.953125,35.953125,0.18584971,0.16883478,35.18049,1,1,2,3,3,0,0
95901988,95901439,31.186538537273922,117.19706982574154,56.15244,53.95499,35.953125,35.953125,0.1840544,0.16802369,35.18049,1,1,2,3,3,0,0
96108958,96108313,31.18654463451641,117.19708140762393,56.163418,53.965977,35.953125,35.953125,0.18290022,0.16740003,35.18049,1,1,2,3,3,0,0
96305887,96305336,31.18655171659119,117.19709188223257,56.216278,54.018845,35.953125,35.953125,0.18134035,0.16663909,35.18049,1,1,2,3,3,0,0
96502924,96502359,31.186559639722926,117.197101793288,56.277737,54.080322,35.953125,35.953125,0.17995094,0.16594607,35.18049,1,1,2,3,3,0,0
96699918,96699382,31.18656814982059,117.19711118591295,56.331947,54.13456,35.953125,35.953125,0.18617713,0.16928189,35.18049,1,1,2,3,3,0,0
96906803,96906256,31.186577430145075,117.19712036102509,56.433254,54.235886,35.953125,35.953125,0.18490215,0.1688451,35.18049,1,1,2,3,3,0,0
97104037,97103279,31.186586558117398,117.19712866476895,56.57386,54.3765,35.953125,35.953125,0.18305664,0.16780628,35.18049,1,1,2,3,3,0,0
97300901,97300303,31.18659571986086,117.19713661075447,56.734516,54.537174,35.953125,35.953125,0.18146846,0.16703723,35.18049,1,1,2,3,3,0,0
97507723,97507176,31.186605221935388,117.19714484167987,56.880955,54.683617,35.953125,35.953125,0.18069892,0.16652744,35.18049,1,1,2,3,3,0,0
97704738,97704199,31.186614069869805,117.19715277178665,56.967934,54.770607,35.953125,35.953125,0.18690217,0.17001502,35.18049,1,1,2,3,3,0,0
97901800,97901221,31.186622415673995,117.1971609830635,57.045223,54.847916,35.953125,35.953125,0.18483754,0.16888368,35.18049,1,1,2,3,3,0,0
98098798,98098245,31.186630304787965,117.19716976210786,57.125977,54.928673,35.953125,35.953125,0.18284617,0.16793017,35.18049,1,1,2,3,3,0,0
98305694,98305118,31.186638006642763,117.19717953493137,57.178474,54.98118,35.953125,35.953125,0.18173695,0.16724502,35.18049,1,1,2,3,3,0,0
98502681,98502141,31.18664476367275,117.19718937141789,57.182114,54.98482,35.953125,35.953125,0.18017907,0.16641468,35.18049,1,1,2,3,3,0,0
98699700,98699164,31.186650833414273,117.19719964235117,57.14977,54.952496,35.953125,35.953125,0.18614796,0.16978353,35.18049,1,1,2,3,3,0,0
98906771,98906038,31.18665597219591,117.1972108649963,57.146233,54.948963,35.953125,35.953125,0.1847179,0.16898546,35.18049,1,1,2,3,3,0,0
99104023,99103060,31.186659665762843,117.19722186184774,57.16208,54.964825,35.953125,35.953125,0.1827253,0.16778621,35.18049,1,1,2,3,3,0,0
99300716,99300083,31.18666228519703,117.19723305790201,57.161232,54.964,35.953125,35.953125,0.18100272,0.16687518,35.18049,1,1,2,3,3,0,0
99507567,99506957,31.186663914525266,117.19724493460969,57.132774,54.93556,35.953125,35.953125,0.18010415,0.1662383,35.18049,1,1,2,3,3,0,0
99704854,99703979,31.18666443602763,117.1972562948827,57.085987,54.8888,35.953125,35.953125,0.18620406,0.16959065,35.18049,1,1,2,3,3,0,0
99901624,99901002,31.186663924880385,117.19726754569346,57.07429,54.87712,35.953125,35.953125,0.17747797,0.16476308,35.18049,1,1,2,3,3,0,0
100098685,100098025,31.18666247534143,117.1972785814611,57.087692,54.89055,35.953125,35.953125,0.17649004,0.16397674,35.18049,1,1,2,3,3,0,0
100305472,100304898,31.18666011041219,117.19728996560832,57.076122,54.878998,35.953125,35.953125,0.17625077,0.1638404,35.18049,1,1,2,3,3,0,0
100503109,100501921,31.186657146509376,117.19730056937598,57.032227,54.835117,35.953125,35.953125,0.17549683,0.16320434,35.18049,1,1,2,3,3,0,0
100699511,100698943,31.18665363653262,117.19731095644516,56.984146,54.787064,35.953125,35.953125,0.18184046,0.16670986,35.18049,1,1,2,3,3,0,0
100906444,100905817,31.186649455833987,117.19732154838545,56.96762,54.770554,35.953125,35.953125,0.18116447,0.16631928,35.18049,1,1,2,3,3,0,0
101103432,101102839,31.18664517813924,117.1973314173432,56.956093,54.75905,35.953125,35.953125,0.17985317,0.16569348,35.18049,1,1,2,3,3,0,0
101300999,101299862,31.18664076392408,117.19734113632113,56.932133,54.735096,35.953125,35.953125,0.17868277,0.164943,35.18049,1,1,2,3,3,0,0
101497478,101496884,31.186636220914018,117.19735079825027,56.88821,54.691196,35.953125,35.953125,0.17763115,0.16441791,35.18049,1,1,2,3,3,0,0
101704425,101703757,31.186631350069945,117.19736107365934,56.844715,54.64773,35.953125,35.953125,0.18471745,0.16815104,35.18049,1,1,2,3,3,0,0
101901453,101900780,31.18662682240517,117.19737109314143,56.817738,54.62075,35.953125,35.953125,0.17632838,0.16362163,35.18049,1,1,2,3,3,0,0
102108251,102107653,31.186622391377057,117.19738194496723,56.79165,54.594692,35.953125,35.953125,0.17621209,0.1634009,35.18049,1,1,2,3,3,0,0
102305216,102304675,31.18661843231852,117.19739262743592,56.752354,54.555405,35.953125,35.953125,0.17551546,0.16298926,35.18049,1,1,2,3,3,0,0
102502318,102501700,31.18661476992849,117.19740369807784,56.68252,54.485596,35.953125,35.953125,0.17485465,0.16241631,35.18049,1,1,2,3,3,0,0
102699499,102698720,31.186611533456496,117.19741524768386,56.635845,54.43894,35.953125,35.953125,0.18126795,0.16593602,35.18049,1,1,2,3,3,0,0
102906882,102905593,31.186608783480363,117.19742762996276,56.629913,54.43302,35.953125,35.953125,0.17420621,0.16185488,35.18049,1,1,2,3,3,0,0
103103160,103102615,31.186606688555454,117.19743957529475,56.66013,54.463257,35.953125,35.953125,0.1737361,0.16151752,35.18049,1,1,2,3,3,0,0
103300181,103299638,31.18660497886284,117.19745176133664,56.68383,54.486984,35.953125,35.953125,0.17333515,0.16121304,35.18049,1,1,2,3,3,0,0
103507060,103506510,31.18660376066059,117.19746483662841,56.714127,54.517303,35.953125,35.953125,0.1735229,0.16112643,35.18049,1,1,2,3,3,0,0
103704113,103703532,31.18660310470053,117.19747762528716,56.766808,54.569996,35.953125,35.953125,0.18013653,0.1646851,35.18049,1,1,2,3,3,0,0
103901378,103900554,31.18660292465031,117.19749041447473,56.85928,54.662483,35.953125,35.953125,0.17269719,0.16040073,35.18049,1,1,2,3,3,0,0
104098125,104097576,31.18660316044736,117.19750323085655,56.963657,54.766876,35.953125,35.953125,0.1724167,0.16016854,35.18049,1,1,2,3,3,0,0
104305095,104304449,31.18660370101468,117.19751670997918,57.088486,54.89174,35.953125,35.953125,0.17285895,0.16020808,35.18049,1,1,2,3,3,0,0
104502016,104501471,31.186604473937514,117.1975295218055,57.216934,55.02021,35.953125,35.953125,0.17258969,0.16001402,35.18049,1,1,2,3,3,0,0
104708910,104708343,31.186605420751437,117.1975429499175,57.41875,55.222073,35.953125,35.953125,0.18008398,0.16385593,35.18049,1,1,2,3,3,0,0
104905936,104905365,31.186606339806204,117.1975555383,57.64908,55.452423,35.953125,35.953125,0.17262906,0.15984824,35.18049,1,1,2,3,3,0,0
105103159,105102387,31.186607143528434,117.19756810043246,57.849995,55.653362,35.953125,35.953125,0.1724513,0.15954185,35.18049,1,1,2,3,3,0,0
105299957,105299409,31.18660781028358,117.19758059127739,58.026787,55.830162,35.953125,35.953125,0.17226662,0.15942493,35.18049,1,1,2,3,3,0,0
105506837,105506281,31.186608320916953,117.19759356308869,58.203728,56.007122,35.953125,35.953125,0.17265244,0.15950674,35.18049,1,1,2,3,3,0,0
105703893,105703303,31.186608695062432,117.19760580545214,58.42254,56.22595,35.953125,35.953125,0.17935687,0.16314575,35.18049,1,1,2,3,3,0,0
105900926,105900325,31.18660900895332,117.19761772834502,58.65741,56.46084,35.953125,35.953125,0.17200537,0.1590534,35.18049,1,1,2,3,3,0,0
106107730,106107197,31.186609101707862,117.19763029938734,58.87113,56.674595,35.953125,35.953125,0.17249015,0.15934592,35.18049,1,1,2,3,3,0,0
106304814,106304219,31.18660892541904,117.19764236648288,59.047226,56.850708,35.953125,35.953125,0.17228214,0.15908861,35.18049,1,1,2,3,3,0,0
106502073,106501241,31.18660822148815,117.19765448416851,59.232082,57.035583,35.953125,35.953125,0.17197748,0.15898286,35.18049,1,1,2,3,3,0,0
106698806,106698262,31.186606792737226,117.19766641375693,59.47654,57.280075,35.953125,35.953125,0.1786134,0.16263498,35.18049,1,1,2,3,3,0,0
106905685,106905135,31.18660466614993,117.19767869671311,59.728374,57.531948,35.953125,35.953125,0.17212392,0.15897295,35.18049,1,1,2,3,3,0,0
107102700,107102156,31.186601941272304,117.19769038153039,59.907825,57.711426,35.953125,35.953125,0.1719514,0.15888833,35.18049,1,1,2,3,3,0,0
107299974,107299177,31.186598679895027,117.19770208984309,60.055794,57.859398,35.953125,35.953125,0.17174907,0.15865877,35.18049,1,1,2,3,3,0,0
107506844,107506050,31.18659490481534,117.19771458824846,60.25835,58.06198,35.953125,35.953125,0.17212823,0.158967,35.18049,1,1,2,3,3,0,0
107703629,107703071,31.18659122669983,117.19772635766327,60.53847,58.342136,35.953125,35.953125,0.17877392,0.16247389,35.18049,1,1,2,3,3,0,0
107900661,107900093,31.1865876248663,117.1977378939924,60.797337,58.60102,35.953125,35.953125,0.17173326,0.15864621,35.18049,1,1,2,3,3,0,0
108097706,108097114,31.186583843280985,117.19774914245498,60.990936,58.794647,35.953125,35.953125,0.1716135,0.15841681,35.18049,1,1,2,3,3,0,0
108304543,108303986,31.186579481620864,117.1977602839219,61.18749,58.991234,35.953125,35.953125,0.17210643,0.15875193,35.18049,1,1,2,3,3,0,0
108501599,108501007,31.186574455042177,117.19777020201919,61.381916,59.185688,35.953125,35.953125,0.17194082,0.15852615,35.18049,1,1,2,3,3,0,0
108708415,108707880,31.186568138668434,117.19777953611171,61.59168,59.395485,35.953125,35.953125,0.17925586,0.16260824,35.18049,1,1,2,3,3,0,0
108905675,108904901,31.186561357634776,117.19778736275194,61.756508,59.560326,35.953125,35.953125,0.17207493,0.15855752,35.18049,1,1,2,3,3,0,0
109102459,109101922,31.186553945206636,117.1977940471638,61.865078,59.66893,35.953125,35.953125,0.17188147,0.15848781,35.18049,1,1,2,3,3,0,0
109299522,109298943,31.18654554551367,117.19779874505413,62.00873,59.812614,35.953125,35.953125,0.17162018,0.15824401,35.18049,1,1,2,3,3,0,0
109506453,109505815,31.18653600421226,117.19780122110964,62.17471,59.978634,35.953125,35.953125,0.17207423,0.15856016,35.18049,1,1,2,3,3,0,0
109703610,109702836,31.186526459736818,117.19780139103716,62.299137,60.10308,35.953125,35.953125,0.1787981,0.1621136,35.18049,1,1,2,3,3,0,0
109900420,109899857,31.186516629171898,117.19779976907391,62.373928,60.177887,35.953125,35.953125,0.17795768,0.16184588,35.18049,1,1,2,3,3,0,0
110107299,110106729,31.18650608973361,117.19779589513497,62.46833,60.27232,35.953125,35.953125,0.17753,0.1617355,35.18049,1,1,2,3,3,0,0
110304314,110303750,31.18649625781052,117.19779023826202,62.594883,60.398903,35.953125,35.953125,0.17659724,0.16142109,35.18049,1,1,2,3,3,0,0
110501387,110500771,31.186486685805995,117.19778314579877,62.6745,60.478546,35.953125,35.953125,0.17575344,0.16113213,35.18049,1,1,2,3,3,0,0
110698373,110697792,31.18647758648957,117.19777459557363,62.703175,60.50726,35.953125,35.953125,0.18246129,0.16472441,35.18049,1,1,2,3,3,0,0
110905204,110904664,31.18646888592854,117.1977642395417,62.797943,60.60204,35.953125,35.953125,0.1747253,0.16075905,35.18049,1,1,2,3,3,0,0
111102429,111101684,31.18646156823369,117.19775342218445,62.95549,60.759613,35.953125,35.953125,0.17408967,0.16033047,35.18049,1,1,2,3,3,0,0
111299258,111298705,31.186455154955475,117.19774214996225,63.135017,60.93916,35.953125,35.953125,0.17347804,0.16005993,35.18049,1,1,2,3,3,0,0
111506155,111505577,31.18644935562218,117.19773017237812,63.3191,61.12327,35.953125,35.953125,0.17351875,0.16001202,35.18049,1,1,2,3,3,0,0
111703132,111702597,31.18644464416834,117.19771855065831,63.503876,61.308056,35.953125,35.953125,0.18019654,0.16375081,35.18049,1,1,2,3,3,0,0
111900158,111899618,31.18644065378622,117.19770723348326,63.728573,61.532764,35.953125,35.953125,0.17895666,0.16305876,35.18049,1,1,2,3,3,0,0
112107075,112106489,31.186437090263915,117.19769538494913,63.890377,61.69459,35.953125,35.953125,0.17834228,0.16288511,35.18049,1,1,2,3,3,0,0
112304079,112303510,31.186434138850036,117.19768419290641,63.97042,61.774643,35.953125,35.953125,0.17708553,0.16212519,35.18049,1,1,2,3,3,0,0
112501365,112500530,31.186431467421954,117.19767316235858,64.09634,61.90058,35.953125,35.953125,0.17595702,0.16157646,35.18049,1,1,2,3,3,0,0
112698132,112697551,31.186428845635522,117.19766204433215,64.154335,61.95859,35.953125,35.953125,0.18228829,0.16496785,35.18049,1,1,2,3,3,0,0
112904974,112904422,31.186426184367807,117.19764992480164,64.1013,61.90557,35.953125,35.953125,0.17455159,0.16074315,35.18049,1,1,2,3,3,0,0
113102123,113101442,31.186423662042053,117.1976377412237,64.04933,61.853603,35.953125,35.953125,0.17367122,0.1601254,35.18049,1,1,2,3,3,0,0
113299005,113298462,31.186420995231938,117.1976250470198,64.01663,61.82091,35.953125,35.953125,0.17292029,0.15970823,35.18049,1,1,2,3,3,0,0
113505990,113505333,31.186417861697063,117.19761100593688,63.921688,61.725986,35.953125,35.953125,0.17285797,0.15952694,35.18049,1,1,2,3,3,0,0
113702963,113702355,31.186414279106078,117.1975970202336,63.77989,61.584198,35.953125,35.953125,0.17913346,0.16308466,35.18049,1,1,2,3,3,0,0
113900190,113899374,31.186409723394274,117.19758267016938,63.664257,61.46858,35.953125,35.953125,0.17786908,0.16251963,35.18049,1,1,2,3,3,0,0
114097004,114096392,31.186403946022374,117.19756828725059,63.589306,61.39364,35.953125,35.953125,0.17663139,0.16176508,35.18049,1,1,2,3,3,0,0
114303885,114303263,31.18639691446789,117.19755350726716,63.50984,61.314175,35.953125,35.953125,0.17610176,0.16159496,35.18049,1,1,2,3,3,0,0
114500871,114500283,31.186389399277544,117.19754016008405,63.43749,61.241837,35.953125,35.953125,0.17505871,0.16090323,35.18049,1,1,2,3,3,0,0
114708011,114707154,31.18638051998948,117.19752728927476,63.38154,61.185894,35.953125,35.953125,0.1820388,0.16479431,35.18049,1,1,2,3,3,0,0
114904786,114904174,31.186371073496915,117.19751663843641,63.372364,61.176712,35.953125,35.953125,0.17385694,0.16013004,35.18049,1,1,2,3,3,0,0
115101833,115101193,31.18636088172242,117.19750797050996,63.41472,61.219063,35.953125,35.953125,0.17318998,0.15971133,35.18049,1,1,2,3,3,0,0
115298810,115298213,31.186350392969395,117.19750126152536,63.45045,61.25481,35.953125,35.953125,0.17260247,0.15915588,35.18049,1,1,2,3,3,0,0
115505894,115505084,31.186339268750313,117.1974963102271,63.46093,61.26529,35.953125,35.953125,0.17268032,0.15918465,35.18049,1,1,2,3,3,0,0
115702682,115702103,31.18632865008119,117.19749366564847,63.455395,61.259747,35.953125,35.953125,0.17930797,0.16255632,35.18049,1,1,2,3,3,0,0
115899942,115899123,31.186318398764705,117.19749290782462,63.51731,61.32166,35.953125,35.953125,0.1781378,0.16203894,35.18049,1,1,2,3,3,0,0
116106775,116105994,31.186308252032223,117.19749358867269,63.61585,61.420193,35.953125,35.953125,0.17768618,0.16174497,35.18049,1,1,2,3,3,0,0
116303857,116303013,31.18629905209559,117.19749515381746,63.691193,61.495544,35.953125,35.953125,0.17658845,0.16123497,35.18049,1,1,2,3,3,0,0
116500654,116500033,31.18629029400478,117.19749741566233,63.762302,61.566647,35.953125,35.953125,0.17554341,0.16058989,35.18049,1,1,2,3,3,0,0
116697691,116697052,31.186282053813578,117.19750009334042,63.892452,61.696815,35.953125,35.953125,0.18200718,0.1641447,35.18049,1,1,2,3,3,0,0
116904494,116903923,31.186274025345355,117.19750277796561,64.02141,61.82578,35.953125,35.953125,0.18090476,0.16363455,35.18049,1,1,2,3,3,0,0
117102246,117100942,31.186266630098125,117.19750512851962,64.08654,61.890923,35.953125,35.953125,0.17911986,0.16286327,35.18049,1,1,2,3,3,0,0
117308376,117307813,31.186258802949173,117.19750726746165,64.136925,61.94132,35.953125,35.953125,0.17813168,0.16235548,35.18049,1,1,2,3,3,0,0
117505579,117504833,31.18625102657247,117.19750868456687,64.190544,61.99494,35.953125,35.953125,0.17668432,0.16164926,35.18049,1,1,2,3,3,0,0
117702461,117701852,31.186242964107095,117.19750943958076,64.17899,61.98338,35.953125,35.953125,0.18269412,0.16505909,35.18049,1,1,2,3,3,0,0
117899643,117898871,31.18623449437217,117.19750944651447,64.101395,61.905792,35.953125,35.953125,0.18064515,0.16391827,35.18049,1,1,2,3,3,0,0
118106281,118105742,31.186224965454873,117.19750813373304,64.06219,61.866585,35.953125,35.953125,0.17926326,0.16334681,35.18049,1,1,2,3,3,0,0
118303534,118302761,31.186215649516118,117.19750531515754,64.05833,61.862724,35.953125,35.953125,0.17746182,0.16224693,35.18049,1,1,2,3,3,0,0
118500315,118499780,31.186206204528492,117.19750117561495,64.01986,61.82427,35.953125,35.953125,0.17590213,0.1613911,35.18049,1,1,2,3,3,0,0
118707430,118706651,31.18619631932316,117.19749532119526,63.969086,61.773495,35.953125,35.953125,0.18241808,0.16489491,35.18049,1,1,2,3,3,0,0
118904205,118903670,31.18618706599182,117.19748817397453,63.986572,61.790993,35.953125,35.953125,0.18032378,0.16387741,35.18049,1,1,2,3,3,0,0
119101462,119100689,31.186178168512246,117.19747964502888,64.06875,61.87318,35.953125,35.953125,0.17837162,0.1626958,35.18049,1,1,2,3,3,0,0
119298519,119297711,31.186169550391995,117.19747012967186,64.13787,61.942314,35.953125,35.953125,0.17667091,0.16177146,35.18049,1,1,2,3,3,0,0
119505174,119504578,31.18616079428887,117.19745956314078,64.210625,62.01506,35.953125,35.953125,0.17583647,0.16115838,35.18049,1,1,2,3,3,0,0
119702153,119701598,31.186152522200707,117.19744942150034,64.32466,62.129086,35.953125,35.953125,0.18200372,0.16447942,35.18049,1,1,2,3,3,0,0
119909078,119908467,31.186144055146034,117.19743906592535,64.45299,62.257404,35.953125,35.953125,0.18073076,0.16371875,35.18049,1,1,2,3,3,0,0
120106216,120105487,31.186136035078015,117.19742917351066,64.50701,62.31142,35.953125,35.953125,0.17881308,0.16273262,35.18049,1,1,2,3,3,0,0
120303274,120302506,31.18612787333786,117.19741922682886,64.51857,62.32298,35.953125,35.953125,0.17708354,0.16163974,35.18049,1,1,2,3,3,0,0
120500272,120499525,31.186119324477303,117.19740975034964,64.57054,62.374943,35.953125,35.953125,0.17556332,0.16079758,35.18049,1,1,2,3,3,0,0
120707001,120706395,31.186110069719764,117.19740046332193,64.59034,62.39474,35.953125,35.953125,0.18225129,0.16431926,35.18049,1,1,2,3,3,0,0
120904140,120903414,31.18610080586272,117.19739217580239,64.526474,62.33087,35.953125,35.953125,0.18022452,0.1632914,35.18049,1,1,2,3,3,0,0
121101241,121100432,31.186090819525997,117.19738496874976,64.46712,62.271515,35.953125,35.953125,0.17821802,0.16227353,35.18049,1,1,2,3,3,0,0
121307849,121307302,31.18607999538666,117.19737904036585,64.43893,62.24333,35.953125,35.953125,0.17719747,0.16156575,35.18049,1,1,2,3,3,0,0
121504863,121504321,31.186069499860206,117.19737494167714,64.40534,62.209736,35.953125,35.953125,0.17575468,0.16071166,35.18049,1,1,2,3,3,0,0
121701904,121701340,31.18605893523922,117.19737224918323,64.33004,62.134422,35.953125,35.953125,0.18171228,0.16381554,35.18049,1,1,2,3,3,0,0
121898935,121898359,31.18604859437107,117.19737143841758,64.30777,62.11216,35.953125,35.953125,0.17970595,0.16282415,35.18049,1,1,2,3,3,0,0
122105811,122105228,31.186038215933863,117.19737221883717,64.33854,62.142933,35.953125,35.953125,0.1785527,0.16208199,35.18049,1,1,2,3,3,0,0
122303003,122302247,31.186028699929746,117.19737390587528,64.371025,62.175423,35.953125,35.953125,0.1769668,0.16120365,35.18049,1,1,2,3,3,0,0
122499816,122499266,31.186019424259523,117.19737627554929,64.36086,62.16525,35.953125,35.953125,0.17561316,0.16024542,35.18049,1,1,2,3,3,0,0
122706701,122706136,31.186009985329704,117.19737971907024,64.36578,62.170162,35.953125,35.953125,0.1825122,0.16399588,35.18049,1,1,2,3,3,0,0
122903765,122903154,31.18600139608486,117.19738350441732,64.412315,62.216705,35.953125,35.953125,0.1805831,0.16288055,35.18049,1,1,2,3,3,0,0
123100768,123100173,31.185992886281166,117.19738760194718,64.4144,62.218777,35.953125,35.953125,0.17870148,0.16191655,35.18049,1,1,2,3,3,0,0
123307596,123307043,31.185983960008354,117.19739216894227,64.38974,62.194115,35.953125,35.953125,0.17769423,0.16127063,35.18049,1,1,2,3,3,0,0
123504640,123504061,31.18597527947109,117.19739681044268,64.40765,62.21202,35.953125,35.953125,0.17618634,0.1604521,35.18049,1,1,2,3,3,0,0
123701670,123701080,31.18596658112764,117.1974015826158,64.430855,62.23521,35.953125,35.953125,0.18234137,0.16363245,35.18049,1,1,2,3,3,0,0
123898693,123898098,31.185957763224483,117.19740637109619,64.37866,62.183014,35.953125,35.953125,0.18037963,0.16262928,35.18049,1,1,2,3,3,0,0
124105578,124104968,31.185948645116476,117.1974116456034,64.35215,62.156506,35.953125,35.953125,0.17904517,0.16186544,35.18049,1,1,2,3,3,0,0
124302527,124301986,31.18593987243616,117.19741662418328,64.38668,62.19103,35.953125,35.953125,0.17728984,0.16093917,35.18049,1,1,2,3,3,0,0
124499767,124499005,31.18593087391797,117.19742126952649,64.42181,62.22616,35.953125,35.953125,0.17579035,0.16007061,35.18049,1,1,2,3,3,0,0
124706597,124705874,31.185921032645616,117.19742548906065,64.37504,62.179405,35.953125,35.953125,0.18254209,0.16361077,35.18049,1,1,2,3,3,0,0
124903429,124902892,31.18591135095725,117.19742912490412,64.32402,62.12838,35.953125,35.953125,0.18044382,0.16258046,35.18049,1,1,2,3,3,0,0
125100467,125099911,31.18590144176271,117.1974324601755,64.346596,62.15096,35.953125,35.953125,0.1783735,0.16136476,35.18049,1,1,2,3,3,0,0
125297470,125296929,31.18589150816528,117.19743548754661,64.38021,62.184578,35.953125,35.953125,0.17660314,0.16039574,35.18049,1,1,2,3,3,0,0
125504341,125503798,31.18588102838949,117.19743832920378,64.37804,62.182404,35.953125,35.953125,0.17563371,0.15972742,35.18049,1,1,2,3,3,0,0
125701367,125700817,31.18587084491816,117.19744066005849,64.37674,62.18112,35.953125,35.953125,0.18166488,0.16300616,35.18049,1,1,2,3,3,0,0
125908228,125907686,31.185860252598328,117.19744284634571,64.41842,62.222797,35.953125,35.953125,0.18023854,0.16218933,35.18049,1,1,2,3,3,0,0
126105444,126104704,31.185850221056835,117.19744479547778,64.45533,62.2597,35.953125,35.953125,0.17825057,0.16117255,35.18049,1,1,2,3,3,0,0
126302284,126301722,31.18584016763898,117.19744671515738,64.44382,62.248188,35.953125,35.953125,0.17652223,0.16007946,35.18049,1,1,2,3,3,0,0
126499274,126498741,31.185830046318877,117.19744889088062,64.461,62.265373,35.953125,35.953125,0.17492136,0.1592057,35.18049,1,1,2,3,3,0,0
126706147,126705610,31.18581958125693,117.19745123882906,64.50711,62.3115,35.953125,35.953125,0.1816509,0.16271622,35.18049,1,1,2,3,3,0,0
126903228,126902628,31.18580957059296,117.19745343778577,64.49641,62.300804,35.953125,35.953125,0.17967346,0.161694,35.18049,1,1,2,3,3,0,0
127100214,127099646,31.185799436314973,117.1974556339503,64.44462,62.24901,35.953125,35.953125,0.17756997,0.16049293,35.18049,1,1,2,3,3,0,0
127307193,127306515,31.185788679964933,117.19745810788041,64.43186,62.236256,35.953125,35.953125,0.17642282,0.15994331,35.18049,1,1,2,3,3,0,0
127504351,127503533,31.185778571354916,117.19746067029787,64.43923,62.243618,35.953125,35.953125,0.17482245,0.15888818,35.18049,1,1,2,3,3,0,0
127701141,127700551,31.18576853176573,117.19746337533782,64.41426,62.21865,35.953125,35.953125,0.18083727,0.16215914,35.18049,1,1,2,3,3,0,0
127898123,127897570,31.18575852872557,117.19746637149984,64.408424,62.212826,35.953125,35.953125,0.17875502,0.16113819,35.18049,1,1,2,3,3,0,0
128105307,128104438,31.185748002274032,117.19746991839119,64.45727,62.26168,35.953125,35.953125,0.17744212,0.1603492,35.18049,1,1,2,3,3,0,0
128302029,128301458,31.185738061471348,117.19747343112121,64.498276,62.3027,35.953125,35.953125,0.17573266,0.15942283,35.18049,1,1,2,3,3,0,0
128508968,128508325,31.18572763813505,117.19747709213694,64.48241,62.286842,35.953125,35.953125,0.1748227,0.15878138,35.18049,1,1,2,3,3,0,0
128705940,128705343,31.185717560814577,117.19748060771497,64.45833,62.262764,35.953125,35.953125,0.18091741,0.16206951,35.18049,1,1,2,3,3,0,0
128903575,128902361,31.185707522797006,117.19748405644326,64.478745,62.283184,35.953125,35.953125,0.17200236,0.15702063,35.18049,1,1,2,3,3,0,0
129100156,129099379,31.18569747962172,117.1974873799685,64.48159,62.286034,35.953125,35.953125,0.17089546,0.15632743,35.18049,1,1,2,3,3,0,0
129306887,129306248,31.185686888670332,117.19749078333295,64.47087,62.275322,35.953125,35.953125,0.1705438,0.15592659,35.18049,1,1,2,3,3,0,0
129503846,129503266,31.18567662447217,117.1974940573561,64.516266,62.32073,35.953125,35.953125,0.16960506,0.15534122,35.18049,1,1,2,3,3,0,0
129701337,129700285,31.185666415293582,117.19749733032629,64.59066,62.395123,35.953125,35.953125,0.17583105,0.15855499,35.18049,1,1,2,3,3,0,0
129907731,129907152,31.185655622454203,117.19750070751202,64.60193,62.4064,35.953125,35.953125,0.17522502,0.15822455,35.18049,1,1,2,3,3,0,0
130104809,130104170,31.185645247478845,117.19750388575532,64.57556,62.380043,35.953125,35.953125,0.17375964,0.15733165,35.18049,1,1,2,3,3,0,0
130301797,130301189,31.185634760511547,117.1975071240026,64.609375,62.413857,35.953125,35.953125,0.17242225,0.1566428,35.18049,1,1,2,3,3,0,0
130499122,130498206,31.185624386344475,117.19751030291428,64.655815,62.460304,35.953125,35.953125,0.17127381,0.1558423,35.18049,1,1,2,3,3,0,0
130705616,130705074,31.185613512000007,117.1975135181919,64.66081,62.4653,35.953125,35.953125,0.178217,0.15960649,35.18049,1,1,2,3,3,0,0
130902799,130902092,31.185603134550508,117.19751661378376,64.70298,62.50747,35.953125,35.953125,0.1697997,0.15487407,35.18049,1,1,2,3,3,0,0
131099759,131099110,31.185592859309764,117.19751966053633,64.8082,62.612698,35.953125,35.953125,0.16895504,0.15434657,35.18049,1,1,2,3,3,0,0
131306564,131305979,31.18558212447207,117.19752275556456,64.87706,62.68156,35.953125,35.953125,0.16891731,0.15411472,35.18049,1,1,2,3,3,0,0
131503545,131502996,31.185571979719846,117.19752551501925,64.92594,62.73045,35.953125,35.953125,0.16824251,0.15367723,35.18049,1,1,2,3,3,0,0
131700556,131700014,31.18556180981404,117.19752797866379,65.04884,62.85335,35.953125,35.953125,0.17463043,0.15712531,35.18049,1,1,2,3,3,0,0
131907452,131906882,31.185551339949445,117.19753030831937,65.14524,62.949757,35.953125,35.953125,0.16751543,0.15306927,35.18049,1,1,2,3,3,0,0
132104456,132103900,31.185541360843057,117.19753228104025,65.17492,62.97945,35.953125,35.953125,0.16694348,0.1527141,35.18049,1,1,2,3,3,0,0
132301493,132300918,31.18553126345414,117.19753407323807,65.242325,63.04686,35.953125,35.953125,0.1663796,0.15224817,35.18049,1,1,2,3,3,0,0
132508578,132507786,31.18552078292323,117.19753569330712,65.31577,63.120316,35.953125,35.953125,0.16647129,0.15229721,35.18049,1,1,2,3,3,0,0
132705356,132704804,31.185510777663392,117.19753693357788,65.31321,63.117764,35.953125,35.953125,0.17286766,0.15565269,35.18049,1,1,2,3,3,0,0
132902400,132901821,31.185500745734508,117.19753807339954,65.34298,63.14754,35.953125,35.953125,0.16533086,0.1515654,35.18049,1,1,2,3,3,0,0
133099376,133098839,31.18549079167315,117.19753914618924,65.42251,63.227077,35.953125,35.953125,0.1649823,0.15122122,35.18049,1,1,2,3,3,0,0
133306349,133305707,31.18548026355715,117.19754010097925,65.437386,63.241962,35.953125,35.953125,0.16530533,0.15141529,35.18049,1,1,2,3,3,0,0
133503285,133502725,31.185470076351805,117.19754075701934,65.42764,63.23222,35.953125,35.953125,0.16495216,0.15110524,35.18049,1,1,2,3,3,0,0
133700278,133699742,31.18545982411378,117.19754171763378,65.47725,63.281837,35.953125,35.953125,0.17143594,0.15468508,35.18049,1,1,2,3,3,0,0
133907373,133906612,31.185449363149086,117.19754293121042,65.50298,63.307575,35.953125,35.953125,0.17115079,0.15453905,35.18049,1,1,2,3,3,0,0
134104171,134103628,31.185439425170202,117.19754436674657,65.471436,63.276035,35.953125,35.953125,0.16999274,0.15408835,35.18049,1,1,2,3,3,0,0
134301307,134300645,31.185429469216785,117.19754631492638,65.489944,63.294556,35.953125,35.953125,0.16891876,0.15351552,35.18049,1,1,2,3,3,0,0
134498207,134497662,31.185419755947553,117.1975485396054,65.508156,63.312775,35.953125,35.953125,0.16801825,0.15311383,35.18049,1,1,2,3,3,0,0
134705102,134704530,31.185409606234753,117.19755102479202,65.463295,63.26792,35.953125,35.953125,0.17507789,0.15687239,35.18049,1,1,2,3,3,0,0
134902141,134901548,31.185400025980027,117.19755396322415,65.4535,63.258133,35.953125,35.953125,0.17350689,0.1562814,35.18049,1,1,2,3,3,0,0
135099112,135098565,31.185390624860705,117.19755742918048,65.50083,63.30547,35.953125,35.953125,0.17197323,0.15564321,35.18049,1,1,2,3,3,0,0
135306020,135305433,31.18538085371192,117.19756138433841,65.49931,63.30396,35.953125,35.953125,0.17124096,0.15527017,35.18049,1,1,2,3,3,0,0
135503000,135502450,31.185371546645158,117.19756534559099,65.46257,63.267246,35.953125,35.953125,0.16999283,0.15471312,35.18049,1,1,2,3,3,0,0
135700010,135699467,31.185362060740676,117.19756959794162,65.48984,63.294518,35.953125,35.953125,0.17627196,0.15802202,35.18049,1,1,2,3,3,0,0
135906918,135906335,31.185352283521,117.19757402914824,65.51449,63.31917,35.953125,35.953125,0.16843164,0.15390296,35.18049,1,1,2,3,3,0,0
136103903,136103352,31.18534294802299,117.19757828620988,65.51738,63.32207,35.953125,35.953125,0.1676068,0.15332691,35.18049,1,1,2,3,3,0,0
136301029,136300370,31.18533337367637,117.19758263751135,65.56767,63.37237,35.953125,35.953125,0.16688456,0.1529434,35.18049,1,1,2,3,3,0,0
136497940,136497387,31.185323732656144,117.1975869767471,65.65936,63.464077,35.953125,35.953125,0.1662907,0.15244289,35.18049,1,1,2,3,3,0,0
136704807,136704255,31.18531354677678,117.19759136230768,65.736534,63.541267,35.953125,35.953125,0.17343386,0.1563456,35.18049,1,1,2,3,3,0,0
136901842,136901272,31.185303434419016,117.19759518775943,65.81179,63.616528,35.953125,35.953125,0.16576612,0.15201196,35.18049,1,1,2,3,3,0,0
137098846,137098289,31.18529291424509,117.19759849421362,65.95235,63.75709,35.953125,35.953125,0.1653851,0.1517562,35.18049,1,1,2,3,3,0,0
137305702,137305157,31.185281730264798,117.1976014222271,66.05277,63.857533,35.953125,35.953125,0.16563424,0.15174246,35.18049,1,1,2,3,3,0,0
137502762,137502174,31.18527085157734,117.19760372228923,66.16388,63.968655,35.953125,35.953125,0.16524866,0.15152124,35.18049,1,1,2,3,3,0,0
137699958,137699191,31.185259826664367,117.1976057142774,66.34356,64.14834,35.953125,35.953125,0.17179435,0.15492712,35.18049,1,1,2,3,3,0,0
137896805,137896208,31.185248967499195,117.19760738915576,66.44057,64.24535,35.953125,35.953125,0.16449201,0.15093967,35.18049,1,1,2,3,3,0,0
138103684,138103075,31.18523731272472,117.19760886551167,66.53762,64.34242,35.953125,35.953125,0.1648351,0.15101841,35.18049,1,1,2,3,3,0,0
138300652,138300092,31.18522620891456,117.19761050993671,66.68484,64.48964,35.953125,35.953125,0.16461767,0.15088318,35.18049,1,1,2,3,3,0,0
138507625,138506960,31.18521464565737,117.19761239312085,66.762856,64.567665,35.953125,35.953125,0.16500099,0.15098052,35.18049,1,1,2,3,3,0,0
138704520,138703977,31.185203505000057,117.1976146808519,66.85798,64.662796,35.953125,35.953125,0.17163336,0.15459073,35.18049,1,1,2,3,3,0,0
138901646,138900994,31.185192683129543,117.19761743859982,66.969086,64.77392,35.953125,35.953125,0.16441022,0.1507102,35.18049,1,1,2,3,3,0,0
139098812,139098011,31.18518203369222,117.19762038850973,67.02034,64.825195,35.953125,35.953125,0.16422395,0.1504887,35.18049,1,1,2,3,3,0,0
139305616,139304878,31.185170853296853,117.19762398700443,67.162964,64.96782,35.953125,35.953125,0.16460046,0.15077177,35.18049,1,1,2,3,3,0,0
139502481,139501895,31.1851605547805,117.19762773069809,67.26685,65.071724,35.953125,35.953125,0.16444546,0.15055281,35.18049,1,1,2,3,3,0,0
139699444,139698911,31.185150389331874,117.19763162977092,67.30745,65.112335,35.953125,35.953125,0.17105173,0.15417756,35.18049,1,1,2,3,3,0,0
139906405,139905779,31.185139993592035,117.197636059266,67.429565,65.23448,35.953125,35.953125,0.17075619,0.15410599,35.18049,1,1,2,3,3,0,0
140103337,140102795,31.185130354696277,117.19764026311825,67.465775,65.27069,35.953125,35.953125,0.1697632,0.15373448,35.18049,1,1,2,3,3,0,0
140300354,140299812,31.185120866092035,117.19764473041302,67.508575,65.31351,35.953125,35.953125,0.16877653,0.15323359,35.18049,1,1,2,3,3,0,0
140497417,140496828,31.18511169072842,117.19764962378079,67.600815,65.405754,35.953125,35.953125,0.16793577,0.15289396,35.18049,1,1,2,3,3,0,0
140704245,140703696,31.185102165243546,117.1976548491824,67.58501,65.389946,35.953125,35.953125,0.1750408,0.15668155,35.18049,1,1,2,3,3,0,0
140901279,140900712,31.1850927808079,117.19765968506368,67.60349,65.40843,35.953125,35.953125,0.16698878,0.15247273,35.18049,1,1,2,3,3,0,0
141108310,141107580,31.185082493953818,117.19766422604185,67.615395,65.42035,35.953125,35.953125,0.16701807,0.15243606,35.18049,1,1,2,3,3,0,0
141305153,141304596,31.185072295314814,117.19766775191417,67.58291,65.38786,35.953125,35.953125,0.16645882,0.15218483,35.18049,1,1,2,3,3,0,0
141502461,141501613,31.185061436111983,117.19767044464903,67.61645,65.42141,35.953125,35.953125,0.16589537,0.15180199,35.18049,1,1,2,3,3,0,0
141699209,141698631,31.18505032308037,117.19767198451667,67.642044,65.44702,35.953125,35.953125,0.17230296,0.15535556,35.18049,1,1,2,3,3,0,0
141906147,141905496,31.185038527163584,117.1976724813151,67.597946,65.40295,35.953125,35.953125,0.17185107,0.15512721,35.18049,1,1,2,3,3,0,0
142103085,142102513,31.185026945808755,117.19767142976224,67.622635,65.42765,35.953125,35.953125,0.17056951,0.15461919,35.18049,1,1,2,3,3,0,0
142300520,142299529,31.18501556918625,117.19766940953522,67.68217,65.48719,35.953125,35.953125,0.16946508,0.15412702,35.18049,1,1,2,3,3,0,0
142507224,142506396,31.18500387172468,117.19766638997844,67.7308,65.53584,35.953125,35.953125,0.16911271,0.15391068,35.18049,1,1,2,3,3,0,0
142704043,142703412,31.184992827943695,117.19766269172416,67.903305,65.70836,35.953125,35.953125,0.17563173,0.1574212,35.18049,1,1,2,3,3,0,0
142901035,142900428,31.18498227812015,117.19765868535349,68.02351,65.82858,35.953125,35.953125,0.16743882,0.15294512,35.18049,1,1,2,3,3,0,0
143098691,143097444,31.184971968853095,117.19765361779878,68.13515,65.94022,35.953125,35.953125,0.16679099,0.152611,35.18049,1,1,2,3,3,0,0
143305104,143304311,31.184961505293195,117.19764761788595,68.32657,66.13165,35.953125,35.953125,0.16689582,0.15254603,35.18049,1,1,2,3,3,0,0
143502019,143501327,31.184951925346276,117.19764152955108,68.40723,66.21231,35.953125,35.953125,0.16643566,0.15227446,35.18049,1,1,2,3,3,0,0
143708848,143708194,31.184941948218217,117.19763471364504,68.54088,66.34597,35.953125,35.953125,0.1737541,0.15609513,35.18049,1,1,2,3,3,0,0
143906028,143905210,31.18493275355917,117.19762839348769,68.58973,66.39483,35.953125,35.953125,0.1660717,0.15199366,35.18049,1,1,2,3,3,0,0
144102876,144102226,31.18492360295356,117.19762187305001,68.58079,66.38589,35.953125,35.953125,0.16564035,0.1516434,35.18049,1,1,2,3,3,0,0
144299879,144299242,31.184914278368588,117.19761549613179,68.593285,66.398384,35.953125,35.953125,0.16527908,0.15146089,35.18049,1,1,2,3,3,0,0
144506740,144506109,31.18490446561035,117.19760882915192,68.491714,66.29682,35.953125,35.953125,0.16555469,0.15152442,35.18049,1,1,2,3,3,0,0
144704317,144703125,31.18489456853312,117.19760278707352,68.4755,66.28061,35.953125,35.953125,0.17195342,0.15511148,35.18049,1,1,2,3,3,0,0
144900768,144900140,31.184884685612612,117.19759707696896,68.5046,66.3097,35.953125,35.953125,0.16468482,0.1510084,35.18049,1,1,2,3,3,0,0
145107574,145107007,31.184874020702043,117.19759113159016,68.46149,66.26659,35.953125,35.953125,0.165052,0.15125403,35.18049,1,1,2,3,3,0,0
145304589,145304023,31.184863492101176,117.1975849709825,68.50128,66.30638,35.953125,35.953125,0.1648053,0.15099971,35.18049,1,1,2,3,3,0,0
145501635,145501041,31.18485315162417,117.19757843688754,68.54971,66.35482,35.953125,35.953125,0.1646105,0.15089214,35.18049,1,1,2,3,3,0,0
145698870,145698054,31.184842914023477,117.19757122868964,68.61935,66.42446,35.953125,35.953125,0.17121947,0.15453818,35.18049,1,1,2,3,3,0,0
145905660,145904921,31.18483240969285,117.19756304598188,68.80162,66.60674,35.953125,35.953125,0.16465841,0.15105578,35.18049,1,1,2,3,3,0,0
146102503,146101936,31.184822717521357,117.19755483677095,68.87008,66.6752,35.953125,35.953125,0.16444726,0.15125455,35.18049,1,1,2,3,3,0,0
146299754,146298952,31.18481309718083,117.19754582519613,68.969086,66.77422,35.953125,35.953125,0.16408773,0.15137029,35.18049,1,1,2,3,3,0,0
146506408,146505819,31.184803253973357,117.19753597315125,68.96156,66.766716,35.953125,35.953125,0.16454436,0.1519701,35.18049,1,1,2,3,3,0,0
146703427,146702834,31.184794301219647,117.19752614659154,68.95332,66.758484,35.953125,35.953125,0.17106353,0.15627833,35.18049,1,1,2,3,3,0,0
146900391,146899850,31.184785833497422,117.19751556245805,69.050606,66.85577,35.953125,35.953125,0.17002286,0.15628366,35.18049,1,1,2,3,3,0,0
147107276,147106716,31.1847774310128,117.19750379906422,69.07824,66.88341,35.953125,35.953125,0.1696038,0.15644561,35.18049,1,1,2,3,3,0,0
147304503,147303732,31.18476970113157,117.1974915816769,69.16622,66.97138,35.953125,35.953125,0.16856174,0.15629676,35.18049,1,1,2,3,3,0,0
147501536,147500747,31.1847625694158,117.19747894458139,69.292755,67.09792,35.953125,35.953125,0.16769898,0.15595855,35.18049,1,1,2,3,3,0,0
147698392,147697763,31.1847555834141,117.19746596474876,69.24717,67.05234,35.953125,35.953125,0.17413108,0.16000958,35.18049,1,1,2,3,3,0,0
147905176,147904629,31.184748985020445,117.19745118174255,69.24887,67.05403,35.953125,35.953125,0.1732493,0.15973623,35.18049,1,1,2,3,3,0,0
148102231,148101646,31.18474347715106,117.19743644271195,69.17379,66.97895,35.953125,35.953125,0.17167129,0.15908115,35.18049,1,1,2,3,3,0,0
148299251,148298660,31.184738759736955,117.19742042925968,69.11874,66.9239,35.953125,35.953125,0.17024101,0.15828861,35.18049,1,1,2,3,3,0,0
148506069,148505526,31.184735025247384,117.19740262455119,69.10376,66.90891,35.953125,35.953125,0.16976848,0.1581167,35.18049,1,1,2,3,3,0,0
148703136,148702541,31.184732436136937,117.19738505818036,69.007126,66.81228,35.953125,35.953125,0.17612524,0.16169283,35.18049,1,1,2,3,3,0,0
148900292,148899557,31.184731379552172,117.19736654850047,69.007515,66.81266,35.953125,35.953125,0.17417672,0.16074622,35.18049,1,1,2,3,3,0,0
149097419,149096572,31.184731583606013,117.19734782569711,69.005104,66.81024,35.953125,35.953125,0.17238429,0.15976624,35.18049,1,1,2,3,3,0,0
149303975,149303438,31.18473332042516,117.19732771061388,68.93909,66.74421,35.953125,35.953125,0.17147534,0.15911897,35.18049,1,1,2,3,3,0,0
149501448,149500453,31.18473674852378,117.19730827567143,68.944145,66.74925,35.953125,35.953125,0.17007534,0.15827042,35.18049,1,1,2,3,3,0,0
149707886,149707319,31.184741524884203,117.19728826105779,68.881546,66.68665,35.953125,35.953125,0.17717613,0.16209723,35.18049,1,1,2,3,3,0,0
149904882,149904334,31.184747209550775,117.19726942742625,68.80731,66.612404,35.953125,35.953125,0.1751678,0.16100952,35.18049,1,1,2,3,3,0,0
150102210,150101349,31.184753950989982,117.19725085211002,68.810844,66.61592,35.953125,35.953125,0.17317675,0.15972628,35.18049,1,1,2,3,3,0,0
150298922,150298364,31.18476135457218,117.197232677489,68.732346,66.537415,35.953125,35.953125,0.17153175,0.15872669,35.18049,1,1,2,3,3,0,0
150505777,150505230,31.18477019328968,117.19721378635597,68.68486,66.489914,35.953125,35.953125,0.17070015,0.1580463,35.18049,1,1,2,3,3,0,0
150702813,150702245,31.1847792493289,117.19719639712639,68.663025,66.46807,35.953125,35.953125,0.17696106,0.1615049,35.18049,1,1,2,3,3,0,0
150899806,150899260,31.18478882944173,117.19717951526574,68.54558,66.35061,35.953125,35.953125,0.17499468,0.16021615,35.18049,1,1,2,3,3,0,0
151106717,151106126,31.184800049301586,117.1971621488593,68.4979,66.30291,35.953125,35.953125,0.17370185,0.15951729,35.18049,1,1,2,3,3,0,0
151303681,151303141,31.184811365446315,117.1971462819306,68.45724,66.26223,35.953125,35.953125,0.1720776,0.1583587,35.18049,1,1,2,3,3,0,0
151500715,151500156,31.184823224454554,117.19713097745085,68.38421,66.18918,35.953125,35.953125,0.17055574,0.1574211,35.18049,1,1,2,3,3,0,0
151697953,151697171,31.184835810451187,117.19711635165152,68.41301,66.21796,35.953125,35.953125,0.1767056,0.16064543,35.18049,1,1,2,3,3,0,0
151904883,151904036,31.18484922421202,117.1971019439191,68.37787,66.1828,35.953125,35.953125,0.1754463,0.15995756,35.18049,1,1,2,3,3,0,0
152101691,152101051,31.18486269666754,117.1970891532083,68.33241,66.137314,35.953125,35.953125,0.17338352,0.15867586,35.18049,1,1,2,3,3,0,0
152308455,152307917,31.184877519801148,117.19707687165722,68.38997,66.19485,35.953125,35.953125,0.17234233,0.1580833,35.18049,1,1,2,3,3,0,0
152505504,152504932,31.18489184408317,117.19706613700576,68.398445,66.203316,35.953125,35.953125,0.1709155,0.15703548,35.18049,1,1,2,3,3,0,0
152702490,152701946,31.1849066913361,117.19705640704896,68.402176,66.207,35.953125,35.953125,0.1771518,0.16042592,35.18049,1,1,2,3,3,0,0
152899500,152898961,31.18492169894523,117.19704798952857,68.4571,66.26192,35.953125,35.953125,0.16846117,0.1554772,35.18049,1,1,2,3,3,0,0
153106394,153105827,31.184937478819645,117.19704031944788,68.43997,66.24476,35.953125,35.953125,0.16815762,0.15507163,35.18049,1,1,2,3,3,0,0
153303575,153302841,31.184952706155727,117.19703451914368,68.48087,66.28564,35.953125,35.953125,0.16731796,0.15450056,35.18049,1,1,2,3,3,0,0
153500394,153499856,31.184967638218986,117.19703010031053,68.56545,66.37018,35.953125,35.953125,0.1666278,0.15384336,35.18049,1,1,2,3,3,0,0
153707299,153706721,31.184983197594953,117.1970270866082,68.64663,66.45134,35.953125,35.953125,0.1737543,0.15759672,35.18049,1,1,2,3,3,0,0
153904275,153903736,31.184997812513533,117.1970255470805,68.7869,66.591606,35.953125,35.953125,0.16598275,0.15317795,35.18049,1,1,2,3,3,0,0
154101521,154100750,31.185012052267883,117.19702455881036,68.831566,66.63624,35.953125,35.953125,0.16557711,0.15283874,35.18049,1,1,2,3,3,0,0
154298322,154297765,31.185026120822332,117.1970243468578,68.972305,66.77696,35.953125,35.953125,0.16511908,0.15238307,35.18049,1,1,2,3,3,0,0
154505178,154504630,31.185040422656748,117.19702462991684,69.08151,66.88615,35.953125,35.953125,0.1654156,0.15248802,35.18049,1,1,2,3,3,0,0
154702242,154701644,31.185053688777913,117.19702563584352,69.121506,66.92611,35.953125,35.953125,0.17196342,0.15595168,35.18049,1,1,2,3,3,0,0
154909198,154908509,31.185067496126678,117.19702716013967,69.215576,67.02017,35.953125,35.953125,0.16521242,0.15219176,35.18049,1,1,2,3,3,0,0
155106100,155105524,31.185080239972283,117.19702886588206,69.210625,67.0152,35.953125,35.953125,0.16489772,0.15183535,35.18049,1,1,2,3,3,0,0
155303118,155302538,31.185093174173154,117.19703083251652,69.248695,67.05325,35.953125,35.953125,0.16457266,0.15164529,35.18049,1,1,2,3,3,0,0
155500192,155499553,31.18510604848856,117.1970327575607,69.21746,67.02199,35.953125,35.953125,0.16433546,0.15133795,35.18049,1,1,2,3,3,0,0
155707247,155706418,31.18511971598261,117.19703502014593,69.12362,66.928116,35.953125,35.953125,0.1713799,0.15534605,35.18049,1,1,2,3,3,0,0
155904045,155903432,31.18513286891134,117.19703727467866,69.09192,66.8964,35.953125,35.953125,0.16417138,0.15118393,35.18049,1,1,2,3,3,0,0
156101093,156100446,31.185145912092757,117.19703964169412,68.97528,66.77974,35.953125,35.953125,0.16385622,0.15101516,35.18049,1,1,2,3,3,0,0
156307930,156307311,31.185160057242964,117.1970421316648,68.9128,66.717255,35.953125,35.953125,0.16420561,0.15112321,35.18049,1,1,2,3,3,0,0
156505579,156504326,31.185173680750115,117.19704413056446,68.86533,66.66978,35.953125,35.953125,0.16398118,0.15098949,35.18049,1,1,2,3,3,0,0
156701963,156701340,31.185187387940978,117.19704586741564,68.75572,66.56015,35.953125,35.953125,0.17040585,0.15445061,35.18049,1,1,2,3,3,0,0
156899019,156898354,31.185201409294997,117.19704718637317,68.729576,66.53398,35.953125,35.953125,0.16949151,0.15408851,35.18049,1,1,2,3,3,0,0
157105857,157105219,31.18521609898262,117.19704815148842,68.639114,66.443504,35.953125,35.953125,0.16914243,0.15403154,35.18049,1,1,2,3,3,0,0
157303030,157302233,31.1852301911707,117.19704881065516,68.53388,66.33826,35.953125,35.953125,0.16816817,0.15345745,35.18049,1,1,2,3,3,0,0
157499880,157499247,31.185244416701433,117.19704874602965,68.51963,66.32399,35.953125,35.953125,0.1673553,0.15306874,35.18049,1,1,2,3,3,0,0
157706741,157706112,31.185259252150928,117.19704816985197,68.44359,66.247925,35.953125,35.953125,0.17442329,0.15681912,35.18049,1,1,2,3,3,0,0
157903902,157903126,31.185273468353877,117.19704735216864,68.37368,66.17799,35.953125,35.953125,0.17300858,0.15622076,35.18049,1,1,2,3,3,0,0
158100954,158100140,31.18528775672207,117.19704621274698,68.35996,66.16426,35.953125,35.953125,0.17156596,0.15542586,35.18049,1,1,2,3,3,0,0
158307544,158307005,31.185302684074525,117.19704501965573,68.26927,66.073555,35.953125,35.953125,0.17095491,0.15521638,35.18049,1,1,2,3,3,0,0
158504563,158504019,31.185317064022424,117.19704380044944,68.2193,66.02357,35.953125,35.953125,0.16974847,0.15450495,35.18049,1,1,2,3,3,0,0
158701571,158701033,31.185331372946745,117.19704236588022,68.22433,66.02857,35.953125,35.953125,0.17607976,0.15794869,35.18049,1,1,2,3,3,0,0
158898729,158898047,31.185345563508875,117.19704102501123,68.157646,65.961876,35.953125,35.953125,0.17436574,0.15702023,35.18049,1,1,2,3,3,0,0
159105448,159104912,31.185360671166233,117.1970398348822,68.15437,65.95859,35.953125,35.953125,0.17322227,0.15661344,35.18049,1,1,2,3,3,0,0
159302509,159301926,31.1853749526549,117.19703874187611,68.18689,65.99109,35.953125,35.953125,0.17172325,0.1557298,35.18049,1,1,2,3,3,0,0
159499708,159498940,31.18538910164659,117.19703778089828,68.183395,65.98759,35.953125,35.953125,0.1703676,0.15505488,35.18049,1,1,2,3,3,0,0
159706568,159705804,31.185404065999464,117.19703721399034,68.29503,66.09922,35.953125,35.953125,0.17737582,0.15867673,35.18049,1,1,2,3,3,0,0
159903351,159902818,31.1854179007605,117.19703672330729,68.36751,66.171684,35.953125,35.953125,0.16872403,0.15406829,35.18049,1,1,2,3,3,0,0
160100436,160099832,31.185431576064136,117.19703665087599,68.42078,66.224945,35.953125,35.953125,0.16764632,0.15350097,35.18049,1,1,2,3,3,0,0
160297402,160296846,31.185445059065117,117.19703690688532,68.56443,66.36858,35.953125,35.953125,0.1668535,0.15287985,35.18049,1,1,2,3,3,0,0
160504279,160503711,31.18545886379634,117.19703741772591,68.6322,66.43633,35.953125,35.953125,0.16681595,0.15267639,35.18049,1,1,2,3,3,0,0
160701286,160700729,31.185472039154075,117.19703829414284,68.755455,66.559586,35.953125,35.953125,0.17321688,0.15611511,35.18049,1,1,2,3,3,0,0
160908126,160907589,31.18548552823698,117.1970392988514,68.85061,66.65471,35.953125,35.953125,0.16623116,0.15230083,35.18049,1,1,2,3,3,0,0
161105338,161104603,31.18549834532072,117.19704058495613,68.864296,66.66838,35.953125,35.953125,0.16583386,0.15188074,35.18049,1,1,2,3,3,0,0
161302205,161301616,31.185511156013128,117.1970423180687,68.94181,66.74589,35.953125,35.953125,0.16541152,0.15161116,35.18049,1,1,2,3,3,0,0
161499166,161498630,31.18552367507803,117.1970443800797,68.903275,66.707344,35.953125,35.953125,0.16507247,0.15124026,35.18049,1,1,2,3,3,0,0
161706036,161705494,31.1855368515289,117.19704704648301,68.93123,66.73527,35.953125,35.953125,0.17221387,0.15515494,35.18049,1,1,2,3,3,0,0
161903051,161902508,31.185549099569773,117.19704947190421,68.93656,66.740585,35.953125,35.953125,0.16488637,0.15102886,35.18049,1,1,2,3,3,0,0
162100104,162099522,31.185561368510196,117.19705203282652,68.89468,66.6987,35.953125,35.953125,0.16460253,0.15086688,35.18049,1,1,2,3,3,0,0
162307027,162306386,31.18557436822046,117.1970550080027,68.92052,66.72452,35.953125,35.953125,0.16497004,0.15095513,35.18049,1,1,2,3,3,0,0
162504139,162503400,31.18558659003658,117.19705809396645,68.84657,66.65056,35.953125,35.953125,0.16473372,0.15081418,35.18049,1,1,2,3,3,0,0
162701005,162700414,31.18559903830837,117.19706166928195,68.78941,66.5934,35.953125,35.953125,0.17126901,0.1542467,35.18049,1,1,2,3,3,0,0
162897973,162897427,31.1856114007616,117.19706518202408,68.72309,66.52707,35.953125,35.953125,0.16413221,0.1504017,35.18049,1,1,2,3,3,0,0
163104931,163104291,31.185624505655575,117.19706909243132,68.58732,66.39128,35.953125,35.953125,0.16456948,0.15054932,35.18049,1,1,2,3,3,0,0
163301877,163301305,31.185637407248706,117.1970729156741,68.55131,66.355255,35.953125,35.953125,0.16433614,0.15045983,35.18049,1,1,2,3,3,0,0
163508749,163508169,31.185651030834332,117.19707674609698,68.486115,66.290054,35.953125,35.953125,0.16484901,0.1506258,35.18049,1,1,2,3,3,0,0
163705729,163705183,31.185664146620308,117.19708042755506,68.4099,66.21382,35.953125,35.953125,0.17155679,0.1542446,35.18049,1,1,2,3,3,0,0
163902973,163902196,31.185677430185336,117.19708376509617,68.41438,66.2183,35.953125,35.953125,0.16437672,0.15029258,35.18049,1,1,2,3,3,0,0
164099759,164099210,31.185690547353868,117.19708666768167,68.37068,66.17459,35.953125,35.953125,0.16427611,0.15023214,35.18049,1,1,2,3,3,0,0
164306684,164306074,31.1857044741942,117.19708931551948,68.35701,66.16089,35.953125,35.953125,0.16474485,0.15040894,35.18049,1,1,2,3,3,0,0
164503635,164503087,31.1857177183812,117.19709127754012,68.38634,66.19021,35.953125,35.953125,0.16460726,0.15034321,35.18049,1,1,2,3,3,0,0
164700666,164700100,31.18573078831484,117.19709300000575,68.314514,66.11838,35.953125,35.953125,0.17133805,0.15396209,35.18049,1,1,2,3,3,0,0
164907699,164906964,31.185744610867207,117.1970942845617,68.31956,66.1234,35.953125,35.953125,0.17104992,0.15390085,35.18049,1,1,2,3,3,0,0
165104523,165103978,31.185757586930468,117.19709513286011,68.34195,66.14578,35.953125,35.953125,0.17005031,0.15353915,35.18049,1,1,2,3,3,0,0
165301607,165300991,31.185770490089233,117.19709590481125,68.279854,66.08369,35.953125,35.953125,0.16910067,0.15304549,35.18049,1,1,2,3,3,0,0
165498599,165498005,31.185783355788015,117.19709701321244,68.27626,66.08008,35.953125,35.953125,0.16826543,0.15272696,35.18049,1,1,2,3,3,0,0
165705445,165704869,31.185796578870423,117.19709855716688,68.19943,66.00324,35.953125,35.953125,0.17542672,0.15649699,35.18049,1,1,2,3,3,0,0
165902445,165901882,31.185808899060174,117.19710060130949,68.090294,65.89409,35.953125,35.953125,0.16726515,0.15229037,35.18049,1,1,2,3,3,0,0
166109285,166108746,31.18582168932532,117.19710350866657,68.04628,65.85008,35.953125,35.953125,0.167308,0.15226619,35.18049,1,1,2,3,3,0,0
166306476,166305759,31.18583368783505,117.19710689082494,67.93443,65.73823,35.953125,35.953125,0.16676734,0.15201373,35.18049,1,1,2,3,3,0,0
166503348,166502773,31.185845535962308,117.19711119868782,67.82081,65.624596,35.953125,35.953125,0.1662442,0.15164678,35.18049,1,1,2,3,3,0,0
166700321,166699786,31.185856959788087,117.19711641802252,67.794205,65.598,35.953125,35.953125,0.1726914,0.15518756,35.18049,1,1,2,3,3,0,0
166907194,166906650,31.185868408368723,117.19712241974453,67.7065,65.51028,35.953125,35.953125,0.17231148,0.15498078,35.18049,1,1,2,3,3,0,0
167104240,167103663,31.18587886696188,117.19712892920765,67.641846,65.44562,35.953125,35.953125,0.17099811,0.15447806,35.18049,1,1,2,3,3,0,0
167301247,167300677,31.18588878543406,117.19713603222297,67.64443,65.448204,35.953125,35.953125,0.16988431,0.154005,35.18049,1,1,2,3,3,0,0
167508142,167507541,31.185898709693465,117.19714389253663,67.57464,65.378395,35.953125,35.953125,0.16960467,0.15382056,35.18049,1,1,2,3,3,0,0
167705140,167704554,31.185907693283436,117.19715197570376,67.5137,65.31745,35.953125,35.953125,0.1760678,0.15715991,35.18049,1,1,2,3,3,0,0
167902130,167901567,31.18591608881531,117.19716036383389,67.50547,65.309204,35.953125,35.953125,0.1677299,0.15284611,35.18049,1,1,2,3,3,0,0
168099122,168098580,31.18592394522166,117.19716907810985,67.41746,65.22119,35.953125,35.953125,0.16706549,0.15252121,35.18049,1,1,2,3,3,0,0
168306072,168305444,31.1859317156075,117.19717882314565,67.358345,65.16206,35.953125,35.953125,0.16700803,0.15244399,35.18049,1,1,2,3,3,0,0
168503204,168502457,31.185938777773995,117.19718825239036,67.33457,65.13829,35.953125,35.953125,0.1664608,0.15216418,35.18049,1,1,2,3,3,0,0
168700032,168699470,31.185945646449216,117.19719777368854,67.22002,65.023735,35.953125,35.953125,0.17294557,0.15556422,35.18049,1,1,2,3,3,0,0
168906910,168906334,31.1859528079503,117.19720796713669,67.15352,64.95723,35.953125,35.953125,0.17240342,0.15548955,35.18049,1,1,2,3,3,0,0
169104183,169103347,31.18595944644639,117.19721769973053,67.12559,64.9293,35.953125,35.953125,0.17105469,0.15477861,35.18049,1,1,2,3,3,0,0
169300948,169300360,31.18596570513413,117.19722749267231,67.01346,64.81718,35.953125,35.953125,0.16987297,0.15426704,35.18049,1,1,2,3,3,0,0
169507848,169507223,31.185971800530737,117.19723817366145,66.91007,64.71379,35.953125,35.953125,0.16946873,0.15404296,35.18049,1,1,2,3,3,0,0
169704835,169704237,31.18597738873107,117.19724845936764,66.86065,64.66437,35.953125,35.953125,0.17574677,0.15752491,35.18049,1,1,2,3,3,0,0
169902370,169901249,31.185982697411212,117.19725868485689,66.76242,64.56615,35.953125,35.953125,0.17415427,0.156685,35.18049,1,1,2,3,3,0,0
170098881,170098262,31.185987790576466,117.19726906242478,66.621864,64.425575,35.953125,35.953125,0.17243375,0.15596384,35.18049,1,1,2,3,3,0,0
170305788,170305126,31.1859928796236,117.19728000730545,66.52898,64.332695,35.953125,35.953125,0.17156065,0.15551233,35.18049,1,1,2,3,3,0,0
170502824,170502139,31.18599747786435,117.19729031414714,66.42148,64.2252,35.953125,35.953125,0.17029916,0.15490443,35.18049,1,1,2,3,3,0,0
170700372,170699152,31.186001791226996,117.19730064393922,66.28328,64.087006,35.953125,35.953125,0.17650917,0.15815842,35.18049,1,1,2,3,3,0,0
170906798,170906015,31.186006117580604,117.19731163414644,66.265755,64.06949,35.953125,35.953125,0.16866624,0.15400311,35.18049,1,1,2,3,3,0,0
171103728,171103028,31.186010049658172,117.19732206155926,66.31508,64.11882,35.953125,35.953125,0.16782218,0.15337242,35.18049,1,1,2,3,3,0,0
171300633,171300041,31.186013729394887,117.19733258837243,66.29407,64.09781,35.953125,35.953125,0.16710247,0.15294154,35.18049,1,1,2,3,3,0,0
171497947,171497054,31.186017169564906,117.19734339082258,66.29927,64.10302,35.953125,35.953125,0.16639966,0.15254219,35.18049,1,1,2,3,3,0,0
171704479,171703917,31.18602044873557,117.19735459388897,66.37125,64.175,35.953125,35.953125,0.17344193,0.15623869,35.18049,1,1,2,3,3,0,0
171901531,171900930,31.18602325287746,117.197365143541,66.36984,64.1736,35.953125,35.953125,0.16578744,0.15202925,35.18049,1,1,2,3,3,0,0
172108335,172107794,31.186025751281328,117.19737625721064,66.39479,64.198555,35.953125,35.953125,0.16594428,0.15197231,35.18049,1,1,2,3,3,0,0
172306025,172304806,31.186027704766545,117.19738681620797,66.48621,64.289986,35.953125,35.953125,0.1655215,0.15170178,35.18049,1,1,2,3,3,0,0
172502414,172501819,31.186029195885258,117.19739734197589,66.53511,64.33888,35.953125,35.953125,0.16519928,0.15132664,35.18049,1,1,2,3,3,0,0
172699370,172698832,31.18603023697422,117.19740762056715,66.6434,64.44718,35.953125,35.953125,0.1717421,0.15485695,35.18049,1,1,2,3,3,0,0
172906246,172905695,31.186030959438476,117.19741764125285,66.89163,64.69543,35.953125,35.953125,0.17135563,0.15465154,35.18049,1,1,2,3,3,0,0
173103262,173102711,31.186031585986424,117.19742631651688,67.13916,64.94297,35.953125,35.953125,0.17026304,0.15415262,35.18049,1,1,2,3,3,0,0
173300276,173299721,31.186032006345243,117.19743420984281,67.348785,65.1526,35.953125,35.953125,0.1692738,0.15355106,35.18049,1,1,2,3,3,0,0
173507197,173506584,31.186032184105965,117.19744207345049,67.55534,65.35916,35.953125,35.953125,0.16901737,0.15351076,35.18049,1,1,2,3,3,0,0
173704180,173703597,31.186032373994927,117.19744894575197,67.77587,65.579704,35.953125,35.953125,0.17548296,0.15684055,35.18049,1,1,2,3,3,0,0
173901201,173900609,31.18603248397491,117.19745557234278,67.87958,65.68342,35.953125,35.953125,0.16735965,0.15256351,35.18049,1,1,2,3,3,0,0
174098206,174097622,31.186032631502577,117.1974620749993,67.94519,65.749054,35.953125,35.953125,0.16669646,0.15210453,35.18049,1,1,2,3,3,0,0
174305054,174304485,31.18603274941977,117.19746889236126,68.00509,65.808975,35.953125,35.953125,0.16677013,0.15219237,35.18049,1,1,2,3,3,0,0
174502119,174501497,31.18603270859029,117.19747565339695,67.92963,65.73351,35.953125,35.953125,0.16621363,0.15177369,35.18049,1,1,2,3,3,0,0
174708920,174708360,31.186032513936496,117.19748316419283,67.814285,65.6182,35.953125,35.953125,0.17320617,0.15568604,35.18049,1,1,2,3,3,0,0
174905993,174905373,31.186032331380424,117.19749064315364,67.75147,65.555405,35.953125,35.953125,0.16561708,0.15148029,35.18049,1,1,2,3,3,0,0
175102956,175102385,31.18603192424907,117.19749844013403,67.6002,65.40414,35.953125,35.953125,0.16518125,0.15132606,35.18049,1,1,2,3,3,0,0
175300148,175299397,31.186031059575114,117.19750670447716,67.517876,65.32184,35.953125,35.953125,0.16474204,0.15137643,35.18049,1,1,2,3,3,0,0
175507005,175506260,31.186029780251243,117.1975156414611,67.52875,65.332726,35.953125,35.953125,0.16502285,0.15181746,35.18049,1,1,2,3,3,0,0
175703881,175703272,31.186028341028354,117.19752449448805,67.437706,65.241684,35.953125,35.953125,0.17148113,0.1559833,35.18049,1,1,2,3,3,0,0
175900870,175900284,31.186026730318996,117.19753359621093,67.36194,65.16594,35.953125,35.953125,0.17043845,0.15584344,35.18049,1,1,2,3,3,0,0
176107695,176107147,31.186025144449523,117.1975430901305,67.40553,65.20954,35.953125,35.953125,0.16993512,0.15617374,35.18049,1,1,2,3,3,0,0
176304712,176304159,31.186023613085496,117.19755178980617,67.4365,65.240524,35.953125,35.953125,0.16893025,0.15589131,35.18049,1,1,2,3,3,0,0
176501949,176501171,31.186021925155767,117.19756030174518,67.47819,65.28221,35.953125,35.953125,0.16787374,0.1556998,35.18049,1,1,2,3,3,0,0
176698978,176698184,31.186020505974618,117.19756857743582,67.6079,65.41193,35.953125,35.953125,0.17423087,0.15957738,35.18049,1,1,2,3,3,0,0
176905808,176905046,31.18601925783811,117.19757683943773,67.6834,65.48743,35.953125,35.953125,0.17338148,0.15947919,35.18049,1,1,2,3,3,0,0
177102813,177102058,31.18601818107504,117.19758470479769,67.69613,65.500175,35.953125,35.953125,0.17170459,0.15866819,35.18049,1,1,2,3,3,0,0
177309455,177308921,31.18601738639979,117.19759303116392,67.74456,65.54862,35.953125,35.953125,0.17096858,0.15847032,35.18049,1,1,2,3,3,0,0
177506512,177505933,31.186016858106907,117.19760078267221,67.72811,65.53218,35.953125,35.953125,0.16973576,0.15768318,35.18049,1,1,2,3,3,0,0
177703489,177702945,31.186016541903815,117.19760845138488,67.671524,65.47562,35.953125,35.953125,0.17599626,0.16137667,35.18049,1,1,2,3,3,0,0
177900844,177899957,31.18601661322183,117.1976159595133,67.70978,65.513885,35.953125,35.953125,0.17401348,0.1602483,35.18049,1,1,2,3,3,0,0
178107387,178106820,31.18601689071031,117.19762381032432,67.65441,65.458534,35.953125,35.953125,0.17288566,0.15967737,35.18049,1,1,2,3,3,0,0
178304839,178303832,31.186017085779344,117.19763143746762,67.55294,65.357086,35.953125,35.953125,0.17120335,0.15857023,35.18049,1,1,2,3,3,0,0
178501633,178500844,31.1860166928783,117.19763930243329,67.52085,65.32501,35.953125,35.953125,0.16978092,0.15769562,35.18049,1,1,2,3,3,0,0
178708275,178707706,31.186015642927533,117.19764768677389,67.375145,65.17932,35.953125,35.953125,0.17654477,0.16134931,35.18049,1,1,2,3,3,0,0
178905318,178904720,31.186013770710222,117.19765573506224,67.22484,65.02903,35.953125,35.953125,0.17454536,0.1602328,35.18049,1,1,2,3,3,0,0
179102499,179101730,31.18601100808477,117.19766358220937,67.16129,64.965515,35.953125,35.953125,0.1725327,0.1590833,35.18049,1,1,2,3,3,0,0
179299708,179298742,31.1860077480734,117.19767115876037,66.97729,64.781525,35.953125,35.953125,0.17092364,0.15789203,35.18049,1,1,2,3,3,0,0
179506330,179505604,31.18600366307338,117.1976790876213,66.76224,64.56648,35.953125,35.953125,0.17007156,0.1573327,35.18049,1,1,2,3,3,0,0
179703168,179702616,31.18599931601576,117.19768632729394,66.62527,64.429535,35.953125,35.953125,0.17604046,0.16043694,35.18049,1,1,2,3,3,0,0
179900385,179899628,31.185994639574865,117.19769309734258,66.41021,64.2145,35.953125,35.953125,0.17408283,0.15928787,35.18049,1,1,2,3,3,0,0
180107106,180106490,31.185989019546682,117.19769997212687,66.17649,63.98081,35.953125,35.953125,0.17277582,0.1583957,35.18049,1,1,2,3,3,0,0
180304279,180303502,31.185983181526538,117.19770598662775,66.02379,63.828117,35.953125,35.953125,0.17109972,0.15736516,35.18049,1,1,2,3,3,0,0
180501282,180500513,31.18597700064346,117.1977115678701,65.778244,63.582607,35.953125,35.953125,0.16965814,0.15626645,35.18049,1,1,2,3,3,0,0
180707955,180707376,31.18596985155686,117.19771677698215,65.58854,63.392918,35.953125,35.953125,0.17640594,0.15990418,35.18049,1,1,2,3,3,0,0
180905426,180904387,31.185962840677288,117.19772065378561,65.50215,63.306553,35.953125,35.953125,0.17444988,0.15866262,35.18049,1,1,2,3,3,0,0
181101960,181101399,31.185955503353302,117.19772375086977,65.32572,63.130146,35.953125,35.953125,0.17260443,0.15761364,35.18049,1,1,2,3,3,0,0
181299021,181298413,31.185947477588883,117.19772583135025,65.1929,62.997356,35.953125,35.953125,0.17097633,0.15651752,35.18049,1,1,2,3,3,0,0
181505834,181505273,31.1859387937452,117.19772675435475,65.07474,62.879223,35.953125,35.953125,0.17025511,0.15603805,35.18049,1,1,2,3,3,0,0
181703012,181702285,31.185930267586375,117.19772675945903,64.85452,62.65902,35.953125,35.953125,0.17643729,0.15916212,35.18049,1,1,2,3,3,0,0
181899831,181899296,31.18592132085644,117.19772551028817,64.72154,62.526062,35.953125,35.953125,0.17443614,0.15816364,35.18049,1,1,2,3,3,0,0
182106791,182106159,31.18591181235256,117.1977230734633,64.5796,62.38413,35.953125,35.953125,0.17329678,0.15742633,35.18049,1,1,2,3,3,0,0
182303779,182303170,31.185902460373757,117.19771986349917,64.3362,62.140747,35.953125,35.953125,0.17165956,0.15654203,35.18049,1,1,2,3,3,0,0
182500970,182500181,31.185892719808464,117.19771528008074,64.15982,61.96439,35.953125,35.953125,0.17021637,0.15575485,35.18049,1,1,2,3,3,0,0
182697809,182697193,31.185883189761274,117.19770972246843,63.958557,61.763134,35.953125,35.953125,0.17637707,0.15894215,35.18049,1,1,2,3,3,0,0
182904685,182904055,31.1858731858565,117.19770280263654,63.70067,61.50527,35.953125,35.953125,0.17520022,0.15841852,35.18049,1,1,2,3,3,0,0
183101689,183101067,31.18586380142462,117.19769458742341,63.553474,61.3581,35.953125,35.953125,0.17325754,0.15731436,35.18049,1,1,2,3,3,0,0
183309121,183307929,31.185854405776947,117.19768463496892,63.34857,61.153225,35.953125,35.953125,0.17228961,0.15685266,35.18049,1,1,2,3,3,0,0
183505544,183504940,31.185845768757968,117.1976737378487,63.13372,60.938393,35.953125,35.953125,0.17083417,0.15593378,35.18049,1,1,2,3,3,0,0
183702602,183701952,31.185837866068418,117.19766121352443,62.994396,60.799076,35.953125,35.953125,0.177071,0.15934145,35.18049,1,1,2,3,3,0,0
183899643,183898963,31.18583074867097,117.19764789898895,62.788536,60.59322,35.953125,35.953125,0.17516102,0.15825972,35.18049,1,1,2,3,3,0,0
184106679,184105825,31.18582421141452,117.19763230932514,62.628555,60.433247,35.953125,35.953125,0.17384268,0.15773338,35.18049,1,1,2,3,3,0,0
184303614,184302836,31.18581930647987,117.19761655135012,62.555458,60.360153,35.953125,35.953125,0.17216657,0.15673839,35.18049,1,1,2,3,3,0,0
184500521,184499847,31.185815486919243,117.19760032831374,62.42257,60.227272,35.953125,35.953125,0.17068866,0.15597425,35.18049,1,1,2,3,3,0,0
184707325,184706711,31.18581325251383,117.19758242245241,62.38324,60.18795,35.953125,35.953125,0.1777441,0.15968074,35.18049,1,1,2,3,3,0,0
184904555,184903720,31.18581243156289,117.19756555002749,62.401073,60.205788,35.953125,35.953125,0.17568912,0.15873773,35.18049,1,1,2,3,3,0,0
185101410,185100732,31.185812560701287,117.19754848931099,62.347233,60.151955,35.953125,35.953125,0.17368506,0.15763943,35.18049,1,1,2,3,3,0,0
185298438,185297743,31.185813754682723,117.19753116635489,62.388798,60.193512,35.953125,35.953125,0.17194,0.15678743,35.18049,1,1,2,3,3,0,0
185505188,185504604,31.185815940853047,117.19751358940051,62.430103,60.234825,35.953125,35.953125,0.17114195,0.1562555,35.18049,1,1,2,3,3,0,0
185702826,185701615,31.185819146594184,117.19749746760046,62.444664,60.249393,35.953125,35.953125,0.17744046,0.15970656,35.18049,1,1,2,3,3,0,0
185899182,185898627,31.18582341166583,117.19748250107611,62.573177,60.37791,35.953125,35.953125,0.17531519,0.15872832,35.18049,1,1,2,3,3,0,0
186106129,186105488,31.185828616547628,117.19746777476662,62.64301,60.447746,35.953125,35.953125,0.17398036,0.1579859,35.18049,1,1,2,3,3,0,0
186303097,186302500,31.185834403910086,117.19745434552925,62.67759,60.482323,35.953125,35.953125,0.172149,0.1570799,35.18049,1,1,2,3,3,0,0
186500061,186499511,31.185840927121596,117.19744177890338,62.773544,60.578274,35.953125,35.953125,0.17063765,0.1561202,35.18049,1,1,2,3,3,0,0
186706915,186706372,31.18584825534492,117.19742951509866,62.79532,60.600044,35.953125,35.953125,0.1774737,0.15993987,35.18049,1,1,2,3,3,0,0
186904122,186903383,31.1858560367153,117.19741850499237,62.812996,60.617725,35.953125,35.953125,0.17539813,0.15880299,35.18049,1,1,2,3,3,0,0
187101022,187100395,31.18586451727857,117.1974085505364,62.859997,60.66473,35.953125,35.953125,0.17348683,0.15785705,35.18049,1,1,2,3,3,0,0
187307822,187307256,31.18587394213014,117.19739914179041,62.809635,60.614365,35.953125,35.953125,0.17240122,0.15721743,35.18049,1,1,2,3,3,0,0
187504852,187504267,31.185883852290242,117.19739194350623,62.801453,60.606167,35.953125,35.953125,0.17087218,0.15643255,35.18049,1,1,2,3,3,0,0
187701869,187701278,31.18589393008955,117.19738652613619,62.80654,60.611248,35.953125,35.953125,0.1770247,0.15971468,35.18049,1,1,2,3,3,0,0
187899034,187898289,31.185904190494,117.1973825389069,62.721542,60.526237,35.953125,35.953125,0.17498428,0.15874216,35.18049,1,1,2,3,3,0,0
188105933,188105151,31.185915254152647,117.19738058381472,62.69808,60.50276,35.953125,35.953125,0.17366908,0.15803042,35.18049,1,1,2,3,3,0,0
188302739,188302162,31.18592549202695,117.19738014029613,62.649296,60.453964,35.953125,35.953125,0.17193152,0.15715009,35.18049,1,1,2,3,3,0,0
188499784,188499173,31.185935604139345,117.19738088706964,62.582928,60.387585,35.953125,35.953125,0.17038974,0.1562058,35.18049,1,1,2,3,3,0,0
188706577,188706034,31.18594595950105,117.19738324181306,62.607548,60.412212,35.953125,35.953125,0.17717537,0.1600644,35.18049,1,1,2,3,3,0,0
188903630,188903045,31.18595532815229,117.19738634587368,62.539658,60.34431,35.953125,35.953125,0.17528373,0.15897329,35.18049,1,1,2,3,3,0,0
189100732,189100056,31.18596432367446,117.19739103959253,62.456543,60.261196,35.953125,35.953125,0.17325069,0.15801604,35.18049,1,1,2,3,3,0,0
189307495,189306917,31.1859731355848,117.19739728109991,62.420494,60.225143,35.953125,35.953125,0.17220294,0.15739594,35.18049,1,1,2,3,3,0,0
189504515,189503928,31.18598089832082,117.19740415147858,62.306396,60.111034,35.953125,35.953125,0.17071341,0.15662001,35.18049,1,1,2,3,3,0,0
189701490,189700939,31.185987894210317,117.19741241490716,62.266582,60.071217,35.953125,35.953125,0.17671247,0.16007204,35.18049,1,1,2,3,3,0,0
189908362,189907800,31.18599424528692,117.19742124506982,62.238197,60.042816,35.953125,35.953125,0.17539258,0.15935393,35.18049,1,1,2,3,3,0,0
190105360,190104811,31.185999626508465,117.19743018266503,62.144474,59.94909,35.953125,35.953125,0.1734397,0.15839022,35.18049,1,1,2,3,3,0,0
190302583,190301822,31.186003835390757,117.19743955200724,62.18613,59.99073,35.953125,35.953125,0.17171761,0.15734914,35.18049,1,1,2,3,3,0,0
190499412,190498833,31.186006993576857,117.19744850298193,62.195904,60.000492,35.953125,35.953125,0.17025255,0.15654063,35.18049,1,1,2,3,3,0,0
190706244,190705694,31.186008934839016,117.19745785535586,62.213257,60.01785,35.953125,35.953125,0.1769064,0.1601972,35.18049,1,1,2,3,3,0,0
190903297,190902705,31.18600942102408,117.1974663496428,62.278225,60.082825,35.953125,35.953125,0.1683146,0.15531613,35.18049,1,1,2,3,3,0,0
191100272,191099716,31.186009003310392,117.19747454802351,62.223,60.027603,35.953125,35.953125,0.16736183,0.15457267,35.18049,1,1,2,3,3,0,0
191307191,191306577,31.18600722293075,117.19748305018659,62.20557,60.010178,35.953125,35.953125,0.16704686,0.15440859,35.18049,1,1,2,3,3,0,0
191504182,191503588,31.18600461556447,117.19749073709579,62.159252,59.963844,35.953125,35.953125,0.16634241,0.15379395,35.18049,1,1,2,3,3,0,0
191701360,191700599,31.186001195867618,117.1974982489332,61.995598,59.800182,35.953125,35.953125,0.17247556,0.15731059,35.18049,1,1,2,3,3,0,0
191898226,191897610,31.185996475745622,117.19750568156333,61.89588,59.700474,35.953125,35.953125,0.16489676,0.15276413,35.18049,1,1,2,3,3,0,0
192105025,192104471,31.18599066736279,117.19751298933033,61.72934,59.53393,35.953125,35.953125,0.16501503,0.15281653,35.18049,1,1,2,3,3,0,0
192302094,192301482,31.18598398354758,117.19751956006726,61.545773,59.350372,35.953125,35.953125,0.16455063,0.15238109,35.18049,1,1,2,3,3,0,0
192499042,192498493,31.185976238863013,117.19752534751566,61.434074,59.23868,35.953125,35.953125,0.16420116,0.1521388,35.18049,1,1,2,3,3,0,0
192705938,192705354,31.18596752182696,117.19753039781838,61.26243,59.067043,35.953125,35.953125,0.1711649,0.1560039,35.18049,1,1,2,3,3,0,0
192903175,192902365,31.18595827090006,117.19753416250953,61.181156,58.985764,35.953125,35.953125,0.17015447,0.15553707,35.18049,1,1,2,3,3,0,0
193099925,193099376,31.185948479296055,117.19753679425042,61.119343,58.923958,35.953125,35.953125,0.16911995,0.155023,35.18049,1,1,2,3,3,0,0
193306820,193306237,31.185937759681888,117.19753852122803,61.004673,58.809288,35.953125,35.953125,0.16879733,0.15478757,35.18049,1,1,2,3,3,0,0
193503807,193503247,31.185927140986287,117.19753884398038,60.982887,58.787506,35.953125,35.953125,0.16788805,0.15433419,35.18049,1,1,2,3,3,0,0
193700826,193700258,31.18591677918423,117.19753826576509,60.952038,58.756657,35.953125,35.953125,0.17422895,0.157772,35.18049,1,1,2,3,3,0,0
193897855,193897269,31.18590622415729,117.19753691083648,60.87173,58.676342,35.953125,35.953125,0.17275469,0.15709892,35.18049,1,1,2,3,3,0,0
194104682,194104130,31.18589484164918,117.19753472776596,60.87427,58.67889,35.953125,35.953125,0.17189194,0.15663035,35.18049,1,1,2,3,3,0,0
194302030,194301141,31.185884019476735,117.19753218007921,60.798153,58.602768,35.953125,35.953125,0.1705323,0.15595953,35.18049,1,1,2,3,3,0,0
194498755,194498151,31.185872823947307,117.19752981818705,60.775604,58.580227,35.953125,35.953125,0.16926886,0.15517692,35.18049,1,1,2,3,3,0,0
194705608,194705012,31.185861352894438,117.19752814689978,60.79414,58.59877,35.953125,35.953125,0.17605425,0.15904471,35.18049,1,1,2,3,3,0,0
194902583,194902023,31.185850698675317,117.19752683796912,60.7315,58.536137,35.953125,35.953125,0.16778383,0.15424384,35.18049,1,1,2,3,3,0,0
195099592,195099033,31.185840191158054,117.19752741227592,60.732574,58.53722,35.953125,35.953125,0.16693655,0.1537382,35.18049,1,1,2,3,3,0,0
195306491,195305894,31.185830382266406,117.19752998902298,60.73397,58.538616,35.953125,35.953125,0.16684784,0.15350015,35.18049,1,1,2,3,3,0,0
195503476,195502905,31.185822153810957,117.19753439575081,60.71388,58.51853,35.953125,35.953125,0.16621283,0.15305726,35.18049,1,1,2,3,3,0,0
195700554,195699915,31.185815525146495,117.19754103447951,60.76614,58.570797,35.953125,35.953125,0.17238672,0.15630941,35.18049,1,1,2,3,3,0,0
195907654,195906776,31.185810189753383,117.19754878665009,60.752445,58.55711,35.953125,35.953125,0.165566,0.15240948,35.18049,1,1,2,3,3,0,0
196104402,196103786,31.1858068075774,117.19755742921208,60.77962,58.584282,35.953125,35.953125,0.16510801,0.15192553,35.18049,1,1,2,3,3,0,0
196301664,196300797,31.185805695554322,117.19756651742148,60.87923,58.6839,35.953125,35.953125,0.164815,0.15165193,35.18049,1,1,2,3,3,0,0
196498484,196497807,31.185805978893814,117.1975756813084,60.875732,58.680405,35.953125,35.953125,0.16458729,0.15143059,35.18049,1,1,2,3,3,0,0
196705582,196704669,31.185808622034084,117.1975854276737,60.934166,58.73885,35.953125,35.953125,0.1719924,0.15527312,35.18049,1,1,2,3,3,0,0
196902278,196901678,31.185812711974048,117.19759378604486,60.96527,58.769955,35.953125,35.953125,0.16465488,0.15131953,35.18049,1,1,2,3,3,0,0
197099327,197098689,31.185818042313173,117.1976018018005,60.928974,58.733665,35.953125,35.953125,0.16451989,0.15111321,35.18049,1,1,2,3,3,0,0
197306134,197305549,31.18582540763401,117.19760921981579,60.93271,58.73741,35.953125,35.953125,0.16498172,0.15144344,35.18049,1,1,2,3,3,0,0
197503447,197502559,31.185833227213,117.19761521109533,60.85108,58.655785,35.953125,35.953125,0.16483834,0.15127714,35.18049,1,1,2,3,3,0,0
197700173,197699570,31.185842083757485,117.19762026141571,60.75804,58.56275,35.953125,35.953125,0.17160705,0.1550872,35.18049,1,1,2,3,3,0,0
197907082,197906430,31.18585236484759,117.19762410048664,60.736332,58.54105,35.953125,35.953125,0.16498904,0.15147418,35.18049,1,1,2,3,3,0,0
198104028,198103441,31.18586262025408,117.1976270383353,60.612812,58.417534,35.953125,35.953125,0.16478086,0.1514663,35.18049,1,1,2,3,3,0,0
198301644,198300451,31.185873700700963,117.19762917506219,60.55584,58.360565,35.953125,35.953125,0.1645354,0.15131976,35.18049,1,1,2,3,3,0,0
198508076,198507311,31.18588557221433,117.1976303297504,60.532475,58.33722,35.953125,35.953125,0.1650209,0.15172407,35.18049,1,1,2,3,3,0,0
198704877,198704321,31.18589700128973,117.19763075833973,60.48007,58.284832,35.953125,35.953125,0.17168109,0.15541594,35.18049,1,1,2,3,3,0,0
198901900,198901332,31.185908856564453,117.19763000299822,60.54887,58.353638,35.953125,35.953125,0.17070515,0.15512133,35.18049,1,1,2,3,3,0,0
199099354,199098342,31.185920863041133,117.19762865622354,60.542545,58.347317,35.953125,35.953125,0.16966668,0.15459242,35.18049,1,1,2,3,3,0,0
199305795,199305202,31.18593376650362,117.19762692836161,60.495094,58.299873,35.953125,35.953125,0.1693659,0.15464015,35.18049,1,1,2,3,3,0,0
199502863,199502213,31.18594600174252,117.19762435608921,60.53523,58.340008,35.953125,35.953125,0.1684435,0.15411764,35.18049,1,1,2,3,3,0,0
199700015,199699223,31.185957935035134,117.19762132858827,60.494194,58.298977,35.953125,35.953125,0.17484634,0.15779373,35.18049,1,1,2,3,3,0,0
199906845,199906083,31.185970391460515,117.19761683163236,60.513268,58.318058,35.953125,35.953125,0.17392701,0.15741186,35.18049,1,1,2,3,3,0,0
200103640,200103093,31.18598184525341,117.19761118507625,60.530476,58.335266,35.953125,35.953125,0.17230298,0.1567113,35.18049,1,1,2,3,3,0,0
200300665,200300103,31.18599306555635,117.19760467531883,60.46315,58.267944,35.953125,35.953125,0.17086288,0.15607367,35.18049,1,1,2,3,3,0,0
200497679,200497113,31.186003866094342,117.1975964264935,60.479645,58.284447,35.953125,35.953125,0.16956046,0.15532804,35.18049,1,1,2,3,3,0,0
200704546,200703973,31.18601444624806,117.19758667713837,60.411816,58.21662,35.953125,35.953125,0.17642704,0.15930763,35.18049,1,1,2,3,3,0,0
200901535,200900983,31.186024082677466,117.19757642302372,60.307316,58.112125,35.953125,35.953125,0.16795945,0.15448737,35.18049,1,1,2,3,3,0,0
201108429,201107843,31.186033029526076,117.19756398923275,60.232143,58.036957,35.953125,35.953125,0.16772906,0.15444714,35.18049,1,1,2,3,3,0,0
201305636,201304853,31.186040676090418,117.19755139094241,60.05761,57.862427,35.953125,35.953125,0.1669549,0.15390185,35.18049,1,1,2,3,3,0,0
201502411,201501863,31.18604721484461,117.1975374346366,59.90508,57.7099,35.953125,35.953125,0.16624312,0.15355411,35.18049,1,1,2,3,3,0,0
201699448,201698873,31.18605213718414,117.19752247991602,59.75639,57.561203,35.953125,35.953125,0.17251456,0.1570717,35.18049,1,1,2,3,3,0,0
201906284,201905734,31.186056359679366,117.19750622362348,59.510357,57.315163,35.953125,35.953125,0.16564772,0.15318826,35.18049,1,1,2,3,3,0,0
202103360,202102743,31.18605859003431,117.1974897272735,59.37642,57.18123,35.953125,35.953125,0.16515076,0.15281007,35.18049,1,1,2,3,3,0,0
202300302,202299752,31.1860592976826,117.19747326062208,59.21168,57.016487,35.953125,35.953125,0.16479658,0.15262601,35.18049,1,1,2,3,3,0,0
202507196,202506612,31.186058455715504,117.1974558178247,59.02466,56.829456,35.953125,35.953125,0.16501392,0.15269557,35.18049,1,1,2,3,3,0,0
202704365,202703622,31.186055351853064,117.19743979603285,58.910694,56.715485,35.953125,35.953125,0.17146294,0.15648703,35.18049,1,1,2,3,3,0,0
202901242,202900631,31.186051165330852,117.19742478915033,58.736904,56.54168,35.953125,35.953125,0.1642953,0.15224117,35.18049,1,1,2,3,3,0,0
203098247,203097641,31.186044941702885,117.19741096361464,58.60418,56.40894,35.953125,35.953125,0.16399202,0.15213536,35.18049,1,1,2,3,3,0,0
203305286,203304501,31.186036719116746,117.19739871021036,58.47942,56.28417,35.953125,35.953125,0.16442895,0.1523278,35.18049,1,1,2,3,3,0,0
203502120,203501510,31.186027948638184,117.19738880196962,58.314243,56.118984,35.953125,35.953125,0.16419496,0.15226392,35.18049,1,1,2,3,3,0,0
203699074,203698520,31.186017913435286,117.19738085193033,58.201527,56.006264,35.953125,35.953125,0.17073093,0.15616044,35.18049,1,1,2,3,3,0,0
203905934,203905380,31.186006866746215,117.19737423686507,58.03807,55.8428,35.953125,35.953125,0.1642699,0.15237916,35.18049,1,1,2,3,3,0,0
204102942,204102389,31.18599580306377,117.19736940841632,57.877342,55.68207,35.953125,35.953125,0.1640338,0.15234208,35.18049,1,1,2,3,3,0,0
204299953,204299398,31.18598435460541,117.19736650095072,57.84087,55.645588,35.953125,35.953125,0.163811,0.1521588,35.18049,1,1,2,3,3,0,0
204506843,204506258,31.185972499480357,117.19736465302859,57.78384,55.588554,35.953125,35.953125,0.16425878,0.15251583,35.18049,1,1,2,3,3,0,0
204703879,204703268,31.185961163269166,117.19736402242953,57.80353,55.608227,35.953125,35.953125,0.17085464,0.15627347,35.18049,1,1,2,3,3,0,0
204900925,204900277,31.185950553673678,117.19736470821469,57.947063,55.751747,35.953125,35.953125,0.17001781,0.15594813,35.18049,1,1,2,3,3,0,0
205097866,205097287,31.185940363419952,117.19736610959,58.03481,55.83949,35.953125,35.953125,0.16895598,0.15533312,35.18049,1,1,2,3,3,0,0
205304703,205304146,31.185930079852184,117.1973691444197,58.238693,56.04336,35.953125,35.953125,0.16870122,0.1553274,35.18049,1,1,2,3,3,0,0
205501753,205501156,31.18592117041594,117.19737298410675,58.446342,56.251,35.953125,35.953125,0.167907,0.15477076,35.18049,1,1,2,3,3,0,0
205698762,205698165,31.185912469378593,117.19737726844856,58.55744,56.362083,35.953125,35.953125,0.17437163,0.15847966,35.18049,1,1,2,3,3,0,0
205905629,205905025,31.18590385077455,117.19738256535982,58.73946,56.54409,35.953125,35.953125,0.16696064,0.15419209,35.18049,1,1,2,3,3,0,0
206102575,206102034,31.185896038114514,117.19738777014896,58.827988,56.632614,35.953125,35.953125,0.17330089,0.1578628,35.18049,1,1,2,3,3,0,0
206299622,206299044,31.185888425279124,117.19739335920715,58.905952,56.710567,35.953125,35.953125,0.16557817,0.1532835,35.18049,1,1,2,3,3,0,0
206506441,206505904,31.185881074576354,117.19739981264682,59.0394,56.844,35.953125,35.953125,0.16559081,0.15331781,35.18049,1,1,2,3,3,0,0
206703490,206702913,31.185874385958492,117.19740620563002,59.054543,56.859158,35.953125,35.953125,0.17183334,0.1567778,35.18049,1,1,2,3,3,0,0
206900723,206899922,31.18586794343948,117.19741336561721,59.15552,56.96014,35.953125,35.953125,0.17046122,0.15614103,35.18049,1,1,2,3,3,0,0
207107356,207106782,31.185861578864433,117.19742121937789,59.25297,57.05758,35.953125,35.953125,0.1698121,0.15572101,35.18049,1,1,2,3,3,0,0
207304753,207303792,31.18585538977371,117.19742892195102,59.225742,57.03034,35.953125,35.953125,0.16859245,0.15508734,35.18049,1,1,2,3,3,0,0
207501592,207500801,31.185848970266704,117.19743724758838,59.254356,57.05895,35.953125,35.953125,0.16747157,0.15448888,35.18049,1,1,2,3,3,0,0
207698479,207697811,31.185842629676262,117.19744540183505,59.242996,57.047585,35.953125,35.953125,0.17347379,0.15779299,35.18049,1,1,2,3,3,0,0
207905419,207904670,31.185835736237834,117.19745399400378,59.26727,57.07186,35.953125,35.953125,0.17235714,0.15732764,35.18049,1,1,2,3,3,0,0
208102444,208101680,31.18582934755343,117.19746199813167,59.395836,57.200428,35.953125,35.953125,0.17069083,0.15630963,35.18049,1,1,2,3,3,0,0
208299256,208298689,31.18582309537582,117.19746961617922,59.459282,57.263863,35.953125,35.953125,0.17667423,0.15964872,35.18049,1,1,2,3,3,0,0
208506638,208505548,31.185816604613407,117.19747745186152,59.58477,57.38934,35.953125,35.953125,0.16855231,0.15499455,35.18049,1,1,2,3,3,0,0
208703312,208702558,31.185810642656325,117.19748448884893,59.700996,57.505577,35.953125,35.953125,0.17456906,0.15832928,35.18049,1,1,2,3,3,0,0
208900141,208899567,31.185804738753287,117.19749131761031,59.73338,57.53795,35.953125,35.953125,0.1807061,0.1614679,35.18049,1,1,2,3,3,0,0
209106996,209106427,31.185798778849357,117.19749839868788,59.85174,57.65632,35.953125,35.953125,0.17916584,0.16079828,35.18049,1,1,2,3,3,0,0
209304303,209303436,31.185793353245526,117.19750477937139,59.905354,57.70993,35.953125,35.953125,0.18489188,0.16375004,35.18049,1,1,2,3,3,0,0
209501050,209500446,31.18578797656983,117.19751092836637,59.953503,57.758087,35.953125,35.953125,0.19102708,0.16695751,35.18049,1,1,2,3,3,0,0
209707982,209707305,31.185782356316505,117.19751671967015,60.067104,57.87169,35.953125,35.953125,0.19748142,0.17025106,35.18049,1,1,2,3,3,0,0
209904956,209904315,31.185777064853674,117.19752169566996,60.042908,57.847496,35.953125,35.953125,0.2023082,0.17301224,35.18049,1,1,2,3,3,0,0
210102414,210101324,31.1857714972171,117.19752632372281,60.07236,57.876957,35.953125,35.953125,0.2070794,0.17551634,35.18049,1,1,2,3,3,0,0
210298942,210298333,31.185766163616442,117.19753049936895,60.111458,57.916058,35.953125,35.953125,0.19941527,0.17265949,35.18049,1,1,2,3,3,0,0
210505904,210505193,31.185760419529288,117.19753457827495,60.06195,57.866558,35.953125,35.953125,0.20417239,0.17528282,35.18049,1,1,2,3,3,0,0
210702817,210702203,31.185754480103565,117.19753792355982,60.050846,57.85546,35.953125,35.953125,0.2078265,0.17756075,35.18049,1,1,2,3,3,0,0
210900016,210899212,31.185748555035463,117.19754051765894,59.954174,57.758785,35.953125,35.953125,0.21121465,0.17973694,35.18049,1,1,2,3,3,0,0
211106863,211106072,31.185741740584923,117.19754216696184,59.843777,57.64839,35.953125,35.953125,0.20254442,0.1761678,35.18049,1,1,2,3,3,0,0
211303945,211303081,31.185734810243787,117.19754242569805,59.798923,57.603546,35.953125,35.953125,0.19473383,0.17267862,35.18049,1,1,2,3,3,0,0
211500925,211500090,31.1857276759247,117.19754164352273,59.639023,57.443653,35.953125,35.953125,0.1886896,0.16946991,35.18049,1,1,2,3,3,0,0
211697949,211697100,31.18571989941115,117.1975392367896,59.523643,57.328285,35.953125,35.953125,0.19311267,0.17187162,35.18049,1,1,2,3,3,0,0
211904742,211903960,31.18571193208072,117.19753551651395,59.365475,57.17012,35.953125,35.953125,0.1882299,0.1692146,35.18049,1,1,2,3,3,0,0
212101841,212100969,31.1857043240466,117.19753069353722,59.153725,56.958378,35.953125,35.953125,0.1834628,0.16664092,35.18049,1,1,2,3,3,0,0
212308398,212307829,31.185696511913328,117.19752369855055,59.03019,56.83484,35.953125,35.953125,0.1802078,0.164589,35.18049,1,1,2,3,3,0,0
212505588,212504840,31.185689567817622,117.19751595110515,58.835995,56.64065,35.953125,35.953125,0.17707475,0.1626189,35.18049,1,1,2,3,3,0,0
212702445,212701847,31.185683082134922,117.19750669621835,58.646767,56.45143,35.953125,35.953125,0.1823302,0.16520332,35.18049,1,1,2,3,3,0,0
212899760,212898857,31.18567749039881,117.19749641632451,58.526752,56.331425,35.953125,35.953125,0.17905578,0.16328928,35.18049,1,1,2,3,3,0,0
213106263,213105716,31.185672132761308,117.19748467622637,58.28452,56.089188,35.953125,35.953125,0.17686461,0.16176239,35.18049,1,1,2,3,3,0,0
213303352,213302726,31.185667831815305,117.197471908787,58.130592,55.93527,35.953125,35.953125,0.17437308,0.1602142,35.18049,1,1,2,3,3,0,0
213500305,213499735,31.185664583247515,117.19745851346603,57.983646,55.78832,35.953125,35.953125,0.17235856,0.15869117,35.18049,1,1,2,3,3,0,0
213707175,213706595,31.185662245031768,117.19744360345096,57.783268,55.58792,35.953125,35.953125,0.1788516,0.16214974,35.18049,1,1,2,3,3,0,0
213904586,213903604,31.185661548686795,117.19742879145232,57.698814,55.50346,35.953125,35.953125,0.1762319,0.16051415,35.18049,1,1,2,3,3,0,0
214101186,214100613,31.185661814269686,117.19741376257176,57.530914,55.335567,35.953125,35.953125,0.17403965,0.15919958,35.18049,1,1,2,3,3,0,0
214298439,214297622,31.185663514378017,117.1973981092242,57.34571,55.15036,35.953125,35.953125,0.17202319,0.15800425,35.18049,1,1,2,3,3,0,0
214505023,214504482,31.18566693206445,117.19738170168002,57.1938,54.99844,35.953125,35.953125,0.17103611,0.15719907,35.18049,1,1,2,3,3,0,0
214702098,214701491,31.18567129980905,117.19736623069973,56.959682,54.764305,35.953125,35.953125,0.17704631,0.16047348,35.18049,1,1,2,3,3,0,0
214899248,214898501,31.185677316406185,117.19735087823149,56.80195,54.60656,35.953125,35.953125,0.17482473,0.15915613,35.18049,1,1,2,3,3,0,0
215105971,215105360,31.185685117301922,117.19733543539158,56.603706,54.408306,35.953125,35.953125,0.17350838,0.15846685,35.18049,1,1,2,3,3,0,0
215303158,215302370,31.185694091414558,117.19732146905207,56.33396,54.138557,35.953125,35.953125,0.17160857,0.15728827,35.18049,1,1,2,3,3,0,0
215500113,215499379,31.18570508311611,117.19730880657877,56.115547,53.920135,35.953125,35.953125,0.17006856,0.15642028,35.18049,1,1,2,3,3,0,0
215706997,215706238,31.185717745407466,117.19729698142534,55.81789,53.62246,35.953125,35.953125,0.17677334,0.16007724,35.18049,1,1,2,3,3,0,0
215903805,215903247,31.185731036937927,117.19728749095312,55.583923,53.388485,35.953125,35.953125,0.17464307,0.15904966,35.18049,1,1,2,3,3,0,0
216101071,216100256,31.185744978522035,117.19727985457855,55.41863,53.22318,35.953125,35.953125,0.17268527,0.15790147,35.18049,1,1,2,3,3,0,0
216298006,216297266,31.185759159015724,117.19727351839776,55.18157,52.98611,35.953125,35.953125,0.17096639,0.15700136,35.18049,1,1,2,3,3,0,0
216504667,216504125,31.18577453908144,117.19726932729458,55.035442,52.839973,35.953125,35.953125,0.17012066,0.15644772,35.18049,1,1,2,3,3,0,0
216701745,216701134,31.185788873803595,117.19726704444858,54.892708,52.697224,35.953125,35.953125,0.17622033,0.15991431,35.18049,1,1,2,3,3,0,0
216899169,216898143,31.18580310892049,117.19726585629324,54.69311,52.49762,35.953125,35.953125,0.17414893,0.15873502,35.18049,1,1,2,3,3,0,0
217105569,217105003,31.18581819055243,117.1972659278873,54.62558,52.43008,35.953125,35.953125,0.17287268,0.15816705,35.18049,1,1,2,3,3,0,0
217302782,217302012,31.185832195899085,117.19726670046073,54.53952,52.34401,35.953125,35.953125,0.17120752,0.15711442,35.18049,1,1,2,3,3,0,0
217499784,217499021,31.18584621437463,117.19726799395453,54.494938,52.29942,35.953125,35.953125,0.1697342,0.1563069,35.18049,1,1,2,3,3,0,0
217706483,217705880,31.185860421292098,117.19726966532586,54.541676,52.346146,35.953125,35.953125,0.17647126,0.15999205,35.18049,1,1,2,3,3,0,0
217903447,217902889,31.18587346812522,117.19727152054442,54.508297,52.31276,35.953125,35.953125,0.17447048,0.15896036,35.18049,1,1,2,3,3,0,0
218100929,218099898,31.185886231929754,117.19727387207735,54.57591,52.38036,35.953125,35.953125,0.17243122,0.1579173,35.18049,1,1,2,3,3,0,0
218307298,218306757,31.185898968390593,117.1972765340817,54.653614,52.458057,35.953125,35.953125,0.1714257,0.1572181,35.18049,1,1,2,3,3,0,0
218504539,218503766,31.185910614768446,117.19727948868572,54.70885,52.513287,35.953125,35.953125,0.16989888,0.15634425,35.18049,1,1,2,3,3,0,0
218701343,218700775,31.185922009385195,117.19728250021093,54.900814,52.70524,35.953125,35.953125,0.17581071,0.15951711,35.18049,1,1,2,3,3,0,0
218898573,218897784,31.18593301575811,117.19728534528194,54.997658,52.802074,35.953125,35.953125,0.17379873,0.15844315,35.18049,1,1,2,3,3,0,0
219105420,219104644,31.185944713198378,117.19728864081767,55.12183,52.92624,35.953125,35.953125,0.17245199,0.157625,35.18049,1,1,2,3,3,0,0
219302417,219301652,31.18595551527621,117.1972920296992,55.272503,53.076904,35.953125,35.953125,0.17074949,0.15666084,35.18049,1,1,2,3,3,0,0
219509662,219508512,31.18596660657272,117.1972960593888,55.333115,53.13751,35.953125,35.953125,0.16985415,0.15601231,35.18049,1,1,2,3,3,0,0
219706061,219705521,31.185977036096364,117.19730097011337,55.483234,53.28762,35.953125,35.953125,0.17571557,0.15931071,35.18049,1,1,2,3,3,0,0
219903110,219902530,31.185987068938744,117.19730626618104,55.522926,53.327305,35.953125,35.953125,0.17382199,0.1581452,35.18049,1,1,2,3,3,0,0
220100319,220099538,31.185996852267465,117.19731243342848,55.60773,53.4121,35.953125,35.953125,0.17181839,0.1571278,35.18049,1,1,2,3,3,0,0
220307486,220306398,31.186006279814517,117.19731963138769,55.77457,53.578934,35.953125,35.953125,0.17078654,0.15643695,35.18049,1,1,2,3,3,0,0
220504151,220503407,31.186014523019963,117.19732713101837,55.85396,53.658314,35.953125,35.953125,0.16935582,0.15561078,35.18049,1,1,2,3,3,0,0
220701038,220700415,31.186021620181954,117.19733590617835,56.01699,53.82134,35.953125,35.953125,0.17522307,0.15875202,35.18049,1,1,2,3,3,0,0
220907826,220907275,31.186027954787647,117.19734523071227,56.100277,53.90462,35.953125,35.953125,0.1739499,0.15815644,35.18049,1,1,2,3,3,0,0
221104940,221104284,31.186032746680333,117.1973548765472,56.1859,53.990246,35.953125,35.953125,0.17205115,0.15704168,35.18049,1,1,2,3,3,0,0
221301863,221301292,31.186036243796647,117.19736473031836,56.346268,54.150608,35.953125,35.953125,0.1704966,0.15619525,35.18049,1,1,2,3,3,0,0
221499266,221498301,31.18603887241872,117.19737458584025,56.46002,54.26435,35.953125,35.953125,0.16911446,0.15542582,35.18049,1,1,2,3,3,0,0
221705935,221705160,31.186040114370034,117.19738528649633,56.663025,54.467358,35.953125,35.953125,0.17576303,0.15902534,35.18049,1,1,2,3,3,0,0
221902848,221902169,31.186040473151614,117.1973951082292,56.74607,54.5504,35.953125,35.953125,0.17392182,0.15810035,35.18049,1,1,2,3,3,0,0
222099780,222099178,31.186039320702108,117.19740519110893,56.827858,54.63219,35.953125,35.953125,0.17204286,0.15702894,35.18049,1,1,2,3,3,0,0
222306675,222306037,31.186036634268344,117.19741522816668,56.94918,54.753517,35.953125,35.953125,0.17112722,0.15660322,35.18049,1,1,2,3,3,0,0
222503622,222503046,31.186032867553283,117.19742434050447,57.048084,54.852432,35.953125,35.953125,0.1697254,0.15571915,35.18049,1,1,2,3,3,0,0
222700868,222700055,31.186027553419088,117.19743280581204,57.246433,55.05078,35.953125,35.953125,0.17575686,0.15914932,35.18049,1,1,2,3,3,0,0
222907491,222906914,31.18602126947706,117.19744077784434,57.39845,55.202793,35.953125,35.953125,0.1746563,0.15851806,35.18049,1,1,2,3,3,0,0
223104773,223103923,31.186013783545484,117.1974477576469,57.615646,55.419994,35.953125,35.953125,0.17267801,0.1575847,35.18049,1,1,2,3,3,0,0
223301600,223300932,31.1860055490769,117.19745393946704,57.782803,55.587154,35.953125,35.953125,0.17114703,0.15662329,35.18049,1,1,2,3,3,0,0
223508647,223507791,31.18599594244022,117.19745947814828,57.937366,55.741722,35.953125,35.953125,0.17036456,0.15628126,35.18049,1,1,2,3,3,0,0
223705383,223704800,31.185986147250755,117.19746415864182,58.092846,55.897217,35.953125,35.953125,0.17643379,0.15959366,35.18049,1,1,2,3,3,0,0
223902460,223901809,31.185976231717127,117.19746842354859,58.06963,55.873993,35.953125,35.953125,0.17451595,0.15866472,35.18049,1,1,2,3,3,0,0
224099417,224098817,31.185965764451385,117.19747279178473,58.15559,55.959957,35.953125,35.953125,0.1725204,0.15755832,35.18049,1,1,2,3,3,0,0
224306493,224305676,31.185954808439515,117.1974772060525,58.18285,55.98721,35.953125,35.953125,0.17153235,0.15710153,35.18049,1,1,2,3,3,0,0
224503528,224502685,31.18594421644397,117.19748156144884,58.198727,56.00309,35.953125,35.953125,0.16997772,0.15612726,35.18049,1,1,2,3,3,0,0
224700332,224699694,31.18593382738214,117.19748630104812,58.248806,56.053185,35.953125,35.953125,0.17583795,0.15950252,35.18049,1,1,2,3,3,0,0
224907162,224906553,31.185923267923698,117.19749140060632,58.208332,56.012703,35.953125,35.953125,0.17460375,0.15874907,35.18049,1,1,2,3,3,0,0
225104110,225103562,31.18591331068264,117.19749684372049,58.271015,56.075397,35.953125,35.953125,0.17257373,0.15770672,35.18049,1,1,2,3,3,0,0
225301381,225300571,31.185903718241544,117.19750230094715,58.28105,56.08545,35.953125,35.953125,0.17095242,0.15677738,35.18049,1,1,2,3,3,0,0
225498154,225497580,31.185894283357136,117.19750813240695,58.35437,56.15878,35.953125,35.953125,0.16947807,0.15576868,35.18049,1,1,2,3,3,0,0
225704990,225704439,31.185884776598915,117.19751428321779,58.429375,56.2338,35.953125,35.953125,0.17606203,0.1594304,35.18049,1,1,2,3,3,0,0
225902001,225901447,31.185875881318157,117.19752007149147,58.404987,56.20942,35.953125,35.953125,0.17419015,0.15824176,35.18049,1,1,2,3,3,0,0
226099047,226098456,31.18586685891266,117.19752603162291,58.48355,56.287994,35.953125,35.953125,0.17230105,0.1572241,35.18049,1,1,2,3,3,0,0
226305887,226305315,31.185857548653168,117.19753200502396,58.483013,56.287468,35.953125,35.953125,0.17139566,0.15654472,35.18049,1,1,2,3,3,0,0
226502898,226502324,31.185848512284394,117.19753769281424,58.5526,56.357063,35.953125,35.953125,0.16992494,0.15569682,35.18049,1,1,2,3,3,0,0
226700064,226699333,31.185839618636223,117.1975430330257,58.53626,56.340736,35.953125,35.953125,0.1760203,0.1588058,35.18049,1,1,2,3,3,0,0
226906988,226906192,31.185829827181195,117.19754818130465,58.504665,56.30915,35.953125,35.953125,0.1748439,0.15823089,35.18049,1,1,2,3,3,0,0
227103752,227103201,31.185820132270504,117.19755235788382,58.46035,56.264847,35.953125,35.953125,0.17296262,0.15708847,35.18049,1,1,2,3,3,0,0
227300776,227300210,31.185809906790542,117.19755570927839,58.374317,56.17882,35.953125,35.953125,0.1713287,0.15620771,35.18049,1,1,2,3,3,0,0
227497802,227497219,31.185799158267823,117.19755792266207,58.329193,56.13371,35.953125,35.953125,0.16990945,0.15525362,35.18049,1,1,2,3,3,0,0
227704626,227704078,31.185787707642636,117.19755929855958,58.166626,55.971153,35.953125,35.953125,0.17667268,0.1589307,35.18049,1,1,2,3,3,0,0
227901699,227901087,31.185776372753118,117.19755911156338,58.123997,55.92853,35.953125,35.953125,0.17468995,0.15783048,35.18049,1,1,2,3,3,0,0
228098705,228098095,31.185765176564853,117.19755792545675,57.99398,55.798523,35.953125,35.953125,0.17278524,0.15687923,35.18049,1,1,2,3,3,0,0
228305592,228304955,31.185752908564968,117.1975550248457,57.93365,55.738194,35.953125,35.953125,0.17173673,0.1562457,35.18049,1,1,2,3,3,0,0
228502560,228501963,31.185741474398164,117.19755140774907,57.7746,55.57915,35.953125,35.953125,0.17031513,0.15546423,35.18049,1,1,2,3,3,0,0
228699517,228698972,31.185729830494143,117.19754646638413,57.64274,55.4473,35.953125,35.953125,0.17642398,0.15879714,35.18049,1,1,2,3,3,0,0
228906389,228905831,31.185718045141947,117.19754038141869,57.46973,55.2743,35.953125,35.953125,0.17523038,0.15813437,35.18049,1,1,2,3,3,0,0
229103644,229102840,31.185706861141234,117.19753338572684,57.289673,55.09425,35.953125,35.953125,0.1733171,0.15722738,35.18049,1,1,2,3,3,0,0
229300429,229299848,31.1856959178401,117.1975253319238,57.123013,54.92759,35.953125,35.953125,0.17169693,0.1562499,35.18049,1,1,2,3,3,0,0
229507253,229506707,31.185684844968925,117.19751580464016,56.87545,54.680023,35.953125,35.953125,0.17091358,0.15589315,35.18049,1,1,2,3,3,0,0
229704275,229703716,31.185674493710092,117.1975054739375,56.748917,54.5535,35.953125,35.953125,0.177107,0.15913434,35.18049,1,1,2,3,3,0,0
229901292,229900725,31.18566472868085,117.19749475907551,56.537113,54.341705,35.953125,35.953125,0.16839074,0.15439738,35.18049,1,1,2,3,3,0,0
230098324,230097733,31.185655252584997,117.19748290001816,56.432095,54.236683,35.953125,35.953125,0.16744527,0.1537059,35.18049,1,1,2,3,3,0,0
230305145,230304592,31.185645864719564,117.19747005967326,56.22616,54.030754,35.953125,35.953125,0.16740182,0.15363456,35.18049,1,1,2,3,3,0,0
230502370,230501601,31.185637476714284,117.1974565553794,56.081757,53.88634,35.953125,35.953125,0.1667045,0.15306844,35.18049,1,1,2,3,3,0,0
230699150,230698612,31.185629759669304,117.1974426969292,55.877926,53.68252,35.953125,35.953125,0.17309259,0.15657295,35.18049,1,1,2,3,3,0,0
230906020,230905470,31.18562247372785,117.1974270905795,55.76609,53.57068,35.953125,35.953125,0.1724511,0.15620126,35.18049,1,1,2,3,3,0,0
231103027,231102477,31.185616272412073,117.19741173402744,55.6512,53.455795,35.953125,35.953125,0.17111164,0.1555539,35.18049,1,1,2,3,3,0,0
231300110,231299486,31.18561089849098,117.19739569624909,55.502373,53.306965,35.953125,35.953125,0.16986997,0.15480274,35.18049,1,1,2,3,3,0,0
231506906,231506345,31.185606239794847,117.19737823146627,55.379364,53.183956,35.953125,35.953125,0.16945311,0.15464798,35.18049,1,1,2,3,3,0,0
231703925,231703354,31.185602749224174,117.19736131806675,55.18004,52.984627,35.953125,35.953125,0.17586285,0.15801035,35.18049,1,1,2,3,3,0,0
231901198,231900362,31.185600649645565,117.1973438231938,55.08422,52.888813,35.953125,35.953125,0.17407045,0.15725355,35.18049,1,1,2,3,3,0,0
232107806,232107221,31.185599492208276,117.19732551238938,54.91647,52.72106,35.953125,35.953125,0.1730029,0.15672089,35.18049,1,1,2,3,3,0,0
232304838,232304230,31.185600096465148,117.19730763869408,54.83009,52.63467,35.953125,35.953125,0.17147452,0.15602078,35.18049,1,1,2,3,3,0,0
232501808,232501238,31.185601705370285,117.19729013218668,54.638805,52.443382,35.953125,35.953125,0.1701806,0.15538727,35.18049,1,1,2,3,3,0,0
232698845,232698247,31.18560517624979,117.1972725778573,54.54569,52.350254,35.953125,35.953125,0.17644288,0.15874712,35.18049,1,1,2,3,3,0,0
232905680,232905106,31.185609793651835,117.19725508340659,54.398403,52.20296,35.953125,35.953125,0.17526016,0.15833074,35.18049,1,1,2,3,3,0,0
233102674,233102114,31.18561604350119,117.19723851565011,54.298927,52.103474,35.953125,35.953125,0.17335616,0.15733503,35.18049,1,1,2,3,3,0,0
233299676,233299122,31.185623358792906,117.19722270291143,54.159836,51.96437,35.953125,35.953125,0.17171372,0.15656574,35.18049,1,1,2,3,3,0,0
233506539,233505981,31.185632860201483,117.19720682322908,54.05221,51.856735,35.953125,35.953125,0.17090951,0.1561228,35.18049,1,1,2,3,3,0,0
233703621,233702990,31.185642985051317,117.19719271916087,53.92521,51.72972,35.953125,35.953125,0.17718042,0.15967053,35.18049,1,1,2,3,3,0,0
233900564,233899998,31.185654438754188,117.19717977822336,53.767742,51.572247,35.953125,35.953125,0.1752665,0.15867004,35.18049,1,1,2,3,3,0,0
234107402,234106857,31.1856676306926,117.19716760532809,53.618336,51.42282,35.953125,35.953125,0.1740265,0.15821682,35.18049,1,1,2,3,3,0,0
234304600,234303865,31.18568113916379,117.19715731734226,53.42142,51.225887,35.953125,35.953125,0.17229454,0.15726602,35.18049,1,1,2,3,3,0,0
234501469,234500874,31.185695574219583,117.19714842203776,53.306377,51.110825,35.953125,35.953125,0.17079403,0.15654884,35.18049,1,1,2,3,3,0,0
234708348,234707733,31.185711211537217,117.19714052874872,53.15947,50.963905,35.953125,35.953125,0.17776206,0.16039032,35.18049,1,1,2,3,3,0,0
234905329,234904741,31.18572672608411,117.19713503726211,53.07961,50.88402,35.953125,35.953125,0.17569901,0.15947771,35.18049,1,1,2,3,3,0,0
235102379,235101749,31.185742182306395,117.19713110213436,52.926132,50.730537,35.953125,35.953125,0.17370073,0.15839443,35.18049,1,1,2,3,3,0,0
235299463,235298759,31.185757873894055,117.1971298040671,52.827915,50.632294,35.953125,35.953125,0.17190011,0.15753172,35.18049,1,1,2,3,3,0,0
235506221,235505616,31.185773794637857,117.19713002470236,52.598877,50.403236,35.953125,35.953125,0.17105418,0.15702364,35.18049,1,1,2,3,3,0,0
235703463,235702625,31.185788660446715,117.19713280745448,52.457172,50.261524,35.953125,35.953125,0.17713062,0.16058698,35.18049,1,1,2,3,3,0,0
235900207,235899633,31.185802628958687,117.1971364620825,52.216377,50.02072,35.953125,35.953125,0.17509635,0.1596274,35.18049,1,1,2,3,3,0,0
236107337,236106492,31.185816527922874,117.1971424100706,52.083538,49.887856,35.953125,35.953125,0.17375147,0.15891913,35.18049,1,1,2,3,3,0,0
236304105,236303500,31.18582895978805,117.19714848619023,51.903297,49.70761,35.953125,35.953125,0.17203659,0.15804286,35.18049,1,1,2,3,3,0,0
236501191,236500508,31.18584083537097,117.19715565549609,51.799263,49.60357,35.953125,35.953125,0.17043097,0.15705043,35.18049,1,1,2,3,3,0,0
236708002,236707367,31.185852925841573,117.19716312927628,51.58064,49.384926,35.953125,35.953125,0.1771092,0.16097438,35.18049,1,1,2,3,3,0,0
236905185,236904375,31.185864263453315,117.19717079049872,51.422863,49.227142,35.953125,35.953125,0.17504713,0.15978687,35.18049,1,1,2,3,3,0,0
237102417,237101383,31.185875532876192,117.19717839579555,51.18277,48.987034,35.953125,35.953125,0.17296562,0.15870507,35.18049,1,1,2,3,3,0,0
237299033,237298392,31.185886932538995,117.19718646144464,50.96194,48.7662,35.953125,35.953125,0.17866646,0.16189516,35.18049,1,1,2,3,3,0,0
237505847,237505250,31.18589912742262,117.19719459633141,50.680214,48.484467,35.953125,35.953125,0.17005868,0.15700217,35.18049,1,1,2,3,3,0,0
237702870,237702258,31.185911118114518,117.19720233323844,50.400524,48.20476,35.953125,35.953125,0.17572367,0.16017915,35.18049,1,1,2,3,3,0,0
237900044,237899267,31.18592343526936,117.19720953893214,50.110287,47.91452,35.953125,35.953125,0.17357658,0.15903272,35.18049,1,1,2,3,3,0,0
238106677,238106125,31.18593667460625,117.19721661650775,49.822964,47.627193,35.953125,35.953125,0.17217305,0.15815626,35.18049,1,1,2,3,3,0,0
238303688,238303133,31.185949509681787,117.1972225423351,49.660954,47.46518,35.953125,35.953125,0.17047112,0.15714873,35.18049,1,1,2,3,3,0,0
238501273,238500142,31.18596211061618,117.19722801726076,49.510715,47.314934,35.953125,35.953125,0.16897626,0.15606302,35.18049,1,1,2,3,3,0,0
238697699,238697150,31.1859745115585,117.19723262811432,49.467392,47.271606,35.953125,35.953125,0.17476231,0.15929516,35.18049,1,1,2,3,3,0,0
238904947,238904008,31.18598711160991,117.19723702748801,49.291904,47.096115,35.953125,35.953125,0.17354822,0.15841803,35.18049,1,1,2,3,3,0,0
239102017,239101017,31.185999102031325,117.19724096874977,49.20102,47.005226,35.953125,35.953125,0.17167386,0.15734477,35.18049,1,1,2,3,3,0,0
239308685,239307875,31.186011182559096,117.19724475207919,48.987785,46.791977,35.953125,35.953125,0.17073046,0.15659955,35.18049,1,1,2,3,3,0,0
239505433,239504883,31.18602223805275,117.19724921808287,48.87455,46.67874,35.953125,35.953125,0.1693693,0.15574834,35.18049,1,1,2,3,3,0,0
239702438,239701891,31.186032712046746,117.1972540727191,48.6172,46.421383,35.953125,35.953125,0.17537431,0.1590001,35.18049,1,1,2,3,3,0,0
239899648,239898899,31.18604225788962,117.19726050730826,48.423252,46.227432,35.953125,35.953125,0.17343037,0.15782274,35.18049,1,1,2,3,3,0,0
240106503,240105758,31.18605123007235,117.19726783466258,48.107334,45.911514,35.953125,35.953125,0.17221098,0.15718314,35.18049,1,1,2,3,3,0,0
240303589,240302766,31.186058384638688,117.1972764926309,47.845978,45.650154,35.953125,35.953125,0.17047228,0.15609135,35.18049,1,1,2,3,3,0,0
240500520,240499774,31.18606410341252,117.19728539179764,47.524685,45.328857,35.953125,35.953125,0.16906391,0.1552586,35.18049,1,1,2,3,3,0,0
240707396,240706633,31.186067930555744,117.19729580438737,47.163784,44.967953,35.953125,35.953125,0.17559806,0.15875798,35.18049,1,1,2,3,3,0,0
240904394,240903641,31.18606940497922,117.19730545170547,46.803303,44.607468,35.953125,35.953125,0.17358917,0.15776703,35.18049,1,1,2,3,3,0,0
241101423,241100649,31.186068650623305,117.1973152371806,46.389626,44.193787,35.953125,35.953125,0.17167106,0.15667404,35.18049,1,1,2,3,3,0,0
241298451,241297658,31.186065951334704,117.19732474901087,45.95452,43.75868,35.953125,35.953125,0.17011434,0.15586586,35.18049,1,1,2,3,3,0,0
241505272,241504515,31.18606149618472,117.19733445936805,45.420586,43.22474,35.953125,35.953125,0.16934735,0.15539074,35.18049,1,1,2,3,3,0,0
241702126,241701523,31.18605599306277,117.1973434883525,45.011692,42.81584,35.953125,35.953125,0.17536172,0.15884323,35.18049,1,1,2,3,3,0,0
241909142,241908381,31.186049834748292,117.19735232057961,44.58843,42.39258,35.953125,35.953125,0.17401855,0.15817359,35.18049,1,1,2,3,3,0,0
242105949,242105389,31.186043284519524,117.19736010298074,44.384953,42.1891,35.953125,35.953125,0.1721951,0.15730916,35.18049,1,1,2,3,3,0,0
242302999,242302397,31.186036597752047,117.19736694774016,44.1609,41.965042,35.953125,35.953125,0.17064828,0.1563492,35.18049,1,1,2,3,3,0,0
242499948,242499405,31.18602962572711,117.19737322941128,44.090057,41.8942,35.953125,35.953125,0.16935223,0.15563273,35.18049,1,1,2,3,3,0,0
242706876,242706263,31.18602246068228,117.19737920712073,43.901134,41.705273,35.953125,35.953125,0.17623127,0.15929978,35.18049,1,1,2,3,3,0,0
242903821,242903271,31.18601551102357,117.1973848484112,43.814735,41.618885,35.953125,35.953125,0.17431387,0.1583555,35.18049,1,1,2,3,3,0,0
243101302,243100279,31.186008813081404,117.19739020517672,43.612694,41.41684,35.953125,35.953125,0.17243904,0.15737471,35.18049,1,1,2,3,3,0,0
243307684,243307137,31.18600140576239,117.1973958413796,43.463608,41.26776,35.953125,35.953125,0.17135604,0.15670449,35.18049,1,1,2,3,3,0,0
243504705,243504145,31.185994527140515,117.19740100947034,43.225136,41.029285,35.953125,35.953125,0.16996382,0.15590218,35.18049,1,1,2,3,3,0,0
243701735,243701153,31.185987171809572,117.19740605096788,43.018764,40.82291,35.953125,35.953125,0.17589001,0.15908293,35.18049,1,1,2,3,3,0,0
243898758,243898161,31.18597996785608,117.19741079995586,42.766163,40.57031,35.953125,35.953125,0.17395988,0.15809804,35.18049,1,1,2,3,3,0,0
244105656,244105019,31.185971938887455,117.19741573777443,42.54241,40.34656,35.953125,35.953125,0.1726064,0.15732485,35.18049,1,1,2,3,3,0,0
244302583,244302027,31.18596439575136,117.1974204864629,42.333668,40.137817,35.953125,35.953125,0.17095535,0.15641955,35.18049,1,1,2,3,3,0,0
244509438,244508885,31.185956223716534,117.19742554402971,42.117367,39.92152,35.953125,35.953125,0.17011021,0.1558212,35.18049,1,1,2,3,3,0,0
244706437,244705893,31.18594850902953,117.19743027592172,41.93314,39.737305,35.953125,35.953125,0.17604074,0.15911153,35.18049,1,1,2,3,3,0,0
244903459,244902901,31.18594058754995,117.19743479377553,41.70311,39.507275,35.953125,35.953125,0.17414217,0.15796734,35.18049,1,1,2,3,3,0,0
245100511,245099909,31.185932450399886,117.1974390392185,41.520313,39.324493,35.953125,35.953125,0.17227314,0.15698625,35.18049,1,1,2,3,3,0,0
245307323,245306767,31.185923520502786,117.19744306671743,41.28121,39.085407,35.953125,35.953125,0.17127101,0.15632132,35.18049,1,1,2,3,3,0,0
245504328,245503775,31.185914755602123,117.19744671431049,41.125473,38.929676,35.953125,35.953125,0.16982724,0.15550281,35.18049,1,1,2,3,3,0,0
245701583,245700782,31.185905855235713,117.19745003146515,40.91319,38.71741,35.953125,35.953125,0.17585862,0.15862541,35.18049,1,1,2,3,3,0,0
245908229,245907641,31.185896286027372,117.19745314288318,40.8174,38.621635,35.953125,35.953125,0.17461583,0.15805535,35.18049,1,1,2,3,3,0,0
246105231,246104649,31.185887064451464,117.19745576594451,40.61472,38.41897,35.953125,35.953125,0.17275451,0.15693063,35.18049,1,1,2,3,3,0,0
246302215,246301656,31.185877418611092,117.19745766224493,40.511574,38.31582,35.953125,35.953125,0.17109959,0.15604962,35.18049,1,1,2,3,3,0,0
246499424,246498664,31.185867901838698,117.19745856638593,40.365005,38.169243,35.953125,35.953125,0.16966814,0.15524499,35.18049,1,1,2,3,3,0,0
246706059,246705522,31.185857677093544,117.19745822329857,40.290348,38.094597,35.953125,35.953125,0.17638709,0.1587583,35.18049,1,1,2,3,3,0,0
246903149,246902530,31.185848219235915,117.19745732418355,40.054905,37.859165,35.953125,35.953125,0.17447788,0.15763947,35.18049,1,1,2,3,3,0,0
247100156,247099538,31.18583845763542,117.19745559405378,39.928844,37.733116,35.953125,35.953125,0.17251037,0.15668207,35.18049,1,1,2,3,3,0,0
247306948,247306396,31.18582855766882,117.19745323780067,39.693592,37.49788,35.953125,35.953125,0.17159171,0.15622744,35.18049,1,1,2,3,3,0,0
247503981,247503404,31.185818926420673,117.19745031013946,39.6033,37.40759,35.953125,35.953125,0.17019603,0.15532194,35.18049,1,1,2,3,3,0,0
247701003,247700411,31.18580955748927,117.19744710544329,39.330154,37.134464,35.953125,35.953125,0.176347,0.15862912,35.18049,1,1,2,3,3,0,0
247908029,247907269,31.185799580997482,117.19744397402627,39.158398,36.96272,35.953125,35.953125,0.17496397,0.15791246,35.18049,1,1,2,3,3,0,0
248104879,248104277,31.18579063221049,117.1974413516767,38.897144,36.701477,35.953125,35.953125,0.17301889,0.15695047,35.18049,1,1,2,3,3,0,0
248302126,248301285,31.18578151680484,117.19743935779178,38.748665,36.553,35.953125,35.953125,0.17129639,0.15592675,35.18049,1,1,2,3,3,0,0
248498911,248498292,31.18577268888565,117.1974377645207,38.461876,36.266205,35.953125,35.953125,0.16992758,0.1551405,35.18049,1,1,2,3,3,0,0
248706012,248705151,31.185762849405915,117.19743735253417,38.214886,36.019222,35.953125,35.953125,0.17663395,0.15865085,35.18049,1,1,2,3,3,0,0
248902762,248902158,31.18575386473018,117.1974376228536,37.854057,35.65839,35.953125,35.953125,0.1746501,0.15767293,35.18049,1,1,2,3,3,0,0
249099823,249099166,31.185744496844265,117.1974394513221,37.600998,35.405323,35.953125,35.953125,0.17266555,0.15655461,35.18049,1,1,2,3,3,0,0
249306714,249306024,31.185735199690935,117.19744222435747,37.30627,35.110607,35.953125,35.953125,0.17168215,0.15605691,35.18049,1,1,2,3,3,0,0
249503917,249503032,31.185726208724127,117.19744619525505,37.09933,34.90367,35.953125,35.953125,0.17020218,0.15510342,35.18049,1,1,2,3,3,0,0
249700816,249700039,31.185717875819183,117.19745095509617,36.86842,34.672775,35.953125,35.953125,0.17642143,0.15837088,35.18049,1,1,2,3,3,0,0
249897879,249897047,31.18570992677652,117.19745708673116,36.684605,34.488956,35.953125,35.953125,0.17440322,0.15741004,35.18049,1,1,2,3,3,0,0
250104480,250103905,31.185702485115023,117.19746439232955,36.460907,34.26527,35.953125,35.953125,0.17324196,0.15670708,35.18049,1,1,2,3,3,0,0
250301760,250300912,31.185695850815694,117.19747215737885,36.323467,34.127846,35.953125,35.953125,0.17158693,0.15587395,35.18049,1,1,2,3,3,0,0
250508371,250507770,31.18568958154466,117.19748026003003,36.188976,33.993347,35.953125,35.953125,0.17087942,0.15533826,35.18049,1,1,2,3,3,0,0
250705441,250704778,31.185683485913067,117.19748792113403,36.098225,33.902607,35.953125,35.953125,0.1772987,0.15850142,35.18049,1,1,2,3,3,0,0
250902564,250901785,31.18567780959971,117.19749521936666,36.018745,33.82314,35.953125,35.953125,0.17537034,0.15760009,35.18049,1,1,2,3,3,0,0
251100005,251098793,31.185672071219855,117.19750244006453,35.936123,33.74051,35.953125,35.953125,0.17336826,0.15666716,35.18049,1,1,2,3,3,0,0
251306197,251305651,31.18566623790684,117.19750952016894,35.849213,33.6536,35.953125,35.953125,0.17236562,0.1560397,35.18049,1,1,2,3,3,0,0
251503220,251502658,31.185660544340575,117.19751602479465,35.723885,33.528275,35.953125,35.953125,0.1708594,0.15525757,35.18049,1,1,2,3,3,0,0
251700208,251699666,31.185654992922846,117.19752218704357,35.643803,33.448208,35.953125,35.953125,0.1770434,0.15839179,35.18049,1,1,2,3,3,0,0
251907072,251906524,31.185648853557414,117.19752854481175,35.459538,33.26395,35.953125,35.953125,0.17576234,0.15784302,35.18049,1,1,2,3,3,0,0
252104084,252103531,31.18564254315527,117.19753443356062,35.282196,33.08662,35.953125,35.953125,0.17371891,0.15672076,35.18049,1,1,2,3,3,0,0
252301735,252300539,31.18563579589735,117.19753993754242,35.038296,32.84273,35.953125,35.953125,0.17189161,0.15583472,35.18049,1,1,2,3,3,0,0
252498391,252497546,31.18562846960655,117.19754453924455,34.840218,32.644665,35.953125,35.953125,0.17031191,0.15487067,35.18049,1,1,2,3,3,0,0
252704984,252704404,31.185620115685637,117.19754848404357,34.520752,32.32521,35.953125,35.953125,0.17702338,0.15850605,35.18049,1,1,2,3,3,0,0
252902223,252901412,31.18561138255076,117.19755131819197,34.241474,32.045944,35.953125,35.953125,0.17498906,0.15742181,35.18049,1,1,2,3,3,0,0
253109034,253108269,31.18560176785618,117.19755337898492,33.847996,31.652481,35.953125,35.953125,0.17366108,0.15686786,35.18049,1,1,2,3,3,0,0
253305881,253305277,31.185593425306017,117.19755452599912,33.663326,31.467815,35.953125,35.953125,0.17199011,0.15588798,35.18049,1,1,2,3,3,0,0
253502840,253502285,31.185590488244983,117.1975539416721,33.694004,31.498499,35.953125,35.953125,0.17298315,0.1559494,35.18049,1,1,2,3,3,0,0
253699865,253699292,31.18558889764274,117.1975534601249,33.56241,31.36691,35.953125,35.953125,0.1824275,0.16124165,35.18049,1,1,2,3,3,0,0
253906698,253906150,31.185587347640976,117.19755366814707,33.522636,31.327152,35.953125,35.953125,0.17786951,0.1597238,35.18049,1,1,2,3,3,0,0
254103753,254103158,31.185587190504492,117.19755369784717,33.507435,31.311958,35.953125,35.953125,0.17739889,0.16146356,35.18049,1,1,2,3,3,0,0
254300730,254300166,31.185587410288825,117.19755398397045,33.50847,31.312998,35.953125,35.953125,0.17668362,0.16286962,35.18049,1,1,2,3,3,0,0
254507892,254507024,31.185587687891907,117.1975541132457,33.532757,31.337296,35.953125,35.953125,0.17564942,0.16408859,35.18049,1,1,2,3,3,0,0
254704592,254704032,31.18558792729712,117.19755423262316,33.564133,31.368683,35.953125,35.953125,0.18277736,0.17046247,35.18049,1,1,2,3,3,0,0
254901618,254901040,31.185588089123886,117.1975543222205,33.591557,31.396114,35.953125,35.953125,0.18014587,0.17028958,35.18049,1,1,2,3,3,0,0
255098679,255098048,31.185588222566036,117.19755439014858,33.619705,31.42427,35.953125,35.953125,0.17750686,0.16953169,35.18049,1,1,2,3,3,0,0
255305484,255304907,31.18558840023056,117.19755444149098,33.654926,31.4595,35.953125,35.953125,0.17604007,0.16948806,35.18049,1,1,2,3,3,0,0
255502708,255501915,31.185588569031,117.19755445381371,33.687466,31.492048,35.953125,35.953125,0.17405145,0.16851726,35.18049,1,1,2,3,3,0,0
255709313,255708774,31.185588775817582,117.19755444387975,33.71668,31.52127,35.953125,35.953125,0.18097605,0.17395818,35.18049,1,1,2,3,3,0,0
255906335,255905782,31.18558896329179,117.1975544156885,33.73738,31.541964,35.953125,35.953125,0.17852078,0.17232662,35.18049,1,1,2,3,3,0,0
256103410,256102791,31.185589154075796,117.19755437344688,33.75528,31.55987,35.953125,35.953125,0.17605989,0.17074023,35.18049,1,1,2,3,3,0,0
256300376,256299799,31.185589349310696,117.19755430223252,33.77359,31.57819,35.953125,35.953125,0.17393197,0.16900702,33.696518,1,1,2,3,3,0,0
256507234,256506659,31.185589534143983,117.19755420630676,33.791103,31.595715,35.953125,35.953125,0.17274183,0.16801469,33.704464,1,1,2,3,3,0,0
256704432,256703667,31.1855896786536,117.19755409820706,33.802727,31.607328,35.953125,35.953125,0.17871752,0.17164513,33.6981,1,1,2,3,3,0,0
256901283,256900676,31.185589762433658,117.19755395621415,33.807636,31.612244,35.953125,35.953125,0.17649157,0.16980791,33.705547,1,1,2,3,3,0,0
257108096,257107535,31.18558982185897,117.19755378523743,33.809742,31.614351,35.953125,35.953125,0.17496906,0.1682165,33.709824,1,1,2,3,3,0,0
257305090,257304544,31.185589856368228,117.1975536214296,33.8117,31.616316,35.953125,35.953125,0.17306046,0.1664791,33.713974,1,1,2,3,3,0,0
257502163,257501553,31.18558988169512,117.1975534794459,33.814564,31.619186,35.953125,35.953125,0.17140837,0.1648597,33.719593,1,1,2,3,3,0,0
257699100,257698562,31.18558989878605,117.19755336383915,33.8164,31.621029,35.953125,35.953125,0.17750327,0.16799815,33.71051,1,1,2,3,3,0,0
257906042,257905421,31.185589902947573,117.19755326441351,33.81532,31.619955,35.953125,35.953125,0.17601135,0.16638535,33.72129,1,1,2,3,3,0,0
258103231,258102430,31.1855899005593,117.19755321461724,33.81951,31.624155,35.953125,35.953125,0.17398056,0.1646215,33.735577,1,1,2,3,3,0,0
258299992,258299439,31.1855898766377,117.19755318388273,33.828056,31.632706,35.953125,35.953125,0.17218493,0.16298388,33.747852,1,1,2,3,3,0,0
258506879,258506299,31.185589838519032,117.19755315165261,33.840115,31.644775,35.953125,35.953125,0.17133184,0.16173767,33.76227,1,1,2,3,3,0,0
258703940,258703308,31.185589801459514,117.19755312118632,33.85164,31.656303,35.953125,35.953125,0.17754024,0.16486444,33.75897,1,1,2,3,3,0,0
258901245,258900317,31.185589781142944,117.19755311198746,33.867638,31.672308,35.953125,35.953125,0.1688001,0.15896137,33.79425,1,1,2,3,3,0,0
259107721,259107177,31.18558974750386,117.19755316324299,33.88644,31.69112,35.953125,35.953125,0.1685665,0.15827475,33.809967,1,1,2,3,3,0,0
259304742,259304186,31.185589697830924,117.19755322750267,33.90347,31.708155,35.953125,35.953125,0.16773075,0.15711671,33.825317,1,1,2,3,3,0,0
259501768,259501196,31.185589646011707,117.19755326374201,33.91935,31.72403,35.953125,35.953125,0.16702867,0.15622509,33.838684,1,1,2,3,3,0,0
259698798,259698205,31.185589581364017,117.19755329979657,33.932365,31.737053,35.953125,35.953125,0.17346959,0.15930553,33.835476,1,1,2,3,3,0,0
259905654,259905065,31.18558951143009,117.19755332946413,33.94084,31.745533,35.953125,35.953125,0.1727836,0.15864897,33.855446,1,1,2,3,3,0,0
260102661,260102075,31.185589410836627,117.19755338578365,33.95463,31.75933,35.953125,35.953125,0.17136726,0.15746576,33.875786,1,1,2,3,3,0,0
260299673,260299084,31.185589307995045,117.19755344876637,33.97157,31.776274,35.953125,35.953125,0.170116,0.1565376,33.896286,1,1,2,3,3,0,0
260506619,260505944,31.18558920115613,117.1975535314748,33.99123,31.795942,35.953125,35.953125,0.16966483,0.15592422,33.91298,1,1,2,3,3,0,0
260703499,260702954,31.185589083940048,117.1975536145844,34.008472,31.813189,35.953125,35.953125,0.17606434,0.15920006,33.91406,1,1,2,3,3,0,0
260900585,260899964,31.185589005175864,117.197553692158,34.02179,31.826511,35.953125,35.953125,0.17440307,0.15808319,33.936222,1,1,2,3,3,0,0
261097532,261096974,31.18558892366212,117.19755377500717,34.035843,31.84057,35.953125,35.953125,0.17261018,0.15709977,33.953705,1,1,2,3,3,0,0
261304583,261303834,31.18558882618057,117.19755388038502,34.053013,31.857744,35.953125,35.953125,0.17176151,0.15660627,33.970135,1,1,2,3,3,0,0
261501754,261500844,31.18558873528523,117.19755397947185,34.069435,31.874172,35.953125,35.953125,0.17045216,0.15566799,33.985023,1,1,2,3,3,0,0
261708390,261707704,31.18558863909885,117.19755407768399,34.08386,31.888601,35.953125,35.953125,0.17746937,0.15921879,33.983658,1,1,2,3,3,0,0
261905323,261904714,31.18558856384845,117.1975541945622,34.10132,31.906069,35.953125,35.953125,0.16878916,0.15449753,34.016804,1,1,2,3,3,0,0
262102542,262101724,31.185588493202907,117.19755432093709,34.11784,31.922592,35.953125,35.953125,0.16791363,0.15393154,34.034992,1,1,2,3,3,0,0
262299344,262298734,31.18558841031884,117.19755444735745,34.13447,31.93923,35.953125,35.953125,0.16708323,0.15325825,34.052795,1,1,2,3,3,0,0
262506222,262505595,31.185588322338177,117.19755455610188,34.153725,31.958488,35.953125,35.953125,0.16706553,0.15319341,34.069923,1,1,2,3,3,0,0
262703187,262702605,31.185588228363414,117.19755464962292,34.16952,31.974289,35.953125,35.953125,0.17346363,0.15648407,34.07011,1,1,2,3,3,0,0
262900720,262899615,31.18558814117657,117.1975547914568,34.19041,31.995182,35.953125,35.953125,0.16578522,0.15223941,34.10978,1,1,2,3,3,0,0
263107061,263106476,31.185588051328036,117.1975549297521,34.212273,32.017048,35.953125,35.953125,0.16597186,0.15216587,34.127884,1,1,2,3,3,0,0
263304164,263303486,31.185587974907786,117.19755507263892,34.232807,32.037586,35.953125,35.953125,0.16554156,0.15188588,34.149384,1,1,2,3,3,0,0
263501153,263500497,31.185587896881756,117.19755521350996,34.253803,32.058586,35.953125,35.953125,0.16517845,0.15150534,34.169518,1,1,2,3,3,0,0
263698381,263697507,31.185587820281903,117.197555363996,34.274166,32.078957,35.953125,35.953125,0.17169338,0.15504855,34.175,1,1,2,3,3,0,0
263904985,263904368,31.185587729389677,117.19755552349463,34.29055,32.095345,35.953125,35.953125,0.1713832,0.15486234,34.19549,1,1,2,3,3,0,0
264102312,264101379,31.185587626665242,117.19755567413273,34.307888,32.112686,35.953125,35.953125,0.17024475,0.15438296,34.221077,1,1,2,3,3,0,0
264308870,264308240,31.185587518674577,117.19755584358718,34.32962,32.134422,35.953125,35.953125,0.16989413,0.15417437,34.241966,1,1,2,3,3,0,0
264505810,264505250,31.185587419586813,117.19755600051565,34.35181,32.156616,35.953125,35.953125,0.16895732,0.15375562,34.265697,1,1,2,3,3,0,0
264702987,264702261,31.1855873127884,117.19755613057966,34.371918,32.176727,35.953125,35.953125,0.17537847,0.15711404,34.268883,1,1,2,3,3,0,0
264899833,264899271,31.185587199534954,117.19755624952596,34.387882,32.192696,35.953125,35.953125,0.17377841,0.15647897,34.29392,1,1,2,3,3,0,0
265106731,265106133,31.185587084503812,117.1975563733803,34.40649,32.211308,35.953125,35.953125,0.17281637,0.15604179,34.316376,1,1,2,3,3,0,0
265303697,265303143,31.18558696663026,117.19755649550696,34.427277,32.232098,35.953125,35.953125,0.17135333,0.15540938,34.342987,1,1,2,3,3,0,0
265501031,265500154,31.185586868685693,117.19755662909058,34.451218,32.256042,35.953125,35.953125,0.17010227,0.15483515,34.363712,1,1,2,3,3,0,0
265707599,265707015,31.185586769050065,117.19755674343264,34.47205,32.27688,35.953125,35.953125,0.17709744,0.1585493,34.367527,1,1,2,3,3,0,0
265904586,265904026,31.185586698472804,117.19755684796604,34.48853,32.29336,35.953125,35.953125,0.17535143,0.15804927,34.39199,1,1,2,3,3,0,0
266101662,266101037,31.185586631234823,117.19755693099853,34.508198,32.31303,35.953125,35.953125,0.1736697,0.15795872,34.4187,1,1,2,3,3,0,0
266298637,266298048,31.185586570607597,117.19755698775313,34.535667,32.340504,35.953125,35.953125,0.17239785,0.15892714,34.450558,1,1,2,3,3,0,0
266505724,266504909,31.185586505670667,117.19755705949986,34.569286,32.374126,35.953125,35.953125,0.17220439,0.16116112,34.47752,1,1,2,3,3,0,0
