timestamp,roll,pitch,yaw,thrust_body[0],thrust_body[1],thrust_body[2],reset_integral
27305562,-0.5181435,-0.123859964,0.18148674,0.014778346,0.0,0.0,1
27310482,-0.5209251,-0.12637976,0.18380633,0.014778346,0.0,0.0,1
27325287,-0.5293634,-0.13246223,0.19101378,0.014778346,0.0,0.0,1
27345010,-0.5408336,-0.13734153,0.20096026,0.014778346,0.0,0.0,1
27364705,-0.55265087,-0.14000401,0.21130201,0.014778346,0.0,0.0,1
27384418,-0.5664255,-0.14004101,0.22352982,0.014778346,0.0,0.0,1
27404099,-0.58268726,-0.13853176,0.23806982,0.014778346,0.0,0.0,1
27429156,-0.6080834,-0.13368244,0.26085606,0.014778346,0.0,0.0,1
27443581,-0.6247615,-0.12963064,0.27573216,0.014778346,0.0,0.0,1
27463191,-0.6467822,-0.12321537,0.29524803,0.014778346,0.0,0.0,1
27487819,-0.67124295,-0.11501028,0.31690407,0.014778346,0.0,0.0,1
27507519,-0.6891146,-0.10797602,0.3328872,0.014778346,0.0,0.0,1
27522301,-0.70243955,-0.10230316,0.344909,0.014778346,0.0,0.0,1
27546920,-0.7256287,-0.09262154,0.3658028,0.014778346,0.0,0.0,1
27566646,-0.74359983,-0.084100805,0.38193792,0.014778346,0.0,0.0,1
27581407,-0.7555066,-0.078017406,0.38817856,0.014778346,0.0,0.0,1
27606032,-0.76845753,-0.06971012,0.38837522,0.014778346,0.0,0.0,1
27625769,-0.7760246,-0.062461432,0.38836315,0.014778346,0.0,0.0,1
27645473,-0.78128386,-0.054815385,0.38822138,0.014778346,0.0,0.0,1
27665142,-0.784625,-0.047022283,0.387984,0.014778346,0.0,0.0,1
27684851,-0.7866265,-0.038804796,0.38766545,0.014778346,0.0,0.0,1
27704571,-0.787513,-0.03064395,0.38730156,0.014778346,0.0,0.0,1
27724252,-0.7875336,-0.022882476,0.38692388,0.014778346,0.0,0.0,1
27743964,-0.78667325,-0.015630879,0.38654712,0.014778346,0.0,0.0,1
27763661,-0.78513896,-0.009010731,0.38618872,0.014778346,0.0,0.0,1
27788318,-0.7815731,-0.0011865043,0.38574788,0.014778346,0.0,0.0,1
27803094,-0.77955955,0.004154327,0.38545436,0.014778346,0.0,0.0,1
27828007,-0.7718494,0.014211726,0.38489768,0.014778346,0.0,0.0,1
27847473,-0.76208997,0.024203435,0.38438684,0.014778346,0.0,0.0,1
27862212,-0.75439644,0.03304539,0.38397568,0.014778346,0.0,0.0,1
27886818,-0.73182154,0.050408043,0.37728855,0.014778346,0.0,0.0,1
27906548,-0.72010046,0.06854096,0.3766029,0.014778346,0.0,0.0,1
27926216,-0.30102736,0.0433219,-0.0052417726,0.014778346,0.0,0.0,1
27945927,-0.060417786,0.110231705,0.35118565,0.014778346,0.0,0.0,1
27965627,0.31202722,0.13412608,0.33807358,0.014778346,0.0,0.0,1
27985356,0.47229397,-0.033473734,0.34125727,0.014778346,0.0,0.0,1
28005037,0.4657375,-0.22560072,0.3434464,0.014778346,0.0,0.0,1
28024766,0.3641172,-0.38905215,0.3446535,0.014778346,0.0,0.0,1
28044481,0.19827291,-0.42575252,0.33423278,0.014778346,0.0,0.0,1
28069072,-0.0112559255,-0.17179303,0.29940847,0.014778346,0.0,0.0,1
28083847,0.000109670014,-0.14634241,0.28839418,0.014778346,0.0,0.0,1
28103553,-0.6755822,0.3623665,0.23408848,0.014778346,0.0,0.0,1
28128183,-0.69491065,0.4465079,0.21339257,0.014778346,0.0,0.0,1
28142985,-0.6849742,0.6228716,0.19348748,0.014778346,0.0,0.0,1
28162670,-0.5872654,0.68726254,0.18689476,0.014778346,0.0,0.0,1
28187295,-0.5123285,0.45659482,0.1951209,0.014778346,0.0,0.0,1
28207119,-0.49562174,0.49275368,0.18315132,0.014778346,0.0,0.0,1
28226963,-0.48617813,0.51345265,0.17423186,0.014778346,0.0,0.0,1
28246399,-0.47033998,0.53144157,0.1585825,0.014778346,0.0,0.0,1
28266127,-0.45078692,0.5490537,0.13903962,0.014778346,0.0,0.0,1
28285801,-0.42979878,0.56466234,0.11788406,0.014778346,0.0,0.0,1
28305502,-0.40837523,0.58018774,0.09613963,0.014778346,0.0,0.0,1
28325206,-0.38951772,0.5949352,0.07692468,0.014778346,0.0,0.0,1
28344907,-0.37239444,0.6086556,0.059367597,0.014778346,0.0,0.0,1
28364607,-0.35729396,0.6224199,0.04382165,0.014778346,0.0,0.0,1
28384350,-0.34473255,0.6352412,0.03083762,0.014778346,0.0,0.0,1
28404049,-0.3312038,0.6468548,0.016776603,0.014778346,0.0,0.0,1
28423779,-0.31697398,0.65760875,0.0019363046,0.014778346,0.0,0.0,1
28443438,-0.30367133,0.66745365,-0.011980537,0.014778346,0.0,0.0,1
28468063,-0.28864732,0.6788548,-0.027746152,0.014778346,0.0,0.0,1
28487772,-0.27879447,0.68745947,-0.038122885,0.014778346,0.0,0.0,1
28502540,-0.2730908,0.69331247,-0.044147395,0.014778346,0.0,0.0,1
28527169,-0.26549888,0.7013219,-0.052185178,0.014778346,0.0,0.0,1
28546877,-0.26225126,0.7057419,-0.05564006,0.014778346,0.0,0.0,1
28561654,-0.2607023,0.7073988,-0.057292532,0.014778346,0.0,0.0,1
28586324,-0.26135638,0.7064462,-0.0566214,0.014778346,0.0,0.0,1
28606107,-0.26419306,0.70184594,-0.053610664,0.014778346,0.0,0.0,1
28625959,-0.26774007,0.6934493,-0.049833268,0.014778346,0.0,0.0,1
28645392,-0.27412507,0.6816952,-0.0430602,0.014778346,0.0,0.0,1
28665098,-0.28095576,0.6673747,-0.03580787,0.014778346,0.0,0.0,1
28684797,-0.2884129,0.65147007,-0.02792032,0.014778346,0.0,0.0,1
28704502,-0.29935578,0.6352988,-0.016417297,0.014778346,0.0,0.0,1
28724208,-0.31126782,0.61891615,-0.0039609796,0.014778346,0.0,0.0,1
28743907,-0.32448184,0.60319364,0.0098023,0.014778346,0.0,0.0,1
28768540,-0.33894467,0.5846844,0.024726523,0.014778346,0.0,0.0,1
28783343,-0.3446892,0.5743883,0.030614117,0.014778346,0.0,0.0,1
28803023,-0.35252282,0.56227124,0.038652375,0.014778346,0.0,0.0,1
28827687,-0.36023015,0.55043423,0.04645393,0.014778346,0.0,0.0,1
28842449,-0.3626852,0.5455564,0.048942305,0.014778346,0.0,0.0,1
28867086,-0.37045833,0.54112726,0.056938227,0.014778346,0.0,0.0,1
28886797,-0.3762414,0.5403728,0.06283728,0.014778346,0.0,0.0,1
28906526,-0.38076922,0.54180324,0.06749151,0.014778346,0.0,0.0,1
28926164,-0.38583827,0.5444584,0.072750434,0.014778346,0.0,0.0,1
28945890,-0.3909113,0.54790956,0.07798122,0.014778346,0.0,0.0,1
28965574,-0.39639884,0.5518683,0.08369562,0.014778346,0.0,0.0,1
28985367,-0.40385917,0.55525213,0.09142325,0.014778346,0.0,0.0,1
29005363,-0.4119689,0.55763817,0.099798925,0.014778346,0.0,0.0,1
29024959,-0.41961977,0.5583028,0.10765743,0.014778346,0.0,0.0,1
29044389,-0.4265032,0.5564466,0.114683814,0.014778346,0.0,0.0,1
29064097,-0.43359,0.55209845,0.121887095,0.014778346,0.0,0.0,1
29083810,-0.44065326,0.54600805,0.12899238,0.014778346,0.0,0.0,1
29108438,-0.45139384,0.53579235,0.13976897,0.014778346,0.0,0.0,1
29123206,-0.4582425,0.5282164,0.14659466,0.014778346,0.0,0.0,1
29142904,-0.46828485,0.5165516,0.15652303,0.014778346,0.0,0.0,1
29167538,-0.4794181,0.49889335,0.16731003,0.014778346,0.0,0.0,1
29187257,-0.4877368,0.4825585,0.17519039,0.014778346,0.0,0.0,1
29202066,-0.49228016,0.46892938,0.17928022,0.014778346,0.0,0.0,1
29226730,-0.49627408,0.4443847,0.18237707,0.014778346,0.0,0.0,1
29246360,-0.49910873,0.4248626,0.1846114,0.014778346,0.0,0.0,1
29266071,-0.5032618,0.40683928,0.18812479,0.014778346,0.0,0.0,1
29285768,-0.5083789,0.39050126,0.1926118,0.014778346,0.0,0.0,1
29305488,-0.5121043,0.3751454,0.19563453,0.014778346,0.0,0.0,1
29325176,-0.5127242,0.36100453,0.19559896,0.014778346,0.0,0.0,1
29344885,-0.51083046,0.34821203,0.19320406,0.014778346,0.0,0.0,1
29364585,-0.5087122,0.3372214,0.19070226,0.014778346,0.0,0.0,1
29384279,-0.50654554,0.32823843,0.1882492,0.014778346,0.0,0.0,1
29404294,-0.5051293,0.32105282,0.18664075,0.014778346,0.0,0.0,1
29423756,-0.5045479,0.31554502,0.18587095,0.014778346,0.0,0.0,1
29443418,-0.50122046,0.31084344,0.18237215,0.014778346,0.0,0.0,1
29468049,-0.4965946,0.30547914,0.17758165,0.014778346,0.0,0.0,1
29482818,-0.49180895,0.30186266,0.17279032,0.014778346,0.0,0.0,1
29507475,-0.48407164,0.2977673,0.16516499,0.014778346,0.0,0.0,1
29527129,-0.48379466,0.2954396,0.16504338,0.014778346,0.0,0.0,1
29541906,-0.4850432,0.29508367,0.16626635,0.014778346,0.0,0.0,1
29566533,-0.49138874,0.2972614,0.17277329,0.014778346,0.0,0.0,1
29586240,-0.49964657,0.30132195,0.18091297,0.014778346,0.0,0.0,1
29606001,-0.5048744,0.3076927,0.18613695,0.014778346,0.0,0.0,1
29625692,-0.5088503,0.31614974,0.19029425,0.014778346,0.0,0.0,1
29645360,-0.5103406,0.32553375,0.19200331,0.014778346,0.0,0.0,1
29665053,-0.51112384,0.33571622,0.19322838,0.014778346,0.0,0.0,1
29684766,-0.5149635,0.34598783,0.1974794,0.014778346,0.0,0.0,1
29704481,-0.5191968,0.35573322,0.20198083,0.014778346,0.0,0.0,1
29724165,-0.5246905,0.36445516,0.20780806,0.014778346,0.0,0.0,1
29748802,-0.53186274,0.3724279,0.21509029,0.014778346,0.0,0.0,1
29763574,-0.5342585,0.37520397,0.21750551,0.014778346,0.0,0.0,1
29783282,-0.53700995,0.37621546,0.2202572,0.014778346,0.0,0.0,1
29808023,-0.5403567,0.37360415,0.22341715,0.014778346,0.0,0.0,1
29822726,-0.5447292,0.37088606,0.22772981,0.014778346,0.0,0.0,1
29842409,-0.5548503,0.36602193,0.23756847,0.014778346,0.0,0.0,1
29867040,-0.56924725,0.35729152,0.25115892,0.014778346,0.0,0.0,1
29886783,-0.5779746,0.3462892,0.25900012,0.014778346,0.0,0.0,1
29906466,-0.58342147,0.33243588,0.26337022,0.014778346,0.0,0.0,1
29926155,-0.5829527,0.3159939,0.26183048,0.014778346,0.0,0.0,1
29945863,-0.5795948,0.29789436,0.257577,0.014778346,0.0,0.0,1
29965536,-0.57689804,0.28058416,0.2541135,0.014778346,0.0,0.0,1
29985240,-0.57535577,0.26464993,0.2519255,0.014778346,0.0,0.0,1
30004976,-0.5767399,0.2510925,0.25258762,0.014778346,0.0,0.0,1
30024680,-0.5785646,0.2396257,0.25372577,0.014778346,0.0,0.0,1
30044351,-0.5786958,0.22975287,0.25329238,0.014778346,0.0,0.0,1
30064055,-0.5773636,0.22077963,0.2514618,0.014778346,0.0,0.0,1
30088692,-0.5732757,0.21135777,0.2470208,0.014778346,0.0,0.0,1
30103465,-0.5715502,0.2069282,0.24522924,0.014778346,0.0,0.0,1
30123191,-0.57008463,0.20212182,0.24367085,0.014778346,0.0,0.0,1
30147799,-0.5713583,0.1982274,0.2448153,0.014778346,0.0,0.0,1
30167493,-0.57521564,0.19628574,0.2484354,0.014778346,0.0,0.0,1
30182307,-0.57787734,0.19506139,0.2508344,0.014778346,0.0,0.0,1
30206984,-0.58191985,0.19307153,0.2545485,0.014778346,0.0,0.0,1
30226618,-0.5843131,0.19141269,0.2566737,0.014778346,0.0,0.0,1
30241393,-0.5863378,0.19077393,0.25857496,0.014778346,0.0,0.0,1
30266020,-0.5907469,0.1915031,0.2628118,0.014778346,0.0,0.0,1
30285720,-0.5948803,0.19328336,0.26682055,0.014778346,0.0,0.0,1
30305418,-0.6001819,0.19607548,0.27206105,0.014778346,0.0,0.0,1
30325138,-0.6074095,0.1990469,0.27906886,0.014778346,0.0,0.0,1
30344833,-0.6145838,0.20126572,0.28589863,0.014778346,0.0,0.0,1
30364568,-0.6216937,0.20189233,0.29261306,0.014778346,0.0,0.0,1
30384274,-0.6298343,0.20118771,0.3002566,0.014778346,0.0,0.0,1
30404013,-0.6391916,0.1996421,0.30894968,0.014778346,0.0,0.0,1
30423738,-0.6500345,0.196799,0.31893337,0.014778346,0.0,0.0,1
30448274,-0.6641136,0.1918212,0.33163354,0.014778346,0.0,0.0,1
30463087,-0.67211914,0.18865989,0.33887187,0.014778346,0.0,0.0,1
30487719,-0.687813,0.18464018,0.35321602,0.014778346,0.0,0.0,1
30507409,-0.7025238,0.18288279,0.36678192,0.014778346,0.0,0.0,1
30522224,-0.7159516,0.18225285,0.37643087,0.014778346,0.0,0.0,1
30546804,-0.7363938,0.17855796,0.3754876,0.014778346,0.0,0.0,1
30566494,-0.749863,0.17518237,0.3749556,0.014778346,0.0,0.0,1
30586232,-0.7615517,0.17186765,0.37455863,0.014778346,0.0,0.0,1
30605981,-0.7710038,0.17008248,0.37418404,0.014778346,0.0,0.0,1
30625605,-0.7804084,0.1708347,0.37360013,0.014778346,0.0,0.0,1
30645312,-0.79281425,0.17522468,0.3725044,0.014778346,0.0,0.0,1
30665019,-0.8055544,0.18240662,0.3710688,0.014778346,0.0,0.0,1
30684763,-0.81650776,0.1919738,0.36941037,0.014778346,0.0,0.0,1
30704430,-0.82344234,0.20338322,0.36770612,0.014778346,0.0,0.0,1
30729069,-0.8284878,0.22036281,0.36538,0.014778346,0.0,0.0,1
30743830,-0.8299531,0.23160861,0.36390722,0.014778346,0.0,0.0,1
30763534,-0.83029014,0.24669334,0.36199546,0.014778346,0.0,0.0,1
30788189,-0.8298804,0.26485753,0.35968554,0.014778346,0.0,0.0,1
30802990,-0.8291825,0.2750808,0.35839483,0.014778346,0.0,0.0,1
30822656,-0.82821655,0.28675362,0.35691243,0.014778346,0.0,0.0,1
30847265,-0.825779,0.29742724,0.3556893,0.014778346,0.0,0.0,1
30866994,-0.82111186,0.30223912,0.35549685,0.014778346,0.0,0.0,1
30886708,-0.81533426,0.30360478,0.35589948,0.014778346,0.0,0.0,1
30906379,-0.8092036,0.30242777,0.35668385,0.014778346,0.0,0.0,1
30926106,-0.80346197,0.2993435,0.3576729,0.014778346,0.0,0.0,1
30945838,-0.7986468,0.29481852,0.35873818,0.014778346,0.0,0.0,1
30965536,-0.79352534,0.28998104,0.35985196,0.014778346,0.0,0.0,1
30985312,-0.78797746,0.28532645,0.36096182,0.014778346,0.0,0.0,1
31004987,-0.78329206,0.28187045,0.36182493,0.014778346,0.0,0.0,1
31024620,-0.78080815,0.28079402,0.36218816,0.014778346,0.0,0.0,1
31044309,-0.7809841,0.28341356,0.36186293,0.014778346,0.0,0.0,1
31064013,-0.78445095,0.29160017,0.36054552,0.014778346,0.0,0.0,1
31083727,-0.79027677,0.30647042,0.3581079,0.014778346,0.0,0.0,1
31103419,-0.7972309,0.32779056,0.35456428,0.014778346,0.0,0.0,1
31128060,-0.8064055,0.3628846,0.34853002,0.014778346,0.0,0.0,1
31147753,-0.8131161,0.39623815,0.34256005,0.014778346,0.0,0.0,1
31162531,-0.81842554,0.42345577,0.3373774,0.014778346,0.0,0.0,1
31187196,-0.8273242,0.47032285,0.3277878,0.014778346,0.0,0.0,1
31206882,-0.8339955,0.5071675,0.31967962,0.014778346,0.0,0.0,1
31221671,-0.8388104,0.533336,0.31357336,0.014778346,0.0,0.0,1
31246299,-0.8485976,0.5728164,0.3033188,0.014778346,0.0,0.0,1
31265975,-0.8557884,0.5996472,0.2958245,0.014778346,0.0,0.0,1
31285687,-0.86071587,0.6202499,0.28996632,0.014778346,0.0,0.0,1
31305382,-0.8610923,0.63416916,0.2865654,0.014778346,0.0,0.0,1
31325097,-0.8581502,0.641391,0.2854968,0.014778346,0.0,0.0,1
31344793,-0.8544259,0.6427035,0.28603548,0.014778346,0.0,0.0,1
31364502,-0.85089874,0.6386468,0.28781202,0.014778346,0.0,0.0,1
31384317,-0.84655577,0.6299633,0.2908414,0.014778346,0.0,0.0,1
31403968,-0.84181607,0.61685926,0.29491982,0.014778346,0.0,0.0,1
31428556,-0.8335381,0.595974,0.30137753,0.014778346,0.0,0.0,1
31443344,-0.8269431,0.5820976,0.30575576,0.014778346,0.0,0.0,1
31463037,-0.8169879,0.56249154,0.31186202,0.014778346,0.0,0.0,1
31487641,-0.8018581,0.5365078,0.31993735,0.014778346,0.0,0.0,1
31502415,-0.7907688,0.5205905,0.32498673,0.014778346,0.0,0.0,1
31527072,-0.771528,0.49465027,0.33299914,0.014778346,0.0,0.0,1
31546753,-0.758193,0.47623208,0.3383053,0.014778346,0.0,0.0,1
31566464,-0.74593383,0.46078032,0.34272715,0.014778346,0.0,0.0,1
31586179,-0.73402566,0.4482497,0.34648165,0.014778346,0.0,0.0,1
31605857,-0.7202955,0.43846634,0.35000503,0.014778346,0.0,0.0,1
31625587,-0.7045607,0.430769,0.35345638,0.014778346,0.0,0.0,1
31645280,-0.6889093,0.42461997,0.3566169,0.014778346,0.0,0.0,1
31664978,-0.6743568,0.4199057,0.35632202,0.014778346,0.0,0.0,1
31684683,-0.6598714,0.41453737,0.341833,0.014778346,0.0,0.0,1
31704387,-0.6491585,0.41002414,0.3312654,0.014778346,0.0,0.0,1
31724083,-0.64078546,0.40604874,0.322926,0.014778346,0.0,0.0,1
31743792,-0.63317376,0.40231755,0.31532654,0.014778346,0.0,0.0,1
31768545,-0.62507725,0.39759824,0.30718672,0.014778346,0.0,0.0,1
31783270,-0.61957484,0.39474553,0.30162123,0.014778346,0.0,0.0,1
31802925,-0.61206365,0.39074105,0.2940934,0.014778346,0.0,0.0,1
31827570,-0.6053711,0.3869751,0.28748927,0.014778346,0.0,0.0,1
31847236,-0.6030322,0.3853387,0.2852091,0.014778346,0.0,0.0,1
31862027,-0.6041299,0.38513163,0.286386,0.014778346,0.0,0.0,1
31886664,-0.6063875,0.38776746,0.2887276,0.014778346,0.0,0.0,1
31906345,-0.6070194,0.3923506,0.28951505,0.014778346,0.0,0.0,1
31926070,-0.6056787,0.3998526,0.28861496,0.014778346,0.0,0.0,1
31945783,-0.6022317,0.4109487,0.28575447,0.014778346,0.0,0.0,1
31965488,-0.5971079,0.4252703,0.28153002,0.014778346,0.0,0.0,1
31985209,-0.59263164,0.44229135,0.27804396,0.014778346,0.0,0.0,1
32004905,-0.589409,0.46234852,0.275931,0.014778346,0.0,0.0,1
32024589,-0.58814675,0.4830934,0.275775,0.014778346,0.0,0.0,1
32044270,-0.58909756,0.5028121,0.27770582,0.014778346,0.0,0.0,1
32063975,-0.58936566,0.51978034,0.27875605,0.014778346,0.0,0.0,1
32083694,-0.5882035,0.5326719,0.27816617,0.014778346,0.0,0.0,1
32103377,-0.58358544,0.5407827,0.27384073,0.014778346,0.0,0.0,1
32128015,-0.57361245,0.5449157,0.26387644,0.014778346,0.0,0.0,1
32142806,-0.56718,0.54393953,0.25737318,0.014778346,0.0,0.0,1
32167548,-0.5586789,0.53927857,0.24861874,0.014778346,0.0,0.0,1
32187404,-0.5550409,0.53329533,0.24475294,0.014778346,0.0,0.0,1
32201905,-0.5530929,0.5281516,0.24257192,0.014778346,0.0,0.0,1
32226542,-0.5502776,0.51874226,0.23934215,0.014778346,0.0,0.0,1
32246230,-0.5474153,0.5100171,0.23608701,0.014778346,0.0,0.0,1
32265932,-0.5446637,0.5002448,0.23291545,0.014778346,0.0,0.0,1
32285638,-0.54165465,0.48935232,0.22943826,0.014778346,0.0,0.0,1
32305343,-0.5402609,0.47721443,0.22760426,0.014778346,0.0,0.0,1
32325053,-0.541803,0.4641179,0.22866717,0.014778346,0.0,0.0,1
32344749,-0.54604393,0.4505951,0.23240796,0.014778346,0.0,0.0,1
32364481,-0.5542655,0.43777502,0.24015543,0.014778346,0.0,0.0,1
32384185,-0.5648789,0.42608774,0.25014246,0.014778346,0.0,0.0,1
32408830,-0.57733345,0.4142181,0.26186228,0.014778346,0.0,0.0,1
32423612,-0.5851518,0.40940776,0.2693283,0.014778346,0.0,0.0,1
32443293,-0.5955818,0.40607032,0.2794255,0.014778346,0.0,0.0,1
32467967,-0.612788,0.40785578,0.29656178,0.014778346,0.0,0.0,1
32482682,-0.62603265,0.41126797,0.30978727,0.014778346,0.0,0.0,1
32502370,-0.645981,0.41799232,0.32968977,0.014778346,0.0,0.0,1
32527017,-0.6727118,0.4281257,0.35638356,0.014778346,0.0,0.0,1
32546855,-0.6908984,0.43553504,0.35498574,0.014778346,0.0,0.0,1
32566682,-0.70707065,0.44280598,0.35151228,0.014778346,0.0,0.0,1
32586382,-0.7222413,0.45159063,0.3479008,0.014778346,0.0,0.0,1
32605823,-0.7356681,0.46226215,0.34419027,0.014778346,0.0,0.0,1
32625526,-0.74705195,0.47477475,0.34041145,0.014778346,0.0,0.0,1
32645240,-0.75685585,0.48923174,0.3364508,0.014778346,0.0,0.0,1
32664937,-0.76501197,0.5054657,0.33232838,0.014778346,0.0,0.0,1
32684645,-0.7718729,0.5228118,0.32808426,0.014778346,0.0,0.0,1
32704376,-0.776903,0.5390371,0.32422918,0.014778346,0.0,0.0,1
32724048,-0.7809451,0.5525809,0.3209418,0.014778346,0.0,0.0,1
32748683,-0.7859396,0.5653596,0.31751943,0.014778346,0.0,0.0,1
32763488,-0.7887818,0.57088697,0.31587186,0.014778346,0.0,0.0,1
32783186,-0.7918313,0.57540584,0.3143613,0.014778346,0.0,0.0,1
32807798,-0.7940508,0.576499,0.313689,0.014778346,0.0,0.0,1
32822571,-0.7936669,0.5742381,0.31421652,0.014778346,0.0,0.0,1
32842273,-0.79179025,0.5677365,0.31587806,0.014778346,0.0,0.0,1
32866900,-0.78935164,0.55438685,0.31894562,0.014778346,0.0,0.0,1
32886628,-0.78797483,0.5396296,0.32199928,0.014778346,0.0,0.0,1
32901376,-0.78749406,0.52656645,0.324503,0.014778346,0.0,0.0,1
32926010,-0.7867522,0.5011577,0.32919496,0.014778346,0.0,0.0,1
32945715,-0.7872608,0.47849762,0.33302543,0.014778346,0.0,0.0,1
32965899,-0.7901351,0.45521706,0.3364525,0.014778346,0.0,0.0,1
32985190,-0.79224664,0.43186653,0.33991444,0.014778346,0.0,0.0,1
33004853,-0.7928703,0.40913248,0.3433879,0.014778346,0.0,0.0,1
33024570,-0.7923417,0.38843602,0.3465901,0.014778346,0.0,0.0,1
33044267,-0.7937795,0.37260783,0.34872118,0.014778346,0.0,0.0,1
33063932,-0.7979428,0.36292985,0.34958944,0.014778346,0.0,0.0,1
33083650,-0.80252373,0.35881147,0.34961373,0.014778346,0.0,0.0,1
33108268,-0.80799764,0.3594315,0.34884745,0.014778346,0.0,0.0,1
33123047,-0.810238,0.36108404,0.34832674,0.014778346,0.0,0.0,1
33147692,-0.8136338,0.36460653,0.3473787,0.014778346,0.0,0.0,1
33167404,-0.8185985,0.36786896,0.34626132,0.014778346,0.0,0.0,1
33182186,-0.82230425,0.36954316,0.34553635,0.014778346,0.0,0.0,1
33206795,-0.82600456,0.3702257,0.3449626,0.014778346,0.0,0.0,1
33226493,-0.82834214,0.3688147,0.34488916,0.014778346,0.0,0.0,1
33246195,-0.83122855,0.3655669,0.34503806,0.014778346,0.0,0.0,1
33265917,-0.8344623,0.36034405,0.34545943,0.014778346,0.0,0.0,1
33285601,-0.8363655,0.35236055,0.34647796,0.014778346,0.0,0.0,1
33305308,-0.8374609,0.34143612,0.34803757,0.014778346,0.0,0.0,1
33325028,-0.83836436,0.3278261,0.35000116,0.014778346,0.0,0.0,1
33344773,-0.8392624,0.3117396,0.3522909,0.014778346,0.0,0.0,1
33364694,-0.83980376,0.29368496,0.3548412,0.014778346,0.0,0.0,1
33389044,-0.83992594,0.2688039,0.35828894,0.014778346,0.0,0.0,1
33403825,-0.83989805,0.25313815,0.36039057,0.014778346,0.0,0.0,1
33423524,-0.8401796,0.23251136,0.36304125,0.014778346,0.0,0.0,1
33448183,-0.84285957,0.20866056,0.36582732,0.014778346,0.0,0.0,1
33462963,-0.8437696,0.19615659,0.36728203,0.014778346,0.0,0.0,1
33482669,-0.843055,0.1822431,0.36896262,0.014778346,0.0,0.0,1
33507318,-0.8405796,0.1698036,0.37051356,0.014778346,0.0,0.0,1
33526969,-0.8373288,0.16415909,0.37130228,0.014778346,0.0,0.0,1
33546727,-0.8343338,0.16245016,0.37163454,0.014778346,0.0,0.0,1
33566403,-0.83183306,0.16478167,0.37150538,0.014778346,0.0,0.0,1
33586080,-0.82923734,0.17024782,0.37104678,0.014778346,0.0,0.0,1
33605791,-0.82629645,0.1778754,0.3703763,0.014778346,0.0,0.0,1
33625485,-0.8216524,0.18672352,0.36967504,0.014778346,0.0,0.0,1
33645217,-0.81503344,0.19592439,0.369071,0.014778346,0.0,0.0,1
33664910,-0.8065397,0.20453635,0.36868176,0.014778346,0.0,0.0,1
33684598,-0.79521936,0.21149157,0.36870438,0.014778346,0.0,0.0,1
33704302,-0.78235215,0.21600597,0.36914098,0.014778346,0.0,0.0,1
33724011,-0.76920646,0.21772157,0.36991802,0.014778346,0.0,0.0,1
33743981,-0.7574026,0.21620391,0.37092125,0.014778346,0.0,0.0,1
33763681,-0.747236,0.21181454,0.37205178,0.014778346,0.0,0.0,1
33788050,-0.73403805,0.20292614,0.37373048,0.014778346,0.0,0.0,1
33807752,-0.723799,0.19359218,0.37514994,0.014778346,0.0,0.0,1
33822530,-0.7169743,0.18610361,0.3761381,0.014778346,0.0,0.0,1
33847172,-0.7047992,0.173162,0.36667877,0.014778346,0.0,0.0,1
33866861,-0.6959484,0.164359,0.35808682,0.014778346,0.0,0.0,1
33881667,-0.68978864,0.15909971,0.35195488,0.014778346,0.0,0.0,1
33906269,-0.67663324,0.15411861,0.33947682,0.014778346,0.0,0.0,1
33926002,-0.6652518,0.15371892,0.32888958,0.014778346,0.0,0.0,1
33945728,-0.65148747,0.1571537,0.3162734,0.014778346,0.0,0.0,1
33965408,-0.6331065,0.16361651,0.29965457,0.014778346,0.0,0.0,1
33985084,-0.61486834,0.17248319,0.28325665,0.014778346,0.0,0.0,1
34004788,-0.5970562,0.1839393,0.26724356,0.014778346,0.0,0.0,1
34024540,-0.5798068,0.19584359,0.2519682,0.014778346,0.0,0.0,1
34044221,-0.56761855,0.20778312,0.24131444,0.014778346,0.0,0.0,1
34063927,-0.56027883,0.21878067,0.2350644,0.014778346,0.0,0.0,1
34088517,-0.55373096,0.2298601,0.22944348,0.014778346,0.0,0.0,1
34103301,-0.5514082,0.23501348,0.22761199,0.014778346,0.0,0.0,1
34123011,-0.5511052,0.23989032,0.22764732,0.014778346,0.0,0.0,1
34147710,-0.55351466,0.24295521,0.23014739,0.014778346,0.0,0.0,1
34162701,-0.55539924,0.24294047,0.23194729,0.014778346,0.0,0.0,1
34187046,-0.56012017,0.24044333,0.23642913,0.014778346,0.0,0.0,1
34206768,-0.5670912,0.23602661,0.24296708,0.014778346,0.0,0.0,1
34226466,-0.5759853,0.23008813,0.25117084,0.014778346,0.0,0.0,1
34246149,-0.58716637,0.22262302,0.2615074,0.014778346,0.0,0.0,1
34265863,-0.6010285,0.21406671,0.27418968,0.014778346,0.0,0.0,1
34285563,-0.6159674,0.20528056,0.28775153,0.014778346,0.0,0.0,1
34305264,-0.63217527,0.19656327,0.30248287,0.014778346,0.0,0.0,1
34324977,-0.6502006,0.18787566,0.31878105,0.014778346,0.0,0.0,1
34344702,-0.66906494,0.17903978,0.33571067,0.014778346,0.0,0.0,1
34364403,-0.6901672,0.17083962,0.3547522,0.014778346,0.0,0.0,1
34384083,-0.7135394,0.1642908,0.3757402,0.014778346,0.0,0.0,1
34403787,-0.7328428,0.15723851,0.37723872,0.014778346,0.0,0.0,1
34428414,-0.7548398,0.15205649,0.3764977,0.014778346,0.0,0.0,1
34443213,-0.76657593,0.15076092,0.37602696,0.014778346,0.0,0.0,1
34462914,-0.77923805,0.15011801,0.37547523,0.014778346,0.0,0.0,1
34487591,-0.7910189,0.1527618,0.37468407,0.014778346,0.0,0.0,1
34507267,-0.795267,0.15401296,0.37436816,0.014778346,0.0,0.0,1
34522170,-0.79527265,0.15333977,0.3744296,0.014778346,0.0,0.0,1
34546746,-0.79065824,0.15297087,0.37468296,0.014778346,0.0,0.0,1
34566376,-0.7866217,0.15061161,0.37508416,0.014778346,0.0,0.0,1
34586046,-0.78242123,0.14856865,0.3754578,0.014778346,0.0,0.0,1
34605751,-0.77767897,0.1473527,0.3757811,0.014778346,0.0,0.0,1
34625459,-0.77295256,0.14496945,0.37619582,0.014778346,0.0,0.0,1
34645152,-0.76693064,0.14177172,0.37672445,0.014778346,0.0,0.0,1
34664865,-0.7602744,0.13664705,0.37741163,0.014778346,0.0,0.0,1
34684577,-0.7560638,0.12856854,0.37817976,0.014778346,0.0,0.0,1
34704262,-0.7522271,0.1174326,0.37910217,0.014778346,0.0,0.0,1
34723994,-0.75244516,0.10222397,0.3800957,0.014778346,0.0,0.0,1
34743705,-0.75636935,0.08410392,0.38112387,0.014778346,0.0,0.0,1
34763409,-0.76235116,0.0643432,0.3821926,0.014778346,0.0,0.0,1
34788003,-0.77338904,0.039526425,0.3835123,0.014778346,0.0,0.0,1
34802785,-0.7801402,0.025924267,0.38426512,0.014778346,0.0,0.0,1
34827416,-0.7887248,0.00693394,0.38536125,0.014778346,0.0,0.0,1
34847117,-0.7929823,-0.0047113383,0.38604587,0.014778346,0.0,0.0,1
34861895,-0.7956611,-0.010828036,0.38641468,0.014778346,0.0,0.0,1
34886542,-0.7997459,-0.016241614,0.38677046,0.014778346,0.0,0.0,1
34906224,-0.7991884,-0.016681045,0.38678613,0.014778346,0.0,0.0,1
34925931,-0.79535043,-0.014196189,0.386594,0.014778346,0.0,0.0,1
34945710,-0.7878038,-0.009714052,0.3862566,0.014778346,0.0,0.0,1
34965359,-0.77660656,-0.004478305,0.38587025,0.014778346,0.0,0.0,1
34985071,-0.7636389,0.0009075783,0.38550952,0.014778346,0.0,0.0,1
35004806,-0.7499779,0.0060772374,0.38520977,0.014778346,0.0,0.0,1
35024480,-0.7358885,0.0107513815,0.38107377,0.014778346,0.0,0.0,1
35044158,-0.71577513,0.012560554,0.36326346,0.014778346,0.0,0.0,1
35068820,-0.6873983,0.013089746,0.33796898,0.014778346,0.0,0.0,1
35083600,-0.67012334,0.012419568,0.32252732,0.014778346,0.0,0.0,1
35103290,-0.64723504,0.0107244495,0.30191523,0.014778346,0.0,0.0,1
35127927,-0.6194468,0.0069484436,0.27680117,0.014778346,0.0,0.0,1
35142706,-0.6039009,0.0039716605,0.2626439,0.014778346,0.0,0.0,1
35162396,-0.58279514,-0.0005814847,0.24333806,0.014778346,0.0,0.0,1
35187025,-0.5591311,-0.006813777,0.22190829,0.014778346,0.0,0.0,1
35206718,-0.5449107,-0.011296984,0.20898318,0.014778346,0.0,0.0,1
35226408,-0.53180814,-0.0150630325,0.196984,0.014778346,0.0,0.0,1
35246114,-0.5199084,-0.018100394,0.1862077,0.014778346,0.0,0.0,1
35265835,-0.50920314,-0.02065427,0.17635074,0.014778346,0.0,0.0,1
35285522,-0.4962216,-0.022846485,0.16435686,0.014778346,0.0,0.0,1
35305226,-0.48261282,-0.024344243,0.15200347,0.014778346,0.0,0.0,1
35324941,-0.469998,-0.024880987,0.14058346,0.014778346,0.0,0.0,1
35344717,-0.4586211,-0.024313241,0.13037568,0.014778346,0.0,0.0,1
35364342,-0.44997904,-0.022626864,0.12271587,0.014778346,0.0,0.0,1
35384054,-0.44308144,-0.019703742,0.1165782,0.014778346,0.0,0.0,1
35408677,-0.438211,-0.014403631,0.112511076,0.014778346,0.0,0.0,1
35423452,-0.436257,-0.010451585,0.1108143,0.014778346,0.0,0.0,1
35443156,-0.4324974,-0.0041882205,0.107497305,0.014778346,0.0,0.0,1
35467777,-0.43090773,0.005246252,0.106492326,0.014778346,0.0,0.0,1
35487484,-0.43116653,0.013819651,0.10693709,0.014778346,0.0,0.0,1
35502282,-0.43023753,0.020771345,0.10606397,0.014778346,0.0,0.0,1
35526916,-0.4227526,0.030382134,0.09901294,0.014778346,0.0,0.0,1
35546673,-0.4047092,0.032296233,0.08156027,0.014778346,0.0,0.0,1
35561446,-0.3909256,0.03063698,0.0694099,0.014778346,0.0,0.0,1
35586025,-0.38515508,0.022546398,0.064623125,0.014778346,0.0,0.0,1
35605734,-0.3857555,0.009615863,0.06512686,0.014778346,0.0,0.0,1
35625403,-0.39262986,-0.006632426,0.07176648,0.014778346,0.0,0.0,1
35645113,-0.40205723,-0.0282542,0.07960752,0.014778346,0.0,0.0,1
35664846,-0.3959993,-0.054340355,0.07254323,0.014778346,0.0,0.0,1
35684526,-0.3862835,-0.08061516,0.06392833,0.014778346,0.0,0.0,1
35704226,-0.38055092,-0.108408324,0.05807595,0.014778346,0.0,0.0,1
35723952,-0.36826983,-0.13332817,0.0463603,0.014778346,0.0,0.0,1
35743711,-0.3598462,-0.15349454,0.039551646,0.014778346,0.0,0.0,1
35768269,-0.36305374,-0.17412359,0.042531874,0.014778346,0.0,0.0,1
35783069,-0.3649203,-0.18319172,0.04400888,0.014778346,0.0,0.0,1
35807679,-0.37048414,-0.19239734,0.0489719,0.014778346,0.0,0.0,1
35827392,-0.37344036,-0.19716112,0.051313937,0.014778346,0.0,0.0,1
35842146,-0.37472424,-0.19854093,0.052470338,0.014778346,0.0,0.0,1
35866801,-0.3808616,-0.19660458,0.05813796,0.014778346,0.0,0.0,1
35886487,-0.385606,-0.1921377,0.062268328,0.014778346,0.0,0.0,1
35906188,-0.3920054,-0.18450873,0.06825486,0.014778346,0.0,0.0,1
35925919,-0.39996862,-0.1739593,0.07538507,0.014778346,0.0,0.0,1
35945629,-0.40503517,-0.16165721,0.079900734,0.014778346,0.0,0.0,1
35965310,-0.4099005,-0.14730738,0.08452917,0.014778346,0.0,0.0,1
35985004,-0.41465554,-0.13132888,0.089062646,0.014778346,0.0,0.0,1
36004727,-0.41795266,-0.11385272,0.092221126,0.014778346,0.0,0.0,1
36024449,-0.4204142,-0.09248526,0.0949524,0.014778346,0.0,0.0,1
36049075,-0.42556828,-0.05773031,0.100543015,0.014778346,0.0,0.0,1
36063864,-0.43085316,-0.03237541,0.10605091,0.014778346,0.0,0.0,1
36083547,-0.43714905,0.0064830175,0.112591095,0.014778346,0.0,0.0,1
36108389,-0.44064182,0.060497474,0.11700608,0.014778346,0.0,0.0,1
36123015,-0.4413375,0.09398179,0.11860418,0.014778346,0.0,0.0,1
36142713,-0.4455754,0.13850062,0.123986185,0.014778346,0.0,0.0,1
36167256,-0.45612723,0.1908881,0.13556132,0.014778346,0.0,0.0,1
36186966,-0.46366704,0.22787128,0.14371847,0.014778346,0.0,0.0,1
36206720,-0.4696677,0.2597495,0.15045509,0.014778346,0.0,0.0,1
36226376,-0.47328445,0.2849713,0.15458125,0.014778346,0.0,0.0,1
36246083,-0.47149575,0.30359402,0.15315802,0.014778346,0.0,0.0,1
36266031,-0.4665192,0.31549293,0.14862807,0.014778346,0.0,0.0,1
36285480,-0.46269044,0.3211519,0.14508066,0.014778346,0.0,0.0,1
36305186,-0.45979604,0.32211417,0.14230448,0.014778346,0.0,0.0,1
36324930,-0.4586625,0.31893352,0.14116119,0.014778346,0.0,0.0,1
36344634,-0.4588019,0.31137848,0.14107813,0.014778346,0.0,0.0,1
36364303,-0.45672405,0.29778793,0.13851191,0.014778346,0.0,0.0,1
36383998,-0.45102906,0.27660668,0.13219643,0.014778346,0.0,0.0,1
36403715,-0.44481048,0.24755658,0.1254416,0.014778346,0.0,0.0,1
36423407,-0.44182596,0.21136636,0.12181641,0.014778346,0.0,0.0,1
36448045,-0.45044884,0.158025,0.12922788,0.014778346,0.0,0.0,1
36467753,-0.47084898,0.112280585,0.1475837,0.014778346,0.0,0.0,1
36482523,-0.48815963,0.07489133,0.16225465,0.019704461,0.0,0.0,1
36507249,-0.5112486,0.0064866366,0.18078293,0.025862098,0.0,0.0,1
36527111,-0.5312397,-0.043748923,0.19697234,0.033251256,0.0,0.0,1
36541672,-0.5475267,-0.078252554,0.21004085,0.040640414,0.0,0.0,1
36566261,-0.58410853,-0.121876836,0.24123885,0.044335008,0.0,0.0,1
36585991,-0.62552935,-0.13407122,0.27714327,0.049261123,0.0,0.0,1
36605718,-0.6574198,-0.13262637,0.3042181,0.052955687,0.0,0.0,1
36625411,-0.68078333,-0.11880815,0.32529563,0.057881802,0.0,0.0,1
36645111,-0.69631726,-0.09472009,0.33975306,0.057881802,0.0,0.0,1
36664786,-0.70206213,-0.06766997,0.34659663,0.060344845,0.0,0.0,1
36684483,-0.70809126,-0.03727015,0.3545012,0.061576396,0.0,0.0,1
36704187,-0.71272826,-0.0070802798,0.36066338,0.061576396,0.0,0.0,1
36723917,-0.7143018,0.019200308,0.36399886,0.061576396,0.0,0.0,1
36748532,-0.7103901,0.047136035,0.3622659,0.061576396,0.0,0.0,1
36763299,-0.70384055,0.061238967,0.35741904,0.061576396,0.0,0.0,1
36782998,-0.6938234,0.07782611,0.34949,0.06280792,0.0,0.0,1
36807635,-0.6722372,0.09454278,0.33065888,0.06403944,0.0,0.0,1
36822415,-0.6560552,0.10249609,0.3165404,0.06403944,0.0,0.0,1
36847033,-0.63025594,0.11433958,0.29358593,0.07389167,0.0,0.0,1
36866752,-0.60729784,0.1226257,0.27295643,0.07389167,0.0,0.0,1
36886465,-0.58598304,0.1315036,0.25379997,0.078817755,0.0,0.0,1
36906279,-0.56345093,0.14156231,0.23304966,0.08374387,0.0,0.0,1
36926294,-0.535949,0.1527882,0.20778573,0.08620691,0.0,0.0,1
36945560,-0.50438625,0.16707003,0.17851502,0.087438464,0.0,0.0,1
36965257,-0.46941775,0.18382768,0.14583586,0.08990151,0.0,0.0,1
36984974,-0.43460304,0.20398341,0.11329045,0.09113303,0.0,0.0,1
37004672,-0.40318945,0.2273567,0.08383732,0.09236455,0.0,0.0,1
37024371,-0.37642065,0.2519617,0.05855468,0.09236455,0.0,0.0,1
37044078,-0.35363793,0.27584797,0.036724538,0.09236455,0.0,0.0,1
37063797,-0.3318356,0.29701322,0.015623692,0.09236455,0.0,0.0,1
37088441,-0.3078269,0.31698796,-0.007874525,0.09236455,0.0,0.0,1
37103216,-0.29420882,0.32505572,-0.021334054,0.09236455,0.0,0.0,1
37122976,-0.27566513,0.33122236,-0.039626606,0.09236455,0.0,0.0,1
37147521,-0.2564762,0.3315148,-0.058417868,0.0935961,0.0,0.0,1
37167239,-0.24351794,0.32719296,-0.07110599,0.0935961,0.0,0.0,1
37182002,-0.23650496,0.32198992,-0.07775686,0.0935961,0.0,0.0,1
37206640,-0.22940254,0.3097135,-0.08448081,0.09605914,0.0,0.0,1
37226332,-0.2259744,0.297001,-0.08746392,0.09605914,0.0,0.0,1
37246058,-0.22901422,0.28121018,-0.083943486,0.097290665,0.0,0.0,1
37265752,-0.23536836,0.26260468,-0.07738455,0.097290665,0.0,0.0,1
37285466,-0.23798773,0.24177529,-0.07465733,0.097290665,0.0,0.0,1
37305305,-0.24556375,0.2180341,-0.06651204,0.10098526,0.0,0.0,1
37325127,-0.24649516,0.19336545,-0.06609975,0.10098526,0.0,0.0,1
37344556,-0.23156276,0.17017849,-0.08075777,0.10467982,0.0,0.0,1
37364259,-0.20981576,0.14935541,-0.10126218,0.10467982,0.0,0.0,1
37383974,-0.18038526,0.13471414,-0.12914115,0.10221678,0.0,0.0,1
37403692,-0.1456842,0.12874305,-0.16173716,0.10221678,0.0,0.0,1
37423368,-0.1216517,0.1291434,-0.18358713,0.10467982,0.0,0.0,1
37448001,-0.09291285,0.14015837,-0.21138869,0.10221678,0.0,0.0,1
37462783,-0.078470424,0.15141085,-0.22473197,0.10221678,0.0,0.0,1
37487407,-0.06358097,0.17276922,-0.23942421,0.10221678,0.0,0.0,1
37507138,-0.05687556,0.19180182,-0.2465022,0.10221678,0.0,0.0,1
37521921,-0.059664674,0.20387532,-0.24404438,0.10221678,0.0,0.0,1
37546522,-0.08213119,0.21653596,-0.22235173,0.10221678,0.0,0.0,1
37566230,-0.113421656,0.21931131,-0.1922697,0.10467982,0.0,0.0,1
37585928,-0.15609238,0.21619724,-0.15105267,0.10467982,0.0,0.0,1
37605640,-0.20575596,0.2107682,-0.102916926,0.10467982,0.0,0.0,1
37625362,-0.2607325,0.20546468,-0.04964341,0.10837442,0.0,0.0,1
37645073,-0.3196601,0.20255439,0.0069686947,0.10837442,0.0,0.0,1
37664779,-0.3780688,0.20316787,0.063204266,0.10837442,0.0,0.0,1
37684508,-0.43693423,0.20706508,0.11976785,0.11206901,0.0,0.0,1
37704556,-0.49303,0.21281981,0.17353341,0.11822662,0.0,0.0,1
37728824,-0.5607372,0.22102414,0.23819432,0.12068969,0.0,0.0,1
37743549,-0.5964078,0.22497305,0.27191794,0.12315273,0.0,0.0,1
37763253,-0.62949973,0.2258357,0.3022278,0.124384254,0.0,0.0,1
37787893,-0.65409267,0.21923979,0.3244073,0.12931037,0.0,0.0,1
37802675,-0.66953015,0.213098,0.3389403,0.13423648,0.0,0.0,1
37822369,-0.70725065,0.20910373,0.37437814,0.13669953,0.0,0.0,1
37846999,-0.7534575,0.20274432,0.37241563,0.13793108,0.0,0.0,1
37866709,-0.78601205,0.19679327,0.37082,0.1391626,0.0,0.0,1
37886428,-0.8139459,0.19072802,0.3697047,0.1391626,0.0,0.0,1
37906140,-0.8312736,0.18620212,0.3691771,0.1391626,0.0,0.0,1
37925853,-0.84725595,0.18513112,0.36838514,0.14162564,0.0,0.0,1
37945540,-0.85985905,0.18677624,0.36747217,0.14778328,0.0,0.0,1
37965238,-0.86424595,0.18883948,0.36696574,0.15394092,0.0,0.0,1
37984944,-0.861335,0.19052185,0.3669224,0.16009855,0.0,0.0,1
38004641,-0.8518699,0.19185069,0.36731106,0.16379315,0.0,0.0,1
38024334,-0.842207,0.19391362,0.3676381,0.16748771,0.0,0.0,1
38044035,-0.8320648,0.19655593,0.36794645,0.17364535,0.0,0.0,1
38068678,-0.81410605,0.19961315,0.36872807,0.1810345,0.0,0.0,1
38083457,-0.80143976,0.20126098,0.36936602,0.1810345,0.0,0.0,1
38103434,-0.7806547,0.20379621,0.37047845,0.1810345,0.0,0.0,1
38127829,-0.7556325,0.2067417,0.3719079,0.1810345,0.0,0.0,1
38147507,-0.7360637,0.20865358,0.3731173,0.18226603,0.0,0.0,1
38162285,-0.72114664,0.20893438,0.3741621,0.1847291,0.0,0.0,1
38186900,-0.69696003,0.20590928,0.36154845,0.19088674,0.0,0.0,1
38206593,-0.67848027,0.19892973,0.34407148,0.19704437,0.0,0.0,1
38221369,-0.66511273,0.19271657,0.33127192,0.19950742,0.0,0.0,1
38246014,-0.6459401,0.1780964,0.3125583,0.20689657,0.0,0.0,1
38265704,-0.6329283,0.16317229,0.29952884,0.20689657,0.0,0.0,1
38285406,-0.622159,0.14684494,0.28868335,0.20689657,0.0,0.0,1
38305137,-0.6109527,0.12893985,0.27706698,0.21798033,0.0,0.0,1
38324840,-0.60015726,0.11074967,0.26605594,0.22167492,0.0,0.0,1
38344517,-0.59166646,0.093554035,0.25742698,0.22536948,0.0,0.0,1
38364222,-0.5830332,0.07654937,0.24844155,0.22413796,0.0,0.0,1
38383923,-0.57570034,0.060307316,0.2411465,0.22413796,0.0,0.0,1
38403638,-0.5741785,0.045316454,0.23924296,0.22413796,0.0,0.0,1
38428259,-0.5766967,0.02848109,0.24091938,0.22413796,0.0,0.0,1
38443035,-0.58779794,0.021607462,0.25136137,0.22536948,0.0,0.0,1
38467671,-0.6113274,0.014180564,0.2719789,0.22413796,0.0,0.0,1
38487372,-0.60304415,0.0067026885,0.26189432,0.22413796,0.0,0.0,1
38502648,-0.5810353,0.00029730817,0.24133451,0.22413796,0.0,0.0,1
38526800,-0.5559123,-0.008002777,0.21902877,0.22413796,0.0,0.0,1
38546483,-0.5396856,-0.009756736,0.20390151,0.22413796,0.0,0.0,1
38566190,-0.5232224,-0.0012685915,0.18964007,0.22536948,0.0,0.0,1
38585917,-0.5220884,0.015814755,0.19091763,0.23152712,0.0,0.0,1
38605591,-0.52861357,0.039275322,0.19764793,0.24630544,0.0,0.0,1
38625302,-0.53729874,0.06531992,0.20738585,0.26108378,0.0,0.0,1
38645006,-0.5620089,0.09053314,0.23239799,0.29310346,0.0,0.0,1
38664705,-0.5989305,0.11727013,0.26807067,0.29310346,0.0,0.0,1
38684428,-0.63557744,0.14494595,0.3036438,0.29310346,0.0,0.0,1
38709095,-0.6900786,0.17942877,0.35689962,0.29679805,0.0,0.0,1
38723852,-0.7229494,0.20026451,0.37469846,0.29679805,0.0,0.0,1
38743550,-0.7578104,0.2222423,0.37032318,0.29679805,0.0,0.0,1
38768140,-0.7963359,0.24656321,0.36476636,0.29679805,0.0,0.0,1
38782939,-0.81565005,0.2592695,0.3616297,0.29556653,0.0,0.0,1
38802634,-0.8319764,0.27699754,0.35788155,0.29556653,0.0,0.0,1
38827255,-0.8414501,0.29852137,0.35397887,0.29556653,0.0,0.0,1
38846960,-0.85630524,0.29570666,0.3529402,0.29556653,0.0,0.0,1
38866672,-0.87822044,0.279944,0.3532653,0.29556653,0.0,0.0,1
38886386,-0.8907368,0.23940761,0.3583364,0.29556653,0.0,0.0,1
38906158,-0.8965478,0.17984465,0.36639562,0.29556653,0.0,0.0,1
38925780,-0.8985599,0.120642476,0.373933,0.29556653,0.0,0.0,1
38945489,-0.90053415,0.060054842,0.38089997,0.29556653,0.0,0.0,1
38965186,-0.90436965,0.011630211,0.385965,0.29556653,0.0,0.0,1
38984904,-0.9009495,-0.017768566,0.38873512,0.2980296,0.0,0.0,1
39004591,-0.89276016,-0.035494417,0.39011186,0.30049264,0.0,0.0,1
39024300,-0.87805307,-0.039044652,0.38999528,0.30541873,0.0,0.0,1
39043997,-0.859475,-0.035437327,0.3892209,0.31896555,0.0,0.0,1
39063702,-0.83973026,-0.030160699,0.38837475,0.31896555,0.0,0.0,1
39083415,-0.818087,-0.024224121,0.38754565,0.31896555,0.0,0.0,1
39108077,-0.7859544,-0.022362905,0.38687205,0.33251235,0.0,0.0,1
39127748,-0.74936724,-0.02615924,0.38643909,0.33374387,0.0,0.0,1
39142517,-0.7284901,-0.029023575,0.37074038,0.3362069,0.0,0.0,1
39167177,-0.7139337,-0.035730388,0.35797134,0.33866996,0.0,0.0,1
39186888,-0.7004849,-0.04697175,0.34536645,0.3399015,0.0,0.0,1
39201671,-0.69425887,-0.049025435,0.34016934,0.33866996,0.0,0.0,1
39226287,-0.68289083,-0.037379168,0.33136582,0.33866996,0.0,0.0,1
39245963,-0.6843822,-0.014787888,0.33510694,0.33866996,0.0,0.0,1
39265671,-0.69563216,0.013493099,0.3478564,0.33866996,0.0,0.0,1
39285435,-0.7194935,0.033379834,0.3712661,0.33866996,0.0,0.0,1
39305165,-0.7479933,0.04954098,0.38320807,0.33866996,0.0,0.0,1
39324783,-0.76821977,0.05856323,0.3824435,0.33866996,0.0,0.0,1
39344477,-0.7835403,0.061719034,0.3820238,0.33866996,0.0,0.0,1
39364185,-0.7768702,0.06091933,0.3821732,0.33866996,0.0,0.0,1
39383888,-0.78351766,0.060699496,0.3759935,0.33866996,0.0,0.0,1
39408529,-0.84064126,0.07017571,0.38053626,0.34236455,0.0,0.0,1
39423302,-0.85041463,0.07724687,0.37973416,0.35098523,0.0,0.0,1
39443001,-0.8445032,0.07782638,0.373767,0.36083746,0.0,0.0,1
39467630,-0.87151784,0.05751649,0.3812594,0.3669951,0.0,0.0,1
39482468,-0.86777073,0.03614944,0.38342202,0.3669951,0.0,0.0,1
39507073,-0.8325295,-0.030968392,0.38826865,0.37315273,0.0,0.0,1
39526743,-0.80232316,-0.08932612,0.39036867,0.37438428,0.0,0.0,1
39546442,-0.7600579,-0.13609962,0.3843044,0.37561578,0.0,0.0,1
39566144,-0.73079437,-0.16406897,0.36043257,0.37561578,0.0,0.0,1
39585854,-0.6936576,-0.1664015,0.3291705,0.37315273,0.0,0.0,1
39605555,-0.63940734,-0.14803198,0.28701293,0.37315273,0.0,0.0,1
39625257,-0.5973981,-0.118553475,0.2485557,0.37315273,0.0,0.0,1
39644998,-0.55292004,-0.08629696,0.210718,0.37315273,0.0,0.0,1
39664697,-0.501618,-0.058710176,0.1655794,0.37315273,0.0,0.0,1
39684469,-0.43771783,-0.03726928,0.11307244,0.37315273,0.0,0.0,1
39704158,-0.39345786,-0.018053826,0.06902723,0.37315273,0.0,0.0,1
39723776,-0.3441587,-0.0062411227,0.028619805,0.37315273,0.0,0.0,1
39748442,-0.2946796,-0.0034740428,-0.016222205,0.37315273,0.0,0.0,1
39763215,-0.27448195,0.00726882,-0.03945924,0.37561578,0.0,0.0,1
39782917,-0.2315027,0.030090336,-0.07989552,0.3817734,0.0,0.0,1
39807522,-0.19283374,0.070330456,-0.094961725,0.39162564,0.0,0.0,1
39827219,-0.17965561,0.10282369,-0.10592583,0.39778328,0.0,0.0,1
39842000,-0.17268413,0.1191919,-0.11149704,0.39778328,0.0,0.0,1
39866634,-0.17520213,0.1310986,-0.10859911,0.4027094,0.0,0.0,1
39886354,-0.18836702,0.12699547,-0.098099366,0.4027094,0.0,0.0,1
39906087,-0.19523294,0.118295744,-0.08870723,0.41871923,0.0,0.0,1
39925745,-0.19960578,0.10727069,-0.08878517,0.42241383,0.0,0.0,1
39945468,-0.22625907,0.09335609,-0.06750408,0.4273399,0.0,0.0,1
39965146,-0.250004,0.0881475,-0.049224705,0.43226603,0.0,0.0,1
39984864,-0.27253634,0.08268504,-0.027807161,0.4347291,0.0,0.0,1
40004555,-0.32642603,0.055820763,0.013320607,0.4347291,0.0,0.0,1
40024254,-0.36484754,0.024693716,0.0522544,0.43349755,0.0,0.0,1
40043976,-0.38474095,-0.022852598,0.068770476,0.43226603,0.0,0.0,1
40063668,-0.39885128,-0.068930656,0.081121184,0.43226603,0.0,0.0,1
40083454,-0.4096853,-0.09396382,0.08944785,0.43226603,0.0,0.0,1
40108017,-0.4116629,-0.106321804,0.09087122,0.43349755,0.0,0.0,1
40122782,-0.41159132,-0.10404158,0.08596231,0.43226603,0.0,0.0,1
40147416,-0.39169362,-0.08930532,0.06775263,0.43349755,0.0,0.0,1
40167103,-0.365277,-0.08521901,0.048123714,0.43349755,0.0,0.0,1
40181887,-0.34546888,-0.09021159,0.029860865,0.4347291,0.0,0.0,1
40206553,-0.3042365,-0.110734165,-0.012754653,0.4347291,0.0,0.0,1
40226244,-0.2583743,-0.14649282,-0.05349603,0.44211826,0.0,0.0,1
40245946,-0.20483592,-0.18662065,-0.10085481,0.44334978,0.0,0.0,1
40265699,-0.1356879,-0.1987664,-0.16149752,0.44704437,0.0,0.0,1
40285352,-0.083150946,-0.20396516,-0.20511216,0.44704437,0.0,0.0,1
40305054,-0.054779783,-0.19609907,-0.22949369,0.45443353,0.0,0.0,1
40324740,-0.033687968,-0.19158116,-0.24689282,0.45689657,0.0,0.0,1
40344437,-0.02376625,-0.19838394,-0.2542641,0.45689657,0.0,0.0,1
40364147,-0.032074247,-0.21601042,-0.24528639,0.4581281,0.0,0.0,1
40388782,-0.0505153,-0.24390006,-0.22262631,0.46059117,0.0,0.0,1
40403550,-0.08749654,-0.26224488,-0.19255535,0.4630542,0.0,0.0,1
40423250,-0.1393638,-0.2833576,-0.14415427,0.46428573,0.0,0.0,1
40447885,-0.19166234,-0.28138617,-0.099174075,0.46551728,0.0,0.0,1
40462662,-0.22087838,-0.27230787,-0.07421031,0.46551728,0.0,0.0,1
40482448,-0.26349273,-0.27831882,-0.03744482,0.46798033,0.0,0.0,1
40507000,-0.2892978,-0.27809212,-0.017869432,0.4667488,0.0,0.0,1
40526704,-0.30783364,-0.28784293,-0.004962471,0.4667488,0.0,0.0,1
40546424,-0.3292787,-0.28424928,0.01319099,0.46551728,0.0,0.0,1
40566106,-0.3368178,-0.25787362,0.019115409,0.4667488,0.0,0.0,1
40585818,-0.33294868,-0.22877233,0.019623116,0.4667488,0.0,0.0,1
40605518,-0.33139545,-0.20320967,0.012989783,0.4667488,0.0,0.0,1
40625220,-0.3034808,-0.18527515,-0.011813541,0.4667488,0.0,0.0,1
40644934,-0.25625733,-0.18906285,-0.047036495,0.4667488,0.0,0.0,1
40664681,-0.24136105,-0.2129577,-0.06259083,0.4667488,0.0,0.0,1
40684385,-0.21107185,-0.25956845,-0.08736312,0.4667488,0.0,0.0,1
40704063,-0.17860462,-0.30969548,-0.11845791,0.47290644,0.0,0.0,1
40728707,-0.11662305,-0.33553654,-0.16682655,0.4802956,0.0,0.0,1
40743457,-0.10493841,-0.34160298,-0.17865214,0.48768476,0.0,0.0,1
40763141,-0.08501157,-0.33356196,-0.19183107,0.49261087,0.0,0.0,1
40787780,-0.10036936,-0.32224128,-0.18163095,0.49630544,0.0,0.0,1
40807473,-0.1346906,-0.3159619,-0.14628486,0.5,0.0,0.0,1
40822250,-0.17343563,-0.31033006,-0.11398038,0.5,0.0,0.0,1
40846883,-0.21853976,-0.28921622,-0.0773538,0.5,0.0,0.0,1
40866759,-0.29476142,-0.2646976,-0.0069054686,0.5,0.0,0.0,1
40881455,-0.35450038,-0.23605739,0.04262924,0.5,0.0,0.0,1
40906012,-0.41942105,-0.17509747,0.09899576,0.5,0.0,0.0,1
40925705,-0.4633093,-0.15321736,0.1384589,0.5,0.0,0.0,1
40945424,-0.4927612,-0.13553543,0.16376805,0.5,0.0,0.0,1
40965104,-0.49319023,-0.12873848,0.16318813,0.5,0.0,0.0,1
40984811,-0.51451194,-0.10334121,0.18028963,0.5,0.0,0.0,1
41004515,-0.53635186,-0.046633508,0.20600542,0.5,0.0,0.0,1
41024212,-0.552427,0.015278898,0.21885772,0.5,0.0,0.0,1
41043921,-0.55235785,0.07351441,0.2254192,0.5,0.0,0.0,1
41063687,-0.53698325,0.11655351,0.20701312,0.5,0.0,0.0,1
41088289,-0.51004195,0.13834575,0.18323408,0.5,0.0,0.0,1
41103043,-0.49892768,0.13075644,0.17251419,0.5,0.0,0.0,1
41127669,-0.45426702,0.111800745,0.12832196,0.5,0.0,0.0,1
41147367,-0.3940284,0.11025538,0.07659894,0.5,0.0,0.0,1
41162146,-0.38344306,0.11170047,0.063725986,0.5,0.0,0.0,1
41186787,-0.34835088,0.123538084,0.03475447,0.5,0.0,0.0,1
41206501,-0.34023163,0.11415331,0.028454525,0.5,0.0,0.0,1
41226230,-0.3696988,0.086695455,0.052811634,0.5,0.0,0.0,1
41245919,-0.37486246,0.053964388,0.059325133,0.50245696,0.0,0.0,1
41265901,-0.43954018,0.017510239,0.12112893,0.5036855,0.0,0.0,1
41285588,-0.51518875,-0.0133502195,0.1856034,0.5036855,0.0,0.0,1
41305027,-0.5587208,-0.04143127,0.22692946,0.504914,0.0,0.0,1
41324699,-0.61068696,-0.08991682,0.26720312,0.504914,0.0,0.0,1
41344402,-0.6524636,-0.1497167,0.30357894,0.504914,0.0,0.0,1
41369030,-0.67441523,-0.2403909,0.31456745,0.504914,0.0,0.0,1
41383812,-0.6992212,-0.28592718,0.32853702,0.5036855,0.0,0.0,1
41403524,-0.71663326,-0.31828272,0.34345928,0.5036855,0.0,0.0,1
41428142,-0.6945445,-0.32748255,0.32278365,0.5036855,0.0,0.0,1
41442926,-0.6772203,-0.3233002,0.308996,0.5036855,0.0,0.0,1
41462656,-0.64530057,-0.31444815,0.28152314,0.5036855,0.0,0.0,1
41487283,-0.5275595,-0.3275817,0.17391565,0.5036855,0.0,0.0,1
41506969,-0.44343176,-0.35376063,0.11149167,0.5036855,0.0,0.0,1
41526670,-0.40137327,-0.3958795,0.072636515,0.5036855,0.0,0.0,1
41546380,-0.3536442,-0.44152164,0.03418269,0.50245696,0.0,0.0,1
41566072,-0.347374,-0.44912618,0.029809669,0.50245696,0.0,0.0,1
41585780,-0.32502785,-0.4441335,0.0048451857,0.504914,0.0,0.0,1
41605475,-0.2823478,-0.42864582,-0.024637274,0.504914,0.0,0.0,1
41625192,-0.2617423,-0.4238807,-0.04126304,0.512285,0.0,0.0,1
41644898,-0.26812658,-0.44508108,-0.034229778,0.527027,0.0,0.0,1
41664898,-0.26784226,-0.47317863,-0.03763916,0.527027,0.0,0.0,1
41684311,-0.28570303,-0.5065283,-0.01420953,0.53685504,0.0,0.0,1
41704019,-0.31421322,-0.54053,0.0062027304,0.53685504,0.0,0.0,1
41723755,-0.34946176,-0.5703063,0.035137456,0.53685504,0.0,0.0,1
41743433,-0.39880428,-0.6119185,0.072736055,0.54299754,0.0,0.0,1
41768077,-0.458777,-0.6800295,0.116077594,0.5454545,0.0,0.0,1
41787751,-0.48503497,-0.7356873,0.13359474,0.5479115,0.0,0.0,1
41802521,-0.5056302,-0.76545596,0.15366262,0.5479115,0.0,0.0,1
41827147,-0.4978147,-0.7623983,0.14345376,0.5479115,0.0,0.0,1
41846854,-0.480006,-0.7234572,0.13166338,0.5479115,0.0,0.0,1
41861658,-0.46868032,-0.685258,0.12366968,0.5479115,0.0,0.0,1
41886256,-0.42376116,-0.628497,0.087042585,0.5479115,0.0,0.0,1
41905997,-0.3568785,-0.60265195,0.03319669,0.54914004,0.0,0.0,1
41925686,-0.30524296,-0.6046714,-0.007256349,0.54914004,0.0,0.0,1
41945376,-0.2613065,-0.62548983,-0.041573457,0.55036855,0.0,0.0,1
41965073,-0.21816179,-0.61795324,-0.07783963,0.55159706,0.0,0.0,1
41984782,-0.17883381,-0.61485225,-0.10746235,0.5528255,0.0,0.0,1
42004496,-0.16090997,-0.6074928,-0.12109953,0.554054,0.0,0.0,1
42024190,-0.114490025,-0.6104986,-0.15280505,0.55528253,0.0,0.0,0
42043945,-0.09174142,-0.63580626,-0.16685371,0.55773956,0.0,0.0,0
42068618,-0.11376027,-0.67106014,-0.14917924,0.55773956,0.0,0.0,0
42083299,-0.12430605,-0.68566644,-0.1414927,0.56142503,0.0,0.0,0
42102999,-0.17303945,-0.7029178,-0.10886538,0.56142503,0.0,0.0,0
42127647,-0.21268879,-0.7005448,-0.07848477,0.57125306,0.0,0.0,0
42142404,-0.23644702,-0.7081401,-0.057811383,0.57125306,0.0,0.0,0
42167028,-0.2701828,-0.7247816,-0.030049376,0.5737101,0.0,0.0,0
42186749,-0.25827795,-0.73079604,-0.04550187,0.57616705,0.0,0.0,0
42206437,-0.25884026,-0.71212107,-0.03915,0.57616705,0.0,0.0,0
42226139,-0.27807283,-0.6620555,-0.024486657,0.57862407,0.0,0.0,0
42245864,-0.27451387,-0.60525405,-0.029590512,0.57862407,0.0,0.0,0
42265619,-0.27694848,-0.559005,-0.02671902,0.57862407,0.0,0.0,0
42285302,-0.25166792,-0.52970564,-0.049970794,0.57862407,0.0,0.0,0
42305001,-0.21593902,-0.53293985,-0.07912759,0.57862407,0.0,0.0,0
42324727,-0.16845053,-0.5430257,-0.11941315,0.57862407,0.0,0.0,0
42344360,-0.14295347,-0.5485697,-0.13616776,0.57862407,0.0,0.0,0
42364069,-0.1531934,-0.5669377,-0.12518045,0.57862407,0.0,0.0,0
42383774,-0.17893326,-0.5992365,-0.10265388,0.57862407,0.0,0.0,0
42408406,-0.24797775,-0.66327024,-0.043265358,0.57862407,0.0,0.0,0
42423189,-0.3129462,-0.70156395,0.008870319,0.57862407,0.0,0.0,0
42442987,-0.456743,-0.7308651,0.12961225,0.57862407,0.0,0.0,0
42467597,-0.65098584,-0.72950244,0.2752295,0.57862407,0.0,0.0,0
42487216,-0.7478529,-0.70763344,0.31593663,0.58108103,0.0,0.0,0
42501992,-0.7505473,-0.7009114,0.32448596,0.58108103,0.0,0.0,0
42526638,-0.7152375,-0.7328867,0.30255345,0.5921376,0.0,0.0,0
42546345,-0.7609302,-0.7816805,0.34161726,0.5921376,0.0,0.0,0
42566057,-0.7811326,-0.8396741,0.33999005,0.5933661,0.0,0.0,0
42585745,-0.78764385,-0.88001,0.34809002,0.59582305,0.0,0.0,0
42605438,-0.74606836,-0.91692054,0.27419278,0.59705156,0.0,0.0,0
42625143,-0.819368,-0.92888254,0.30131507,0.6007371,0.0,0.0,0
42644919,-0.8738701,-0.9505019,0.3237118,0.6031941,0.0,0.0,0
42664585,-0.9593418,-0.9495477,0.3572983,0.6068796,0.0,0.0,0
42684257,-1.0400877,-0.92522323,0.3860398,0.6117936,0.0,0.0,0
42703960,-1.1102483,-0.8924919,0.4358443,0.6154791,0.0,0.0,0
42723702,-1.1369536,-0.88891494,0.44543883,0.6154791,0.0,0.0,0
42743407,-1.1673026,-0.9105155,0.46038193,0.6203931,0.0,0.0,0
42768015,-1.1804157,-0.97490203,0.47598955,0.6228501,0.0,0.0,0
42782820,-1.1827382,-1.0212799,0.48415974,0.62407863,0.0,0.0,0
42807402,-1.0790882,-1.0471976,0.4262318,0.6277641,0.0,0.0,0
42827104,-1.0543101,-1.0471976,0.4237461,0.6314496,0.0,0.0,0
42842099,-1.0197711,-1.0471976,0.41073775,0.6351351,0.0,0.0,0
42866553,-0.94979686,-1.0471976,0.37906256,0.63759214,0.0,0.0,0
42886211,-0.8944831,-1.0471976,0.3515609,0.6400491,0.0,0.0,0
42905944,-0.9323669,-1.0471976,0.41734257,0.6461916,0.0,0.0,0
42925627,-0.87476236,-1.0471976,0.39058465,0.6461916,0.0,0.0,0
42945335,-0.90492415,-1.0471976,0.40551114,0.6474201,0.0,0.0,0
42965033,-0.9263985,-1.0471976,0.4159503,0.6474201,0.0,0.0,0
42984737,-0.94493496,-1.0471976,0.42503482,0.6474201,0.0,0.0,0
43004434,-0.98183435,-1.0471976,0.44199648,0.6486486,0.0,0.0,0
43024135,-1.0202547,-1.0471976,0.45794368,0.6486486,0.0,0.0,0
43048805,-1.051258,-1.029047,0.46854767,0.6486486,0.0,0.0,0
43063580,-1.0709289,-1.0051498,0.47543925,0.64987713,0.0,0.0,0
43083251,-1.0790577,-0.9966667,0.4781632,0.65233415,0.0,0.0,0
43107883,-1.062377,-1.0069809,0.47181594,0.6547911,0.0,0.0,0
43122670,-1.0575368,-1.0153903,0.4702218,0.6547911,0.0,0.0,0
43142359,-1.0574003,-1.0158671,0.47027925,0.66461915,0.0,0.0,0
43166991,-1.0209534,-0.99641937,0.45466623,0.66461915,0.0,0.0,0
43186724,-0.9898826,-0.9890877,0.44190592,0.67813265,0.0,0.0,0
43206405,-0.9568773,-0.9732429,0.42873043,0.6867322,0.0,0.0,0
43226102,-0.93268925,-0.9450317,0.4193836,0.69287467,0.0,0.0,0
43245893,-0.90029186,-0.9176946,0.40757975,0.6953317,0.0,0.0,0
43265551,-0.9153509,-0.8839424,0.41328743,0.69656014,0.0,0.0,0
43285215,-0.92132103,-0.8622922,0.4154575,0.69901717,0.0,0.0,0
43304936,-0.93420786,-0.8259192,0.4199538,0.7039312,0.0,0.0,0
43324627,-0.9536765,-0.76247275,0.42572826,0.7039312,0.0,0.0,0
43344326,-0.9822275,-0.68379253,0.4324047,0.7039312,0.0,0.0,0
43364024,-1.0008186,-0.6071202,0.43446666,0.70515966,0.0,0.0,0
43388699,-1.0047883,-0.5448409,0.43240625,0.7174447,0.0,0.0,0
43403470,-1.00549,-0.51840514,0.43115368,0.7211302,0.0,0.0,0
43423163,-0.9864822,-0.48750907,0.4255403,0.7235872,0.0,0.0,0
43447797,-0.9696666,-0.4294853,0.41937828,0.7272727,0.0,0.0,0
43467465,-0.93222797,-0.37166104,0.41027942,0.73218673,0.0,0.0,0
43482254,-0.9095625,-0.3468912,0.40576467,0.7420147,0.0,0.0,0
43506877,-0.87473685,-0.3126698,0.3997212,0.7493857,0.0,0.0,0
43526581,-0.8606431,-0.27745846,0.3968228,0.7567567,0.0,0.0,0
43541378,-0.85163057,-0.2543824,0.39504522,0.7567567,0.0,0.0,0
43565982,-0.8458749,-0.21991746,0.39324063,0.75921375,0.0,0.0,0
43585693,-0.8393758,-0.21052502,0.39229003,0.7628993,0.0,0.0,0
43605395,-0.84373486,-0.18593943,0.39169887,0.7628993,0.0,0.0,0
43625098,-0.8550336,-0.13712631,0.3901141,0.76412773,0.0,0.0,0
43644888,-0.8722045,-0.0857061,0.38775396,0.76535624,0.0,0.0,0
43664510,-0.8848045,-0.057115585,0.38605142,0.7702702,0.0,0.0,0
43684208,-0.8868367,-0.053839475,0.38585067,0.77272725,0.0,0.0,0
43703913,-0.8515499,-0.06867855,0.3856989,0.7764127,0.0,0.0,0
43723620,-0.87412536,-0.067221545,0.38645917,0.7764127,0.0,0.0,0
43748245,-0.84828013,-0.04724075,0.38409898,0.78746927,0.0,0.0,0
43763026,-0.8277339,-0.043557886,0.38326475,0.78746927,0.0,0.0,0
43787659,-0.8013981,-0.042641543,0.3825168,0.7886978,0.0,0.0,0
43807358,-0.76390606,-0.032281347,0.38117126,0.79115474,0.0,0.0,0
43822138,-0.724163,-0.03090621,0.37032354,0.7960688,0.0,0.0,0
43846828,-0.7197464,-0.02803945,0.36819476,0.7985258,0.0,0.0,0
43866502,-0.71567667,-0.03986115,0.36454585,0.79975426,0.0,0.0,0
43886203,-0.70290864,-0.026054133,0.35353565,0.8009828,0.0,0.0,0
43905928,-0.67422765,-0.0075306576,0.2364336,0.80589676,0.0,0.0,0
43925576,-0.6847353,0.015565133,0.24269454,0.8194103,0.0,0.0,0
43945315,-0.68152976,0.013573273,0.24030635,0.8194103,0.0,0.0,0
43964986,-0.6773448,-0.0003871972,0.2371034,0.8218673,0.0,0.0,0
43984692,-0.6903806,-0.010766863,0.24621013,0.8218673,0.0,0.0,0
44004393,-0.73993653,0.014349595,0.37890702,0.8243243,0.0,0.0,0
44029285,-0.73169386,0.046515074,0.37141418,0.8267813,0.0,0.0,0
44043882,-0.71990985,0.053790603,0.36510807,0.8292383,0.0,0.0,0
44063507,-0.64252853,0.10102053,0.31864902,0.8304668,0.0,0.0,0
44088133,-0.54727393,0.15134783,0.25021636,0.8316953,0.0,0.0,0
44102930,-0.52080804,0.18670519,0.2132448,0.83415234,0.0,0.0,0
44122628,-0.52515274,0.17757969,0.21278049,0.83415234,0.0,0.0,0
44147261,-0.37124333,0.29797465,0.065728985,0.84029484,0.0,0.0,0
44166946,-0.3650658,0.32338512,0.060521856,0.84029484,0.0,0.0,0
44186686,-0.3518414,0.35140955,0.033548534,0.84029484,0.0,0.0,0
44206354,-0.3368688,0.34588492,0.022553708,0.84029484,0.0,0.0,0
44226131,-0.31018543,0.32754984,0.020994069,0.8415233,0.0,0.0,0
44245792,-0.30803466,0.31791463,0.015261744,0.84275186,0.0,0.0,0
44265481,-0.30088738,0.32264265,0.015722927,0.84275186,0.0,0.0,0
44285180,-0.2959632,0.36112174,0.019672519,0.8439803,0.0,0.0,0
44304925,-0.2702685,0.3660324,0.023023391,0.84643734,0.0,0.0,0
44324576,-0.22317494,0.37470362,0.029361112,0.84889436,0.0,0.0,0
44344280,-0.22614294,0.38019413,0.028579487,0.84889436,0.0,0.0,0
44363978,-0.2825215,0.3684991,0.041951194,0.8513513,0.0,0.0,0
44383685,-0.34232137,0.35194334,0.062488254,0.8513513,0.0,0.0,0
44403430,-0.37293077,0.35422742,0.0403525,0.85257983,0.0,0.0,0
44428314,-0.433586,0.38230303,0.0329287,0.85380834,0.0,0.0,0
44448241,-0.44811347,0.38841757,0.029972106,0.8562653,0.0,0.0,0
44462538,-0.45198593,0.37789515,0.04352622,0.85995084,0.0,0.0,0
44487131,-0.43607092,0.3377275,0.14416161,0.8624078,0.0,0.0,0
44506845,-0.47057128,0.32557926,0.16421188,0.8636364,0.0,0.0,0
44521622,-0.4387083,0.3210617,0.1684937,0.8636364,0.0,0.0,0
44546242,-0.42128363,0.32572,0.19753693,0.8710073,0.0,0.0,0
44565949,-0.37187102,0.31494787,0.15985762,0.8710073,0.0,0.0,0
44585671,-0.30591986,0.30274552,0.1091895,0.8710073,0.0,0.0,0
44605350,-0.3327201,0.29381073,0.1305487,0.87346435,0.0,0.0,0
44625092,-0.40549284,0.27814922,0.19204189,0.87346435,0.0,0.0,0
44644792,-0.43476677,0.27765578,0.19741315,0.87346435,0.0,0.0,0
44664461,-0.4779867,0.30503768,0.19107166,0.87469286,0.0,0.0,0
44684179,-0.5243845,0.32304597,0.19101222,0.87469286,0.0,0.0,0
44703870,-0.5272816,0.3142193,0.1978434,0.87469286,0.0,0.0,0
44728502,-0.49146342,0.27492735,0.21780375,0.87346435,0.0,0.0,0
44743279,-0.5100903,0.25965482,0.21662323,0.87346435,0.0,0.0,0
44762980,-0.49918756,0.25630468,0.23109204,0.87469286,0.0,0.0,0
44787620,-0.45007667,0.27998266,0.13806951,0.87469286,0.0,0.0,0
44802401,-0.40684852,0.28397903,0.11277268,0.87469286,0.0,0.0,0
44827308,-0.30623204,0.2999207,0.04421569,0.87469286,0.0,0.0,0
44846752,-0.3387581,0.29501036,0.06402643,0.87469286,0.0,0.0,0
44866459,-0.39472216,0.27335256,0.09300239,0.8771498,0.0,0.0,0
44886160,-0.411838,0.26547992,0.09500725,0.88083535,0.0,0.0,0
44905886,-0.41288015,0.2719338,0.09242299,0.88206387,0.0,0.0,0
44925558,-0.4515868,0.26967943,0.10794721,0.8832923,0.0,0.0,0
44945236,-0.4429848,0.24841917,0.10080764,0.8832923,0.0,0.0,0
44964943,-0.41477743,0.20910376,0.08245364,0.8832923,0.0,0.0,0
44984649,-0.39465794,0.17217521,0.07104323,0.8845209,0.0,0.0,0
45009294,-0.3319612,0.16539448,0.02061212,0.88574934,0.0,0.0,0
45024084,-0.2948314,0.17886084,0.0048129465,0.88574934,0.0,0.0,0
45043773,-0.25014853,0.17953879,-0.01404212,0.88574934,0.0,0.0,0
45068392,-0.19093636,0.1861362,-0.03903763,0.88697785,0.0,0.0,0
45083171,-0.1903161,0.17783219,-0.039052375,0.88697785,0.0,0.0,0
45102873,-0.1618857,0.14461817,-0.092200644,0.8894349,0.0,0.0,0
45127501,-0.16765456,0.09688582,-0.087648466,0.8894349,0.0,0.0,0
45147221,-0.17106716,0.09069835,-0.083615735,0.89189184,0.0,0.0,0
45161973,-0.18281952,0.07024192,-0.07267592,0.89189184,0.0,0.0,0
45186649,-0.15954058,0.0060943873,-0.036838654,0.89189184,0.0,0.0,0
45206392,-0.12780169,-0.058127273,-0.0508217,0.89189184,0.0,0.0,0
45226303,-0.0821764,-0.10912132,-0.059303682,0.89189184,0.0,0.0,0
45245736,-0.055103373,-0.13032073,-0.06756925,0.89189184,0.0,0.0,0
45265442,-0.010514698,-0.12264734,-0.08094337,0.89189184,0.0,0.0,0
45285126,0.020620193,-0.12829168,-0.09311159,0.89189184,0.0,0.0,0
45304836,0.08661336,-0.113805205,-0.19509338,0.8931204,0.0,0.0,0
45324530,0.07154507,-0.12683703,-0.17967394,0.8931204,0.0,0.0,0
45344266,0.03569219,-0.16843547,-0.15295336,0.8931204,0.0,0.0,0
45363970,0.015019173,-0.19698206,-0.12565346,0.8931204,0.0,0.0,0
45383673,-0.00562059,-0.2045351,-0.11061628,0.8931204,0.0,0.0,0
45403392,-0.01802506,-0.21025084,-0.09803848,0.89434886,0.0,0.0,0
45423100,-0.043802768,-0.23653676,-0.083251454,0.89434886,0.0,0.0,0
45442758,-0.016262379,-0.2729463,-0.103248104,0.89434886,0.0,0.0,0
45467383,0.04015697,-0.3231594,-0.13645515,0.89434886,0.0,0.0,0
45487114,0.088914044,-0.330662,-0.10850278,0.89434886,0.0,0.0,0
45501874,0.09148154,-0.32294896,-0.11177713,0.89434886,0.0,0.0,0
45526522,0.14735483,-0.3173323,-0.1189663,0.89434886,0.0,0.0,0
45546203,0.18734224,-0.31302282,-0.12044157,0.89434886,0.0,0.0,0
45565902,0.16931291,-0.31578353,-0.09308053,0.89434886,0.0,0.0,0
45585612,0.15089788,-0.34457445,-0.073068164,0.89434886,0.0,0.0,0
45605428,0.12167268,-0.35886052,-0.059993412,0.8931204,0.0,0.0,0
45625281,0.06582872,-0.3379763,-0.05342634,0.8931204,0.0,0.0,0
45644722,0.03244918,-0.32238454,-0.026571276,0.8931204,0.0,0.0,0
45664417,0.042621057,-0.32947057,-0.005617499,0.8931204,0.0,0.0,0
45684118,0.071459204,-0.35695234,-0.010205798,0.8931204,0.0,0.0,0
45708776,0.11033972,-0.38067666,-0.016812429,0.8931204,0.0,0.0,0
45723527,0.13301691,-0.3754975,-0.019997898,0.8931204,0.0,0.0,0
45743229,0.1939134,-0.34328532,-0.03026873,0.8931204,0.0,0.0,0
45767865,0.3026762,-0.3089208,-0.060262885,0.8931204,0.0,0.0,0
45782641,0.33148408,-0.28271854,-0.061247256,0.8931204,0.0,0.0,0
45807326,0.36963412,-0.25437728,-0.07328778,0.8931204,0.0,0.0,0
45827014,0.33199129,-0.25370798,-0.06915374,0.8931204,0.0,0.0,0
45846686,0.27987114,-0.24915835,-0.0635155,0.8931204,0.0,0.0,0
45866389,0.27620053,-0.22520715,-0.06746504,0.8931204,0.0,0.0,0
45886086,0.25999027,-0.21293499,-0.06540543,0.8931204,0.0,0.0,0
45905848,0.28154257,-0.22581881,-0.088789076,0.8931204,0.0,0.0,0
45925524,0.3144087,-0.2536719,-0.0931216,0.8931204,0.0,0.0,0
45945222,0.3586034,-0.27307513,-0.098838955,0.8931204,0.0,0.0,0
45964948,0.3970681,-0.2796643,-0.09554535,0.8931204,0.0,0.0,0
45984969,0.43756965,-0.2599179,-0.090259954,0.8931204,0.0,0.0,0
46004509,0.46946102,-0.2447086,-0.092155844,0.8931204,0.0,0.0,0
46024263,0.42094564,-0.26724118,-0.04542786,0.8931204,0.0,0.0,0
46048646,0.44167143,-0.26595023,-0.047480058,0.8931204,0.0,0.0,0
46063412,0.44719368,-0.27464736,-0.04965901,0.8931204,0.0,0.0,0
46083120,0.46102634,-0.28592753,-0.05333401,0.8931204,0.0,0.0,0
46107755,0.49518904,-0.2676356,-0.053716436,0.8931204,0.0,0.0,0
46127448,0.49526608,-0.26135018,-0.052463286,0.8931204,0.0,0.0,0
46142226,0.49322924,-0.2702321,-0.05401724,0.8931204,0.0,0.0,0
46166877,0.50187176,-0.30135524,-0.061322667,0.8931204,0.0,0.0,0
46186588,0.48603207,-0.31723437,-0.06246338,0.8931204,0.0,0.0,0
46206300,0.49917084,-0.30914462,-0.062559985,0.8931204,0.0,0.0,0
46226005,0.53360546,-0.275788,-0.059775304,0.8931204,0.0,0.0,0
46245676,0.5593939,-0.26151192,-0.0595118,0.8931204,0.0,0.0,0
46265395,0.56785226,-0.24971865,-0.05771736,0.8931204,0.0,0.0,0
46285078,0.5680581,-0.24371818,-0.06274196,0.8931204,0.0,0.0,0
46304793,0.5343422,-0.26274222,-0.06959177,0.8931204,0.0,0.0,0
46324492,0.4842254,-0.28948626,-0.0688579,0.8931204,0.0,0.0,0
46344189,0.4710722,-0.29384896,-0.08472038,0.8931204,0.0,0.0,0
46363935,0.49901605,-0.27816775,-0.13506804,0.8931204,0.0,0.0,0
46383808,0.5096337,-0.2890778,-0.13470453,0.8931204,0.0,0.0,0
46408341,0.47564438,-0.3322637,-0.08183398,0.8931204,0.0,0.0,0
46423320,0.46955168,-0.3483486,-0.083161846,0.8931204,0.0,0.0,0
46447641,0.50572306,-0.33489034,-0.08640154,0.8931204,0.0,0.0,0
46467340,0.5694839,-0.3003893,-0.08947635,0.8931204,0.0,0.0,0
46482113,0.60713357,-0.2893839,-0.09231563,0.8931204,0.0,0.0,0
46506755,0.66690856,-0.26704678,-0.104077876,0.8931204,0.0,0.0,0
46526449,0.6804576,-0.2644802,-0.11216911,0.8931204,0.0,0.0,0
46546157,0.6530206,-0.28558266,-0.11953378,0.8931204,0.0,0.0,0
46565855,0.6453642,-0.31157827,-0.14177679,0.8931204,0.0,0.0,0
46585564,0.59125656,-0.31437975,-0.13332321,0.8931204,0.0,0.0,0
46605309,0.6129554,-0.31531343,-0.16395581,0.8931204,0.0,0.0,0
46624990,0.60550666,-0.35088795,-0.1393007,0.8931204,0.0,0.0,0
46644678,0.63650036,-0.39824256,-0.13411981,0.8931204,0.0,0.0,0
46664382,0.6654436,-0.44314757,-0.13461937,0.8931204,0.0,0.0,0
46688999,0.7953843,-0.45453534,-0.25929558,0.8931204,0.0,0.0,0
46703789,0.9575309,-0.42310327,-0.32741582,0.8931204,0.0,0.0,0
46723492,1.1126511,-0.39312488,-0.40140173,0.8931204,0.0,0.0,0
46748111,1.1773512,-0.36261997,-0.42816654,0.8931204,0.0,0.0,0
46762901,1.1424086,-0.36005238,-0.40509683,0.8931204,0.0,0.0,0
46782615,1.1241109,-0.3889949,-0.37452668,0.8931204,0.0,0.0,0
46807303,1.0516201,-0.4127831,-0.35801294,0.8931204,0.0,0.0,0
46826930,0.9913716,-0.4201091,-0.29293594,0.8931204,0.0,0.0,0
46846640,0.8994894,-0.425365,-0.22881512,0.8931204,0.0,0.0,0
46866334,0.8565162,-0.4327772,-0.1922463,0.8931204,0.0,0.0,0
46886056,0.8408697,-0.4429935,-0.15957895,0.8931204,0.0,0.0,0
46905763,0.8101941,-0.44823787,-0.0786006,0.8931204,0.0,0.0,0
46925473,0.9057422,-0.4209601,-0.10729092,0.8931204,0.0,0.0,0
46945181,1.1173961,-0.38154814,-0.15284987,0.8931204,0.0,0.0,0
46964879,1.1991649,-0.3426966,-0.18951645,0.8931204,0.0,0.0,0
46984590,1.2217305,-0.3030874,-0.21393247,0.8931204,0.0,0.0,0
47004294,1.2217305,-0.24593931,-0.3984275,0.8931204,0.0,0.0,0
47023957,1.2217305,-0.23935606,-0.35996062,0.8931204,0.0,0.0,0
47043665,1.2217305,-0.24758399,-0.34010488,0.8931204,0.0,0.0,0
47063368,1.2217305,-0.25091434,-0.32046425,0.8931204,0.0,0.0,0
47087998,1.2217305,-0.26189125,-0.26318845,0.8931204,0.0,0.0,0
47107714,1.2217305,-0.29745087,-0.22881922,0.8931204,0.0,0.0,0
47122483,1.182489,-0.3302122,-0.19871464,0.8931204,0.0,0.0,0
47147107,1.0881343,-0.3827172,-0.12972261,0.8931204,0.0,0.0,0
47166836,1.1196797,-0.38809723,-0.14460053,0.8931204,0.0,0.0,0
47181670,1.1548831,-0.37066612,-0.17401652,0.8931204,0.0,0.0,0
47206306,1.2206404,-0.3582226,-0.20547453,0.8931204,0.0,0.0,0
47225950,1.2217305,-0.34680304,-0.21403575,0.8931204,0.0,0.0,0
47245632,1.2147561,-0.352545,-0.1843494,0.8931204,0.0,0.0,0
47265331,1.2076387,-0.37639165,-0.15356888,0.89189184,0.0,0.0,0
47285048,1.1764116,-0.4064645,-0.110916324,0.8931204,0.0,0.0,0
47304741,1.1329259,-0.41363758,-0.06431781,0.8931204,0.0,0.0,0
47324438,1.053539,-0.41601276,-0.00503343,0.8931204,0.0,0.0,0
47344146,0.9964664,-0.41938978,0.0361411,0.8931204,0.0,0.0,0
47363849,0.9378597,-0.44278356,0.07813454,0.8931204,0.0,0.0,0
47388555,0.8296284,-0.4622429,0.14415877,0.8931204,0.0,0.0,0
47403324,0.8307183,-0.45957434,0.14130089,0.8931204,0.0,0.0,0
47422995,0.8730795,-0.43250793,0.11257452,0.8931204,0.0,0.0,0
47447631,0.92915314,-0.40692157,0.08001507,0.89189184,0.0,0.0,0
47462380,0.9247398,-0.38072085,0.08161381,0.8931204,0.0,0.0,0
47486992,0.85090005,-0.3433617,0.1423281,0.8931204,0.0,0.0,0
47506709,0.76258737,-0.33376408,0.19271404,0.8931204,0.0,0.0,0
47526396,0.656088,-0.32867962,0.26154077,0.8931204,0.0,0.0,0
47546102,0.5657391,-0.29492474,0.32668552,0.8931204,0.0,0.0,0
47565812,0.45712972,-0.23912849,0.40743515,0.8931204,0.0,0.0,0
47585599,0.3611686,-0.20995344,0.4765964,0.8931204,0.0,0.0,0
47605287,0.38389158,-0.2294556,0.3339037,0.89189184,0.0,0.0,0
47624929,0.33362904,-0.22413485,0.36165914,0.89189184,0.0,0.0,0
47644619,0.37475958,-0.21291097,0.33823085,0.89189184,0.0,0.0,0
47669257,0.48522505,-0.17566869,0.2782954,0.89434886,0.0,0.0,0
47684035,0.5458829,-0.16727214,0.24780037,0.89434886,0.0,0.0,0
47703728,0.4880135,-0.12575129,0.38540074,0.8992629,0.0,0.0,0
47728383,0.36332107,-0.061989155,0.48603374,0.8992629,0.0,0.0,0
47743140,0.24599022,-0.021927582,0.57265276,0.8992629,0.0,0.0,0
47762842,0.063915506,0.05098438,0.69062984,0.90049136,0.0,0.0,0
47787503,-0.09267355,0.18388471,0.80434775,0.90049136,0.0,0.0,0
47807191,-0.23267907,0.325918,0.87266463,0.90049136,0.0,0.0,0
47821951,-0.29554665,0.40569374,0.87266463,0.90049136,0.0,0.0,0
47846594,-0.3210093,0.46663812,0.87266463,0.90049136,0.0,0.0,0
47866283,-0.30158463,0.47663563,0.87266463,0.90049136,0.0,0.0,0
47885994,-0.25148407,0.48352996,0.87266463,0.90049136,0.0,0.0,0
47905711,-0.039784692,0.3774005,0.5153411,0.90049136,0.0,0.0,0
47925395,0.021355212,0.37861657,0.46374077,0.90049136,0.0,0.0,0
47945104,0.0620878,0.38960546,0.44156364,0.90049136,0.0,0.0,0
47964841,0.0043298467,0.4251906,0.43218464,0.90049136,0.0,0.0,0
47984630,-0.011433341,0.4258052,0.4435124,0.90049136,0.0,0.0,0
48004321,-0.10750748,0.46050957,0.58815587,0.90049136,0.0,0.0,0
48023938,-0.13068242,0.47216853,0.6005248,0.90049136,0.0,0.0,0
48043617,-0.16379668,0.48297036,0.6196585,0.90049136,0.0,0.0,0
48068251,-0.19466539,0.44231483,0.63644266,0.90049136,0.0,0.0,0
48087948,-0.19111115,0.3704771,0.4145459,0.90049136,0.0,0.0,0
48102732,-0.088597216,0.23623128,0.4122951,0.90049136,0.0,0.0,0
48127361,-0.10747984,0.17888398,0.42639726,0.90171987,0.0,0.0,0
48147059,-0.073419474,0.1431628,0.41247496,0.90171987,0.0,0.0,0
48161841,-0.033593606,0.11498413,0.40521786,0.9029484,0.0,0.0,0
48186517,0.034365624,0.070310965,0.3961058,0.9029484,0.0,0.0,0
48206167,-0.10105838,0.114659965,0.7210964,0.9029484,0.0,0.0,0
48225894,-0.08492203,0.04328384,0.70929116,0.9029484,0.0,0.0,0
48245572,-0.08405939,-0.013561467,0.70939857,0.9029484,0.0,0.0,0
48265277,-0.022269268,-0.055312056,0.67008895,0.9029484,0.0,0.0,0
48284979,-0.017104194,-0.070712075,0.66884243,0.9029484,0.0,0.0,0
48304690,0.04687547,-0.11173897,0.5550788,0.9029484,0.0,0.0,0
48324384,0.020015484,-0.13617505,0.56966007,0.9029484,0.0,0.0,0
48344092,-0.016523441,-0.15273318,0.5976745,0.9029484,0.0,0.0,0
48368836,-0.095659405,-0.109885916,0.64863324,0.9029484,0.0,0.0,0
48383575,-0.09286731,-0.07704378,0.64800304,0.9041769,0.0,0.0,0
48403205,-0.17614071,0.008147898,0.79854286,0.9041769,0.0,0.0,0
48427867,-0.18511252,0.06218871,0.8150781,0.9041769,0.0,0.0,0
48442655,-0.16540766,0.079549804,0.821211,0.9041769,0.0,0.0,0
48467273,-0.18706603,0.093133904,0.84464854,0.9041769,0.0,0.0,0
48486989,-0.238668,0.115965486,0.87266463,0.9041769,0.0,0.0,0
48506656,-0.22098774,0.14015844,0.87266463,0.9041769,0.0,0.0,0
48526356,-0.24887753,0.16875833,0.87266463,0.9041769,0.0,0.0,0
48546073,-0.28656352,0.17938285,0.87266463,0.9041769,0.0,0.0,0
48565757,-0.28882137,0.15580332,0.87266463,0.9041769,0.0,0.0,0
48585506,-0.26199198,0.112547114,0.87266463,0.90663385,0.0,0.0,0
48605160,-0.079645924,-0.0016559173,0.5493411,0.9078624,0.0,0.0,0
48624876,-0.046850342,0.023254642,0.5304251,0.9090909,0.0,0.0,0
48644575,-0.022683514,0.04304283,0.5176144,0.9103194,0.0,0.0,0
48664272,-0.038709123,0.07343877,0.5233812,0.9103194,0.0,0.0,0
48683976,-0.06756764,0.09608303,0.5370147,0.9103194,0.0,0.0,0
48708631,-0.22362736,0.1490633,0.6812113,0.9103194,0.0,0.0,0
48723388,-0.31648818,0.17653832,0.72517204,0.9103194,0.0,0.0,0
48743091,-0.37209716,0.20783634,0.75011647,0.9103194,0.0,0.0,0
48767890,-0.4043115,0.21707304,0.76126105,0.9103194,0.0,0.0,0
48787911,-0.42969882,0.18624116,0.87266463,0.9103194,0.0,0.0,0
48802205,-0.63024753,0.303041,0.87266463,0.9103194,0.0,0.0,0
48826827,-0.5724394,0.20273109,0.87266463,0.9103194,0.0,0.0,0
48846532,-0.5334703,0.1512464,0.87266463,0.9103194,0.0,0.0,0
48866239,-0.44322115,0.094733104,0.87266463,0.9103194,0.0,0.0,0
48885953,-0.38428307,0.043723065,0.87266463,0.9103194,0.0,0.0,0
48905698,-0.311924,-0.003749611,0.87266463,0.9103194,0.0,0.0,0
48925370,-0.3700186,-0.006581511,0.87266463,0.9103194,0.0,0.0,0
48945051,-0.42751983,-0.030840019,0.87266463,0.9103194,0.0,0.0,0
48964780,-0.47469175,-0.043768868,0.87266463,0.9103194,0.0,0.0,0
48984517,-0.44150153,-0.05730501,0.87266463,0.9103194,0.0,0.0,0
49004200,-0.35984212,-0.10324313,0.8647492,0.9103194,0.0,0.0,0
49023891,-0.3777024,-0.10811929,0.8690486,0.9103194,0.0,0.0,0
49043598,-0.382407,-0.1245691,0.8715093,0.9103194,0.0,0.0,0
49068196,-0.41818166,-0.11838984,0.87266463,0.9103194,0.0,0.0,0
49082976,-0.42731655,-0.09684996,0.87266463,0.9103194,0.0,0.0,0
49107611,-0.37504983,-0.05269052,0.87266463,0.9103194,0.0,0.0,0
49127305,-0.30555087,-0.04828438,0.86259454,0.9103194,0.0,0.0,0
49142080,-0.24517803,-0.042098455,0.8279099,0.9103194,0.0,0.0,0
49167007,-0.26559275,-0.013375854,0.83300126,0.9103194,0.0,0.0,0
49186929,-0.3372031,0.013254771,0.6265414,0.9103194,0.0,0.0,0
49206126,-0.25819916,-0.050378717,0.6524224,0.9103194,0.0,0.0,0
49225833,-0.29724053,-0.020614546,0.6601345,0.9103194,0.0,0.0,0
49245523,-0.3713022,-0.003039097,0.67158216,0.9103194,0.0,0.0,0
49265237,-0.4144862,-0.03209962,0.6490928,0.9103194,0.0,0.0,0
49284932,-0.43641648,-0.080446504,0.6189183,0.9103194,0.0,0.0,0
49304644,-0.49602762,-0.10857786,0.5969372,0.9103194,0.0,0.0,0
49324340,-0.5107331,-0.10835412,0.5683078,0.9103194,0.0,0.0,0
49348973,-0.48963803,-0.13483687,0.52716553,0.9103194,0.0,0.0,0
49363776,-0.47480372,-0.13688691,0.526186,0.9103194,0.0,0.0,0
49383493,-0.44663197,-0.13842489,0.52396804,0.9103194,0.0,0.0,0
49408082,-0.5657486,-0.108378716,0.64424795,0.9103194,0.0,0.0,0
49422857,-0.60452616,-0.12842146,0.6309214,0.9103194,0.0,0.0,0
49442562,-0.6296974,-0.14425619,0.6330641,0.9103194,0.0,0.0,0
49467227,-0.6230998,-0.14870612,0.64066595,0.9103194,0.0,0.0,0
49486924,-0.63459575,-0.16400135,0.7407972,0.9103194,0.0,0.0,0
49506632,-0.6927002,-0.15653527,0.7636668,0.9103194,0.0,0.0,0
49526345,-0.6669042,-0.1970902,0.7893903,0.9103194,0.0,0.0,0
49546107,-0.6604188,-0.21144867,0.830794,0.9103194,0.0,0.0,0
49566165,-0.68190175,-0.19487897,0.83024555,0.9103194,0.0,0.0,0
49585453,-0.6496112,-0.1749672,0.8703839,0.9103194,0.0,0.0,0
49605112,-0.6335949,-0.18885033,0.8722416,0.9103194,0.0,0.0,0
49624814,-0.5857071,-0.2039723,0.87266463,0.9103194,0.0,0.0,0
49644518,-0.60709995,-0.21245825,0.87266463,0.9103194,0.0,0.0,0
49664231,-0.6379069,-0.23855929,0.87266463,0.9103194,0.0,0.0,0
49683925,-0.63563764,-0.25759456,0.87266463,0.9103194,0.0,0.0,0
49703633,-0.39876235,-0.37281725,0.5655974,0.9103194,0.0,0.0,0
49723341,-0.43998903,-0.3702554,0.57270545,0.9103194,0.0,0.0,0
49747979,-0.48621362,-0.38672552,0.57497734,0.9103194,0.0,0.0,0
49767706,-0.52676713,-0.40084496,0.57740474,0.9103194,0.0,0.0,0
49782476,-0.5509925,-0.39425159,0.5816633,0.9103194,0.0,0.0,0
49807073,-0.79585135,-0.22084437,0.86940265,0.9103194,0.0,0.0,0
49826789,-0.7927886,-0.2013976,0.8597107,0.9103194,0.0,0.0,0
49841557,-0.7916394,-0.1880399,0.8591373,0.9103194,0.0,0.0,0
49866191,-0.7782614,-0.16936979,0.8573195,0.9103194,0.0,0.0,0
49885892,-0.82226217,-0.14880124,0.8642859,0.9103194,0.0,0.0,0
49905603,-0.8487726,-0.15556364,0.8182694,0.9103194,0.0,0.0,0
49925294,-0.87804925,-0.13228527,0.81950957,0.9103194,0.0,0.0,0
49945094,-0.9152266,-0.09162968,0.8174812,0.9103194,0.0,0.0,0
49965186,-0.96066463,-0.06029935,0.8195546,0.9103194,0.0,0.0,0
49984450,-0.9798456,-0.056115553,0.8203561,0.9103194,0.0,0.0,0
50004160,-1.0226917,-0.027884105,0.87266463,0.9103194,0.0,0.0,0
50023810,-1.0458368,-0.0032179023,0.8720007,0.9103194,0.0,0.0,0
50048441,-1.0238621,0.03102498,0.86113274,0.9103194,0.0,0.0,0
50063234,-1.0243297,0.028550657,0.8487007,0.9103194,0.0,0.0,0
50082927,-1.03202,0.026254449,0.8328064,0.9103194,0.0,0.0,0
50107568,-0.8816226,-0.09685099,0.6028842,0.9103194,0.0,0.0,0
50122330,-0.96787184,-0.104823984,0.5784307,0.9103194,0.0,0.0,0
50146960,-1.1795686,-0.14929083,0.51542675,0.9103194,0.0,0.0,0
50166694,-1.2080221,-0.19878708,0.47292906,0.9103194,0.0,0.0,0
50186361,-1.2166947,-0.19466199,0.46465796,0.9103194,0.0,0.0,0
50206085,-1.2217305,-0.13770458,0.5285159,0.9103194,0.0,0.0,0
50225781,-1.2217305,-0.1822746,0.45895544,0.9103194,0.0,0.0,0
50245478,-1.2217305,-0.23508008,0.38469,0.9103194,0.0,0.0,0
50265178,-1.2217305,-0.27414188,0.29536438,0.9103194,0.0,0.0,0
50284890,-1.2217305,-0.30925807,0.21815509,0.9103194,0.0,0.0,0
50304587,-1.2217305,-0.31865835,0.28364062,0.9103194,0.0,0.0,0
50329219,-1.2217305,-0.24204403,0.29981524,0.9103194,0.0,0.0,0
50344147,-1.2217305,-0.23229098,0.29030067,0.9103194,0.0,0.0,0
50363961,-1.2217305,-0.22811365,0.28977513,0.9103194,0.0,0.0,0
50388341,-1.2217305,-0.21669698,0.31246823,0.9103194,0.0,0.0,0
50403107,-1.2217305,-0.19942248,0.30638444,0.9103194,0.0,0.0,0
50422813,-1.2217305,-0.16204792,0.3035972,0.9103194,0.0,0.0,0
50447433,-1.2217305,-0.12107157,0.32432595,0.9103194,0.0,0.0,0
50467138,-1.2217305,-0.072030656,0.36153805,0.9103194,0.0,0.0,0
50481910,-1.2217305,-0.0527618,0.4015353,0.9103194,0.0,0.0,0
50506587,-1.2217305,0.050043717,0.37803188,0.9103194,0.0,0.0,0
50526271,-1.2217305,0.10038383,0.35698968,0.9103194,0.0,0.0,0
50546045,-1.2217305,0.13968025,0.34008968,0.9103194,0.0,0.0,0
50565692,-1.2217305,0.16831018,0.3251062,0.9103194,0.0,0.0,0
50585375,-1.2217305,0.20167619,0.3244991,0.9103194,0.0,0.0,0
50605057,-1.2217305,0.23644397,0.37051705,0.9103194,0.0,0.0,0
50624773,-1.2217305,0.26697555,0.4056504,0.9103194,0.0,0.0,0
50644483,-1.2217305,0.31032157,0.42945847,0.9103194,0.0,0.0,0
50664170,-1.2217305,0.36206967,0.44916776,0.9103194,0.0,0.0,0
50683884,-1.2217305,0.40759885,0.4726997,0.9103194,0.0,0.0,0
50703585,-1.2217305,0.4289544,0.4671247,0.9103194,0.0,0.0,0
50728207,-1.2217305,0.46350354,0.48761094,0.9103194,0.0,0.0,0
50747992,-1.2217305,0.5333151,0.46660233,0.9103194,0.0,0.0,0
50762991,-1.2217305,0.633863,0.5511886,0.9103194,0.0,0.0,0
50787319,-1.2217305,0.6901016,0.5895075,0.9115479,0.0,0.0,0
50807016,-1.2217305,0.7686121,0.66974765,0.9103194,0.0,0.0,0
50821798,-1.2217305,0.83900917,0.773276,0.9115479,0.0,0.0,0
50846424,-1.2217305,0.86762965,0.8049737,0.9115479,0.0,0.0,0
50866127,-1.2217305,0.8928879,0.7894765,0.9115479,0.0,0.0,0
50885834,-1.2217305,0.9186656,0.7433512,0.9115479,0.0,0.0,0
50905560,-1.2217305,0.9279878,0.6222621,0.9115479,0.0,0.0,0
50925257,-1.2217305,0.97299606,0.5094301,0.9115479,0.0,0.0,0
50945000,-1.2217305,0.94014484,0.43962282,0.9103194,0.0,0.0,0
50964714,-1.2217305,0.90051967,0.4434002,0.9103194,0.0,0.0,0
50984378,-1.2217305,0.8968429,0.31277975,0.9103194,0.0,0.0,0
51004087,-1.2217305,0.91113746,0.20877227,0.9103194,0.0,0.0,0
51028699,-1.2217305,0.89501977,0.072559565,0.9103194,0.0,0.0,0
51043465,-1.2217305,0.8853359,-0.0069952905,0.9103194,0.0,0.0,0
51063170,-1.2217305,0.88985664,-0.030373443,0.9103194,0.0,0.0,0
51087792,-1.2217305,0.8692137,-0.029635292,0.9103194,0.0,0.0,0
51102574,-1.2217305,0.8610006,-0.034712385,0.9103194,0.0,0.0,0
51127204,-1.2217305,0.8666653,-0.031571288,0.9103194,0.0,0.0,0
51146985,-1.2217305,0.8706719,-0.03184487,0.9103194,0.0,0.0,0
51166628,-1.2217305,0.85706,-0.017811678,0.9103194,0.0,0.0,0
51186315,-1.2217305,0.8344552,0.009956701,0.9103194,0.0,0.0,0
51206030,-1.2217305,0.8174859,0.0042106234,0.9103194,0.0,0.0,0
51225724,-1.2217305,0.8279161,0.0034410711,0.9103194,0.0,0.0,0
51245423,-1.2217305,0.84846747,-0.0019446913,0.9103194,0.0,0.0,0
51265123,-1.2217305,0.8483434,-0.016305711,0.9103194,0.0,0.0,0
51284836,-1.2217305,0.8313914,-0.045558285,0.9103194,0.0,0.0,0
51304537,-1.2217305,0.79136395,-0.118592136,0.9103194,0.0,0.0,0
51324234,-1.2217305,0.7739742,-0.124371216,0.9103194,0.0,0.0,0
51343965,-1.2217305,0.7607608,-0.12765495,0.9103194,0.0,0.0,0
51368575,-1.2173456,0.77594745,-0.18689372,0.9103194,0.0,0.0,0
51383342,-1.2032545,0.74789685,-0.18551798,0.9103194,0.0,0.0,0
51403050,-1.1402142,0.7302907,-0.19819923,0.9103194,0.0,0.0,0
51427675,-1.0511074,0.6981295,-0.18767266,0.9103194,0.0,0.0,0
51447374,-1.0552391,0.6749346,-0.21784365,0.9103194,0.0,0.0,0
51462157,-0.99650395,0.6746985,-0.26099086,0.9103194,0.0,0.0,0
51486814,-0.9695429,0.7055385,-0.28821635,0.9103194,0.0,0.0,0
51506492,-0.9336169,0.7244806,-0.28387597,0.9103194,0.0,0.0,0
51526232,-0.86745894,0.74578327,-0.2696856,0.9103194,0.0,0.0,0
51546014,-0.8121655,0.74333876,-0.22985142,0.9103194,0.0,0.0,0
51565646,-0.8043459,0.7225334,-0.21474853,0.9103194,0.0,0.0,0
51585370,-0.7414994,0.7256166,-0.19587992,0.9103194,0.0,0.0,0
51605006,-0.7055585,0.73758656,-0.1881561,0.9103194,0.0,0.0,0
51624710,-0.68856424,0.74013263,-0.18350662,0.9103194,0.0,0.0,0
51644412,-0.6408045,0.735315,-0.15178736,0.9103194,0.0,0.0,0
51664114,-0.5759014,0.7082072,-0.11493881,0.9103194,0.0,0.0,0
51683822,-0.6202837,0.69713086,-0.12516142,0.9103194,0.0,0.0,0
51703523,-0.6291839,0.7228987,-0.13462953,0.9103194,0.0,0.0,0
51728154,-0.6282409,0.7624067,-0.14064422,0.9103194,0.0,0.0,0
51742961,-0.6096969,0.78133494,-0.13882542,0.9103194,0.0,0.0,0
51767578,-0.5387273,0.79513735,-0.11392329,0.9103194,0.0,0.0,0
51787263,-0.4665321,0.78564537,-0.08060908,0.9103194,0.0,0.0,0
51802038,-0.41987824,0.77172387,-0.041601017,0.9103194,0.0,0.0,0
51826674,-0.314801,0.7776943,0.017271541,0.9103194,0.0,0.0,0
51846370,-0.2558518,0.79395854,0.060323942,0.9103194,0.0,0.0,0
51866079,-0.20792791,0.79682153,0.11378759,0.9103194,0.0,0.0,0
51885781,-0.13933511,0.77295,0.18888982,0.9103194,0.0,0.0,0
51905496,-0.10243974,0.74564457,0.3152234,0.9103194,0.0,0.0,0
51925200,-0.13146812,0.74557847,0.3395766,0.9103194,0.0,0.0,0
51944985,-0.15633932,0.7697995,0.33280978,0.9103194,0.0,0.0,0
51964594,-0.13246897,0.79405785,0.37283048,0.9103194,0.0,0.0,0
51984302,-0.07854873,0.7874654,0.35107136,0.9103194,0.0,0.0,0
52008957,0.097611785,0.7265394,0.09326676,0.9103194,0.0,0.0,0
52023755,0.15170404,0.6955677,0.083485745,0.9103194,0.0,0.0,0
52043444,0.20907162,0.65644866,0.084291734,0.9103194,0.0,0.0,0
52068091,0.34273192,0.63694584,0.07087472,0.9103194,0.0,0.0,0
52082818,0.42617407,0.625863,0.0679617,0.9103194,0.0,0.0,0
52102520,0.43757778,0.5929805,0.17734358,0.9103194,0.0,0.0,0
52127203,0.48688364,0.49625736,0.1700946,0.9103194,0.0,0.0,0
52146889,0.485266,0.4211341,0.18121606,0.9103194,0.0,0.0,0
52166554,0.452174,0.37756157,0.19895443,0.9103194,0.0,0.0,0
52186251,0.5002013,0.36048648,0.16951087,0.9103194,0.0,0.0,0
52205962,0.54748017,0.34236407,0.14920807,0.9103194,0.0,0.0,0
52225679,0.55898184,0.32366142,0.15229185,0.9103194,0.0,0.0,0
52245359,0.54033214,0.30120054,0.17232208,0.9103194,0.0,0.0,0
52265067,0.48670015,0.26386437,0.20810066,0.9103194,0.0,0.0,0
52289722,0.42163363,0.2436043,0.24921304,0.9103194,0.0,0.0,0
52304471,0.40533838,0.2514281,0.2648676,0.9103194,0.0,0.0,0
52324234,0.37600094,0.26852152,0.28504133,0.9103194,0.0,0.0,0
52343958,0.38751495,0.2567913,0.28999278,0.9103194,0.0,0.0,0
52363589,0.4103782,0.21635874,0.27200317,0.9103194,0.0,0.0,0
52383294,0.43083063,0.18245463,0.26093677,0.9103194,0.0,0.0,0
52407915,0.46350503,0.17962322,0.21242145,0.9103194,0.0,0.0,0
52427652,0.48701078,0.20417382,0.19377984,0.9103194,0.0,0.0,0
52442395,0.4955393,0.2106381,0.18249553,0.9103194,0.0,0.0,0
52467023,0.4725865,0.2258569,0.18508942,0.9103194,0.0,0.0,0
52486744,0.36006323,0.22274947,0.17017119,0.9103194,0.0,0.0,0
52501517,0.24591094,0.18957214,0.19621812,0.9103194,0.0,0.0,0
52526162,-0.24190524,0.11305887,0.174212,0.9103194,0.0,0.0,0
52545891,-0.24890581,0.10174625,0.17267464,0.9103194,0.0,0.0,0
52565544,-0.28682533,0.08765069,0.17293617,0.9103194,0.0,0.0,0
52585268,-0.51562977,-0.019495057,0.028368674,0.9103194,0.0,0.0,0
52604988,-0.65736747,-0.06947889,0.10802594,0.9103194,0.0,0.0,0
52624678,-0.78457195,-0.12519886,0.18184856,0.9103194,0.0,0.0,0
52644382,-0.86028063,-0.15685,0.23310605,0.9103194,0.0,0.0,0
52664083,-0.8362887,-0.15063666,0.23104617,0.9103194,0.0,0.0,0
52683763,-0.82391346,-0.14914225,0.23294562,0.9103194,0.0,0.0,0
52708410,-0.8281629,-0.1462438,0.3215094,0.9103194,0.0,0.0,0
52723254,-0.83424914,-0.15362754,0.3262547,0.9103194,0.0,0.0,0
52742982,-0.86285377,-0.1757404,0.32783705,0.9103194,0.0,0.0,0
52767508,-0.8876246,-0.17203419,0.3295899,0.9103194,0.0,0.0,0
52782284,-0.8993532,-0.15161157,0.3301051,0.9103194,0.0,0.0,0
52806907,-0.91001815,-0.13259378,0.33035225,0.9103194,0.0,0.0,0
52826620,-0.88816124,-0.14477028,0.32929444,0.9103194,0.0,0.0,0
52846311,-0.84329826,-0.1698109,0.3265199,0.9103194,0.0,0.0,0
52866016,-0.8554159,-0.17532653,0.32733664,0.9103194,0.0,0.0,0
52885723,-0.8290231,-0.15331674,0.3258013,0.9103194,0.0,0.0,0
52905443,-0.8127752,-0.11479677,0.3253921,0.9103194,0.0,0.0,0
52925152,-0.7916872,-0.08998686,0.3230835,0.9103194,0.0,0.0,0
52944862,-0.7155751,-0.07075752,0.2714074,0.9103194,0.0,0.0,0
52964528,-0.71137524,-0.06333525,0.2727717,0.9103194,0.0,0.0,0
52989175,-0.7992568,-0.068034224,0.32552832,0.9103194,0.0,0.0,0
53003946,-0.8209829,-0.060599692,0.32605967,0.9103194,0.0,0.0,0
53023641,-0.84472215,-0.04698825,0.32653537,0.9103194,0.0,0.0,0
53048276,-0.8831132,-0.060820967,0.32764155,0.9103194,0.0,0.0,0
53063076,-0.8945386,-0.086466335,0.32856798,0.9103194,0.0,0.0,0
53087971,-0.8941397,-0.13781619,0.27777797,0.9103194,0.0,0.0,0
53107499,-0.90181035,-0.15618876,0.28041154,0.9103194,0.0,0.0,0
53127368,-0.88983476,-0.14688554,0.27913213,0.9103194,0.0,0.0,0
53141894,-0.87182814,-0.1439257,0.27783936,0.9103194,0.0,0.0,0
53166499,-0.840915,-0.1596187,0.27681252,0.9103194,0.0,0.0,0
53186194,-0.8284996,-0.16372484,0.27608606,0.9103194,0.0,0.0,0
53205902,-0.8902647,-0.17224714,0.32926425,0.9103194,0.0,0.0,0
53225627,-0.9490739,-0.19974111,0.33485645,0.9103194,0.0,0.0,0
53245306,-0.9728993,-0.19267331,0.3366183,0.9103194,0.0,0.0,0
53265013,-1.0293604,-0.1669055,0.339717,0.9103194,0.0,0.0,0
53284724,-1.0822265,-0.16042829,0.344188,0.9103194,0.0,0.0,0
53304418,-1.1109041,-0.17700939,0.35393158,0.9103194,0.0,0.0,0
53324153,-1.1115541,-0.19992071,0.35350364,0.9103194,0.0,0.0,0
53343831,-1.1435134,-0.20554185,0.35976508,0.9103194,0.0,0.0,0
53363522,-1.1267565,-0.18070348,0.35556996,0.9103194,0.0,0.0,0
53388170,-1.092388,-0.24135958,0.37166265,0.9103194,0.0,0.0,0
53407859,-1.0594604,-0.4981099,0.4319087,0.9103194,0.0,0.0,0
53422634,-1.0417665,-0.519055,0.4360829,0.9115479,0.0,0.0,0
53447268,-1.0747194,-0.52066797,0.446448,0.9103194,0.0,0.0,0
53466970,-1.143092,-0.50103587,0.45977253,0.9103194,0.0,0.0,0
53481749,-1.1666367,-0.47205213,0.46153745,0.9115479,0.0,0.0,0
53506781,-1.2166913,-0.4181394,0.46444064,0.9103194,0.0,0.0,0
53526366,-1.2217305,-0.39922714,0.46625087,0.9115479,0.0,0.0,0
53545804,-1.2217305,-0.40004095,0.46518478,0.9115479,0.0,0.0,0
53565486,-1.220728,-0.4037812,0.46306562,0.9103194,0.0,0.0,0
53585187,-1.2094092,-0.38864648,0.45870945,0.9103194,0.0,0.0,0
53604899,-1.0861207,-0.40575582,0.30176866,0.9103194,0.0,0.0,0
53624595,-1.0466621,-0.39703846,0.2928691,0.88697785,0.0,0.0,0
53644331,-1.0117607,-0.38706222,0.2849244,0.88083535,0.0,0.0,0
53664025,-1.0014149,-0.3830378,0.28245267,0.87960684,0.0,0.0,0
53688672,-1.0801295,-0.3889222,0.3595257,0.87960684,0.0,0.0,0
53703443,-1.1756567,-0.37352708,0.37127975,0.87960684,0.0,0.0,0
53723140,-1.2217305,-0.35803017,0.37813237,0.87960684,0.0,0.0,0
53747747,-1.2217305,-0.33497608,0.38681555,0.87960684,0.0,0.0,0
53762512,-1.2217305,-0.34171486,0.39310837,0.87960684,0.0,0.0,0
53787178,-1.2217305,-0.37900966,0.479209,0.87960684,0.0,0.0,0
53806850,-1.2217305,-0.3808353,0.48187634,0.87960684,0.0,0.0,0
53826559,-1.2217305,-0.3992724,0.47711152,0.87960684,0.0,0.0,0
53846261,-1.2217305,-0.40468943,0.46444252,0.87960684,0.0,0.0,0
53865967,-1.176058,-0.42611098,0.45760632,0.8783784,0.0,0.0,0
53885830,-1.1282934,-0.4409402,0.45007843,0.87960684,0.0,0.0,0
53905591,-1.1134831,-0.44629163,0.44773096,0.87960684,0.0,0.0,0
53925511,-1.1426573,-0.46109992,0.45517713,0.87960684,0.0,0.0,0
53944778,-1.1816347,-0.48407835,0.46614423,0.87960684,0.0,0.0,0
53964478,-1.1960349,-0.48615837,0.46959153,0.87960684,0.0,0.0,0
53984177,-1.2217305,-0.47179058,0.47769487,0.87960684,0.0,0.0,0
54003887,-1.2217305,-0.4742426,0.48511022,0.87960684,0.0,0.0,0
54028520,-1.2217305,-0.5092835,0.49021006,0.87960684,0.0,0.0,0
54043313,-1.2217305,-0.5394194,0.4896241,0.87960684,0.0,0.0,0
54062992,-1.2217305,-0.5533595,0.49556896,0.87960684,0.0,0.0,0
54087619,-1.2217305,-0.5506107,0.4858652,0.8783784,0.0,0.0,0
54107356,-1.1960236,-0.55193627,0.47795334,0.87960684,0.0,0.0,0
54122172,-1.1680204,-0.5484137,0.47077277,0.87960684,0.0,0.0,0
54146772,-1.118053,-0.54177207,0.4581998,0.87960684,0.0,0.0,0
54166481,-1.1210581,-0.5484715,0.4595008,0.87960684,0.0,0.0,0
54186179,-1.1407374,-0.5635628,0.4657152,0.87960684,0.0,0.0,0
54205841,-1.1320184,-0.5684338,0.4641101,0.87960684,0.0,0.0,0
54225559,-1.1528673,-0.5551846,0.46784177,0.87960684,0.0,0.0,0
54245269,-1.1811036,-0.55732095,0.47491556,0.87960684,0.0,0.0,0
54264955,-1.174092,-0.58576685,0.47638088,0.87960684,0.0,0.0,0
54284847,-1.141129,-0.626125,0.4719101,0.87960684,0.0,0.0,0
54304627,-1.1668617,-0.6389152,0.48026612,0.87960684,0.0,0.0,0
54324092,-1.1501364,-0.63449174,0.47529763,0.87960684,0.0,0.0,0
54343763,-1.1327475,-0.62815535,0.4699432,0.87960684,0.0,0.0,0
54363469,-1.1131955,-0.6329595,0.46512207,0.87960684,0.0,0.0,0
54388098,-1.0555019,-0.6419889,0.4502883,0.8783784,0.0,0.0,0
54402911,-1.0640436,-0.6466493,0.45284414,0.8783784,0.0,0.0,0
54427500,-1.0827996,-0.6760223,0.45993224,0.87960684,0.0,0.0,0
54447244,-1.0786675,-0.68855137,0.4597015,0.87960684,0.0,0.0,0
54461979,-1.087443,-0.67997867,0.46165377,0.87960684,0.0,0.0,0
54486638,-1.1179745,-0.67507684,0.46993178,0.87960684,0.0,0.0,0
54506342,-1.1169826,-0.6967286,0.47135878,0.87960684,0.0,0.0,0
54526045,-0.5984506,-0.7919035,0.208851,0.85,0.0,0.0,0
54545724,-0.6265211,-1.0471976,0.4353472,0.85,0.0,0.0,0
54565421,-0.6174249,-1.0471976,0.44244924,0.85,0.0,0.0,0
54585132,-0.61581755,-1.0471976,0.4376396,0.85,0.0,0.0,0
54604825,-0.60408396,-1.0471976,0.4463425,0.85,0.0,0.0,0
54624563,-0.5641014,-1.0471976,0.41665414,0.85,0.0,0.0,0
54644267,-0.5486895,-1.0471976,0.39737377,0.85,0.0,0.0,0
54668893,-0.5966873,-1.0471976,0.40232635,0.85,0.0,0.0,0
54683741,-0.60209906,-1.0471976,0.41361117,0.85,0.0,0.0,0
54703653,-0.62384367,-1.0471976,0.41348192,0.85,0.0,0.0,0
54727963,-0.71015143,-1.0471976,0.4646594,0.85,0.0,0.0,0
54742761,-0.733895,-1.0471976,0.47195715,0.85,0.0,0.0,0
54762456,-0.74781096,-1.0471976,0.4816182,0.85,0.0,0.0,0
54787085,-0.75470203,-1.0471976,0.48793992,0.85,0.0,0.0,0
54806842,-0.7665131,-1.0471976,0.49674174,0.85,0.0,0.0,0
54826523,-0.74260205,-1.0471976,0.47365984,0.85,0.0,0.0,0
54846216,-0.722942,-1.0471976,0.46606836,0.85,0.0,0.0,0
54865938,-0.70998615,-1.0471976,0.45786712,0.85,0.0,0.0,0
54885636,-0.66859645,-1.0471976,0.42885768,0.85,0.0,0.0,0
54905338,-0.673659,-1.0471976,0.43247914,0.85,0.0,0.0,0
54925010,-0.70619035,-1.0471976,0.4568848,0.85,0.0,0.0,0
54944705,-0.74376565,-1.0471976,0.48024854,0.85,0.0,0.0,0
54964422,-0.78142977,-1.0471976,0.49466997,0.85,0.0,0.0,0
54984117,-0.81869286,-1.0471976,0.5078842,0.85,0.0,0.0,0
55008766,-0.88410777,-1.0471976,0.54503447,0.85,0.0,0.0,0
55023520,-0.884835,-1.0471976,0.54664326,0.85,0.0,0.0,0
55043234,-0.9093104,-1.0471976,0.56206304,0.85,0.0,0.0,0
55067859,-0.8852486,-1.0471976,0.54369444,0.85,0.0,0.0,0
55087586,-0.87709457,-1.0471976,0.50053173,0.85,0.0,0.0,0
55102852,-0.8319589,-1.0471976,0.48543367,0.85,0.0,0.0,0
55126961,-0.8008323,-1.0471976,0.46112603,0.85,0.0,0.0,0
55146682,-0.7712862,-1.0471976,0.44063556,0.85,0.0,0.0,0
55161448,-0.77279365,-1.0471976,0.4414555,0.85,0.0,0.0,0
55186072,-0.8104434,-1.0471976,0.46430412,0.85,0.0,0.0,0
55205786,-0.85837895,-1.0471976,0.5080819,0.85,0.0,0.0,0
55225489,-0.9119572,-1.0471976,0.53297716,0.85,0.0,0.0,0
55245208,-0.96905893,-1.0471976,0.56244195,0.85,0.0,0.0,0
55264895,-0.99350435,-1.0471976,0.5774336,0.85,0.0,0.0,0
55284632,-0.9916712,-1.0471976,0.58028513,0.85,0.0,0.0,0
55304350,-1.0154941,-1.0471976,0.59265596,0.85,0.0,0.0,0
55324029,-0.9823868,-1.0471976,0.5691784,0.85,0.0,0.0,0
55343730,-0.95914125,-1.0471976,0.5503634,0.85,0.0,0.0,0
55368324,-0.9243866,-1.0471976,0.5278443,0.85,0.0,0.0,0
55383111,-0.88861173,-1.0471976,0.50790787,0.85,0.0,0.0,0
55407733,-0.8748732,-1.0471976,0.499385,0.85,0.0,0.0,0
55427437,-0.88844126,-1.0471976,0.5051838,0.85,0.0,0.0,0
55442217,-0.90893793,-1.0471976,0.51638126,0.85,0.0,0.0,0
55466841,-0.9735306,-1.0471976,0.557059,0.85,0.0,0.0,0
55486664,-1.0383095,-1.0471976,0.59279835,0.85,0.0,0.0,0
55506337,-1.0829836,-1.0471976,0.6203672,0.85,0.0,0.0,0
55525966,-1.0976748,-1.0471976,0.6319149,0.85,0.0,0.0,0
55545664,-1.0695955,-1.0471976,0.61665714,0.85,0.0,0.0,0
55565356,-1.0642896,-1.0471976,0.61197793,0.85,0.0,0.0,0
55585072,-1.0146484,-1.0471976,0.57948,0.85,0.0,0.0,0
55604773,-0.97763574,-1.0471976,0.567557,0.85,0.0,0.0,0
55624463,-0.95119476,-1.0471976,0.5527065,0.85,0.0,0.0,0
55649106,-0.92045504,-1.0471976,0.53818583,0.85,0.0,0.0,0
55663886,-0.94409007,-1.0471976,0.54782414,0.85,0.0,0.0,0
55683606,-0.9872616,-1.0407104,0.5644645,0.85,0.0,0.0,0
55708235,-0.9741865,-1.0454113,0.4514845,0.85,0.0,0.0,0
55722987,-1.0299484,-1.0056926,0.4712374,0.85,0.0,0.0,0
55742690,-1.0992165,-0.9525909,0.49406502,0.85,0.0,0.0,0
55767345,-1.1367935,-0.92067385,0.50813955,0.85,0.0,0.0,0
55787054,-1.1458249,-0.91771114,0.528387,0.85,0.0,0.0,0
55806778,-1.1534652,-0.9113759,0.5310841,0.85,0.0,0.0,0
55826460,-1.1186608,-0.8974627,0.5124971,0.85,0.0,0.0,0
55846158,-1.0910336,-0.86948055,0.4966923,0.85,0.0,0.0,0
55865852,-1.0521345,-0.86451364,0.47918496,0.85,0.0,0.0,0
55885818,-1.0128798,-0.85369015,0.46298337,0.8477874,0.0,0.0,0
55905308,-0.99087405,-0.84098154,0.45373458,0.84554213,0.0,0.0,0
55924975,-0.99450386,-0.8437961,0.45482942,0.84331477,0.0,0.0,0
55944683,-1.0226667,-0.8497337,0.46473655,0.8410983,0.0,0.0,0
55964352,-1.0445986,-0.8349864,0.4725227,0.838918,0.0,0.0,0
55984050,-1.0864441,-0.80489,0.4876372,0.83670306,0.0,0.0,0
56003769,-1.1890992,-0.73706585,0.70561856,0.8344908,0.0,0.0,0
56023462,-1.2126552,-0.7467335,0.73501265,0.83224946,0.0,0.0,0
56048089,-1.1979333,-0.7893477,0.7514317,0.82784075,0.0,0.0,0
56067787,-1.2101077,-0.7931556,0.7429546,0.8255974,0.0,0.0,0
56082596,-1.1792996,-0.7995064,0.73453075,0.8255974,0.0,0.0,0
56107202,-1.1445754,-0.79107916,0.71792364,0.8211624,0.0,0.0,0
56126898,-1.1302435,-0.79412675,0.7112238,0.81897104,0.0,0.0,0
56141694,-1.1032369,-0.7919338,0.7026932,0.81897104,0.0,0.0,0
56166310,-1.0840083,-0.7878658,0.69445455,0.823402,0.0,0.0,0
56186022,-1.0940799,-0.7924035,0.6911081,0.82562137,0.0,0.0,0
56205734,-1.0546292,-0.8486051,0.48285052,0.82783985,0.0,0.0,0
56225439,-1.0673529,-0.83410245,0.48859814,0.83005375,0.0,0.0,0
56245119,-1.1201705,-0.80501974,0.512196,0.83049184,0.0,0.0,0
56264843,-1.1554407,-0.791644,0.5291464,0.82827073,0.0,0.0,0
56284612,-1.1620198,-0.8079037,0.538698,0.8259834,0.0,0.0,0
56304229,-1.204527,-0.7869066,0.80031663,0.8261551,0.0,0.0,0
56323931,-1.2152985,-0.80363625,0.8033731,0.8261551,0.0,0.0,0
56348572,-1.1513445,-0.8143016,0.7554444,0.8294051,0.0,0.0,0
56363364,-1.1131116,-0.81084484,0.7164547,0.83164465,0.0,0.0,0
56383085,-1.0758862,-0.8108419,0.67210394,0.8338473,0.0,0.0,0
56407700,-0.95343727,-0.8372853,0.44483608,0.83606195,0.0,0.0,0
56422488,-0.940323,-0.83332133,0.4367103,0.8382699,0.0,0.0,0
56447083,-0.9506366,-0.8348781,0.4561702,0.84049594,0.0,0.0,0
56466805,-0.96738195,-0.836802,0.47525597,0.8427005,0.0,0.0,0
56486556,-0.9758455,-0.8189928,0.42475048,0.84491944,0.0,0.0,0
56506193,-0.9880306,-0.80421835,0.4403967,0.8443938,0.0,0.0,0
56525895,-1.003649,-0.80551356,0.43516952,0.84218746,0.0,0.0,0
56545594,-0.9993578,-0.8349192,0.41105852,0.8399989,0.0,0.0,0
56565299,-0.93906814,-0.8800234,0.35366112,0.83777016,0.0,0.0,0
56585012,-0.92252946,-0.8996646,0.35161936,0.83556604,0.0,0.0,0
56604711,-0.8492626,-0.9102465,0.25096875,0.8333458,0.0,0.0,0
56624409,-0.7791617,-0.90556026,0.19758984,0.83110803,0.0,0.0,0
56644108,-0.7419251,-0.89911014,0.16036034,0.8288936,0.0,0.0,0
56663818,-0.6808966,-0.8888911,0.107672535,0.8267004,0.0,0.0,0
56688719,-0.7070846,-0.8817891,0.1913387,0.82225686,0.0,0.0,0
56703229,-0.7613556,-0.8822111,0.23378666,0.82225686,0.0,0.0,0
56722927,-0.7771429,-0.88151556,0.2620558,0.82003194,0.0,0.0,0
56747552,-0.81922764,-0.855936,0.29866844,0.8156128,0.0,0.0,0
56767265,-0.8673356,-0.8410474,0.32592097,0.81337416,0.0,0.0,0
56782034,-0.86207616,-0.8534867,0.3181142,0.81337416,0.0,0.0,0
56806662,-0.882434,-0.8991126,0.3733857,0.80896044,0.0,0.0,0
56826365,-0.82640505,-0.9584212,0.32194018,0.8067388,0.0,0.0,0
56846106,-0.8112926,-0.9950573,0.2907206,0.8089502,0.0,0.0,0
56865851,-0.7251182,-1.0134788,0.19319269,0.81117475,0.0,0.0,0
56885525,-0.6455685,-1.020665,0.09790537,0.8133851,0.0,0.0,0
56905242,-0.5977927,-1.020397,0.041146934,0.81562626,0.0,0.0,0
56924884,-0.5393006,-1.0191348,-0.01504869,0.8178118,0.0,0.0,0
56944580,-0.5492385,-1.0237596,0.013153885,0.8200329,0.0,0.0,0
56964285,-0.5731231,-1.0429715,0.054312322,0.8222433,0.0,0.0,0
56983994,-0.5973282,-1.0471976,0.07916721,0.8244819,0.0,0.0,0
57003701,-0.6323878,-1.0399046,0.12839824,0.8244819,0.0,0.0,0
57023403,-0.67295384,-1.020672,0.1772685,0.82778895,0.0,0.0,0
57048263,-0.6833889,-1.0303344,0.17786606,0.83000374,0.0,0.0,0
57062834,-0.6919327,-1.0471976,0.17449717,0.8322739,0.0,0.0,0
57087465,-0.6360217,-1.0471976,0.079231106,0.83446425,0.0,0.0,0
57107140,-0.60190284,-1.0471976,0.06643286,0.8366817,0.0,0.0,0
57121915,-0.55903655,-1.0471976,0.026543174,0.8388731,0.0,0.0,0
57146546,-0.49747416,-1.0471976,-0.030218082,0.84108573,0.0,0.0,0
57166247,-0.46392637,-1.0471976,-0.06271575,0.8433051,0.0,0.0,0
57185973,-0.42590937,-1.0471976,-0.09459571,0.84551835,0.0,0.0,0
57205654,-0.41976613,-1.0471976,-0.11148517,0.84775865,0.0,0.0,0
57225373,-0.4602612,-1.0471976,-0.058877695,0.84995127,0.0,0.0,0
57245062,-0.45783538,-1.0471976,-0.045821372,0.85,0.0,0.0,0
57264798,-0.47573823,-1.0228363,-0.019926041,0.85,0.0,0.0,0
57284497,-0.5008217,-1.0073395,0.008174891,0.85,0.0,0.0,0
57304168,-0.49162143,-1.0215393,-0.011895076,0.85,0.0,0.0,0
57328812,-0.44490772,-1.0471976,-0.07563841,0.85,0.0,0.0,0
57343573,-0.42247298,-1.0471976,-0.08570641,0.85,0.0,0.0,0
57363290,-0.4014821,-1.0471976,-0.11629317,0.85,0.0,0.0,0
57387914,-0.32091957,-1.0471976,-0.13063098,0.85,0.0,0.0,0
57402710,-0.31015584,-1.0471976,-0.16056642,0.85,0.0,0.0,0
57422431,-0.26498702,-1.0471976,-0.20257266,0.85,0.0,0.0,0
57447055,-0.22380722,-1.0471976,-0.22640817,0.85,0.0,0.0,0
57467233,-0.21024871,-1.0471976,-0.22448619,0.85,0.0,0.0,0
57486437,-0.21465226,-1.0471976,-0.20591852,0.85,0.0,0.0,0
57506126,-0.21336372,-1.0471976,-0.19840917,0.85,0.0,0.0,0
57525839,-0.24208021,-1.0471976,-0.16797899,0.85,0.0,0.0,0
57545560,-0.2573348,-1.0471976,-0.1508565,0.85,0.0,0.0,0
57565232,-0.2496509,-1.0471976,-0.15753138,0.85,0.0,0.0,0
57584956,-0.22572339,-1.0471976,-0.17647672,0.8493737,0.0,0.0,0
57604638,-0.19574682,-1.0471976,-0.2487489,0.8471588,0.0,0.0,0
57624341,-0.14782785,-1.0471976,-0.3130449,0.84494436,0.0,0.0,0
57644057,-0.08426317,-0.9954137,-0.38118067,0.84494436,0.0,0.0,0
57668731,-0.026934514,-0.9409207,-0.4517196,0.84534806,0.0,0.0,0
57683475,0.020086337,-0.90659,-0.50776774,0.8466425,0.0,0.0,0
57703158,0.02088869,-0.894302,-0.46692917,0.8476934,0.0,0.0,0
57727789,-0.0050327536,-0.9051128,-0.43312243,0.8488021,0.0,0.0,0
57747495,0.0045744535,-0.9105889,-0.42543098,0.8495476,0.0,0.0,0
57762271,0.004588389,-0.904614,-0.4131199,0.849298,0.0,0.0,0
57786901,-0.019620685,-0.9054231,-0.4605791,0.8480859,0.0,0.0,0
57806609,0.026554713,-0.91575044,-0.47137606,0.84740436,0.0,0.0,0
57826340,0.07322907,-0.9479387,-0.51622236,0.8462212,0.0,0.0,0
57846128,0.1546466,-0.97130126,-0.5869773,0.8452813,0.0,0.0,0
57866054,0.2061899,-0.98204696,-0.60710573,0.8450325,0.0,0.0,0
57885444,0.2675803,-0.9593334,-0.63416624,0.8458999,0.0,0.0,0
57905145,0.28123745,-0.95764446,-0.5524716,0.84810823,0.0,0.0,0
57924872,0.32991397,-0.93218505,-0.57456017,0.8496244,0.0,0.0,0
57944574,0.3715452,-0.90877944,-0.587602,0.85,0.0,0.0,0
57964222,0.37636745,-0.91271776,-0.5724478,0.85,0.0,0.0,0
57983933,0.3603804,-0.9280907,-0.55794984,0.85,0.0,0.0,0
58003631,0.3435329,-0.9484458,-0.45959565,0.85,0.0,0.0,0
58028267,0.3545469,-0.9287056,-0.4075021,0.85,0.0,0.0,0
58043051,0.3204414,-0.9250641,-0.3954951,0.85,0.0,0.0,0
58067713,0.34748232,-0.939598,-0.3573629,0.8455638,0.0,0.0,0
58087373,0.34736663,-0.9602772,-0.3362846,0.8433451,0.0,0.0,0
58102149,0.3278101,-0.97259825,-0.33244666,0.8433451,0.0,0.0,0
58126781,0.34665135,-0.944269,-0.34429935,0.83891135,0.0,0.0,0
58146495,0.38046005,-0.88747424,-0.3508842,0.836701,0.0,0.0,0
58166182,0.4087412,-0.8475695,-0.3506393,0.8344818,0.0,0.0,0
58185907,0.42245865,-0.81121016,-0.33800778,0.8322445,0.0,0.0,0
58205590,0.42316747,-0.778927,-0.33490187,0.83002526,0.0,0.0,0
58225304,0.41944647,-0.77167755,-0.3234699,0.8278343,0.0,0.0,0
58245104,0.4088135,-0.7712008,-0.30347413,0.825619,0.0,0.0,0
58264963,0.4077786,-0.75885963,-0.2789166,0.82339305,0.0,0.0,0
58284414,0.403504,-0.7441862,-0.24256398,0.8211596,0.0,0.0,0
58309041,0.36558992,-0.7559543,-0.21224079,0.8211596,0.0,0.0,0
58323814,0.40620545,-0.7766844,-0.18786159,0.8178286,0.0,0.0,0
58343508,0.4027173,-0.80366987,-0.18093243,0.81563866,0.0,0.0,0
58368143,0.41534725,-0.8183431,-0.18757814,0.8134259,0.0,0.0,0
58382934,0.43545398,-0.8089528,-0.19207682,0.81121075,0.0,0.0,0
58402614,0.46248397,-0.78579175,-0.2033455,0.8089658,0.0,0.0,0
58427255,0.49899882,-0.7746637,-0.20967753,0.8067508,0.0,0.0,0
58447041,0.51648784,-0.76514184,-0.2103689,0.804556,0.0,0.0,0
58466728,0.52805656,-0.76816505,-0.20243602,0.8023311,0.0,0.0,0
58486424,0.5197015,-0.7852754,-0.19486862,0.80012,0.0,0.0,0
58506098,0.5030615,-0.807336,-0.19005638,0.7978938,0.0,0.0,0
58525772,0.50169444,-0.8118039,-0.17333533,0.795657,0.0,0.0,0
58545484,0.50827277,-0.8045179,-0.17104258,0.7934556,0.0,0.0,0
58565174,0.5317171,-0.807296,-0.18949537,0.79125905,0.0,0.0,0
58584877,0.5666693,-0.8317431,-0.21633379,0.7890445,0.0,0.0,0
58604585,0.59121,-0.8545973,-0.28190762,0.7868269,0.0,0.0,0
58624283,0.5940172,-0.8760878,-0.29220018,0.78458714,0.0,0.0,0
58644202,0.6289843,-0.8747681,-0.3013118,0.7823953,0.0,0.0,0
58664148,0.6648467,-0.8478674,-0.30763787,0.780154,0.0,0.0,0
58683391,0.6819499,-0.8245327,-0.30735445,0.7778894,0.0,0.0,0
58708027,0.71285206,-0.7934252,-0.34882525,0.77795094,0.0,0.0,0
58727727,0.71077067,-0.77766544,-0.3524814,0.7801694,0.0,0.0,0
58742497,0.691338,-0.775128,-0.34513706,0.7801694,0.0,0.0,0
58767145,0.64949864,-0.7848782,-0.33625817,0.78462446,0.0,0.0,0
58786832,0.6244592,-0.7757439,-0.27390063,0.7868187,0.0,0.0,0
58801612,0.5814763,-0.7670159,-0.26206008,0.7868187,0.0,0.0,0
58826240,0.6270388,-0.7357145,-0.3119649,0.7912532,0.0,0.0,0
58845971,0.64520794,-0.73921293,-0.3320392,0.79348844,0.0,0.0,0
58865683,0.64675003,-0.7611208,-0.3433272,0.79569274,0.0,0.0,0
58885351,0.6165638,-0.78246534,-0.317014,0.7979316,0.0,0.0,0
58905062,0.60578924,-0.7905053,-0.25793457,0.80015314,0.0,0.0,0
58924789,0.63074446,-0.7616848,-0.26349962,0.80233854,0.0,0.0,0
58944488,0.65550345,-0.7253188,-0.2699654,0.80455893,0.0,0.0,0
58964187,0.6714058,-0.6958936,-0.27486008,0.806776,0.0,0.0,0
58983909,0.6553772,-0.67064714,-0.26791552,0.806776,0.0,0.0,0
59008488,0.70394,-0.6306447,-0.47417396,0.8100963,0.0,0.0,0
59023545,0.7034206,-0.6364901,-0.47990057,0.8123102,0.0,0.0,0
59043227,0.67421293,-0.65621054,-0.44326827,0.8145258,0.0,0.0,0
59067627,0.6740558,-0.6583762,-0.42753768,0.8167526,0.0,0.0,0
59082380,0.6848106,-0.660175,-0.4141596,0.81898046,0.0,0.0,0
59107011,0.70498836,-0.6919535,-0.3757403,0.8212075,0.0,0.0,0
59126721,0.7148785,-0.7403052,-0.33658132,0.8234152,0.0,0.0,0
59146422,0.6756134,-0.7908807,-0.26490676,0.8256093,0.0,0.0,0
59166124,0.6366902,-0.8204085,-0.22667323,0.8278274,0.0,0.0,0
59185823,0.6361291,-0.81676096,-0.22402667,0.8300422,0.0,0.0,0
59205525,0.62560534,-0.7977989,-0.15328678,0.8322638,0.0,0.0,0
59225239,0.6517344,-0.7841552,-0.16212368,0.83447534,0.0,0.0,0
59244959,0.67067593,-0.77272284,-0.17084117,0.83672464,0.0,0.0,0
59264660,0.7078343,-0.7671418,-0.19985688,0.8389151,0.0,0.0,0
59289260,0.7293584,-0.7896469,-0.3413983,0.8433477,0.0,0.0,0
59304044,0.77505827,-0.7886815,-0.3614229,0.8433477,0.0,0.0,0
59323750,0.80612975,-0.7840091,-0.39115897,0.8455899,0.0,0.0,0
59348379,0.865638,-0.7924055,-0.37035742,0.8499946,0.0,0.0,0
59363156,0.8478514,-0.82142526,-0.34799787,0.8499946,0.0,0.0,0
59382866,0.86210656,-0.88287896,-0.30289555,0.85,0.0,0.0,0
59407476,0.7692221,-0.9713082,-0.18178786,0.85,0.0,0.0,0
59427187,0.7420238,-1.0132368,-0.15210782,0.85,0.0,0.0,0
59442507,0.72247106,-1.0236502,-0.13075487,0.85,0.0,0.0,0
59466592,0.7336307,-1.0191638,-0.12796316,0.85,0.0,0.0,0
59486314,0.735633,-1.0158831,-0.11727291,0.85,0.0,0.0,0
59506047,0.7180784,-1.0164572,-0.111604944,0.85,0.0,0.0,0
59525730,0.71097326,-1.0321221,-0.10297938,0.85,0.0,0.0,0
59545450,0.68335354,-1.0471976,-0.09699435,0.85,0.0,0.0,0
59565129,0.6636494,-1.0471976,-0.088040695,0.85,0.0,0.0,0
59584807,0.6654938,-1.0471976,-0.07594933,0.85,0.0,0.0,0
59604511,0.69098514,-1.0445083,-0.040928453,0.85,0.0,0.0,0
59624217,0.70456153,-1.0471976,-0.027922947,0.85,0.0,0.0,0
59643948,0.6705196,-1.0471976,0.002828334,0.85,0.0,0.0,0
59663628,0.6283433,-1.0471976,0.048036877,0.85,0.0,0.0,0
59688253,0.58536816,-1.0471976,0.115957655,0.85,0.0,0.0,0
59707957,0.58632934,-1.0471976,0.098571375,0.85,0.0,0.0,0
59722735,0.6169902,-1.0471976,0.07809299,0.85,0.0,0.0,0
59747361,0.6181108,-1.0471976,0.09003196,0.85,0.0,0.0,0
59767061,0.6140746,-1.0471976,0.10131036,0.85,0.0,0.0,0
59781842,0.59054005,-1.0471976,0.12494183,0.85,0.0,0.0,0
59806472,0.522349,-1.0471976,0.1680712,0.85,0.0,0.0,0
59826193,0.49939385,-1.0471976,0.17747843,0.85,0.0,0.0,0
59846015,0.47314748,-1.0471976,0.20786482,0.85,0.0,0.0,0
59865578,0.46607345,-1.0471976,0.23853719,0.85,0.0,0.0,0
59885284,0.47142842,-1.0471976,0.26720086,0.85,0.0,0.0,0
59905009,0.45629367,-1.0471976,0.23915555,0.85,0.0,0.0,0
59924691,0.44237092,-1.0471976,0.23382051,0.85,0.0,0.0,0
59944391,0.474124,-1.0471976,0.21217267,0.85,0.0,0.0,0
59964141,0.52379435,-1.0471976,0.17005777,0.85,0.0,0.0,0
59988757,0.5769698,-1.0471976,0.12475704,0.85,0.0,0.0,0
60003536,0.55614823,-1.0350808,0.14988749,0.85,0.0,0.0,0
60023283,0.54604584,-1.0295169,0.160492,0.85,0.0,0.0,0
60047865,0.46504512,-1.0396024,0.20214075,0.85,0.0,0.0,0
60062620,0.42606902,-1.0400668,0.23356174,0.85,0.0,0.0,0
60087237,0.37776306,-1.0245756,0.42679414,0.85,0.0,0.0,0
60106955,0.3284658,-1.0023195,0.44986337,0.85,0.0,0.0,0
60126667,0.32541332,-1.0243391,0.4706776,0.85,0.0,0.0,0
60146344,0.3084855,-1.0471976,0.4869175,0.85,0.0,0.0,0
60166046,0.28803638,-1.0471976,0.49359798,0.85,0.0,0.0,0
60185763,0.32274163,-1.0471976,0.4500304,0.85,0.0,0.0,0
60205460,0.43829194,-1.0471976,0.2861032,0.85,0.0,0.0,0
60225231,0.5047708,-1.0424247,0.24739873,0.85,0.0,0.0,0
60244962,0.5194724,-1.0193522,0.24177329,0.85,0.0,0.0,0
60264564,0.50202346,-1.0005476,0.25741017,0.85,0.0,0.0,0
60284270,0.4503601,-0.996963,0.29797956,0.85,0.0,0.0,0
60303993,0.3492094,-0.987391,0.47198454,0.85,0.0,0.0,0
60328618,0.25263542,-0.96488345,0.53883135,0.85,0.0,0.0,0
60343381,0.22544526,-0.9480874,0.5634339,0.85,0.0,0.0,0
60363083,0.23077966,-0.9475352,0.5721456,0.85,0.0,0.0,0
60387713,0.2610927,-0.9854913,0.35743666,0.85,0.0,0.0,0
60407477,0.35758576,-1.0468138,0.34321836,0.85,0.0,0.0,0
60422294,0.34610003,-1.0471976,0.34600884,0.85,0.0,0.0,0
60446884,0.4074265,-1.0364466,0.29935607,0.85,0.0,0.0,0
60466562,0.45406318,-1.0010729,0.26331273,0.85,0.0,0.0,0
60486234,0.49332714,-0.9675793,0.25096795,0.85,0.0,0.0,0
60505997,0.4831164,-0.9422021,0.24372299,0.85,0.0,0.0,0
60525693,0.492009,-0.9312089,0.2443783,0.85,0.0,0.0,0
60545363,0.4325993,-0.9296649,0.28752014,0.85,0.0,0.0,0
60565071,0.3499983,-0.9324057,0.33326507,0.85,0.0,0.0,0
60584752,0.29705852,-0.9253587,0.35698742,0.85,0.0,0.0,0
60604442,0.26514298,-0.9215913,0.40195844,0.85,0.0,0.0,0
60624229,0.26178002,-0.946815,0.42306346,0.85,0.0,0.0,0
60643894,0.2567573,-0.98331016,0.44106147,0.8477722,0.0,0.0,0
60663553,0.2279567,-1.0092714,0.46624294,0.8455495,0.0,0.0,0
60688200,0.23389144,-1.020094,0.5082467,0.8411335,0.0,0.0,0
60702966,0.24605076,-0.9984619,0.48116347,0.8411335,0.0,0.0,0
60727597,0.32860237,-0.978516,0.44704974,0.8366995,0.0,0.0,0
60747298,0.3626543,-0.9609506,0.42445204,0.8344776,0.0,0.0,0
60762077,0.36049604,-0.94420993,0.42604643,0.8344776,0.0,0.0,0
60786731,0.32894367,-0.9310154,0.42573455,0.83005005,0.0,0.0,0
60806417,0.2628545,-0.93433917,0.46207157,0.8278211,0.0,0.0,0
60826138,0.2260967,-0.9276163,0.47968552,0.8256116,0.0,0.0,0
60845810,0.21011585,-0.91314495,0.4939909,0.8233934,0.0,0.0,0
60865516,0.21846597,-0.9160938,0.5059685,0.8211425,0.0,0.0,0
60885217,0.21476297,-0.9433517,0.5212227,0.81896675,0.0,0.0,0
60904917,0.20898937,-0.98398256,0.49325094,0.81675047,0.0,0.0,0
60924621,0.17397796,-1.0013039,0.51503676,0.8145278,0.0,0.0,0
60944316,0.19774735,-1.0073588,0.49938765,0.81231236,0.0,0.0,0
60969037,0.24530505,-0.98941076,0.46088544,0.81231236,0.0,0.0,0
60983770,0.2884995,-0.97915477,0.4433488,0.8089807,0.0,0.0,0
61003463,0.21291998,-0.90225726,0.75084805,0.8055734,0.0,0.0,0
61028352,0.19813386,-0.88207877,0.77244437,0.8055734,0.0,0.0,0
61042895,0.16679104,-0.8716256,0.8063885,0.80230874,0.0,0.0,0
61062538,0.09214035,-0.85852355,0.8617361,0.804522,0.0,0.0,0
61087188,0.03400754,-0.8305368,0.87266463,0.8067811,0.0,0.0,0
61106885,0.0013790239,-0.79817665,0.87266463,0.8089557,0.0,0.0,0
61126581,-0.007408019,-0.7879462,0.87266463,0.8111426,0.0,0.0,0
61146295,0.018503308,-0.8170694,0.87266463,0.8133588,0.0,0.0,0
61165981,0.061602764,-0.86934006,0.87266463,0.81557965,0.0,0.0,0
61185691,0.08267924,-0.905493,0.8486533,0.81779027,0.0,0.0,0
61205394,0.23196428,-0.9872039,0.47862437,0.82003623,0.0,0.0,0
61225126,0.29662454,-0.9766027,0.42837423,0.8222519,0.0,0.0,0
61244798,0.35448608,-0.9564313,0.39137483,0.8244448,0.0,0.0,0
61264501,0.3703104,-0.9202011,0.3928945,0.8266612,0.0,0.0,0
61284202,0.32358882,-0.88230306,0.4329584,0.8288779,0.0,0.0,0
61303924,0.24871467,-0.85254604,0.48863587,0.8310902,0.0,0.0,0
61323618,0.12677059,-0.8214507,0.56561244,0.8333094,0.0,0.0,0
61343309,0.024949493,-0.7877153,0.6197597,0.8355287,0.0,0.0,0
61367956,-0.07322817,-0.7359858,0.66861725,0.8399569,0.0,0.0,0
61387650,-0.088107236,-0.7217962,0.7130152,0.8404107,0.0,0.0,0
61402437,-0.10445429,-0.733817,0.72231835,0.8404107,0.0,0.0,0
61427346,-0.10210645,-0.7845025,0.736357,0.83597213,0.0,0.0,0
61446789,-0.11951476,-0.81128377,0.74568856,0.8337568,0.0,0.0,0
61461561,-0.09380432,-0.82523936,0.72600013,0.8337568,0.0,0.0,0
61486187,-0.0018452273,-0.82807875,0.66219527,0.82931024,0.0,0.0,0
61505909,0.088213906,-0.83273214,0.5799112,0.82711345,0.0,0.0,0
61525564,0.12705863,-0.8233939,0.55395937,0.8249022,0.0,0.0,0
61545270,0.12827197,-0.8125267,0.55163115,0.8226884,0.0,0.0,0
61564967,0.08133197,-0.8067437,0.5741969,0.8204491,0.0,0.0,0
61584705,0.013521376,-0.802086,0.6047875,0.8182546,0.0,0.0,0
61604402,-0.048162308,-0.7438727,0.75454396,0.8160379,0.0,0.0,0
61624108,-0.05742831,-0.7160036,0.7616244,0.8160379,0.0,0.0,0
61643792,-0.03880051,-0.7034515,0.7669671,0.81268626,0.0,0.0,0
61668413,-0.02165823,-0.72075605,0.7723697,0.8104896,0.0,0.0,0
61683209,-0.015102584,-0.731728,0.77820164,0.80827445,0.0,0.0,0
61702901,-0.02021711,-0.75609136,0.71796685,0.8060635,0.0,0.0,0
61727524,0.029093485,-0.7444886,0.6856321,0.8038459,0.0,0.0,0
61742297,0.078427136,-0.72903043,0.65639526,0.8016256,0.0,0.0,0
61766945,0.124462366,-0.703541,0.63770825,0.79938114,0.0,0.0,0
61786672,0.14431015,-0.6831046,0.5092365,0.7971738,0.0,0.0,0
61806600,0.19443071,-0.7047956,0.5048111,0.7949724,0.0,0.0,0
61826302,0.1873657,-0.700859,0.5095327,0.7927333,0.0,0.0,0
61845743,0.15275036,-0.708074,0.523933,0.790517,0.0,0.0,0
61865486,0.1329559,-0.71316046,0.5284767,0.7883265,0.0,0.0,0
61885151,0.11593042,-0.71384555,0.5360789,0.7861069,0.0,0.0,0
61904859,-0.048360497,-0.55013645,0.87266463,0.7838973,0.0,0.0,0
61924552,-0.05454049,-0.59676576,0.87266463,0.7816502,0.0,0.0,0
61949182,-0.06853092,-0.67364556,0.87266463,0.7772478,0.0,0.0,0
61963963,-0.084091306,-0.71524405,0.87266463,0.7772478,0.0,0.0,0
61983674,-0.094001144,-0.7566301,0.87266463,0.775025,0.0,0.0,0
62008351,0.12295898,-0.9171805,0.68559957,0.7705895,0.0,0.0,0
62023135,0.15662333,-0.9213296,0.6597613,0.7705895,0.0,0.0,0
62042813,0.18912151,-0.9153564,0.6448647,0.7683738,0.0,0.0,0
62067428,0.16550243,-0.89191854,0.6603115,0.76393616,0.0,0.0,0
62087104,0.09415101,-0.8637429,0.87266463,0.7617087,0.0,0.0,0
62101879,-0.107496396,-0.70097625,0.87266463,0.7617087,0.0,0.0,0
62126508,-0.21898602,-0.6312752,0.87266463,0.75729454,0.0,0.0,0
62146247,-0.25800002,-0.5531456,0.87266463,0.7550805,0.0,0.0,0
62165917,-0.2576057,-0.4852238,0.87266463,0.75286233,0.0,0.0,0
62185877,-0.23800242,-0.45421866,0.87266463,0.7506421,0.0,0.0,0
62205582,-0.19999972,-0.47381458,0.87266463,0.7522145,0.0,0.0,0
62225072,-0.13332266,-0.5351941,0.87266463,0.7544332,0.0,0.0,0
62244741,-0.11391078,-0.5582797,0.87266463,0.7566485,0.0,0.0,0
62264438,-0.051950905,-0.58534414,0.87266463,0.7588743,0.0,0.0,0
62284140,0.025187267,-0.597221,0.87266463,0.7588743,0.0,0.0,0
62303839,0.20084825,-0.69322455,0.6619282,0.7622034,0.0,0.0,0
62323557,0.23025852,-0.66807526,0.6504472,0.7643946,0.0,0.0,0
62348171,0.23207276,-0.6314376,0.65735096,0.7666321,0.0,0.0,0
62367871,0.18025726,-0.5884735,0.7040678,0.7688252,0.0,0.0,0
62382648,0.12419635,-0.5584498,0.74398696,0.77104163,0.0,0.0,0
62407311,0.06507646,-0.5460813,0.7045914,0.7732858,0.0,0.0,0
62427049,0.013062836,-0.510302,0.7300204,0.77547944,0.0,0.0,0
62441762,-0.008316122,-0.4892216,0.7416421,0.7777058,0.0,0.0,0
62466393,-0.009007144,-0.49397632,0.7567912,0.7796361,0.0,0.0,0
62486126,-0.014170394,-0.5286748,0.7728011,0.77761865,0.0,0.0,0
62505850,-0.11603505,-0.42722332,0.87266463,0.77542436,0.0,0.0,0
62525557,-0.11900936,-0.4560338,0.87266463,0.77764374,0.0,0.0,0
62545248,-0.052297425,-0.49281833,0.87266463,0.7798645,0.0,0.0,0
62564910,0.039156236,-0.51380163,0.87266463,0.782078,0.0,0.0,0
62584861,0.10325305,-0.5146391,0.87266463,0.78428763,0.0,0.0,0
62604753,0.16040173,-0.52380866,0.8438197,0.78655934,0.0,0.0,0
62624014,0.14302464,-0.4891816,0.870388,0.78879124,0.0,0.0,0
62648658,0.05827866,-0.4345121,0.87266463,0.79316026,0.0,0.0,0
62663417,0.008461089,-0.40647852,0.87266463,0.79316026,0.0,0.0,0
62683128,-0.04892703,-0.37339747,0.87266463,0.7953696,0.0,0.0,0
62707788,-0.05846576,-0.39386418,0.87266463,0.7998074,0.0,0.0,0
62722528,-0.074912414,-0.3774948,0.87266463,0.7998074,0.0,0.0,0
62747162,-0.054963555,-0.39284566,0.87266463,0.8042578,0.0,0.0,0
62766856,-0.05025944,-0.42040077,0.87266463,0.8064592,0.0,0.0,0
62786597,-0.048270427,-0.44110665,0.87266463,0.80866957,0.0,0.0,0
62806294,0.012308532,-0.47189036,0.8323316,0.8108911,0.0,0.0,0
62825997,0.10076636,-0.4715377,0.77349055,0.81311196,0.0,0.0,0
62845683,0.1659762,-0.45674664,0.73299897,0.81532115,0.0,0.0,0
62865391,0.2017947,-0.43521938,0.71368754,0.81753683,0.0,0.0,0
62885077,0.19309188,-0.40433925,0.7264436,0.8197562,0.0,0.0,0
62904792,0.15618296,-0.36976868,0.78364486,0.82199055,0.0,0.0,0
62924481,0.07955293,-0.33956808,0.83222574,0.82418656,0.0,0.0,0
62944186,0.0040032333,-0.30700156,0.87266463,0.82640505,0.0,0.0,0
62963897,-0.028607288,-0.27744102,0.87266463,0.82640505,0.0,0.0,0
62988627,-0.0497545,-0.26177213,0.87266463,0.8297273,0.0,0.0,0
63003559,-0.048106853,-0.26331374,0.87266463,0.83196527,0.0,0.0,0
63023008,-0.03969201,-0.2974365,0.87266463,0.8341835,0.0,0.0,0
63047631,-0.034072373,-0.32889855,0.87266463,0.83505976,0.0,0.0,0
63067369,0.015716264,-0.35138702,0.87266463,0.83554137,0.0,0.0,0
63082141,0.071787484,-0.35827425,0.87266463,0.8369275,0.0,0.0,0
63106785,0.17997937,-0.38652945,0.7251331,0.8378326,0.0,0.0,0
63126488,0.23465502,-0.37071726,0.6976589,0.84003145,0.0,0.0,0
63146149,0.23670177,-0.34847853,0.70318174,0.84224397,0.0,0.0,0
63165844,0.20323433,-0.3279213,0.73338085,0.84445524,0.0,0.0,0
63185597,0.13517661,-0.311482,0.7795491,0.8467022,0.0,0.0,0
63205287,0.04736728,-0.20562045,0.87266463,0.84889644,0.0,0.0,0
63224957,0.015798643,-0.19051786,0.87266463,0.85,0.0,0.0,0
63244666,0.01090232,-0.19652207,0.87266463,0.85,0.0,0.0,0
63264360,0.02203297,-0.23748171,0.87266463,0.85,0.0,0.0,0
63284064,0.032013543,-0.28264526,0.87266463,0.85,0.0,0.0,0
63303782,0.08924933,-0.4193413,0.80780905,0.85,0.0,0.0,0
63323488,0.1284375,-0.42963445,0.7808071,0.85,0.0,0.0,0
63348102,0.2124338,-0.4235007,0.72952884,0.85,0.0,0.0,0
63362884,0.2388688,-0.4142309,0.708565,0.85,0.0,0.0,0
63387587,0.2539323,-0.38905904,0.87266463,0.85,0.0,0.0,0
63407248,0.122286096,-0.14219761,0.87266463,0.85,0.0,0.0,0
63421999,0.07305543,-0.11344921,0.87266463,0.85,0.0,0.0,0
63446617,-0.04673276,-0.06253367,0.87266463,0.85,0.0,0.0,0
63466321,-0.07750088,-0.04398484,0.87266463,0.85,0.0,0.0,0
63486020,-0.0910012,-0.036809277,0.87266463,0.85,0.0,0.0,0
63505731,-0.09339933,-0.059536833,0.87266463,0.85,0.0,0.0,0
63525435,-0.08527206,-0.1347934,0.87266463,0.85,0.0,0.0,0
63545164,-0.011797812,-0.2572178,0.87266463,0.85,0.0,0.0,0
63564859,0.009874059,-0.28073028,0.87266463,0.85,0.0,0.0,0
63584590,0.09785372,-0.3122842,0.87266463,0.85,0.0,0.0,0
63604339,0.34050024,-0.53074455,0.6150732,0.85,0.0,0.0,0
63628878,0.37809896,-0.5016686,0.5845282,0.85,0.0,0.0,0
63643652,0.373103,-0.4783987,0.595256,0.85,0.0,0.0,0
63663344,0.3181895,-0.44273436,0.63383406,0.85,0.0,0.0,0
63687980,0.17640212,-0.39353004,0.87266463,0.85,0.0,0.0,0
63702768,0.0543793,-0.2674875,0.87266463,0.85,0.0,0.0,0
63722468,-0.022703031,-0.2218344,0.87266463,0.85,0.0,0.0,0
63747090,-0.06900359,-0.2054711,0.87266463,0.85,0.0,0.0,0
63766792,-0.07101901,-0.24631329,0.87266463,0.85,0.0,0.0,0
63786614,-0.06242722,-0.30057827,0.87266463,0.85,0.0,0.0,0
63806220,-0.03752331,-0.3658159,0.87266463,0.85,0.0,0.0,0
63825920,0.029755443,-0.4006202,0.87266463,0.85,0.0,0.0,0
63845598,0.11936208,-0.41183072,0.87266463,0.85,0.0,0.0,0
63865309,0.19279487,-0.41274062,0.827828,0.85,0.0,0.0,0
63885033,0.22903402,-0.39919403,0.8089123,0.85,0.0,0.0,0
63904715,0.17280808,-0.30163985,0.87266463,0.85,0.0,0.0,0
63924416,0.09877834,-0.2573325,0.87266463,0.85,0.0,0.0,0
63944116,-0.005771889,-0.20501824,0.87266463,0.85,0.0,0.0,0
63968757,-0.08715469,-0.16055965,0.87266463,0.85,0.0,0.0,0
63983554,-0.09658119,-0.14091693,0.87266463,0.85,0.0,0.0,0
64003263,-0.07552423,-0.2298621,0.87266463,0.85,0.0,0.0,0
64027858,-0.07018167,-0.2651153,0.87266463,0.85,0.0,0.0,0
64047551,-0.05646646,-0.30469275,0.87266463,0.85,0.0,0.0,0
64062335,-0.036125284,-0.31811687,0.87266463,0.85,0.0,0.0,0
64086984,0.0703285,-0.33716902,0.73706764,0.85,0.0,0.0,0
64106704,0.18395735,-0.40559533,0.6888734,0.85,0.0,0.0,0
64121483,0.20124725,-0.38519123,0.673034,0.85,0.0,0.0,0
64146107,0.20757248,-0.3561605,0.67850715,0.85,0.0,0.0,0
64165829,0.16065416,-0.34005713,0.7080142,0.85,0.0,0.0,0
64185557,0.06372064,-0.32482263,0.76390064,0.85,0.0,0.0,0
64205186,-0.05920402,-0.22742818,0.87266463,0.85,0.0,0.0,0
64224883,-0.11999549,-0.21986058,0.87266463,0.85,0.0,0.0,0
64244586,-0.16010535,-0.22414613,0.87266463,0.85,0.0,0.0,0
64264291,-0.18479183,-0.27083382,0.87266463,0.85,0.0,0.0,0
64284003,-0.1984194,-0.3306633,0.87266463,0.85,0.0,0.0,0
64303700,-0.13638058,-0.5205196,0.8204337,0.85,0.0,0.0,0
64328322,-0.11774418,-0.5475084,0.816114,0.85,0.0,0.0,0
64343120,-0.07716436,-0.5556759,0.7900023,0.85,0.0,0.0,0
64367753,-0.016208278,-0.5574709,0.7536573,0.85,0.0,0.0,0
64387465,0.0038047729,-0.5603761,0.87266463,0.8480167,0.0,0.0,0
64402210,-0.23772411,-0.1687118,0.87266463,0.85,0.0,0.0,0
64426862,-0.31239882,-0.15998088,0.87266463,0.85,0.0,0.0,0
64446566,-0.39291665,-0.1567214,0.87266463,0.85,0.0,0.0,0
64466246,-0.42175394,-0.18374571,0.87266463,0.85,0.0,0.0,0
64485952,-0.4385867,-0.2081325,0.87266463,0.85,0.0,0.0,0
64505659,-0.26149258,-0.52439797,0.87266463,0.85,0.0,0.0,0
64525356,-0.26077047,-0.5888004,0.87266463,0.85,0.0,0.0,0
64545088,-0.25272965,-0.65724474,0.87266463,0.85,0.0,0.0,0
64564815,-0.3037271,-0.6759169,0.87266463,0.85,0.0,0.0,0
64584571,-0.2874681,-0.67744267,0.87266463,0.85,0.0,0.0,0
64609120,-0.17159705,-0.724866,0.87266463,0.85,0.0,0.0,0
64623914,-0.14832965,-0.7147195,0.87266463,0.85,0.0,0.0,0
64643580,-0.15884241,-0.68231803,0.87266463,0.85,0.0,0.0,0
64668199,-0.23732443,-0.6347936,0.87266463,0.85,0.0,0.0,0
64682982,-0.282076,-0.6199491,0.87266463,0.85,0.0,0.0,0
64702688,-0.59081185,-0.24794428,0.87266463,0.85,0.0,0.0,0
64727346,-0.6685579,-0.21082611,0.87266463,0.85,0.0,0.0,0
64747032,-0.6706458,-0.2048279,0.87266463,0.85,0.0,0.0,0
64761807,-0.65876025,-0.21870041,0.87266463,0.85,0.0,0.0,0
64786455,-0.65024436,-0.2837419,0.87266463,0.85,0.0,0.0,0
64806124,-0.4047537,-0.6404706,0.85725504,0.85,0.0,0.0,0
64825849,-0.36844155,-0.669256,0.85147375,0.85,0.0,0.0,0
64845536,-0.28952423,-0.6896036,0.8389055,0.85,0.0,0.0,0
64865231,-0.23439953,-0.6993485,0.82300234,0.85,0.0,0.0,0
64884937,-0.21549323,-0.7094753,0.81779397,0.85,0.0,0.0,0
64904639,-0.20851193,-0.74364763,0.75976515,0.85,0.0,0.0,0
64924338,-0.28095824,-0.751375,0.7739006,0.85,0.0,0.0,0
64949020,-0.37354788,-0.7623794,0.8136378,0.85,0.0,0.0,0
64963810,-0.44204235,-0.77245384,0.80083185,0.85,0.0,0.0,0
64983529,-0.5153622,-0.76196706,0.7962436,0.85,0.0,0.0,0
65008091,-0.6801945,-0.6369648,0.87266463,0.85,0.0,0.0,0
65027811,-0.69638604,-0.68729866,0.87266463,0.85,0.0,0.0,0
65042604,-0.7046142,-0.7330886,0.87266463,0.85,0.0,0.0,0
65067215,-0.678086,-0.7966206,0.87266463,0.85,0.0,0.0,0
65086922,-0.611074,-0.82117707,0.87266463,0.85,0.0,0.0,0
65101675,-0.55796856,-0.829977,0.87266463,0.85,0.0,0.0,0
65126312,-0.49242294,-0.8260973,0.87266463,0.85,0.0,0.0,0
65146044,-0.42186764,-0.84390455,0.87266463,0.85,0.0,0.0,0
65165768,-0.44757354,-0.83186644,0.87266463,0.85,0.0,0.0,0
65185491,-0.49404588,-0.8362453,0.87266463,0.85,0.0,0.0,0
65205111,-0.49556065,-0.8961287,0.8011405,0.85,0.0,0.0,0
65224817,-0.5387314,-0.8937215,0.7816567,0.85,0.0,0.0,0
65244511,-0.5743601,-0.88680035,0.76785517,0.85,0.0,0.0,0
65264218,-0.5917646,-0.9040006,0.7526489,0.85,0.0,0.0,0
65283930,-0.5991019,-0.93675166,0.7441629,0.85,0.0,0.0,0
65308566,-0.7361474,-0.8302386,0.87266463,0.84828085,0.0,0.0,0
65323327,-0.71898365,-0.8376107,0.87266463,0.84828085,0.0,0.0,0
65348055,-0.6361363,-0.8365314,0.87266463,0.845546,0.0,0.0,0
65367914,-0.5782195,-0.8279651,0.87266463,0.8460577,0.0,0.0,0
65382471,-0.548934,-0.8255707,0.87266463,0.8460577,0.0,0.0,0
65407069,-0.4722498,-0.86703354,0.87266463,0.84851223,0.0,0.0,0
65426779,-0.54857814,-0.8736124,0.87266463,0.84995115,0.0,0.0,0
65446474,-0.61606497,-0.90572524,0.87266463,0.85,0.0,0.0,0
65466169,-0.6688669,-0.9424428,0.87266463,0.85,0.0,0.0,0
65485873,-0.72009814,-0.96913767,0.87266463,0.85,0.0,0.0,0
65505587,-0.6627892,-1.0471976,0.6851081,0.84852415,0.0,0.0,0
65525278,-0.68303716,-1.0471976,0.6828591,0.8463096,0.0,0.0,0
65544992,-0.6944141,-1.0471976,0.7007498,0.84409344,0.0,0.0,0
65564723,-0.703284,-1.0471976,0.71432287,0.8418692,0.0,0.0,0
65584387,-0.70884836,-1.0471976,0.7205093,0.83964807,0.0,0.0,0
65604131,-0.77422667,-1.0471976,0.87266463,0.83741283,0.0,0.0,0
65623859,-0.73087937,-1.0471976,0.85194254,0.83741283,0.0,0.0,0
65648455,-0.6852661,-1.0471976,0.8223296,0.8370908,0.0,0.0,0
65663225,-0.7340954,-1.0471976,0.8409123,0.8375387,0.0,0.0,0
65682905,-0.7942397,-1.0471976,0.8596286,0.83819866,0.0,0.0,0
65707539,-0.8085158,-1.0471976,0.76390404,0.8384789,0.0,0.0,0
65727248,-0.86936766,-1.0471976,0.7567857,0.83810395,0.0,0.0,0
65747024,-0.93183553,-1.0471976,0.7515397,0.8366833,0.0,0.0,0
65766912,-0.9808024,-1.0471976,0.7365169,0.8344595,0.0,0.0,0
65786358,-1.0084667,-1.0471976,0.72726136,0.83222187,0.0,0.0,0
65806053,-1.0318758,-1.0471976,0.74374986,0.8299981,0.0,0.0,0
65825760,-1.0324382,-1.0471976,0.73758733,0.8277426,0.0,0.0,0
65845461,-0.9719655,-1.0471976,0.71293724,0.82559866,0.0,0.0,0
65865160,-0.9197668,-1.0471976,0.6741723,0.8233778,0.0,0.0,0
65884862,-0.89133,-1.0471976,0.6598939,0.8211667,0.0,0.0,0
65904611,-0.87195665,-1.0471976,0.64820087,0.8195072,0.0,0.0,0
65924267,-0.92540205,-1.0471976,0.6758405,0.8199894,0.0,0.0,0
65943972,-0.9987237,-1.0471976,0.7161469,0.82054245,0.0,0.0,0
65963719,-1.0820992,-1.0471976,0.75173026,0.8209715,0.0,0.0,0
65983389,-1.1511201,-1.0471976,0.75210637,0.8209742,0.0,0.0,0
66008021,-1.2217305,-1.0471976,0.7335493,0.81781155,0.0,0.0,0
66022801,-1.2217305,-1.0471976,0.73763555,0.81781155,0.0,0.0,0
66047409,-1.2217305,-1.0471976,0.77864015,0.8133822,0.0,0.0,0
66067153,-1.2217305,-1.0471976,0.78407836,0.8111698,0.0,0.0,0
66081924,-1.2217305,-1.0471976,0.80281824,0.8111698,0.0,0.0,0
66106557,-1.2217305,-1.0471976,0.79350615,0.8067325,0.0,0.0,0
66126290,-1.2217305,-1.0471976,0.7655108,0.8045197,0.0,0.0,0
66146148,-1.2217305,-1.0471976,0.7599109,0.80230063,0.0,0.0,0
66165927,-1.2217305,-1.0471976,0.74547607,0.8000435,0.0,0.0,0
66185368,-1.2217305,-1.0471976,0.7245366,0.79786336,0.0,0.0,0
66205033,-1.2217305,-1.0471976,0.7434494,0.79565704,0.0,0.0,0
66224741,-1.2217305,-1.0471976,0.75707215,0.7934383,0.0,0.0,0
66244442,-1.2217305,-1.0471976,0.7629732,0.7912006,0.0,0.0,0
66264144,-1.2217305,-1.0471976,0.7613758,0.7912006,0.0,0.0,0
66288778,-1.2217305,-1.0471976,0.8215076,0.7878999,0.0,0.0,0
66303569,-1.2217305,-1.0471976,0.8528413,0.7856598,0.0,0.0,0
66323251,-1.2217305,-1.0471976,0.87266463,0.783443,0.0,0.0,0
66347925,-1.2217305,-1.0471976,0.87266463,0.78124666,0.0,0.0,0
66362724,-1.2217305,-1.0471976,0.87266463,0.7790292,0.0,0.0,0
66382357,-1.2217305,-1.0471976,0.87266463,0.77732086,0.0,0.0,0
66406999,-1.2217305,-1.0471976,0.87266463,0.7780715,0.0,0.0,0
66426701,-1.2217305,-1.0471976,0.87266463,0.77954763,0.0,0.0,0
66446397,-1.2217305,-1.0471976,0.87266463,0.78167844,0.0,0.0,0
66466139,-1.2217305,-1.0471976,0.87266463,0.78389907,0.0,0.0,0
66485811,-1.2217305,-1.0471976,0.87266463,0.78611815,0.0,0.0,0
66505529,-1.2217305,-0.96698785,0.87266463,0.7883506,0.0,0.0,0
66525354,-1.2217305,-0.90632045,0.87266463,0.7905514,0.0,0.0,0
66545185,-1.2217305,-0.8282613,0.87266463,0.792802,0.0,0.0,0
66564985,-1.2217305,-0.7548281,0.87266463,0.7950127,0.0,0.0,0
66584335,-1.2217305,-0.6948732,0.87266463,0.79723877,0.0,0.0,0
66604020,-1.2217305,-0.78782094,0.87266463,0.79947805,0.0,0.0,0
66628716,-1.2217305,-0.73665875,0.87266463,0.80385137,0.0,0.0,0
66643467,-1.2217305,-0.7111624,0.87266463,0.80385137,0.0,0.0,0
66663168,-1.2217305,-0.66446185,0.87266463,0.8060648,0.0,0.0,0
66687799,-1.2217305,-0.61797535,0.87266463,0.8105012,0.0,0.0,0
66707464,-1.2217305,-0.4319274,0.87266463,0.81271195,0.0,0.0,0
66722239,-1.2217305,-0.3977689,0.87266463,0.81271195,0.0,0.0,0
66746930,-1.2217305,-0.33655906,0.87266463,0.81716853,0.0,0.0,0
66766625,-1.2217305,-0.29391867,0.87266463,0.8193653,0.0,0.0,0
66781346,-1.2217305,-0.25134462,0.87266463,0.8193653,0.0,0.0,0
66805980,-1.2217305,-0.14290023,0.87266463,0.8237992,0.0,0.0,0
66825682,-1.2217305,-0.03666405,0.87266463,0.82601094,0.0,0.0,0
66845397,-1.2217305,0.051395748,0.87266463,0.82822686,0.0,0.0,0
66865100,-1.2217305,0.12419471,0.87266463,0.8304422,0.0,0.0,0
66884797,-1.2217305,0.18818003,0.87266463,0.8326804,0.0,0.0,0
66904494,-1.2217305,0.24196702,0.87266463,0.83487666,0.0,0.0,0
66924198,-1.2217305,0.2943459,0.87266463,0.8370928,0.0,0.0,0
66944398,-1.2217305,0.33396918,0.87266463,0.8370928,0.0,0.0,0
66963622,-1.2217305,0.39270064,0.87266463,0.84045523,0.0,0.0,0
66988234,-1.2217305,0.4395171,0.87266463,0.8426524,0.0,0.0,0
67003013,-1.2217305,0.32420826,0.87266463,0.84488857,0.0,0.0,0
67027689,-1.2217305,0.35388592,0.87266463,0.84706837,0.0,0.0,0
67047333,-1.2217305,0.38461807,0.87266463,0.84929764,0.0,0.0,0
67062110,-1.2217305,0.44031242,0.87266463,0.85,0.0,0.0,0
67086770,-1.2217305,0.52546287,0.87266463,0.85,0.0,0.0,0
67106485,-1.2217305,0.7445732,0.87266463,0.85,0.0,0.0,0
67126179,-1.2217305,0.7507722,0.87266463,0.85,0.0,0.0,0
67145958,-1.2217305,0.7724054,0.87266463,0.85,0.0,0.0,0
67165554,-1.2217305,0.7792454,0.87266463,0.85,0.0,0.0,0
67185259,-1.2217305,0.7889707,0.87266463,0.85,0.0,0.0,0
67204971,-1.2217305,0.8236309,0.87266463,0.85,0.0,0.0,0
67224667,-1.2217305,0.84128076,0.87266463,0.85,0.0,0.0,0
67244365,-1.2217305,0.8745013,0.87266463,0.85,0.0,0.0,0
67268994,-1.2217305,0.91305465,0.87266463,0.85,0.0,0.0,0
67283784,-1.2217305,0.92313564,0.87266463,0.85,0.0,0.0,0
67303481,-1.2217305,0.74253005,0.87266463,0.85,0.0,0.0,0
67328104,-1.2217305,0.7927906,0.87266463,0.85,0.0,0.0,0
67343156,-1.2217305,0.82104987,0.87266463,0.85,0.0,0.0,0
67362638,-1.2217305,0.83076715,0.87266463,0.85,0.0,0.0,0
67387214,-1.2217305,0.81130534,0.8139173,0.85,0.0,0.0,0
67406922,-1.2217305,0.56818545,0.8139079,0.85,0.0,0.0,0
67426643,-1.2217305,0.5716865,0.8063691,0.85,0.0,0.0,0
67446313,-1.2217305,0.5772219,0.8061407,0.85,0.0,0.0,0
67466026,-1.2217305,0.58547086,0.8019631,0.85,0.0,0.0,0
67485730,-1.2217305,0.5857053,0.8050653,0.85,0.0,0.0,0
67505450,-1.2217305,0.54899657,0.71951044,0.85,0.0,0.0,0
67525131,-1.2217305,0.55058855,0.7060815,0.85,0.0,0.0,0
67544874,-1.2217305,0.5465515,0.7039623,0.85,0.0,0.0,0
67564538,-1.2217305,0.5635146,0.70092106,0.85,0.0,0.0,0
67584244,-1.2217305,0.58121544,0.7175678,0.85,0.0,0.0,0
67603957,-1.2217305,0.6336726,0.8024476,0.85,0.0,0.0,0
67623651,-1.2217305,0.61721987,0.8577903,0.85,0.0,0.0,0
67643363,-1.2217305,0.581999,0.87266463,0.85,0.0,0.0,0
67668013,-1.2217305,0.55724657,0.87266463,0.85,0.0,0.0,0
67687735,-1.2217305,0.55145305,0.87266463,0.85,0.0,0.0,0
67702484,-1.2217305,0.89560634,0.87266463,0.85,0.0,0.0,0
67727168,-1.2217305,0.8350888,0.87266463,0.85,0.0,0.0,0
67746871,-1.2217305,0.85597396,0.87266463,0.85,0.0,0.0,0
67761580,-1.2217305,0.87779576,0.87266463,0.85,0.0,0.0,0
67786199,-1.2217305,0.8733756,0.87266463,0.85,0.0,0.0,0
67805908,-1.2217305,0.909224,0.87266463,0.85,0.0,0.0,0
67825613,-1.2217305,0.9318942,0.87266463,0.85,0.0,0.0,0
67845307,-1.2217305,0.91976374,0.87266463,0.85,0.0,0.0,0
67865010,-1.2217305,0.80839574,0.87266463,0.85,0.0,0.0,0
67884717,-1.2217305,0.6517322,0.87266463,0.85,0.0,0.0,0
67904416,-1.2217305,0.59551024,0.87266463,0.85,0.0,0.0,0
67924196,-1.2217305,0.50840044,0.87266463,0.85,0.0,0.0,0
67943860,-1.2217305,0.43966216,0.87266463,0.85,0.0,0.0,0
67968467,-1.2217305,0.36767924,0.87266463,0.85,0.0,0.0,0
67983230,-1.2217305,0.32090732,0.87266463,0.85,0.0,0.0,0
68002944,-1.2217305,0.3307425,0.87266463,0.85,0.0,0.0,0
68027557,-1.2217305,0.3383603,0.87266463,0.85,0.0,0.0,0
68042339,-1.2217305,0.3262669,0.87266463,0.85,0.0,0.0,0
68066962,-1.2217305,0.31068906,0.87266463,0.85,0.0,0.0,0
68086699,-1.2217305,0.26968184,0.7144929,0.85,0.0,0.0,0
68106377,-1.2217305,-0.021792,0.7010213,0.85,0.0,0.0,0
68126177,-1.2217305,-0.123402104,0.6678991,0.85,0.0,0.0,0
68145857,-1.2217305,-0.22602989,0.6219075,0.85,0.0,0.0,0
68165509,-1.2217305,-0.29801595,0.56037056,0.85,0.0,0.0,0
68185208,-1.2217305,-0.3486721,0.47197202,0.85,0.0,0.0,0
68204932,-1.2217305,-0.40287638,0.29395324,0.85,0.0,0.0,0
68224591,-1.2217305,-0.43480363,0.2374786,0.85,0.0,0.0,0
68249225,-1.2217305,-0.45976377,0.27908364,0.85,0.0,0.0,0
68263993,-1.2217305,-0.48812073,0.3140104,0.85,0.0,0.0,0
68283715,-1.2217305,-0.51358473,0.36686397,0.85,0.0,0.0,0
68308324,-1.2217305,-0.4679804,0.6144561,0.85,0.0,0.0,0
68323128,-1.2217305,-0.46207666,0.63739353,0.85,0.0,0.0,0
68342844,-1.2217305,-0.47924075,0.6550414,0.85,0.0,0.0,0
68367431,-1.2217305,-0.5621128,0.6495628,0.85,0.0,0.0,0
68387150,-1.2217305,-0.6496706,0.3923146,0.85,0.0,0.0,0
68401918,-1.2217305,-0.72717965,0.39358434,0.85,0.0,0.0,0
68426547,-1.2217305,-0.7665496,0.33732438,0.85,0.0,0.0,0
68446247,-1.2217305,-0.7672907,0.29597202,0.85,0.0,0.0,0
68465958,-1.2217305,-0.7700761,0.25322372,0.85,0.0,0.0,0
68485664,-1.2217305,-0.78110737,0.24061422,0.85,0.0,0.0,0
68505376,-1.2217305,-0.7861012,0.36780533,0.85,0.0,0.0,0
68525132,-1.2217305,-0.81154865,0.4181043,0.85,0.0,0.0,0
68544783,-1.2217305,-0.8170394,0.4510338,0.85,0.0,0.0,0
68564472,-1.2217305,-0.8042338,0.4834112,0.85,0.0,0.0,0
68584185,-1.2217305,-0.80319124,0.49408254,0.85,0.0,0.0,0
68603872,-1.2217305,-0.81295496,0.677425,0.85,0.0,0.0,0
68623576,-1.2217305,-0.884858,0.6347194,0.85,0.0,0.0,0
68648200,-1.2217305,-0.9796206,0.51854515,0.85,0.0,0.0,0
68667901,-1.2217305,-1.0224766,0.42560667,0.85,0.0,0.0,0
68682685,-1.2217305,-1.0382284,0.34123266,0.85,0.0,0.0,0
68707341,-1.2217305,-1.0439674,0.13823389,0.85,0.0,0.0,0
68727069,-1.2217305,-1.0471976,0.065587185,0.85,0.0,0.0,0
68741859,-1.2217305,-1.0471976,0.10354117,0.85,0.0,0.0,0
68766445,-1.2217305,-1.0471976,0.17432319,0.85,0.0,0.0,0
68786141,-1.2217305,-1.0471976,0.24446324,0.85,0.0,0.0,0
68805821,-1.2217305,-1.0471976,0.41848716,0.85,0.0,0.0,0
68825533,-1.2217305,-1.0471976,0.45833924,0.85,0.0,0.0,0
68845229,-1.2217305,-1.0471976,0.44959053,0.85,0.0,0.0,0
68864942,-1.2217305,-1.0471976,0.4071613,0.85,0.0,0.0,0
68884634,-1.2217305,-1.0471976,0.29303223,0.85,0.0,0.0,0
68904347,-1.2217305,-1.0471976,0.18718597,0.85,0.0,0.0,0
68924120,-1.2217305,-1.0471976,0.057256684,0.85,0.0,0.0,0
68948690,-1.2217305,-1.0471976,-0.10244305,0.85,0.0,0.0,0
68963448,-1.1844599,-1.0471976,-0.17922866,0.85,0.0,0.0,0
68983148,-1.0673037,-1.0471976,-0.2856513,0.85,0.0,0.0,0
69007792,-1.1345922,-1.0471976,-0.20189174,0.85,0.0,0.0,0
69022559,-1.1956671,-1.0471976,-0.1241253,0.85,0.0,0.0,0
69047191,-1.2217305,-1.0471976,-0.008746825,0.85,0.0,0.0,0
69066889,-1.2217305,-1.0471976,0.07634276,0.85,0.0,0.0,0
69086619,-1.2217305,-1.0471976,0.15028848,0.85,0.0,0.0,0
69106311,-1.2217305,-1.0471976,0.13786729,0.85,0.0,0.0,0
69126024,-1.2217305,-1.0471976,0.0909063,0.85,0.0,0.0,0
69145703,-1.2217305,-1.0471976,-0.010899252,0.85,0.0,0.0,0
69165440,-1.1258926,-1.0471976,-0.1384067,0.85,0.0,0.0,0
69185136,-0.9408621,-1.0471976,-0.31793886,0.85,0.0,0.0,0
69204851,-0.7894654,-1.0471976,-0.46722096,0.85,0.0,0.0,0
69224558,-0.6709138,-1.0471976,-0.5949624,0.85,0.0,0.0,0
69244210,-0.59853595,-1.0471976,-0.63775545,0.85,0.0,0.0,0
69263916,-0.63331574,-1.0471976,-0.58904535,0.85,0.0,0.0,0
69288549,-0.6686368,-1.0471976,-0.49355796,0.85,0.0,0.0,0
69303338,-0.6962513,-1.0471976,-0.46647608,0.85,0.0,0.0,0
69323108,-0.7414032,-1.0471976,-0.39586115,0.85,0.0,0.0,0
69347662,-0.7442554,-1.0471976,-0.3796329,0.85,0.0,0.0,0
69367351,-0.68724877,-1.0471976,-0.4328997,0.85,0.0,0.0,0
69382168,-0.62448597,-1.0471976,-0.49800524,0.85,0.0,0.0,0
69406764,-0.4667451,-1.0471976,-0.62639326,0.85,0.0,0.0,0
69426462,-0.21739034,-1.0471976,-0.7906372,0.85,0.0,0.0,0
69446173,0.032948792,-1.0471976,-0.87266463,0.85,0.0,0.0,0
69465864,0.22193347,-1.0471976,-0.87266463,0.85,0.0,0.0,0
69485573,0.4075719,-1.0471976,-0.87266463,0.85,0.0,0.0,0
69505309,0.49722618,-1.0471976,-0.87266463,0.85,0.0,0.0,0
69525018,0.50762254,-1.0471976,-0.87266463,0.85,0.0,0.0,0
69544690,0.49831435,-1.0471976,-0.87266463,0.85,0.0,0.0,0
69564388,0.47990918,-1.0471976,-0.8493277,0.85,0.0,0.0,0
69584085,0.37170336,-1.0471976,-0.81178653,0.85,0.0,0.0,0
69603799,0.2625918,-1.0471976,-0.83324015,0.85,0.0,0.0,0
69623530,0.21540727,-1.0471976,-0.8600343,0.85,0.0,0.0,0
69648154,0.22151011,-1.0471976,-0.87266463,0.85,0.0,0.0,0
69662965,0.19207704,-1.0471976,-0.87266463,0.85,0.0,0.0,0
69687561,0.27196696,-1.0471976,-0.87266463,0.85,0.0,0.0,0
69707506,0.49059168,-1.0471976,-0.87266463,0.85,0.0,0.0,0
69722093,0.59787005,-1.0471976,-0.87266463,0.85,0.0,0.0,0
69746649,0.6665274,-1.0471976,-0.87266463,0.85,0.0,0.0,0
69766366,0.6291265,-1.0471976,-0.87266463,0.85,0.0,0.0,0
69786094,0.63252217,-1.0471976,-0.87266463,0.85,0.0,0.0,0
69805749,0.5823855,-1.0471976,-0.87266463,0.85,0.0,0.0,0
69825448,0.48359215,-1.0471976,-0.87266463,0.85,0.0,0.0,0
69845162,0.32486516,-1.0471976,-0.87266463,0.85,0.0,0.0,0
69864852,0.2868791,-1.0471976,-0.87266463,0.85,0.0,0.0,0
69884556,0.30922282,-1.0471976,-0.87266463,0.85,0.0,0.0,0
69904303,0.36080682,-1.0471976,-0.87266463,0.85,0.0,0.0,0
69928888,0.45800143,-1.0471976,-0.87266463,0.85,0.0,0.0,0
69943667,0.531892,-1.0471976,-0.87266463,0.85,0.0,0.0,0
69963370,0.59987557,-1.0471976,-0.87266463,0.85,0.0,0.0,0
69987998,0.62799877,-1.0471976,-0.87266463,0.85,0.0,0.0,0
70002784,0.63409775,-1.0471976,-0.87266463,0.85,0.0,0.0,0
70022487,0.62011373,-1.0471976,-0.87266463,0.85,0.0,0.0,0
70047099,0.6209755,-1.0471976,-0.87266463,0.85,0.0,0.0,0
70066816,0.5977702,-1.0471976,-0.87266463,0.85,0.0,0.0,0
70086790,0.53274894,-1.0471976,-0.87266463,0.85,0.0,0.0,0
70106482,0.4675445,-1.0471976,-0.87266463,0.85,0.0,0.0,0
70125918,0.47064593,-1.0471976,-0.87266463,0.85,0.0,0.0,0
70145626,0.5199706,-1.0471976,-0.87266463,0.85,0.0,0.0,0
70165321,0.5507348,-1.0471976,-0.87266463,0.85,0.0,0.0,0
70185059,0.59890294,-1.0471976,-0.87266463,0.85,0.0,0.0,0
70204764,0.6343027,-1.0471976,-0.87266463,0.85,0.0,0.0,0
70224467,0.65715134,-1.0471976,-0.87266463,0.85,0.0,0.0,0
70244182,0.6724868,-1.0114238,-0.87266463,0.85,0.0,0.0,0
70268765,0.6503254,-0.9764814,-0.87266463,0.85,0.0,0.0,0
70283570,0.63434845,-0.9828284,-0.87266463,0.85,0.0,0.0,0
70303274,0.6103423,-1.0022913,-0.87266463,0.85,0.0,0.0,0
70327867,0.5600231,-0.9942647,-0.87266463,0.85,0.0,0.0,0
70347590,0.5179947,-0.9828534,-0.87266463,0.85,0.0,0.0,0
70362349,0.49829742,-0.96882766,-0.87266463,0.85,0.0,0.0,0
70387003,0.5100398,-0.95545554,-0.87266463,0.85,0.0,0.0,0
70406696,0.5311215,-0.9364951,-0.87266463,0.85,0.0,0.0,0
70421459,0.5638772,-0.90303284,-0.87266463,0.85,0.0,0.0,0
70446087,0.62962914,-0.8004185,-0.87266463,0.85,0.0,0.0,0
70465797,0.6793877,-0.7226401,-0.87266463,0.85,0.0,0.0,0
70486023,0.6994488,-0.6383502,-0.87266463,0.85,0.0,0.0,0
70505527,0.6662897,-0.5867357,-0.87266463,0.85,0.0,0.0,0
70524906,0.6244072,-0.56548655,-0.87266463,0.85,0.0,0.0,0
70544608,0.57060546,-0.5839999,-0.87266463,0.85,0.0,0.0,0
70564303,0.50450015,-0.61295825,-0.87266463,0.85,0.0,0.0,0
70584011,0.42866248,-0.6183767,-0.87266463,0.85,0.0,0.0,0
70603756,0.3511627,-0.62598443,-0.87266463,0.85,0.0,0.0,0
70628339,0.2922733,-0.6290657,-0.87266463,0.85,0.0,0.0,0
70643160,0.31841746,-0.6154537,-0.87266463,0.85,0.0,0.0,0
70667773,0.4235949,-0.5405278,-0.87266463,0.85,0.0,0.0,0
70687519,0.5090192,-0.4491274,-0.87266463,0.85,0.0,0.0,0
70702310,0.5633148,-0.37606868,-0.87266463,0.85,0.0,0.0,0
70726848,0.61638707,-0.2694553,-0.87266463,0.85,0.0,0.0,0
70746568,0.6394388,-0.17763728,-0.87266463,0.85,0.0,0.0,0
70766261,0.595969,-0.13351548,-0.87266463,0.85,0.0,0.0,0
70785961,0.54518384,-0.12093623,-0.87266463,0.85,0.0,0.0,0
70805691,0.30921188,-0.47306597,-0.8683986,0.847804,0.0,0.0,0
70825366,0.24135052,-0.46399686,-0.84627366,0.84774566,0.0,0.0,0
70845069,0.15039162,-0.45368925,-0.83941233,0.84996426,0.0,0.0,0
70864776,0.089765966,-0.44470254,-0.8291001,0.85,0.0,0.0,0
70884893,0.08425135,-0.44667092,-0.8405529,0.85,0.0,0.0,0
70909199,0.113076515,-0.44902945,-0.8640324,0.85,0.0,0.0,0
70923894,0.1556261,-0.42963475,-0.87266463,0.85,0.0,0.0,0
70943606,0.2252095,-0.3829922,-0.87266463,0.85,0.0,0.0,0
70968214,0.30751896,-0.31427267,-0.87266463,0.85,0.0,0.0,0
70982989,0.32602862,-0.27451095,-0.87266463,0.85,0.0,0.0,0
71002699,0.34120074,-0.23575199,-0.87266463,0.85,0.0,0.0,0
71027323,0.3191696,-0.21788436,-0.87266463,0.85,0.0,0.0,0
71047019,0.30219588,-0.22711791,-0.87266463,0.85,0.0,0.0,0
71066738,0.276383,-0.2466059,-0.8635977,0.85,0.0,0.0,0
71086465,0.23217168,-0.25365242,-0.8550952,0.85,0.0,0.0,0
71106168,0.19167629,-0.2571035,-0.8606793,0.85,0.0,0.0,0
71125835,0.15909043,-0.2724344,-0.87266463,0.85,0.0,0.0,0
71145541,0.14441,-0.3037657,-0.87266463,0.85,0.0,0.0,0
71165263,0.14512768,-0.3337733,-0.87266463,0.85,0.0,0.0,0
71184944,0.18202306,-0.3369218,-0.87266463,0.85,0.0,0.0,0
71204694,0.2295149,-0.30666965,-0.87266463,0.85,0.0,0.0,0
71224388,0.27770796,-0.27369708,-0.87266463,0.85,0.0,0.0,0
71244086,0.2885258,-0.24772502,-0.87266463,0.85,0.0,0.0,0
71263770,0.28958884,-0.23881476,-0.87266463,0.85,0.0,0.0,0
71283767,0.29225978,-0.24619515,-0.87266463,0.85,0.0,0.0,0
71308115,0.29202154,-0.28336805,-0.87266463,0.85,0.0,0.0,0
71327787,0.26409614,-0.29684824,-0.87266463,0.85,0.0,0.0,0
71342571,0.23822589,-0.2990636,-0.87266463,0.85,0.0,0.0,0
71367194,0.1623559,-0.30698723,-0.87266463,0.85,0.0,0.0,0
71386901,0.1531424,-0.3251353,-0.87266463,0.85,0.0,0.0,0
71401688,0.16374882,-0.34560838,-0.87266463,0.85,0.0,0.0,0
71426302,0.17746936,-0.37548134,-0.87266463,0.85,0.0,0.0,0
71446004,0.23344715,-0.35168985,-0.87266463,0.85,0.0,0.0,0
71465715,0.29021144,-0.3092418,-0.87266463,0.85,0.0,0.0,0
71485441,0.3114485,-0.2799285,-0.87266463,0.8496007,0.0,0.0,0
71505134,0.31386176,-0.26033005,-0.87266463,0.8479833,0.0,0.0,0
71524820,0.31112537,-0.2583176,-0.87266463,0.84658414,0.0,0.0,0
71544536,0.300853,-0.28154263,-0.87266463,0.8450326,0.0,0.0,0
71564219,0.28524843,-0.31079897,-0.87266463,0.84296924,0.0,0.0,0
71583921,0.25410774,-0.32269403,-0.87266463,0.84296924,0.0,0.0,0
71608549,0.1976565,-0.33162695,-0.87266463,0.8396153,0.0,0.0,0
71623330,0.16417961,-0.3389642,-0.87266463,0.83742774,0.0,0.0,0
71643042,0.14272763,-0.37905982,-0.87266463,0.83519864,0.0,0.0,0
71667697,0.13172601,-0.43091267,-0.87266463,0.8329893,0.0,0.0,0
71682804,0.16362908,-0.4343407,-0.87266463,0.830753,0.0,0.0,0
71707132,0.22478512,-0.38854814,-0.87266463,0.82854444,0.0,0.0,0
71726830,0.259942,-0.3518057,-0.87266463,0.82632965,0.0,0.0,0
71746473,0.28085643,-0.32279244,-0.87266463,0.8240839,0.0,0.0,0
71766178,0.286303,-0.30781695,-0.87266463,0.82190424,0.0,0.0,0
71785876,0.26433703,-0.31903303,-0.87266463,0.8196945,0.0,0.0,0
71805582,0.24284811,-0.3500341,-0.87266463,0.81747836,0.0,0.0,0
71825289,0.2265942,-0.3769211,-0.87266463,0.81523633,0.0,0.0,0
71844990,0.19351563,-0.38825282,-0.87266463,0.8137193,0.0,0.0,0
71864702,0.16382521,-0.39963287,-0.87266463,0.8120611,0.0,0.0,0
71884424,0.13749154,-0.4264781,-0.87266463,0.80983907,0.0,0.0,0
71904105,0.13686004,-0.46311057,-0.87266463,0.80757993,0.0,0.0,0
71923803,0.15264079,-0.49340978,-0.87266463,0.8054042,0.0,0.0,0
71948422,0.22507197,-0.48507693,-0.87266463,0.80097324,0.0,0.0,0
71963215,0.26801872,-0.45996848,-0.87266463,0.80097324,0.0,0.0,0
71982907,0.3171406,-0.42057824,-0.87266463,0.7996965,0.0,0.0,0
72007539,0.35381827,-0.3817533,-0.87266463,0.8006117,0.0,0.0,0
72027235,0.35686716,-0.37111038,-0.87266463,0.80179036,0.0,0.0,0
72042018,0.33977628,-0.37758774,-0.87266463,0.80179036,0.0,0.0,0
72066665,0.3186143,-0.41606975,-0.87266463,0.8043811,0.0,0.0,0
72086425,0.2850192,-0.44427,-0.87266463,0.80516064,0.0,0.0,0
72106055,0.23127322,-0.4604827,-0.87266463,0.80502754,0.0,0.0,0
72125755,0.1534834,-0.47560138,-0.87266463,0.8040774,0.0,0.0,0
72145452,0.10199407,-0.5022242,-0.87266463,0.80243737,0.0,0.0,0
72165159,0.08804547,-0.5351952,-0.87266463,0.8005456,0.0,0.0,0
72184859,0.11115258,-0.55375296,-0.87266463,0.7989705,0.0,0.0,0
72204565,0.15465948,-0.5466912,-0.87266463,0.79799235,0.0,0.0,0
72224297,0.23882163,-0.48598891,-0.87266463,0.79781264,0.0,0.0,0
72244006,0.2887998,-0.43099713,-0.87266463,0.79781264,0.0,0.0,0
72263711,0.32693967,-0.38216126,-0.87266463,0.7994863,0.0,0.0,0
72283472,0.34296945,-0.34996814,-0.87266463,0.8011221,0.0,0.0,0
72308002,0.31799358,-0.33774003,-0.87266463,0.80314416,0.0,0.0,0
72322782,0.28973526,-0.35451546,-0.87266463,0.8053622,0.0,0.0,0
72347405,0.2377509,-0.38727427,-0.87266463,0.8074594,0.0,0.0,0
72367107,0.19757153,-0.3933039,-0.87266463,0.8089209,0.0,0.0,0
72381885,0.15608965,-0.3967921,-0.87266463,0.80965114,0.0,0.0,0
72406517,0.0883321,-0.41917118,-0.87266463,0.80952525,0.0,0.0,0
72426214,0.060217503,-0.45199874,-0.87266463,0.8087206,0.0,0.0,0
72445924,0.05015101,-0.4878313,-0.87266463,0.8077379,0.0,0.0,0
72465693,0.06521663,-0.5033998,-0.87266463,0.8070201,0.0,0.0,0
72485404,0.14055872,-0.4612301,-0.87266463,0.8068548,0.0,0.0,0
72505045,0.18873781,-0.40949512,-0.87266463,0.8075882,0.0,0.0,0
72524759,0.2199456,-0.36714077,-0.87266463,0.80909044,0.0,0.0,0
72544446,0.25208315,-0.33239594,-0.87266463,0.8111226,0.0,0.0,0
72564142,0.2657922,-0.3139728,-0.87266463,0.81333685,0.0,0.0,0
72588771,0.26273283,-0.32844207,-0.87266463,0.81778836,0.0,0.0,0
72603588,0.24808414,-0.3486305,-0.87266463,0.81778836,0.0,0.0,0
72623269,0.2411313,-0.35707137,-0.87266463,0.81999063,0.0,0.0,0
72647870,0.19353925,-0.36658907,-0.87266463,0.8232268,0.0,0.0,0
72662724,0.18110116,-0.37479302,-0.87266463,0.8232268,0.0,0.0,0
72682411,0.166254,-0.40346023,-0.87266463,0.8231331,0.0,0.0,0
72707035,0.15255234,-0.45873988,-0.87266463,0.8226087,0.0,0.0,0
72726721,0.16254336,-0.49088064,-0.87266463,0.8228605,0.0,0.0,0
72746411,0.23300062,-0.46123877,-0.87266463,0.8237825,0.0,0.0,0
72766094,0.28650808,-0.4209002,-0.87266463,0.825634,0.0,0.0,0
72785799,0.32324052,-0.38714182,-0.87266463,0.82787997,0.0,0.0,0
72805495,0.3460436,-0.36532792,-0.87266463,0.8300671,0.0,0.0,0
72825216,0.34457895,-0.35961616,-0.87266463,0.8323001,0.0,0.0,0
72844911,0.3128849,-0.38652244,-0.87266463,0.83449996,0.0,0.0,0
72864696,0.27347073,-0.42928508,-0.87266463,0.8367348,0.0,0.0,0
72884340,0.22983737,-0.45054865,-0.87266463,0.83900535,0.0,0.0,0
72904017,0.16204576,-0.4737258,-0.87266463,0.84097826,0.0,0.0,0
72928646,0.113032095,-0.5052165,-0.87266463,0.84097826,0.0,0.0,0
72943429,0.09378154,-0.5315517,-0.87266463,0.8400893,0.0,0.0,0
72963127,0.08879207,-0.5694694,-0.87266463,0.8392528,0.0,0.0,0
72987752,0.10636165,-0.586396,-0.87266463,0.8386589,0.0,0.0,0
73007454,0.17769498,-0.5259826,-0.87266463,0.8387649,0.0,0.0,0
73022229,0.22323841,-0.465024,-0.87266463,0.83981365,0.0,0.0,0
73046854,0.26789513,-0.3960637,-0.87266463,0.84164995,0.0,0.0,0
73066623,0.27947846,-0.3612328,-0.87266463,0.8438385,0.0,0.0,0
73086263,0.27476665,-0.34687915,-0.87266463,0.8460668,0.0,0.0,0
73105970,0.24702978,-0.368407,-0.87266463,0.8483108,0.0,0.0,0
73125673,0.2167548,-0.40323198,-0.87266463,0.85,0.0,0.0,0
73145373,0.19351012,-0.42213306,-0.87266463,0.85,0.0,0.0,0
73165109,0.1606946,-0.4481198,-0.87266463,0.85,0.0,0.0,0
73184818,0.14795493,-0.48079985,-0.87266463,0.85,0.0,0.0,0
73204506,0.15890384,-0.5199497,-0.87266463,0.85,0.0,0.0,0
73224177,0.16652425,-0.5611215,-0.87266463,0.85,0.0,0.0,0
73243908,0.20011885,-0.5676217,-0.87266463,0.85,0.0,0.0,0
73263731,0.24026488,-0.5319824,-0.87266463,0.85,0.0,0.0,0
73288243,0.26122087,-0.48529303,-0.87266463,0.85,0.0,0.0,0
73303075,0.28454566,-0.45943922,-0.87266463,0.85,0.0,0.0,0
73327619,0.32272765,-0.43358564,-0.87266463,0.85,0.0,0.0,0
73347326,0.32800576,-0.4445635,-0.87266463,0.85,0.0,0.0,0
73362106,0.31462184,-0.46942726,-0.87266463,0.85,0.0,0.0,0
73386747,0.34628695,-0.49512836,-0.87266463,0.85,0.0,0.0,0
73406434,0.34275067,-0.5129236,-0.87266463,0.85,0.0,0.0,0
73426132,0.34305674,-0.535911,-0.87266463,0.85,0.0,0.0,0
73445834,0.36524603,-0.5753465,-0.87266463,0.85,0.0,0.0,0
73465572,0.3805828,-0.625181,-0.87266463,0.85,0.0,0.0,0
73485237,0.38090855,-0.66706824,-0.87266463,0.85,0.0,0.0,0
73504946,0.4033227,-0.67042476,-0.87266463,0.85,0.0,0.0,0
73524656,0.4307143,-0.63906693,-0.87266463,0.85,0.0,0.0,0
73544355,0.46381518,-0.602044,-0.87266463,0.85,0.0,0.0,0
73568983,0.47612405,-0.57858694,-0.87266463,0.85,0.0,0.0,0
73583764,0.49926776,-0.57338285,-0.87266463,0.85,0.0,0.0,0
73603494,0.49431235,-0.59762496,-0.87266463,0.85,0.0,0.0,0
73628101,0.47242048,-0.6470122,-0.87266463,0.85,0.0,0.0,0
73642868,0.48356912,-0.6657624,-0.87266463,0.85,0.0,0.0,0
73662667,0.4767315,-0.68717927,-0.87266463,0.85,0.0,0.0,0
73687199,0.47448075,-0.7265134,-0.87266463,0.85,0.0,0.0,0
73706933,0.49438393,-0.774118,-0.8636431,0.85,0.0,0.0,0
73726636,0.487752,-0.82257885,-0.84860075,0.85,0.0,0.0,0
73746333,0.52015483,-0.83145577,-0.85311466,0.85,0.0,0.0,0
73766012,0.5499161,-0.80178595,-0.8609648,0.85,0.0,0.0,0
73785710,0.5777581,-0.7576784,-0.86513925,0.85,0.0,0.0,0
73805418,0.5942273,-0.7296093,-0.86162096,0.85,0.0,0.0,0
73825112,0.59201646,-0.72118795,-0.8448542,0.85,0.0,0.0,0
73844858,0.5954851,-0.72002035,-0.8340063,0.85,0.0,0.0,0
73864568,0.5833991,-0.7465004,-0.8145114,0.85,0.0,0.0,0
73884222,0.56585264,-0.7784279,-0.7887225,0.85,0.0,0.0,0
73903933,0.56819844,-0.79135877,-0.75607634,0.85,0.0,0.0,0
73923646,0.58706045,-0.8055382,-0.7234489,0.85,0.0,0.0,0
73943330,0.6288786,-0.8375826,-0.699469,0.85,0.0,0.0,0
73967963,0.69861525,-0.88080597,-0.67965966,0.85,0.0,0.0,0
73987673,0.7135824,-0.89976573,-0.6872895,0.85,0.0,0.0,0
74002440,0.7546872,-0.8887435,-0.70220935,0.85,0.0,0.0,0
74027089,0.82249457,-0.8343771,-0.720699,0.85,0.0,0.0,0
74047030,0.8842969,-0.7915716,-0.7233613,0.85,0.0,0.0,0
74061636,0.9076028,-0.7699032,-0.7237932,0.85,0.0,0.0,0
74086178,0.9287997,-0.7547368,-0.6943715,0.85,0.0,0.0,0
74105884,0.9385291,-0.7630716,-0.6754674,0.85,0.0,0.0,0
74125582,0.9322278,-0.7914574,-0.6513135,0.85,0.0,0.0,0
74145306,0.9363465,-0.8091277,-0.61418504,0.85,0.0,0.0,0
74165019,0.9602681,-0.82035065,-0.5682525,0.85,0.0,0.0,0
74184712,1.0043961,-0.8434017,-0.5270775,0.85,0.0,0.0,0
74204422,1.042388,-0.8830955,-0.51126176,0.85,0.0,0.0,0
74224090,1.0472525,-0.9232336,-0.50035024,0.85,0.0,0.0,0
74243824,1.0549726,-0.94376457,-0.5127859,0.85,0.0,0.0,0
74268445,1.1173856,-0.9192117,-0.5284178,0.85,0.0,0.0,0
74283214,1.1468769,-0.89110047,-0.5352512,0.85,0.0,0.0,0
74302904,1.1898636,-0.8693121,-0.5325232,0.85,0.0,0.0,0
74327535,1.2115955,-0.8549245,-0.51333106,0.85,0.0,0.0,0
74342308,1.2217305,-0.8530024,-0.50382245,0.85,0.0,0.0,0
74366944,1.2217305,-0.88635105,-0.4771142,0.85,0.0,0.0,0
74386725,1.2053263,-0.90169144,-0.47257662,0.85,0.0,0.0,0
74406347,1.2217305,-0.89224625,-0.4807226,0.85,0.0,0.0,0
74426135,1.2217305,-0.8799926,-0.5013016,0.85,0.0,0.0,0
74446062,1.2217305,-0.88363636,-0.53714174,0.85,0.0,0.0,0
74465472,1.2217305,-0.90362626,-0.5824019,0.85,0.0,0.0,0
74485156,1.2217305,-0.9331152,-0.59854287,0.85,0.0,0.0,0
74504866,1.2217305,-0.93778574,-0.61401266,0.85,0.0,0.0,0
74524561,1.2217305,-0.9143973,-0.6265187,0.85,0.0,0.0,0
74549195,1.2217305,-0.877933,-0.6379653,0.85,0.0,0.0,0
74563969,1.2217305,-0.861092,-0.63950455,0.85,0.0,0.0,0
74583669,1.2217305,-0.8491387,-0.6467804,0.85,0.0,0.0,0
74608294,1.2217305,-0.86302805,-0.6615073,0.85,0.0,0.0,0
74623075,1.2217305,-0.882461,-0.6568241,0.85,0.0,0.0,0
74642839,1.2217305,-0.8902598,-0.6529799,0.85,0.0,0.0,0
74667406,1.2217305,-0.87404424,-0.6813818,0.85,0.0,0.0,0
74687109,1.2217305,-0.8623125,-0.70274484,0.85,0.0,0.0,0
74701883,1.2217305,-0.8623519,-0.6982373,0.85,0.0,0.0,0
74726515,1.2217305,-0.893017,-0.73743474,0.85,0.0,0.0,0
74746220,1.2217305,-0.91150403,-0.73475957,0.85,0.0,0.0,0
74765921,1.2217305,-0.8914522,-0.74855465,0.85,0.0,0.0,0
74785645,1.2217305,-0.8475986,-0.7512831,0.85,0.0,0.0,0
74805367,1.2217305,-0.81975305,-0.76066715,0.85,0.0,0.0,0
74825124,1.2217305,-0.8023469,-0.7625603,0.85,0.0,0.0,0
74845064,1.2217305,-0.78586316,-0.7692757,0.85,0.0,0.0,0
74864440,1.2217305,-0.798998,-0.76388377,0.85,0.0,0.0,0
74884138,1.2217305,-0.82537663,-0.76290107,0.85,0.0,0.0,0
74903861,1.2217305,-0.8277953,-0.74998546,0.85,0.0,0.0,0
74923581,1.2217305,-0.836017,-0.71656835,0.85,0.0,0.0,0
74948176,1.2217305,-0.8684296,-0.68833977,0.85,0.0,0.0,0
74967871,1.2217305,-0.914423,-0.67577964,0.85,0.0,0.0,0
74982662,1.2217305,-0.9578862,-0.6389659,0.85,0.0,0.0,0
75007289,1.2217305,-0.9727259,-0.6762569,0.85,0.0,0.0,0
75027012,1.2217305,-0.9484092,-0.7084357,0.85,0.0,0.0,0
75041790,1.2217305,-0.91991997,-0.73674804,0.85,0.0,0.0,0
75066387,1.2217305,-0.8811469,-0.7731162,0.85,0.0,0.0,0
75086090,1.2217305,-0.8779104,-0.7541358,0.85,0.0,0.0,0
75105808,1.2217305,-0.904641,-0.70329756,0.85,0.0,0.0,0
75125501,1.2217305,-0.95636624,-0.6312717,0.85,0.0,0.0,0
75145202,1.2217305,-1.0020418,-0.5533783,0.85,0.0,0.0,0
75164913,1.2217305,-1.0203204,-0.48453626,0.85,0.0,0.0,0
75184610,1.2217305,-1.0313382,-0.4302685,0.85,0.0,0.0,0
75204421,1.2217305,-1.0471976,-0.39523023,0.85,0.0,0.0,0
75224146,1.2217305,-1.0471976,-0.36811012,0.85,0.0,0.0,0
75248722,1.2217305,-1.0471976,-0.33970577,0.85,0.0,0.0,0
75263484,1.2217305,-1.0471976,-0.36455637,0.85,0.0,0.0,0
75283151,1.2217305,-1.0471976,-0.41255075,0.85,0.0,0.0,0
75307753,1.2217305,-1.0471976,-0.46568325,0.85,0.0,0.0,0
75322532,1.2217305,-1.0471976,-0.4760665,0.85,0.0,0.0,0
75347170,1.2217305,-1.0448977,-0.4281275,0.85,0.0,0.0,0
75366851,1.2217305,-1.0471976,-0.37936294,0.85,0.0,0.0,0
75386604,1.2217305,-1.0471976,-0.3178685,0.85,0.0,0.0,0
75406260,1.2217305,-1.0471976,-0.25904486,0.85,0.0,0.0,0
75426018,1.2217305,-1.0471976,-0.20486008,0.85,0.0,0.0,0
75445708,1.2217305,-1.0471976,-0.163843,0.85,0.0,0.0,0
75465365,1.2217305,-1.0471976,-0.1330826,0.85,0.0,0.0,0
75485072,1.2217305,-1.0471976,-0.076448426,0.85,0.0,0.0,0
75504783,1.2217305,-1.0471976,-0.0820188,0.85,0.0,0.0,0
75524484,1.2217305,-1.0471976,-0.118341796,0.85,0.0,0.0,0
75544174,1.2217305,-1.0471976,-0.16963539,0.85,0.0,0.0,0
75563887,1.2217305,-1.0471976,-0.19138771,0.85,0.0,0.0,0
75588510,1.2217305,-1.0471976,-0.16833305,0.85,0.0,0.0,0
75603293,1.2217305,-1.0471976,-0.16394158,0.85,0.0,0.0,0
75623143,1.2217305,-1.0471976,-0.13508509,0.85,0.0,0.0,0
75647660,1.2217305,-1.0471976,-0.082588196,0.85,0.0,0.0,0
75667331,1.2217305,-1.0471976,-0.046462562,0.85,0.0,0.0,0
75682098,1.2217305,-1.0471976,-0.027619673,0.85,0.0,0.0,0
75706731,1.2217305,-1.0471976,-0.00054256717,0.85,0.0,0.0,0
75726433,1.2217305,-1.0471976,0.03796698,0.85,0.0,0.0,0
75746133,1.2153844,-1.0471976,0.09288475,0.85,0.0,0.0,0
75765833,1.2144682,-1.0471976,0.08409826,0.85,0.0,0.0,0
75785571,1.2217305,-1.0471976,0.057342924,0.85,0.0,0.0,0
75805270,1.2217305,-1.0471976,0.031359892,0.85,0.0,0.0,0
75824998,1.2217305,-1.0471976,0.035700858,0.85,0.0,0.0,0
75844703,1.2217305,-1.0471976,0.08935229,0.85,0.0,0.0,0
75864356,1.1635554,-1.0471976,0.14881095,0.85,0.0,0.0,0
75884064,1.0653201,-1.0471976,0.21744938,0.85,0.0,0.0,0
75903762,0.96298033,-1.0471976,0.27899557,0.85,0.0,0.0,0
75923492,0.8913451,-1.0471976,0.32654908,0.85,0.0,0.0,0
75948104,0.85703707,-1.0471976,0.36717027,0.84828097,0.0,0.0,0
75962872,0.8402066,-1.0471976,0.38007322,0.84828097,0.0,0.0,0
75987486,0.8010865,-1.0471976,0.42420587,0.8438191,0.0,0.0,0
76007192,0.8060147,-1.0471976,0.41494623,0.8415782,0.0,0.0,0
76022227,0.84936154,-1.0471976,0.37922418,0.8415782,0.0,0.0,0
76046595,0.9542991,-1.0471976,0.298752,0.83716154,0.0,0.0,0
76066301,1.0155334,-1.0471976,0.26466545,0.8374895,0.0,0.0,0
76086001,1.0293624,-1.0471976,0.25634214,0.8383671,0.0,0.0,0
76105708,0.9842394,-1.0471976,0.2930571,0.83950484,0.0,0.0,0
76125416,0.90038216,-1.0471976,0.3503878,0.84068274,0.0,0.0,0
76145117,0.7974266,-1.0459998,0.41462153,0.8412912,0.0,0.0,0
76164823,0.7441099,-1.0217888,0.45058924,0.8410795,0.0,0.0,0
76184528,0.69595176,-0.9883658,0.4903507,0.8398197,0.0,0.0,0
76204217,0.66924876,-0.9727434,0.52485055,0.8377319,0.0,0.0,0
76228926,0.6285398,-0.99144965,0.5575125,0.8377319,0.0,0.0,0
76243711,0.5911548,-0.99697405,0.5992714,0.83445835,0.0,0.0,0
76263362,0.60208327,-1.0144743,0.5807585,0.83273834,0.0,0.0,0
76287988,0.6801485,-1.0071992,0.5215332,0.83198625,0.0,0.0,0
76302762,0.72647756,-0.99153644,0.48764694,0.83235365,0.0,0.0,0
76322434,0.7744265,-0.9737725,0.4645289,0.8336973,0.0,0.0,0
76347090,0.7538878,-0.93489707,0.48598236,0.83553565,0.0,0.0,0
76366768,0.73193794,-0.9131257,0.50287825,0.8377788,0.0,0.0,0
76386468,0.665603,-0.8948465,0.5492228,0.8399685,0.0,0.0,0
76406175,0.5700082,-0.8700899,0.6073378,0.8419901,0.0,0.0,0
76425954,0.50418454,-0.8323753,0.6445926,0.843134,0.0,0.0,0
76445584,0.45637175,-0.7936162,0.6791083,0.84322655,0.0,0.0,0
76465283,0.42535135,-0.77659136,0.7155062,0.8423747,0.0,0.0,0
76484985,0.40008467,-0.7821388,0.75027245,0.8410092,0.0,0.0,0
76504693,0.3503269,-0.77863467,0.78935844,0.83963835,0.0,0.0,0
76524390,0.3594992,-0.78944147,0.7779951,0.8387894,0.0,0.0,0
76544100,0.40018883,-0.78052056,0.7494127,0.83884025,0.0,0.0,0
76568727,0.47637996,-0.7696362,0.7083452,0.84222645,0.0,0.0,0
76583543,0.5030102,-0.7598883,0.6869145,0.84222645,0.0,0.0,0
76603207,0.5062185,-0.7306494,0.6854067,0.8444409,0.0,0.0,0
76627859,0.45444915,-0.69560295,0.7188547,0.84884405,0.0,0.0,0
76647531,0.3877448,-0.67901754,0.75437295,0.85,0.0,0.0,0
76662333,0.3558115,-0.6622579,0.77620906,0.85,0.0,0.0,0
76686941,0.32460633,-0.62858874,0.79463094,0.85,0.0,0.0,0
76706651,0.32116193,-0.6087022,0.8129336,0.85,0.0,0.0,0
76721414,0.29506394,-0.606768,0.83240753,0.85,0.0,0.0,0
76746045,0.26190057,-0.6110522,0.87266463,0.85,0.0,0.0,0
76765755,0.21312119,-0.6046552,0.87266463,0.85,0.0,0.0,0
76785462,0.23196818,-0.6025156,0.87266463,0.85,0.0,0.0,0
76805220,0.2836468,-0.59462076,0.8550773,0.85,0.0,0.0,0
76824970,0.33296677,-0.58638066,0.83279854,0.85,0.0,0.0,0
76844587,0.3373951,-0.566365,0.8302611,0.85,0.0,0.0,0
76864279,0.30223212,-0.5317356,0.85108644,0.85,0.0,0.0,0
76883972,0.27835128,-0.5164242,0.8671404,0.85,0.0,0.0,0
76903668,0.20865045,-0.49678245,0.87266463,0.85,0.0,0.0,0
76928288,0.15215525,-0.46008998,0.87266463,0.85,0.0,0.0,0
76943071,0.13486119,-0.43305847,0.87266463,0.85,0.0,0.0,0
76967714,0.11544028,-0.40620208,0.87266463,0.85,0.0,0.0,0
76987400,0.10176112,-0.409809,0.87266463,0.85,0.0,0.0,0
77002210,0.06630415,-0.40262768,0.87266463,0.85,0.0,0.0,0
77026844,0.022765163,-0.38450092,0.87266463,0.85,0.0,0.0,0
77046512,0.0522689,-0.37867898,0.87266463,0.85,0.0,0.0,0
77066231,0.09909398,-0.37159336,0.87266463,0.85,0.0,0.0,0
77085916,0.1241434,-0.35443437,0.87266463,0.85,0.0,0.0,0
77105631,0.10993331,-0.32250938,0.87266463,0.85,0.0,0.0,0
77125327,0.09364606,-0.30099866,0.87266463,0.85,0.0,0.0,0
77145026,0.046404783,-0.27853277,0.87266463,0.85,0.0,0.0,0
77164724,-0.014458829,-0.24935904,0.87266463,0.85,0.0,0.0,0
77184434,-0.04127954,-0.22238064,0.87266463,0.85,0.0,0.0,0
77209341,-0.027058419,-0.20014395,0.87266463,0.85,0.0,0.0,0
77223914,-0.03415395,-0.205987,0.87266463,0.85,0.0,0.0,0
77243592,-0.040725295,-0.22337918,0.87266463,0.85,0.0,0.0,0
77268215,-0.088510185,-0.22884072,0.87266463,0.85,0.0,0.0,0
77282988,-0.085523285,-0.23549365,0.87266463,0.85,0.0,0.0,0
77302690,-0.02867831,-0.2592044,0.87266463,0.85,0.0,0.0,0
77327267,0.04927234,-0.27525026,0.87266463,0.85,0.0,0.0,0
77346993,0.04637787,-0.25742093,0.87266463,0.85,0.0,0.0,0
77366685,0.014387809,-0.22700587,0.87266463,0.85,0.0,0.0,0
77386385,-0.049944166,-0.18959244,0.87266463,0.85,0.0,0.0,0
77406117,-0.13386945,-0.15281099,0.87266463,0.85,0.0,0.0,0
77425808,-0.170626,-0.11975486,0.87266463,0.85,0.0,0.0,0
77445485,-0.1929502,-0.085575536,0.87266463,0.85,0.0,0.0,0
77465192,-0.19095019,-0.07173809,0.87266463,0.85,0.0,0.0,0
77484904,-0.19539344,-0.07587478,0.87266463,0.85,0.0,0.0,0
77504608,-0.22881447,-0.08156968,0.87266463,0.85,0.0,0.0,0
77524301,-0.2585492,-0.08873523,0.87266463,0.85,0.0,0.0,0
77544002,-0.21657605,-0.10545462,0.87266463,0.85,0.0,0.0,0
77563704,-0.15892127,-0.10894137,0.87266463,0.85,0.0,0.0,0
77583423,-0.12560634,-0.10291412,0.87266463,0.85,0.0,0.0,0
77608489,-0.15202247,-0.06004488,0.87266463,0.85,0.0,0.0,0
77627748,-0.18610641,-0.03552173,0.87266463,0.85,0.0,0.0,0
77642528,-0.23280598,-0.027192673,0.87266463,0.85,0.0,0.0,0
77667178,-0.32385355,-0.014419867,0.87266463,0.85,0.0,0.0,0
77686862,-0.36904794,-0.0007928524,0.87266463,0.85,0.0,0.0,0
77701628,-0.39885113,0.008600017,0.87266463,0.85,0.0,0.0,0
77726282,-0.415288,0.011474989,0.87266463,0.85,0.0,0.0,0
77745980,-0.4358519,-0.0074378336,0.87266463,0.85,0.0,0.0,0
77765692,-0.46161827,-0.026408482,0.87266463,0.85,0.0,0.0,0
77785368,-0.47695422,-0.040215578,0.87266463,0.85,0.0,0.0,0
77805089,-0.44073892,-0.04410132,0.87266463,0.85,0.0,0.0,0
77824769,-0.38867414,-0.04377634,0.87266463,0.85,0.0,0.0,0
77844498,-0.36354628,-0.03877057,0.87266463,0.85,0.0,0.0,0
77864198,-0.37518755,-0.033849053,0.87266463,0.85,0.0,0.0,0
77883892,-0.41243702,-0.026485808,0.87266463,0.85,0.0,0.0,0
77908505,-0.52049357,-0.024336264,0.87266463,0.85,0.0,0.0,0
77923278,-0.53062713,-0.032969892,0.87266463,0.85,0.0,0.0,0
77942985,-0.5683593,-0.024508363,0.87266463,0.85,0.0,0.0,0
77967704,-0.62773496,-0.016777974,0.87266463,0.85,0.0,0.0,0
77982384,-0.6371233,-0.02637903,0.87266463,0.85,0.0,0.0,0
78007290,-0.6783196,-0.055618707,0.87266463,0.85,0.0,0.0,0
78026723,-0.6833479,-0.077908784,0.87266463,0.85,0.0,0.0,0
78046422,-0.63952464,-0.09764603,0.87266463,0.85,0.0,0.0,0
78066119,-0.57733804,-0.10226075,0.87266463,0.85,0.0,0.0,0
78085821,-0.5349795,-0.106047,0.87266463,0.85,0.0,0.0,0
78105534,-0.5128599,-0.11663467,0.87266463,0.85,0.0,0.0,0
78125232,-0.55588895,-0.109711334,0.87266463,0.85,0.0,0.0,0
78144932,-0.6373059,-0.10701643,0.87266463,0.85,0.0,0.0,0
78164645,-0.7338243,-0.10918712,0.87266463,0.85,0.0,0.0,0
78184370,-0.7805061,-0.12226427,0.87266463,0.85,0.0,0.0,0
78204089,-0.8400947,-0.12166462,0.87266463,0.85,0.0,0.0,0
78223751,-0.8417591,-0.14232804,0.87266463,0.85,0.0,0.0,0
78248387,-0.8826758,-0.19522628,0.87266463,0.85,0.0,0.0,0
78263181,-0.8926326,-0.22890481,0.87266463,0.85,0.0,0.0,0
78282885,-0.9064641,-0.25226063,0.87266463,0.85,0.0,0.0,0
78307537,-0.8478699,-0.27254218,0.87266463,0.85,0.0,0.0,0
78327211,-0.78943557,-0.27068603,0.87266463,0.85,0.0,0.0,0
78341961,-0.77393115,-0.2697011,0.87266463,0.85,0.0,0.0,0
78366596,-0.7520719,-0.28112012,0.87266463,0.85,0.0,0.0,0
78386719,-0.79157645,-0.2781276,0.87266463,0.85,0.0,0.0,0
78406258,-0.8628192,-0.2865565,0.87266463,0.85,0.0,0.0,0
78425698,-0.9039039,-0.3001872,0.87266463,0.85,0.0,0.0,0
78445406,-0.95103616,-0.30876002,0.87266463,0.85,0.0,0.0,0
78465119,-0.99810565,-0.32075363,0.86542314,0.85,0.0,0.0,0
78484807,-1.0259504,-0.350508,0.8496556,0.85,0.0,0.0,0
78504529,-1.0580498,-0.3881249,0.84308416,0.85,0.0,0.0,0
78524213,-1.0526881,-0.42213708,0.8387867,0.85,0.0,0.0,0
78543910,-1.0535384,-0.43002695,0.8290616,0.85,0.0,0.0,0
78563663,-1.0088514,-0.42856658,0.8091534,0.85,0.0,0.0,0
78588269,-0.96820784,-0.41040283,0.78687376,0.85,0.0,0.0,0
78607983,-0.9481516,-0.40814346,0.7674838,0.85,0.0,0.0,0
78622734,-0.9418616,-0.4063583,0.7625338,0.85,0.0,0.0,0
78647354,-1.005582,-0.40262613,0.75535065,0.85,0.0,0.0,0
78667077,-1.0634718,-0.41151702,0.7514776,0.85,0.0,0.0,0
78681858,-1.0505877,-0.42455053,0.7494963,0.85,0.0,0.0,0
78706461,-1.1501082,-0.42682034,0.6919897,0.85,0.0,0.0,0
78726196,-1.1857848,-0.4512649,0.66380656,0.85,0.0,0.0,0
78745910,-1.2049979,-0.49500188,0.64966285,0.85,0.0,0.0,0
78765755,-1.1923356,-0.5397654,0.64765584,0.85,0.0,0.0,0
78785763,-1.1919099,-0.55929685,0.65093386,0.85,0.0,0.0,0
78805004,-1.1615944,-0.5604179,0.6367855,0.85,0.0,0.0,0
78824680,-1.122904,-0.5459725,0.6168656,0.85,0.0,0.0,0
78844383,-1.124043,-0.5301292,0.5979759,0.85,0.0,0.0,0
78864088,-1.0983965,-0.5332607,0.5891393,0.85,0.0,0.0,0
78888719,-1.1365507,-0.53157425,0.5907843,0.85,0.0,0.0,0
78903533,-1.1940053,-0.54295975,0.59224147,0.85,0.0,0.0,0
78923188,-1.2217305,-0.5510453,0.5982867,0.85,0.0,0.0,0
78947829,-1.2217305,-0.55604315,0.5696993,0.85,0.0,0.0,0
78962609,-1.2217305,-0.5656439,0.53706485,0.85,0.0,0.0,0
78987260,-1.2217305,-0.5935573,0.5053656,0.85,0.0,0.0,0
79006970,-1.2217305,-0.6342697,0.48742697,0.85,0.0,0.0,0
79026678,-1.2217305,-0.6660237,0.47422948,0.85,0.0,0.0,0
79046326,-1.2217305,-0.66863066,0.4747735,0.85,0.0,0.0,0
79066037,-1.2217305,-0.6649363,0.45154735,0.85,0.0,0.0,0
79085766,-1.2217305,-0.6507338,0.42810288,0.85,0.0,0.0,0
79105442,-1.2217305,-0.64953536,0.4067989,0.85,0.0,0.0,0
79125152,-1.2217305,-0.65262634,0.39177677,0.85,0.0,0.0,0
79144879,-1.2217305,-0.6537697,0.40081787,0.85,0.0,0.0,0
79164567,-1.2217305,-0.6627492,0.42805195,0.85,0.0,0.0,0
79184796,-1.2217305,-0.67075163,0.43688512,0.85,0.0,0.0,0
79203979,-1.2217305,-0.65469223,0.45564267,0.85,0.0,0.0,0
79228594,-1.2217305,-0.64433765,0.52085626,0.85,0.0,0.0,0
79243364,-1.2217305,-0.64391434,0.5284656,0.85,0.0,0.0,0
79263078,-1.2217305,-0.6590926,0.5703908,0.85,0.0,0.0,0
79287741,-1.2217305,-0.6792836,0.59648156,0.85,0.0,0.0,0
79307439,-1.2217305,-0.6827059,0.5921899,0.85,0.0,0.0,0
79322246,-1.2217305,-0.67499626,0.58027154,0.85,0.0,0.0,0
79346808,-1.2217305,-0.6619984,0.5727915,0.85,0.0,0.0,0
79366498,-1.2217305,-0.6570795,0.5663322,0.85,0.0,0.0,0
79386230,-1.2217305,-0.6449798,0.5765943,0.85,0.0,0.0,0
79405910,-1.2217305,-0.6456367,0.59551096,0.85,0.0,0.0,0
79425626,-1.2217305,-0.64359343,0.62512267,0.85,0.0,0.0,0
79445305,-1.2217305,-0.6261211,0.6469845,0.85,0.0,0.0,0
79465016,-1.2217305,-0.59857255,0.6811105,0.85,0.0,0.0,0
79484721,-1.2217305,-0.5804538,0.7168708,0.85,0.0,0.0,0
79504419,-1.2217305,-0.5904245,0.7513466,0.85,0.0,0.0,0
79524125,-1.2217305,-0.61911905,0.7642322,0.85,0.0,0.0,0
79543823,-1.2217305,-0.63706815,0.77122885,0.85,0.0,0.0,0
79563599,-1.2217305,-0.65260524,0.7582995,0.85,0.0,0.0,0
79588294,-1.2217305,-0.6474145,0.73371786,0.85,0.0,0.0,0
79602928,-1.2217305,-0.63665056,0.73538154,0.85,0.0,0.0,0
79627583,-1.2217305,-0.6356537,0.73299944,0.85,0.0,0.0,0
79647263,-1.2217305,-0.63322854,0.7450151,0.85,0.0,0.0,0
79662044,-1.2217305,-0.64076555,0.7610368,0.85,0.0,0.0,0
79686709,-1.2217305,-0.6561104,0.77089345,0.85,0.0,0.0,0
79706379,-1.2217305,-0.64505947,0.78388584,0.85,0.0,0.0,0
79726103,-1.2217305,-0.6357721,0.80914974,0.85,0.0,0.0,0
79745810,-1.2217305,-0.65366656,0.8430847,0.85,0.0,0.0,0
79765539,-1.2217305,-0.6842413,0.87266463,0.85,0.0,0.0,0
79785231,-1.2217305,-0.7230515,0.87266463,0.85,0.0,0.0,0
79804897,-1.2217305,-0.7440831,0.87266463,0.85,0.0,0.0,0
79824582,-1.2217305,-0.75517917,0.85973483,0.85,0.0,0.0,0
79844291,-1.2217305,-0.7524613,0.8424639,0.85,0.0,0.0,0
79868942,-1.2217305,-0.77074367,0.78874093,0.85,0.0,0.0,0
79883696,-1.2217305,-0.7737713,0.790964,0.85,0.0,0.0,0
79903398,-1.2217305,-0.7796804,0.81477714,0.85,0.0,0.0,0
79928017,-1.2217305,-0.7821228,0.865445,0.85,0.0,0.0,0
79942808,-1.2217305,-0.7845576,0.8691397,0.85,0.0,0.0,0
79962632,-1.2217305,-0.77237314,0.87266463,0.85,0.0,0.0,0
79987171,-1.2217305,-0.7854135,0.87266463,0.84801525,0.0,0.0,0
80006837,-1.2217305,-0.8383246,0.8720182,0.84580314,0.0,0.0,0
80026546,-1.2217305,-0.9089638,0.8348236,0.84366226,0.0,0.0,0
80046240,-1.2217305,-0.9504339,0.82548434,0.84143883,0.0,0.0,0
80065941,-1.2217305,-0.9826597,0.76571834,0.8392296,0.0,0.0,0
80085657,-1.2217305,-0.99637836,0.6989359,0.8390601,0.0,0.0,0
80105347,-1.2217305,-1.0092745,0.64961475,0.83957654,0.0,0.0,0
80125050,-1.2217305,-1.0310941,0.58582807,0.84050626,0.0,0.0,0
80144770,-1.2217305,-1.0248798,0.6104875,0.8415507,0.0,0.0,0
80164485,-1.2217305,-1.028241,0.64929295,0.84244865,0.0,0.0,0
80184192,-1.2217305,-1.0321867,0.6884362,0.8427967,0.0,0.0,0
80203897,-1.2217305,-1.0285839,0.70503336,0.8427967,0.0,0.0,0
80223562,-1.2217305,-1.0194508,0.72121334,0.84125394,0.0,0.0,0
80243266,-1.2217305,-1.0388777,0.72364485,0.8391566,0.0,0.0,0
80267939,-1.2217305,-1.0471976,0.71307415,0.8369423,0.0,0.0,0
80287622,-1.2217305,-1.0471976,0.6849451,0.8347194,0.0,0.0,0
80302404,-1.2217305,-1.0471976,0.67644507,0.83249044,0.0,0.0,0
80327020,-1.2217305,-1.0471976,0.59789264,0.8307667,0.0,0.0,0
80346706,-1.2217305,-1.0471976,0.53763705,0.8307125,0.0,0.0,0
80361988,-1.2217305,-1.0471976,0.5134302,0.8314366,0.0,0.0,0
80386133,-1.2217305,-1.0471976,0.45541912,0.83254445,0.0,0.0,0
80405822,-1.2217305,-1.0471976,0.48762834,0.83396995,0.0,0.0,0
80425531,-1.2217305,-1.0471976,0.53475213,0.8353305,0.0,0.0,0
80445216,-1.2217305,-1.0471976,0.5580134,0.8363944,0.0,0.0,0
80464922,-1.2217305,-1.0471976,0.5859253,0.8366389,0.0,0.0,0
80484661,-1.2217305,-1.0471976,0.6078249,0.8357395,0.0,0.0,0
80504327,-1.2217305,-1.0471976,0.60876435,0.83373874,0.0,0.0,0
80524027,-1.2217305,-1.0471976,0.61178535,0.83153903,0.0,0.0,0
80543740,-1.2217305,-1.0471976,0.5814994,0.8293349,0.0,0.0,0
80568384,-1.2217305,-1.0471976,0.5587077,0.82521224,0.0,0.0,0
80583189,-1.2217305,-1.0471976,0.51280916,0.82521224,0.0,0.0,0
80607765,-1.2217305,-1.0471976,0.45086902,0.82577616,0.0,0.0,0
80627477,-1.2217305,-1.0471976,0.4140447,0.82682735,0.0,0.0,0
80642266,-1.2217305,-1.0471976,0.37853155,0.82682735,0.0,0.0,0
80666869,-1.2217305,-1.0471976,0.40885308,0.82980573,0.0,0.0,0
80686606,-1.2217305,-1.0471976,0.45566347,0.83095956,0.0,0.0,0
80706284,-1.2217305,-1.0471976,0.47558656,0.8314406,0.0,0.0,0
80726000,-1.2217305,-1.0471976,0.50564206,0.83076864,0.0,0.0,0
80745713,-1.2217305,-1.0471976,0.52644926,0.82905495,0.0,0.0,0
80765543,-1.2217305,-1.0471976,0.52226067,0.8268115,0.0,0.0,0
80785137,-1.2217305,-1.0471976,0.52404183,0.82457364,0.0,0.0,0
80804801,-1.2217305,-1.0471976,0.5051842,0.822406,0.0,0.0,0
80824497,-1.2217305,-1.0471976,0.4762226,0.82069933,0.0,0.0,0
80849123,-1.2217305,-1.0471976,0.38554445,0.82067865,0.0,0.0,0
80863925,-1.2217305,-1.0471976,0.34400156,0.82067865,0.0,0.0,0
80883614,-1.2217305,-1.0471976,0.31163147,0.82233036,0.0,0.0,0
80908233,-1.2217305,-1.0471976,0.2784642,0.82383686,0.0,0.0,0
80923006,-1.2217305,-1.0471976,0.29271087,0.82566124,0.0,0.0,0
80942715,-1.2217305,-1.0471976,0.33967805,0.8274181,0.0,0.0,0
80967363,-1.2217305,-1.0471976,0.38517052,0.82875776,0.0,0.0,0
80987045,-1.2217305,-1.0471976,0.43571365,0.82933545,0.0,0.0,0
81006764,-1.2217305,-1.0471976,0.474859,0.8285632,0.0,0.0,0
81026445,-1.2217305,-1.0471976,0.47745195,0.8268049,0.0,0.0,0
81046175,-1.2217305,-1.0471976,0.47790965,0.82458997,0.0,0.0,0
81065849,-1.2217305,-1.0471976,0.46118036,0.82246464,0.0,0.0,0
81085550,-1.2217305,-1.0471976,0.43307114,0.821029,0.0,0.0,0
81105281,-1.2217305,-1.0471976,0.3747262,0.8205438,0.0,0.0,0
81124959,-1.2217305,-1.0471976,0.31850547,0.8212396,0.0,0.0,0
81144683,-1.2217305,-1.0471976,0.2766065,0.8226807,0.0,0.0,0
81164478,-1.2217305,-1.0471976,0.23023587,0.82462573,0.0,0.0,0
81184087,-1.2217305,-1.0471976,0.23803368,0.82685,0.0,0.0,0
81203811,-1.2217305,-1.0471976,0.26891464,0.8290894,0.0,0.0,0
81223514,-1.2217305,-1.0471976,0.3045273,0.8312725,0.0,0.0,0
81248134,-1.2217305,-1.0471976,0.35808656,0.8327086,0.0,0.0,0
81267809,-1.2217305,-1.0471976,0.39484376,0.8316161,0.0,0.0,0
81282581,-1.2217305,-1.0471976,0.39933908,0.8316161,0.0,0.0,0
81307226,-1.2217305,-1.0471976,0.3912846,0.8280931,0.0,0.0,0
81326936,-1.2217305,-1.0471976,0.38051313,0.8268449,0.0,0.0,0
81341725,-1.2217305,-1.0471976,0.37332165,0.8268449,0.0,0.0,0
81366340,-1.2217305,-1.0471976,0.32521924,0.82765925,0.0,0.0,0
81386018,-1.2217305,-1.0471976,0.28091887,0.8295391,0.0,0.0,0
81405729,-1.2217305,-1.0471976,0.24121217,0.8317502,0.0,0.0,0
81425437,-1.2217305,-1.0471976,0.2001241,0.83394307,0.0,0.0,0
81445122,-1.2217305,-1.0471976,0.2187566,0.83615255,0.0,0.0,0
81464838,-1.2217305,-1.0471976,0.24966493,0.83836925,0.0,0.0,0
81484525,-1.2217305,-1.0471976,0.2793441,0.8406124,0.0,0.0,0
81504238,-1.2217305,-1.0471976,0.31407115,0.84243995,0.0,0.0,0
81523941,-1.2217305,-1.0471976,0.34968898,0.84243995,0.0,0.0,0
81548826,-1.2217305,-1.0471976,0.35058084,0.8408906,0.0,0.0,0
81563418,-1.2217305,-1.0471976,0.33937508,0.8393855,0.0,0.0,0
81583044,-1.2217305,-1.0471976,0.31004182,0.83823514,0.0,0.0,0
81607690,-1.2217305,-1.0471976,0.26700866,0.83780175,0.0,0.0,0
81622445,-1.2217305,-1.0471976,0.23237312,0.83849055,0.0,0.0,0
81647076,-1.2183871,-1.0471976,0.16100919,0.8403021,0.0,0.0,0
81666781,-1.1863868,-1.0471976,0.11334626,0.84251714,0.0,0.0,0
81686485,-1.1528597,-1.0471976,0.07825785,0.8447343,0.0,0.0,0
81706205,-1.1710751,-1.0471976,0.09511238,0.8469545,0.0,0.0,0
81725886,-1.1804651,-1.0471976,0.12054138,0.8491797,0.0,0.0,0
81745642,-1.1889403,-1.0471976,0.15040885,0.85,0.0,0.0,0
81765351,-1.2217305,-1.0471976,0.19502483,0.85,0.0,0.0,0
81785027,-1.2217305,-1.0471976,0.23100972,0.85,0.0,0.0,0
81804739,-1.2217305,-1.0471976,0.22882767,0.85,0.0,0.0,0
81824449,-1.2217305,-1.0471976,0.20802082,0.85,0.0,0.0,0
81844100,-1.2217305,-1.0471976,0.19256371,0.85,0.0,0.0,0
81863831,-1.2088789,-1.0471976,0.15475546,0.85,0.0,0.0,0
81888460,-1.14622,-1.0471976,0.08242113,0.85,0.0,0.0,0
81903210,-1.0983574,-1.0471976,0.044954162,0.85,0.0,0.0,0
81922920,-1.0647092,-1.0471976,-0.0035429373,0.85,0.0,0.0,0
81947893,-1.0444944,-1.0471976,-0.022090396,0.85,0.0,0.0,0
81967241,-1.0566728,-1.0471976,0.0078193415,0.85,0.0,0.0,0
81982023,-1.0926377,-1.0471976,0.03739606,0.85,0.0,0.0,0
82006658,-1.1090144,-1.0471976,0.082019255,0.85,0.0,0.0,0
82026353,-1.1865672,-1.0471976,0.13657849,0.85,0.0,0.0,0
82046051,-1.2217305,-1.0471976,0.16493216,0.85,0.0,0.0,0
82065755,-1.2217305,-1.0471976,0.15336673,0.85,0.0,0.0,0
82085459,-1.1858348,-1.0471976,0.10808892,0.85,0.0,0.0,0
82105167,-1.1705847,-1.0471976,0.098566994,0.85,0.0,0.0,0
82124864,-1.1086987,-1.0471976,0.04333589,0.85,0.0,0.0,0
82144604,-1.058478,-1.0471976,-0.014879312,0.85,0.0,0.0,0
82164266,-1.0175123,-1.0471976,-0.06391937,0.85,0.0,0.0,0
82183987,-0.97519714,-1.0471976,-0.101917244,0.85,0.0,0.0,0
82203685,-0.98097867,-1.0471976,-0.09446001,0.85,0.0,0.0,0
82223439,-1.008309,-1.0471976,-0.059749525,0.85,0.0,0.0,0
82248054,-1.0503132,-1.0471976,-0.0060049673,0.85,0.0,0.0,0
82262813,-1.0799485,-1.0471976,0.029485567,0.85,0.0,0.0,0
82287439,-1.1609854,-1.0471976,0.090692,0.85,0.0,0.0,0
82307187,-1.1982236,-1.0471976,0.099973954,0.85,0.0,0.0,0
82321891,-1.2067628,-1.0471976,0.091120936,0.85,0.0,0.0,0
82346816,-1.1594563,-1.0471976,0.05334848,0.85,0.0,0.0,0
82366221,-1.1241511,-1.0471976,0.025872985,0.85,0.0,0.0,0
82385927,-1.0579501,-1.0471976,-0.028128356,0.85,0.0,0.0,0
82405632,-0.99783736,-1.0471976,-0.08884339,0.85,0.0,0.0,0
82425332,-0.95923764,-1.0471976,-0.1381328,0.85,0.0,0.0,0
82445026,-0.9107723,-1.0471976,-0.1802842,0.85,0.0,0.0,0
82464740,-0.9323252,-1.0471976,-0.16135444,0.85,0.0,0.0,0
82484439,-0.96130383,-1.0471976,-0.12692122,0.85,0.0,0.0,0
82504167,-0.9826038,-1.0471976,-0.0925859,0.85,0.0,0.0,0
82528802,-1.0473459,-1.0471976,-0.040841814,0.85,0.0,0.0,0
82543573,-1.0756043,-1.0471976,-0.019539956,0.85,0.0,0.0,0
82563240,-1.0940787,-1.0471976,-0.027229479,0.85,0.0,0.0,0
82587878,-1.0566458,-1.0471976,-0.07641486,0.85,0.0,0.0,0
82602656,-1.0252182,-1.0471976,-0.09776099,0.85,0.0,0.0,0
82622354,-0.9648549,-1.0471976,-0.14419144,0.85,0.0,0.0,0
82646985,-0.8602479,-1.0471976,-0.2353797,0.85,0.0,0.0,0
82666688,-0.7988813,-1.0471976,-0.2951334,0.85,0.0,0.0,0
82686384,-0.7396206,-1.0471976,-0.341467,0.85,0.0,0.0,0
82706101,-0.7255726,-1.034393,-0.34768492,0.85,0.0,0.0,0
82726343,-0.76150155,-1.0395166,-0.3045029,0.85,0.0,0.0,0
82745886,-0.81362766,-1.0471976,-0.24747738,0.85,0.0,0.0,0
82765204,-0.86746514,-1.0331212,-0.20353295,0.85,0.0,0.0,0
82784913,-0.9448447,-1.0059875,-0.15377808,0.85,0.0,0.0,0
82804638,-1.0000067,-0.99225414,-0.13172153,0.85,0.0,0.0,0
82824363,-0.9989278,-1.0041904,-0.14880693,0.85,0.0,0.0,0
82844043,-0.9424227,-1.0245157,-0.19585349,0.85,0.0,0.0,0
82868653,-0.87939656,-1.0297799,-0.23921026,0.85,0.0,0.0,0
82883409,-0.8117299,-1.0067288,-0.29453355,0.85,0.0,0.0,0
82903113,-0.7273994,-0.95688224,-0.35830677,0.85,0.0,0.0,0
82927787,-0.67570364,-0.9093136,-0.40848526,0.85,0.0,0.0,0
82947483,-0.6343454,-0.8665212,-0.43971705,0.85,0.0,0.0,0
82962219,-0.6661559,-0.85528356,-0.41223025,0.85,0.0,0.0,0
82986857,-0.7229892,-0.86572427,-0.36253816,0.85,0.0,0.0,0
83006556,-0.74377847,-0.8667659,-0.33390263,0.85,0.0,0.0,0
83026260,-0.7620692,-0.845818,-0.31238377,0.85,0.0,0.0,0
83045965,-0.7887574,-0.8315024,-0.2998747,0.85,0.0,0.0,0
83065668,-0.80238515,-0.83702487,-0.3131971,0.85,0.0,0.0,0
83085365,-0.7849499,-0.8597534,-0.34204772,0.85,0.0,0.0,0
83105072,-0.72713757,-0.8758905,-0.3917748,0.85,0.0,0.0,0
83125045,-0.6600503,-0.87497205,-0.43980724,0.85,0.0,0.0,0
83144933,-0.5654621,-0.82841116,-0.5091932,0.85,0.0,0.0,0
83164175,-0.50296795,-0.77823037,-0.555911,0.85,0.0,0.0,0
83183897,-0.4649745,-0.73680985,-0.5896476,0.85,0.0,0.0,0
83203578,-0.42876223,-0.6949818,-0.61368555,0.85,0.0,0.0,0
83228207,-0.41145888,-0.6797063,-0.6170149,0.85,0.0,0.0,0
83242977,-0.41724956,-0.68479216,-0.6132291,0.85,0.0,0.0,0
83267652,-0.37613347,-0.6644243,-0.6283462,0.85,0.0,0.0,0
83287338,-0.39430907,-0.646971,-0.623119,0.85,0.0,0.0,0
83302118,-0.39127046,-0.6456028,-0.62564653,0.85,0.0,0.0,0
83326847,-0.3905845,-0.66217196,-0.6615936,0.85,0.0,0.0,0
83346440,-0.33909255,-0.6829363,-0.7062993,0.85,0.0,0.0,0
83366120,-0.29482564,-0.6917049,-0.73696333,0.85,0.0,0.0,0
83385841,-0.2297527,-0.66170913,-0.78181326,0.85,0.0,0.0,0
83405530,-0.16875306,-0.61091006,-0.82381797,0.85,0.0,0.0,0
83425232,-0.13722154,-0.56888,-0.8516678,0.85,0.0,0.0,0
83444939,-0.08996123,-0.5227517,-0.87266463,0.85,0.0,0.0,0
83464640,-0.08425187,-0.50530225,-0.87266463,0.85,0.0,0.0,0
83484337,-0.086577505,-0.5188859,-0.8714804,0.85,0.0,0.0,0
83508970,-0.08734578,-0.5412708,-0.8647674,0.85,0.0,0.0,0
83523997,-0.09359483,-0.5377935,-0.85900944,0.85,0.0,0.0,0
83543469,-0.116112605,-0.5436139,-0.8464637,0.85,0.0,0.0,0
83568073,-0.13076486,-0.566857,-0.8592756,0.85,0.0,0.0,0
83582849,-0.12495124,-0.5874699,-0.87266463,0.85,0.0,0.0,0
83602548,-0.0821197,-0.60799384,-0.87266463,0.85,0.0,0.0,0
83627181,-0.028991496,-0.60717493,-0.87266463,0.85,0.0,0.0,0
83646883,0.05462724,-0.54997766,-0.87266463,0.85,0.0,0.0,0
83666603,0.13100167,-0.47950336,-0.87266463,0.85,0.0,0.0,0
83686288,0.15203463,-0.43688217,-0.87266463,0.85,0.0,0.0,0
83705999,0.14525205,-0.42107913,-0.87266463,0.85,0.0,0.0,0
83725729,0.11560173,-0.43648094,-0.87266463,0.85,0.0,0.0,0
83745401,0.0700694,-0.4810109,-0.87266463,0.85,0.0,0.0,0
83765102,0.039824408,-0.5119772,-0.87266463,0.85,0.0,0.0,0
83784810,-0.00849252,-0.53004706,-0.87266463,0.85,0.0,0.0,0
83804505,-0.05641744,-0.5480692,-0.87266463,0.85,0.0,0.0,0
83824233,-0.068990074,-0.5686686,-0.87266463,0.85,0.0,0.0,0
83843947,-0.049422212,-0.5861722,-0.87266463,0.85,0.0,0.0,0
83863644,-0.00050839543,-0.5839728,-0.87266463,0.85,0.0,0.0,0
83883352,0.076186076,-0.54134697,-0.87266463,0.85,0.0,0.0,0
83907968,0.1862063,-0.43181866,-0.87266463,0.85,0.0,0.0,0
83927760,0.23145065,-0.3559043,-0.87266463,0.85,0.0,0.0,0
83942419,0.26003015,-0.31412163,-0.87266463,0.85,0.0,0.0,0
83967051,0.2630387,-0.2774815,-0.87266463,0.85,0.0,0.0,0
83986759,0.2527827,-0.27893662,-0.87266463,0.85,0.0,0.0,0
84001539,0.22566943,-0.29709804,-0.87266463,0.85,0.0,0.0,0
84026159,0.2132102,-0.30645096,-0.87266463,0.85,0.0,0.0,0
84045859,0.17146581,-0.3143484,-0.87266463,0.85,0.0,0.0,0
84065573,0.13355647,-0.34205127,-0.87266463,0.85,0.0,0.0,0
84085263,0.14588866,-0.37200177,-0.87266463,0.85,0.0,0.0,0
84104979,0.17218384,-0.40094692,-0.87266463,0.85,0.0,0.0,0
84124706,0.20817588,-0.40748596,-0.87266463,0.85,0.0,0.0,0
84144384,0.27106693,-0.37103665,-0.87266463,0.85,0.0,0.0,0
84164074,0.32449323,-0.32309783,-0.87266463,0.85,0.0,0.0,0
84183785,0.3537122,-0.28181693,-0.87266463,0.85,0.0,0.0,0
84208406,0.37129414,-0.25293815,-0.87266463,0.85,0.0,0.0,0
84223184,0.36933985,-0.2543668,-0.87266463,0.85,0.0,0.0,0
84242925,0.35861042,-0.2800892,-0.87266463,0.85,0.0,0.0,0
84267514,0.34615085,-0.31259096,-0.87266463,0.85,0.0,0.0,0
84282290,0.33049852,-0.3233586,-0.87266463,0.85,0.0,0.0,0
84307023,0.29475752,-0.33689296,-0.87266463,0.85,0.0,0.0,0
84326737,0.284131,-0.35837877,-0.87266463,0.85,0.0,0.0,0
84346358,0.28324386,-0.39120722,-0.87266463,0.85,0.0,0.0,0
84366032,0.29054314,-0.42174715,-0.87266463,0.85,0.0,0.0,0
84385731,0.3287224,-0.42518786,-0.87266463,0.85,0.0,0.0,0
84405440,0.38135603,-0.3929573,-0.87266463,0.85,0.0,0.0,0
84425135,0.4328868,-0.34510276,-0.87266463,0.85,0.0,0.0,0
84444836,0.4653559,-0.30467886,-0.87266463,0.85,0.0,0.0,0
84464543,0.46504176,-0.2898059,-0.87266463,0.85,0.0,0.0,0
84489165,0.4468417,-0.3148403,-0.87266463,0.85,0.0,0.0,0
84504017,0.41817048,-0.34643787,-0.87266463,0.85,0.0,0.0,0
84523713,0.41103902,-0.36521608,-0.87266463,0.85,0.0,0.0,0
84548273,0.3640134,-0.38421655,-0.87266463,0.85,0.0,0.0,0
84563051,0.35227123,-0.39407793,-0.87266463,0.85,0.0,0.0,0
84582759,0.3523354,-0.41336825,-0.87266463,0.85,0.0,0.0,0
84607377,0.357609,-0.45473567,-0.87266463,0.85,0.0,0.0,0
84627088,0.39629808,-0.46248752,-0.87266463,0.85,0.0,0.0,0
84641871,0.4400673,-0.43986776,-0.87266463,0.85,0.0,0.0,0
84666491,0.5118873,-0.38227305,-0.87266463,0.85,0.0,0.0,0
84686191,0.5436628,-0.34365028,-0.87266463,0.85,0.0,0.0,0
84705985,0.5559813,-0.31932715,-0.87266463,0.85,0.0,0.0,0
84725631,0.5516393,-0.31439194,-0.87266463,0.85,0.0,0.0,0
84745300,0.52305007,-0.34701946,-0.87266463,0.85,0.0,0.0,0
84765036,0.48396444,-0.38803324,-0.87266463,0.85,0.0,0.0,0
84784705,0.44501376,-0.40735567,-0.87266463,0.85,0.0,0.0,0
84804409,0.3916628,-0.41888362,-0.87266463,0.85,0.0,0.0,0
84824112,0.3657686,-0.43079934,-0.87266463,0.85,0.0,0.0,0
84843834,0.37917885,-0.4515404,-0.87266463,0.85,0.0,0.0,0
84863555,0.3765857,-0.4766333,-0.87266463,0.85,0.0,0.0,0
84888176,0.44197494,-0.45602754,-0.87266463,0.85,0.0,0.0,0
84907934,0.49745083,-0.40903497,-0.87266463,0.85,0.0,0.0,0
84922654,0.5340281,-0.36572424,-0.87266463,0.85,0.0,0.0,0
84947250,0.57656425,-0.3082208,-0.87266463,0.85,0.0,0.0,0
84966956,0.5734908,-0.28699142,-0.87266463,0.85,0.0,0.0,0
84981733,0.55255365,-0.29260245,-0.87266463,0.85,0.0,0.0,0
85006354,0.5028318,-0.33121827,-0.87266463,0.85,0.0,0.0,0
85026057,0.4725489,-0.35645947,-0.87266463,0.85,0.0,0.0,0
85045770,0.4312253,-0.36920562,-0.87266463,0.85,0.0,0.0,0
85065465,0.40020376,-0.3806407,-0.87266463,0.85,0.0,0.0,0
85085170,0.39558497,-0.4016524,-0.87266463,0.85,0.0,0.0,0
85104962,0.39868438,-0.43187493,-0.87266463,0.85,0.0,0.0,0
85124570,0.41633296,-0.44749033,-0.87266463,0.85,0.0,0.0,0
85144323,0.47129652,-0.42229694,-0.87266463,0.85,0.0,0.0,0
85163983,0.51562995,-0.37190127,-0.87266463,0.85,0.0,0.0,0
85188603,0.557191,-0.31561634,-0.87266463,0.85,0.0,0.0,0
85203392,0.5749535,-0.29237744,-0.87266463,0.85,0.0,0.0,0
85223088,0.5833056,-0.27494958,-0.87266463,0.85,0.0,0.0,0
85247750,0.57889795,-0.29650158,-0.87266463,0.85,0.0,0.0,0
85262489,0.54603857,-0.32630384,-0.87266463,0.85,0.0,0.0,0
85287119,0.5422446,-0.35474712,-0.87266463,0.85,0.0,0.0,0
85306871,0.52509195,-0.3745665,-0.87266463,0.85,0.0,0.0,0
85326559,0.5292378,-0.39853638,-0.87266463,0.85,0.0,0.0,0
85346269,0.5512537,-0.43332574,-0.87266463,0.85,0.0,0.0,0
85365955,0.5569788,-0.47244182,-0.87266463,0.85,0.0,0.0,0
85385645,0.59628505,-0.47270778,-0.87266463,0.85,0.0,0.0,0
85405332,0.65534765,-0.4328463,-0.87266463,0.85,0.0,0.0,0
85425034,0.7003881,-0.38372406,-0.87266463,0.85,0.0,0.0,0
85444742,0.7424102,-0.34393793,-0.87266463,0.85,0.0,0.0,0
85464456,0.75222147,-0.32914853,-0.87266463,0.85,0.0,0.0,0
85484138,0.7328269,-0.33163935,-0.87266463,0.85,0.0,0.0,0
85503952,0.72173,-0.37132642,-0.87266463,0.85,0.0,0.0,0
85528492,0.695587,-0.41075683,-0.87266463,0.85,0.0,0.0,0
85543250,0.69587547,-0.43180686,-0.87266463,0.85,0.0,0.0,0
85562957,0.702403,-0.4562777,-0.87266463,0.85,0.0,0.0,0
85587583,0.7325675,-0.49896532,-0.87266463,0.85,0.0,0.0,0
85607286,0.7579941,-0.5413425,-0.87266463,0.85,0.0,0.0,0
85622063,0.7639687,-0.57520175,-0.87266463,0.85,0.0,0.0,0
85646701,0.8311946,-0.55910015,-0.87266463,0.85,0.0,0.0,0
85666392,0.87802964,-0.51378316,-0.87266463,0.85,0.0,0.0,0
85686129,0.912561,-0.47133106,-0.87266463,0.85,0.0,0.0,0
85705836,0.9273945,-0.44860706,-0.87266463,0.85,0.0,0.0,0
85725503,0.94506794,-0.44007748,-0.87266463,0.85,0.0,0.0,0
85745201,0.9338783,-0.4615405,-0.87266463,0.85,0.0,0.0,0
85764912,0.90395504,-0.50234866,-0.8657091,0.85,0.0,0.0,0
85784647,0.8993952,-0.52941114,-0.8302349,0.85,0.0,0.0,0
85804335,0.90560377,-0.5484181,-0.7862254,0.85,0.0,0.0,0
85824038,0.94030505,-0.5721321,-0.7428547,0.85,0.0,0.0,0
85843761,1.0007145,-0.6083781,-0.715985,0.85,0.0,0.0,0
85868352,1.0494423,-0.6464982,-0.68526465,0.85,0.0,0.0,0
85888300,1.0894314,-0.642925,-0.70345676,0.85,0.0,0.0,0
85902909,1.1369066,-0.6131513,-0.7069343,0.85,0.0,0.0,0
85927452,1.1949272,-0.5528524,-0.7154112,0.85,0.0,0.0,0
85947155,1.2217305,-0.51159483,-0.70335084,0.85,0.0,0.0,0
85961958,1.2217305,-0.5013533,-0.69274324,0.85,0.0,0.0,0
85986625,1.2217305,-0.4957849,-0.6521275,0.85,0.0,0.0,0
86006291,1.2217305,-0.5251219,-0.6232976,0.85,0.0,0.0,0
86025995,1.2098739,-0.56242186,-0.5813829,0.85,0.0,0.0,0
86045666,1.210168,-0.58433557,-0.52947354,0.85,0.0,0.0,0
86065369,1.2205968,-0.6077392,-0.4749536,0.85,0.0,0.0,0
86085095,1.2217305,-0.64322907,-0.43211186,0.85,0.0,0.0,0
86104801,1.2217305,-0.69239414,-0.4048133,0.85,0.0,0.0,0
86124474,1.2217305,-0.74101126,-0.40932137,0.85,0.0,0.0,0
86144173,1.2217305,-0.735636,-0.42121366,0.85,0.0,0.0,0
86168813,1.2217305,-0.7057588,-0.42450675,0.85,0.0,0.0,0
86183582,1.2217305,-0.68585986,-0.41957057,0.85,0.0,0.0,0
86203276,1.2217305,-0.6603301,-0.42579615,0.85,0.0,0.0,0
86227918,1.2217305,-0.64075655,-0.42542803,0.85,0.0,0.0,0
86242696,1.2217305,-0.6377465,-0.43370852,0.85,0.0,0.0,0
86267364,1.2217305,-0.6654798,-0.43677092,0.85,0.0,0.0,0
86287278,1.2217305,-0.6645957,-0.4447518,0.85,0.0,0.0,0
86306756,1.2217305,-0.65115666,-0.4535574,0.85,0.0,0.0,0
86326422,1.2217305,-0.6352636,-0.4799506,0.85,0.0,0.0,0
86346128,1.2217305,-0.6417874,-0.5195082,0.85,0.0,0.0,0
86365828,1.2217305,-0.6581278,-0.56176066,0.85,0.0,0.0,0
86385542,1.2217305,-0.6718683,-0.5849649,0.85,0.0,0.0,0
86405235,1.2217305,-0.6599824,-0.5945017,0.85,0.0,0.0,0
86424945,1.2217305,-0.6284856,-0.59427583,0.85,0.0,0.0,0
86444672,1.2217305,-0.59979004,-0.5871724,0.85,0.0,0.0,0
86464395,1.2217305,-0.57609445,-0.5898643,0.85,0.0,0.0,0
86484114,1.2217305,-0.562672,-0.593035,0.85,0.0,0.0,0
86508685,1.2217305,-0.58451366,-0.6068416,0.85,0.0,0.0,0
86523452,1.2217305,-0.6059721,-0.59740156,0.85,0.0,0.0,0
86543155,1.2217305,-0.6095533,-0.60234493,0.85,0.0,0.0,0
86567794,1.2217305,-0.5994189,-0.6479689,0.85,0.0,0.0,0
86587480,1.2217305,-0.59936506,-0.681621,0.85,0.0,0.0,0
86602260,1.2217305,-0.6085641,-0.6835724,0.85,0.0,0.0,0
86626889,1.2217305,-0.66233975,-0.6561198,0.85,0.0,0.0,0
86646593,1.2217305,-0.6526675,-0.7009805,0.85,0.0,0.0,0
86666387,1.2217305,-0.6068318,-0.73217374,0.85,0.0,0.0,0
86686247,1.2217305,-0.56178993,-0.736949,0.85,0.0,0.0,0
86705697,1.2217305,-0.53088033,-0.7466145,0.85,0.0,0.0,0
86725394,1.2217305,-0.5174391,-0.7466027,0.85,0.0,0.0,0
86745104,1.2217305,-0.5163853,-0.7455534,0.85,0.0,0.0,0
86764802,1.2217305,-0.5559821,-0.7017569,0.85,0.0,0.0,0
86784503,1.2217305,-0.605961,-0.64202607,0.85,0.0,0.0,0
86804206,1.2217305,-0.62365746,-0.60056484,0.85,0.0,0.0,0
86823926,1.2217305,-0.63623446,-0.5711767,0.85,0.0,0.0,0
86843608,1.2217305,-0.66507,-0.55446506,0.85,0.0,0.0,0
86868256,1.2217305,-0.71861887,-0.54174966,0.85,0.0,0.0,0
86883047,1.2217305,-0.7535732,-0.5277633,0.85,0.0,0.0,0
86907696,1.2217305,-0.74274695,-0.570932,0.85,0.0,0.0,0
86927379,1.2217305,-0.7018615,-0.6042587,0.85,0.0,0.0,0
86942146,1.2217305,-0.6686625,-0.6285836,0.85,0.0,0.0,0
86966826,1.2217305,-0.63365453,-0.6344932,0.85,0.0,0.0,0
86986469,1.2217305,-0.6326159,-0.6167121,0.85,0.0,0.0,0
87006170,1.2217305,-0.6633978,-0.5795074,0.85,0.0,0.0,0
87025864,1.2217305,-0.70959026,-0.53390497,0.85,0.0,0.0,0
87045563,1.2217305,-0.7324899,-0.4955813,0.85,0.0,0.0,0
87065413,1.2217305,-0.7412147,-0.45998707,0.85,0.0,0.0,0
87085229,1.2217305,-0.7558425,-0.43739235,0.85,0.0,0.0,0
87104676,1.2217305,-0.79473835,-0.42397764,0.85,0.0,0.0,0
87124372,1.2217305,-0.84600055,-0.38338825,0.85,0.0,0.0,0
87148999,1.2217305,-0.88349974,-0.38608554,0.85,0.0,0.0,0
87163799,1.2217305,-0.8746967,-0.40399277,0.85,0.0,0.0,0
87183491,1.2217305,-0.84254754,-0.4361977,0.85,0.0,0.0,0
87208108,1.2217305,-0.80472517,-0.4652283,0.85,0.0,0.0,0
87222888,1.2217305,-0.801628,-0.44584522,0.85,0.0,0.0,0
87242585,1.2217305,-0.80731314,-0.44315496,0.85,0.0,0.0,0
87267263,1.2217305,-0.85395926,-0.41266793,0.85,0.0,0.0,0
87286951,1.2217305,-0.8874241,-0.3751672,0.85,0.0,0.0,0
87306634,1.2217305,-0.89724165,-0.3466216,0.85,0.0,0.0,0
87326320,1.2217305,-0.9031668,-0.32394063,0.85,0.0,0.0,0
87346025,1.2217305,-0.93101513,-0.3075065,0.85,0.0,0.0,0
87365764,1.2217305,-0.97888774,-0.29289445,0.85,0.0,0.0,0
87385432,1.2217305,-1.0280207,-0.24943897,0.85,0.0,0.0,0
87405133,1.2217305,-1.0429866,-0.27967072,0.85,0.0,0.0,0
87424841,1.2217305,-1.0270691,-0.30707496,0.85,0.0,0.0,0
87444538,1.2217305,-0.9988069,-0.33816215,0.85,0.0,0.0,0
87464467,1.2217305,-0.97611994,-0.34793672,0.85,0.0,0.0,0
87484003,1.2217305,-0.97041607,-0.32817245,0.85,0.0,0.0,0
87503679,1.2217305,-0.98452425,-0.2832373,0.85,0.0,0.0,0
87523379,1.2217305,-1.0189389,-0.23282649,0.85,0.0,0.0,0
87547988,1.2217305,-1.0351962,-0.17401405,0.85,0.0,0.0,0
87567715,1.2217305,-1.0289638,-0.13420857,0.85,0.0,0.0,0
87582449,1.2217305,-1.0302662,-0.11189289,0.85,0.0,0.0,0
87607080,1.2217305,-1.0471976,-0.08883444,0.85,0.0,0.0,0
87626805,1.2217305,-1.0471976,-0.057458926,0.85,0.0,0.0,0
87641562,1.2217305,-1.0471976,-0.057956904,0.85,0.0,0.0,0
87666220,1.2217305,-1.0471976,-0.10634713,0.85,0.0,0.0,0
87685931,1.2217305,-1.0471976,-0.15498045,0.85,0.0,0.0,0
87705606,1.2217305,-1.0471976,-0.18628916,0.85,0.0,0.0,0
87725298,1.2217305,-1.0454954,-0.18525554,0.85,0.0,0.0,0
87745004,1.2217305,-1.0379378,-0.16649441,0.85,0.0,0.0,0
87764714,1.2217305,-1.0471976,-0.11573701,0.85,0.0,0.0,0
87784424,1.2217305,-1.0471976,-0.045601632,0.85,0.0,0.0,0
87804111,1.2217305,-1.0471976,0.0074798074,0.85,0.0,0.0,0
87823836,1.2217305,-1.0471976,0.048922207,0.85,0.0,0.0,0
87848434,1.2217305,-1.0471976,0.078257196,0.85,0.0,0.0,0
87863481,1.2217305,-1.0471976,0.087389186,0.85,0.0,0.0,0
87882959,1.2217305,-1.0471976,0.13072474,0.85,0.0,0.0,0
87907543,1.2217305,-1.0471976,0.0895436,0.85,0.0,0.0,0
87922321,1.2217305,-1.0471976,0.05329115,0.85,0.0,0.0,0
87946984,1.2217305,-1.0471976,-0.013789505,0.85,0.0,0.0,0
87966682,1.2217305,-1.0471976,-0.028704708,0.85,0.0,0.0,0
87986388,1.2217305,-1.0471976,0.0033795997,0.85,0.0,0.0,0
88006082,1.2217305,-1.0471976,0.032200374,0.85,0.0,0.0,0
88025766,1.2217305,-1.0471976,0.08880156,0.85,0.0,0.0,0
88045465,1.2217305,-1.0471976,0.16095023,0.85,0.0,0.0,0
88065199,1.1860999,-1.0424473,0.2075587,0.85,0.0,0.0,0
88084868,1.158089,-1.0320982,0.23970951,0.85,0.0,0.0,0
88104577,1.1361346,-1.0458391,0.26680297,0.85,0.0,0.0,0
88129201,1.0894669,-1.0471976,0.30892313,0.85,0.0,0.0,0
88144003,1.0749806,-1.0471976,0.31722695,0.85,0.0,0.0,0
88163683,1.0903013,-1.0471976,0.30066526,0.85,0.0,0.0,0
88188307,1.1535181,-1.0471976,0.24542336,0.85,0.0,0.0,0
88203081,1.1903952,-1.0471976,0.2214151,0.85,0.0,0.0,0
88222795,1.2128521,-1.0433514,0.21205677,0.85,0.0,0.0,0
88247414,1.1521097,-1.0170116,0.25877166,0.85,0.0,0.0,0
88267199,1.0821577,-1.0110148,0.30914786,0.85,0.0,0.0,0
88281898,0.99929076,-1.0105977,0.3625787,0.85,0.0,0.0,0
88306524,0.88176394,-0.9900645,0.4351761,0.85,0.0,0.0,0
88326227,0.8283693,-0.9652734,0.470529,0.85,0.0,0.0,0
88345929,0.800057,-0.9591204,0.49728528,0.85,0.0,0.0,0
88365630,0.7877068,-0.978827,0.51972437,0.85,0.0,0.0,0
88385333,0.7444458,-0.99662954,0.56231564,0.85,0.0,0.0,0
88405028,0.7355722,-1.0114933,0.5617425,0.85,0.0,0.0,0
88424745,0.7762568,-1.0077467,0.52774227,0.85,0.0,0.0,0
88444443,0.82543623,-0.9817903,0.4858294,0.85,0.0,0.0,0
88464175,0.85181975,-0.956299,0.46985278,0.85,0.0,0.0,0
88483847,0.8278553,-0.9260493,0.49353763,0.85,0.0,0.0,0
88503573,0.8062056,-0.9088186,0.5055408,0.85,0.0,0.0,0
88528198,0.7102756,-0.90009683,0.5596597,0.85,0.0,0.0,0
88547902,0.6252422,-0.8844089,0.61149615,0.85,0.0,0.0,0
88562684,0.60186666,-0.86828786,0.6277818,0.85,0.0,0.0,0
88587275,0.5739542,-0.839997,0.6532278,0.85,0.0,0.0,0
88606983,0.56029004,-0.84161776,0.67576903,0.85,0.0,0.0,0
88621867,0.53430516,-0.8524013,0.6970869,0.85,0.0,0.0,0
88646423,0.47000074,-0.85371256,0.7433937,0.85,0.0,0.0,0
88666169,0.47347558,-0.8557467,0.7403,0.85,0.0,0.0,0
88685796,0.49946848,-0.8351574,0.71854913,0.85,0.0,0.0,0
88705497,0.53450346,-0.80772436,0.6979071,0.85,0.0,0.0,0
88725203,0.54046583,-0.7809735,0.69378597,0.85,0.0,0.0,0
88744901,0.49995825,-0.7375959,0.7204153,0.85,0.0,0.0,0
88764607,0.46605584,-0.71505034,0.7379573,0.85,0.0,0.0,0
88784327,0.39359048,-0.6944192,0.7771139,0.85,0.0,0.0,0
88804004,0.33268544,-0.66468143,0.8194528,0.85,0.0,0.0,0
88828638,0.28376675,-0.63124883,0.84063214,0.85,0.0,0.0,0
88843455,0.26909414,-0.6193103,0.8576477,0.85,0.0,0.0,0
88863140,0.24646631,-0.62091845,0.87266463,0.85,0.0,0.0,0
88887765,0.18610957,-0.6277275,0.87266463,0.85,0.0,0.0,0
88902520,0.16635126,-0.63356996,0.87266463,0.85,0.0,0.0,0
88927148,0.18765569,-0.64124876,0.87266463,0.85,0.0,0.0,0
88946859,0.24627343,-0.64295375,0.87266463,0.85,0.0,0.0,0
88966552,0.28937846,-0.6330778,0.8613151,0.85,0.0,0.0,0
88986286,0.29156196,-0.60644156,0.86175376,0.85,0.0,0.0,0
89005998,0.25795484,-0.5696085,0.87266463,0.85,0.0,0.0,0
89025688,0.19777727,-0.5364939,0.87266463,0.85,0.0,0.0,0
89045506,0.111137025,-0.49829102,0.87266463,0.85,0.0,0.0,0
89065150,0.05926795,-0.46085593,0.87266463,0.85,0.0,0.0,0
89084779,0.035207327,-0.42387092,0.87266463,0.85,0.0,0.0,0
89104475,0.02408464,-0.41028988,0.87266463,0.85,0.0,0.0,0
89124181,0.023721987,-0.4282633,0.87266463,0.85,0.0,0.0,0
89143892,-0.0074037793,-0.43673658,0.87266463,0.85,0.0,0.0,0
89168501,-0.009581622,-0.45583704,0.87266463,0.85,0.0,0.0,0
89183299,0.026768247,-0.46846578,0.87266463,0.85,0.0,0.0,0
89202978,0.095232956,-0.48123378,0.87266463,0.85,0.0,0.0,0
89227612,0.13650529,-0.473695,0.87266463,0.85,0.0,0.0,0
89247333,0.10810901,-0.44170022,0.87266463,0.85,0.0,0.0,0
89262120,0.07134244,-0.41494796,0.87266463,0.85,0.0,0.0,0
89286755,-0.042237133,-0.37118822,0.87266463,0.85,0.0,0.0,0
89306417,-0.11987921,-0.32971925,0.87266463,0.85,0.0,0.0,0
89326121,-0.1522391,-0.28952622,0.87266463,0.85,0.0,0.0,0
89345832,-0.16139813,-0.26131985,0.87266463,0.85,0.0,0.0,0
89365523,-0.17024378,-0.26242074,0.87266463,0.85,0.0,0.0,0
89385253,-0.20249759,-0.27447256,0.87266463,0.85,0.0,0.0,0
89404936,-0.25277883,-0.27735555,0.87266463,0.85,0.0,0.0,0
89424632,-0.24806404,-0.29080105,0.87266463,0.85,0.0,0.0,0
89444419,-0.20305938,-0.29905078,0.87266463,0.85,0.0,0.0,0
89464063,-0.1420837,-0.3145702,0.87266463,0.85,0.0,0.0,0
89483743,-0.12333128,-0.31265935,0.87266463,0.85,0.0,0.0,0
89503453,-0.14044371,-0.2948405,0.87266463,0.85,0.0,0.0,0
89528067,-0.1938396,-0.27084142,0.87266463,0.85,0.0,0.0,0
89542848,-0.25281334,-0.26359236,0.87266463,0.85,0.0,0.0,0
89567564,-0.29647642,-0.26468223,0.87266463,0.85,0.0,0.0,0
89587221,-0.31384334,-0.25120452,0.87266463,0.85,0.0,0.0,0
89601983,-0.32069743,-0.24583974,0.87266463,0.85,0.0,0.0,0
89626621,-0.33043447,-0.2621557,0.87266463,0.85,0.0,0.0,0
89646309,-0.35420728,-0.2776081,0.87266463,0.85,0.0,0.0,0
89665992,-0.38142717,-0.28724706,0.87266463,0.85,0.0,0.0,0
89685711,-0.3511064,-0.29754668,0.87266463,0.85,0.0,0.0,0
89705394,-0.30041298,-0.29705286,0.87266463,0.85,0.0,0.0,0
89725099,-0.27608287,-0.28549185,0.87266463,0.85,0.0,0.0,0
89744805,-0.268764,-0.27379316,0.87266463,0.85,0.0,0.0,0
89764498,-0.2858652,-0.26701605,0.87266463,0.85,0.0,0.0,0
89784205,-0.32783374,-0.26674545,0.87266463,0.85,0.0,0.0,0
89808828,-0.4127731,-0.2697783,0.87266463,0.85,0.0,0.0,0
89823610,-0.41052762,-0.2731148,0.87266463,0.85,0.0,0.0,0
89843387,-0.43245032,-0.26070762,0.87266463,0.85,0.0,0.0,0
89867935,-0.44166708,-0.2614685,0.87266463,0.85,0.0,0.0,0
89882723,-0.454405,-0.27285677,0.87266463,0.85,0.0,0.0,0
89902432,-0.4785453,-0.2864909,0.87266463,0.85,0.0,0.0,0
89927041,-0.50478315,-0.2837804,0.87266463,0.85,0.0,0.0,0
89946752,-0.4678191,-0.28398508,0.87266463,0.85,0.0,0.0,0
89966463,-0.41199288,-0.28351322,0.87266463,0.85,0.0,0.0,0
89986146,-0.3913094,-0.27047527,0.87266463,0.85,0.0,0.0,0
90005861,-0.40140244,-0.256991,0.87266463,0.85,0.0,0.0,0
90025592,-0.4498375,-0.24263649,0.87266463,0.85,0.0,0.0,0
90045312,-0.5152244,-0.24029322,0.87266463,0.85,0.0,0.0,0
90064999,-0.5569678,-0.24575311,0.87266463,0.85,0.0,0.0,0
90084693,-0.5837419,-0.23861991,0.87266463,0.85,0.0,0.0,0
90104384,-0.5974851,-0.23129739,0.87266463,0.85,0.0,0.0,0
90124072,-0.61708164,-0.23619553,0.87266463,0.85,0.0,0.0,0
90148705,-0.6406992,-0.25178635,0.87266463,0.85,0.0,0.0,0
90163468,-0.6665517,-0.25540206,0.87266463,0.85,0.0,0.0,0
90183187,-0.66951966,-0.25027782,0.87266463,0.85,0.0,0.0,0
90207979,-0.631126,-0.23235305,0.87266463,0.85,0.0,0.0,0
90227770,-0.6058077,-0.2142463,0.87266463,0.85,0.0,0.0,0
90242363,-0.5897634,-0.20062014,0.87266463,0.85,0.0,0.0,0
90266910,-0.6073163,-0.18127488,0.87266463,0.85,0.0,0.0,0
90286649,-0.6555186,-0.16711292,0.87266463,0.85,0.0,0.0,0
90301403,-0.7135512,-0.1652253,0.87266463,0.85,0.0,0.0,0
90326017,-0.7522252,-0.16379678,0.87266463,0.85,0.0,0.0,0
90345731,-0.79803157,-0.15091163,0.87266463,0.85,0.0,0.0,0
90365426,-0.82362425,-0.15170656,0.87266463,0.85,0.0,0.0,0
90385127,-0.83526856,-0.17446487,0.87266463,0.85,0.0,0.0,0
90404833,-0.8326423,-0.20181142,0.87266463,0.85,0.0,0.0,0
90424556,-0.861068,-0.20661071,0.87266463,0.85,0.0,0.0,0
90444266,-0.82541144,-0.20445009,0.87266463,0.85,0.0,0.0,0
90463966,-0.76958835,-0.20070343,0.87266463,0.85,0.0,0.0,0
90483643,-0.7333368,-0.19642653,0.87266463,0.85,0.0,0.0,0
90508300,-0.7163057,-0.19841415,0.87266463,0.85,0.0,0.0,0
90523080,-0.7381682,-0.19227701,0.87266463,0.85,0.0,0.0,0
90547713,-0.82113093,-0.19378097,0.87266463,0.85,0.0,0.0,0
90567371,-0.87607086,-0.2016089,0.87266463,0.85,0.0,0.0,0
90582152,-0.87753856,-0.2082435,0.87266463,0.85,0.0,0.0,0
90606988,-0.95394206,-0.21133979,0.87266463,0.85,0.0,0.0,0
90626803,-0.97170216,-0.23831758,0.871574,0.85,0.0,0.0,0
90646244,-0.9936567,-0.27310047,0.87266463,0.85,0.0,0.0,0
90665888,-0.9893496,-0.3070383,0.87266463,0.85,0.0,0.0,0
90685585,-0.98086905,-0.31649417,0.87266463,0.85,0.0,0.0,0
90705292,-0.9256703,-0.3187538,0.86047024,0.85,0.0,0.0,0
90724993,-0.8794453,-0.31273848,0.8413794,0.85,0.0,0.0,0
90744713,-0.8648521,-0.30721766,0.828332,0.85,0.0,0.0,0
90764394,-0.844275,-0.31216946,0.8184611,0.85,0.0,0.0,0
90789026,-0.8467896,-0.3189344,0.82199776,0.85,0.0,0.0,0
90803807,-0.8932028,-0.33256948,0.8159368,0.85,0.0,0.0,0
90823538,-0.91656035,-0.34245405,0.80145967,0.85,0.0,0.0,0
90848131,-0.9402038,-0.33543906,0.769362,0.85,0.0,0.0,0
90862912,-0.9748081,-0.34466287,0.7378334,0.85,0.0,0.0,0
90882612,-0.9971837,-0.3711688,0.7142379,0.85,0.0,0.0,0
90907252,-1.0037565,-0.40647113,0.70266795,0.85,0.0,0.0,0
90926946,-1.0064033,-0.4198375,0.6953642,0.85,0.0,0.0,0
90946655,-0.9761975,-0.41665587,0.68143696,0.85,0.0,0.0,0
90966348,-0.9276758,-0.40065578,0.65349174,0.85,0.0,0.0,0
90986091,-0.8821171,-0.38511062,0.63315153,0.85,0.0,0.0,0
91005802,-0.8440064,-0.3795806,0.6121338,0.85,0.0,0.0,0
91025983,-0.86103284,-0.37057826,0.60281205,0.85,0.0,0.0,0
91045158,-0.9077013,-0.3684225,0.6060998,0.85,0.0,0.0,0
91064897,-0.9612318,-0.37404832,0.6091054,0.85,0.0,0.0,0
91084594,-0.99125767,-0.37797838,0.5947469,0.85,0.0,0.0,0
91104326,-1.0390908,-0.37869453,0.57107085,0.85,0.0,0.0,0
91124008,-1.0944735,-0.40662533,0.540787,0.85,0.0,0.0,0
91143692,-1.1251912,-0.45490605,0.52384657,0.85,0.0,0.0,0
91163370,-1.1193833,-0.5037582,0.51125276,0.85,0.0,0.0,0
91188001,-1.114052,-0.5325045,0.5082575,0.85,0.0,0.0,0
91207723,-1.0506107,-0.53607994,0.48762068,0.85,0.0,0.0,0
91222505,-0.99483395,-0.5302609,0.46702376,0.85,0.0,0.0,0
91247111,-0.96658,-0.52561986,0.437406,0.85,0.0,0.0,0
91266818,-0.9544381,-0.52895236,0.4278144,0.85,0.0,0.0,0
91281594,-0.9842001,-0.52888006,0.4358325,0.85,0.0,0.0,0
91306255,-1.0826532,-0.54584366,0.45156932,0.85,0.0,0.0,0
91325919,-1.1496584,-0.55757546,0.44861406,0.85,0.0,0.0,0
91345626,-1.217161,-0.56083536,0.42567825,0.85,0.0,0.0,0
91365319,-1.2217305,-0.57117426,0.3885365,0.85,0.0,0.0,0
91385032,-1.2217305,-0.6126424,0.37221327,0.85,0.0,0.0,0
91404886,-1.2217305,-0.6599877,0.4038571,0.85,0.0,0.0,0
91424718,-1.2217305,-0.68634456,0.4124037,0.85,0.0,0.0,0
91444129,-1.2217305,-0.69689155,0.4134063,0.85,0.0,0.0,0
91463847,-1.2217305,-0.7005575,0.38825968,0.85,0.0,0.0,0
91488465,-1.1517822,-0.6878975,0.36025494,0.85,0.0,0.0,0
91503242,-1.1404564,-0.68145,0.35801038,0.85,0.0,0.0,0
91522952,-1.113918,-0.68232477,0.35276204,0.85,0.0,0.0,0
91547605,-1.1337554,-0.6944812,0.3657943,0.85,0.0,0.0,0
91562368,-1.1603907,-0.70831907,0.3807709,0.85,0.0,0.0,0
91587079,-1.1749701,-0.71525455,0.39123738,0.85,0.0,0.0,0
91606748,-1.2176706,-0.7022735,0.40755266,0.85,0.0,0.0,0
91626411,-1.2217305,-0.69924945,0.44260582,0.85,0.0,0.0,0
91646080,-1.2217305,-0.7242716,0.4805196,0.85,0.0,0.0,0
91665789,-1.2217305,-0.75842464,0.5114433,0.85,0.0,0.0,0
91685484,-1.2217305,-0.78386533,0.52994186,0.85,0.0,0.0,0
91705199,-1.2217305,-0.79544824,0.5197751,0.85,0.0,0.0,0
91724897,-1.2217305,-0.7884856,0.5028937,0.85,0.0,0.0,0
91744597,-1.2217305,-0.78309995,0.4882941,0.85,0.0,0.0,0
91769219,-1.2217305,-0.78263074,0.48206797,0.85,0.0,0.0,0
91784010,-1.2217305,-0.7771378,0.4880364,0.85,0.0,0.0,0
91803851,-1.2217305,-0.7881184,0.4984929,0.85,0.0,0.0,0
91828354,-1.2217305,-0.8068424,0.5187982,0.85,0.0,0.0,0
91843105,-1.2217305,-0.803417,0.52126825,0.85,0.0,0.0,0
91862808,-1.2217305,-0.7922979,0.5369417,0.85,0.0,0.0,0
91887436,-1.2217305,-0.8063125,0.5987012,0.85,0.0,0.0,0
91907139,-1.2217305,-0.84823877,0.6174939,0.85,0.0,0.0,0
91921932,-1.2217305,-0.88916534,0.60795134,0.85,0.0,0.0,0
91946547,-1.2217305,-0.92675686,0.60917276,0.85,0.0,0.0,0
91966254,-1.2217305,-0.9415813,0.58010066,0.85,0.0,0.0,0
91985950,-1.2217305,-0.9481743,0.505883,0.85,0.0,0.0,0
92005683,-1.2217305,-0.9509722,0.46020424,0.85,0.0,0.0,0
92025379,-1.2214942,-0.9586109,0.41285855,0.85,0.0,0.0,0
92045047,-1.2217305,-0.9499006,0.4536004,0.85,0.0,0.0,0
92064763,-1.2217305,-0.951816,0.5171481,0.85,0.0,0.0,0
92084455,-1.2217305,-0.95120996,0.5551981,0.85,0.0,0.0,0
92104194,-1.2217305,-0.93635535,0.5853191,0.85,0.0,0.0,0
92123892,-1.2217305,-0.9334282,0.6060556,0.85,0.0,0.0,0
92143594,-1.2217305,-0.9674112,0.601347,0.85,0.0,0.0,0
92168194,-1.2217305,-1.0460576,0.5835896,0.85,0.0,0.0,0
92187897,-1.2217305,-1.0471976,0.5537961,0.85,0.0,0.0,0
92202999,-1.2217305,-1.0471976,0.5152288,0.85,0.0,0.0,0
92227327,-1.2217305,-1.0471976,0.4128711,0.85,0.0,0.0,0
92247014,-1.2217305,-1.0471976,0.34316915,0.85,0.0,0.0,0
92261781,-1.2217305,-1.0471976,0.30473235,0.85,0.0,0.0,0
92286410,-1.2075702,-1.0471976,0.28122395,0.85,0.0,0.0,0
92306116,-1.2217305,-1.0471976,0.31877953,0.85,0.0,0.0,0
92325813,-1.2217305,-1.0471976,0.36842334,0.85,0.0,0.0,0
92345518,-1.2217305,-1.0471976,0.3889924,0.85,0.0,0.0,0
92365214,-1.2217305,-1.0471976,0.41148892,0.85,0.0,0.0,0
92384929,-1.2217305,-1.0471976,0.4114786,0.85,0.0,0.0,0
92404657,-1.2217305,-1.0471976,0.395961,0.85,0.0,0.0,0
92424358,-1.2217305,-1.0471976,0.35465938,0.85,0.0,0.0,0
92444021,-1.2217305,-1.0471976,0.32245064,0.85,0.0,0.0,0
92468659,-1.1757288,-1.0471976,0.2350651,0.85,0.0,0.0,0
92483451,-1.1021281,-1.0471976,0.17387483,0.85,0.0,0.0,0
92503133,-1.0469266,-1.0471976,0.11790805,0.85,0.0,0.0,0
92527791,-0.9668088,-1.0471976,0.036771584,0.85,0.0,0.0,0
92542536,-0.9717253,-1.0471976,0.042992134,0.85,0.0,0.0,0
92567198,-0.9534428,-1.0471976,0.06947176,0.85,0.0,0.0,0
92586891,-0.9412045,-1.0471976,0.08199939,0.85,0.0,0.0,0
92606679,-0.9359719,-1.0471976,0.094266534,0.85,0.0,0.0,0
92626347,-0.9554793,-1.0471976,0.10105886,0.85,0.0,0.0,0
92645973,-0.9520404,-1.0471976,0.082416505,0.85,0.0,0.0,0
92665679,-0.91586095,-1.0471976,0.05393251,0.85,0.0,0.0,0
92685376,-0.8485329,-1.0471976,0.0078415545,0.85,0.0,0.0,0
92705080,-0.819599,-1.0471976,-0.026890168,0.85,0.0,0.0,0
92724786,-0.74716055,-1.0471976,-0.10053675,0.85,0.0,0.0,0
92744503,-0.70414406,-1.0471976,-0.16000733,0.85,0.0,0.0,0
92764219,-0.67169225,-1.0471976,-0.20189026,0.85,0.0,0.0,0
92783908,-0.602873,-1.0471976,-0.2578003,0.85,0.0,0.0,0
92808571,-0.6260684,-1.0471976,-0.23218732,0.85,0.0,0.0,0
92823292,-0.6414012,-1.0471976,-0.20181544,0.85,0.0,0.0,0
92842998,-0.62617964,-1.0471976,-0.18174657,0.85,0.0,0.0,0
92867627,-0.64023256,-1.0471976,-0.1528986,0.85,0.0,0.0,0
92887328,-0.65167385,-1.0471976,-0.14042585,0.85,0.0,0.0,0
92902113,-0.64991057,-1.0471976,-0.15444294,0.85,0.0,0.0,0
92926735,-0.6115112,-1.0471976,-0.19653063,0.85,0.0,0.0,0
92946434,-0.5804053,-1.0471976,-0.22203211,0.85,0.0,0.0,0
92966141,-0.50760573,-1.0471976,-0.2850351,0.85,0.0,0.0,0
92985865,-0.43980834,-1.0471976,-0.35654452,0.85,0.0,0.0,0
93005643,-0.39595637,-1.0471976,-0.40778452,0.85,0.0,0.0,0
93025253,-0.3799024,-1.0471976,-0.44462752,0.85,0.0,0.0,0
93044968,-0.37011248,-1.0471976,-0.4561535,0.85,0.0,0.0,0
93064653,-0.39365184,-1.0471976,-0.43003497,0.85,0.0,0.0,0
93084353,-0.41770935,-1.0471976,-0.38626662,0.85,0.0,0.0,0
93104057,-0.41626325,-1.0471976,-0.35537,0.85,0.0,0.0,0
93123795,-0.44222414,-1.0471976,-0.31667367,0.85,0.0,0.0,0
93143501,-0.47071823,-1.0471976,-0.29851437,0.85,0.0,0.0,0
93168108,-0.4728865,-1.0471976,-0.3198272,0.85,0.0,0.0,0
93182912,-0.43757412,-1.0471976,-0.35044307,0.85,0.0,0.0,0
93207536,-0.40294948,-1.0471976,-0.38215744,0.85,0.0,0.0,0
93227195,-0.34076598,-1.0471976,-0.44762275,0.85,0.0,0.0,0
93241974,-0.26492912,-1.0471976,-0.5069042,0.85,0.0,0.0,0
93266605,-0.2491497,-1.0471976,-0.55519104,0.85,0.0,0.0,0
93286294,-0.23439735,-1.0471976,-0.5678422,0.85,0.0,0.0,0
93306005,-0.2321182,-1.0471976,-0.55922645,0.85,0.0,0.0,0
93325748,-0.23655444,-1.041749,-0.5333688,0.85,0.0,0.0,0
93345405,-0.23615639,-1.0373169,-0.5097573,0.85,0.0,0.0,0
93365108,-0.2501318,-1.0138694,-0.48560178,0.85,0.0,0.0,0
93384896,-0.30502787,-0.9966499,-0.4528008,0.85,0.0,0.0,0
93404596,-0.3406439,-0.99835736,-0.4407639,0.85,0.0,0.0,0
93424231,-0.34535688,-1.0112742,-0.44836172,0.85,0.0,0.0,0
93448843,-0.3301724,-1.0242285,-0.46075043,0.85,0.0,0.0,0
93463622,-0.30934992,-1.0116991,-0.4810903,0.85,0.0,0.0,0
93483320,-0.2510071,-0.96048087,-0.53011197,0.85,0.0,0.0,0
93507955,-0.20956479,-0.8992075,-0.5749347,0.85,0.0,0.0,0
93522739,-0.22903325,-0.8728797,-0.5842498,0.85,0.0,0.0,0
93542434,-0.23168617,-0.8389649,-0.5826125,0.85,0.0,0.0,0
93567058,-0.2926723,-0.8373475,-0.5314055,0.85,0.0,0.0,0
93586843,-0.33922452,-0.8579392,-0.4852912,0.85,0.0,0.0,0
93606551,-0.3483871,-0.8596651,-0.45574313,0.85,0.0,0.0,0
93626222,-0.3767079,-0.8507137,-0.42408237,0.85,0.0,0.0,0
93645895,-0.41671848,-0.8508789,-0.40001547,0.85,0.0,0.0,0
93665590,-0.43974945,-0.8689127,-0.39961827,0.85,0.0,0.0,0
93685270,-0.4501634,-0.8979258,-0.40753463,0.85,0.0,0.0,0
93704979,-0.44036794,-0.9139369,-0.41492712,0.85,0.0,0.0,0
93724680,-0.40395865,-0.89213026,-0.44053984,0.85,0.0,0.0,0
93744401,-0.36571306,-0.8340478,-0.47232476,0.85,0.0,0.0,0
93764083,-0.34505507,-0.78328365,-0.49525034,0.85,0.0,0.0,0
93788976,-0.31823575,-0.72735125,-0.5338859,0.85,0.0,0.0,0
93803503,-0.30136788,-0.7015676,-0.54362327,0.85,0.0,0.0,0
93823191,-0.2947437,-0.6890833,-0.5424397,0.85,0.0,0.0,0
93847821,-0.25724894,-0.6937834,-0.53902763,0.85,0.0,0.0,0
93867518,-0.25774026,-0.6818095,-0.53243643,0.85,0.0,0.0,0
93882296,-0.2762255,-0.6777002,-0.5181722,0.85,0.0,0.0,0
93906923,-0.31764498,-0.6930679,-0.5170803,0.85,0.0,0.0,0
93926626,-0.3016291,-0.72431624,-0.5419118,0.85,0.0,0.0,0
93941454,-0.26899755,-0.7470477,-0.5694148,0.85,0.0,0.0,0
93966025,-0.22599469,-0.76465297,-0.60540104,0.85,0.0,0.0,0
93985763,-0.15897155,-0.7313654,-0.66393316,0.85,0.0,0.0,0
94005441,-0.08944148,-0.6733949,-0.7280428,0.85,0.0,0.0,0
94025140,-0.042990845,-0.6238085,-0.7693886,0.85,0.0,0.0,0
94044841,-0.012246907,-0.59050554,-0.78948253,0.85,0.0,0.0,0
94064546,-0.04393025,-0.59696215,-0.7617731,0.85,0.0,0.0,0
94084239,-0.084922,-0.6334111,-0.71622235,0.85,0.0,0.0,0
94103973,-0.122502446,-0.6704003,-0.67509586,0.85,0.0,0.0,0
94123653,-0.16698973,-0.6822827,-0.6422932,0.85,0.0,0.0,0
94148344,-0.20021176,-0.6993318,-0.6142425,0.85,0.0,0.0,0
94163057,-0.2062522,-0.7166103,-0.622887,0.85,0.0,0.0,0
94187949,-0.17305075,-0.74843144,-0.66297954,0.85,0.0,0.0,0
94207388,-0.12377033,-0.7592062,-0.7011371,0.85,0.0,0.0,0
94222193,-0.058902264,-0.7428856,-0.74569386,0.85,0.0,0.0,0
94246798,0.06294875,-0.65363705,-0.83774346,0.85,0.0,0.0,0
94266534,0.14224575,-0.5699082,-0.87266463,0.85,0.0,0.0,0
94286229,0.16706192,-0.50995916,-0.87266463,0.85,0.0,0.0,0
94305930,0.16401517,-0.48280808,-0.87266463,0.85,0.0,0.0,0
94325659,0.14714555,-0.4770208,-0.87266463,0.85,0.0,0.0,0
94345308,0.11936677,-0.5060535,-0.87266463,0.85,0.0,0.0,0
94365004,0.10748041,-0.5288899,-0.8485968,0.85,0.0,0.0,0
94384742,0.09316573,-0.5418,-0.8236867,0.85,0.0,0.0,0
94404415,0.08496628,-0.5587179,-0.81522924,0.85,0.0,0.0,0
94429042,0.11097044,-0.5897417,-0.84399116,0.85,0.0,0.0,0
94443813,0.1406981,-0.606537,-0.8687119,0.85,0.0,0.0,0
94463525,0.18368207,-0.6199578,-0.87266463,0.85,0.0,0.0,0
94488142,0.25117648,-0.5840991,-0.87266463,0.85,0.0,0.0,0
94502961,0.30084574,-0.54117465,-0.87266463,0.85,0.0,0.0,0
94522626,0.34245005,-0.48945335,-0.87266463,0.85,0.0,0.0,0
94547257,0.35944507,-0.4479038,-0.87266463,0.85,0.0,0.0,0
94567323,0.366932,-0.43504572,-0.87266463,0.85,0.0,0.0,0
94587158,0.36859888,-0.45270652,-0.87266463,0.85,0.0,0.0,0
94606354,0.3610187,-0.48402825,-0.87266463,0.85,0.0,0.0,0
94626062,0.35776526,-0.4968406,-0.85913503,0.85,0.0,0.0,0
94645761,0.34428087,-0.50836945,-0.8413803,0.85,0.0,0.0,0
94665460,0.3437299,-0.532408,-0.835882,0.85,0.0,0.0,0
94685172,0.35247177,-0.5715518,-0.843688,0.85,0.0,0.0,0
94704869,0.34823292,-0.61461693,-0.84422165,0.85,0.0,0.0,0
94724569,0.36075196,-0.6278895,-0.8619877,0.85,0.0,0.0,0
94744318,0.39356676,-0.59989285,-0.87266463,0.85,0.0,0.0,0
94764079,0.4269895,-0.55796474,-0.87266463,0.85,0.0,0.0,0
94783764,0.44236356,-0.5230785,-0.87266463,0.85,0.0,0.0,0
94803421,0.46243027,-0.50421184,-0.87266463,0.85,0.0,0.0,0
94828006,0.48166075,-0.5070821,-0.8715859,0.85,0.0,0.0,0
94847735,0.47869563,-0.5378947,-0.8657462,0.85,0.0,0.0,0
94862487,0.49795294,-0.55813676,-0.84426993,0.85,0.0,0.0,0
94887119,0.5017183,-0.57201236,-0.81729466,0.85,0.0,0.0,0
94906828,0.50797063,-0.5927791,-0.79360497,0.85,0.0,0.0,0
94921600,0.5263433,-0.62413216,-0.78271556,0.85,0.0,0.0,0
94946233,0.52962035,-0.68080235,-0.78967935,0.85,0.0,0.0,0
94966219,0.52738893,-0.7211901,-0.78790617,0.85,0.0,0.0,0
94985665,0.55329573,-0.7231391,-0.79752207,0.85,0.0,0.0,0
95005331,0.57852936,-0.6913848,-0.8073011,0.85,0.0,0.0,0
95025037,0.5963558,-0.66057456,-0.814916,0.85,0.0,0.0,0
95044735,0.59510386,-0.64572895,-0.8169769,0.85,0.0,0.0,0
95064446,0.59429103,-0.6414709,-0.8087743,0.85,0.0,0.0,0
95084143,0.5920543,-0.660951,-0.7985749,0.85,0.0,0.0,0
95103862,0.57797784,-0.6959297,-0.7839215,0.85,0.0,0.0,0
95128467,0.6071638,-0.71570736,-0.7313141,0.85,0.0,0.0,0
95143252,0.5782413,-0.7250087,-0.72266006,0.85,0.0,0.0,0
95162989,0.58760965,-0.7427292,-0.6961249,0.85,0.0,0.0,0
95187578,0.61972135,-0.788438,-0.67790204,0.85,0.0,0.0,0
95202365,0.5965598,-0.81927794,-0.6783485,0.85,0.0,0.0,0
95226987,0.60841084,-0.84099454,-0.6853946,0.85,0.0,0.0,0
95246691,0.6420883,-0.8138133,-0.7005602,0.85,0.0,0.0,0
95266389,0.6674994,-0.7707086,-0.7152059,0.85,0.0,0.0,0
95286085,0.69962263,-0.7329819,-0.7120797,0.85,0.0,0.0,0
95305842,0.6883742,-0.719992,-0.6979182,0.85,0.0,0.0,0
95325520,0.69484323,-0.7146959,-0.68514633,0.85,0.0,0.0,0
95345266,0.68382835,-0.7342926,-0.66565347,0.85,0.0,0.0,0
95365225,0.66650116,-0.7644794,-0.6334579,0.85,0.0,0.0,0
95384635,0.6639374,-0.7781804,-0.5994483,0.85,0.0,0.0,0
95409235,0.6501461,-0.8000222,-0.56749,0.85,0.0,0.0,0
95424011,0.6694567,-0.817404,-0.5497919,0.85,0.0,0.0,0
95443744,0.66244125,-0.85500926,-0.5592333,0.85,0.0,0.0,0
95468334,0.6750093,-0.8918739,-0.5533514,0.85,0.0,0.0,0
95483111,0.6991909,-0.8917781,-0.56241643,0.85,0.0,0.0,0
95502811,0.73424524,-0.8609933,-0.57749844,0.85,0.0,0.0,0
95527440,0.77658695,-0.81131136,-0.59114516,0.85,0.0,0.0,0
95547148,0.8001418,-0.77939415,-0.59766793,0.85,0.0,0.0,0
95561942,0.7896104,-0.76897347,-0.5838265,0.85,0.0,0.0,0
95586585,0.77500665,-0.7717091,-0.5625641,0.85,0.0,0.0,0
95606251,0.744282,-0.8003232,-0.5425233,0.85,0.0,0.0,0
95625956,0.7251704,-0.82380813,-0.5093012,0.85,0.0,0.0,0
95645685,0.715531,-0.83271104,-0.47647417,0.85,0.0,0.0,0
95665362,0.72541,-0.850729,-0.44344088,0.85,0.0,0.0,0
95685059,0.74717855,-0.88737714,-0.42470273,0.85,0.0,0.0,0
95704771,0.74497133,-0.92724097,-0.41603082,0.85,0.0,0.0,0
95724535,0.7608827,-0.95424294,-0.41012448,0.85,0.0,0.0,0
95744317,0.7949816,-0.94673306,-0.4279138,0.85,0.0,0.0,0
95764163,0.83441055,-0.9097967,-0.44114,0.85,0.0,0.0,0
95783598,0.8573045,-0.87697357,-0.45367175,0.85,0.0,0.0,0
95808239,0.8788125,-0.8566255,-0.43662035,0.85,0.0,0.0,0
95827929,0.8992019,-0.84900635,-0.42219782,0.85,0.0,0.0,0
95842676,0.875205,-0.8612074,-0.41683382,0.85,0.0,0.0,0
95867306,0.87155944,-0.8920749,-0.37260562,0.85,0.0,0.0,0
95887004,0.86841846,-0.9014763,-0.3374225,0.85,0.0,0.0,0
95901796,0.83269334,-0.9059264,-0.32448137,0.85,0.0,0.0,0
95926411,0.8959537,-0.91559595,-0.34876132,0.85,0.0,0.0,0
95946149,0.9173442,-0.9408708,-0.36660504,0.85,0.0,0.0,0
95965849,0.89990735,-0.9728987,-0.36915383,0.85,0.0,0.0,0
95985527,0.92222804,-0.9795102,-0.37935784,0.85,0.0,0.0,0
96005252,0.961591,-0.96028066,-0.39099097,0.85,0.0,0.0,0
96024928,0.99017614,-0.92585653,-0.39156973,0.85,0.0,0.0,0
96044632,1.0268121,-0.9041392,-0.40050834,0.85,0.0,0.0,0
96064351,1.0199836,-0.89261353,-0.39487135,0.85,0.0,0.0,0
96084028,1.0123014,-0.89018494,-0.3908131,0.85,0.0,0.0,0
96108672,0.9915069,-0.91850334,-0.39286047,0.85,0.0,0.0,0
96123566,0.97036076,-0.9314595,-0.38892686,0.85,0.0,0.0,0
96143265,0.9661146,-0.9295741,-0.38836586,0.85,0.0,0.0,0
96167858,0.9741747,-0.92833096,-0.39365894,0.85,0.0,0.0,0
96182536,1.0110703,-0.93934894,-0.41322747,0.85,0.0,0.0,0
96207181,1.0187451,-0.9827062,-0.42503795,0.85,0.0,0.0,0
96226906,1.0186294,-1.0110663,-0.42971626,0.85,0.0,0.0,0
96246613,1.0433661,-1.0131006,-0.44071108,0.85,0.0,0.0,0
96266309,1.063378,-0.98859847,-0.44530448,0.85,0.0,0.0,0
96286037,1.0860696,-0.96188766,-0.45005795,0.85,0.0,0.0,0
96305692,1.1070547,-0.94260925,-0.45541975,0.85,0.0,0.0,0
96325386,1.1087183,-0.9351321,-0.455417,0.85,0.0,0.0,0
96345137,1.0960498,-0.94816214,-0.45331407,0.85,0.0,0.0,0
96364854,1.0590905,-0.9806642,-0.4432065,0.85,0.0,0.0,0
96384501,1.036503,-0.9926537,-0.43586466,0.85,0.0,0.0,0
96404193,1.0222651,-0.9906712,-0.4295745,0.85,0.0,0.0,0
96423910,1.0226659,-1.0017401,-0.40183848,0.85,0.0,0.0,0
96448516,1.0566115,-1.0471976,-0.38055974,0.85,0.0,0.0,0
96463300,1.0305132,-1.0471976,-0.3606078,0.85,0.0,0.0,0
96483002,1.0264046,-1.0471976,-0.34655792,0.85,0.0,0.0,0
96507631,1.0686723,-1.0471976,-0.38865632,0.85,0.0,0.0,0
96527328,1.113824,-1.0471976,-0.42740732,0.85,0.0,0.0,0
96542364,1.137733,-1.047174,-0.444147,0.85,0.0,0.0,0
96566764,1.1452458,-1.0365504,-0.42356116,0.85,0.0,0.0,0
96586442,1.1503563,-1.0384871,-0.4193299,0.85,0.0,0.0,0
96606147,1.109789,-1.0471976,-0.38489917,0.85,0.0,0.0,0
96625848,1.0527339,-1.0471976,-0.32905242,0.85,0.0,0.0,0
96645544,1.0198315,-1.0471976,-0.2895978,0.85,0.0,0.0,0
96665249,1.0019884,-1.0471976,-0.25680146,0.85,0.0,0.0,0
96684951,1.0041928,-1.0471976,-0.23483412,0.85,0.0,0.0,0
96704657,0.99916285,-1.0471976,-0.22066177,0.85,0.0,0.0,0
96724354,0.9517438,-1.0471976,-0.17207906,0.85,0.0,0.0,0
96744086,0.9658569,-1.0471976,-0.19782913,0.85,0.0,0.0,0
96763783,1.0141684,-1.0471976,-0.23700552,0.85,0.0,0.0,0
96783505,1.0702227,-1.0471976,-0.27945516,0.85,0.0,0.0,0
96808116,1.1126568,-1.0471976,-0.3010658,0.85,0.0,0.0,0
96822891,1.0919652,-1.0471976,-0.2757331,0.85,0.0,0.0,0
96847519,1.0645959,-1.0471976,-0.24730662,0.85,0.0,0.0,0
96867199,1.0073286,-1.0471976,-0.19542085,0.85,0.0,0.0,0
96881971,0.94749933,-1.0471976,-0.14981659,0.85,0.0,0.0,0
96906609,0.8993908,-1.0471976,-0.10608889,0.85,0.0,0.0,0
96926300,0.87016493,-1.0471976,-0.07601751,0.85,0.0,0.0,0
96946085,0.8624981,-1.0471976,-0.049862713,0.85,0.0,0.0,0
96965715,0.84855324,-1.0471976,-0.024312045,0.85,0.0,0.0,0
96985416,0.82034475,-1.0471976,0.0024407809,0.85,0.0,0.0,0
97005124,0.8476934,-1.0471976,-0.023664616,0.85,0.0,0.0,0
97024818,0.89718646,-1.0471976,-0.065399505,0.85,0.0,0.0,0
97044515,0.93699825,-1.0471976,-0.092886515,0.85,0.0,0.0,0
97064222,0.9643355,-1.0471976,-0.102419205,0.85,0.0,0.0,0
97088848,0.9387219,-1.0471976,-0.06808021,0.85,0.0,0.0,0
97103631,0.913374,-1.0471976,-0.047744293,0.85,0.0,0.0,0
97123328,0.8589074,-1.0471976,-0.006265145,0.85,0.0,0.0,0
97147975,0.79196554,-1.0471976,0.044987902,0.85,0.0,0.0,0
97162740,0.75619566,-1.0471976,0.072712,0.85,0.0,0.0,0
97182438,0.72509205,-1.0471976,0.105724365,0.85,0.0,0.0,0
97207058,0.7129154,-1.0471976,0.135734,0.85,0.0,0.0,0
97226773,0.66126674,-1.0471976,0.18526052,0.85,0.0,0.0,0
97246508,0.6464503,-1.0471976,0.18964303,0.85,0.0,0.0,0
97266193,0.68154603,-1.0471976,0.15969601,0.85,0.0,0.0,0
97285897,0.7323214,-1.0471976,0.12291899,0.85,0.0,0.0,0
97305640,0.7686469,-1.0471976,0.103160486,0.85,0.0,0.0,0
97325302,0.77017295,-1.0471976,0.11014823,0.85,0.0,0.0,0
97345070,0.7527731,-1.0471976,0.12804668,0.85,0.0,0.0,0
97364687,0.6972457,-1.0471976,0.16600348,0.85,0.0,0.0,0
97384389,0.619445,-1.0471976,0.21875207,0.85,0.0,0.0,0
97404090,0.5731062,-1.0471976,0.254787,0.85,0.0,0.0,0
97428715,0.52302563,-1.0471976,0.2905238,0.85,0.0,0.0,0
97443484,0.51203984,-1.0471976,0.31050327,0.85,0.0,0.0,0
97463211,0.490012,-1.0471976,0.33186907,0.85,0.0,0.0,0
97487829,0.44340575,-1.0471976,0.37169316,0.85,0.0,0.0,0
97507525,0.45010638,-1.0471976,0.36122498,0.85,0.0,0.0,0
97522307,0.48099783,-1.0471976,0.33549827,0.85,0.0,0.0,0
97546962,0.55077505,-1.0471976,0.28677875,0.85,0.0,0.0,0
97566639,0.5958363,-1.0471976,0.26331472,0.85,0.0,0.0,0
97581432,0.5951983,-1.0471976,0.2675617,0.85,0.0,0.0,0
97606035,0.5454495,-1.0399579,0.3108243,0.85,0.0,0.0,0
97625752,0.4755411,-1.0285473,0.36394483,0.85,0.0,0.0,0
97645437,0.39276063,-1.0086055,0.4154223,0.85,0.0,0.0,0
97665155,0.33325773,-0.974652,0.45229462,0.85,0.0,0.0,0
97684847,0.29518685,-0.949553,0.476804,0.85,0.0,0.0,0
97704545,0.28461942,-0.9515856,0.49384382,0.85,0.0,0.0,0
97724323,0.26251423,-0.96592665,0.5148622,0.85,0.0,0.0,0
97744049,0.24908502,-0.9740504,0.52776027,0.85,0.0,0.0,0
97763658,0.2813755,-0.9756862,0.4968801,0.85,0.0,0.0,0
97788281,0.3702635,-0.9478252,0.4310738,0.85,0.0,0.0,0
97803086,0.40519965,-0.93124735,0.40430123,0.85,0.0,0.0,0
97827722,0.4555773,-0.90151155,0.38104382,0.85,0.0,0.0,0
97847410,0.4224326,-0.8751423,0.40922362,0.85,0.0,0.0,0
97862193,0.39318728,-0.8641514,0.43127692,0.85,0.0,0.0,0
97886794,0.30784822,-0.85539275,0.4814258,0.85,0.0,0.0,0
97906516,0.25383595,-0.8387827,0.51334196,0.85,0.0,0.0,0
97926222,0.21479715,-0.8136164,0.53950065,0.85,0.0,0.0,0
97945915,0.19943325,-0.80961174,0.56000507,0.85,0.0,0.0,0
97965599,0.17800131,-0.83030057,0.57851905,0.85,0.0,0.0,0
97985301,0.13688157,-0.8487282,0.6139421,0.85,0.0,0.0,0
98005004,0.1289806,-0.86357176,0.61604583,0.85,0.0,0.0,0
98024716,0.16748808,-0.8623748,0.5876034,0.85,0.0,0.0,0
98044402,0.22145657,-0.8485276,0.54787254,0.85,0.0,0.0,0
98069068,0.25043333,-0.83063096,0.5251462,0.85,0.0,0.0,0
98083814,0.25706872,-0.8129008,0.5311264,0.85,0.0,0.0,0
98103522,0.23883075,-0.79191184,0.5446101,0.85,0.0,0.0,0
98128434,0.18489204,-0.78216857,0.5832441,0.85,0.0,0.0,0
98142959,0.13087586,-0.77549165,0.61153173,0.85,0.0,0.0,0
98162616,0.10057359,-0.7609581,0.62073976,0.85,0.0,0.0,0
98187262,0.07582201,-0.7399402,0.6327253,0.85,0.0,0.0,0
98206960,0.06244373,-0.74742895,0.6472534,0.85,0.0,0.0,0
98226660,0.04408242,-0.77128106,0.6666664,0.85,0.0,0.0,0
98246361,0.008916079,-0.78275806,0.6961672,0.85,0.0,0.0,0
98266064,-0.0009039802,-0.7858372,0.69810545,0.85,0.0,0.0,0
98285793,0.038657587,-0.775218,0.6674643,0.85,0.0,0.0,0
98305496,0.07897318,-0.7603375,0.6429765,0.85,0.0,0.0,0
98325222,0.10627632,-0.74480313,0.63300526,0.85,0.0,0.0,0
98344937,0.09791907,-0.72410226,0.638676,0.85,0.0,0.0,0
98364571,0.08462534,-0.71831495,0.6489665,0.85,0.0,0.0,0
98384293,0.046725184,-0.71799004,0.6753605,0.85,0.0,0.0,0
98403976,-0.0018787704,-0.7112048,0.69629025,0.85,0.0,0.0,0
98423686,-0.027227234,-0.69834185,0.7028418,0.85,0.0,0.0,0
98443374,-0.045668438,-0.69032454,0.7076623,0.85,0.0,0.0,0
98468022,-0.06237367,-0.71573424,0.7222059,0.85,0.0,0.0,0
98487809,-0.08657845,-0.74034363,0.7439984,0.85,0.0,0.0,0
98502486,-0.11003679,-0.7476285,0.76233506,0.85,0.0,0.0,0
98527374,-0.10424142,-0.74782336,0.7503736,0.85,0.0,0.0,0
98546820,-0.041964505,-0.73883086,0.70911115,0.85,0.0,0.0,0
98561596,-0.011617537,-0.73179334,0.6860433,0.85,0.0,0.0,0
98586230,0.010024673,-0.7123521,0.6775795,0.85,0.0,0.0,0
98605921,-0.01135069,-0.69133836,0.6916426,0.85,0.0,0.0,0
98625629,-0.0554037,-0.68182784,0.71602654,0.85,0.0,0.0,0
98645326,-0.12703805,-0.67170984,0.7555245,0.85,0.0,0.0,0
98665024,-0.17206413,-0.65613085,0.7505379,0.85,0.0,0.0,0
98684733,-0.20054062,-0.6407707,0.7425308,0.85,0.0,0.0,0
98704442,-0.21175376,-0.64342964,0.74297464,0.85,0.0,0.0,0
98724161,-0.22301951,-0.6709433,0.7458147,0.85,0.0,0.0,0
98743851,-0.23240797,-0.7000944,0.7554908,0.85,0.0,0.0,0
98768469,-0.23701343,-0.71603405,0.7522722,0.85,0.0,0.0,0
98783239,-0.20086877,-0.71664834,0.73872876,0.85,0.0,0.0,0
98802943,-0.1341953,-0.7003364,0.7189056,0.85,0.0,0.0,0
98827573,-0.08093729,-0.682035,0.6813339,0.85,0.0,0.0,0
98842350,-0.06726334,-0.67294765,0.67224866,0.85,0.0,0.0,0
98867019,-0.09653285,-0.6527243,0.6948037,0.85,0.0,0.0,0
98886856,-0.15734017,-0.6445311,0.7154163,0.85,0.0,0.0,0
98906569,-0.21727367,-0.64274687,0.7214624,0.85,0.0,0.0,0
98926344,-0.26425162,-0.6315004,0.71362567,0.85,0.0,0.0,0
98945789,-0.29750302,-0.6232457,0.7049518,0.85,0.0,0.0,0
98965487,-0.32089394,-0.64184314,0.7043227,0.85,0.0,0.0,0
98985207,-0.3346141,-0.6799939,0.7083262,0.85,0.0,0.0,0
99004905,-0.34496015,-0.7120853,0.71126515,0.85,0.0,0.0,0
99024599,-0.3267227,-0.7303804,0.701752,0.85,0.0,0.0,0
99049227,-0.23965342,-0.7270836,0.6747052,0.85,0.0,0.0,0
99064004,-0.1954865,-0.71880466,0.6578285,0.85,0.0,0.0,0
99083703,-0.16528338,-0.7041248,0.6474094,0.85,0.0,0.0,0
99108365,-0.16804361,-0.6884741,0.6439726,0.85,0.0,0.0,0
99123139,-0.18664104,-0.6860232,0.6495619,0.85,0.0,0.0,0
99142813,-0.23975359,-0.6901633,0.6603604,0.85,0.0,0.0,0
99167436,-0.31144658,-0.6878469,0.6520497,0.85,0.0,0.0,0
99182222,-0.3261004,-0.676789,0.6543655,0.85,0.0,0.0,0
99201943,-0.3636173,-0.6722838,0.6411022,0.85,0.0,0.0,0
99226548,-0.39730847,-0.70100635,0.6322344,0.85,0.0,0.0,0
99246245,-0.40364552,-0.7358154,0.6385325,0.85,0.0,0.0,0
99265958,-0.4132075,-0.75762546,0.6396526,0.85,0.0,0.0,0
99285872,-0.36332658,-0.7692329,0.6237597,0.85,0.0,0.0,0
99305654,-0.29674873,-0.7572279,0.59881485,0.85,0.0,0.0,0
99325102,-0.24998906,-0.74221516,0.58080035,0.85,0.0,0.0,0
99344794,-0.22309057,-0.73159903,0.5656157,0.85,0.0,0.0,0
99364484,-0.22589776,-0.723285,0.5654833,0.85,0.0,0.0,0
99384201,-0.26679757,-0.72194237,0.57041156,0.85,0.0,0.0,0
99403863,-0.29874006,-0.73086154,0.5833215,0.85,0.0,0.0,0
99423566,-0.33259907,-0.73135686,0.5717025,0.85,0.0,0.0,0
99448198,-0.3665007,-0.7144441,0.56370324,0.85,0.0,0.0,0
99467901,-0.39093,-0.7282887,0.5531781,0.85,0.0,0.0,0
99482693,-0.40200296,-0.75424206,0.54916286,0.85,0.0,0.0,0
99507338,-0.41064367,-0.7925656,0.5507695,0.85,0.0,0.0,0
99527002,-0.408291,-0.8052122,0.5468909,0.85,0.0,0.0,0
99541782,-0.37813225,-0.80263656,0.532395,0.85,0.0,0.0,0
99566408,-0.30858132,-0.78026634,0.505787,0.85,0.0,0.0,0
99586121,-0.28059325,-0.76257235,0.4886237,0.85,0.0,0.0,0
99605824,-0.2608404,-0.7497151,0.4773413,0.85,0.0,0.0,0
99625525,-0.2790621,-0.7381112,0.47988018,0.85,0.0,0.0,0
99645225,-0.3201776,-0.7397836,0.4884331,0.85,0.0,0.0,0
99664969,-0.36271614,-0.74318457,0.49587923,0.85,0.0,0.0,0
99684693,-0.40144825,-0.7345172,0.48852974,0.85,0.0,0.0,0
99704619,-0.43760455,-0.7279379,0.47876635,0.85,0.0,0.0,0
99724046,-0.459139,-0.7480846,0.47121736,0.85,0.0,0.0,0
99748659,-0.48642796,-0.7945495,0.46013424,0.85,0.0,0.0,0
99763434,-0.4804265,-0.8173331,0.46385387,0.85,0.0,0.0,0
99783137,-0.46110508,-0.8295532,0.45626274,0.85,0.0,0.0,0
99807781,-0.38470972,-0.8157842,0.4202283,0.85,0.0,0.0,0
99822542,-0.33880055,-0.8024947,0.40113497,0.85,0.0,0.0,0
99847169,-0.31454477,-0.77903056,0.37908512,0.85,0.0,0.0,0
99866871,-0.31802905,-0.7653233,0.37711588,0.85,0.0,0.0,0
99886665,-0.3517623,-0.762205,0.38166764,0.85,0.0,0.0,0
99906338,-0.40167132,-0.77035344,0.39252573,0.85,0.0,0.0,0
99926001,-0.44169068,-0.7705726,0.39019877,0.85,0.0,0.0,0
99945719,-0.48738316,-0.76004434,0.37900448,0.85,0.0,0.0,0
99965375,-0.52239877,-0.7665506,0.3697338,0.85,0.0,0.0,0
99985081,-0.5359165,-0.80079174,0.36297765,0.85,0.0,0.0,0
100004795,-0.5329516,-0.8422436,0.36225918,0.85,0.0,0.0,0
100024493,-0.52770895,-0.87008154,0.3633981,0.85,0.0,0.0,0
100044187,-0.4837326,-0.8764393,0.34382847,0.85,0.0,0.0,0
100063912,-0.41559875,-0.8588816,0.31465498,0.85,0.0,0.0,0
100088567,-0.37054044,-0.83467263,0.28637052,0.85,0.0,0.0,0
100103573,-0.35359126,-0.82028997,0.2755808,0.85,0.0,0.0,0
100122997,-0.36289454,-0.8064975,0.2747883,0.85,0.0,0.0,0
100147631,-0.41258186,-0.81147015,0.28818613,0.85,0.0,0.0,0
100167333,-0.45458966,-0.82111067,0.2997047,0.85,0.0,0.0,0
100182107,-0.47739968,-0.81966233,0.2929629,0.85,0.0,0.0,0
100206744,-0.51846594,-0.8099656,0.28887284,0.85,0.0,0.0,0
100226448,-0.54811364,-0.8285354,0.27928588,0.85,0.0,0.0,0
100246146,-0.5618104,-0.8657646,0.27183232,0.85,0.0,0.0,0
100265848,-0.5480421,-0.9026221,0.26185572,0.85,0.0,0.0,0
100285575,-0.5332001,-0.9150558,0.25626355,0.85,0.0,0.0,0
100305280,-0.49124432,-0.90121204,0.22946522,0.85,0.0,0.0,0
100324951,-0.43429187,-0.87108195,0.20172639,0.85,0.0,0.0,0
100344660,-0.41227835,-0.8499434,0.17879577,0.85,0.0,0.0,0
100364382,-0.39122736,-0.8326955,0.16425085,0.85,0.0,0.0,0
100384083,-0.4078671,-0.8273156,0.16776344,0.85,0.0,0.0,0
100403798,-0.44113073,-0.83803004,0.17784216,0.85,0.0,0.0,0
100423504,-0.4644506,-0.84958386,0.18551114,0.85,0.0,0.0,0
100448083,-0.5068079,-0.8457469,0.17353126,0.85,0.0,0.0,0
100462867,-0.51453024,-0.84749836,0.1770669,0.85,0.0,0.0,0
100487587,-0.5571719,-0.8767316,0.20465913,0.85,0.0,0.0,0
100507288,-0.5601033,-0.9141508,0.21408385,0.85,0.0,0.0,0
100521977,-0.55373603,-0.93702036,0.21529235,0.85,0.0,0.0,0
100546600,-0.5278098,-0.9497089,0.20806146,0.85,0.0,0.0,0
100566299,-0.47515094,-0.92592895,0.18496016,0.85,0.0,0.0,0
100586004,-0.43531996,-0.89697415,0.16737261,0.85,0.0,0.0,0
100605705,-0.41805014,-0.8752183,0.15941979,0.85,0.0,0.0,0
100625408,-0.41467574,-0.859462,0.15600988,0.85,0.0,0.0,0
100645110,-0.44411892,-0.85971737,0.16710743,0.85,0.0,0.0,0
100664810,-0.48283753,-0.8737529,0.1823716,0.85,0.0,0.0,0
100684539,-0.5074845,-0.8775969,0.19337349,0.85,0.0,0.0,0
100704245,-0.5480129,-0.8688927,0.20939924,0.85,0.0,0.0,0
100728843,-0.5882787,-0.8787488,0.22730637,0.85,0.0,0.0,0
100743629,-0.57319164,-0.9066887,0.2254405,0.85,0.0,0.0,0
100763326,-0.5708855,-0.9448686,0.23101155,0.85,0.0,0.0,0
100787971,-0.54440826,-0.97417015,0.22374773,0.85,0.0,0.0,0
100802744,-0.5097222,-0.97265846,0.21031591,0.85,0.0,0.0,0
100822470,-0.44672477,-0.9462624,0.18462165,0.85,0.0,0.0,0
100847089,-0.3935611,-0.91334546,0.13680783,0.85,0.0,0.0,0
100866796,-0.36320874,-0.89282805,0.1083205,0.85,0.0,0.0,0
100886607,-0.38641578,-0.8795372,0.12584864,0.85,0.0,0.0,0
100906188,-0.43074393,-0.8801931,0.16212715,0.85,0.0,0.0,0
100925866,-0.47544602,-0.88852423,0.19480166,0.85,0.0,0.0,0
100945565,-0.49959207,-0.8839089,0.2033252,0.85,0.0,0.0,0
100965298,-0.5297221,-0.8785361,0.21466982,0.85,0.0,0.0,0
100984984,-0.5533782,-0.89927125,0.22671345,0.85,0.0,0.0,0
101004694,-0.5568809,-0.9424527,0.22199854,0.85,0.0,0.0,0
101024399,-0.5330261,-0.98683405,0.19635256,0.85,0.0,0.0,0
101044078,-0.501552,-1.0086267,0.17325425,0.85,0.0,0.0,0
101068732,-0.43095013,-0.9944984,0.10276088,0.85,0.0,0.0,0
101083512,-0.36830804,-0.97504723,0.053932704,0.85,0.0,0.0,0
101103215,-0.33731988,-0.9498343,0.016043242,0.85,0.0,0.0,0
101127821,-0.31597447,-0.92788917,-0.0011348779,0.85,0.0,0.0,0
101147517,-0.34466583,-0.92641664,0.02042227,0.85,0.0,0.0,0
101162292,-0.37840077,-0.93491507,0.046997733,0.85,0.0,0.0,0
101186924,-0.40696797,-0.9412621,0.07608026,0.85,0.0,0.0,0
101206625,-0.44040167,-0.92853963,0.09813328,0.85,0.0,0.0,0
101221412,-0.4597294,-0.9247604,0.11319475,0.85,0.0,0.0,0
101246024,-0.49352816,-0.9548957,0.11503321,0.85,0.0,0.0,0
101265731,-0.49131247,-0.9932223,0.10860564,0.85,0.0,0.0,0
101285509,-0.47955936,-1.0186749,0.09968966,0.85,0.0,0.0,0
101305133,-0.44741923,-1.020408,0.06625765,0.85,0.0,0.0,0
101324839,-0.38485858,-0.99103075,0.0068016527,0.85,0.0,0.0,0
101344536,-0.32884318,-0.9552048,-0.04600387,0.85,0.0,0.0,0
101364240,-0.30568892,-0.92393786,-0.06969493,0.85,0.0,0.0,0
101384002,-0.30483627,-0.90160286,-0.064176485,0.85,0.0,0.0,0
101403683,-0.35068884,-0.89829993,-0.028293485,0.85,0.0,0.0,0
101428296,-0.41669145,-0.9105272,0.028004497,0.85,0.0,0.0,0
101443103,-0.4270187,-0.9070354,0.03664124,0.85,0.0,0.0,0
101467695,-0.465398,-0.893627,0.0644585,0.85,0.0,0.0,0
101487411,-0.4889084,-0.9064863,0.073784135,0.85,0.0,0.0,0
101502174,-0.4885056,-0.93283784,0.0636946,0.85,0.0,0.0,0
101526790,-0.4514349,-0.98030466,0.0272068,0.85,0.0,0.0,0
101546486,-0.42896986,-0.99776775,0.011573646,0.85,0.0,0.0,0
101566218,-0.36830127,-0.9831732,-0.043258257,0.85,0.0,0.0,0
101585898,-0.29183656,-0.9454607,-0.11001782,0.85,0.0,0.0,0
101605591,-0.26041645,-0.9085314,-0.14872515,0.85,0.0,0.0,0
101625296,-0.23536068,-0.88084567,-0.17145446,0.85,0.0,0.0,0
101645002,-0.23718,-0.8664643,-0.16951028,0.85,0.0,0.0,0
101664723,-0.26034895,-0.87309015,-0.1482181,0.85,0.0,0.0,0
101684490,-0.28059787,-0.88910913,-0.12474989,0.85,0.0,0.0,0
101709026,-0.28467253,-0.8855182,-0.11343718,0.85,0.0,0.0,0
101723812,-0.29431963,-0.8856525,-0.10624482,0.85,0.0,0.0,0
101743518,-0.29724646,-0.9075666,-0.10585311,0.85,0.0,0.0,0
101768131,-0.27925903,-0.9583765,-0.12648796,0.85,0.0,0.0,0
101782913,-0.25872937,-0.9844367,-0.14240752,0.85,0.0,0.0,0
101802619,-0.22287774,-0.99640095,-0.16916636,0.85,0.0,0.0,0
101827248,-0.15781604,-0.96094364,-0.23790768,0.85,0.0,0.0,0
101847015,-0.11889629,-0.9204653,-0.2791403,0.85,0.0,0.0,0
101866744,-0.087208584,-0.8884096,-0.3047503,0.85,0.0,0.0,0
101886401,-0.072234765,-0.8657686,-0.31443828,0.85,0.0,0.0,0
101906097,-0.087414384,-0.86522484,-0.29223588,0.85,0.0,0.0,0
101925755,-0.123917036,-0.88560414,-0.2555127,0.85,0.0,0.0,0
101945450,-0.14306587,-0.89380944,-0.23288983,0.85,0.0,0.0,0
101965165,-0.16702932,-0.8889777,-0.20707302,0.85,0.0,0.0,0
101984870,-0.18875459,-0.8939625,-0.18875326,0.85,0.0,0.0,0
102004566,-0.18880849,-0.9236511,-0.1927304,0.85,0.0,0.0,0
102024262,-0.17966849,-0.9614697,-0.20002575,0.85,0.0,0.0,0
102048905,-0.1664555,-0.99106723,-0.21193674,0.85,0.0,0.0,0
102063725,-0.13109551,-0.98052114,-0.24561374,0.85,0.0,0.0,0
102083443,-0.075645395,-0.93976086,-0.29755995,0.85,0.0,0.0,0
102108030,-0.01893127,-0.8844528,-0.3496603,0.85,0.0,0.0,0
102127747,0.013587999,-0.8533448,-0.37488025,0.85,0.0,0.0,0
102142475,0.0044440837,-0.8432569,-0.36718476,0.85,0.0,0.0,0
102167103,-0.03265576,-0.8560489,-0.32981992,0.85,0.0,0.0,0
102186815,-0.07162136,-0.87844384,-0.29196724,0.85,0.0,0.0,0
102201592,-0.0809108,-0.8795308,-0.27730563,0.85,0.0,0.0,0
102226213,-0.104214974,-0.8761474,-0.24635337,0.85,0.0,0.0,0
102245921,-0.10790691,-0.8930217,-0.24079342,0.85,0.0,0.0,0
102265654,-0.086106576,-0.9286766,-0.25506327,0.85,0.0,0.0,0
102285348,-0.06568316,-0.96143794,-0.26949984,0.85,0.0,0.0,0
102305024,-0.034280937,-0.9724544,-0.2946838,0.85,0.0,0.0,0
102324727,0.021410527,-0.94474113,-0.34536842,0.85,0.0,0.0,0
102344431,0.08095303,-0.8930136,-0.39146557,0.85,0.0,0.0,0
102364125,0.108556464,-0.8513027,-0.4110635,0.85,0.0,0.0,0
102383852,0.1195965,-0.82396615,-0.41176772,0.85,0.0,0.0,0
102408519,0.11033797,-0.818858,-0.39261302,0.85,0.0,0.0,0
102423265,0.07692899,-0.832316,-0.38301587,0.85,0.0,0.0,0
102447993,0.049511645,-0.8530711,-0.34689593,0.85,0.0,0.0,0
102467871,0.028508764,-0.85525775,-0.31622705,0.85,0.0,0.0,0
102482377,0.0069102068,-0.85890377,-0.30003294,0.85,0.0,0.0,0
102506974,0.023140436,-0.8942505,-0.29855722,0.85,0.0,0.0,0
102526681,0.039242886,-0.9343668,-0.30766612,0.85,0.0,0.0,0
102546378,0.04327747,-0.96568716,-0.3131546,0.85,0.0,0.0,0
102566070,0.07247682,-0.9663032,-0.33782694,0.85,0.0,0.0,0
102585779,0.11403191,-0.9341356,-0.3599819,0.85,0.0,0.0,0
102605485,0.15394758,-0.8950394,-0.3804528,0.85,0.0,0.0,0
102625184,0.18844736,-0.86491007,-0.38753578,0.85,0.0,0.0,0
102644888,0.19357751,-0.849098,-0.38135502,0.85,0.0,0.0,0
102664618,0.18149161,-0.8549793,-0.36515242,0.85,0.0,0.0,0
102689260,0.13288295,-0.88937855,-0.33727714,0.85,0.0,0.0,0
102704001,0.11999565,-0.89613354,-0.31929538,0.85,0.0,0.0,0
102723694,0.0773586,-0.8988361,-0.30453056,0.85,0.0,0.0,0
102748322,0.055874955,-0.9216508,-0.2772633,0.85,0.0,0.0,0
102763095,0.06256971,-0.9534074,-0.26416588,0.85,0.0,0.0,0
102782806,0.04755661,-0.9986993,-0.25792924,0.85,0.0,0.0,0
102807445,0.040999323,-1.0355904,-0.25115147,0.85,0.0,0.0,0
102827139,0.06768599,-1.0244203,-0.27449027,0.85,0.0,0.0,0
102846947,0.1000382,-0.98777294,-0.2923974,0.85,0.0,0.0,0
102866841,0.11352518,-0.9560749,-0.30285075,0.85,0.0,0.0,0
102886269,0.1101525,-0.93233275,-0.2947575,0.85,0.0,0.0,0
102905968,0.09770412,-0.92147815,-0.2865992,0.85,0.0,0.0,0
102925697,0.065570325,-0.93256295,-0.26491246,0.85,0.0,0.0,0
102945345,0.012218154,-0.94732636,-0.2243719,0.85,0.0,0.0,0
102965041,-0.008790274,-0.9397022,-0.19668476,0.85,0.0,0.0,0
102984747,-0.026160281,-0.9259724,-0.17356099,0.85,0.0,0.0,0
103004457,-0.026025688,-0.9336832,-0.16448624,0.85,0.0,0.0,0
103024164,-0.0099761365,-0.9631662,-0.16640612,0.85,0.0,0.0,0
103043851,-0.0048942138,-0.9921681,-0.16824058,0.85,0.0,0.0,0
103063592,0.019443491,-0.99913466,-0.18816116,0.85,0.0,0.0,0
103088187,0.07026413,-0.9615227,-0.22681183,0.85,0.0,0.0,0
103107891,0.11576672,-0.9182143,-0.24691929,0.85,0.0,0.0,0
103122668,0.14165525,-0.8909451,-0.25373295,0.85,0.0,0.0,0
103147288,0.16155976,-0.86387724,-0.2506721,0.85,0.0,0.0,0
103166994,0.15749922,-0.8624206,-0.23799978,0.85,0.0,0.0,0
103181779,0.13507424,-0.87542945,-0.23179793,0.85,0.0,0.0,0
103206394,0.12517731,-0.89426935,-0.20707211,0.85,0.0,0.0,0
103226102,0.12008644,-0.8935756,-0.1879509,0.85,0.0,0.0,0
103245950,0.12562554,-0.9014535,-0.17069422,0.85,0.0,0.0,0
103265767,0.13537987,-0.93464017,-0.16691317,0.85,0.0,0.0,0
103285207,0.14036915,-0.97818935,-0.16284347,0.85,0.0,0.0,0
103304953,0.1255925,-1.0112668,-0.16010192,0.85,0.0,0.0,0
103324605,0.13709155,-1.0196856,-0.16735628,0.85,0.0,0.0,0
103344333,0.1658159,-0.991008,-0.18493973,0.85,0.0,0.0,0
103364007,0.2071777,-0.9539487,-0.19729546,0.85,0.0,0.0,0
103388656,0.22519694,-0.92155,-0.19972283,0.85,0.0,0.0,0
103403424,0.22723702,-0.9116225,-0.19388804,0.85,0.0,0.0,0
103423165,0.22046633,-0.9158141,-0.1829623,0.85,0.0,0.0,0
103447820,0.17984632,-0.9406431,-0.16378643,0.85,0.0,0.0,0
103462581,0.18270758,-0.944214,-0.14971642,0.85,0.0,0.0,0
103487170,0.17848906,-0.9391191,-0.13276213,0.85,0.0,0.0,0
103506866,0.1850738,-0.95363325,-0.120990545,0.85,0.0,0.0,0
103526558,0.20558313,-0.99233377,-0.109650135,0.85,0.0,0.0,0
103546262,0.19283593,-1.030918,-0.099262804,0.85,0.0,0.0,0
103565967,0.21005988,-1.0471976,-0.1049206,0.85,0.0,0.0,0
103585676,0.24211957,-1.0378934,-0.122699514,0.85,0.0,0.0,0
103605369,0.27774996,-1.0047145,-0.13988048,0.85,0.0,0.0,0
103625083,0.30202034,-0.9718072,-0.14739643,0.85,0.0,0.0,0
103645033,0.30253023,-0.9497036,-0.1424006,0.85,0.0,0.0,0
103664745,0.29195037,-0.94140726,-0.12738717,0.85,0.0,0.0,0
103684178,0.25814137,-0.95290864,-0.105305254,0.85,0.0,0.0,0
103703902,0.20487143,-0.9687198,-0.07959328,0.85,0.0,0.0,0
103728508,0.1882056,-0.96241796,-0.07506421,0.85,0.0,0.0,0
103743286,0.17748217,-0.9590047,-0.06992436,0.85,0.0,0.0,0
103762990,0.18953218,-0.97524905,-0.076676354,0.85,0.0,0.0,0
103787620,0.22126216,-1.0197719,-0.09284572,0.85,0.0,0.0,0
103807314,0.21836567,-1.0471976,-0.091861434,0.85,0.0,0.0,0
103822087,0.24815525,-1.0471976,-0.10518853,0.85,0.0,0.0,0
103846769,0.30459023,-1.022741,-0.1260307,0.85,0.0,0.0,0
103866497,0.34980354,-0.98465365,-0.14124015,0.85,0.0,0.0,0
103886157,0.3812884,-0.9547842,-0.15139031,0.85,0.0,0.0,0
103905860,0.37356988,-0.9357752,-0.14633504,0.85,0.0,0.0,0
103925570,0.36439848,-0.93299246,-0.14510663,0.85,0.0,0.0,0
103945248,0.32407752,-0.9479933,-0.1310556,0.85,0.0,0.0,0
103964935,0.28461164,-0.9549004,-0.11738435,0.85,0.0,0.0,0
103984634,0.26937696,-0.94707334,-0.11250105,0.85,0.0,0.0,0
104004337,0.26899415,-0.9477042,-0.09316542,0.85,0.0,0.0,0
104024063,0.2548366,-0.9750959,-0.083073646,0.85,0.0,0.0,0
104043994,0.26228118,-1.013549,-0.07537727,0.85,0.0,0.0,0
104063469,0.2591829,-1.0426854,-0.06476229,0.85,0.0,0.0,0
104088072,0.2929279,-1.0403371,-0.098515995,0.85,0.0,0.0,0
104102851,0.3283628,-1.0161839,-0.12690207,0.85,0.0,0.0,0
104127507,0.36908704,-0.97498584,-0.15345523,0.85,0.0,0.0,0
104147176,0.38739604,-0.9513418,-0.16035579,0.85,0.0,0.0,0
104161950,0.40068555,-0.9412723,-0.16571978,0.85,0.0,0.0,0
104186626,0.37589115,-0.9523119,-0.14136758,0.85,0.0,0.0,0
104206283,0.32902706,-0.9727405,-0.10138252,0.85,0.0,0.0,0
104225988,0.31185576,-0.97314346,-0.079791196,0.85,0.0,0.0,0
104245722,0.30091584,-0.9691787,-0.06269043,0.85,0.0,0.0,0
104265397,0.2948012,-0.9829694,-0.044398934,0.85,0.0,0.0,0
104285097,0.30369332,-1.0209129,-0.032640357,0.85,0.0,0.0,0
104304804,0.26679373,-1.0471976,0.003505748,0.85,0.0,0.0,0
104324497,0.26391685,-1.0471976,0.0057115704,0.85,0.0,0.0,0
104344232,0.28187236,-1.0471976,-0.012312238,0.85,0.0,0.0,0
104368848,0.32363382,-1.0241128,-0.044047847,0.85,0.0,0.0,0
104383641,0.338493,-1.0037464,-0.054970454,0.85,0.0,0.0,0
104403349,0.33605793,-0.9842522,-0.044130497,0.85,0.0,0.0,0
104427951,0.33967018,-0.98133534,-0.033389796,0.85,0.0,0.0,0
104442787,0.30807582,-0.9942445,-0.00843532,0.85,0.0,0.0,0
104462436,0.24516067,-1.0105746,0.039666902,0.85,0.0,0.0,0
104487102,0.21623959,-1.0030237,0.07122778,0.85,0.0,0.0,0
104506749,0.20152968,-0.9963926,0.09072905,0.85,0.0,0.0,0
104526442,0.19531155,-1.0170838,0.10909873,0.85,0.0,0.0,0
104546149,0.18351594,-1.0471976,0.12044958,0.85,0.0,0.0,0
104565844,0.15479577,-1.0471976,0.13637611,0.85,0.0,0.0,0
104585551,0.18461297,-1.0471976,0.11391998,0.85,0.0,0.0,0
104605249,0.2317022,-1.0471976,0.07570817,0.85,0.0,0.0,0
104624974,0.28670987,-1.0218624,0.035259835,0.85,0.0,0.0,0
104644694,0.31780028,-0.9920397,0.016454998,0.85,0.0,0.0,0
104664375,0.3038258,-0.97151685,0.02905244,0.85,0.0,0.0,0
104684064,0.26299727,-0.966807,0.062100682,0.85,0.0,0.0,0
104708692,0.19447209,-0.97884226,0.12405304,0.85,0.0,0.0,0
104723465,0.15673551,-0.9756698,0.15390532,0.85,0.0,0.0,0
104743165,0.11825493,-0.96066815,0.1805504,0.85,0.0,0.0,0
104767812,0.10079038,-0.9628091,0.1948589,0.85,0.0,0.0,0
104787496,0.11972455,-0.99562246,0.19417585,0.85,0.0,0.0,0
104802280,0.11903234,-1.0237018,0.19705312,0.85,0.0,0.0,0
104826982,0.12488745,-1.0471976,0.1976197,0.85,0.0,0.0,0
104846687,0.16677436,-1.0471976,0.1583268,0.85,0.0,0.0,0
104861412,0.21585752,-1.0278589,0.11952642,0.85,0.0,0.0,0
104886029,0.273407,-0.98215586,0.07195045,0.85,0.0,0.0,0
104905745,0.30236503,-0.9524459,0.05887263,0.85,0.0,0.0,0
104925446,0.29235598,-0.93124783,0.07401737,0.85,0.0,0.0,0
104945140,0.2565678,-0.9273518,0.107574016,0.85,0.0,0.0,0
104964819,0.18458892,-0.9323592,0.16237132,0.85,0.0,0.0,0
104984521,0.1413684,-0.92777276,0.19438238,0.85,0.0,0.0,0
105004231,0.12309492,-0.92199683,0.2073444,0.85,0.0,0.0,0
105023968,0.12386396,-0.9427471,0.20867257,0.85,0.0,0.0,0
105043665,0.14443395,-0.98846453,0.20581293,0.85,0.0,0.0,0
105068252,0.13572398,-1.0381461,0.2146901,0.8494737,0.0,0.0,0
105083028,0.14906256,-1.0471976,0.2037306,0.8494737,0.0,0.0,0
105107665,0.20720463,-1.0471976,0.15433003,0.8479785,0.0,0.0,0
105127353,0.26763135,-1.025414,0.10820969,0.84857154,0.0,0.0,0
105142156,0.2922242,-1.0056841,0.08943489,0.84857154,0.0,0.0,0
105166763,0.29929635,-0.97579527,0.09723693,0.85,0.0,0.0,0
105186470,0.2719139,-0.9620261,0.122423515,0.85,0.0,0.0,0
105206175,0.21065521,-0.9620826,0.16872236,0.85,0.0,0.0,0
105225946,0.13919875,-0.95903885,0.21985489,0.85,0.0,0.0,0
105245590,0.103488356,-0.9432893,0.2451535,0.85,0.0,0.0,0
105265279,0.09372407,-0.9372227,0.25574374,0.85,0.0,0.0,0
105284980,0.090444736,-0.95697075,0.26698548,0.85,0.0,0.0,0
105304686,0.08023386,-0.9944454,0.2778165,0.8484934,0.0,0.0,0
105324385,0.05339989,-1.0223436,0.29154354,0.8468598,0.0,0.0,0
105349051,0.093441,-1.0356859,0.25991794,0.8468598,0.0,0.0,0
105363818,0.14009242,-1.0207466,0.22765043,0.84660715,0.0,0.0,0
105383525,0.19028871,-0.9988221,0.18656504,0.84734255,0.0,0.0,0
105408174,0.2351657,-0.97692806,0.15716337,0.8486879,0.0,0.0,0
105422933,0.24734846,-0.9693697,0.15277393,0.85,0.0,0.0,0
105442636,0.24068609,-0.971732,0.1635747,0.85,0.0,0.0,0
105467218,0.19704567,-0.9917546,0.19639055,0.85,0.0,0.0,0
105486936,0.17515187,-0.99278367,0.21078567,0.85,0.0,0.0,0
105506638,0.161733,-0.98279226,0.21823592,0.85,0.0,0.0,0
105526325,0.1714355,-0.98736316,0.21478122,0.85,0.0,0.0,0
105546040,0.19926536,-1.020681,0.20671748,0.85,0.0,0.0,0
105565734,0.19610594,-1.0471976,0.21178907,0.8479056,0.0,0.0,0
105585435,0.21960151,-1.0471976,0.19589026,0.8457088,0.0,0.0,0
105605433,0.27384767,-1.0471976,0.14505583,0.84430003,0.0,0.0,0
105624925,0.34012955,-1.0471976,0.09142181,0.84395975,0.0,0.0,0
105644548,0.3963392,-1.0202205,0.043522615,0.8445142,0.0,0.0,0
105664249,0.4283238,-0.9900405,0.024175562,0.8456209,0.0,0.0,0
105683947,0.3974868,-0.97207487,0.056282207,0.84712267,0.0,0.0,0
105703657,0.3524357,-0.9688377,0.098771535,0.8487026,0.0,0.0,0
105723353,0.27389005,-0.9717742,0.15615277,0.8499516,0.0,0.0,0
105747973,0.20540622,-0.9531724,0.20876707,0.85,0.0,0.0,0
105767711,0.18415065,-0.9355749,0.22461523,0.8486783,0.0,0.0,0
105782458,0.17594904,-0.93749434,0.23063557,0.8486783,0.0,0.0,0
105807085,0.1856296,-0.9728986,0.2332816,0.84422284,0.0,0.0,0
105826828,0.16841267,-0.9968114,0.2469629,0.8420262,0.0,0.0,0
105841571,0.1903496,-1.0090996,0.22925717,0.8420262,0.0,0.0,0
105866189,0.2665008,-0.99445623,0.16054872,0.8403878,0.0,0.0,0
105885900,0.3443595,-0.9627362,0.10037253,0.8411674,0.0,0.0,0
105905601,0.40789956,-0.9357246,0.05509062,0.8425885,0.0,0.0,0
105925294,0.42271104,-0.9100132,0.051111802,0.8443584,0.0,0.0,0
105945028,0.4245697,-0.8972585,0.054474074,0.8462497,0.0,0.0,0
105964700,0.3823029,-0.90035325,0.08728563,0.84786445,0.0,0.0,0
105984409,0.31267467,-0.90488106,0.14169236,0.84878445,0.0,0.0,0
106004141,0.2687118,-0.89368623,0.17850302,0.8487561,0.0,0.0,0
106023934,0.23409909,-0.8824652,0.20456739,0.8476228,0.0,0.0,0
106048482,0.19779801,-0.90288126,0.23269941,0.8476228,0.0,0.0,0
106063236,0.19188988,-0.9279372,0.24537556,0.84475255,0.0,0.0,0
106082915,0.15750402,-0.9523068,0.2760234,0.84292436,0.0,0.0,0
106107539,0.16427714,-0.96259123,0.26758614,0.8415963,0.0,0.0,0
106122317,0.18430242,-0.94572604,0.2478539,0.8410881,0.0,0.0,0
106146964,0.22913885,-0.90584725,0.21418999,0.84164315,0.0,0.0,0
106166656,0.253769,-0.8826047,0.20002073,0.8429878,0.0,0.0,0
106186355,0.2390778,-0.8610481,0.21615416,0.8447439,0.0,0.0,0
106206112,0.19746746,-0.8506477,0.25270048,0.8466876,0.0,0.0,0
106225795,0.12542833,-0.85237485,0.310848,0.84858227,0.0,0.0,0
106245466,0.042586844,-0.845173,0.36700636,0.84994847,0.0,0.0,0
106265161,-0.020820556,-0.8271715,0.40731958,0.85,0.0,0.0,0
106284865,-0.06819417,-0.8203331,0.43643636,0.8498741,0.0,0.0,0
106304580,-0.09134544,-0.8430099,0.44943294,0.84836555,0.0,0.0,0
106329214,-0.119073965,-0.88752186,0.46356314,0.8447271,0.0,0.0,0
106343986,-0.1287371,-0.9055549,0.46932378,0.8447271,0.0,0.0,0
106363674,-0.111067176,-0.91673136,0.45976743,0.84346974,0.0,0.0,0
106388467,-0.060374107,-0.8948478,0.43091112,0.8437875,0.0,0.0,0
106403124,-0.03322488,-0.8810631,0.40986204,0.8437875,0.0,0.0,0
106422859,-0.0056983004,-0.86541396,0.39193124,0.84509826,0.0,0.0,0
106447402,-0.0143497065,-0.847082,0.40434447,0.8487522,0.0,0.0,0
106467143,-0.061407294,-0.8416018,0.43703598,0.85,0.0,0.0,0
106481919,-0.1023538,-0.84368145,0.45693156,0.85,0.0,0.0,0
106506545,-0.16660528,-0.8362852,0.45564637,0.85,0.0,0.0,0
106526231,-0.20653598,-0.8201133,0.45565078,0.85,0.0,0.0,0
106545912,-0.23104212,-0.8216903,0.4607637,0.8493904,0.0,0.0,0
106565613,-0.24357568,-0.8539753,0.46156487,0.84720504,0.0,0.0,0
106585322,-0.24136548,-0.8943622,0.4657355,0.845148,0.0,0.0,0
106605048,-0.23400794,-0.92037356,0.45947957,0.8436117,0.0,0.0,0
106624768,-0.17365177,-0.92795944,0.4298192,0.8429711,0.0,0.0,0
106644427,-0.09272579,-0.909011,0.3979686,0.8432443,0.0,0.0,0
106664123,-0.03052067,-0.8855671,0.3567315,0.8432443,0.0,0.0,0
106683829,0.008818761,-0.8667034,0.3256085,0.84493303,0.0,0.0,0
106703545,-0.019335147,-0.8433505,0.35151622,0.8463455,0.0,0.0,0
106728166,-0.10874577,-0.82481813,0.39985442,0.84775627,0.0,0.0,0
106747867,-0.18049198,-0.816274,0.4161061,0.8487215,0.0,0.0,0
106762651,-0.22650406,-0.79918814,0.41462743,0.8489076,0.0,0.0,0
106787496,-0.27445227,-0.771115,0.4127722,0.84803414,0.0,0.0,0
106807426,-0.28494388,-0.77731466,0.41026548,0.84618837,0.0,0.0,0
106821781,-0.28992504,-0.80069965,0.40381926,0.84394544,0.0,0.0,0
106846373,-0.26592296,-0.8367011,0.40101862,0.8417544,0.0,0.0,0
106866092,-0.22477767,-0.8500613,0.3807114,0.8397912,0.0,0.0,0
106885780,-0.1359366,-0.84124124,0.34608814,0.8388895,0.0,0.0,0
106905485,-0.04803292,-0.81816244,0.31156644,0.8392303,0.0,0.0,0
106925187,0.012774288,-0.79708046,0.26182234,0.8404617,0.0,0.0,0
106944900,0.039237175,-0.7787877,0.24380843,0.842281,0.0,0.0,0
106964582,0.02515724,-0.76707906,0.25840667,0.8445243,0.0,0.0,0
106984306,-0.013008597,-0.76614106,0.28735232,0.8467167,0.0,0.0,0
107004036,-0.060727853,-0.7678504,0.3124599,0.8485706,0.0,0.0,0
107028655,-0.10661904,-0.7572491,0.31425348,0.84958124,0.0,0.0,0
107043436,-0.11936036,-0.7553464,0.31820714,0.84958124,0.0,0.0,0
107063131,-0.12938887,-0.77806306,0.32095906,0.8486084,0.0,0.0,0
107087746,-0.1238596,-0.8309798,0.32046616,0.84564507,0.0,0.0,0
107102502,-0.115266174,-0.8581256,0.32023323,0.84564507,0.0,0.0,0
107127134,-0.06345211,-0.8803511,0.29591918,0.8445279,0.0,0.0,0
107146837,0.01524822,-0.8671557,0.2366919,0.8454219,0.0,0.0,0
107166535,0.08855518,-0.84829944,0.17983858,0.8471143,0.0,0.0,0
107186315,0.13870655,-0.8349079,0.14253168,0.84920996,0.0,0.0,0
107206199,0.14810023,-0.82406557,0.13650623,0.85,0.0,0.0,0
107225652,0.13898958,-0.8251767,0.14896502,0.85,0.0,0.0,0
107245335,0.09067593,-0.8396658,0.18500948,0.85,0.0,0.0,0
107265053,0.051905617,-0.843673,0.2112364,0.85,0.0,0.0,0
107284741,0.029163102,-0.8360448,0.22471772,0.85,0.0,0.0,0
107304462,0.021939663,-0.83905095,0.23752713,0.85,0.0,0.0,0
107324158,0.012607412,-0.86995536,0.24553432,0.85,0.0,0.0,0
107343871,-0.005954753,-0.9075321,0.26345652,0.85,0.0,0.0,0
107368483,-0.02502075,-0.9362368,0.2786428,0.8490502,0.0,0.0,0
107383262,-0.0022178208,-0.9363369,0.25300267,0.84791756,0.0,0.0,0
107402989,0.05111869,-0.9126485,0.20929727,0.8477875,0.0,0.0,0
107427594,0.10789469,-0.88096946,0.1620332,0.8485982,0.0,0.0,0
107447288,0.13756163,-0.8635267,0.14310998,0.84994215,0.0,0.0,0
107462066,0.14666864,-0.8570799,0.13886626,0.85,0.0,0.0,0
107486776,0.124089874,-0.86631507,0.15945795,0.85,0.0,0.0,0
107506452,0.08208646,-0.8803158,0.19030747,0.85,0.0,0.0,0
107526128,0.06199345,-0.8787702,0.20507106,0.85,0.0,0.0,0
107545805,0.050176516,-0.87392765,0.2134682,0.85,0.0,0.0,0
107565502,0.044265646,-0.8894118,0.21884052,0.85,0.0,0.0,0
107585549,0.055830374,-0.9295011,0.21543452,0.84958684,0.0,0.0,0
107605164,0.12478501,-0.965122,0.22590351,0.8473076,0.0,0.0,0
107624613,0.22652897,-0.98472434,0.2045301,0.8451248,0.0,0.0,0
107644307,0.35779682,-0.97685903,0.16231632,0.84289956,0.0,0.0,0
107664018,0.4989646,-0.94489956,0.11176463,0.840796,0.0,0.0,0
107683718,0.61276317,-0.9052492,0.08352681,0.84098166,0.0,0.0,0
107703431,0.6725033,-0.87865424,0.09891699,0.8413973,0.0,0.0,0
107728040,0.781817,-0.86608773,0.13330568,0.84307384,0.0,0.0,0
107742820,0.7281315,-0.86938363,0.17479113,0.84307384,0.0,0.0,0
107767449,0.76475006,-0.8714641,0.26531887,0.8435681,0.0,0.0,0
107787190,0.7867865,-0.8626289,0.308235,0.8426097,0.0,0.0,0
107801964,0.75971735,-0.8598051,0.3280806,0.8426097,0.0,0.0,0
107826567,0.87222177,-0.8841036,0.3603678,0.83867997,0.0,0.0,0
107846255,0.9231175,-0.9244347,0.3830962,0.8364673,0.0,0.0,0
107865969,0.9021238,-0.9524653,0.41133815,0.8345016,0.0,0.0,0
107885676,0.9466376,-0.9826215,0.3767321,0.833486,0.0,0.0,0
107905366,0.9959332,-0.9777781,0.33721626,0.8336308,0.0,0.0,0
107925068,1.0499597,-0.960874,0.29883218,0.83468014,0.0,0.0,0
107944778,1.0765778,-0.94397396,0.2815828,0.8361603,0.0,0.0,0
107964488,1.0288373,-0.9186304,0.32097125,0.8380137,0.0,0.0,0
107984701,0.97888875,-0.9064409,0.35512602,0.8399231,0.0,0.0,0
108008826,0.8605345,-0.8970184,0.43503356,0.8415109,0.0,0.0,0
108023607,0.7809891,-0.8797562,0.4950125,0.8415109,0.0,0.0,0
108043303,0.7064243,-0.8566662,0.53486925,0.8422753,0.0,0.0,0
108067964,0.6468394,-0.8327421,0.57388866,0.8417577,0.0,0.0,0
108082721,0.62153965,-0.8375448,0.5989486,0.84029245,0.0,0.0,0
108102384,0.5967773,-0.86116105,0.62381136,0.83857334,0.0,0.0,0
108127013,0.5527076,-0.8783753,0.6551519,0.83696496,0.0,0.0,0
108146722,0.58269906,-0.89293915,0.62466836,0.8358078,0.0,0.0,0
108166458,0.6393879,-0.8808402,0.5758907,0.83561385,0.0,0.0,0
108186153,0.6963258,-0.85851127,0.5308636,0.8363716,0.0,0.0,0
108205847,0.7208399,-0.8294272,0.5165091,0.83784306,0.0,0.0,0
108225527,0.66019833,-0.78285015,0.55932677,0.83966964,0.0,0.0,0
108245223,0.5946558,-0.7465715,0.6055569,0.8416344,0.0,0.0,0
108264932,0.4861337,-0.70939356,0.67545086,0.84348935,0.0,0.0,0
108284636,0.36547607,-0.6573087,0.746067,0.84480834,0.0,0.0,0
108304352,0.3033776,-0.61364144,0.7767156,0.84536576,0.0,0.0,0
108324033,0.26799986,-0.5912782,0.7927439,0.84453654,0.0,0.0,0
108348699,0.25131896,-0.60588044,0.81595737,0.840082,0.0,0.0,0
108363439,0.23056902,-0.62395096,0.83416426,0.840082,0.0,0.0,0
108383686,0.20539303,-0.6400629,0.8528346,0.83788925,0.0,0.0,0
108407781,0.241579,-0.6674561,0.81871974,0.83485794,0.0,0.0,0
108427468,0.3143579,-0.6684434,0.7672417,0.8351254,0.0,0.0,0
108442249,0.34647822,-0.66358817,0.74312073,0.8351254,0.0,0.0,0
108466907,0.35781476,-0.6437007,0.74027044,0.8390072,0.0,0.0,0
108486645,0.3033378,-0.61104715,0.77423203,0.84107256,0.0,0.0,0
108506308,0.23140202,-0.58608264,0.8175355,0.84282285,0.0,0.0,0
108526001,0.12636505,-0.55832577,0.87266463,0.84370667,0.0,0.0,0
108545687,0.0491459,-0.525797,0.87266463,0.8430229,0.0,0.0,0
108565384,-0.0006983248,-0.4951767,0.87266463,0.8413048,0.0,0.0,0
108585113,-0.028055334,-0.48615336,0.87266463,0.83906984,0.0,0.0,0
108604790,-0.06080705,-0.5061677,0.87266463,0.83687747,0.0,0.0,0
108624501,-0.10335126,-0.529863,0.87266463,0.8346574,0.0,0.0,0
108644189,-0.15437594,-0.535374,0.87266463,0.832446,0.0,0.0,0
108663912,-0.13815756,-0.548204,0.87266463,0.832446,0.0,0.0,0
108683622,-0.093853496,-0.5581496,0.87266463,0.830767,0.0,0.0,0
108708225,-0.04557008,-0.5615586,0.87266463,0.8313357,0.0,0.0,0
108723002,-0.026547465,-0.56086165,0.87266463,0.8327248,0.0,0.0,0
108747646,-0.045256425,-0.54720634,0.87266463,0.83444893,0.0,0.0,0
108767340,-0.08391594,-0.54233867,0.87266463,0.83577114,0.0,0.0,0
108782600,-0.13944423,-0.53508264,0.87266463,0.83665335,0.0,0.0,0
108806747,-0.17918009,-0.5246235,0.87266463,0.8364127,0.0,0.0,0
108826439,-0.20628828,-0.51314676,0.87266463,0.83506143,0.0,0.0,0
108846145,-0.22561982,-0.5227997,0.87266463,0.8328568,0.0,0.0,0
108865843,-0.23585412,-0.5522521,0.87266463,0.8306405,0.0,0.0,0
108885549,-0.26417908,-0.5745826,0.87266463,0.82842493,0.0,0.0,0
108905255,-0.30035838,-0.58230555,0.87266463,0.8261811,0.0,0.0,0
108924969,-0.27884927,-0.5831768,0.87266463,0.8239644,0.0,0.0,0
108944681,-0.24637592,-0.5682266,0.87266463,0.82319844,0.0,0.0,0
108964406,-0.22373722,-0.552362,0.87266463,0.8241533,0.0,0.0,0
108989076,-0.21566172,-0.5326339,0.87266463,0.82809854,0.0,0.0,0
109003765,-0.2374773,-0.5164855,0.87266463,0.82809854,0.0,0.0,0
109023471,-0.29064593,-0.5000962,0.87266463,0.8298982,0.0,0.0,0
109048083,-0.42210606,-0.47928718,0.87266463,0.83153963,0.0,0.0,0
109062896,-0.44898486,-0.46708173,0.87266463,0.83153963,0.0,0.0,0
109082620,-0.5147268,-0.44135588,0.87266463,0.83061147,0.0,0.0,0
109107186,-0.5983783,-0.43931228,0.87266463,0.8264578,0.0,0.0,0
109126893,-0.62974256,-0.46578813,0.87266463,0.824241,0.0,0.0,0
109146602,-0.64119583,-0.50204927,0.87266463,0.8220226,0.0,0.0,0
109166374,-0.63697964,-0.53212374,0.87266463,0.8197934,0.0,0.0,0
109186080,-0.5784677,-0.5575748,0.87266463,0.8174867,0.0,0.0,0
109205704,-0.49958587,-0.5634488,0.87266463,0.816737,0.0,0.0,0
109225405,-0.44947836,-0.55487615,0.87266463,0.8176974,0.0,0.0,0
109245136,-0.4355086,-0.542001,0.87266463,0.8190913,0.0,0.0,0
109264806,-0.4887066,-0.51184934,0.87266463,0.82033616,0.0,0.0,0
109284509,-0.5823994,-0.48563826,0.87266463,0.8214205,0.0,0.0,0
109304223,-0.69575095,-0.46575397,0.87266463,0.8217381,0.0,0.0,0
109323911,-0.7234927,-0.4545614,0.87266463,0.8217381,0.0,0.0,0
109343620,-0.8142804,-0.4403651,0.858424,0.82016283,0.0,0.0,0
109363390,-0.8637641,-0.4418871,0.8386251,0.81791747,0.0,0.0,0
109387970,-0.8809743,-0.47846562,0.83777326,0.8157269,0.0,0.0,0
109407670,-0.8785192,-0.518998,0.83904195,0.8134827,0.0,0.0,0
109422428,-0.8918144,-0.54012644,0.83671904,0.81128895,0.0,0.0,0
109447051,-0.8236905,-0.56919545,0.8222617,0.8090521,0.0,0.0,0
109466768,-0.764113,-0.5741141,0.8000554,0.8075552,0.0,0.0,0
109481571,-0.7220662,-0.57628053,0.7924383,0.8085392,0.0,0.0,0
109506195,-0.6744168,-0.5801561,0.7773843,0.81037915,0.0,0.0,0
109525924,-0.6834835,-0.5787408,0.77258956,0.812455,0.0,0.0,0
109545584,-0.7383942,-0.5761107,0.77980214,0.81450826,0.0,0.0,0
109565343,-0.80164266,-0.5806233,0.78719205,0.8163731,0.0,0.0,0
109585012,-0.8595269,-0.58667153,0.7713286,0.81756216,0.0,0.0,0
109604671,-0.91972756,-0.57349455,0.7528957,0.81746083,0.0,0.0,0
109624394,-0.9704839,-0.5770987,0.72525144,0.8163401,0.0,0.0,0
109644095,-0.9993989,-0.6002684,0.7158199,0.8141262,0.0,0.0,0
109663778,-1.0359007,-0.6300112,0.71692646,0.81190497,0.0,0.0,0
109688404,-1.0466553,-0.6612331,0.70697874,0.80747867,0.0,0.0,0
109703189,-1.0154643,-0.6745149,0.69946873,0.80747867,0.0,0.0,0
109722883,-0.96277046,-0.6706312,0.67393553,0.80634594,0.0,0.0,0
109747511,-0.90665215,-0.6512826,0.6515613,0.80799204,0.0,0.0,0
109762322,-0.8894488,-0.6402387,0.6405355,0.80799204,0.0,0.0,0
109786924,-0.8754902,-0.63690656,0.6260456,0.8119398,0.0,0.0,0
109806652,-0.9228448,-0.63194346,0.61872417,0.8141289,0.0,0.0,0
109826318,-0.97300047,-0.6398692,0.6179277,0.8156285,0.0,0.0,0
109846017,-1.0153726,-0.64787567,0.59700954,0.81645423,0.0,0.0,0
109865739,-1.055469,-0.64269716,0.57196665,0.8159763,0.0,0.0,0
109885427,-1.0869063,-0.64030826,0.5429964,0.81445193,0.0,0.0,0
109905135,-1.1024612,-0.6600339,0.5261135,0.81226313,0.0,0.0,0
109924843,-1.1203798,-0.6877698,0.5246183,0.810047,0.0,0.0,0
109944561,-1.1026417,-0.71976316,0.5141558,0.80782676,0.0,0.0,0
109969452,-1.096472,-0.72464144,0.5184269,0.8065586,0.0,0.0,0
109984028,-1.0596498,-0.7208614,0.5004407,0.8066235,0.0,0.0,0
110003689,-1.0097824,-0.709042,0.47573033,0.8066235,0.0,0.0,0
110028271,-0.9828604,-0.69351095,0.4574452,0.8083553,0.0,0.0,0
110043049,-0.9504505,-0.69534624,0.43776897,0.8101566,0.0,0.0,0
110062743,-0.96682084,-0.6849932,0.43929547,0.81215346,0.0,0.0,0
110087416,-1.028403,-0.68956745,0.43975425,0.8142249,0.0,0.0,0
110107075,-1.0457836,-0.6937334,0.4324311,0.81580055,0.0,0.0,0
110121847,-1.0876503,-0.69281644,0.40760756,0.8166158,0.0,0.0,0
110146486,-1.127274,-0.67645544,0.37623683,0.8162351,0.0,0.0,0
110166207,-1.1523992,-0.68979436,0.3463563,0.81477547,0.0,0.0,0
110185901,-1.1738919,-0.7076192,0.36466652,0.8126512,0.0,0.0,0
110205604,-1.152001,-0.73530716,0.37379125,0.8104126,0.0,0.0,0
110225285,-1.1675991,-0.7455978,0.3869658,0.8084316,0.0,0.0,0
110244990,-1.1177068,-0.74721116,0.36875328,0.8073005,0.0,0.0,0
110264700,-1.067491,-0.7332115,0.34544367,0.8072395,0.0,0.0,0
110284389,-1.0366093,-0.7197913,0.33060905,0.80825347,0.0,0.0,0
110304100,-0.9935742,-0.7108319,0.31305602,0.8099548,0.0,0.0,0
110323803,-1.0130645,-0.6983218,0.31687436,0.8120246,0.0,0.0,0
110343505,-1.073401,-0.69133335,0.33538738,0.8142379,0.0,0.0,0
110368430,-1.1593364,-0.6919639,0.37071756,0.8179082,0.0,0.0,0
110387851,-1.2217305,-0.6761727,0.39145544,0.81861186,0.0,0.0,0
110402607,-1.2217305,-0.6585708,0.3950936,0.81861186,0.0,0.0,0
110427232,-1.2217305,-0.65854144,0.44213963,0.8170158,0.0,0.0,0
110446933,-1.2217305,-0.6908211,0.46729112,0.81547016,0.0,0.0,0
110461714,-1.2217305,-0.7209795,0.47381642,0.81547016,0.0,0.0,0
110486373,-1.2217305,-0.7759928,0.482966,0.8132988,0.0,0.0,0
110506073,-1.2217305,-0.80236536,0.47130123,0.8132691,0.0,0.0,0
110525769,-1.1775575,-0.8127629,0.44715616,0.81436247,0.0,0.0,0
110545519,-1.1313226,-0.8211348,0.4331573,0.81618303,0.0,0.0,0
110565175,-1.0954713,-0.8260471,0.42213026,0.81837463,0.0,0.0,0
110584852,-1.0916399,-0.8277104,0.42086384,0.8206115,0.0,0.0,0
110604551,-1.1382345,-0.83427936,0.4408806,0.8228018,0.0,0.0,0
110624252,-1.1918095,-0.8471883,0.46507713,0.82497376,0.0,0.0,0
110643957,-1.214481,-0.84794706,0.47401232,0.82497376,0.0,0.0,0
110668589,-1.2217305,-0.822991,0.5044702,0.82530785,0.0,0.0,0
110683357,-1.2217305,-0.81471467,0.52781236,0.82452315,0.0,0.0,0
110703099,-1.2217305,-0.8377306,0.5499607,0.8226681,0.0,0.0,0
110727711,-1.2217305,-0.89460284,0.5659783,0.8204742,0.0,0.0,0
110742504,-1.2217305,-0.9313227,0.56666684,0.8182584,0.0,0.0,0
110767132,-1.2217305,-0.96717095,0.5540926,0.81619376,0.0,0.0,0
110786805,-1.2217305,-0.97293127,0.5284148,0.8151016,0.0,0.0,0
110806504,-1.2039591,-0.9725797,0.504648,0.81511325,0.0,0.0,0
110826206,-1.1711218,-0.9742107,0.49154496,0.81583834,0.0,0.0,0
110845900,-1.1643293,-0.973497,0.48885265,0.8170621,0.0,0.0,0
110865613,-1.2064867,-0.9755828,0.50656974,0.8183393,0.0,0.0,0
110885310,-1.2217305,-0.9851075,0.52970004,0.81947017,0.0,0.0,0
110905012,-1.2217305,-0.9802899,0.54756594,0.8198577,0.0,0.0,0
110924717,-1.2217305,-0.9588772,0.56811684,0.81953716,0.0,0.0,0
110944494,-1.2217305,-0.9471113,0.5902174,0.8179838,0.0,0.0,0
110964173,-1.2217305,-0.969422,0.60935146,0.8157698,0.0,0.0,0
110983901,-1.2217305,-1.0109123,0.632098,0.8135351,0.0,0.0,0
111008502,-1.2217305,-1.0471976,0.63455784,0.8091251,0.0,0.0,0
111023218,-1.2217305,-1.0471976,0.63037646,0.8091251,0.0,0.0,0
111042920,-1.2217305,-1.0471976,0.6082159,0.8069125,0.0,0.0,0
111067546,-1.2217305,-1.0471976,0.5369265,0.8036596,0.0,0.0,0
111087252,-1.2217305,-1.0471976,0.49797174,0.80440164,0.0,0.0,0
111106970,-1.2217305,-1.0471976,0.47630474,0.8053718,0.0,0.0,0
111126685,-1.2217305,-1.0471976,0.49677145,0.80611014,0.0,0.0,0
111146664,-1.2217305,-1.0471976,0.5356491,0.80667603,0.0,0.0,0
111166083,-1.2217305,-1.0471976,0.55087465,0.80622756,0.0,0.0,0
111185767,-1.2217305,-1.0471976,0.5787939,0.8047919,0.0,0.0,0
111205467,-1.2217305,-1.0471976,0.5925965,0.8026056,0.0,0.0,0
111225176,-1.2217305,-1.0471976,0.5893023,0.8003968,0.0,0.0,0
111244868,-1.2217305,-1.0471976,0.59016544,0.7981729,0.0,0.0,0
111264604,-1.2217305,-1.0471976,0.54939544,0.7959606,0.0,0.0,0
111284272,-1.2217305,-1.0471976,0.53323674,0.79374796,0.0,0.0,0
111303990,-1.2217305,-1.0471976,0.46861362,0.79374796,0.0,0.0,0
111323677,-1.2217305,-1.0471976,0.39830622,0.79042256,0.0,0.0,0
111343416,-1.1945807,-1.0471976,0.36397627,0.7882045,0.0,0.0,0
111368012,-1.1542377,-1.0471976,0.32822376,0.78598624,0.0,0.0,0
111382794,-1.1813387,-1.0471976,0.35676685,0.78471863,0.0,0.0,0
111407415,-1.2217305,-1.0471976,0.43196464,0.7848566,0.0,0.0,0
111427121,-1.2217305,-1.0471976,0.4829237,0.78469247,0.0,0.0,0
111441892,-1.2217305,-1.0471976,0.51105714,0.7837796,0.0,0.0,0
111466521,-1.2217305,-1.0471976,0.55183107,0.7820938,0.0,0.0,0
111486220,-1.2217305,-1.0471976,0.5590971,0.77987355,0.0,0.0,0
111505965,-1.2217305,-1.0471976,0.5598993,0.77763164,0.0,0.0,0
111525917,-1.2217305,-1.0471976,0.5561645,0.77544045,0.0,0.0,0
111545679,-1.2217305,-1.0471976,0.52467406,0.77317536,0.0,0.0,0
111565114,-1.2217305,-1.0471976,0.48626173,0.7709689,0.0,0.0,0
111584736,-1.2217305,-1.0471976,0.41385502,0.7687594,0.0,0.0,0
111604429,-1.2217305,-1.0471976,0.35299918,0.76657826,0.0,0.0,0
111624145,-1.202769,-1.0471976,0.324142,0.7643594,0.0,0.0,0
111648768,-1.1365134,-1.0471976,0.2626722,0.7630344,0.0,0.0,0
111663549,-1.1494405,-1.0471976,0.2763885,0.7630344,0.0,0.0,0
111683240,-1.1846815,-1.0471976,0.3167846,0.76423603,0.0,0.0,0
111707874,-1.2048262,-1.0471976,0.35144514,0.76501065,0.0,0.0,0
111722649,-1.2217305,-1.0471976,0.37360463,0.76501065,0.0,0.0,0
111742378,-1.2217305,-1.0471976,0.40623465,0.7642734,0.0,0.0,0
111766972,-1.2217305,-1.0471976,0.41447607,0.76021814,0.0,0.0,0
111786717,-1.2217305,-1.0471976,0.41997588,0.75800234,0.0,0.0,0
111806383,-1.2217305,-1.0471976,0.4272513,0.75576395,0.0,0.0,0
111826086,-1.2217305,-1.0471976,0.41184723,0.7535688,0.0,0.0,0
111845793,-1.2217305,-1.0471976,0.39566296,0.75135064,0.0,0.0,0
111865486,-1.2217305,-1.0471976,0.34066445,0.74913764,0.0,0.0,0
111885187,-1.1697797,-1.0471976,0.2868026,0.74861217,0.0,0.0,0
111904904,-1.1495486,-1.0471976,0.2651305,0.74979216,0.0,0.0,0
111924733,-1.1197557,-1.0471976,0.23694044,0.751302,0.0,0.0,0
111944823,-1.1216532,-1.0471976,0.24824993,0.7530886,0.0,0.0,0
111964025,-1.1769435,-1.0471976,0.2941778,0.7530886,0.0,0.0,0
111988664,-1.1903929,-1.0471976,0.32454994,0.7552167,0.0,0.0,0
112003441,-1.2078042,-1.0471976,0.34725878,0.7556335,0.0,0.0,0
112023140,-1.2217305,-1.0471976,0.38244745,0.7554184,0.0,0.0,0
112047744,-1.2217305,-1.0471976,0.3869039,0.75397646,0.0,0.0,0
112067434,-1.2217305,-1.0471976,0.38286185,0.75196874,0.0,0.0,0
112082209,-1.2217305,-1.0471976,0.38034979,0.7497491,0.0,0.0,0
112106846,-1.2211038,-1.0471976,0.33451858,0.7475148,0.0,0.0,0
112126570,-1.2094474,-1.0471976,0.32862177,0.74539,0.0,0.0,0
112146275,-1.158544,-1.0471976,0.28142282,0.74427533,0.0,0.0,0
112165942,-1.1013001,-1.0471976,0.22738762,0.7446796,0.0,0.0,0
112185655,-1.0832216,-1.0471976,0.20151456,0.74600726,0.0,0.0,0
112205390,-1.0506386,-1.0471976,0.16742425,0.7482114,0.0,0.0,0
112225048,-1.0040212,-1.0471976,0.1300247,0.7503985,0.0,0.0,0
112244767,-1.0165123,-1.0471976,0.1471552,0.75262964,0.0,0.0,0
112264466,-1.0158334,-1.0471976,0.16191532,0.75482893,0.0,0.0,0
112284155,-1.0090487,-1.0471976,0.17216408,0.75704134,0.0,0.0,0
112303885,-1.0437595,-1.0471976,0.20962559,0.75790036,0.0,0.0,0
112323816,-1.0739273,-1.0471976,0.2341007,0.75763315,0.0,0.0,0
112348214,-1.0983326,-1.0471976,0.23660034,0.75426745,0.0,0.0,0
112362966,-1.0943018,-1.0471976,0.2332234,0.75426745,0.0,0.0,0
112387598,-1.047954,-1.0471976,0.18760246,0.7504756,0.0,0.0,0
112407345,-1.0381728,-1.0471976,0.18121523,0.74943155,0.0,0.0,0
112422101,-1.0065998,-1.0471976,0.1542106,0.74943155,0.0,0.0,0
112446725,-0.9653764,-1.0471976,0.1034255,0.7509737,0.0,0.0,0
112466429,-0.9427073,-1.0471976,0.07117574,0.7531868,0.0,0.0,0
112486119,-0.90125155,-1.0471976,0.03125283,0.75542504,0.0,0.0,0
112505809,-0.83528715,-1.0471976,-0.023098802,0.75764894,0.0,0.0,0
112525553,-0.8399876,-1.0471976,-0.0035179565,0.7598365,0.0,0.0,0
112545269,-0.8745416,-1.0471976,0.0384811,0.76205444,0.0,0.0,0
112564936,-0.90700144,-1.0471976,0.073672324,0.7642772,0.0,0.0,0
112584612,-0.9456795,-1.0471976,0.10612015,0.76652914,0.0,0.0,0
112604306,-1.007969,-1.0471976,0.14420949,0.7686983,0.0,0.0,0
112628950,-1.0237373,-1.0471976,0.15447396,0.7686983,0.0,0.0,0
112643724,-1.0491848,-1.0471976,0.15043461,0.76865685,0.0,0.0,0
112663424,-1.027743,-1.0471976,0.124526225,0.7681809,0.0,0.0,0
112688046,-0.9783982,-1.0471976,0.08529208,0.7675815,0.0,0.0,0
112702904,-0.92754316,-1.0471976,0.041145995,0.7676822,0.0,0.0,0
112723045,-0.8484814,-1.0471976,-0.02827578,0.76906645,0.0,0.0,0
112747161,-0.7689236,-1.0471976,-0.10412188,0.77129585,0.0,0.0,0
112766873,-0.73985994,-1.0471976,-0.13736421,0.7735104,0.0,0.0,0
112786592,-0.71463066,-1.0471976,-0.16374445,0.77572024,0.0,0.0,0
112806264,-0.7532546,-1.0471976,-0.12863965,0.77799565,0.0,0.0,0
112825964,-0.8139295,-1.0471976,-0.06890599,0.78015035,0.0,0.0,0
112845663,-0.87438416,-1.0471976,-0.0100139035,0.7823658,0.0,0.0,0
112865373,-0.93997127,-1.0198454,0.048968155,0.78458184,0.0,0.0,0
112885067,-1.0089402,-0.97681767,0.09957844,0.7867993,0.0,0.0,0
112904779,-1.0540487,-0.95766807,0.11263522,0.7890419,0.0,0.0,0
112924500,-1.0653031,-0.96907437,0.10322633,0.79123574,0.0,0.0,0
112944178,-1.0300612,-0.9967616,0.062423695,0.79347676,0.0,0.0,0
112963910,-0.9768734,-1.0217407,0.01927576,0.79504544,0.0,0.0,0
112983608,-0.89155143,-1.0267057,-0.050623342,0.79518294,0.0,0.0,0
113003334,-0.79050136,-1.0083723,-0.13627993,0.79646087,0.0,0.0,0
113027911,-0.7185297,-0.99058974,-0.21284541,0.8008612,0.0,0.0,0
113047616,-0.6880005,-0.95917314,-0.23669082,0.80308205,0.0,0.0,0
113062381,-0.6686896,-0.93661726,-0.25067183,0.80308205,0.0,0.0,0
113087012,-0.6992248,-0.91696334,-0.21481106,0.8075402,0.0,0.0,0
113106734,-0.7451921,-0.91283673,-0.16496226,0.8097434,0.0,0.0,0
113121769,-0.7917927,-0.89979255,-0.12903795,0.8097434,0.0,0.0,0
113146115,-0.88667285,-0.8506207,-0.059965387,0.8142159,0.0,0.0,0
113165822,-0.9654628,-0.8155257,-0.023691053,0.8163858,0.0,0.0,0
113185523,-0.99499,-0.8066201,-0.021877715,0.81861883,0.0,0.0,0
113205230,-0.9871536,-0.82043517,-0.037346844,0.8202864,0.0,0.0,0
113224921,-0.9306464,-0.8407486,-0.073666625,0.81981885,0.0,0.0,0
113244627,-0.892671,-0.84805423,-0.11201648,0.81969583,0.0,0.0,0
113264330,-0.81306523,-0.82396,-0.17696409,0.8214499,0.0,0.0,0
113284032,-0.7483598,-0.7953414,-0.23778746,0.8236919,0.0,0.0,0
113303750,-0.69358474,-0.7616276,-0.2776019,0.8236919,0.0,0.0,0
113328396,-0.673739,-0.7140886,-0.29490143,0.82699525,0.0,0.0,0
113343142,-0.68604976,-0.7020874,-0.28377774,0.82921433,0.0,0.0,0
113367773,-0.71508807,-0.6998753,-0.25623694,0.83145434,0.0,0.0,0
113387463,-0.73118454,-0.6882869,-0.231622,0.8336477,0.0,0.0,0
113402278,-0.76651007,-0.6702345,-0.20562704,0.83588433,0.0,0.0,0
113426907,-0.81932235,-0.6411033,-0.17445645,0.83808035,0.0,0.0,0
113446600,-0.8319787,-0.641096,-0.18283656,0.8402948,0.0,0.0,0
113466284,-0.82988703,-0.66164565,-0.2036301,0.8413181,0.0,0.0,0
113485984,-0.786511,-0.6844362,-0.24104688,0.8410275,0.0,0.0,0
113505766,-0.7524536,-0.6965004,-0.26675576,0.84061235,0.0,0.0,0
113525461,-0.6837247,-0.67232263,-0.31857473,0.8409202,0.0,0.0,0
113545089,-0.6330894,-0.63655883,-0.3610763,0.8426657,0.0,0.0,0
113564803,-0.60856074,-0.60300994,-0.3864527,0.8448779,0.0,0.0,0
113584485,-0.5801675,-0.5677573,-0.4087134,0.8471009,0.0,0.0,0
113609114,-0.59473354,-0.5551155,-0.39027485,0.85,0.0,0.0,0
113623896,-0.62711906,-0.56236637,-0.36700296,0.85,0.0,0.0,0
113643594,-0.635821,-0.5635496,-0.3495168,0.85,0.0,0.0,0
113668216,-0.680759,-0.54319715,-0.31917813,0.85,0.0,0.0,0
113682999,-0.69875216,-0.5365103,-0.30572313,0.85,0.0,0.0,0
113702773,-0.7113044,-0.5456088,-0.3134032,0.85,0.0,0.0,0
113727339,-0.6988642,-0.57910955,-0.3441587,0.85,0.0,0.0,0
113747022,-0.65082943,-0.60049266,-0.37861335,0.85,0.0,0.0,0
113766738,-0.58853257,-0.59729457,-0.4281187,0.85,0.0,0.0,0
113786429,-0.51056045,-0.5550562,-0.48913604,0.85,0.0,0.0,0
113806134,-0.46105686,-0.51381034,-0.5294629,0.85,0.0,0.0,0
113825842,-0.42659423,-0.48165765,-0.55636567,0.85,0.0,0.0,0
113845553,-0.4058186,-0.46071994,-0.564323,0.85,0.0,0.0,0
113865241,-0.4262418,-0.4725525,-0.5453506,0.85,0.0,0.0,0
113884942,-0.44509137,-0.5010294,-0.51867276,0.85,0.0,0.0,0
113904729,-0.44901115,-0.5062974,-0.5119125,0.85,0.0,0.0,0
113924368,-0.48063782,-0.5071153,-0.48965874,0.85,0.0,0.0,0
113944082,-0.50733,-0.51910037,-0.48173964,0.85,0.0,0.0,0
113963781,-0.48944473,-0.552217,-0.49856016,0.85,0.0,0.0,0
113983479,-0.4659668,-0.59364223,-0.5280809,0.85,0.0,0.0,0
114008082,-0.41467986,-0.62281644,-0.56722814,0.85,0.0,0.0,0
114027781,-0.34419236,-0.60122293,-0.6205853,0.85,0.0,0.0,0
114042552,-0.2987727,-0.56978035,-0.65497863,0.85,0.0,0.0,0
114067183,-0.23934335,-0.5201829,-0.70442283,0.85,0.0,0.0,0
114086887,-0.19163619,-0.480324,-0.7394633,0.85,0.0,0.0,0
114101704,-0.21463393,-0.47898355,-0.7196095,0.85,0.0,0.0,0
114126294,-0.27994207,-0.5203555,-0.6668688,0.85,0.0,0.0,0
114145993,-0.31842518,-0.5611475,-0.6296375,0.85,0.0,0.0,0
114165702,-0.3505023,-0.5787192,-0.5953496,0.85,0.0,0.0,0
114185399,-0.3847188,-0.59647745,-0.5633031,0.85,0.0,0.0,0
114205101,-0.39237484,-0.62302077,-0.5645702,0.85,0.0,0.0,0
114224834,-0.36252183,-0.6623551,-0.5949072,0.85,0.0,0.0,0
114244499,-0.29212254,-0.6909341,-0.6529664,0.85,0.0,0.0,0
114264205,-0.24099681,-0.7045517,-0.6864018,0.85,0.0,0.0,0
114283907,-0.17174505,-0.6730718,-0.73740304,0.85,0.0,0.0,0
114308798,-0.096578665,-0.5958727,-0.79786104,0.85,0.0,0.0,0
114323311,-0.05732539,-0.5555695,-0.82160866,0.85,0.0,0.0,0
114343028,-0.021014059,-0.51040167,-0.8437779,0.85,0.0,0.0,0
114367656,-0.02862716,-0.5113454,-0.82098264,0.85,0.0,0.0,0
114382435,-0.0662191,-0.5365916,-0.795628,0.85,0.0,0.0,0
114407087,-0.07153156,-0.570887,-0.7610219,0.85,0.0,0.0,0
114426792,-0.0965726,-0.58395606,-0.7290508,0.85,0.0,0.0,0
114446478,-0.12001748,-0.59875816,-0.7078005,0.85,0.0,0.0,0
114466143,-0.10634434,-0.6278409,-0.7227791,0.85,0.0,0.0,0
114485849,-0.06642987,-0.66364455,-0.7510575,0.85,0.0,0.0,0
114505588,-0.005522088,-0.6827632,-0.78972167,0.85,0.0,0.0,0
114525249,0.061277334,-0.66714215,-0.84405607,0.85,0.0,0.0,0
114544962,0.14956643,-0.60356617,-0.87266463,0.85,0.0,0.0,0
114564666,0.2162101,-0.53879946,-0.87266463,0.85,0.0,0.0,0
114584355,0.24753739,-0.49877283,-0.87266463,0.85,0.0,0.0,0
114604060,0.24345116,-0.47835803,-0.87266463,0.85,0.0,0.0,0
114623786,0.23093759,-0.4902581,-0.87266463,0.85,0.0,0.0,0
114648396,0.18768872,-0.53562456,-0.87266463,0.85,0.0,0.0,0
114663175,0.18462022,-0.5532681,-0.85365033,0.85,0.0,0.0,0
114682868,0.16962096,-0.565006,-0.82590467,0.85,0.0,0.0,0
114707759,0.16687974,-0.58233964,-0.80893874,0.85,0.0,0.0,0
114727209,0.19158629,-0.613296,-0.81142265,0.85,0.0,0.0,0
114741983,0.20794638,-0.6428689,-0.8135631,0.85,0.0,0.0,0
114766606,0.22918186,-0.6765298,-0.8161983,0.85,0.0,0.0,0
114786313,0.26787663,-0.6609656,-0.82930154,0.85,0.0,0.0,0
114806007,0.3075368,-0.61634725,-0.8385525,0.85,0.0,0.0,0
114825737,0.35019037,-0.5660182,-0.84726065,0.85,0.0,0.0,0
114845428,0.3798963,-0.53867143,-0.84433365,0.85,0.0,0.0,0
114865113,0.37114653,-0.5397145,-0.83423984,0.85,0.0,0.0,0
114884876,0.37031585,-0.56236345,-0.82388246,0.85,0.0,0.0,0
114904557,0.37061754,-0.597626,-0.80748117,0.85,0.0,0.0,0
114924251,0.39081413,-0.6181286,-0.78224474,0.85,0.0,0.0,0
114943959,0.39967254,-0.6352291,-0.75582755,0.85,0.0,0.0,0
114963658,0.42666775,-0.6607038,-0.7436253,0.8497084,0.0,0.0,0
114988259,0.4957872,-0.7102483,-0.74190795,0.8452566,0.0,0.0,0
115007974,0.51912975,-0.75158876,-0.7438329,0.84306186,0.0,0.0,0
115022740,0.5489507,-0.763433,-0.75930727,0.84306186,0.0,0.0,0
115047358,0.6044156,-0.7286608,-0.78800374,0.8386129,0.0,0.0,0
115067068,0.65295947,-0.6797521,-0.79669815,0.83641195,0.0,0.0,0
115081887,0.68606436,-0.6492061,-0.79810345,0.83641195,0.0,0.0,0
115106511,0.7054267,-0.629131,-0.78584427,0.83684945,0.0,0.0,0
115126165,0.71149397,-0.6341317,-0.765279,0.83766127,0.0,0.0,0
115145867,0.6987805,-0.668313,-0.7436198,0.8378613,0.0,0.0,0
115165573,0.6835869,-0.7026708,-0.7076399,0.83730674,0.0,0.0,0
115185277,0.6777806,-0.7181947,-0.67218757,0.83565617,0.0,0.0,0
115204975,0.6790631,-0.7320464,-0.64110684,0.83347297,0.0,0.0,0
115224676,0.6953103,-0.7585622,-0.6273756,0.8312577,0.0,0.0,0
115244385,0.71565396,-0.7980206,-0.6292187,0.82904065,0.0,0.0,0
115264079,0.6889462,-0.83559334,-0.6311189,0.82904065,0.0,0.0,0
115288745,0.7679464,-0.8311445,-0.6485654,0.8256958,0.0,0.0,0
115303529,0.8014812,-0.8053467,-0.65705717,0.8234653,0.0,0.0,0
115323181,0.83814764,-0.7580096,-0.66657543,0.8212765,0.0,0.0,0
115347825,0.87616026,-0.71620744,-0.66985685,0.8209464,0.0,0.0,0
115362612,0.87027055,-0.7103705,-0.65238917,0.8217917,0.0,0.0,0
115387248,0.92219645,-0.7257948,-0.60926515,0.8227258,0.0,0.0,0
115406949,0.94710934,-0.76759803,-0.5666006,0.8231334,0.0,0.0,0
115426668,0.9593488,-0.7998853,-0.5151658,0.8233104,0.0,0.0,0
115446322,0.98949134,-0.815978,-0.46479347,0.8229337,0.0,0.0,0
115466190,1.0237259,-0.8320205,-0.4155529,0.8216858,0.0,0.0,0
115486189,1.0762328,-0.8590111,-0.39601994,0.81957686,0.0,0.0,0
115505456,1.1614192,-0.87440985,-0.44423467,0.81730413,0.0,0.0,0
115525131,1.2086899,-0.89459646,-0.47648895,0.8151356,0.0,0.0,0
115544836,1.2217305,-0.88043636,-0.5362735,0.81294286,0.0,0.0,0
115564535,1.2217305,-0.8408238,-0.58143866,0.811907,0.0,0.0,0
115584248,1.2217305,-0.7929078,-0.6189771,0.81220585,0.0,0.0,0
115603937,1.2217305,-0.7498878,-0.65666854,0.81361353,0.0,0.0,0
115628568,1.2217305,-0.7324966,-0.71463096,0.8179685,0.0,0.0,0
115643347,1.2217305,-0.72225803,-0.7078139,0.8179685,0.0,0.0,0
115663038,1.2217305,-0.7350862,-0.73706305,0.82019,0.0,0.0,0
115687708,1.2217305,-0.76294196,-0.77427936,0.8246467,0.0,0.0,0
115707374,1.2217305,-0.7658963,-0.7728288,0.8268408,0.0,0.0,0
115722148,1.2217305,-0.7664756,-0.7608418,0.8268408,0.0,0.0,0
115746816,1.2217305,-0.8044971,-0.722759,0.8259691,0.0,0.0,0
115766478,1.2217305,-0.8551585,-0.7100471,0.824034,0.0,0.0,0
115786183,1.2217305,-0.91475636,-0.66665876,0.82194746,0.0,0.0,0
115805925,1.2217305,-0.9245765,-0.7101122,0.8205045,0.0,0.0,0
115825619,1.2217305,-0.8938768,-0.75132936,0.8191361,0.0,0.0,0
115845315,1.2217305,-0.8468985,-0.78793037,0.8190632,0.0,0.0,0
115865121,1.2217305,-0.81251675,-0.81022805,0.8192331,0.0,0.0,0
115885181,1.2217305,-0.8092026,-0.7810539,0.82033813,0.0,0.0,0
115904388,1.2217305,-0.81387943,-0.76508045,0.8217408,0.0,0.0,0
115924100,1.2217305,-0.85167146,-0.7192187,0.8217408,0.0,0.0,0
115943808,1.2217305,-0.8975216,-0.6471074,0.823254,0.0,0.0,0
115963495,1.2217305,-0.9149902,-0.58732975,0.82395566,0.0,0.0,0
115988126,1.2217305,-0.91227037,-0.52836466,0.82329124,0.0,0.0,0
116002900,1.2217305,-0.91933894,-0.5032695,0.8214659,0.0,0.0,0
116027558,1.2217305,-0.9594256,-0.48212036,0.8192506,0.0,0.0,0
116047230,1.2217305,-1.0020934,-0.43358406,0.81703174,0.0,0.0,0
116062004,1.2217305,-1.012991,-0.45730507,0.81482047,0.0,0.0,0
116086707,1.2217305,-0.99044806,-0.5063667,0.81259924,0.0,0.0,0
116106347,1.2217305,-0.9524748,-0.5426881,0.81037885,0.0,0.0,0
116126045,1.2217305,-0.9191775,-0.5686012,0.80930346,0.0,0.0,0
116145759,1.2217305,-0.9033414,-0.55729973,0.80959845,0.0,0.0,0
116165445,1.2217305,-0.9019562,-0.537275,0.81062424,0.0,0.0,0
116185152,1.2217305,-0.9251723,-0.50187397,0.8120127,0.0,0.0,0
116204873,1.2217305,-0.95975274,-0.4439749,0.81316143,0.0,0.0,0
116224556,1.2217305,-0.9715443,-0.39918724,0.8136137,0.0,0.0,0
116244360,1.2217305,-0.97064865,-0.35811466,0.813339,0.0,0.0,0
116268952,1.2217305,-0.98789746,-0.3151966,0.80950034,0.0,0.0,0
116284149,1.2217305,-1.0163548,-0.30320215,0.80950034,0.0,0.0,0
116303362,1.2217305,-1.0471976,-0.27734423,0.80722606,0.0,0.0,0
116328032,1.2217305,-1.0471976,-0.2590409,0.80287415,0.0,0.0,0
116342801,1.2217305,-1.0471976,-0.2863031,0.80287415,0.0,0.0,0
116362488,1.2217305,-1.0471976,-0.30837065,0.8006571,0.0,0.0,0
116387118,1.2217305,-1.0471976,-0.33600742,0.79951274,0.0,0.0,0
116406799,1.2217305,-1.0471976,-0.34268618,0.8003415,0.0,0.0,0
116426500,1.2217305,-1.0471976,-0.3137386,0.80150926,0.0,0.0,0
116446211,1.2217305,-1.0471976,-0.27881348,0.8028443,0.0,0.0,0
116465925,1.2217305,-1.0471976,-0.22838897,0.8035744,0.0,0.0,0
116485646,1.2217305,-1.0471976,-0.18417613,0.8035127,0.0,0.0,0
116505308,1.2217305,-1.0471976,-0.15266572,0.80233866,0.0,0.0,0
116525009,1.2217305,-1.0471976,-0.12645413,0.80010676,0.0,0.0,0
116544714,1.2217305,-1.0471976,-0.10783031,0.7979155,0.0,0.0,0
116564408,1.2217305,-1.0471976,-0.08821048,0.79569364,0.0,0.0,0
116584112,1.2204492,-1.0471976,-0.038175233,0.79569364,0.0,0.0,0
116608737,1.2217305,-1.0471976,-0.08416156,0.7912136,0.0,0.0,0
116623512,1.2217305,-1.0471976,-0.102201544,0.7912136,0.0,0.0,0
116643227,1.2217305,-1.0471976,-0.1281383,0.78892225,0.0,0.0,0
116667918,1.2217305,-1.0471976,-0.1410885,0.7893502,0.0,0.0,0
116687586,1.2217305,-1.0471976,-0.08104889,0.79047304,0.0,0.0,0
116702317,1.2217305,-1.0471976,-0.054433227,0.79189193,0.0,0.0,0
116726952,1.1650296,-1.0471976,0.005820648,0.79338837,0.0,0.0,0
116746662,1.0663291,-1.0471976,0.07959978,0.794489,0.0,0.0,0
116761448,1.0239999,-1.0471976,0.110779904,0.7945344,0.0,0.0,0
116786087,0.9542016,-1.0471976,0.16166683,0.7937144,0.0,0.0,0
116805788,0.9101099,-1.0471976,0.1998126,0.7915322,0.0,0.0,0
116825474,0.8807093,-1.0471976,0.22585844,0.7892956,0.0,0.0,0
116845165,0.83095723,-1.0471976,0.2678574,0.78710353,0.0,0.0,0
116864901,0.81053686,-1.0471976,0.28141338,0.784883,0.0,0.0,0
116884586,0.85288984,-1.0471976,0.24094623,0.7826696,0.0,0.0,0
116904271,0.89853626,-1.0471976,0.20119512,0.78045243,0.0,0.0,0
116923985,0.92698896,-1.0471976,0.1793051,0.77867883,0.0,0.0,0
116943681,0.9362725,-1.0471976,0.17242426,0.77945876,0.0,0.0,0
116968295,0.87543714,-1.0471976,0.21894023,0.78215617,0.0,0.0,0
116983083,0.8500008,-1.0471976,0.23955327,0.78215617,0.0,0.0,0
117007703,0.7578034,-1.0471976,0.30435577,0.7846898,0.0,0.0,0
117027399,0.6892916,-1.0471976,0.34968224,0.78487855,0.0,0.0,0
117042202,0.65934783,-1.0276676,0.37244737,0.78487855,0.0,0.0,0
117066885,0.6039596,-0.98330086,0.41166353,0.78184235,0.0,0.0,0
117086514,0.56785506,-0.97778517,0.43821532,0.7796017,0.0,0.0,0
117106226,0.53718305,-0.9919366,0.4615103,0.7773609,0.0,0.0,0
117125912,0.47738594,-0.99626607,0.5072265,0.7752271,0.0,0.0,0
117145619,0.5055765,-1.0107077,0.4771598,0.7730121,0.0,0.0,0
117165334,0.5626645,-1.0056925,0.43315813,0.77169055,0.0,0.0,0
117185028,0.6153212,-0.9865062,0.3908339,0.7723391,0.0,0.0,0
117204737,0.6448939,-0.9611934,0.3677156,0.7737302,0.0,0.0,0
117224425,0.6397628,-0.9296668,0.37317777,0.7757085,0.0,0.0,0
117249075,0.5809854,-0.8890608,0.41531137,0.7757085,0.0,0.0,0
117263859,0.55824333,-0.87431175,0.43096942,0.7790381,0.0,0.0,0
117283531,0.5015612,-0.8564791,0.46810925,0.781254,0.0,0.0,0
117308156,0.43596253,-0.8208905,0.5085358,0.7826504,0.0,0.0,0
117322950,0.4091591,-0.7946081,0.52142274,0.7830841,0.0,0.0,0
117342643,0.3803493,-0.76680875,0.53613794,0.78231454,0.0,0.0,0
117367262,0.35885182,-0.77019185,0.5526637,0.78074706,0.0,0.0,0
117387001,0.33176538,-0.78936553,0.5724786,0.7790429,0.0,0.0,0
117406705,0.28851405,-0.7951644,0.6048577,0.7774033,0.0,0.0,0
117426398,0.29656607,-0.80566853,0.59361535,0.7763897,0.0,0.0,0
117446160,0.32648617,-0.79632825,0.5689649,0.7760803,0.0,0.0,0
117465854,0.35658056,-0.782949,0.547123,0.77729803,0.0,0.0,0
117485511,0.38625437,-0.7663793,0.52451515,0.77951384,0.0,0.0,0
117505185,0.38193423,-0.7408151,0.52728367,0.7817421,0.0,0.0,0
117524881,0.3506146,-0.71575546,0.5499913,0.7839636,0.0,0.0,0
117544583,0.3193631,-0.70102334,0.5708638,0.7861542,0.0,0.0,0
117564285,0.26506147,-0.68749326,0.603799,0.7883823,0.0,0.0,0
117583988,0.22445083,-0.66529936,0.6241909,0.7905872,0.0,0.0,0
117603698,0.18585472,-0.6343162,0.64269185,0.79280525,0.0,0.0,0
117623399,0.14719737,-0.6158562,0.6595389,0.7950469,0.0,0.0,0
117648062,0.09675433,-0.6356972,0.68334436,0.7936511,0.0,0.0,0
117667757,0.06569152,-0.65947354,0.7066559,0.7924109,0.0,0.0,0
117682498,0.043816477,-0.6696986,0.7234683,0.7924109,0.0,0.0,0
117707116,0.06750338,-0.69273424,0.6976335,0.79196495,0.0,0.0,0
117726833,0.111449696,-0.6867339,0.6658346,0.79344624,0.0,0.0,0
117741624,0.13798624,-0.67953163,0.64532167,0.79344624,0.0,0.0,0
117766258,0.16094877,-0.66308326,0.62254834,0.79788053,0.0,0.0,0
117785929,0.14356361,-0.6406224,0.6329652,0.8001249,0.0,0.0,0
117805641,0.10941526,-0.6237711,0.6541425,0.8023183,0.0,0.0,0
117825366,0.05626991,-0.61145854,0.6841958,0.80453736,0.0,0.0,0
117845146,-0.0024053724,-0.5907372,0.7117569,0.80676115,0.0,0.0,0
117864853,-0.046919666,-0.55574393,0.7277097,0.8090325,0.0,0.0,0
117884466,-0.09446959,-0.5217673,0.7389545,0.80931133,0.0,0.0,0
117904146,-0.13569215,-0.51350945,0.73418427,0.8072519,0.0,0.0,0
117923840,-0.15023452,-0.5378266,0.7436384,0.8072519,0.0,0.0,0
117948472,-0.19198996,-0.5686813,0.74135965,0.8040864,0.0,0.0,0
117963251,-0.195412,-0.58424526,0.73427683,0.8020718,0.0,0.0,0
117982945,-0.14855099,-0.59419537,0.7178493,0.8011914,0.0,0.0,0
118007587,-0.084088735,-0.5759,0.6849224,0.80172914,0.0,0.0,0
118022358,-0.06877655,-0.5645284,0.66994596,0.8033661,0.0,0.0,0
118047041,-0.06923622,-0.5462096,0.6636187,0.8055214,0.0,0.0,0
118066715,-0.08952478,-0.52707094,0.67424697,0.807747,0.0,0.0,0
118086383,-0.13766094,-0.5164435,0.68126,0.8099604,0.0,0.0,0
118106088,-0.19760048,-0.51120967,0.6832513,0.8121797,0.0,0.0,0
118125798,-0.244841,-0.49143952,0.6763584,0.8134894,0.0,0.0,0
118145508,-0.3014253,-0.46932694,0.6563205,0.81340337,0.0,0.0,0
118165207,-0.35702264,-0.46932453,0.63485956,0.81187016,0.0,0.0,0
118184902,-0.4065009,-0.49716893,0.6210134,0.8096727,0.0,0.0,0
118204594,-0.44362897,-0.5316464,0.6132848,0.8074604,0.0,0.0,0
118229314,-0.45531523,-0.5616062,0.6075567,0.80302376,0.0,0.0,0
118244112,-0.40845698,-0.5741647,0.5970339,0.80302376,0.0,0.0,0
118263773,-0.34587386,-0.57499975,0.57207537,0.80292606,0.0,0.0,0
118288361,-0.29634202,-0.5626641,0.54442984,0.8060568,0.0,0.0,0
118303112,-0.26586595,-0.55865103,0.5348356,0.8060568,0.0,0.0,0
118322814,-0.27303553,-0.5513334,0.52648956,0.8082628,0.0,0.0,0
118347461,-0.34391442,-0.54406595,0.53077066,0.81267446,0.0,0.0,0
118367166,-0.4022114,-0.55230707,0.53529274,0.8148871,0.0,0.0,0
118381961,-0.41935772,-0.55605334,0.54081994,0.8148871,0.0,0.0,0
118406607,-0.53659546,-0.5431684,0.50321865,0.815832,0.0,0.0,0
118426262,-0.6054892,-0.5517765,0.47716612,0.814016,0.0,0.0,0
118445981,-0.64719296,-0.59161186,0.45893145,0.8118211,0.0,0.0,0
118465670,-0.66622937,-0.64323485,0.45415357,0.8095988,0.0,0.0,0
118485345,-0.637041,-0.6881796,0.45336887,0.80738974,0.0,0.0,0
118505045,-0.6292581,-0.70781463,0.4459286,0.80544716,0.0,0.0,0
118524764,-0.58085585,-0.7034929,0.4286067,0.8054523,0.0,0.0,0
118544456,-0.53492165,-0.68780094,0.39535895,0.8065477,0.0,0.0,0
118564151,-0.50055975,-0.67393553,0.380666,0.8065477,0.0,0.0,0
118583865,-0.49386123,-0.66366434,0.36158478,0.8090252,0.0,0.0,0
118603557,-0.5165503,-0.65691406,0.36050656,0.81083834,0.0,0.0,0
118628297,-0.57086116,-0.6616643,0.36799106,0.812688,0.0,0.0,0
118648165,-0.60216683,-0.66026956,0.3671947,0.813994,0.0,0.0,0
118662684,-0.652052,-0.6524216,0.3513988,0.81444496,0.0,0.0,0
118687298,-0.7141967,-0.6439861,0.32467505,0.81350684,0.0,0.0,0
118707019,-0.7519792,-0.6713767,0.29334223,0.8113816,0.0,0.0,0
118721779,-0.7876489,-0.70887434,0.2674249,0.8091417,0.0,0.0,0
118746401,-0.75267875,-0.7649616,0.24805379,0.8069521,0.0,0.0,0
118766102,-0.7240867,-0.7885847,0.23585817,0.8047073,0.0,0.0,0
118785826,-0.65622616,-0.7883127,0.21413358,0.80251795,0.0,0.0,0
118805547,-0.5767925,-0.77346087,0.1851772,0.8012712,0.0,0.0,0
118825241,-0.5582433,-0.75336075,0.17904432,0.8017845,0.0,0.0,0
118845014,-0.54131585,-0.73414886,0.17209628,0.80273616,0.0,0.0,0
118864626,-0.5978239,-0.7174262,0.18678267,0.80410653,0.0,0.0,0
118884309,-0.6840504,-0.7125282,0.21354993,0.8055339,0.0,0.0,0
118904015,-0.7577418,-0.70860255,0.23618391,0.80655885,0.0,0.0,0
118928641,-0.8822346,-0.67906904,0.27904275,0.8062942,0.0,0.0,0
118943458,-0.9141552,-0.6573805,0.28269565,0.8062942,0.0,0.0,0
118963118,-0.9937371,-0.6444249,0.31838927,0.8045471,0.0,0.0,0
118987771,-1.077405,-0.6791685,0.37564418,0.8000967,0.0,0.0,0
119002521,-1.0489773,-0.7096221,0.37447214,0.8000967,0.0,0.0,0
119027322,-1.0085181,-0.76589906,0.37954476,0.79568774,0.0,0.0,0
119047106,-0.933337,-0.7958762,0.3619202,0.7937559,0.0,0.0,0
119066556,-0.85365903,-0.7956693,0.33622018,0.7937487,0.0,0.0,0
119086261,-0.80065006,-0.79056484,0.32182083,0.79444104,0.0,0.0,0
119105963,-0.7543755,-0.7885135,0.27421546,0.7958117,0.0,0.0,0
119125663,-0.728107,-0.78934175,0.25776458,0.79745615,0.0,0.0,0
119145366,-0.7639616,-0.7927852,0.2793709,0.7988073,0.0,0.0,0
119165057,-0.79381233,-0.8070482,0.3052116,0.7997828,0.0,0.0,0
119184772,-0.8236053,-0.8113368,0.31553894,0.7998198,0.0,0.0,0
119204468,-0.8781233,-0.7993126,0.341094,0.79877484,0.0,0.0,0
119224275,-0.93400407,-0.7983138,0.35146844,0.7966091,0.0,0.0,0
119243932,-0.9210618,-0.83088183,0.34278584,0.7966091,0.0,0.0,0
119268547,-0.9480114,-0.89532375,0.3300232,0.7932817,0.0,0.0,0
119283297,-0.9007102,-0.93918204,0.28463265,0.79103935,0.0,0.0,0
119302977,-0.8973552,-0.96742857,0.28514352,0.788848,0.0,0.0,0
119327606,-0.8464567,-0.9756695,0.23722027,0.78664017,0.0,0.0,0
119347307,-0.7769418,-0.9649085,0.17129812,0.7844179,0.0,0.0,0
119362078,-0.7534544,-0.9547596,0.13974775,0.78357947,0.0,0.0,0
119386732,-0.68826574,-0.94152266,0.08173255,0.7842334,0.0,0.0,0
119406592,-0.69286346,-0.9340953,0.092284255,0.7850538,0.0,0.0,0
119426379,-0.7301464,-0.94347787,0.11326238,0.7856685,0.0,0.0,0
119445853,-0.71921515,-0.9502055,0.11503089,0.7862681,0.0,0.0,0
119465526,-0.72581697,-0.9397732,0.1184179,0.7857287,0.0,0.0,0
119485231,-0.73295045,-0.9253276,0.121148005,0.7843735,0.0,0.0,0
119504962,-0.7377117,-0.9282713,0.10822509,0.7821619,0.0,0.0,0
119524625,-0.73816025,-0.9622331,0.09099307,0.77993935,0.0,0.0,0
119544330,-0.7169646,-1.0047371,0.06364725,0.77772826,0.0,0.0,0
119564025,-0.67197216,-1.0359161,0.02213887,0.775492,0.0,0.0,0
119583740,-0.6050923,-1.0453473,-0.03337706,0.77329725,0.0,0.0,0
119603433,-0.53143907,-1.0238951,-0.09953152,0.77107966,0.0,0.0,0
119628085,-0.47299317,-0.98430055,-0.16828278,0.76721734,0.0,0.0,0
119642870,-0.43675026,-0.96385604,-0.19606945,0.76721734,0.0,0.0,0
119667466,-0.4094094,-0.93502414,-0.22082402,0.76944304,0.0,0.0,0
119687181,-0.44526473,-0.9279234,-0.18750063,0.770499,0.0,0.0,0
119701946,-0.49322483,-0.9317789,-0.15026213,0.770499,0.0,0.0,0
119726572,-0.5360285,-0.93417543,-0.10414537,0.7710878,0.0,0.0,0
119746272,-0.5792697,-0.9187102,-0.06688392,0.77031153,0.0,0.0,0
119766012,-0.6268665,-0.90416884,-0.044760037,0.76844203,0.0,0.0,0
119785716,-0.6424753,-0.9135398,-0.04861922,0.7662595,0.0,0.0,0
119805476,-0.6409436,-0.95074683,-0.061174147,0.76404446,0.0,0.0,0
119825525,-0.6052615,-0.99388766,-0.09500762,0.7617967,0.0,0.0,0
119844783,-0.55946463,-1.0240225,-0.13436836,0.75959724,0.0,0.0,0
119864480,-0.4901914,-1.0259688,-0.1958491,0.75826865,0.0,0.0,0
119884180,-0.41911972,-0.99913675,-0.26286873,0.75833285,0.0,0.0,0
119908815,-0.3382604,-0.9532475,-0.32238936,0.75833285,0.0,0.0,0
119923584,-0.33563983,-0.9269764,-0.34159085,0.76038575,0.0,0.0,0
119943289,-0.32366526,-0.8984782,-0.35195038,0.76252115,0.0,0.0,0
119967917,-0.3982678,-0.8866068,-0.2861857,0.7645354,0.0,0.0,0
119982703,-0.44763324,-0.8891046,-0.24263163,0.7662588,0.0,0.0,0
120002399,-0.4976198,-0.8912008,-0.19353221,0.76759607,0.0,0.0,0
120027057,-0.5684075,-0.8704646,-0.1346765,0.7680875,0.0,0.0,0
120046735,-0.6122514,-0.8540348,-0.10465523,0.7676807,0.0,0.0,0
120066439,-0.63663346,-0.8595751,-0.09942805,0.76643217,0.0,0.0,0
120086130,-0.6490683,-0.89313763,-0.10780864,0.7647234,0.0,0.0,0
120105842,-0.61401963,-0.9304281,-0.14643814,0.7629984,0.0,0.0,0
120125552,-0.5627021,-0.9544036,-0.19156653,0.76126975,0.0,0.0,0
120145242,-0.4802471,-0.95298266,-0.25968114,0.76017284,0.0,0.0,0
120164942,-0.39618307,-0.92000914,-0.33425516,0.7598431,0.0,0.0,0
120184652,-0.32196668,-0.8810207,-0.39884531,0.7608894,0.0,0.0,0
120204673,-0.28487155,-0.8399634,-0.44023007,0.762811,0.0,0.0,0
120224338,-0.25502416,-0.8048511,-0.46421552,0.76505405,0.0,0.0,0
120248699,-0.2933633,-0.79131424,-0.42558777,0.76953197,0.0,0.0,0
120263456,-0.32998133,-0.79549336,-0.39803612,0.76953197,0.0,0.0,0
120283166,-0.35231155,-0.8005253,-0.3684282,0.77166724,0.0,0.0,0
120307777,-0.38295648,-0.78550136,-0.32937607,0.77348757,0.0,0.0,0
120327486,-0.41912994,-0.7720451,-0.30772465,0.772711,0.0,0.0,0
120342256,-0.42090416,-0.7755459,-0.30703738,0.772711,0.0,0.0,0
120366877,-0.42018607,-0.81284076,-0.32529205,0.76998,0.0,0.0,0
120386622,-0.37882605,-0.8460681,-0.36060083,0.76866144,0.0,0.0,0
120401389,-0.3431762,-0.862422,-0.38827506,0.76866144,0.0,0.0,0
120426026,-0.25530818,-0.8528728,-0.46551514,0.7675575,0.0,0.0,0
120445691,-0.1786137,-0.8080382,-0.5334594,0.76849806,0.0,0.0,0
120465394,-0.11559844,-0.75783503,-0.58967084,0.7705269,0.0,0.0,0
120485111,-0.073329784,-0.717385,-0.62358874,0.772747,0.0,0.0,0
120504797,-0.055989325,-0.6872612,-0.63326585,0.7749829,0.0,0.0,0
120524495,-0.063528016,-0.67730063,-0.61732113,0.77717835,0.0,0.0,0
120544202,-0.09083683,-0.69026244,-0.5841848,0.7793986,0.0,0.0,0
120563903,-0.13310021,-0.7026302,-0.55379593,0.7793986,0.0,0.0,0
120583606,-0.15113375,-0.6983683,-0.52049106,0.78207475,0.0,0.0,0
120608309,-0.19169451,-0.6961575,-0.4825048,0.78159076,0.0,0.0,0
120623269,-0.20100574,-0.70627666,-0.47835228,0.7805543,0.0,0.0,0
120647641,-0.18764868,-0.74332225,-0.49536416,0.7791455,0.0,0.0,0
120667340,-0.15275301,-0.76831,-0.52861434,0.7777452,0.0,0.0,0
120682147,-0.109732546,-0.772909,-0.55885357,0.776584,0.0,0.0,0
120706746,-0.0065879337,-0.7332041,-0.643933,0.7759158,0.0,0.0,0
120726490,0.06365787,-0.67273706,-0.70369184,0.77685106,0.0,0.0,0
120746176,0.10985993,-0.6182353,-0.74574995,0.7788536,0.0,0.0,0
120765871,0.13864006,-0.5739817,-0.7627953,0.7810689,0.0,0.0,0
120785565,0.13410467,-0.5501474,-0.75863343,0.78330743,0.0,0.0,0
120805283,0.10537058,-0.5474502,-0.73951834,0.7854995,0.0,0.0,0
120824988,0.06526237,-0.5682212,-0.7019267,0.78771734,0.0,0.0,0
120844658,0.037569456,-0.58328974,-0.66829604,0.7899373,0.0,0.0,0
120864363,0.010382088,-0.5847334,-0.6367831,0.7921531,0.0,0.0,0
120888998,0.0061022537,-0.58900696,-0.61679626,0.79385674,0.0,0.0,0
120903767,0.016491486,-0.60267735,-0.6264067,0.79385674,0.0,0.0,0
120923462,0.043655332,-0.6328249,-0.64923257,0.7928122,0.0,0.0,0
120948083,0.08956397,-0.66476274,-0.68236333,0.7910518,0.0,0.0,0
120962872,0.1404748,-0.6632404,-0.7097504,0.7910518,0.0,0.0,0
120982578,0.20327061,-0.63479024,-0.7361911,0.79094285,0.0,0.0,0
121007277,0.25337476,-0.5829408,-0.76507914,0.79455686,0.0,0.0,0
121026922,0.28847086,-0.5490693,-0.7743013,0.7967722,0.0,0.0,0
121046602,0.2959835,-0.52662146,-0.768112,0.7990116,0.0,0.0,0
121066299,0.289379,-0.5185526,-0.7553386,0.8011798,0.0,0.0,0
121086006,0.25965095,-0.5360566,-0.73324585,0.80339414,0.0,0.0,0
121105706,0.22491197,-0.56305635,-0.70800596,0.8056373,0.0,0.0,0
121125420,0.20516436,-0.57054555,-0.6822812,0.80782837,0.0,0.0,0
121145112,0.18580306,-0.5730335,-0.6568539,0.8082135,0.0,0.0,0
121164839,0.17675546,-0.5847484,-0.64327884,0.8067944,0.0,0.0,0
121184536,0.19462414,-0.6142376,-0.64748096,0.8049216,0.0,0.0,0
121204275,0.21489751,-0.6476732,-0.65479094,0.8033166,0.0,0.0,0
121223939,0.24070674,-0.66644394,-0.6672517,0.8033166,0.0,0.0,0
121243621,0.29417163,-0.65307885,-0.6874878,0.8020748,0.0,0.0,0
121263323,0.34136143,-0.6120228,-0.70171857,0.8024826,0.0,0.0,0
121287962,0.3954439,-0.5578343,-0.7190112,0.80389285,0.0,0.0,0
121307653,0.4261642,-0.5263512,-0.72347015,0.80611545,0.0,0.0,0
121322423,0.42904693,-0.51493686,-0.71576166,0.8083068,0.0,0.0,0
121347059,0.4028077,-0.52435297,-0.7014274,0.810551,0.0,0.0,0
121366761,0.376073,-0.55170655,-0.6842297,0.8127375,0.0,0.0,0
121381567,0.37525502,-0.5649489,-0.6622169,0.8140565,0.0,0.0,0
121406247,0.35376307,-0.57197183,-0.6318215,0.8143353,0.0,0.0,0
121425865,0.3487123,-0.5827856,-0.6066963,0.81339,0.0,0.0,0
121445565,0.36702397,-0.6137666,-0.59591305,0.8114686,0.0,0.0,0
121465265,0.37533683,-0.6552745,-0.59681004,0.80926156,0.0,0.0,0
121484968,0.3712461,-0.690855,-0.5949717,0.8070246,0.0,0.0,0
121504672,0.41502705,-0.69202775,-0.61189413,0.80527025,0.0,0.0,0
121524368,0.44680247,-0.6651835,-0.6218307,0.8045744,0.0,0.0,0
121544069,0.46715444,-0.6288005,-0.6287397,0.80506384,0.0,0.0,0
121563777,0.482092,-0.59799856,-0.63598824,0.80654806,0.0,0.0,0
121588447,0.47626024,-0.5797959,-0.6239344,0.810786,0.0,0.0,0
121603239,0.460352,-0.58026415,-0.61899954,0.810786,0.0,0.0,0
121622929,0.4436959,-0.60249895,-0.6052822,0.813026,0.0,0.0,0
121647545,0.43831104,-0.6360989,-0.56976384,0.81573635,0.0,0.0,0
121662311,0.40975428,-0.6493516,-0.56387424,0.81573635,0.0,0.0,0
121686908,0.43220943,-0.6690227,-0.5195346,0.8142887,0.0,0.0,0
121706611,0.43362126,-0.70723015,-0.5058912,0.8121778,0.0,0.0,0
121726314,0.43111742,-0.7613832,-0.5077345,0.8099645,0.0,0.0,0
121746012,0.41092694,-0.8107773,-0.50030714,0.8078976,0.0,0.0,0
121765712,0.43337092,-0.82970643,-0.52413404,0.80646753,0.0,0.0,0
121785455,0.4727027,-0.8133566,-0.53924394,0.8062803,0.0,0.0,0
121805247,0.48945415,-0.7814907,-0.55044985,0.8069991,0.0,0.0,0
121824824,0.518542,-0.7501785,-0.55308795,0.8084848,0.0,0.0,0
121844522,0.5210786,-0.73275274,-0.5393805,0.81013167,0.0,0.0,0
121869149,0.49997485,-0.7339455,-0.51979196,0.8118516,0.0,0.0,0
121883925,0.46259385,-0.7490988,-0.51072574,0.8118516,0.0,0.0,0
121903662,0.41333276,-0.78063,-0.47958398,0.81384784,0.0,0.0,0
121928257,0.373202,-0.7893341,-0.4442914,0.8142659,0.0,0.0,0
121943030,0.3716691,-0.7892099,-0.4186881,0.8135325,0.0,0.0,0
121962738,0.36748004,-0.8016412,-0.3921999,0.8117495,0.0,0.0,0
121987387,0.36314607,-0.8475005,-0.38157848,0.8095303,0.0,0.0,0
122007107,0.34893298,-0.8878267,-0.3696508,0.8072907,0.0,0.0,0
122021849,0.35806414,-0.9059924,-0.3699127,0.8050949,0.0,0.0,0
122046471,0.3929234,-0.8971242,-0.39248917,0.80285764,0.0,0.0,0
122066173,0.4217651,-0.86217546,-0.39997107,0.80141646,0.0,0.0,0
122085873,0.4331393,-0.8299863,-0.40637788,0.80163485,0.0,0.0,0
122105578,0.4346745,-0.8079511,-0.39854372,0.80256855,0.0,0.0,0
122125321,0.41542664,-0.795551,-0.38040158,0.80372477,0.0,0.0,0
122145011,0.38789958,-0.8024916,-0.36027795,0.8050479,0.0,0.0,0
122164707,0.3388148,-0.8193921,-0.33817315,0.8061337,0.0,0.0,0
122184509,0.3077816,-0.8209667,-0.3130756,0.8066917,0.0,0.0,0
122204182,0.28018826,-0.8110897,-0.2860211,0.8063703,0.0,0.0,0
122223788,0.26084816,-0.8094045,-0.25967124,0.8048635,0.0,0.0,0
122243486,0.2647028,-0.8340966,-0.24224044,0.80265826,0.0,0.0,0
122268113,0.2581759,-0.88024974,-0.225997,0.79822516,0.0,0.0,0
122287821,0.23546457,-0.90851915,-0.22680588,0.79601306,0.0,0.0,0
122302618,0.2685596,-0.9121577,-0.23943067,0.79601306,0.0,0.0,0
122327222,0.3073966,-0.8837262,-0.26235068,0.7924156,0.0,0.0,0
122346919,0.33574998,-0.85827667,-0.27173457,0.79309,0.0,0.0,0
122361702,0.35885575,-0.8418198,-0.27708218,0.79309,0.0,0.0,0
122386347,0.3651343,-0.8224111,-0.26671135,0.79581225,0.0,0.0,0
122406054,0.34811246,-0.821138,-0.25171518,0.7974434,0.0,0.0,0
122425737,0.32049707,-0.8348081,-0.23597556,0.7987542,0.0,0.0,0
122445427,0.2911345,-0.8475036,-0.21568656,0.79935753,0.0,0.0,0
122465151,0.28330085,-0.84420943,-0.1958252,0.7988869,0.0,0.0,0
122484843,0.28292742,-0.8390253,-0.17556113,0.79736507,0.0,0.0,0
122504561,0.29030538,-0.85607386,-0.15940271,0.7951467,0.0,0.0,0
122524236,0.29175392,-0.8962887,-0.1560751,0.7929063,0.0,0.0,0
122543942,0.2725273,-0.93661267,-0.15433939,0.7929063,0.0,0.0,0
122568669,0.29748955,-0.9648973,-0.16715534,0.7895998,0.0,0.0,0
122583412,0.31895673,-0.9591862,-0.17545381,0.7878513,0.0,0.0,0
122603107,0.3403837,-0.9333235,-0.18624477,0.78770393,0.0,0.0,0
122627691,0.3631218,-0.9028953,-0.19049226,0.7886157,0.0,0.0,0
122642446,0.36545625,-0.8861562,-0.18828999,0.7900866,0.0,0.0,0
122667082,0.3391743,-0.8703562,-0.16758263,0.7919516,0.0,0.0,0
122686783,0.30837706,-0.87463677,-0.15055834,0.79396296,0.0,0.0,0
122706506,0.2617911,-0.884743,-0.12956502,0.79565537,0.0,0.0,0
122726178,0.2353129,-0.87756485,-0.10940649,0.7966686,0.0,0.0,0
122745884,0.20615527,-0.85830474,-0.086328305,0.7967468,0.0,0.0,0
122765604,0.1869796,-0.8493283,-0.063853845,0.79554826,0.0,0.0,0
122785318,0.19358587,-0.86885417,-0.07028092,0.79340297,0.0,0.0,0
122804994,0.18259291,-0.901972,-0.06939171,0.79118234,0.0,0.0,0
122824702,0.17174701,-0.9282765,-0.067486934,0.7889664,0.0,0.0,0
122844392,0.19081613,-0.93592674,-0.07446443,0.786755,0.0,0.0,0
122864094,0.20882194,-0.91384155,-0.079473324,0.7848947,0.0,0.0,0
122883802,0.21743056,-0.8867641,-0.08073983,0.7848752,0.0,0.0,0
122908446,0.2213683,-0.85641634,-0.08115073,0.7874203,0.0,0.0,0
122923201,0.19481799,-0.841771,-0.07099116,0.7874203,0.0,0.0,0
122942911,0.19045791,-0.83211744,-0.06992171,0.7894106,0.0,0.0,0
122967719,0.16051668,-0.83883685,-0.061148364,0.7932744,0.0,0.0,0
122987702,0.1271905,-0.8456017,-0.051360793,0.7944275,0.0,0.0,0
123002024,0.11601409,-0.8398372,-0.04480232,0.7944275,0.0,0.0,0
123026638,0.09889076,-0.8235194,-0.014569545,0.79350674,0.0,0.0,0
123046338,0.09088411,-0.83099,0.002768273,0.7915385,0.0,0.0,0
123066043,0.080743484,-0.8635213,0.01622604,0.78930825,0.0,0.0,0
123085740,0.06372064,-0.89995354,0.034689214,0.7871008,0.0,0.0,0
123105489,0.052309178,-0.9259335,0.037913427,0.78545076,0.0,0.0,0
123125176,0.08645,-0.92623216,0.005714439,0.7847211,0.0,0.0,0
123144879,0.12992688,-0.90413755,-0.028356856,0.78512657,0.0,0.0,0
123164618,0.1722848,-0.88278604,-0.05952789,0.78637713,0.0,0.0,0
123184286,0.20324777,-0.8615759,-0.08197151,0.7881038,0.0,0.0,0
123203954,0.19692658,-0.84682125,-0.07657054,0.7881038,0.0,0.0,0
123223664,0.19152081,-0.8459318,-0.06305645,0.79118335,0.0,0.0,0
123243354,0.15122096,-0.8575995,-0.03080823,0.79304606,0.0,0.0,0
123267988,0.10124141,-0.8572122,0.010243924,0.7941597,0.0,0.0,0
123282762,0.078218214,-0.8432062,0.033566903,0.79433835,0.0,0.0,0
123307393,0.04716833,-0.82280207,0.060346957,0.79315764,0.0,0.0,0
123327104,0.05791949,-0.837616,0.061710626,0.79104024,0.0,0.0,0
123341868,0.068191275,-0.8615429,0.058140147,0.7888247,0.0,0.0,0
123366946,0.091002904,-0.8955058,0.04222968,0.78660923,0.0,0.0,0
123386704,0.15589242,-0.9053294,-0.01376429,0.78434235,0.0,0.0,0
123405898,0.22732352,-0.88396156,-0.07184615,0.78209335,0.0,0.0,0
123425613,0.29520473,-0.84624505,-0.11900366,0.7819429,0.0,0.0,0
123445315,0.33867005,-0.81065655,-0.13083136,0.7828037,0.0,0.0,0
123465006,0.34261712,-0.7797188,-0.13040236,0.78445965,0.0,0.0,0
123484704,0.30187514,-0.7598466,-0.118691534,0.78651786,0.0,0.0,0
123504410,0.24350801,-0.7542193,-0.07050095,0.78873885,0.0,0.0,0
123524110,0.16225323,-0.7594115,-0.0074050995,0.7909281,0.0,0.0,0
123548773,0.099134915,-0.7476805,0.045262955,0.79281265,0.0,0.0,0
123563572,0.061352085,-0.7336875,0.07310814,0.79281265,0.0,0.0,0
123583273,0.023191614,-0.7269002,0.10357362,0.79214746,0.0,0.0,0
123607843,0.009541879,-0.76405746,0.12714653,0.7886601,0.0,0.0,0
123622634,-0.007225449,-0.7937708,0.14036077,0.7886601,0.0,0.0,0
123647243,-0.039944187,-0.82868373,0.15702271,0.78553134,0.0,0.0,0
123666954,-0.023408687,-0.8370444,0.15170316,0.7850858,0.0,0.0,0
123686685,-8.4908796e-05,-0.82189196,0.13467872,0.7859234,0.0,0.0,0
123706367,0.028479205,-0.80231553,0.11363123,0.78773755,0.0,0.0,0
123726065,0.06657659,-0.78535944,0.08623272,0.78997046,0.0,0.0,0
123745952,0.09183051,-0.77822137,0.070815966,0.7921907,0.0,0.0,0
123765832,0.098428346,-0.78166634,0.07040843,0.79439545,0.0,0.0,0
123785182,0.102493584,-0.8011269,0.068643965,0.7966053,0.0,0.0,0
123804871,0.109197654,-0.82397324,0.06209185,0.7988192,0.0,0.0,0
123824559,0.14158146,-0.83253425,0.049809106,0.8009496,0.0,0.0,0
123844265,0.1594243,-0.8408464,0.043894377,0.8003927,0.0,0.0,0
123863963,0.15508746,-0.867683,0.047512993,0.8003927,0.0,0.0,0
123888618,0.1566331,-0.9315812,0.06461833,0.79757583,0.0,0.0,0
123903378,0.13530256,-0.9680936,0.08901847,0.79549426,0.0,0.0,0
123923063,0.1032388,-1.0024766,0.11465977,0.79347837,0.0,0.0,0
123947703,0.11010813,-1.0127926,0.10443904,0.7921766,0.0,0.0,0
123967427,0.13408886,-0.9903371,0.084565155,0.7919105,0.0,0.0,0
123982237,0.14721583,-0.97094584,0.075889215,0.7924829,0.0,0.0,0
124006844,0.15257719,-0.94592166,0.07603907,0.7935854,0.0,0.0,0
124026538,0.14167763,-0.93137354,0.08740414,0.7950917,0.0,0.0,0
124046234,0.11062245,-0.9303257,0.11481693,0.7966629,0.0,0.0,0
124065917,0.05835169,-0.9306085,0.1556265,0.7980008,0.0,0.0,0
124085662,0.030154552,-0.9117931,0.17570366,0.7985672,0.0,0.0,0
124105348,-0.0025438718,-0.88115644,0.20074119,0.7981011,0.0,0.0,0
124125058,-0.03406634,-0.8605895,0.22184923,0.79649353,0.0,0.0,0
124144979,-0.04183625,-0.8748495,0.22848499,0.79428226,0.0,0.0,0
124164709,-0.050994966,-0.9029486,0.23394208,0.7920217,0.0,0.0,0
124184129,-0.050320283,-0.9232565,0.23494537,0.78981185,0.0,0.0,0
124203826,-0.008433748,-0.9316287,0.19941531,0.78760874,0.0,0.0,0
124223525,0.053571768,-0.91271144,0.14824755,0.7854221,0.0,0.0,0
124248150,0.11947629,-0.8733245,0.09498634,0.7843789,0.0,0.0,0
124262928,0.1502559,-0.85141265,0.070930734,0.7843789,0.0,0.0,0
124287579,0.15126711,-0.8195054,0.07668072,0.7875923,0.0,0.0,0
124307254,0.10231733,-0.802708,0.12013108,0.7894778,0.0,0.0,0
124322061,0.045387134,-0.79616994,0.16335753,0.7894778,0.0,0.0,0
124346676,-0.06858315,-0.7832907,0.22708467,0.7919291,0.0,0.0,0
124366394,-0.14723906,-0.75718296,0.24626115,0.7917717,0.0,0.0,0
124386077,-0.22263059,-0.7310614,0.2526409,0.7904534,0.0,0.0,0
124405772,-0.26604375,-0.73046726,0.2582465,0.78825164,0.0,0.0,0
124425471,-0.28514096,-0.7595444,0.26164114,0.7860085,0.0,0.0,0
124445174,-0.27652913,-0.79478,0.2594851,0.7838169,0.0,0.0,0
124464876,-0.24582715,-0.8212671,0.24665003,0.7820946,0.0,0.0,0
124484571,-0.17176355,-0.8271502,0.21605064,0.7814592,0.0,0.0,0
124504300,-0.09832658,-0.8033135,0.18550421,0.7820245,0.0,0.0,0
124528932,-0.025491156,-0.768964,0.16042864,0.7820245,0.0,0.0,0
124543813,-0.0014584437,-0.7484387,0.13886184,0.7845931,0.0,0.0,0
124563975,-0.0030514803,-0.72362584,0.14383224,0.7868207,0.0,0.0,0
124588010,-0.0772749,-0.70000225,0.1767713,0.7890633,0.0,0.0,0
124602805,-0.13052146,-0.69754565,0.18983974,0.79127246,0.0,0.0,0
124622483,-0.18126714,-0.6954997,0.2027931,0.793458,0.0,0.0,0
124647118,-0.23224367,-0.6822894,0.20852864,0.794769,0.0,0.0,0
124666830,-0.2635024,-0.68381244,0.20750663,0.7947036,0.0,0.0,0
124686548,-0.26658672,-0.7172744,0.20889343,0.79363006,0.0,0.0,0
124706217,-0.27213386,-0.7679785,0.21220554,0.7920779,0.0,0.0,0
124725938,-0.2682776,-0.814392,0.21315254,0.79053867,0.0,0.0,0
124745692,-0.24644026,-0.84481305,0.20781109,0.7893072,0.0,0.0,0
124765365,-0.19771181,-0.8491448,0.18611452,0.78885347,0.0,0.0,0
124785032,-0.13730039,-0.83442205,0.16433728,0.78955597,0.0,0.0,0
124804733,-0.1091354,-0.81854427,0.14857934,0.7911034,0.0,0.0,0
124824434,-0.0835092,-0.80639493,0.14092326,0.79325455,0.0,0.0,0
124844137,-0.08476492,-0.8009041,0.14200744,0.7954681,0.0,0.0,0
124868765,-0.111290336,-0.8123614,0.154721,0.7999015,0.0,0.0,0
124883557,-0.12788738,-0.8241685,0.16110988,0.7999015,0.0,0.0,0
124903241,-0.13377376,-0.82380325,0.15854418,0.8018452,0.0,0.0,0
124927902,-0.15856972,-0.8128443,0.16139244,0.8013325,0.0,0.0,0
124947689,-0.1620517,-0.820904,0.16350855,0.7994332,0.0,0.0,0
124962398,-0.15479486,-0.84670573,0.16327499,0.7994332,0.0,0.0,0
124986998,-0.15607598,-0.89678246,0.16577624,0.79494303,0.0,0.0,0
125006736,-0.1635109,-0.9234098,0.16502917,0.7930584,0.0,0.0,0
125021446,-0.14123277,-0.93285877,0.1577306,0.7930584,0.0,0.0,0
125046074,-0.09800709,-0.911227,0.13491626,0.79228246,0.0,0.0,0
125065782,-0.07160728,-0.88415396,0.12077132,0.79332995,0.0,0.0,0
125085485,-0.04333284,-0.8641914,0.109745584,0.7947695,0.0,0.0,0
125105181,-0.03645657,-0.8487972,0.111233614,0.7965114,0.0,0.0,0
125124898,-0.06746098,-0.84402597,0.12207159,0.7982209,0.0,0.0,0
125144615,-0.10924434,-0.8525013,0.13722672,0.7995633,0.0,0.0,0
125164337,-0.14350499,-0.85168815,0.14200616,0.80009353,0.0,0.0,0
125183989,-0.17059454,-0.83706295,0.15043671,0.80009353,0.0,0.0,0
125203702,-0.2025429,-0.8266269,0.15354589,0.7983463,0.0,0.0,0
125228314,-0.21122934,-0.8517511,0.15593378,0.79612553,0.0,0.0,0
125243096,-0.21265827,-0.8836127,0.15136348,0.79391277,0.0,0.0,0
125267726,-0.19482845,-0.92851865,0.14772673,0.79169554,0.0,0.0,0
125287438,-0.15841363,-0.9470102,0.13170096,0.78945297,0.0,0.0,0
125302199,-0.11721515,-0.94211316,0.10910505,0.7872382,0.0,0.0,0
125326825,-0.043338917,-0.90853125,0.075284444,0.78610444,0.0,0.0,0
125346613,-0.010543718,-0.8776031,0.05629791,0.7865998,0.0,0.0,0
125366235,0.0052082418,-0.8508983,0.044204928,0.78765714,0.0,0.0,0
125385934,-0.030911393,-0.8324731,0.063954115,0.789158,0.0,0.0,0
125405641,-0.086753644,-0.82804936,0.087654285,0.7907753,0.0,0.0,0
125425344,-0.146939,-0.82910305,0.10838911,0.79216516,0.0,0.0,0
125445059,-0.19258307,-0.8175831,0.11696341,0.7928607,0.0,0.0,0
125464748,-0.23408328,-0.8010227,0.12685755,0.7927131,0.0,0.0,0
125484451,-0.26432255,-0.8038348,0.12742095,0.7914068,0.0,0.0,0
125509076,-0.27309227,-0.8485618,0.12175764,0.78706807,0.0,0.0,0
125523844,-0.2582191,-0.881733,0.120613515,0.78706807,0.0,0.0,0
125543578,-0.2334103,-0.9168916,0.11120591,0.7848506,0.0,0.0,0
125568190,-0.16453308,-0.9316265,0.07477841,0.7818999,0.0,0.0,0
125582984,-0.10869658,-0.91683096,0.05361502,0.7818999,0.0,0.0,0
125602687,-0.049783077,-0.8878175,0.02706872,0.7821941,0.0,0.0,0
125627302,-0.003477319,-0.8528723,0.0035284376,0.78496385,0.0,0.0,0
125646993,0.013597199,-0.8323557,-0.0055375462,0.78699046,0.0,0.0,0
125666685,-0.0206854,-0.82277185,0.017373962,0.7890368,0.0,0.0,0
125686379,-0.06793603,-0.8289716,0.03511761,0.79070246,0.0,0.0,0
125706093,-0.10807862,-0.83485985,0.045453336,0.79163134,0.0,0.0,0
125725822,-0.14202668,-0.8292846,0.05571855,0.7914965,0.0,0.0,0
125745570,-0.16644928,-0.8254038,0.060652576,0.790307,0.0,0.0,0
125765194,-0.16869612,-0.84566766,0.06172785,0.78841347,0.0,0.0,0
125784898,-0.16498032,-0.889506,0.05923136,0.7862475,0.0,0.0,0
125804597,-0.1528773,-0.9339232,0.057808176,0.7840826,0.0,0.0,0
125824300,-0.13812357,-0.9619768,0.053646315,0.7825575,0.0,0.0,0
125844012,-0.08285396,-0.96385944,0.032210447,0.7825575,0.0,0.0,0
125863703,-0.03828323,-0.94119084,0.015478105,0.7823096,0.0,0.0,0
125883403,-0.0033282063,-0.91530204,-0.014447477,0.7831311,0.0,0.0,0
125908032,0.025510132,-0.88871956,-0.026267791,0.78452116,0.0,0.0,0
125927785,0.01245427,-0.8771005,-0.020138113,0.7862825,0.0,0.0,0
125942542,-0.007812582,-0.87762535,-0.0037502998,0.7881699,0.0,0.0,0
125967134,-0.055006396,-0.8898931,0.020763941,0.7897659,0.0,0.0,0
125986856,-0.07555631,-0.88653487,0.027990282,0.7907749,0.0,0.0,0
126001631,-0.09356395,-0.8755281,0.033739325,0.79084337,0.0,0.0,0
126026277,-0.11575336,-0.8687836,0.041351587,0.7896855,0.0,0.0,0
126045978,-0.109775424,-0.8942914,0.03981095,0.7874906,0.0,0.0,0
126065677,-0.115360096,-0.9341265,0.04384373,0.7852743,0.0,0.0,0
126085394,-0.11520028,-0.9667298,0.045071684,0.78305435,0.0,0.0,0
126105060,-0.0928652,-0.98250484,0.037178006,0.7808157,0.0,0.0,0
126124803,-0.054075245,-0.97143453,0.02210752,0.7786055,0.0,0.0,0
126144533,0.0024810242,-0.9413166,-0.022736277,0.77832454,0.0,0.0,0
126164159,0.038174648,-0.9096909,-0.043275908,0.77905035,0.0,0.0,0
126183858,0.055774182,-0.8879736,-0.050262142,0.7804055,0.0,0.0,0
126208495,0.056242686,-0.87440276,-0.043578982,0.7840195,0.0,0.0,0
126223269,0.03681649,-0.87788326,-0.03695419,0.7840195,0.0,0.0,0
126242967,0.013183166,-0.88859326,-0.025452262,0.78558403,0.0,0.0,0
126267588,0.0052656494,-0.8839523,-0.0123123685,0.786736,0.0,0.0,0
126282368,-0.011063828,-0.87580466,-0.0012032721,0.786736,0.0,0.0,0
126306992,-0.025632458,-0.8811687,0.009630704,0.7836516,0.0,0.0,0
126326729,-0.02469466,-0.9158746,0.009460104,0.78141296,0.0,0.0,0
126346428,-0.022603543,-0.95516354,0.008783183,0.77920806,0.0,0.0,0
126366094,-0.022435583,-0.984212,0.009615345,0.77714187,0.0,0.0,0
126385804,0.01732667,-0.9921415,-0.020374224,0.7761591,0.0,0.0,0
126405517,0.06065872,-0.9721,-0.040820453,0.77634495,0.0,0.0,0
126425203,0.09476775,-0.94529486,-0.059107505,0.7774521,0.0,0.0,0
126444914,0.120299734,-0.9188032,-0.06808895,0.7791142,0.0,0.0,0
126464607,0.11664477,-0.8990197,-0.060802292,0.78117645,0.0,0.0,0
126489247,0.069549456,-0.8872539,-0.038805097,0.78332615,0.0,0.0,0
126504022,0.02608274,-0.8904733,-0.023408633,0.78332615,0.0,0.0,0
126523793,-0.029215965,-0.89448524,0.011972984,0.7857022,0.0,0.0,0
126548367,-0.085529216,-0.87608784,0.031133255,0.7864931,0.0,0.0,0
126563136,-0.11180155,-0.8652534,0.04028161,0.7860175,0.0,0.0,0
126582848,-0.12949236,-0.86952645,0.0463404,0.78446597,0.0,0.0,0
126607490,-0.13292305,-0.910981,0.05010148,0.78224254,0.0,0.0,0
126627170,-0.12206948,-0.9455363,0.04752558,0.78004676,0.0,0.0,0
126641922,-0.11157941,-0.9619962,0.04422858,0.77786046,0.0,0.0,0
126666558,-0.04783477,-0.96246827,0.01586446,0.7765205,0.0,0.0,0
126686248,0.020583047,-0.9336615,-0.032057725,0.7762138,0.0,0.0,0
126705954,0.056937836,-0.9045181,-0.05432635,0.77697206,0.0,0.0,0
126725695,0.08898857,-0.87785274,-0.066923276,0.7784471,0.0,0.0,0
126745399,0.086959176,-0.8564796,-0.064341255,0.7803582,0.0,0.0,0
126765059,0.05449684,-0.8468781,-0.046528555,0.7824763,0.0,0.0,0
126784767,0.008423971,-0.8489297,-0.028727293,0.784539,0.0,0.0,0
126804465,-0.022161225,-0.84611857,-0.0014834875,0.7862304,0.0,0.0,0
126824161,-0.057183027,-0.8295666,0.022671776,0.78705,0.0,0.0,0
126843870,-0.08195859,-0.8180666,0.030355891,0.7867288,0.0,0.0,0
126863574,-0.08223414,-0.8329418,0.02987648,0.78542066,0.0,0.0,0
126888260,-0.08690973,-0.88081133,0.032980658,0.7816135,0.0,0.0,0
126907977,-0.08254563,-0.91582495,0.032445665,0.7798564,0.0,0.0,0
126922753,-0.05255016,-0.9330158,0.021478556,0.7798564,0.0,0.0,0
126947319,0.018022813,-0.92336637,-0.036650904,0.7791052,0.0,0.0,0
126967010,0.07020387,-0.89695823,-0.062410213,0.78027076,0.0,0.0,0
126981791,0.105249904,-0.87696177,-0.07359392,0.78027076,0.0,0.0,0
127006435,0.13880853,-0.84871626,-0.083072826,0.7843122,0.0,0.0,0
127026136,0.124574095,-0.83523124,-0.072498634,0.78652406,0.0,0.0,0
127045839,0.09250757,-0.8343321,-0.056681067,0.78874075,0.0,0.0,0
127065570,0.046304595,-0.84239227,-0.039174825,0.7909524,0.0,0.0,0
127085210,0.0211925,-0.83933216,-0.0252427,0.79210556,0.0,0.0,0
127104918,-0.0051926277,-0.8269525,-0.009993165,0.79192305,0.0,0.0,0
127124648,-0.022163192,-0.8267502,0.0058309142,0.79072964,0.0,0.0,0
127144318,-0.02061461,-0.8552868,0.0042765457,0.7889387,0.0,0.0,0
127164018,-0.015806066,-0.89834833,0.0025859384,0.7870739,0.0,0.0,0
127188652,-0.0014120043,-0.9386668,-0.009096686,0.7870739,0.0,0.0,0
127203427,0.033010464,-0.9469367,-0.024540897,0.7852683,0.0,0.0,0
127223124,0.07508384,-0.9310102,-0.04675888,0.78510016,0.0,0.0,0
127247765,0.13175899,-0.90013045,-0.070888646,0.7860426,0.0,0.0,0
127262524,0.15920496,-0.88087606,-0.08356589,0.78775924,0.0,0.0,0
127287273,0.17177969,-0.855055,-0.08738713,0.78985006,0.0,0.0,0
127307001,0.15430042,-0.8481009,-0.07613471,0.7921044,0.0,0.0,0
127326830,0.12286671,-0.8555938,-0.05914959,0.79429907,0.0,0.0,0
127346273,0.09211313,-0.862641,-0.04037165,0.7965348,0.0,0.0,0
127365968,0.06550499,-0.85544986,-0.030679181,0.7979587,0.0,0.0,0
127385674,0.050163653,-0.8463938,-0.017122345,0.7980047,0.0,0.0,0
127405375,0.048231095,-0.8595041,-0.017650677,0.796898,0.0,0.0,0
127425070,0.053673655,-0.89878917,-0.020769771,0.7950029,0.0,0.0,0
127444774,0.052766692,-0.93981606,-0.021150645,0.7928183,0.0,0.0,0
127464545,0.0712033,-0.96839774,-0.028731035,0.7908512,0.0,0.0,0
127484201,0.11463585,-0.9694899,-0.04513792,0.789571,0.0,0.0,0
127503931,0.15985239,-0.9424939,-0.060826465,0.7892655,0.0,0.0,0
127528555,0.19267784,-0.9073086,-0.07356003,0.7913119,0.0,0.0,0
127543281,0.20628767,-0.88952184,-0.07699093,0.7913119,0.0,0.0,0
127563030,0.19368663,-0.8723448,-0.067998074,0.7930594,0.0,0.0,0
127587640,0.15888734,-0.8708158,-0.05677992,0.7968089,0.0,0.0,0
127607357,0.11749078,-0.8799748,-0.04455802,0.7980227,0.0,0.0,0
127622104,0.09567078,-0.8772114,-0.036243487,0.7980227,0.0,0.0,0
127646724,0.06942612,-0.85636634,-0.027651208,0.7975875,0.0,0.0,0
127666414,0.05457246,-0.8470908,-0.010768894,0.7955585,0.0,0.0,0
127686127,0.053942453,-0.8672854,-0.008493871,0.79334307,0.0,0.0,0
127706076,0.052000076,-0.90169096,-0.0030491953,0.7911228,0.0,0.0,0
127725795,0.035792563,-0.92953545,0.0066062724,0.78890127,0.0,0.0,0
127745234,0.06732361,-0.94165933,-0.023946526,0.7866842,0.0,0.0,0
127764924,0.111991435,-0.9242666,-0.04433134,0.78588206,0.0,0.0,0
127784629,0.15230347,-0.8950574,-0.057094757,0.7864444,0.0,0.0,0
127804331,0.19183908,-0.8669292,-0.06970395,0.7876696,0.0,0.0,0
127824030,0.21033812,-0.84442306,-0.07468997,0.7876696,0.0,0.0,0
127843755,0.19877,-0.83381784,-0.07177096,0.79028505,0.0,0.0,0
127863448,0.17727005,-0.83678025,-0.065576084,0.79206973,0.0,0.0,0
127888074,0.14320378,-0.8472003,-0.05514209,0.7933486,0.0,0.0,0
127902867,0.13623641,-0.84364414,-0.053894483,0.7939463,0.0,0.0,0
127927497,0.110625535,-0.8320073,-0.03350811,0.7934769,0.0,0.0,0
127947169,0.0977558,-0.8448576,-0.01617845,0.7918477,0.0,0.0,0
127961942,0.09134633,-0.8719567,-0.008843119,0.7896514,0.0,0.0,0
127986628,0.072729714,-0.9227223,0.00959901,0.7874384,0.0,0.0,0
128006311,0.07664005,-0.9500438,0.008603593,0.78519964,0.0,0.0,0
128026010,0.115208104,-0.9517025,-0.028350692,0.78300935,0.0,0.0,0
128045713,0.15803944,-0.9266871,-0.06553669,0.7817284,0.0,0.0,0
128065389,0.19136606,-0.89767057,-0.076325946,0.7819854,0.0,0.0,0
128085381,0.21799728,-0.87258905,-0.08448,0.7830116,0.0,0.0,0
128105054,0.2110116,-0.853966,-0.08157093,0.78448635,0.0,0.0,0
128124525,0.19160956,-0.8493343,-0.07637313,0.78622836,0.0,0.0,0
128144188,0.14816335,-0.8593462,-0.047973283,0.7880052,0.0,0.0,0
128168814,0.105434194,-0.86262155,-0.008726453,0.78967863,0.0,0.0,0
128183588,0.07469778,-0.85391635,0.01508485,0.78967863,0.0,0.0,0
128203297,0.04780007,-0.8449213,0.040622823,0.78905547,0.0,0.0,0
128227914,0.037459545,-0.8670031,0.05006894,0.78517056,0.0,0.0,0
128242699,0.03354332,-0.89659333,0.05366266,0.78517056,0.0,0.0,0
128262407,0.022628708,-0.9335489,0.066370904,0.78295386,0.0,0.0,0
128287022,0.041963,-0.96102715,0.044326045,0.778527,0.0,0.0,0
128306776,0.08779351,-0.94950664,0.008018058,0.7780466,0.0,0.0,0
128326428,0.13134985,-0.9198553,-0.03140007,0.7786297,0.0,0.0,0
128346133,0.16285212,-0.8908969,-0.056624588,0.7799721,0.0,0.0,0
128365836,0.17717065,-0.8675818,-0.06192456,0.7817318,0.0,0.0,0
128385531,0.16223016,-0.8513779,-0.043913927,0.783723,0.0,0.0,0
128405258,0.11967091,-0.84768826,-0.008846012,0.7857043,0.0,0.0,0
128424950,0.064119235,-0.8530656,0.03761104,0.7872301,0.0,0.0,0
128444671,0.024828035,-0.847104,0.06597458,0.78791475,0.0,0.0,0
128464373,-0.0070862244,-0.83117855,0.091058515,0.7874272,0.0,0.0,0
128484365,-0.027849112,-0.824303,0.100462094,0.7874272,0.0,0.0,0
128508778,-0.022984697,-0.85760057,0.10207758,0.78468055,0.0,0.0,0
128523440,-0.018131016,-0.88880396,0.09997893,0.7825296,0.0,0.0,0
128543145,-0.0098596895,-0.92325383,0.09605478,0.780535,0.0,0.0,0
128567781,0.04416563,-0.94236875,0.048783477,0.77906674,0.0,0.0,0
128587492,0.09602305,-0.9276587,0.0062935106,0.7784524,0.0,0.0,0
128602252,0.13306908,-0.9084396,-0.02592412,0.77898633,0.0,0.0,0
128626887,0.1883767,-0.87266535,-0.07293084,0.7804413,0.0,0.0,0
128646588,0.20132516,-0.8498658,-0.080176875,0.7824677,0.0,0.0,0
128661361,0.17499982,-0.840925,-0.054426838,0.78466374,0.0,0.0,0
128686002,0.10777211,-0.84109,0.0036595755,0.7868803,0.0,0.0,0
128705735,0.047572456,-0.8451334,0.051796462,0.7890996,0.0,0.0,0
128725389,-0.0066338964,-0.834798,0.09137125,0.7910921,0.0,0.0,0
128745095,-0.04028955,-0.8213953,0.110161304,0.7914398,0.0,0.0,0
128764819,-0.07202809,-0.8269898,0.115500174,0.79065186,0.0,0.0,0
128784499,-0.07843552,-0.86204207,0.12100368,0.7889418,0.0,0.0,0
128804196,-0.08626817,-0.90348613,0.123913124,0.78686196,0.0,0.0,0
128823906,-0.080360256,-0.93458205,0.123507366,0.7849369,0.0,0.0,0
128843600,-0.03598492,-0.94788784,0.10343429,0.78358924,0.0,0.0,0
128868234,0.02794065,-0.9248382,0.050627746,0.783621,0.0,0.0,0
128883155,0.07057065,-0.91109407,0.018074196,0.783621,0.0,0.0,0
128907727,0.11080326,-0.88408625,-0.013415115,0.7867833,0.0,0.0,0
128927334,0.112078846,-0.86829454,-0.00919035,0.78885955,0.0,0.0,0
128942135,0.08880254,-0.8638203,0.009157662,0.78885955,0.0,0.0,0
128966765,0.035966773,-0.87103343,0.05466974,0.79253006,0.0,0.0,0
128986476,0.00026993465,-0.8683118,0.08334682,0.793378,0.0,0.0,0
129006170,-0.029764712,-0.8513599,0.09997271,0.79305345,0.0,0.0,0
129025869,-0.04460615,-0.8393076,0.1071855,0.7916357,0.0,0.0,0
129045560,-0.047732867,-0.8543161,0.10673565,0.7894166,0.0,0.0,0
129065242,-0.046199985,-0.8907769,0.110711984,0.7872032,0.0,0.0,0
129084990,-0.05104154,-0.926396,0.113259375,0.78499067,0.0,0.0,0
129104694,-0.040023167,-0.9475031,0.10691925,0.7827667,0.0,0.0,0
129124346,-0.003184723,-0.94182396,0.080342665,0.78208274,0.0,0.0,0
129148983,0.06452179,-0.91281474,0.028012468,0.78208274,0.0,0.0,0
129163758,0.090688795,-0.89483976,0.0036993073,0.7831437,0.0,0.0,0
129183457,0.11826077,-0.87479913,-0.018014077,0.78449446,0.0,0.0,0
129208114,0.10796472,-0.86087966,-0.0057322597,0.7861615,0.0,0.0,0
129222866,0.08178455,-0.8621072,0.019218188,0.7879067,0.0,0.0,0
129242558,0.033590764,-0.87141275,0.05832827,0.789331,0.0,0.0,0
129267190,-0.008699116,-0.86430216,0.0902574,0.7900256,0.0,0.0,0
129286971,-0.036511347,-0.84478045,0.10370954,0.789778,0.0,0.0,0
129306646,-0.057921268,-0.8392998,0.109224826,0.788232,0.0,0.0,0
129326300,-0.0541843,-0.8636701,0.111673124,0.7860374,0.0,0.0,0
129346000,-0.057034098,-0.9013063,0.110959195,0.78382933,0.0,0.0,0
129365701,-0.052733514,-0.9301617,0.1123644,0.7816125,0.0,0.0,0
129385403,-0.015414451,-0.9427235,0.09322805,0.7793924,0.0,0.0,0
129405104,0.03993584,-0.92780745,0.04524904,0.7771791,0.0,0.0,0
129424825,0.088547066,-0.8990243,0.0034310964,0.77556956,0.0,0.0,0
129444538,0.12863867,-0.87246686,-0.029695608,0.77613103,0.0,0.0,0
129464234,0.13892335,-0.8508968,-0.03738504,0.7772621,0.0,0.0,0
129483965,0.12859263,-0.83852905,-0.024711072,0.7788496,0.0,0.0,0
129503652,0.092377394,-0.8387067,0.007128051,0.78055704,0.0,0.0,0
129523307,0.046420082,-0.84445846,0.045733143,0.78203243,0.0,0.0,0
129547938,0.006969327,-0.83198625,0.07788893,0.7826328,0.0,0.0,0
129567643,-0.026062803,-0.8168907,0.09617374,0.7813738,0.0,0.0,0
129582417,-0.0436296,-0.81772757,0.10199262,0.7813738,0.0,0.0,0
129607052,-0.05391764,-0.85600567,0.10645394,0.7769824,0.0,0.0,0
129626748,-0.053065136,-0.8948126,0.107692234,0.7747628,0.0,0.0,0
129641531,-0.04521008,-0.91758037,0.10565915,0.7747628,0.0,0.0,0
129666152,0.012368278,-0.9335332,0.06234089,0.7708562,0.0,0.0,0
129685927,0.07191665,-0.91636693,0.013000804,0.7707932,0.0,0.0,0
129705560,0.12238454,-0.8890206,-0.02930263,0.7716212,0.0,0.0,0
129725263,0.16152395,-0.8596949,-0.060003936,0.7729668,0.0,0.0,0
129744961,0.1708726,-0.8372519,-0.062088158,0.77484936,0.0,0.0,0
129764660,0.14087655,-0.8252705,-0.03292511,0.7768604,0.0,0.0,0
129784365,0.09355518,-0.8263813,0.0055285334,0.7785737,0.0,0.0,0
129804065,0.043386683,-0.8300684,0.043328848,0.7785737,0.0,0.0,0
129823769,0.013297708,-0.81909645,0.069656126,0.7797367,0.0,0.0,0
129848390,-0.027250001,-0.80305433,0.08947846,0.77939963,0.0,0.0,0
129863169,-0.029541783,-0.80884767,0.09597862,0.77798456,0.0,0.0,0
129882894,-0.03448844,-0.8428669,0.09585587,0.77598405,0.0,0.0,0
129907500,-0.03180717,-0.89159197,0.09641964,0.77381134,0.0,0.0,0
129922273,-0.014179636,-0.9131002,0.08816892,0.7718897,0.0,0.0,0
129946908,0.058952227,-0.9214069,0.025691185,0.7706903,0.0,0.0,0
129966625,0.12118033,-0.89612037,-0.024913419,0.7704695,0.0,0.0,0
129986334,0.16703855,-0.8674637,-0.06460529,0.77126414,0.0,0.0,0
130006037,0.19597353,-0.8374533,-0.07696833,0.7728747,0.0,0.0,0
130025751,0.1888679,-0.81277746,-0.07438767,0.7747836,0.0,0.0,0
130045412,0.14542465,-0.8026921,-0.03883032,0.77700096,0.0,0.0,0
130065121,0.08061094,-0.8064958,0.012673815,0.7792137,0.0,0.0,0
130084927,0.027024483,-0.8069999,0.05386108,0.78110033,0.0,0.0,0
130104518,-0.016438235,-0.7945702,0.08615726,0.7821811,0.0,0.0,0
130129145,-0.05215275,-0.78374964,0.09956137,0.78092986,0.0,0.0,0
130143915,-0.06018551,-0.79854083,0.102678165,0.78092986,0.0,0.0,0
130163619,-0.06982197,-0.84004813,0.10567495,0.7790731,0.0,0.0,0
130188244,-0.07989755,-0.89114046,0.111161,0.7749265,0.0,0.0,0
130203026,-0.06917828,-0.9129118,0.10826378,0.7749265,0.0,0.0,0
130222730,-0.028807927,-0.9234745,0.08931389,0.7735563,0.0,0.0,0
130247348,0.0301971,-0.8986935,0.040758528,0.7737307,0.0,0.0,0
130267111,0.069636226,-0.87211,0.010339058,0.77500033,0.0,0.0,0
130286800,0.1016416,-0.8515697,-0.011878996,0.77660793,0.0,0.0,0
130306482,0.11051083,-0.83722544,-0.012916929,0.7784578,0.0,0.0,0
130326160,0.089965105,-0.83803314,0.0040480066,0.7802507,0.0,0.0,0
130345870,0.057578232,-0.8482548,0.03291789,0.7815762,0.0,0.0,0
130365560,0.032427263,-0.84627044,0.05267562,0.7821155,0.0,0.0,0
130385265,0.0025748904,-0.8323274,0.07958136,0.7815182,0.0,0.0,0
130404988,-0.023377987,-0.82486165,0.09609372,0.7797719,0.0,0.0,0
130424702,-0.02772537,-0.84652215,0.097429715,0.77757627,0.0,0.0,0
130444400,-0.030697523,-0.8870333,0.10000611,0.77535605,0.0,0.0,0
130464160,-0.04084227,-0.9230082,0.10425783,0.7731338,0.0,0.0,0
130483901,-0.02327059,-0.9460975,0.09215815,0.7708522,0.0,0.0,0
130503475,0.034334805,-0.94280803,0.04953363,0.7708522,0.0,0.0,0
130528114,0.103839934,-0.90686417,-0.01324298,0.76954615,0.0,0.0,0
130547808,0.14143592,-0.8782974,-0.043872494,0.7701099,0.0,0.0,0
130562577,0.151301,-0.85870224,-0.050851896,0.771304,0.0,0.0,0
130587208,0.1249757,-0.8371177,-0.025635898,0.77288437,0.0,0.0,0
130606912,0.074997485,-0.83441556,0.015453334,0.77464885,0.0,0.0,0
130621693,0.028905729,-0.8368143,0.0539173,0.7762136,0.0,0.0,0
130646311,-0.027192498,-0.8294645,0.09023942,0.7771482,0.0,0.0,0
130666046,-0.060205277,-0.81530404,0.1004808,0.7772725,0.0,0.0,0
130685765,-0.089216225,-0.81142354,0.10574893,0.7761864,0.0,0.0,0
130705423,-0.08993193,-0.8394712,0.10953751,0.77409273,0.0,0.0,0
130725120,-0.09385039,-0.8837219,0.11037596,0.77189744,0.0,0.0,0
130744826,-0.09283087,-0.9201264,0.112384416,0.7696801,0.0,0.0,0
130764520,-0.06387001,-0.9397803,0.09835696,0.76746845,0.0,0.0,0
130784244,-0.020692242,-0.9312549,0.07974168,0.76525354,0.0,0.0,0
130803932,0.026688581,-0.9051285,0.040432937,0.7647006,0.0,0.0,0
130828554,0.07054515,-0.87446266,0.0040179533,0.7662427,0.0,0.0,0
130843330,0.08062052,-0.86070335,-0.0028634488,0.7662427,0.0,0.0,0
130863159,0.06941735,-0.85020596,0.009256657,0.7677007,0.0,0.0,0
130887720,0.02934518,-0.85579467,0.04733939,0.7706392,0.0,0.0,0
130902472,-0.0058342535,-0.8635854,0.07414557,0.7706392,0.0,0.0,0
130927092,-0.030142264,-0.859177,0.08837597,0.7713207,0.0,0.0,0
130946770,-0.060438685,-0.84450483,0.09248657,0.7700098,0.0,0.0,0
130966476,-0.07110766,-0.84389347,0.10202,0.767786,0.0,0.0,0
130986187,-0.08037914,-0.8738401,0.10302962,0.7655916,0.0,0.0,0
131005870,-0.089968935,-0.9167698,0.11198365,0.76337516,0.0,0.0,0
131025640,-0.10683109,-0.9506141,0.117284454,0.7611543,0.0,0.0,0
131045271,-0.09495647,-0.97064036,0.11049698,0.7589395,0.0,0.0,0
131065002,-0.066533774,-0.96322376,0.095976345,0.7567242,0.0,0.0,0
131084682,-0.02709275,-0.9365702,0.075537406,0.75656575,0.0,0.0,0
131104385,0.0029686824,-0.9091786,0.056574527,0.75741214,0.0,0.0,0
131124078,0.014428836,-0.88668966,0.048482947,0.75741214,0.0,0.0,0
131143787,0.002695077,-0.871273,0.06326734,0.7595045,0.0,0.0,0
131168416,-0.04556194,-0.86945444,0.08746506,0.76096654,0.0,0.0,0
131183186,-0.071772486,-0.87425005,0.0989391,0.7621223,0.0,0.0,0
131202892,-0.09400505,-0.8691111,0.10358633,0.7626914,0.0,0.0,0
131227516,-0.1245593,-0.85125864,0.116079375,0.7623526,0.0,0.0,0
131247575,-0.14839652,-0.85117924,0.11910814,0.76084584,0.0,0.0,0
131262094,-0.15233798,-0.8714038,0.12179938,0.7585613,0.0,0.0,0
131286655,-0.16128275,-0.9230094,0.12495223,0.75637734,0.0,0.0,0
131306334,-0.16558614,-0.95659006,0.12895617,0.7541031,0.0,0.0,0
131326022,-0.1395579,-0.9776231,0.115429394,0.75197405,0.0,0.0,0
131345732,-0.093991466,-0.9699488,0.09450872,0.74976385,0.0,0.0,0
131365441,-0.05251391,-0.94333375,0.072299376,0.74764204,0.0,0.0,0
131385153,-0.02380086,-0.91477185,0.057501767,0.7478093,0.0,0.0,0
131404835,-0.009812393,-0.8939561,0.051308785,0.7485982,0.0,0.0,0
131424571,-0.035369184,-0.8785591,0.06301489,0.74972355,0.0,0.0,0
131444260,-0.08115653,-0.87450296,0.08194695,0.75105256,0.0,0.0,0
131464002,-0.13227075,-0.87761045,0.1010196,0.75213826,0.0,0.0,0
131483675,-0.17653254,-0.8697909,0.11353725,0.7526447,0.0,0.0,0
131508268,-0.23389447,-0.84442776,0.12212344,0.7509058,0.0,0.0,0
131527990,-0.25917152,-0.8358142,0.12558918,0.74867,0.0,0.0,0
131542752,-0.26058364,-0.8488488,0.12774406,0.74867,0.0,0.0,0
131567368,-0.275654,-0.8939951,0.1266712,0.7442583,0.0,0.0,0
131587082,-0.268469,-0.9276721,0.123036556,0.74201804,0.0,0.0,0
131601853,-0.24928208,-0.94575334,0.117989354,0.74201804,0.0,0.0,0
131626484,-0.19650178,-0.9444662,0.08950189,0.73760575,0.0,0.0,0
131646322,-0.14911968,-0.9181806,0.068430096,0.73576134,0.0,0.0,0
131666347,-0.11906648,-0.89131314,0.052586697,0.7363404,0.0,0.0,0
131685596,-0.09453385,-0.86627626,0.04070697,0.7374326,0.0,0.0,0
131705290,-0.08431467,-0.8483847,0.041005563,0.7389833,0.0,0.0,0
131724983,-0.114699535,-0.8377962,0.052989293,0.7406932,0.0,0.0,0
131744696,-0.1442906,-0.84102196,0.06225836,0.7421012,0.0,0.0,0
131764390,-0.16231751,-0.8448945,0.06451227,0.7428968,0.0,0.0,0
131784098,-0.17891881,-0.83717144,0.0697934,0.7428968,0.0,0.0,0
131808731,-0.20972405,-0.8253135,0.079746455,0.74205184,0.0,0.0,0
131823496,-0.22020702,-0.8359247,0.08327849,0.74041754,0.0,0.0,0
131843233,-0.23489296,-0.8737808,0.08572334,0.7382239,0.0,0.0,0
131867879,-0.24507996,-0.9279202,0.09158114,0.73600364,0.0,0.0,0
131882641,-0.24848169,-0.9535664,0.095220625,0.73378783,0.0,0.0,0
131907261,-0.2201962,-0.9731292,0.0863557,0.7315377,0.0,0.0,0
131926976,-0.18917553,-0.9578777,0.073514335,0.7304023,0.0,0.0,0
131946678,-0.15640381,-0.93430734,0.059998468,0.7304878,0.0,0.0,0
131966330,-0.12792018,-0.9066885,0.048613444,0.73138416,0.0,0.0,0
131986037,-0.10693246,-0.8823122,0.040666822,0.7328414,0.0,0.0,0
132005746,-0.1281819,-0.86458874,0.047189645,0.7347445,0.0,0.0,0
132025442,-0.15644267,-0.8586558,0.05609126,0.73675257,0.0,0.0,0
132045404,-0.18495235,-0.8611957,0.066217564,0.73854935,0.0,0.0,0
132065180,-0.20556194,-0.85544014,0.07305718,0.7398126,0.0,0.0,0
132084541,-0.23786892,-0.8428697,0.0833047,0.74024683,0.0,0.0,0
132104262,-0.266671,-0.84134907,0.094100185,0.73961914,0.0,0.0,0
132123947,-0.27267674,-0.8663933,0.09877147,0.7381433,0.0,0.0,0
132148579,-0.282289,-0.9189927,0.10830623,0.7338883,0.0,0.0,0
132163352,-0.26564014,-0.94693214,0.10413461,0.7338883,0.0,0.0,0
132183056,-0.2470803,-0.9718665,0.099110216,0.73202026,0.0,0.0,0
132207692,-0.1931482,-0.9684076,0.07859989,0.7307209,0.0,0.0,0
132227398,-0.13907629,-0.94213414,0.05794307,0.7316102,0.0,0.0,0
132242180,-0.10642185,-0.91776407,0.032405324,0.7316102,0.0,0.0,0
132266813,-0.08406359,-0.88373196,0.009467877,0.7353996,0.0,0.0,0
132286488,-0.09040106,-0.8615873,0.019174013,0.7376442,0.0,0.0,0
132306196,-0.14642957,-0.84524745,0.058425732,0.7398311,0.0,0.0,0
132325893,-0.2046819,-0.8421807,0.078321785,0.7420455,0.0,0.0,0
132345608,-0.24829666,-0.8379885,0.09342074,0.7440731,0.0,0.0,0
132365289,-0.28369078,-0.82261544,0.10431219,0.7445998,0.0,0.0,0
132384999,-0.32401365,-0.80806774,0.11859513,0.74411434,0.0,0.0,0
132404700,-0.3412437,-0.8161675,0.12597346,0.74273056,0.0,0.0,0
132424442,-0.34311965,-0.85241824,0.13074845,0.7408649,0.0,0.0,0
132444391,-0.3310864,-0.8974253,0.12992784,0.73899716,0.0,0.0,0
132463850,-0.30373493,-0.9347117,0.12204279,0.73899716,0.0,0.0,0
132483542,-0.2770966,-0.95306873,0.11316441,0.7371973,0.0,0.0,0
132508171,-0.22688703,-0.93478614,0.09147245,0.7368261,0.0,0.0,0
132522902,-0.1893247,-0.9157268,0.057835605,0.7375051,0.0,0.0,0
132547535,-0.15026794,-0.8798877,0.025057146,0.73886293,0.0,0.0,0
132567240,-0.14528075,-0.85614955,0.017809043,0.74080926,0.0,0.0,0
132582007,-0.15130699,-0.84171903,0.024943393,0.74302745,0.0,0.0,0
132606648,-0.20582943,-0.8329256,0.07001783,0.7452647,0.0,0.0,0
132626352,-0.24626845,-0.8322958,0.09918694,0.74745834,0.0,0.0,0
132646071,-0.26861948,-0.82114494,0.10631357,0.7492932,0.0,0.0,0
132665754,-0.29358608,-0.8045387,0.114115834,0.74999917,0.0,0.0,0
132685458,-0.3103184,-0.80276304,0.12038048,0.7495953,0.0,0.0,0
132705166,-0.31222412,-0.8322922,0.12335117,0.74829507,0.0,0.0,0
132724865,-0.3197879,-0.87726176,0.12866248,0.7465703,0.0,0.0,0
132744552,-0.30397394,-0.9198854,0.12476627,0.7447412,0.0,0.0,0
132764253,-0.2968077,-0.9510912,0.12298118,0.74315226,0.0,0.0,0
132788882,-0.25449705,-0.95484424,0.08058928,0.74236465,0.0,0.0,0
132803689,-0.20294991,-0.9395054,0.04033063,0.74236465,0.0,0.0,0
132823434,-0.16679168,-0.9150276,0.0069042747,0.7433176,0.0,0.0,0
132848083,-0.14485283,-0.88976425,-0.009715856,0.7467046,0.0,0.0,0
132862765,-0.147449,-0.87842625,-0.0073119025,0.7467046,0.0,0.0,0
132882501,-0.17219763,-0.8724279,0.014185568,0.7486768,0.0,0.0,0
132907121,-0.2144003,-0.8762705,0.050126605,0.7518689,0.0,0.0,0
132926829,-0.2368838,-0.86352,0.067242,0.7525682,0.0,0.0,0
132946496,-0.26660743,-0.837331,0.08978138,0.75220466,0.0,0.0,0
132966193,-0.30018792,-0.81570053,0.1095334,0.7508074,0.0,0.0,0
132985900,-0.31695363,-0.8245297,0.11787917,0.7487012,0.0,0.0,0
133005636,-0.3183842,-0.8589062,0.11337013,0.74650794,0.0,0.0,0
133025325,-0.29080582,-0.8967594,0.08955022,0.7442915,0.0,0.0,0
133045035,-0.25276473,-0.92452353,0.053326372,0.74264807,0.0,0.0,0
133064713,-0.17118713,-0.9298342,-0.015680851,0.7418723,0.0,0.0,0
133084406,-0.08525481,-0.90772915,-0.0895526,0.74220604,0.0,0.0,0
133104123,-0.03269885,-0.87558657,-0.12757453,0.74220604,0.0,0.0,0
133128745,-0.022039624,-0.83638567,-0.14085154,0.7443208,0.0,0.0,0
133143512,-0.040278986,-0.81726754,-0.12571774,0.7461787,0.0,0.0,0
133163212,-0.07973709,-0.7954884,-0.09039174,0.7482726,0.0,0.0,0
133187841,-0.18382329,-0.786006,-0.008340923,0.75027436,0.0,0.0,0
133207574,-0.26294565,-0.77598625,0.0516421,0.7519015,0.0,0.0,0
133222504,-0.30541858,-0.7582313,0.08196385,0.7528354,0.0,0.0,0
133247039,-0.36609203,-0.731104,0.12354414,0.7527121,0.0,0.0,0
133266655,-0.385493,-0.7344687,0.13127959,0.7515558,0.0,0.0,0
133281421,-0.38077933,-0.7593251,0.1208059,0.7496639,0.0,0.0,0
133306058,-0.34809932,-0.8167243,0.09089957,0.74750084,0.0,0.0,0
133325760,-0.30103907,-0.8533935,0.053995658,0.74560696,0.0,0.0,0
133345469,-0.2394977,-0.86942464,0.0017890172,0.74412495,0.0,0.0,0
133365159,-0.15753144,-0.8559523,-0.06680329,0.7434176,0.0,0.0,0
133384866,-0.07758912,-0.828048,-0.13403498,0.74389833,0.0,0.0,0
133404598,-0.04155923,-0.797726,-0.16434988,0.7451311,0.0,0.0,0
133424321,-0.03250354,-0.77505636,-0.17097422,0.74685705,0.0,0.0,0
133444025,-0.03863565,-0.7594626,-0.16380595,0.7490196,0.0,0.0,0
133463702,-0.07212142,-0.7587232,-0.13485871,0.75121367,0.0,0.0,0
133488301,-0.10193005,-0.76852274,-0.1038089,0.7545952,0.0,0.0,0
133503079,-0.11310112,-0.76412743,-0.09549916,0.7545952,0.0,0.0,0
133527700,-0.12881137,-0.74942064,-0.075244054,0.75447077,0.0,0.0,0
133547393,-0.1320568,-0.7545398,-0.07033859,0.75291437,0.0,0.0,0
133562175,-0.12641715,-0.7783978,-0.074953265,0.75291437,0.0,0.0,0
133586806,-0.11702267,-0.83633465,-0.07739033,0.7488194,0.0,0.0,0
133606501,-0.11358278,-0.87534165,-0.08168593,0.74700075,0.0,0.0,0
133626287,-0.09108183,-0.8976053,-0.1046624,0.74585825,0.0,0.0,0
133645924,-0.04861025,-0.891181,-0.14094593,0.7457945,0.0,0.0,0
133665614,-0.00983475,-0.86725557,-0.17683233,0.746676,0.0,0.0,0
133685360,0.023570763,-0.8403622,-0.20344688,0.7480919,0.0,0.0,0
133705013,0.050082758,-0.8177476,-0.21108924,0.7498552,0.0,0.0,0
133724719,0.047700107,-0.8054739,-0.20362599,0.7517801,0.0,0.0,0
133744423,0.0178037,-0.8087035,-0.18468417,0.75364375,0.0,0.0,0
133769050,-0.035132587,-0.8227218,-0.14503926,0.75364375,0.0,0.0,0
133783822,-0.046215437,-0.8196796,-0.1311235,0.7553999,0.0,0.0,0
133803537,-0.06454916,-0.80537564,-0.10748753,0.75556666,0.0,0.0,0
133828171,-0.08332297,-0.7935565,-0.08993166,0.7545265,0.0,0.0,0
133842942,-0.075341485,-0.805551,-0.09073226,0.7525091,0.0,0.0,0
133862643,-0.07052989,-0.84254134,-0.0926528,0.7502879,0.0,0.0,0
133887293,-0.06825139,-0.8863262,-0.092635974,0.74807864,0.0,0.0,0
133906993,-0.038494214,-0.9066858,-0.11854063,0.7458366,0.0,0.0,0
133926690,0.011189386,-0.8992098,-0.16100667,0.74396926,0.0,0.0,0
133946355,0.06023014,-0.87065196,-0.19046721,0.74382347,0.0,0.0,0
133966104,0.0983305,-0.8358628,-0.20900322,0.7446417,0.0,0.0,0
133985766,0.12240154,-0.8065736,-0.21913943,0.7461347,0.0,0.0,0
134005479,0.11391724,-0.7916995,-0.2099022,0.7480208,0.0,0.0,0
134025253,0.08796597,-0.78693086,-0.19491647,0.75008196,0.0,0.0,0
134044879,0.05379688,-0.79509825,-0.1808403,0.7521324,0.0,0.0,0
134064577,0.02619269,-0.8024686,-0.16595362,0.7538448,0.0,0.0,0
134084289,0.009589411,-0.7981347,-0.14568922,0.75477946,0.0,0.0,0
134103980,-0.0027803557,-0.79271424,-0.13078861,0.75460905,0.0,0.0,0
134123677,0.008744111,-0.8073365,-0.12989782,0.7534995,0.0,0.0,0
134143378,0.027096925,-0.8465374,-0.1365169,0.75161797,0.0,0.0,0
134168013,0.04769929,-0.89807254,-0.14118469,0.74772775,0.0,0.0,0
134187707,0.07049618,-0.926586,-0.15286553,0.74641937,0.0,0.0,0
134202487,0.1122211,-0.9323275,-0.16875912,0.74641937,0.0,0.0,0
134227136,0.16410641,-0.90686417,-0.20243779,0.746494,0.0,0.0,0
134246857,0.2106124,-0.87542033,-0.22060604,0.74781644,0.0,0.0,0
134261619,0.2388463,-0.85076153,-0.22747807,0.74781644,0.0,0.0,0
134286211,0.23185365,-0.82110906,-0.21493267,0.7518676,0.0,0.0,0
134305922,0.19418341,-0.8089857,-0.19456346,0.75409317,0.0,0.0,0
134325641,0.13241558,-0.8110221,-0.16812688,0.756173,0.0,0.0,0
134345361,0.07284748,-0.8140144,-0.14222588,0.75758964,0.0,0.0,0
134365048,0.034916334,-0.80290157,-0.12336051,0.75816405,0.0,0.0,0
134384796,0.000158157,-0.78786325,-0.10049707,0.75758433,0.0,0.0,0
134404450,-0.010430769,-0.78740513,-0.08411656,0.7561845,0.0,0.0,0
134424215,-0.009571626,-0.8174382,-0.08383223,0.75434524,0.0,0.0,0
134443821,-0.004656223,-0.85815084,-0.08851374,0.75434524,0.0,0.0,0
134468454,0.027385874,-0.89527476,-0.10584358,0.75185966,0.0,0.0,0
134483251,0.06821746,-0.90468967,-0.1255133,0.7507077,0.0,0.0,0
134502931,0.12589563,-0.8893314,-0.15242513,0.75047237,0.0,0.0,0
134527579,0.19028814,-0.8487619,-0.17787617,0.75126624,0.0,0.0,0
134542334,0.21752165,-0.8231248,-0.19002098,0.7527399,0.0,0.0,0
134566972,0.22643611,-0.79268396,-0.18856438,0.7546916,0.0,0.0,0
134586708,0.20691079,-0.77938753,-0.17361489,0.7568956,0.0,0.0,0
134606392,0.17508693,-0.7804176,-0.15783411,0.75913423,0.0,0.0,0
134626124,0.14343177,-0.78710526,-0.1407441,0.76132315,0.0,0.0,0
134645785,0.1216497,-0.7789124,-0.12681569,0.7629857,0.0,0.0,0
134665477,0.09721685,-0.76585615,-0.10654112,0.76357204,0.0,0.0,0
134685176,0.08026431,-0.7653934,-0.09118756,0.7629308,0.0,0.0,0
134704881,0.079784304,-0.7945787,-0.08064405,0.761348,0.0,0.0,0
134724584,0.070354946,-0.835857,-0.073225595,0.75929505,0.0,0.0,0
134749211,0.057262752,-0.87969375,-0.07165033,0.7556297,0.0,0.0,0
134763985,0.08165879,-0.89510906,-0.0805966,0.7556297,0.0,0.0,0
134783691,0.12297075,-0.88925743,-0.093926296,0.7546986,0.0,0.0,0
134808697,0.16368598,-0.85755724,-0.11480568,0.75589603,0.0,0.0,0
134823187,0.18666267,-0.839903,-0.12116954,0.75589603,0.0,0.0,0
134842802,0.19584177,-0.820589,-0.123252295,0.7575119,0.0,0.0,0
134867432,0.19871633,-0.80669063,-0.11144553,0.76164836,0.0,0.0,0
134887146,0.17835116,-0.81247926,-0.10162182,0.7637108,0.0,0.0,0
134901928,0.15300222,-0.8211875,-0.09410091,0.7637108,0.0,0.0,0
134926553,0.14573513,-0.81886137,-0.07513034,0.76585096,0.0,0.0,0
134946221,0.14214803,-0.8061892,-0.060369633,0.76533973,0.0,0.0,0
134965918,0.1383987,-0.80505484,-0.048502132,0.7637881,0.0,0.0,0
134985630,0.14558567,-0.8343258,-0.049535085,0.7615876,0.0,0.0,0
135005346,0.15023114,-0.87880427,-0.054894608,0.75939274,0.0,0.0,0
135025077,0.14286338,-0.9164116,-0.05421197,0.7571792,0.0,0.0,0
135044735,0.17746113,-0.9389633,-0.06708481,0.7555037,0.0,0.0,0
135064436,0.21892644,-0.9359982,-0.0824334,0.75508004,0.0,0.0,0
135084132,0.2610917,-0.9107828,-0.09659072,0.75554544,0.0,0.0,0
135103850,0.2978662,-0.8812333,-0.106809646,0.75554544,0.0,0.0,0
135123532,0.30871245,-0.85726523,-0.10649983,0.75762975,0.0,0.0,0
135148171,0.28679192,-0.83623666,-0.09764458,0.75946254,0.0,0.0,0
135167890,0.24598405,-0.83280283,-0.08445947,0.7614792,0.0,0.0,0
135182639,0.20677233,-0.8351375,-0.072638825,0.763258,0.0,0.0,0
135207585,0.15325493,-0.8262702,-0.055884365,0.76443267,0.0,0.0,0
135226988,0.11416648,-0.80777127,-0.04369168,0.76473606,0.0,0.0,0
135241748,0.09394576,-0.79887235,-0.03401886,0.76391685,0.0,0.0,0
135266378,0.08750809,-0.81815404,-0.021668885,0.7621407,0.0,0.0,0
135286078,0.08303674,-0.8563363,-0.014416059,0.7600061,0.0,0.0,0
135305793,0.07842743,-0.88920736,-0.007513913,0.7577632,0.0,0.0,0
135325511,0.13036878,-0.9100193,-0.051384456,0.75571597,0.0,0.0,0
135345217,0.18415955,-0.8991637,-0.07289071,0.75444627,0.0,0.0,0
135364909,0.23599608,-0.87067086,-0.08963747,0.75427824,0.0,0.0,0
135384657,0.2762006,-0.840413,-0.10086097,0.7551331,0.0,0.0,0
135404317,0.3015305,-0.8122094,-0.10663662,0.75660545,0.0,0.0,0
135423992,0.2883821,-0.79321116,-0.101754986,0.75847185,0.0,0.0,0
135448616,0.24703142,-0.7855747,-0.09069316,0.76279783,0.0,0.0,0
135463395,0.20287232,-0.78952324,-0.076769784,0.76279783,0.0,0.0,0
135483091,0.15946564,-0.78665566,-0.06102199,0.7644614,0.0,0.0,0
135507721,0.113435835,-0.7671897,-0.01840811,0.7651127,0.0,0.0,0
135522491,0.08900927,-0.7587408,-0.00021101176,0.7651127,0.0,0.0,0
135547129,0.09569391,-0.7806249,0.010907735,0.7618148,0.0,0.0,0
135566829,0.09255253,-0.82187796,0.016810846,0.7596281,0.0,0.0,0
135586881,0.08027085,-0.86045295,0.028479356,0.7576144,0.0,0.0,0
135606491,0.10898493,-0.886644,0.0011620134,0.75617445,0.0,0.0,0
135625925,0.16678156,-0.8854641,-0.0476627,0.75564885,0.0,0.0,0
135645638,0.22295918,-0.8586406,-0.09034613,0.7561156,0.0,0.0,0
135665337,0.2581774,-0.83494365,-0.10153565,0.7574963,0.0,0.0,0
135685035,0.2831067,-0.81343925,-0.109251305,0.75921994,0.0,0.0,0
135704755,0.2790527,-0.7998048,-0.10855794,0.76125336,0.0,0.0,0
135724449,0.25715154,-0.79863906,-0.103130385,0.763354,0.0,0.0,0
135744139,0.21237533,-0.80928,-0.0643885,0.76507527,0.0,0.0,0
135763842,0.16735487,-0.810441,-0.030997777,0.76507527,0.0,0.0,0
135788534,0.12676798,-0.7940012,0.006048911,0.76586944,0.0,0.0,0
135803274,0.10681566,-0.7849772,0.02654104,0.7652094,0.0,0.0,0
135822946,0.09388494,-0.79708225,0.04219669,0.7634226,0.0,0.0,0
135847575,0.08060284,-0.84653515,0.058725975,0.76122034,0.0,0.0,0
135867282,0.05838185,-0.88551116,0.08071073,0.75901353,0.0,0.0,0
135882083,0.06754649,-0.9095148,0.07230336,0.75679874,0.0,0.0,0
135906724,0.117290966,-0.9202895,0.02882603,0.7545599,0.0,0.0,0
135926408,0.16132729,-0.90252924,-0.0069230087,0.7535819,0.0,0.0,0
135946102,0.18886325,-0.87866694,-0.02829972,0.7537321,0.0,0.0,0
135965803,0.21211359,-0.856787,-0.04550548,0.75454646,0.0,0.0,0
135985884,0.19751926,-0.84059393,-0.030676926,0.75573444,0.0,0.0,0
136005465,0.16451079,-0.83454436,0.003262792,0.7571945,0.0,0.0,0
136024896,0.10469875,-0.8373834,0.047205407,0.75849074,0.0,0.0,0
136044592,0.054433476,-0.82991403,0.087200336,0.7593963,0.0,0.0,0
136064299,0.0057237586,-0.8040764,0.12348777,0.75957566,0.0,0.0,0
136083996,-0.038817186,-0.7787745,0.14773612,0.7586109,0.0,0.0,0
136103712,-0.063795716,-0.7751213,0.16186139,0.75657815,0.0,0.0,0
136123399,-0.08647706,-0.7992924,0.17137772,0.7544057,0.0,0.0,0
136148030,-0.11195063,-0.83781064,0.18193445,0.7499656,0.0,0.0,0
136162801,-0.11868623,-0.85524416,0.18554966,0.7499656,0.0,0.0,0
136187453,-0.09322049,-0.86565125,0.16644622,0.74551356,0.0,0.0,0
136207162,-0.054193582,-0.846647,0.15061134,0.74392647,0.0,0.0,0
136221906,-0.02282981,-0.8314106,0.13942477,0.74392647,0.0,0.0,0
136246557,0.02185698,-0.8095707,0.1040396,0.7457245,0.0,0.0,0
136266240,0.043632813,-0.79550266,0.09155801,0.74726903,0.0,0.0,0
136285943,0.030809822,-0.78727484,0.10348033,0.74895966,0.0,0.0,0
136305647,0.0020943123,-0.79079294,0.12629585,0.75025386,0.0,0.0,0
136325351,-0.026399579,-0.79405767,0.14234039,0.7510405,0.0,0.0,0
136345088,-0.037407078,-0.7832357,0.14841107,0.75096196,0.0,0.0,0
136364963,-0.058730602,-0.7656869,0.15255727,0.7496882,0.0,0.0,0
136384957,-0.06535857,-0.76594603,0.15816559,0.7474392,0.0,0.0,0
136404188,-0.06631165,-0.7963895,0.15925945,0.74524456,0.0,0.0,0
136428793,-0.0720982,-0.8481843,0.16420345,0.74524456,0.0,0.0,0
136443546,-0.07636703,-0.8737098,0.17032892,0.7419264,0.0,0.0,0
136463250,-0.060083266,-0.90052783,0.16111293,0.7397163,0.0,0.0,0
136487883,-0.00665177,-0.8960657,0.13067596,0.73750174,0.0,0.0,0
136502658,0.021312365,-0.88134444,0.105863124,0.7365598,0.0,0.0,0
136522354,0.04689577,-0.85830617,0.0867339,0.73675495,0.0,0.0,0
136546991,0.043892097,-0.83304936,0.08955579,0.7373858,0.0,0.0,0
136566692,-0.0032407923,-0.81536317,0.12992705,0.73840916,0.0,0.0,0
136586422,-0.06880976,-0.8061529,0.16411026,0.7394377,0.0,0.0,0
136606090,-0.13666606,-0.795817,0.18314065,0.7401601,0.0,0.0,0
136625805,-0.19444732,-0.7667102,0.1940207,0.7401575,0.0,0.0,0
136645499,-0.24963138,-0.7258669,0.20148961,0.73913926,0.0,0.0,0
136665200,-0.29459256,-0.69733095,0.19762555,0.73695135,0.0,0.0,0
136684902,-0.3195652,-0.6959973,0.19839726,0.7347522,0.0,0.0,0
136704611,-0.3435389,-0.7176425,0.20300965,0.73253965,0.0,0.0,0
136724302,-0.34040684,-0.7425389,0.1999099,0.7303213,0.0,0.0,0
136744013,-0.31214908,-0.7639502,0.1875399,0.72810346,0.0,0.0,0
136768639,-0.25078735,-0.7629897,0.16601066,0.7236634,0.0,0.0,0
136784130,-0.20378006,-0.7521147,0.15022877,0.7236634,0.0,0.0,0
136803105,-0.15732086,-0.7363046,0.13172422,0.72133017,0.0,0.0,0
136827736,-0.14100826,-0.71212006,0.12313672,0.7207453,0.0,0.0,0
136847432,-0.15182303,-0.6965264,0.1283086,0.7222889,0.0,0.0,0
136862234,-0.19236596,-0.6851021,0.13855176,0.7222889,0.0,0.0,0
136886844,-0.27364781,-0.6797768,0.16096464,0.7253809,0.0,0.0,0
136906545,-0.33241805,-0.6796342,0.16684842,0.7261074,0.0,0.0,0
136926245,-0.37174225,-0.6691299,0.16970898,0.72594553,0.0,0.0,0
136945948,-0.42118263,-0.65829813,0.1684532,0.72464395,0.0,0.0,0
136965657,-0.44717708,-0.6675084,0.1672125,0.7224294,0.0,0.0,0
136985421,-0.45906734,-0.7052311,0.16790043,0.7201828,0.0,0.0,0
137005077,-0.45878643,-0.7525569,0.17330332,0.7179924,0.0,0.0,0
137024789,-0.43221822,-0.79665554,0.1629283,0.7157809,0.0,0.0,0
137044526,-0.40496805,-0.82882607,0.15888546,0.7135622,0.0,0.0,0
137064152,-0.3492835,-0.83616817,0.14099902,0.7135622,0.0,0.0,0
137083853,-0.2914056,-0.8229327,0.11457795,0.71055096,0.0,0.0,0
137103566,-0.263577,-0.8045297,0.09936845,0.7108179,0.0,0.0,0
137128185,-0.23831569,-0.78503674,0.08843409,0.7115911,0.0,0.0,0
137142967,-0.23765144,-0.77590156,0.0882001,0.7127476,0.0,0.0,0
137167651,-0.27790576,-0.7659056,0.098787494,0.7140769,0.0,0.0,0
137187371,-0.31026208,-0.76690996,0.110177495,0.7152925,0.0,0.0,0
137202066,-0.33347306,-0.76331174,0.11039934,0.71601784,0.0,0.0,0
137226702,-0.37194657,-0.73825645,0.11398608,0.7160494,0.0,0.0,0
137246415,-0.4018261,-0.7167933,0.11804884,0.71501756,0.0,0.0,0
137266105,-0.4144467,-0.71779484,0.12448473,0.71281654,0.0,0.0,0
137285807,-0.42186335,-0.7487148,0.13340022,0.7106096,0.0,0.0,0
137305505,-0.42310256,-0.79035014,0.14159441,0.70837086,0.0,0.0,0
137325228,-0.3859199,-0.8293791,0.1353343,0.70617586,0.0,0.0,0
137344909,-0.36243233,-0.8549473,0.13145083,0.7039546,0.0,0.0,0
137364658,-0.3101807,-0.8599003,0.11429486,0.70172346,0.0,0.0,0
137384347,-0.24652188,-0.84543025,0.09171256,0.6995221,0.0,0.0,0
137408932,-0.19916014,-0.8169372,0.07673434,0.6970346,0.0,0.0,0
137423722,-0.18407218,-0.801592,0.07114621,0.6970346,0.0,0.0,0
137443454,-0.18689866,-0.78482056,0.07123725,0.6976765,0.0,0.0,0
137468064,-0.23765928,-0.7707688,0.08602488,0.6993611,0.0,0.0,0
137482854,-0.27328178,-0.76898384,0.09698913,0.6993611,0.0,0.0,0
137502566,-0.31127626,-0.7582424,0.10782326,0.69991666,0.0,0.0,0
137527145,-0.37773114,-0.7219884,0.12762925,0.69879645,0.0,0.0,0
137546853,-0.41467628,-0.6897436,0.13716918,0.69687176,0.0,0.0,0
137566629,-0.4240609,-0.6808038,0.14124134,0.6946145,0.0,0.0,0
137586288,-0.42398956,-0.70329905,0.14541657,0.69236183,0.0,0.0,0
137605973,-0.41602704,-0.7425708,0.14838518,0.690197,0.0,0.0,0
137625655,-0.36909255,-0.7811122,0.13886788,0.687984,0.0,0.0,0
137645358,-0.3309359,-0.8112372,0.12864886,0.68579024,0.0,0.0,0
137665064,-0.2662059,-0.8234725,0.09732039,0.68357915,0.0,0.0,0
137684773,-0.17524834,-0.81253874,0.022716254,0.68238723,0.0,0.0,0
137704461,-0.11329831,-0.79075205,-0.027425744,0.68296105,0.0,0.0,0
137724169,-0.09067435,-0.76890194,-0.043262582,0.6839433,0.0,0.0,0
137743862,-0.097862296,-0.75092006,-0.03727559,0.6839433,0.0,0.0,0
137763590,-0.14552987,-0.73782617,0.0034297146,0.6859462,0.0,0.0,0
137783306,-0.21588448,-0.73304534,0.05663813,0.68728864,0.0,0.0,0
137807900,-0.28459945,-0.72593206,0.108032316,0.6882112,0.0,0.0,0
137827598,-0.322587,-0.70431083,0.123709895,0.68853325,0.0,0.0,0
137842374,-0.3490724,-0.68423176,0.1316221,0.688007,0.0,0.0,0
137866996,-0.361835,-0.6686238,0.13582252,0.68657845,0.0,0.0,0
137886783,-0.35540915,-0.68932503,0.13552465,0.6844036,0.0,0.0,0
137901536,-0.352493,-0.71937096,0.1361991,0.68215835,0.0,0.0,0
137926129,-0.2858126,-0.77368367,0.084931664,0.67994976,0.0,0.0,0
137945849,-0.2370473,-0.8082098,0.043892555,0.6777551,0.0,0.0,0
137965627,-0.1643837,-0.8271313,-0.012009733,0.6755401,0.0,0.0,0
137985236,-0.08738911,-0.8183082,-0.07662062,0.67462677,0.0,0.0,0
138004964,-0.021483043,-0.79831123,-0.13138591,0.67484504,0.0,0.0,0
138024646,0.008736832,-0.77414995,-0.15704338,0.6757107,0.0,0.0,0
138044340,0.016118255,-0.7575912,-0.16156141,0.677085,0.0,0.0,0
138064024,0.0201006,-0.74439275,-0.16120495,0.67882,0.0,0.0,0
138083722,-0.0017682269,-0.7393359,-0.14171049,0.6806797,0.0,0.0,0
138108347,-0.044436354,-0.741118,-0.10202392,0.6837711,0.0,0.0,0
138123128,-0.06743521,-0.73396343,-0.08522593,0.6837711,0.0,0.0,0
138147745,-0.08993092,-0.7071025,-0.061164606,0.6840853,0.0,0.0,0
138167506,-0.09514232,-0.686971,-0.053628042,0.6827896,0.0,0.0,0
138182266,-0.08672404,-0.68798274,-0.060216192,0.6827896,0.0,0.0,0
138206866,-0.066564426,-0.7225443,-0.06885324,0.6785171,0.0,0.0,0
138226557,-0.049975872,-0.7640339,-0.081897624,0.676298,0.0,0.0,0
138246255,-0.021148203,-0.7981587,-0.10554719,0.6740846,0.0,0.0,0
138265962,0.01507414,-0.8228714,-0.13490699,0.67222935,0.0,0.0,0
138285673,0.05839284,-0.82497305,-0.15534253,0.6715323,0.0,0.0,0
138305366,0.1019354,-0.80415446,-0.17566131,0.67167926,0.0,0.0,0
138325058,0.13729854,-0.7744446,-0.18885896,0.6726053,0.0,0.0,0
138344775,0.16640653,-0.7487478,-0.19335042,0.6738523,0.0,0.0,0
138364548,0.16935135,-0.7283926,-0.18966682,0.67544055,0.0,0.0,0
138389099,0.15179245,-0.7154832,-0.1762842,0.6771287,0.0,0.0,0
138403874,0.12903984,-0.7161436,-0.16302136,0.6786801,0.0,0.0,0
138423569,0.08296948,-0.7163352,-0.14984404,0.6786801,0.0,0.0,0
138448258,0.052993204,-0.69780207,-0.13115624,0.6797418,0.0,0.0,0
138463019,0.03443086,-0.6818059,-0.11877577,0.6795616,0.0,0.0,0
138482703,0.022930926,-0.66990227,-0.105914585,0.6784298,0.0,0.0,0
138507337,0.02569961,-0.6899636,-0.10227439,0.67654204,0.0,0.0,0
138527014,0.02968168,-0.72953475,-0.09903095,0.6743398,0.0,0.0,0
138546747,0.03942424,-0.76629806,-0.103121184,0.67213714,0.0,0.0,0
138566458,0.056269538,-0.7976764,-0.10779735,0.6699173,0.0,0.0,0
138586117,0.102394804,-0.81490725,-0.1279597,0.66826797,0.0,0.0,0
138605815,0.15041663,-0.8031334,-0.14743547,0.6675315,0.0,0.0,0
138625514,0.1851996,-0.7814439,-0.16209088,0.66780084,0.0,0.0,0
138645219,0.21289994,-0.7558604,-0.17170091,0.66884685,0.0,0.0,0
138664921,0.21752603,-0.7357008,-0.1707725,0.67033535,0.0,0.0,0
138684626,0.2009514,-0.7232392,-0.15882725,0.67226374,0.0,0.0,0
138704329,0.17727746,-0.71751624,-0.14413507,0.67441535,0.0,0.0,0
138729171,0.13457215,-0.7234386,-0.12218486,0.6783261,0.0,0.0,0
138743768,0.10640187,-0.72350585,-0.11418736,0.6783261,0.0,0.0,0
138763511,0.086340584,-0.7128906,-0.10290068,0.67944455,0.0,0.0,0
138788058,0.07778409,-0.6964097,-0.081360176,0.6789154,0.0,0.0,0
138807760,0.081757165,-0.70545644,-0.07370544,0.6773369,0.0,0.0,0
138822531,0.078852005,-0.7295687,-0.07430338,0.6773369,0.0,0.0,0
138847173,0.089051664,-0.7880852,-0.07074131,0.67305744,0.0,0.0,0
138866859,0.09551353,-0.8284699,-0.07242714,0.67112607,0.0,0.0,0
138881645,0.11043777,-0.853811,-0.07885563,0.67112607,0.0,0.0,0
138906300,0.16366154,-0.87095785,-0.104590006,0.66881174,0.0,0.0,0
138925991,0.20066504,-0.8578685,-0.12208088,0.66892445,0.0,0.0,0
138945726,0.23347539,-0.8358132,-0.13176076,0.6697256,0.0,0.0,0
138965458,0.25960404,-0.811464,-0.1371871,0.67092097,0.0,0.0,0
138985075,0.2481492,-0.794583,-0.12414358,0.6724735,0.0,0.0,0
139004776,0.23822296,-0.78424275,-0.115297385,0.67412317,0.0,0.0,0
139024469,0.20271793,-0.78260803,-0.09721539,0.6756152,0.0,0.0,0
139044176,0.15682667,-0.7832194,-0.07496147,0.6766773,0.0,0.0,0
139063903,0.123235226,-0.7713326,-0.06406471,0.6766773,0.0,0.0,0
139088529,0.089842655,-0.7420824,-0.043966863,0.6767696,0.0,0.0,0
139103278,0.078253664,-0.72696006,-0.035493415,0.675746,0.0,0.0,0
139127950,0.0836905,-0.73073727,-0.026311954,0.6738337,0.0,0.0,0
139147869,0.08680155,-0.7625363,-0.027348433,0.6716096,0.0,0.0,0
139162489,0.09875539,-0.79186,-0.032926604,0.6693713,0.0,0.0,0
139187017,0.11965344,-0.8300873,-0.04185916,0.66710824,0.0,0.0,0
139206725,0.1723297,-0.8515115,-0.059801638,0.66489077,0.0,0.0,0
139226415,0.22909142,-0.8486455,-0.07875442,0.662749,0.0,0.0,0
139246118,0.27637607,-0.8256871,-0.09288653,0.6619329,0.0,0.0,0
139265844,0.3182085,-0.79794043,-0.10613053,0.6621867,0.0,0.0,0
139285534,0.3379432,-0.7737507,-0.10955861,0.663098,0.0,0.0,0
139305231,0.31732807,-0.7571953,-0.09715735,0.66441226,0.0,0.0,0
139324928,0.30695304,-0.74585027,-0.09327825,0.666031,0.0,0.0,0
139344682,0.27240005,-0.7435274,-0.08409278,0.66775393,0.0,0.0,0
139369267,0.23315996,-0.7441719,-0.076454416,0.67025656,0.0,0.0,0
139384034,0.21593557,-0.73635644,-0.070510104,0.67025656,0.0,0.0,0
139403738,0.1961407,-0.72144514,-0.06644936,0.6706074,0.0,0.0,0
139428360,0.19534725,-0.71451795,-0.07078766,0.6686283,0.0,0.0,0
139443145,0.19548418,-0.73058957,-0.07114693,0.6686283,0.0,0.0,0
139462871,0.20259638,-0.77223873,-0.07672061,0.6667266,0.0,0.0,0
139487505,0.21695752,-0.830341,-0.08491658,0.6627511,0.0,0.0,0
139507195,0.22523214,-0.8682531,-0.088321894,0.66116637,0.0,0.0,0
139526982,0.29640937,-0.8885816,-0.11397378,0.6601731,0.0,0.0,0
139546872,0.34875724,-0.88094705,-0.1315775,0.6600997,0.0,0.0,0
139566265,0.38969576,-0.8604625,-0.14408249,0.66085565,0.0,0.0,0
139585968,0.42360482,-0.8333403,-0.15212263,0.6622817,0.0,0.0,0
139605676,0.43223742,-0.8116864,-0.15411462,0.66399324,0.0,0.0,0
139625394,0.39638522,-0.79784393,-0.1419456,0.66609,0.0,0.0,0
139645090,0.36944053,-0.7900618,-0.13404728,0.66824967,0.0,0.0,0
139664790,0.31201193,-0.79364973,-0.11718262,0.67018074,0.0,0.0,0
139684477,0.2549619,-0.7983424,-0.10083384,0.67164284,0.0,0.0,0
139704179,0.22431678,-0.78997505,-0.07825115,0.67230815,0.0,0.0,0
139723884,0.17429173,-0.7776921,-0.040583253,0.67230815,0.0,0.0,0
139743627,0.15437742,-0.7755273,-0.016880045,0.6711565,0.0,0.0,0
139768220,0.14432544,-0.80886275,-0.0054650498,0.66951096,0.0,0.0,0
139787916,0.13790852,-0.8523044,0.0025832346,0.667371,0.0,0.0,0
139802689,0.1419469,-0.88160133,0.0020116153,0.6653661,0.0,0.0,0
139827322,0.16530767,-0.91797775,-0.01638795,0.66360295,0.0,0.0,0
139847018,0.20957732,-0.9286399,-0.053720366,0.6623291,0.0,0.0,0
139861805,0.2424121,-0.9196135,-0.078637525,0.6618871,0.0,0.0,0
139886429,0.28653574,-0.89180505,-0.11746825,0.662481,0.0,0.0,0
139906182,0.3181006,-0.8663237,-0.1280034,0.66373765,0.0,0.0,0
139926001,0.30659086,-0.84666723,-0.12347045,0.6655472,0.0,0.0,0
139945849,0.29322955,-0.83260494,-0.11153344,0.66773504,0.0,0.0,0
139965277,0.278163,-0.823827,-0.09537481,0.66996413,0.0,0.0,0
139984968,0.23952346,-0.82478565,-0.06472442,0.67217755,0.0,0.0,0
140004638,0.21147965,-0.82358897,-0.03897237,0.67436206,0.0,0.0,0
140024348,0.20773771,-0.8116152,-0.03394253,0.6759123,0.0,0.0,0
140044033,0.20750031,-0.79551786,-0.026338866,0.67632014,0.0,0.0,0
140068673,0.23367079,-0.8001919,-0.029315736,0.6745689,0.0,0.0,0
140083441,0.23538664,-0.8213865,-0.030553307,0.6745689,0.0,0.0,0
140103144,0.24092889,-0.8647599,-0.02784187,0.6727787,0.0,0.0,0
140127800,0.24227965,-0.9132226,-0.021392353,0.66923803,0.0,0.0,0
140142583,0.2520521,-0.93810016,-0.030677801,0.66923803,0.0,0.0,0
140167171,0.29640907,-0.95214367,-0.06666312,0.66739416,0.0,0.0,0
140186911,0.32428563,-0.9372895,-0.09331596,0.66778237,0.0,0.0,0
140206581,0.3598031,-0.91279346,-0.11878688,0.66879034,0.0,0.0,0
140226277,0.40065968,-0.8872547,-0.14836894,0.6702786,0.0,0.0,0
140245985,0.3977845,-0.86731285,-0.1393449,0.6721532,0.0,0.0,0
140265682,0.4093114,-0.8526529,-0.14384077,0.6741986,0.0,0.0,0
140285396,0.39791787,-0.8465193,-0.13008857,0.6760161,0.0,0.0,0
140305104,0.37832296,-0.8423291,-0.10454328,0.677432,0.0,0.0,0
140325069,0.3770473,-0.82258165,-0.09797753,0.6783271,0.0,0.0,0
140344752,0.3711549,-0.79354995,-0.085217625,0.6782362,0.0,0.0,0
140364188,0.37090176,-0.76891154,-0.07016915,0.6772364,0.0,0.0,0
140383886,0.36010328,-0.76683325,-0.062022407,0.6772364,0.0,0.0,0
140408517,0.34891844,-0.7979267,-0.041404758,0.6744824,0.0,0.0,0
140423292,0.33617663,-0.8221904,-0.028363105,0.6725029,0.0,0.0,0
140442989,0.3016274,-0.8494254,0.0034630774,0.6707844,0.0,0.0,0
140467684,0.3332316,-0.87421125,-0.028250579,0.6695022,0.0,0.0,0
140487353,0.36895183,-0.8658248,-0.056690708,0.668805,0.0,0.0,0
140502157,0.3859678,-0.85172486,-0.0701326,0.6692216,0.0,0.0,0
140526792,0.4163825,-0.82301456,-0.09315506,0.67048633,0.0,0.0,0
140546511,0.4241415,-0.8003145,-0.098328054,0.67234105,0.0,0.0,0
140566135,0.37620664,-0.78428686,-0.0551282,0.67457724,0.0,0.0,0
140585857,0.33685663,-0.77074015,-0.021640187,0.67676705,0.0,0.0,0
140605530,0.2673383,-0.7624937,0.037221774,0.6790039,0.0,0.0,0
140625236,0.17903928,-0.7513944,0.10588249,0.6811946,0.0,0.0,0
140644941,0.11759361,-0.7225785,0.15200156,0.68341106,0.0,0.0,0
140664647,0.046044257,-0.68288267,0.20139834,0.68474376,0.0,0.0,0
140684347,-0.005734938,-0.6495061,0.23836142,0.68444246,0.0,0.0,0
140704054,-0.041747704,-0.6491984,0.25543687,0.6833612,0.0,0.0,0
140724204,-0.067448616,-0.67702186,0.2597081,0.6816258,0.0,0.0,0
140743463,-0.074286126,-0.7099931,0.26278183,0.67971975,0.0,0.0,0
140768085,-0.070286594,-0.74416393,0.25600305,0.67697287,0.0,0.0,0
140782859,-0.037851863,-0.75697917,0.24723227,0.67697287,0.0,0.0,0
140807493,0.04328943,-0.7523806,0.177982,0.6770996,0.0,0.0,0
140827174,0.10323181,-0.7285371,0.13275617,0.67849576,0.0,0.0,0
140841952,0.1269802,-0.70771074,0.11504438,0.67849576,0.0,0.0,0
140866583,0.12455948,-0.67312497,0.12255292,0.6827628,0.0,0.0,0
140886279,0.07247278,-0.6442775,0.16595401,0.6850065,0.0,0.0,0
140905982,-0.01503159,-0.6154603,0.22958358,0.6872008,0.0,0.0,0
140925719,-0.10775054,-0.5957447,0.2541998,0.68942714,0.0,0.0,0
140945403,-0.107260585,-0.57215446,0.3123452,0.69163495,0.0,0.0,0
140965129,-0.101405725,-0.5249458,0.3648871,0.69387203,0.0,0.0,0
140984836,-0.07617339,-0.47960052,0.41209367,0.6953327,0.0,0.0,0
141004517,-0.025556713,-0.46062988,0.45045325,0.69566643,0.0,0.0,0
141024190,0.030950192,-0.47491705,0.46460533,0.6957649,0.0,0.0,0
141048821,0.014681114,-0.5291731,0.48205626,0.6957649,0.0,0.0,0
141063592,0.068827,-0.56136924,0.48620078,0.6954002,0.0,0.0,0
141083392,0.068941645,-0.60201865,0.4821491,0.6955773,0.0,0.0,0
141107932,0.108571336,-0.6355983,0.45265967,0.6950117,0.0,0.0,0
141122962,0.13648067,-0.6385177,0.42815796,0.6954042,0.0,0.0,0
141142407,0.1682201,-0.6304495,0.40147492,0.6964991,0.0,0.0,0
141167030,0.18418519,-0.61830705,0.38691372,0.69812083,0.0,0.0,0
141186743,0.17035806,-0.6045897,0.3957988,0.70001984,0.0,0.0,0
141206444,0.12591276,-0.5894644,0.42662752,0.7020436,0.0,0.0,0
141226138,0.06155648,-0.57664096,0.46663007,0.7039354,0.0,0.0,0
141245842,0.009369203,-0.55918694,0.4926901,0.705182,0.0,0.0,0
141265545,-0.03604701,-0.5270677,0.512551,0.70572275,0.0,0.0,0
141285256,-0.081132546,-0.48920244,0.5159598,0.7051338,0.0,0.0,0
141304960,-0.10905511,-0.47333676,0.5127773,0.70350784,0.0,0.0,0
141324679,-0.14054213,-0.48604703,0.51794314,0.70131373,0.0,0.0,0
141344346,-0.16530941,-0.5166922,0.5271102,0.6990887,0.0,0.0,0
141364054,-0.17670149,-0.55274504,0.52770346,0.69686973,0.0,0.0,0
141388683,-0.17239805,-0.5903353,0.51928115,0.69239414,0.0,0.0,0
141403453,-0.15380646,-0.5991797,0.51583064,0.69239414,0.0,0.0,0
141423154,-0.1220219,-0.59650844,0.5055492,0.6911782,0.0,0.0,0
141447777,-0.08893542,-0.5802166,0.48466894,0.6923088,0.0,0.0,0
141467473,-0.07269892,-0.56516767,0.47842366,0.69362336,0.0,0.0,0
141482430,-0.0819311,-0.55225307,0.478614,0.69362336,0.0,0.0,0
141507001,-0.15078922,-0.5250893,0.48133084,0.6972426,0.0,0.0,0
141526702,-0.23687726,-0.50584805,0.48542005,0.69872785,0.0,0.0,0
141541389,-0.28921923,-0.4942703,0.49530768,0.69872785,0.0,0.0,0
141566013,-0.40449563,-0.45927116,0.47932732,0.6995844,0.0,0.0,0
141585691,-0.47506532,-0.42530575,0.46631917,0.6987803,0.0,0.0,0
141605391,-0.5174702,-0.40886497,0.45411962,0.69720775,0.0,0.0,0
141625089,-0.5200678,-0.42446643,0.45108137,0.6952709,0.0,0.0,0
141644804,-0.51278234,-0.46263105,0.45556253,0.69339776,0.0,0.0,0
141664501,-0.49132457,-0.51033205,0.45558766,0.69185686,0.0,0.0,0
141684194,-0.4571746,-0.56005967,0.4535812,0.69066286,0.0,0.0,0
141703927,-0.39659315,-0.60232854,0.44780096,0.69066286,0.0,0.0,0
141723645,-0.33436906,-0.62634283,0.42404616,0.6905669,0.0,0.0,0
141748227,-0.2473476,-0.63395447,0.397101,0.69132143,0.0,0.0,0
141763003,-0.22784555,-0.629952,0.38620573,0.6927033,0.0,0.0,0
141787636,-0.2344379,-0.6226603,0.38210145,0.6944045,0.0,0.0,0
141807336,-0.2822105,-0.61287117,0.38864946,0.6962455,0.0,0.0,0
141822132,-0.3392274,-0.60818833,0.39814734,0.6980308,0.0,0.0,0
141846737,-0.43649817,-0.601013,0.40546846,0.69934154,0.0,0.0,0
141866436,-0.49116954,-0.5838358,0.39487126,0.6999138,0.0,0.0,0
141886140,-0.5449901,-0.5517123,0.38630977,0.6996144,0.0,0.0,0
141905925,-0.58936775,-0.5281936,0.36641946,0.6983913,0.0,0.0,0
141925566,-0.58013654,-0.5311919,0.3603559,0.6962369,0.0,0.0,0
141945247,-0.5728298,-0.5620669,0.35958365,0.69401526,0.0,0.0,0
141964959,-0.5288775,-0.604112,0.35568693,0.69178414,0.0,0.0,0
141984685,-0.45257545,-0.64811456,0.33477816,0.6895941,0.0,0.0,0
142004385,-0.41664436,-0.67826045,0.32722688,0.68738806,0.0,0.0,0
142029000,-0.32529604,-0.6976727,0.291714,0.6864207,0.0,0.0,0
142043787,-0.24581265,-0.6989346,0.26830247,0.6864207,0.0,0.0,0
142063461,-0.18932234,-0.6939484,0.24472171,0.68718994,0.0,0.0,0
142088090,-0.17647618,-0.6908789,0.23792532,0.6899183,0.0,0.0,0
142102895,-0.19523375,-0.68817824,0.24300183,0.6899183,0.0,0.0,0
142122582,-0.26095963,-0.6892984,0.25724807,0.6914406,0.0,0.0,0
142147180,-0.35104552,-0.6989937,0.26409927,0.6936224,0.0,0.0,0
142166889,-0.39247346,-0.69703907,0.2672829,0.6937404,0.0,0.0,0
142186630,-0.44553283,-0.6809934,0.26639333,0.6929428,0.0,0.0,0
142206292,-0.47160476,-0.667774,0.26131624,0.6911241,0.0,0.0,0
142225992,-0.47671625,-0.67456555,0.26689503,0.68888456,0.0,0.0,0
142245695,-0.4965912,-0.7046114,0.27721506,0.686689,0.0,0.0,0
142265391,-0.50520134,-0.7474602,0.28577954,0.68446773,0.0,0.0,0
142285097,-0.48323178,-0.788595,0.27899465,0.6822546,0.0,0.0,0
142304888,-0.49490377,-0.81754297,0.2906998,0.67999166,0.0,0.0,0
142324498,-0.4979839,-0.82955146,0.2851566,0.6777974,0.0,0.0,0
142344220,-0.4657195,-0.8234683,0.2759377,0.67560834,0.0,0.0,0
142363902,-0.4395999,-0.8052538,0.26295862,0.67560834,0.0,0.0,0
142383607,-0.42371187,-0.79137224,0.2476534,0.67548144,0.0,0.0,0
142403313,-0.39856383,-0.7851793,0.23101868,0.67591816,0.0,0.0,0
142427933,-0.41361567,-0.78268784,0.22991125,0.67643416,0.0,0.0,0
142447691,-0.41962796,-0.7882921,0.22513746,0.6768498,0.0,0.0,0
142462448,-0.42204398,-0.7876069,0.21094033,0.67686933,0.0,0.0,0
142487070,-0.43365824,-0.76041704,0.20016453,0.67623806,0.0,0.0,0
142506841,-0.4472531,-0.7297463,0.19166696,0.674649,0.0,0.0,0
142521520,-0.451695,-0.71445394,0.18544179,0.672435,0.0,0.0,0
142546145,-0.452608,-0.72536206,0.18885018,0.67024666,0.0,0.0,0
142565848,-0.44477606,-0.75965494,0.19274357,0.6680349,0.0,0.0,0
142585578,-0.41755438,-0.79809654,0.18784112,0.6658186,0.0,0.0,0
142605277,-0.36951038,-0.833835,0.17101692,0.663576,0.0,0.0,0
142624959,-0.31376725,-0.8581999,0.14747317,0.66137147,0.0,0.0,0
142644650,-0.22751267,-0.85355645,0.109357275,0.6591686,0.0,0.0,0
142664352,-0.13986956,-0.8266967,0.07042652,0.6569314,0.0,0.0,0
142684055,-0.10740548,-0.78948504,0.05235298,0.65473664,0.0,0.0,0
142703851,-0.11658164,-0.7520082,0.053622365,0.6525203,0.0,0.0,0
142728387,-0.18244807,-0.71096414,0.074538946,0.6493375,0.0,0.0,0
142743174,-0.26481533,-0.6898479,0.09579455,0.6493375,0.0,0.0,0
142762860,-0.389214,-0.6700955,0.12335136,0.65000534,0.0,0.0,0
142787489,-0.5233043,-0.6545222,0.14022869,0.65046096,0.0,0.0,0
142802273,-0.5655423,-0.6424816,0.14911042,0.65046096,0.0,0.0,0
142826895,-0.64404464,-0.621724,0.17309596,0.64821804,0.0,0.0,0
142846596,-0.6601191,-0.6272821,0.18026605,0.64601225,0.0,0.0,0
142866290,-0.6539584,-0.6619971,0.1878671,0.643793,0.0,0.0,0
142886052,-0.6339828,-0.71904796,0.19679226,0.6415269,0.0,0.0,0
142905733,-0.5922288,-0.77995795,0.19823314,0.63935554,0.0,0.0,0
142925405,-0.5111248,-0.837374,0.18353203,0.63713086,0.0,0.0,0
142945101,-0.46122333,-0.87614954,0.17141016,0.6349248,0.0,0.0,0
142964816,-0.40585023,-0.890078,0.15431081,0.6327098,0.0,0.0,0
142984506,-0.34049538,-0.8834874,0.1302975,0.63170224,0.0,0.0,0
143009174,-0.28707865,-0.8584517,0.109361485,0.6319562,0.0,0.0,0
143023939,-0.27701393,-0.8447514,0.105042465,0.6319562,0.0,0.0,0
143043632,-0.28564626,-0.8268107,0.107097894,0.63309836,0.0,0.0,0
143068302,-0.3470603,-0.8100144,0.12589675,0.6340525,0.0,0.0,0
143083076,-0.39126748,-0.80436707,0.14078498,0.63492537,0.0,0.0,0
143102822,-0.43936673,-0.7919271,0.15628338,0.6354955,0.0,0.0,0
143127345,-0.48600012,-0.75831836,0.16858074,0.6355525,0.0,0.0,0
143147039,-0.51364696,-0.72570294,0.17415544,0.634829,0.0,0.0,0
143166746,-0.51657766,-0.7056637,0.17136654,0.63321215,0.0,0.0,0
143186446,-0.5150544,-0.71364075,0.17108072,0.63096756,0.0,0.0,0
143206153,-0.50709414,-0.74519235,0.1716828,0.6287513,0.0,0.0,0
143225850,-0.4945639,-0.7840248,0.17279898,0.62656134,0.0,0.0,0
143245556,-0.4485565,-0.8221078,0.16330136,0.6243416,0.0,0.0,0
143265266,-0.44633144,-0.8542645,0.16699825,0.62212807,0.0,0.0,0
143284993,-0.41242564,-0.8700797,0.15680996,0.619911,0.0,0.0,0
143304720,-0.37262103,-0.86586845,0.14348862,0.61766607,0.0,0.0,0
143324357,-0.3374601,-0.8482705,0.12989351,0.6166416,0.0,0.0,0
143344061,-0.3306364,-0.82664406,0.12601495,0.61707824,0.0,0.0,0
143363770,-0.30602297,-0.81202567,0.11690804,0.61800414,0.0,0.0,0
143383467,-0.32671478,-0.79685587,0.123255245,0.61925983,0.0,0.0,0
143408110,-0.3712599,-0.7880369,0.13778996,0.62220275,0.0,0.0,0
143427792,-0.40551138,-0.7865768,0.15094803,0.62328833,0.0,0.0,0
143442563,-0.4193628,-0.7804343,0.15440618,0.62328833,0.0,0.0,0
143467297,-0.45989656,-0.75755894,0.16617207,0.623534,0.0,0.0,0
143487404,-0.48107177,-0.7393637,0.17049344,0.6222989,0.0,0.0,0
143501809,-0.49407652,-0.7372192,0.1742062,0.6222989,0.0,0.0,0
143526326,-0.48395005,-0.7640152,0.17147048,0.6181098,0.0,0.0,0
143546035,-0.46515456,-0.8081244,0.17090799,0.61589694,0.0,0.0,0
143565705,-0.43167758,-0.8521822,0.16468789,0.6136867,0.0,0.0,0
143585412,-0.36393428,-0.8917739,0.14532116,0.6114246,0.0,0.0,0
143605108,-0.32278496,-0.9187008,0.13131747,0.61021715,0.0,0.0,0
143624811,-0.25362614,-0.9249079,0.08698486,0.6098907,0.0,0.0,0
143644512,-0.15191558,-0.9089663,0.004076834,0.61050946,0.0,0.0,0
143664208,-0.07592641,-0.8788387,-0.05354449,0.6119255,0.0,0.0,0
143683937,-0.05429866,-0.8484603,-0.06891755,0.6119255,0.0,0.0,0
143708555,-0.0522509,-0.8162063,-0.06690071,0.61506283,0.0,0.0,0
143723309,-0.07198267,-0.7977421,-0.05017595,0.6172841,0.0,0.0,0
143743014,-0.12021123,-0.7790254,-0.013053773,0.61951613,0.0,0.0,0
143767655,-0.19586742,-0.7662403,0.043254144,0.6217074,0.0,0.0,0
143782414,-0.24108636,-0.75702477,0.07389568,0.6239213,0.0,0.0,0
143807056,-0.28950858,-0.7338782,0.108649895,0.62615937,0.0,0.0,0
143826786,-0.3024297,-0.718701,0.11721538,0.6271152,0.0,0.0,0
143846450,-0.28516635,-0.7275714,0.110117845,0.6268731,0.0,0.0,0
143866477,-0.25181788,-0.7633125,0.09818911,0.625959,0.0,0.0,0
143886315,-0.22279535,-0.81509435,0.08876157,0.62456346,0.0,0.0,0
143905563,-0.1789107,-0.8614766,0.06309201,0.6232066,0.0,0.0,0
143925260,-0.12158369,-0.89893484,0.018788515,0.62205684,0.0,0.0,0
143944969,-0.06347586,-0.9242028,-0.02730035,0.6212854,0.0,0.0,0
143964667,0.014680563,-0.91711503,-0.090407364,0.6211391,0.0,0.0,0
143984366,0.09104729,-0.88941485,-0.11864583,0.6219441,0.0,0.0,0
144004063,0.1358364,-0.8562711,-0.13276409,0.6236276,0.0,0.0,0
144023772,0.16439976,-0.82382214,-0.13759768,0.6258419,0.0,0.0,0
144048421,0.17391895,-0.7864202,-0.13355848,0.63025534,0.0,0.0,0
144063195,0.15173578,-0.7677709,-0.12512833,0.63025534,0.0,0.0,0
144082920,0.10454447,-0.750508,-0.10495058,0.63246846,0.0,0.0,0
144107548,0.037340283,-0.73532647,-0.08026376,0.63691145,0.0,0.0,0
144127193,0.0071703694,-0.7118814,-0.060979042,0.6391142,0.0,0.0,0
144141972,-0.028566463,-0.6888426,-0.034452967,0.6391142,0.0,0.0,0
144166601,-0.033607867,-0.6595675,-0.008406775,0.64354885,0.0,0.0,0
144186306,-0.014648238,-0.6631052,-0.003762441,0.6432057,0.0,0.0,0
144206018,-0.005238998,-0.69393396,0.001765602,0.64263386,0.0,0.0,0
144225713,0.007038027,-0.73611856,-0.0010582383,0.64209855,0.0,0.0,0
144245412,0.02831134,-0.77345234,-0.009929382,0.6418298,0.0,0.0,0
144265290,0.061492275,-0.80313295,-0.020489398,0.6420525,0.0,0.0,0
144285489,0.107963376,-0.80977315,-0.03531103,0.6430276,0.0,0.0,0
144304510,0.14781792,-0.7933562,-0.047680844,0.64497054,0.0,0.0,0
144324218,0.16693012,-0.7713025,-0.052863766,0.64717937,0.0,0.0,0
144343915,0.18260947,-0.746898,-0.0559431,0.64717937,0.0,0.0,0
144363616,0.1820153,-0.72781,-0.056579396,0.6504998,0.0,0.0,0
144388274,0.16524215,-0.70964825,-0.05175502,0.65271777,0.0,0.0,0
144407961,0.14847583,-0.7026659,-0.04731551,0.6549393,0.0,0.0,0
144422724,0.13431174,-0.70242244,-0.043648224,0.65715116,0.0,0.0,0
144447350,0.12912615,-0.68274593,-0.04266229,0.6593907,0.0,0.0,0
144467076,0.12946194,-0.65253454,-0.044197798,0.66158444,0.0,0.0,0
144481856,0.15201828,-0.6264786,-0.057244506,0.66380465,0.0,0.0,0
144506504,0.18371741,-0.61169845,-0.05656552,0.6660472,0.0,0.0,0
144526187,0.2075275,-0.6330731,-0.049246162,0.6667514,0.0,0.0,0
144545894,0.22683628,-0.67359203,-0.041290883,0.6654722,0.0,0.0,0
144565587,0.22293633,-0.7101442,-0.030979361,0.66423833,0.0,0.0,0
144585263,0.2102425,-0.74548775,-0.018898034,0.66310483,0.0,0.0,0
144604984,0.21809687,-0.7679613,-0.022812154,0.6624317,0.0,0.0,0
144624668,0.23136388,-0.7688416,-0.033165026,0.66242397,0.0,0.0,0
144644366,0.24208115,-0.7603654,-0.0394959,0.6632108,0.0,0.0,0
144664324,0.26842242,-0.7496149,-0.054407272,0.6645905,0.0,0.0,0
144688696,0.27710435,-0.7389832,-0.05555216,0.6682407,0.0,0.0,0
144703475,0.26969913,-0.73603505,-0.049593702,0.6682407,0.0,0.0,0
144723194,0.24847041,-0.73815507,-0.031260315,0.67022705,0.0,0.0,0
144747799,0.21885243,-0.73265594,-0.008560017,0.6728808,0.0,0.0,0
144762574,0.21645127,-0.7140485,-0.006884595,0.6728808,0.0,0.0,0
144787212,0.21963768,-0.66350335,0.013149571,0.6725371,0.0,0.0,0
144806906,0.22970413,-0.6229466,0.028186332,0.6710092,0.0,0.0,0
144826615,0.25263056,-0.6063317,0.039138388,0.6688695,0.0,0.0,0
144846301,0.2591446,-0.6197907,0.05322834,0.6666259,0.0,0.0,0
144866038,0.258199,-0.6428282,0.060398996,0.66443557,0.0,0.0,0
144885737,0.25176358,-0.6622533,0.06548123,0.66219187,0.0,0.0,0
144905407,0.2886806,-0.680464,0.038335398,0.66026676,0.0,0.0,0
144925111,0.32802987,-0.67815816,0.00833536,0.65955436,0.0,0.0,0
144944824,0.36777455,-0.6575426,-0.022508053,0.65981203,0.0,0.0,0
144964514,0.40763497,-0.6282285,-0.04516256,0.6607956,0.0,0.0,0
144984223,0.42469904,-0.59612274,-0.053843822,0.66238993,0.0,0.0,0
145003941,0.3732586,-0.5696871,-0.01562278,0.66238993,0.0,0.0,0
145028547,0.31814754,-0.54515433,0.03229648,0.66537607,0.0,0.0,0
145043343,0.26513717,-0.5351261,0.07597367,0.6675882,0.0,0.0,0
145063321,0.17711121,-0.52402914,0.13857076,0.66944134,0.0,0.0,0
145087688,0.10683583,-0.4981841,0.18813282,0.67075986,0.0,0.0,0
145107386,0.06876881,-0.47141296,0.22179306,0.67135,0.0,0.0,0
145122177,0.060214996,-0.45891052,0.23964454,0.67110616,0.0,0.0,0
145146767,0.062811546,-0.47774097,0.25251257,0.670095,0.0,0.0,0
145166462,0.073808365,-0.52226293,0.26434988,0.6685966,0.0,0.0,0
145186162,0.08904731,-0.57618433,0.26598263,0.6669079,0.0,0.0,0
145205863,0.095497206,-0.62263596,0.266847,0.66521513,0.0,0.0,0
145225573,0.15534489,-0.6686788,0.22174431,0.66368186,0.0,0.0,0
145245263,0.22285245,-0.68754756,0.169405,0.66264355,0.0,0.0,0
145264999,0.2809971,-0.6855203,0.12664156,0.66244626,0.0,0.0,0
145284715,0.31389156,-0.6718562,0.10622956,0.6630521,0.0,0.0,0
145304369,0.31729636,-0.6600738,0.10720843,0.66410834,0.0,0.0,0
145324091,0.2822193,-0.6490194,0.13977215,0.6654307,0.0,0.0,0
145343795,0.23391427,-0.64130616,0.17825769,0.6669445,0.0,0.0,0
145363472,0.16037737,-0.63645816,0.230343,0.6682431,0.0,0.0,0
145388100,0.068320654,-0.61855423,0.28661782,0.6692034,0.0,0.0,0
145402896,0.03892318,-0.5964649,0.30712497,0.6692034,0.0,0.0,0
145427501,0.012157911,-0.5474067,0.34035397,0.6666533,0.0,0.0,0
145447245,0.015203475,-0.52556604,0.35444933,0.66442204,0.0,0.0,0
145462267,0.003833984,-0.5313453,0.36321932,0.66442204,0.0,0.0,0
145486631,0.0206693,-0.57016426,0.37547666,0.65990436,0.0,0.0,0
145506314,0.03629654,-0.61099184,0.36743727,0.6577773,0.0,0.0,0
145526029,0.057946444,-0.6482146,0.35277048,0.65556556,0.0,0.0,0
145545730,0.101389006,-0.6811554,0.32366413,0.65334886,0.0,0.0,0
145565476,0.15116356,-0.692252,0.2897224,0.6511341,0.0,0.0,0
145585148,0.20741051,-0.68513143,0.24517436,0.64889586,0.0,0.0,0
145604847,0.26545116,-0.67174315,0.20269276,0.6473577,0.0,0.0,0
145624519,0.29431632,-0.66277456,0.18728581,0.647636,0.0,0.0,0
145644259,0.27592453,-0.6509787,0.20374389,0.6481965,0.0,0.0,0
145668883,0.21173774,-0.6417426,0.251064,0.6481965,0.0,0.0,0
145683641,0.15548351,-0.6368255,0.2877956,0.6488027,0.0,0.0,0
145703330,0.086225815,-0.621132,0.3315985,0.64865214,0.0,0.0,0
145727985,0.021050083,-0.5809008,0.37656802,0.64789236,0.0,0.0,0
145742740,-0.01340857,-0.54978937,0.39881498,0.6462711,0.0,0.0,0
145762425,-0.025662055,-0.5240899,0.41740295,0.6440581,0.0,0.0,0
145787058,-0.026176732,-0.53567487,0.43128848,0.6418119,0.0,0.0,0
145806766,-0.0069399276,-0.5729401,0.43281093,0.6396023,0.0,0.0,0
145826460,0.0228699,-0.6194993,0.41865,0.6374082,0.0,0.0,0
145846271,0.05141616,-0.66059273,0.40171847,0.63519084,0.0,0.0,0
145865954,0.11906684,-0.70314735,0.35278484,0.6329622,0.0,0.0,0
145885565,0.20087469,-0.7220698,0.28859773,0.63074994,0.0,0.0,0
145905276,0.2817804,-0.71847653,0.22926146,0.6285098,0.0,0.0,0
145924986,0.34926212,-0.70366734,0.18159871,0.62630135,0.0,0.0,0
145944674,0.39622727,-0.68518037,0.14968376,0.62426734,0.0,0.0,0
145964386,0.38037184,-0.6652984,0.16508724,0.6250447,0.0,0.0,0
145984082,0.35111246,-0.647248,0.19149008,0.6262123,0.0,0.0,0
146008717,0.26832068,-0.6252459,0.2510768,0.6286835,0.0,0.0,0
146023503,0.20399594,-0.60950595,0.29760423,0.6286835,0.0,0.0,0
146043204,0.13323775,-0.5818771,0.3411616,0.62927973,0.0,0.0,0
146067825,0.06866798,-0.5316347,0.3909095,0.6283656,0.0,0.0,0
146087514,0.02486288,-0.4989008,0.42283416,0.62680084,0.0,0.0,0
146102282,0.006830175,-0.49340144,0.43530592,0.62680084,0.0,0.0,0
146126981,0.017987154,-0.5180853,0.45655677,0.6223724,0.0,0.0,0
146146647,0.01226577,-0.55619335,0.4660555,0.6201521,0.0,0.0,0
146161419,0.019247968,-0.58464944,0.4635322,0.6201521,0.0,0.0,0
146186059,0.042140886,-0.62597996,0.45047596,0.61593926,0.0,0.0,0
146205712,0.09112461,-0.6526838,0.41287106,0.61507994,0.0,0.0,0
146225413,0.15109198,-0.6508361,0.36861116,0.6151086,0.0,0.0,0
146245221,0.21047713,-0.63117164,0.33149943,0.6162426,0.0,0.0,0
146264850,0.2571048,-0.60616255,0.30431053,0.61838263,0.0,0.0,0
146284524,0.26966143,-0.58067405,0.29965335,0.620556,0.0,0.0,0
146304231,0.24122521,-0.5514688,0.32482147,0.62279767,0.0,0.0,0
146323924,0.2270071,-0.5304399,0.33334428,0.62279767,0.0,0.0,0
146343622,0.19440912,-0.5149125,0.3562602,0.62610954,0.0,0.0,0
146368255,0.14304829,-0.512919,0.39066985,0.62830585,0.0,0.0,0
146383027,0.13981631,-0.5159841,0.3923248,0.63052154,0.0,0.0,0
146407693,0.124688685,-0.51560473,0.408168,0.63276714,0.0,0.0,0
146427353,0.12354558,-0.52718574,0.4213237,0.63496256,0.0,0.0,0
146442160,0.14153375,-0.5577773,0.42092454,0.63716984,0.0,0.0,0
146466767,0.16141567,-0.64011925,0.42223653,0.63842964,0.0,0.0,0
146486466,0.17615299,-0.71363705,0.42595947,0.6378717,0.0,0.0,0
146506185,0.16686043,-0.7725413,0.43772975,0.637119,0.0,0.0,0
146525868,0.16022621,-0.8172044,0.44386506,0.63612604,0.0,0.0,0
146545571,0.2128324,-0.85567147,0.39981714,0.6354296,0.0,0.0,0
146565267,0.27211457,-0.86336786,0.35533166,0.6352196,0.0,0.0,0
146584976,0.31211346,-0.84581983,0.3264752,0.6359249,0.0,0.0,0
146604707,0.3320672,-0.82307,0.3126342,0.6372501,0.0,0.0,0
146624397,0.29711843,-0.7926981,0.33964038,0.63882035,0.0,0.0,0
146649295,0.23177516,-0.7546214,0.38582477,0.6423665,0.0,0.0,0
146663814,0.1786297,-0.73153615,0.42481533,0.6423665,0.0,0.0,0
146683474,0.0821507,-0.69013005,0.48640457,0.64377016,0.0,0.0,0
146708103,0.0064894212,-0.6266439,0.52361923,0.64480335,0.0,0.0,0
146722902,-0.023695366,-0.57837224,0.5410201,0.64480335,0.0,0.0,0
146742604,-0.0585568,-0.5180212,0.55619055,0.64404154,0.0,0.0,0
146767211,-0.049787078,-0.483137,0.56726515,0.64052325,0.0,0.0,0
146786925,-0.057317663,-0.48658776,0.5804978,0.6383026,0.0,0.0,0
146806620,-0.05284707,-0.512148,0.5875178,0.6360857,0.0,0.0,0
146826346,-0.04373935,-0.5452574,0.5830804,0.63404334,0.0,0.0,0
146846045,-0.033395167,-0.5763953,0.58007723,0.6322808,0.0,0.0,0
146865721,0.010862927,-0.608572,0.5484537,0.6313249,0.0,0.0,0
146885425,0.06762869,-0.61894566,0.50792193,0.6311648,0.0,0.0,0
146905122,0.11969036,-0.61271083,0.47308943,0.63182473,0.0,0.0,0
146924838,0.15265746,-0.60108215,0.45033708,0.63306046,0.0,0.0,0
146944526,0.159676,-0.58660567,0.4473256,0.63451713,0.0,0.0,0
146964226,0.13409342,-0.56602174,0.46756062,0.63617855,0.0,0.0,0
146983927,0.08580282,-0.54601234,0.50137717,0.63617855,0.0,0.0,0
147003630,0.03340623,-0.5299943,0.53161633,0.6383336,0.0,0.0,0
147023384,-0.006217542,-0.51101625,0.55128264,0.63908976,0.0,0.0,0
147048276,-0.027625998,-0.476867,0.5599193,0.63928246,0.0,0.0,0
147067699,0.03848246,-0.44618046,0.5631626,0.6387214,0.0,0.0,0
147082463,0.11494021,-0.43538895,0.56258464,0.6390708,0.0,0.0,0
147107088,0.18956327,-0.45096803,0.56563973,0.6388955,0.0,0.0,0
147126795,0.26968464,-0.48898536,0.56789654,0.63841695,0.0,0.0,0
147141605,0.35335714,-0.5230079,0.5671775,0.6381185,0.0,0.0,0
147166166,0.35473445,-0.5697783,0.57247066,0.6383243,0.0,0.0,0
147185875,0.3959213,-0.61637527,0.5396072,0.6362153,0.0,0.0,0
147205613,0.44429418,-0.64622664,0.49930638,0.6344209,0.0,0.0,0
147225332,0.47823662,-0.65137714,0.4717867,0.6333374,0.0,0.0,0
147245008,0.5030345,-0.6451646,0.45043936,0.63319886,0.0,0.0,0
147264679,0.5126253,-0.63525563,0.440265,0.6335308,0.0,0.0,0
147284377,0.4826524,-0.61528254,0.45670134,0.6340369,0.0,0.0,0
147304101,0.46077666,-0.6035705,0.46685025,0.63464296,0.0,0.0,0
147323780,0.4051091,-0.58477354,0.49782738,0.6351266,0.0,0.0,0
147348405,0.3160491,-0.54390925,0.539645,0.63461286,0.0,0.0,0
147363183,0.31172493,-0.51800406,0.53987706,0.63461286,0.0,0.0,0
147382884,0.28011882,-0.46956277,0.5480463,0.6333454,0.0,0.0,0
147407520,0.27572188,-0.424475,0.5441542,0.62903124,0.0,0.0,0
147422375,0.2875813,-0.4192907,0.5347888,0.62903124,0.0,0.0,0
147446934,0.31171146,-0.43438923,0.5308408,0.62456954,0.0,0.0,0
147466615,0.33285528,-0.46092218,0.51714724,0.622366,0.0,0.0,0
147486314,0.34179845,-0.4811779,0.50824225,0.6201663,0.0,0.0,0
147506026,0.40274912,-0.5143442,0.46223575,0.61792135,0.0,0.0,0
147525719,0.44855502,-0.52546656,0.4286109,0.6172355,0.0,0.0,0
147545443,0.48636255,-0.5232405,0.400358,0.6181979,0.0,0.0,0
147565123,0.5202566,-0.5131497,0.37629023,0.6201205,0.0,0.0,0
147584833,0.5404905,-0.49727774,0.36277625,0.6223381,0.0,0.0,0
147604520,0.5014145,-0.4735107,0.3914974,0.62458134,0.0,0.0,0
147629221,0.4126951,-0.4336618,0.44843668,0.62677836,0.0,0.0,0
147643974,0.37122348,-0.4142771,0.47658977,0.62677836,0.0,0.0,0
147663667,0.27848917,-0.38339353,0.5303464,0.63011104,0.0,0.0,0
147688287,0.16012421,-0.3372055,0.6009958,0.63232225,0.0,0.0,0
147703049,0.105286196,-0.3106294,0.62740886,0.63453096,0.0,0.0,0
147722735,0.035590783,-0.27200353,0.6620478,0.63674396,0.0,0.0,0
147747384,-0.0068761883,-0.25143585,0.6936375,0.6389851,0.0,0.0,0
147767072,-0.025738036,-0.2763929,0.712106,0.6408943,0.0,0.0,0
147786774,-0.047205165,-0.32281452,0.73802924,0.64067274,0.0,0.0,0
147806541,-0.051241275,-0.38161218,0.74814546,0.6404213,0.0,0.0,0
147826429,-0.059044864,-0.43387794,0.75594354,0.64016825,0.0,0.0,0
147845881,-0.03449619,-0.492918,0.738065,0.64,0.0,0.0,0
147865575,0.012400328,-0.5389959,0.7033851,0.6403269,0.0,0.0,0
147885272,0.06798871,-0.5632538,0.66245294,0.64159524,0.0,0.0,0
147904984,0.11039902,-0.5678695,0.630033,0.6436883,0.0,0.0,0
147924676,0.13101184,-0.56518596,0.61377865,0.6458806,0.0,0.0,0
147944385,0.09913784,-0.5459752,0.6320726,0.6480957,0.0,0.0,0
147964081,0.06173811,-0.52697,0.65170646,0.65031296,0.0,0.0,0
147983784,-0.0024273233,-0.502184,0.68863654,0.6525356,0.0,0.0,0
148003478,-0.0820136,-0.46876305,0.72875154,0.654745,0.0,0.0,0
148028161,-0.13996153,-0.42803153,0.71944886,0.65918225,0.0,0.0,0
148047815,-0.1655512,-0.3872077,0.7064791,0.66068494,0.0,0.0,0
148062587,-0.17141865,-0.3625097,0.70028263,0.66068494,0.0,0.0,0
148087211,-0.17108992,-0.34424663,0.70714957,0.6592357,0.0,0.0,0
148106950,-0.18608136,-0.3562212,0.7221608,0.6580415,0.0,0.0,0
148121726,-0.1990041,-0.37476674,0.7313241,0.6580415,0.0,0.0,0
148146348,-0.20092343,-0.41714954,0.7337948,0.655928,0.0,0.0,0
148166039,-0.19898777,-0.44724655,0.7397274,0.65517277,0.0,0.0,0
148185736,-0.18168652,-0.4623284,0.7385914,0.655483,0.0,0.0,0
148205541,-0.14492105,-0.4672073,0.7302362,0.65671855,0.0,0.0,0
148225380,-0.11735997,-0.46080852,0.7195041,0.6585247,0.0,0.0,0
148244840,-0.11215483,-0.44894028,0.7141461,0.66066724,0.0,0.0,0
148264525,-0.124331266,-0.43650103,0.70875376,0.66287166,0.0,0.0,0
148284226,-0.14503956,-0.4250168,0.70292735,0.66509366,0.0,0.0,0
148303939,-0.18193579,-0.41285917,0.7083245,0.66509366,0.0,0.0,0
148328556,-0.24720165,-0.3960447,0.6964748,0.6684186,0.0,0.0,0
148343331,-0.27441034,-0.3794053,0.67958355,0.6695164,0.0,0.0,0
148363060,-0.30590588,-0.34431988,0.6619135,0.66977066,0.0,0.0,0
148387664,-0.3181095,-0.2959487,0.65408295,0.6691877,0.0,0.0,0
148402450,-0.32085896,-0.28289285,0.6556551,0.66831946,0.0,0.0,0
148427112,-0.33143812,-0.29509366,0.6683761,0.66687095,0.0,0.0,0
148446772,-0.32603148,-0.3200946,0.6852106,0.665271,0.0,0.0,0
148466476,-0.3086066,-0.35408774,0.6874142,0.6639029,0.0,0.0,0
148486170,-0.31865484,-0.3768736,0.6897828,0.66239613,0.0,0.0,0
148505878,-0.29486537,-0.38813797,0.6864451,0.6614342,0.0,0.0,0
148525577,-0.24733078,-0.3925373,0.67537487,0.66159135,0.0,0.0,0
148545278,-0.21004297,-0.38126978,0.6617771,0.6626247,0.0,0.0,0
148564992,-0.19859436,-0.36387673,0.6539337,0.6641576,0.0,0.0,0
148584692,-0.19851355,-0.34781685,0.6502131,0.6661439,0.0,0.0,0
148604908,-0.22755688,-0.3311823,0.6462271,0.6683643,0.0,0.0,0
148624375,-0.27888098,-0.31998417,0.6439353,0.67049915,0.0,0.0,0
148643830,-0.3305409,-0.30957535,0.6351931,0.6721702,0.0,0.0,0
148668442,-0.38485417,-0.28201866,0.6093697,0.6734578,0.0,0.0,0
148683212,-0.39982376,-0.2601378,0.602576,0.6734578,0.0,0.0,0
148702912,-0.41990373,-0.240308,0.58792996,0.672805,0.0,0.0,0
148727518,-0.3991167,-0.2434186,0.6037567,0.67009896,0.0,0.0,0
148747222,-0.39815044,-0.2727178,0.62033683,0.6682617,0.0,0.0,0
148761995,-0.39161286,-0.3017392,0.6306528,0.6682617,0.0,0.0,0
148786649,-0.36019444,-0.35811767,0.62798524,0.6647322,0.0,0.0,0
148806346,-0.32868594,-0.39630482,0.6331109,0.66339374,0.0,0.0,0
148826046,-0.28227416,-0.41792834,0.62407005,0.66317856,0.0,0.0,0
148845723,-0.20811976,-0.42936015,0.61184347,0.6637619,0.0,0.0,0
148865428,-0.16332048,-0.42412725,0.59800065,0.6650389,0.0,0.0,0
148885124,-0.15531862,-0.4107605,0.59201896,0.6664629,0.0,0.0,0
148904832,-0.17800584,-0.39328733,0.5880973,0.66811275,0.0,0.0,0
148924550,-0.24757458,-0.37048563,0.5885737,0.669613,0.0,0.0,0
148944227,-0.3367345,-0.35121873,0.58616114,0.67079705,0.0,0.0,0
148963929,-0.3855601,-0.3313722,0.5887354,0.67079705,0.0,0.0,0
148983698,-0.45977068,-0.30377728,0.5643769,0.67137015,0.0,0.0,0
149008344,-0.51482147,-0.25748134,0.54184675,0.67038757,0.0,0.0,0
149027970,-0.5113769,-0.24095054,0.5357689,0.6689444,0.0,0.0,0
149042747,-0.5007196,-0.24542834,0.5429015,0.667191,0.0,0.0,0
149067363,-0.498396,-0.28403786,0.5602644,0.665223,0.0,0.0,0
149087070,-0.4700847,-0.3285978,0.5717983,0.66321665,0.0,0.0,0
149101851,-0.43313804,-0.36689967,0.57033944,0.6614501,0.0,0.0,0
149126502,-0.40342617,-0.4037446,0.57640815,0.6599077,0.0,0.0,0
149146203,-0.3556043,-0.41400006,0.5635132,0.65930307,0.0,0.0,0
149165902,-0.28392044,-0.41381273,0.553052,0.659494,0.0,0.0,0
149185592,-0.25116143,-0.40859002,0.5421496,0.66073716,0.0,0.0,0
149205329,-0.23282164,-0.3957275,0.53894645,0.66232485,0.0,0.0,0
149224985,-0.25156036,-0.37978092,0.53882647,0.6643558,0.0,0.0,0
149244680,-0.31472626,-0.36367282,0.5445879,0.66655433,0.0,0.0,0
149264396,-0.37764016,-0.3549567,0.547897,0.66859883,0.0,0.0,0
149284079,-0.43472204,-0.3476484,0.5388996,0.6702032,0.0,0.0,0
149308713,-0.5050617,-0.31858313,0.51810765,0.6709917,0.0,0.0,0
149323504,-0.51482326,-0.30168304,0.51257485,0.6709917,0.0,0.0,0
149343186,-0.52023953,-0.29390123,0.50619256,0.6702224,0.0,0.0,0
149367825,-0.50081897,-0.31954172,0.5267713,0.66724217,0.0,0.0,0
149382653,-0.48912993,-0.35031232,0.53702015,0.66724217,0.0,0.0,0
149407295,-0.44809836,-0.41833127,0.5447572,0.66409135,0.0,0.0,0
149426919,-0.395269,-0.4703286,0.54268885,0.66270834,0.0,0.0,0
149446621,-0.359754,-0.50270015,0.54044586,0.6619549,0.0,0.0,0
149466324,-0.291106,-0.51921403,0.5305881,0.6622036,0.0,0.0,0
149486052,-0.2186453,-0.5253257,0.5141933,0.66338724,0.0,0.0,0
149505731,-0.18139432,-0.5188855,0.50481874,0.6650023,0.0,0.0,0
149525423,-0.17032734,-0.51020557,0.5032016,0.66689116,0.0,0.0,0
149545128,-0.18956286,-0.4978535,0.5019229,0.6690437,0.0,0.0,0
149564860,-0.25338364,-0.48504966,0.5067016,0.67097014,0.0,0.0,0
149584541,-0.32251346,-0.4778685,0.5068301,0.6725188,0.0,0.0,0
149604273,-0.36363026,-0.4654237,0.5017224,0.67344147,0.0,0.0,0
149623932,-0.39220226,-0.43898445,0.5002196,0.67344147,0.0,0.0,0
149648563,-0.41692004,-0.4088262,0.48851714,0.67322725,0.0,0.0,0
149663388,-0.40919882,-0.40818867,0.49125758,0.6722012,0.0,0.0,0
149683064,-0.39891356,-0.43101135,0.5043763,0.670767,0.0,0.0,0
149707694,-0.37616724,-0.48744968,0.5234905,0.6691944,0.0,0.0,0
149727395,-0.32705733,-0.5407738,0.52817065,0.66771895,0.0,0.0,0
149742152,-0.31182513,-0.57724464,0.5266284,0.6664664,0.0,0.0,0
149766815,-0.2411982,-0.6167472,0.52033705,0.66557485,0.0,0.0,0
149786571,-0.18038812,-0.62924904,0.5032007,0.66566575,0.0,0.0,0
149806254,-0.113775924,-0.6250562,0.4919639,0.6666123,0.0,0.0,0
149825884,-0.08852883,-0.6165608,0.4842803,0.6682794,0.0,0.0,0
149845574,-0.083635665,-0.60728204,0.48245355,0.67021966,0.0,0.0,0
149865277,-0.10421869,-0.5948369,0.48699382,0.67243105,0.0,0.0,0
149884992,-0.15587282,-0.58518845,0.49680108,0.6746475,0.0,0.0,0
149904688,-0.20865664,-0.5794255,0.50145483,0.67662376,0.0,0.0,0
149924379,-0.24449545,-0.56261694,0.49262097,0.6779122,0.0,0.0,0
149944086,-0.27967027,-0.5286029,0.48479238,0.67838717,0.0,0.0,0
149963788,-0.29644868,-0.49897912,0.4812572,0.6779292,0.0,0.0,0
149983557,-0.28865162,-0.49713522,0.4837496,0.6766634,0.0,0.0,0
150008133,-0.2530758,-0.5304337,0.5064841,0.67287135,0.0,0.0,0
150022894,-0.24671951,-0.55909777,0.5117051,0.67287135,0.0,0.0,0
150047528,-0.20786251,-0.6113565,0.5122765,0.669367,0.0,0.0,0
150067211,-0.18601808,-0.641388,0.5153038,0.6681528,0.0,0.0,0
150081994,-0.149248,-0.6572854,0.5072589,0.6681528,0.0,0.0,0
150106623,-0.06520603,-0.6618695,0.48682958,0.668495,0.0,0.0,0
150126351,-0.013938546,-0.6543094,0.45330617,0.66994035,0.0,0.0,0
150146053,0.00438072,-0.6405569,0.44146758,0.67173797,0.0,0.0,0
150165761,-0.00020828088,-0.6256855,0.44511122,0.67377305,0.0,0.0,0
150185514,-0.025959741,-0.6108757,0.46392468,0.6758453,0.0,0.0,0
150205169,-0.07972005,-0.59754694,0.48698843,0.6776167,0.0,0.0,0
150224836,-0.13324684,-0.5855717,0.4891339,0.6786021,0.0,0.0,0
150244531,-0.1580985,-0.5633083,0.48590362,0.6789118,0.0,0.0,0
150264232,-0.17544559,-0.53000027,0.48470154,0.67835665,0.0,0.0,0
150288863,-0.19065326,-0.5011558,0.48232725,0.67835665,0.0,0.0,0
150303640,-0.17515355,-0.50093585,0.49805772,0.675975,0.0,0.0,0
150323333,-0.17339198,-0.52614987,0.514518,0.67443603,0.0,0.0,0
150347965,-0.15657431,-0.5751755,0.5246572,0.67267793,0.0,0.0,0
150362746,-0.13362573,-0.6055937,0.52374965,0.67106706,0.0,0.0,0
150382495,-0.09951933,-0.6383879,0.52160126,0.6698248,0.0,0.0,0
150407066,-0.032446086,-0.65929526,0.48411602,0.66937405,0.0,0.0,0
150426776,0.025542468,-0.66020834,0.44363314,0.6698897,0.0,0.0,0
150446472,0.068273865,-0.64938253,0.42186707,0.67128426,0.0,0.0,0
150466180,0.08187671,-0.63726074,0.41356796,0.673372,0.0,0.0,0
150485876,0.08583324,-0.6242832,0.41466013,0.67558575,0.0,0.0,0
150505585,0.043633454,-0.6060401,0.44844097,0.6778371,0.0,0.0,0
150525280,-0.017499214,-0.5902966,0.48804894,0.6800194,0.0,0.0,0
150544989,-0.067907654,-0.56974804,0.51412827,0.68200624,0.0,0.0,0
150564679,-0.10136614,-0.54248774,0.5147414,0.68306327,0.0,0.0,0
150584492,-0.123768345,-0.5146477,0.50941724,0.6832908,0.0,0.0,0
150604132,-0.12601852,-0.50370646,0.51265365,0.682494,0.0,0.0,0
150628738,-0.11015508,-0.5309179,0.5317445,0.6795877,0.0,0.0,0
150643483,-0.10906005,-0.56243205,0.5375791,0.6795877,0.0,0.0,0
150663259,-0.08306687,-0.60769534,0.541728,0.6780486,0.0,0.0,0
150687845,-0.032089937,-0.66349024,0.51146185,0.6755484,0.0,0.0,0
150707540,0.038608484,-0.6965134,0.46155345,0.6754429,0.0,0.0,0
150722355,0.0906536,-0.7042078,0.42285776,0.6754429,0.0,0.0,0
150746915,0.16652419,-0.6969496,0.37313455,0.67776185,0.0,0.0,0
150766624,0.21640833,-0.6841368,0.34069255,0.6798065,0.0,0.0,0
150781439,0.22249311,-0.6726455,0.33609554,0.6798065,0.0,0.0,0
150806023,0.16693257,-0.63943565,0.38565496,0.68422896,0.0,0.0,0
150825731,0.091592215,-0.61541235,0.4364333,0.68643475,0.0,0.0,0
150845435,0.00087257335,-0.589106,0.49140218,0.688651,0.0,0.0,0
150865123,-0.055538468,-0.5529092,0.5280714,0.6895985,0.0,0.0,0
150884839,-0.10447538,-0.5135416,0.53223515,0.6895699,0.0,0.0,0
150904535,-0.11537867,-0.48657182,0.537907,0.6884151,0.0,0.0,0
150924225,-0.1149841,-0.4870604,0.5431881,0.68693733,0.0,0.0,0
150943968,-0.11754527,-0.5165005,0.55003655,0.68693733,0.0,0.0,0
150963633,-0.099425755,-0.555694,0.5661677,0.683994,0.0,0.0,0
150988520,-0.08326697,-0.60454714,0.5740151,0.68247706,0.0,0.0,0
151003044,-0.05189645,-0.63921744,0.5511701,0.6811984,0.0,0.0,0
151027668,0.019337747,-0.66642237,0.5008109,0.6804786,0.0,0.0,0
151047369,0.07313242,-0.66694856,0.4691469,0.68085325,0.0,0.0,0
151062180,0.10661844,-0.6598323,0.4513525,0.68226963,0.0,0.0,0
151086774,0.13679709,-0.6480671,0.43137935,0.68419397,0.0,0.0,0
151106479,0.13302639,-0.6336319,0.43960774,0.68630683,0.0,0.0,0
151126212,0.10608818,-0.62063247,0.46224144,0.6885006,0.0,0.0,0
151145910,0.061287317,-0.61140925,0.49108234,0.690715,0.0,0.0,0
151165678,0.025099859,-0.5957772,0.50760734,0.69236654,0.0,0.0,0
151185349,0.004840451,-0.5671671,0.5186403,0.69316757,0.0,0.0,0
151204980,-0.015318129,-0.5332644,0.526014,0.6932057,0.0,0.0,0
151224728,-0.01994689,-0.5171324,0.53116536,0.6921452,0.0,0.0,0
151244376,-0.015894845,-0.53101915,0.5401555,0.6904269,0.0,0.0,0
151269008,-0.011180742,-0.56926596,0.5550985,0.6862889,0.0,0.0,0
151283796,-0.01225716,-0.5924347,0.55823797,0.6862889,0.0,0.0,0
151303486,-0.011682271,-0.6200624,0.56172466,0.68434954,0.0,0.0,0
151328116,0.02434628,-0.64355457,0.53914905,0.68210185,0.0,0.0,0
151342904,0.06125289,-0.64739186,0.51139325,0.68210185,0.0,0.0,0
151362652,0.1084906,-0.64348954,0.4832022,0.6823986,0.0,0.0,0
151387256,0.14790232,-0.6292266,0.45959592,0.6848168,0.0,0.0,0
151406921,0.15079434,-0.6161117,0.45935547,0.6863826,0.0,0.0,0
151426632,0.13389291,-0.60358757,0.47228143,0.6880592,0.0,0.0,0
151446324,0.09205106,-0.5914574,0.4983082,0.68946785,0.0,0.0,0
151466024,0.04122302,-0.57523173,0.52428836,0.69018215,0.0,0.0,0
151485729,0.012988883,-0.5486816,0.5347284,0.6899247,0.0,0.0,0
151505465,-0.004938521,-0.50930387,0.5449808,0.6887533,0.0,0.0,0
151525124,-0.0110893715,-0.47812122,0.551612,0.6868843,0.0,0.0,0
151544831,-0.009395101,-0.4778546,0.555486,0.6846695,0.0,0.0,0
151564575,-0.015434908,-0.50106496,0.5677199,0.6824223,0.0,0.0,0
151584308,-0.0028726878,-0.53994656,0.5630793,0.68022954,0.0,0.0,0
151603963,0.01503629,-0.5737361,0.55331224,0.68022954,0.0,0.0,0
151623677,0.074388124,-0.6102378,0.50928706,0.67691046,0.0,0.0,0
151643336,0.1444762,-0.6225663,0.46091318,0.67527646,0.0,0.0,0
151667970,0.22231641,-0.6145922,0.4086079,0.6753378,0.0,0.0,0
151687673,0.2739296,-0.6025191,0.3734509,0.6762763,0.0,0.0,0
151702435,0.28938732,-0.58856016,0.36586452,0.6777622,0.0,0.0,0
151727081,0.24855742,-0.55447656,0.40180543,0.6796331,0.0,0.0,0
151746816,0.1909991,-0.52540773,0.44614643,0.68185014,0.0,0.0,0
151761632,0.1237089,-0.5034172,0.488426,0.6838344,0.0,0.0,0
151786270,0.024124108,-0.46144754,0.5537478,0.68522686,0.0,0.0,0
151805880,-0.029120885,-0.42278475,0.5820378,0.6860381,0.0,0.0,0
151825579,-0.07689196,-0.3872487,0.59327143,0.68580943,0.0,0.0,0
151845278,-0.09527277,-0.38180044,0.5975161,0.68450326,0.0,0.0,0
151864978,-0.11006767,-0.4086436,0.6073884,0.68280387,0.0,0.0,0
151884680,-0.119491406,-0.45350525,0.6208394,0.6806763,0.0,0.0,0
151904402,-0.11260419,-0.50227654,0.62900513,0.6784994,0.0,0.0,0
151924079,-0.09791261,-0.5491308,0.63098925,0.6765638,0.0,0.0,0
151943787,-0.049387023,-0.5902302,0.6036439,0.675048,0.0,0.0,0
151968439,0.024306085,-0.612074,0.55651677,0.6744948,0.0,0.0,0
151983190,0.05564743,-0.6155181,0.53347963,0.6744948,0.0,0.0,0
152002888,0.09233266,-0.613324,0.5095968,0.6754761,0.0,0.0,0
152027513,0.10578502,-0.6072083,0.5032416,0.67827237,0.0,0.0,0
152042289,0.08397785,-0.5981817,0.5192328,0.67827237,0.0,0.0,0
152066962,0.015432778,-0.58079636,0.563659,0.6810629,0.0,0.0,0
152086655,-0.045651205,-0.56210375,0.5981613,0.68166435,0.0,0.0,0
152106345,-0.07665514,-0.535858,0.6114763,0.6814723,0.0,0.0,0
152126059,-0.110548146,-0.4989542,0.60518444,0.6803235,0.0,0.0,0
152145843,-0.119427405,-0.4731382,0.6006117,0.67817324,0.0,0.0,0
152165758,-0.12522931,-0.4717435,0.6028378,0.6759453,0.0,0.0,0
152185143,-0.14158723,-0.4922038,0.6121544,0.6737117,0.0,0.0,0
152204833,-0.14959468,-0.5242451,0.6186274,0.67152846,0.0,0.0,0
152224523,-0.13800026,-0.55950946,0.6200928,0.66930634,0.0,0.0,0
152249165,-0.10754638,-0.59529954,0.621735,0.66709673,0.0,0.0,0
152263936,-0.079623364,-0.6041789,0.6096506,0.66709673,0.0,0.0,0
152283633,-0.025012035,-0.612807,0.572764,0.66493464,0.0,0.0,0
152308263,0.030733936,-0.6084416,0.53603286,0.6653664,0.0,0.0,0
152323033,0.046015747,-0.6029611,0.52379847,0.666383,0.0,0.0,0
152342741,0.04989765,-0.59142816,0.52446884,0.6675247,0.0,0.0,0
152367403,0.009518955,-0.5715363,0.5542224,0.66895646,0.0,0.0,0
152387067,-0.046473842,-0.5545434,0.589994,0.6702493,0.0,0.0,0
152406786,-0.098017715,-0.5300429,0.60909396,0.6710539,0.0,0.0,0
152426473,-0.1372455,-0.49892944,0.6023597,0.6712815,0.0,0.0,0
152446177,-0.17393206,-0.46281374,0.5898365,0.67057806,0.0,0.0,0
152465893,-0.19263099,-0.4400848,0.583597,0.668876,0.0,0.0,0
152485575,-0.21257398,-0.44724694,0.58154047,0.66664195,0.0,0.0,0
152505282,-0.22017965,-0.475284,0.5911814,0.6644249,0.0,0.0,0
152524995,-0.21536426,-0.51216143,0.59621346,0.6622289,0.0,0.0,0
152544865,-0.19079104,-0.5518444,0.59646535,0.6600114,0.0,0.0,0
152564705,-0.17177749,-0.582065,0.5973379,0.65777975,0.0,0.0,0
152584121,-0.124956466,-0.5965651,0.587286,0.65607464,0.0,0.0,0
152603816,-0.058390044,-0.60003304,0.55778235,0.65600497,0.0,0.0,0
152623512,-0.019468274,-0.5955936,0.53261656,0.65673417,0.0,0.0,0
152648121,-0.012138101,-0.5771625,0.53341776,0.6598412,0.0,0.0,0
152667812,-0.018055111,-0.5627651,0.53876615,0.6617987,0.0,0.0,0
152682612,-0.05398887,-0.5457393,0.56401515,0.6617987,0.0,0.0,0
152707219,-0.14282784,-0.52181756,0.58097684,0.66519314,0.0,0.0,0
152726927,-0.20543358,-0.5035744,0.58226496,0.6660843,0.0,0.0,0
152741760,-0.2332423,-0.48431692,0.5843142,0.6660843,0.0,0.0,0
152766350,-0.3100824,-0.4470622,0.5638396,0.6651236,0.0,0.0,0
152786022,-0.3378122,-0.43934506,0.55449176,0.6632373,0.0,0.0,0
152805736,-0.34798986,-0.46136165,0.55596316,0.6610497,0.0,0.0,0
152825423,-0.35223207,-0.50364286,0.56374466,0.6588352,0.0,0.0,0
152845125,-0.3455353,-0.5525405,0.5691014,0.6566213,0.0,0.0,0
152864840,-0.318778,-0.6004877,0.5692011,0.65450466,0.0,0.0,0
152884533,-0.30779073,-0.6318695,0.5760273,0.65320027,0.0,0.0,0
152904234,-0.26566014,-0.646971,0.5658844,0.6529315,0.0,0.0,0
152923934,-0.21209243,-0.6485566,0.5497872,0.6529315,0.0,0.0,0
152948637,-0.1747926,-0.63715404,0.5379718,0.6540677,0.0,0.0,0
152963385,-0.16796017,-0.62878424,0.53430635,0.65527296,0.0,0.0,0
152983041,-0.16572219,-0.6172183,0.5330238,0.6567377,0.0,0.0,0
153007698,-0.21228175,-0.5983238,0.54013544,0.6583599,0.0,0.0,0
153022439,-0.24820931,-0.59005773,0.54306364,0.6597006,0.0,0.0,0
153047070,-0.2921948,-0.566541,0.5406041,0.6606397,0.0,0.0,0
153066774,-0.32989693,-0.5323408,0.53204757,0.6609857,0.0,0.0,0
153086477,-0.36871725,-0.50039434,0.51405656,0.6604734,0.0,0.0,0
153106172,-0.38121626,-0.48817304,0.5058443,0.6589262,0.0,0.0,0
153125904,-0.40162784,-0.5061378,0.5008116,0.65694624,0.0,0.0,0
153145633,-0.40043482,-0.54297775,0.50540334,0.6547309,0.0,0.0,0
153165332,-0.37583596,-0.588888,0.49836317,0.6525113,0.0,0.0,0
153184982,-0.33019698,-0.6325987,0.49072477,0.65026355,0.0,0.0,0
153204691,-0.2956806,-0.6638139,0.48721385,0.6486456,0.0,0.0,0
153224378,-0.2317803,-0.67952955,0.4670173,0.6479244,0.0,0.0,0
153244119,-0.15805961,-0.6831032,0.44295484,0.6479998,0.0,0.0,0
153263797,-0.12890115,-0.67154706,0.4318845,0.64882714,0.0,0.0,0
153288411,-0.15627834,-0.6471536,0.44086516,0.6514268,0.0,0.0,0
153303196,-0.175954,-0.63344425,0.44409245,0.6514268,0.0,0.0,0
153322916,-0.24454755,-0.6128547,0.45849526,0.6529731,0.0,0.0,0
153347590,-0.36863777,-0.5907289,0.47173563,0.65489846,0.0,0.0,0
153367217,-0.44580734,-0.56410164,0.46644223,0.6549404,0.0,0.0,0
153381997,-0.47496304,-0.536956,0.46591333,0.6549404,0.0,0.0,0
153406621,-0.56181574,-0.48376808,0.43126813,0.65206116,0.0,0.0,0
153426327,-0.5962867,-0.46465948,0.4085907,0.64984107,0.0,0.0,0
153446017,-0.6193495,-0.4763803,0.401475,0.64760965,0.0,0.0,0
153465722,-0.6255737,-0.5150336,0.40109593,0.6454139,0.0,0.0,0
153485425,-0.59614426,-0.5632415,0.39894226,0.6431884,0.0,0.0,0
153505144,-0.5288173,-0.60914856,0.38112298,0.640983,0.0,0.0,0
153524842,-0.49579346,-0.6402617,0.38512537,0.6387655,0.0,0.0,0
153544561,-0.45417458,-0.6538154,0.36775634,0.6365405,0.0,0.0,0
153564249,-0.38826403,-0.6556185,0.35223407,0.63432616,0.0,0.0,0
153583965,-0.33641955,-0.64468205,0.33489445,0.63432616,0.0,0.0,0
153603687,-0.325096,-0.6269102,0.32212472,0.63095725,0.0,0.0,0
153623395,-0.30937228,-0.61178386,0.31430075,0.6302834,0.0,0.0,0
153647984,-0.3604778,-0.59007776,0.32039687,0.6308098,0.0,0.0,0
153662746,-0.3941455,-0.5819954,0.32793045,0.6313219,0.0,0.0,0
153687363,-0.4448904,-0.5671169,0.3263593,0.6316536,0.0,0.0,0
153707075,-0.4865734,-0.5424474,0.31961077,0.6315283,0.0,0.0,0
153722136,-0.5201503,-0.52335936,0.3086189,0.63063145,0.0,0.0,0
153746545,-0.5396954,-0.5115437,0.2971226,0.62900865,0.0,0.0,0
153766172,-0.5524587,-0.5332621,0.29134178,0.6268359,0.0,0.0,0
153785879,-0.5465446,-0.5777664,0.29116333,0.6246148,0.0,0.0,0
153805600,-0.5218372,-0.63179713,0.28583202,0.62238514,0.0,0.0,0
153825280,-0.44243336,-0.6837247,0.27121195,0.62018585,0.0,0.0,0
153844982,-0.42677557,-0.72242343,0.26659542,0.6179541,0.0,0.0,0
153864679,-0.38008928,-0.7468489,0.25989088,0.61578625,0.0,0.0,0
153884382,-0.31789315,-0.75810343,0.23813978,0.61528623,0.0,0.0,0
153904087,-0.2513831,-0.7560187,0.21646728,0.61568207,0.0,0.0,0
153928739,-0.23080777,-0.74567354,0.20552501,0.61831725,0.0,0.0,0
153943520,-0.20407717,-0.74589986,0.19730385,0.61831725,0.0,0.0,0
153963185,-0.21340898,-0.74238497,0.19971535,0.6201448,0.0,0.0,0
153987815,-0.26866135,-0.7415811,0.21825899,0.62395215,0.0,0.0,0
154002600,-0.29276046,-0.74479085,0.22616863,0.62395215,0.0,0.0,0
154027245,-0.33704767,-0.74329126,0.22302757,0.6260392,0.0,0.0,0
154046945,-0.3677839,-0.7247423,0.22130685,0.62582374,0.0,0.0,0
154066648,-0.3854373,-0.70376104,0.21439336,0.6245877,0.0,0.0,0
154086328,-0.40917084,-0.69466716,0.20659405,0.62235415,0.0,0.0,0
154106020,-0.42866933,-0.7105466,0.2060738,0.6201387,0.0,0.0,0
154125804,-0.43776882,-0.74717,0.20523314,0.61792517,0.0,0.0,0
154145524,-0.4255706,-0.7876373,0.20424807,0.6156926,0.0,0.0,0
154165154,-0.3879953,-0.82373965,0.19044363,0.6134814,0.0,0.0,0
154184834,-0.35438535,-0.8477393,0.1834931,0.61127317,0.0,0.0,0
154204526,-0.31392747,-0.8532112,0.16656274,0.6090821,0.0,0.0,0
154224235,-0.26579458,-0.83997107,0.14662354,0.60686696,0.0,0.0,0
154243926,-0.21632983,-0.81188315,0.12700331,0.60686696,0.0,0.0,0
154268566,-0.19052282,-0.77512896,0.11199494,0.6054015,0.0,0.0,0
154283334,-0.18101963,-0.7563014,0.106164165,0.6061766,0.0,0.0,0
154303042,-0.20181273,-0.72976935,0.11193616,0.6073137,0.0,0.0,0
154327694,-0.27258295,-0.70387256,0.1320621,0.60865426,0.0,0.0,0
154347386,-0.32728326,-0.68860227,0.14405295,0.60996,0.0,0.0,0
154362139,-0.37464306,-0.67264813,0.14862554,0.61093926,0.0,0.0,0
154386781,-0.460716,-0.6343204,0.15751252,0.61136717,0.0,0.0,0
154406472,-0.5175542,-0.61062527,0.1521449,0.61104494,0.0,0.0,0
154426172,-0.5438662,-0.6070489,0.14846991,0.60999507,0.0,0.0,0
154445875,-0.5666814,-0.6323573,0.1465961,0.60833955,0.0,0.0,0
154465573,-0.5655121,-0.6780483,0.16013885,0.6063601,0.0,0.0,0
154485272,-0.53968567,-0.73104423,0.16691326,0.6043064,0.0,0.0,0
154504988,-0.4552513,-0.7840149,0.1513459,0.6024502,0.0,0.0,0
154524766,-0.40294904,-0.8262282,0.14224574,0.600891,0.0,0.0,0
154544399,-0.31881213,-0.85053533,0.11632277,0.5998433,0.0,0.0,0
154564116,-0.23925522,-0.8496201,0.089983776,0.59952104,0.0,0.0,0
154583819,-0.17661232,-0.8302488,0.06873528,0.60013497,0.0,0.0,0
154603509,-0.16671488,-0.8037387,0.0657455,0.60119104,0.0,0.0,0
154628146,-0.17550161,-0.76972765,0.06676936,0.6044525,0.0,0.0,0
154642892,-0.20630899,-0.7475978,0.07546647,0.6044525,0.0,0.0,0
154667509,-0.28762677,-0.7142427,0.096134394,0.60871136,0.0,0.0,0
154687209,-0.34876257,-0.6951659,0.11345693,0.6105292,0.0,0.0,0
154701993,-0.37833786,-0.680059,0.11999348,0.6105292,0.0,0.0,0
154726651,-0.4299698,-0.64620954,0.13296163,0.612806,0.0,0.0,0
154746321,-0.46453688,-0.62187696,0.14283898,0.61270446,0.0,0.0,0
154766015,-0.47370425,-0.6173882,0.14613236,0.61190057,0.0,0.0,0
154785728,-0.48318097,-0.641116,0.15456995,0.61049455,0.0,0.0,0
154805419,-0.48487768,-0.68901306,0.1630586,0.6089161,0.0,0.0,0
154825125,-0.46659952,-0.7416219,0.16496673,0.6074127,0.0,0.0,0
154844826,-0.41312966,-0.78807783,0.15510124,0.60611326,0.0,0.0,0
154864526,-0.37338433,-0.8249239,0.14295623,0.60519993,0.0,0.0,0
154884223,-0.3521865,-0.84748805,0.13879433,0.60492015,0.0,0.0,0
154909006,-0.2916773,-0.84339684,0.117718704,0.60492015,0.0,0.0,0
154923711,-0.2561448,-0.83117,0.085949786,0.6062442,0.0,0.0,0
154943331,-0.23168464,-0.8122814,0.0656108,0.60774255,0.0,0.0,0
154967977,-0.1928759,-0.7898966,0.035977315,0.60949033,0.0,0.0,0
154982743,-0.2031926,-0.77600795,0.047610614,0.6114038,0.0,0.0,0
155002435,-0.23943733,-0.76189667,0.07558264,0.61349136,0.0,0.0,0
155027090,-0.27022117,-0.74550325,0.10041888,0.61538225,0.0,0.0,0
155046794,-0.29355085,-0.71759284,0.11401443,0.61691314,0.0,0.0,0
155066498,-0.31317008,-0.6765595,0.11881171,0.61794424,0.0,0.0,0
155086164,-0.32578754,-0.63554513,0.121639214,0.6181407,0.0,0.0,0
155105907,-0.32583594,-0.61500216,0.12051304,0.6174664,0.0,0.0,0
155125603,-0.33844352,-0.621503,0.12488687,0.6162472,0.0,0.0,0
155145279,-0.34187588,-0.6520142,0.12912679,0.614648,0.0,0.0,0
155164987,-0.32534543,-0.6893494,0.12180847,0.61299235,0.0,0.0,0
155184683,-0.2627677,-0.72621673,0.07416346,0.6116208,0.0,0.0,0
155204377,-0.2443557,-0.7531085,0.057886485,0.6106028,0.0,0.0,0
155224083,-0.20758976,-0.7619903,0.029896434,0.61016434,0.0,0.0,0
155248711,-0.15415882,-0.7467947,-0.019852083,0.61196715,0.0,0.0,0
155263491,-0.11875669,-0.7306768,-0.04580508,0.61196715,0.0,0.0,0
155283178,-0.10348344,-0.70817673,-0.060611077,0.6140357,0.0,0.0,0
155308071,-0.08881469,-0.6851196,-0.07062337,0.61846244,0.0,0.0,0
155327824,-0.115067795,-0.6688415,-0.04743614,0.62068725,0.0,0.0,0
155342290,-0.15032904,-0.66071653,-0.021325042,0.62068725,0.0,0.0,0
155366926,-0.20179793,-0.6543077,0.021537447,0.6251366,0.0,0.0,0
155386647,-0.23674849,-0.6370574,0.04524166,0.6273547,0.0,0.0,0
155401396,-0.2668982,-0.61581624,0.067090295,0.6273547,0.0,0.0,0
155426039,-0.29895037,-0.5809634,0.08864821,0.63102233,0.0,0.0,0
155445718,-0.3153661,-0.5749051,0.09252633,0.6306408,0.0,0.0,0
155465421,-0.32217303,-0.5974354,0.09483913,0.62989765,0.0,0.0,0
155485124,-0.3149698,-0.6439259,0.08386214,0.62897676,0.0,0.0,0
155504863,-0.2722628,-0.6932579,0.051086433,0.6282791,0.0,0.0,0
155524561,-0.20855574,-0.7369503,7.597804e-05,0.6278631,0.0,0.0,0
155544260,-0.15826926,-0.77036333,-0.03966364,0.627988,0.0,0.0,0
155563955,-0.07877293,-0.7724755,-0.09980645,0.627988,0.0,0.0,0
155583660,-0.0080719255,-0.751824,-0.16053778,0.63000834,0.0,0.0,0
155608254,0.044198632,-0.71765596,-0.19417174,0.6322473,0.0,0.0,0
155623048,0.04779935,-0.6996281,-0.19541945,0.6344403,0.0,0.0,0
155647674,0.018700747,-0.6725813,-0.17904882,0.6366534,0.0,0.0,0
155667359,-0.033805225,-0.6562442,-0.1375504,0.638895,0.0,0.0,0
155682129,-0.084169134,-0.64919823,-0.0937157,0.64109,0.0,0.0,0
155707057,-0.18847041,-0.64007235,-0.014237401,0.6433204,0.0,0.0,0
155726487,-0.23802614,-0.61739296,0.020525608,0.6455524,0.0,0.0,0
155746169,-0.28863114,-0.58576125,0.05635405,0.6477734,0.0,0.0,0
155765867,-0.3214439,-0.56420183,0.07621968,0.6499523,0.0,0.0,0
155785569,-0.32147047,-0.56896913,0.071700886,0.652168,0.0,0.0,0
155805276,-0.32074365,-0.6034715,0.06673367,0.6520917,0.0,0.0,0
155824995,-0.30363905,-0.6537236,0.051221322,0.6510709,0.0,0.0,0
155844676,-0.24793398,-0.7020498,0.0057327934,0.650112,0.0,0.0,0
155864381,-0.2059428,-0.7403424,-0.031046998,0.6493994,0.0,0.0,0
155888999,-0.13621403,-0.75836724,-0.08528692,0.64948165,0.0,0.0,0
155903821,-0.08005798,-0.75202525,-0.12764513,0.64948165,0.0,0.0,0
155923500,-0.017789675,-0.72915524,-0.17661665,0.65069336,0.0,0.0,0
155948104,0.010189994,-0.6971857,-0.19936745,0.6547427,0.0,0.0,0
155962884,0.01354968,-0.6813862,-0.2008545,0.6547427,0.0,0.0,0
155982625,-0.010567316,-0.6647361,-0.17695464,0.65696096,0.0,0.0,0
156007238,-0.06441123,-0.65597683,-0.12841722,0.6613965,0.0,0.0,0
156026961,-0.107928984,-0.64944094,-0.09504485,0.66360873,0.0,0.0,0
156046619,-0.13602896,-0.6281893,-0.069415554,0.66565734,0.0,0.0,0
156066359,-0.16885085,-0.59722674,-0.04404898,0.66602284,0.0,0.0,0
156086086,-0.18773572,-0.57048225,-0.030387735,0.66548026,0.0,0.0,0
156105987,-0.19045892,-0.57173663,-0.028230445,0.6641774,0.0,0.0,0
156125414,-0.19228904,-0.601105,-0.026989004,0.66257507,0.0,0.0,0
156145126,-0.1787889,-0.64473134,-0.037791464,0.6609085,0.0,0.0,0
156164835,-0.13611741,-0.6817474,-0.074344955,0.659448,0.0,0.0,0
156184517,-0.100838505,-0.71231496,-0.098369874,0.6585001,0.0,0.0,0
156204235,-0.07080656,-0.7247843,-0.12264948,0.658304,0.0,0.0,0
156223921,-0.03796171,-0.7158724,-0.14711772,0.658304,0.0,0.0,0
156243625,-0.0053974744,-0.6940006,-0.17535019,0.6601142,0.0,0.0,0
156263331,0.01551401,-0.67347944,-0.1926424,0.66196924,0.0,0.0,0
156288004,0.033554483,-0.6550731,-0.19925728,0.6641846,0.0,0.0,0
156307706,0.02744372,-0.64809436,-0.19342262,0.66642636,0.0,0.0,0
156322441,0.014488043,-0.65073055,-0.18116774,0.66862124,0.0,0.0,0
156347059,-0.013868132,-0.66260004,-0.15429558,0.67083335,0.0,0.0,0
156366771,-0.028592464,-0.6581382,-0.13959286,0.67307085,0.0,0.0,0
156381541,-0.043752577,-0.64839137,-0.12215291,0.67447746,0.0,0.0,0
156406165,-0.06058311,-0.63827854,-0.1022273,0.6744572,0.0,0.0,0
156425907,-0.053367782,-0.6541197,-0.10381095,0.6734261,0.0,0.0,0
156445569,-0.04077908,-0.6939027,-0.11124942,0.67177343,0.0,0.0,0
156465273,-0.018480223,-0.74238247,-0.12956862,0.6697849,0.0,0.0,0
156485197,0.0309138,-0.7830866,-0.16151685,0.66796297,0.0,0.0,0
156505181,0.07854011,-0.8136297,-0.18012197,0.66628206,0.0,0.0,0
156524372,0.14411783,-0.81950223,-0.20205054,0.6651829,0.0,0.0,0
156544080,0.18887155,-0.7998985,-0.220834,0.665038,0.0,0.0,0
156563780,0.21890035,-0.76948994,-0.23041774,0.6656901,0.0,0.0,0
156588402,0.24077484,-0.73197246,-0.23505095,0.6688096,0.0,0.0,0
156603230,0.22656442,-0.7153391,-0.2285391,0.6688096,0.0,0.0,0
156622912,0.19140095,-0.7000224,-0.20932171,0.6709238,0.0,0.0,0
156647547,0.13867073,-0.69401115,-0.1789034,0.6752356,0.0,0.0,0
156662300,0.091485046,-0.6948075,-0.1658035,0.6752356,0.0,0.0,0
156686945,0.0569635,-0.681075,-0.13935652,0.67774385,0.0,0.0,0
156706655,0.025978947,-0.6655815,-0.1249901,0.67774427,0.0,0.0,0
156726309,0.00981544,-0.6609157,-0.110804565,0.676799,0.0,0.0,0
156746008,0.009326273,-0.68195766,-0.10926473,0.675262,0.0,0.0,0
156765721,0.021003835,-0.7262294,-0.11502684,0.67353153,0.0,0.0,0
156785418,0.052196838,-0.77114576,-0.124145746,0.6719319,0.0,0.0,0
156805131,0.09225064,-0.8050672,-0.13908896,0.670563,0.0,0.0,0
156824831,0.16700645,-0.8252914,-0.16927984,0.6698154,0.0,0.0,0
156844518,0.24340649,-0.8156645,-0.1985152,0.6699938,0.0,0.0,0
156869153,0.32033405,-0.7774369,-0.22357132,0.67105305,0.0,0.0,0
156884429,0.35442632,-0.7531045,-0.23051178,0.67105305,0.0,0.0,0
156903893,0.36856508,-0.724499,-0.23143408,0.6738757,0.0,0.0,0
156928256,0.338135,-0.7001019,-0.21010141,0.6760721,0.0,0.0,0
156943029,0.30890423,-0.6917179,-0.19316544,0.6783115,0.0,0.0,0
156962728,0.246115,-0.6892486,-0.1670863,0.6805016,0.0,0.0,0
156987360,0.16824861,-0.6845176,-0.13391788,0.68271154,0.0,0.0,0
157007059,0.12585701,-0.6669654,-0.1153045,0.6847288,0.0,0.0,0
157026780,0.09556163,-0.6488408,-0.09590325,0.68532825,0.0,0.0,0
157046497,0.08346943,-0.6479051,-0.084765136,0.684912,0.0,0.0,0
157066188,0.08565968,-0.6762714,-0.07800456,0.6836533,0.0,0.0,0
157085917,0.089994356,-0.7214417,-0.07552683,0.6818924,0.0,0.0,0
157105590,0.10527505,-0.7636417,-0.07812076,0.6801811,0.0,0.0,0
157125272,0.12455423,-0.79677653,-0.085372485,0.6787065,0.0,0.0,0
157144972,0.1742887,-0.81090504,-0.103843756,0.67769235,0.0,0.0,0
157164702,0.2210365,-0.80211097,-0.11867935,0.677362,0.0,0.0,0
157184374,0.25394735,-0.78189176,-0.12934135,0.67802936,0.0,0.0,0
157204076,0.2868926,-0.76041996,-0.13746561,0.6793754,0.0,0.0,0
157223788,0.30156812,-0.7436286,-0.1390326,0.68112344,0.0,0.0,0
157243473,0.30248994,-0.7351542,-0.13130333,0.6831462,0.0,0.0,0
157268103,0.28798744,-0.73989314,-0.11108036,0.6871899,0.0,0.0,0
157287902,0.26421016,-0.74575204,-0.09450581,0.6886499,0.0,0.0,0
157302600,0.2505261,-0.7402016,-0.09014387,0.6886499,0.0,0.0,0
157327205,0.25030935,-0.721076,-0.07525979,0.68921876,0.0,0.0,0
157346904,0.2489606,-0.7086062,-0.078125,0.6880168,0.0,0.0,0
157361685,0.24403578,-0.7168186,-0.0768809,0.6880168,0.0,0.0,0
157386314,0.25802186,-0.76359123,-0.090045206,0.68388176,0.0,0.0,0
157406009,0.262635,-0.810311,-0.09604551,0.68171227,0.0,0.0,0
157425720,0.25148448,-0.84924704,-0.09473695,0.67985857,0.0,0.0,0
157445459,0.28888664,-0.87664723,-0.10896797,0.6785817,0.0,0.0,0
157465113,0.32900983,-0.8758799,-0.12308239,0.67818964,0.0,0.0,0
157484879,0.35875738,-0.8595445,-0.13145153,0.6786927,0.0,0.0,0
157504557,0.38230067,-0.83796734,-0.1375706,0.67987776,0.0,0.0,0
157524243,0.39221436,-0.81513494,-0.13945387,0.68142676,0.0,0.0,0
157543924,0.35947955,-0.799189,-0.12669589,0.68142676,0.0,0.0,0
157568566,0.32704863,-0.78941685,-0.11797965,0.6843839,0.0,0.0,0
157583323,0.28513044,-0.790177,-0.105621025,0.68620914,0.0,0.0,0
157603049,0.2359959,-0.78872,-0.09175964,0.6877041,0.0,0.0,0
157627657,0.1947056,-0.7672359,-0.068545476,0.688648,0.0,0.0,0
157642452,0.17118084,-0.75213665,-0.044037234,0.68862987,0.0,0.0,0
157667079,0.15500297,-0.74496806,-0.02221837,0.68768525,0.0,0.0,0
157686840,0.15388198,-0.7699973,-0.015369988,0.6858964,0.0,0.0,0
157706460,0.15682095,-0.8107601,-0.012310859,0.68366814,0.0,0.0,0
157726196,0.16104203,-0.8480167,-0.012559515,0.6814554,0.0,0.0,0
157745875,0.1813696,-0.87688494,-0.02993057,0.6794057,0.0,0.0,0
157765568,0.23715247,-0.88407457,-0.074520685,0.67799383,0.0,0.0,0
157785271,0.29398057,-0.863068,-0.11934588,0.6773911,0.0,0.0,0
157804968,0.32729387,-0.832028,-0.1294328,0.67783314,0.0,0.0,0
157824678,0.3502572,-0.802604,-0.13544762,0.678991,0.0,0.0,0
157844400,0.33557197,-0.7778434,-0.13000374,0.6807355,0.0,0.0,0
157864096,0.31815296,-0.7577514,-0.12555961,0.6828243,0.0,0.0,0
157883804,0.2753274,-0.74935585,-0.09033068,0.68503934,0.0,0.0,0
157908395,0.20283173,-0.7464799,-0.027009362,0.68904096,0.0,0.0,0
157923173,0.17265299,-0.73612404,-0.005259272,0.68904096,0.0,0.0,0
157942876,0.14631543,-0.7140415,0.020129591,0.69012785,0.0,0.0,0
157967505,0.12571831,-0.68880653,0.046143115,0.6893133,0.0,0.0,0
157987198,0.12602146,-0.70004934,0.05155358,0.6876604,0.0,0.0,0
158002022,0.120776884,-0.72562593,0.055821404,0.6876604,0.0,0.0,0
158026633,0.13074313,-0.77743256,0.054891497,0.6839684,0.0,0.0,0
158046345,0.13417408,-0.8115819,0.052433994,0.6824014,0.0,0.0,0
158066087,0.16637817,-0.8410098,0.026549399,0.6814506,0.0,0.0,0
158085787,0.2231141,-0.844645,-0.018723683,0.68145996,0.0,0.0,0
158105429,0.28352657,-0.8218489,-0.06615081,0.68228644,0.0,0.0,0
158125113,0.326873,-0.792723,-0.09913538,0.68368155,0.0,0.0,0
158144819,0.34911102,-0.76889974,-0.1105055,0.6855526,0.0,0.0,0
158164512,0.3373427,-0.7526165,-0.097283565,0.68777096,0.0,0.0,0
158184220,0.32160506,-0.7444491,-0.079348974,0.6900101,0.0,0.0,0
158203918,0.27775186,-0.7467497,-0.046172787,0.6900101,0.0,0.0,0
158223619,0.23753655,-0.7462016,-0.008357649,0.69286436,0.0,0.0,0
158248262,0.20126672,-0.7256575,0.019475648,0.69395596,0.0,0.0,0
158267970,0.17112292,-0.7062414,0.04608268,0.69404924,0.0,0.0,0
158282756,0.16812582,-0.70346564,0.05887041,0.6931537,0.0,0.0,0
158307352,0.16020676,-0.7318693,0.06909445,0.6915001,0.0,0.0,0
158327047,0.15765914,-0.77255416,0.07682554,0.6893879,0.0,0.0,0
158341832,0.15839753,-0.80009264,0.07828009,0.68737876,0.0,0.0,0
158366458,0.18889132,-0.8375938,0.052762847,0.6855975,0.0,0.0,0
158386160,0.24329567,-0.84552795,0.010773433,0.68430775,0.0,0.0,0
158405864,0.2938071,-0.8302376,-0.027386434,0.68390125,0.0,0.0,0
158425576,0.32865766,-0.80677736,-0.056172844,0.68457544,0.0,0.0,0
158445300,0.36445305,-0.78505087,-0.08288817,0.68576974,0.0,0.0,0
158465084,0.3569331,-0.7683295,-0.07277065,0.68740785,0.0,0.0,0
158484811,0.35131872,-0.7572098,-0.06400859,0.6894435,0.0,0.0,0
158504370,0.3147333,-0.756257,-0.0315359,0.6915688,0.0,0.0,0
158524071,0.2622295,-0.759455,0.012919543,0.6933626,0.0,0.0,0
158548692,0.2323619,-0.7427341,0.04299989,0.6951702,0.0,0.0,0
158563467,0.20273621,-0.7261393,0.065197304,0.6951702,0.0,0.0,0
158583174,0.17576912,-0.70780444,0.08840262,0.6946833,0.0,0.0,0
158607798,0.17095186,-0.72460407,0.10111548,0.69105375,0.0,0.0,0
158622582,0.16326347,-0.75455326,0.107475325,0.69105375,0.0,0.0,0
158647200,0.17332159,-0.8086542,0.10574467,0.68664724,0.0,0.0,0
158666931,0.18078473,-0.8429609,0.09705911,0.68442106,0.0,0.0,0
158686631,0.24041285,-0.8646074,0.049467504,0.6829467,0.0,0.0,0
158706301,0.29659963,-0.85639995,0.006026004,0.6824656,0.0,0.0,0
158726002,0.34109944,-0.83089703,-0.027793963,0.6829166,0.0,0.0,0
158745715,0.37896734,-0.8018036,-0.056529205,0.68395704,0.0,0.0,0
158765403,0.38015255,-0.7764079,-0.049628146,0.6853061,0.0,0.0,0
158785103,0.35485256,-0.7589659,-0.025575785,0.6870232,0.0,0.0,0
158804832,0.31111857,-0.7487148,0.011570204,0.6886921,0.0,0.0,0
158824508,0.2358208,-0.74419945,0.07093996,0.69001746,0.0,0.0,0
158844211,0.1714536,-0.7307081,0.11661391,0.69080395,0.0,0.0,0
158863994,0.12835759,-0.7037134,0.14822471,0.69080395,0.0,0.0,0
158888542,0.08177333,-0.66887033,0.18307449,0.68989825,0.0,0.0,0
158903328,0.07301086,-0.6642819,0.19177315,0.68827385,0.0,0.0,0
158923018,0.06394675,-0.68470204,0.1992289,0.6861897,0.0,0.0,0
158947678,0.059673578,-0.73245627,0.20488936,0.68397176,0.0,0.0,0
158967375,0.065741256,-0.76736844,0.20295538,0.6817554,0.0,0.0,0
158982173,0.088527605,-0.7934641,0.18130688,0.6795401,0.0,0.0,0
159006803,0.15721618,-0.8105771,0.1275525,0.67792606,0.0,0.0,0
159026453,0.21282253,-0.7985275,0.084927335,0.6774469,0.0,0.0,0
159046165,0.25119135,-0.78013355,0.054725517,0.6779382,0.0,0.0,0
159065905,0.2797054,-0.759913,0.033041377,0.6790421,0.0,0.0,0
159085564,0.2708622,-0.7447261,0.04414999,0.680472,0.0,0.0,0
159105261,0.24959284,-0.7372686,0.06342137,0.682216,0.0,0.0,0
159124970,0.20802414,-0.73612875,0.09918031,0.6839682,0.0,0.0,0
159144670,0.15758647,-0.73502654,0.13770045,0.6854001,0.0,0.0,0
159164366,0.1272313,-0.7196556,0.15848893,0.68624043,0.0,0.0,0
159184062,0.093017094,-0.69124824,0.1841687,0.68612933,0.0,0.0,0
159203774,0.071291834,-0.6690885,0.2035314,0.6850176,0.0,0.0,0
159223464,0.05417341,-0.67735523,0.2148121,0.6830297,0.0,0.0,0
159248406,0.038055185,-0.7189002,0.23131472,0.6785935,0.0,0.0,0
159262953,0.031389825,-0.7462023,0.23722768,0.6785935,0.0,0.0,0
159287500,0.02467266,-0.78637856,0.24185011,0.6741084,0.0,0.0,0
159307198,0.050238255,-0.8103428,0.22074258,0.6719433,0.0,0.0,0
159321975,0.07620969,-0.811382,0.20105565,0.6719433,0.0,0.0,0
159346616,0.12004555,-0.7946414,0.16449511,0.67005265,0.0,0.0,0
159366299,0.14576955,-0.7751836,0.14633198,0.67058915,0.0,0.0,0
159386019,0.15031724,-0.7586192,0.14674614,0.6714392,0.0,0.0,0
159405733,0.14042757,-0.7461632,0.15753222,0.6724775,0.0,0.0,0
159425435,0.09836418,-0.73994404,0.19019298,0.6734432,0.0,0.0,0
159445172,0.0426722,-0.7356781,0.22934291,0.6739425,0.0,0.0,0
159464848,0.0046690763,-0.720184,0.25263825,0.67378724,0.0,0.0,0
159484506,-0.027476436,-0.68959457,0.2723984,0.6727031,0.0,0.0,0
159504212,-0.050402675,-0.65655273,0.28098676,0.6706247,0.0,0.0,0
159528838,-0.06517508,-0.6475576,0.28409123,0.6706247,0.0,0.0,0
159543612,-0.0772691,-0.6637909,0.28437617,0.6673227,0.0,0.0,0
159563310,-0.08054151,-0.70082176,0.28583696,0.6651097,0.0,0.0,0
159587946,-0.056447003,-0.74781674,0.28037578,0.66287285,0.0,0.0,0
159602723,-0.049113777,-0.7742445,0.27487525,0.66067326,0.0,0.0,0
159627388,0.044523034,-0.8064961,0.20376886,0.6584585,0.0,0.0,0
159647332,0.12832922,-0.8006255,0.13819431,0.6562328,0.0,0.0,0
159666772,0.18036963,-0.77707976,0.097397365,0.65399086,0.0,0.0,0
159686445,0.20931996,-0.7518359,0.07623273,0.65178263,0.0,0.0,0
159706154,0.19361463,-0.73038864,0.08923624,0.652112,0.0,0.0,0
159725861,0.16370066,-0.7127999,0.1163022,0.65302515,0.0,0.0,0
159745559,0.10925639,-0.70202404,0.1593692,0.6541896,0.0,0.0,0
159765260,0.039192446,-0.69297487,0.21157087,0.6551718,0.0,0.0,0
159784960,-0.0119206775,-0.6790656,0.24719848,0.6557558,0.0,0.0,0
159804659,-0.049557302,-0.65829045,0.26217124,0.6557722,0.0,0.0,0
159824360,-0.080321744,-0.64153624,0.262143,0.65483445,0.0,0.0,0
159844114,-0.08615291,-0.6488328,0.26208344,0.65298545,0.0,0.0,0
159868740,-0.09157149,-0.6991804,0.26323467,0.64854676,0.0,0.0,0
159883490,-0.08495831,-0.74084663,0.26535174,0.64854676,0.0,0.0,0
159903160,-0.063604355,-0.7928761,0.26206973,0.6463104,0.0,0.0,0
159927828,-0.035455644,-0.8443751,0.24565545,0.64190507,0.0,0.0,0
159947515,0.029573891,-0.87111264,0.19280577,0.6396794,0.0,0.0,0
159962301,0.08030107,-0.8707895,0.1542238,0.6396794,0.0,0.0,0
159986914,0.1439849,-0.8466769,0.102967866,0.63746566,0.0,0.0,0
160006599,0.18197471,-0.820963,0.0768718,0.6379223,0.0,0.0,0
160026358,0.18288581,-0.7998275,0.079821154,0.6388881,0.0,0.0,0
160046249,0.15797773,-0.78033835,0.102360114,0.6400731,0.0,0.0,0
160065716,0.10331735,-0.7654349,0.14518937,0.6411742,0.0,0.0,0
160085398,0.027801497,-0.7520878,0.19991511,0.64192295,0.0,0.0,0
160105113,-0.030204166,-0.7291082,0.23941284,0.64219964,0.0,0.0,0
160124824,-0.07848942,-0.69821817,0.24871282,0.64166474,0.0,0.0,0
160144497,-0.11436263,-0.6691734,0.25301227,0.6401662,0.0,0.0,0
160164204,-0.13386843,-0.660901,0.24956553,0.6379475,0.0,0.0,0
160183905,-0.14165218,-0.68082273,0.25420392,0.6379475,0.0,0.0,0
160203605,-0.15166612,-0.72125596,0.25687346,0.63459885,0.0,0.0,0
160228249,-0.13208315,-0.7748543,0.252006,0.63240576,0.0,0.0,0
160243060,-0.11459132,-0.80311185,0.24456835,0.6301921,0.0,0.0,0
160267667,-0.055474192,-0.8435965,0.2258735,0.62797034,0.0,0.0,0
160287359,0.009861844,-0.84814894,0.17838566,0.62573284,0.0,0.0,0
160302133,0.0626776,-0.8376489,0.13508986,0.6235076,0.0,0.0,0
160326751,0.13088478,-0.80836093,0.0806321,0.6229878,0.0,0.0,0
160346443,0.15540297,-0.78798,0.06342367,0.6234963,0.0,0.0,0
160366146,0.15241967,-0.768544,0.06891749,0.6244091,0.0,0.0,0
160385888,0.123865634,-0.75399894,0.092411965,0.6255952,0.0,0.0,0
160405658,0.069221675,-0.74473083,0.13541532,0.62676656,0.0,0.0,0
160425390,0.010775427,-0.7307412,0.17999482,0.62769896,0.0,0.0,0
160445212,-0.031729024,-0.704493,0.20359318,0.6281176,0.0,0.0,0
160464651,-0.06773955,-0.6737772,0.20859449,0.6277928,0.0,0.0,0
160484349,-0.08945781,-0.65349233,0.2110886,0.6266418,0.0,0.0,0
160508976,-0.1085591,-0.66569006,0.2107752,0.6225068,0.0,0.0,0
160523783,-0.11642045,-0.6918616,0.21556613,0.6225068,0.0,0.0,0
160543456,-0.12080604,-0.7369231,0.21868204,0.62029123,0.0,0.0,0
160568113,-0.104351036,-0.78647465,0.20979938,0.615858,0.0,0.0,0
160582858,-0.08787918,-0.81200147,0.20668887,0.615858,0.0,0.0,0
160602558,-0.0448592,-0.83405024,0.19118828,0.6136233,0.0,0.0,0
160627252,0.008600967,-0.8323287,0.15279543,0.6110514,0.0,0.0,0
160646922,0.044940565,-0.81399906,0.12233907,0.6115223,0.0,0.0,0
160666602,0.07575099,-0.79314345,0.09765403,0.61246324,0.0,0.0,0
160686291,0.08739305,-0.7751229,0.09336363,0.6137416,0.0,0.0,0
160706002,0.06608385,-0.7577242,0.112466276,0.6152783,0.0,0.0,0
160725701,0.022756694,-0.7438314,0.14468397,0.616835,0.0,0.0,0
160745404,-0.030006282,-0.73275334,0.18008749,0.61810136,0.0,0.0,0
160765098,-0.07677187,-0.716645,0.18624012,0.6189082,0.0,0.0,0
160784814,-0.1116578,-0.68723655,0.1904586,0.61905,0.0,0.0,0
160804519,-0.14253445,-0.6529315,0.19209193,0.61835766,0.0,0.0,0
160824587,-0.15481785,-0.6334002,0.19499044,0.61691856,0.0,0.0,0
160844184,-0.16402863,-0.63983333,0.19808595,0.61691856,0.0,0.0,0
160863636,-0.18287222,-0.6710087,0.19731583,0.61385083,0.0,0.0,0
160883330,-0.17749003,-0.71210444,0.1965197,0.61170924,0.0,0.0,0
160907932,-0.1389011,-0.7610496,0.1874323,0.60986066,0.0,0.0,0
160927647,-0.11953175,-0.7931736,0.17922989,0.6083703,0.0,0.0,0
160942405,-0.0875107,-0.8063943,0.16728672,0.607427,0.0,0.0,0
160967037,-0.014549067,-0.80132467,0.1358121,0.6073146,0.0,0.0,0
160986747,0.024938088,-0.77969253,0.10212109,0.6081453,0.0,0.0,0
161001513,0.040461708,-0.7615214,0.08840259,0.6095253,0.0,0.0,0
161026175,0.048772927,-0.7343579,0.08212744,0.6113526,0.0,0.0,0
161045867,0.019372303,-0.71212983,0.10524831,0.61357516,0.0,0.0,0
161065552,-0.03712734,-0.69317216,0.1384727,0.6157954,0.0,0.0,0
161085268,-0.100209996,-0.6820061,0.15643194,0.6180046,0.0,0.0,0
161104959,-0.16066362,-0.66859925,0.17058334,0.6202265,0.0,0.0,0
161124655,-0.21254328,-0.64347893,0.1755142,0.62200475,0.0,0.0,0
161144356,-0.2625168,-0.616834,0.17945692,0.62261796,0.0,0.0,0
161164051,-0.2988929,-0.60847354,0.18116358,0.6224388,0.0,0.0,0
161183768,-0.3167735,-0.63029325,0.17993364,0.62153906,0.0,0.0,0
161208376,-0.33194488,-0.6879102,0.17798409,0.6185497,0.0,0.0,0
161223411,-0.31785235,-0.7270183,0.17995828,0.6185497,0.0,0.0,0
161242879,-0.279477,-0.77562225,0.16964102,0.6171306,0.0,0.0,0
161267480,-0.23349269,-0.82471424,0.15021689,0.61535794,0.0,0.0,0
161282258,-0.18644235,-0.8392127,0.13588655,0.61535794,0.0,0.0,0
161306894,-0.108525194,-0.83550054,0.10155455,0.6164601,0.0,0.0,0
161326595,-0.06182338,-0.8151973,0.08307821,0.61808234,0.0,0.0,0
161346295,-0.046627987,-0.7927829,0.07528261,0.62013406,0.0,0.0,0
161366043,-0.056635085,-0.7735391,0.07798809,0.62235695,0.0,0.0,0
161385725,-0.07303238,-0.7542795,0.08383062,0.6246122,0.0,0.0,0
161405437,-0.121758334,-0.74041224,0.09708767,0.6267812,0.0,0.0,0
161425125,-0.18022244,-0.7305456,0.113733456,0.62899816,0.0,0.0,0
161444799,-0.2270982,-0.7143023,0.11943328,0.63121283,0.0,0.0,0
161464500,-0.2655997,-0.69009584,0.12177053,0.6321001,0.0,0.0,0
161489135,-0.29403326,-0.66369176,0.12295319,0.6319542,0.0,0.0,0
161503900,-0.2951825,-0.662414,0.12309745,0.6319542,0.0,0.0,0
161523601,-0.30909026,-0.6878887,0.11726438,0.63022816,0.0,0.0,0
161548224,-0.30798963,-0.74626666,0.11939864,0.6287475,0.0,0.0,0
161563003,-0.29369482,-0.7820974,0.11347334,0.62719685,0.0,0.0,0
161582740,-0.24550928,-0.82241124,0.09666417,0.6258619,0.0,0.0,0
161607333,-0.21644413,-0.85803586,0.09138186,0.6248637,0.0,0.0,0
161627117,-0.17755836,-0.8637627,0.07276729,0.62448794,0.0,0.0,0
161646764,-0.13167076,-0.85196304,0.055941895,0.62500733,0.0,0.0,0
161666441,-0.108041875,-0.8344016,0.041398022,0.62618494,0.0,0.0,0
161686143,-0.08817066,-0.8186544,0.032936487,0.6278158,0.0,0.0,0
161705848,-0.075097784,-0.80530655,0.028353967,0.62971175,0.0,0.0,0
161725539,-0.08505179,-0.79589576,0.034714542,0.6318776,0.0,0.0,0
161745247,-0.10779039,-0.7922502,0.042440116,0.63403606,0.0,0.0,0
161764962,-0.12392175,-0.78439057,0.047854614,0.6359451,0.0,0.0,0
161784653,-0.136157,-0.762165,0.050167747,0.6373794,0.0,0.0,0
161804387,-0.1530628,-0.7298973,0.05468849,0.63807964,0.0,0.0,0
161824107,-0.17128183,-0.70373404,0.055195738,0.6378662,0.0,0.0,0
161843783,-0.18199791,-0.70453703,0.05252983,0.63677144,0.0,0.0,0
161863512,-0.1870647,-0.7313665,0.055258043,0.635114,0.0,0.0,0
161888093,-0.18232584,-0.7807253,0.05913851,0.631245,0.0,0.0,0
161907783,-0.14964426,-0.81445086,0.051782932,0.6297098,0.0,0.0,0
161922557,-0.12900124,-0.83634925,0.045686744,0.6297098,0.0,0.0,0
161947178,-0.075470656,-0.8532788,0.028693749,0.62826157,0.0,0.0,0
161966887,-0.02433809,-0.84264416,-0.0035423194,0.6288004,0.0,0.0,0
161981825,0.012375828,-0.82474065,-0.026274024,0.6288004,0.0,0.0,0
162006342,0.027238645,-0.7906902,-0.036821082,0.6319183,0.0,0.0,0
162026074,0.03105946,-0.76564336,-0.034413844,0.6340993,0.0,0.0,0
162045693,0.0073348177,-0.74099976,-0.022040619,0.6362927,0.0,0.0,0
162065386,-0.05922909,-0.72280425,0.022378674,0.638481,0.0,0.0,0
162085112,-0.12270133,-0.709061,0.039117932,0.6407425,0.0,0.0,0
162104798,-0.18187465,-0.6878068,0.055477683,0.6424284,0.0,0.0,0
162124489,-0.23836336,-0.6548962,0.069426775,0.643213,0.0,0.0,0
162144203,-0.28751716,-0.621563,0.08146844,0.6430499,0.0,0.0,0
162163893,-0.31062204,-0.6051383,0.08541541,0.6430499,0.0,0.0,0
162188527,-0.33225536,-0.62542963,0.09872123,0.6411195,0.0,0.0,0
162203364,-0.3355461,-0.65581685,0.10544335,0.639517,0.0,0.0,0
162223032,-0.31931114,-0.70048887,0.10700168,0.63788944,0.0,0.0,0
162247639,-0.266061,-0.749719,0.096532576,0.63648504,0.0,0.0,0
162262415,-0.23190722,-0.77033925,0.086926155,0.6354534,0.0,0.0,0
162287054,-0.16011423,-0.7737488,0.051443323,0.6350789,0.0,0.0,0
162306742,-0.096557416,-0.7563086,0.0013364432,0.63564897,0.0,0.0,0
162326434,-0.066895634,-0.73172456,-0.02553663,0.63703156,0.0,0.0,0
162346165,-0.053669114,-0.7073306,-0.035882514,0.638958,0.0,0.0,0
162365867,-0.06455366,-0.685214,-0.02669477,0.64117175,0.0,0.0,0
162385563,-0.11455301,-0.6669522,0.013586002,0.64340925,0.0,0.0,0
162405323,-0.17681877,-0.6550655,0.060980003,0.64562696,0.0,0.0,0
162424979,-0.2322368,-0.64297146,0.0843735,0.6478314,0.0,0.0,0
162444645,-0.2707711,-0.6196995,0.0944644,0.6500464,0.0,0.0,0
162464344,-0.29519987,-0.58938634,0.09980293,0.651195,0.0,0.0,0
162484049,-0.3040686,-0.5677949,0.10309815,0.65126336,0.0,0.0,0
162503760,-0.3059997,-0.57543033,0.10688759,0.6505641,0.0,0.0,0
162528373,-0.3058589,-0.62086606,0.11356988,0.6482314,0.0,0.0,0
162543153,-0.28646746,-0.6541318,0.109833784,0.6482314,0.0,0.0,0
162562847,-0.22766915,-0.69692487,0.063835286,0.64719635,0.0,0.0,0
162587475,-0.18733653,-0.7401471,0.030562982,0.646368,0.0,0.0,0
162607222,-0.13124563,-0.75201064,-0.017943135,0.6470815,0.0,0.0,0
162622008,-0.07548136,-0.7457976,-0.059801422,0.6470815,0.0,0.0,0
162646582,-0.03699148,-0.725265,-0.094177715,0.6509664,0.0,0.0,0
162666278,-0.036962256,-0.7105831,-0.09522677,0.653159,0.0,0.0,0
162685978,-0.0501993,-0.6977028,-0.08268957,0.65537155,0.0,0.0,0
162705694,-0.073243156,-0.6866941,-0.063676886,0.65759206,0.0,0.0,0
162725393,-0.11194448,-0.68321663,-0.031536072,0.6598303,0.0,0.0,0
162745084,-0.16171528,-0.68163854,0.006174596,0.6620201,0.0,0.0,0
162764804,-0.19057618,-0.66592854,0.027012318,0.6642388,0.0,0.0,0
162784510,-0.22342934,-0.6389832,0.047514692,0.6664871,0.0,0.0,0
162804298,-0.23952407,-0.6164029,0.059603885,0.6673644,0.0,0.0,0
162823984,-0.24608606,-0.6184847,0.05876218,0.6663564,0.0,0.0,0
162843653,-0.23583047,-0.6507399,0.051642727,0.6663564,0.0,0.0,0
162868224,-0.22525708,-0.7076604,0.03746754,0.6643539,0.0,0.0,0
162887956,-0.17754558,-0.7459716,0.00093649776,0.6631755,0.0,0.0,0
162902700,-0.17211044,-0.7678534,-0.0055471216,0.6622742,0.0,0.0,0
162927328,-0.12399105,-0.7775506,-0.04345376,0.6619881,0.0,0.0,0
162947025,-0.07235796,-0.76140827,-0.088203594,0.66257423,0.0,0.0,0
162961802,-0.045441817,-0.7432126,-0.11361457,0.66411865,0.0,0.0,0
162986429,-0.028799169,-0.7127778,-0.13054968,0.6662554,0.0,0.0,0
163006155,-0.016089281,-0.69227976,-0.1381748,0.66847897,0.0,0.0,0
163025838,-0.04737771,-0.677749,-0.11295166,0.6706898,0.0,0.0,0
163045534,-0.08948391,-0.6735975,-0.076360255,0.6729074,0.0,0.0,0
163065235,-0.12822814,-0.672656,-0.045162924,0.6751237,0.0,0.0,0
163084934,-0.15640125,-0.6563427,-0.02393484,0.67735714,0.0,0.0,0
163104687,-0.19117308,-0.63285303,0.0049123024,0.6795762,0.0,0.0,0
163124344,-0.21669462,-0.6153819,0.020241624,0.67990756,0.0,0.0,0
163144037,-0.22357,-0.6246127,0.02261504,0.6790811,0.0,0.0,0
163168672,-0.22176139,-0.6711308,0.013149432,0.67589724,0.0,0.0,0
163183441,-0.19833115,-0.70511645,-0.0045458856,0.67589724,0.0,0.0,0
163203244,-0.13798174,-0.7444621,-0.050507624,0.67429316,0.0,0.0,0
163227797,-0.07924781,-0.77706826,-0.10197362,0.67224324,0.0,0.0,0
163242582,-0.015535095,-0.77801615,-0.15028937,0.67224324,0.0,0.0,0
163267205,0.058751874,-0.75456804,-0.20297286,0.673518,0.0,0.0,0
163286903,0.094450295,-0.72896653,-0.21634863,0.67510355,0.0,0.0,0
163306577,0.11655416,-0.7085669,-0.21840997,0.6769907,0.0,0.0,0
163326277,0.10651612,-0.69228697,-0.20766164,0.67912334,0.0,0.0,0
163345974,0.048179068,-0.6851173,-0.18653977,0.6812924,0.0,0.0,0
163365678,-0.014768652,-0.68646824,-0.1465805,0.68315375,0.0,0.0,0
163385514,-0.08358637,-0.68168926,-0.096133016,0.6844266,0.0,0.0,0
163405125,-0.13534003,-0.6578179,-0.052356254,0.68494296,0.0,0.0,0
163424790,-0.18521881,-0.6269213,-0.019431142,0.68434227,0.0,0.0,0
163444479,-0.20545886,-0.6134558,-0.0043444517,0.68289936,0.0,0.0,0
163464188,-0.2181193,-0.6331113,-1.9631067e-05,0.68081594,0.0,0.0,0
163483884,-0.21730268,-0.67349744,-0.00081823877,0.68081594,0.0,0.0,0
163508517,-0.17589454,-0.7231802,-0.035485264,0.67748153,0.0,0.0,0
163523290,-0.15316047,-0.74910504,-0.05700918,0.6755536,0.0,0.0,0
163542989,-0.0994592,-0.76758856,-0.09919888,0.674212,0.0,0.0,0
163567646,-0.010131738,-0.75250137,-0.1699759,0.67350084,0.0,0.0,0
163587782,0.037205346,-0.7267482,-0.206153,0.6739462,0.0,0.0,0
163602182,0.047043126,-0.7084894,-0.20943111,0.67502576,0.0,0.0,0
163626730,0.052382957,-0.6882334,-0.21085013,0.67649704,0.0,0.0,0
163646420,0.030276267,-0.68069947,-0.20051004,0.6782642,0.0,0.0,0
163666162,-0.021008216,-0.6857379,-0.15855137,0.6800318,0.0,0.0,0
163685830,-0.05756655,-0.69414955,-0.12650628,0.68159074,0.0,0.0,0
163705532,-0.07419324,-0.68854254,-0.111377954,0.68270254,0.0,0.0,0
163725228,-0.094605505,-0.6731754,-0.09380844,0.6832028,0.0,0.0,0
163744943,-0.10403322,-0.6592028,-0.081273995,0.68268603,0.0,0.0,0
163764655,-0.10346395,-0.6684757,-0.07956848,0.6813488,0.0,0.0,0
163784404,-0.09979533,-0.70654255,-0.079712115,0.67949045,0.0,0.0,0
163804105,-0.09530686,-0.7559901,-0.08372923,0.6773113,0.0,0.0,0
163823805,-0.06700097,-0.7994319,-0.10406175,0.6753146,0.0,0.0,0
163843437,-0.04256826,-0.8344824,-0.12596081,0.67349714,0.0,0.0,0
163868065,0.017345974,-0.84753853,-0.17613107,0.6718457,0.0,0.0,0
163882841,0.064881496,-0.8383431,-0.19567338,0.6718457,0.0,0.0,0
163907467,0.09861554,-0.81275755,-0.21137962,0.67320603,0.0,0.0,0
163927176,0.106904365,-0.79651934,-0.21145353,0.67453414,0.0,0.0,0
163941950,0.10148283,-0.7892625,-0.20916317,0.67453414,0.0,0.0,0
163966636,0.0910645,-0.7846038,-0.19377567,0.67769605,0.0,0.0,0
163986614,0.05659384,-0.79212505,-0.17712125,0.67895746,0.0,0.0,0
164005978,0.026692249,-0.7956819,-0.16169113,0.6797188,0.0,0.0,0
164025682,0.009940472,-0.784061,-0.14194754,0.67964804,0.0,0.0,0
164045393,-0.018711064,-0.7648884,-0.11530561,0.6785595,0.0,0.0,0
164065077,-0.026501143,-0.7544016,-0.10238487,0.6766511,0.0,0.0,0
164084787,-0.02299352,-0.77133036,-0.102223955,0.6744082,0.0,0.0,0
164104501,-0.022844722,-0.81018716,-0.101514824,0.6722156,0.0,0.0,0
164124176,-0.0069343154,-0.85031676,-0.11289351,0.66997343,0.0,0.0,0
164148810,0.02203746,-0.8861517,-0.13570136,0.66997343,0.0,0.0,0
164163575,0.05525062,-0.8967581,-0.15343268,0.66667575,0.0,0.0,0
164183312,0.10852984,-0.8887835,-0.17396937,0.66445524,0.0,0.0,0
164207971,0.1592129,-0.8546146,-0.19598372,0.66323644,0.0,0.0,0
164222724,0.17935313,-0.830179,-0.20397732,0.6637066,0.0,0.0,0
164242412,0.19029139,-0.80491114,-0.20493819,0.66464484,0.0,0.0,0
164267052,0.16684535,-0.78616774,-0.18834051,0.66600364,0.0,0.0,0
164286740,0.13182357,-0.7800313,-0.17221095,0.6675966,0.0,0.0,0
164306446,0.087980956,-0.7825275,-0.15122572,0.66914755,0.0,0.0,0
164326141,0.045862723,-0.78197324,-0.13231596,0.6703815,0.0,0.0,0
164345827,0.01712432,-0.76929235,-0.11773388,0.6710656,0.0,0.0,0
164365618,-0.013864287,-0.75164646,-0.08858849,0.67080325,0.0,0.0,0
164385685,-0.023082864,-0.74884784,-0.07504125,0.66971344,0.0,0.0,0
164404942,-0.027727487,-0.773622,-0.07024346,0.66782355,0.0,0.0,0
164424634,-0.019892544,-0.81591713,-0.07357393,0.6656502,0.0,0.0,0
164444326,0.0012609931,-0.8551116,-0.09094971,0.6634599,0.0,0.0,0
164464031,0.030283706,-0.88678974,-0.10676442,0.6613761,0.0,0.0,0
164488662,0.100904204,-0.9048762,-0.14102328,0.65894055,0.0,0.0,0
164503441,0.14911783,-0.8945158,-0.15756245,0.65894055,0.0,0.0,0
164523133,0.19729806,-0.86685854,-0.17711198,0.65913427,0.0,0.0,0
164547757,0.23833641,-0.82825345,-0.19060986,0.661563,0.0,0.0,0
164567518,0.24570133,-0.80463314,-0.18393475,0.66344637,0.0,0.0,0
164582280,0.22435918,-0.7914287,-0.17563917,0.66344637,0.0,0.0,0
164606885,0.3168369,-0.7842456,-0.10402338,0.66755587,0.0,0.0,0
164626571,0.33186394,-0.7837814,-0.12576337,0.6693335,0.0,0.0,0
164641343,0.2990072,-0.77722526,-0.1122689,0.6693335,0.0,0.0,0
164665968,0.4065301,-0.7570537,-0.110147886,0.67148864,0.0,0.0,0
164685671,0.44088197,-0.74049056,-0.07785689,0.67143726,0.0,0.0,0
164705372,0.4951979,-0.7412887,-0.06107704,0.6707793,0.0,0.0,0
164725072,0.5522495,-0.7697989,-0.045796752,0.6697422,0.0,0.0,0
164744812,0.6036736,-0.81582487,-0.026451206,0.6686811,0.0,0.0,0
164764839,0.6477715,-0.85658383,-0.0004337073,0.6680182,0.0,0.0,0
164784514,0.66519696,-0.89053017,0.018667798,0.66787785,0.0,0.0,0
164803890,0.70439225,-0.9091913,-0.011307667,0.66787785,0.0,0.0,0
164823585,0.7206553,-0.9046956,-0.025839727,0.6680748,0.0,0.0,0
164848210,0.7305212,-0.88358545,-0.035714176,0.6685024,0.0,0.0,0
164862981,0.75134224,-0.8679536,-0.051406972,0.6696278,0.0,0.0,0
164887613,0.7113352,-0.8485816,-0.019126173,0.6711497,0.0,0.0,0
164907308,0.7128333,-0.84302264,-0.020361677,0.6730155,0.0,0.0,0
164922079,0.6935389,-0.84361327,-0.005467502,0.6750133,0.0,0.0,0
164946717,0.6280095,-0.846575,0.04094557,0.67669815,0.0,0.0,0
164966438,0.6034852,-0.8338621,0.056342423,0.6778281,0.0,0.0,0
164986165,0.5764434,-0.80944455,0.07497311,0.6782861,0.0,0.0,0
165005823,0.55298686,-0.78383964,0.09891893,0.6776392,0.0,0.0,0
165025518,0.5498605,-0.78174376,0.113770984,0.6762853,0.0,0.0,0
165045228,0.5443342,-0.8044139,0.13060056,0.67441565,0.0,0.0,0
165064924,0.5408653,-0.8389221,0.14217666,0.6721774,0.0,0.0,0
165084626,0.5127573,-0.8662022,0.16506143,0.6699826,0.0,0.0,0
165104334,0.5484576,-0.89253706,0.132243,0.6677406,0.0,0.0,0
165128945,0.591972,-0.89277375,0.0866035,0.665275,0.0,0.0,0
165143736,0.6252799,-0.87903416,0.06117606,0.665275,0.0,0.0,0
165163729,0.6486229,-0.84856343,0.0403456,0.6656224,0.0,0.0,0
165188104,0.67642355,-0.81051904,0.018087411,0.66835624,0.0,0.0,0
165202863,0.6318503,-0.7892344,0.05327727,0.66835624,0.0,0.0,0
165222563,0.59175074,-0.7636791,0.08744569,0.67029715,0.0,0.0,0
165247166,0.49207777,-0.7388136,0.15431207,0.67472696,0.0,0.0,0
165266862,0.39152265,-0.71875757,0.22407284,0.6763577,0.0,0.0,0
165286593,0.32048336,-0.6921739,0.265261,0.67737687,0.0,0.0,0
165306266,0.27328315,-0.65759844,0.29930738,0.677372,0.0,0.0,0
165325967,0.23650332,-0.6336049,0.3283506,0.6767367,0.0,0.0,0
165345667,0.22673753,-0.6387973,0.34091926,0.67557037,0.0,0.0,0
165365399,0.21863686,-0.6727271,0.35377818,0.67411166,0.0,0.0,0
165385067,0.21298976,-0.7166555,0.36015895,0.6727002,0.0,0.0,0
165404771,0.18694058,-0.75145966,0.37329468,0.67149174,0.0,0.0,0
165424468,0.23450975,-0.79160523,0.33169794,0.67059225,0.0,0.0,0
165444176,0.29210377,-0.8055728,0.28660834,0.6705797,0.0,0.0,0
165463875,0.3463037,-0.79759496,0.24548404,0.6705797,0.0,0.0,0
165483573,0.37748614,-0.7787919,0.2193525,0.6727343,0.0,0.0,0
165503288,0.3965469,-0.756996,0.20342654,0.67476046,0.0,0.0,0
165527925,0.35081506,-0.7260123,0.23956957,0.6769756,0.0,0.0,0
165547605,0.3173294,-0.71035933,0.26223314,0.67919534,0.0,0.0,0
165562635,0.27177727,-0.69971925,0.29388857,0.68140876,0.0,0.0,0
165587007,0.18410207,-0.67725784,0.34847513,0.6836393,0.0,0.0,0
165606724,0.14341265,-0.649989,0.36638194,0.6858779,0.0,0.0,0
165621551,0.10375957,-0.6222271,0.38705364,0.6874074,0.0,0.0,0
165646138,0.07362603,-0.5913187,0.4105939,0.68725914,0.0,0.0,0
165665848,0.06916543,-0.60363066,0.42120925,0.68649197,0.0,0.0,0
165685516,0.059701588,-0.6394615,0.4367458,0.68530786,0.0,0.0,0
165705222,0.05559701,-0.6799218,0.44311723,0.6840082,0.0,0.0,0
165724963,0.055079512,-0.71618557,0.4415651,0.6827707,0.0,0.0,0
165744643,0.08351527,-0.75020665,0.4139374,0.68181014,0.0,0.0,0
165764374,0.12940015,-0.76153404,0.37840587,0.6816102,0.0,0.0,0
165784021,0.16643268,-0.7545594,0.34637198,0.6824899,0.0,0.0,0
165803731,0.20879842,-0.7444514,0.3149308,0.68415195,0.0,0.0,0
165828348,0.22297303,-0.7242449,0.30227247,0.6885596,0.0,0.0,0
165843131,0.21631514,-0.7112598,0.30659527,0.6885596,0.0,0.0,0
165867749,0.16171856,-0.69427866,0.33657384,0.6929949,0.0,0.0,0
165887452,0.09701131,-0.6812931,0.37160075,0.6952513,0.0,0.0,0
165902255,0.068437755,-0.6638525,0.39113203,0.6952513,0.0,0.0,0
165926850,0.0069232527,-0.6175847,0.41941106,0.69812423,0.0,0.0,0
165946616,-0.020176435,-0.5799829,0.43690714,0.6975543,0.0,0.0,0
165966333,-0.023970013,-0.56940347,0.44448552,0.6962441,0.0,0.0,0
165985955,-0.030582208,-0.58806247,0.45780832,0.69462425,0.0,0.0,0
166005667,-0.04162867,-0.62024087,0.46939188,0.6931296,0.0,0.0,0
166025366,-0.054108426,-0.6521105,0.4728249,0.6917189,0.0,0.0,0
166045058,-0.033140372,-0.68454254,0.45732856,0.6907463,0.0,0.0,0
166064773,0.014579348,-0.69981784,0.41696602,0.69085133,0.0,0.0,0
166084459,0.07283059,-0.69500756,0.37102267,0.6917499,0.0,0.0,0
166109096,0.117194586,-0.6753819,0.3400172,0.6935371,0.0,0.0,0
166123897,0.13041043,-0.6600014,0.32959357,0.6935371,0.0,0.0,0
166143628,0.11563695,-0.6365054,0.338677,0.6968383,0.0,0.0,0
166168261,0.06832534,-0.6095237,0.37127143,0.6990557,0.0,0.0,0
166183013,0.01819324,-0.5956998,0.40041018,0.7012968,0.0,0.0,0
166202703,-0.054985214,-0.57528776,0.44317168,0.70348907,0.0,0.0,0
166227318,-0.11437518,-0.5424522,0.43732753,0.705707,0.0,0.0,0
166247012,-0.15246004,-0.5108631,0.43415096,0.706736,0.0,0.0,0
166266707,-0.17603998,-0.49692923,0.43389845,0.70634866,0.0,0.0,0
166286402,-0.17880237,-0.51374954,0.4438871,0.7052001,0.0,0.0,0
166306100,-0.17903164,-0.5503259,0.4561938,0.70386523,0.0,0.0,0
166325828,-0.16732086,-0.5897806,0.46149275,0.70241874,0.0,0.0,0
166345585,-0.15735422,-0.62948865,0.45556068,0.70121217,0.0,0.0,0
166365242,-0.11547233,-0.65559936,0.44666293,0.7003383,0.0,0.0,0
166384913,-0.060933515,-0.6592487,0.42594117,0.7004521,0.0,0.0,0
166404615,-0.018935768,-0.65519017,0.3902717,0.7014543,0.0,0.0,0
166424313,0.009960116,-0.6484599,0.37316045,0.70309216,0.0,0.0,0
166444014,0.0053203176,-0.6375923,0.373709,0.7053011,0.0,0.0,0
166463733,-0.015111961,-0.6271814,0.38780874,0.70754135,0.0,0.0,0
166483416,-0.07937393,-0.61645025,0.41816804,0.70973563,0.0,0.0,0
166508061,-0.18298684,-0.610217,0.41179323,0.71364456,0.0,0.0,0
166527766,-0.22880502,-0.5940346,0.40573055,0.7139632,0.0,0.0,0
166542547,-0.25037688,-0.57495505,0.40770137,0.7139632,0.0,0.0,0
166567167,-0.28060395,-0.5538819,0.40719587,0.7119818,0.0,0.0,0
166586852,-0.2760771,-0.5720274,0.4157516,0.70995253,0.0,0.0,0
166601663,-0.28038317,-0.59951776,0.4228499,0.70995253,0.0,0.0,0
166626280,-0.267968,-0.6525396,0.42569306,0.7059693,0.0,0.0,0
166645976,-0.24297868,-0.6916737,0.4164186,0.7042513,0.0,0.0,0
166665676,-0.21074918,-0.7158482,0.40548366,0.70320034,0.0,0.0,0
166685365,-0.15201661,-0.72468024,0.3839455,0.70326686,0.0,0.0,0
166705048,-0.08487375,-0.71926844,0.36244583,0.70410407,0.0,0.0,0
166724759,-0.05935154,-0.70393,0.35545716,0.70559335,0.0,0.0,0
166744571,-0.07083913,-0.68789375,0.35739154,0.7074269,0.0,0.0,0
166764156,-0.09161775,-0.6751896,0.3555132,0.7094086,0.0,0.0,0
166783861,-0.14038189,-0.6664924,0.36853728,0.7094086,0.0,0.0,0
166808503,-0.22387868,-0.66230875,0.37258026,0.711747,0.0,0.0,0
166823264,-0.26045433,-0.6527747,0.3644373,0.71256965,0.0,0.0,0
166842967,-0.3058647,-0.63219726,0.35782245,0.71257615,0.0,0.0,0
166867588,-0.33578727,-0.61166227,0.36164257,0.71160984,0.0,0.0,0
166882365,-0.33820507,-0.62377757,0.36624724,0.7098855,0.0,0.0,0
166906999,-0.33222896,-0.6749486,0.3751885,0.7076644,0.0,0.0,0
166926698,-0.32084778,-0.71918243,0.37809172,0.7054724,0.0,0.0,0
166946425,-0.29914346,-0.7605985,0.3704019,0.7032556,0.0,0.0,0
166966101,-0.26316437,-0.78749126,0.36138046,0.70133173,0.0,0.0,0
166985809,-0.21510057,-0.7916712,0.337904,0.7004053,0.0,0.0,0
167005518,-0.16135298,-0.7801008,0.31324956,0.7003544,0.0,0.0,0
167025229,-0.13404721,-0.76205677,0.30606347,0.70109266,0.0,0.0,0
167044906,-0.1321813,-0.7454959,0.30083516,0.7024247,0.0,0.0,0
167064607,-0.15177599,-0.72929287,0.30543315,0.7040221,0.0,0.0,0
167089246,-0.23170453,-0.7168767,0.31116313,0.7072753,0.0,0.0,0
167104014,-0.25924608,-0.7160884,0.31975877,0.7072753,0.0,0.0,0
167123711,-0.3038384,-0.7040735,0.31323597,0.7083061,0.0,0.0,0
167148813,-0.35574767,-0.6722221,0.30148938,0.70787674,0.0,0.0,0
167163142,-0.35965782,-0.65713626,0.29968953,0.70787674,0.0,0.0,0
167182839,-0.35261348,-0.659311,0.30225927,0.706275,0.0,0.0,0
167207442,-0.3545262,-0.7005005,0.31256375,0.7018636,0.0,0.0,0
167227135,-0.3415889,-0.7409993,0.3165532,0.6996507,0.0,0.0,0
167241917,-0.30862966,-0.7708968,0.31121925,0.6996507,0.0,0.0,0
167266541,-0.2957417,-0.8041592,0.30063203,0.6960913,0.0,0.0,0
167286242,-0.24292435,-0.81070566,0.28296545,0.6959795,0.0,0.0,0
167305973,-0.18482469,-0.79995775,0.25702772,0.6966859,0.0,0.0,0
167325677,-0.15789068,-0.7768701,0.24578421,0.697868,0.0,0.0,0
167345391,-0.14766552,-0.75929254,0.24316081,0.69950604,0.0,0.0,0
167365071,-0.16498849,-0.7434496,0.24472077,0.70142233,0.0,0.0,0
167384755,-0.21827497,-0.73288155,0.2528785,0.70331115,0.0,0.0,0
167404453,-0.27646157,-0.7300331,0.2575304,0.7048373,0.0,0.0,0
167424161,-0.32423887,-0.7221422,0.25429347,0.70575035,0.0,0.0,0
167443853,-0.34908488,-0.7033914,0.25889668,0.70575035,0.0,0.0,0
167463561,-0.38079143,-0.6846356,0.25106633,0.7051143,0.0,0.0,0
167488191,-0.37433976,-0.69079286,0.25761762,0.70375353,0.0,0.0,0
167507891,-0.36945117,-0.72528845,0.2650788,0.7018831,0.0,0.0,0
167522692,-0.35988173,-0.7579065,0.27044332,0.6998705,0.0,0.0,0
167547312,-0.3145457,-0.80979717,0.2616029,0.6979849,0.0,0.0,0
167566999,-0.28574693,-0.8410531,0.24797724,0.6964999,0.0,0.0,0
167581790,-0.24194635,-0.8501711,0.22762915,0.6956861,0.0,0.0,0
167606417,-0.15785359,-0.8391066,0.19328284,0.69591475,0.0,0.0,0
167626122,-0.12750067,-0.8210375,0.17935634,0.6970436,0.0,0.0,0
167645846,-0.11669779,-0.8012904,0.17927143,0.69877034,0.0,0.0,0
167665497,-0.1399995,-0.7819602,0.18572003,0.70086133,0.0,0.0,0
167685196,-0.19610152,-0.76538867,0.20382223,0.7031001,0.0,0.0,0
167704910,-0.26835233,-0.756007,0.21839195,0.7052908,0.0,0.0,0
167724627,-0.3359805,-0.745719,0.22365007,0.7073086,0.0,0.0,0
167744336,-0.39297506,-0.7220067,0.22399865,0.70850545,0.0,0.0,0
167764007,-0.43746123,-0.69676095,0.22129875,0.7087351,0.0,0.0,0
167788630,-0.44925514,-0.6922262,0.22588119,0.7063945,0.0,0.0,0
167803409,-0.45031855,-0.71227634,0.23032705,0.7063945,0.0,0.0,0
167823108,-0.44149804,-0.75499505,0.23724525,0.7044633,0.0,0.0,0
167847735,-0.40342906,-0.80838525,0.21585348,0.70064384,0.0,0.0,0
167862516,-0.391308,-0.8323893,0.21640399,0.70064384,0.0,0.0,0
167887183,-0.32511044,-0.8503255,0.1936012,0.69922364,0.0,0.0,0
167906855,-0.24951704,-0.83885807,0.16525766,0.69997495,0.0,0.0,0
167926807,-0.1969005,-0.82131755,0.14873405,0.7014656,0.0,0.0,0
167946258,-0.17525521,-0.8007487,0.13845603,0.70342743,0.0,0.0,0
167965938,-0.15972485,-0.78411686,0.13608529,0.70560676,0.0,0.0,0
167985668,-0.20440401,-0.7695237,0.14820637,0.70786303,0.0,0.0,0
168005345,-0.26474184,-0.76453626,0.1558208,0.7100043,0.0,0.0,0
168025052,-0.32855576,-0.7590078,0.15713352,0.71144086,0.0,0.0,0
168044756,-0.37062556,-0.7388403,0.16432467,0.7120893,0.0,0.0,0
168064443,-0.4079448,-0.71398634,0.16229074,0.7116866,0.0,0.0,0
168084147,-0.4016254,-0.7018692,0.16796644,0.7102909,0.0,0.0,0
168103854,-0.40264207,-0.71755075,0.1708673,0.7102909,0.0,0.0,0
168128505,-0.38332894,-0.7605885,0.18729512,0.70724964,0.0,0.0,0
168143293,-0.36104685,-0.78865767,0.18281363,0.70528203,0.0,0.0,0
168162952,-0.35584888,-0.8192227,0.17803842,0.7036015,0.0,0.0,0
168187582,-0.30111367,-0.8357414,0.16646433,0.70262855,0.0,0.0,0
168207321,-0.23827586,-0.8265259,0.14008752,0.70273614,0.0,0.0,0
168222108,-0.19867988,-0.81203306,0.120786555,0.7037172,0.0,0.0,0
168246727,-0.15984383,-0.78381884,0.109151565,0.7054195,0.0,0.0,0
168266441,-0.13995384,-0.7651056,0.09923799,0.70748377,0.0,0.0,0
168286192,-0.15944307,-0.75055355,0.110705286,0.70970213,0.0,0.0,0
168305878,-0.19778222,-0.7487415,0.11700594,0.7119536,0.0,0.0,0
168325769,-0.22852625,-0.74855065,0.119496785,0.7141382,0.0,0.0,0
168345209,-0.25728825,-0.7351963,0.117945075,0.71601397,0.0,0.0,0
168364905,-0.2702829,-0.7129173,0.121767834,0.71667236,0.0,0.0,0
168384598,-0.26495796,-0.7027828,0.12489547,0.7163318,0.0,0.0,0
168404296,-0.24894391,-0.72055537,0.13437188,0.7151697,0.0,0.0,0
168423998,-0.2347762,-0.75801426,0.14748278,0.71346736,0.0,0.0,0
168443705,-0.20875923,-0.7980922,0.1509884,0.7117351,0.0,0.0,0
168463401,-0.18739797,-0.8336806,0.14001085,0.7102816,0.0,0.0,0
168488049,-0.1311151,-0.8515127,0.12116021,0.7092408,0.0,0.0,0
168502817,-0.08522448,-0.8414956,0.10504495,0.7092408,0.0,0.0,0
168527475,-0.017001644,-0.8170628,0.08627221,0.71213156,0.0,0.0,0
168547161,0.00928816,-0.7947695,0.0706089,0.71434915,0.0,0.0,0
168561908,0.0098442985,-0.7797972,0.07033278,0.71434915,0.0,0.0,0
168586558,-0.0017740651,-0.7620018,0.08572618,0.71881443,0.0,0.0,0
168606243,-0.0462581,-0.7580612,0.098641925,0.7210002,0.0,0.0,0
168625936,-0.08118046,-0.76013255,0.10537681,0.72321755,0.0,0.0,0
168645686,-0.09189042,-0.74919933,0.10971183,0.72545666,0.0,0.0,0
168665367,-0.10914187,-0.7315018,0.117252626,0.72579753,0.0,0.0,0
168685069,-0.088106416,-0.724023,0.13627,0.7249804,0.0,0.0,0
168704899,-0.07308846,-0.7448441,0.14692138,0.7235782,0.0,0.0,0
168724930,-0.062991,-0.7858589,0.15423767,0.7218677,0.0,0.0,0
168744142,-0.051186297,-0.82697356,0.15525734,0.72039616,0.0,0.0,0
168768780,-0.016919477,-0.86656666,0.14148174,0.72039616,0.0,0.0,0
168783548,0.023760417,-0.8747552,0.10325277,0.7191941,0.0,0.0,0
168803244,0.09093734,-0.8650797,0.053775012,0.71937716,0.0,0.0,0
168827876,0.13617837,-0.8379919,0.018932424,0.72054845,0.0,0.0,0
168842655,0.16287254,-0.81990993,0.0027703065,0.72237164,0.0,0.0,0
168862350,0.16285011,-0.79813284,0.005075379,0.7245873,0.0,0.0,0
168886980,0.11943429,-0.7797128,0.047186006,0.72680247,0.0,0.0,0
168906714,0.056676768,-0.7750385,0.096600555,0.7290194,0.0,0.0,0
168926415,-0.01324481,-0.76951003,0.14584953,0.7312403,0.0,0.0,0
168946086,-0.06308357,-0.7507535,0.16031715,0.7333654,0.0,0.0,0
168965792,-0.09912717,-0.72771424,0.17016748,0.7338965,0.0,0.0,0
168985485,-0.115301676,-0.7239441,0.17950642,0.7333739,0.0,0.0,0
169005195,-0.1069765,-0.74998325,0.19533607,0.73203945,0.0,0.0,0
169024889,-0.104826786,-0.792679,0.20551617,0.7304399,0.0,0.0,0
169044636,-0.08834162,-0.8315709,0.20659429,0.7287535,0.0,0.0,0
169064301,-0.057823796,-0.8618312,0.18905914,0.7272725,0.0,0.0,0
169084183,0.009805287,-0.8685378,0.1463566,0.7263988,0.0,0.0,0
169108746,0.09314339,-0.84638375,0.082375176,0.7278104,0.0,0.0,0
169123686,0.12590492,-0.82724893,0.057455514,0.7278104,0.0,0.0,0
169143135,0.15633762,-0.8035312,0.03793578,0.72966355,0.0,0.0,0
169167725,0.13705888,-0.775516,0.06579063,0.7340704,0.0,0.0,0
169187450,0.06446278,-0.7589369,0.1197801,0.736307,0.0,0.0,0
169202229,0.00319166,-0.7505914,0.16544743,0.736307,0.0,0.0,0
169226865,-0.096460626,-0.73465306,0.19229077,0.7407185,0.0,0.0,0
169246548,-0.15303737,-0.7099577,0.20269607,0.7415053,0.0,0.0,0
169266233,-0.1858714,-0.68588495,0.21809764,0.74100286,0.0,0.0,0
169285929,-0.1986639,-0.68700457,0.23181535,0.7397469,0.0,0.0,0
169305658,-0.19310494,-0.7205037,0.24063243,0.7380817,0.0,0.0,0
169325396,-0.17008875,-0.76670307,0.2425706,0.7364514,0.0,0.0,0
169345036,-0.14088368,-0.80736643,0.22983462,0.73503256,0.0,0.0,0
169364749,-0.097077064,-0.8329066,0.21650058,0.73431814,0.0,0.0,0
169384432,-0.03302578,-0.83305013,0.19425328,0.73462605,0.0,0.0,0
169404143,0.051766895,-0.81850857,0.12945372,0.7359845,0.0,0.0,0
169423852,0.09284596,-0.79796034,0.09883525,0.7359845,0.0,0.0,0
169443549,0.10908677,-0.7793196,0.092708945,0.7391735,0.0,0.0,0
169468162,0.108672746,-0.760286,0.09600348,0.741394,0.0,0.0,0
169483342,0.083381765,-0.75666374,0.11748355,0.7436056,0.0,0.0,0
169507656,0.021484813,-0.7587967,0.1579591,0.74584675,0.0,0.0,0
169527268,-0.0005048225,-0.7500821,0.17060399,0.74804926,0.0,0.0,0
169542065,-0.010228246,-0.73730534,0.18085429,0.7492885,0.0,0.0,0
169566681,-0.015905498,-0.72757167,0.19383135,0.7490464,0.0,0.0,0
169586375,0.0021495258,-0.75335926,0.19554661,0.7479862,0.0,0.0,0
169606078,0.015613985,-0.7963954,0.20062417,0.7464181,0.0,0.0,0
169625806,0.026626887,-0.83571506,0.20169814,0.74482274,0.0,0.0,0
169645519,0.03968387,-0.86487114,0.1882396,0.7433554,0.0,0.0,0
169665212,0.087986246,-0.8745147,0.15222609,0.74242705,0.0,0.0,0
169684927,0.1397279,-0.8650224,0.11241707,0.7425581,0.0,0.0,0
169704628,0.18543683,-0.8502086,0.07483887,0.74352324,0.0,0.0,0
169724281,0.23292807,-0.83647454,0.042717,0.7450978,0.0,0.0,0
169748901,0.23685105,-0.8224206,0.049583267,0.7492009,0.0,0.0,0
169763687,0.20392245,-0.81896913,0.07512373,0.7492009,0.0,0.0,0
169783392,0.14161848,-0.8199695,0.12448058,0.75135297,0.0,0.0,0
169808022,0.053657547,-0.80825335,0.1757967,0.7539009,0.0,0.0,0
169822798,0.023128754,-0.7910787,0.19848926,0.7539009,0.0,0.0,0
169842491,-0.009769437,-0.76619655,0.22275972,0.75374734,0.0,0.0,0
169867111,0.0011186686,-0.76871896,0.23443249,0.75084287,0.0,0.0,0
169886846,0.011446369,-0.80112934,0.23622389,0.7488421,0.0,0.0,0
169906613,0.022673786,-0.8372382,0.23373556,0.74706656,0.0,0.0,0
169926218,0.03713722,-0.8669317,0.21325421,0.7458004,0.0,0.0,0
169945924,0.10761793,-0.88397866,0.15731607,0.7451586,0.0,0.0,0
169965631,0.1821973,-0.87117875,0.09933292,0.7457168,0.0,0.0,0
169985344,0.25003624,-0.84932756,0.05122483,0.74726766,0.0,0.0,0
170005039,0.29857165,-0.8256927,0.017302318,0.749459,0.0,0.0,0
170024735,0.3096135,-0.80623025,0.01744271,0.7516755,0.0,0.0,0
170044424,0.2780726,-0.7921593,0.044207532,0.753896,0.0,0.0,0
170064137,0.22175221,-0.78793216,0.087172724,0.75611246,0.0,0.0,0
170088817,0.13629828,-0.78817797,0.15173963,0.75611246,0.0,0.0,0
170103833,0.08264701,-0.77921784,0.18239322,0.7594392,0.0,0.0,0
170123258,0.034023438,-0.7591737,0.21820104,0.76123023,0.0,0.0,0
170147858,0.0056783864,-0.7546612,0.24395886,0.7608064,0.0,0.0,0
170167569,0.024194079,-0.7881821,0.24487323,0.75965,0.0,0.0,0
170182337,0.03304807,-0.82260823,0.24371746,0.75816905,0.0,0.0,0
170206976,0.05932939,-0.8716308,0.23179208,0.75675213,0.0,0.0,0
170226668,0.11507366,-0.89917517,0.17778313,0.7557491,0.0,0.0,0
170241440,0.17586225,-0.9010732,0.12893535,0.75526214,0.0,0.0,0
170266088,0.27662027,-0.8772824,0.05081087,0.7558948,0.0,0.0,0
170285855,0.33106974,-0.85189384,0.010428891,0.7573515,0.0,0.0,0
170305561,0.34731683,-0.8290868,0.003279346,0.75932765,0.0,0.0,0
170325177,0.32163963,-0.81185335,0.031480353,0.7615247,0.0,0.0,0
170344878,0.26638022,-0.80597115,0.078428246,0.76373464,0.0,0.0,0
170364603,0.18860762,-0.8042919,0.13349031,0.7659753,0.0,0.0,0
170384277,0.12983921,-0.7915631,0.17117967,0.7681636,0.0,0.0,0
170403981,0.08864537,-0.7691617,0.20125638,0.7692188,0.0,0.0,0
170423689,0.064482875,-0.7549375,0.22314838,0.7690157,0.0,0.0,0
170448304,0.09291468,-0.78420764,0.23008482,0.76654816,0.0,0.0,0
170463087,0.09261474,-0.8170139,0.23151727,0.76654816,0.0,0.0,0
170487741,0.088569544,-0.86548513,0.23788553,0.7635805,0.0,0.0,0
170507426,0.12591521,-0.8956683,0.20696145,0.76278514,0.0,0.0,0
170522185,0.17238429,-0.90058106,0.17158997,0.76278514,0.0,0.0,0
170546834,0.24964327,-0.8822344,0.11157049,0.7640393,0.0,0.0,0
170566534,0.29858226,-0.8621816,0.077224106,0.7658042,0.0,0.0,0
170586220,0.33099276,-0.8432796,0.057612605,0.7678768,0.0,0.0,0
170605932,0.3293553,-0.83105487,0.064727716,0.77006906,0.0,0.0,0
170625650,0.2808894,-0.8295333,0.098411016,0.7722911,0.0,0.0,0
170645347,0.21478903,-0.8319883,0.1413847,0.77377975,0.0,0.0,0
170665044,0.17653345,-0.8206584,0.16885154,0.77444285,0.0,0.0,0
170684816,0.15003608,-0.7974781,0.19476281,0.7739266,0.0,0.0,0
170704443,0.14727546,-0.78043246,0.21134442,0.7722666,0.0,0.0,0
170729054,0.15950389,-0.8040001,0.21670495,0.77004725,0.0,0.0,0
170743826,0.15235442,-0.83365756,0.22322203,0.77004725,0.0,0.0,0
170763526,0.15999098,-0.86983573,0.22779739,0.7668026,0.0,0.0,0
170788149,0.18837118,-0.9018584,0.19874632,0.7645626,0.0,0.0,0
170802926,0.22793779,-0.90361303,0.16784182,0.7623702,0.0,0.0,0
170822636,0.28809136,-0.88176644,0.12131654,0.76015097,0.0,0.0,0
170847256,0.33968905,-0.8510774,0.081817016,0.7598256,0.0,0.0,0
170866960,0.34755313,-0.83029807,0.08024699,0.76027215,0.0,0.0,0
170886721,0.32571918,-0.8129153,0.102430046,0.76108044,0.0,0.0,0
170906371,0.2686214,-0.8052053,0.14791279,0.7620361,0.0,0.0,0
170926070,0.18620808,-0.7996434,0.20445533,0.7626691,0.0,0.0,0
170945768,0.13569263,-0.77976215,0.23405427,0.76260805,0.0,0.0,0
170965473,0.1010344,-0.7481523,0.2571365,0.76167834,0.0,0.0,0
170985181,0.078866355,-0.7221946,0.2766631,0.7596751,0.0,0.0,0
171004869,0.08129581,-0.727712,0.2874982,0.75743175,0.0,0.0,0
171024566,0.08869605,-0.75704056,0.299521,0.7552408,0.0,0.0,0
171044289,0.0878099,-0.7861012,0.30967712,0.7530231,0.0,0.0,0
171069041,0.116291076,-0.812484,0.28232464,0.7485883,0.0,0.0,0
171083778,0.15803194,-0.815717,0.2509585,0.7485883,0.0,0.0,0
171103408,0.21606651,-0.8034979,0.20838101,0.746344,0.0,0.0,0
171128012,0.26957527,-0.7813398,0.1720826,0.74363816,0.0,0.0,0
171147699,0.29702654,-0.7637,0.15507719,0.7446671,0.0,0.0,0
171162475,0.28721052,-0.7517725,0.1621224,0.7446671,0.0,0.0,0
171187100,0.2607942,-0.74108344,0.187845,0.74745345,0.0,0.0,0
171206810,0.20258242,-0.74061596,0.22480465,0.74845314,0.0,0.0,0
171221598,0.16831614,-0.73738045,0.24993293,0.74845314,0.0,0.0,0
171246209,0.12449852,-0.7176188,0.2790526,0.7480688,0.0,0.0,0
171265925,0.10554345,-0.7004639,0.30111003,0.74636275,0.0,0.0,0
171285647,0.10290443,-0.70569587,0.31328467,0.7441151,0.0,0.0,0
171305307,0.104644835,-0.7405057,0.3217321,0.7419261,0.0,0.0,0
171325011,0.10643843,-0.78104556,0.32668224,0.7396905,0.0,0.0,0
171344723,0.09650993,-0.8137406,0.32744873,0.7374957,0.0,0.0,0
171364408,0.1398836,-0.8411627,0.29730505,0.73528194,0.0,0.0,0
171384119,0.18649442,-0.8405767,0.2631557,0.73405766,0.0,0.0,0
171403819,0.23623157,-0.8288258,0.22488628,0.73405766,0.0,0.0,0
171428444,0.29978582,-0.80999434,0.17550832,0.7349839,0.0,0.0,0
171443218,0.30980402,-0.7964066,0.16985966,0.73598605,0.0,0.0,0
171462940,0.29245317,-0.7813284,0.18683957,0.73735285,0.0,0.0,0
171488141,0.23052835,-0.7752418,0.23375303,0.7388473,0.0,0.0,0
171502335,0.18135972,-0.7718934,0.26576954,0.73993576,0.0,0.0,0
171526951,0.12420106,-0.7511336,0.29926005,0.74026,0.0,0.0,0
171546655,0.09192015,-0.723822,0.32386488,0.73968965,0.0,0.0,0
171566358,0.07230521,-0.70869213,0.3380694,0.7382004,0.0,0.0,0
171586089,0.08673614,-0.7262467,0.33805045,0.73597914,0.0,0.0,0
171605803,0.0933035,-0.7616959,0.33957735,0.7337447,0.0,0.0,0
171625488,0.097075984,-0.7929439,0.34183526,0.73152226,0.0,0.0,0
171645192,0.13310058,-0.8258083,0.31175357,0.7293285,0.0,0.0,0
171664893,0.19413283,-0.83806,0.26522085,0.727118,0.0,0.0,0
171684597,0.25840232,-0.8272392,0.21306428,0.7249022,0.0,0.0,0
171709194,0.32583308,-0.8027662,0.16660485,0.72543585,0.0,0.0,0
171723962,0.3504131,-0.787816,0.14824562,0.72543585,0.0,0.0,0
171743670,0.34267768,-0.7671045,0.1578593,0.7267768,0.0,0.0,0
171768293,0.31591946,-0.7518657,0.18520756,0.73041964,0.0,0.0,0
171783070,0.27459478,-0.7485775,0.21640593,0.73041964,0.0,0.0,0
171802775,0.20458138,-0.7446344,0.26431835,0.7319219,0.0,0.0,0
171827394,0.14561398,-0.72616774,0.29968384,0.7324672,0.0,0.0,0
171847111,0.11583695,-0.7103489,0.3246816,0.731188,0.0,0.0,0
171861981,0.09935703,-0.71099573,0.336611,0.731188,0.0,0.0,0
171886573,0.11661807,-0.75332177,0.335528,0.7269438,0.0,0.0,0
171906208,0.12584448,-0.80368173,0.33332953,0.72477365,0.0,0.0,0
171925899,0.12310868,-0.844902,0.3338635,0.7225549,0.0,0.0,0
171945607,0.18542656,-0.8838594,0.2829129,0.7203462,0.0,0.0,0
171965317,0.25850755,-0.89565057,0.22589037,0.71861506,0.0,0.0,0
171985005,0.3354465,-0.882302,0.16617557,0.7185151,0.0,0.0,0
172004711,0.38999796,-0.8575313,0.12298931,0.7189937,0.0,0.0,0
172024428,0.41775623,-0.8307527,0.10575934,0.71984446,0.0,0.0,0
172044135,0.38805094,-0.80534965,0.12819228,0.71984446,0.0,0.0,0
172063870,0.3356436,-0.78678703,0.17371668,0.72176504,0.0,0.0,0
172083579,0.25274768,-0.7720944,0.23378472,0.7228936,0.0,0.0,0
172108145,0.16419253,-0.7402974,0.29371136,0.72340244,0.0,0.0,0
172127847,0.11417884,-0.7056909,0.3264655,0.7232562,0.0,0.0,0
172142616,0.07840224,-0.6801384,0.34643754,0.7220829,0.0,0.0,0
172167249,0.057721287,-0.66992736,0.3702868,0.71997184,0.0,0.0,0
172186962,0.04669253,-0.6957336,0.38395196,0.7177349,0.0,0.0,0
172201730,0.04737609,-0.7221995,0.38809335,0.7155154,0.0,0.0,0
172226357,0.04847682,-0.7578201,0.39116752,0.71332365,0.0,0.0,0
172246109,0.07805957,-0.78442806,0.3648928,0.71110797,0.0,0.0,0
172266012,0.1331705,-0.79370564,0.3237951,0.70909864,0.0,0.0,0
172285459,-0.672923,0.08041517,0.15601154,0.7825552,0.0,0.0,0
172305170,-0.6402036,0.10337659,0.1455514,0.7825552,0.0,0.0,0
172324857,-0.642335,0.12248171,0.14575027,0.7825552,0.0,0.0,0
172344559,-0.66514194,0.13887687,0.1504374,0.7825552,0.0,0.0,0
172364265,-0.6955703,0.14149773,0.14864624,0.7825552,0.0,0.0,0
172383978,-0.73836964,0.12640291,0.14850654,0.7825552,0.0,0.0,0
172408588,-0.76009715,0.10978326,0.14986648,0.7825552,0.0,0.0,0
172423368,-0.75935686,0.10236024,0.15090354,0.7825552,0.0,0.0,0
172443066,-0.76812345,0.07869574,0.15388525,0.7825552,0.0,0.0,0
172467782,-0.7729804,0.0020268343,0.16411972,0.7825552,0.0,0.0,0
172482524,-0.7731455,-0.062300235,0.1723591,0.7825552,0.0,0.0,0
172507131,-0.7207136,-0.17231126,0.18154337,0.7825552,0.0,0.0,0
172526833,-0.7207121,-0.2385424,0.1876097,0.7825552,0.0,0.0,0
172546503,-0.6755684,-0.28230315,0.1833377,0.7825552,0.0,0.0,0
172566197,-0.60774595,-0.304608,0.14877191,0.7825552,0.0,0.0,0
172585926,-0.55055004,-0.3217418,0.12129613,0.7825552,0.0,0.0,0
172605602,-0.49377477,-0.33645114,0.092560485,0.7825552,0.0,0.0,0
172625345,-0.52263254,-0.34634382,0.10948829,0.7825552,0.0,0.0,0
172645035,-0.574382,-0.3659908,0.13717361,0.7825552,0.0,0.0,0
172665006,-0.62612456,-0.37969851,0.16354008,0.7825552,0.0,0.0,0
172684418,-0.6568885,-0.36993623,0.1794472,0.7825552,0.0,0.0,0
172704111,-0.6823519,-0.34568715,0.19080314,0.7825552,0.0,0.0,0
172723807,-0.67851955,-0.33129892,0.18759,0.7825552,0.0,0.0,0
172748450,-0.6747759,-0.3644078,0.1875569,0.7825552,0.0,0.0,0
172763213,-0.67626876,-0.402753,0.18976843,0.7825552,0.0,0.0,0
172782914,-0.62201685,-0.45964512,0.16156012,0.7825552,0.0,0.0,0
172807560,-0.57050633,-0.5116328,0.13692607,0.7825552,0.0,0.0,0
172827242,-0.4883409,-0.52593976,0.09328515,0.7825552,0.0,0.0,0
172842026,-0.4154992,-0.52080816,0.053749274,0.7825552,0.0,0.0,0
172866687,-0.34050044,-0.5052738,0.015024639,0.7825552,0.0,0.0,0
172886347,-0.30610472,-0.49309286,-0.003111434,0.7825552,0.0,0.0,0
172906056,-0.33949703,-0.486141,0.016523693,0.7825552,0.0,0.0,0
172925759,-0.40692493,-0.4921929,0.053116012,0.7825552,0.0,0.0,0
172945454,-0.47426784,-0.5066166,0.08854311,0.7825552,0.0,0.0,0
172965175,-0.521244,-0.50477225,0.11346184,0.7825552,0.0,0.0,0
172984866,-0.57237315,-0.49485046,0.13979982,0.7825552,0.0,0.0,0
173004589,-0.59945065,-0.500556,0.15385386,0.7825552,0.0,0.0,0
173024288,-0.6107428,-0.5359743,0.16105723,0.7825552,0.0,0.0,0
173044249,-0.62249666,-0.5913864,0.16899283,0.7825552,0.0,0.0,0
173064014,-0.58156186,-0.6485277,0.14780761,0.7825552,0.0,0.0,0
173083360,-0.5462212,-0.68560535,0.1286481,0.7825552,0.0,0.0,0
173107982,-0.45786813,-0.6969773,0.07966638,0.7825552,0.0,0.0,0
173122767,-0.4053681,-0.6968909,0.050938953,0.7825552,0.0,0.0,0
173147394,-0.37049884,-0.6858807,0.03235052,0.7751843,0.0,0.0,0
173167088,-0.34718603,-0.67087334,0.020298949,0.7751843,0.0,0.0,0
173181867,-0.379626,-0.6604125,0.039394487,0.7751843,0.0,0.0,0
173206496,-0.466909,-0.65413356,0.0880001,0.7690418,0.0,0.0,0
173226195,-0.51956487,-0.6424584,0.11562289,0.7690418,0.0,0.0,0
173245950,-0.5601782,-0.6088825,0.13730893,0.76658475,0.0,0.0,0
173265634,-0.5996978,-0.5653681,0.15666841,0.7628993,0.0,0.0,0
173285305,-0.6077883,-0.53655446,0.15931946,0.76044226,0.0,0.0,0
173305003,-0.6057588,-0.53887343,0.15821485,0.76044226,0.0,0.0,0
173324704,-0.60854656,-0.5611594,0.16041295,0.76044226,0.0,0.0,0
173344405,-0.58041954,-0.59071386,0.14662097,0.76044226,0.0,0.0,0
173364119,-0.546815,-0.60938734,0.12715887,0.73218673,0.0,0.0,0
173388729,-0.44483432,-0.6038195,0.070407644,0.7272727,0.0,0.0,0
173403507,-0.38615024,-0.59583646,0.039742593,0.7272727,0.0,0.0,0
173423206,-0.33933738,-0.57630914,0.014219828,0.7272727,0.0,0.0,0
173447958,-0.2925097,-0.5574007,-0.010742624,0.7272727,0.0,0.0,0
173462936,-0.26973727,-0.54863983,-0.021827394,0.7272727,0.0,0.0,0
173487278,-0.30024117,-0.53747606,-0.004523016,0.7272727,0.0,0.0,0
173507008,-0.33950335,-0.5409269,0.01679853,0.7272727,0.0,0.0,0
173526664,-0.37930942,-0.5312041,0.03776105,0.7272727,0.0,0.0,0
173546346,-0.4313963,-0.50650734,0.0657584,0.7272727,0.0,0.0,0
173566038,-0.47640842,-0.48163897,0.08875256,0.7272727,0.0,0.0,0
173585748,-0.4889405,-0.4766597,0.096922986,0.7272727,0.0,0.0,0
173605460,-0.49436483,-0.49863264,0.100378156,0.7272727,0.0,0.0,0
173625148,-0.48649657,-0.53586805,0.0962979,0.7272727,0.0,0.0,0
173644886,-0.44764972,-0.57458895,0.07925958,0.7272727,0.0,0.0,0
173664550,-0.40131226,-0.5994102,0.05310711,0.7272727,0.0,0.0,0
173684249,-0.32364857,-0.60036236,0.01003825,0.7272727,0.0,0.0,0
173703952,-0.2480844,-0.5923213,-0.029745545,0.7272727,0.0,0.0,0
173728578,-0.19226594,-0.5704506,-0.05939545,0.7272727,0.0,0.0,0
173743353,-0.16658738,-0.5559762,-0.07296854,0.7272727,0.0,0.0,0
173763059,-0.14376664,-0.5365036,-0.08350607,0.7272727,0.0,0.0,0
173787678,-0.1760847,-0.54636335,-0.061269887,0.7272727,0.0,0.0,0
173807413,-0.15120482,-0.5898067,-0.044244062,0.7272727,0.0,0.0,0
173822229,-0.18017688,-0.5753742,-0.028134668,0.7272727,0.0,0.0,0
173846864,-0.17675257,-0.5489617,0.010837639,0.7272727,0.0,0.0,0
173866489,-0.17371854,-0.51577884,0.03510466,0.7272727,0.0,0.0,0
173886188,-0.17637914,-0.50120336,0.04640247,0.7272727,0.0,0.0,0
173905890,-0.18424171,-0.49607942,0.052744187,0.7272727,0.0,0.0,0
173925612,-0.18047436,-0.50676095,0.047153722,0.7272727,0.0,0.0,0
173945290,-0.21529515,-0.5262269,0.042890802,0.7272727,0.0,0.0,0
173964988,-0.18692507,-0.5362418,0.026742922,0.7272727,0.0,0.0,0
173984740,-0.21129924,-0.510463,-0.0027121247,0.7272727,0.0,0.0,0
174004425,-0.25101405,-0.46503752,-0.026774956,0.7272727,0.0,0.0,0
174024128,-0.21876359,-0.4370829,-0.04357087,0.7272727,0.0,0.0,0
174043846,-0.20919542,-0.40654165,-0.05303948,0.7272727,0.0,0.0,0
174063500,-0.2113614,-0.377813,-0.049925953,0.7272727,0.0,0.0,0
174088168,-0.27967024,-0.3505724,-0.014474627,0.7272727,0.0,0.0,0
174102906,-0.31825864,-0.34092638,0.005127255,0.7272727,0.0,0.0,0
174127532,-0.3704426,-0.3012591,0.031242002,0.7272727,0.0,0.0,0
174147225,-0.4238373,-0.2546209,0.057528935,0.7272727,0.0,0.0,0
174162000,-0.4529372,-0.22385329,0.071007006,0.7272727,0.0,0.0,0
174186665,-0.46682593,-0.20165886,0.076870844,0.7272727,0.0,0.0,0
174206340,-0.45919278,-0.21337283,0.07297668,0.7272727,0.0,0.0,0
174226109,-0.41487867,-0.23675624,0.05035103,0.7272727,0.0,0.0,0
174245823,-0.38151735,-0.25783122,0.034581844,0.7272727,0.0,0.0,0
174265435,-0.31422898,-0.26660183,0.00021173003,0.7272727,0.0,0.0,0
174285152,-0.23112535,-0.2598198,-0.041293897,0.7272727,0.0,0.0,0
174304860,-0.16995679,-0.2585116,-0.07090936,0.7272727,0.0,0.0,0
174324538,-0.120799534,-0.24295077,-0.09492519,0.7272727,0.0,0.0,0
174344244,-0.08696796,-0.22376071,-0.11128593,0.7272727,0.0,0.0,0
174368871,-0.09379135,-0.2055197,-0.10580669,0.7272727,0.0,0.0,0
174383649,-0.1256314,-0.20041488,-0.08980394,0.7272727,0.0,0.0,0
174403367,-0.17875044,-0.20085283,-0.06352466,0.7272727,0.0,0.0,0
174428027,-0.24149513,-0.17972201,-0.032660563,0.7272727,0.0,0.0,0
174442810,-0.29084262,-0.15394522,-0.008275648,0.7272727,0.0,0.0,0
174462476,-0.33723694,-0.17123397,0.016544295,0.7272727,0.0,0.0,0
174487106,-0.36049914,-0.20565899,0.025662905,0.7272727,0.0,0.0,0
174506779,-0.34690294,-0.25147852,0.018641131,0.7272727,0.0,0.0,0
174526478,-0.29491726,-0.29519996,-0.007124624,0.7272727,0.0,0.0,0
174546177,-0.25813705,-0.3275839,-0.026261445,0.7272727,0.0,0.0,0
174565874,-0.20346639,-0.34285757,-0.05880675,0.7272727,0.0,0.0,0
174585583,-0.13165714,-0.35278672,-0.09823603,0.7272727,0.0,0.0,0
174605313,-0.07238145,-0.37753066,-0.13146132,0.7272727,0.0,0.0,0
174625061,-0.026263203,-0.36273128,-0.1562657,0.7272727,0.0,0.0,0
174644729,0.003474046,-0.35823274,-0.172777,0.7272727,0.0,0.0,0
174664387,-0.012269283,-0.34957084,-0.16272491,0.7272727,0.0,0.0,0
174684087,-0.06986843,-0.34045848,-0.12990758,0.7272727,0.0,0.0,0
174708731,-0.14526159,-0.32556337,-0.08827555,0.7272727,0.0,0.0,0
174723487,-0.19213784,-0.29088345,-0.06195656,0.7272727,0.0,0.0,0
174743192,-0.26670998,-0.23274787,-0.021581905,0.7272727,0.0,0.0,0
174767821,-0.33898813,-0.17241426,0.015389143,0.7272727,0.0,0.0,0
174787514,-0.36491305,-0.15075813,0.028022774,0.7272727,0.0,0.0,0
174802295,-0.368295,-0.15739156,0.029705621,0.7272727,0.0,0.0,0
174826946,-0.34518096,-0.183703,0.017127069,0.7272727,0.0,0.0,0
174846626,-0.31876755,-0.20767097,0.003513232,0.7272727,0.0,0.0,0
174861404,-0.27261168,-0.22039354,-0.020893672,0.7272727,0.0,0.0,0
174886053,-0.19133429,-0.20307453,-0.062688336,0.7272727,0.0,0.0,0
174905768,-0.15708467,-0.18253413,-0.07921551,0.7272727,0.0,0.0,0
174925454,-0.13803579,-0.15639095,-0.08803698,0.7272727,0.0,0.0,0
174945131,-0.124047086,-0.13496473,-0.09446472,0.7272727,0.0,0.0,0
174964871,-0.1746943,-0.07385719,-0.060258746,0.7272727,0.0,0.0,0
174984592,-0.2308043,-0.03846559,-0.020704431,0.7272727,0.0,0.0,0
175004260,-0.30242977,-0.033786442,0.013352477,0.7272727,0.0,0.0,0
175024044,-0.33941498,0.011510645,0.046155766,0.7272727,0.0,0.0,0
175043640,-0.378008,0.07635993,0.08337695,0.7272727,0.0,0.0,0
175068263,-0.3529407,0.11751626,0.049123023,0.7272727,0.0,0.0,0
175083043,-0.3062018,0.10799268,0.015095794,0.7272727,0.0,0.0,0
175107662,-0.266738,0.055917487,-0.0059888577,0.7272727,0.0,0.0,0
175127358,-0.25324184,0.002125873,-0.00021608043,0.7272727,0.0,0.0,0
175142162,-0.231955,-0.037979335,0.0035339624,0.7272727,0.0,0.0,0
175166772,-0.18626562,-0.089209154,0.00665898,0.7272727,0.0,0.0,0
175186471,-0.098441154,-0.098956674,0.035538036,0.7272727,0.0,0.0,0
175206169,-0.06825373,-0.091074646,0.041774347,0.7272727,0.0,0.0,0
175225896,-0.05352171,-0.08434766,0.040916592,0.7272727,0.0,0.0,0
175245569,-0.048393637,-0.07385309,0.045579564,0.7272727,0.0,0.0,0
175265295,-0.088238694,-0.06673568,0.046415634,0.7272727,0.0,0.0,0
175284992,-0.13291775,-0.06679115,0.05026361,0.7272727,0.0,0.0,0
175304675,-0.146729,-0.04930602,0.057055764,0.7272727,0.0,0.0,0
175324375,-0.16802564,-0.008063551,0.0639971,0.7272727,0.0,0.0,0
175349002,-0.1814324,0.063131586,0.06919734,0.7272727,0.0,0.0,0
175363799,-0.07190982,0.09670071,0.12668201,0.7272727,0.0,0.0,0
175383478,-0.03917006,0.12356771,0.14811696,0.7272727,0.0,0.0,0
175408327,0.007756769,0.10576965,0.14313228,0.7272727,0.0,0.0,0
175422996,0.04454219,0.08779116,0.12723397,0.7272727,0.0,0.0,0
175442606,0.07281296,0.05836737,0.118911885,0.7272727,0.0,0.0,0
175467234,0.14327517,0.051296204,0.084856816,0.7272727,0.0,0.0,0
175486918,0.22230166,0.038010273,0.05428219,0.7272727,0.0,0.0,0
175506626,0.27988297,-0.0005723247,0.038005184,0.7272727,0.0,0.0,0
175526310,0.31064853,-0.029772352,0.02903809,0.7272727,0.0,0.0,0
175546018,0.3110077,-0.048015367,0.029585427,0.7272727,0.0,0.0,0
175565724,0.28554106,-0.052723538,0.04278663,0.7272727,0.0,0.0,0
175585421,0.23933187,-0.057860352,0.061120097,0.7272727,0.0,0.0,0
175605182,0.10829685,-0.04619143,0.08244703,0.7272727,0.0,0.0,0
175624862,0.00749056,-0.018418754,0.09507799,0.7272727,0.0,0.0,0
175644538,-0.09941085,0.02881984,0.065232486,0.7272727,0.0,0.0,0
175664232,-0.101287626,0.027637267,0.065006316,0.7272727,0.0,0.0,0
175683926,-0.19518235,0.035450682,0.004770291,0.7272727,0.0,0.0,0
175703627,-0.21366532,0.022068596,0.0033432539,0.7272727,0.0,0.0,0
175723321,-0.2355702,-0.018953495,0.024235,0.7272727,0.0,0.0,0
175747949,-0.19276276,-0.07521182,0.029068848,0.7272727,0.0,0.0,0
175767655,-0.14713173,-0.10586302,0.030828916,0.7272727,0.0,0.0,0
175782426,-0.12600306,-0.11622481,0.026890816,0.7272727,0.0,0.0,0
175807346,-0.071261324,-0.1271823,0.0009956108,0.7272727,0.0,0.0,0
175826806,-0.032738987,-0.13389401,-0.01505815,0.7272727,0.0,0.0,0
175841536,-0.0389578,-0.13949129,-0.010881046,0.7272727,0.0,0.0,0
175866190,-0.10267105,-0.15898024,0.012960183,0.7272727,0.0,0.0,0
175885885,-0.13807186,-0.18089284,0.030040978,0.7272727,0.0,0.0,0
175905596,-0.16652548,-0.18182217,0.034167953,0.7272727,0.0,0.0,0
175925327,-0.20868874,-0.16261387,0.04773149,0.7272727,0.0,0.0,0
175944962,-0.25128445,-0.13156016,0.058159977,0.7272727,0.0,0.0,0
175964666,-0.2823031,-0.11708417,0.06092423,0.7272727,0.0,0.0,0
175984363,-0.28369594,-0.13337967,0.061915684,0.7272727,0.0,0.0,0
176004094,-0.31816617,-0.17488712,0.06280048,0.7272727,0.0,0.0,0
176023802,-0.29684258,-0.22290255,0.050083917,0.7272727,0.0,0.0,0
176048393,-0.30349022,-0.2685747,0.04941792,0.7272727,0.0,0.0,0
176063170,-0.26739028,-0.2751584,0.031071758,0.7272727,0.0,0.0,0
176082871,-0.2357685,-0.263808,0.010805477,0.7272727,0.0,0.0,0
176107501,-0.22121035,-0.25081182,0.0013061368,0.7272727,0.0,0.0,0
176122272,-0.23501956,-0.24332109,-0.0013650462,0.7272727,0.0,0.0,0
176146904,-0.28152746,-0.2356108,0.008043481,0.7272727,0.0,0.0,0
176166608,-0.36805797,-0.23892994,0.037168592,0.7272727,0.0,0.0,0
176186353,-0.424606,-0.24287838,0.0651747,0.7272727,0.0,0.0,0
176206514,-0.48479852,-0.22676022,0.087346226,0.7272727,0.0,0.0,0
176225718,-0.536327,-0.19337946,0.11164472,0.7272727,0.0,0.0,0
176245414,-0.56284404,-0.15563942,0.1227617,0.7272727,0.0,0.0,0
176265114,-0.56117177,-0.14391176,0.12101988,0.7272727,0.0,0.0,0
176284813,-0.5476593,-0.16530633,0.11505438,0.7272727,0.0,0.0,0
176304514,-0.51741695,-0.210423,0.10131413,0.7272727,0.0,0.0,0
176329141,-0.4486825,-0.26941994,0.06928708,0.7272727,0.0,0.0,0
176343917,-0.4123532,-0.29237345,0.050191347,0.7272727,0.0,0.0,0
176363617,-0.3312368,-0.29846248,0.009057609,0.7272727,0.0,0.0,0
176388242,-0.23717166,-0.28169554,-0.03762027,0.7272727,0.0,0.0,0
176403075,-0.20653743,-0.27215025,-0.052906998,0.7272727,0.0,0.0,0
176422816,-0.17573899,-0.2629994,-0.06779329,0.7272727,0.0,0.0,0
176447369,-0.17340587,-0.25312626,-0.06777334,0.7272727,0.0,0.0,0
176467066,-0.20972411,-0.25830534,-0.049423754,0.7272727,0.0,0.0,0
176486761,-0.23981576,-0.26626214,-0.03465297,0.7272727,0.0,0.0,0
176506453,-0.2630337,-0.2535523,-0.023109522,0.7272727,0.0,0.0,0
176526155,-0.29381245,-0.22670136,-0.007817198,0.7272727,0.0,0.0,0
176545848,-0.3058824,-0.20003541,-0.0020181695,0.7272727,0.0,0.0,0
176565549,-0.29560006,-0.20022717,-0.0074066585,0.7272727,0.0,0.0,0
176585391,-0.2812194,-0.23288347,-0.014660329,0.7272727,0.0,0.0,0
176605422,-0.25514165,-0.28124073,-0.028504832,0.7272727,0.0,0.0,0
176624679,-0.20880958,-0.3305267,-0.051815584,0.7272727,0.0,0.0,0
176644359,-0.1441025,-0.36541152,-0.08443809,0.7272727,0.0,0.0,0
176664064,-0.06754788,-0.37106848,-0.1243141,0.7272727,0.0,0.0,0
176683759,0.0046043936,-0.36025152,-0.16050114,0.7272727,0.0,0.0,0
176703462,0.038648672,-0.34966347,-0.17696401,0.7272727,0.0,0.0,0
176728103,0.052703638,-0.3368777,-0.18285717,0.7272727,0.0,0.0,0
176747795,0.031185567,-0.33304384,-0.16840415,0.7272727,0.0,0.0,0
176762562,0.019099709,-0.33726087,-0.14976038,0.7272727,0.0,0.0,0
176787252,-0.003986946,-0.3476598,-0.118607864,0.7272727,0.0,0.0,0
176806929,-0.012395161,-0.3307994,-0.09888876,0.7272727,0.0,0.0,0
176821692,0.000116178395,-0.30849743,-0.07735536,0.7272727,0.0,0.0,0
176846314,-0.015397607,-0.26783803,-0.05756161,0.7272727,0.0,0.0,0
176866035,0.0031404244,-0.26104352,-0.057451822,0.7272727,0.0,0.0,0
176885735,0.04202845,-0.27903852,-0.054646775,0.7272727,0.0,0.0,0
176905432,0.06482709,-0.30985987,-0.058766887,0.7272727,0.0,0.0,0
176925117,0.124231845,-0.34099942,-0.0539106,0.7272727,0.0,0.0,0
176944806,0.21014017,-0.35665098,-0.05006661,0.7272727,0.0,0.0,0
176964504,0.29489544,-0.34841028,-0.047017727,0.7272727,0.0,0.0,0
176984414,0.33895123,-0.33547145,-0.045764145,0.7272727,0.0,0.0,0
177004422,0.36458066,-0.32014894,-0.047021862,0.7272727,0.0,0.0,0
177028549,0.3709732,-0.2973997,-0.044457737,0.7272727,0.0,0.0,0
177043309,0.3506701,-0.2854563,-0.040305097,0.7272727,0.0,0.0,0
177063008,0.3059761,-0.27683607,-0.03405229,0.7272727,0.0,0.0,0
177087652,0.24331063,-0.27421662,-0.026772512,0.7272727,0.0,0.0,0
177102415,0.2128613,-0.26018977,-0.022207428,0.7272727,0.0,0.0,0
177127034,0.16220888,-0.23267804,-0.015118203,0.7272727,0.0,0.0,0
177146746,0.1362213,-0.22963671,-0.012524972,0.7272727,0.0,0.0,0
177166445,0.11879371,-0.24051832,-0.011437435,0.7272727,0.0,0.0,0
177186168,0.12015723,-0.29169506,-0.017417962,0.7272727,0.0,0.0,0
177205877,0.12868378,-0.33304027,-0.021970738,0.7272727,0.0,0.0,0
177225549,0.16413209,-0.36885795,-0.028604437,0.7272727,0.0,0.0,0
177245238,0.22287464,-0.38663527,-0.038742483,0.7272727,0.0,0.0,0
177264957,0.27490908,-0.38491744,-0.045172825,0.7272727,0.0,0.0,0
177284658,0.2921323,-0.37710798,-0.044035807,0.7272727,0.0,0.0,0
177309268,0.32314277,-0.36659554,-0.047650754,0.7272727,0.0,0.0,0
177324055,0.3151982,-0.36097544,-0.045754228,0.7272727,0.0,0.0,0
177343767,0.29868132,-0.35995474,-0.04321049,0.7272727,0.0,0.0,0
177368373,0.25323308,-0.36975828,-0.037582647,0.7272727,0.0,0.0,0
177383476,0.21264607,-0.37349418,-0.031845674,0.7272727,0.0,0.0,0
177402908,0.17565444,-0.36186388,-0.025467122,0.7272727,0.0,0.0,0
177427505,0.11718723,-0.32837874,-0.015404005,0.7272727,0.0,0.0,0
177447251,0.087224126,-0.30348015,-0.0105926255,0.7260442,0.0,0.0,0
177461961,0.059885904,-0.3024348,-0.016088726,0.7260442,0.0,0.0,0
177486616,0.010235543,-0.32640117,-0.030587712,0.7260442,0.0,0.0,0
177506289,-0.015444607,-0.35517663,-0.029364115,0.7248157,0.0,0.0,0
177525985,-0.010743351,-0.38867405,-0.032345753,0.7248157,0.0,0.0,0
177545714,-0.0074387924,-0.3990194,-0.047002845,0.7235872,0.0,0.0,0
177565395,-0.0020818128,-0.3885931,-0.06432748,0.7211302,0.0,0.0,0
177585124,-0.014519142,-0.3793072,-0.067348525,0.7186732,0.0,0.0,0
177604824,-0.012777537,-0.37385082,-0.07602202,0.7162162,0.0,0.0,0
177624499,-0.015255233,-0.3673397,-0.07716839,0.7137592,0.0,0.0,0
177644193,-0.027091663,-0.36491805,-0.07282914,0.71130216,0.0,0.0,0
177663898,-0.037620485,-0.37306508,-0.06780416,0.71130216,0.0,0.0,0
177683604,-0.05498777,-0.37064406,-0.06400317,0.71130216,0.0,0.0,0
177708222,-0.06813301,-0.33792096,-0.056241263,0.71130216,0.0,0.0,0
177727937,-0.0927358,-0.29715586,-0.043098368,0.71130216,0.0,0.0,0
177742709,-0.10593187,-0.2720578,-0.036679287,0.71130216,0.0,0.0,0
177767319,-0.115727626,-0.26771596,-0.031641606,0.71130216,0.0,0.0,0
177787111,-0.12420893,-0.2918281,-0.027555525,0.71130216,0.0,0.0,0
177801811,-0.1224762,-0.31371838,-0.029031526,0.71130216,0.0,0.0,0
177826449,-0.11728968,-0.34377745,-0.031984497,0.71130216,0.0,0.0,0
177846169,-0.066300094,-0.34717187,-0.046125483,0.71130216,0.0,0.0,0
177865859,0.010807845,-0.33723482,-0.068151094,0.71130216,0.0,0.0,0
177885568,0.06421509,-0.32829064,-0.05853405,0.71130216,0.0,0.0,0
177905255,0.115491584,-0.3072297,-0.035638742,0.71130216,0.0,0.0,0
177924948,0.10886421,-0.29167676,-0.03516115,0.71130216,0.0,0.0,0
177944638,0.11245863,-0.2802869,-0.012616785,0.71130216,0.0,0.0,0
177964345,0.092464045,-0.2724707,-0.018676471,0.71130216,0.0,0.0,0
177984070,0.16793774,-0.27076897,-0.008253976,0.7100737,0.0,0.0,0
178008708,0.22320387,-0.23685646,0.026665801,0.7100737,0.0,0.0,0
178023446,0.2774346,-0.20417482,0.054135088,0.7100737,0.0,0.0,0
178043141,0.32152194,-0.16058345,0.08306811,0.71130216,0.0,0.0,0
178067783,0.32368082,-0.1387874,0.10436596,0.71130216,0.0,0.0,0
178082550,0.3623861,-0.14619789,0.11598287,0.7100737,0.0,0.0,0
178107194,0.37434787,-0.17707783,0.12756388,0.71130216,0.0,0.0,0
178126886,0.4053733,-0.20702346,0.12698634,0.7100737,0.0,0.0,0
178146579,0.4350429,-0.22641754,0.112778544,0.7100737,0.0,0.0,0
178166331,0.48213485,-0.22391935,0.09398107,0.7100737,0.0,0.0,0
178186062,0.5209576,-0.21071355,0.07707306,0.7100737,0.0,0.0,0
178205682,0.5442745,-0.19232117,0.06541292,0.7100737,0.0,0.0,0
178225383,0.54702175,-0.16949014,0.06669254,0.7100737,0.0,0.0,0
178245087,0.48927414,-0.14287831,0.094783984,0.7100737,0.0,0.0,0
178264788,0.407244,-0.12179551,0.13388781,0.71130216,0.0,0.0,0
178284501,0.31749877,-0.100411996,0.17599224,0.7100737,0.0,0.0,0
178304221,0.23907965,-0.053779133,0.20808169,0.7100737,0.0,0.0,0
178323910,0.16814245,0.014397046,0.23585443,0.7100737,0.0,0.0,0
178348568,0.09025936,0.100305215,0.2567903,0.7100737,0.0,0.0,0
178363347,0.06842699,0.13228239,0.26312745,0.7100737,0.0,0.0,0
178383030,0.056203578,0.14501639,0.2692259,0.7100737,0.0,0.0,0
178407668,0.07400202,0.1280896,0.26930997,0.71130216,0.0,0.0,0
178427339,0.10006714,0.10523324,0.26208234,0.7100737,0.0,0.0,0
178442145,0.12908703,0.08770909,0.250126,0.7100737,0.0,0.0,0
178466726,0.19353049,0.08334418,0.22090395,0.7100737,0.0,0.0,0
178486412,0.22919866,0.09448089,0.19964658,0.7100737,0.0,0.0,0
178506131,0.25309432,0.10335498,0.18375333,0.71130216,0.0,0.0,0
178525823,0.2729237,0.11158566,0.17240372,0.7100737,0.0,0.0,0
178545522,0.2611313,0.12305868,0.17735495,0.7100737,0.0,0.0,0
178565311,0.21446277,0.1327208,0.19753249,0.71130216,0.0,0.0,0
178584974,0.16087712,0.13508727,0.22138003,0.71130216,0.0,0.0,0
178604626,0.087526225,0.1534923,0.2458623,0.7100737,0.0,0.0,0
178624348,0.022910984,0.1883739,0.26655766,0.71130216,0.0,0.0,0
178644050,-0.03317956,0.23021643,0.2796933,0.71130216,0.0,0.0,0
178663738,-0.070206136,0.2509406,0.2865295,0.7100737,0.0,0.0,0
178683429,-0.09973186,0.23643707,0.28288603,0.7100737,0.0,0.0,0
178708055,-0.10420863,0.18467262,0.29051456,0.7100737,0.0,0.0,0
178722830,-0.078693345,0.14579096,0.2991817,0.7100737,0.0,0.0,0
178747465,-0.05998006,0.081611946,0.28914258,0.71130216,0.0,0.0,0
178767189,0.00041240983,0.04277501,0.2648781,0.71130216,0.0,0.0,0
178781976,0.024955599,0.02438565,0.2395356,0.7100737,0.0,0.0,0
178806570,0.04217476,0.010648917,0.21706913,0.7100737,0.0,0.0,0
178826285,0.01893672,-0.0011531162,0.2090076,0.71130216,0.0,0.0,0
178846017,-0.03346645,-0.0066162962,0.21195789,0.7100737,0.0,0.0,0
178865714,-0.13278608,-0.014482581,0.19878471,0.7100737,0.0,0.0,0
178885395,-0.31915787,-0.0401036,0.12500611,0.7100737,0.0,0.0,0
178905111,-0.42923376,-0.033949677,0.0907813,0.7100737,0.0,0.0,0
178924795,-0.52474445,-0.01402811,0.056597147,0.7100737,0.0,0.0,0
178944470,-0.55720204,0.018411523,0.04728634,0.7100737,0.0,0.0,0
178964250,-0.6160792,0.035643958,0.0114935,0.7100737,0.0,0.0,0
178988800,-0.6375354,0.023889964,-0.0062278705,0.7100737,0.0,0.0,0
179003572,-0.6310293,0.0010179656,-0.00026254347,0.7100737,0.0,0.0,0
179023295,-0.68728817,-0.027350402,0.04808681,0.7100737,0.0,0.0,0
179047941,-0.723228,-0.06416774,0.095794484,0.7100737,0.0,0.0,0
179062690,-0.83375776,-0.064771004,0.16779733,0.7100737,0.0,0.0,0
179082381,-0.75238585,-0.06354626,0.1647666,0.7100737,0.0,0.0,0
179107007,-0.6990132,-0.056477714,0.16938962,0.7100737,0.0,0.0,0
179126712,-0.64931655,-0.052650232,0.15831323,0.7100737,0.0,0.0,0
179146412,-0.58524644,-0.051924545,0.13089395,0.71130216,0.0,0.0,0
179166136,-0.6210671,-0.043848306,0.14816946,0.71130216,0.0,0.0,0
179185834,-0.52481097,-0.053755894,0.1049469,0.71130216,0.0,0.0,0
179205535,-0.3471305,-0.065054104,0.01383477,0.7100737,0.0,0.0,0
179225217,-0.32281175,-0.04082391,0.036346577,0.7100737,0.0,0.0,0
179244920,-0.011930913,-0.008238706,0.2094352,0.7100737,0.0,0.0,0
179264616,-0.067029744,0.049075507,0.20603669,0.7100737,0.0,0.0,0
179284333,0.13422477,0.04947182,0.21423623,0.7100737,0.0,0.0,0
179304061,0.17437394,0.021601161,0.21550547,0.7100737,0.0,0.0,0
179328684,0.2388592,-0.03362734,0.20236976,0.7100737,0.0,0.0,0
179343480,0.26170078,-0.06589632,0.19392216,0.7100737,0.0,0.0,0
179363197,0.3153108,-0.101704545,0.16992505,0.7100737,0.0,0.0,0
179387753,0.40888622,-0.1193957,0.13026574,0.7100737,0.0,0.0,0
179407448,0.44149393,-0.11557198,0.11553719,0.7100737,0.0,0.0,0
179422243,0.4497826,-0.111451015,0.10904525,0.7100737,0.0,0.0,0
179446858,0.4379444,-0.10374417,0.11739227,0.7100737,0.0,0.0,0
179466589,0.42387766,-0.09756161,0.123989396,0.7100737,0.0,0.0,0
179486259,0.37072504,-0.096171685,0.14973108,0.7100737,0.0,0.0,0
179505956,0.30559608,-0.09268301,0.1809052,0.7100737,0.0,0.0,0
179525658,0.22944623,-0.06831547,0.20171842,0.7100737,0.0,0.0,0
179545412,0.1442416,-0.026426904,0.22307874,0.7100737,0.0,0.0,0
179565091,0.10915744,0.016057888,0.23576744,0.7100737,0.0,0.0,0
179584779,0.065359905,0.031758826,0.24346134,0.7100737,0.0,0.0,0
179604462,0.027093997,0.01904969,0.25812328,0.7100737,0.0,0.0,0
179624160,0.0076779504,-0.01510229,0.26784045,0.7100737,0.0,0.0,0
179643863,-0.014013937,-0.055765126,0.27270493,0.7100737,0.0,0.0,0
179663572,0.010064921,-0.09367303,0.2588387,0.7100737,0.0,0.0,0
179688193,0.066870265,-0.10415355,0.22972317,0.7100737,0.0,0.0,0
179702973,0.09962127,-0.0971978,0.21374823,0.7100737,0.0,0.0,0
179727596,0.13284929,-0.08133567,0.19460312,0.7100737,0.0,0.0,0
179747872,0.14475982,-0.07046308,0.18860295,0.7100737,0.0,0.0,0
179762151,0.12171281,-0.059395548,0.19955795,0.7100737,0.0,0.0,0
179786732,0.062580556,-0.046148017,0.226798,0.7100737,0.0,0.0,0
179806396,0.010715872,-0.039735094,0.25098783,0.7100737,0.0,0.0,0
179826150,-0.024047384,-0.014521063,0.26519087,0.7100737,0.0,0.0,0
179845829,-0.066302985,0.026175288,0.28120703,0.7100737,0.0,0.0,0
179865527,-0.09205561,0.066572346,0.2812896,0.7100737,0.0,0.0,0
179885257,-0.10792201,0.07997778,0.2762468,0.7100737,0.0,0.0,0
179904903,-0.120647475,0.06434625,0.2788357,0.7100737,0.0,0.0,0
179924602,-0.14964342,0.029599689,0.26954526,0.7100737,0.0,0.0,0
179944337,-0.14172387,-0.01572762,0.26334745,0.7100737,0.0,0.0,0
179968935,-0.12684146,-0.059825458,0.26392657,0.7100737,0.0,0.0,0
179983713,-0.09795148,-0.07224334,0.26437253,0.7100737,0.0,0.0,0
180003409,-0.05518608,-0.074397765,0.24956669,0.7100737,0.0,0.0,0
180028041,-0.029564388,-0.07844458,0.23779601,0.7100737,0.0,0.0,0
180042814,-0.025935749,-0.08164603,0.23656829,0.7100737,0.0,0.0,0
180062516,-0.034340303,-0.082866855,0.2409378,0.7100737,0.0,0.0,0
180087143,-0.075602435,-0.08814021,0.26179948,0.7100737,0.0,0.0,0
180106915,-0.10749429,-0.09830688,0.26828545,0.7100737,0.0,0.0,0
180126584,-0.12830213,-0.09104534,0.26838195,0.7100737,0.0,0.0,0
180146520,-0.1597499,-0.06301407,0.26564986,0.7100737,0.0,0.0,0
180165971,-0.17920826,-0.026261503,0.26028568,0.7100737,0.0,0.0,0
180185655,-0.18263689,-0.0068249255,0.25701088,0.7100737,0.0,0.0,0
180205358,-0.19149913,-0.016013313,0.25883988,0.7100737,0.0,0.0,0
180225060,-0.20208475,-0.045022186,0.26431286,0.7100737,0.0,0.0,0
180244748,-0.19046617,-0.08010668,0.26986006,0.7100737,0.0,0.0,0
180264468,-0.1917728,-0.10998194,0.26942173,0.7100737,0.0,0.0,0
180284189,-0.15693267,-0.12208709,0.2690159,0.7100737,0.0,0.0,0
180308814,-0.10954452,-0.111737125,0.26191166,0.7100737,0.0,0.0,0
180323582,-0.09286029,-0.105817534,0.25747666,0.7100737,0.0,0.0,0
180343294,-0.07292221,-0.096771814,0.2508574,0.7100737,0.0,0.0,0
180367880,-0.07345929,-0.08599316,0.24865843,0.7100737,0.0,0.0,0
180387587,-0.11725215,-0.08156267,0.24744208,0.7100737,0.0,0.0,0
180402364,-0.1488047,-0.08322706,0.24912284,0.7100737,0.0,0.0,0
180426991,-0.19427192,-0.07486928,0.24723409,0.7100737,0.0,0.0,0
180446701,-0.23494239,-0.048295595,0.24159892,0.7100737,0.0,0.0,0
180461522,-0.2625531,-0.020151567,0.23713216,0.7100737,0.0,0.0,0
180486088,-0.2857861,0.011473853,0.23116763,0.7100737,0.0,0.0,0
180505849,-0.28945166,0.0021663483,0.23320433,0.7100737,0.0,0.0,0
180525594,-0.28697896,-0.032760825,0.24042115,0.7100737,0.0,0.0,0
180545449,-0.26698756,-0.080065414,0.24620853,0.7100737,0.0,0.0,0
180564902,-0.2727515,-0.121911146,0.25172266,0.7100737,0.0,0.0,0
180584591,-0.24992937,-0.15195793,0.25817892,0.7100737,0.0,0.0,0
180604295,-0.20768966,-0.15982598,0.25615954,0.7100737,0.0,0.0,0
180623998,-0.18478774,-0.15715508,0.2511577,0.7100737,0.0,0.0,0
180643697,-0.18370931,-0.15799741,0.25119796,0.7100737,0.0,0.0,0
180668334,-0.20317127,-0.15825462,0.24439967,0.7100737,0.0,0.0,0
180683103,-0.22803268,-0.15658304,0.24329714,0.7100737,0.0,0.0,0
180707735,-0.2898224,-0.16148303,0.24913885,0.7100737,0.0,0.0,0
180727492,-0.32056054,-0.15469408,0.24755223,0.7100737,0.0,0.0,0
180742264,-0.34651524,-0.13427372,0.23993076,0.7100737,0.0,0.0,0
180766838,-0.390535,-0.08137371,0.22532989,0.7100737,0.0,0.0,0
180786575,-0.42110473,-0.044170324,0.2100162,0.7100737,0.0,0.0,0
180806280,-0.44439977,-0.035214826,0.20046826,0.7100737,0.0,0.0,0
180825968,-0.4495112,-0.055207837,0.20528759,0.7100737,0.0,0.0,0
180845670,-0.44931936,-0.08698361,0.20775871,0.7100737,0.0,0.0,0
180865417,-0.45718697,-0.117646255,0.21029164,0.7100737,0.0,0.0,0
180885056,-0.45708898,-0.1355112,0.21187991,0.7100737,0.0,0.0,0
180904985,-0.42898303,-0.13476168,0.2068137,0.7100737,0.0,0.0,0
180924628,-0.39978597,-0.12610479,0.19722666,0.7100737,0.0,0.0,0
180949103,-0.38523093,-0.11363722,0.18805511,0.7100737,0.0,0.0,0
180963849,-0.36636633,-0.10713833,0.18823184,0.7100737,0.0,0.0,0
180983540,-0.3882081,-0.096807234,0.19001202,0.7100737,0.0,0.0,0
181008175,-0.42605105,-0.095098525,0.19447306,0.7100737,0.0,0.0,0
181022971,-0.45003626,-0.092330426,0.19526666,0.7100737,0.0,0.0,0
181042650,-0.4493239,-0.09509514,0.2168374,0.7100737,0.0,0.0,0
181067302,-0.44834787,-0.09071736,0.24680713,0.7100737,0.0,0.0,0
181086989,-0.42623824,-0.08718817,0.27296942,0.7100737,0.0,0.0,0
181106685,-0.4163053,-0.09655993,0.29113543,0.7100737,0.0,0.0,0
181126407,-0.40258315,-0.14188896,0.31651366,0.7100737,0.0,0.0,0
181146111,-0.40003523,-0.18537961,0.32855558,0.7088452,0.0,0.0,0
181165780,-0.39978048,-0.23133102,0.3349412,0.7076167,0.0,0.0,0
181185485,-0.3994007,-0.26103723,0.3420811,0.7076167,0.0,0.0,0
181205185,-0.3666942,-0.2863802,0.34449145,0.7076167,0.0,0.0,0
181224884,-0.33394668,-0.2977434,0.34322655,0.7063882,0.0,0.0,0
181244605,-0.32565233,-0.31706268,0.3444748,0.7063882,0.0,0.0,0
181264316,-0.30881688,-0.336789,0.3474376,0.7063882,0.0,0.0,0
181284011,-0.30317327,-0.34319064,0.35527968,0.7063882,0.0,0.0,0
181303764,-0.34132975,-0.33685476,0.36029446,0.7063882,0.0,0.0,0
181323658,-0.3715029,-0.33569726,0.36833447,0.7063882,0.0,0.0,0
181348041,-0.39791003,-0.3073289,0.36232463,0.7076167,0.0,0.0,0
181367726,-0.41936907,-0.26030296,0.35329866,0.7076167,0.0,0.0,0
181382487,-0.42585635,-0.22402312,0.34449324,0.7076167,0.0,0.0,0
181407127,-0.44120792,-0.17639823,0.31978664,0.7063882,0.0,0.0,0
181426823,-0.4480717,-0.17920549,0.3209962,0.7063882,0.0,0.0,0
181441594,-0.469741,-0.19046459,0.31361675,0.7063882,0.0,0.0,0
181466230,-0.46314895,-0.21856134,0.3077449,0.7063882,0.0,0.0,0
181485920,-0.46335906,-0.23464416,0.30231908,0.7063882,0.0,0.0,0
181505636,-0.4371795,-0.243061,0.2884934,0.7063882,0.0,0.0,0
181525367,-0.40751263,-0.23456118,0.2763277,0.7076167,0.0,0.0,0
181545049,-0.40280968,-0.22097427,0.2663524,0.7076167,0.0,0.0,0
181564731,-0.38644758,-0.20277289,0.25679106,0.7063882,0.0,0.0,0
181584448,-0.3751963,-0.18981056,0.24930057,0.7063882,0.0,0.0,0
181604130,-0.40160894,-0.1816441,0.24988544,0.7063882,0.0,0.0,0
181623834,-0.43343106,-0.17439868,0.24463531,0.7063882,0.0,0.0,0
181648498,-0.47287825,-0.16008371,0.23837166,0.7063882,0.0,0.0,0
181663246,-0.4885647,-0.1385959,0.23387344,0.7063882,0.0,0.0,0
181682936,-0.5092769,-0.098826066,0.22105345,0.7076167,0.0,0.0,0
181707588,-0.5092314,-0.057857037,0.2116943,0.7063882,0.0,0.0,0
181722627,-0.53075004,-0.060243025,0.19877839,0.7063882,0.0,0.0,0
181746998,-0.5279279,-0.09147088,0.20781119,0.7063882,0.0,0.0,0
181766667,-0.49418756,-0.12993605,0.21636812,0.7063882,0.0,0.0,0
181786365,-0.4924184,-0.16278386,0.22226885,0.7063882,0.0,0.0,0
181806073,-0.45958567,-0.1805134,0.22659855,0.7063882,0.0,0.0,0
181825771,-0.42417163,-0.1760249,0.22229737,0.7063882,0.0,0.0,0
181845482,-0.40929717,-0.16294847,0.21788363,0.7063882,0.0,0.0,0
181865178,-0.3927141,-0.1519884,0.2139722,0.7063882,0.0,0.0,0
181884884,-0.3688615,-0.14271982,0.20697866,0.7063882,0.0,0.0,0
181904581,-0.38527504,-0.13257486,0.20884758,0.7063882,0.0,0.0,0
181929255,-0.41784266,-0.13387707,0.21166302,0.7063882,0.0,0.0,0
181943979,-0.43169478,-0.12433718,0.21019879,0.7063882,0.0,0.0,0
181963679,-0.4486523,-0.09614602,0.20418145,0.70515966,0.0,0.0,0
181988303,-0.46761486,-0.03746987,0.19240174,0.7002457,0.0,0.0,0
182003079,-0.46853435,-0.0030493962,0.18285523,0.69901717,0.0,0.0,0
182022784,-0.46411255,0.018348418,0.17685184,0.69901717,0.0,0.0,0
182047404,-0.47014236,0.007214008,0.17715347,0.69287467,0.0,0.0,0
182067105,-0.4528859,-0.019220045,0.18397267,0.69287467,0.0,0.0,0
182081883,-0.4335382,-0.036789984,0.1907048,0.69164616,0.0,0.0,0
182106561,-0.41780692,-0.060702033,0.19317575,0.69164616,0.0,0.0,0
182126292,-0.37813273,-0.051990975,0.18911746,0.69164616,0.0,0.0,0
182145919,-0.35789412,-0.03571412,0.1845967,0.69164616,0.0,0.0,0
182165621,-0.34671944,-0.022919314,0.17845112,0.69164616,0.0,0.0,0
182185318,-0.32410815,-0.01692354,0.17653102,0.69041765,0.0,0.0,0
182205032,-0.32905394,-0.0146448435,0.17625837,0.69041765,0.0,0.0,0
182224758,-0.36934087,-0.010599839,0.17609172,0.69041765,0.0,0.0,0
182244454,-0.4057087,-0.015356201,0.17801961,0.69041765,0.0,0.0,0
182264151,-0.43455017,0.0004413465,0.17453657,0.69041765,0.0,0.0,0
182283873,-0.46916172,0.029378304,0.16723502,0.69041765,0.0,0.0,0
182303579,-0.4857166,0.065625235,0.15958388,0.69164616,0.0,0.0,0
182328184,-0.49553257,0.09042029,0.1524586,0.69164616,0.0,0.0,0
182347844,-0.50104636,0.080924235,0.15510651,0.69041765,0.0,0.0,0
182362629,-0.49795485,0.05656754,0.16231135,0.69041765,0.0,0.0,0
182387248,-0.45644894,0.005716276,0.17630965,0.69041765,0.0,0.0,0
182406968,-0.44040686,-0.03192171,0.18583311,0.69041765,0.0,0.0,0
182421745,-0.4110558,-0.050936118,0.18955734,0.69041765,0.0,0.0,0
182446348,-0.3565524,-0.057134442,0.18885565,0.69041765,0.0,0.0,0
182466054,-0.32436076,-0.05542062,0.18724616,0.69041765,0.0,0.0,0
182485758,-0.30091384,-0.052361637,0.18855068,0.69041765,0.0,0.0,0
182505538,-0.28999877,-0.04635943,0.1869885,0.69041765,0.0,0.0,0
182525191,-0.31933585,-0.041023057,0.18686832,0.69041765,0.0,0.0,0
182544874,-0.35957572,-0.043940265,0.18883787,0.69164616,0.0,0.0,0
182564558,-0.39104664,-0.041288946,0.18930778,0.69041765,0.0,0.0,0
182584267,-0.41738623,-0.017540637,0.18417989,0.69164616,0.0,0.0,0
182603969,-0.45145243,0.01815797,0.17296827,0.69164616,0.0,0.0,0
182628590,-0.46563956,0.05521612,0.16270937,0.69041765,0.0,0.0,0
182643374,-0.4696838,0.057835408,0.16196658,0.69041765,0.0,0.0,0
182663078,-0.47683272,0.037917227,0.16756016,0.69164616,0.0,0.0,0
182687731,-0.45718122,-0.0046908776,0.17879063,0.69164616,0.0,0.0,0
182702523,-0.42194945,-0.03780292,0.18637036,0.69164616,0.0,0.0,0
182727146,-0.39188972,-0.07959098,0.1951529,0.69164616,0.0,0.0,0
182746801,-0.35155645,-0.08945166,0.19528097,0.69041765,0.0,0.0,0
182766502,-0.3255398,-0.089809276,0.19117667,0.69041765,0.0,0.0,0
182786199,-0.3081235,-0.089979276,0.19313844,0.69041765,0.0,0.0,0
182805903,-0.2929035,-0.08781482,0.19195089,0.69041765,0.0,0.0,0
182825631,-0.31391415,-0.080348596,0.19151488,0.69041765,0.0,0.0,0
182845301,-0.3766458,-0.077495486,0.19391905,0.69041765,0.0,0.0,0
182865010,-0.43428144,-0.07764193,0.19681221,0.69164616,0.0,0.0,0
182884732,-0.47239175,-0.058502935,0.1935377,0.69041765,0.0,0.0,0
182904491,-0.51405907,-0.01700357,0.18617089,0.69164616,0.0,0.0,0
182924137,-0.5328241,0.037281793,0.17850628,0.69041765,0.0,0.0,0
182943825,-0.5432883,0.072544925,0.17021355,0.69041765,0.0,0.0,0
182968449,-0.5678992,0.084939316,0.16859387,0.69041765,0.0,0.0,0
182983219,-0.57865375,0.0724716,0.17510019,0.69041765,0.0,0.0,0
183002923,-0.58054054,0.048825394,0.1833304,0.69041765,0.0,0.0,0
183027535,-0.5765817,0.025888653,0.19328022,0.69041765,0.0,0.0,0
183047238,-0.55491996,0.017175717,0.19869147,0.69041765,0.0,0.0,0
183062020,-0.5410539,0.027148612,0.19555843,0.69041765,0.0,0.0,0
183086694,-0.53629285,0.049151246,0.19144171,0.69041765,0.0,0.0,0
183106396,-0.52743113,0.065283716,0.18630967,0.69164616,0.0,0.0,0
183126043,-0.5003572,0.077868685,0.18253708,0.69041765,0.0,0.0,0
183145747,-0.5262502,0.09273542,0.18029903,0.69041765,0.0,0.0,0
183165447,-0.5394863,0.0944695,0.18238793,0.69041765,0.0,0.0,0
183185146,-0.543877,0.10248155,0.17966476,0.69041765,0.0,0.0,0
183204871,-0.5513589,0.12979412,0.17031613,0.69041765,0.0,0.0,0
183224591,-0.5691986,0.17409013,0.15199855,0.69041765,0.0,0.0,0
183244272,-0.58112806,0.21991004,0.13452652,0.69041765,0.0,0.0,0
183263981,-0.5924574,0.24685316,0.12628512,0.69041765,0.0,0.0,0
183283710,-0.6131928,0.24610738,0.122386046,0.69041765,0.0,0.0,0
183308741,-0.62056196,0.22170566,0.13118602,0.69041765,0.0,0.0,0
183328008,-0.61772215,0.19676408,0.13553661,0.69041765,0.0,0.0,0
183342773,-0.6402099,0.18139938,0.14010921,0.69041765,0.0,0.0,0
183367395,-0.6322946,0.17537946,0.13748564,0.69041765,0.0,0.0,0
183387123,-0.6070565,0.17575096,0.13598411,0.69041765,0.0,0.0,0
183401871,-0.61232096,0.17422584,0.13627355,0.69041765,0.0,0.0,0
183426486,-0.6261243,0.17526126,0.13744867,0.69041765,0.0,0.0,0
183446196,-0.6417324,0.17768383,0.13614817,0.69041765,0.0,0.0,0
183465893,-0.6825907,0.17568013,0.13490139,0.69041765,0.0,0.0,0
183485650,-0.707349,0.16973385,0.13612394,0.69041765,0.0,0.0,0
183505353,-0.7128166,0.17653479,0.13039237,0.69041765,0.0,0.0,0
183525000,-0.7181834,0.20060296,0.120224975,0.69041765,0.0,0.0,0
183544698,-0.7198419,0.242997,0.09968814,0.69041765,0.0,0.0,0
183564400,-0.71712774,0.2748162,0.08396013,0.69041765,0.0,0.0,0
183584097,-0.7123732,0.2886213,0.081084855,0.69041765,0.0,0.0,0
183608735,-0.72116154,0.27446038,0.086217865,0.69041765,0.0,0.0,0
183623508,-0.7264107,0.25869784,0.09246072,0.69041765,0.0,0.0,0
183643199,-0.7261602,0.23257537,0.103626706,0.69041765,0.0,0.0,0
183667917,-0.74475384,0.22451985,0.10567821,0.69041765,0.0,0.0,0
183682682,-0.7350667,0.23422642,0.102228604,0.69041765,0.0,0.0,0
183707512,-0.71423006,0.25083318,0.09686912,0.69041765,0.0,0.0,0
183726968,-0.70113856,0.2586649,0.09467836,0.69041765,0.0,0.0,0
183746628,-0.6482921,0.26102385,0.09840025,0.69041765,0.0,0.0,0
183766330,-0.64698863,0.26189438,0.098179795,0.69041765,0.0,0.0,0
183786049,-0.64826876,0.25303334,0.10152661,0.69041765,0.0,0.0,0
183805736,-0.6394064,0.24928269,0.10372268,0.69041765,0.0,0.0,0
183825433,-0.6447621,0.26002738,0.0966408,0.6879607,0.0,0.0,0
183845136,-0.65922976,0.29402673,0.07981756,0.6879607,0.0,0.0,0
183864836,-0.65857536,0.32551643,0.06493904,0.6879607,0.0,0.0,0
183884561,-0.65223384,0.3364469,0.060919166,0.6879607,0.0,0.0,0
183904283,-0.6601073,0.3200732,0.06414096,0.6879607,0.0,0.0,0
183923938,-0.6629784,0.28825042,0.07648031,0.6879607,0.0,0.0,0
183948612,-0.62955064,0.252377,0.09342796,0.6879607,0.0,0.0,0
183963351,-0.62568784,0.23200192,0.10133439,0.6879607,0.0,0.0,0
183983049,-0.58815694,0.21825233,0.109097704,0.6879607,0.0,0.0,0
184007679,-0.5278046,0.21725743,0.11378056,0.6879607,0.0,0.0,0
184027372,-0.50140697,0.21063283,0.11776352,0.6879607,0.0,0.0,0
184042142,-0.4853027,0.2059537,0.12031256,0.6879607,0.0,0.0,0
184066862,-0.47882167,0.2049359,0.1210034,0.6879607,0.0,0.0,0
184087202,-0.5263795,0.2008068,0.11908765,0.6879607,0.0,0.0,0
184106206,-0.5756781,0.19236356,0.11879058,0.6879607,0.0,0.0,0
184125912,-0.6163216,0.19425206,0.1131338,0.6879607,0.0,0.0,0
184145611,-0.6556661,0.21897705,0.10136144,0.6879607,0.0,0.0,0
184165308,-0.67565846,0.2553045,0.08569104,0.6879607,0.0,0.0,0
184184988,-0.6790028,0.28023177,0.07796062,0.6879607,0.0,0.0,0
184204732,-0.6915202,0.28033036,0.07664613,0.6867322,0.0,0.0,0
184224414,-0.6930402,0.24992324,0.0867433,0.6879607,0.0,0.0,0
184244114,-0.672339,0.20638299,0.105000705,0.6879607,0.0,0.0,0
184263811,-0.6106679,0.16405436,0.1241412,0.6879607,0.0,0.0,0
184283530,-0.58045644,0.13356298,0.13587499,0.6879607,0.0,0.0,0
184308115,-0.50728625,0.12434316,0.14128503,0.6879607,0.0,0.0,0
184322890,-0.46420577,0.13062803,0.14084646,0.6879607,0.0,0.0,0
184347528,-0.42354515,0.13219853,0.144579,0.6879607,0.0,0.0,0
184367221,-0.40888464,0.13441616,0.14454484,0.6879607,0.0,0.0,0
184382012,-0.42935833,0.13781245,0.14025672,0.6879607,0.0,0.0,0
184406628,-0.49607685,0.13560815,0.14090596,0.6879607,0.0,0.0,0
184426323,-0.55306697,0.13386874,0.13937165,0.6879607,0.0,0.0,0
184446056,-0.6030612,0.14911845,0.13002466,0.6879607,0.0,0.0,0
184465812,-0.6400883,0.17598109,0.120563574,0.6879607,0.0,0.0,0
184485884,-0.6613369,0.20582186,0.10849296,0.6879607,0.0,0.0,0
184505129,-0.67486787,0.21058674,0.10324682,0.6879607,0.0,0.0,0
184524830,-0.6805869,0.19236258,0.11256631,0.6879607,0.0,0.0,0
184544524,-0.6817563,0.15065044,0.1259788,0.6879607,0.0,0.0,0
184564245,-0.6422407,0.102776624,0.1422233,0.6867322,0.0,0.0,0
184588853,-0.63184327,0.055379454,0.15625547,0.6879607,0.0,0.0,0
184603632,-0.62102795,0.044124737,0.157618,0.6879607,0.0,0.0,0
184623330,-0.60102934,0.04634842,0.15650615,0.6879607,0.0,0.0,0
184648015,-0.5592697,0.058496542,0.152642,0.6879607,0.0,0.0,0
184662768,-0.5364404,0.063694686,0.15116888,0.6879607,0.0,0.0,0
184682495,-0.49659073,0.06570248,0.1508962,0.6879607,0.0,0.0,0
184707100,-0.52229047,0.06761049,0.15010837,0.6879607,0.0,0.0,0
184726766,-0.5425653,0.06481692,0.15069571,0.6879607,0.0,0.0,0
184746467,-0.5476816,0.068234734,0.14968537,0.6879607,0.0,0.0,0
184766163,-0.562662,0.09687522,0.1403729,0.6879607,0.0,0.0,0
184785868,-0.5674482,0.13589631,0.12765409,0.6879607,0.0,0.0,0
184805588,-0.56506836,0.16831492,0.11716538,0.6879607,0.0,0.0,0
184825271,-0.5708733,0.17244405,0.11556866,0.6879607,0.0,0.0,0
184844997,-0.5631242,0.1513187,0.12290378,0.6879607,0.0,0.0,0
184865004,-0.5410989,0.1185367,0.13419206,0.6879607,0.0,0.0,0
184884627,-0.48148343,0.08562612,0.150754,0.6879607,0.0,0.0,0
184904100,-0.47281975,0.06684717,0.16155218,0.6879607,0.0,0.0,0
184928705,-0.42843026,0.06457882,0.17619142,0.6879607,0.0,0.0,0
184943480,-0.38806084,0.066927746,0.18416543,0.6867322,0.0,0.0,0
184963185,-0.3466416,0.071041435,0.18898639,0.6879607,0.0,0.0,0
184987803,-0.27473256,0.0718025,0.19771668,0.6867322,0.0,0.0,0
185007516,-0.28310794,0.07686318,0.19649804,0.6879607,0.0,0.0,0
185022279,-0.29180098,0.074906014,0.19934218,0.6867322,0.0,0.0,0
185046912,-0.30169997,0.06440705,0.20433755,0.6879607,0.0,0.0,0
185066637,-0.3092013,0.06686742,0.20386864,0.6879607,0.0,0.0,0
185081431,-0.32737142,0.07834938,0.20094599,0.6879607,0.0,0.0,0
185106060,-0.33771804,0.09931005,0.198373,0.6879607,0.0,0.0,0
185125773,-0.34300706,0.09696769,0.19887294,0.6867322,0.0,0.0,0
185145438,-0.35807812,0.062101286,0.20771654,0.6879607,0.0,0.0,0
185165108,-0.36141935,0.01021313,0.22085823,0.6879607,0.0,0.0,0
185184819,-0.33277628,-0.04145035,0.23231515,0.6867322,0.0,0.0,0
185204524,-0.30794254,-0.089572124,0.24183291,0.6879607,0.0,0.0,0
185224214,-0.27565512,-0.12502772,0.24707173,0.6867322,0.0,0.0,0
185243918,-0.22563504,-0.14599441,0.24732284,0.6867322,0.0,0.0,0
185263881,-0.18228668,-0.15855652,0.2460432,0.6867322,0.0,0.0,0
185288266,-0.18465832,-0.16208275,0.24677888,0.6879607,0.0,0.0,0
185303019,-0.1972313,-0.16174133,0.2477355,0.6879607,0.0,0.0,0
185327659,-0.2745035,-0.15204567,0.25223783,0.6867322,0.0,0.0,0
185347346,-0.35109827,-0.14952287,0.25796208,0.6879607,0.0,0.0,0
185362119,-0.4033873,-0.145743,0.26143605,0.6879607,0.0,0.0,0
185386772,-0.47813836,-0.11793601,0.26010603,0.6879607,0.0,0.0,0
185406458,-0.52636474,-0.08190492,0.25275227,0.6879607,0.0,0.0,0
185426157,-0.5593067,-0.054455005,0.24322799,0.6867322,0.0,0.0,0
185445852,-0.5782728,-0.05695889,0.24466708,0.6879607,0.0,0.0,0
185465581,-0.58716077,-0.0928396,0.25703502,0.6879607,0.0,0.0,0
185485279,-0.58376753,-0.14699185,0.2682465,0.6879607,0.0,0.0,0
185504965,-0.5315352,-0.20111157,0.27604848,0.6879607,0.0,0.0,0
185524661,-0.50621563,-0.24558835,0.28218022,0.6879607,0.0,0.0,0
185544364,-0.45331237,-0.27375567,0.28241885,0.6879607,0.0,0.0,0
185568986,-0.40095246,-0.27268288,0.27142876,0.6879607,0.0,0.0,0
185583767,-0.38584712,-0.27252272,0.2663764,0.6879607,0.0,0.0,0
185603468,-0.35758263,-0.27061298,0.25909388,0.6879607,0.0,0.0,0
185628125,-0.3620343,-0.26163235,0.26059103,0.6867322,0.0,0.0,0
185642927,-0.4128951,-0.25981432,0.26666984,0.6867322,0.0,0.0,0
185662853,-0.47553346,-0.26320592,0.27568066,0.6879607,0.0,0.0,0
185687214,-0.5297594,-0.25593552,0.28118253,0.6879607,0.0,0.0,0
185706897,-0.5781652,-0.22372456,0.27786186,0.6867322,0.0,0.0,0
185726599,-0.59681165,-0.19015412,0.2697201,0.6867322,0.0,0.0,0
185746292,-0.6081802,-0.17444524,0.2661645,0.6879607,0.0,0.0,0
185765996,-0.6323797,-0.17871296,0.2699285,0.6879607,0.0,0.0,0
185785694,-0.6462541,-0.20920874,0.28160596,0.6879607,0.0,0.0,0
185805397,-0.6285205,-0.24811697,0.29200023,0.6867322,0.0,0.0,0
185825112,-0.59662455,-0.2900085,0.30084285,0.6879607,0.0,0.0,0
185844810,-0.567087,-0.30916575,0.3018996,0.6879607,0.0,0.0,0
185864531,-0.5291921,-0.309701,0.29608664,0.6879607,0.0,0.0,0
185884209,-0.48896122,-0.30035713,0.28725725,0.6879607,0.0,0.0,0
185903908,-0.46015567,-0.29424503,0.28169122,0.6879607,0.0,0.0,0
185923605,-0.4103533,-0.29506063,0.27471316,0.6879607,0.0,0.0,0
185943316,-0.4231034,-0.28901562,0.27514738,0.6879607,0.0,0.0,0
185967953,-0.45780423,-0.28859696,0.27997202,0.6879607,0.0,0.0,0
185987639,-0.4674937,-0.2868752,0.2839775,0.6879607,0.0,0.0,0
186002416,-0.46568468,-0.2764584,0.28729573,0.6879607,0.0,0.0,0
186027033,-0.46304205,-0.2400384,0.29692876,0.6879607,0.0,0.0,0
186046782,-0.44467667,-0.221321,0.30292833,0.6879607,0.0,0.0,0
186062050,-0.45283154,-0.20275225,0.2994495,0.6879607,0.0,0.0,0
186086166,-0.43932933,-0.22057408,0.3280365,0.6879607,0.0,0.0,0
186105874,-0.44470462,-0.24271227,0.33503553,0.6879607,0.0,0.0,0
186125607,-0.4077349,-0.27325988,0.34732375,0.6879607,0.0,0.0,0
186145245,-0.4137093,-0.28951347,0.35534272,0.6879607,0.0,0.0,0
186164959,-0.3960108,-0.2851394,0.3516254,0.6879607,0.0,0.0,0
186184649,-0.35823116,-0.2664998,0.3449677,0.6867322,0.0,0.0,0
186204349,-0.33157954,-0.2519012,0.34402835,0.6879607,0.0,0.0,0
186224059,-0.3140822,-0.24501576,0.3402661,0.6879607,0.0,0.0,0
186243784,-0.28986874,-0.23427014,0.33473068,0.6879607,0.0,0.0,0
186268406,-0.32633778,-0.22296706,0.33669263,0.6867322,0.0,0.0,0
186283156,-0.34522936,-0.22314976,0.3389994,0.6867322,0.0,0.0,0
186307780,-0.36153576,-0.21277526,0.34131375,0.6879607,0.0,0.0,0
186327488,-0.38296193,-0.18723224,0.33747584,0.6879607,0.0,0.0,0
186342281,-0.39552373,-0.1606131,0.33196142,0.6879607,0.0,0.0,0
186366876,-0.40971488,-0.11891044,0.32166946,0.6867322,0.0,0.0,0
186386608,-0.42623684,-0.10652008,0.3188983,0.6879607,0.0,0.0,0
186406280,-0.44796494,-0.12603971,0.32623753,0.6879607,0.0,0.0,0
186425978,-0.46591526,-0.15439676,0.33582154,0.6879607,0.0,0.0,0
186445773,-0.48104483,-0.18291022,0.34541616,0.6879607,0.0,0.0,0
186465478,-0.51390976,-0.19828956,0.35380736,0.6879607,0.0,0.0,0
186485087,-0.511132,-0.1986161,0.35355705,0.6879607,0.0,0.0,0
186504796,-0.51039404,-0.18954855,0.35074446,0.6879607,0.0,0.0,0
186524485,-0.52350885,-0.17938033,0.34917653,0.6879607,0.0,0.0,0
186549129,-0.5023959,-0.1686258,0.34328613,0.6879607,0.0,0.0,0
186563896,-0.48455393,-0.16688862,0.341108,0.6867322,0.0,0.0,0
186583592,-0.48315424,-0.16371067,0.34003082,0.6867322,0.0,0.0,0
186608251,-0.4660507,-0.15584259,0.33596823,0.6879607,0.0,0.0,0
186623029,-0.44558784,-0.12553355,0.3246439,0.6867322,0.0,0.0,0
186642749,-0.43770114,-0.075340144,0.30969334,0.6867322,0.0,0.0,0
186667342,-0.4239022,0.005082407,0.28551453,0.6879607,0.0,0.0,0
186687024,-0.41025016,0.052294277,0.27100268,0.6879607,0.0,0.0,0
186706729,-0.407927,0.07214466,0.26488045,0.6867322,0.0,0.0,0
186726430,-0.40323973,0.06626015,0.26663432,0.6867322,0.0,0.0,0
186746129,-0.3799854,0.05605861,0.26928982,0.6879607,0.0,0.0,0
186765827,-0.39581692,0.050004933,0.2711928,0.6879607,0.0,0.0,0
186785531,-0.38372755,0.05469369,0.2696988,0.6879607,0.0,0.0,0
186805230,-0.35701624,0.07067243,0.26502627,0.6879607,0.0,0.0,0
186824941,-0.34395528,0.09057566,0.25937155,0.6879607,0.0,0.0,0
186844725,-0.33772284,0.100489885,0.256691,0.6879607,0.0,0.0,0
186864353,-0.32554522,0.10641248,0.25522697,0.6879607,0.0,0.0,0
186884035,-0.34293157,0.118291155,0.25149962,0.6879607,0.0,0.0,0
186903745,-0.37553534,0.11924139,0.25062746,0.6879607,0.0,0.0,0
186923452,-0.4103028,0.11875151,0.25016865,0.6879607,0.0,0.0,0
186948064,-0.4175317,0.14114791,0.25055915,0.6867322,0.0,0.0,0
186967759,-0.43955913,0.17767273,0.23847048,0.6867322,0.0,0.0,0
186982541,-0.44097468,0.20467946,0.23457871,0.6867322,0.0,0.0,0
187007163,-0.448527,0.21561575,0.23039703,0.6867322,0.0,0.0,0
187026875,-0.4571131,0.19483115,0.23729378,0.6867322,0.0,0.0,0
187041707,-0.45238,0.16687532,0.24718119,0.6867322,0.0,0.0,0
187066307,-0.41784608,0.113018945,0.2657242,0.6867322,0.0,0.0,0
187085995,-0.3926786,0.075186685,0.2774868,0.6867322,0.0,0.0,0
187105718,-0.34545705,0.059930626,0.28161764,0.6867322,0.0,0.0,0
187125390,-0.29499558,0.06382099,0.2803073,0.6867322,0.0,0.0,0
187145074,-0.26780394,0.06867314,0.27904007,0.6867322,0.0,0.0,0
187164783,-0.25696647,0.07508596,0.27747843,0.6867322,0.0,0.0,0
187184479,-0.26570663,0.08892836,0.27400824,0.6867322,0.0,0.0,0
187204176,-0.31519938,0.10043123,0.26779136,0.6867322,0.0,0.0,0
187223880,-0.37602237,0.11116929,0.26384667,0.6867322,0.0,0.0,0
187248764,-0.44398734,0.13310495,0.25321868,0.6867322,0.0,0.0,0
187263279,-0.48146534,0.16337456,0.24179012,0.6867322,0.0,0.0,0
187282976,-0.53771883,0.20546013,0.21731745,0.6867322,0.0,0.0,0
187307625,-0.57042927,0.24158014,0.19468394,0.6867322,0.0,0.0,0
187322378,-0.5813816,0.24762934,0.19152284,0.6867322,0.0,0.0,0
187347013,-0.5968675,0.22943756,0.1928939,0.6867322,0.0,0.0,0
187366714,-0.5782012,0.19461626,0.20729941,0.6867322,0.0,0.0,0
187386415,-0.5592785,0.1620347,0.21752498,0.6867322,0.0,0.0,0
187406117,-0.56159556,0.13925913,0.21162078,0.6867322,0.0,0.0,0
187425857,-0.5139184,0.12606801,0.21733642,0.6867322,0.0,0.0,0
187445560,-0.47607484,0.124947235,0.21566601,0.6867322,0.0,0.0,0
187465222,-0.4598569,0.12189448,0.21146552,0.6867322,0.0,0.0,0
187484962,-0.4297685,0.10997864,0.21301374,0.6867322,0.0,0.0,0
187504662,-0.46150398,0.11495989,0.20821685,0.6867322,0.0,0.0,0
187529289,-0.5295162,0.108025305,0.20896578,0.6867322,0.0,0.0,0
187544085,-0.5611693,0.1043957,0.20976825,0.6867322,0.0,0.0,0
187563721,-0.6058672,0.122044094,0.20269191,0.6867322,0.0,0.0,0
187588387,-0.6606965,0.17580083,0.1800225,0.6867322,0.0,0.0,0
187603122,-0.66929334,0.21403675,0.16378352,0.6867322,0.0,0.0,0
187622859,-0.6798852,0.25571635,0.14521986,0.6867322,0.0,0.0,0
187647492,-0.686376,0.26101494,0.14246261,0.6867322,0.0,0.0,0
187667180,-0.6712718,0.236952,0.15384352,0.6867322,0.0,0.0,0
187681958,-0.638397,0.21656454,0.16640365,0.6867322,0.0,0.0,0
187706582,-0.5837746,0.17859174,0.18703447,0.6867322,0.0,0.0,0
187726283,-0.53475845,0.15864027,0.19626863,0.6867322,0.0,0.0,0
187745963,-0.47263804,0.16672277,0.19828051,0.6867322,0.0,0.0,0
187765659,-0.429207,0.1764471,0.19743887,0.6867322,0.0,0.0,0
187785359,-0.4087577,0.17890997,0.19507037,0.6879607,0.0,0.0,0
187805064,-0.3860431,0.18530594,0.19690663,0.6867322,0.0,0.0,0
187824785,-0.40868422,0.19060922,0.20214383,0.6867322,0.0,0.0,0
187844490,-0.4376371,0.18421055,0.21896413,0.6867322,0.0,0.0,0
187864168,-0.46852082,0.18653888,0.22772734,0.6867322,0.0,0.0,0
187883861,-0.4888291,0.1913948,0.23684627,0.6867322,0.0,0.0,0
187903570,-0.52265215,0.21197647,0.22809656,0.6867322,0.0,0.0,0
187928194,-0.5338649,0.24537951,0.2199215,0.6879607,0.0,0.0,0
187947894,-0.54573995,0.23990937,0.22162315,0.6867322,0.0,0.0,0
187962668,-0.55076915,0.22291191,0.2282217,0.6867322,0.0,0.0,0
187987309,-0.5444676,0.16603103,0.25124776,0.6867322,0.0,0.0,0
188007023,-0.50397885,0.095293,0.2852125,0.6867322,0.0,0.0,0
188021865,-0.48889947,0.06284443,0.31796446,0.6867322,0.0,0.0,0
188046417,-0.4316189,0.029616052,0.34940773,0.6867322,0.0,0.0,0
188066099,-0.35736808,0.008039698,0.38208526,0.6867322,0.0,0.0,0
188085809,-0.3395079,-0.0010280252,0.38404202,0.6867322,0.0,0.0,0
188105536,-0.3040316,-0.023647074,0.3993277,0.6867322,0.0,0.0,0
188125232,-0.2745002,-0.032803986,0.40594298,0.6879607,0.0,0.0,0
188144939,-0.2849069,-0.040330205,0.40907776,0.6879607,0.0,0.0,0
188164599,-0.28789708,-0.0543328,0.41312632,0.6879607,0.0,0.0,0
188184303,-0.2695756,-0.052520186,0.41113156,0.6867322,0.0,0.0,0
188204028,-0.2695813,-0.03065079,0.40214977,0.6867322,0.0,0.0,0
188228660,-0.25977826,0.016817339,0.38863215,0.6867322,0.0,0.0,0
188243428,-0.2553856,0.037629034,0.37966427,0.6867322,0.0,0.0,0
188263115,-0.25845185,0.049402766,0.37621093,0.6867322,0.0,0.0,0
188287737,-0.26951048,0.02283758,0.38431478,0.6879607,0.0,0.0,0
188302527,-0.27218667,0.00240586,0.39016438,0.6879607,0.0,0.0,0
188327140,-0.28143388,-0.027666433,0.39896372,0.6867322,0.0,0.0,0
188346840,-0.2964698,-0.041038346,0.40353826,0.6867322,0.0,0.0,0
188366548,-0.2853143,-0.03696776,0.40172344,0.6867322,0.0,0.0,0
188386293,-0.2593734,-0.03168665,0.3988163,0.6867322,0.0,0.0,0
188406091,-0.2500093,-0.03156594,0.39522123,0.6867322,0.0,0.0,0
188425905,-0.22826646,-0.032704767,0.39434892,0.6867322,0.0,0.0,0
188445353,-0.24257368,-0.022803359,0.38925543,0.6867322,0.0,0.0,0
188465046,-0.27408162,-0.02032047,0.38713607,0.6867322,0.0,0.0,0
188484768,-0.2943174,-0.01849629,0.38765055,0.6867322,0.0,0.0,0
188504450,-0.30506423,0.0024597012,0.3758749,0.6867322,0.0,0.0,0
188524147,-0.31184968,0.03970537,0.36519855,0.6867322,0.0,0.0,0
188543882,-0.30655405,0.08661177,0.3508896,0.6867322,0.0,0.0,0
188568513,-0.29674646,0.119322546,0.34077138,0.6867322,0.0,0.0,0
188583288,-0.30503765,0.119794175,0.3405964,0.6867322,0.0,0.0,0
188602992,-0.3206587,0.10044932,0.34377596,0.6867322,0.0,0.0,0
188627610,-0.3161576,0.06375682,0.35214832,0.6867322,0.0,0.0,0
188647291,-0.33124512,0.039002825,0.3538261,0.6867322,0.0,0.0,0
188662078,-0.31292158,0.023701334,0.3578055,0.6867322,0.0,0.0,0
188686720,-0.28195286,0.028673073,0.35543466,0.6867322,0.0,0.0,0
188706389,-0.2662682,0.041480932,0.35148188,0.6867322,0.0,0.0,0
188726088,-0.24468699,0.050405495,0.3544897,0.6867322,0.0,0.0,0
188745792,-0.23395653,0.06295592,0.35072652,0.6867322,0.0,0.0,0
188765522,-0.25875977,0.07942498,0.34623697,0.6867322,0.0,0.0,0
188785197,-0.29278055,0.08616083,0.3445228,0.6867322,0.0,0.0,0
188805229,-0.322777,0.094644316,0.34209663,0.6867322,0.0,0.0,0
188824863,-0.34374627,0.12015516,0.3339308,0.6867322,0.0,0.0,0
188844293,-0.37171492,0.15731955,0.3212166,0.6867322,0.0,0.0,0
188864010,-0.38489583,0.19446272,0.30766544,0.6867322,0.0,0.0,0
188883719,-0.3832016,0.20895888,0.3023293,0.6867322,0.0,0.0,0
188903403,-0.37053126,0.19405614,0.31389245,0.6867322,0.0,0.0,0
188928048,-0.3416646,0.14705968,0.33089587,0.6867322,0.0,0.0,0
188942827,-0.30256927,0.1103471,0.3406191,0.6867322,0.0,0.0,0
188967439,-0.26002842,0.06586369,0.35589865,0.6867322,0.0,0.0,0
188987129,-0.20341049,0.053054813,0.3587532,0.6867322,0.0,0.0,0
189001945,-0.1505703,0.049886722,0.35875115,0.6867322,0.0,0.0,0
189026566,-0.08192033,0.039313193,0.3661203,0.6867322,0.0,0.0,0
189046273,-0.051088616,0.031989478,0.3551514,0.6867322,0.0,0.0,0
189065952,-0.035476908,0.029849617,0.35037264,0.6867322,0.0,0.0,0
189085671,-0.072406895,0.031662084,0.36996138,0.6867322,0.0,0.0,0
189105371,-0.106291555,0.027257679,0.37226194,0.6867322,0.0,0.0,0
189125062,-0.13554926,0.035609953,0.37098548,0.6867322,0.0,0.0,0
189144769,-0.17026635,0.061889272,0.36267972,0.6867322,0.0,0.0,0
189164447,-0.19377938,0.10778518,0.35060203,0.6867322,0.0,0.0,0
189184136,-0.20668536,0.14675899,0.339628,0.6867322,0.0,0.0,0
189208854,-0.21096723,0.15274243,0.33784395,0.6867322,0.0,0.0,0
189223991,-0.20741616,0.13505173,0.34296843,0.6867322,0.0,0.0,0
189243233,-0.197433,0.097200885,0.35349476,0.6805897,0.0,0.0,0
189267869,-0.17569642,0.044367768,0.3669632,0.6744472,0.0,0.0,0
189282649,-0.15689771,0.018791413,0.3726959,0.67199016,0.0,0.0,0
189307272,-0.11223532,0.002428999,0.36915085,0.67076164,0.0,0.0,0
189327021,-0.06880118,0.0017518136,0.36922437,0.67076164,0.0,0.0,0
189346697,-0.04749571,-0.0036243352,0.35882232,0.67076164,0.0,0.0,0
189366373,-0.04978005,-0.0023427245,0.3601608,0.67076164,0.0,0.0,0
189386077,-0.06672669,0.003059047,0.36598787,0.67076164,0.0,0.0,0
189405813,-0.10181543,0.007646898,0.3734881,0.67076164,0.0,0.0,0
189425513,-0.14715426,0.010509395,0.37432498,0.67076164,0.0,0.0,0
189445200,-0.17842081,0.029955493,0.37054822,0.67076164,0.0,0.0,0
189464896,-0.21247181,0.06871846,0.36118186,0.67076164,0.0,0.0,0
189484579,-0.24019095,0.1173576,0.34764352,0.67076164,0.0,0.0,0
189504312,-0.24527386,0.1445923,0.3395511,0.67076164,0.0,0.0,0
189524015,-0.24001126,0.14049059,0.34088132,0.67076164,0.0,0.0,0
189548659,-0.24051617,0.09636362,0.35375786,0.67076164,0.0,0.0,0
189563411,-0.23814723,0.06285714,0.36317053,0.67076164,0.0,0.0,0
189583130,-0.22364482,0.016611235,0.37802663,0.67076164,0.0,0.0,0
189607827,-0.20115197,-0.023271672,0.3902265,0.67076164,0.0,0.0,0
189627409,-0.1637489,-0.03731471,0.39211932,0.67076164,0.0,0.0,0
189642190,-0.14346412,-0.042063087,0.39214635,0.67076164,0.0,0.0,0
189666813,-0.12018174,-0.044536587,0.3944999,0.67076164,0.0,0.0,0
189686522,-0.08632099,-0.046277523,0.3952013,0.67076164,0.0,0.0,0
189706224,-0.083775684,-0.048898414,0.3971348,0.67076164,0.0,0.0,0
189725927,-0.10472335,-0.05537919,0.40498382,0.67076164,0.0,0.0,0
189745619,-0.1145735,-0.0643002,0.40737087,0.67076164,0.0,0.0,0
189765315,-0.10573427,-0.05577084,0.40484616,0.67076164,0.0,0.0,0
189785023,-0.108896464,-0.030829944,0.39983758,0.67076164,0.0,0.0,0
189804769,-0.11036499,0.0053203744,0.3921222,0.67076164,0.0,0.0,0
189824420,-0.10790421,0.025992237,0.38748732,0.67076164,0.0,0.0,0
189844123,-0.11600582,0.02127452,0.38876393,0.67076164,0.0,0.0,0
189863833,-0.12912862,-0.004059445,0.394885,0.67076164,0.0,0.0,0
189883522,-0.12654616,-0.035573922,0.40171215,0.67076164,0.0,0.0,0
189908153,-0.12517788,-0.06928393,0.40877894,0.67076164,0.0,0.0,0
189922937,-0.124921605,-0.07980223,0.41093096,0.67076164,0.0,0.0,0
189947593,-0.10180019,-0.081311986,0.4097214,0.67076164,0.0,0.0,0
189967256,-0.07934944,-0.083338104,0.4012168,0.67076164,0.0,0.0,0
189982370,-0.07784476,-0.08225732,0.4004206,0.67076164,0.0,0.0,0
190006761,-0.089782566,-0.08013846,0.4067491,0.67076164,0.0,0.0,0
190026392,-0.10197041,-0.08436666,0.41033646,0.67076164,0.0,0.0,0
190046093,-0.13740045,-0.09713918,0.4156585,0.67076164,0.0,0.0,0
190065799,-0.17091312,-0.11147255,0.42127812,0.67076164,0.0,0.0,0
190085506,-0.1881471,-0.11486741,0.42033222,0.67076164,0.0,0.0,0
190105168,-0.2097184,-0.09916241,0.41849813,0.67076164,0.0,0.0,0
190124880,-0.22913316,-0.07609645,0.41442344,0.67076164,0.0,0.0,0
190144571,-0.23464128,-0.07119422,0.41361153,0.67076164,0.0,0.0,0
190164263,-0.25363442,-0.09085935,0.41996726,0.67076164,0.0,0.0,0
190188918,-0.28184965,-0.13870181,0.43456036,0.67076164,0.0,0.0,0
190203713,-0.28357297,-0.17118534,0.44284016,0.67076164,0.0,0.0,0
190223400,-0.26371518,-0.21174608,0.45296848,0.67076164,0.0,0.0,0
190248022,-0.24115026,-0.25361562,0.45923263,0.67076164,0.0,0.0,0
190262788,-0.2031676,-0.26515117,0.45622718,0.67076164,0.0,0.0,0
190282472,-0.15598416,-0.2725411,0.45130512,0.67076164,0.0,0.0,0
190307104,-0.14434496,-0.2643018,0.4482325,0.67076164,0.0,0.0,0
190326801,-0.14673817,-0.25739482,0.4473412,0.67076164,0.0,0.0,0
190346502,-0.17677547,-0.24715836,0.44948092,0.67076164,0.0,0.0,0
190366203,-0.23906116,-0.24004565,0.45639995,0.67076164,0.0,0.0,0
190385983,-0.28562996,-0.23263563,0.4610545,0.67076164,0.0,0.0,0
190405709,-0.31235266,-0.20974419,0.45904902,0.67076164,0.0,0.0,0
190425313,-0.34369442,-0.1716193,0.4529992,0.67076164,0.0,0.0,0
190445004,-0.3583295,-0.13280307,0.44385567,0.67076164,0.0,0.0,0
190464710,-0.35959783,-0.11586676,0.43915057,0.67076164,0.0,0.0,0
190484439,-0.37327346,-0.1255288,0.44334263,0.67076164,0.0,0.0,0
190504173,-0.3866531,-0.1562437,0.45374697,0.67076164,0.0,0.0,0
190528774,-0.3677124,-0.20950788,0.46634096,0.67076164,0.0,0.0,0
190543517,-0.36053973,-0.24072699,0.4736662,0.67076164,0.0,0.0,0
190563209,-0.34485206,-0.2655681,0.4741276,0.67076164,0.0,0.0,0
190587866,-0.3009133,-0.27127245,0.46868938,0.67076164,0.0,0.0,0
190607569,-0.28419265,-0.26476517,0.4646825,0.67076164,0.0,0.0,0
190622315,-0.27744806,-0.2585422,0.46228433,0.67076164,0.0,0.0,0
190646948,-0.2563073,-0.25556803,0.45895755,0.67076164,0.0,0.0,0
190666657,-0.27962372,-0.24546725,0.45999116,0.67076164,0.0,0.0,0
190681415,-0.30488452,-0.24153198,0.46262407,0.67076164,0.0,0.0,0
190706052,-0.34101522,-0.2337889,0.46579626,0.67199016,0.0,0.0,0
190725750,-0.36032778,-0.2112076,0.46253064,0.67076164,0.0,0.0,0
190745448,-0.38264227,-0.16875966,0.45325148,0.67076164,0.0,0.0,0
190765152,-0.39599317,-0.13194476,0.43794772,0.67076164,0.0,0.0,0
190784973,-0.4031734,-0.10806367,0.42853925,0.67076164,0.0,0.0,0
190804574,-0.42608225,-0.10824759,0.4247116,0.67076164,0.0,0.0,0
190824260,-0.4334542,-0.13070586,0.4319795,0.67076164,0.0,0.0,0
190843955,-0.42846107,-0.16251948,0.43152583,0.67076164,0.0,0.0,0
190863666,-0.43698642,-0.19823515,0.43065494,0.67076164,0.0,0.0,0
190888279,-0.43214127,-0.21450587,0.41830224,0.67076164,0.0,0.0,0
190903060,-0.45087996,-0.21274902,0.38796967,0.67076164,0.0,0.0,0
190927721,-0.48198134,-0.20151657,0.3432931,0.67076164,0.0,0.0,0
190947407,-0.64535356,-0.2060784,0.22244723,0.67076164,0.0,0.0,0
190962206,-0.7376718,-0.18070473,0.15490553,0.67076164,0.0,0.0,0
190986822,-0.7864682,-0.18454729,0.11664263,0.67199016,0.0,0.0,0
191006489,-0.79805213,-0.18800165,0.11024594,0.67076164,0.0,0.0,0
191026189,-0.8212308,-0.18480472,0.09969486,0.67076164,0.0,0.0,0
191045892,-0.8251974,-0.16754404,0.09296603,0.67076164,0.0,0.0,0
191065596,-0.84907633,-0.1395556,0.07282339,0.67076164,0.0,0.0,0
191085290,-0.8594538,-0.104978226,0.054990426,0.67076164,0.0,0.0,0
191104997,-0.85965896,-0.08567652,0.047942195,0.67076164,0.0,0.0,0
191124691,-0.8678267,-0.09338285,0.051139813,0.67076164,0.0,0.0,0
191144394,-0.86573166,-0.12522155,0.06281053,0.67076164,0.0,0.0,0
191169155,-0.8047488,-0.21772087,0.100190654,0.67199016,0.0,0.0,0
191183883,-0.8031565,-0.2465729,0.118722975,0.67199016,0.0,0.0,0
191203503,-0.801705,-0.25247544,0.12122489,0.67199016,0.0,0.0,0
191228122,-0.7681591,-0.23977715,0.11334277,0.67076164,0.0,0.0,0
191242900,-0.74575794,-0.22969298,0.10744251,0.67076164,0.0,0.0,0
191262600,-0.7261478,-0.23203894,0.10932377,0.67076164,0.0,0.0,0
191287228,-0.66720307,-0.23675008,0.11084715,0.67076164,0.0,0.0,0
191306938,-0.675087,-0.2381723,0.1247843,0.67199016,0.0,0.0,0
191326646,-0.6863666,-0.23668715,0.13508901,0.67076164,0.0,0.0,0
191346332,-0.65658647,-0.2545545,0.16938739,0.67076164,0.0,0.0,0
191366087,-0.61356354,-0.2420125,0.19926284,0.67076164,0.0,0.0,0
191385775,-0.58427304,-0.22710253,0.21920896,0.67076164,0.0,0.0,0
191405434,-0.5656207,-0.19735458,0.22542354,0.67076164,0.0,0.0,0
191425138,-0.5717636,-0.17151049,0.21911018,0.67076164,0.0,0.0,0
191444900,-0.56495947,-0.17609714,0.23603804,0.67076164,0.0,0.0,0
191464567,-0.54417235,-0.19300984,0.25523147,0.67076164,0.0,0.0,0
191484267,-0.47768447,-0.22649193,0.2823552,0.67076164,0.0,0.0,0
191503985,-0.4821987,-0.23874672,0.28782922,0.67076164,0.0,0.0,0
191523641,-0.43034264,-0.24459796,0.29588157,0.67199016,0.0,0.0,0
191543342,-0.38371772,-0.2293362,0.28917453,0.67076164,0.0,0.0,0
191568489,-0.3720185,-0.20637964,0.27897695,0.67076164,0.0,0.0,0
191588131,-0.3475844,-0.1858461,0.274525,0.67076164,0.0,0.0,0
191602445,-0.32388914,-0.17394699,0.2693517,0.67076164,0.0,0.0,0
191627071,-0.34202096,-0.14723869,0.2708164,0.67076164,0.0,0.0,0
191646774,-0.3513024,-0.13468955,0.2746995,0.67076164,0.0,0.0,0
191661552,-0.36000842,-0.12028376,0.27452543,0.67076164,0.0,0.0,0
191686168,-0.35706234,-0.088122144,0.27814388,0.67076164,0.0,0.0,0
191705880,-0.35805932,-0.041777186,0.27431968,0.67076164,0.0,0.0,0
191725579,-0.3486676,0.0033348429,0.27296647,0.67076164,0.0,0.0,0
191745276,-0.33475128,0.027708115,0.27720958,0.67076164,0.0,0.0,0
191765019,-0.31591737,0.016590599,0.2965241,0.67076164,0.0,0.0,0
191784717,-0.27113333,-0.011058951,0.3326871,0.67076164,0.0,0.0,0
191804382,-0.21969178,-0.040826812,0.36113554,0.67076164,0.0,0.0,0
191824086,-0.20657514,-0.06909718,0.36910895,0.67076164,0.0,0.0,0
191843793,-0.15430786,-0.08465718,0.38182554,0.67076164,0.0,0.0,0
191868411,-0.12139737,-0.08409422,0.37926424,0.67076164,0.0,0.0,0
191883206,-0.10934927,-0.08259467,0.37795776,0.67076164,0.0,0.0,0
191902925,-0.09259223,-0.089274965,0.37844113,0.67076164,0.0,0.0,0
191927559,-0.08411407,-0.084358715,0.3766825,0.67076164,0.0,0.0,0
191942351,-0.098835446,-0.08092148,0.37992,0.67076164,0.0,0.0,0
191967180,-0.14641225,-0.07397393,0.38122573,0.67076164,0.0,0.0,0
191986685,-0.17417747,-0.06982784,0.38204148,0.67076164,0.0,0.0,0
192006323,-0.1868131,-0.047358137,0.38016123,0.67076164,0.0,0.0,0
192026022,-0.20725733,-0.0070378846,0.37073892,0.67076164,0.0,0.0,0
192045722,-0.21175197,0.027198402,0.36448112,0.67076164,0.0,0.0,0
192065428,-0.21093355,0.046459645,0.36174917,0.67076164,0.0,0.0,0
192085119,-0.21438754,0.034803435,0.36505628,0.67076164,0.0,0.0,0
192104834,-0.20673099,0.0006474679,0.37437427,0.67076164,0.0,0.0,0
192124528,-0.18159574,-0.036893472,0.38314193,0.67076164,0.0,0.0,0
192149151,-0.14930998,-0.070806086,0.38916776,0.67076164,0.0,0.0,0
192163953,-0.11053571,-0.07780925,0.3878395,0.67076164,0.0,0.0,0
192183656,-0.06020085,-0.077891245,0.3806178,0.67076164,0.0,0.0,0
192208255,-0.012199062,-0.06956194,0.35194978,0.67076164,0.0,0.0,0
192223033,0.009316549,-0.07001051,0.33984885,0.67076164,0.0,0.0,0
192242739,0.018170353,-0.064235635,0.3312065,0.67076164,0.0,0.0,0
192267354,-0.014998559,-0.052915066,0.3517577,0.67076164,0.0,0.0,0
192287060,-0.06880125,-0.046617165,0.37537068,0.67076164,0.0,0.0,0
192306769,-0.11038447,-0.041012004,0.37625092,0.67076164,0.0,0.0,0
192326460,-0.14534223,-0.01730693,0.37218735,0.67076164,0.0,0.0,0
192346424,-0.18136944,0.014440488,0.36553356,0.67076164,0.0,0.0,0
192366176,-0.20137087,0.03845064,0.359631,0.67076164,0.0,0.0,0
192385560,-0.21367037,0.0360515,0.36062336,0.67076164,0.0,0.0,0
192405290,-0.22989881,0.006425217,0.36947724,0.67076164,0.0,0.0,0
192424999,-0.23761275,-0.04054355,0.3828378,0.67076164,0.0,0.0,0
192444701,-0.23106463,-0.08957286,0.39541513,0.67076164,0.0,0.0,0
192464396,-0.20551644,-0.1360373,0.4047908,0.67076164,0.0,0.0,0
192484099,-0.16327667,-0.15915048,0.40574965,0.67076164,0.0,0.0,0
192503781,-0.11793257,-0.16142003,0.40465662,0.67076164,0.0,0.0,0
192523474,-0.10053649,-0.16033578,0.4028621,0.67076164,0.0,0.0,0
192548137,-0.088011965,-0.1540686,0.40319487,0.67076164,0.0,0.0,0
192567838,-0.09948304,-0.15220438,0.40389505,0.67076164,0.0,0.0,0
192582575,-0.12269482,-0.15136153,0.40588537,0.67076164,0.0,0.0,0
192607199,-0.18127178,-0.15336747,0.41193876,0.67076164,0.0,0.0,0
192626907,-0.2022407,-0.14198557,0.4174985,0.67076164,0.0,0.0,0
192641684,-0.22400065,-0.1188969,0.41415313,0.67076164,0.0,0.0,0
192666309,-0.2519817,-0.06255037,0.40154466,0.67076164,0.0,0.0,0
192686030,-0.2620436,-0.023561135,0.38786647,0.67076164,0.0,0.0,0
192705719,-0.26677164,-0.010400502,0.38432243,0.67076164,0.0,0.0,0
192725510,-0.28478238,-0.025084063,0.38644347,0.67076164,0.0,0.0,0
192745241,-0.2909025,-0.054495346,0.39859018,0.67076164,0.0,0.0,0
192765301,-0.2728439,-0.08924027,0.40707773,0.67076164,0.0,0.0,0
192784515,-0.2758154,-0.10792591,0.4121975,0.67076164,0.0,0.0,0
192804222,-0.25465238,-0.111585036,0.41130078,0.67076164,0.0,0.0,0
192823912,-0.22356747,-0.10391295,0.40365145,0.67076164,0.0,0.0,0
192848542,-0.18870956,-0.08320398,0.39547163,0.67076164,0.0,0.0,0
192863339,-0.17577618,-0.07317111,0.39216518,0.67076164,0.0,0.0,0
192883050,-0.16120757,-0.06748681,0.39007556,0.67076164,0.0,0.0,0
192907671,-0.17838466,-0.055685956,0.39123082,0.67076164,0.0,0.0,0
192922443,-0.195901,-0.056994814,0.39263508,0.67076164,0.0,0.0,0
192947068,-0.20239303,-0.053688813,0.392191,0.67076164,0.0,0.0,0
192966802,-0.207672,-0.036049373,0.38482693,0.67076164,0.0,0.0,0
192986444,-0.2084366,-0.010340095,0.3780946,0.67076164,0.0,0.0,0
193006147,-0.20513876,0.0042842086,0.37405592,0.67076164,0.0,0.0,0
193025856,-0.21344902,-0.0033221843,0.37627158,0.67076164,0.0,0.0,0
193045562,-0.23313875,-0.034244355,0.3764647,0.67076164,0.0,0.0,0
193065258,-0.23310414,-0.08541895,0.38917089,0.67076164,0.0,0.0,0
193084974,-0.24557817,-0.14394492,0.38276985,0.67076164,0.0,0.0,0
193104667,-0.30010104,-0.1923422,0.3585755,0.67076164,0.0,0.0,0
193124351,-0.36135283,-0.23723783,0.31322724,0.67076164,0.0,0.0,0
193144308,-0.450789,-0.2780504,0.2556027,0.67076164,0.0,0.0,0
193164013,-0.5330792,-0.29210392,0.19642968,0.67076164,0.0,0.0,0
193188388,-0.66964334,-0.28519994,0.084579945,0.67076164,0.0,0.0,0
193203163,-0.6928772,-0.26375476,0.07910805,0.67199016,0.0,0.0,0
193222858,-0.87842613,-0.2601526,0.1624361,0.67199016,0.0,0.0,0
193247520,-1.073484,-0.23280288,0.23896542,0.67076164,0.0,0.0,0
193267183,-1.0987625,-0.16289012,0.22570823,0.67199016,0.0,0.0,0
193281955,-1.1098244,-0.14297432,0.22128029,0.67199016,0.0,0.0,0
193306614,-1.1310749,-0.076283514,0.21059634,0.67076164,0.0,0.0,0
193326323,-1.2217305,-0.03710126,0.25757307,0.67199016,0.0,0.0,0
193346049,-1.2217305,-0.029205833,0.30871177,0.67199016,0.0,0.0,0
193365772,-1.2217305,-0.05385373,0.3653834,0.67199016,0.0,0.0,0
193385414,-1.2217305,-0.08483275,0.42450067,0.67076164,0.0,0.0,0
193405115,-1.2217305,-0.14526524,0.39585274,0.67199016,0.0,0.0,0
193424838,-1.2217305,-0.17771906,0.3942145,0.67199016,0.0,0.0,0
193444523,-1.2217305,-0.18913998,0.36556092,0.67199016,0.0,0.0,0
193464257,-1.2217305,-0.19892144,0.3388839,0.67199016,0.0,0.0,0
193483898,-1.2217305,-0.19332582,0.32082525,0.67199016,0.0,0.0,0
193503616,-1.2217305,-0.19325249,0.2944088,0.67199016,0.0,0.0,0
193528247,-1.2217305,-0.18282089,0.2939033,0.67199016,0.0,0.0,0
193548010,-1.2217305,-0.17453052,0.31351903,0.67199016,0.0,0.0,0
193562725,-1.2217305,-0.17080313,0.32108358,0.67199016,0.0,0.0,0
193587347,-1.2217305,-0.1439599,0.3313931,0.67199016,0.0,0.0,0
193607025,-1.2217305,-0.10741934,0.33871365,0.67199016,0.0,0.0,0
193621817,-1.2217305,-0.07255997,0.33420023,0.67199016,0.0,0.0,0
193646447,-1.2217305,-0.034644317,0.32530966,0.67199016,0.0,0.0,0
193666134,-1.2217305,-0.03390753,0.31931219,0.67199016,0.0,0.0,0
193685840,-1.2217305,-0.05288479,0.30938536,0.67199016,0.0,0.0,0
193705538,-1.2217305,-0.084861316,0.28676173,0.67199016,0.0,0.0,0
193725233,-1.2217305,-0.12659205,0.2650307,0.67199016,0.0,0.0,0
193744972,-1.2217305,-0.15221226,0.24750997,0.67199016,0.0,0.0,0
193764643,-1.2217305,-0.15798564,0.21768835,0.67199016,0.0,0.0,0
193784339,-1.2217305,-0.14865832,0.1857622,0.67199016,0.0,0.0,0
193804039,-1.2217305,-0.13489896,0.1634815,0.67199016,0.0,0.0,0
193828668,-1.2217305,-0.12797727,0.12142652,0.67199016,0.0,0.0,0
193843460,-1.2217305,-0.119354,0.12472531,0.67199016,0.0,0.0,0
193863193,-1.2217305,-0.10785732,0.14475276,0.67199016,0.0,0.0,0
193887800,-1.2217305,-0.09990862,0.1632247,0.67199016,0.0,0.0,0
193902582,-1.2217305,-0.08988709,0.17333744,0.67199016,0.0,0.0,0
193927216,-1.2217305,-0.047283377,0.19017603,0.67199016,0.0,0.0,0
193946955,-1.2217305,-0.0113185635,0.19256282,0.67199016,0.0,0.0,0
193966575,-1.2217305,0.0071604545,0.19547577,0.67199016,0.0,0.0,0
193986280,-1.2217305,0.0033273757,0.19735427,0.67199016,0.0,0.0,0
194005980,-1.2217305,-0.026772229,0.19251639,0.67199016,0.0,0.0,0
194025687,-1.2217305,-0.06251881,0.17758907,0.67199016,0.0,0.0,0
194045380,-1.2217305,-0.09491731,0.15666379,0.67199016,0.0,0.0,0
194065080,-1.2217305,-0.108017795,0.13537039,0.67199016,0.0,0.0,0
194084801,-1.2217305,-0.09580284,0.10325833,0.67199016,0.0,0.0,0
194104485,-1.2217305,-0.07408339,0.07982407,0.67199016,0.0,0.0,0
194124215,-1.2217305,-0.04503826,0.06455622,0.67199016,0.0,0.0,0
194143947,-1.2217305,-0.020512616,0.021477405,0.67199016,0.0,0.0,0
194168520,-1.2217305,0.0018276862,-0.007751953,0.67199016,0.0,0.0,0
194183290,-1.2217305,0.0031989445,-0.016509002,0.67199016,0.0,0.0,0
194202999,-1.2217305,0.0045625214,-0.039141886,0.67199016,0.0,0.0,0
194227606,-1.2217305,0.02763023,-0.06884392,0.67199016,0.0,0.0,0
194247311,-1.2217305,0.055040304,-0.08341498,0.67199016,0.0,0.0,0
194262125,-1.2217305,0.07420928,-0.09272065,0.67199016,0.0,0.0,0
194286771,-1.2217305,0.08506494,-0.10151479,0.67199016,0.0,0.0,0
194306455,-1.2217305,0.053461567,-0.11034685,0.67199016,0.0,0.0,0
194326229,-1.2217305,0.00507836,-0.13198152,0.67199016,0.0,0.0,0
194345970,-1.2217305,-0.04095708,-0.1695282,0.67199016,0.0,0.0,0
194365531,-1.2217305,-0.07784167,-0.20202233,0.67199016,0.0,0.0,0
194385222,-1.2217305,-0.101023704,-0.22750513,0.67199016,0.0,0.0,0
194404938,-1.2164515,-0.10004345,-0.25975803,0.67199016,0.0,0.0,0
194424659,-1.1576936,-0.08027217,-0.2959009,0.67199016,0.0,0.0,0
194444325,-1.1096058,-0.054212745,-0.31956935,0.67199016,0.0,0.0,0
194464023,-1.0278499,-0.020023555,-0.36068884,0.67199016,0.0,0.0,0
194483733,-1.0715271,-0.015402943,-0.33530635,0.67199016,0.0,0.0,0
194503434,-1.1298673,-0.018211745,-0.30497897,0.67199016,0.0,0.0,0
194528090,-1.1786242,-0.018109685,-0.27964622,0.67199016,0.0,0.0,0
194542882,-1.2138667,-0.0050597345,-0.262164,0.67199016,0.0,0.0,0
194567452,-1.2217305,0.014617806,-0.23388973,0.67199016,0.0,0.0,0
194587156,-1.2217305,0.03587263,-0.22290131,0.67199016,0.0,0.0,0
194601932,-1.2217305,0.035639416,-0.22067027,0.67199016,0.0,0.0,0
194626561,-1.2217305,0.0064033554,-0.23479262,0.67199016,0.0,0.0,0
194646258,-1.2068491,-0.029063445,-0.26800334,0.67199016,0.0,0.0,0
194665969,-1.0824785,-0.04720764,-0.33444044,0.67199016,0.0,0.0,0
194685663,-0.9759738,-0.043092795,-0.38665104,0.67199016,0.0,0.0,0
194705400,-0.8995652,-0.03785504,-0.42615807,0.67199016,0.0,0.0,0
194725145,-0.82137537,-0.0009818174,-0.46133107,0.67199016,0.0,0.0,0
194744789,-0.7376195,0.051641796,-0.49630907,0.67199016,0.0,0.0,0
194764468,-0.6744511,0.1000699,-0.5208201,0.67199016,0.0,0.0,0
194784173,-0.5870479,0.16012797,-0.5548126,0.67199016,0.0,0.0,0
194808815,-0.6074426,0.18222262,-0.5393244,0.67199016,0.0,0.0,0
194823628,-0.61438864,0.18319082,-0.53049755,0.67199016,0.0,0.0,0
194843303,-0.61778927,0.185681,-0.52909595,0.67199016,0.0,0.0,0
194867926,-0.5942508,0.21120265,-0.5179839,0.67199016,0.0,0.0,0
194882679,-0.59583485,0.22725408,-0.5141586,0.67199016,0.0,0.0,0
194902388,-0.5472061,0.2532446,-0.5114839,0.67199016,0.0,0.0,0
194927028,-0.4941821,0.24722412,-0.5174439,0.67199016,0.0,0.0,0
194946708,-0.44675738,0.21162462,-0.5327238,0.67199016,0.0,0.0,0
194966397,-0.36775085,0.17348023,-0.5590435,0.67199016,0.0,0.0,0
194986136,-0.24808154,0.15354125,-0.6074359,0.67199016,0.0,0.0,0
195005813,-0.14704147,0.14459765,-0.6484424,0.67199016,0.0,0.0,0
195025507,-0.01785012,0.18808529,-0.656699,0.67199016,0.0,0.0,0
195045203,0.057849064,0.22170348,-0.6824103,0.67199016,0.0,0.0,0
195064914,0.13042653,0.26990888,-0.7124625,0.67199016,0.0,0.0,0
195089631,0.12668729,0.290991,-0.7364799,0.67199016,0.0,0.0,0
195104315,0.1323563,0.29202026,-0.7389805,0.67199016,0.0,0.0,0
195124093,0.066852696,0.2705768,-0.74519545,0.67199016,0.0,0.0,0
195148646,-0.010627483,0.21855958,-0.7497902,0.67199016,0.0,0.0,0
195163413,-0.05712838,0.19575508,-0.75440323,0.67199016,0.0,0.0,0
195183117,-0.12005104,0.18068379,-0.7482469,0.67199016,0.0,0.0,0
195207743,-0.19902302,0.18907389,-0.72312427,0.67199016,0.0,0.0,0
195227442,-0.21629986,0.20901994,-0.71707815,0.67199016,0.0,0.0,0
195242216,-0.21617773,0.22604711,-0.71053797,0.67199016,0.0,0.0,0
195266906,-0.19021614,0.21441992,-0.72602516,0.67199016,0.0,0.0,0
195286605,-0.1294138,0.20578216,-0.759498,0.67199016,0.0,0.0,0
195306299,-0.025843568,0.21800347,-0.80259347,0.67199016,0.0,0.0,0
195325975,0.04052611,0.22362769,-0.83660686,0.67199016,0.0,0.0,0
195345653,0.12656775,0.25505257,-0.8667856,0.67199016,0.0,0.0,0
195365368,0.197961,0.30706665,-0.87266463,0.67199016,0.0,0.0,0
195385048,0.24651335,0.34982622,-0.87266463,0.67199016,0.0,0.0,0
195404793,0.26720124,0.37603194,-0.8685366,0.67199016,0.0,0.0,0
195424454,0.35572183,0.37721,-0.7723025,0.67199016,0.0,0.0,0
195444158,0.32499564,0.38903543,-0.76775336,0.67199016,0.0,0.0,0
195463858,0.37868437,0.4071229,-0.6889129,0.67199016,0.0,0.0,0
195483552,0.30745018,0.35829103,-0.6782305,0.67199016,0.0,0.0,0
195508441,0.27092907,0.37035286,-0.6488737,0.67199016,0.0,0.0,0
195523053,0.22172563,0.37748328,-0.64216286,0.67199016,0.0,0.0,0
195547590,0.21625237,0.3918161,-0.6032287,0.67199016,0.0,0.0,0
195567289,0.22560306,0.37188143,-0.5812945,0.67199016,0.0,0.0,0
195582088,0.23886472,0.3448133,-0.57517415,0.67199016,0.0,0.0,0
195606706,0.27682686,0.3042738,-0.5797461,0.67199016,0.0,0.0,0
195626388,0.30080855,0.2748534,-0.5839517,0.67199016,0.0,0.0,0
195646107,0.3469879,0.25647104,-0.5903688,0.67199016,0.0,0.0,0
195665792,0.41007432,0.25987324,-0.5884182,0.67199016,0.0,0.0,0
195685524,0.45790234,0.2773336,-0.58309615,0.67199016,0.0,0.0,0
195705257,0.49207792,0.29838437,-0.5764805,0.67199016,0.0,0.0,0
195724975,0.5019864,0.3147272,-0.56946653,0.67199016,0.0,0.0,0
195744600,0.45140454,0.321956,-0.57719415,0.67076164,0.0,0.0,0
195764292,0.40249985,0.32501557,-0.58707535,0.67199016,0.0,0.0,0
195788961,0.3304457,0.31442523,-0.5968709,0.67199016,0.0,0.0,0
195803737,0.2861777,0.31253347,-0.598869,0.67199016,0.0,0.0,0
195823428,0.23103178,0.32074484,-0.59754556,0.67199016,0.0,0.0,0
195848051,0.16675505,0.34617373,-0.5875674,0.67199016,0.0,0.0,0
195862821,0.11861992,0.35165927,-0.5746106,0.67199016,0.0,0.0,0
195887853,0.078798346,0.33421823,-0.5708528,0.67199016,0.0,0.0,0
195907460,0.06347407,0.29615635,-0.5834864,0.67076164,0.0,0.0,0
195926853,0.07733241,0.25819,-0.61047125,0.67199016,0.0,0.0,0
195946530,0.13549381,0.23318358,-0.6446615,0.67199016,0.0,0.0,0
195966231,0.17217739,0.21712391,-0.67639315,0.67199016,0.0,0.0,0
195985938,0.21548887,0.22605753,-0.7059571,0.67199016,0.0,0.0,0
196005640,0.23729967,0.23965158,-0.7262829,0.67199016,0.0,0.0,0
196025339,0.25365338,0.2576113,-0.7455894,0.67199016,0.0,0.0,0
196045034,0.23087373,0.2827699,-0.76292324,0.67199016,0.0,0.0,0
196064747,0.20069526,0.2814595,-0.75473005,0.67199016,0.0,0.0,0
196084439,0.15356137,0.25880775,-0.7405929,0.67199016,0.0,0.0,0
196104177,0.10005333,0.23451224,-0.7259815,0.67199016,0.0,0.0,0
196128774,0.033374004,0.2268449,-0.6986216,0.67199016,0.0,0.0,0
196143546,-0.014323284,0.22520156,-0.67506856,0.67199016,0.0,0.0,0
196163243,-0.06385848,0.24056396,-0.6472122,0.67199016,0.0,0.0,0
196187873,-0.0977397,0.25443378,-0.6299426,0.67199016,0.0,0.0,0
196207575,-0.11583305,0.23597464,-0.6271486,0.67199016,0.0,0.0,0
196222360,-0.11062709,0.21049754,-0.6350946,0.67199016,0.0,0.0,0
196247000,-0.0578307,0.18003936,-0.668079,0.67199016,0.0,0.0,0
196266703,0.010640831,0.18134946,-0.7022035,0.67199016,0.0,0.0,0
196286712,0.07509323,0.19655737,-0.7319404,0.67199016,0.0,0.0,0
196306519,0.13165146,0.23338248,-0.7530254,0.67199016,0.0,0.0,0
196325776,0.1929272,0.27998024,-0.77407175,0.67199016,0.0,0.0,0
196345478,0.2302828,0.3163009,-0.7847318,0.67199016,0.0,0.0,0
196365180,0.22273292,0.33307618,-0.7767523,0.67199016,0.0,0.0,0
196384879,0.21953633,0.34456253,-0.76767665,0.67199016,0.0,0.0,0
196404579,0.1925619,0.33769032,-0.7504201,0.67199016,0.0,0.0,0
196424289,0.13961914,0.31270954,-0.7265967,0.67199016,0.0,0.0,0
196443985,0.090667054,0.29641047,-0.70074695,0.67199016,0.0,0.0,0
196463680,0.03173972,0.28969365,-0.66998863,0.67199016,0.0,0.0,0
196483380,-0.025588121,0.28737074,-0.63948333,0.67199016,0.0,0.0,0
196503116,-0.047292713,0.28066254,-0.6229901,0.67199016,0.0,0.0,0
196527723,-0.02793042,0.25129792,-0.6219091,0.67199016,0.0,0.0,0
196547410,0.011446127,0.21142994,-0.6353706,0.67199016,0.0,0.0,0
196562181,0.045320906,0.18721831,-0.6574658,0.67199016,0.0,0.0,0
196586823,0.16642426,0.16291763,-0.69861114,0.67199016,0.0,0.0,0
196606532,0.22603878,0.15520266,-0.73088175,0.67199016,0.0,0.0,0
196626222,0.30327725,0.16998637,-0.74193376,0.67199016,0.0,0.0,0
196645926,0.3571893,0.17077643,-0.7297816,0.67199016,0.0,0.0,0
196665644,0.37957695,0.1684872,-0.7211425,0.67199016,0.0,0.0,0
196685544,0.39222184,0.15628976,-0.70226586,0.67199016,0.0,0.0,0
196705391,0.42900044,0.1655354,-0.683455,0.67199016,0.0,0.0,0
196724761,0.4162727,0.14676276,-0.66686857,0.67199016,0.0,0.0,0
196744421,0.3565779,0.12223425,-0.66936046,0.67199016,0.0,0.0,0
196769057,0.32531756,0.12308657,-0.6460909,0.67199016,0.0,0.0,0
196783825,0.27382028,0.13016595,-0.64072263,0.67199016,0.0,0.0,0
196803522,0.21653022,0.15307531,-0.6258262,0.67199016,0.0,0.0,0
196828147,0.1535908,0.16230111,-0.59680563,0.67076164,0.0,0.0,0
196842925,0.11903952,0.1473847,-0.5824632,0.67199016,0.0,0.0,0
196862631,0.10619029,0.11185622,-0.5829987,0.67076164,0.0,0.0,0
196887292,0.14717007,0.07686411,-0.6101205,0.67076164,0.0,0.0,0
196906988,0.2014978,0.051913716,-0.634773,0.67199016,0.0,0.0,0
196926668,0.31574664,0.05237113,-0.6220251,0.67199016,0.0,0.0,0
196946353,0.45053983,0.059048414,-0.5767357,0.67199016,0.0,0.0,0
196966056,0.47923788,0.056977704,-0.57220376,0.67199016,0.0,0.0,0
196985782,0.58793455,0.046966273,-0.5191626,0.67199016,0.0,0.0,0
197005464,0.63678545,0.038717184,-0.48140955,0.67199016,0.0,0.0,0
197025163,0.67196363,0.038343634,-0.44924223,0.67199016,0.0,0.0,0
197044873,0.646222,0.03403884,-0.43397486,0.67199016,0.0,0.0,0
197064566,0.57715535,0.025207888,-0.43354866,0.67199016,0.0,0.0,0
197084775,0.5930714,0.0061164997,-0.3840525,0.67076164,0.0,0.0,0
197104233,0.57319504,0.020779392,-0.3541068,0.67199016,0.0,0.0,0
197123670,0.53707266,0.033249225,-0.3295334,0.67076164,0.0,0.0,0
197143365,0.50188506,0.03703104,-0.325174,0.67076164,0.0,0.0,0
197168019,0.5061299,0.015351328,-0.31583604,0.67076164,0.0,0.0,0
197187699,0.5133436,-0.019399922,-0.32685694,0.67076164,0.0,0.0,0
197202495,0.52990294,-0.04533784,-0.33326486,0.67076164,0.0,0.0,0
197227125,0.58161306,-0.08003378,-0.3454652,0.67076164,0.0,0.0,0
197246830,0.6717598,-0.08493166,-0.3456454,0.67076164,0.0,0.0,0
197261618,0.73493844,-0.083552666,-0.3324419,0.67199016,0.0,0.0,0
197286231,0.77634364,-0.07202642,-0.33126172,0.67199016,0.0,0.0,0
197305933,0.8292538,-0.061889365,-0.32518944,0.67199016,0.0,0.0,0
197325632,0.8160573,-0.052550618,-0.32000184,0.67076164,0.0,0.0,0
197345302,0.79895633,-0.04513403,-0.3154907,0.67076164,0.0,0.0,0
197365007,0.75981784,-0.046150707,-0.31312764,0.67076164,0.0,0.0,0
197384720,0.70183706,-0.050277513,-0.3107519,0.67076164,0.0,0.0,0
197404412,0.6608353,-0.038268697,-0.303503,0.67199016,0.0,0.0,0
197424130,0.61210304,-0.018123263,-0.2934848,0.67076164,0.0,0.0,0
197443816,0.56468713,0.006827988,-0.27708465,0.67076164,0.0,0.0,0
197468428,0.5387476,0.013908255,-0.26541474,0.67076164,0.0,0.0,0
197483675,0.5393444,-0.0058599887,-0.25768027,0.67076164,0.0,0.0,0
197502948,0.54405594,-0.04138764,-0.25869054,0.67076164,0.0,0.0,0
197527547,0.55005145,-0.09242421,-0.2623449,0.67076164,0.0,0.0,0
197542314,0.5682299,-0.11446205,-0.27044937,0.67076164,0.0,0.0,0
197566941,0.6829013,-0.13458164,-0.2557749,0.67076164,0.0,0.0,0
197586676,0.7094362,-0.13754933,-0.25801298,0.67076164,0.0,0.0,0
197606343,0.7680065,-0.14126913,-0.24110633,0.67076164,0.0,0.0,0
197626060,0.80486304,-0.1327329,-0.23523435,0.67076164,0.0,0.0,0
197645772,0.77079964,-0.12801635,-0.22745277,0.67076164,0.0,0.0,0
197665482,0.74783355,-0.124844015,-0.22433314,0.67076164,0.0,0.0,0
197685204,0.69992715,-0.12903923,-0.22187433,0.67076164,0.0,0.0,0
197704881,0.6279331,-0.13538013,-0.21806583,0.67076164,0.0,0.0,0
197724551,0.57269853,-0.121048346,-0.20942782,0.67076164,0.0,0.0,0
197749176,0.48401335,-0.078342564,-0.19211441,0.67076164,0.0,0.0,0
197763949,0.43519884,-0.046202857,-0.18191108,0.67076164,0.0,0.0,0
197783676,0.39532915,-0.013421801,-0.17303778,0.67076164,0.0,0.0,0
197808276,0.34675196,-0.012758732,-0.17191303,0.67076164,0.0,0.0,0
197823064,0.33065936,-0.030889941,-0.17526643,0.67076164,0.0,0.0,0
197842758,0.32293886,-0.060013406,-0.18078268,0.67076164,0.0,0.0,0
197867399,0.36161777,-0.0908469,-0.18873484,0.67076164,0.0,0.0,0
197887169,0.4245202,-0.089810684,-0.19182955,0.67076164,0.0,0.0,0
197906794,0.4895871,-0.06896688,-0.18994796,0.67076164,0.0,0.0,0
197926494,0.5308989,-0.0417639,-0.18427362,0.67076164,0.0,0.0,0
197946192,0.5622327,-0.0197183,-0.17890607,0.67076164,0.0,0.0,0
197965885,0.5349213,-0.0019909001,-0.1730088,0.67076164,0.0,0.0,0
197985585,0.5243855,0.021497896,-0.16607577,0.67076164,0.0,0.0,0
198005307,0.48288855,0.033865374,-0.16232987,0.67076164,0.0,0.0,0
198024994,0.41479418,0.035941917,-0.16161607,0.67076164,0.0,0.0,0
198044691,0.36418897,0.049854606,-0.15848795,0.67199016,0.0,0.0,0
198064437,0.3162409,0.074664764,-0.15371755,0.67199016,0.0,0.0,0
198084126,0.26614895,0.10416791,-0.14909337,0.67076164,0.0,0.0,0
198103807,0.24164551,0.11675651,-0.14759392,0.67076164,0.0,0.0,0
198123497,0.22058924,0.09683212,-0.15175767,0.67076164,0.0,0.0,0
198148119,0.21455334,0.03626512,-0.16184562,0.67076164,0.0,0.0,0
198167828,0.2257616,-0.013605597,-0.16990757,0.67076164,0.0,0.0,0
198182643,0.2512695,-0.0455628,-0.1757276,0.67076164,0.0,0.0,0
198207247,0.33910057,-0.07109241,-0.18362705,0.67076164,0.0,0.0,0
198226955,0.38384682,-0.07372048,-0.18616691,0.67076164,0.0,0.0,0
198241775,0.40344867,-0.0726671,-0.18683036,0.67076164,0.0,0.0,0
198266399,0.44096118,-0.06504442,-0.18672913,0.67076164,0.0,0.0,0
198286104,0.435937,-0.055575736,-0.18422022,0.67076164,0.0,0.0,0
198305740,0.42269984,-0.051796045,-0.18006325,0.67076164,0.0,0.0,0
198325438,0.3755689,-0.056002717,-0.18196002,0.67076164,0.0,0.0,0
198345156,0.32026732,-0.057058863,-0.18010119,0.67076164,0.0,0.0,0
198364830,0.2773796,-0.039700903,-0.1754674,0.67076164,0.0,0.0,0
198384533,0.2206941,-0.006393953,-0.16867113,0.67199016,0.0,0.0,0
198404241,0.17410772,0.028939664,-0.16307613,0.67199016,0.0,0.0,0
198423930,0.14118096,0.043110184,-0.16130935,0.67199016,0.0,0.0,0
198448560,0.11222243,0.015000154,-0.16491489,0.67076164,0.0,0.0,0
198463372,0.11450904,-0.017065465,-0.16866124,0.67076164,0.0,0.0,0
198483064,0.13908833,-0.061213467,-0.17444973,0.67076164,0.0,0.0,0
198507667,0.18018742,-0.11070239,-0.17977345,0.67076164,0.0,0.0,0
198522439,0.20704754,-0.12437443,-0.18591073,0.67076164,0.0,0.0,0
198547075,0.25027227,-0.12692621,-0.18895566,0.67076164,0.0,0.0,0
198566773,0.2813076,-0.12701,-0.19093601,0.67076164,0.0,0.0,0
198586468,0.31566697,-0.12501147,-0.19278187,0.67199016,0.0,0.0,0
198606168,0.33078286,-0.12478695,-0.19371553,0.67199016,0.0,0.0,0
198625911,0.33137923,-0.12758775,-0.19429308,0.67199016,0.0,0.0,0
198645614,0.32245684,-0.13692316,-0.19546106,0.67199016,0.0,0.0,0
198665376,0.30805486,-0.13557608,-0.19421801,0.67076164,0.0,0.0,0
198685040,0.29781896,-0.11368475,-0.18960667,0.67076164,0.0,0.0,0
198704682,0.26768523,-0.07696815,-0.18162738,0.67076164,0.0,0.0,0
198724372,0.24748363,-0.034999546,-0.17384794,0.67076164,0.0,0.0,0
198744098,0.22551975,-0.012496209,-0.16971819,0.67076164,0.0,0.0,0
198763776,0.19613172,-0.021474496,-0.17059521,0.67076164,0.0,0.0,0
198788401,0.17538412,-0.062205944,-0.17579809,0.67076164,0.0,0.0,0
198803187,0.16363586,-0.089486435,-0.17891853,0.67076164,0.0,0.0,0
198822876,0.1777239,-0.121784866,-0.18381853,0.67076164,0.0,0.0,0
198847519,0.23775905,-0.13026012,-0.18868557,0.67076164,0.0,0.0,0
198867228,0.27387267,-0.1134474,-0.18816254,0.67076164,0.0,0.0,0
198882001,0.28898075,-0.09824607,-0.18635698,0.67076164,0.0,0.0,0
198906649,0.30871758,-0.077264786,-0.18348677,0.67076164,0.0,0.0,0
198926309,0.28106722,-0.06400404,-0.17991772,0.67076164,0.0,0.0,0
198946009,0.24524373,-0.052617054,-0.1793913,0.67199016,0.0,0.0,0
198965717,0.15163,-0.048255667,-0.19459918,0.67076164,0.0,0.0,0
198985411,-0.047792997,-0.049328484,-0.19932146,0.67199016,0.0,0.0,0
199005110,-0.23158213,-0.03415315,-0.16221067,0.67076164,0.0,0.0,0
199024837,-0.30090436,-0.0053527397,-0.1285808,0.67076164,0.0,0.0,0
199044509,-0.4699555,0.025300479,-0.1102619,0.67199016,0.0,0.0,0
199064332,-0.572053,0.036026336,-0.107579224,0.67076164,0.0,0.0,0
199083950,-0.62778986,0.015793195,-0.1142884,0.67199016,0.0,0.0,0
199103654,-0.6430968,-0.025774004,-0.1366761,0.67199016,0.0,0.0,0
199128274,-0.599065,-0.074614406,-0.19233765,0.67199016,0.0,0.0,0
199147950,-0.59715235,-0.10602481,-0.21898787,0.67199016,0.0,0.0,0
199162721,-0.62546176,-0.10954323,-0.25529495,0.67199016,0.0,0.0,0
199187374,-0.56841415,-0.09415216,-0.30497813,0.67199016,0.0,0.0,0
199207057,-0.53362274,-0.081416264,-0.33452055,0.67199016,0.0,0.0,0
199221827,-0.4904731,-0.06975972,-0.35461444,0.67199016,0.0,0.0,0
199246481,-0.4170863,-0.04313016,-0.39606175,0.67199016,0.0,0.0,0
199266217,-0.48071817,-0.057989743,-0.36572796,0.67199016,0.0,0.0,0
199285885,-0.5445921,-0.0794459,-0.3416282,0.67199016,0.0,0.0,0
199305599,-0.5939686,-0.096086025,-0.3242432,0.67199016,0.0,0.0,0
199325271,-0.65846026,-0.094816744,-0.29667142,0.67199016,0.0,0.0,0
199344962,-0.7086931,-0.08240978,-0.2717673,0.67199016,0.0,0.0,0
199364660,-0.73644274,-0.064816326,-0.25698456,0.67199016,0.0,0.0,0
199384357,-0.75694436,-0.07063371,-0.24758232,0.67199016,0.0,0.0,0
199404070,-0.7616422,-0.10404054,-0.25092727,0.67199016,0.0,0.0,0
199428686,-0.7110044,-0.16097866,-0.28108868,0.67199016,0.0,0.0,0
199443501,-0.63385206,-0.18227217,-0.32265556,0.67199016,0.0,0.0,0
199463240,-0.56957555,-0.19765215,-0.35979488,0.67199016,0.0,0.0,0
199487790,-0.4892829,-0.19018835,-0.3998219,0.67199016,0.0,0.0,0
199502571,-0.45004216,-0.1728954,-0.42034435,0.67199016,0.0,0.0,0
199527192,-0.38972056,-0.13576546,-0.4511294,0.67199016,0.0,0.0,0
199546889,-0.34643155,-0.108099334,-0.46927145,0.67199016,0.0,0.0,0
199566593,-0.3126202,-0.076015584,-0.48589155,0.67199016,0.0,0.0,0
199586288,-0.35610396,-0.07138468,-0.46534887,0.67199016,0.0,0.0,0
199605988,-0.40446836,-0.079656065,-0.44227603,0.67199016,0.0,0.0,0
199625699,-0.43911386,-0.07810151,-0.42511484,0.67199016,0.0,0.0,0
199645453,-0.4839452,-0.061951913,-0.40043724,0.67199016,0.0,0.0,0
199665129,-0.5268667,-0.03720183,-0.37682986,0.67199016,0.0,0.0,0
199684818,-0.5495696,-0.012374313,-0.36304644,0.67199016,0.0,0.0,0
199704537,-0.56081516,-0.010954513,-0.35737503,0.67199016,0.0,0.0,0
199724225,-0.55947095,-0.039586723,-0.3641521,0.67199016,0.0,0.0,0
199743928,-0.5270351,-0.07952568,-0.38503304,0.67199016,0.0,0.0,0
199768571,-0.4302291,-0.11304392,-0.43750277,0.67199016,0.0,0.0,0
199783298,-0.3879348,-0.13004361,-0.46106073,0.67199016,0.0,0.0,0
199803041,-0.32573643,-0.13044417,-0.49482992,0.67199016,0.0,0.0,0
199827634,-0.2576425,-0.101608954,-0.5307034,0.67199016,0.0,0.0,0
199847662,-0.21696411,-0.069106854,-0.55615765,0.67199016,0.0,0.0,0
199862199,-0.18035083,-0.045457415,-0.5708853,0.67199016,0.0,0.0,0
199886744,-0.16100438,-0.012815301,-0.5817891,0.67199016,0.0,0.0,0
199906432,-0.1961849,-0.013497633,-0.56636125,0.67199016,0.0,0.0,0
199926145,-0.23215406,-0.024101758,-0.54993814,0.67076164,0.0,0.0,0
199945839,-0.2804649,-0.028534878,-0.5311729,0.67199016,0.0,0.0,0
199965553,-0.3408099,-0.021547964,-0.5020993,0.67199016,0.0,0.0,0
199985243,-0.40656802,-0.0054026903,-0.4722914,0.67199016,0.0,0.0,0
200004943,-0.43928793,0.012594407,-0.45373243,0.67199016,0.0,0.0,0
200024643,-0.46180123,0.0079607405,-0.44818488,0.67199016,0.0,0.0,0
200044369,-0.45622116,-0.021622635,-0.45523292,0.67199016,0.0,0.0,0
200064069,-0.41840592,-0.05864687,-0.47970566,0.67199016,0.0,0.0,0
200083789,-0.33765987,-0.08019964,-0.52395284,0.67199016,0.0,0.0,0
200103449,-0.26824507,-0.09355416,-0.5611272,0.67199016,0.0,0.0,0
200128086,-0.16042718,-0.06547465,-0.6144424,0.67199016,0.0,0.0,0
200142863,-0.10430186,-0.03224492,-0.6421595,0.67199016,0.0,0.0,0
200167509,-0.05320173,0.01135795,-0.6652329,0.67199016,0.0,0.0,0
200187200,-0.026547058,0.03714096,-0.6738819,0.67199016,0.0,0.0,0
200202000,-0.01696094,0.05376478,-0.675694,0.67199016,0.0,0.0,0
200226674,-0.06265899,0.053084183,-0.65164626,0.67199016,0.0,0.0,0
200246537,-0.12724426,0.030457925,-0.6253228,0.67199016,0.0,0.0,0
200265984,-0.19280273,0.016350817,-0.5972608,0.67199016,0.0,0.0,0
200285675,-0.26451623,0.013796136,-0.5611321,0.67199016,0.0,0.0,0
200305388,-0.33833763,0.020037787,-0.52366066,0.67199016,0.0,0.0,0
200325085,-0.3837833,0.031512916,-0.5020474,0.67199016,0.0,0.0,0
200344784,-0.40096965,0.028510991,-0.4941991,0.67199016,0.0,0.0,0
200364480,-0.39554727,0.0022328647,-0.50114715,0.67199016,0.0,0.0,0
200384190,-0.3531691,-0.02683878,-0.5272474,0.67199016,0.0,0.0,0
200408823,-0.24677366,-0.035416093,-0.58238536,0.67199016,0.0,0.0,0
200423580,-0.18889697,-0.03387833,-0.6118542,0.67199016,0.0,0.0,0
200443311,-0.10429976,-0.0049901465,-0.6498837,0.67199016,0.0,0.0,0
200467911,-0.01058847,0.05688992,-0.68652385,0.67199016,0.0,0.0,0
200482691,0.027948212,0.09017322,-0.699522,0.67199016,0.0,0.0,0
200502393,0.0563252,0.12434607,-0.70700777,0.67199016,0.0,0.0,0
200527033,0.043401767,0.15195563,-0.6945351,0.67199016,0.0,0.0,0
200546731,-0.01188987,0.14896291,-0.66686416,0.67199016,0.0,0.0,0
200566418,-0.07861233,0.1322982,-0.6364068,0.67199016,0.0,0.0,0
200586127,-0.14976922,0.1206846,-0.60301876,0.67199016,0.0,0.0,0
200605921,-0.22417668,0.12104103,-0.5657852,0.67199016,0.0,0.0,0
200625651,-0.3234237,0.12726176,-0.52550375,0.67199016,0.0,0.0,0
200645605,-0.37418,0.13610533,-0.49934053,0.67199016,0.0,0.0,0
200664930,-0.4559856,0.12632541,-0.48723406,0.67199016,0.0,0.0,0
200684658,-0.46457982,0.094909504,-0.49071926,0.67199016,0.0,0.0,0
200704359,-0.4309667,0.058151536,-0.5137244,0.67199016,0.0,0.0,0
200724059,-0.35606268,0.03900311,-0.5566843,0.67199016,0.0,0.0,0
200748654,-0.28642374,0.024348296,-0.5966833,0.67199016,0.0,0.0,0
200763424,-0.2429966,0.040380165,-0.6181678,0.67199016,0.0,0.0,0
200783132,-0.192705,0.07510864,-0.6396265,0.67199016,0.0,0.0,0
200807768,-0.15971917,0.11079788,-0.6545107,0.67199016,0.0,0.0,0
200827480,-0.14202254,0.13886599,-0.6628758,0.67199016,0.0,0.0,0
200842264,-0.13746491,0.15915413,-0.6633139,0.67199016,0.0,0.0,0
200866860,-0.18490282,0.15616633,-0.6397072,0.67199016,0.0,0.0,0
200886593,-0.22228566,0.14631784,-0.62537163,0.67199016,0.0,0.0,0
200906264,-0.26147056,0.14796294,-0.60791075,0.67199016,0.0,0.0,0
200925970,-0.32373992,0.15233536,-0.57576114,0.67199016,0.0,0.0,0
200945669,-0.38120112,0.1693257,-0.54690313,0.67199016,0.0,0.0,0
200965372,-0.41340744,0.1856999,-0.52836597,0.67199016,0.0,0.0,0
200985067,-0.43913427,0.18014996,-0.5191679,0.67199016,0.0,0.0,0
201004777,-0.4402846,0.15410925,-0.5258273,0.67199016,0.0,0.0,0
201024972,-0.411799,0.12336161,-0.54553664,0.67199016,0.0,0.0,0
201044435,-0.34309214,0.11212815,-0.58176637,0.67199016,0.0,0.0,0
201063877,-0.32314438,0.095355354,-0.59699696,0.67199016,0.0,0.0,0
201083564,-0.29001692,0.101420395,-0.6125435,0.67199016,0.0,0.0,0
201108202,-0.23429516,0.13595715,-0.6318407,0.67199016,0.0,0.0,0
201123002,-0.21129727,0.15902568,-0.63875467,0.67199016,0.0,0.0,0
201147632,-0.18679787,0.19422178,-0.6440842,0.67199016,0.0,0.0,0
201167327,-0.18971896,0.21786025,-0.63989854,0.67199016,0.0,0.0,0
201182122,-0.21272637,0.22148946,-0.6275797,0.67199016,0.0,0.0,0
201206713,-0.26663363,0.21426229,-0.604575,0.67199016,0.0,0.0,0
201226436,-0.2943066,0.22203124,-0.5846262,0.67199016,0.0,0.0,0
201246130,-0.35126495,0.23375732,-0.5540825,0.67199016,0.0,0.0,0
201265805,-0.39939326,0.2594712,-0.525718,0.67199016,0.0,0.0,0
201285508,-0.42830148,0.28077304,-0.5076284,0.67199016,0.0,0.0,0
201305216,-0.45201814,0.27666986,-0.49699205,0.67199016,0.0,0.0,0
201324923,-0.4483335,0.25061312,-0.50403506,0.67199016,0.0,0.0,0
201344618,-0.4106459,0.2231755,-0.5277985,0.67199016,0.0,0.0,0
201364312,-0.3361127,0.21185628,-0.56647396,0.67199016,0.0,0.0,0
201388933,-0.2489887,0.2084517,-0.610644,0.67199016,0.0,0.0,0
201403769,-0.1944416,0.2299117,-0.6333335,0.67199016,0.0,0.0,0
201423670,-0.14031462,0.26478645,-0.6528992,0.67199016,0.0,0.0,0
201448044,-0.1015215,0.295296,-0.6657418,0.67199016,0.0,0.0,0
201462844,-0.09902392,0.31179124,-0.66813755,0.67199016,0.0,0.0,0
201482511,-0.09874338,0.3281011,-0.66454667,0.67199016,0.0,0.0,0
201507144,-0.15923786,0.3153172,-0.63933194,0.67199016,0.0,0.0,0
201526840,-0.20881918,0.29517528,-0.61897177,0.67199016,0.0,0.0,0
201546552,-0.25650486,0.2879398,-0.59699893,0.67199016,0.0,0.0,0
201566247,-0.3327826,0.28946307,-0.5661589,0.67199016,0.0,0.0,0
201585941,-0.39234847,0.3073922,-0.53823197,0.67199016,0.0,0.0,0
201605650,-0.44005394,0.32330903,-0.521268,0.67199016,0.0,0.0,0
201625377,-0.47688082,0.31437674,-0.51239085,0.67199016,0.0,0.0,0
201645067,-0.5113046,0.28547838,-0.5228841,0.67199016,0.0,0.0,0
201664805,-0.46892124,0.2573739,-0.54937947,0.67199016,0.0,0.0,0
201684478,-0.435039,0.25126612,-0.5886928,0.67199016,0.0,0.0,0
201704188,-0.3972574,0.24337848,-0.61392695,0.67199016,0.0,0.0,0
201723852,-0.3344255,0.26758394,-0.64022565,0.67199016,0.0,0.0,0
201743555,-0.27093348,0.3099134,-0.6652846,0.67199016,0.0,0.0,0
201763248,-0.21772657,0.35480678,-0.68421054,0.67199016,0.0,0.0,0
201787880,-0.17614977,0.40401244,-0.6960604,0.67199016,0.0,0.0,0
201807618,-0.1940785,0.41630468,-0.6838873,0.67199016,0.0,0.0,0
201822661,-0.25197402,0.3975905,-0.6616029,0.67199016,0.0,0.0,0
201846984,-0.3392668,0.35596263,-0.62512416,0.67199016,0.0,0.0,0
201866713,-0.41608244,0.33534083,-0.59162974,0.67199016,0.0,0.0,0
201881460,-0.48630062,0.3221157,-0.5599781,0.67199016,0.0,0.0,0
201906094,-0.5794846,0.32585904,-0.51412904,0.67076164,0.0,0.0,0
201925793,-0.6220459,0.3322577,-0.49250975,0.67076164,0.0,0.0,0
201945488,-0.6430572,0.32016984,-0.4850813,0.67076164,0.0,0.0,0
201965191,-0.6234132,0.29335093,-0.50001705,0.67076164,0.0,0.0,0
201984898,-0.57945883,0.26048115,-0.5279929,0.67076164,0.0,0.0,0
202004613,-0.4939103,0.25226212,-0.5739922,0.67076164,0.0,0.0,0
202024325,-0.4361139,0.25140217,-0.60270756,0.67076164,0.0,0.0,0
202043993,-0.36831757,0.28582647,-0.63645554,0.67076164,0.0,0.0,0
202063708,-0.3119371,0.34126908,-0.65952206,0.67076164,0.0,0.0,0
202088338,-0.27637488,0.3964708,-0.6692764,0.67076164,0.0,0.0,0
202103145,-0.26956072,0.4175728,-0.6676508,0.67076164,0.0,0.0,0
202127758,-0.30783036,0.43998513,-0.6561379,0.67076164,0.0,0.0,0
202147448,-0.36352676,0.42641503,-0.63148737,0.67076164,0.0,0.0,0
202162195,-0.41831124,0.39649424,-0.61635035,0.67076164,0.0,0.0,0
202186829,-0.48773327,0.38299277,-0.5849873,0.67076164,0.0,0.0,0
202206607,-0.54044515,0.38696685,-0.5549565,0.67076164,0.0,0.0,0
202226306,-0.58809644,0.4001015,-0.52876973,0.67076164,0.0,0.0,0
202245929,-0.608468,0.410715,-0.515777,0.67076164,0.0,0.0,0
202265648,-0.61649466,0.3993127,-0.5130952,0.67076164,0.0,0.0,0
202285328,-0.5912932,0.3647311,-0.53301996,0.67076164,0.0,0.0,0
202305042,-0.5338833,0.33773133,-0.56704575,0.67076164,0.0,0.0,0
202324741,-0.43121216,0.34372345,-0.6139209,0.67076164,0.0,0.0,0
202344433,-0.3667945,0.34832254,-0.64497495,0.67076164,0.0,0.0,0
202369061,-0.28102535,0.3861524,-0.67679644,0.67076164,0.0,0.0,0
202383833,-0.2371986,0.41860512,-0.6911352,0.67076164,0.0,0.0,0
202403558,-0.18070118,0.4653416,-0.7082179,0.67076164,0.0,0.0,0
202428182,-0.12807621,0.5196622,-0.7211958,0.67076164,0.0,0.0,0
202442935,-0.14049576,0.53418165,-0.71129614,0.67076164,0.0,0.0,0
202462639,-0.20286624,0.51311374,-0.68504643,0.67076164,0.0,0.0,0
202487263,-0.2740205,0.48108804,-0.65716547,0.67076164,0.0,0.0,0
202506967,-0.33079168,0.4698116,-0.63151264,0.67076164,0.0,0.0,0
202526698,-0.40076855,0.45982006,-0.5991629,0.67076164,0.0,0.0,0
202546406,-0.44654033,0.47242385,-0.5734483,0.67076164,0.0,0.0,0
202566093,-0.47361726,0.47848567,-0.56103283,0.67076164,0.0,0.0,0
202585802,-0.49139014,0.45552012,-0.5580008,0.67076164,0.0,0.0,0
202605559,-0.4823057,0.42057282,-0.57320994,0.67076164,0.0,0.0,0
202625200,-0.44874734,0.3921601,-0.6012474,0.67076164,0.0,0.0,0
202644886,-0.3885033,0.3937481,-0.64291114,0.67076164,0.0,0.0,0
202664576,-0.36500221,0.39034644,-0.6686391,0.67076164,0.0,0.0,0
202684283,-0.31977043,0.4106656,-0.6865968,0.67076164,0.0,0.0,0
202703983,-0.31152534,0.4300494,-0.71106946,0.67076164,0.0,0.0,0
202723676,-0.28126708,0.4600037,-0.72994334,0.67076164,0.0,0.0,0
202743377,-0.24026205,0.49472737,-0.7446361,0.67076164,0.0,0.0,0
202768011,-0.24941082,0.5048792,-0.74194,0.67076164,0.0,0.0,0
202787711,-0.29500592,0.48241717,-0.7249317,0.67076164,0.0,0.0,0
202802509,-0.32754117,0.4680084,-0.71154314,0.67076164,0.0,0.0,0
202827116,-0.3730871,0.46645722,-0.69028664,0.67076164,0.0,0.0,0
202846807,-0.4238467,0.4701967,-0.66388077,0.67076164,0.0,0.0,0
202861607,-0.4535168,0.48143,-0.6465244,0.67199016,0.0,0.0,0
202886204,-0.4795143,0.49267578,-0.6310735,0.67076164,0.0,0.0,0
202905916,-0.48358867,0.47646886,-0.6330641,0.67076164,0.0,0.0,0
202925625,-0.45111406,0.4519087,-0.6561159,0.67076164,0.0,0.0,0
202945313,-0.37575898,0.4396821,-0.68989116,0.67076164,0.0,0.0,0
202965027,-0.26677692,0.44823635,-0.726077,0.67076164,0.0,0.0,0
202984717,-0.21890064,0.44346812,-0.75242245,0.67076164,0.0,0.0,0
203004492,-0.11418624,0.4825392,-0.77874017,0.67076164,0.0,0.0,0
203024111,0.010961074,0.5430739,-0.7948876,0.67076164,0.0,0.0,0
203043818,0.17167974,0.61841565,-0.7758354,0.67076164,0.0,0.0,0
203068472,0.29444158,0.6186063,-0.7341313,0.67076164,0.0,0.0,0
203083246,0.34789965,0.57786876,-0.6766075,0.67076164,0.0,0.0,0
203102952,0.34173635,0.5402972,-0.6517797,0.67076164,0.0,0.0,0
203127554,0.32974425,0.49796897,-0.6268583,0.67076164,0.0,0.0,0
203142316,0.32508212,0.49849713,-0.6091389,0.67076164,0.0,0.0,0
203166949,0.26094174,0.49078113,-0.5956718,0.67076164,0.0,0.0,0
203186700,0.24802741,0.49334913,-0.5650993,0.67076164,0.0,0.0,0
203206383,0.2131302,0.47829112,-0.5666379,0.67076164,0.0,0.0,0
203226066,0.257442,0.40867504,-0.5509386,0.67076164,0.0,0.0,0
203245755,0.33932278,0.32159403,-0.5349193,0.67076164,0.0,0.0,0
203265461,0.44005957,0.24328347,-0.5161175,0.67076164,0.0,0.0,0
203285149,0.55370915,0.1466986,-0.49588096,0.67076164,0.0,0.0,0
203304867,0.8844169,-0.020108718,-0.39610335,0.67076164,0.0,0.0,0
203324560,0.93099564,-0.021238659,-0.40096477,0.67076164,0.0,0.0,0
203349180,1.1936733,-0.13647845,-0.3148813,0.67076164,0.0,0.0,0
203363955,1.2217305,-0.14699332,-0.31609917,0.67076164,0.0,0.0,0
203383695,1.2135916,-0.14350404,-0.30559868,0.67076164,0.0,0.0,0
203408639,1.1663369,-0.16951406,-0.31023455,0.67076164,0.0,0.0,0
203423062,1.1073445,-0.16695102,-0.30067074,0.67076164,0.0,0.0,0
203442786,1.014796,-0.18140274,-0.29727712,0.67076164,0.0,0.0,0
203467383,0.92946243,-0.16509457,-0.27605915,0.67076164,0.0,0.0,0
203487120,0.853398,-0.11892067,-0.246957,0.67076164,0.0,0.0,0
203501907,0.8059406,-0.07912052,-0.22583309,0.67076164,0.0,0.0,0
203526514,0.75577176,-0.02947563,-0.20224285,0.67076164,0.0,0.0,0
203546219,0.7194857,-0.024487635,-0.19883658,0.67076164,0.0,0.0,0
203565885,0.7056962,-0.033877693,-0.2019476,0.67076164,0.0,0.0,0
203585620,0.6935963,-0.046145335,-0.2061178,0.67076164,0.0,0.0,0
203605335,0.7228584,-0.05841072,-0.21264355,0.67076164,0.0,0.0,0
203624996,0.7980024,-0.05803708,-0.21736443,0.67076164,0.0,0.0,0
203644692,0.84093475,-0.05424188,-0.21912119,0.67076164,0.0,0.0,0
203664396,0.85933495,-0.052354313,-0.22008245,0.67076164,0.0,0.0,0
203684110,0.884342,-0.039157066,-0.21556959,0.67076164,0.0,0.0,0
203703807,0.8474167,-0.022704102,-0.20585476,0.67076164,0.0,0.0,0
203723514,0.8376545,-0.010246467,-0.1996441,0.67076164,0.0,0.0,0
203748130,0.77844536,-0.011587503,-0.19787902,0.67076164,0.0,0.0,0
203767927,0.70308405,-0.02007252,-0.19844782,0.67076164,0.0,0.0,0
203782689,0.6729403,-0.017024674,-0.19609064,0.67076164,0.0,0.0,0
203807251,0.6111435,-0.00459865,-0.1894105,0.67076164,0.0,0.0,0
203826931,0.5634418,0.0041407417,-0.18509737,0.67076164,0.0,0.0,0
203841724,0.5466367,-0.0020142687,-0.18675795,0.67076164,0.0,0.0,0
203866336,0.51620847,-0.04009472,-0.19792446,0.67076164,0.0,0.0,0
203886056,0.50731474,-0.091901675,-0.21344934,0.67076164,0.0,0.0,0
203905743,0.50672126,-0.13836555,-0.22736675,0.67076164,0.0,0.0,0
203925450,0.52198017,-0.18234324,-0.24199258,0.67076164,0.0,0.0,0
203945134,0.58200526,-0.20535773,-0.25575772,0.67076164,0.0,0.0,0
203964832,0.6215234,-0.20736071,-0.26102886,0.67076164,0.0,0.0,0
203984559,0.64465404,-0.20664436,-0.26353216,0.67076164,0.0,0.0,0
204004361,0.6660076,-0.21070088,-0.26778895,0.67076164,0.0,0.0,0
204023972,0.63501114,-0.22172804,-0.2681721,0.67076164,0.0,0.0,0
204048618,0.597204,-0.23281845,-0.2672214,0.67076164,0.0,0.0,0
204063372,0.55621445,-0.24396926,-0.26546758,0.67076164,0.0,0.0,0
204083070,0.48992187,-0.24899553,-0.2582443,0.67076164,0.0,0.0,0
204107670,0.44718406,-0.2238037,-0.24606434,0.67076164,0.0,0.0,0
204122459,0.41296571,-0.20301202,-0.23702493,0.67076164,0.0,0.0,0
204147072,0.3676548,-0.16456792,-0.22324029,0.67076164,0.0,0.0,0
204167042,0.34241652,-0.16094464,-0.22014292,0.67076164,0.0,0.0,0
204186968,0.31928542,-0.18910821,-0.22421385,0.67076164,0.0,0.0,0
204206168,0.31757748,-0.22951643,-0.23262312,0.67076164,0.0,0.0,0
204225874,0.31914774,-0.25624242,-0.23815168,0.67076164,0.0,0.0,0
204245571,0.32612738,-0.28148133,-0.24414714,0.67076164,0.0,0.0,0
204265274,0.35850307,-0.2981847,-0.25226533,0.67076164,0.0,0.0,0
204285000,0.39385283,-0.29085463,-0.255582,0.67076164,0.0,0.0,0
204304681,0.41621688,-0.27814007,-0.25563174,0.67076164,0.0,0.0,0
204324371,0.4183052,-0.27333665,-0.25473714,0.67076164,0.0,0.0,0
204344078,0.39317334,-0.27344275,-0.25140208,0.67076164,0.0,0.0,0
204363774,0.37684184,-0.27712047,-0.25007793,0.67076164,0.0,0.0,0
204388440,0.3130882,-0.29775164,-0.24581401,0.67076164,0.0,0.0,0
204403197,0.27081737,-0.3036218,-0.24106473,0.67076164,0.0,0.0,0
204422884,0.24379927,-0.29021826,-0.23489147,0.67076164,0.0,0.0,0
204447527,0.19637766,-0.26447916,-0.22467513,0.67076164,0.0,0.0,0
204467241,0.17377602,-0.25066838,-0.2199314,0.67076164,0.0,0.0,0
204482013,0.16031474,-0.25894728,-0.21959387,0.67076164,0.0,0.0,0
204506651,0.1378374,-0.30661651,-0.22324835,0.67076164,0.0,0.0,0
204526320,0.13304779,-0.355183,-0.22864793,0.67076164,0.0,0.0,0
204546023,0.13594148,-0.39574844,-0.23386057,0.67076164,0.0,0.0,0
204565900,0.17104705,-0.43860468,-0.24544449,0.67076164,0.0,0.0,0
204586071,0.24208042,-0.45986626,-0.26225767,0.67076164,0.0,0.0,0
204605119,0.30666342,-0.46061057,-0.27544278,0.67076164,0.0,0.0,0
204624825,0.34766966,-0.45175666,-0.28194845,0.67076164,0.0,0.0,0
204644519,0.36877984,-0.4495786,-0.28579825,0.67076164,0.0,0.0,0
204664217,0.35931197,-0.45359823,-0.28485593,0.67076164,0.0,0.0,0
204683920,0.3315206,-0.4652099,-0.2814139,0.67076164,0.0,0.0,0
204703631,0.29639766,-0.4821427,-0.2771367,0.67076164,0.0,0.0,0
204728249,0.26899615,-0.47695923,-0.27032754,0.67076164,0.0,0.0,0
204747945,0.2511108,-0.4529338,-0.26280943,0.67076164,0.0,0.0,0
204762747,0.23615927,-0.42363986,-0.25532624,0.67076164,0.0,0.0,0
204787383,0.22725902,-0.3850539,-0.24772131,0.67076164,0.0,0.0,0
204807069,0.21291879,-0.38623002,-0.24547064,0.67076164,0.0,0.0,0
204821831,0.20756023,-0.4046966,-0.2472827,0.67076164,0.0,0.0,0
204846458,0.21751715,-0.4445562,-0.2549581,0.67076164,0.0,0.0,0
204866156,0.22005215,-0.46992603,-0.25916284,0.67076164,0.0,0.0,0
204885854,0.24109745,-0.48788664,-0.2661939,0.67076164,0.0,0.0,0
204905591,0.2651459,-0.48904285,-0.27148303,0.67076164,0.0,0.0,0
204925279,0.30415747,-0.47577694,-0.2774846,0.67076164,0.0,0.0,0
204944988,0.34959537,-0.45742106,-0.28346622,0.67076164,0.0,0.0,0
204964935,0.37493613,-0.44508362,-0.28610966,0.67076164,0.0,0.0,0
204984455,0.37365454,-0.4408267,-0.2849583,0.67076164,0.0,0.0,0
205004090,0.3674769,-0.44472465,-0.2845296,0.67076164,0.0,0.0,0
205028717,0.34283873,-0.4553232,-0.28150138,0.67076164,0.0,0.0,0
205043504,0.32966873,-0.45754972,-0.27924207,0.67076164,0.0,0.0,0
205063170,0.31658107,-0.44650072,-0.27452594,0.67076164,0.0,0.0,0
205087791,0.2921064,-0.42223823,-0.26537228,0.67076164,0.0,0.0,0
205102563,0.29106092,-0.4127849,-0.26348835,0.67076164,0.0,0.0,0
205127200,0.28490907,-0.43297026,-0.26589623,0.67076164,0.0,0.0,0
205146888,0.28409082,-0.4751275,-0.27299434,0.67076164,0.0,0.0,0
205166638,0.3058228,-0.511371,-0.2836151,0.67076164,0.0,0.0,0
205186318,0.3169953,-0.54947484,-0.29291314,0.67076164,0.0,0.0,0
205205997,0.37557817,-0.57649475,-0.31249398,0.67076164,0.0,0.0,0
205225698,0.4233213,-0.58173233,-0.3259096,0.67076164,0.0,0.0,0
205245403,0.46173704,-0.57366455,-0.33411372,0.67076164,0.0,0.0,0
205265102,0.49103922,-0.56143445,-0.33877897,0.67076164,0.0,0.0,0
205284801,0.4890612,-0.5519765,-0.33594248,0.67076164,0.0,0.0,0
205304508,0.46434602,-0.5453574,-0.32812643,0.67076164,0.0,0.0,0
205324200,0.42813677,-0.5426588,-0.31836438,0.67076164,0.0,0.0,0
205343936,0.3694579,-0.5448474,-0.30433956,0.67076164,0.0,0.0,0
205368625,0.31182793,-0.52617764,-0.28723755,0.67076164,0.0,0.0,0
205383323,0.2826506,-0.49771598,-0.27564743,0.67076164,0.0,0.0,0
205403011,0.24555233,-0.45274115,-0.26070446,0.67076164,0.0,0.0,0
205427661,0.21803251,-0.40828934,-0.24860854,0.67076164,0.0,0.0,0
205447361,0.19919133,-0.40694752,-0.24506932,0.67076164,0.0,0.0,0
205462191,0.1966222,-0.42289472,-0.24683836,0.67076164,0.0,0.0,0
205486777,0.22309993,-0.45146248,-0.25592634,0.67076164,0.0,0.0,0
205506438,0.25773722,-0.4659964,-0.26505855,0.67076164,0.0,0.0,0
205526141,0.32012752,-0.46219528,-0.27698404,0.67076164,0.0,0.0,0
205545833,0.3643824,-0.45081472,-0.28415832,0.67076164,0.0,0.0,0
205565569,0.4169375,-0.431254,-0.28710294,0.67076164,0.0,0.0,0
205585239,0.47281426,-0.40607023,-0.29198748,0.67076164,0.0,0.0,0
205604941,0.48870277,-0.38856918,-0.29050818,0.67076164,0.0,0.0,0
205624650,0.4564061,-0.3797195,-0.28236112,0.67076164,0.0,0.0,0
205644342,0.41435087,-0.37605304,-0.27401003,0.67076164,0.0,0.0,0
205664043,0.34700733,-0.38699877,-0.26468137,0.67076164,0.0,0.0,0
205683754,0.27515966,-0.39546773,-0.25362816,0.67076164,0.0,0.0,0
205703470,0.222336,-0.3903298,-0.2436434,0.67076164,0.0,0.0,0
205728085,0.14729212,-0.37913656,-0.22958358,0.67076164,0.0,0.0,0
205742956,0.120402396,-0.3796423,-0.22527342,0.67076164,0.0,0.0,0
205767566,0.11875186,-0.41439694,-0.21559978,0.6683047,0.0,0.0,0
205787179,0.126789,-0.46685377,-0.21584865,0.6683047,0.0,0.0,0
205801946,0.13744134,-0.50605136,-0.22202635,0.6683047,0.0,0.0,0
205826576,0.17046781,-0.55861413,-0.22430626,0.6683047,0.0,0.0,0
205846275,0.22993799,-0.5846189,-0.2420245,0.6683047,0.0,0.0,0
205866018,0.27974832,-0.58433604,-0.2543378,0.6683047,0.0,0.0,0
205885712,0.3243962,-0.57096916,-0.26340756,0.6683047,0.0,0.0,0
205905430,0.36037573,-0.55228275,-0.27230135,0.6683047,0.0,0.0,0
205925144,0.37474707,-0.53572845,-0.26910615,0.6683047,0.0,0.0,0
205944807,0.35676867,-0.5186175,-0.2615355,0.6683047,0.0,0.0,0
205964510,0.32328627,-0.51289076,-0.24612202,0.6683047,0.0,0.0,0
205984191,0.27032036,-0.5125776,-0.23087475,0.6683047,0.0,0.0,0
206008811,0.21768783,-0.5004899,-0.21119209,0.6683047,0.0,0.0,0
206023588,0.1794617,-0.48162937,-0.20100097,0.6683047,0.0,0.0,0
206043286,0.13749367,-0.45205778,-0.18299061,0.6683047,0.0,0.0,0
206067904,0.09595298,-0.4340722,-0.17372054,0.6683047,0.0,0.0,0
206082697,0.07006281,-0.44638887,-0.16997589,0.6683047,0.0,0.0,0
206102388,0.05941576,-0.48471555,-0.1572501,0.6683047,0.0,0.0,0
206127017,0.072510295,-0.53965545,-0.15006033,0.6683047,0.0,0.0,0
206146796,0.11802774,-0.5739168,-0.13895045,0.6683047,0.0,0.0,0
206166439,0.18171912,-0.5897463,-0.1520162,0.6683047,0.0,0.0,0
206186117,0.22638248,-0.58053124,-0.15504114,0.6683047,0.0,0.0,0
206205823,0.25268304,-0.57068455,-0.16037326,0.6683047,0.0,0.0,0
206225515,0.29071316,-0.5590064,-0.16791312,0.6683047,0.0,0.0,0
206245219,0.31201756,-0.5429152,-0.1704802,0.6683047,0.0,0.0,0
206264931,0.32526782,-0.5403708,-0.17334236,0.6683047,0.0,0.0,0
206284620,0.3253302,-0.5625111,-0.17041697,0.6683047,0.0,0.0,0
206304334,0.3058319,-0.5911406,-0.16702688,0.6683047,0.0,0.0,0
206324024,0.30011156,-0.5932928,-0.15911804,0.6683047,0.0,0.0,0
206348682,0.27668917,-0.574624,-0.14415763,0.6683047,0.0,0.0,0
206363453,0.25040755,-0.5596916,-0.13636781,0.6683047,0.0,0.0,0
206383130,0.22912818,-0.534813,-0.12866484,0.6683047,0.0,0.0,0
206407791,0.20041467,-0.5501919,-0.124093644,0.6683047,0.0,0.0,0
206427482,0.1885273,-0.58492273,-0.12486807,0.6683047,0.0,0.0,0
206442256,0.18412681,-0.6095091,-0.1261129,0.6683047,0.0,0.0,0
206466878,0.17650774,-0.6515615,-0.12803751,0.6683047,0.0,0.0,0
206486585,0.2130648,-0.667168,-0.13936451,0.6683047,0.0,0.0,0
206506254,0.2377996,-0.6593514,-0.14523733,0.6683047,0.0,0.0,0
206525956,0.2532068,-0.64392066,-0.14756158,0.6683047,0.0,0.0,0
206545743,0.28734362,-0.6206587,-0.15343821,0.6683047,0.0,0.0,0
206565388,0.3049886,-0.59764844,-0.15464686,0.6683047,0.0,0.0,0
206585063,0.2866194,-0.58007675,-0.14772981,0.6683047,0.0,0.0,0
206604769,0.26879698,-0.5645963,-0.14141388,0.6683047,0.0,0.0,0
206624464,0.23463328,-0.55963063,-0.12940261,0.6683047,0.0,0.0,0
206644164,0.2186017,-0.5403149,-0.10562745,0.6683047,0.0,0.0,0
206663871,0.1864352,-0.5018786,-0.08851565,0.6683047,0.0,0.0,0
206683565,0.14437476,-0.45774478,-0.07695804,0.6683047,0.0,0.0,0
206708188,0.14499065,-0.42545006,-0.057794165,0.6683047,0.0,0.0,0
206722968,0.13218795,-0.42368174,-0.05573385,0.6683047,0.0,0.0,0
206747636,0.12314492,-0.47274518,-0.050462965,0.6683047,0.0,0.0,0
206767292,0.1149666,-0.54996437,-0.056840558,0.6683047,0.0,0.0,0
206782094,0.11488156,-0.5724315,-0.058050044,0.6683047,0.0,0.0,0
206806696,0.15992713,-0.623753,-0.086763665,0.6683047,0.0,0.0,0
206826397,0.17512731,-0.7067534,-0.120936625,0.6683047,0.0,0.0,0
206846125,0.22812253,-0.70675313,-0.11747992,0.6683047,0.0,0.0,0
206865829,0.313426,-0.7035499,-0.110307984,0.6683047,0.0,0.0,0
206885524,0.36001718,-0.7167048,-0.10315248,0.6683047,0.0,0.0,0
206905208,0.35616454,-0.7082484,-0.10158941,0.6683047,0.0,0.0,0
206924922,0.33383864,-0.71898365,-0.09658459,0.6683047,0.0,0.0,0
206944688,0.2882546,-0.7213152,-0.08353951,0.6683047,0.0,0.0,0
206964302,0.23729713,-0.7123381,-0.06781811,0.6683047,0.0,0.0,0
206988934,0.17215186,-0.67143035,-0.04630851,0.6683047,0.0,0.0,0
207003712,0.1270251,-0.63425297,-0.03225428,0.6683047,0.0,0.0,0
207023406,0.07946016,-0.60046333,-0.019091692,0.6683047,0.0,0.0,0
207048050,0.059459176,-0.59175533,-0.020899512,0.6683047,0.0,0.0,0
207062815,0.08590721,-0.60266787,-0.009401728,0.6683047,0.0,0.0,0
207082503,0.0814227,-0.6201335,-0.0065015154,0.6683047,0.0,0.0,0
207107136,0.16632453,-0.6390983,-0.034391444,0.6683047,0.0,0.0,0
207126860,0.23965876,-0.6318082,-0.08691183,0.6683047,0.0,0.0,0
207146579,0.30389008,-0.5960637,-0.107754245,0.6683047,0.0,0.0,0
207166241,0.35583627,-0.5559493,-0.12158728,0.6683047,0.0,0.0,0
207185944,0.4479215,-0.51500285,-0.15202919,0.6683047,0.0,0.0,0
207205642,0.47142422,-0.47792146,-0.15847655,0.6683047,0.0,0.0,0
207225350,0.43778557,-0.45023668,-0.15160912,0.6683047,0.0,0.0,0
207245048,0.40022042,-0.42015892,-0.1330975,0.6683047,0.0,0.0,0
207264744,0.34177494,-0.39994982,-0.09258562,0.6683047,0.0,0.0,0
207284479,0.27667588,-0.3937011,-0.049103253,0.6683047,0.0,0.0,0
207304141,0.25221735,-0.3699973,-0.023116536,0.6683047,0.0,0.0,0
207329068,0.21829109,-0.34458473,0.0118533615,0.6683047,0.0,0.0,0
207343655,0.20185442,-0.34373674,0.025552006,0.6683047,0.0,0.0,0
207363273,0.18638724,-0.37108138,0.032707542,0.6683047,0.0,0.0,0
207387900,0.18168418,-0.4329686,0.03291896,0.6683047,0.0,0.0,0
207407605,0.18425924,-0.4809853,0.021756666,0.6683047,0.0,0.0,0
207422384,0.18956965,-0.50934756,0.018146439,0.6683047,0.0,0.0,0
207446983,0.27312097,-0.548999,-0.03979598,0.6683047,0.0,0.0,0
207466675,0.3283126,-0.55111164,-0.08060117,0.6683047,0.0,0.0,0
207481458,0.36089775,-0.54583603,-0.10225254,0.6683047,0.0,0.0,0
207506080,0.4044125,-0.52068746,-0.13754642,0.6683047,0.0,0.0,0
207525806,0.37409648,-0.50830203,-0.12160102,0.6683047,0.0,0.0,0
207545522,0.34273234,-0.49922845,-0.10062324,0.6683047,0.0,0.0,0
207565185,0.29298875,-0.499188,-0.06669293,0.6683047,0.0,0.0,0
207584889,0.2095411,-0.4918887,-0.013246166,0.6683047,0.0,0.0,0
207604576,0.12483729,-0.4625634,0.026174886,0.6683047,0.0,0.0,0
207624290,0.05569295,-0.4237918,0.05219793,0.6683047,0.0,0.0,0
207643996,0.0047693565,-0.37707612,0.07474464,0.6683047,0.0,0.0,0
207663689,-0.018455364,-0.36461124,0.084778786,0.6683047,0.0,0.0,0
207688313,-0.07494482,-0.3693386,0.07319897,0.6683047,0.0,0.0,0
207703085,-0.08791189,-0.40368152,0.077312455,0.6683047,0.0,0.0,0
207728206,-0.08970924,-0.46186873,0.07753728,0.6683047,0.0,0.0,0
207747431,-0.08225142,-0.5048145,0.07487851,0.6683047,0.0,0.0,0
207762189,-0.03930746,-0.5269157,0.0633649,0.6683047,0.0,0.0,0
207786826,0.052238144,-0.5321503,0.01810445,0.6683047,0.0,0.0,0
207806520,0.10741177,-0.5266736,-0.017777016,0.6683047,0.0,0.0,0
207826265,0.15092173,-0.5188651,-0.04616077,0.6683047,0.0,0.0,0
207845950,0.18941523,-0.5183593,-0.054915257,0.6683047,0.0,0.0,0
207865653,0.19364199,-0.5187695,-0.04773007,0.6683047,0.0,0.0,0
207885351,0.15927632,-0.5365173,-0.018371664,0.6683047,0.0,0.0,0
207905031,0.09901039,-0.5516566,0.021606661,0.6683047,0.0,0.0,0
207924790,0.07364122,-0.5569574,0.047623105,0.6683047,0.0,0.0,0
207944446,0.038502716,-0.53654784,0.07717332,0.6683047,0.0,0.0,0
207969053,0.0011176354,-0.51027125,0.10400345,0.6683047,0.0,0.0,0
207983832,-0.01140739,-0.50923985,0.11190865,0.6683047,0.0,0.0,0
208003524,-0.02673886,-0.53531504,0.12317367,0.6683047,0.0,0.0,0
208028154,-0.011688405,-0.5881289,0.12640274,0.6683047,0.0,0.0,0
208042931,0.001221997,-0.6197652,0.118517585,0.6683047,0.0,0.0,0
208062643,0.018456917,-0.658994,0.10758441,0.6683047,0.0,0.0,0
208087260,0.11127576,-0.69712836,0.05390943,0.6683047,0.0,0.0,0
208107040,0.21052527,-0.71697897,0.012786957,0.6683047,0.0,0.0,0
208126955,0.2545071,-0.70324,-0.017142013,0.6683047,0.0,0.0,0
208146357,0.32156032,-0.71566874,-0.04009732,0.6683047,0.0,0.0,0
208166063,0.30677727,-0.70337814,-0.028584367,0.6683047,0.0,0.0,0
208185769,0.3589038,-0.74181813,-0.011587718,0.6683047,0.0,0.0,0
208205504,0.32642284,-0.75217813,0.022544412,0.6683047,0.0,0.0,0
208225167,0.2629517,-0.7566684,0.06821304,0.6683047,0.0,0.0,0
208244879,0.22468358,-0.7478733,0.09446865,0.6683047,0.0,0.0,0
208264558,0.20653975,-0.72883934,0.11421747,0.6683047,0.0,0.0,0
208284294,0.20327428,-0.7248949,0.13820064,0.6683047,0.0,0.0,0
208303996,0.19297916,-0.71866083,0.1449498,0.6683047,0.0,0.0,0
208323737,0.19759591,-0.74798864,0.15333688,0.6683047,0.0,0.0,0
208343366,0.2007503,-0.7902603,0.15934512,0.6683047,0.0,0.0,0
208368015,0.19534776,-0.8309715,0.16462477,0.6683047,0.0,0.0,0
208387696,0.21547942,-0.86401004,0.14525013,0.6683047,0.0,0.0,0
208402463,0.2462428,-0.87872976,0.11931975,0.6683047,0.0,0.0,0
208427096,0.3045691,-0.87257034,0.076215886,0.6683047,0.0,0.0,0
208446803,0.33968353,-0.84372246,0.042785272,0.6683047,0.0,0.0,0
208461601,0.36966756,-0.8097155,0.017072137,0.6683047,0.0,0.0,0
208486231,0.35286918,-0.7748005,0.023870569,0.6683047,0.0,0.0,0
208506246,0.34139082,-0.7658426,0.024474738,0.6683047,0.0,0.0,0
208525892,0.31408,-0.76546,0.04515185,0.6683047,0.0,0.0,0
208545304,0.25674233,-0.76877564,0.08326204,0.6683047,0.0,0.0,0
208565008,0.22937708,-0.75765306,0.10179658,0.6683047,0.0,0.0,0
208584724,0.18754682,-0.7247752,0.12391762,0.6683047,0.0,0.0,0
208604413,0.14599401,-0.6979392,0.14556314,0.6683047,0.0,0.0,0
208624105,0.11688235,-0.6995358,0.15548943,0.6683047,0.0,0.0,0
208643813,0.06400425,-0.7268536,0.17010066,0.6683047,0.0,0.0,0
208668429,0.037221633,-0.7738497,0.18683954,0.6683047,0.0,0.0,0
208683217,0.013548226,-0.79559404,0.19745171,0.6683047,0.0,0.0,0
208702936,0.0139139155,-0.83068126,0.19679734,0.6683047,0.0,0.0,0
208727579,0.016008502,-0.8457951,0.16797942,0.6683047,0.0,0.0,0
208742312,0.048154347,-0.8442983,0.14433418,0.6683047,0.0,0.0,0
208766988,0.07181712,-0.82451314,0.10959077,0.6683047,0.0,0.0,0
208786681,0.09288276,-0.8036844,0.08776303,0.6683047,0.0,0.0,0
208806363,0.08160152,-0.78421414,0.08571051,0.6683047,0.0,0.0,0
208826079,0.08396236,-0.77655345,0.08369991,0.6683047,0.0,0.0,0
208845771,0.062710166,-0.7746483,0.092308015,0.6683047,0.0,0.0,0
208865474,0.03311061,-0.76964176,0.10600869,0.6683047,0.0,0.0,0
208885151,0.025141886,-0.7536169,0.10683964,0.6683047,0.0,0.0,0
208905103,0.016309945,-0.7190263,0.11190822,0.6683047,0.0,0.0,0
208924575,-0.004519576,-0.70111823,0.12616299,0.6683047,0.0,0.0,0
208949173,0.04948277,-0.6960908,0.13803107,0.6683047,0.0,0.0,0
208963942,0.03176739,-0.71952873,0.15079734,0.6683047,0.0,0.0,0
208983652,0.12675764,-0.7751335,0.16699648,0.6683047,0.0,0.0,0
209008273,0.17018259,-0.84280604,0.18353303,0.6683047,0.0,0.0,0
209023048,0.21012874,-0.8743074,0.18591453,0.6683047,0.0,0.0,0
209042755,0.23143703,-0.8955396,0.17141679,0.6683047,0.0,0.0,0
209067377,0.26486275,-0.8644224,0.14891808,0.6683047,0.0,0.0,0
209087082,0.29655954,-0.84232306,0.13257997,0.6683047,0.0,0.0,0
209106810,0.319715,-0.8151032,0.11577177,0.6683047,0.0,0.0,0
209126502,0.3038467,-0.78079647,0.12643209,0.6683047,0.0,0.0,0
209146192,0.2954219,-0.7675785,0.13170867,0.6683047,0.0,0.0,0
209165896,0.2626276,-0.74106914,0.15352176,0.6683047,0.0,0.0,0
209185583,0.20353548,-0.7191674,0.18244898,0.6683047,0.0,0.0,0
209205286,0.18080768,-0.67793006,0.19440706,0.6683047,0.0,0.0,0
209224995,0.15664819,-0.61477846,0.20580584,0.6683047,0.0,0.0,0
209244690,0.09185217,-0.5077183,0.20619005,0.6683047,0.0,0.0,0
209264431,0.08391823,-0.5033918,0.21084632,0.6683047,0.0,0.0,0
209284123,-0.054801516,-0.5250887,0.22101979,0.6683047,0.0,0.0,0
209304117,-0.14828213,-0.5764152,0.19037524,0.6683047,0.0,0.0,0
209323815,-0.14721754,-0.6201115,0.19687709,0.6683047,0.0,0.0,0
209348114,-0.19289182,-0.6619229,0.15978786,0.6683047,0.0,0.0,0
209367822,-0.15544185,-0.6808693,0.15251577,0.6683047,0.0,0.0,0
209382623,-0.14576322,-0.68274796,0.1361882,0.6683047,0.0,0.0,0
209407221,-0.15103634,-0.66925776,0.10909908,0.6683047,0.0,0.0,0
209426923,-0.16766745,-0.6564217,0.08173719,0.6683047,0.0,0.0,0
209441713,-0.19060735,-0.64360034,0.06622729,0.6683047,0.0,0.0,0
209466319,-0.19737001,-0.6183729,0.072634086,0.6683047,0.0,0.0,0
209486023,-0.22968428,-0.6107353,0.08334092,0.6683047,0.0,0.0,0
209505759,-0.2490232,-0.60368377,0.10160606,0.6683047,0.0,0.0,0
209525434,-0.25860724,-0.5695265,0.109803975,0.6683047,0.0,0.0,0
209545130,-0.29291603,-0.53529334,0.112915814,0.6683047,0.0,0.0,0
209564830,-0.31500956,-0.4898306,0.117942095,0.6683047,0.0,0.0,0
209584527,-0.32217875,-0.4778061,0.12423986,0.6683047,0.0,0.0,0
209604223,-0.33342138,-0.49617326,0.12922545,0.6683047,0.0,0.0,0
209623930,-0.34075022,-0.53118074,0.13273351,0.6683047,0.0,0.0,0
209648572,-0.30767307,-0.5703059,0.1307753,0.6683047,0.0,0.0,0
209663372,-0.30721185,-0.5840957,0.12908733,0.6683047,0.0,0.0,0
209683284,-0.2848249,-0.5686848,0.11441134,0.6683047,0.0,0.0,0
209707774,-0.24897705,-0.55402374,0.08494319,0.6683047,0.0,0.0,0
209722429,-0.2197525,-0.5440002,0.07742281,0.6683047,0.0,0.0,0
209747062,-0.23437463,-0.5146582,0.0482384,0.6683047,0.0,0.0,0
209766768,-0.2281991,-0.50187045,0.045938212,0.6683047,0.0,0.0,0
209786465,-0.2494296,-0.46682826,0.04673148,0.6683047,0.0,0.0,0
209806161,-0.36087164,-0.42360705,0.0808611,0.6683047,0.0,0.0,0
209825902,-0.58651245,-0.32572338,0.16939479,0.6683047,0.0,0.0,0
209845611,-0.6412089,-0.29378372,0.1704407,0.6683047,0.0,0.0,0
209865294,-0.73918885,-0.1557666,0.18494238,0.6683047,0.0,0.0,0
209885062,-0.7548535,-0.10428819,0.179231,0.6683047,0.0,0.0,0
209904704,-0.75741786,-0.084005386,0.17640549,0.6683047,0.0,0.0,0
209924372,-0.7686749,-0.10155349,0.17878202,0.6683047,0.0,0.0,0
209944098,-0.7771179,-0.14773817,0.18491426,0.6683047,0.0,0.0,0
209963773,-0.7428808,-0.20917244,0.18759365,0.6683047,0.0,0.0,0
209988397,-0.634276,-0.2743379,0.15047795,0.6683047,0.0,0.0,0
210003176,-0.4893705,-0.3092315,0.09962611,0.6683047,0.0,0.0,0
210022876,-0.3737088,-0.34070486,0.06718016,0.6683047,0.0,0.0,0
210047510,-0.27877632,-0.35411364,0.03965189,0.6683047,0.0,0.0,0
210067192,-0.09899823,-0.3596617,0.13440236,0.6683047,0.0,0.0,0
210082102,0.027631054,-0.36503664,0.14897066,0.6683047,0.0,0.0,0
210106691,0.08924253,-0.35895884,0.16207995,0.6683047,0.0,0.0,0
210126299,0.13607529,-0.37038743,0.17621459,0.6683047,0.0,0.0,0
210146022,0.18185955,-0.3761081,0.1832454,0.6683047,0.0,0.0,0
210165710,0.16596732,-0.35348347,0.19146967,0.6683047,0.0,0.0,0
210185405,0.1635113,-0.309843,0.21397099,0.6683047,0.0,0.0,0
210205104,0.19232169,-0.25605634,0.22282979,0.6683047,0.0,0.0,0
210224822,0.2294637,-0.22758427,0.22429255,0.6683047,0.0,0.0,0
210244506,0.20770165,-0.22332828,0.23555514,0.6683047,0.0,0.0,0
210264205,0.28061634,-0.31064993,0.2604109,0.6670762,0.0,0.0,0
210283968,0.25529855,-0.34005177,0.2776629,0.6683047,0.0,0.0,0
210303674,0.23498516,-0.35738623,0.28925204,0.6670762,0.0,0.0,0
210328271,0.2621073,-0.35526055,0.2738833,0.6683047,0.0,0.0,0
210347964,0.29783812,-0.33272156,0.25249824,0.6683047,0.0,0.0,0
210362716,0.3170142,-0.31072286,0.24038468,0.6683047,0.0,0.0,0
210387340,0.3251765,-0.26943555,0.23123762,0.6670762,0.0,0.0,0
210407047,0.30138692,-0.2340359,0.23997426,0.6670762,0.0,0.0,0
210421814,0.28571233,-0.21466403,0.24661587,0.6683047,0.0,0.0,0
210446440,0.28412935,-0.20876516,0.26271218,0.6683047,0.0,0.0,0
210466146,0.30214527,-0.20892097,0.28671163,0.6683047,0.0,0.0,0
210485925,0.2706457,-0.17886235,0.3007013,0.6683047,0.0,0.0,0
210505573,0.22519034,-0.13621967,0.31614688,0.6683047,0.0,0.0,0
210525252,0.17619537,-0.09521036,0.33053476,0.6683047,0.0,0.0,0
210544959,0.14550434,-0.07763318,0.33714762,0.6683047,0.0,0.0,0
210564653,0.12336689,-0.086780965,0.3501092,0.6683047,0.0,0.0,0
210584353,0.08922646,-0.11758686,0.36679712,0.6670762,0.0,0.0,0
210604047,0.060616054,-0.14621994,0.37955853,0.6683047,0.0,0.0,0
210628671,0.04683979,-0.19377498,0.3782228,0.6683047,0.0,0.0,0
210643450,0.07023368,-0.21722996,0.36223516,0.6670762,0.0,0.0,0
210663151,0.10884035,-0.23306033,0.3455671,0.6670762,0.0,0.0,0
210687816,0.13455741,-0.23624934,0.33115718,0.6683047,0.0,0.0,0
210702581,0.15789975,-0.23609804,0.3183288,0.6683047,0.0,0.0,0
210727217,0.13960253,-0.22476313,0.32868025,0.6683047,0.0,0.0,0
210746908,0.09727671,-0.21206447,0.35076198,0.6670762,0.0,0.0,0
210766595,0.032657042,-0.1958957,0.3822318,0.6683047,0.0,0.0,0
210786290,-0.04476759,-0.17742918,0.42324838,0.6683047,0.0,0.0,0
210805980,-0.10435037,-0.13947919,0.4508525,0.6683047,0.0,0.0,0
210825717,-0.15311797,-0.08956842,0.4429787,0.6683047,0.0,0.0,0
210845431,-0.18366027,-0.044823207,0.43785867,0.6670762,0.0,0.0,0
210865113,-0.20597307,-0.017360104,0.43237874,0.6683047,0.0,0.0,0
210884893,-0.23028679,-0.017015543,0.43359315,0.6683047,0.0,0.0,0
210904492,-0.25249085,-0.039416995,0.43756145,0.6683047,0.0,0.0,0
210924184,-0.254017,-0.078492165,0.4451344,0.6683047,0.0,0.0,0
210943888,-0.25439194,-0.11375105,0.44772345,0.6683047,0.0,0.0,0
210968530,-0.24084996,-0.14125308,0.44377813,0.6683047,0.0,0.0,0
210983291,-0.21421176,-0.14760199,0.44222146,0.6683047,0.0,0.0,0
211003001,-0.19382294,-0.14212537,0.43243316,0.6683047,0.0,0.0,0
211027625,-0.19305043,-0.13235702,0.41748115,0.6683047,0.0,0.0,0
211047327,-0.18713337,-0.11888392,0.41344744,0.6683047,0.0,0.0,0
211062122,-0.19738714,-0.11467475,0.41059047,0.6683047,0.0,0.0,0
211086773,-0.23923615,-0.10451707,0.405212,0.6683047,0.0,0.0,0
211106428,-0.2700834,-0.1003665,0.4066822,0.6683047,0.0,0.0,0
211126140,-0.31136385,-0.08236277,0.38645878,0.6670762,0.0,0.0,0
211145830,-0.33807284,-0.04235004,0.37722448,0.6683047,0.0,0.0,0
211165533,-0.35796043,0.0045482814,0.36445725,0.6683047,0.0,0.0,0
211185234,-0.36330515,0.034398902,0.35549027,0.6683047,0.0,0.0,0
211204932,-0.37990707,0.041486114,0.35055447,0.6683047,0.0,0.0,0
211224643,-0.4019312,0.020169614,0.3551284,0.6683047,0.0,0.0,0
211244329,-0.41081393,-0.010589277,0.36538577,0.6670762,0.0,0.0,0
211264057,-0.4178803,-0.042532112,0.37591136,0.6683047,0.0,0.0,0
211283864,-0.4115286,-0.063360736,0.3850378,0.6683047,0.0,0.0,0
211303464,-0.38665178,-0.06249421,0.38296667,0.6683047,0.0,0.0,0
211328103,-0.36881337,-0.0496932,0.3779704,0.6683047,0.0,0.0,0
211342872,-0.3692099,-0.046906356,0.3774329,0.6670762,0.0,0.0,0
211367454,-0.37114987,-0.03364041,0.37360498,0.6683047,0.0,0.0,0
211387157,-0.36209017,-0.025635513,0.37350747,0.6670762,0.0,0.0,0
211401939,-0.37728626,-0.020244122,0.37295932,0.6670762,0.0,0.0,0
211426560,-0.41123217,-0.007942403,0.37062746,0.6670762,0.0,0.0,0
211446259,-0.4185702,0.014004084,0.3638074,0.6683047,0.0,0.0,0
211465998,-0.4268902,0.053136267,0.35094184,0.6683047,0.0,0.0,0
211485699,-0.42516416,0.10357834,0.3363326,0.6683047,0.0,0.0,0
211505367,-0.41570008,0.1365814,0.32459092,0.6683047,0.0,0.0,0
211525076,-0.4201389,0.14566584,0.32129437,0.6683047,0.0,0.0,0
211544771,-0.42276257,0.13249269,0.32605496,0.6670762,0.0,0.0,0
211564471,-0.41403344,0.11119938,0.33365604,0.6683047,0.0,0.0,0
211584172,-0.3945229,0.08884916,0.34123835,0.6683047,0.0,0.0,0
211608817,-0.36734715,0.08091328,0.34353465,0.6683047,0.0,0.0,0
211623575,-0.33606938,0.08798091,0.3409582,0.6683047,0.0,0.0,0
211643271,-0.31111413,0.09420324,0.33598855,0.6683047,0.0,0.0,0
211668383,-0.30544096,0.099662855,0.33142123,0.6683047,0.0,0.0,0
211682777,-0.29334518,0.10410395,0.33009994,0.6683047,0.0,0.0,0
211702376,-0.28790647,0.10795446,0.32897323,0.6683047,0.0,0.0,0
211727001,-0.3210169,0.110152856,0.3281865,0.6683047,0.0,0.0,0
211746758,-0.3475748,0.10585314,0.32950482,0.6670762,0.0,0.0,0
211766432,-0.36199844,0.113548115,0.32697585,0.6683047,0.0,0.0,0
211786139,-0.380403,0.1382578,0.3185432,0.6683047,0.0,0.0,0
211805815,-0.3848469,0.16717336,0.3084363,0.6683047,0.0,0.0,0
211825511,-0.38088578,0.18120606,0.3036163,0.6683047,0.0,0.0,0
211845221,-0.38527226,0.16863555,0.307955,0.6683047,0.0,0.0,0
211864949,-0.38465688,0.1366687,0.3247296,0.6683047,0.0,0.0,0
211884628,-0.38212562,0.0898517,0.34060445,0.6683047,0.0,0.0,0
211904311,-0.35542846,0.040821213,0.35586646,0.6683047,0.0,0.0,0
211924015,-0.3290838,0.0015878633,0.36671773,0.6670762,0.0,0.0,0
211948641,-0.2910039,-0.019672168,0.37095454,0.6683047,0.0,0.0,0
211963433,-0.27163634,-0.021065313,0.3701576,0.6683047,0.0,0.0,0
211983122,-0.25531885,-0.022376936,0.37229115,0.6683047,0.0,0.0,0
212007744,-0.25787327,-0.02826218,0.37411067,0.6670762,0.0,0.0,0
212027446,-0.27117524,-0.031091511,0.37551448,0.6670762,0.0,0.0,0
212042219,-0.30437812,-0.03279342,0.37772873,0.6670762,0.0,0.0,0
212067138,-0.35302955,-0.035954326,0.38136783,0.6683047,0.0,0.0,0
212086572,-0.3710434,-0.020378113,0.37773916,0.6683047,0.0,0.0,0
212106243,-0.39522928,0.014899172,0.36788926,0.6670762,0.0,0.0,0
212125968,-0.40424627,0.055885054,0.3550024,0.6683047,0.0,0.0,0
212145656,-0.39742076,0.08416639,0.34538472,0.6683047,0.0,0.0,0
212165373,-0.39885277,0.091341436,0.34298736,0.6683047,0.0,0.0,0
212185046,-0.4074404,0.07466629,0.3435257,0.6683047,0.0,0.0,0
212204755,-0.39307854,0.040742017,0.35418582,0.6683047,0.0,0.0,0
212224448,-0.36248285,0.011456522,0.36236176,0.6683047,0.0,0.0,0
212244155,-0.34419876,-0.021643996,0.37260506,0.6683047,0.0,0.0,0
212263886,-0.29425845,-0.039568122,0.38297445,0.6683047,0.0,0.0,0
212283569,-0.25294155,-0.038487103,0.38106343,0.6683047,0.0,0.0,0
212308211,-0.22646154,-0.036343478,0.3793222,0.6683047,0.0,0.0,0
212322989,-0.21365382,-0.03356213,0.37796596,0.6683047,0.0,0.0,0
212347633,-0.2281408,-0.019015683,0.37456673,0.6683047,0.0,0.0,0
212367306,-0.27442962,-0.016237712,0.37600204,0.6683047,0.0,0.0,0
212382087,-0.30707753,-0.014734247,0.3769341,0.6683047,0.0,0.0,0
212406726,-0.3505095,-0.0044388603,0.37597117,0.6683047,0.0,0.0,0
212426393,-0.38706106,0.026192717,0.36758327,0.6683047,0.0,0.0,0
212446215,-0.40490854,0.059295014,0.35703415,0.6683047,0.0,0.0,0
212466091,-0.41002846,0.07427477,0.351985,0.6683047,0.0,0.0,0
212485492,-0.41817746,0.06262168,0.35626233,0.6683047,0.0,0.0,0
212505195,-0.42216647,0.027143426,0.37176722,0.6683047,0.0,0.0,0
212524905,-0.42863265,-0.021681538,0.38551953,0.6683047,0.0,0.0,0
212544596,-0.40763795,-0.07624059,0.40193328,0.6670762,0.0,0.0,0
212564290,-0.3936294,-0.1140832,0.41198024,0.6683047,0.0,0.0,0
212588921,-0.3453197,-0.13666385,0.4171883,0.6683047,0.0,0.0,0
212603700,-0.3230229,-0.13923466,0.4186418,0.6683047,0.0,0.0,0
212623397,-0.3042009,-0.13979824,0.4170821,0.6683047,0.0,0.0,0
212648069,-0.26221707,-0.1408911,0.41925865,0.6683047,0.0,0.0,0
212662840,-0.2579063,-0.13442461,0.4175464,0.6683047,0.0,0.0,0
212682498,-0.27858636,-0.13131754,0.4190308,0.6683047,0.0,0.0,0
212707130,-0.30402726,-0.13464712,0.42323762,0.6670762,0.0,0.0,0
212726828,-0.3018915,-0.12200925,0.4237118,0.6683047,0.0,0.0,0
212746561,-0.30378968,-0.09195087,0.42313886,0.6683047,0.0,0.0,0
212766257,-0.3010462,-0.040606074,0.41145962,0.6683047,0.0,0.0,0
212785958,-0.29997596,-0.0028836236,0.4002749,0.6683047,0.0,0.0,0
212805649,-0.3111702,0.007157758,0.3980132,0.6683047,0.0,0.0,0
212825385,-0.31357107,-0.005672567,0.40491894,0.6683047,0.0,0.0,0
212845291,-0.31134102,-0.028066486,0.41184622,0.6683047,0.0,0.0,0
212865032,-0.2873385,-0.050416254,0.41998065,0.6683047,0.0,0.0,0
212884430,-0.27839124,-0.058146,0.42152822,0.6683047,0.0,0.0,0
212904144,-0.25082836,-0.045878697,0.4162828,0.6683047,0.0,0.0,0
212928771,-0.1977829,-0.023907576,0.4167099,0.6683047,0.0,0.0,0
212943538,-0.15790397,-0.014170993,0.43130678,0.6683047,0.0,0.0,0
212963231,-0.12835716,-0.00893155,0.43553698,0.6683047,0.0,0.0,0
212987869,-0.10964959,-0.007981288,0.44812706,0.6683047,0.0,0.0,0
213007582,-0.12852077,-0.015628751,0.46515176,0.6683047,0.0,0.0,0
213022375,-0.15384237,-0.015204418,0.46644002,0.6683047,0.0,0.0,0
213047009,-0.17047834,-0.010590853,0.4727951,0.6683047,0.0,0.0,0
213066695,-0.19879104,0.018781465,0.4660496,0.6683047,0.0,0.0,0
213081437,-0.21796551,0.047811836,0.45458364,0.6683047,0.0,0.0,0
213106076,-0.22507964,0.08217378,0.44346672,0.6683047,0.0,0.0,0
213125775,-0.23102199,0.07027869,0.4479273,0.6683047,0.0,0.0,0
213145472,-0.23839232,0.03892032,0.45826107,0.6683047,0.0,0.0,0
213165178,-0.23875101,-0.0033309187,0.468186,0.6683047,0.0,0.0,0
213184881,-0.21625045,-0.050318465,0.4739639,0.6683047,0.0,0.0,0
213204726,-0.20798476,-0.07607524,0.4798214,0.6683047,0.0,0.0,0
213224284,-0.17292672,-0.09022997,0.4805768,0.6683047,0.0,0.0,0
213244270,-0.13521619,-0.093249165,0.4781582,0.6683047,0.0,0.0,0
213263701,-0.11872023,-0.09804873,0.47821167,0.6683047,0.0,0.0,0
213288344,-0.11619823,-0.09503453,0.47730488,0.6683047,0.0,0.0,0
213303115,-0.118497305,-0.089868285,0.47952306,0.6683047,0.0,0.0,0
213327741,-0.16037355,-0.08403356,0.48833075,0.6683047,0.0,0.0,0
213347407,-0.1884451,-0.08276711,0.50412166,0.6683047,0.0,0.0,0
213362177,-0.21256992,-0.07080978,0.5029032,0.6683047,0.0,0.0,0
213386813,-0.24398601,-0.03453857,0.49539322,0.6683047,0.0,0.0,0
213406509,-0.2521065,0.012991447,0.4911821,0.6683047,0.0,0.0,0
213426205,-0.24615692,0.04808375,0.4881119,0.6683047,0.0,0.0,0
213445935,-0.2451942,0.060454287,0.49081075,0.6683047,0.0,0.0,0
213465615,-0.2541884,0.045372695,0.49710366,0.6683047,0.0,0.0,0
213485310,-0.25323513,0.01632222,0.51007056,0.6683047,0.0,0.0,0
213505020,-0.23031302,-0.022685017,0.52432317,0.6683047,0.0,0.0,0
213524717,-0.23285277,-0.052590925,0.53701234,0.6670762,0.0,0.0,0
213544421,-0.20037869,-0.06399124,0.54425013,0.6683047,0.0,0.0,0
213569043,-0.1561109,-0.05942799,0.54587704,0.6683047,0.0,0.0,0
213583822,-0.14969614,-0.0584291,0.5450761,0.6683047,0.0,0.0,0
213603537,-0.11731841,-0.05632989,0.56061727,0.6683047,0.0,0.0,0
213628168,-0.119092844,-0.038021695,0.5672978,0.6683047,0.0,0.0,0
213643174,-0.14605011,-0.034403287,0.56839144,0.6683047,0.0,0.0,0
213662622,-0.17290369,-0.03440655,0.5776846,0.6683047,0.0,0.0,0
213687250,-0.1872755,-0.020106522,0.58135295,0.6683047,0.0,0.0,0
213706951,-0.21163273,0.009300251,0.5742327,0.6683047,0.0,0.0,0
213726694,-0.21414226,0.053147595,0.56658494,0.6683047,0.0,0.0,0
213746386,-0.21480362,0.08558268,0.55475533,0.6683047,0.0,0.0,0
213766077,-0.22574921,0.08575706,0.5555186,0.6683047,0.0,0.0,0
213785821,-0.24165846,0.061864637,0.5651803,0.6683047,0.0,0.0,0
213805461,-0.252941,0.02954727,0.577259,0.6683047,0.0,0.0,0
213825185,-0.2349876,-0.0026502917,0.5895849,0.6683047,0.0,0.0,0
213844889,-0.22274584,-0.025104336,0.5958078,0.6683047,0.0,0.0,0
213864553,-0.19240099,-0.033044513,0.5956472,0.6683047,0.0,0.0,0
213884257,-0.1566109,-0.028221572,0.59085673,0.6683047,0.0,0.0,0
213903961,-0.14134449,-0.026173929,0.5822493,0.6683047,0.0,0.0,0
213923659,-0.12669103,-0.018706888,0.5790215,0.6683047,0.0,0.0,0
213943363,-0.13157766,-0.007129418,0.57605577,0.6683047,0.0,0.0,0
213967997,-0.19286814,0.005212285,0.55932814,0.6670762,0.0,0.0,0
213987683,-0.2309233,0.015548255,0.5585804,0.6670762,0.0,0.0,0
214002462,-0.26000097,0.021976866,0.55298084,0.6683047,0.0,0.0,0
214027177,-0.2802573,0.0612185,0.5395725,0.6683047,0.0,0.0,0
214046872,-0.2953016,0.10769739,0.5228363,0.6670762,0.0,0.0,0
214061572,-0.29700655,0.1358589,0.51189023,0.6670762,0.0,0.0,0
214086190,-0.30397004,0.15398486,0.5012585,0.6683047,0.0,0.0,0
214105893,-0.32060087,0.1429667,0.5025476,0.6683047,0.0,0.0,0
214125614,-0.3339047,0.10984185,0.50983113,0.6683047,0.0,0.0,0
214145294,-0.32193357,0.07619504,0.52214116,0.6683047,0.0,0.0,0
214164999,-0.31663635,0.03487504,0.5307462,0.6683047,0.0,0.0,0
214184750,-0.29104927,0.019541994,0.5237815,0.6683047,0.0,0.0,0
214204419,-0.2662879,0.019670406,0.51851743,0.6670762,0.0,0.0,0
214224128,-0.25975162,0.017195545,0.5159697,0.6683047,0.0,0.0,0
214243835,-0.24114598,0.011618483,0.51300836,0.6683047,0.0,0.0,0
214268463,-0.24600455,0.014222826,0.51213664,0.6683047,0.0,0.0,0
214283235,-0.27419958,0.016964084,0.51297116,0.6683047,0.0,0.0,0
214302930,-0.30273315,0.015404825,0.51531506,0.6683047,0.0,0.0,0
214327573,-0.3187579,0.024781626,0.5130297,0.6683047,0.0,0.0,0
214342304,-0.33570412,0.0440418,0.5037324,0.6683047,0.0,0.0,0
214366925,-0.34402347,0.09205557,0.48604617,0.6683047,0.0,0.0,0
214386685,-0.33910167,0.12180439,0.47102877,0.6683047,0.0,0.0,0
214406329,-0.33618173,0.12851164,0.46857688,0.6683047,0.0,0.0,0
214426114,-0.34396306,0.11297899,0.47493443,0.6683047,0.0,0.0,0
214445756,-0.34719,0.08398509,0.4863255,0.6683047,0.0,0.0,0
214465442,-0.32753918,0.049414296,0.49835542,0.6683047,0.0,0.0,0
214485135,-0.32093757,0.020422317,0.5083743,0.6683047,0.0,0.0,0
214504836,-0.2941595,0.0109861605,0.5098876,0.6683047,0.0,0.0,0
214524545,-0.2529492,0.011777909,0.507023,0.6683047,0.0,0.0,0
214549159,-0.22139965,0.01519005,0.50407284,0.6683047,0.0,0.0,0
214563936,-0.21094304,0.016604673,0.5030403,0.6683047,0.0,0.0,0
214583646,-0.20232771,0.020484285,0.5013682,0.6683047,0.0,0.0,0
214608263,-0.20911679,0.022688344,0.50105673,0.6683047,0.0,0.0,0
214623071,-0.22031763,0.02112019,0.5021561,0.6683047,0.0,0.0,0
214642767,-0.2249815,0.029853312,0.49961245,0.6683047,0.0,0.0,0
214667361,-0.22982986,0.07081503,0.48640102,0.6683047,0.0,0.0,0
214687067,-0.23406386,0.12192857,0.4689402,0.6683047,0.0,0.0,0
214706773,-0.23119292,0.16439047,0.45366734,0.6683047,0.0,0.0,0
214726497,-0.2363022,0.18540321,0.4458832,0.6683047,0.0,0.0,0
214746202,-0.2523051,0.1824627,0.4469205,0.6683047,0.0,0.0,0
214765892,-0.26745737,0.16770174,0.45253032,0.6683047,0.0,0.0,0
214785580,-0.26550642,0.1485792,0.45974728,0.6683047,0.0,0.0,0
214805272,-0.28611323,0.13579518,0.4648081,0.6683047,0.0,0.0,0
214825056,-0.28188676,0.13739066,0.464118,0.6683047,0.0,0.0,0
214844672,-0.2769551,0.14374846,0.4590871,0.6683047,0.0,0.0,0
214864380,-0.29474995,0.15319458,0.44973567,0.6683047,0.0,0.0,0
214884075,-0.30708373,0.15981454,0.44632316,0.6683047,0.0,0.0,0
214903783,-0.3290122,0.17161061,0.43851346,0.6683047,0.0,0.0,0
214923487,-0.37227187,0.18721266,0.43205833,0.6683047,0.0,0.0,0
214948108,-0.42603287,0.20303276,0.42818713,0.6683047,0.0,0.0,0
214967815,-0.4587924,0.22312133,0.41857833,0.6670762,0.0,0.0,0
214982582,-0.47559148,0.24867283,0.40588486,0.6683047,0.0,0.0,0
215007230,-0.49804386,0.3065386,0.37556753,0.6683047,0.0,0.0,0
215026943,-0.5030313,0.34466833,0.3548414,0.6683047,0.0,0.0,0
215041690,-0.5065196,0.35957277,0.3464314,0.6683047,0.0,0.0,0
215066310,-0.51194465,0.3538746,0.34926745,0.6683047,0.0,0.0,0
215086012,-0.5135274,0.33171746,0.36137915,0.6683047,0.0,0.0,0
215105724,-0.48964557,0.30328426,0.3777301,0.6683047,0.0,0.0,0
215125427,-0.48035228,0.28032273,0.38993177,0.6683047,0.0,0.0,0
215145118,-0.43902007,0.27311546,0.39483133,0.6683047,0.0,0.0,0
215164852,-0.3957679,0.28696567,0.38961464,0.6683047,0.0,0.0,0
215184545,-0.3672084,0.29890642,0.3853404,0.6683047,0.0,0.0,0
215204284,-0.35215858,0.30945244,0.38118047,0.6683047,0.0,0.0,0
215224073,-0.3445321,0.31857243,0.37735116,0.6683047,0.0,0.0,0
215248554,-0.37740567,0.32946363,0.37026158,0.6683047,0.0,0.0,0
215263325,-0.4078238,0.33149663,0.36744958,0.6683047,0.0,0.0,0
215283026,-0.44200918,0.3397172,0.36120325,0.6683047,0.0,0.0,0
215307642,-0.4711693,0.36860755,0.34393764,0.6683047,0.0,0.0,0
215322429,-0.4812093,0.39348602,0.3294664,0.6683047,0.0,0.0,0
215347047,-0.49022016,0.42607757,0.3071825,0.6683047,0.0,0.0,0
215366755,-0.49403772,0.42982322,0.30465165,0.6683047,0.0,0.0,0
215386454,-0.49093848,0.4098612,0.31640154,0.6683047,0.0,0.0,0
215406184,-0.47394273,0.371892,0.33892927,0.6683047,0.0,0.0,0
215425884,-0.42182973,0.3240301,0.36731988,0.6683047,0.0,0.0,0
215445554,-0.41750467,0.28604886,0.3862053,0.6683047,0.0,0.0,0
215465251,-0.38432008,0.26447687,0.3975605,0.6683047,0.0,0.0,0
215484978,-0.34214514,0.25156415,0.40467545,0.6683047,0.0,0.0,0
215504661,-0.30725458,0.2396466,0.41077143,0.6683047,0.0,0.0,0
215524350,-0.29000708,0.23237258,0.41423872,0.6683047,0.0,0.0,0
215544063,-0.28911826,0.2239052,0.41771808,0.6683047,0.0,0.0,0
215563760,-0.32125688,0.21672623,0.4200682,0.6683047,0.0,0.0,0
215588390,-0.38203263,0.20117827,0.4164392,0.6683047,0.0,0.0,0
215603239,-0.40160745,0.2008177,0.4164304,0.6683047,0.0,0.0,0
215622941,-0.42360455,0.21547455,0.40705195,0.6683047,0.0,0.0,0
215647498,-0.43206453,0.24859828,0.3884297,0.6683047,0.0,0.0,0
215667190,-0.42956728,0.2620876,0.37915143,0.6683047,0.0,0.0,0
215681964,-0.42720717,0.25868434,0.3802106,0.6683047,0.0,0.0,0
215706625,-0.4383398,0.21628453,0.39338103,0.6683047,0.0,0.0,0
215726319,-0.45044133,0.1652237,0.41317123,0.6683047,0.0,0.0,0
215746020,-0.43558198,0.11591347,0.43076473,0.6683047,0.0,0.0,0
215765759,-0.45324948,0.07739713,0.44411767,0.6683047,0.0,0.0,0
215785396,-0.4711731,0.04791742,0.44716913,0.6683047,0.0,0.0,0
215805119,-0.45565996,0.035216838,0.4485569,0.6683047,0.0,0.0,0
215824815,-0.42571497,0.030005654,0.44555765,0.6683047,0.0,0.0,0
215844499,-0.4014592,0.026166933,0.4452284,0.6683047,0.0,0.0,0
215864202,-0.39605612,0.018819125,0.44109887,0.6683047,0.0,0.0,0
215883909,-0.40763652,0.010869975,0.43817008,0.6683047,0.0,0.0,0
215903609,-0.4307638,-0.0011076058,0.43094397,0.6683047,0.0,0.0,0
215928227,-0.41735232,0.0070355744,0.42383957,0.6683047,0.0,0.0,0
215947927,-0.41705766,0.03938668,0.409035,0.6683047,0.0,0.0,0
215962705,-0.41025993,0.067483045,0.39481232,0.6683047,0.0,0.0,0
215987583,-0.39176914,0.11201531,0.37110525,0.6683047,0.0,0.0,0
216007286,-0.3984523,0.11930596,0.3591517,0.6683047,0.0,0.0,0
216021836,-0.40133613,0.109587885,0.36022612,0.6683047,0.0,0.0,0
216046462,-0.40676063,0.075408556,0.37001562,0.6683047,0.0,0.0,0
216066134,-0.38690478,0.03925581,0.37667957,0.6683047,0.0,0.0,0
216085828,-0.3699245,0.008941991,0.3856591,0.6683047,0.0,0.0,0
216105536,-0.35227558,-0.014515533,0.38317367,0.6683047,0.0,0.0,0
216125236,-0.339988,-0.034550976,0.3767281,0.6683047,0.0,0.0,0
216144964,-0.31902534,-0.041281328,0.371198,0.6683047,0.0,0.0,0
216164677,-0.33443287,-0.048306942,0.35852924,0.6683047,0.0,0.0,0
216184363,-0.35896912,-0.045771543,0.35928747,0.6683047,0.0,0.0,0
216204109,-0.45777893,-0.059038047,0.34200525,0.6683047,0.0,0.0,0
216228670,-0.599018,-0.08754392,0.325599,0.6683047,0.0,0.0,0
216243440,-0.691546,-0.086440146,0.29924193,0.6683047,0.0,0.0,0
216263136,-0.72912323,-0.07353269,0.29198435,0.6683047,0.0,0.0,0
216287779,-0.86154824,-0.016004259,0.21202993,0.6683047,0.0,0.0,0
216302543,-0.8630295,-0.008950302,0.20293051,0.6683047,0.0,0.0,0
216327215,-0.9386673,0.018098418,0.14501853,0.6683047,0.0,0.0,0
216346873,-1.016574,0.013072144,0.08766335,0.6683047,0.0,0.0,0
216366571,-1.0940832,-0.008801964,0.027550956,0.6683047,0.0,0.0,0
216386426,-1.2029861,0.03521656,0.067735255,0.6683047,0.0,0.0,0
216406647,-1.1926055,0.010925971,0.07811663,0.6683047,0.0,0.0,0
216425676,-1.2217305,0.12684572,0.12577476,0.6683047,0.0,0.0,0
216445395,-1.2217305,0.18736303,0.10581622,0.6683047,0.0,0.0,0
216465082,-1.2217305,0.21960936,0.09805919,0.6683047,0.0,0.0,0
216484779,-1.1861178,0.22326933,0.10024517,0.6683047,0.0,0.0,0
216504478,-1.1485337,0.22150102,0.1036618,0.6683047,0.0,0.0,0
216524184,-1.1694889,0.21844651,0.10305612,0.6683047,0.0,0.0,0
216543883,-1.1929584,0.2083235,0.10464619,0.6683047,0.0,0.0,0
216568506,-1.2009169,0.21024638,0.10344431,0.6683047,0.0,0.0,0
216583309,-1.213927,0.22412692,0.0978278,0.6683047,0.0,0.0,0
216603010,-1.2077805,0.25141105,0.08906366,0.6683047,0.0,0.0,0
216627607,-1.174946,0.28064921,0.072310396,0.6683047,0.0,0.0,0
216647312,-1.10808,0.24671602,0.053938728,0.6683047,0.0,0.0,0
216662137,-1.0903823,0.23057297,0.060847286,0.6683047,0.0,0.0,0
216686779,-0.96810555,0.13634044,0.049081247,0.6683047,0.0,0.0,0
216706456,-0.8781559,0.094785295,0.062366575,0.6683047,0.0,0.0,0
216726144,-0.8369152,0.0326177,0.05276625,0.6683047,0.0,0.0,0
216745871,-0.75714433,-0.014088909,0.033774175,0.6683047,0.0,0.0,0
216765693,-0.673228,-0.041376382,0.0114196865,0.6683047,0.0,0.0,0
216785497,-0.6435021,-0.055612758,0.014639523,0.6683047,0.0,0.0,0
216805181,-0.61295086,-0.057287805,0.014334229,0.6683047,0.0,0.0,0
216824620,-0.5847505,-0.06325184,0.015070458,0.6683047,0.0,0.0,0
216844314,-0.61074317,-0.07279859,0.01814695,0.6683047,0.0,0.0,0
216864021,-0.6145472,-0.099953294,0.025077632,0.6683047,0.0,0.0,0
216883720,-0.59193236,-0.11403293,0.027516104,0.6683047,0.0,0.0,0
216903416,-0.5795878,-0.128159,0.033140976,0.6683047,0.0,0.0,0
216928057,-0.563748,-0.11136342,0.028410297,0.6683047,0.0,0.0,0
216942835,-0.5521899,-0.09737492,0.024706127,0.6683047,0.0,0.0,0
216967459,-0.53522944,-0.11279717,0.0388677,0.6683047,0.0,0.0,0
216987196,-0.5435774,-0.14293168,0.046128813,0.6683047,0.0,0.0,0
217001952,-0.5057821,-0.23508702,0.10027478,0.6670762,0.0,0.0,0
217026556,-0.48768798,-0.29152778,0.1170598,0.6683047,0.0,0.0,0
217046251,-0.533993,-0.32145163,0.1300816,0.6683047,0.0,0.0,0
217065955,-0.55249786,-0.3351762,0.12970069,0.6683047,0.0,0.0,0
217085659,-0.53216386,-0.34067044,0.12794216,0.6683047,0.0,0.0,0
217105351,-0.5048011,-0.33393434,0.122400135,0.6683047,0.0,0.0,0
217125079,-0.4750715,-0.3420783,0.11674464,0.6683047,0.0,0.0,0
217144800,-0.4501704,-0.34644505,0.1108443,0.6683047,0.0,0.0,0
217164494,-0.45125145,-0.34999132,0.10530977,0.6683047,0.0,0.0,0
217184470,-0.48527184,-0.3433457,0.07384048,0.6683047,0.0,0.0,0
217208785,-0.45944622,-0.31862262,0.059224248,0.6683047,0.0,0.0,0
217223594,-0.45192462,-0.28447387,0.05199186,0.6683047,0.0,0.0,0
217243256,-0.43149117,-0.23200053,0.040444884,0.6683047,0.0,0.0,0
217267912,-0.41108462,-0.17623319,0.02924274,0.6683047,0.0,0.0,0
217282670,-0.40800768,-0.17014757,0.028017804,0.6683047,0.0,0.0,0
217307288,-0.3957774,-0.17532106,0.027989466,0.6670762,0.0,0.0,0
217326992,-0.38713503,-0.20727117,0.03235582,0.6670762,0.0,0.0,0
217346694,-0.34386802,-0.24233915,0.03354489,0.6683047,0.0,0.0,0
217366387,-0.37222838,-0.27262387,0.04089398,0.6683047,0.0,0.0,0
217386129,-0.3658611,-0.29112604,0.04291146,0.6683047,0.0,0.0,0
217405794,-0.30499512,-0.350853,0.074484885,0.6683047,0.0,0.0,0
217425495,-0.2500388,-0.40901068,0.10258518,0.6683047,0.0,0.0,0
217445198,-0.19474562,-0.45674354,0.12914714,0.6683047,0.0,0.0,0
217464900,-0.17031343,-0.48417604,0.14767109,0.6683047,0.0,0.0,0
217484593,-0.2101136,-0.48757994,0.15542938,0.6683047,0.0,0.0,0
217504321,-0.22814386,-0.501487,0.17457587,0.6683047,0.0,0.0,0
217523993,-0.22610246,-0.5066419,0.18865855,0.6683047,0.0,0.0,0
217548651,-0.23161247,-0.49929038,0.20675418,0.6683047,0.0,0.0,0
217563500,-0.21451052,-0.48796117,0.22287859,0.6683047,0.0,0.0,0
217583382,-0.21508352,-0.47263622,0.22467425,0.6683047,0.0,0.0,0
217607771,-0.22971785,-0.4729169,0.22398287,0.6683047,0.0,0.0,0
217627454,-0.2556215,-0.51209325,0.21438108,0.6683047,0.0,0.0,0
217642197,-0.25976583,-0.5438776,0.20918374,0.6683047,0.0,0.0,0
217666843,-0.2128718,-0.5962146,0.19799976,0.6683047,0.0,0.0,0
217686552,-0.19652098,-0.6260392,0.19759472,0.6683047,0.0,0.0,0
217706261,-0.16541126,-0.64107305,0.19104767,0.6683047,0.0,0.0,0
217725949,-0.123349294,-0.6369315,0.17609778,0.6683047,0.0,0.0,0
217745635,-0.08453851,-0.62608844,0.16529171,0.6683047,0.0,0.0,0
217765374,-0.06497478,-0.61933064,0.15991095,0.6683047,0.0,0.0,0
217785088,-0.06520179,-0.61281186,0.15606411,0.6683047,0.0,0.0,0
217804742,-0.08411397,-0.60987616,0.16057739,0.6683047,0.0,0.0,0
217824435,-0.10733587,-0.61474085,0.16671874,0.6683047,0.0,0.0,0
217844140,-0.13305968,-0.611992,0.1692677,0.6683047,0.0,0.0,0
217863846,-0.15461612,-0.59251535,0.16934295,0.6683047,0.0,0.0,0
217883540,-0.17286807,-0.56265163,0.17088452,0.6683047,0.0,0.0,0
217908160,-0.22403449,-0.54450685,0.15216082,0.6683047,0.0,0.0,0
217922946,-0.22495288,-0.55672365,0.1543586,0.6683047,0.0,0.0,0
217947568,-0.23675577,-0.6064273,0.152501,0.6683047,0.0,0.0,0
217967346,-0.23187083,-0.655262,0.14619331,0.6683047,0.0,0.0,0
217982324,-0.19469796,-0.6880278,0.13937935,0.6683047,0.0,0.0,0
218006675,-0.17125013,-0.73164755,0.12212953,0.6683047,0.0,0.0,0
218026368,-0.13368775,-0.7486602,0.10132456,0.6683047,0.0,0.0,0
218046072,-0.082744,-0.7437063,0.0749544,0.6683047,0.0,0.0,0
218065787,-0.048440177,-0.7235713,0.060317945,0.6683047,0.0,0.0,0
218085486,-0.043909952,-0.70345765,0.058699973,0.6683047,0.0,0.0,0
218105215,-0.06189298,-0.6854373,0.0631561,0.6683047,0.0,0.0,0
218124912,-0.11396281,-0.6712056,0.076709814,0.6683047,0.0,0.0,0
218144599,-0.17882189,-0.6642633,0.09015914,0.6683047,0.0,0.0,0
218164343,-0.22498684,-0.64985216,0.10469876,0.6683047,0.0,0.0,0
218188920,-0.26876998,-0.6135438,0.11202521,0.6547911,0.0,0.0,0
218203676,-0.28646332,-0.5834293,0.11266381,0.6547911,0.0,0.0,0
218223401,-0.30277267,-0.5553683,0.11282203,0.65356266,0.0,0.0,0
218248021,-0.30815402,-0.56091297,0.121787496,0.65356266,0.0,0.0,0
218262781,-0.31000096,-0.58508646,0.12555079,0.65356266,0.0,0.0,0
218282479,-0.29366302,-0.6266588,0.12705246,0.65356266,0.0,0.0,0
218307107,-0.21660101,-0.71131957,0.12714805,0.65356266,0.0,0.0,0
218326824,-0.19189991,-0.744171,0.1227562,0.65356266,0.0,0.0,0
218346515,-0.13071099,-0.76828325,0.12070035,0.65356266,0.0,0.0,0
218366289,-0.07069272,-0.7653146,0.10563773,0.65356266,0.0,0.0,0
218385938,-0.013839831,-0.75917876,0.089033075,0.65356266,0.0,0.0,0
218405628,0.038305365,-0.76435816,0.0665515,0.65356266,0.0,0.0,0
218425344,0.057794806,-0.75443965,0.05363411,0.65356266,0.0,0.0,0
218445036,0.07205887,-0.7566891,0.06463038,0.6547911,0.0,0.0,0
218464724,0.08280425,-0.7986527,0.08920709,0.65356266,0.0,0.0,0
218484416,0.108276166,-0.81240344,0.105997324,0.65356266,0.0,0.0,0
218504120,0.088457964,-0.78320974,0.12004215,0.65356266,0.0,0.0,0
218528752,0.12877773,-0.7358451,0.13851638,0.65356266,0.0,0.0,0
218543549,0.123759344,-0.7061594,0.14096922,0.65356266,0.0,0.0,0
218563287,0.11322909,-0.6871809,0.14790633,0.65356266,0.0,0.0,0
218587868,0.11346743,-0.7084404,0.1514974,0.65356266,0.0,0.0,0
218607584,0.14713763,-0.7385086,0.13818832,0.65356266,0.0,0.0,0
218622325,0.20047578,-0.7590411,0.12427341,0.65356266,0.0,0.0,0
218646944,0.24971737,-0.7862646,0.09612109,0.65356266,0.0,0.0,0
218666651,0.29230323,-0.7891158,0.072938204,0.65356266,0.0,0.0,0
218681431,0.31083035,-0.77713925,0.05956261,0.65356266,0.0,0.0,0
218706053,0.37839267,-0.74220264,0.045573495,0.65356266,0.0,0.0,0
218725750,0.37916198,-0.71606886,0.04536868,0.65356266,0.0,0.0,0
218745455,0.37405086,-0.6916775,0.066214666,0.65356266,0.0,0.0,0
218765238,0.37234938,-0.68220973,0.08435386,0.65356266,0.0,0.0,0
218784861,0.3768685,-0.6961485,0.106492184,0.65356266,0.0,0.0,0
218804555,0.3813556,-0.69668466,0.13129735,0.65356266,0.0,0.0,0
218824255,0.40622884,-0.6761101,0.13288698,0.65356266,0.0,0.0,0
218843964,0.42249998,-0.64063305,0.13762766,0.65356266,0.0,0.0,0
218863667,0.4196731,-0.6143444,0.14602955,0.65356266,0.0,0.0,0
218888297,0.42954582,-0.6177225,0.15006603,0.65356266,0.0,0.0,0
218903058,0.4148892,-0.6302874,0.16110526,0.65356266,0.0,0.0,0
218927689,0.41965312,-0.67766774,0.18022263,0.65356266,0.0,0.0,0
218947416,0.41663077,-0.7034282,0.20100132,0.65356266,0.0,0.0,0
218962189,0.41725713,-0.7214386,0.21045615,0.65356266,0.0,0.0,0
218986794,0.5132096,-0.75955105,0.17352492,0.65356266,0.0,0.0,0
219006492,0.58888483,-0.7925928,0.15939036,0.65356266,0.0,0.0,0
219026203,0.6180599,-0.7918201,0.15241376,0.65356266,0.0,0.0,0
219045891,0.65914375,-0.78421825,0.13613027,0.65356266,0.0,0.0,0
219065593,0.66787994,-0.77581424,0.15985732,0.65356266,0.0,0.0,0
219085309,0.6954157,-0.7886506,0.19046874,0.65233415,0.0,0.0,0
219105002,0.6608265,-0.77897596,0.21713813,0.65233415,0.0,0.0,0
219124706,0.66529435,-0.78982794,0.27446905,0.65110564,0.0,0.0,0
219144434,0.6610158,-0.78111964,0.3216383,0.65110564,0.0,0.0,0
219169314,0.65120536,-0.74560755,0.3655287,0.65110564,0.0,0.0,0
219183838,0.6333211,-0.70728266,0.39470294,0.65110564,0.0,0.0,0
219203526,0.64736587,-0.6714885,0.4173969,0.64987713,0.0,0.0,0
219228161,0.59609944,-0.6617141,0.4557637,0.64987713,0.0,0.0,0
219242904,0.6031787,-0.68580186,0.48385513,0.64987713,0.0,0.0,0
219262607,0.6219945,-0.7623123,0.5088703,0.6486486,0.0,0.0,0
219287223,0.59553134,-0.78616256,0.53151035,0.6474201,0.0,0.0,0
219306930,0.6348415,-0.79918677,0.49813628,0.6425061,0.0,0.0,0
219326632,0.6542026,-0.8023442,0.48359504,0.6425061,0.0,0.0,0
219346351,0.6685084,-0.78186905,0.46924493,0.6412776,0.0,0.0,0
219366064,0.69647616,-0.77416486,0.45107576,0.6400491,0.0,0.0,0
219385738,0.7124476,-0.7520245,0.44544038,0.6400491,0.0,0.0,0
219405433,0.6904382,-0.7164902,0.47851542,0.63882065,0.0,0.0,0
219425139,0.6979607,-0.6853317,0.47971594,0.6400491,0.0,0.0,0
219444843,0.6524906,-0.6575053,0.5125364,0.63882065,0.0,0.0,0
219464530,0.60450286,-0.62900007,0.5470128,0.63882065,0.0,0.0,0
219484239,0.61110896,-0.5996927,0.55429846,0.63882065,0.0,0.0,0
219509039,0.58099866,-0.5348455,0.57013774,0.63882065,0.0,0.0,0
219523638,0.56444585,-0.4983413,0.5781919,0.63882065,0.0,0.0,0
219543430,0.55116,-0.46676758,0.58318615,0.63882065,0.0,0.0,0
219568004,0.5137579,-0.4667267,0.61210364,0.63882065,0.0,0.0,0
219587672,0.48963165,-0.48020974,0.63218033,0.63882065,0.0,0.0,0
219602438,0.45031813,-0.48367688,0.6556434,0.63882065,0.0,0.0,0
219627098,0.38213348,-0.47359106,0.6735018,0.63882065,0.0,0.0,0
219646811,0.3797,-0.4710007,0.66309863,0.63882065,0.0,0.0,0
219661596,0.36761707,-0.4510336,0.6602903,0.63882065,0.0,0.0,0
219686171,0.35854197,-0.4249463,0.6512737,0.6400491,0.0,0.0,0
219705874,0.35298887,-0.39999408,0.6314123,0.63882065,0.0,0.0,0
219725574,0.3305563,-0.37916103,0.645543,0.63882065,0.0,0.0,0
219745300,0.3123719,-0.3570509,0.6389115,0.63882065,0.0,0.0,0
219765002,0.35245347,-0.37164232,0.61163735,0.63882065,0.0,0.0,0
219784678,0.36374763,-0.38139352,0.6047781,0.6400491,0.0,0.0,0
219804379,0.37591863,-0.38812256,0.5965353,0.6400491,0.0,0.0,0
219824084,0.40822533,-0.38992357,0.568945,0.63882065,0.0,0.0,0
219843780,0.4019011,-0.3769971,0.55374753,0.63882065,0.0,0.0,0
219868407,0.42293066,-0.37841785,0.53856236,0.63882065,0.0,0.0,0
219883185,0.42096585,-0.39270648,0.54202276,0.63882065,0.0,0.0,0
219902904,0.40369174,-0.42604786,0.5591726,0.63882065,0.0,0.0,0
219927597,0.36588407,-0.470236,0.5814867,0.63882065,0.0,0.0,0
219942379,0.3298011,-0.4888013,0.61120266,0.63882065,0.0,0.0,0
219966909,0.31556308,-0.5313945,0.617797,0.6400491,0.0,0.0,0
219986649,0.32976854,-0.5567214,0.60347295,0.63882065,0.0,0.0,0
220006303,0.34289634,-0.55762357,0.58602184,0.63882065,0.0,0.0,0
220026015,0.36261457,-0.5443642,0.5697661,0.63882065,0.0,0.0,0
220045716,0.37417072,-0.5288853,0.5599411,0.63882065,0.0,0.0,0
220065409,0.3436507,-0.49997714,0.5789722,0.63882065,0.0,0.0,0
220085121,0.34018973,-0.48445478,0.57574415,0.6400491,0.0,0.0,0
220104821,0.30547896,-0.46301255,0.59902084,0.6400491,0.0,0.0,0
220124512,0.2588007,-0.43018073,0.62906516,0.6400491,0.0,0.0,0
220149203,0.2343035,-0.3856898,0.6300954,0.6400491,0.0,0.0,0
220163958,0.21898198,-0.34551412,0.63540894,0.6400491,0.0,0.0,0
220183669,0.20009908,-0.29543644,0.64137965,0.63882065,0.0,0.0,0
220208279,0.18333536,-0.27053672,0.645999,0.63882065,0.0,0.0,0
220223048,0.16517293,-0.26719034,0.6580992,0.6400491,0.0,0.0,0
220242736,0.14403628,-0.28680882,0.6732793,0.6400491,0.0,0.0,0
220267357,0.1290635,-0.32136872,0.6828108,0.63882065,0.0,0.0,0
220287064,0.120764166,-0.35078424,0.6860708,0.6400491,0.0,0.0,0
220307044,0.18263318,-0.3983949,0.6472471,0.63882065,0.0,0.0,0
220326654,0.24200855,-0.42040253,0.60662764,0.63882065,0.0,0.0,0
220346417,0.28723258,-0.4220664,0.57385075,0.63882065,0.0,0.0,0
220365856,0.31638196,-0.41962317,0.5529323,0.63882065,0.0,0.0,0
220385558,0.29504696,-0.40237913,0.5633385,0.63882065,0.0,0.0,0
220405251,0.25440603,-0.37579522,0.58915365,0.63882065,0.0,0.0,0
220424965,0.21728896,-0.35629472,0.61375046,0.63882065,0.0,0.0,0
220444679,0.15268058,-0.326314,0.6566306,0.63882065,0.0,0.0,0
220464363,0.08798686,-0.28931242,0.69451094,0.6400491,0.0,0.0,0
220484056,0.06258047,-0.25183553,0.70671207,0.63882065,0.0,0.0,0
220503764,0.03144869,-0.205524,0.7212064,0.63882065,0.0,0.0,0
220523487,0.010168702,-0.17576216,0.7312373,0.63882065,0.0,0.0,0
220548125,0.002398145,-0.18760374,0.7428008,0.63882065,0.0,0.0,0
220567791,-0.015544854,-0.22189172,0.7625119,0.63882065,0.0,0.0,0
220582560,-0.022614254,-0.25718012,0.77411264,0.63882065,0.0,0.0,0
220607209,-0.016863054,-0.32353482,0.78630954,0.63882065,0.0,0.0,0
220626918,0.04117499,-0.39845574,0.7851223,0.63882065,0.0,0.0,0
220641694,0.11125993,-0.4564754,0.7617942,0.6351351,0.0,0.0,0
220666322,0.18962145,-0.50407505,0.70904696,0.6351351,0.0,0.0,0
220685986,0.25287682,-0.51831454,0.66103727,0.6228501,0.0,0.0,0
220705707,0.28371128,-0.52743125,0.6315308,0.6203931,0.0,0.0,0
220725841,0.26450872,-0.5153788,0.641022,0.6191646,0.0,0.0,0
220745384,0.22001202,-0.49131632,0.6715372,0.6191646,0.0,0.0,0
220764791,0.15497956,-0.46019053,0.7164332,0.6191646,0.0,0.0,0
220784500,0.07640154,-0.41936657,0.76964504,0.6191646,0.0,0.0,0
220804194,0.02568291,-0.37497404,0.7924067,0.6191646,0.0,0.0,0
220823902,-0.0064735827,-0.32594004,0.8085212,0.6191646,0.0,0.0,0
220848545,-0.028605616,-0.27373323,0.8123371,0.6191646,0.0,0.0,0
220863294,-0.034406133,-0.26410466,0.81133807,0.6191646,0.0,0.0,0
220882996,-0.047137465,-0.2706292,0.82206714,0.6191646,0.0,0.0,0
220907631,-0.06448567,-0.31242174,0.84236956,0.6191646,0.0,0.0,0
220922422,-0.07029565,-0.3450883,0.85222256,0.6191646,0.0,0.0,0
220947057,-0.07309996,-0.3941949,0.86136436,0.6191646,0.0,0.0,0
220966735,-0.09120631,-0.42742276,0.87266463,0.6191646,0.0,0.0,0
220986434,-0.08726341,-0.45192224,0.87266463,0.6191646,0.0,0.0,0
221006139,-0.071182884,-0.46475017,0.87266463,0.6191646,0.0,0.0,0
221025837,-0.050038274,-0.47134715,0.86010605,0.6191646,0.0,0.0,0
221045551,-0.027526291,-0.47921354,0.84400386,0.6191646,0.0,0.0,0
221065277,0.029296573,-0.50040007,0.8232152,0.6191646,0.0,0.0,0
221084983,0.055242475,-0.5196625,0.8204999,0.6191646,0.0,0.0,0
221104717,0.06817719,-0.5338193,0.8171822,0.6191646,0.0,0.0,0
221129348,0.09341287,-0.5438102,0.8026728,0.6191646,0.0,0.0,0
221144071,0.11957237,-0.54442865,0.78284633,0.6191646,0.0,0.0,0
221163768,0.14780283,-0.5271819,0.763719,0.6191646,0.0,0.0,0
221188390,0.17741936,-0.4968907,0.7465965,0.6191646,0.0,0.0,0
221203163,0.19565716,-0.49222592,0.74161917,0.6191646,0.0,0.0,0
221222841,0.20628925,-0.48981792,0.74429625,0.6191646,0.0,0.0,0
221247473,0.18395233,-0.5084532,0.76404816,0.6191646,0.0,0.0,0
221267165,0.16118656,-0.5238418,0.7829786,0.6191646,0.0,0.0,0
221281943,0.1353084,-0.5372837,0.80570245,0.6191646,0.0,0.0,0
221306576,0.13212852,-0.5655447,0.810719,0.6191646,0.0,0.0,0
221326296,0.15531167,-0.57937187,0.794477,0.6191646,0.0,0.0,0
221345976,0.17232442,-0.57278687,0.7805226,0.6191646,0.0,0.0,0
221365676,0.19110756,-0.5535219,0.7635669,0.6191646,0.0,0.0,0
221385378,0.20646858,-0.53182256,0.7483885,0.6191646,0.0,0.0,0
221405083,0.17658891,-0.50040907,0.7643447,0.6191646,0.0,0.0,0
221424794,0.17151816,-0.4756155,0.76006544,0.6191646,0.0,0.0,0
221444474,0.14134757,-0.4436835,0.7743036,0.6191646,0.0,0.0,0
221464181,0.090489015,-0.39448023,0.79212695,0.6191646,0.0,0.0,0
221483879,0.06867586,-0.3494834,0.7849633,0.6191646,0.0,0.0,0
221503866,0.025295552,-0.29455575,0.7830343,0.6191646,0.0,0.0,0
221528291,-0.0073450087,-0.23148923,0.7708052,0.6191646,0.0,0.0,0
221547905,-0.010477786,-0.21164784,0.7585801,0.6191646,0.0,0.0,0
221562681,-0.014180774,-0.21168654,0.76136315,0.6191646,0.0,0.0,0
221587309,-0.035705455,-0.24255075,0.76882315,0.6191646,0.0,0.0,0
221607028,-0.056198694,-0.2700769,0.7644559,0.6191646,0.0,0.0,0
221621830,-0.103871256,-0.27824342,0.74356395,0.6191646,0.0,0.0,0
221646435,-0.1916181,-0.33553344,0.666883,0.6191646,0.0,0.0,0
221666145,-0.17263694,-0.36766028,0.6440032,0.6191646,0.0,0.0,0
221685818,-0.13877845,-0.38165304,0.6165289,0.6191646,0.0,0.0,0
221705554,-0.123595454,-0.37606195,0.5775366,0.6191646,0.0,0.0,0
221725258,-0.16200772,-0.35636196,0.51066476,0.6191646,0.0,0.0,0
221744930,-0.14074804,-0.36175537,0.5054078,0.6191646,0.0,0.0,0
221764615,-0.26646635,-0.3637394,0.44369525,0.6191646,0.0,0.0,0
221784319,-0.3765938,-0.36332625,0.40130952,0.6191646,0.0,0.0,0
221804035,-0.42023453,-0.3487802,0.40154347,0.6191646,0.0,0.0,0
221828639,-0.4387869,-0.3002001,0.40768075,0.6191646,0.0,0.0,0
221843421,-0.45221165,-0.25458997,0.4087709,0.6191646,0.0,0.0,0
221863129,-0.4207178,-0.2788423,0.4684459,0.6191646,0.0,0.0,0
221887746,-0.42151904,-0.29134607,0.5028929,0.6191646,0.0,0.0,0
221902662,-0.42050198,-0.310932,0.5400337,0.6191646,0.0,0.0,0
221927173,-0.47112,-0.32551804,0.5642988,0.6191646,0.0,0.0,0
221946850,-0.48448506,-0.3429121,0.5713052,0.6191646,0.0,0.0,0
221966554,-0.46878907,-0.36708736,0.5768354,0.6191646,0.0,0.0,0
221986280,-0.47358087,-0.39247096,0.5887631,0.6191646,0.0,0.0,0
222005953,-0.44205493,-0.40721038,0.587166,0.6191646,0.0,0.0,0
222025664,-0.39014608,-0.4214943,0.57978684,0.6191646,0.0,0.0,0
222045362,-0.3618901,-0.43092737,0.5764021,0.6191646,0.0,0.0,0
222065074,-0.3419749,-0.43588603,0.5730792,0.6191646,0.0,0.0,0
222084803,-0.31035054,-0.45825753,0.56423926,0.6191646,0.0,0.0,0
222104515,-0.37376165,-0.45188642,0.57453513,0.6191646,0.0,0.0,0
222124213,-0.40536433,-0.4613452,0.5859817,0.6191646,0.0,0.0,0
222143866,-0.40823036,-0.47270218,0.5906781,0.6191646,0.0,0.0,0
222168503,-0.40764448,-0.47540396,0.5919092,0.6191646,0.0,0.0,0
222183262,-0.4084719,-0.45833665,0.5861949,0.6191646,0.0,0.0,0
222202963,-0.3844584,-0.43570274,0.5764673,0.6191646,0.0,0.0,0
222227583,-0.3713875,-0.42374274,0.5692452,0.6191646,0.0,0.0,0
222247288,-0.35378298,-0.43338707,0.57648027,0.6191646,0.0,0.0,0
222262106,-0.34721044,-0.45183977,0.5807802,0.6191646,0.0,0.0,0
222286722,-0.33694524,-0.49348843,0.59155077,0.6191646,0.0,0.0,0
222306479,-0.30094284,-0.5351209,0.59422827,0.6191646,0.0,0.0,0
222326115,-0.27324134,-0.5723243,0.59675723,0.6191646,0.0,0.0,0
222345795,-0.24898551,-0.594245,0.59539264,0.6191646,0.0,0.0,0
222365532,-0.1998306,-0.5988673,0.5819223,0.6191646,0.0,0.0,0
222385209,-0.15155922,-0.5934942,0.5626889,0.6191646,0.0,0.0,0
222404917,-0.1358879,-0.5699226,0.5525087,0.6191646,0.0,0.0,0
222424600,-0.14794853,-0.54761654,0.5548754,0.6191646,0.0,0.0,0
222444292,-0.17624749,-0.5296182,0.55428016,0.6191646,0.0,0.0,0
222464016,-0.21833082,-0.5070661,0.56375015,0.6191646,0.0,0.0,0
222483706,-0.27404806,-0.4812986,0.5669056,0.6191646,0.0,0.0,0
222503431,-0.30738816,-0.45167366,0.5661921,0.6191646,0.0,0.0,0
222528040,-0.34698933,-0.40097344,0.5588999,0.6191646,0.0,0.0,0
222542816,-0.36404473,-0.370068,0.5523589,0.6191646,0.0,0.0,0
222567444,-0.36825338,-0.34796515,0.5453216,0.6191646,0.0,0.0,0
222587127,-0.37317282,-0.3588539,0.55038667,0.6191646,0.0,0.0,0
222601948,-0.36641094,-0.3849959,0.55823785,0.6191646,0.0,0.0,0
222626556,-0.322687,-0.45100668,0.57008106,0.6191646,0.0,0.0,0
222646269,-0.26705956,-0.5041311,0.56734324,0.6191646,0.0,0.0,0
222666019,-0.23182751,-0.5575436,0.5597147,0.6191646,0.0,0.0,0
222685646,-0.19164553,-0.5909119,0.5564715,0.6191646,0.0,0.0,0
222705414,-0.14662477,-0.6047314,0.53839546,0.6191646,0.0,0.0,0
222725043,-0.09654918,-0.60535514,0.52412385,0.6191646,0.0,0.0,0
222744738,-0.08652993,-0.5978447,0.5157556,0.6191646,0.0,0.0,0
222764434,-0.10066166,-0.59156466,0.5104988,0.6191646,0.0,0.0,0
222784132,-0.12820223,-0.584,0.5168175,0.6191646,0.0,0.0,0
222808768,-0.1866087,-0.57267463,0.53053063,0.6191646,0.0,0.0,0
222823541,-0.21484113,-0.55893093,0.53483737,0.6191646,0.0,0.0,0
222843235,-0.23776315,-0.5312998,0.5340684,0.6191646,0.0,0.0,0
222867883,-0.26469207,-0.4731838,0.5251859,0.6191646,0.0,0.0,0
222882681,-0.28410226,-0.4388143,0.5084185,0.6191646,0.0,0.0,0
222907300,-0.30956072,-0.41269034,0.4897926,0.6191646,0.0,0.0,0
222926996,-0.32722896,-0.4176823,0.48799914,0.6191646,0.0,0.0,0
222946670,-0.34837767,-0.4519456,0.48840415,0.6191646,0.0,0.0,0
222966368,-0.33774096,-0.48206854,0.4939744,0.6191646,0.0,0.0,0
222986075,-0.32502106,-0.5273569,0.4840482,0.6191646,0.0,0.0,0
223005777,-0.3469763,-0.56566435,0.47668874,0.6191646,0.0,0.0,0
223025476,-0.34744895,-0.5849511,0.457754,0.6191646,0.0,0.0,0
223045178,-0.3291743,-0.595824,0.4272927,0.6191646,0.0,0.0,0
223064909,-0.3447955,-0.62261516,0.39463618,0.6191646,0.0,0.0,0
223084637,-0.33338848,-0.6077549,0.38773674,0.6191646,0.0,0.0,0
223104389,-0.32529944,-0.60821295,0.37372124,0.6191646,0.0,0.0,0
223123984,-0.34002385,-0.60865283,0.37006524,0.6191646,0.0,0.0,0
223148602,-0.403914,-0.61763895,0.36674964,0.6191646,0.0,0.0,0
223163407,-0.42074826,-0.62151325,0.3717224,0.6191646,0.0,0.0,0
223183079,-0.48593763,-0.6417427,0.35939997,0.6191646,0.0,0.0,0
223207730,-0.5820396,-0.67860395,0.3369616,0.6191646,0.0,0.0,0
223227401,-0.6478622,-0.7274803,0.31335282,0.6191646,0.0,0.0,0
223242180,-0.691578,-0.7397107,0.2879647,0.6191646,0.0,0.0,0
223266815,-0.7228782,-0.7793026,0.28463036,0.6191646,0.0,0.0,0
223286560,-0.749972,-0.82950675,0.28346223,0.6191646,0.0,0.0,0
223306247,-0.7322485,-0.8784128,0.28302234,0.6191646,0.0,0.0,0
223325917,-0.66500825,-0.9287019,0.25775424,0.6203931,0.0,0.0,0
223345606,-0.6181369,-0.9694029,0.24470767,0.6191646,0.0,0.0,0
223365308,-0.5432033,-0.9922941,0.21906532,0.6191646,0.0,0.0,0
223385024,-0.45757708,-0.99461186,0.1841051,0.6191646,0.0,0.0,0
223404714,-0.39148775,-0.97561854,0.15403827,0.6191646,0.0,0.0,0
223424409,-0.38274637,-0.94912684,0.146456,0.6191646,0.0,0.0,0
223444149,-0.3712517,-0.92557,0.13846712,0.6191646,0.0,0.0,0
223463818,-0.4103243,-0.89817876,0.148756,0.6191646,0.0,0.0,0
223483590,-0.42236584,-0.8729422,0.1837838,0.6191646,0.0,0.0,0
223508164,-0.43204212,-0.85068697,0.2136415,0.6191646,0.0,0.0,0
223522915,-0.4332837,-0.83602035,0.2284837,0.6191646,0.0,0.0,0
223547547,-0.45177513,-0.8013699,0.24069431,0.6191646,0.0,0.0,0
223567245,-0.43457612,-0.78066987,0.25608116,0.6191646,0.0,0.0,0
223582054,-0.43834943,-0.7800904,0.25765297,0.6191646,0.0,0.0,0
223606685,-0.39884108,-0.813195,0.2858472,0.6191646,0.0,0.0,0
223626373,-0.36573198,-0.8531345,0.30391005,0.6191646,0.0,0.0,0
223646105,-0.31363052,-0.89170635,0.30918953,0.6191646,0.0,0.0,0
223665752,-0.2609339,-0.93791205,0.29654545,0.6191646,0.0,0.0,0
223685484,-0.16798115,-0.9136542,0.32146758,0.6191646,0.0,0.0,0
223705182,-0.06351266,-0.8939609,0.3265949,0.6191646,0.0,0.0,0
223724862,0.03068309,-0.8672664,0.28430834,0.6191646,0.0,0.0,0
223744552,0.10621466,-0.83248425,0.23869553,0.6191646,0.0,0.0,0
223764250,0.14182124,-0.81384975,0.20843105,0.6191646,0.0,0.0,0
223788877,0.21537763,-0.76783407,0.1766222,0.6191646,0.0,0.0,0
223803661,0.24752241,-0.74200916,0.16852792,0.6191646,0.0,0.0,0
223823359,0.27459466,-0.72705674,0.15747564,0.6191646,0.0,0.0,0
223847999,0.2703571,-0.73354846,0.15742871,0.6191646,0.0,0.0,0
223862763,0.1592647,-0.75524074,0.15926686,0.6191646,0.0,0.0,0
223882537,0.062116027,-0.75863725,0.16477554,0.6191646,0.0,0.0,0
223907086,-0.0067205564,-0.7548382,0.17007816,0.6191646,0.0,0.0,0
223926788,-0.056589108,-0.7730307,0.14342153,0.6191646,0.0,0.0,0
223946494,-0.111392535,-0.81998914,0.11435809,0.6191646,0.0,0.0,0
223966184,-0.10385182,-0.870128,0.116145246,0.6191646,0.0,0.0,0
223985891,-0.15171194,-0.93585527,0.07832833,0.6191646,0.0,0.0,0
224005604,-0.15670478,-0.99919486,0.0627136,0.6191646,0.0,0.0,0
224025312,-0.12886883,-1.0278691,0.054321796,0.6191646,0.0,0.0,0
224045024,-0.1152835,-1.0344515,0.043845825,0.6191646,0.0,0.0,0
224064725,-0.13428539,-1.0210134,-0.019277895,0.6203931,0.0,0.0,0
224084469,-0.12997903,-1.0032889,-0.06467217,0.6203931,0.0,0.0,0
224104100,-0.09229521,-0.97132325,-0.09655055,0.6203931,0.0,0.0,0
224128729,-0.13350679,-0.9471615,-0.09780395,0.6191646,0.0,0.0,0
224143496,-0.1579681,-0.9308208,-0.07615715,0.6191646,0.0,0.0,0
224163192,-0.20949855,-0.91069573,-0.040020883,0.6191646,0.0,0.0,0
224187825,-0.26925364,-0.8923516,0.0026773715,0.6191646,0.0,0.0,0
224207538,-0.30541208,-0.8717245,0.020853862,0.6191646,0.0,0.0,0
224222300,-0.31893405,-0.8519149,0.032158595,0.6191646,0.0,0.0,0
224246933,-0.31842068,-0.8088471,0.035119362,0.6191646,0.0,0.0,0
224266800,-0.28558403,-0.79734373,0.027642488,0.6191646,0.0,0.0,0
224281498,-0.27233025,-0.81847274,0.024976004,0.6191646,0.0,0.0,0
224306035,-0.26251388,-0.8777111,0.020954655,0.6191646,0.0,0.0,0
224325731,-0.23702556,-0.92330366,0.0031885586,0.6191646,0.0,0.0,0
224345437,-0.18435721,-0.9612656,-0.029345447,0.6191646,0.0,0.0,0
224365132,-0.121848576,-0.98883045,-0.05438515,0.6191646,0.0,0.0,0
224384843,-0.07146616,-0.9891686,-0.09793336,0.6191646,0.0,0.0,0
224404544,0.009772589,-0.9664992,-0.14638948,0.6191646,0.0,0.0,0
224424229,0.07000726,-0.93893766,-0.14783259,0.6191646,0.0,0.0,0
224443933,0.10741495,-0.9120121,-0.14275041,0.6191646,0.0,0.0,0
224463707,0.14191054,-0.89753425,-0.1284472,0.6191646,0.0,0.0,0
224488332,0.15508947,-0.8836886,-0.106321655,0.6191646,0.0,0.0,0
224503079,0.18406403,-0.88163733,-0.07359659,0.6191646,0.0,0.0,0
224527705,0.16364545,-0.87751466,-0.05752269,0.6191646,0.0,0.0,0
224547364,0.14851014,-0.8689708,-0.0516812,0.6191646,0.0,0.0,0
224562138,0.13284442,-0.85881716,-0.045678627,0.6191646,0.0,0.0,0
224586772,0.13761824,-0.8438958,-0.050629348,0.6191646,0.0,0.0,0
224606466,0.13837934,-0.8565999,-0.051076766,0.6191646,0.0,0.0,0
224626167,0.17339697,-0.89121044,-0.070806704,0.6191646,0.0,0.0,0
224645869,0.22530895,-0.9394052,-0.09906826,0.6191646,0.0,0.0,0
224665826,0.2601821,-0.9956625,-0.10837701,0.6191646,0.0,0.0,0
224685581,0.30389875,-1.0471976,-0.084498964,0.6191646,0.0,0.0,0
224704971,0.3774389,-1.0471976,-0.13005029,0.6191646,0.0,0.0,0
224724671,0.42707393,-1.0471976,-0.16066904,0.6191646,0.0,0.0,0
224744376,0.4500108,-1.0471976,-0.17991649,0.6191646,0.0,0.0,0
224769000,0.47133905,-1.0114973,-0.19766761,0.6191646,0.0,0.0,0
224783782,0.47052467,-0.9923,-0.19551954,0.6191646,0.0,0.0,0
224803477,0.42604178,-0.9782628,-0.15668555,0.6191646,0.0,0.0,0
224828107,0.44021592,-0.96370804,-0.16435064,0.6191646,0.0,0.0,0
224842874,0.41529042,-0.9621363,-0.14658885,0.6191646,0.0,0.0,0
224862611,0.38173413,-0.962432,-0.113186754,0.6191646,0.0,0.0,0
224887244,0.3737303,-0.9477335,-0.10660409,0.6191646,0.0,0.0,0
224906919,0.3566389,-0.9278556,-0.09140571,0.6191646,0.0,0.0,0
224926615,0.34205514,-0.9208226,-0.07884633,0.6191646,0.0,0.0,0
224946314,0.34456745,-0.93042547,-0.07697469,0.6191646,0.0,0.0,0
224966012,0.32907945,-0.96684504,-0.06389296,0.6191646,0.0,0.0,0
224985717,0.31774455,-1.0144669,-0.054583553,0.6191646,0.0,0.0,0
225005450,0.31809995,-1.0471976,-0.046411604,0.6191646,0.0,0.0,0
225025156,0.2648642,-1.0471976,-0.0036183216,0.6191646,0.0,0.0,0
225044868,0.3208921,-1.0471976,-0.05519768,0.6191646,0.0,0.0,0
225065014,0.35255337,-1.0471976,-0.08241227,0.6191646,0.0,0.0,0
225084236,0.4039577,-1.0471976,-0.102153994,0.6191646,0.0,0.0,0
225103920,0.45176196,-1.0471976,-0.11848038,0.6191646,0.0,0.0,0
225123614,0.46602803,-1.0331627,-0.12967414,0.6191646,0.0,0.0,0
225143320,0.47419885,-1.0178783,-0.09895166,0.6191646,0.0,0.0,0
225167957,0.500202,-1.005619,-0.11289621,0.6191646,0.0,0.0,0
225187646,0.49826142,-1.0055085,-0.09413916,0.6191646,0.0,0.0,0
225202424,0.47449648,-1.0063733,-0.07326534,0.6191646,0.0,0.0,0
225227041,0.5001704,-0.99474686,-0.07501229,0.6191646,0.0,0.0,0
225246757,0.49262738,-0.9810747,-0.059667755,0.6191646,0.0,0.0,0
225261575,0.47853956,-0.97591794,-0.04738353,0.6191646,0.0,0.0,0
225286147,0.47886336,-0.993688,-0.039675694,0.6191646,0.0,0.0,0
225305863,0.5016123,-1.0274231,-0.02600317,0.6191646,0.0,0.0,0
225325566,0.50821024,-1.0471976,-0.019373022,0.6191646,0.0,0.0,0
225345272,0.49597016,-1.0471976,-0.008153972,0.6191646,0.0,0.0,0
225364966,0.44003835,-1.0471976,0.045612287,0.6191646,0.0,0.0,0
225384652,0.4966766,-1.0471976,-0.0063279355,0.6191646,0.0,0.0,0
225404353,0.5409503,-1.0471976,-0.032112483,0.6191646,0.0,0.0,0
225424065,0.5807314,-1.0471976,-0.054231375,0.6191646,0.0,0.0,0
225443860,0.60599524,-1.0471976,-0.06783444,0.6191646,0.0,0.0,0
225468439,0.5993946,-1.0471976,-0.046830773,0.6191646,0.0,0.0,0
225483185,0.5598568,-1.0471976,-0.01807608,0.6191646,0.0,0.0,0
225507821,0.5525172,-1.0321805,-0.011047743,0.6191646,0.0,0.0,0
225527498,0.49944493,-1.0228883,0.035385016,0.6191646,0.0,0.0,0
225542272,0.45368513,-1.0124642,0.07468614,0.6191646,0.0,0.0,0
225566886,0.44038838,-0.98032415,0.08509643,0.6191646,0.0,0.0,0
225586628,0.41432393,-0.94659173,0.1070265,0.6191646,0.0,0.0,0
225606287,0.39762956,-0.9237224,0.12048917,0.6191646,0.0,0.0,0
225626015,0.39839572,-0.92546123,0.119902134,0.6191646,0.0,0.0,0
225645733,0.38386422,-0.94944507,0.1328956,0.6191646,0.0,0.0,0
225665427,0.37360913,-0.9834018,0.14233066,0.6191646,0.0,0.0,0
225685090,0.35047475,-1.0137811,0.16387051,0.6191646,0.0,0.0,0
225704800,0.30499065,-1.0382937,0.2025306,0.6191646,0.0,0.0,0
225724491,0.36876407,-1.0471976,0.1386651,0.6191646,0.0,0.0,0
225749125,0.40998268,-1.0471976,0.103039555,0.6191646,0.0,0.0,0
225763897,0.4194222,-1.0377554,0.095224105,0.6191646,0.0,0.0,0
225783600,0.44510493,-1.0069544,0.07199347,0.6191646,0.0,0.0,0
225808227,0.43152034,-0.9705858,0.08511042,0.6191646,0.0,0.0,0
225823004,0.39865378,-0.9555397,0.11199212,0.6191646,0.0,0.0,0
225842857,0.40424603,-0.94678336,0.10718527,0.6154791,0.0,0.0,0
225867353,0.36400276,-0.93691236,0.14191315,0.6154791,0.0,0.0,0
225887032,0.34577915,-0.92844456,0.16925557,0.6031941,0.0,0.0,0
225906764,0.3897892,-0.91327745,0.16396965,0.6007371,0.0,0.0,0
225926428,0.37538907,-0.88872874,0.17568,0.6007371,0.0,0.0,0
225946130,0.40225315,-0.8819927,0.18566898,0.5995086,0.0,0.0,0
225965829,0.4186746,-0.8900103,0.18836342,0.5995086,0.0,0.0,0
225985564,0.41494495,-0.91308635,0.20856132,0.5995086,0.0,0.0,0
226005271,0.40607163,-0.9625287,0.23066638,0.5995086,0.0,0.0,0
226024960,0.3826919,-1.0045687,0.252619,0.5995086,0.0,0.0,0
226044692,0.33558604,-1.0310173,0.3167061,0.5995086,0.0,0.0,0
226064369,0.39650917,-1.0471976,0.29971677,0.5995086,0.0,0.0,0
226084028,0.44263673,-1.0471976,0.286253,0.5995086,0.0,0.0,0
226103741,0.47840667,-1.0471976,0.27559417,0.5995086,0.0,0.0,0
226123434,0.55209416,-1.0346979,0.2646835,0.5995086,0.0,0.0,0
226148061,0.58753425,-1.0071588,0.25467685,0.5995086,0.0,0.0,0
226167764,0.5605371,-0.9845632,0.28044882,0.5995086,0.0,0.0,0
226182541,0.5782941,-0.97946626,0.26054677,0.5995086,0.0,0.0,0
226207164,0.5778386,-0.96947706,0.26540568,0.5995086,0.0,0.0,0
226226868,0.5675861,-0.9585355,0.28635105,0.5995086,0.0,0.0,0
226241922,0.57436234,-0.94792086,0.27939883,0.5995086,0.0,0.0,0
226266296,0.5751978,-0.92322534,0.2911027,0.5995086,0.0,0.0,0
226285977,0.5707772,-0.90299046,0.2981914,0.5995086,0.0,0.0,0
226305695,0.5739191,-0.9066546,0.3002647,0.58476657,0.0,0.0,0
226325380,0.5524537,-0.9232153,0.31980518,0.57125306,0.0,0.0,0
226345072,0.5802654,-0.96199715,0.33981556,0.56511056,0.0,0.0,0
226364772,0.5816633,-0.99934727,0.35354033,0.56388205,0.0,0.0,0
226384472,0.5557281,-1.0234632,0.39124808,0.56388205,0.0,0.0,0
226404186,0.536249,-1.0434618,0.41153404,0.56388205,0.0,0.0,0
226423909,0.6090281,-1.0471976,0.34828848,0.56388205,0.0,0.0,0
226448568,0.64622384,-1.0471976,0.31532988,0.56388205,0.0,0.0,0
226463344,0.6584318,-1.0342246,0.30397117,0.56388205,0.0,0.0,0
226483000,0.6786206,-1.0026195,0.2850777,0.56388205,0.0,0.0,0
226507603,0.62904173,-0.95324725,0.33237013,0.56388205,0.0,0.0,0
226522396,0.5840895,-0.9188494,0.36755836,0.56388205,0.0,0.0,0
226547003,0.5814107,-0.88646436,0.36807603,0.56388205,0.0,0.0,0
226566709,0.49818215,-0.8525527,0.41694504,0.56388205,0.0,0.0,0
226586415,0.43681425,-0.81373936,0.46632186,0.56388205,0.0,0.0,0
226606107,0.4173952,-0.7761834,0.47909617,0.56511056,0.0,0.0,0
226625818,0.384412,-0.7241377,0.5014477,0.56388205,0.0,0.0,0
226645604,0.36200517,-0.68422973,0.5157882,0.56511056,0.0,0.0,0
226665207,0.35551867,-0.6707526,0.5197788,0.56511056,0.0,0.0,0
226684923,0.32780904,-0.6737338,0.54305184,0.56388205,0.0,0.0,0
226704633,0.31199002,-0.70096934,0.55931246,0.56388205,0.0,0.0,0
226729244,0.3075315,-0.74701375,0.5678633,0.56388205,0.0,0.0,0
226744019,0.29061896,-0.76895297,0.5848616,0.56388205,0.0,0.0,0
226763715,0.24319392,-0.78268385,0.62667346,0.56388205,0.0,0.0,0
226788340,0.3182627,-0.83329386,0.5663074,0.56388205,0.0,0.0,0
226803142,0.34609854,-0.8414135,0.54337937,0.56388205,0.0,0.0,0
226822816,0.37519443,-0.83344924,0.51791793,0.56388205,0.0,0.0,0
226847509,0.4086144,-0.80397856,0.48667404,0.56388205,0.0,0.0,0
226867185,0.39019543,-0.7733581,0.50071275,0.56388205,0.0,0.0,0
226881946,0.33344537,-0.7373762,0.54531896,0.56388205,0.0,0.0,0
226906605,0.3361786,-0.71591014,0.5405242,0.56388205,0.0,0.0,0
226926254,0.29280883,-0.68721277,0.5743799,0.56388205,0.0,0.0,0
226945964,0.23947985,-0.6538499,0.6155743,0.56388205,0.0,0.0,0
226965685,0.22361776,-0.62570095,0.6252938,0.56388205,0.0,0.0,0
226985379,0.18862872,-0.58313745,0.6452076,0.56388205,0.0,0.0,0
227005114,0.1617429,-0.54539007,0.65846777,0.56388205,0.0,0.0,0
227024791,0.14924558,-0.5243407,0.665324,0.56388205,0.0,0.0,0
227044543,0.11365593,-0.52497953,0.69134307,0.56388205,0.0,0.0,0
227064152,0.08074921,-0.54491353,0.71810997,0.56388205,0.0,0.0,0
227083890,0.06027586,-0.5787947,0.74045444,0.56388205,0.0,0.0,0
227103558,0.033839814,-0.6091005,0.7618393,0.56388205,0.0,0.0,0
227128186,-0.026129892,-0.6282443,0.80678177,0.56388205,0.0,0.0,0
227147878,0.005959292,-0.668084,0.77936673,0.56388205,0.0,0.0,0
227162656,0.02012978,-0.6859432,0.7615146,0.56388205,0.0,0.0,0
227187281,0.05550451,-0.68664265,0.73150665,0.56388205,0.0,0.0,0
227206991,0.054966122,-0.6651896,0.707609,0.56388205,0.0,0.0,0
227221797,0.056153193,-0.64567727,0.6901954,0.56511056,0.0,0.0,0
227246420,0.019303529,-0.61157745,0.70879877,0.56388205,0.0,0.0,0
227266084,0.021213714,-0.5898374,0.70236474,0.56388205,0.0,0.0,0
227285788,-0.015757646,-0.5616498,0.72011924,0.56511056,0.0,0.0,0
227305490,-0.053391676,-0.53303653,0.7427454,0.56511056,0.0,0.0,0
227325185,-0.069108315,-0.5030033,0.72928524,0.56388205,0.0,0.0,0
227344891,-0.10171219,-0.46826777,0.71037376,0.56388205,0.0,0.0,0
227364619,-0.13157277,-0.43390748,0.69025356,0.56388205,0.0,0.0,0
227384309,-0.13602899,-0.41278255,0.6802853,0.56388205,0.0,0.0,0
227404028,-0.15335283,-0.4113169,0.6755195,0.56388205,0.0,0.0,0
227428918,-0.17249687,-0.43516693,0.6747711,0.56388205,0.0,0.0,0
227443541,-0.16440392,-0.46296915,0.6814674,0.56388205,0.0,0.0,0
227463094,-0.15381452,-0.5037155,0.6867907,0.56511056,0.0,0.0,0
227487725,-0.1463761,-0.54467475,0.6958854,0.56511056,0.0,0.0,0
227502501,-0.115397185,-0.5733019,0.69436175,0.56511056,0.0,0.0,0
227527123,-0.041732743,-0.6029046,0.67846453,0.56388205,0.0,0.0,0
227546827,0.008141625,-0.61264783,0.6343943,0.56388205,0.0,0.0,0
227566522,0.051847134,-0.6064527,0.597672,0.56388205,0.0,0.0,0
227586224,0.08304669,-0.5957771,0.5743332,0.56388205,0.0,0.0,0
227605926,0.049202707,-0.5711562,0.5992774,0.56388205,0.0,0.0,0
227625655,0.051136285,-0.5610719,0.59622645,0.56511056,0.0,0.0,0
227645397,0.01915588,-0.5451677,0.6164981,0.56388205,0.0,0.0,0
227665037,-0.03342875,-0.52860355,0.6545669,0.56511056,0.0,0.0,0
227684748,-0.07877658,-0.5082258,0.65432096,0.56388205,0.0,0.0,0
227704436,-0.10061723,-0.48629844,0.6538526,0.56388205,0.0,0.0,0
227724134,-0.12075914,-0.45614928,0.6504941,0.56388205,0.0,0.0,0
227743842,-0.12807925,-0.43774647,0.6468613,0.56388205,0.0,0.0,0
227768493,-0.14967753,-0.44472662,0.6502363,0.56388205,0.0,0.0,0
227783240,-0.171267,-0.46920028,0.6550469,0.56388205,0.0,0.0,0
227802933,-0.18892904,-0.5263709,0.6653961,0.56388205,0.0,0.0,0
227827912,-0.18482596,-0.5812623,0.6800411,0.56388205,0.0,0.0,0
227847284,-0.18155001,-0.61983883,0.6896017,0.56388205,0.0,0.0,0
227862080,-0.18411407,-0.6453702,0.6975459,0.56511056,0.0,0.0,0
227886740,-0.12998587,-0.69133586,0.6822969,0.56388205,0.0,0.0,0
227906367,-0.07736753,-0.70452964,0.667544,0.56388205,0.0,0.0,0
227926062,-0.031129962,-0.69522876,0.63843584,0.56388205,0.0,0.0,0
227945769,0.008241643,-0.68648785,0.6050033,0.56511056,0.0,0.0,0
227965461,0.022393255,-0.68682915,0.60025936,0.56511056,0.0,0.0,0
227985167,0.014793288,-0.6859782,0.61432976,0.56511056,0.0,0.0,0
228004873,0.0020152945,-0.68276596,0.64062697,0.56511056,0.0,0.0,0
228024629,-0.022681,-0.6996509,0.693616,0.56388205,0.0,0.0,0
228044267,-0.059571404,-0.66943383,0.7094011,0.56388205,0.0,0.0,0
228063974,-0.06685304,-0.6357061,0.7166185,0.56511056,0.0,0.0,0
228083672,-0.081200965,-0.5903571,0.71841186,0.56511056,0.0,0.0,0
228103375,-0.09273539,-0.5542548,0.7122181,0.56511056,0.0,0.0,0
228128021,-0.10803767,-0.53985995,0.71288604,0.56388205,0.0,0.0,0
228142776,-0.11888409,-0.54908246,0.71868205,0.56388205,0.0,0.0,0
228167421,-0.1296412,-0.5877755,0.7289734,0.56388205,0.0,0.0,0
228187248,-0.13375434,-0.63008386,0.7286053,0.56511056,0.0,0.0,0
228201871,-0.12970999,-0.66141045,0.7265657,0.56511056,0.0,0.0,0
228226767,-0.12105227,-0.7004647,0.73368675,0.56511056,0.0,0.0,0
228246203,-0.056600817,-0.741439,0.7111119,0.56511056,0.0,0.0,0
228265903,0.013085565,-0.7619103,0.65618676,0.56388205,0.0,0.0,0
228285616,0.05912411,-0.76021826,0.6075721,0.56388205,0.0,0.0,0
228305332,0.08213294,-0.7449148,0.5776233,0.56511056,0.0,0.0,0
228325008,0.080625325,-0.7236659,0.5770096,0.56511056,0.0,0.0,0
228344741,0.04154552,-0.6912547,0.6029061,0.56388205,0.0,0.0,0
228364439,0.020860178,-0.67173016,0.6143583,0.56388205,0.0,0.0,0
228384137,-0.024026623,-0.64346296,0.6496828,0.56511056,0.0,0.0,0
228408797,-0.08661873,-0.6153719,0.65935886,0.56511056,0.0,0.0,0
228423551,-0.09883659,-0.59981036,0.6590924,0.56511056,0.0,0.0,0
228443207,-0.120823,-0.5708103,0.6578679,0.56511056,0.0,0.0,0
228467836,-0.124157935,-0.5499069,0.6484304,0.56511056,0.0,0.0,0
228482614,-0.12308187,-0.5536822,0.64500237,0.56388205,0.0,0.0,0
228507249,-0.1310552,-0.5818907,0.6551596,0.56511056,0.0,0.0,0
228526950,-0.13212267,-0.6217632,0.66649246,0.56388205,0.0,0.0,0
228546646,-0.12139662,-0.6689475,0.6753295,0.56388205,0.0,0.0,0
228566344,-0.113228075,-0.71349925,0.6789143,0.56511056,0.0,0.0,0
228586065,-0.1097484,-0.7463695,0.6853378,0.56511056,0.0,0.0,0
228606017,-0.061114356,-0.7834418,0.67557853,0.56388205,0.0,0.0,0
228625780,-0.00878501,-0.8050951,0.63793373,0.56388205,0.0,0.0,0
228645153,0.03773233,-0.80593485,0.59736764,0.56388205,0.0,0.0,0
228664848,0.07513094,-0.79208916,0.5633773,0.56388205,0.0,0.0,0
228684548,0.09006714,-0.7749124,0.54896367,0.56388205,0.0,0.0,0
228704248,0.0667853,-0.74684095,0.5663435,0.56511056,0.0,0.0,0
228723967,0.054337442,-0.7265173,0.5750524,0.56511056,0.0,0.0,0
228748584,0.0096546635,-0.6937181,0.61012,0.56511056,0.0,0.0,0
228763346,-0.020279322,-0.6714597,0.63334006,0.56511056,0.0,0.0,0
228783049,-0.031908516,-0.645226,0.6359349,0.56388205,0.0,0.0,0
228807742,-0.04994781,-0.604869,0.6319904,0.56388205,0.0,0.0,0
228827442,-0.059080638,-0.5780672,0.6280205,0.56388205,0.0,0.0,0
228842176,-0.057191238,-0.5705506,0.629953,0.56511056,0.0,0.0,0
228866788,-0.05908379,-0.5850186,0.643101,0.56511056,0.0,0.0,0
228886483,-0.06284145,-0.6212154,0.653385,0.56511056,0.0,0.0,0
228906198,-0.041065756,-0.6676087,0.66619533,0.56388205,0.0,0.0,0
228925906,-0.028391179,-0.7109019,0.66597897,0.56388205,0.0,0.0,0
228945588,-0.038875706,-0.7417298,0.6789238,0.56388205,0.0,0.0,0
228965291,0.04363224,-0.79522645,0.61581004,0.56511056,0.0,0.0,0
228985041,0.11751622,-0.8240846,0.5499581,0.56511056,0.0,0.0,0
229004960,0.18634263,-0.82510084,0.49000713,0.56388205,0.0,0.0,0
229024410,0.23332098,-0.80591184,0.44771338,0.56388205,0.0,0.0,0
229044089,0.25079316,-0.7808134,0.43096033,0.56388205,0.0,0.0,0
229063792,0.18566108,-0.7397552,0.4837759,0.56511056,0.0,0.0,0
229083492,0.15340054,-0.7102433,0.5084645,0.56511056,0.0,0.0,0
229108116,0.06448159,-0.6593794,0.5793763,0.56511056,0.0,0.0,0
229122891,0.00086525554,-0.6219346,0.6294021,0.56511056,0.0,0.0,0
229147516,-0.0752541,-0.5701713,0.6486995,0.56511056,0.0,0.0,0
229167225,-0.11409093,-0.53430784,0.6498522,0.56511056,0.0,0.0,0
229181996,-0.13860166,-0.5131242,0.6461191,0.56511056,0.0,0.0,0
229206660,-0.14701392,-0.50615484,0.6463576,0.56511056,0.0,0.0,0
229226320,-0.14969996,-0.52707374,0.6535801,0.56511056,0.0,0.0,0
229246029,-0.14767952,-0.56897354,0.6655169,0.56388205,0.0,0.0,0
229265738,-0.1340876,-0.6226071,0.67640465,0.56511056,0.0,0.0,0
229285424,-0.10745189,-0.6765632,0.6816439,0.56511056,0.0,0.0,0
229305137,-0.09433114,-0.7204117,0.68316656,0.56511056,0.0,0.0,0
229324871,-0.04205734,-0.7683754,0.6719157,0.56511056,0.0,0.0,0
229344555,0.04218924,-0.8127717,0.6020777,0.56511056,0.0,0.0,0
229364259,0.108004875,-0.8252241,0.5459055,0.56511056,0.0,0.0,0
229388941,0.15014794,-0.8111297,0.50812644,0.56511056,0.0,0.0,0
229403934,0.1590541,-0.80073255,0.49538627,0.56511056,0.0,0.0,0
229423328,0.121399485,-0.77492315,0.5261102,0.56388205,0.0,0.0,0
229447974,0.101041034,-0.75665164,0.5418445,0.56388205,0.0,0.0,0
229462737,0.0714384,-0.7434,0.5663253,0.56388205,0.0,0.0,0
229482434,0.0191693,-0.7220891,0.6052732,0.56511056,0.0,0.0,0
229507063,-0.012708181,-0.69324327,0.6293424,0.56511056,0.0,0.0,0
229526771,-0.028000524,-0.66598827,0.6392349,0.56388205,0.0,0.0,0
229546477,-0.037024062,-0.6406653,0.63650423,0.56511056,0.0,0.0,0
229566162,-0.03574447,-0.6303614,0.6337175,0.56511056,0.0,0.0,0
229585902,-0.04865592,-0.6398024,0.6355114,0.56511056,0.0,0.0,0
229605603,-0.055865943,-0.67021686,0.6448644,0.56511056,0.0,0.0,0
229625270,-0.056233164,-0.7137638,0.65469134,0.56388205,0.0,0.0,0
229644982,-0.05173874,-0.75856113,0.6625529,0.56511056,0.0,0.0,0
229664675,-0.055908345,-0.7921352,0.67080307,0.56511056,0.0,0.0,0
229684368,-0.038832128,-0.8239909,0.6618434,0.56511056,0.0,0.0,0
229704085,0.03272447,-0.8636367,0.60258883,0.56511056,0.0,0.0,0
229728699,0.10291033,-0.87171847,0.5418469,0.56511056,0.0,0.0,0
229743470,0.13607976,-0.8591013,0.51180124,0.56511056,0.0,0.0,0
229763194,0.16546221,-0.83702797,0.48444918,0.56388205,0.0,0.0,0
229787902,0.12281342,-0.79679435,0.5187512,0.56511056,0.0,0.0,0
229807627,0.110900834,-0.77660674,0.5268524,0.56511056,0.0,0.0,0
229822306,0.08653544,-0.7596405,0.5465251,0.56511056,0.0,0.0,0
229846895,0.022687182,-0.72427356,0.5983099,0.56511056,0.0,0.0,0
229866605,-0.019824311,-0.69100606,0.6311573,0.56511056,0.0,0.0,0
229881382,-0.034208834,-0.67054754,0.6378498,0.56511056,0.0,0.0,0
229906005,-0.04431449,-0.63416535,0.6417473,0.56388205,0.0,0.0,0
229925719,-0.033543788,-0.62362206,0.6445048,0.56511056,0.0,0.0,0
229945404,-0.031527255,-0.63309634,0.650747,0.56511056,0.0,0.0,0
229965104,-0.034852948,-0.66302085,0.6588738,0.56511056,0.0,0.0,0
229984846,-0.023091132,-0.70815253,0.6609622,0.56511056,0.0,0.0,0
230004538,0.009040622,-0.7599647,0.6514612,0.56511056,0.0,0.0,0
230024206,0.029522168,-0.80233437,0.6467138,0.56388205,0.0,0.0,0
230043909,0.039502174,-0.8328702,0.64047116,0.56511056,0.0,0.0,0
230063612,0.12073475,-0.87476784,0.5726129,0.56511056,0.0,0.0,0
230088239,0.19307472,-0.87771314,0.51377463,0.56511056,0.0,0.0,0
230103016,0.23844597,-0.862083,0.48988852,0.56511056,0.0,0.0,0
230127643,0.2865279,-0.83005846,0.4622628,0.56388205,0.0,0.0,0
230147338,0.23776242,-0.792728,0.5022721,0.56388205,0.0,0.0,0
230162304,0.20313187,-0.7656832,0.5293286,0.56388205,0.0,0.0,0
230186828,0.16561598,-0.7308105,0.56263334,0.56388205,0.0,0.0,0
230206521,0.11342634,-0.69170016,0.61599374,0.56511056,0.0,0.0,0
230226182,0.07603087,-0.64884263,0.6638048,0.56388205,0.0,0.0,0
230245873,0.04544498,-0.61153823,0.6852109,0.56388205,0.0,0.0,0
230265577,0.027713532,-0.56778425,0.7067083,0.56388205,0.0,0.0,0
230285245,-0.00015888651,-0.5356942,0.7259015,0.56388205,0.0,0.0,0
230304954,0.027787955,-0.5313259,0.7344265,0.56511056,0.0,0.0,0
230324650,0.027126051,-0.5539671,0.7469616,0.56388205,0.0,0.0,0
230344348,0.027771797,-0.59884906,0.7531703,0.56388205,0.0,0.0,0
230368975,0.050287597,-0.66805655,0.7430691,0.56388205,0.0,0.0,0
230383784,0.059317883,-0.7030462,0.73987603,0.56388205,0.0,0.0,0
230403521,0.05054678,-0.73194075,0.7510538,0.56388205,0.0,0.0,0
230428099,0.15066278,-0.798303,0.6701763,0.56388205,0.0,0.0,0
230442913,0.18976842,-0.8110896,0.6331534,0.56388205,0.0,0.0,0
230462549,0.2370905,-0.80457616,0.59126985,0.56388205,0.0,0.0,0
230487183,0.28540155,-0.78255934,0.546925,0.56388205,0.0,0.0,0
230506897,0.2754575,-0.76060826,0.54976153,0.56511056,0.0,0.0,0
230526579,0.23581913,-0.7284586,0.5847549,0.56388205,0.0,0.0,0
230546278,0.22355062,-0.7156009,0.59404707,0.56511056,0.0,0.0,0
230565976,0.18317957,-0.6963347,0.6269381,0.56511056,0.0,0.0,0
230585769,0.14305806,-0.67742395,0.6594512,0.56511056,0.0,0.0,0
230605383,0.13465557,-0.6657343,0.66512793,0.56388205,0.0,0.0,0
230625082,0.1154853,-0.6456618,0.6792338,0.56388205,0.0,0.0,0
230644801,0.10459332,-0.6289957,0.6905985,0.56511056,0.0,0.0,0
230664484,0.1100274,-0.6287752,0.6941954,0.56511056,0.0,0.0,0
230684184,0.08732081,-0.64148694,0.71574986,0.56388205,0.0,0.0,0
230703886,0.07737712,-0.6738999,0.7329817,0.56511056,0.0,0.0,0
230723604,0.09876941,-0.71851665,0.7366992,0.56388205,0.0,0.0,0
230743308,0.10259266,-0.76025856,0.73843366,0.56388205,0.0,0.0,0
230767971,0.08046768,-0.7851747,0.7656308,0.56388205,0.0,0.0,0
230787650,0.13202831,-0.82014555,0.7223816,0.56388205,0.0,0.0,0
230802392,0.20107135,-0.8459926,0.66882294,0.56388205,0.0,0.0,0
230827038,0.27504608,-0.84015244,0.6035168,0.56511056,0.0,0.0,0
230846761,0.30744332,-0.80929583,0.5723841,0.56388205,0.0,0.0,0
230861524,0.33089265,-0.7863039,0.553919,0.56511056,0.0,0.0,0
230886153,0.26917017,-0.7279145,0.6020788,0.56511056,0.0,0.0,0
230905831,0.24097459,-0.69304454,0.6222637,0.56388205,0.0,0.0,0
230925531,0.19575794,-0.6554093,0.6568546,0.56511056,0.0,0.0,0
230945249,0.14648469,-0.60963756,0.705895,0.56511056,0.0,0.0,0
230964966,0.111105524,-0.5686658,0.730559,0.56511056,0.0,0.0,0
230984700,0.12418943,-0.53504235,0.7390262,0.56388205,0.0,0.0,0
231004372,0.12049306,-0.50268465,0.74948645,0.56388205,0.0,0.0,0
231024037,0.117505126,-0.49135742,0.7544227,0.56511056,0.0,0.0,0
231043728,0.11607068,-0.5068784,0.76247936,0.56511056,0.0,0.0,0
231068346,0.11064899,-0.5557845,0.77511275,0.56388205,0.0,0.0,0
231083129,0.11710753,-0.59666324,0.7756773,0.56388205,0.0,0.0,0
231107760,0.14243196,-0.6673072,0.77192885,0.56511056,0.0,0.0,0
231127469,0.13921908,-0.6996363,0.79197204,0.56388205,0.0,0.0,0
231142243,0.17846924,-0.73764485,0.7612452,0.56388205,0.0,0.0,0
231166885,0.30113268,-0.80335474,0.66531825,0.56142503,0.0,0.0,0
231186623,0.37836537,-0.8130747,0.60729146,0.5454545,0.0,0.0,0
231206260,0.41823566,-0.7928442,0.57488257,0.54299754,0.0,0.0,0
231225968,0.42634848,-0.76710874,0.5613202,0.541769,0.0,0.0,0
231245666,0.3573872,-0.7124272,0.61983943,0.541769,0.0,0.0,0
231265362,0.35291657,-0.6830771,0.6198732,0.541769,0.0,0.0,0
231285100,0.3109349,-0.6431344,0.65131545,0.541769,0.0,0.0,0
231304793,0.2469662,-0.5903697,0.7035415,0.541769,0.0,0.0,0
231324485,0.20098124,-0.53993225,0.735791,0.541769,0.0,0.0,0
231349351,0.16994163,-0.48777136,0.7541143,0.541769,0.0,0.0,0
231363942,0.15749975,-0.46087718,0.76030815,0.541769,0.0,0.0,0
231383595,0.1550617,-0.44463593,0.7596613,0.541769,0.0,0.0,0
231408196,0.13253881,-0.4504819,0.7759035,0.541769,0.0,0.0,0
231422969,0.12119026,-0.4659848,0.7928566,0.541769,0.0,0.0,0
231442665,0.1042738,-0.50100154,0.81374806,0.541769,0.0,0.0,0
231467291,0.0992119,-0.5593628,0.8277394,0.541769,0.0,0.0,0
231486995,0.09081345,-0.5990463,0.841273,0.541769,0.0,0.0,0
231506716,0.06110688,-0.6149497,0.869647,0.541769,0.0,0.0,0
231526394,0.13906817,-0.67200065,0.81309235,0.541769,0.0,0.0,0
231546098,0.19798598,-0.6990383,0.7651098,0.541769,0.0,0.0,0
231565836,0.24608023,-0.700896,0.72336423,0.54299754,0.0,0.0,0
231585525,0.2838786,-0.6875016,0.6886681,0.541769,0.0,0.0,0
231605200,0.29077643,-0.6681316,0.6804857,0.541769,0.0,0.0,0
231624908,0.25140288,-0.62579226,0.7173884,0.541769,0.0,0.0,0
231644608,0.24470517,-0.60483325,0.7286016,0.541769,0.0,0.0,0
231664305,0.19643751,-0.57086945,0.7655528,0.541769,0.0,0.0,0
231684008,0.146294,-0.5276384,0.81078583,0.541769,0.0,0.0,0
231703705,0.13583398,-0.49396542,0.82695425,0.541769,0.0,0.0,0
231723405,0.10987351,-0.45227054,0.84223574,0.541769,0.0,0.0,0
231748123,0.08419223,-0.40067828,0.85934687,0.541769,0.0,0.0,0
231768283,0.072484165,-0.38229725,0.8660848,0.541769,0.0,0.0,0
231782526,0.055539463,-0.38040927,0.87266463,0.541769,0.0,0.0,0
231807168,0.032911118,-0.40331167,0.87266463,0.541769,0.0,0.0,0
231826865,0.025872637,-0.44318527,0.87266463,0.54299754,0.0,0.0,0
231841646,0.031822123,-0.48383805,0.87266463,0.541769,0.0,0.0,0
231866256,0.04923145,-0.55501926,0.87266463,0.541769,0.0,0.0,0
231885934,0.047607213,-0.58883226,0.87266463,0.541769,0.0,0.0,0
231905652,0.14391501,-0.6639815,0.84558004,0.54299754,0.0,0.0,0
231925350,0.21525675,-0.6996417,0.7879924,0.541769,0.0,0.0,0
231945037,0.27309114,-0.70317787,0.73789114,0.541769,0.0,0.0,0
231964770,0.2904989,-0.6797906,0.7199038,0.54299754,0.0,0.0,0
231984442,0.2536482,-0.63772726,0.74668807,0.541769,0.0,0.0,0
232004145,0.18803094,-0.57678753,0.7948644,0.541769,0.0,0.0,0
232023845,0.1348532,-0.52679807,0.83326805,0.541769,0.0,0.0,0
232048493,0.02810835,-0.44035834,0.87266463,0.541769,0.0,0.0,0
232063246,-0.02802435,-0.38574398,0.87266463,0.541769,0.0,0.0,0
232082946,-0.049945172,-0.3435156,0.87266463,0.541769,0.0,0.0,0
232107577,-0.07817253,-0.2890938,0.87266463,0.541769,0.0,0.0,0
232122346,-0.08456112,-0.26518247,0.87266463,0.541769,0.0,0.0,0
232147118,-0.09639506,-0.2544583,0.87266463,0.541769,0.0,0.0,0
232166970,-0.10210306,-0.2751504,0.87266463,0.541769,0.0,0.0,0
232186380,-0.10021993,-0.31338286,0.87266463,0.541769,0.0,0.0,0
232206081,-0.110306315,-0.36817285,0.87266463,0.541769,0.0,0.0,0
232225785,-0.10383082,-0.42217848,0.87266463,0.541769,0.0,0.0,0
232245514,-0.108450145,-0.46348444,0.87266463,0.541769,0.0,0.0,0
232265219,-0.028072737,-0.52864635,0.87266463,0.541769,0.0,0.0,0
232284908,0.07660432,-0.6044963,0.8499756,0.541769,0.0,0.0,0
232304640,0.15277933,-0.6368796,0.78801143,0.541769,0.0,0.0,0
232329211,0.21752968,-0.63812304,0.7316639,0.541769,0.0,0.0,0
232344025,0.23818772,-0.630752,0.7127553,0.541769,0.0,0.0,0
232363720,0.1730607,-0.58486414,0.76292664,0.541769,0.0,0.0,0
232388316,0.13823986,-0.54763335,0.77912724,0.54299754,0.0,0.0,0
232403084,0.11056691,-0.5223504,0.79905343,0.54299754,0.0,0.0,0
232422794,0.045988653,-0.47083768,0.84652,0.541769,0.0,0.0,0
232447428,-0.024962142,-0.4008212,0.87266463,0.541769,0.0,0.0,0
232467117,-0.05095031,-0.36401597,0.87266463,0.541769,0.0,0.0,0
232481893,-0.075185634,-0.33718038,0.87266463,0.541769,0.0,0.0,0
232506518,-0.089912795,-0.31638622,0.87266463,0.541769,0.0,0.0,0
232526219,-0.08438334,-0.32756647,0.87266463,0.541769,0.0,0.0,0
232546176,-0.08671816,-0.3632246,0.87266463,0.541769,0.0,0.0,0
232565659,-0.08780583,-0.41437864,0.87266463,0.541769,0.0,0.0,0
232585319,-0.07962513,-0.47343642,0.87266463,0.541769,0.0,0.0,0
232605019,-0.06257035,-0.53434145,0.87266463,0.541769,0.0,0.0,0
232624727,-0.06890909,-0.58269376,0.87266463,0.541769,0.0,0.0,0
232644421,-0.058868196,-0.6194685,0.87266463,0.541769,0.0,0.0,0
232664120,0.05369422,-0.7013016,0.87266463,0.541769,0.0,0.0,0
232683837,0.13313289,-0.73304445,0.81781983,0.541769,0.0,0.0,0
232703554,0.17431863,-0.7280163,0.7814166,0.541769,0.0,0.0,0
232728152,0.17916234,-0.6942499,0.76890916,0.541769,0.0,0.0,0
232747881,0.14394985,-0.6451361,0.79738533,0.541769,0.0,0.0,0
232762699,0.114161804,-0.607771,0.81799716,0.541769,0.0,0.0,0
232787283,0.03873687,-0.53405225,0.87243277,0.541769,0.0,0.0,0
232806990,-0.033576407,-0.4585841,0.87266463,0.541769,0.0,0.0,0
232821771,-0.062881686,-0.41395694,0.87266463,0.541769,0.0,0.0,0
232846355,-0.096425034,-0.34578034,0.87266463,0.541769,0.0,0.0,0
232866068,-0.115604,-0.29661313,0.87266463,0.541769,0.0,0.0,0
232885770,-0.1228891,-0.27036795,0.87266463,0.541769,0.0,0.0,0
232905479,-0.14780341,-0.262161,0.87266463,0.541769,0.0,0.0,0
232925177,-0.17081478,-0.27871603,0.87266463,0.541769,0.0,0.0,0
232945124,-0.16812544,-0.31491134,0.87266463,0.541769,0.0,0.0,0
232964595,-0.16530867,-0.35798895,0.87266463,0.541769,0.0,0.0,0
232984262,-0.14903367,-0.4049429,0.87266463,0.541769,0.0,0.0,0
233003964,-0.14060628,-0.4412107,0.87266463,0.541769,0.0,0.0,0
233028587,-0.078016266,-0.49570397,0.87266463,0.541769,0.0,0.0,0
233043366,-0.0393972,-0.5159998,0.87266463,0.541769,0.0,0.0,0
233063064,0.006284989,-0.53340495,0.87266463,0.541769,0.0,0.0,0
233087696,0.03984851,-0.5309597,0.87266463,0.541769,0.0,0.0,0
233102473,0.034080543,-0.51761,0.87266463,0.541769,0.0,0.0,0
233127094,0.0053660274,-0.47976515,0.87266463,0.541769,0.0,0.0,0
233146832,-0.019104026,-0.45179138,0.87266463,0.541769,0.0,0.0,0
233166514,-0.06557207,-0.4121984,0.87266463,0.541769,0.0,0.0,0
233186211,-0.10535193,-0.37747616,0.87266463,0.541769,0.0,0.0,0
233205907,-0.12018886,-0.34392625,0.87266463,0.541769,0.0,0.0,0
233225635,-0.14226058,-0.30136427,0.87266463,0.541769,0.0,0.0,0
233245335,-0.16283968,-0.26740366,0.87266463,0.541769,0.0,0.0,0
233265032,-0.17616045,-0.25083104,0.87266463,0.541769,0.0,0.0,0
233284752,-0.1911444,-0.25451362,0.87266463,0.541769,0.0,0.0,0
233304478,-0.19563113,-0.27930063,0.87266463,0.541769,0.0,0.0,0
233324176,-0.18708439,-0.31981456,0.87266463,0.541769,0.0,0.0,0
233344058,-0.16264464,-0.3703708,0.87266463,0.541769,0.0,0.0,0
233368464,-0.1284719,-0.42660496,0.87266463,0.541769,0.0,0.0,0
233383206,-0.11721074,-0.44942874,0.87266463,0.541769,0.0,0.0,0
233402916,-0.044447083,-0.49856627,0.87266463,0.54299754,0.0,0.0,0
233427532,0.031760838,-0.5398096,0.87266463,0.541769,0.0,0.0,0
233447234,0.078761764,-0.5411892,0.8427631,0.541769,0.0,0.0,0
233462024,0.10023569,-0.52981526,0.8221123,0.541769,0.0,0.0,0
233486672,0.08210445,-0.48830646,0.83074707,0.541769,0.0,0.0,0
233506348,0.03994215,-0.43836093,0.8586907,0.541769,0.0,0.0,0
233526074,-0.010674889,-0.3849987,0.87266463,0.541769,0.0,0.0,0
233545777,-0.08682582,-0.33157784,0.87266463,0.54299754,0.0,0.0,0
233565446,-0.13796976,-0.28985357,0.87266463,0.541769,0.0,0.0,0
233585140,-0.1616543,-0.2501233,0.87266463,0.541769,0.0,0.0,0
233604846,-0.18665913,-0.20575246,0.87266463,0.541769,0.0,0.0,0
233624539,-0.19658294,-0.1750983,0.86085474,0.541769,0.0,0.0,0
233644246,-0.20328876,-0.16628705,0.8578746,0.541769,0.0,0.0,0
233663945,-0.21799983,-0.1822042,0.8650208,0.541769,0.0,0.0,0
233683683,-0.2128428,-0.22268979,0.87266463,0.541769,0.0,0.0,0
233708294,-0.19816625,-0.30012155,0.87266463,0.541769,0.0,0.0,0
233728090,-0.16796282,-0.359233,0.87266463,0.541769,0.0,0.0,0
233743225,-0.15382555,-0.39602458,0.87266463,0.541769,0.0,0.0,0
233767370,-0.108740285,-0.45698604,0.87266463,0.541769,0.0,0.0,0
233787071,-0.02859572,-0.5031492,0.87266463,0.541769,0.0,0.0,0
233801870,0.012884158,-0.5248722,0.87256324,0.541769,0.0,0.0,0
233826475,0.06579378,-0.53066105,0.82713354,0.541769,0.0,0.0,0
233846171,0.088855825,-0.5219856,0.8055106,0.541769,0.0,0.0,0
233865885,0.044380084,-0.4797041,0.83692515,0.541769,0.0,0.0,0
233885574,0.0085449,-0.43784347,0.8608023,0.541769,0.0,0.0,0
233905277,-0.050757278,-0.38924798,0.87266463,0.541769,0.0,0.0,0
233925011,-0.123008214,-0.34676084,0.87266463,0.541769,0.0,0.0,0
233944714,-0.17441791,-0.3054913,0.87266463,0.541769,0.0,0.0,0
233964377,-0.19701675,-0.26686662,0.8722089,0.541769,0.0,0.0,0
233984079,-0.20736706,-0.23272492,0.8584914,0.541769,0.0,0.0,0
234008711,-0.20696586,-0.21300392,0.848562,0.541769,0.0,0.0,0
234023485,-0.2077288,-0.21566594,0.85009015,0.541769,0.0,0.0,0
234043180,-0.21782242,-0.23964338,0.8597542,0.541769,0.0,0.0,0
234067806,-0.20272167,-0.2954466,0.87266463,0.541769,0.0,0.0,0
234082599,-0.19270436,-0.33978066,0.87266463,0.541769,0.0,0.0,0
234107215,-0.16138078,-0.40935442,0.87266463,0.541769,0.0,0.0,0
234127006,-0.1698239,-0.45309988,0.87266463,0.541769,0.0,0.0,0
234146651,-0.09313346,-0.5141177,0.87266463,0.539312,0.0,0.0,0
234166316,-0.009956042,-0.56140256,0.87266463,0.53685504,0.0,0.0,0
234186018,0.05254215,-0.59029233,0.83114487,0.5331695,0.0,0.0,0
234205720,0.102272145,-0.5987878,0.7889332,0.5331695,0.0,0.0,0
234225438,0.13088018,-0.59824395,0.7639177,0.5307125,0.0,0.0,0
234245157,0.09989542,-0.56890637,0.78653365,0.5307125,0.0,0.0,0
234264853,0.080891155,-0.5488894,0.7999678,0.5307125,0.0,0.0,0
234284545,0.027751988,-0.51748115,0.8328206,0.5307125,0.0,0.0,0
234304218,-0.024516633,-0.47342777,0.870994,0.5307125,0.0,0.0,0
234323942,-0.037177563,-0.44199866,0.86905414,0.5307125,0.0,0.0,0
234348541,-0.049788456,-0.39693782,0.85677916,0.5307125,0.0,0.0,0
234363335,-0.051461026,-0.3696239,0.84711796,0.5307125,0.0,0.0,0
234383025,-0.040981036,-0.34796885,0.836047,0.5307125,0.0,0.0,0
234407657,-0.051431444,-0.34133717,0.8362775,0.5307125,0.0,0.0,0
234427340,-0.064795814,-0.3614477,0.847684,0.5307125,0.0,0.0,0
234442120,-0.06834485,-0.3871953,0.8584566,0.5307125,0.0,0.0,0
234466753,-0.06571061,-0.44016322,0.87266463,0.5307125,0.0,0.0,0
234486444,-0.06046983,-0.48644155,0.87266463,0.5307125,0.0,0.0,0
234506155,-0.07673217,-0.515011,0.87266463,0.5307125,0.0,0.0,0
234525933,-0.064929664,-0.54346484,0.87266463,0.5307125,0.0,0.0,0
234545548,0.003272607,-0.5856634,0.860958,0.5307125,0.0,0.0,0
234565252,0.05284269,-0.5991158,0.81957394,0.5307125,0.0,0.0,0
234584955,0.081822164,-0.59095585,0.78885895,0.5307125,0.0,0.0,0
234604656,0.08954536,-0.56724256,0.7785023,0.5307125,0.0,0.0,0
234624357,0.052049346,-0.5217544,0.80384374,0.5307125,0.0,0.0,0
234644100,0.010325018,-0.4734093,0.8277776,0.5307125,0.0,0.0,0
234663761,-0.043895826,-0.41838804,0.84855866,0.5307125,0.0,0.0,0
234683482,-0.11184776,-0.36805347,0.8490603,0.5307125,0.0,0.0,0
234708150,-0.15611945,-0.3133163,0.83861923,0.5307125,0.0,0.0,0
234722916,-0.17386216,-0.28216615,0.8295502,0.5307125,0.0,0.0,0
234747558,-0.20198329,-0.23789898,0.8160773,0.5307125,0.0,0.0,0
234767184,-0.22395504,-0.22290201,0.8142483,0.5307125,0.0,0.0,0
234781984,-0.24005531,-0.22495516,0.8233652,0.5307125,0.0,0.0,0
234806590,-0.26229173,-0.2568231,0.845942,0.5307125,0.0,0.0,0
234826287,-0.2675757,-0.3009396,0.8688421,0.5307125,0.0,0.0,0
234845992,-0.2604984,-0.35163957,0.87266463,0.5307125,0.0,0.0,0
234865694,-0.23664358,-0.404007,0.87266463,0.5307125,0.0,0.0,0
234885393,-0.22269928,-0.44434047,0.87266463,0.5307125,0.0,0.0,0
234905142,-0.18206781,-0.48611632,0.87266463,0.5307125,0.0,0.0,0
234924945,-0.111194685,-0.52273196,0.87266463,0.5307125,0.0,0.0,0
234944495,-0.06410673,-0.5266209,0.87266463,0.5307125,0.0,0.0,0
234964197,-0.03881475,-0.5056689,0.87266463,0.5307125,0.0,0.0,0
234988821,-0.04578838,-0.46340546,0.86934674,0.5307125,0.0,0.0,0
235003597,-0.08341764,-0.4290248,0.8643172,0.5307125,0.0,0.0,0
235023304,-0.12833522,-0.385825,0.86076444,0.5307125,0.0,0.0,0
235047942,-0.23351286,-0.32263052,0.85173726,0.5307125,0.0,0.0,0
235062703,-0.29239252,-0.28854114,0.85031503,0.5307125,0.0,0.0,0
235082402,-0.3398522,-0.24935149,0.83882827,0.5307125,0.0,0.0,0
235107056,-0.39592636,-0.20011744,0.8222879,0.5307125,0.0,0.0,0
235126765,-0.42386073,-0.16997935,0.8121791,0.5307125,0.0,0.0,0
235146422,-0.433809,-0.16593935,0.8073859,0.5307125,0.0,0.0,0
235166122,-0.46577564,-0.18474981,0.8071763,0.5307125,0.0,0.0,0
235185855,-0.48810074,-0.21501696,0.8262575,0.5307125,0.0,0.0,0
235205576,-0.48530576,-0.26106986,0.8479616,0.5307125,0.0,0.0,0
235225230,-0.46235853,-0.31673527,0.8704707,0.5307125,0.0,0.0,0
235244971,-0.422484,-0.3711334,0.87266463,0.5307125,0.0,0.0,0
235264666,-0.37129596,-0.42274016,0.87266463,0.5307125,0.0,0.0,0
235284353,-0.33746347,-0.46917638,0.87266463,0.5307125,0.0,0.0,0
235304181,-0.27386585,-0.50293326,0.87266463,0.5307125,0.0,0.0,0
235328685,-0.1832854,-0.5209347,0.85595906,0.5307125,0.0,0.0,0
235343432,-0.1591648,-0.5167991,0.84191734,0.5307125,0.0,0.0,0
235363137,-0.14317356,-0.502654,0.8319744,0.5307125,0.0,0.0,0
235387785,-0.14966479,-0.47996956,0.8261024,0.5307125,0.0,0.0,0
235407483,-0.19030705,-0.45341834,0.8241618,0.5307125,0.0,0.0,0
235422261,-0.21911868,-0.4338166,0.8253882,0.5307125,0.0,0.0,0
235446863,-0.27517512,-0.39762533,0.8274658,0.5307125,0.0,0.0,0
235466573,-0.3050153,-0.36947945,0.82403606,0.5307125,0.0,0.0,0
235486267,-0.32795796,-0.33556896,0.81513506,0.5307125,0.0,0.0,0
235506001,-0.34417567,-0.30358598,0.8043537,0.5307125,0.0,0.0,0
235525694,-0.36195624,-0.28776574,0.7918106,0.5307125,0.0,0.0,0
235545373,-0.3556177,-0.2947368,0.79355323,0.5307125,0.0,0.0,0
235565067,-0.3767196,-0.33320177,0.7896306,0.5307125,0.0,0.0,0
235584802,-0.38425526,-0.38714072,0.79342705,0.5307125,0.0,0.0,0
235604466,-0.38532168,-0.44417334,0.7898656,0.5307125,0.0,0.0,0
235624170,-0.38270083,-0.48445106,0.7654612,0.5307125,0.0,0.0,0
235643880,-0.34616816,-0.5452865,0.7734474,0.5307125,0.0,0.0,0
235663574,-0.35362285,-0.5560628,0.72903216,0.5307125,0.0,0.0,0
235688334,-0.3237093,-0.5535497,0.6456897,0.5307125,0.0,0.0,0
235703092,-0.36744967,-0.49778044,0.54423904,0.5307125,0.0,0.0,0
235727636,-0.42225364,-0.4287297,0.4224746,0.5307125,0.0,0.0,0
235747332,-0.6565843,-0.4390655,0.2445491,0.5307125,0.0,0.0,0
235762115,-0.6475269,-0.4242054,0.23791754,0.5307125,0.0,0.0,0
235786732,-0.87450004,-0.4510371,0.1645392,0.5307125,0.0,0.0,0
235806408,-1.0325608,-0.42036316,0.23033202,0.5307125,0.0,0.0,0
235826106,-1.1588534,-0.42775494,0.28834835,0.5307125,0.0,0.0,0
235845805,-1.2217305,-0.41268152,0.3352719,0.5307125,0.0,0.0,0
235865531,-1.2217305,-0.38505355,0.33293015,0.5307125,0.0,0.0,0
235885215,-1.2217305,-0.39204606,0.35540488,0.5307125,0.0,0.0,0
235904941,-1.2217305,-0.4195166,0.3680905,0.5307125,0.0,0.0,0
235924609,-1.2217305,-0.46833494,0.3861883,0.5307125,0.0,0.0,0
235944310,-1.2217305,-0.5331775,0.40787122,0.5307125,0.0,0.0,0
235968943,-1.2217305,-0.67792124,0.45317203,0.5307125,0.0,0.0,0
235983718,-1.2217305,-0.7592176,0.47240862,0.5307125,0.0,0.0,0
236003411,-1.1906246,-0.844752,0.48515525,0.5307125,0.0,0.0,0
236028044,-1.0625402,-0.93040174,0.45645586,0.5307125,0.0,0.0,0
236042821,-0.98032874,-0.9737678,0.4317182,0.5307125,0.0,0.0,0
236062512,-0.94099945,-1.0050492,0.42107868,0.5307125,0.0,0.0,0
236087566,-0.854789,-0.99584824,0.38140333,0.5307125,0.0,0.0,0
236107133,-0.78059953,-0.9633265,0.34502745,0.5307125,0.0,0.0,0
236126548,-0.7362271,-0.9296724,0.3228112,0.5307125,0.0,0.0,0
236146291,-0.69027287,-0.9111448,0.30332708,0.5307125,0.0,0.0,0
236165977,-0.72715294,-0.8806075,0.3137792,0.5307125,0.0,0.0,0
236185650,-0.7807086,-0.857436,0.3304666,0.5307125,0.0,0.0,0
236205352,-0.82350725,-0.82398576,0.34047094,0.5307125,0.0,0.0,0
236225046,-0.8592959,-0.7889201,0.34695745,0.5307125,0.0,0.0,0
236244773,-0.89032125,-0.73922753,0.34767646,0.5307125,0.0,0.0,0
236264485,-0.90226364,-0.70149237,0.3439589,0.5307125,0.0,0.0,0
236284215,-0.91035706,-0.6771916,0.34141538,0.5307125,0.0,0.0,0
236308849,-0.9051011,-0.67795897,0.33980745,0.5307125,0.0,0.0,0
236323553,-0.8933528,-0.6996251,0.34053323,0.5307125,0.0,0.0,0
236343250,-0.8692001,-0.7359387,0.34049132,0.5307125,0.0,0.0,0
236367905,-0.8012757,-0.81643516,0.3310631,0.5307125,0.0,0.0,0
236387576,-0.7088945,-0.87275946,0.30509022,0.5307125,0.0,0.0,0
236402364,-0.59866667,-0.91688365,0.23695675,0.5307125,0.0,0.0,0
236426984,-0.4605808,-0.96953315,0.12306114,0.5307125,0.0,0.0,0
236446687,-0.3802487,-0.98164237,0.049411412,0.5307125,0.0,0.0,0
236461461,-0.2976744,-0.97219557,-0.021075938,0.5307125,0.0,0.0,0
236486605,-0.17586058,-0.9368966,-0.123557374,0.5307125,0.0,0.0,0
236506062,-0.16110575,-0.9109909,-0.1346693,0.5307125,0.0,0.0,0
236525496,-0.18351863,-0.89141834,-0.11526715,0.5307125,0.0,0.0,0
236545191,-0.21694665,-0.8753842,-0.08655491,0.5307125,0.0,0.0,0
236564899,-0.2956786,-0.86910987,-0.019698009,0.5307125,0.0,0.0,0
236584586,-0.38079238,-0.8776943,0.05745651,0.5307125,0.0,0.0,0
236604289,-0.4569384,-0.8641283,0.122495346,0.5307125,0.0,0.0,0
236623989,-0.503154,-0.8363946,0.16126342,0.5307125,0.0,0.0,0
236643692,-0.55095667,-0.8034851,0.19662537,0.5307125,0.0,0.0,0
236668315,-0.5760889,-0.77368337,0.22042106,0.5307125,0.0,0.0,0
236683121,-0.5777277,-0.7779304,0.22197129,0.5307125,0.0,0.0,0
236707755,-0.5705218,-0.8198534,0.21776137,0.5307125,0.0,0.0,0
236727453,-0.5456283,-0.86868644,0.19782892,0.5307125,0.0,0.0,0
236742242,-0.5159267,-0.9147562,0.16937247,0.5307125,0.0,0.0,0
236766853,-0.43587753,-0.97579485,0.104538016,0.5307125,0.0,0.0,0
236786554,-0.34026226,-1.0013236,0.020381639,0.5307125,0.0,0.0,0
236806224,-0.26815623,-1.0159591,-0.046275415,0.5307125,0.0,0.0,0
236825935,-0.20772958,-1.0195602,-0.09542483,0.5307125,0.0,0.0,0
236845635,-0.12967809,-0.9899584,-0.16777723,0.5307125,0.0,0.0,0
236865358,-0.06013379,-0.94358784,-0.2220326,0.5307125,0.0,0.0,0
236885330,-0.054242063,-0.8988489,-0.22472158,0.5307125,0.0,0.0,0
236904757,-0.08004805,-0.8564882,-0.2003182,0.5307125,0.0,0.0,0
236924423,-0.09625452,-0.819377,-0.18506223,0.5307125,0.0,0.0,0
236949058,-0.16331396,-0.78817546,-0.12717167,0.5307125,0.0,0.0,0
236963832,-0.2093827,-0.7735254,-0.08810725,0.5307125,0.0,0.0,0
236983536,-0.2713966,-0.7519257,-0.036080692,0.5307125,0.0,0.0,0
237008157,-0.31855467,-0.71630806,0.0030267744,0.5307125,0.0,0.0,0
237022943,-0.3457614,-0.69464576,0.025298541,0.5307125,0.0,0.0,0
237042632,-0.36021638,-0.66813755,0.036787417,0.5307125,0.0,0.0,0
237067254,-0.3499196,-0.66520983,0.032266136,0.5307125,0.0,0.0,0
237086989,-0.34681123,-0.69345653,0.029909782,0.5307125,0.0,0.0,0
237106689,-0.32940933,-0.7352049,0.015682556,0.5307125,0.0,0.0,0
237126364,-0.2930957,-0.7815899,-0.0146644255,0.5307125,0.0,0.0,0
237146060,-0.22923577,-0.82179457,-0.056505185,0.5307125,0.0,0.0,0
237165768,-0.145289,-0.85045856,-0.11153344,0.5307125,0.0,0.0,0
237185494,-0.08459322,-0.8710505,-0.16339517,0.5307125,0.0,0.0,0
237205211,0.011918061,-0.87231225,-0.22530696,0.5307125,0.0,0.0,0
237224911,0.107841484,-0.84980965,-0.24120186,0.5307125,0.0,0.0,0
237244681,0.15067802,-0.81826705,-0.25276747,0.5307125,0.0,0.0,0
237264376,0.19471021,-0.787449,-0.2464703,0.5307125,0.0,0.0,0
237284228,0.21437222,-0.76383144,-0.23686638,0.5307125,0.0,0.0,0
237303669,0.2082216,-0.74600625,-0.21985652,0.5307125,0.0,0.0,0
237323372,0.1928134,-0.73223686,-0.19666357,0.5307125,0.0,0.0,0
237347996,0.19184856,-0.7278868,-0.14627787,0.5307125,0.0,0.0,0
237367701,0.2547193,-0.73883915,-0.075151585,0.5307125,0.0,0.0,0
237382467,0.2347275,-0.73546803,-0.069257475,0.5307125,0.0,0.0,0
237407124,0.19604303,-0.7051972,-0.055413235,0.5307125,0.0,0.0,0
237426801,0.17344707,-0.6854771,-0.04763405,0.5307125,0.0,0.0,0
237441572,0.16917454,-0.68415976,-0.04636777,0.5307125,0.0,0.0,0
237466239,0.16109599,-0.70492536,-0.04548732,0.5307125,0.0,0.0,0
237485946,0.18157238,-0.72893643,-0.056745823,0.5307125,0.0,0.0,0
237505620,0.21029772,-0.77361035,-0.07084621,0.5307125,0.0,0.0,0
237525319,0.23742267,-0.80953175,-0.08121355,0.5307125,0.0,0.0,0
237545007,0.23602603,-0.812069,-0.076896474,0.5307125,0.0,0.0,0
237564713,0.26391637,-0.8004731,-0.084818505,0.5307125,0.0,0.0,0
237584409,0.3568071,-0.7570802,-0.10879233,0.5307125,0.0,0.0,0
237604107,0.3835739,-0.6819898,-0.12546638,0.5307125,0.0,0.0,0
237623823,0.36719394,-0.6072823,-0.14772661,0.5307125,0.0,0.0,0
237648446,0.3717395,-0.5530432,-0.16604508,0.5307125,0.0,0.0,0
237663564,0.35351455,-0.5321522,-0.15841377,0.5307125,0.0,0.0,0
237683211,0.26692268,-0.5121587,-0.1512192,0.5307125,0.0,0.0,0
237707532,0.25790435,-0.4835065,-0.14869197,0.5307125,0.0,0.0,0
237722330,0.2024264,-0.4646641,-0.15321065,0.5307125,0.0,0.0,0
237746978,0.111585625,-0.44924214,-0.15194575,0.531941,0.0,0.0,0
237766689,0.03094365,-0.37578565,-0.17247224,0.53808355,0.0,0.0,0
237786371,-0.0060817986,-0.3753554,-0.15791613,0.53808355,0.0,0.0,0
237806035,-0.06545129,-0.31724256,-0.13915475,0.541769,0.0,0.0,0
237825748,-0.06535145,-0.3069745,-0.13792582,0.541769,0.0,0.0,0
237845454,-0.07430812,-0.32381433,-0.14150435,0.541769,0.0,0.0,0
237865168,-0.07127658,-0.35170496,-0.15320335,0.541769,0.0,0.0,0
237884879,-0.045381524,-0.41482115,-0.17338388,0.541769,0.0,0.0,0
237904547,-0.008822096,-0.4330922,-0.19980997,0.541769,0.0,0.0,0
237929173,0.0560738,-0.4464124,-0.22911285,0.541769,0.0,0.0,0
237943948,0.07282048,-0.4329063,-0.22910137,0.541769,0.0,0.0,0
237963652,0.17489061,-0.4172287,-0.24401431,0.541769,0.0,0.0,0
237988273,0.2726162,-0.26447514,-0.22804904,0.541769,0.0,0.0,0
238003077,0.30994192,-0.25613177,-0.23100705,0.541769,0.0,0.0,0
238022765,0.33327934,-0.0254884,-0.17742573,0.541769,0.0,0.0,0
238047387,0.29619938,0.092632405,-0.15207314,0.541769,0.0,0.0,0
238067170,0.25430068,0.12806103,-0.14320616,0.541769,0.0,0.0,0
238086803,0.18580703,0.119834885,-0.14720948,0.541769,0.0,0.0,0
238106484,0.09250872,0.107897975,-0.15233842,0.541769,0.0,0.0,0
238126182,0.002410558,0.102462955,-0.13826858,0.541769,0.0,0.0,0
238145882,-0.07153906,0.1026875,-0.10524458,0.5405405,0.0,0.0,0
238165591,-0.13117193,0.11412613,-0.07202753,0.541769,0.0,0.0,0
238185317,-0.123696454,0.12717557,-0.051755566,0.541769,0.0,0.0,0
238205011,-0.078775585,0.10151363,-0.040381067,0.541769,0.0,0.0,0
238224710,-0.090244666,0.064279445,-0.027155913,0.541769,0.0,0.0,0
238244449,-0.06774612,0.013152188,-0.02487912,0.541769,0.0,0.0,0
238264117,-0.045928817,-0.05217439,-0.03154657,0.541769,0.0,0.0,0
238283830,-0.023010494,-0.120654516,-0.043639384,0.541769,0.0,0.0,0
238303493,0.034926396,-0.17971407,-0.052012995,0.5405405,0.0,0.0,0
238328135,0.08612692,-0.24144891,-0.044760317,0.541769,0.0,0.0,0
238347825,0.19197962,-0.288802,-0.04219397,0.541769,0.0,0.0,0
238362590,0.25989693,-0.314563,-0.032819904,0.5405405,0.0,0.0,0
238387209,0.32198766,-0.3239355,-0.045179423,0.541769,0.0,0.0,0
238406919,0.34727272,-0.31657842,-0.047534626,0.541769,0.0,0.0,0
238421719,0.49586043,-0.35786548,-0.12723187,0.541769,0.0,0.0,0
238446310,0.6303234,-0.332246,-0.17567451,0.5405405,0.0,0.0,0
238466102,0.7026666,-0.32512936,-0.17461054,0.541769,0.0,0.0,0
238485720,0.7332776,-0.31785223,-0.13973442,0.5405405,0.0,0.0,0
238505414,0.6875814,-0.2919485,-0.11527035,0.5405405,0.0,0.0,0
238525119,0.73370075,-0.26263326,-0.08591809,0.5405405,0.0,0.0,0
238544825,0.77143836,-0.21123527,-0.0572355,0.5405405,0.0,0.0,0
238564536,0.82807004,-0.16192777,-0.036186893,0.5405405,0.0,0.0,0
238584228,0.8512972,-0.123216264,-0.0110431155,0.5405405,0.0,0.0,0
238603918,0.85048634,-0.11871642,0.008253022,0.541769,0.0,0.0,0
238628561,0.83134466,-0.1396894,0.017699253,0.541769,0.0,0.0,0
238643326,0.82019037,-0.1581057,0.023489311,0.5405405,0.0,0.0,0
238663063,0.80957294,-0.17792931,0.028977167,0.5405405,0.0,0.0,0
238687667,0.7513736,-0.19843549,0.059760712,0.5405405,0.0,0.0,0
238702427,0.77220505,-0.2133632,0.047013715,0.5405405,0.0,0.0,0
238727053,0.8345993,-0.22293554,0.008047778,0.5405405,0.0,0.0,0
238746764,0.8599268,-0.20940666,-0.009451046,0.5405405,0.0,0.0,0
238766456,0.8747471,-0.18563572,-0.016750926,0.5405405,0.0,0.0,0
238786153,0.876946,-0.16764079,-0.017344693,0.5405405,0.0,0.0,0
238805859,0.7901325,-0.14546902,0.027540201,0.5405405,0.0,0.0,0
238825587,0.80924493,-0.13423713,0.016066672,0.541769,0.0,0.0,0
238845351,0.7969266,-0.12586793,0.02315668,0.541769,0.0,0.0,0
238865067,0.753637,-0.11789932,0.045481,0.5405405,0.0,0.0,0
238884698,0.7289905,-0.101306014,0.05663066,0.541769,0.0,0.0,0
238909289,0.6921372,-0.066657096,0.07490351,0.5405405,0.0,0.0,0
238924067,0.66195583,-0.04301495,0.08904042,0.5405405,0.0,0.0,0
238943773,0.63346183,-0.026270786,0.10001151,0.5405405,0.0,0.0,0
238968391,0.587262,-0.03172398,0.118831865,0.541769,0.0,0.0,0
238983171,0.55955684,-0.05529748,0.13382427,0.5405405,0.0,0.0,0
239002863,0.5474606,-0.104255214,0.14994632,0.541769,0.0,0.0,0
239027487,0.5896782,-0.20265472,0.17039542,0.541769,0.0,0.0,0
239047213,0.5797142,-0.25038388,0.17805782,0.541769,0.0,0.0,0
239062000,0.5814565,-0.28315088,0.19797824,0.5405405,0.0,0.0,0
239086627,0.6502363,-0.3244857,0.17830878,0.541769,0.0,0.0,0
239106294,0.73538697,-0.33911997,0.15920386,0.5405405,0.0,0.0,0
239126030,0.78420055,-0.33264577,0.15047655,0.541769,0.0,0.0,0
239145702,0.7970182,-0.31442437,0.14270951,0.541769,0.0,0.0,0
239165403,0.78696156,-0.2961201,0.148962,0.541769,0.0,0.0,0
239185092,0.745165,-0.24828683,0.19672057,0.541769,0.0,0.0,0
239204814,0.7464808,-0.22208132,0.21206361,0.5405405,0.0,0.0,0
239224519,0.6980671,-0.19179714,0.2544623,0.541769,0.0,0.0,0
239244313,0.6300478,-0.1482261,0.30739468,0.5405405,0.0,0.0,0
239263951,0.57180756,-0.09363435,0.33200502,0.5405405,0.0,0.0,0
239283636,0.51746297,-0.015036619,0.3611545,0.5405405,0.0,0.0,0
239308264,0.4666149,0.09907614,0.38038453,0.5405405,0.0,0.0,0
239327988,0.44090623,0.16945575,0.38237613,0.5405405,0.0,0.0,0
239342704,0.41164225,0.21099123,0.3900556,0.5405405,0.0,0.0,0
239367332,0.37245312,0.24242046,0.40677223,0.5405405,0.0,0.0,0
239387036,0.34747142,0.23912902,0.41983435,0.5405405,0.0,0.0,0
239401812,0.33601132,0.22203235,0.42920938,0.541769,0.0,0.0,0
239426454,0.34728545,0.19015029,0.4371076,0.5405405,0.0,0.0,0
239446154,0.35561663,0.15369745,0.45597082,0.5405405,0.0,0.0,0
239465857,0.37709904,0.13715093,0.4474219,0.5405405,0.0,0.0,0
239485535,0.45395312,0.12388282,0.4357308,0.5405405,0.0,0.0,0
239505246,0.5068408,0.13548963,0.4208903,0.5405405,0.0,0.0,0
239524946,0.55723447,0.16078989,0.403806,0.5405405,0.0,0.0,0
239544643,0.5374302,0.17886543,0.41113406,0.5405405,0.0,0.0,0
239564336,0.5003502,0.22297269,0.43274295,0.5405405,0.0,0.0,0
239584035,0.53367066,0.2290951,0.432789,0.5405405,0.0,0.0,0
239608671,0.50017935,0.2620037,0.45825532,0.5405405,0.0,0.0,0
239623446,0.46514523,0.29052594,0.47771773,0.5405405,0.0,0.0,0
239643218,0.43377814,0.3286916,0.4855615,0.5405405,0.0,0.0,0
239667767,0.3860595,0.39955676,0.49906763,0.5405405,0.0,0.0,0
239682547,0.37159777,0.44769323,0.49952903,0.5405405,0.0,0.0,0
239707171,0.35959423,0.5019704,0.49150676,0.5405405,0.0,0.0,0
239726866,0.3315741,0.52581877,0.49982724,0.5405405,0.0,0.0,0
239746573,0.30313754,0.52949876,0.5137227,0.5405405,0.0,0.0,0
239766268,0.2764857,0.5132824,0.53249997,0.5405405,0.0,0.0,0
239785970,0.25176093,0.48695076,0.55303085,0.5405405,0.0,0.0,0
239805703,0.24556792,0.4576977,0.5635456,0.5405405,0.0,0.0,0
239825408,0.23434909,0.43505704,0.57556725,0.5405405,0.0,0.0,0
239845133,0.2268729,0.40145642,0.5785542,0.5405405,0.0,0.0,0
239864863,0.23780689,0.37564465,0.5813421,0.5405405,0.0,0.0,0
239884474,0.2580898,0.3657445,0.5736032,0.5405405,0.0,0.0,0
239904176,0.28523925,0.3594658,0.5612381,0.5405405,0.0,0.0,0
239923870,0.28471842,0.36555487,0.55983037,0.5405405,0.0,0.0,0
239948503,0.2523363,0.39655244,0.56880087,0.5405405,0.0,0.0,0
239963277,0.23117945,0.41288817,0.5760187,0.5405405,0.0,0.0,0
239982983,0.19465412,0.4385108,0.5890629,0.5405405,0.0,0.0,0
240007706,0.1633452,0.48227024,0.5938184,0.5405405,0.0,0.0,0
240027449,0.15187839,0.5215911,0.58879614,0.541769,0.0,0.0,0
240042166,0.14751966,0.56280684,0.58179146,0.539312,0.0,0.0,0
240066712,0.16350262,0.6368923,0.5570331,0.5405405,0.0,0.0,0
240086407,0.16272211,0.68082243,0.5427741,0.5405405,0.0,0.0,0
240106115,0.15218781,0.7098081,0.5390364,0.5405405,0.0,0.0,0
240125829,0.14379968,0.709347,0.54386914,0.5405405,0.0,0.0,0
240145516,0.125124,0.69688404,0.56090087,0.5405405,0.0,0.0,0
240165216,0.09756532,0.6823179,0.5812824,0.5405405,0.0,0.0,0
240184915,0.093272984,0.65710866,0.59732383,0.5405405,0.0,0.0,0
240204613,0.06960518,0.6365046,0.6172094,0.5405405,0.0,0.0,0
240224367,0.08445155,0.6008151,0.62051135,0.5405405,0.0,0.0,0
240244069,0.09389317,0.57118315,0.61862725,0.5405405,0.0,0.0,0
240263763,0.11280642,0.5550113,0.6129755,0.5405405,0.0,0.0,0
240283448,0.13366185,0.54876727,0.6032187,0.5405405,0.0,0.0,0
240308075,0.120211825,0.5648751,0.6025925,0.5405405,0.0,0.0,0
240322823,0.10163794,0.583128,0.60459936,0.5405405,0.0,0.0,0
240347440,0.052376848,0.6227365,0.61766744,0.5405405,0.0,0.0,0
240367152,-0.0029309306,0.6717091,0.6302632,0.5405405,0.0,0.0,0
240381919,-0.020043844,0.7104536,0.62826097,0.5405405,0.0,0.0,0
240406751,-0.044921204,0.7787649,0.61286265,0.5405405,0.0,0.0,0
240426696,-0.08806262,0.82790637,0.5575989,0.5405405,0.0,0.0,0
240445987,-0.08306426,0.8802203,0.5190368,0.5405405,0.0,0.0,0
240465657,-0.10451869,0.9090342,0.47192067,0.5405405,0.0,0.0,0
240485346,-0.1095291,0.92795223,0.45520854,0.5405405,0.0,0.0,0
240505056,-0.14566752,0.90835315,0.436454,0.5405405,0.0,0.0,0
240524758,-0.18720894,0.88712406,0.42850718,0.5405405,0.0,0.0,0
240544449,-0.18869494,0.8482555,0.44540986,0.5405405,0.0,0.0,0
240564152,-0.20877527,0.80772704,0.45392567,0.5405405,0.0,0.0,0
240588783,-0.24887367,0.75700116,0.4481476,0.5405405,0.0,0.0,0
240603551,-0.27001712,0.7091745,0.4396645,0.5405405,0.0,0.0,0
240623288,-0.2835727,0.6597721,0.42980343,0.5405405,0.0,0.0,0
240647925,-0.36018005,0.5845013,0.38827792,0.5405405,0.0,0.0,0
240662658,-0.41373226,0.55244976,0.35680866,0.5405405,0.0,0.0,0
240682385,-0.45179877,0.5506407,0.33448958,0.5405405,0.0,0.0,0
240707020,-0.5204792,0.52348,0.30541363,0.5405405,0.0,0.0,0
240726721,-0.6198066,0.5250936,0.27014866,0.541769,0.0,0.0,0
240746426,-0.73645055,0.50661093,0.22681636,0.5405405,0.0,0.0,0
240766087,-0.7596585,0.50108373,0.20921512,0.5405405,0.0,0.0,0
240785804,-0.9270483,0.44058353,0.14034918,0.541769,0.0,0.0,0
240805524,-1.0988935,0.38595974,0.058692053,0.541769,0.0,0.0,0
240825482,-1.165965,0.39684322,0.0042132884,0.541769,0.0,0.0,0
240844942,-1.1921281,0.419286,-0.02823965,0.5405405,0.0,0.0,0
240864593,-1.2217305,0.38096032,-0.047525454,0.5405405,0.0,0.0,0
240884290,-1.2217305,0.30099744,-0.058435164,0.541769,0.0,0.0,0
240904002,-1.2217305,0.23694919,-0.06833498,0.541769,0.0,0.0,0
240928631,-1.2217305,0.089816086,-0.063586146,0.541769,0.0,0.0,0
240943398,-1.2217305,0.08366582,-0.056891896,0.541769,0.0,0.0,0
240963118,-1.2217305,0.02328743,-0.015029582,0.541769,0.0,0.0,0
240987721,-1.2217305,0.025333406,-0.016278816,0.541769,0.0,0.0,0
241007421,-1.2217305,0.020254511,0.041777533,0.541769,0.0,0.0,0
241022248,-1.2217305,0.039899718,0.052050717,0.541769,0.0,0.0,0
241046824,-1.2217305,0.067033395,0.09625144,0.541769,0.0,0.0,0
241066528,-1.2217305,0.074665464,0.09243296,0.541769,0.0,0.0,0
241086227,-1.2217305,0.07711813,0.15643004,0.541769,0.0,0.0,0
241105924,-1.2217305,0.07537629,0.1574019,0.541769,0.0,0.0,0
241125643,-1.2217305,0.078955576,0.15535215,0.541769,0.0,0.0,0
241145334,-1.2217305,0.09050551,0.15141837,0.541769,0.0,0.0,0
241165027,-1.2217305,0.11204422,0.14043011,0.541769,0.0,0.0,0
241184737,-1.2217305,0.14407685,0.12357184,0.541769,0.0,0.0,0
241204801,-1.2217305,0.16383225,0.11348358,0.541769,0.0,0.0,0
241224427,-1.2217305,0.16774486,0.11227605,0.541769,0.0,0.0,0
241243929,-1.2217305,0.15299396,0.12095849,0.541769,0.0,0.0,0
241263563,-1.2217305,0.12951136,0.13377446,0.541769,0.0,0.0,0
241288213,-1.2217305,0.08264011,0.15676218,0.541769,0.0,0.0,0
241302934,-1.2217305,0.059139773,0.16719739,0.541769,0.0,0.0,0
241327573,-1.1914796,0.0086636115,0.18575667,0.541769,0.0,0.0,0
241347267,-1.1662847,-0.01767338,0.19463466,0.541769,0.0,0.0,0
241362034,-1.1282271,-0.03122849,0.19794819,0.541769,0.0,0.0,0
241386700,-1.043268,-0.037718818,0.19670787,0.541769,0.0,0.0,0
241406410,-0.9770712,-0.03672728,0.19394663,0.541769,0.0,0.0,0
241426124,-0.9087893,-0.03888025,0.19210763,0.541769,0.0,0.0,0
241445790,-0.85443497,-0.04891336,0.19503699,0.541769,0.0,0.0,0
241465468,-0.8871408,-0.054850895,0.19512704,0.541769,0.0,0.0,0
241485169,-0.89798933,-0.063636884,0.19765036,0.541769,0.0,0.0,0
241504878,-0.89163357,-0.060492184,0.19660892,0.541769,0.0,0.0,0
241524593,-0.90320206,-0.06385692,0.19790418,0.541769,0.0,0.0,0
241544270,-0.8991089,-0.058441993,0.19644316,0.541769,0.0,0.0,0
241568898,-0.89236695,0.0051318486,0.18116891,0.541769,0.0,0.0,0
241583681,-0.89652455,0.0037416117,0.18156375,0.541769,0.0,0.0,0
241603744,-0.88765156,-0.0028197598,0.1802111,0.541769,0.0,0.0,0
241628034,-0.8627953,-0.0461389,0.18926232,0.541769,0.0,0.0,0
241642777,-0.83608645,-0.06672615,0.18970016,0.541769,0.0,0.0,0
241662474,-0.79723567,-0.049966272,0.18139555,0.541769,0.0,0.0,0
241687135,-0.7484176,-0.008910813,0.17675933,0.541769,0.0,0.0,0
241706831,-0.6560536,0.04409112,0.16753232,0.541769,0.0,0.0,0
241726525,-0.5862993,0.11846476,0.12840198,0.541769,0.0,0.0,0
241746203,-0.52746904,0.21565711,0.09132996,0.541769,0.0,0.0,0
241765898,-0.4611011,0.19512206,0.06383883,0.541769,0.0,0.0,0
241785600,-0.40351397,0.22227475,0.038364474,0.541769,0.0,0.0,0
241805357,-0.38606432,0.21430609,0.031613912,0.541769,0.0,0.0,0
241825041,-0.41457748,0.20735084,0.04410288,0.541769,0.0,0.0,0
241844711,-0.4928578,0.19585958,0.07793861,0.541769,0.0,0.0,0
241864412,-0.59030867,0.18552697,0.119931266,0.541769,0.0,0.0,0
241884116,-0.67679274,0.1896546,0.14432225,0.5405405,0.0,0.0,0
241908749,-0.75150293,0.21243878,0.13903576,0.541769,0.0,0.0,0
241923510,-0.7804688,0.23797107,0.13285798,0.541769,0.0,0.0,0
241943209,-0.812551,0.27287892,0.12410617,0.541769,0.0,0.0,0
241967842,-0.8411035,0.29612672,0.116919436,0.541769,0.0,0.0,0
241987541,-0.843572,0.28631964,0.11849496,0.541769,0.0,0.0,0
242002771,-0.83844316,0.25759265,0.12431158,0.541769,0.0,0.0,0
242026967,-0.82345855,0.18551311,0.13810135,0.541769,0.0,0.0,0
242046646,-0.79526335,0.120858446,0.14981997,0.541769,0.0,0.0,0
242061412,-0.75757897,0.07423242,0.15746237,0.541769,0.0,0.0,0
242086067,-0.64225936,0.0039269254,0.14862604,0.541769,0.0,0.0,0
242105749,-0.5823774,-0.04605988,0.12481129,0.541769,0.0,0.0,0
242125443,-0.53360736,-0.08023817,0.10212759,0.5405405,0.0,0.0,0
242145147,-0.4655098,-0.093722805,0.07021686,0.541769,0.0,0.0,0
242164856,-0.41235784,-0.09595044,0.045473367,0.541769,0.0,0.0,0
242184546,-0.3861331,-0.09934167,0.033420283,0.5405405,0.0,0.0,0
242204307,-0.3973163,-0.16175148,0.043664176,0.541769,0.0,0.0,0
242224000,-0.44614226,-0.275729,0.079249404,0.541769,0.0,0.0,0
242243678,-0.43545428,-0.31003895,0.11458473,0.541769,0.0,0.0,0
242268302,-0.4388772,-0.3118783,0.12119043,0.541769,0.0,0.0,0
242283051,-0.43218735,-0.36662745,0.1142691,0.541769,0.0,0.0,0
242307686,-0.41516045,-0.44521528,0.10860177,0.541769,0.0,0.0,0
242327368,-0.41824725,-0.51435536,0.11536465,0.541769,0.0,0.0,0
242342174,-0.42710042,-0.4875894,0.11419119,0.541769,0.0,0.0,0
242366786,-0.4378416,-0.58152086,0.1289284,0.541769,0.0,0.0,0
242386479,-0.4460416,-0.6021039,0.13337229,0.541769,0.0,0.0,0
242406258,-0.4480031,-0.6604365,0.14237201,0.541769,0.0,0.0,0
242425885,-0.44017324,-0.70592433,0.14753366,0.541769,0.0,0.0,0
242445589,-0.3881804,-0.7513281,0.13669108,0.541769,0.0,0.0,0
242465278,-0.33053604,-0.7879727,0.11872934,0.541769,0.0,0.0,0
242484985,-0.30347413,-0.7964689,0.10986842,0.541769,0.0,0.0,0
242504695,-0.24898282,-0.77649355,0.09042651,0.541769,0.0,0.0,0
242524382,-0.1878722,-0.7370062,0.06837084,0.541769,0.0,0.0,0
242549011,-0.16062929,-0.6978305,0.059950467,0.541769,0.0,0.0,0
242563783,-0.13732196,-0.68164885,0.044777982,0.541769,0.0,0.0,0
242583483,-0.14385945,-0.65636647,0.05055055,0.541769,0.0,0.0,0
242608158,-0.18431678,-0.63128006,0.06451196,0.541769,0.0,0.0,0
242622892,-0.20497374,-0.6230903,0.07064875,0.541769,0.0,0.0,0
242642586,-0.2272814,-0.62189573,0.07636804,0.541769,0.0,0.0,0
242667249,-0.25218722,-0.590349,0.079612896,0.541769,0.0,0.0,0
242686941,-0.24905506,-0.5507601,0.072283536,0.541769,0.0,0.0,0
242706657,-0.25052333,-0.51981246,0.0674866,0.541769,0.0,0.0,0
242726312,-0.26064354,-0.504814,0.06843375,0.541769,0.0,0.0,0
242746016,-0.26558125,-0.5111864,0.069908105,0.541769,0.0,0.0,0
242765725,-0.2637973,-0.54558486,0.0722279,0.541769,0.0,0.0,0
242785469,-0.2537204,-0.5873487,0.07307766,0.541769,0.0,0.0,0
242805200,-0.23068118,-0.6298203,0.07034664,0.541769,0.0,0.0,0
242824830,-0.18099512,-0.66833216,0.059447836,0.541769,0.0,0.0,0
242844521,-0.16792117,-0.69439083,0.057910778,0.541769,0.0,0.0,0
242864228,-0.14174025,-0.7058271,0.05089491,0.541769,0.0,0.0,0
242883931,-0.0956103,-0.6926675,0.025153078,0.541769,0.0,0.0,0
242903629,-0.050009664,-0.67314756,-0.0063331355,0.541769,0.0,0.0,0
242923321,-0.03599068,-0.65125585,-0.012139764,0.5405405,0.0,0.0,0
242947947,-0.0481439,-0.62669116,-0.007021361,0.541769,0.0,0.0,0
242967656,-0.063369505,-0.6072295,0.004245185,0.5405405,0.0,0.0,0
242982481,-0.09379041,-0.59510875,0.025443422,0.5405405,0.0,0.0,0
243007079,-0.15543674,-0.5765857,0.052209973,0.5405405,0.0,0.0,0
243026761,-0.18314512,-0.55295867,0.05626055,0.539312,0.0,0.0,0
243041531,-0.20511879,-0.52741927,0.05833113,0.539312,0.0,0.0,0
243066154,-0.24148366,-0.47681513,0.06253596,0.53808355,0.0,0.0,0
243085853,-0.25652817,-0.44743103,0.06319116,0.53685504,0.0,0.0,0
243105593,-0.26021898,-0.44117668,0.063370414,0.53685504,0.0,0.0,0
243125263,-0.26340702,-0.46011743,0.065440245,0.53685504,0.0,0.0,0
243144968,-0.26479852,-0.4995524,0.06882774,0.53685504,0.0,0.0,0
243164667,-0.24527167,-0.5468532,0.06825609,0.53685504,0.0,0.0,0
243184475,-0.21191528,-0.5839799,0.06299178,0.53685504,0.0,0.0,0
243204171,-0.15857984,-0.6227203,0.05184963,0.53685504,0.0,0.0,0
243223793,-0.14295892,-0.6516569,0.048762597,0.53685504,0.0,0.0,0
243248386,-0.1037383,-0.66256005,0.030819593,0.53685504,0.0,0.0,0
243263186,-0.052453265,-0.6537487,-0.005521326,0.53685504,0.0,0.0,0
243282863,-0.0070399013,-0.63280475,-0.036286194,0.53685504,0.0,0.0,0
243307490,-0.001570288,-0.6060922,-0.039199058,0.53685504,0.0,0.0,0
243322262,-0.011370157,-0.5921235,-0.03232189,0.53685504,0.0,0.0,0
243346887,-0.032756746,-0.5681333,-0.016823137,0.53685504,0.0,0.0,0
243366597,-0.08774739,-0.5525206,0.021262571,0.53685504,0.0,0.0,0
243386323,-0.15426677,-0.5348188,0.0507596,0.53685504,0.0,0.0,0
243405995,-0.19481593,-0.5143621,0.058568858,0.53685504,0.0,0.0,0
243425711,-0.24362734,-0.47529638,0.06774611,0.53685504,0.0,0.0,0
243445401,-0.28577185,-0.43297198,0.072449185,0.53685504,0.0,0.0,0
243465117,-0.3034344,-0.4059418,0.07319113,0.53685504,0.0,0.0,0
243484813,-0.31600353,-0.3972365,0.07445131,0.53685504,0.0,0.0,0
243504506,-0.3286631,-0.4107801,0.07781504,0.53685504,0.0,0.0,0
243529129,-0.31798732,-0.45929924,0.08057017,0.53685504,0.0,0.0,0
243543896,-0.29912537,-0.49359655,0.07997129,0.53685504,0.0,0.0,0
243563599,-0.26778919,-0.53745097,0.076854214,0.53685504,0.0,0.0,0
243588516,-0.19906461,-0.57818425,0.06370631,0.53685504,0.0,0.0,0
243603000,-0.19096142,-0.59718734,0.06257363,0.53685504,0.0,0.0,0
243622742,-0.15750198,-0.61075574,0.054905653,0.53685504,0.0,0.0,0
243647348,-0.08657378,-0.5982517,0.011754685,0.53685504,0.0,0.0,0
243667073,-0.04152396,-0.5752403,-0.018573174,0.53685504,0.0,0.0,0
243686748,-0.046214182,-0.5453137,-0.017921273,0.53685504,0.0,0.0,0
243706445,-0.05352927,-0.52700645,-0.009710999,0.53685504,0.0,0.0,0
243726134,-0.077413954,-0.50880027,0.0070874323,0.53685504,0.0,0.0,0
243745836,-0.12664919,-0.49596113,0.040451974,0.53685504,0.0,0.0,0
243765527,-0.18732867,-0.48325467,0.060497563,0.53685504,0.0,0.0,0
243785268,-0.21906403,-0.4602883,0.06548786,0.53685504,0.0,0.0,0
243804935,-0.25553867,-0.42329562,0.06993345,0.53685504,0.0,0.0,0
243824636,-0.28054607,-0.37884986,0.0709326,0.53685504,0.0,0.0,0
243844342,-0.29244012,-0.3430657,0.06991039,0.53685504,0.0,0.0,0
243864037,-0.30973202,-0.32849735,0.073058076,0.53685504,0.0,0.0,0
243883742,-0.3094989,-0.34386456,0.07432783,0.53685504,0.0,0.0,0
243903440,-0.2955045,-0.37694192,0.074939236,0.53685504,0.0,0.0,0
243928072,-0.26898253,-0.433468,0.07464297,0.53685504,0.0,0.0,0
243947928,-0.23324469,-0.47285074,0.07039257,0.53685504,0.0,0.0,0
243962537,-0.18438374,-0.49837542,0.061878677,0.53685504,0.0,0.0,0
243987435,-0.1782414,-0.534988,0.061650805,0.531941,0.0,0.0,0
244006884,-0.17419447,-0.55219775,0.06121382,0.531941,0.0,0.0,0
244021666,-0.1458501,-0.5474313,0.045653217,0.52457,0.0,0.0,0
244046267,-0.08484785,-0.5396255,0.0011533437,0.52334154,0.0,0.0,0
244066010,-0.07258546,-0.52766514,-0.0067121396,0.5208845,0.0,0.0,0
244085705,-0.055671334,-0.5201451,-0.018634839,0.522113,0.0,0.0,0
244105400,-0.051244438,-0.51314676,-0.020833436,0.5208845,0.0,0.0,0
244125135,-0.07595522,-0.51066464,-0.0073236306,0.522113,0.0,0.0,0
244144778,-0.09743008,-0.5031279,0.010590506,0.5208845,0.0,0.0,0
244164518,-0.11419632,-0.4817921,0.021635652,0.5208845,0.0,0.0,0
244184214,-0.14632215,-0.44726035,0.042895347,0.5208845,0.0,0.0,0
244203873,-0.17925245,-0.39873663,0.060511924,0.5208845,0.0,0.0,0
244228501,-0.19375469,-0.35675064,0.062456824,0.522113,0.0,0.0,0
244243277,-0.20395122,-0.34707874,0.06356655,0.5208845,0.0,0.0,0
244262987,-0.21815205,-0.3570275,0.06597289,0.5208845,0.0,0.0,0
244287630,-0.22482118,-0.40326867,0.06897227,0.5208845,0.0,0.0,0
244302385,-0.22055326,-0.43657804,0.06962146,0.522113,0.0,0.0,0
244327002,-0.20028019,-0.49520436,0.06788678,0.5208845,0.0,0.0,0
244346716,-0.17102537,-0.5404443,0.056105476,0.522113,0.0,0.0,0
244366862,-0.13775031,-0.57338834,0.033774007,0.522113,0.0,0.0,0
244386142,-0.1028111,-0.5888392,0.010024421,0.5208845,0.0,0.0,0
244405811,-0.06115509,-0.5825137,-0.018699383,0.522113,0.0,0.0,0
244425505,-0.013298781,-0.5628315,-0.050985232,0.522113,0.0,0.0,0
244445207,0.0033516756,-0.5364893,-0.061175793,0.5208845,0.0,0.0,0
244464919,-0.019740013,-0.51625234,-0.044794355,0.522113,0.0,0.0,0
244484612,-0.03379569,-0.48879158,-0.028529402,0.522113,0.0,0.0,0
244509249,-0.030636212,-0.44706637,0.0054788426,0.522113,0.0,0.0,0
244524014,-0.08091081,-0.4335341,0.014035938,0.522113,0.0,0.0,0
244543710,-0.14081752,-0.3970765,0.022389814,0.5208845,0.0,0.0,0
244568384,-0.16543579,-0.32136032,0.04382313,0.5208845,0.0,0.0,0
244583155,-0.14605545,-0.26772806,0.06923053,0.5208845,0.0,0.0,0
244602846,-0.16575222,-0.21980667,0.06685157,0.5208845,0.0,0.0,0
244627473,-0.10428296,-0.17858651,0.10075663,0.5208845,0.0,0.0,0
244647171,-0.056659017,-0.17809784,0.13343942,0.5208845,0.0,0.0,0
244661957,-0.022619097,-0.20244806,0.15421388,0.5208845,0.0,0.0,0
244686574,0.004525031,-0.25783497,0.15274562,0.5208845,0.0,0.0,0
244706249,0.019069517,-0.30783138,0.14597392,0.5208845,0.0,0.0,0
244726012,0.089575864,-0.37554532,0.1320799,0.5208845,0.0,0.0,0
244745957,0.14882706,-0.43414506,0.12129173,0.5208845,0.0,0.0,0
244765629,0.21863085,-0.47050613,0.08879099,0.5208845,0.0,0.0,0
244785141,0.27548736,-0.47955507,0.051747985,0.5208845,0.0,0.0,0
244804760,0.324844,-0.4714168,0.019612417,0.5208845,0.0,0.0,0
244824452,0.34534022,-0.4508447,0.00036999272,0.5208845,0.0,0.0,0
244844152,0.3164143,-0.43365425,0.010729377,0.5208845,0.0,0.0,0
244863855,0.26309216,-0.40744075,0.041426506,0.522113,0.0,0.0,0
244883558,0.20684889,-0.38233095,0.07422096,0.5208845,0.0,0.0,0
244908187,0.045610864,-0.3443157,0.13826384,0.5208845,0.0,0.0,0
244927881,-0.08559741,-0.32301816,0.1493689,0.522113,0.0,0.0,0
244942656,-0.13030729,-0.30078045,0.14342216,0.5208845,0.0,0.0,0
244967311,-0.2014938,-0.23645695,0.13747172,0.522113,0.0,0.0,0
244986987,-0.23721755,-0.17987834,0.12951325,0.5208845,0.0,0.0,0
245001761,-0.24618459,-0.15153965,0.12576987,0.5208845,0.0,0.0,0
245026388,-0.28230816,-0.12499175,0.10862001,0.5208845,0.0,0.0,0
245046114,-0.3290873,-0.13951708,0.0868556,0.522113,0.0,0.0,0
245065836,-0.38407692,-0.1733486,0.05707705,0.522113,0.0,0.0,0
245085527,-0.38189432,-0.18718788,0.043961946,0.522113,0.0,0.0,0
245105212,-0.3429277,-0.226232,0.04661012,0.522113,0.0,0.0,0
245124900,-0.26839915,-0.2209376,0.05117542,0.5208845,0.0,0.0,0
245144880,-0.22802764,-0.24187973,0.07721351,0.5208845,0.0,0.0,0
245164545,-0.13967243,-0.26088837,0.11031978,0.5208845,0.0,0.0,0
245184003,-0.03279637,-0.25455007,0.14475681,0.5208845,0.0,0.0,0
245208619,0.055610932,-0.24408539,0.1275052,0.522113,0.0,0.0,0
245223391,0.066783234,-0.24007928,0.120881185,0.522113,0.0,0.0,0
245243088,0.11159989,-0.23637013,0.11139311,0.5208845,0.0,0.0,0
245267722,0.15547949,-0.22731946,0.12239757,0.5208845,0.0,0.0,0
245282508,0.18629384,-0.22155038,0.13491279,0.5208845,0.0,0.0,0
245307130,0.18326342,-0.21398997,0.15887898,0.5208845,0.0,0.0,0
245326833,0.1624548,-0.18930143,0.16957724,0.5208845,0.0,0.0,0
245346620,0.10979416,-0.14573811,0.1831646,0.522113,0.0,0.0,0
245366257,0.08055789,-0.10299347,0.19153088,0.5208845,0.0,0.0,0
245385930,0.07532307,-0.06628035,0.19157417,0.5208845,0.0,0.0,0
245405630,0.053327933,-0.04981781,0.1945684,0.5208845,0.0,0.0,0
245425325,0.045360606,-0.060172275,0.19975945,0.5208845,0.0,0.0,0
245445044,0.02100015,-0.09018616,0.20469868,0.5208845,0.0,0.0,0
245464747,-0.017434213,-0.12989703,0.20729287,0.5208845,0.0,0.0,0
245484450,-0.046975087,-0.17548041,0.19928841,0.522113,0.0,0.0,0
245504132,-0.042236466,-0.21613254,0.19988137,0.5208845,0.0,0.0,0
245523829,-0.008559875,-0.25571132,0.2077881,0.5208845,0.0,0.0,0
245548525,0.019615894,-0.29466653,0.20081688,0.5208845,0.0,0.0,0
245563711,0.069030285,-0.29651383,0.18501508,0.522113,0.0,0.0,0
245582963,0.15904889,-0.29864505,0.16318637,0.5208845,0.0,0.0,0
245607595,0.21846497,-0.2926868,0.15666501,0.5208845,0.0,0.0,0
245627283,0.24195443,-0.28261626,0.16216598,0.5208845,0.0,0.0,0
245642044,0.23630118,-0.27764204,0.16541702,0.5208845,0.0,0.0,0
245666666,0.20138644,-0.25837,0.19280684,0.5208845,0.0,0.0,0
245686374,0.14623663,-0.23765351,0.22043425,0.5208845,0.0,0.0,0
245706069,0.11825682,-0.20797169,0.23695873,0.5208845,0.0,0.0,0
245725761,0.09204281,-0.15962799,0.25389442,0.5208845,0.0,0.0,0
245745491,0.08290242,-0.09632036,0.26142475,0.5208845,0.0,0.0,0
245765196,0.06679406,-0.03675107,0.25923017,0.5208845,0.0,0.0,0
245784865,0.046399813,0.013226551,0.25978044,0.5208845,0.0,0.0,0
245804563,0.038701933,0.03261268,0.26174814,0.5208845,0.0,0.0,0
245824262,0.039370026,0.02158559,0.2599447,0.5208845,0.0,0.0,0
245843968,0.038752828,-0.0026122516,0.2598824,0.5208845,0.0,0.0,0
245863677,0.048756156,-0.035035856,0.25759977,0.5208845,0.0,0.0,0
245883367,0.06396383,-0.06764725,0.24412328,0.5208845,0.0,0.0,0
245907997,0.108192526,-0.105890326,0.22012223,0.5208845,0.0,0.0,0
245922767,0.1324068,-0.122841,0.21032259,0.5208845,0.0,0.0,0
245947468,0.18597277,-0.14165613,0.181521,0.5208845,0.0,0.0,0
245967104,0.2625233,-0.14321966,0.14710121,0.5208845,0.0,0.0,0
245981875,0.2930262,-0.13737597,0.13015419,0.5208845,0.0,0.0,0
246006503,0.3257396,-0.1306677,0.12558976,0.5184275,0.0,0.0,0
246026232,0.31412804,-0.12320803,0.1315412,0.5184275,0.0,0.0,0
246045930,0.28151023,-0.112077974,0.15210162,0.5184275,0.0,0.0,0
246065632,0.21016614,-0.10298234,0.19106363,0.5184275,0.0,0.0,0
246085328,0.11730732,-0.08518304,0.23812541,0.5184275,0.0,0.0,0
246105007,0.05149664,-0.06363428,0.2726745,0.5184275,0.0,0.0,0
246124711,-0.027443012,-0.019664593,0.30580592,0.5184275,0.0,0.0,0
246144432,-0.08982792,0.0201301,0.29934216,0.5184275,0.0,0.0,0
246164104,-0.1553953,0.042227983,0.27912515,0.5184275,0.0,0.0,0
246188729,-0.25872067,0.025103308,0.25188997,0.5184275,0.0,0.0,0
246203507,-0.2865505,0.003003638,0.2580135,0.5184275,0.0,0.0,0
246223209,-0.36729944,-0.055771384,0.24064942,0.5184275,0.0,0.0,0
246247826,-0.44911748,-0.11075855,0.21994656,0.5184275,0.0,0.0,0
246262610,-0.526753,-0.12907825,0.17786556,0.5184275,0.0,0.0,0
246287231,-0.57587296,-0.20439824,0.16037418,0.5184275,0.0,0.0,0
246306936,-0.6232562,-0.2786968,0.13046448,0.5184275,0.0,0.0,0
246326636,-0.7059605,-0.3597415,0.10437449,0.5184275,0.0,0.0,0
246346410,-0.69461906,-0.3829972,0.10924053,0.5184275,0.0,0.0,0
246366032,-0.6665912,-0.38729078,0.105784744,0.5184275,0.0,0.0,0
246385747,-0.67844397,-0.39797112,0.11556982,0.5184275,0.0,0.0,0
246405438,-0.68339145,-0.43731013,0.13200088,0.5184275,0.0,0.0,0
246425138,-0.6998921,-0.419027,0.1303426,0.5184275,0.0,0.0,0
246444853,-0.71582615,-0.45793235,0.13795616,0.5184275,0.0,0.0,0
246464569,-0.7316832,-0.46605974,0.14043613,0.5184275,0.0,0.0,0
246484263,-0.74642277,-0.4435701,0.13651718,0.5184275,0.0,0.0,0
246503974,-0.7759791,-0.39154175,0.12918961,0.5184275,0.0,0.0,0
246528652,-0.8677184,-0.42273995,0.18818742,0.5184275,0.0,0.0,0
246543370,-0.8581838,-0.38041428,0.17371419,0.5184275,0.0,0.0,0
246563042,-0.97712445,-0.5031577,0.2778458,0.5184275,0.0,0.0,0
246587696,-1.0363241,-0.4843372,0.30917847,0.5184275,0.0,0.0,0
246607409,-1.0548835,-0.48911163,0.32342353,0.5184275,0.0,0.0,0
246622175,-1.0421911,-0.5028206,0.32471895,0.5184275,0.0,0.0,0
246646770,-1.0013946,-0.51869315,0.31978422,0.5184275,0.0,0.0,0
246666483,-0.93417686,-0.5436327,0.3117285,0.5184275,0.0,0.0,0
246686175,-0.90340364,-0.5750594,0.3115209,0.5184275,0.0,0.0,0
246705873,-0.9480392,-0.6008236,0.33905417,0.5184275,0.0,0.0,0
246725647,-0.9540346,-0.60673314,0.353996,0.5184275,0.0,0.0,0
246745367,-0.9920367,-0.6140269,0.36649257,0.5184275,0.0,0.0,0
246764980,-0.9870177,-0.62041855,0.3394515,0.5184275,0.0,0.0,0
246784691,-0.93801516,-0.63864094,0.28242865,0.5184275,0.0,0.0,0
246804377,-0.9052132,-0.6356494,0.25997716,0.5184275,0.0,0.0,0
246824081,-1.0037082,-0.6320493,0.309417,0.5184275,0.0,0.0,0
246843786,-1.056564,-0.63185865,0.3277678,0.5184275,0.0,0.0,0
246863480,-1.0965271,-0.6521546,0.34735084,0.5184275,0.0,0.0,0
246888127,-1.1497372,-0.6641455,0.37360176,0.5184275,0.0,0.0,0
246902909,-1.2035533,-0.6797302,0.38235036,0.5184275,0.0,0.0,0
246927544,-1.2217305,-0.6502988,0.39826638,0.5184275,0.0,0.0,0
246947241,-1.2217305,-0.64262056,0.41498077,0.5184275,0.0,0.0,0
246961990,-1.2217305,-0.66431904,0.42026436,0.5184275,0.0,0.0,0
246986675,-1.2217305,-0.7171896,0.43325764,0.5184275,0.0,0.0,0
247006347,-1.2217305,-0.77411485,0.44362384,0.5184275,0.0,0.0,0
247026039,-1.2217305,-0.8270589,0.4438844,0.5184275,0.0,0.0,0
247045739,-1.2217305,-0.8779941,0.43390477,0.5184275,0.0,0.0,0
247065413,-1.2217305,-0.93515795,0.38483775,0.5184275,0.0,0.0,0
247085115,-1.2217305,-0.98429114,0.35187632,0.5184275,0.0,0.0,0
247104815,-1.2217305,-1.0006382,0.36622137,0.5184275,0.0,0.0,0
247124589,-1.2217305,-1.0066856,0.35008922,0.5184275,0.0,0.0,0
247144249,-1.2217305,-1.001671,0.31262052,0.5184275,0.0,0.0,0
247168845,-1.2217305,-0.9922098,0.2695359,0.5184275,0.0,0.0,0
247183648,-1.1977321,-0.990675,0.22075266,0.5184275,0.0,0.0,0
247203321,-1.2217305,-0.97597134,0.24522388,0.5184275,0.0,0.0,0
247227947,-1.2217305,-0.96044517,0.27764368,0.5184275,0.0,0.0,0
247242731,-1.2217305,-0.9507434,0.28482416,0.5184275,0.0,0.0,0
247262426,-1.2217305,-0.92623013,0.2977661,0.5184275,0.0,0.0,0
247287051,-1.2217305,-0.87791324,0.31695524,0.5184275,0.0,0.0,0
247306759,-1.2217305,-0.8268414,0.32888794,0.5184275,0.0,0.0,0
247326476,-1.2217305,-0.78425276,0.34236258,0.5184275,0.0,0.0,0
247346156,-1.2217305,-0.76259243,0.3499566,0.5184275,0.0,0.0,0
247365862,-1.2217305,-0.76643306,0.35270837,0.5184275,0.0,0.0,0
247385550,-1.2217305,-0.7995273,0.34779143,0.5184275,0.0,0.0,0
247405274,-1.2217305,-0.84149116,0.32777435,0.5184275,0.0,0.0,0
247424975,-1.2217305,-0.8851181,0.28784877,0.5184275,0.0,0.0,0
247444684,-1.2217305,-0.9232177,0.2089116,0.5184275,0.0,0.0,0
247464386,-1.2217305,-0.948398,0.14998822,0.5184275,0.0,0.0,0
247484119,-1.2217305,-0.9551649,0.113298595,0.5184275,0.0,0.0,0
247508798,-1.2131113,-0.9349315,0.031369362,0.5184275,0.0,0.0,0
247523534,-1.1608341,-0.91185546,-0.015736854,0.5184275,0.0,0.0,0
247543155,-1.1223025,-0.8810809,-0.06254113,0.5184275,0.0,0.0,0
247567787,-1.0483094,-0.8491891,-0.13508675,0.5184275,0.0,0.0,0
247587478,-1.0284536,-0.8293918,-0.16094592,0.5184275,0.0,0.0,0
247602259,-1.1054804,-0.823804,-0.11703083,0.5184275,0.0,0.0,0
247626883,-1.1529169,-0.8141084,-0.08695264,0.5184275,0.0,0.0,0
247646588,-1.190712,-0.8147609,-0.07190093,0.5184275,0.0,0.0,0
247661367,-1.2081596,-0.8177133,-0.05778558,0.5184275,0.0,0.0,0
247685989,-1.2217305,-0.8130328,-0.053983327,0.5184275,0.0,0.0,0
247705706,-1.2217305,-0.8077534,-0.051908784,0.5184275,0.0,0.0,0
247725412,-1.2217305,-0.8166994,-0.04895153,0.5184275,0.0,0.0,0
247745093,-1.2217305,-0.84852713,-0.06530081,0.5184275,0.0,0.0,0
247764791,-1.2217305,-0.8976522,-0.09114448,0.5184275,0.0,0.0,0
247784482,-1.2217305,-0.9540683,-0.1271869,0.5184275,0.0,0.0,0
247804191,-1.2217305,-1.0173806,-0.17863287,0.5184275,0.0,0.0,0
247823893,-1.2217305,-1.0471976,-0.2359099,0.5184275,0.0,0.0,0
247843588,-1.1358154,-1.0471976,-0.3338197,0.5184275,0.0,0.0,0
247868219,-1.0660441,-1.0471976,-0.44497406,0.5184275,0.0,0.0,0
247882996,-1.0346501,-1.0471976,-0.47304758,0.5184275,0.0,0.0,0
247907811,-0.9805437,-1.0471976,-0.537433,0.5184275,0.0,0.0,0
247927637,-0.9527858,-1.0471976,-0.5844298,0.5184275,0.0,0.0,0
247942134,-0.95160866,-1.0471976,-0.6036519,0.5184275,0.0,0.0,0
247966764,-0.9334178,-1.0471976,-0.65256155,0.5184275,0.0,0.0,0
247986463,-0.99341804,-1.0471976,-0.6043381,0.5184275,0.0,0.0,0
248006157,-1.0606079,-1.0471976,-0.5526311,0.5184275,0.0,0.0,0
248025839,-1.110966,-1.0471976,-0.51031035,0.5184275,0.0,0.0,0
248045535,-1.1694459,-1.0431567,-0.4558154,0.5184275,0.0,0.0,0
248065234,-1.2217305,-1.0131313,-0.40621725,0.5184275,0.0,0.0,0
248084946,-1.2217305,-0.9633693,-0.36918026,0.5184275,0.0,0.0,0
248104690,-1.2217305,-0.91806066,-0.33363682,0.5184275,0.0,0.0,0
248124358,-1.2217305,-0.8856291,-0.3128102,0.5184275,0.0,0.0,0
248148951,-1.2217305,-0.87950814,-0.30744478,0.5184275,0.0,0.0,0
248163733,-1.2217305,-0.8890743,-0.3140807,0.5184275,0.0,0.0,0
248183431,-1.1786371,-0.9125723,-0.34244153,0.5184275,0.0,0.0,0
248208095,-1.0579482,-0.9310356,-0.3992444,0.5184275,0.0,0.0,0
248222838,-0.9265586,-0.92961586,-0.46069327,0.5184275,0.0,0.0,0
248242549,-0.82643986,-0.9175109,-0.5415969,0.5184275,0.0,0.0,0
248267158,-0.6865296,-0.88619524,-0.5781261,0.5184275,0.0,0.0,0
248287098,-0.60654694,-0.84120226,-0.6400095,0.5184275,0.0,0.0,0
248307094,-0.5161132,-0.7725518,-0.6893266,0.5184275,0.0,0.0,0
248326294,-0.45211452,-0.7179698,-0.7150691,0.5184275,0.0,0.0,0
248345968,-0.37490222,-0.6565782,-0.7456348,0.5184275,0.0,0.0,0
248365671,-0.3341305,-0.5966359,-0.7561743,0.5184275,0.0,0.0,0
248385387,-0.3733527,-0.5750629,-0.70841795,0.5184275,0.0,0.0,0
248405094,-0.39742252,-0.5544264,-0.6656417,0.5184275,0.0,0.0,0
248424813,-0.43850622,-0.5349963,-0.6222036,0.5184275,0.0,0.0,0
248444527,-0.47690392,-0.5111763,-0.5737468,0.5184275,0.0,0.0,0
248464167,-0.5220603,-0.47860828,-0.5350936,0.5184275,0.0,0.0,0
248483871,-0.5422713,-0.43920437,-0.49949637,0.5184275,0.0,0.0,0
248503601,-0.5605463,-0.40948755,-0.47386035,0.5184275,0.0,0.0,0
248523307,-0.557435,-0.39014003,-0.46493807,0.5184275,0.0,0.0,0
248547895,-0.5186095,-0.3974315,-0.4747428,0.5184275,0.0,0.0,0
248567607,-0.47715887,-0.408164,-0.49724466,0.5184275,0.0,0.0,0
248582377,-0.43930086,-0.42687154,-0.5280108,0.5184275,0.0,0.0,0
248607005,-0.26355,-0.3471512,-0.56736547,0.5184275,0.0,0.0,0
248626706,-0.14453478,-0.3155716,-0.6264594,0.5184275,0.0,0.0,0
248641474,-0.1150162,-0.32010317,-0.6480541,0.5184275,0.0,0.0,0
248666104,0.016479362,-0.2776614,-0.6849953,0.5184275,0.0,0.0,0
248685845,0.080280185,-0.23383752,-0.72258687,0.5184275,0.0,0.0,0
248705824,0.18147783,-0.17644213,-0.66189295,0.5184275,0.0,0.0,0
248725203,0.2596695,-0.12530074,-0.58067846,0.5184275,0.0,0.0,0
248744912,0.2803576,-0.0858596,-0.5249564,0.5184275,0.0,0.0,0
248764605,0.31624278,-0.043446418,-0.47107255,0.5184275,0.0,0.0,0
248784303,0.2793663,-0.045212585,-0.45803037,0.5184275,0.0,0.0,0
248804006,0.2184058,-0.05790686,-0.4471972,0.5184275,0.0,0.0,0
248823763,0.17196214,-0.05388872,-0.43216318,0.5184275,0.0,0.0,0
248848361,0.10013551,-0.0326833,-0.41479748,0.5184275,0.0,0.0,0
248863136,0.060011975,-0.013710095,-0.40468156,0.5184275,0.0,0.0,0
248882861,0.030157438,0.007417161,-0.3949067,0.5184275,0.0,0.0,0
248907498,-0.005960022,2.6952175e-05,-0.37728512,0.5184275,0.0,0.0,0
248922258,-0.023984892,-0.023022847,-0.3698557,0.5184275,0.0,0.0,0
248946866,-0.034560915,-0.08240269,-0.37138584,0.5184275,0.0,0.0,0
248966567,-0.02408351,-0.13952543,-0.3819419,0.5184275,0.0,0.0,0
248986276,0.0026507976,-0.20358497,-0.4009691,0.5184275,0.0,0.0,0
249005942,0.04643257,-0.25578249,-0.4258784,0.5184275,0.0,0.0,0
249025640,0.07122277,-0.29644322,-0.44419947,0.5184275,0.0,0.0,0
249045343,0.10151572,-0.32940152,-0.45167723,0.5184275,0.0,0.0,0
249065041,0.1615473,-0.3386635,-0.4601771,0.5184275,0.0,0.0,0
249084907,0.19050716,-0.32988042,-0.46330443,0.5184275,0.0,0.0,0
249104759,0.19620296,-0.31134465,-0.45663092,0.5184275,0.0,0.0,0
249129072,0.16907328,-0.2847141,-0.44254595,0.5184275,0.0,0.0,0
249143847,0.15126245,-0.268393,-0.43620604,0.5184275,0.0,0.0,0
249163544,0.09275565,-0.25551552,-0.42529443,0.5184275,0.0,0.0,0
249188172,0.00018757913,-0.23804119,-0.37998894,0.5184275,0.0,0.0,0
249202947,-0.042815313,-0.21831746,-0.3509675,0.5184275,0.0,0.0,0
249222655,-0.08104711,-0.17989177,-0.32035613,0.5184275,0.0,0.0,0
249247273,-0.13771862,-0.11783655,-0.27966815,0.5184275,0.0,0.0,0
249267015,-0.1411328,-0.06416096,-0.2603374,0.5184275,0.0,0.0,0
249286752,-0.14989156,-0.037415847,-0.25251573,0.5184275,0.0,0.0,0
249306419,-0.15101826,-0.040977363,-0.2522529,0.5184275,0.0,0.0,0
249326081,-0.13924363,-0.06971519,-0.2621098,0.5184275,0.0,0.0,0
249345817,-0.11886501,-0.11015304,-0.27836773,0.5184275,0.0,0.0,0
249365540,-0.08599132,-0.14859474,-0.30218643,0.5184275,0.0,0.0,0
249385228,-0.041828096,-0.17728755,-0.3322259,0.5184275,0.0,0.0,0
249404939,0.017650567,-0.20179197,-0.3686788,0.5184275,0.0,0.0,0
249424588,0.015576361,-0.2380495,-0.3707635,0.5184275,0.0,0.0,0
249444285,0.03931276,-0.25756332,-0.38190204,0.5184275,0.0,0.0,0
249463987,0.079070956,-0.25279352,-0.39434564,0.5184275,0.0,0.0,0
249483850,0.11571855,-0.24342589,-0.39398062,0.5184275,0.0,0.0,0
249503683,0.12036692,-0.23903894,-0.39362293,0.5184275,0.0,0.0,0
249528016,0.13065426,-0.22730464,-0.3923296,0.5184275,0.0,0.0,0
249547750,0.12160559,-0.22657767,-0.39106932,0.5184275,0.0,0.0,0
249562487,0.116157874,-0.22415827,-0.38972798,0.5184275,0.0,0.0,0
249587110,0.11103415,-0.2138627,-0.38704437,0.5184275,0.0,0.0,0
249606822,0.103743136,-0.18507496,-0.3768337,0.5184275,0.0,0.0,0
249621619,0.08445438,-0.1578313,-0.3726265,0.5184275,0.0,0.0,0
249646215,0.07343846,-0.101070076,-0.35994408,0.5184275,0.0,0.0,0
249665940,0.06524247,-0.06828371,-0.35241055,0.5184275,0.0,0.0,0
249685646,0.053986322,-0.058925737,-0.34971523,0.5184275,0.0,0.0,0
249705349,0.05894989,-0.072263055,-0.34950918,0.5184275,0.0,0.0,0
249725052,0.07269199,-0.11138913,-0.358291,0.5184275,0.0,0.0,0
249744727,0.11563102,-0.14443113,-0.35180113,0.5184275,0.0,0.0,0
249764415,0.16731283,-0.15984747,-0.33902985,0.5184275,0.0,0.0,0
249784147,0.2283545,-0.1694588,-0.3229015,0.5184275,0.0,0.0,0
249803855,0.27183777,-0.19628319,-0.30995542,0.5184275,0.0,0.0,0
249828524,0.39361143,-0.20735672,-0.27945608,0.5184275,0.0,0.0,0
249843290,0.49086726,-0.15636273,-0.2282953,0.5184275,0.0,0.0,0
249862951,0.5376703,-0.13480754,-0.21358256,0.5184275,0.0,0.0,0
249887650,0.5608235,-0.088734515,-0.18203756,0.5184275,0.0,0.0,0
249902363,0.52585125,-0.093983985,-0.18026975,0.5184275,0.0,0.0,0
249926996,0.540733,-0.06272784,-0.1446714,0.5184275,0.0,0.0,0
249946674,0.5484125,-0.07977282,-0.10620954,0.5184275,0.0,0.0,0
249966353,0.528896,-0.09219117,-0.07108928,0.5184275,0.0,0.0,0
249986056,0.5625494,-0.05934904,-0.013584776,0.5184275,0.0,0.0,0
250005761,0.51144844,-0.03625614,-0.0075225006,0.5184275,0.0,0.0,0
250025460,0.52196276,-0.009999387,-0.03371294,0.5184275,0.0,0.0,0
250045155,0.5413234,0.018831078,-0.057944972,0.5184275,0.0,0.0,0
250064866,0.5424355,0.040785722,-0.07820843,0.5184275,0.0,0.0,0
250084584,0.5399573,0.035093408,-0.092708655,0.5184275,0.0,0.0,0
250109224,0.5594572,-0.0027136223,-0.11291613,0.5184275,0.0,0.0,0
250123962,0.562988,-0.040351808,-0.117474586,0.5184275,0.0,0.0,0
250143666,0.6471541,-0.06808848,-0.15432975,0.5184275,0.0,0.0,0
250168285,0.714442,-0.11334698,-0.18763815,0.5184275,0.0,0.0,0
250183066,0.7421913,-0.14482173,-0.18751459,0.5184275,0.0,0.0,0
250202768,0.8157445,-0.1528958,-0.20907879,0.5184275,0.0,0.0,0
250227386,0.88453174,-0.15938613,-0.24215001,0.5184275,0.0,0.0,0
250247087,0.89774793,-0.1394836,-0.2359081,0.5184275,0.0,0.0,0
250261958,0.89950955,-0.110176116,-0.2315424,0.5184275,0.0,0.0,0
250286602,0.85325456,-0.0742595,-0.22219738,0.5184275,0.0,0.0,0
250306191,0.786085,-0.064044185,-0.18790314,0.5184275,0.0,0.0,0
250325889,0.7069935,-0.048056487,-0.14934288,0.5184275,0.0,0.0,0
250345595,0.5819383,-0.04297652,-0.09521776,0.5184275,0.0,0.0,0
250365296,0.46634576,-0.024970904,-0.039957073,0.5184275,0.0,0.0,0
250384991,0.3650887,0.01670658,-0.0077402513,0.5184275,0.0,0.0,0
250404738,0.27816913,0.06882964,0.027742071,0.5184275,0.0,0.0,0
250424429,0.22514886,0.13096859,0.05027643,0.5184275,0.0,0.0,0
250444154,0.18733509,0.17310064,0.063684806,0.5184275,0.0,0.0,0
250463873,0.14126007,0.1912457,0.08102917,0.5184275,0.0,0.0,0
250483521,0.12439789,0.17430264,0.08885136,0.5184275,0.0,0.0,0
250508131,0.1417456,0.1170805,0.087637134,0.5184275,0.0,0.0,0
250527824,0.15532482,0.06292169,0.08337498,0.5184275,0.0,0.0,0
250542597,0.18293758,0.02920593,0.07828727,0.5184275,0.0,0.0,0
250567233,0.18903507,-0.016303364,0.0861951,0.5184275,0.0,0.0,0
250586926,0.2611862,-0.038173042,0.07283985,0.517199,0.0,0.0,0
250601710,0.40116894,-0.03576071,0.040452242,0.5184275,0.0,0.0,0
250626334,0.48639575,-0.0572883,0.010580232,0.5184275,0.0,0.0,0
250646024,0.5113234,-0.058178317,0.0016225965,0.5184275,0.0,0.0,0
250665804,0.4993039,-0.059834592,0.00074075937,0.5184275,0.0,0.0,0
250685534,0.45513093,-0.06216978,0.02198669,0.5184275,0.0,0.0,0
250705132,0.44194087,-0.06572583,0.022951113,0.5184275,0.0,0.0,0
250724854,0.4246455,-0.07100793,0.03165651,0.5184275,0.0,0.0,0
250744536,0.3813809,-0.07000071,0.052316897,0.5184275,0.0,0.0,0
250764232,0.35907766,-0.054696392,0.059620883,0.5184275,0.0,0.0,0
250783930,0.284787,-0.021493085,0.071295686,0.5184275,0.0,0.0,0
250808556,0.22004403,0.038333654,0.08120822,0.5184275,0.0,0.0,0
250823333,0.19161828,0.07129874,0.079932235,0.5184275,0.0,0.0,0
250843078,0.16797085,0.105035044,0.089629576,0.5184275,0.0,0.0,0
250867723,0.12754671,0.10960931,0.10703298,0.5184275,0.0,0.0,0
250882499,0.11001339,0.09229433,0.11571925,0.5184275,0.0,0.0,0
250907073,0.068511285,0.04646669,0.13245314,0.5184275,0.0,0.0,0
250926763,0.011461592,0.008446653,0.1473963,0.5184275,0.0,0.0,0
250946461,-0.035910953,-0.025440112,0.16013479,0.5184275,0.0,0.0,0
250966163,-0.06558714,-0.05756077,0.16259931,0.5184275,0.0,0.0,0
250985872,-0.05379985,-0.089369185,0.16488266,0.5184275,0.0,0.0,0
251005567,-0.044625275,-0.1076985,0.15460192,0.5184275,0.0,0.0,0
251025269,-0.025010046,-0.11212762,0.13804387,0.5184275,0.0,0.0,0
251044966,-0.0040469184,-0.111090116,0.12809716,0.5184275,0.0,0.0,0
251064749,0.014692612,-0.111120015,0.11922897,0.5184275,0.0,0.0,0
251084384,-0.0147791635,-0.10162317,0.13392389,0.5184275,0.0,0.0,0
251104072,-0.066246144,-0.092594236,0.14705443,0.5184275,0.0,0.0,0
251123774,-0.107512794,-0.08425818,0.14799568,0.5184275,0.0,0.0,0
251148399,-0.14132032,-0.05608515,0.14358252,0.5184275,0.0,0.0,0
251163174,-0.15817782,-0.028039208,0.13812728,0.5184275,0.0,0.0,0
251182874,-0.1919118,0.02144341,0.11675204,0.5184275,0.0,0.0,0
251207525,-0.18579471,0.09301106,0.10744408,0.5184275,0.0,0.0,0
251227199,-0.20217441,0.13185549,0.086966254,0.5184275,0.0,0.0,0
251241978,-0.21731856,0.14646713,0.077254325,0.5184275,0.0,0.0,0
251266649,-0.21637751,0.13228066,0.07900348,0.5184275,0.0,0.0,0
251286308,-0.20842233,0.094142936,0.08443896,0.5184275,0.0,0.0,0
251306006,-0.19776578,0.04450376,0.09101737,0.5184275,0.0,0.0,0
251325712,-0.18126623,-0.005316015,0.097006254,0.5184275,0.0,0.0,0
251345405,-0.15059763,-0.054857828,0.09918684,0.5184275,0.0,0.0,0
251365153,-0.1658584,-0.102473125,0.0965271,0.5184275,0.0,0.0,0
251384851,-0.15525573,-0.1387517,0.09677513,0.5184275,0.0,0.0,0
251404528,-0.12169944,-0.15340178,0.09595136,0.5184275,0.0,0.0,0
251424220,-0.09209406,-0.15849169,0.09439012,0.5184275,0.0,0.0,0
251443913,-0.08677246,-0.16100234,0.09959164,0.5184275,0.0,0.0,0
251463691,-0.056221414,-0.16191104,0.11130079,0.5184275,0.0,0.0,0
251488240,-0.042910587,-0.15708606,0.12611349,0.5184275,0.0,0.0,0
251507932,-0.050747447,-0.15593344,0.13203813,0.5184275,0.0,0.0,0
251522716,-0.06521857,-0.14686999,0.1322913,0.5184275,0.0,0.0,0
251547346,-0.050840825,-0.106404506,0.14209078,0.5184275,0.0,0.0,0
251567038,-0.026042849,-0.046395283,0.15455464,0.5184275,0.0,0.0,0
251581814,-0.006997571,0.010934225,0.15561472,0.5184275,0.0,0.0,0
251606443,-0.0099007385,0.11035583,0.15304837,0.5184275,0.0,0.0,0
251626133,-0.038232908,0.180376,0.15249074,0.5184275,0.0,0.0,0
251645854,-0.04101601,0.22113962,0.14783587,0.5184275,0.0,0.0,0
251665573,-0.04669984,0.23081867,0.14165674,0.5184275,0.0,0.0,0
251685238,-0.075468935,0.22197579,0.12914793,0.5184275,0.0,0.0,0
251704943,-0.09318181,0.20333742,0.12057038,0.5184275,0.0,0.0,0
251724646,-0.08116842,0.18763596,0.12290924,0.5184275,0.0,0.0,0
251744359,-0.08367412,0.17499581,0.11941581,0.5184275,0.0,0.0,0
251764041,-0.0741335,0.1725416,0.11793054,0.5184275,0.0,0.0,0
251788693,-0.05615273,0.19124165,0.11031896,0.5184275,0.0,0.0,0
251803474,-0.046339374,0.21303947,0.106790826,0.5184275,0.0,0.0,0
251823175,-0.044140324,0.2431512,0.10203758,0.5184275,0.0,0.0,0
251848128,-0.048226766,0.26987204,0.09700005,0.5184275,0.0,0.0,0
251862632,-0.051047396,0.2842779,0.09325403,0.5184275,0.0,0.0,0
251887183,-0.07204236,0.3002814,0.087096214,0.5184275,0.0,0.0,0
251906882,-0.10238911,0.3077633,0.0847862,0.5184275,0.0,0.0,0
251926581,-0.14005473,0.31747755,0.07912049,0.5184275,0.0,0.0,0
251946301,-0.16423932,0.33821797,0.07322426,0.5184275,0.0,0.0,0
251965975,-0.20205432,0.36986393,0.061183725,0.5184275,0.0,0.0,0
251985687,-0.23747848,0.4054423,0.043869313,0.5184275,0.0,0.0,0
252005395,-0.254833,0.43015444,0.03474125,0.5184275,0.0,0.0,0
252025079,-0.28004026,0.43403977,0.029735042,0.5184275,0.0,0.0,0
252044812,-0.30445585,0.4100954,0.028272532,0.5184275,0.0,0.0,0
252064520,-0.32470152,0.36722293,0.031555843,0.5184275,0.0,0.0,0
252084179,-0.35094443,0.31754297,0.032048143,0.5184275,0.0,0.0,0
252103888,-0.3601798,0.2689289,0.034049638,0.5184275,0.0,0.0,0
252128527,-0.33381855,0.21790768,0.039263397,0.5184275,0.0,0.0,0
252143286,-0.33656195,0.19220188,0.04325728,0.5184275,0.0,0.0,0
252162985,-0.35007703,0.17305733,0.045772392,0.5184275,0.0,0.0,0
252187611,-0.32713917,0.1739349,0.047130387,0.5184275,0.0,0.0,0
252207316,-0.32031792,0.18430811,0.041129548,0.5184275,0.0,0.0,0
252227055,-0.37017718,0.19381846,0.01718596,0.5184275,0.0,0.0,0
252247077,-0.3792744,0.20711401,0.014070615,0.5184275,0.0,0.0,0
252266472,-0.4706425,0.21419789,-0.027126707,0.5184275,0.0,0.0,0
252286115,-0.5545773,0.21995272,-0.049608726,0.5184275,0.0,0.0,0
252305818,-0.6138268,0.23654954,-0.05927616,0.5184275,0.0,0.0,0
252325525,-0.6550068,0.26977983,-0.07234609,0.5184275,0.0,0.0,0
252345223,-0.71031415,0.32283393,-0.09427603,0.5184275,0.0,0.0,0
252364954,-0.73917025,0.39076284,-0.11902486,0.5184275,0.0,0.0,0
252384619,-0.7549011,0.46003503,-0.14329427,0.5184275,0.0,0.0,0
252404317,-0.80491453,0.522062,-0.14619099,0.5184275,0.0,0.0,0
252424016,-0.850502,0.5595031,-0.12873498,0.5184275,0.0,0.0,0
252443750,-0.95911974,0.5801218,-0.0683992,0.5184275,0.0,0.0,0
252463444,-0.99990577,0.5736653,-0.0395924,0.5184275,0.0,0.0,0
252488058,-1.0231618,0.5540273,-0.0026254058,0.5184275,0.0,0.0,0
252502823,-1.0199082,0.5428488,0.02001889,0.5184275,0.0,0.0,0
252527450,-0.9533653,0.51954424,0.04178356,0.5184275,0.0,0.0,0
252547152,-0.93360716,0.5043693,0.049663607,0.5184275,0.0,0.0,0
252561945,-0.9045666,0.5063263,0.054897252,0.5184275,0.0,0.0,0
252586585,-0.84902537,0.5278716,0.061115578,0.5184275,0.0,0.0,0
252606253,-0.82524943,0.5513243,0.061047304,0.5184275,0.0,0.0,0
252626039,-0.80122924,0.5769437,0.06107442,0.5184275,0.0,0.0,0
252645920,-0.78837675,0.6076044,0.05798278,0.5184275,0.0,0.0,0
252665351,-0.82832634,0.6164527,0.04651387,0.5184275,0.0,0.0,0
252685060,-0.86860824,0.71540207,0.01431533,0.5184275,0.0,0.0,0
252704760,-0.9049188,0.7291553,0.00048244747,0.5184275,0.0,0.0,0
252724455,-0.9442802,0.7423818,-0.010686064,0.5184275,0.0,0.0,0
252744206,-0.96867114,0.7782674,-0.028046478,0.5184275,0.0,0.0,0
252768813,-0.99009764,0.80000395,-0.04204429,0.5184275,0.0,0.0,0
252783588,-0.99676627,0.8226511,-0.05119808,0.5184275,0.0,0.0,0
252803263,-0.99879885,0.8357041,-0.05594736,0.5184275,0.0,0.0,0
252827894,-0.9866411,0.8199783,-0.046989918,0.519656,0.0,0.0,0
252842695,-0.9753208,0.7799001,-0.031648114,0.539312,0.0,0.0,0
252862364,-0.96206653,0.72818,-0.012773405,0.55528253,0.0,0.0,0
252887001,-0.9397963,0.6704306,0.009400063,0.56142503,0.0,0.0,0
252906735,-0.88571703,0.626079,0.034586612,0.56142503,0.0,0.0,0
252926383,-0.897065,0.5775722,0.043507755,0.56142503,0.0,0.0,0
252946090,-0.91979694,0.5367941,0.048378665,0.5724816,0.0,0.0,0
252965799,-0.90620077,0.52410746,0.05425512,0.5724816,0.0,0.0,0
252985492,-0.8794685,0.520566,0.060518917,0.59090906,0.0,0.0,0
253005196,-0.85510844,0.52601767,0.06428557,0.6167076,0.0,0.0,0
253025024,-0.81065,0.52734417,0.07312851,0.6339066,0.0,0.0,0
253044912,-0.8155734,0.5160867,0.07054012,0.68427515,0.0,0.0,0
253064290,-0.82221884,0.49000672,0.07450282,0.7088452,0.0,0.0,0
253083994,-0.8027057,0.48050597,0.08005873,0.7137592,0.0,0.0,0
253108627,-0.7803402,0.51466835,0.07785476,0.7149877,0.0,0.0,0
253123395,-0.768553,0.53827244,0.07957537,0.7235872,0.0,0.0,0
253143099,-0.7464903,0.5739854,0.07801854,0.7235872,0.0,0.0,0
253167765,-0.77996004,0.5360207,0.07379888,0.7616707,0.0,0.0,0
253187479,-1.1361184,0.5133377,0.0063969265,0.7616707,0.0,0.0,0
253202232,-1.1846933,0.45729038,0.016733302,0.76044226,0.0,0.0,0
253226880,-1.1830349,0.42843428,0.031047795,0.76044226,0.0,0.0,0
253246563,-0.7963903,0.4410524,0.09245956,0.76044226,0.0,0.0,0
253266229,-0.5103151,0.49823618,0.06885737,0.76044226,0.0,0.0,0
253285926,-0.16254857,0.57924384,-0.04804737,0.76044226,0.0,0.0,0
253305654,0.07979351,0.76986855,-0.053987194,0.76044226,0.0,0.0,0
253325338,0.15388584,0.9702792,0.013691488,0.76044226,0.0,0.0,0
253345036,0.1062783,1.0471976,0.030358067,0.76044226,0.0,0.0,0
253364749,0.04768049,1.0471976,0.037990786,0.76044226,0.0,0.0,0
253384499,-0.10653333,1.0471976,0.012456844,0.76044226,0.0,0.0,0
253404139,-0.200989,1.0471976,0.008174566,0.76044226,0.0,0.0,0
253424142,-0.27864087,1.0471976,0.0051637334,0.76044226,0.0,0.0,0
253443791,-0.3051237,1.0471976,0.001999368,0.76044226,0.0,0.0,0
253468167,-0.43344417,1.0471976,-0.027972525,0.76044226,0.0,0.0,0
253482939,-0.439147,1.0471976,-0.03625421,0.76044226,0.0,0.0,0
253507564,-0.47302172,1.0471976,-0.045428175,0.76044226,0.0,0.0,0
253527264,-0.4830572,1.0471976,-0.047957268,0.76044226,0.0,0.0,0
253542051,-0.46735016,1.0471976,-0.04449067,0.76044226,0.0,0.0,0
253566668,-0.42823374,1.0471976,-0.037087303,0.7813268,0.0,0.0,0
253586369,-0.4263752,1.0471976,-0.039568696,0.7985258,0.0,0.0,0
253606062,-0.4243004,1.0471976,-0.045610998,0.7985258,0.0,0.0,0
253625803,-0.41329333,1.0471976,-0.046944737,0.8095823,0.0,0.0,0
253645488,-0.45878705,1.0471976,-0.049443036,0.84029484,0.0,0.0,0
253665201,-0.47659445,1.0471976,-0.03873153,0.89434886,0.0,0.0,0
253684913,-0.51438516,1.0471976,-0.026907125,0.9238329,0.0,0.0,0
253704605,-0.5649279,1.0471976,-0.015399584,0.92260444,0.0,0.0,0
253724294,-0.63648736,1.0471976,-0.046141256,0.9103194,0.0,0.0,0
253748905,-0.50710106,1.0471976,0.0004398078,0.8832923,0.0,0.0,0
253763695,-0.49963108,1.0471976,0.0038129922,0.8390663,0.0,0.0,0
253783377,-0.4374697,1.0471976,0.006338042,0.8390663,0.0,0.0,0
253808018,-0.43069008,1.0471976,0.023040622,0.7002457,0.0,0.0,0
253823068,-0.44687077,1.0471976,0.026786815,0.7002457,0.0,0.0,0
253842495,-0.44256458,1.0471976,0.017862143,0.55528253,0.0,0.0,0
253867110,-0.4251029,1.0471976,0.013787532,0.39655176,0.0,0.0,0
253886813,-0.40031248,1.0471976,0.0060605085,0.23522171,0.0,0.0,0
253906499,-0.3262336,1.0471976,0.026512312,0.014778346,0.0,0.0,0
253926207,-0.3134003,1.0471976,-3.483508e-05,0.014778346,0.0,0.0,0
253945905,-0.2922585,1.0471976,-0.0001124456,0.014778346,0.0,0.0,0
253965637,-0.26673752,1.0471976,0.00033821253,0.014778346,0.0,0.0,0
253985311,-0.24948242,1.0471976,0.0019559655,0.014778346,0.0,0.0,0
254005014,-0.23375353,1.0471976,0.0012234894,0.014778346,0.0,0.0,0
254024737,-0.2237086,1.0471976,0.0005280203,0.014778346,0.0,0.0,0
254044413,-0.2193972,1.0471976,-0.0010706944,0.014778346,0.0,0.0,0
254064116,-0.23170306,1.0471976,-0.00149855,0.014778346,0.0,0.0,0
254088746,-0.23685381,1.0471976,-0.0012349506,0.014778346,0.0,0.0,0
254103523,-0.22244403,1.0471976,-0.0012350847,0.014778346,0.0,0.0,0
254123244,-0.21347734,1.0471976,-0.0013471573,0.014778346,0.0,0.0,0
254147862,-0.20777383,1.0471976,-0.0017762763,0.014778346,0.0,0.0,0
254167590,-0.20997351,1.0471976,-0.008184946,0.014778346,0.0,0.0,0
254182422,-0.21333319,1.0471976,-0.008017346,0.014778346,0.0,0.0,0
254206965,-0.21815988,1.0471976,-0.010469873,0.014778346,0.0,0.0,0
254226721,-0.21795528,1.0471976,-0.010604942,0.014778346,0.0,0.0,0
254241411,-0.21776819,1.0471976,-0.010657385,0.014778346,0.0,0.0,0
254266041,-0.22225139,1.0471976,-0.011809845,0.014778346,0.0,0.0,0
254285743,-0.22173332,1.0471976,-0.015590665,0.014778346,0.0,0.0,0
254305443,-0.22867945,1.0471976,-0.016909111,0.014778346,0.0,0.0,0
254325144,-0.23020987,1.0471976,-0.016919956,0.014778346,0.0,0.0,0
254344849,-0.23325136,1.0471976,-0.018137151,0.014778346,0.0,0.0,0
254364573,-0.23742013,1.0471976,-0.019353462,0.014778346,0.0,0.0,0
254384247,-0.24029961,1.0471976,-0.019338233,0.014778346,0.0,0.0,0
254403962,-0.24007615,1.0471976,-0.019359164,0.014778346,0.0,0.0,0
254423678,-0.23347764,1.0471976,-0.019382885,0.014778346,0.0,0.0,0
254448275,-0.23647039,1.0471976,-0.021996675,0.014778346,0.0,0.0,0
254463059,-0.2353603,1.0471976,-0.02846402,0.014778346,0.0,0.0,0
254487690,-0.23281807,1.0471976,-0.028517801,0.014778346,0.0,0.0,0
254507376,-0.22997572,1.0471976,-0.028570304,0.014778346,0.0,0.0,0
254522154,-0.22783428,1.0471976,-0.02604247,0.014778346,0.0,0.0,0
254546807,-0.22508596,1.0471976,-0.026111072,0.014778346,0.0,0.0,0
254566507,-0.22312732,1.0471976,-0.026150413,0.014778346,0.0,0.0,0
254586203,-0.22086017,1.0471976,-0.024907574,0.014778346,0.0,0.0,0
254605987,-0.21859863,1.0471976,-0.022386286,0.014778346,0.0,0.0,0
254625673,-0.21688399,1.0471976,-0.022430321,0.014778346,0.0,0.0,0
254645326,-0.21595521,1.0471976,-0.019878535,0.014778346,0.0,0.0,0
254664988,-0.21539891,1.0471976,-0.014747508,0.014778346,0.0,0.0,0
254684723,-0.20992272,1.0471976,-0.013483145,0.014778346,0.0,0.0,0
254704398,-0.21444139,1.0471976,-0.013496648,0.014778346,0.0,0.0,0
254729010,-0.21483824,1.0471976,-0.013493789,0.014778346,0.0,0.0,0
254743810,-0.2153548,1.0471976,-0.013490069,0.014778346,0.0,0.0,0
254763483,-0.2161836,1.0471976,-0.009625162,0.014778346,0.0,0.0,0
254788109,-0.21743195,1.0471976,-0.0070362096,0.014778346,0.0,0.0,0
254802924,-0.21840815,1.0471976,-0.0070223543,0.014778346,0.0,0.0,0
254822620,-0.21992905,1.0471976,-0.006998729,0.014778346,0.0,0.0,0
254847208,-0.22180718,1.0471976,-0.0069683357,0.014778346,0.0,0.0,0
254866908,-0.22310545,1.0471976,-0.005659457,0.014778346,0.0,0.0,0
254886658,-0.22419086,1.0471976,-0.004355575,0.014778346,0.0,0.0,0
254906315,-0.22515161,1.0471976,-0.0030558263,0.014778346,0.0,0.0,0
254926015,-0.22592266,1.0471976,-0.0017575128,0.014778346,0.0,0.0,0
254945728,-0.22637719,1.0471976,-0.0017495191,0.014778346,0.0,0.0,0
254965424,-0.22639747,1.0471976,-0.001753376,0.014778346,0.0,0.0,0
254985120,-0.2260614,1.0471976,-0.0017622494,0.014778346,0.0,0.0,0
255004906,-0.2254006,1.0471976,-0.0017781762,0.014778346,0.0,0.0,0
255024575,-0.2243736,1.0471976,-0.0018012195,0.014778346,0.0,0.0,0
255044220,-0.22307496,1.0471976,-0.0018291975,0.014778346,0.0,0.0,0
255063926,-0.22169432,1.0471976,-0.0018601908,0.014778346,0.0,0.0,0
255083658,-0.22023493,1.0471976,-0.0018920798,0.014778346,0.0,0.0,0
255103355,-0.21877073,1.0471976,-0.0019225274,0.014778346,0.0,0.0,0
255127994,-0.2169041,1.0471976,-0.0019646033,0.014778346,0.0,0.0,0
255147650,-0.21545583,1.0471976,-0.001997468,0.014778346,0.0,0.0,0
255162421,-0.21435657,1.0471976,-0.002023791,0.014778346,0.0,0.0,0
255187050,-0.21273778,1.0471976,-0.0020615805,0.014778346,0.0,0.0,0
255206791,-0.21176958,1.0471976,-0.0020864941,0.014778346,0.0,0.0,0
255221592,-0.21120007,1.0471976,-0.002101178,0.014778346,0.0,0.0,0
255246164,-0.21062315,1.0471976,-0.0021197456,0.014778346,0.0,0.0,0
255265855,-0.2106454,1.0471976,-0.0021236485,0.014778346,0.0,0.0,0
255285565,-0.21090016,1.0471976,-0.0021223687,0.014778346,0.0,0.0,0
255305292,-0.21141711,1.0471976,-0.002117495,0.014778346,0.0,0.0,0
255324960,-0.21205685,1.0471976,-0.0021092687,0.014778346,0.0,0.0,0
255344663,-0.2126971,1.0471976,-0.0020991643,0.014778346,0.0,0.0,0
255364356,-0.21341005,1.0471976,-0.0020893104,0.014778346,0.0,0.0,0
255384062,-0.21415946,1.0471976,-0.0020779904,0.014778346,0.0,0.0,0
255403852,-0.21497533,1.0471976,-0.002066397,0.014778346,0.0,0.0,0
255428384,-0.21601388,1.0471976,-0.0020500282,0.014778346,0.0,0.0,0
255443168,-0.21657263,1.0471976,-0.0020417534,0.014778346,0.0,0.0,0
255462872,-0.21723744,1.0471976,-0.0020305966,0.014778346,0.0,0.0,0
255487498,-0.21792197,1.0471976,-0.0020217604,0.014778346,0.0,0.0,0
255502284,-0.2183513,1.0471976,-0.0020171574,0.014778346,0.0,0.0,0
255526917,-0.21893995,1.0471976,-0.0020090314,0.014778346,0.0,0.0,0
255546635,-0.21927427,1.0471976,-0.0020046537,0.014778346,0.0,0.0,0
255566318,-0.21937092,1.0471976,-0.0020068106,0.014778346,0.0,0.0,0
255586083,-0.21933456,1.0471976,-0.0020127736,0.014778346,0.0,0.0,0
255605726,-0.21916538,1.0471976,-0.0020202203,0.014778346,0.0,0.0,0
255625399,-0.2188907,1.0471976,-0.002030852,0.014778346,0.0,0.0,0
255645107,-0.2185701,1.0471976,-0.0020424488,0.014778346,0.0,0.0,0
255664798,-0.21817319,1.0471976,-0.002055158,0.014778346,0.0,0.0,0
255684501,-0.2179029,1.0471976,-0.0020651342,0.014778346,0.0,0.0,0
255709128,-0.21768624,1.0471976,-0.0020723424,0.014778346,0.0,0.0,0
255723896,-0.21755259,1.0471976,-0.0020783378,0.014778346,0.0,0.0,0
255743602,-0.21743757,1.0471976,-0.00208592,0.014778346,0.0,0.0,0
255768236,-0.21747994,1.0471976,-0.00209152,0.014778346,0.0,0.0,0
255783037,-0.21758716,1.0471976,-0.0020909212,0.014778346,0.0,0.0,0
255802811,-0.21772179,1.0471976,-0.002091137,0.014778346,0.0,0.0,0
255827326,-0.21795,1.0471976,-0.0020909382,0.014778346,0.0,0.0,0
255847034,-0.21814612,1.0471976,-0.0020895477,0.014778346,0.0,0.0,0
255866751,-0.21838494,1.0471976,-0.0020882036,0.014778346,0.0,0.0,0
255886433,-0.21864617,1.0471976,-0.0020861952,0.014778346,0.0,0.0,0
255906145,-0.21885945,1.0471976,-0.0020863141,0.014778346,0.0,0.0,0
255925831,-0.21902318,1.0471976,-0.0020842033,0.014778346,0.0,0.0,0
255945532,-0.21911852,1.0471976,-0.0020847805,0.014778346,0.0,0.0,0
255965240,-0.21923329,1.0471976,-0.002086019,0.014778346,0.0,0.0,0
255984988,-0.21922356,1.0471976,-0.00208775,0.014778346,0.0,0.0,0
256004677,-0.21918213,1.0471976,-0.002089652,0.014778346,0.0,0.0,0
256024348,-0.21912436,1.0471976,-0.0020924732,0.014778346,0.0,0.0,1
256044058,-0.21894503,1.0471976,-0.002102411,0.014778346,0.0,0.0,1
256063776,-0.21990344,1.0471976,-0.0020792119,0.014778346,0.0,0.0,1
256083470,-0.21900547,1.0471976,-0.0021031515,0.014778346,0.0,0.0,1
256108134,-0.21747929,1.0471976,-0.0021382214,0.014778346,0.0,0.0,1
256127775,-0.21686718,1.0471976,-0.002151633,0.014778346,0.0,0.0,1
256142545,-0.21697396,1.0471976,-0.0021493295,0.014778346,0.0,0.0,1
256167173,-0.21851982,1.0471976,-0.0021231347,0.014778346,0.0,0.0,1
256187384,-0.2180781,1.0471976,-0.0021337434,0.014778346,0.0,0.0,1
256201737,-0.21750279,1.0471976,-0.002147752,0.014778346,0.0,0.0,1
256226268,-0.21805668,1.0471976,-0.0021414454,0.014778346,0.0,0.0,1
256245974,-0.21874003,1.0471976,-0.0021284844,0.014778346,0.0,0.0,1
256265686,-0.2193737,1.0471976,-0.0021152536,0.014778346,0.0,0.0,1
256285367,-0.21947831,1.0471976,-0.0021150676,0.014778346,0.0,0.0,1
256305085,-0.21974336,1.0471976,-0.0021118456,0.014778346,0.0,0.0,1
256324785,-0.22113472,1.0471976,-0.0020830682,0.014778346,0.0,0.0,1
256344472,-0.22246534,1.0471976,-0.0020531295,0.014778346,0.0,0.0,1
256364186,-0.22318503,1.0471976,-0.0020385473,0.014778346,0.0,0.0,1
256383916,-0.22352803,1.0471976,-0.0020319792,0.014778346,0.0,0.0,1
256408531,-0.22399938,1.0471976,-0.0020228955,0.014778346,0.0,0.0,1
256423285,-0.22473334,1.0471976,-0.002008239,0.014778346,0.0,0.0,1
256442976,-0.22566375,1.0471976,-0.001987603,0.014778346,0.0,0.0,1
256467614,-0.22606443,1.0471976,-0.0019810987,0.014778346,0.0,0.0,1
256482382,-0.22615215,1.0471976,-0.0019807476,0.014778346,0.0,0.0,1
256507045,-0.22620887,1.0471976,-0.0019797375,0.014778346,0.0,0.0,1
256526748,-0.22616811,1.0471976,-0.0019809273,0.014778346,0.0,0.0,1
256546455,-0.22585803,1.0471976,-0.0019875246,0.014778346,0.0,0.0,1
256566377,-0.22516589,1.0471976,-0.002004424,0.014778346,0.0,0.0,1
256586312,-0.22455741,1.0471976,-0.002017667,0.014778346,0.0,0.0,1
256605524,-0.22405505,1.0471976,-0.0020289354,0.014778346,0.0,0.0,1
256625213,-0.22344977,1.0471976,-0.0020433136,0.014778346,0.0,0.0,1
256644932,-0.22268029,1.0471976,-0.0020588632,0.014778346,0.0,0.0,1
256664630,-0.22178689,1.0471976,-0.0020778852,0.014778346,0.0,0.0,1
256689249,-0.22096068,1.0471976,-0.0020954914,0.014778346,0.0,0.0,1
256704025,-0.22057007,1.0471976,-0.0021036915,0.014778346,0.0,0.0,1
256723717,-0.22008519,1.0471976,-0.0021133558,0.014778346,0.0,0.0,1
256748342,-0.21958181,1.0471976,-0.0021243433,0.014778346,0.0,0.0,1
256763121,-0.21942458,1.0471976,-0.0021273687,0.014778346,0.0,0.0,1
256782847,-0.21946561,1.0471976,-0.0021258644,0.014778346,0.0,0.0,1
256807462,-0.21964696,1.0471976,-0.0021197195,0.014778346,0.0,0.0,1
256827160,-0.21982603,1.0471976,-0.002115538,0.014778346,0.0,0.0,1
256841923,-0.22003499,1.0471976,-0.0021104678,0.014778346,0.0,0.0,1
256866553,-0.22051793,1.0471976,-0.0020967063,0.014778346,0.0,0.0,1
256886248,-0.22090323,1.0471976,-0.0020870182,0.014778346,0.0,0.0,1
256905955,-0.22121125,1.0471976,-0.0020795763,0.014778346,0.0,0.0,1
256925670,-0.22143753,1.0471976,-0.0020723422,0.014778346,0.0,0.0,1
256945391,-0.22162524,1.0471976,-0.0020657873,0.014778346,0.0,0.0,1
256965204,-0.22180569,1.0471976,-0.0020607687,0.014778346,0.0,0.0,1
256985448,-0.2219427,1.0471976,-0.0020553481,0.014778346,0.0,0.0,1
257004461,-0.2219839,1.0471976,-0.0020539258,0.014778346,0.0,0.0,1
257024178,-0.22189604,1.0471976,-0.0020548827,0.014778346,0.0,0.0,1
257043891,-0.22172128,1.0471976,-0.0020565588,0.014778346,0.0,0.0,1
257063584,-0.22153226,1.0471976,-0.0020587908,0.014778346,0.0,0.0,1
257088249,-0.2211292,1.0471976,-0.0020665848,0.014778346,0.0,0.0,1
257107905,-0.22068655,1.0471976,-0.002074885,0.014778346,0.0,0.0,1
257122657,-0.22036476,1.0471976,-0.0020808252,0.014778346,0.0,0.0,1
257147288,-0.21987352,1.0471976,-0.002091166,0.014778346,0.0,0.0,1
257167027,-0.21955177,1.0471976,-0.00209713,0.014778346,0.0,0.0,1
257181803,-0.21929619,1.0471976,-0.0021010488,0.014778346,0.0,0.0,1
257206399,-0.2188806,1.0471976,-0.0021072084,0.014778346,0.0,0.0,1
257226104,-0.21859303,1.0471976,-0.0021110717,0.014778346,0.0,0.0,1
257245796,-0.21843241,1.0471976,-0.002113055,0.014778346,0.0,0.0,1
257265499,-0.2184039,1.0471976,-0.0021121833,0.014778346,0.0,0.0,1
257285194,-0.218494,1.0471976,-0.002108922,0.014778346,0.0,0.0,1
257304896,-0.21863654,1.0471976,-0.002104636,0.014778346,0.0,0.0,1
257324598,-0.21876112,1.0471976,-0.0021015017,0.014778346,0.0,0.0,1
257344299,-0.21891215,1.0471976,-0.002096578,0.014778346,0.0,0.0,1
257364256,-0.21910165,1.0471976,-0.002090508,0.014778346,0.0,0.0,1
257388685,-0.21943156,1.0471976,-0.0020828708,0.014778346,0.0,0.0,1
257403396,-0.21966125,1.0471976,-0.0020764389,0.014778346,0.0,0.0,1
257423097,-0.22000322,1.0471976,-0.0020669873,0.014778346,0.0,0.0,1
257447727,-0.22044888,1.0471976,-0.0020554152,0.014778346,0.0,0.0,1
257462501,-0.22065769,1.0471976,-0.0020496252,0.014778346,0.0,0.0,1
257487183,-0.22080907,1.0471976,-0.0020430936,0.014778346,0.0,0.0,1
257506868,-0.22088037,1.0471976,-0.0020400535,0.014778346,0.0,0.0,1
257526553,-0.22097656,1.0471976,-0.0020361033,0.014778346,0.0,0.0,1
257546250,-0.22116598,1.0471976,-0.0020304455,0.014778346,0.0,0.0,1
257565953,-0.22141802,1.0471976,-0.0020219004,0.014778346,0.0,0.0,1
257585652,-0.22161175,1.0471976,-0.0020158794,0.014778346,0.0,0.0,1
257605346,-0.22170687,1.0471976,-0.0020132205,0.014778346,0.0,0.0,1
257625041,-0.22174041,1.0471976,-0.0020091045,0.014778346,0.0,0.0,1
257644737,-0.22177048,1.0471976,-0.0020051305,0.014778346,0.0,0.0,1
257664447,-0.2219079,1.0471976,-0.0020018208,0.014778346,0.0,0.0,1
257684134,-0.22209825,1.0471976,-0.0019967821,0.014778346,0.0,0.0,1
257703838,-0.22232738,1.0471976,-0.001989627,0.014778346,0.0,0.0,1
257728480,-0.22262408,1.0471976,-0.0019794945,0.014778346,0.0,0.0,1
257743474,-0.22275265,1.0471976,-0.001975335,0.014778346,0.0,0.0,1
257763193,-0.22286558,1.0471976,-0.0019710101,0.014778346,0.0,0.0,1
257787577,-0.22297981,1.0471976,-0.001964864,0.014778346,0.0,0.0,1
257807270,-0.2231874,1.0471976,-0.0019586352,0.014778346,0.0,0.0,1
257822040,-0.22338334,1.0471976,-0.0019534302,0.014778346,0.0,0.0,1
257846673,-0.22367677,1.0471976,-0.0019446469,0.014778346,0.0,0.0,1
257866372,-0.22383314,1.0471976,-0.0019384777,0.014778346,0.0,0.0,1
257886084,-0.22393298,1.0471976,-0.0019345247,0.014778346,0.0,0.0,1
257905783,-0.22399315,1.0471976,-0.0019313013,0.014778346,0.0,0.0,1
257925511,-0.2239904,1.0471976,-0.0019294242,0.014778346,0.0,0.0,1
257945208,-0.22398072,1.0471976,-0.0019272503,0.014778346,0.0,0.0,1
257964957,-0.22393367,1.0471976,-0.0019247959,0.014778346,0.0,0.0,1
257984642,-0.2238627,1.0471976,-0.0019235,0.014778346,0.0,0.0,1
258004323,-0.22380644,1.0471976,-0.001922103,0.014778346,0.0,0.0,1
258023981,-0.22383015,1.0471976,-0.0019202629,0.014778346,0.0,0.0,1
258043680,-0.22396871,1.0471976,-0.0019139758,0.014778346,0.0,0.0,1
258063382,-0.2241807,1.0471976,-0.0019068256,0.014778346,0.0,0.0,1
258088018,-0.2245103,1.0471976,-0.0018975179,0.014778346,0.0,0.0,1
258102789,-0.22472006,1.0471976,-0.001891305,0.014778346,0.0,0.0,1
258127402,-0.22498716,1.0471976,-0.0018823041,0.014778346,0.0,0.0,1
258147112,-0.22516331,1.0471976,-0.0018772846,0.014778346,0.0,0.0,1
258162146,-0.22533269,1.0471976,-0.00187221,0.014778346,0.0,0.0,1
258186512,-0.22568034,1.0471976,-0.001862615,0.014778346,0.0,0.0,1
258206231,-0.22601314,1.0471976,-0.0018538695,0.014778346,0.0,0.0,1
258225916,-0.22635414,1.0471976,-0.001843375,0.014778346,0.0,0.0,1
258245618,-0.22671466,1.0471976,-0.001832631,0.014778346,0.0,0.0,1
258265315,-0.22708729,1.0471976,-0.0018223979,0.014778346,0.0,0.0,1
258285036,-0.22753297,1.0471976,-0.001810972,0.014778346,0.0,0.0,1
258304723,-0.2279304,1.0471976,-0.0017995465,0.014778346,0.0,0.0,1
258324413,-0.22816858,1.0471976,-0.0017914672,0.014778346,0.0,0.0,1
258344127,-0.22830172,1.0471976,-0.0017869818,0.014778346,0.0,0.0,1
258368777,-0.22843696,1.0471976,-0.0017790335,0.014778346,0.0,0.0,1
258383518,-0.2284701,1.0471976,-0.0017768042,0.014778346,0.0,0.0,1
258403235,-0.22848952,1.0471976,-0.0017716067,0.014778346,0.0,0.0,1
258427843,-0.22816882,1.0471976,-0.0017728509,0.014778346,0.0,0.0,1
258442625,-0.2279191,1.0471976,-0.0017759219,0.014778346,0.0,0.0,1
258467275,-0.22761047,1.0471976,-0.0017772388,0.014778346,0.0,0.0,1
258486973,-0.22766958,1.0471976,-0.0017718575,0.014778346,0.0,0.0,1
258506685,-0.22752792,1.0471976,-0.0017707003,0.014778346,0.0,0.0,1
258526345,-0.2273873,1.0471976,-0.0017720698,0.014778346,0.0,0.0,1
258546141,-0.22734869,1.0471976,-0.0017694931,0.014778346,0.0,0.0,1
258565871,-0.22725143,1.0471976,-0.0017686331,0.014778346,0.0,0.0,1
258585451,-0.22722232,1.0471976,-0.0017678951,0.014778346,0.0,0.0,1
258605152,-0.22717085,1.0471976,-0.00176494,0.014778346,0.0,0.0,1
258624865,-0.22713475,1.0471976,-0.0017630575,0.014778346,0.0,0.0,1
258644553,-0.22725001,1.0471976,-0.0017593806,0.014778346,0.0,0.0,1
258664252,-0.22740093,1.0471976,-0.0017545052,0.014778346,0.0,0.0,1
258683973,-0.22755241,1.0471976,-0.0017485227,0.014778346,0.0,0.0,1
258708580,-0.22764169,1.0471976,-0.0017431586,0.014778346,0.0,0.0,1
258723358,-0.22763923,1.0471976,-0.0017426789,0.014778346,0.0,0.0,1
258743094,-0.2276748,1.0471976,-0.001739803,0.014778346,0.0,0.0,1
258767705,-0.22773609,1.0471976,-0.0017347555,0.014778346,0.0,0.0,1
258787389,-0.22777578,1.0471976,-0.0017312127,0.014778346,0.0,0.0,1
258802171,-0.2277471,1.0471976,-0.001729888,0.014778346,0.0,0.0,1
258826815,-0.22751316,1.0471976,-0.0017320331,0.014778346,0.0,0.0,1
258846515,-0.22725369,1.0471976,-0.0017352472,0.014778346,0.0,0.0,1
258866202,-0.22692728,1.0471976,-0.0017389264,0.014778346,0.0,0.0,1
258885887,-0.2265674,1.0471976,-0.001743276,0.014778346,0.0,0.0,1
258905628,-0.22616208,1.0471976,-0.0017464159,0.014778346,0.0,0.0,1
258925327,-0.2256781,1.0471976,-0.0017521257,0.014778346,0.0,0.0,1
258945096,-0.22513968,1.0471976,-0.0017586652,0.014778346,0.0,0.0,1
258964753,-0.22455029,1.0471976,-0.0017667958,0.014778346,0.0,0.0,1
258984393,-0.22399575,1.0471976,-0.0017755048,0.014778346,0.0,0.0,1
259004093,-0.2234772,1.0471976,-0.0017829351,0.014778346,0.0,0.0,1
259023808,-0.22300556,1.0471976,-0.0017879169,0.014778346,0.0,0.0,1
259043493,-0.22256462,1.0471976,-0.0017928879,0.014778346,0.0,0.0,1
259068127,-0.22205737,1.0471976,-0.0017993479,0.014778346,0.0,0.0,1
259082903,-0.22182162,1.0471976,-0.0018018895,0.014778346,0.0,0.0,1
259107523,-0.2215644,1.0471976,-0.0017998687,0.014778346,0.0,0.0,1
259127232,-0.22144641,1.0471976,-0.0017983457,0.014778346,0.0,0.0,1
259142033,-0.22136761,1.0471976,-0.001797483,0.014778346,0.0,0.0,1
259166636,-0.22132488,1.0471976,-0.0017909436,0.014778346,0.0,0.0,1
259186336,-0.22132663,1.0471976,-0.0017862492,0.014778346,0.0,0.0,1
259206033,-0.221367,1.0471976,-0.0017827835,0.014778346,0.0,0.0,1
259225737,-0.22144835,1.0471976,-0.0017764152,0.014778346,0.0,0.0,1
259245436,-0.22163577,1.0471976,-0.0017696955,0.014778346,0.0,0.0,1
259265138,-0.22186024,1.0471976,-0.0017622785,0.014778346,0.0,0.0,1
259284833,-0.22206531,1.0471976,-0.0017545676,0.014778346,0.0,0.0,1
259304541,-0.22223026,1.0471976,-0.0017484318,0.014778346,0.0,0.0,1
259324240,-0.22234899,1.0471976,-0.0017448049,0.014778346,0.0,0.0,1
259349165,-0.22248961,1.0471976,-0.0017389753,0.014778346,0.0,0.0,1
259363646,-0.22251642,1.0471976,-0.0017372827,0.014778346,0.0,0.0,1
259383347,-0.22250971,1.0471976,-0.0017348285,0.014778346,0.0,0.0,1
259407995,-0.22239912,1.0471976,-0.001732713,0.014778346,0.0,0.0,1
259422773,-0.22232692,1.0471976,-0.0017307166,0.014778346,0.0,0.0,1
259442472,-0.22225918,1.0471976,-0.0017303822,0.014778346,0.0,0.0,1
259467096,-0.22223479,1.0471976,-0.0017275868,0.014778346,0.0,0.0,1
259486821,-0.22219,1.0471976,-0.0017253618,0.014778346,0.0,0.0,1
259506474,-0.22209401,1.0471976,-0.0017233607,0.014778346,0.0,0.0,1
259526179,-0.22188193,1.0471976,-0.0017244983,0.014778346,0.0,0.0,1
259545901,-0.22161578,1.0471976,-0.0017257422,0.014778346,0.0,0.0,1
259565568,-0.2213514,1.0471976,-0.0017271312,0.014778346,0.0,0.0,1
259585279,-0.2210535,1.0471976,-0.0017284713,0.014778346,0.0,0.0,1
259604988,-0.22073218,1.0471976,-0.0017321119,0.014778346,0.0,0.0,1
259624676,-0.22042505,1.0471976,-0.0017339549,0.014778346,0.0,0.0,1
259644382,-0.2201335,1.0471976,-0.0017361462,0.014778346,0.0,0.0,1
259664078,-0.21983057,1.0471976,-0.0017394557,0.014778346,0.0,0.0,1
259688723,-0.21939895,1.0471976,-0.0017441345,0.014778346,0.0,0.0,1
259703479,-0.21915713,1.0471976,-0.0017469359,0.014778346,0.0,0.0,1
259723186,-0.21886685,1.0471976,-0.0017493885,0.014778346,0.0,0.0,1
259748318,-0.21862005,1.0471976,-0.0017497743,0.014778346,0.0,0.0,1
259767525,-0.21856791,1.0471976,-0.0017481783,0.014778346,0.0,0.0,1
259782286,-0.21863678,1.0471976,-0.001745713,0.014778346,0.0,0.0,1
259806931,-0.21884166,1.0471976,-0.0017400638,0.014778346,0.0,0.0,1
259826616,-0.2190554,1.0471976,-0.0017343387,0.014778346,0.0,0.0,1
259841403,-0.2192159,1.0471976,-0.0017304883,0.014778346,0.0,0.0,1
259866038,-0.21960363,1.0471976,-0.0017219768,0.014778346,0.0,0.0,1
259885744,-0.22011144,1.0471976,-0.0017096951,0.014778346,0.0,0.0,1
259905451,-0.22087072,1.0471976,-0.0016919972,0.014778346,0.0,0.0,1
259925258,-0.22175649,1.0471976,-0.0016738522,0.014778346,0.0,0.0,1
259944851,-0.22267826,1.0471976,-0.0016558561,0.014778346,0.0,0.0,1
259964513,-0.2235502,1.0471976,-0.0016382925,0.014778346,0.0,0.0,1
259984222,-0.22444114,1.0471976,-0.0016205639,0.014778346,0.0,0.0,1
260003930,-0.22534561,1.0471976,-0.0016019793,0.014778346,0.0,0.0,1
260023647,-0.2261121,1.0471976,-0.0015871469,0.014778346,0.0,0.0,1
260048246,-0.2268146,1.0471976,-0.0015717652,0.014778346,0.0,0.0,1
260063022,-0.2271208,1.0471976,-0.0015644435,0.014778346,0.0,0.0,1
260087669,-0.22731382,1.0471976,-0.0015583565,0.014778346,0.0,0.0,1
260107381,-0.22719014,1.0471976,-0.0015576803,0.014778346,0.0,0.0,1
260122211,-0.22689384,1.0471976,-0.0015599377,0.014778346,0.0,0.0,1
260146789,-0.2260765,1.0471976,-0.0015686833,0.014778346,0.0,0.0,1
260166457,-0.22524069,1.0471976,-0.0015798724,0.014778346,0.0,0.0,1
260186157,-0.22423507,1.0471976,-0.0015939655,0.014778346,0.0,0.0,1
260205854,-0.22303094,1.0471976,-0.0016114194,0.014778346,0.0,0.0,1
260225580,-0.22167264,1.0471976,-0.0016317129,0.014778346,0.0,0.0,1
260245256,-0.22019269,1.0471976,-0.001654076,0.014778346,0.0,0.0,1
260264955,-0.21870352,1.0471976,-0.0016767144,0.014778346,0.0,0.0,1
260284659,-0.21724877,1.0471976,-0.0016996429,0.014778346,0.0,0.0,1
260304360,-0.21585907,1.0471976,-0.0017214615,0.014778346,0.0,0.0,1
260329054,-0.21440859,1.0471976,-0.0017432966,0.014778346,0.0,0.0,1
260343819,-0.2137154,1.0471976,-0.0017520102,0.014778346,0.0,0.0,1
260363486,-0.21285753,1.0471976,-0.0017640733,0.014778346,0.0,0.0,1
260388090,-0.21187688,1.0471976,-0.0017773111,0.014778346,0.0,0.0,1
260402883,-0.21138653,1.0471976,-0.0017827264,0.014778346,0.0,0.0,1
260422568,-0.21092738,1.0471976,-0.0017895579,0.014778346,0.0,0.0,1
260447220,-0.21046016,1.0471976,-0.001794685,0.014778346,0.0,0.0,1
260466918,-0.21021792,1.0471976,-0.0017969387,0.014778346,0.0,0.0,1
260486658,-0.21003242,1.0471976,-0.0017969365,0.014778346,0.0,0.0,1
260506389,-0.2098459,1.0471976,-0.0017961008,0.014778346,0.0,0.0,1
260526252,-0.2096363,1.0471976,-0.001796618,0.014778346,0.0,0.0,1
260545698,-0.2093364,1.0471976,-0.00179936,0.014778346,0.0,0.0,1
260565396,-0.20893562,1.0471976,-0.0018039325,0.014778346,0.0,0.0,1
260585109,-0.20854793,1.0471976,-0.0018070822,0.014778346,0.0,0.0,1
260604809,-0.20806032,1.0471976,-0.0018107352,0.014778346,0.0,0.0,1
260624504,-0.20745458,1.0471976,-0.0018179956,0.014778346,0.0,0.0,1
260644208,-0.20672159,1.0471976,-0.0018256214,0.014778346,0.0,0.0,1
260663906,-0.2059558,1.0471976,-0.0018355213,0.014778346,0.0,0.0,1
260683601,-0.20522387,1.0471976,-0.0018456581,0.014778346,0.0,0.0,1
260703309,-0.20451085,1.0471976,-0.001854408,0.014778346,0.0,0.0,1
260727966,-0.20363696,1.0471976,-0.0018649535,0.014778346,0.0,0.0,1
260747658,-0.20298423,1.0471976,-0.0018756982,0.014778346,0.0,0.0,1
260762410,-0.20259076,1.0471976,-0.0018806704,0.014778346,0.0,0.0,1
260787034,-0.20198786,1.0471976,-0.0018879193,0.014778346,0.0,0.0,1
260806745,-0.20153047,1.0471976,-0.0018947457,0.014778346,0.0,0.0,1
260821515,-0.20116116,1.0471976,-0.0019007286,0.014778346,0.0,0.0,1
260846166,-0.20063226,1.0471976,-0.0019084113,0.014778346,0.0,0.0,1
260865873,-0.20037933,1.0471976,-0.0019103853,0.014778346,0.0,0.0,1
260885665,-0.20026262,1.0471976,-0.0019082205,0.014778346,0.0,0.0,1
260905416,-0.20025347,1.0471976,-0.0019061271,0.014778346,0.0,0.0,1
260925199,-0.20027679,1.0471976,-0.001904875,0.014778346,0.0,0.0,1
260944637,-0.2003417,1.0471976,-0.0019030244,0.014778346,0.0,0.0,1
260964344,-0.20047736,1.0471976,-0.0018996961,0.014778346,0.0,0.0,1
260984045,-0.20068152,1.0471976,-0.0018954683,0.014778346,0.0,0.0,1
261003744,-0.20100997,1.0471976,-0.0018893696,0.014778346,0.0,0.0,1
261028393,-0.20158309,1.0471976,-0.0018792462,0.014778346,0.0,0.0,1
261043146,-0.2020064,1.0471976,-0.0018730381,0.014778346,0.0,0.0,1
261062847,-0.20263003,1.0471976,-0.0018638141,0.014778346,0.0,0.0,1
261087487,-0.20341985,1.0471976,-0.0018506994,0.014778346,0.0,0.0,1
261102273,-0.20386773,1.0471976,-0.0018424834,0.014778346,0.0,0.0,1
261126910,-0.20451318,1.0471976,-0.0018308484,0.014778346,0.0,0.0,1
261146586,-0.20495042,1.0471976,-0.0018230947,0.014778346,0.0,0.0,1
261166277,-0.20529003,1.0471976,-0.0018174117,0.014778346,0.0,0.0,1
261185983,-0.20557971,1.0471976,-0.0018111353,0.014778346,0.0,0.0,1
261205690,-0.20582616,1.0471976,-0.0018034355,0.014778346,0.0,0.0,1
261225387,-0.20604472,1.0471976,-0.0017977068,0.014778346,0.0,0.0,1
261245106,-0.20620899,1.0471976,-0.0017927118,0.014778346,0.0,0.0,1
261264790,-0.206285,1.0471976,-0.0017899898,0.014778346,0.0,0.0,1
261284646,-0.20634767,1.0471976,-0.0017870226,0.014778346,0.0,0.0,1
261309245,-0.20643038,1.0471976,-0.0017824366,0.014778346,0.0,0.0,1
261324176,-0.20649013,1.0471976,-0.0017802918,0.014778346,0.0,0.0,1
261343589,-0.20656455,1.0471976,-0.0017772835,0.014778346,0.0,0.0,1
261368211,-0.20670982,1.0471976,-0.00177197,0.014778346,0.0,0.0,1
261382994,-0.20684993,1.0471976,-0.001767479,0.014778346,0.0,0.0,1
261402693,-0.20705658,1.0471976,-0.0017605986,0.014778346,0.0,0.0,1
261427329,-0.20726414,1.0471976,-0.0017547671,0.014778346,0.0,0.0,1
261447014,-0.20748785,1.0471976,-0.0017491151,0.014778346,0.0,0.0,1
261466724,-0.20780036,1.0471976,-0.0017419987,0.014778346,0.0,0.0,1
261486418,-0.20819381,1.0471976,-0.0017347819,0.014778346,0.0,0.0,1
261506144,-0.20864682,1.0471976,-0.0017261774,0.014778346,0.0,0.0,1
261525855,-0.20916389,1.0471976,-0.0017163255,0.014778346,0.0,0.0,1
261545527,-0.20978364,1.0471976,-0.0017045503,0.014778346,0.0,0.0,1
261565219,-0.21046923,1.0471976,-0.0016907074,0.014778346,0.0,0.0,1
261584928,-0.21120948,1.0471976,-0.0016783469,0.014778346,0.0,0.0,1
261604619,-0.2119196,1.0471976,-0.0016655696,0.014778346,0.0,0.0,1
261624325,-0.21264315,1.0471976,-0.0016529274,0.014778346,0.0,0.0,1
261644040,-0.21342996,1.0471976,-0.0016382342,0.014778346,0.0,0.0,1
261663737,-0.21428227,1.0471976,-0.0016238579,0.014778346,0.0,0.0,1
261683427,-0.21507853,1.0471976,-0.0016106168,0.014778346,0.0,0.0,1
261708159,-0.21602435,1.0471976,-0.0015946709,0.014778346,0.0,0.0,1
261727760,-0.2166819,1.0471976,-0.0015822427,0.014778346,0.0,0.0,1
261742551,-0.21708012,1.0471976,-0.0015748497,0.014778346,0.0,0.0,1
261767160,-0.21756281,1.0471976,-0.001566627,0.014778346,0.0,0.0,1
261786862,-0.21776602,1.0471976,-0.0015632428,0.014778346,0.0,0.0,1
261801638,-0.21776551,1.0471976,-0.0015613135,0.014778346,0.0,0.0,1
261826267,-0.2175152,1.0471976,-0.0015636185,0.014778346,0.0,0.0,1
261845961,-0.21717785,1.0471976,-0.0015691299,0.014778346,0.0,0.0,1
261865677,-0.21668841,1.0471976,-0.0015756129,0.014778346,0.0,0.0,1
261885396,-0.21599387,1.0471976,-0.0015842569,0.014778346,0.0,0.0,1
261905129,-0.21512784,1.0471976,-0.001596981,0.014778346,0.0,0.0,1
261924872,-0.2141462,1.0471976,-0.0016128853,0.014778346,0.0,0.0,1
261944543,-0.21320048,1.0471976,-0.0016273455,0.014778346,0.0,0.0,1
261964166,-0.21235974,1.0471976,-0.0016398379,0.014778346,0.0,0.0,1
261983873,-0.21168612,1.0471976,-0.001650702,0.014778346,0.0,0.0,1
262008517,-0.21112296,1.0471976,-0.0016602386,0.014778346,0.0,0.0,1
262023275,-0.21095023,1.0471976,-0.001661493,0.014778346,0.0,0.0,1
262043008,-0.2109241,1.0471976,-0.0016621987,0.014778346,0.0,0.0,1
262067592,-0.2111793,1.0471976,-0.0016588897,0.014778346,0.0,0.0,1
262082499,-0.21149018,1.0471976,-0.0016535381,0.014778346,0.0,0.0,1
262107084,-0.21236736,1.0471976,-0.0016389842,0.014778346,0.0,0.0,1
262126700,-0.21330799,1.0471976,-0.0016244239,0.014778346,0.0,0.0,1
262146406,-0.2143488,1.0471976,-0.0016082285,0.014778346,0.0,0.0,1
262166103,-0.21534908,1.0471976,-0.0015912973,0.014778346,0.0,0.0,1
262185804,-0.21615788,1.0471976,-0.0015774817,0.014778346,0.0,0.0,1
262205545,-0.21674494,1.0471976,-0.0015675604,0.014778346,0.0,0.0,1
262225209,-0.21722297,1.0471976,-0.0015590074,0.014778346,0.0,0.0,1
262244938,-0.21757503,1.0471976,-0.0015527565,0.014778346,0.0,0.0,1
262264608,-0.21784909,1.0471976,-0.001546912,0.014778346,0.0,0.0,1
262284308,-0.21797928,1.0471976,-0.0015447625,0.014778346,0.0,0.0,1
262304073,-0.21801853,1.0471976,-0.0015436189,0.014778346,0.0,0.0,1
262323733,-0.21802095,1.0471976,-0.0015428452,0.014778346,0.0,0.0,1
262348369,-0.21821432,1.0471976,-0.001538989,0.014778346,0.0,0.0,1
262363139,-0.21849293,1.0471976,-0.0015342361,0.014778346,0.0,0.0,1
262382878,-0.21903825,1.0471976,-0.001525397,0.014778346,0.0,0.0,1
262407434,-0.21998715,1.0471976,-0.0015092143,0.014778346,0.0,0.0,1
262427137,-0.22091697,1.0471976,-0.0014951378,0.014778346,0.0,0.0,1
262441912,-0.22168857,1.0471976,-0.0014858751,0.014778346,0.0,0.0,1
262466541,-0.22307247,1.0471976,-0.0014660421,0.014778346,0.0,0.0,1
262486334,-0.224282,1.0471976,-0.0014476109,0.014778346,0.0,0.0,1
262506028,-0.22556914,1.0471976,-0.0014260728,0.014778346,0.0,0.0,1
262525656,-0.22683054,1.0471976,-0.0014061838,0.014778346,0.0,0.0,1
262545351,-0.2278585,1.0471976,-0.001389066,0.014778346,0.0,0.0,1
262565048,-0.2285877,1.0471976,-0.0013773853,0.014778346,0.0,0.0,1
262584771,-0.22907846,1.0471976,-0.0013670281,0.014778346,0.0,0.0,1
262604450,-0.22932884,1.0471976,-0.0013656282,0.014778346,0.0,0.0,1
262624156,-0.22926052,1.0471976,-0.0013665351,0.014778346,0.0,0.0,1
262643856,-0.22897346,1.0471976,-0.0013688946,0.014778346,0.0,0.0,1
262663560,-0.228529,1.0471976,-0.0013755226,0.014778346,0.0,0.0,1
262688211,-0.22777316,1.0471976,-0.0013885889,0.014778346,0.0,0.0,1
262707911,-0.2271387,1.0471976,-0.0013964047,0.014778346,0.0,0.0,1
262722665,-0.2266591,1.0471976,-0.0014012852,0.014778346,0.0,0.0,1
262747276,-0.2259642,1.0471976,-0.0014122812,0.014778346,0.0,0.0,1
262766983,-0.2254845,1.0471976,-0.0014192951,0.014778346,0.0,0.0,1
262781779,-0.22509646,1.0471976,-0.0014242114,0.014778346,0.0,0.0,1
262806385,-0.22438648,1.0471976,-0.0014340678,0.014778346,0.0,0.0,1
262826085,-0.22380036,1.0471976,-0.0014423239,0.014778346,0.0,0.0,1
262845790,-0.22326262,1.0471976,-0.0014512704,0.014778346,0.0,0.0,1
262865536,-0.22279753,1.0471976,-0.0014574662,0.014778346,0.0,0.0,1
262885304,-0.22228584,1.0471976,-0.0014640883,0.014778346,0.0,0.0,1
262905014,-0.22179955,1.0471976,-0.0014708387,0.014778346,0.0,0.0,1
262924586,-0.22129914,1.0471976,-0.0014784812,0.014778346,0.0,0.0,1
262944291,-0.22077657,1.0471976,-0.0014855114,0.014778346,0.0,0.0,1
262963993,-0.22025406,1.0471976,-0.0014931845,0.014778346,0.0,0.0,1
262988619,-0.21967721,1.0471976,-0.001501755,0.014778346,0.0,0.0,1
263003405,-0.21934986,1.0471976,-0.0015062285,0.014778346,0.0,0.0,1
263023099,-0.21901318,1.0471976,-0.0015113541,0.014778346,0.0,0.0,1
263047727,-0.21866322,1.0471976,-0.0015168914,0.014778346,0.0,0.0,1
263062497,-0.2185528,1.0471976,-0.0015186487,0.014778346,0.0,0.0,1
263087154,-0.21847574,1.0471976,-0.0015203583,0.014778346,0.0,0.0,1
263106837,-0.2184805,1.0471976,-0.0015205886,0.014778346,0.0,0.0,1
263126532,-0.21854827,1.0471976,-0.0015203778,0.014778346,0.0,0.0,1
263146251,-0.2187515,1.0471976,-0.0015171577,0.014778346,0.0,0.0,1
263165927,-0.21917789,1.0471976,-0.00151204,0.014778346,0.0,0.0,1
263185637,-0.21977687,1.0471976,-0.00150335,0.014778346,0.0,0.0,1
263205342,-0.22047685,1.0471976,-0.0014919428,0.014778346,0.0,0.0,1
263225037,-0.22131488,1.0471976,-0.0014790471,0.014778346,0.0,0.0,1
263244745,-0.2222453,1.0471976,-0.0014642728,0.014778346,0.0,0.0,1
263269513,-0.22342654,1.0471976,-0.0014446791,0.014778346,0.0,0.0,1
263284246,-0.22415005,1.0471976,-0.0014344283,0.014778346,0.0,0.0,1
263303904,-0.22511081,1.0471976,-0.001420361,0.014778346,0.0,0.0,1
263328491,-0.22633573,1.0471976,-0.0014016468,0.014778346,0.0,0.0,1
263343276,-0.22713107,1.0471976,-0.0013894689,0.014778346,0.0,0.0,1
263362968,-0.22816752,1.0471976,-0.0013754696,0.014778346,0.0,0.0,1
263387560,-0.2294543,1.0471976,-0.0013565557,0.014778346,0.0,0.0,1
263407265,-0.23043333,1.0471976,-0.0013409443,0.014778346,0.0,0.0,1
263422044,-0.23115405,1.0471976,-0.0013302986,0.014778346,0.0,0.0,1
263446669,-0.23236187,1.0471976,-0.0013125734,0.014778346,0.0,0.0,1
263466368,-0.23325974,1.0471976,-0.0012992421,0.014778346,0.0,0.0,1
263486098,-0.23405008,1.0471976,-0.0012858616,0.014778346,0.0,0.0,1
263505779,-0.23475246,1.0471976,-0.0012746581,0.014778346,0.0,0.0,1
263525486,-0.23531123,1.0471976,-0.0012672208,0.014778346,0.0,0.0,1
263545176,-0.2357431,1.0471976,-0.0012609762,0.014778346,0.0,0.0,1
263564874,-0.23609534,1.0471976,-0.0012544949,0.014778346,0.0,0.0,1
263584576,-0.23624326,1.0471976,-0.001251734,0.014778346,0.0,0.0,1
263604272,-0.23609883,1.0471976,-0.0012552472,0.014778346,0.0,0.0,1
263623983,-0.23563379,1.0471976,-0.0012616375,0.014778346,0.0,0.0,1
263643686,-0.23481876,1.0471976,-0.0012733847,0.014778346,0.0,0.0,1
263668500,-0.23348822,1.0471976,-0.0012945111,0.014778346,0.0,0.0,1
263688330,-0.23229861,1.0471976,-0.0013125686,0.014778346,0.0,0.0,1
263702791,-0.23135386,1.0471976,-0.0013254549,0.014778346,0.0,0.0,1
263727413,-0.22963543,1.0471976,-0.0013511523,0.014778346,0.0,0.0,1
263747144,-0.22824174,1.0471976,-0.0013729474,0.014778346,0.0,0.0,1
263761917,-0.22718783,1.0471976,-0.0013884819,0.014778346,0.0,0.0,1
263786562,-0.22561584,1.0471976,-0.0014117551,0.014778346,0.0,0.0,1
263806216,-0.2247173,1.0471976,-0.0014251794,0.014778346,0.0,0.0,1
263825915,-0.2239899,1.0471976,-0.0014375136,0.014778346,0.0,0.0,1
263845626,-0.2233964,1.0471976,-0.0014469081,0.014778346,0.0,0.0,1
263865379,-0.2229712,1.0471976,-0.0014516392,0.014778346,0.0,0.0,1
263885052,-0.22279248,1.0471976,-0.0014537813,0.014778346,0.0,0.0,1
263904725,-0.22287406,1.0471976,-0.0014524932,0.014778346,0.0,0.0,1
263924421,-0.22307633,1.0471976,-0.0014499854,0.014778346,0.0,0.0,1
263944120,-0.22321637,1.0471976,-0.0014464433,0.014778346,0.0,0.0,1
263968750,-0.22332114,1.0471976,-0.0014434978,0.014778346,0.0,0.0,1
263983526,-0.22342396,1.0471976,-0.0014403727,0.014778346,0.0,0.0,1
264003223,-0.22355755,1.0471976,-0.0014369695,0.014778346,0.0,0.0,1
264027850,-0.2234628,1.0471976,-0.0014374636,0.014778346,0.0,0.0,1
264042631,-0.22319418,1.0471976,-0.0014408721,0.014778346,0.0,0.0,1
264067504,-0.22256447,1.0471976,-0.0014478307,0.014778346,0.0,0.0,1
264086985,-0.22193746,1.0471976,-0.0014567189,0.014778346,0.0,0.0,1
264106678,-0.22101946,1.0471976,-0.0014693481,0.014778346,0.0,0.0,1
264126350,-0.21976686,1.0471976,-0.0014882846,0.014778346,0.0,0.0,1
264146052,-0.2183051,1.0471976,-0.0015087858,0.014778346,0.0,0.0,1
264165765,-0.21674636,1.0471976,-0.0015311544,0.014778346,0.0,0.0,1
264185459,-0.21512307,1.0471976,-0.0015547058,0.014778346,0.0,0.0,1
264205159,-0.21340811,1.0471976,-0.0015760816,0.014778346,0.0,0.0,1
264224874,-0.21144167,1.0471976,-0.0016055907,0.014778346,0.0,0.0,1
264244565,-0.2094609,1.0471976,-0.0016356495,0.014778346,0.0,0.0,1
264264338,-0.20774533,1.0471976,-0.001658996,0.014778346,0.0,0.0,1
264284027,-0.2062749,1.0471976,-0.0016795215,0.014778346,0.0,0.0,1
264308621,-0.2048644,1.0471976,-0.0016990984,0.014778346,0.0,0.0,1
264323400,-0.20427722,1.0471976,-0.001708444,0.014778346,0.0,0.0,1
264343066,-0.20380841,1.0471976,-0.0017146855,0.014778346,0.0,0.0,1
264367697,-0.2036692,1.0471976,-0.0017153767,0.014778346,0.0,0.0,1
264387415,-0.20389201,1.0471976,-0.0017116825,0.014778346,0.0,0.0,1
264402172,-0.20428899,1.0471976,-0.0017059748,0.014778346,0.0,0.0,1
264426800,-0.20531973,1.0471976,-0.0016900569,0.014778346,0.0,0.0,1
264446543,-0.20648746,1.0471976,-0.0016733821,0.014778346,0.0,0.0,1
264466478,-0.20784308,1.0471976,-0.0016552737,0.014778346,0.0,0.0,1
264485908,-0.20932494,1.0471976,-0.0016328893,0.014778346,0.0,0.0,1
264505613,-0.21089287,1.0471976,-0.0016079625,0.014778346,0.0,0.0,1
264525311,-0.21251768,1.0471976,-0.0015836902,0.014778346,0.0,0.0,1
264545005,-0.21423262,1.0471976,-0.001558581,0.014778346,0.0,0.0,1
264564710,-0.21589828,1.0471976,-0.00153303,0.014778346,0.0,0.0,1
264584407,-0.21753298,1.0471976,-0.0015085844,0.014778346,0.0,0.0,1
264604105,-0.2190475,1.0471976,-0.0014877007,0.014778346,0.0,0.0,1
264623820,-0.22045396,1.0471976,-0.0014669304,0.014778346,0.0,0.0,1
264643507,-0.22174159,1.0471976,-0.0014481334,0.014778346,0.0,0.0,1
264663243,-0.2228406,1.0471976,-0.0014316677,0.014778346,0.0,0.0,1
264682911,-0.22364226,1.0471976,-0.0014195598,0.014778346,0.0,0.0,1
264707569,-0.22435732,1.0471976,-0.0014071839,0.014778346,0.0,0.0,1
264727271,-0.22460838,1.0471976,-0.0014027373,0.014778346,0.0,0.0,1
264742067,-0.22459692,1.0471976,-0.0014025766,0.014778346,0.0,0.0,1
264766686,-0.22433677,1.0471976,-0.00140682,0.014778346,0.0,0.0,1
264786343,-0.22397621,1.0471976,-0.0014101033,0.014778346,0.0,0.0,1
264806045,-0.2235264,1.0471976,-0.0014172145,0.014778346,0.0,0.0,1
264825746,-0.22308774,1.0471976,-0.0014239142,0.014778346,0.0,0.0,1
264845559,-0.22265585,1.0471976,-0.0014306757,0.014778346,0.0,0.0,1
264865417,-0.2222677,1.0471976,-0.0014347122,0.014778346,0.0,0.0,1
264884850,-0.22203399,1.0471976,-0.0014375322,0.014778346,0.0,0.0,1
264904558,-0.2220451,1.0471976,-0.0014381937,0.014778346,0.0,0.0,1
264924244,-0.22219382,1.0471976,-0.00143556,0.014778346,0.0,0.0,1
264948912,-0.2225876,1.0471976,-0.001429807,0.014778346,0.0,0.0,1
264963653,-0.22290263,1.0471976,-0.0014253255,0.014778346,0.0,0.0,1
264983349,-0.22341439,1.0471976,-0.0014173851,0.014778346,0.0,0.0,1
265008002,-0.22410594,1.0471976,-0.0014081841,0.014778346,0.0,0.0,1
265022761,-0.22456507,1.0471976,-0.0014008945,0.014778346,0.0,0.0,1
265042449,-0.22515881,1.0471976,-0.0013916821,0.014778346,0.0,0.0,1
265067127,-0.22575565,1.0471976,-0.0013823017,0.014778346,0.0,0.0,1
265086788,-0.22606435,1.0471976,-0.0013767127,0.014778346,0.0,0.0,1
265106492,-0.22620821,1.0471976,-0.0013734936,0.014778346,0.0,0.0,1
265126187,-0.22620423,1.0471976,-0.0013730931,0.014778346,0.0,0.0,1
265145894,-0.22611597,1.0471976,-0.0013749956,0.014778346,0.0,0.0,1
265165586,-0.225842,1.0471976,-0.001378576,0.014778346,0.0,0.0,1
265185293,-0.22542311,1.0471976,-0.0013835992,0.014778346,0.0,0.0,1
265205001,-0.22494859,1.0471976,-0.0013905591,0.014778346,0.0,0.0,1
265225001,-0.22449861,1.0471976,-0.0013966726,0.014778346,0.0,0.0,1
265244580,-0.22415242,1.0471976,0.0063367262,0.014778346,0.0,0.0,1
265264378,-0.223787,1.0471976,0.010201255,0.014778346,0.0,0.0,1
265283838,-0.22338557,1.0471976,0.015354298,0.014778346,0.0,0.0,1
265303501,-0.22292177,1.0471976,0.016636768,0.014778346,0.0,0.0,1
265323192,-0.22243059,1.0471976,0.016629972,0.014778346,0.0,0.0,1
265347834,-0.221936,1.0471976,0.016625343,0.014778346,0.0,0.0,1
265367526,-0.2215937,1.0471976,0.01662105,0.014778346,0.0,0.0,1
265382302,-0.22138572,1.0471976,0.016618373,0.014778346,0.0,0.0,1
265406927,-0.22119282,1.0471976,0.016615314,0.014778346,0.0,0.0,1
265426625,-0.2210582,1.0471976,0.016613211,0.014778346,0.0,0.0,1
265441452,-0.22094196,1.0471976,0.016612709,0.014778346,0.0,0.0,1
265466066,-0.22071658,1.0471976,0.016608942,0.014778346,0.0,0.0,1
265485736,-0.22057839,1.0471976,0.012738083,0.014778346,0.0,0.0,1
265506555,-0.22056726,1.0471976,0.01273768,0.014778346,0.0,0.0,1
265525145,-0.2206191,1.0471976,0.012736708,0.014778346,0.0,0.0,1
265544852,-0.22055553,1.0471976,-0.0014380767,0.014778346,0.0,0.0,1
265564557,-0.22060576,1.0471976,-0.0014400182,0.014778346,0.0,0.0,1
265584245,-0.22094285,1.0471976,-0.0014417388,0.014778346,0.0,0.0,1
265603949,-0.22105254,1.0471976,-0.0014401965,0.014778346,0.0,0.0,1
265623654,-0.22082776,1.0471976,-0.0014780217,0.014778346,0.0,0.0,1
265648389,-0.22196041,1.0471976,-0.0014259854,0.014778346,0.0,0.0,1
265663352,-0.22174282,1.0471976,-0.0014174618,0.014778346,0.0,0.0,1
265687727,-0.22107987,1.0471976,-0.001451459,0.014778346,0.0,0.0,1
265707409,-0.22140478,1.0471976,-0.0014591592,0.014778346,0.0,0.0,1
265722181,-0.2214543,1.0471976,-0.00144281,0.014778346,0.0,0.0,1
265746785,-0.22157824,1.0471976,-0.001430368,0.014778346,0.0,0.0,1
265766484,-0.22120479,1.0471976,-0.0014539809,0.014778346,0.0,0.0,1
265786188,-0.22091237,1.0471976,-0.0014601073,0.014778346,0.0,0.0,1
265805889,-0.22122322,1.0471976,-0.0014413041,0.014778346,0.0,0.0,1
265825588,-0.22135364,1.0471976,-0.001441563,0.014778346,0.0,0.0,1
265845342,-0.22132468,1.0471976,-0.0014557911,0.014778346,0.0,0.0,1
265865013,-0.22101508,1.0471976,-0.0014557821,0.014778346,0.0,0.0,1
265884693,-0.22085157,1.0471976,-0.0014555602,0.014778346,0.0,0.0,1
265904388,-0.22110482,1.0471976,-0.0014577846,0.014778346,0.0,0.0,1
265929018,-0.22085099,1.0471976,-0.001465142,0.014778346,0.0,0.0,1
265943801,-0.22067086,1.0471976,-0.0014686523,0.014778346,0.0,0.0,1
265963503,-0.22050498,1.0471976,-0.0014694157,0.014778346,0.0,0.0,1
265988115,-0.22022346,1.0471976,-0.0014797741,0.014778346,0.0,0.0,1
266002911,-0.22021341,1.0471976,-0.001482356,0.014778346,0.0,0.0,1
266022629,-0.22014464,1.0471976,-0.0014834002,0.014778346,0.0,0.0,1
266047307,-0.22002806,1.0471976,-0.0014877031,0.014778346,0.0,0.0,1
266066928,-0.22012314,1.0471976,-0.0014901648,0.014778346,0.0,0.0,1
266086649,-0.22024417,1.0471976,-0.0014894428,0.014778346,0.0,0.0,1
266106354,-0.22043847,1.0471976,-0.0014873415,0.014778346,0.0,0.0,1
266126089,-0.22055566,1.0471976,-0.0014888761,0.014778346,0.0,0.0,1
266145756,-0.22062872,1.0471976,-0.0014901214,0.014778346,0.0,0.0,1
266165468,-0.22077335,1.0471976,-0.0014881701,0.014778346,0.0,0.0,1
266185132,-0.22091705,1.0471976,-0.0014876364,0.014778346,0.0,0.0,1
266204833,-0.22110493,1.0471976,-0.0014895569,0.014778346,0.0,0.0,1
266224560,-0.22124197,1.0471976,-0.0014901169,0.014778346,0.0,0.0,1
266244530,-0.22139452,1.0471976,-0.0014896668,0.014778346,0.0,0.0,1
266263939,-0.22158358,1.0471976,-0.0014870799,0.014778346,0.0,0.0,1
266283655,-0.22166328,1.0471976,-0.0014896701,0.014778346,0.0,0.0,1
266303339,-0.2215697,1.0471976,-0.0014919236,0.014778346,0.0,0.0,1
266327982,-0.22135878,1.0471976,-0.0014960194,0.014778346,0.0,0.0,1
266347660,-0.22123206,1.0471976,-0.001499679,0.014778346,0.0,0.0,1
266362433,-0.22119339,1.0471976,-0.0015018067,0.014778346,0.0,0.0,1
266387083,-0.22100484,1.0471976,-0.0015075492,0.014778346,0.0,0.0,1
266406789,-0.22073875,1.0471976,-0.0015121701,0.014778346,0.0,0.0,1
266421899,-0.22061822,1.0471976,-0.0015149141,0.014778346,0.0,0.0,1
266446249,-0.22060332,1.0471976,-0.0015156706,0.014778346,0.0,0.0,1
266465875,-0.22077379,1.0471976,-0.0015127299,0.014778346,0.0,0.0,1
266485605,-0.22099794,1.0471976,-0.0015106428,0.014778346,0.0,0.0,1
266505281,-0.22131512,1.0471976,-0.001505793,0.014778346,0.0,0.0,1
