timestamp,timestamp_sample,control_mode_flags,output_tracking_error[0],output_tracking_error[1],output_tracking_error[2],filter_fault_flags,pos_horiz_accuracy,pos_vert_accuracy,hdg_test_ratio,vel_test_ratio,pos_test_ratio,hgt_test_ratio,tas_test_ratio,hagl_test_ratio,beta_test_ratio,time_slip,accel_device_id,gyro_device_id,baro_device_id,mag_device_id,mag_inclination_deg,mag_inclination_ref_deg,mag_strength_gs,mag_strength_ref_gs,gps_check_fail_flags,solution_status_flags,reset_count_vel_ne,reset_count_vel_d,reset_count_pos_ne,reset_count_pod_d,reset_count_quat,pre_flt_fail_innov_heading,pre_flt_fail_innov_height,pre_flt_fail_innov_pos_horiz,pre_flt_fail_innov_vel_horiz,pre_flt_fail_innov_vel_vert,pre_flt_fail_mag_field_disturbed,health_flags,timeout_flags
385753133,385565359,17592186178055,0.0028465276,0.00916194,0.0139011955,0,0.16822141,0.15181708,nan,0.04199784,0.03139464,0.016175607,nan,nan,nan,0.0,2490378,2490378,4028193,527633,nan,nan,nan,nan,0,831,12,2,12,2,1,0,0,0,0,0,0,0,0
385762936,385575211,17592186178055,0.0028476845,0.008645169,0.013232344,0,0.16889675,0.15220259,nan,0.04199784,0.03139464,0.016175607,nan,nan,nan,0.0,2490378,2490378,4028193,527633,nan,nan,nan,nan,0,831,12,2,12,2,1,0,0,0,0,0,0,0,0
385950195,385762402,17592186178055,0.001351659,0.006192499,0.013450407,0,0.1679909,0.1517924,nan,0.038536243,0.03313358,0.01737456,nan,nan,nan,0.0,2490378,2490378,4028193,527633,nan,nan,nan,nan,0,831,12,2,12,2,1,0,0,0,0,0,0,0,0
386157061,385969297,17592186178055,0.00068010483,0.0034672974,0.0076930267,0,0.16845347,0.152013,nan,0.032574084,0.03367876,0.017709387,nan,nan,nan,0.0,2490378,2490378,4028193,527633,nan,nan,nan,nan,0,831,12,2,12,2,1,0,0,0,0,0,0,0,0
386354083,386166339,17592186178055,0.009972779,0.011018662,0.013197107,0,0.16816534,0.15195872,nan,0.040387638,0.034859892,0.017752472,nan,nan,nan,0.0,2490378,2490378,4028193,527633,nan,nan,nan,nan,0,831,12,2,12,2,1,0,0,0,0,0,0,0,0
386551158,386363382,17592186178055,0.026258862,0.024442002,0.021916114,0,0.1681439,0.15182817,nan,0.053197786,0.036702212,0.017713673,nan,nan,nan,0.0,2490378,2490378,4028193,527633,nan,nan,nan,nan,0,831,12,2,12,2,1,0,0,0,0,0,0,0,0
386748182,386560425,17592186178055,0.04485625,0.03500181,0.031752616,0,0.16819464,0.1518398,nan,0.06005215,0.036884233,0.017496105,nan,nan,nan,0.0,2490378,2490378,4028193,527633,nan,nan,nan,nan,0,831,12,2,12,2,1,0,0,0,0,0,0,0,0
386955095,386767320,17592186178055,0.028730366,0.00870631,0.023159822,0,0.16883065,0.15211082,nan,0.058979414,0.03466111,0.01655473,nan,nan,nan,0.0,2490378,2490378,4028193,527633,nan,nan,nan,nan,0,831,12,2,12,2,1,0,0,0,0,0,0,0,0
387152127,386964362,17592186178055,0.011613554,0.02069319,0.014811449,0,0.16849916,0.15212914,nan,0.026700675,0.03213949,0.01568527,nan,nan,nan,0.0,2490378,2490378,4028193,527633,nan,nan,nan,nan,0,831,12,2,12,2,1,0,0,0,0,0,0,0,0
387349156,387161405,17592186178055,0.0111796,0.02013311,0.01907595,0,0.16806298,0.1519529,nan,0.041366152,0.03030486,0.015572576,nan,nan,nan,0.0,2490378,2490378,4028193,527633,nan,nan,nan,nan,0,831,12,2,12,2,1,0,0,0,0,0,0,0,0
387556041,387368299,17592186178055,0.014170436,0.01929879,0.02487362,0,0.168559,0.15237401,nan,0.057306767,0.02974412,0.015196338,nan,nan,nan,0.0,2490378,2490378,4028193,527633,nan,nan,nan,nan,0,831,12,2,12,2,1,0,0,0,0,0,0,0,0
387753069,387565342,17592186178055,0.008169578,0.013454029,0.021628544,0,0.16839671,0.15225577,nan,0.051359933,0.02921112,0.014887186,nan,nan,nan,0.0,2490378,2490378,4028193,527633,nan,nan,nan,nan,0,831,12,2,12,2,1,0,0,0,0,0,0,0,0
387950109,387762385,17592186178055,0.0038730083,0.00878363,0.01595053,0,0.16822526,0.15227687,nan,0.045360446,0.029534869,0.014052247,nan,nan,nan,0.0,2490378,2490378,4028193,527633,nan,nan,nan,nan,0,831,12,2,12,2,1,0,0,0,0,0,0,0,0
388147159,387959427,17592186178055,0.0003977734,0.007137033,0.011838167,0,0.1680351,0.15229006,nan,0.038030613,0.030958273,0.013678447,nan,nan,nan,0.0,2490378,2490378,4028193,527633,nan,nan,nan,nan,0,831,12,2,12,2,1,0,0,0,0,0,0,0,0
388354103,388166322,17592186178055,0.00020569039,0.0049863984,0.010204408,0,0.1684343,0.15251824,nan,0.035727188,0.032974325,0.01307269,nan,nan,nan,0.0,2490378,2490378,4028193,527633,nan,nan,nan,nan,0,831,12,2,12,2,1,0,0,0,0,0,0,0,0
388551140,388363365,17592186178055,0.0017074491,0.0010476292,0.0028979823,0,0.16830198,0.1524096,nan,0.02884739,0.033196587,0.012922773,nan,nan,nan,0.0,2490378,2490378,4028193,527633,nan,nan,nan,nan,0,831,12,2,12,2,1,0,0,0,0,0,0,0,0
388758061,388570259,17592186178055,0.0014259522,0.0046255393,0.007891314,0,0.16882803,0.1528331,nan,0.025375374,0.03276017,0.013592618,nan,nan,nan,0.0,2490378,2490378,4028193,527633,nan,nan,nan,nan,0,831,12,2,12,2,1,0,0,0,0,0,0,0,0
388955069,388767301,17592186178055,0.0024153483,0.015829053,0.021141112,0,0.16868776,0.15270692,nan,0.06826106,0.0310024,0.016200677,nan,nan,nan,0.0,2490378,2490378,4028193,527633,nan,nan,nan,nan,0,831,12,2,12,2,1,0,0,0,0,0,0,0,0
389152070,388964344,17592186178055,0.0014238986,0.0077594337,0.011842673,0,0.16858596,0.15273462,nan,0.05358573,0.029812643,0.016749837,nan,nan,nan,0.0,2490378,2490378,4028193,527633,nan,nan,nan,nan,0,831,12,2,12,2,1,0,0,0,0,0,0,0,0
389349117,389161387,17592186178055,0.0012445323,0.004380689,0.009039456,0,0.16830833,0.15270375,nan,0.04064541,0.0292672,0.016628077,nan,nan,nan,0.0,2490378,2490378,4028193,527633,nan,nan,nan,nan,0,831,12,2,12,2,1,0,0,0,0,0,0,0,0
389556091,389368281,17592186178055,0.0034129121,0.014801632,0.020703197,0,0.16889483,0.15298402,nan,0.079889975,0.028782917,0.018514095,nan,nan,nan,0.0,2490378,2490378,4028193,527633,nan,nan,nan,nan,0,831,12,2,12,2,1,0,0,0,0,0,0,0,0
389753066,389565323,17592186178055,0.0036104594,0.0067107286,0.005129821,0,0.16868304,0.15298784,nan,0.061110772,0.030168658,0.017692838,nan,nan,nan,0.0,2490378,2490378,4028193,527633,nan,nan,nan,nan,0,831,12,2,12,2,1,0,0,0,0,0,0,0,0
389950149,389762366,17592186178055,0.02087051,0.025798978,0.020950807,0,0.16863108,0.15287395,nan,0.06240841,0.03192934,0.02081597,nan,nan,nan,0.0,2490378,2490378,4028193,527633,nan,nan,nan,nan,0,831,12,2,12,2,1,0,0,0,0,0,0,0,0
390156989,389969260,17592186178055,0.02314037,0.0144342715,0.018675113,0,0.16929273,0.15329745,nan,0.060948502,0.03166794,0.022151323,nan,nan,nan,0.0,2490378,2490378,4028193,527633,nan,nan,nan,nan,0,831,12,2,12,2,1,0,0,0,0,0,0,0,0
390354019,390166302,17592186178055,0.0080370875,0.010040596,0.015176246,0,0.16888317,0.15309581,nan,0.098303236,0.028125498,0.02135627,nan,nan,nan,0.0,2490378,2490378,4028193,527633,nan,nan,nan,nan,0,831,12,2,12,2,1,0,0,0,0,0,0,0,0
390551102,390363345,17592186178055,0.005666537,0.026963301,0.031799104,0,0.16869774,0.15311319,nan,0.10122814,0.023785766,0.02089931,nan,nan,nan,0.0,2490378,2490378,4028193,527633,nan,nan,nan,nan,0,831,12,2,12,2,1,0,0,0,0,0,0,0,0
390748148,390560387,17592186178055,0.0015025357,0.012890084,0.020518282,0,0.16860464,0.15297666,nan,0.088424966,0.020797398,0.020294901,nan,nan,nan,0.0,2490378,2490378,4028193,527633,nan,nan,nan,nan,0,831,12,2,12,2,1,0,0,0,0,0,0,0,0
390955022,390767281,17592186178055,0.00081760203,0.010233848,0.010526788,0,0.1690998,0.15339647,nan,0.07939446,0.019783517,0.019685436,nan,nan,nan,0.0,2490378,2490378,4028193,527633,nan,nan,nan,nan,0,831,12,2,12,2,1,0,0,0,0,0,0,0,0
391152076,390964324,17592186178055,0.007794318,0.023228856,0.02331542,0,0.16879548,0.1532593,nan,0.06097099,0.020110015,0.019677188,nan,nan,nan,0.0,2490378,2490378,4028193,527633,nan,nan,nan,nan,0,831,12,2,12,2,1,0,0,0,0,0,0,0,0
391349128,391161366,17592186211207,0.033051185,0.14307894,0.04404802,0,0.16859724,0.1532295,nan,0.10092932,0.021305727,0.022309873,nan,nan,0.083208494,0.0,2490378,2490378,4028193,527633,nan,nan,nan,nan,0,831,12,2,12,2,1,0,0,0,0,0,0,0,0
391556099,391368260,17592186735495,0.043306224,0.1970387,0.16091655,0,0.17027369,0.15364975,nan,0.33902526,0.039122056,0.030880202,0.013413987,nan,0.04775593,0.0,2490378,2490378,4028193,527633,nan,nan,nan,nan,0,831,12,2,12,2,1,0,0,0,0,0,0,0,0
391753046,391565302,17592186735495,0.034453057,0.076878175,0.09388382,0,0.17323391,0.15448791,nan,0.27190214,0.034733955,0.03158228,0.02704887,nan,0.04281131,0.0,2490378,2490378,4028193,527633,nan,nan,nan,nan,0,831,12,2,12,2,1,0,0,0,0,0,0,0,0
391950141,391762344,17592186735495,0.017977199,0.03264827,0.063849956,0,0.17580284,0.15534514,nan,0.21953699,0.029245205,0.031532425,0.054534055,nan,0.037345428,0.0,2490378,2490378,4028193,527633,nan,nan,nan,nan,0,831,12,2,12,2,1,0,0,0,0,0,0,0,0
392156979,391969238,17592186735495,0.006995606,0.037735015,0.049407523,0,0.17995417,0.15718478,nan,0.181333,0.023277495,0.028168736,0.12667806,nan,0.029550925,0.0,2490378,2490378,4028193,527633,nan,nan,nan,nan,0,831,12,2,12,2,1,0,0,0,0,0,0,0,0
392354095,392166280,17592186735495,0.0032746661,0.06498113,0.09132428,0,0.18039434,0.15787235,nan,0.23497343,0.02140608,0.028595801,0.10735236,nan,0.014659932,0.0,2490378,2490378,4028193,527633,nan,nan,nan,nan,0,831,12,2,12,2,1,0,0,0,0,0,0,0,0
392551088,392363322,17592186735495,0.003285945,0.075705566,0.10486369,0,0.18102391,0.15889111,nan,0.22876027,0.026812324,0.033867873,0.07328411,nan,0.020390645,0.0,2490378,2490378,4028193,527633,nan,nan,nan,nan,0,831,12,2,12,2,1,0,0,0,0,0,0,0,0
392748089,392560363,17592186735495,0.0018517646,0.0569297,0.08934905,0,0.18060802,0.15975069,nan,0.19331972,0.03152769,0.03637576,0.07098129,nan,0.02514132,0.0,2490378,2490378,4028193,527633,nan,nan,nan,nan,0,831,12,2,12,2,1,0,0,0,0,0,0,0,0
392955000,392767257,17592186735495,0.0016414457,0.050478954,0.08217388,0,0.18088037,0.16116665,nan,0.17382756,0.03569532,0.036111206,0.06831019,nan,0.02199812,0.0,2490378,2490378,4028193,527633,nan,nan,nan,nan,0,831,12,2,12,2,1,0,0,0,0,0,0,0,0
393152177,392964298,17592186735495,0.001832866,0.055281807,0.078777835,0,0.18062368,0.16244464,nan,0.15597506,0.037846237,0.03572022,0.0780719,nan,0.010009839,0.0,2490378,2490378,4028193,527633,nan,nan,nan,nan,0,831,12,2,12,2,1,0,0,0,0,0,0,0,0
393349087,393161340,17592186735495,0.0012440209,0.04760458,0.064128995,0,0.17873237,0.16285592,nan,0.12965776,0.04242526,0.03446644,0.35156485,nan,0.020349616,0.0,2490378,2490378,4028193,527633,nan,nan,nan,nan,0,831,12,2,12,2,1,0,0,0,0,0,0,0,0
393555985,393368234,17592186735495,0.000831157,0.03232488,0.04492357,0,0.17874114,0.16461913,nan,0.11585413,0.04067106,0.030626446,0.50545645,nan,0.025109036,0.0,2490378,2490378,4028193,527633,nan,nan,nan,nan,0,831,12,2,12,2,1,0,0,0,0,0,0,0,0
393753111,393565275,17592186735495,0.0010056886,0.066257,0.062011067,0,0.17708357,0.16509572,nan,0.123845704,0.040055722,0.025910767,0.5753774,nan,0.020801676,0.0,2490378,2490378,4028193,527633,nan,nan,nan,nan,0,831,12,2,12,2,1,0,0,0,0,0,0,0,0
393950182,393762318,17592186735495,0.0009793333,0.043814916,0.04924329,0,0.17554525,0.16572705,nan,0.10463575,0.03752912,0.021530487,0.424037,nan,0.01829892,0.0,2490378,2490378,4028193,527633,nan,nan,nan,nan,0,831,12,2,12,2,1,0,0,0,0,0,0,0,0
394147087,393959358,17592186735495,0.00075032894,0.026766231,0.043704547,0,0.17418276,0.1661939,nan,0.09661146,0.032859035,0.016246654,0.3910861,nan,0.016008722,0.0,2490378,2490378,4028193,527633,nan,nan,nan,nan,0,831,12,2,12,2,1,0,0,0,0,0,0,0,0
394354013,394166252,17592186735495,0.00025699355,0.026065156,0.04738909,0,0.17350958,0.16729397,nan,0.09135005,0.03252289,0.00896831,0.33323526,nan,0.014923389,0.0,2490378,2490378,4028193,527633,nan,nan,nan,nan,0,831,12,2,12,2,1,0,0,0,0,0,0,0,0
394551053,394363293,17592186735495,0.0005726524,0.029174997,0.04843442,0,0.17247798,0.16750108,nan,0.088370696,0.027829956,0.018423764,0.2982271,nan,0.029483398,0.0,2490378,2490378,4028193,527633,nan,nan,nan,nan,0,831,12,2,12,2,1,0,0,0,0,0,0,0,0
394758062,394570186,17592186735495,0.0012218904,0.035706356,0.05113114,0,0.17233048,0.16850471,nan,0.07703428,0.024151936,0.022660553,0.25734645,nan,0.042165976,0.0,2490378,2490378,4028193,527633,nan,nan,nan,nan,0,831,12,2,12,2,1,0,0,0,0,0,0,0,0
394955007,394767227,17592186735495,0.00062603655,0.02554679,0.04532414,0,0.17157492,0.16849345,nan,0.07735183,0.020891061,0.02423021,0.24944213,nan,0.046391908,0.0,2490378,2490378,4028193,527633,nan,nan,nan,nan,0,831,12,2,12,2,1,0,0,0,0,0,0,0,0
395152017,394964268,17592186735495,0.00052583526,0.022938063,0.040389825,0,0.17086206,0.1685297,nan,0.09879929,0.019814312,0.0257691,0.23693308,nan,0.045574952,0.0,2490378,2490378,4028193,527633,nan,nan,nan,nan,0,831,12,2,12,2,1,0,0,0,0,0,0,0,0
395349091,395161310,17592186735495,0.0010527502,0.034219645,0.054592602,0,0.1701242,0.16823599,nan,0.13719274,0.025219036,0.025027886,0.3872022,nan,0.03674976,0.0,2490378,2490378,4028193,527633,nan,nan,nan,nan,0,831,12,2,12,2,1,0,0,0,0,0,0,0,0
395556148,395368202,17592186735495,0.000794725,0.019684168,0.037857,0,0.17030127,0.16882135,nan,0.13344371,0.021801965,0.025209382,0.36376628,nan,0.030833036,0.0,2490378,2490378,4028193,527633,nan,nan,nan,nan,0,831,12,2,12,2,1,0,0,0,0,0,0,0,0
395753017,395565243,17592186735495,0.000684212,0.019951059,0.029397843,0,0.16991225,0.16859679,nan,0.12674643,0.019903585,0.024066463,0.32731736,nan,0.02178065,0.0,2490378,2490378,4028193,527633,nan,nan,nan,nan,0,831,12,2,12,2,1,0,0,0,0,0,0,0,0
395950065,395762284,17592186735495,0.001089171,0.019969376,0.027441714,0,0.16957495,0.16855548,nan,0.093634956,0.018288376,0.02192641,0.28386036,nan,0.018551497,0.0,2490378,2490378,4028193,527633,nan,nan,nan,nan,0,831,12,2,12,2,1,0,0,0,0,0,0,0,0
396156983,395969177,17592186735495,0.00027337676,0.0175457,0.024882795,0,0.16993357,0.16882347,nan,0.11556397,0.0159674,0.022546435,0.3162081,nan,0.044347282,0.0,2490378,2490378,4028193,527633,nan,nan,nan,nan,0,831,12,2,12,2,1,0,0,0,0,0,0,0,0
396354112,396166217,17592186735495,0.00018981994,0.0113525195,0.019674418,0,0.16947949,0.16850536,nan,0.102939606,0.018814428,0.025606863,0.2746983,nan,0.046173114,0.0,2490378,2490378,4028193,527633,nan,nan,nan,nan,0,831,12,2,12,2,1,0,0,0,0,0,0,0,0
396551004,396363258,17592186735495,0.0007847765,0.010120884,0.014791027,0,0.16925757,0.16817611,nan,0.080364496,0.01754771,0.02657284,0.3240554,nan,0.046104703,0.0,2490378,2490378,4028193,527633,nan,nan,nan,nan,0,831,12,2,12,2,1,0,0,0,0,0,0,0,0
396748160,396560298,17592186735495,0.0038705475,0.031520806,0.03309117,0,0.16905801,0.16758274,nan,0.08516109,0.020087296,0.0288287,0.29277435,nan,0.051850576,0.0,2490378,2490378,4028193,527633,nan,nan,nan,nan,0,831,12,2,12,2,1,0,0,0,0,0,0,0,0
396954942,396767191,17592186735495,0.0024985517,0.021843731,0.036096323,0,0.16965194,0.16772434,nan,0.10337936,0.025389181,0.033503633,0.26702124,nan,0.057333983,0.0,2490378,2490378,4028193,527633,nan,nan,nan,nan,0,831,12,2,12,2,1,0,0,0,0,0,0,0,0
397152178,396964231,17592186735495,0.0010461491,0.008556644,0.011574712,0,0.16951074,0.16710539,nan,0.07545588,0.02524819,0.035539202,0.27489835,nan,0.060425106,0.0,2490378,2490378,4028193,527633,nan,nan,nan,nan,0,831,12,2,12,2,1,0,0,0,0,0,0,0,0
397349081,397161271,17592186735495,0.00046495482,0.011406448,0.022283621,0,0.16936797,0.16668275,nan,0.07812483,0.030013632,0.03455598,0.31214952,nan,0.065166585,0.0,2490378,2490378,4028193,527633,nan,nan,nan,nan,0,831,12,2,12,2,1,0,0,0,0,0,0,0,0
397555990,397368163,17592186735495,0.0027496358,0.024201833,0.028211972,0,0.16993153,0.16672078,nan,0.078819506,0.037575766,0.03309217,0.32986307,nan,0.07319732,0.0,2490378,2490378,4028193,527633,nan,nan,nan,nan,0,831,12,2,12,2,1,0,0,0,0,0,0,0,0
397752974,397565203,17592186735495,0.0034668627,0.016153801,0.024782525,0,0.16982388,0.1664348,nan,0.073784865,0.04234545,0.03404496,0.2808967,nan,0.0884463,0.0,2490378,2490378,4028193,527633,nan,nan,nan,nan,0,831,12,2,12,2,1,0,0,0,0,0,0,0,0
397950302,397762243,17592186735495,0.0025167293,0.015411162,0.027353132,0,0.1696511,0.16592978,nan,0.07468846,0.044936135,0.034774475,0.2833765,nan,0.10234566,0.0,2490378,2490378,4028193,527633,nan,nan,nan,nan,0,831,12,2,12,2,1,0,0,0,0,0,0,0,0
398147057,397959283,17592186735495,0.0026990708,0.027491808,0.034657355,0,0.16938378,0.16556166,nan,0.13274848,0.045416858,0.038841877,0.3240452,nan,0.11579671,0.0,2490378,2490378,4028193,527633,nan,nan,nan,nan,0,831,12,2,12,2,1,0,0,0,0,0,0,0,0
398353985,398166174,17592186735495,0.0011348645,0.008229581,0.016035331,0,0.16970304,0.1654229,nan,0.039207157,0.042521406,0.038834076,0.29692703,nan,0.1312027,0.0,2490378,2490378,4028193,527633,nan,nan,nan,nan,0,831,12,2,12,2,1,0,0,0,0,0,0,0,0
398550994,398363214,17592186735495,0.0009825184,0.010408424,0.012928651,0,0.16950393,0.16497412,nan,0.06337449,0.04480951,0.038554613,0.26602384,nan,0.13134065,0.0,2490378,2490378,4028193,527633,nan,nan,nan,nan,0,831,12,2,12,2,1,0,0,0,0,0,0,0,0
398758175,398570106,17592186735495,0.00062356744,0.006008895,0.0025712925,0,0.16995953,0.16478458,nan,0.046085004,0.046226308,0.037047107,0.26486778,nan,0.13199532,0.0,2490378,2490378,4028193,527633,nan,nan,nan,nan,0,831,12,2,12,2,1,0,0,0,0,0,0,0,0
398954991,398767145,17592186735495,0.00075813767,0.0029981986,0.00585865,0,0.16966264,0.16424684,nan,0.051228452,0.047489226,0.035732992,0.23752153,nan,0.1307818,0.0,2490378,2490378,4028193,527633,nan,nan,nan,nan,0,831,12,2,12,2,1,0,0,0,0,0,0,0,0
399152023,398964185,17592186735495,0.00070642086,0.009348767,0.015394114,0,0.16934283,0.16354944,nan,0.03364547,0.04542687,0.036186166,0.25580743,nan,0.1373798,0.0,2490378,2490378,4028193,527633,nan,nan,nan,nan,0,831,12,2,12,2,1,0,0,0,0,0,0,0,0
399348994,399161224,17592186735495,0.00054802763,0.013564798,0.023491142,0,0.16892427,0.16309755,nan,0.047524936,0.03972408,0.03447998,0.22966157,nan,0.14675714,0.0,2490378,2490378,4028193,527633,nan,nan,nan,nan,0,831,12,2,12,2,1,0,0,0,0,0,0,0,0
399556247,399368115,17592186735495,0.0005189359,0.015468792,0.025555318,0,0.16934994,0.16321832,nan,0.044561964,0.037735973,0.031761173,0.21728897,nan,0.15878907,0.0,2490378,2490378,4028193,527633,nan,nan,nan,nan,0,831,12,2,12,2,1,0,0,0,0,0,0,0,0
399753001,399565155,17592186735495,0.001051946,0.0200426,0.03412951,0,0.16913855,0.16311187,nan,0.10962619,0.03530083,0.028180016,0.20222853,nan,0.16547413,0.0,2490378,2490378,4028193,527633,nan,nan,nan,nan,0,831,12,2,12,2,1,0,0,0,0,0,0,0,0
399950040,399762195,17592186735495,0.0011249279,0.027809186,0.042690217,0,0.16899449,0.16306755,nan,0.15420702,0.033341736,0.02573152,0.0974367,nan,0.16802529,0.0,2490378,2490378,4028193,527633,nan,nan,nan,nan,0,831,12,2,12,2,1,0,0,0,0,0,0,0,0
400156884,399969085,17592186735495,0.0014418805,0.017834537,0.03258581,0,0.16946413,0.16342188,nan,0.12884866,0.030118939,0.023366714,0.13851574,nan,0.1742822,0.0,2490378,2490378,4028193,527633,nan,nan,nan,nan,0,831,12,2,12,2,1,0,0,0,0,0,0,0,0
400354142,400166124,17592186735495,0.0008571813,0.010397105,0.019491296,0,0.16914111,0.16342184,nan,0.108864,0.027904645,0.019544885,0.14800455,nan,0.1717738,0.0,2490378,2490378,4028193,527633,nan,nan,nan,nan,0,831,12,2,12,2,1,0,0,0,0,0,0,0,0
400550952,400363164,17592186735495,0.0010091926,0.024121828,0.04008502,0,0.16899224,0.16332735,nan,0.13127586,0.0269658,0.01751478,0.1317864,nan,0.17138866,0.0,2490378,2490378,4028193,527633,nan,nan,nan,nan,0,831,12,2,12,2,1,0,0,0,0,0,0,0,0
400748015,400560203,17592186735495,0.00087054865,0.014347102,0.031514794,0,0.1688255,0.16343406,nan,0.093337,0.026563242,0.011605545,0.18790026,nan,0.1725259,0.0,2490378,2490378,4028193,527633,nan,nan,nan,nan,0,831,12,2,12,2,1,0,0,0,0,0,0,0,0
400954860,400767094,17592186735495,0.0010462605,0.016790446,0.031495485,0,0.16927549,0.16385956,nan,0.068900526,0.025872964,0.008130669,0.17322856,nan,0.17382702,0.0,2490378,2490378,4028193,527633,nan,nan,nan,nan,0,831,12,2,12,2,1,0,0,0,0,0,0,0,0
401152126,400964133,17592186735495,0.0019266256,0.017997438,0.0247958,0,0.16910328,0.16389365,nan,0.12148359,0.024581444,0.0040858043,0.1645086,nan,0.17170782,0.0,2490378,2490378,4028193,527633,nan,nan,nan,nan,0,831,12,2,12,2,1,0,0,0,0,0,0,0,0
401358825,401171024,17592186735495,0.0012725429,0.012747828,0.01956578,0,0.16946748,0.1641369,nan,0.07473477,0.020957626,0.0070746783,0.16046058,nan,0.16132455,0.0,2490378,2490378,4028193,527633,nan,nan,nan,nan,0,831,12,2,12,2,1,0,0,0,0,0,0,0,0
401555902,401368064,17592186735495,0.0011603612,0.016620489,0.025538621,0,0.16921653,0.164116,nan,0.07523353,0.022083785,0.011801826,0.26598123,nan,0.1568812,0.0,2490378,2490378,4028193,527633,nan,nan,nan,nan,0,831,12,2,12,2,1,0,0,0,0,0,0,0,0
401752863,401565102,17592186735495,0.0010802209,0.013139627,0.024579996,0,0.16890961,0.16388674,nan,0.0889634,0.024393113,0.020070083,0.22804466,nan,0.1578804,0.0,2490378,2490378,4028193,527633,nan,nan,nan,nan,0,831,12,2,12,2,1,0,0,0,0,0,0,0,0
401950276,401762141,17592186735495,0.00064583373,0.011320704,0.03214852,0,0.16863784,0.1638326,nan,0.07990093,0.025915341,0.023868486,0.14367898,nan,0.18491398,0.0,2490378,2490378,4028193,527633,nan,nan,nan,nan,0,831,12,2,12,2,1,0,0,0,0,0,0,0,0
402156815,401969032,17592186735495,0.000642912,0.008051155,0.02519878,0,0.16907147,0.16418348,nan,0.06942463,0.02782856,0.029046804,0.23723744,nan,0.20447361,0.0,2490378,2490378,4028193,527633,nan,nan,nan,nan,0,831,12,2,12,2,1,0,0,0,0,0,0,0,0
402353910,402166071,17592186735495,0.00096582255,0.023330456,0.041412085,0,0.16871808,0.16410923,nan,0.085534334,0.026143234,0.032357246,0.19919758,nan,0.2261405,0.0,2490378,2490378,4028193,527633,nan,nan,nan,nan,0,831,12,2,12,2,1,0,0,0,0,0,0,0,0
402550943,402363110,17592186735495,0.0014797797,0.013643474,0.024701772,0,0.1684939,0.16385503,nan,0.11464798,0.023797842,0.03321024,0.19899124,nan,0.23134893,0.0,2490378,2490378,4028193,527633,nan,nan,nan,nan,0,831,12,2,12,2,1,0,0,0,0,0,0,0,0
402758009,402570001,17592186735495,0.0009880258,0.015280934,0.020000026,0,0.16901885,0.16425642,nan,0.117235065,0.021537958,0.031840898,0.10691908,nan,0.21979554,0.0,2490378,2490378,4028193,527633,nan,nan,nan,nan,0,831,12,2,12,2,1,0,0,0,0,0,0,0,0
402954834,402767040,17592186735495,0.0013859068,0.011890043,0.022416655,0,0.16884401,0.16390298,nan,0.09744405,0.020182375,0.031834517,0.053784512,nan,0.2028566,0.0,2490378,2490378,4028193,527633,nan,nan,nan,nan,0,831,12,2,12,2,1,0,0,0,0,0,0,0,0
403151900,402964078,17592186735495,0.0012061907,0.016657846,0.026381863,0,0.16857399,0.16362713,nan,0.13102695,0.0179227,0.031523958,0.5711568,nan,0.18010347,0.0,2490378,2490378,4028193,527633,nan,nan,nan,nan,0,831,12,2,12,2,1,0,0,0,0,0,0,0,0
403348925,403161117,17592186735495,0.0012519654,0.011845388,0.01878073,0,0.16819455,0.16323814,nan,0.06404398,0.014959092,0.029378884,0.48070768,nan,0.15897925,0.0,2490378,2490378,4028193,527633,nan,nan,nan,nan,0,831,12,2,12,2,1,0,0,0,0,0,0,0,0
403556024,403368008,17592186735495,0.00028297954,0.0050580963,0.007719516,0,0.16873579,0.16319405,nan,0.057392124,0.013638895,0.029482221,0.39996096,nan,0.1305927,0.0,2490378,2490378,4028193,527633,nan,nan,nan,nan,0,831,12,2,12,2,1,0,0,0,0,0,0,0,0
403752806,403565046,17592186735495,0.00041533186,0.007017853,0.009973424,0,0.16856675,0.16280064,nan,0.0930223,0.015748123,0.027648358,0.32769173,nan,0.12613302,0.0,2490378,2490378,4028193,527633,nan,nan,nan,nan,0,831,12,2,12,2,1,0,0,0,0,0,0,0,0
403949943,403762084,17592186735495,0.0014337306,0.011474866,0.0173382,0,0.16844568,0.16218616,nan,0.105965205,0.019626431,0.026243221,0.2659269,nan,0.13809648,0.0,2490378,2490378,4028193,527633,nan,nan,nan,nan,0,831,12,2,12,2,1,0,0,0,0,0,0,0,0
404156820,403968974,17592186735495,0.0003299421,0.0044068666,0.007121722,0,0.16903277,0.16217312,nan,0.09253387,0.021827035,0.026500583,0.22040288,nan,0.17686833,0.0,2490378,2490378,4028193,527633,nan,nan,nan,nan,0,831,12,2,12,2,1,0,0,0,0,0,0,0,0
404354049,404166012,17592186735495,0.0002967276,0.0051525584,0.01309241,0,0.16880827,0.16145058,nan,0.15034746,0.020860229,0.026937574,0.16285722,nan,0.19531354,0.0,2490378,2490378,4028193,527633,nan,nan,nan,nan,0,831,12,2,12,2,1,0,0,0,0,0,0,0,0
404550847,404363050,17592186735495,0.0010479301,0.012617836,0.017310403,0,0.16867907,0.16094714,nan,0.13343269,0.033919994,0.028901028,0.13168369,nan,0.21022236,0.0,2490378,2490378,4028193,527633,nan,nan,nan,nan,0,831,12,2,12,2,1,0,0,0,0,0,0,0,0
404747913,404560088,17592186735495,0.0006748101,0.0038838603,0.010612958,0,0.16864605,0.16029032,nan,0.11650566,0.043189224,0.03092727,0.08994065,nan,0.21409194,0.0,2490378,2490378,4028193,527633,nan,nan,nan,nan,0,831,12,2,12,2,1,0,0,0,0,0,0,0,0
404954730,404766978,17592186735495,0.0024317533,0.015852058,0.024813756,0,0.16929127,0.16023766,nan,0.09343437,0.049747676,0.036228582,0.041990723,nan,0.19373499,0.0,2490378,2490378,4028193,527633,nan,nan,nan,nan,0,831,12,2,12,2,1,0,0,0,0,0,0,0,0
405152066,404964016,17592186735495,0.002390044,0.017446673,0.031005189,0,0.1691514,0.15959412,nan,0.10034565,0.0552381,0.04238768,0.12551461,nan,0.170391,0.0,2490378,2490378,4028193,527633,nan,nan,nan,nan,0,831,12,2,12,2,1,0,0,0,0,0,0,0,0
405348854,405161053,17592186735495,0.0005842103,0.013952063,0.027789619,0,0.16879833,0.15905209,nan,0.10332278,0.04876739,0.043515377,0.14527108,nan,0.15046105,0.0,2490378,2490378,4028193,527633,nan,nan,nan,nan,0,831,12,2,12,2,1,0,0,0,0,0,0,0,0
405555793,405367943,17592186735495,0.001035578,0.013680833,0.026253244,0,0.16945949,0.1588816,nan,0.12198226,0.051634617,0.04380752,0.18921615,nan,0.1313848,0.0,2490378,2490378,4028193,527633,nan,nan,nan,nan,0,831,12,2,12,2,1,0,0,0,0,0,0,0,0
405752776,405564980,17592186735495,0.003203162,0.018885942,0.026455,0,0.16935158,0.15846139,nan,0.057559356,0.051721465,0.046664037,0.17962077,nan,0.10122297,0.0,2490378,2490378,4028193,527633,nan,nan,nan,nan,0,831,12,2,12,2,1,0,0,0,0,0,0,0,0
405950134,405762017,17592186735495,0.0007071407,0.015095991,0.012711022,0,0.16921307,0.15790632,nan,0.103136465,0.050974324,0.047437392,0.22995928,nan,0.08845059,0.0,2490378,2490378,4028193,527633,nan,nan,nan,nan,0,831,12,2,12,2,1,0,0,0,0,0,0,0,0
406156767,405968906,17592186735495,0.00380436,0.02441317,0.025066972,0,0.1698787,0.15798591,nan,0.11168548,0.05258281,0.04555178,0.36208993,nan,0.077486575,0.0,2490378,2490378,4028193,527633,nan,nan,nan,nan,0,831,12,2,12,2,1,0,0,0,0,0,0,0,0
406353826,406165943,17592186735495,0.0031637703,0.02223685,0.023404388,0,0.16954385,0.15742093,nan,0.08559466,0.06491061,0.04346614,0.36945614,nan,0.06629823,0.0,2490378,2490378,4028193,527633,nan,nan,nan,nan,0,831,12,2,12,2,1,0,0,0,0,0,0,0,0
406550751,406362980,17592186735495,0.0016044962,0.014829763,0.0144417025,0,0.16951492,0.1571656,nan,0.08615275,0.055859536,0.043241795,0.3715484,nan,0.024371177,0.0,2490378,2490378,4028193,527633,nan,nan,nan,nan,0,831,12,2,12,2,1,0,0,0,0,0,0,0,0
406748057,406560016,17592186735495,0.0016685753,0.024733115,0.026357776,0,0.16931976,0.15688358,nan,0.10442112,0.04718113,0.042066287,0.37495127,nan,0.01567759,0.0,2490378,2490378,4028193,527633,nan,nan,nan,nan,0,831,12,2,12,2,1,0,0,0,0,0,0,0,0
406954652,406766905,17592186735495,0.0005703491,0.016560292,0.02176564,0,0.16987136,0.15689088,nan,0.08663642,0.045416962,0.04305346,0.37072924,nan,0.04887718,0.0,2490378,2490378,4028193,527633,nan,nan,nan,nan,0,831,12,2,12,2,1,0,0,0,0,0,0,0,0
407151822,406963941,17592186735495,0.0045467787,0.04538994,0.041052535,0,0.16962382,0.15663017,nan,0.11869743,0.044076357,0.048237093,0.33007658,nan,0.09269627,0.0,2490378,2490378,4028193,527633,nan,nan,nan,nan,0,831,12,2,12,2,1,0,0,0,0,0,0,0,0
407348785,407160977,17592186735495,0.0030099659,0.03157245,0.033427577,0,0.16918859,0.15615477,nan,0.11449269,0.062254086,0.050491795,0.33820364,nan,0.12007799,0.0,2490378,2490378,4028193,527633,nan,nan,nan,nan,0,831,12,2,12,2,1,0,0,0,0,0,0,0,0
407555592,407367865,17592186735495,0.0011667948,0.021019116,0.026742462,0,0.16965605,0.15633115,nan,0.113825254,0.052939147,0.052281585,0.2974372,nan,0.14121863,0.0,2490378,2490378,4028193,527633,nan,nan,nan,nan,0,831,12,2,12,2,1,0,0,0,0,0,0,0,0
407752646,407564901,17592186735495,0.0006204852,0.01583298,0.01937571,0,0.16935742,0.155942,nan,0.11660878,0.048072796,0.052318845,0.27236554,nan,0.17095743,0.0,2490378,2490378,4028193,527633,nan,nan,nan,nan,0,831,12,2,12,2,1,0,0,0,0,0,0,0,0
407949876,407761937,17592186735495,0.0029443037,0.028439432,0.025249714,0,0.16900726,0.15572074,nan,0.10882124,0.044247665,0.05295287,0.30457518,nan,0.19624722,0.0,2490378,2490378,4028193,527633,nan,nan,nan,nan,0,831,12,2,12,2,1,0,0,0,0,0,0,0,0
408146741,407958973,17592186735495,0.0040904097,0.030640429,0.031419206,0,0.16871744,0.15538003,nan,0.12597114,0.040511418,0.049850043,0.25695774,nan,0.20226792,0.0,2490378,2490378,4028193,527633,nan,nan,nan,nan,0,831,12,2,12,2,1,0,0,0,0,0,0,0,0
408353582,408165861,17592186735495,0.004917819,0.036821544,0.03629758,0,0.16895743,0.15556948,nan,0.22132356,0.0565783,0.045766477,0.21602646,nan,0.20779236,0.0,2490378,2490378,4028193,527633,nan,nan,nan,nan,0,831,12,2,12,2,1,0,0,0,0,0,0,0,0
408550682,408362896,17592186735495,0.0033031239,0.035219897,0.029513706,0,0.16863467,0.15526089,nan,0.17452306,0.053319357,0.042940613,0.17150085,nan,0.21489964,0.0,2490378,2490378,4028193,527633,nan,nan,nan,nan,0,831,12,2,12,2,1,0,0,0,0,0,0,0,0
408757519,408569784,17592186735495,0.002414294,0.02276909,0.027349954,0,0.16903517,0.15555407,nan,0.16516583,0.048075195,0.03599884,0.18525174,nan,0.19855057,0.0,2490378,2490378,4028193,527633,nan,nan,nan,nan,0,831,12,2,12,2,1,0,0,0,0,0,0,0,0
408954571,408766819,17592186735495,0.0007298205,0.02353646,0.025072021,0,0.16882251,0.15530217,nan,0.12835726,0.045399442,0.02880812,0.15673879,nan,0.18450254,0.0,2490378,2490378,4028193,527633,nan,nan,nan,nan,0,831,12,2,12,2,1,0,0,0,0,0,0,0,0
409151613,408963855,17592186735495,0.001278939,0.012759912,0.020742288,0,0.1685907,0.15521295,nan,0.13858384,0.043183584,0.024212591,0.1346843,nan,0.17717594,0.0,2490378,2490378,4028193,527633,nan,nan,nan,nan,0,831,12,2,12,2,1,0,0,0,0,0,0,0,0
409348677,409160890,17592186735495,0.0019291096,0.030184204,0.03011526,0,0.16835482,0.1549699,nan,0.11447756,0.03861264,0.019629922,0.121719286,nan,0.16925706,0.0,2490378,2490378,4028193,527633,nan,nan,nan,nan,0,831,12,2,12,2,1,0,0,0,0,0,0,0,0
409555508,409367777,17592186735495,0.002262708,0.037811395,0.044502612,0,0.1697831,0.15561655,nan,0.07479056,0.038295843,0.014048659,0.10329541,nan,0.16223638,0.0,2490378,2490378,4028193,527633,nan,nan,nan,nan,0,831,12,2,12,2,1,0,0,0,0,0,0,0,0
409752557,409564811,17592186735495,0.0018563438,0.035859164,0.039581083,0,0.1700602,0.15557559,nan,0.06534534,0.037061334,0.016029932,0.14190394,nan,0.15614243,0.0,2490378,2490378,4028193,527633,nan,nan,nan,nan,0,831,12,2,12,2,1,0,0,0,0,0,0,0,0
409949571,409761846,17592186735495,0.0014769348,0.025896577,0.028835036,0,0.17069398,0.15594262,nan,0.06523067,0.0355217,0.010480248,0.12137339,nan,0.15602802,0.0,2490378,2490378,4028193,527633,nan,nan,nan,nan,0,831,12,2,12,2,1,0,0,0,0,0,0,0,0
410156502,409968733,17592186735495,0.00081955077,0.02445357,0.030837502,0,0.17221291,0.15677533,nan,0.067720756,0.04043749,0.0075688004,0.098052494,nan,0.15847333,0.0,2490378,2490378,4028193,527633,nan,nan,nan,nan,0,831,12,2,12,2,1,0,0,0,0,0,0,0,0
410353528,410165767,17592186735495,0.0013709383,0.01527322,0.018960832,0,0.17186098,0.15698713,nan,0.13266085,0.030760154,0.015104779,0.110675886,nan,0.14955908,0.0,2490378,2490378,4028193,527633,nan,nan,nan,nan,0,831,12,2,12,2,1,0,0,0,0,0,0,0,0
410550523,410362801,17592186735495,0.0010606869,0.018226957,0.025511164,0,0.17144364,0.15719181,nan,0.16501509,0.031715333,0.015609404,0.07805071,nan,0.13616052,0.0,2490378,2490378,4028193,527633,nan,nan,nan,nan,0,831,12,2,12,2,1,0,0,0,0,0,0,0,0
410747568,410559836,17592186735495,0.0013406667,0.033408217,0.03254104,0,0.17084925,0.15717201,nan,0.15758017,0.0313583,0.014090292,0.07498008,nan,0.121279135,0.0,2490378,2490378,4028193,527633,nan,nan,nan,nan,0,831,12,2,12,2,1,0,0,0,0,0,0,0,0
410954467,410766722,17592186735495,0.0008774304,0.009839047,0.005053116,0,0.17099838,0.1577627,nan,0.13349284,0.03330874,0.014450999,0.04530802,nan,0.10947108,0.0,2490378,2490378,4028193,527633,nan,nan,nan,nan,0,831,12,2,12,2,1,0,0,0,0,0,0,0,0
411151489,410963756,17592186735495,0.0015523621,0.017476326,0.013409358,0,0.17043148,0.15770148,nan,0.16084297,0.033790804,0.010309054,0.11607522,nan,0.11731328,0.0,2490378,2490378,4028193,527633,nan,nan,nan,nan,0,831,12,2,12,2,1,0,0,0,0,0,0,0,0
411358366,411170642,17592186735495,0.00021679277,0.021139344,0.025745157,0,0.17041495,0.15817107,nan,0.11841467,0.031403273,0.0113551505,0.030238636,nan,0.14001113,0.0,2490378,2490378,4028193,527633,nan,nan,nan,nan,0,831,12,2,12,2,1,0,0,0,0,0,0,0,0
411555428,411367676,17592186735495,0.0006799887,0.016622541,0.026572667,0,0.1698368,0.15806773,nan,0.103467606,0.03354904,0.01889992,0.10112554,nan,0.15058997,0.0,2490378,2490378,4028193,527633,nan,nan,nan,nan,0,831,12,2,12,2,1,0,0,0,0,0,0,0,0
411752433,411564710,17592186735495,0.0005356551,0.0120451115,0.020164944,0,0.16933008,0.15811156,nan,0.08938478,0.031440046,0.020922694,0.08004546,nan,0.16327696,0.0,2490378,2490378,4028193,527633,nan,nan,nan,nan,0,831,12,2,12,2,1,0,0,0,0,0,0,0,0
411949443,411761744,17592186735495,0.0010579986,0.029399456,0.043098975,0,0.16875042,0.15793377,nan,0.13773692,0.029572077,0.024237126,0.07903762,nan,0.1648455,0.0,2490378,2490378,4028193,527633,nan,nan,nan,nan,0,831,12,2,12,2,1,0,0,0,0,0,0,0,0
412156374,411968630,17592186735495,0.00077668,0.021050757,0.036450718,0,0.1694594,0.15861374,nan,0.12403963,0.0281188,0.029798716,0.088337496,nan,0.17550841,0.0,2490378,2490378,4028193,527633,nan,nan,nan,nan,0,831,12,2,12,2,1,0,0,0,0,0,0,0,0
412353454,412165664,17592186735495,0.0008877093,0.0132558085,0.024330307,0,0.16899684,0.15842138,nan,0.107468955,0.04708432,0.031574026,0.07646177,nan,0.15579063,0.0,2490378,2490378,4028193,527633,nan,nan,nan,nan,0,831,12,2,12,2,1,0,0,0,0,0,0,0,0
412550429,412362697,17592186735495,0.00016009794,0.005830638,0.01314416,0,0.1689229,0.15852475,nan,0.07049055,0.04182506,0.026913071,0.11148629,nan,0.13840942,0.0,2490378,2490378,4028193,527633,nan,nan,nan,nan,0,831,12,2,12,2,1,0,0,0,0,0,0,0,0
412757382,412569582,17592186735495,0.0004788586,0.015529995,0.019613067,0,0.16906273,0.15870634,nan,0.080824,0.036199182,0.025040407,0.17514607,nan,0.12469613,0.0,2490378,2490378,4028193,527633,nan,nan,nan,nan,0,831,12,2,12,2,1,0,0,0,0,0,0,0,0
412954347,412766616,17592186735495,0.0019482955,0.11592313,0.025775386,0,0.16854939,0.15846491,nan,0.12088803,0.032460045,0.035451837,0.68003875,nan,0.110887356,0.0,2490378,2490378,4028193,527633,nan,nan,nan,nan,0,831,12,2,12,2,1,0,0,0,0,0,0,0,0
413151402,412963649,17592186735495,0.0015596403,0.039557584,0.011365774,0,0.17255841,0.1595633,nan,0.13745117,0.013468974,0.048870683,0.77125734,nan,0.60311747,0.0,2490378,2490378,4028193,527633,nan,nan,nan,nan,0,831,12,2,12,2,1,0,0,0,0,0,0,0,0
413348394,413160683,17592186735495,0.0017373051,0.078083925,0.07848238,0,0.17816705,0.16138846,nan,0.71192443,0.085176565,0.04546906,0.73710084,nan,0.586798,0.0,2490378,2490378,4028193,527633,nan,nan,nan,nan,0,1855,12,2,12,2,1,0,0,0,1,0,0,0,0
413555357,413367568,17592186735495,0.0021700498,0.08604322,0.1543397,0,0.1861411,0.16407825,nan,0.8862761,0.2414255,0.089354366,0.4677373,nan,0.51672214,0.0,2490378,2490378,4028193,527633,nan,nan,nan,nan,0,1855,12,2,12,2,1,0,0,0,1,0,0,0,0
413752309,413564602,17592186735495,0.004211455,0.16712591,0.28914723,0,0.19378704,0.16640165,nan,0.92459047,0.40434408,0.13307993,1.2066244,nan,0.46926188,0.0,2490378,2490378,4028193,527633,nan,nan,nan,nan,0,1855,12,2,12,2,1,0,0,0,1,0,0,0,0
413949380,413761636,17592186735495,0.004746916,0.20122007,0.38803568,0,0.20201056,0.16880944,nan,1.3940436,0.56660026,0.17635572,1.4823219,nan,0.37029925,0.0,2490378,2490378,4028193,527633,nan,nan,nan,nan,0,1855,12,2,12,2,1,0,0,1,1,1,0,0,0
414156269,413968521,17592186735495,0.0055455198,0.23155007,0.47307515,0,0.21051925,0.17145938,nan,1.6491896,0.7131617,0.21987833,1.582427,nan,0.32523188,0.0,2490378,2490378,4028193,527633,nan,nan,nan,nan,0,1855,12,2,12,2,1,0,0,1,1,1,0,0,0
414353281,414165556,17592186735495,0.0027894545,0.112202846,0.30506814,0,0.234646,0.17347814,nan,1.7272856,0.8570439,0.25992018,1.7293122,nan,0.2858854,0.0,2490378,2490378,4028193,527633,nan,nan,nan,nan,0,1855,12,2,12,2,1,0,0,1,1,1,0,0,0
414550330,414362590,17592186735495,0.00089308544,0.08102798,0.25911278,0,0.26083338,0.17517014,nan,1.7953806,1.0246483,0.29439723,1.8164095,nan,0.25133044,0.0,2490378,2490378,4028193,527633,nan,nan,nan,nan,0,1855,12,2,12,2,1,0,0,1,1,1,0,0,0
414747350,414559624,17592186735495,0.00045021632,0.08264611,0.25882766,0,0.28896317,0.17678727,nan,1.8236482,1.207222,0.3221629,1.867343,nan,0.19449697,0.0,2490378,2490378,4028193,527633,nan,nan,nan,nan,0,1855,12,2,12,2,1,0,0,1,1,1,0,0,0
414954252,414766510,17592186735495,0.00048258653,0.08367675,0.2559951,0,0.32051104,0.17850485,nan,1.843713,1.3876189,0.345415,1.9014829,nan,0.17123537,0.0,2490378,2490378,4028193,527633,nan,nan,nan,nan,0,1855,12,2,12,2,1,0,0,1,1,1,0,0,0
415151299,414963544,17592723606407,0.0005540786,0.08460686,0.25931782,0,0.35242426,0.17953485,nan,1.847112,1.578467,0.36585256,1.9256349,nan,0.15075426,0.0,2490378,2490378,4028193,527633,nan,nan,nan,nan,0,1855,12,2,12,2,1,0,0,1,1,1,0,0,0
415358154,415170431,17592723606407,0.0006112788,0.082050286,0.25312504,0,0.38788497,0.18058328,nan,1.8420733,1.7576414,0.3806874,1.9398264,nan,0.11699075,0.0,2490378,2490378,4028193,527633,nan,nan,nan,nan,0,1855,12,2,12,2,1,0,0,1,1,1,0,0,0
415555192,415367465,17592723606407,0.0006449226,0.074869454,0.23107627,0,0.42351693,0.18117051,nan,1.8324847,1.9272404,0.38963556,1.9551475,nan,0.103062905,0.0,2490378,2490378,4028193,527633,nan,nan,nan,nan,0,1855,12,2,12,2,1,0,0,1,1,1,0,0,0
415752223,415564500,17592723606407,0.00065597513,0.07062178,0.2187346,0,0.460979,0.18130073,nan,1.8147502,2.0,0.39649895,1.9731292,nan,0.090867974,0.0,2490378,2490378,4028193,527633,nan,nan,nan,nan,0,1855,12,2,12,2,1,0,0,1,1,1,0,0,0
415949277,415761534,17592723606407,0.00066093885,0.064711705,0.19890858,0,0.50030446,0.18148896,nan,1.7971249,2.0,0.39952832,1.985786,nan,0.08014925,0.0,2490378,2490378,4028193,527633,nan,nan,nan,nan,0,1855,12,2,12,2,1,0,0,1,1,1,0,0,0
416156186,415968421,17592723606407,0.0006584106,0.056333102,0.16744742,0,0.54364055,0.1818748,nan,1.77318,2.0,0.39957172,1.9948825,nan,0.06272626,0.0,2490378,2490378,4028193,527633,nan,nan,nan,nan,0,1855,12,2,12,2,1,0,0,1,1,1,0,0,0
416353216,416165456,17592723606407,0.0004899796,0.04160448,0.08164516,0,0.5869601,0.18694672,nan,1.7555058,2.0,0.40021345,2.0,nan,0.05584973,0.0,2490378,2490378,4028193,527633,nan,nan,nan,nan,0,1855,12,2,12,2,1,0,0,1,1,1,0,0,0
416550248,416362490,17592723606407,0.0005956826,0.044110756,0.1124219,0,0.63217,0.18589607,nan,1.72774,2.0,0.40011036,2.0,nan,0.049971584,0.0,2490378,2490378,4028193,527633,nan,nan,nan,nan,0,1855,12,2,12,2,1,0,0,1,1,1,0,0,0
416757126,416569377,17592723606407,0.0006623883,0.041323137,0.10476472,0,0.6818304,0.18564515,nan,1.7067567,2.0,0.3954233,2.0,nan,0.045089856,0.0,2490378,2490378,4028193,527633,nan,nan,nan,nan,0,1855,12,2,12,2,1,0,0,1,1,1,0,0,0
416954195,416766412,17592723606407,0.00068910205,0.038623814,0.09635767,0,0.73123837,0.18460815,nan,1.681673,2.0,0.3870235,2.0,nan,0.038332544,0.0,2490378,2490378,4028193,527633,nan,nan,nan,nan,0,1855,12,2,12,2,1,0,0,1,1,1,0,0,0
417151183,416963447,17592723606407,0.0006695978,0.03549137,0.0820537,0,0.78276813,0.18381044,nan,1.6524204,2.0,0.3770014,2.0,nan,0.036663163,0.0,2490378,2490378,4028193,527633,nan,nan,nan,nan,0,1855,12,2,12,2,1,0,0,1,1,0,0,0,0
417348209,417160482,17592723606407,0.0006509517,0.03320417,0.07130227,0,0.8364651,0.18297827,nan,1.628211,2.0,0.36668256,2.0,nan,0.03617515,0.0,2490378,2490378,4028193,527633,nan,nan,nan,nan,0,1855,12,2,12,2,1,0,0,1,1,0,0,0,0
417555198,417367369,17592723082119,0.0006211791,0.030161222,0.04600149,0,0.8952379,0.1825686,nan,1.6024595,2.0,0.35202983,nan,nan,0.039049022,0.0,2490378,2490378,4028193,527633,nan,nan,nan,nan,0,1855,12,2,12,2,1,0,0,1,1,0,0,0,0
417752122,417564404,17592723082119,0.0005848222,0.029473279,0.03989546,0,0.9535345,0.18190767,nan,1.5780693,2.0,0.33741826,nan,nan,0.042365044,0.0,2490378,2490378,4028193,527633,nan,nan,nan,nan,0,1855,12,2,12,2,1,0,0,1,1,0,0,0,0
417949165,417761439,17592723082119,0.00055918813,0.029610792,0.044760358,0,1.0141492,0.18107943,nan,1.556514,2.0,0.32201925,nan,nan,0.046608023,0.0,2490378,2490378,4028193,527633,nan,nan,nan,nan,0,1855,12,2,12,2,1,0,0,1,1,0,0,0,0
418156073,417968326,17592723082119,0.00051399623,0.03184606,0.0636881,0,1.0803533,0.1810677,nan,1.5322058,2.0,0.30690345,nan,nan,0.052070346,0.0,2490378,2490378,4028193,527633,nan,nan,nan,nan,0,1855,12,2,12,2,1,0,0,1,1,0,0,0,0
418353085,418165361,17592723082119,0.00048860005,0.03155105,0.069456674,0,1.145884,0.18024674,nan,1.5113474,2.0,0.29009706,nan,nan,0.06530137,0.0,2490378,2490378,4028193,527633,nan,nan,nan,nan,0,1855,12,2,12,2,1,0,0,1,1,0,0,0,0
418550118,418362396,17592723082119,0.00047067567,0.033278175,0.08363337,0,1.2138932,0.1798027,nan,1.4886109,2.0,0.2733022,nan,nan,0.07351002,0.0,2490378,2490378,4028193,527633,nan,nan,nan,nan,0,1855,12,2,12,2,1,0,0,1,1,0,0,0,0
418757055,418569283,17592723082119,0.0004230708,0.037082057,0.105774656,0,1.2880266,0.17972374,nan,1.4678961,2.0,0.25601876,nan,nan,0.08200767,0.0,2490378,2490378,4028193,527633,nan,nan,nan,nan,0,1855,12,2,12,2,1,0,0,1,1,0,0,0,0
418954065,418766319,17592723082119,0.00038113582,0.039596207,0.12075171,0,1.3612766,0.1794214,nan,1.4500171,2.0,0.23854296,nan,nan,0.09127498,0.0,2490378,2490378,4028193,527633,nan,nan,nan,nan,0,1855,12,2,12,2,1,0,0,1,1,0,0,0,0
419150963,418963354,17592723082119,0.00034205106,0.041195307,0.13139822,0,16.9319,0.17892225,nan,1.4325968,2.0,0.22003677,nan,nan,0.11038967,0.0,2490378,2490378,4028193,527633,nan,nan,nan,nan,0,1829,12,2,12,2,1,0,0,1,1,0,0,0,0
419347976,419160389,17592723082119,0.00031162755,0.04086814,0.13426481,0,17.519054,0.17860174,nan,1.4126983,2.0,0.20402373,nan,nan,0.120923206,0.0,2490378,2490378,4028193,527633,nan,nan,nan,nan,0,1829,12,2,12,2,1,0,0,1,1,0,0,0,0
419554857,419367276,17592723082119,0.0002822755,0.043431126,0.14679623,0,18.163395,0.17869805,nan,1.3956391,2.0,0.1867121,nan,nan,0.13160913,0.0,2490378,2490378,4028193,527633,nan,nan,nan,nan,0,1829,12,2,12,2,1,0,0,1,1,0,0,0,0
419751895,419564312,17592723082119,0.00025093486,0.044617362,0.1534739,0,18.772787,0.17854978,nan,1.3770406,2.0,0.17080118,nan,nan,0.14258659,0.0,2490378,2490378,4028193,527633,nan,nan,nan,nan,0,1829,12,2,12,2,1,0,0,1,1,0,0,0,0
419949060,419761347,17592723082119,0.0002222146,0.04494506,0.15659077,0,19.384872,0.17821808,nan,1.3630419,2.0,0.15580058,nan,nan,0.16553445,0.0,2490378,2490378,4028193,527633,nan,nan,nan,nan,0,1829,12,2,12,2,1,0,0,1,1,0,0,0,0
420155831,419968234,17592723082119,0.00018953408,0.046147436,0.16237418,0,19.993853,0.17868751,nan,1.3435451,2.0,0.1417822,nan,nan,0.17720163,0.0,2490378,2490378,4028193,527633,nan,nan,nan,nan,0,1829,12,2,12,2,1,0,0,1,1,0,0,0,0
420352879,420165270,17592723082119,0.00016709379,0.044557095,0.15812865,0,20.648975,0.17829107,nan,1.3277193,2.0,0.1271248,nan,nan,0.18980342,0.0,2490378,2490378,4028193,527633,nan,nan,nan,nan,0,1829,12,2,12,2,1,0,0,1,1,0,0,0,0
420550004,420362305,17592723082119,0.00015628825,0.043815155,0.1559817,0,21.267685,0.17825116,nan,1.3110414,2.0,0.11602001,nan,nan,0.21591642,0.0,2490378,2490378,4028193,527633,nan,nan,nan,nan,0,1829,12,2,12,2,1,0,0,1,1,0,0,0,0
420746919,420559341,17592186211207,5.4427408e-05,0.029199153,0.36143354,0,2.0765362,0.17692247,nan,0.007834702,2.0,0.10938335,nan,nan,0.32666412,0.0,2490378,2490378,4028193,527633,nan,nan,nan,nan,0,1855,13,3,12,2,1,0,0,1,0,0,0,0,0
420953824,420766228,17592186211207,8.826703e-05,0.050342448,0.21938393,0,2.0774376,0.17792846,nan,0.015821189,2.0,0.10131565,nan,nan,0.47150564,0.0,2490378,2490378,4028193,527633,nan,nan,nan,nan,0,1855,13,3,12,2,1,0,0,1,0,0,0,0,0
421150896,420963264,17592186211207,0.00016174042,0.042322576,0.14911327,0,1.0000739,0.17814203,nan,0.016420368,0.0,0.09450816,nan,nan,0.5554108,0.0,2490378,2490378,4028193,527633,nan,nan,nan,nan,0,831,13,3,13,2,1,0,0,0,0,0,0,0,0
421357734,421170151,17592186211207,0.00027275417,0.04587281,0.14534542,0,0.44774988,0.17865677,nan,0.028373644,0.0014697455,0.09000883,nan,nan,0.63762814,0.0,2490378,2490378,4028193,527633,nan,nan,nan,nan,0,831,13,3,13,2,1,0,0,0,0,0,0,0,0
421554770,421367187,17592186211207,0.00048481126,0.039940275,0.14172736,0,0.33502364,0.17844997,nan,0.025518151,0.0031504277,0.08427673,nan,nan,0.65593964,0.0,2490378,2490378,4028193,527633,nan,nan,nan,nan,0,831,13,3,13,2,1,0,0,0,0,0,0,0,0
421751807,421564223,17592186211207,0.00067858427,0.03876516,0.1395981,0,0.2807756,0.17787479,nan,0.028404929,0.0065717115,0.07887342,nan,nan,0.6634629,0.0,2490378,2490378,4028193,527633,nan,nan,nan,nan,0,831,13,3,13,2,1,0,0,0,0,0,0,0,0
421948861,421761258,17592186211207,0.00086785003,0.042097792,0.13939065,0,0.24821779,0.17739274,nan,0.034733947,0.009386138,0.0738301,nan,nan,0.6637741,0.0,2490378,2490378,4028193,527633,nan,nan,nan,nan,0,831,13,3,13,2,1,0,0,0,0,0,0,0,0
422155750,421968146,17592186211207,0.0010179859,0.039006256,0.13339345,0,0.22692357,0.17723776,nan,0.033584744,0.012786017,0.07012191,nan,nan,0.6471765,0.0,2490378,2490378,4028193,527633,nan,nan,nan,nan,0,831,13,3,13,2,1,0,0,0,0,0,0,0,0
422352810,422165182,17592186211207,0.0012521421,0.03452916,0.121465206,0,0.2117304,0.1763632,nan,0.035889413,0.015941512,0.06659651,nan,nan,0.6329828,0.0,2490378,2490378,4028193,527633,nan,nan,nan,nan,0,831,13,3,13,2,1,0,0,0,0,0,0,0,0
422549841,422362218,17592186211207,0.0014422487,0.033858534,0.11557907,0,0.20085357,0.175276,nan,0.03879611,0.018083714,0.06331746,nan,nan,0.61555266,0.0,2490378,2490378,4028193,527633,nan,nan,nan,nan,0,831,13,3,13,2,1,0,0,0,0,0,0,0,0
422756774,422569105,17592186211207,0.0016274384,0.030089093,0.10441195,0,0.19337974,0.17493387,nan,0.04525635,0.020637006,0.05944127,nan,nan,0.57416,0.0,2490378,2490378,4028193,527633,nan,nan,nan,nan,0,831,13,3,13,2,1,0,0,0,0,0,0,0,0
422953742,422766145,17592186211207,0.0017865711,0.030575018,0.09835261,0,0.18748336,0.17366286,nan,0.04946549,0.02332574,0.056416392,nan,nan,0.55080134,0.0,2490378,2490378,4028193,527633,nan,nan,nan,nan,0,831,13,3,13,2,1,0,0,0,0,0,0,0,0
423150788,422963177,17592186211207,0.0016271649,0.02906575,0.09421585,0,0.18311362,0.17258346,nan,0.045815613,0.025600508,0.054265417,nan,nan,0.5257977,0.0,2490378,2490378,4028193,527633,nan,nan,nan,nan,0,831,13,3,13,2,1,0,0,0,0,0,0,0,0
423347829,423160213,17592186211207,0.0016269755,0.027913343,0.08853983,0,0.17971863,0.1712064,nan,0.044316977,0.027200464,0.05454947,nan,nan,0.50024146,0.0,2490378,2490378,4028193,527633,nan,nan,nan,nan,0,831,13,3,13,2,1,0,0,0,0,0,0,0,0
423554687,423367101,17592186211207,0.0015979875,0.025357839,0.080793,0,0.1778977,0.1706029,nan,0.043656476,0.028686976,0.053424858,nan,nan,0.44799048,0.0,2490378,2490378,4028193,527633,nan,nan,nan,nan,0,831,13,3,13,2,1,0,0,0,0,0,0,0,0
423751780,423564137,17592186211207,0.001469294,0.021228008,0.071975835,0,0.17604844,0.16926774,nan,0.041773997,0.029362002,0.051112905,nan,nan,0.42202407,0.0,2490378,2490378,4028193,527633,nan,nan,nan,nan,0,831,13,3,13,2,1,0,0,0,0,0,0,0,0
423948769,423761173,17592186211207,0.0012308207,0.018834943,0.06516117,0,0.17466266,0.16815715,nan,0.037539653,0.029555883,0.04864488,nan,nan,0.39623645,0.0,2490378,2490378,4028193,527633,nan,nan,nan,nan,0,831,13,3,13,2,1,0,0,0,0,0,0,0,0
424155686,423968062,17592186211207,0.0010229032,0.018197376,0.06269696,0,0.17424703,0.16732508,nan,0.035784807,0.028984496,0.047527693,nan,nan,0.37129426,0.0,2490378,2490378,4028193,527633,nan,nan,nan,nan,0,831,13,3,13,2,1,0,0,0,0,0,0,0,0
424352714,424165097,17592186211207,0.0010396384,0.018196743,0.059408274,0,0.17325592,0.16618715,nan,0.0361806,0.029188523,0.047180157,nan,nan,0.3239971,0.0,2490378,2490378,4028193,527633,nan,nan,nan,nan,0,831,13,3,13,2,1,0,0,0,0,0,0,0,0
424549738,424362134,17592186211207,0.0009617168,0.016963849,0.055096753,0,0.17258625,0.16514538,nan,0.03776267,0.029048344,0.046984915,nan,nan,0.30224606,0.0,2490378,2490378,4028193,527633,nan,nan,nan,nan,0,831,13,3,13,2,1,0,0,0,0,0,0,0,0
424746759,424559170,17592186211207,0.0006501997,0.015762262,0.05102159,0,0.17206177,0.16397592,nan,0.033257775,0.028823933,0.046853364,nan,nan,0.28127474,0.0,2490378,2490378,4028193,527633,nan,nan,nan,nan,0,831,13,3,13,2,1,0,0,0,0,0,0,0,0
424953686,424766058,17592186211207,0.000633286,0.014518628,0.04645853,0,0.17229185,0.1634459,nan,0.031355087,0.028310759,0.047533765,nan,nan,0.2616521,0.0,2490378,2490378,4028193,527633,nan,nan,nan,nan,0,831,13,3,13,2,1,0,0,0,0,0,0,0,0
425150682,424963094,17592186211207,0.00066365616,0.014418264,0.043916985,0,0.17185326,0.16235265,nan,0.03725702,0.027235383,0.048438765,nan,nan,0.22596264,0.0,2490378,2490378,4028193,527633,nan,nan,nan,nan,0,831,13,3,13,2,1,0,0,0,0,0,0,0,0
425357565,425169982,17592186211207,0.00039322316,0.01591592,0.041848417,0,0.1720809,0.16187078,nan,0.034615174,0.02582073,0.048538785,nan,nan,0.20977546,0.0,2490378,2490378,4028193,527633,nan,nan,nan,nan,0,831,13,3,13,2,1,0,0,0,0,0,0,0,0
425554631,425367019,17592186211207,0.00054371,0.012873132,0.036954682,0,0.17167003,0.16087079,nan,0.034761373,0.025679959,0.048635613,nan,nan,0.1946855,0.0,2490378,2490378,4028193,527633,nan,nan,nan,nan,0,831,13,3,13,2,1,0,0,0,0,0,0,0,0
425751699,425564055,17592186211207,0.0006285929,0.011258752,0.032662917,0,0.1713109,0.16010986,nan,0.036443003,0.025338672,0.049157567,nan,nan,0.16790973,0.0,2490378,2490378,4028193,527633,nan,nan,nan,nan,0,831,13,3,13,2,1,0,0,0,0,0,0,0,0
425948681,425761092,17592186211207,0.0006352978,0.010429929,0.029617228,0,0.17093724,0.15923242,nan,0.036914352,0.024896296,0.049548604,nan,nan,0.15603173,0.0,2490378,2490378,4028193,527633,nan,nan,nan,nan,0,831,13,3,13,2,1,0,0,0,0,0,0,0,0
426155604,425967980,17592186211207,0.00043127942,0.012165416,0.029579695,0,0.17129518,0.1589842,nan,0.03717274,0.02353338,0.049414583,nan,nan,0.14507565,0.0,2490378,2490378,4028193,527633,nan,nan,nan,nan,0,831,13,3,13,2,1,0,0,0,0,0,0,0,0
426352595,426165017,17592186211207,0.00028324043,0.013466367,0.030313978,0,0.17078896,0.15816872,nan,0.042505305,0.022342373,0.04980184,nan,nan,0.13493346,0.0,2490378,2490378,4028193,527633,nan,nan,nan,nan,0,831,13,3,13,2,1,0,0,0,0,0,0,0,0
426549706,426362053,17592186211207,0.00018577684,0.013125099,0.027533798,0,0.1704885,0.15763669,nan,0.03712393,0.021002749,0.049917974,nan,nan,0.11652878,0.0,2490378,2490378,4028193,527633,nan,nan,nan,nan,0,831,13,3,13,2,1,0,0,0,0,0,0,0,0
426756529,426568942,17592186211207,0.0002881856,0.010812211,0.02515871,0,0.17094465,0.15741813,nan,0.035708837,0.019911613,0.05028455,nan,nan,0.10840496,0.0,2490378,2490378,4028193,527633,nan,nan,nan,nan,0,831,13,3,13,2,1,0,0,0,0,0,0,0,0
426953579,426765978,17592186211207,0.00039772835,0.009312529,0.022143157,0,0.17058581,0.15696907,nan,0.037458193,0.019111771,0.05035589,nan,nan,0.10096134,0.0,2490378,2490378,4028193,527633,nan,nan,nan,nan,0,831,13,3,13,2,1,0,0,0,0,0,0,0,0
427150650,426963015,17592186211207,0.00032759816,0.009713134,0.022273883,0,0.17025983,0.1564211,nan,0.037796278,0.018564481,0.051345743,nan,nan,0.09399397,0.0,2490378,2490378,4028193,527633,nan,nan,nan,nan,0,831,13,3,13,2,1,0,0,0,0,0,0,0,0
427347652,427160051,17592186211207,0.0003290394,0.009173205,0.0206217,0,0.16981766,0.15603009,nan,0.040059492,0.017806293,0.051521927,nan,nan,0.081575505,0.0,2490378,2490378,4028193,527633,nan,nan,nan,nan,0,831,13,3,13,2,1,0,0,0,0,0,0,0,0
427554551,427366940,17592186211207,0.00025215177,0.009593085,0.020360002,0,0.17017752,0.15596212,nan,0.035655852,0.016715625,0.05072885,nan,nan,0.07610494,0.0,2490378,2490378,4028193,527633,nan,nan,nan,nan,0,831,13,3,13,2,1,0,0,0,0,0,0,0,0
427751564,427563977,17592186211207,0.00027670112,0.008818614,0.020100404,0,0.1698548,0.15568827,nan,0.044097394,0.015682528,0.049766947,nan,nan,0.07098104,0.0,2490378,2490378,4028193,527633,nan,nan,nan,nan,0,831,13,3,13,2,1,0,0,0,0,0,0,0,0
427948600,427761013,17592186211207,0.00024032104,0.008953403,0.019250317,0,0.1695632,0.15545844,nan,0.04213479,0.014569587,0.04905827,nan,nan,0.06632653,0.0,2490378,2490378,4028193,527633,nan,nan,nan,nan,0,831,13,3,13,2,1,0,0,0,0,0,0,0,0
428155490,427967902,17592186211207,0.00028489262,0.0074692904,0.017277049,0,0.17000397,0.15552504,nan,0.038539805,0.013571756,0.04746259,nan,nan,0.05756609,0.0,2490378,2490378,4028193,527633,nan,nan,nan,nan,0,831,13,3,13,2,1,0,0,0,0,0,0,0,0
428352557,428164939,17592186211207,0.00025006325,0.007150341,0.015377469,0,0.16952662,0.15528466,nan,0.036912434,0.0125376955,0.046221517,nan,nan,0.053743076,0.0,2490378,2490378,4028193,527633,nan,nan,nan,nan,0,831,13,3,13,2,1,0,0,0,0,0,0,0,0
428549565,428361976,17592186211207,0.00032288747,0.0051709446,0.013126517,0,0.16924055,0.1549821,nan,0.03725675,0.012259437,0.044718884,nan,nan,0.050173223,0.0,2490378,2490378,4028193,527633,nan,nan,nan,nan,0,831,13,3,13,2,1,0,0,0,0,0,0,0,0
428756461,428568865,17592186211207,0.00022498831,0.006526805,0.01374722,0,0.16963282,0.15525486,nan,0.03651927,0.012089503,0.04436151,nan,nan,0.043828286,0.0,2490378,2490378,4028193,527633,nan,nan,nan,nan,0,831,13,3,13,2,1,0,0,0,0,0,0,0,0
428953520,428765902,17592186211207,0.00029669225,0.0045920135,0.0114194155,0,0.16931385,0.15497649,nan,0.03550786,0.012694136,0.042944815,nan,nan,0.04112066,0.0,2490378,2490378,4028193,527633,nan,nan,nan,nan,0,831,13,3,13,2,1,0,0,0,0,0,0,0,0
429150668,428962938,17592186211207,0.00015688654,0.0066248854,0.012508818,0,0.16903086,0.15487666,nan,0.03142467,0.013235016,0.042739637,nan,nan,0.038381837,0.0,2490378,2490378,4028193,527633,nan,nan,nan,nan,0,831,13,3,13,2,1,0,0,0,0,0,0,0,0
429357571,429169827,17592186211207,0.00016049574,0.0061440403,0.012494457,0,0.16928871,0.15499116,nan,0.029528067,0.013688858,0.042332016,nan,nan,0.035892736,0.0,2490378,2490378,4028193,527633,nan,nan,nan,nan,0,831,13,3,13,2,1,0,0,0,0,0,0,0,0
429554656,429366864,17592186211207,0.0002622791,0.004208976,0.010564094,0,0.16904023,0.15492176,nan,0.03223181,0.013719935,0.0412262,nan,nan,0.031256624,0.0,2490378,2490378,4028193,527633,nan,nan,nan,nan,0,831,13,3,13,2,1,0,0,0,0,0,0,0,0
429751628,429563901,17592186211207,0.00022986892,0.0046811868,0.011082606,0,0.16882017,0.15472062,nan,0.028449073,0.013357927,0.039771147,nan,nan,0.029276414,0.0,2490378,2490378,4028193,527633,nan,nan,nan,nan,0,831,13,3,13,2,1,0,0,0,0,0,0,0,0
429948665,429760938,17592186211207,0.00025086576,0.0038307486,0.00939045,0,0.16858323,0.1546693,nan,0.029190235,0.013625237,0.03853756,nan,nan,0.0274501,0.0,2490378,2490378,4028193,527633,nan,nan,nan,nan,0,831,13,3,13,2,1,0,0,0,0,0,0,0,0
430155575,429967827,17592186211207,0.00025077708,0.0044455314,0.012175912,0,0.16906214,0.15489574,nan,0.035275184,0.013706906,0.037495613,nan,nan,0.025644826,0.0,2490378,2490378,4028193,527633,nan,nan,nan,nan,0,831,13,3,13,2,1,0,0,0,0,0,0,0,0
430352592,430164864,17592186211207,0.0003145952,0.0030438197,0.010730404,0,0.16865331,0.1547854,nan,0.03219283,0.01403898,0.03682351,nan,nan,0.022582032,0.0,2490378,2490378,4028193,527633,nan,nan,nan,nan,0,831,13,3,13,2,1,0,0,0,0,0,0,0,0
430549713,430361901,17592186211207,0.00025520133,0.0047945273,0.013220346,0,0.1684277,0.15459332,nan,0.036105417,0.013758995,0.036222324,nan,nan,0.02119638,0.0,2490378,2490378,4028193,527633,nan,nan,nan,nan,0,831,13,3,13,2,1,0,0,0,0,0,0,0,0
430756577,430568790,17592186211207,0.0002787113,0.0030248147,0.010340979,0,0.16891569,0.15497696,nan,0.032470644,0.01328887,0.034815483,nan,nan,0.01995171,0.0,2490378,2490378,4028193,527633,nan,nan,nan,nan,0,831,13,3,13,2,1,0,0,0,0,0,0,0,0
430953639,430765827,17592186211207,0.00013465939,0.005487942,0.0123566,0,0.16869839,0.15478875,nan,0.033189148,0.012766281,0.033973705,nan,nan,0.01741771,0.0,2490378,2490378,4028193,527633,nan,nan,nan,nan,0,831,13,3,13,2,1,0,0,0,0,0,0,0,0
431150577,430962864,17592186211207,0.00013917733,0.004463334,0.0109152645,0,0.16846547,0.1547437,nan,0.030862711,0.012548386,0.033044577,nan,nan,0.016143503,0.0,2490378,2490378,4028193,527633,nan,nan,nan,nan,0,831,13,3,13,2,1,0,0,0,0,0,0,0,0
431347673,431159901,17592186211207,0.00025100893,0.0026117133,0.008181907,0,0.16813001,0.15465553,nan,0.028274322,0.0121880965,0.03280351,nan,nan,0.014988433,0.0,2490378,2490378,4028193,527633,nan,nan,nan,nan,0,831,13,3,13,2,1,0,0,0,0,0,0,0,0
431554516,431366791,17592186211207,0.00028525188,0.0026670303,0.008204216,0,0.16864976,0.15489468,nan,0.027111486,0.012680567,0.03156731,nan,nan,0.014007187,0.0,2490378,2490378,4028193,527633,nan,nan,nan,nan,0,831,13,3,13,2,1,0,0,0,0,0,0,0,0
431751549,431563828,17592186211207,0.00028032542,0.0030052844,0.008107586,0,0.16846429,0.15486093,nan,0.03116482,0.01269028,0.03098893,nan,nan,0.012184516,0.0,2490378,2490378,4028193,527633,nan,nan,nan,nan,0,831,13,3,13,2,1,0,0,0,0,0,0,0,0
431948625,431760865,17592186211207,0.00026209478,0.0022530877,0.007221635,0,0.16826028,0.15466648,nan,0.02980316,0.013110084,0.030346954,nan,nan,0.01142596,0.0,2490378,2490378,4028193,527633,nan,nan,nan,nan,0,831,13,3,13,2,1,0,0,0,0,0,0,0,0
432155481,431967754,17592186211207,0.00027053076,0.0021810082,0.006442951,0,0.16876595,0.15504472,nan,0.028156575,0.0134179965,0.029941283,nan,nan,0.010672041,0.0,2490378,2490378,4028193,527633,nan,nan,nan,nan,0,831,13,3,13,2,1,0,0,0,0,0,0,0,0
432352523,432164791,17592186211207,0.00021292789,0.0030453836,0.0063088997,0,0.16838798,0.15477781,nan,0.02673892,0.014540969,0.02924155,nan,nan,0.010125969,0.0,2490378,2490378,4028193,527633,nan,nan,nan,nan,0,831,13,3,13,2,1,0,0,0,0,0,0,0,0
432549555,432361829,17592186211207,0.00024041082,0.0013545344,0.0035505015,0,0.16818911,0.15472548,nan,0.022385955,0.0147844525,0.02819778,nan,nan,0.008781413,0.0,2490378,2490378,4028193,527633,nan,nan,nan,nan,0,831,13,3,13,2,1,0,0,0,0,0,0,0,0
432756458,432568718,17592186211207,0.00020034444,0.0029600793,0.0044143167,0,0.16865207,0.15492602,nan,0.021886852,0.014412564,0.027131617,nan,nan,0.008281986,0.0,2490378,2490378,4028193,527633,nan,nan,nan,nan,0,831,13,3,13,2,1,0,0,0,0,0,0,0,0
432953526,432765755,17592186211207,0.00016418092,0.002652518,0.0039165867,0,0.16846211,0.1548721,nan,0.02020359,0.014003486,0.0266755,nan,nan,0.007785905,0.0,2490378,2490378,4028193,527633,nan,nan,nan,nan,0,831,13,3,13,2,1,0,0,0,0,0,0,0,0
433150532,432962793,17592186211207,0.00023809793,0.0007749724,0.0033280153,0,0.16825433,0.15465787,nan,0.021255665,0.014151814,0.027099766,nan,nan,0.007269723,0.0,2490378,2490378,4028193,527633,nan,nan,nan,nan,0,831,13,3,13,2,1,0,0,0,0,0,0,0,0
433347557,433159830,17592186211207,0.0002164493,0.0019659062,0.0028153134,0,0.16794232,0.15455122,nan,0.0216552,0.014135672,0.02691156,nan,nan,0.006189449,0.0,2490378,2490378,4028193,527633,nan,nan,nan,nan,0,831,13,3,13,2,1,0,0,0,0,0,0,0,0
433554443,433366720,17592186211207,0.00016516207,0.0028740808,0.0037081519,0,0.16848008,0.15476803,nan,0.018535294,0.01372407,0.027264673,nan,nan,0.0057032704,0.0,2490378,2490378,4028193,527633,nan,nan,nan,nan,0,831,13,3,13,2,1,0,0,0,0,0,0,0,0
433751486,433563757,17592186211207,0.000101122474,0.0034353202,0.004198496,0,0.1682688,0.15469655,nan,0.025214646,0.01331524,0.026612082,nan,nan,0.0052598827,0.0,2490378,2490378,4028193,527633,nan,nan,nan,nan,0,831,13,3,13,2,1,0,0,0,0,0,0,0,0
433948617,433760795,17592186211207,0.00015185174,0.0024579458,0.0035122198,0,0.16808571,0.15448438,nan,0.02119989,0.012744463,0.026228981,nan,nan,0.00435502,0.0,2490378,2490378,4028193,527633,nan,nan,nan,nan,0,831,13,3,13,2,1,0,0,0,0,0,0,0,0
434155449,433967684,17592186211207,0.00017896267,0.0026194307,0.004247155,0,0.16860825,0.15484105,nan,0.01571471,0.012182312,0.026302636,nan,nan,0.0039938395,0.0,2490378,2490378,4028193,527633,nan,nan,nan,nan,0,831,13,3,13,2,1,0,0,0,0,0,0,0,0
434352511,434164722,17592186211207,0.00023798624,0.0018297142,0.003559029,0,0.16824807,0.1545581,nan,0.016736005,0.0114983255,0.025914356,nan,nan,0.0036205158,0.0,2490378,2490378,4028193,527633,nan,nan,nan,nan,0,831,13,3,13,2,1,0,0,0,0,0,0,0,0
434549499,434361759,17592186211207,0.00015191267,0.0025135884,0.0038529397,0,0.16806401,0.1544895,nan,0.015498873,0.0107300235,0.025110167,nan,nan,0.0032415949,0.0,2490378,2490378,4028193,527633,nan,nan,nan,nan,0,831,13,3,13,2,1,0,0,0,0,0,0,0,0
434746538,434558797,17592186211207,0.0001912631,0.0011361185,0.0020392074,0,0.16790545,0.1544306,nan,0.016120585,0.010833162,0.024545174,nan,nan,0.0025151046,0.0,2490378,2490378,4028193,527633,nan,nan,nan,nan,0,831,13,3,13,2,1,0,0,0,0,0,0,0,0
434953474,434765687,17592186211207,0.0001934197,0.0006697833,0.0016890212,0,0.16840234,0.15462264,nan,0.018667972,0.011036432,0.023291584,nan,nan,0.0023503832,0.0,2490378,2490378,4028193,527633,nan,nan,nan,nan,0,831,13,3,13,2,1,0,0,0,0,0,0,0,0
435150443,434962724,17592186211207,0.00014232057,0.002383838,0.003301447,0,0.1682001,0.15454592,nan,0.01578175,0.010760752,0.02304859,nan,nan,0.0022330866,0.0,2490378,2490378,4028193,527633,nan,nan,nan,nan,0,831,13,3,13,2,1,0,0,0,0,0,0,0,0
435357360,435169614,17592186211207,0.00016023983,0.001621014,0.0023733426,0,0.16852736,0.15466933,nan,0.016176008,0.011216066,0.022973675,nan,nan,0.001753233,0.0,2490378,2490378,4028193,527633,nan,nan,nan,nan,0,831,13,3,13,2,1,0,0,0,0,0,0,0,0
435554407,435366652,17592186211207,0.00011052441,0.0030042897,0.0038619128,0,0.16839303,0.1546156,nan,0.013576011,0.011193136,0.023875836,nan,nan,0.0007700817,0.0,2490378,2490378,4028193,527633,nan,nan,nan,nan,0,831,13,3,13,2,1,0,0,0,0,0,0,0,0
435751415,435563689,17592186211207,0.00017240786,0.00085399736,0.0018990767,0,0.16818906,0.15438682,nan,0.017646097,0.0114363255,0.024533123,nan,nan,0.00064615544,0.0,2490378,2490378,4028193,527633,nan,nan,nan,nan,0,831,13,3,13,2,1,0,0,0,0,0,0,0,0
435948454,435760727,17592186211207,0.00022467766,0.00078634085,0.0018790917,0,0.16801229,0.15431798,nan,0.017913977,0.011560669,0.024964672,nan,nan,0.000242823,0.0,2490378,2490378,4028193,527633,nan,nan,nan,nan,0,831,13,3,13,2,1,0,0,0,0,0,0,0,0
436155412,435967617,17592186211207,0.00010593053,0.0026616447,0.0039042665,0,0.16853927,0.15451655,nan,0.01425319,0.011925003,0.024798647,nan,nan,0.0012373631,0.0,2490378,2490378,4028193,527633,nan,nan,nan,nan,0,831,13,3,13,2,1,0,0,0,0,0,0,0,0
436352373,436164655,17592186211207,0.00010447528,0.0019301757,0.004043146,0,0.16822888,0.15439786,nan,0.014646291,0.01208657,0.025445674,nan,nan,0.0013316331,0.0,2490378,2490378,4028193,527633,nan,nan,nan,nan,0,831,13,3,13,2,1,0,0,0,0,0,0,0,0
436549421,436361692,17592186211207,0.00015219036,0.0018252162,0.003570483,0,0.16804455,0.15417662,nan,0.01722535,0.012809582,0.025105553,nan,nan,0.0012230566,0.0,2490378,2490378,4028193,527633,nan,nan,nan,nan,0,831,13,3,13,2,1,0,0,0,0,0,0,0,0
436756357,436568582,17592186211207,0.00015329006,0.001995211,0.0032511102,0,0.1685648,0.15452112,nan,0.016376313,0.013089021,0.025705874,nan,nan,0.0010666483,0.0,2490378,2490378,4028193,527633,nan,nan,nan,nan,0,831,13,3,13,2,1,0,0,0,0,0,0,0,0
436953390,436765620,17592186211207,0.00012104175,0.0020616294,0.0038370525,0,0.16842708,0.15432008,nan,0.016024098,0.014209512,0.025982473,nan,nan,0.0014810563,0.0,2490378,2490378,4028193,527633,nan,nan,nan,nan,0,831,13,3,13,2,1,0,0,0,0,0,0,0,0
437150381,436962658,17592186211207,0.00017815574,0.0011560073,0.0037295863,0,0.16821916,0.15424253,nan,0.014996888,0.015230808,0.026267305,nan,nan,0.0020054874,0.0,2490378,2490378,4028193,527633,nan,nan,nan,nan,0,831,13,3,13,2,1,0,0,0,0,0,0,0,0
437347450,437159696,17592186211207,0.00017960706,0.0011321913,0.0026903283,0,0.16790634,0.15397538,nan,0.01587948,0.015655378,0.026385318,nan,nan,0.0031540354,0.0,2490378,2490378,4028193,527633,nan,nan,nan,nan,0,831,13,3,13,2,1,0,0,0,0,0,0,0,0
437554317,437366585,17592186211207,0.00015225355,0.0008013201,0.0017367303,0,0.16844083,0.15432574,nan,0.015766736,0.016607618,0.029127952,nan,nan,0.0033554144,0.0,2490378,2490378,4028193,527633,nan,nan,nan,nan,0,831,13,3,13,2,1,0,0,0,0,0,0,0,0
437751374,437563623,17592186211207,0.00013132527,0.0010403437,0.0015916001,0,0.16822748,0.15409733,nan,0.014964466,0.01676785,0.030238863,nan,nan,0.0039188843,0.0,2490378,2490378,4028193,527633,nan,nan,nan,nan,0,831,13,3,13,2,1,0,0,0,0,0,0,0,0
437958301,437770513,17592186211207,0.00016383817,0.0013376389,0.0010856288,0,0.16872206,0.15443361,nan,0.020258551,0.017397942,0.030042477,nan,nan,0.0040081157,0.0,2490378,2490378,4028193,527633,nan,nan,nan,nan,0,831,13,3,13,2,1,0,0,0,0,0,0,0,0
438155297,437967551,17592186211207,0.0001964842,0.0015513531,0.002225341,0,0.1685604,0.15422615,nan,0.016603699,0.01719272,0.030426957,nan,nan,0.004024957,0.0,2490378,2490378,4028193,527633,nan,nan,nan,nan,0,831,13,3,13,2,1,0,0,0,0,0,0,0,0
438352307,438164589,17592186211207,0.00017185052,0.0019735117,0.004796187,0,0.16824277,0.15410884,nan,0.013134724,0.016988326,0.03018189,nan,nan,0.004186247,0.0,2490378,2490378,4028193,527633,nan,nan,nan,nan,0,831,13,3,13,2,1,0,0,0,0,0,0,0,0
438549353,438361627,17592186211207,0.00020584824,0.0009165844,0.0011342668,0,0.16805188,0.15403816,nan,0.024810998,0.016798833,0.03072433,nan,nan,0.004060804,0.0,2490378,2490378,4028193,527633,nan,nan,nan,nan,0,831,13,3,13,2,1,0,0,0,0,0,0,0,0
438756281,438568517,17592186211207,0.00021889538,0.0004169222,0.00054768194,0,0.16856547,0.15423407,nan,0.021617932,0.017104942,0.031051476,nan,nan,0.0039762617,0.0,2490378,2490378,4028193,527633,nan,nan,nan,nan,0,831,13,3,13,2,1,0,0,0,0,0,0,0,0
438953270,438765554,17592186211207,8.5516825e-05,0.0022410033,0.0028147926,0,0.1683786,0.15416673,nan,0.019622322,0.016631488,0.030786254,nan,nan,0.0038540375,0.0,2490378,2490378,4028193,527633,nan,nan,nan,nan,0,831,13,3,13,2,1,0,0,0,0,0,0,0,0
439150436,438962593,17592186211207,8.04222e-05,0.0018436738,0.002511973,0,0.1681711,0.15394436,nan,0.019271951,0.016947044,0.030997757,nan,nan,0.004301241,0.0,2490378,2490378,4028193,527633,nan,nan,nan,nan,0,831,13,3,13,2,1,0,0,0,0,0,0,0,0
439357231,439169482,17592186211207,0.0001815431,0.00047314877,0.0004971709,0,0.16849254,0.15421695,nan,0.01763582,0.016481658,0.031564258,nan,nan,0.0043370947,0.0,2490378,2490378,4028193,527633,nan,nan,nan,nan,0,831,13,3,13,2,1,0,0,0,0,0,0,0,0
439554243,439366521,17592186211207,0.00014705522,0.0018931889,0.002187104,0,0.16835374,0.15401806,nan,0.016877953,0.016615499,0.031011092,nan,nan,0.0044056005,0.0,2490378,2490378,4028193,527633,nan,nan,nan,nan,0,831,13,3,13,2,1,0,0,0,0,0,0,0,0
439751275,439563558,17592186211207,0.00015021718,0.0016202797,0.002358588,0,0.16814612,0.15394354,nan,0.014486968,0.016269397,0.03145064,nan,nan,0.004427368,0.0,2490378,2490378,4028193,527633,nan,nan,nan,nan,0,831,13,3,13,2,1,0,0,0,0,0,0,0,0
439948337,439760597,17592186211207,0.0001278962,0.0009950633,0.0010285933,0,0.16796626,0.15373231,nan,0.015571558,0.01656247,0.031322878,nan,nan,0.004549348,0.0,2490378,2490378,4028193,527633,nan,nan,nan,nan,0,831,13,3,13,2,1,0,0,0,0,0,0,0,0
440155214,439967487,17592186211207,7.254714e-05,0.0023906357,0.0027831707,0,0.1684889,0.15408158,nan,0.013081655,0.016115148,0.0315317,nan,nan,0.0048899087,0.0,2490378,2490378,4028193,527633,nan,nan,nan,nan,0,831,13,3,13,2,1,0,0,0,0,0,0,0,0
440352280,440164525,17592186211207,7.341492e-05,0.0020399364,0.0026139817,0,0.16817696,0.15382244,nan,0.013224329,0.015404727,0.03043328,nan,nan,0.005283854,0.0,2490378,2490378,4028193,527633,nan,nan,nan,nan,0,831,13,3,13,2,1,0,0,0,0,0,0,0,0
440549296,440361563,17592186211207,0.00017607008,0.0013345627,0.0013109203,0,0.1680346,0.1537739,nan,0.013267384,0.015503665,0.030194022,nan,nan,0.0055817645,0.0,2490378,2490378,4028193,527633,nan,nan,nan,nan,0,831,13,3,13,2,1,0,0,0,0,0,0,0,0
440756241,440568453,17592186211207,0.00013837674,0.0017579638,0.0028229693,0,0.16854787,0.15397316,nan,0.020776393,0.014867836,0.030083809,nan,nan,0.005454189,0.0,2490378,2490378,4028193,527633,nan,nan,nan,nan,0,831,13,3,13,2,1,0,0,0,0,0,0,0,0
440953218,440765491,17592186211207,6.24407e-05,0.00344572,0.0043671993,0,0.16840507,0.15392718,nan,0.015550155,0.014461542,0.03070191,nan,nan,0.0056462125,0.0,2490378,2490378,4028193,527633,nan,nan,nan,nan,0,831,13,3,13,2,1,0,0,0,0,0,0,0,0
441150297,440962529,17592186211207,0.00011033796,0.0024610092,0.00425702,0,0.16814911,0.15369329,nan,0.01746653,0.013538408,0.030416077,nan,nan,0.0056184237,0.0,2490378,2490378,4028193,527633,nan,nan,nan,nan,0,831,13,3,13,2,1,0,0,0,0,0,0,0,0
441347287,441159567,17592186211207,0.00018422937,0.0009388908,0.0017244929,0,0.16783777,0.15358417,nan,0.01584353,0.013165253,0.0307941,nan,nan,0.005824481,0.0,2490378,2490378,4028193,527633,nan,nan,nan,nan,0,831,13,3,13,2,1,0,0,0,0,0,0,0,0
441554251,441366459,17592186211207,0.00015971198,0.0012430315,0.0018276648,0,0.16837187,0.15379086,nan,0.014563785,0.012988138,0.031369742,nan,nan,0.0057008625,0.0,2490378,2490378,4028193,527633,nan,nan,nan,nan,0,831,13,3,13,2,1,0,0,0,0,0,0,0,0
441751220,441563496,17592186211207,0.00017042606,0.0011880203,0.0029144227,0,0.16820373,0.15373631,nan,0.019495811,0.012546432,0.031044172,nan,nan,0.005673876,0.0,2490378,2490378,4028193,527633,nan,nan,nan,nan,0,831,13,3,13,2,1,0,0,0,0,0,0,0,0
441958182,441770386,17592186211207,0.00017057738,0.00072030333,0.0022622128,0,0.16869438,0.15392925,nan,0.016379312,0.0132565545,0.030475521,nan,nan,0.0056104553,0.0,2490378,2490378,4028193,527633,nan,nan,nan,nan,0,831,13,3,13,2,1,0,0,0,0,0,0,0,0
442155142,441967424,17592186211207,0.00013861644,0.0046878047,0.005051937,0,0.16844001,0.1538448,nan,0.013068315,0.013296605,0.03198564,nan,nan,0.0059839524,0.0,2490378,2490378,4028193,527633,nan,nan,nan,nan,0,831,13,3,13,2,1,0,0,0,0,0,0,0,0
442352188,442164463,17592186211207,0.00020111354,0.0019249176,0.0031361938,0,0.16813032,0.15373786,nan,0.018503373,0.014408478,0.032064088,nan,nan,0.0057473658,0.0,2490378,2490378,4028193,527633,nan,nan,nan,nan,0,831,13,3,13,2,1,0,0,0,0,0,0,0,0
442549263,442361501,17592186211207,0.00018285887,0.0014935477,0.0030383458,0,0.16794644,0.15352945,nan,0.015460528,0.014812106,0.031980217,nan,nan,0.0055754893,0.0,2490378,2490378,4028193,527633,nan,nan,nan,nan,0,831,13,3,13,2,1,0,0,0,0,0,0,0,0
442756119,442568391,17592186211207,0.00025816786,0.0037927956,0.00448037,0,0.16841884,0.15386207,nan,0.021977572,0.015238073,0.03262559,nan,nan,0.00537695,0.0,2490378,2490378,4028193,527633,nan,nan,nan,nan,0,831,13,3,13,2,1,0,0,0,0,0,0,0,0
442953145,442765430,17592186211207,0.00036548052,0.0047649406,0.0065691494,0,0.16828713,0.1536748,nan,0.030761328,0.015574197,0.032405745,nan,nan,0.004259244,0.0,2490378,2490378,4028193,527633,nan,nan,nan,nan,0,831,13,3,13,2,1,0,0,0,0,0,0,0,0
443150238,442962468,17592186211207,0.00017827481,0.0029005567,0.0031467958,0,0.1681754,0.15364343,nan,0.020398874,0.014637061,0.033044815,nan,nan,0.0037358294,0.0,2490378,2490378,4028193,527633,nan,nan,nan,nan,0,831,13,3,13,2,1,0,0,0,0,0,0,0,0
443357155,443169358,17592186211207,1.907927e-05,0.003551838,0.0052426923,0,0.16862856,0.15382546,nan,0.033410344,0.013189951,0.032130286,nan,nan,0.0036244842,0.0,2490378,2490378,4028193,527633,nan,nan,nan,nan,0,831,13,3,13,2,1,0,0,0,0,0,0,0,0
443554144,443366396,17592186211207,0.00050032,0.009202737,0.014784697,0,0.168476,0.15377937,nan,0.05392226,0.012929652,0.031632748,nan,nan,0.0040053017,0.0,2490378,2490378,4028193,527633,nan,nan,nan,nan,0,831,13,3,13,2,1,0,0,0,0,0,0,0,0
443751155,443563436,17592186211207,0.00061896857,0.009326613,0.01944798,0,0.1683719,0.15359595,nan,0.05507372,0.013027402,0.031522784,nan,nan,0.02099064,0.0,2490378,2490378,4028193,527633,nan,nan,nan,nan,0,831,13,3,13,2,1,0,0,0,0,0,0,0,0
443948204,443760473,17592186211207,0.00029286416,0.008091242,0.019306188,0,0.17133076,0.15440638,nan,0.07298729,0.013480301,0.029099558,nan,nan,0.7272236,0.0,2490378,2490378,4028193,527633,nan,nan,nan,nan,0,831,13,3,13,2,1,0,0,0,0,0,0,0,0
444155116,443967364,17592186211207,0.000964374,0.017158907,0.03349052,0,0.1743774,0.1552921,nan,0.10746724,0.016461488,0.025584752,nan,nan,1.1233689,0.0,2490378,2490378,4028193,527633,nan,nan,nan,nan,0,831,13,3,13,2,1,0,0,0,0,0,0,0,0
444352151,444164402,17592186211207,0.0009733325,0.01262505,0.028706472,0,0.17843919,0.15631405,nan,0.09798759,0.022398226,0.022143902,nan,nan,1.2957531,0.0,2490378,2490378,4028193,527633,nan,nan,nan,nan,0,831,13,3,13,2,1,0,0,0,0,0,0,0,0
444549202,444361440,17592186211207,0.0016613512,0.020714696,0.033463277,0,0.18184793,0.15707985,nan,0.1219152,0.033791427,0.022136668,nan,nan,1.3203862,0.0,2490378,2490378,4028193,527633,nan,nan,nan,nan,0,831,13,3,13,2,1,0,0,0,0,0,0,0,0
444756064,444568331,17592186211207,0.0013712982,0.016506435,0.028530583,0,0.18553773,0.15833738,nan,0.1046249,0.042828035,0.022476275,nan,nan,1.2755884,0.0,2490378,2490378,4028193,527633,nan,nan,nan,nan,0,831,13,3,13,2,1,0,0,0,0,0,0,0,0
444953198,444765369,17592186211207,0.001119573,0.016811235,0.031786863,0,0.18843539,0.15902142,nan,0.09404268,0.04682399,0.024009641,nan,nan,1.2336969,0.0,2490378,2490378,4028193,527633,nan,nan,nan,nan,0,831,13,3,13,2,1,0,0,0,0,0,0,0,0
445150146,444962408,17592186211207,0.0008642918,0.010474237,0.024237124,0,0.19013816,0.15967457,nan,0.07922759,0.043335717,0.022879705,nan,nan,1.2123508,0.0,2490378,2490378,4028193,527633,nan,nan,nan,nan,0,831,13,3,13,2,1,0,0,0,0,0,0,0,0
445357098,445169298,17592186211207,0.0009613332,0.02174948,0.02913131,0,0.19062266,0.16021411,nan,0.059083875,0.037863746,0.020822128,nan,nan,1.2094979,0.0,2490378,2490378,4028193,527633,nan,nan,nan,nan,0,831,13,3,13,2,1,0,0,0,0,0,0,0,0
445554079,445366337,17592186211207,0.00040643258,0.01551969,0.023283372,0,0.18937275,0.1603067,nan,0.04542527,0.032119777,0.018685069,nan,nan,1.2235446,0.0,2490378,2490378,4028193,527633,nan,nan,nan,nan,0,831,13,3,13,2,1,0,0,0,0,0,0,0,0
445751121,445563375,17592186211207,0.0006429687,0.0167375,0.026338363,0,0.18609513,0.15990426,nan,0.040981956,0.027725114,0.02050953,nan,nan,1.2546219,0.0,2490378,2490378,4028193,527633,nan,nan,nan,nan,0,831,13,3,13,2,1,0,0,0,0,0,0,0,0
445948147,445760414,17592186211207,0.0014167401,0.029493852,0.043534275,0,0.18302771,0.15924516,nan,0.07062458,0.024481758,0.020832643,nan,nan,1.2900088,0.0,2490378,2490378,4028193,527633,nan,nan,nan,nan,0,831,13,3,13,2,1,0,0,0,0,0,0,0,0
446155081,445967304,17592186211207,0.0021623047,0.037841145,0.058381267,0,0.18123192,0.15919162,nan,0.08683981,0.021044811,0.023977192,nan,nan,1.311089,0.0,2490378,2490378,4028193,527633,nan,nan,nan,nan,0,831,13,3,13,2,1,0,0,0,0,0,0,0,0
446352062,446164342,17592186211207,0.0021806078,0.03825297,0.060738165,0,0.17879288,0.1584716,nan,0.09475685,0.017477464,0.026389308,nan,nan,1.3236233,0.0,2490378,2490378,4028193,527633,nan,nan,nan,nan,0,831,13,3,13,2,1,0,0,0,0,0,0,0,0
446549191,446361381,17592186211207,0.0017662846,0.032116104,0.054807,0,0.17688303,0.1579982,nan,0.09680941,0.013883504,0.029428974,nan,nan,1.3398156,0.0,2490378,2490378,4028193,527633,nan,nan,nan,nan,0,831,13,3,13,2,1,0,0,0,0,0,0,0,0
446756088,446568271,17592186211207,0.0013907249,0.02638895,0.048280317,0,0.17594583,0.1578087,nan,0.096544325,0.013066908,0.033235274,nan,nan,1.3570577,0.0,2490378,2490378,4028193,527633,nan,nan,nan,nan,0,831,13,3,13,2,1,0,0,0,0,0,0,0,0
446953076,446765310,17592186211207,0.0014484696,0.02423017,0.046151124,0,0.17448363,0.15737091,nan,0.09707813,0.015010482,0.035617102,nan,nan,1.3668735,0.0,2490378,2490378,4028193,527633,nan,nan,nan,nan,0,831,13,3,13,2,1,0,0,0,0,0,0,0,0
447150137,446962349,17592186211207,0.001580733,0.021669367,0.041773148,0,0.17318732,0.15679146,nan,0.09112258,0.01744094,0.037467077,nan,nan,1.3738594,0.0,2490378,2490378,4028193,527633,nan,nan,nan,nan,0,831,13,3,13,2,1,0,0,0,0,0,0,0,0
447347198,447159387,17592186211207,0.0016517922,0.018778812,0.03740805,0,0.17198984,0.1563677,nan,0.09027032,0.022322796,0.040010717,nan,nan,1.3793418,0.0,2490378,2490378,4028193,527633,nan,nan,nan,nan,0,831,13,3,13,2,1,0,0,0,0,0,0,0,0
447554089,447366278,17592186211207,0.0016243765,0.013211794,0.028757097,0,0.17171876,0.15626699,nan,0.087832764,0.028218746,0.04197501,nan,nan,1.3812723,0.0,2490378,2490378,4028193,527633,nan,nan,nan,nan,0,831,13,3,13,2,1,0,0,0,0,0,0,0,0
447751072,447563316,17592186211207,0.002052267,0.0135764675,0.026091764,0,0.17082796,0.15591356,nan,0.09860008,0.031966124,0.0442226,nan,nan,1.3714665,0.0,2490378,2490378,4028193,527633,nan,nan,nan,nan,0,831,13,3,13,2,1,0,0,0,0,0,0,0,0
447948190,447760355,17592186211207,0.0017178288,0.009880333,0.023738915,0,0.1700717,0.15544285,nan,0.08618971,0.03456696,0.044021185,nan,nan,1.3593849,0.0,2490378,2490378,4028193,527633,nan,nan,nan,nan,0,831,13,3,13,2,1,0,0,0,0,0,0,0,0
448155267,447967245,17592186211207,0.0016382504,0.00781541,0.020634703,0,0.17009372,0.15556327,nan,0.08669335,0.03612292,0.047751516,nan,nan,1.3471577,0.0,2490378,2490378,4028193,527633,nan,nan,nan,nan,0,831,13,3,13,2,1,0,0,0,0,0,0,0,0
448352102,448164284,17592186211207,0.0012130629,0.007946708,0.023860034,0,0.16938409,0.15509553,nan,0.076576665,0.03689571,0.05124075,nan,nan,1.3362803,0.0,2490378,2490378,4028193,527633,nan,nan,nan,nan,0,831,13,3,13,2,1,0,0,0,0,0,0,0,0
448549095,448361323,17592186211207,0.00086353143,0.01337379,0.031255968,0,0.16886218,0.15485087,nan,0.07645149,0.03729878,0.055212744,nan,nan,1.3283497,0.0,2490378,2490378,4028193,527633,nan,nan,nan,nan,0,831,13,3,13,2,1,0,0,0,0,0,0,0,0
448746096,448558361,17592186211207,0.0014564812,0.019308,0.037664834,0,0.16841654,0.15463974,nan,0.117090784,0.0371014,0.05794528,nan,nan,1.304901,0.0,2490378,2490378,4028193,527633,nan,nan,nan,nan,0,831,13,3,13,2,1,0,0,0,0,0,0,0,0
448953243,448765252,17592186211207,0.0022449119,0.019240864,0.037196368,0,0.16866758,0.15469511,nan,0.14047599,0.03453028,0.059820753,nan,nan,1.2515587,0.0,2490378,2490378,4028193,527633,nan,nan,nan,nan,0,831,13,3,13,2,1,0,0,0,0,0,0,0,0
449150119,448962291,17592186211207,0.001792406,0.004576373,0.018595507,0,0.16828695,0.15451065,nan,0.11734374,0.031115346,0.058621902,nan,nan,1.1926688,0.0,2490378,2490378,4028193,527633,nan,nan,nan,nan,0,831,13,3,13,2,1,0,0,0,0,0,0,0,0
449357041,449169181,17592186211207,0.0017554653,0.009462648,0.012760255,0,0.1685405,0.15457186,nan,0.09715986,0.027296051,0.057862286,nan,nan,1.1436136,0.0,2490378,2490378,4028193,527633,nan,nan,nan,nan,0,831,13,3,13,2,1,0,0,0,0,0,0,0,0
449553983,449366220,17592186211207,0.0016595813,0.013924569,0.018819626,0,0.16828392,0.15443958,nan,0.080638014,0.024357656,0.058299348,nan,nan,1.1134566,0.0,2490378,2490378,4028193,527633,nan,nan,nan,nan,0,831,13,3,13,2,1,0,0,0,0,0,0,0,0
449751306,449563258,17592186211207,0.00038486862,0.015470915,0.021999372,0,0.16808447,0.15418212,nan,0.066709645,0.02176613,0.058777813,nan,nan,1.095855,0.0,2490378,2490378,4028193,527633,nan,nan,nan,nan,0,831,13,3,13,2,1,0,0,0,0,0,0,0,0
449948056,449760297,17592186211207,0.00043967675,0.023963392,0.032160867,0,0.167891,0.15407498,nan,0.061486263,0.018624594,0.056779705,nan,nan,1.0779517,0.0,2490378,2490378,4028193,527633,nan,nan,nan,nan,0,831,13,3,13,2,1,0,0,0,0,0,0,0,0
450154989,449967188,17592186211207,0.0005788143,0.021035012,0.030436281,0,0.16866484,0.15431191,nan,0.06981022,0.016345585,0.05586701,nan,nan,1.0671635,0.0,2490378,2490378,4028193,527633,nan,nan,nan,nan,0,831,13,3,13,2,1,0,0,0,0,0,0,0,0
450352068,450164226,17592186211207,0.00042043853,0.011514602,0.01727512,0,0.16833282,0.15415296,nan,0.058138102,0.01430716,0.05237747,nan,nan,1.028215,0.0,2490378,2490378,4028193,527633,nan,nan,nan,nan,0,831,13,3,13,2,1,0,0,0,0,0,0,0,0
450549343,450361265,17592186211207,0.002457915,0.026139038,0.032159798,0,0.16905375,0.15415032,nan,0.068149276,0.015969634,0.05350106,nan,nan,1.0245458,0.0,2490378,2490378,4028193,527633,nan,nan,nan,nan,0,831,13,3,13,2,1,0,0,0,0,0,0,0,0
450755938,450568155,17592186211207,0.002994481,0.020920215,0.029300904,0,0.16956456,0.1544526,nan,0.06039536,0.017692719,0.052216016,nan,nan,1.0283871,0.0,2490378,2490378,4028193,527633,nan,nan,nan,nan,0,831,13,3,13,2,1,0,0,0,0,0,0,0,0
450953027,450765194,17592186211207,0.00037104738,0.01225864,0.0217087,0,0.1693883,0.15421483,nan,0.04016343,0.022431323,0.050540064,nan,nan,1.0319589,0.0,2490378,2490378,4028193,527633,nan,nan,nan,nan,0,831,13,3,13,2,1,0,0,0,0,0,0,0,0
451150030,450962233,17592186211207,0.0012103071,0.019818768,0.030021658,0,0.16917312,0.15411831,nan,0.06290559,0.023483934,0.04867784,nan,nan,1.035109,0.0,2490378,2490378,4028193,527633,nan,nan,nan,nan,0,831,13,3,13,2,1,0,0,0,0,0,0,0,0
451347343,451159272,17592186211207,0.0015204787,0.014296769,0.028484778,0,0.16882825,0.15383637,nan,0.054468088,0.022896124,0.04729144,nan,nan,1.0367172,0.0,2490378,2490378,4028193,527633,nan,nan,nan,nan,0,831,13,3,13,2,1,0,0,0,0,0,0,0,0
451553931,451366162,17592186211207,0.0021617198,0.011736332,0.028002873,0,0.16928534,0.1541517,nan,0.06889656,0.024505047,0.0441858,nan,nan,1.0331876,0.0,2490378,2490378,4028193,527633,nan,nan,nan,nan,0,831,13,3,13,2,1,0,0,0,0,0,0,0,0
451751076,451563201,17592186211207,0.0028730289,0.015561355,0.032662023,0,0.16908112,0.15392944,nan,0.08388909,0.026392572,0.041106496,nan,nan,0.98659045,0.0,2490378,2490378,4028193,527633,nan,nan,nan,nan,0,831,13,3,13,2,1,0,0,0,0,0,0,0,0
451957844,451770092,17592186211207,0.001484991,0.015713047,0.031368025,0,0.16953819,0.15423502,nan,0.08914474,0.025886284,0.038330033,nan,nan,1.0050994,0.0,2490378,2490378,4028193,527633,nan,nan,nan,nan,0,831,13,3,13,2,1,0,0,0,0,0,0,0,0
452155252,451967131,17592186211207,0.001682865,0.02327057,0.03722227,0,0.16935459,0.15400134,nan,0.082196385,0.026683925,0.03623881,nan,nan,1.0367814,0.0,2490378,2490378,4028193,527633,nan,nan,nan,nan,0,831,13,3,13,2,1,0,0,0,0,0,0,0,0
452351925,452164169,17592186211207,0.0015527148,0.014243183,0.033657167,0,0.16899197,0.15385953,nan,0.056934774,0.026991388,0.03410557,nan,nan,1.0547795,0.0,2490378,2490378,4028193,527633,nan,nan,nan,nan,0,831,13,3,13,2,1,0,0,0,0,0,0,0,0
452549074,452361208,17592186211207,0.00049723283,0.01186702,0.023893794,0,0.16872689,0.1537628,nan,0.07753877,0.027498802,0.032177165,nan,nan,1.049347,0.0,2490378,2490378,4028193,527633,nan,nan,nan,nan,0,831,13,3,13,2,1,0,0,0,0,0,0,0,0
452755872,452568099,17592186211207,0.00085867813,0.016196411,0.029306056,0,0.16917719,0.15392879,nan,0.09723385,0.027065894,0.032135025,nan,nan,1.041957,0.0,2490378,2490378,4028193,527633,nan,nan,nan,nan,0,831,13,3,13,2,1,0,0,0,0,0,0,0,0
452953140,452765138,17592186211207,0.0013419904,0.0187197,0.034112368,0,0.16892643,0.15383586,nan,0.08816359,0.024049418,0.03352321,nan,nan,1.0414896,0.0,2490378,2490378,4028193,527633,nan,nan,nan,nan,0,831,13,3,13,2,1,0,0,0,0,0,0,0,0
453150027,452962176,17592186211207,0.0015198779,0.017196987,0.030296408,0,0.16863024,0.15359212,nan,0.083830945,0.0215442,0.03564486,nan,nan,1.02019,0.0,2490378,2490378,4028193,527633,nan,nan,nan,nan,0,831,13,3,13,2,1,0,0,0,0,0,0,0,0
453356938,453169067,17592186211207,0.0008097662,0.007772997,0.017460374,0,0.168902,0.15385634,nan,0.07076007,0.01866621,0.035967432,nan,nan,1.0083088,0.0,2490378,2490378,4028193,527633,nan,nan,nan,nan,0,831,13,3,13,2,1,0,0,0,0,0,0,0,0
453553916,453366106,17592186211207,0.00043870503,0.0066226833,0.014907968,0,0.1686411,0.15362346,nan,0.061686564,0.016613776,0.035582017,nan,nan,1.0034637,0.0,2490378,2490378,4028193,527633,nan,nan,nan,nan,0,831,13,3,13,2,1,0,0,0,0,0,0,0,0
453751142,453563145,17592186211207,0.0004098371,0.007979397,0.005372894,0,0.16844799,0.15354961,nan,0.046755683,0.015506647,0.036702715,nan,nan,0.9996253,0.0,2490378,2490378,4028193,527633,nan,nan,nan,nan,0,831,13,3,13,2,1,0,0,0,0,0,0,0,0
453947925,453760184,17592186211207,0.00054671976,0.009100162,0.009967862,0,0.16825122,0.15332642,nan,0.032319598,0.015215326,0.037163265,nan,nan,0.97808814,0.0,2490378,2490378,4028193,527633,nan,nan,nan,nan,0,831,13,3,13,2,1,0,0,0,0,0,0,0,0
454154885,453967075,17592186211207,0.00071385514,0.008008118,0.0108400015,0,0.16877715,0.15365821,nan,0.062014572,0.013021198,0.038655855,nan,nan,0.95907915,0.0,2490378,2490378,4028193,527633,nan,nan,nan,nan,0,831,13,3,13,2,1,0,0,0,0,0,0,0,0
454351865,454164114,17592186211207,0.0010384485,0.016900612,0.026419815,0,0.16843338,0.15337579,nan,0.078336604,0.006635473,0.03841486,nan,nan,0.9603438,0.0,2490378,2490378,4028193,527633,nan,nan,nan,nan,0,831,13,3,13,2,1,0,0,0,0,0,0,0,0
454559015,454371004,17592186211207,0.0010287529,0.012035841,0.025080195,0,0.16897525,0.15370128,nan,0.07879253,0.008480033,0.039258346,nan,nan,1.0652181,0.0,2490378,2490378,4028193,527633,nan,nan,nan,nan,0,831,13,3,13,2,1,0,0,0,0,0,0,0,0
454755842,454568043,17592186211207,0.0015393243,0.023930788,0.04014672,0,0.1687639,0.15347832,nan,0.11478157,0.017140586,0.041509196,nan,nan,1.143304,0.0,2490378,2490378,4028193,527633,nan,nan,nan,nan,0,831,13,3,13,2,1,0,0,0,0,0,0,0,0
454952905,454765082,17592186211207,0.0019659477,0.024335833,0.042140495,0,0.16853727,0.15341373,nan,0.12923732,0.02073923,0.04164359,nan,nan,1.1992388,0.0,2490378,2490378,4028193,527633,nan,nan,nan,nan,0,831,13,3,13,2,1,0,0,0,0,0,0,0,0
455149953,454962121,17592186211207,0.0021545629,0.023702025,0.043368503,0,0.16838631,0.153232,nan,0.12982902,0.023081379,0.041030884,nan,nan,1.2589731,0.0,2490378,2490378,4028193,527633,nan,nan,nan,nan,0,831,13,3,13,2,1,0,0,0,0,0,0,0,0
455357086,455169012,17592186211207,0.0010026661,0.007049786,0.019456731,0,0.16874768,0.15352148,nan,0.10784395,0.024793211,0.04121743,nan,nan,1.3742337,0.0,2490378,2490378,4028193,527633,nan,nan,nan,nan,0,831,13,3,13,2,1,0,0,0,0,0,0,0,0
455553858,455366051,17592186211207,0.0009641982,0.018092476,0.01992243,0,0.16855362,0.15331022,nan,0.090489335,0.023059677,0.04165428,nan,nan,1.498057,0.0,2490378,2490378,4028193,527633,nan,nan,nan,nan,0,831,13,3,13,2,1,0,0,0,0,0,0,0,0
455750910,455563090,17592186211207,0.0009579333,0.012181023,0.013134905,0,0.16846323,0.15328626,nan,0.07969159,0.020305727,0.03967163,nan,nan,1.6086394,0.0,2490378,2490378,4028193,527633,nan,nan,nan,nan,0,831,13,3,13,2,1,0,0,0,0,0,0,0,0
455957806,455769981,17592186211207,0.0023899735,0.0241787,0.033335384,0,0.16893487,0.15346801,nan,0.043236986,0.026243156,0.037498105,nan,nan,1.6768018,0.0,2490378,2490378,4028193,527633,nan,nan,nan,nan,0,831,13,3,13,2,1,0,0,0,0,0,0,0,0
456155021,455967020,17592186211207,0.0032695644,0.028587066,0.051618576,0,0.1687013,0.15339357,nan,0.07092624,0.03780755,0.03456647,nan,nan,1.6650666,0.0,2490378,2490378,4028193,527633,nan,nan,nan,nan,0,831,13,3,13,2,1,0,0,0,0,0,0,0,0
456351827,456164059,17592186211207,0.0040265196,0.035043407,0.05987215,0,0.16831553,0.15326248,nan,0.09196626,0.047619134,0.031546365,nan,nan,1.5891554,0.0,2490378,2490378,4028193,527633,nan,nan,nan,nan,0,831,13,3,13,2,1,0,0,0,0,0,0,0,0
456548970,456361098,17592186211207,0.0019539988,0.018815337,0.040683333,0,0.16805789,0.15303305,nan,0.07635399,0.053731166,0.028770097,nan,nan,1.554801,0.0,2490378,2490378,4028193,527633,nan,nan,nan,nan,0,831,13,3,13,2,1,0,0,0,0,0,0,0,0
456755771,456567989,17592186211207,0.0016602424,0.021074004,0.041746054,0,0.16853882,0.15337195,nan,0.07982846,0.055952314,0.028021663,nan,nan,1.5100081,0.0,2490378,2490378,4028193,527633,nan,nan,nan,nan,0,831,13,3,13,2,1,0,0,0,0,0,0,0,0
456953027,456765028,17592186211207,0.0017822852,0.022002172,0.042327326,0,0.16827331,0.15314895,nan,0.083204515,0.054550517,0.028190969,nan,nan,1.4093224,0.0,2490378,2490378,4028193,527633,nan,nan,nan,nan,0,831,13,3,13,2,1,0,0,0,0,0,0,0,0
457149995,456962067,17592186211207,0.0015063154,0.020797173,0.038523745,0,0.16803755,0.15308248,nan,0.079900414,0.05127281,0.027357828,nan,nan,1.2051926,0.0,2490378,2490378,4028193,527633,nan,nan,nan,nan,0,831,13,3,13,2,1,0,0,0,0,0,0,0,0
457356797,457168959,17592186211207,0.000997807,0.01774883,0.03214095,0,0.1683743,0.15323073,nan,0.069979884,0.04589532,0.029062383,nan,nan,1.043192,0.0,2490378,2490378,4028193,527633,nan,nan,nan,nan,0,831,13,3,13,2,1,0,0,0,0,0,0,0,0
457553759,457365998,17592186211207,0.0008139409,0.018334066,0.030251596,0,0.16816725,0.15317422,nan,0.063095234,0.03956717,0.033668574,nan,nan,0.8892621,0.0,2490378,2490378,4028193,527633,nan,nan,nan,nan,0,831,13,3,13,2,1,0,0,0,0,0,0,0,0
457751063,457563037,17592186211207,0.0006947708,0.014950578,0.027277876,0,0.1679469,0.1529698,nan,0.056013744,0.033392664,0.036923405,nan,nan,0.73669624,0.0,2490378,2490378,4028193,527633,nan,nan,nan,nan,0,831,13,3,13,2,1,0,0,0,0,0,0,0,0
457947845,457760076,17592186211207,0.00075010443,0.01556213,0.030269561,0,0.1677547,0.1529224,nan,0.054887746,0.03670798,0.04200949,nan,nan,0.35294685,0.0,2490378,2490378,4028193,527633,nan,nan,nan,nan,0,831,13,3,13,2,1,0,0,0,0,0,0,0,0
458154843,457966967,17592186211207,0.00051632,0.0073997327,0.018328853,0,0.16827597,0.15313618,nan,0.045523204,0.039996963,0.045674257,nan,nan,0.28600132,0.0,2490378,2490378,4028193,527633,nan,nan,nan,nan,0,831,13,3,13,2,1,0,0,0,0,0,0,0,0
458351797,458164006,17592186211207,0.0007886162,0.008473031,0.014719757,0,0.16792682,0.15302765,nan,0.040783267,0.042342465,0.047124527,nan,nan,0.50473785,0.0,2490378,2490378,4028193,527633,nan,nan,nan,nan,0,831,13,3,13,2,1,0,0,0,0,0,0,0,0
458549118,458361045,17592186211207,0.0020673922,0.017785309,0.023498291,0,0.16777585,0.15284742,nan,0.06081653,0.04624839,0.047168918,nan,nan,0.5919034,0.0,2490378,2490378,4028193,527633,nan,nan,nan,nan,0,831,13,3,13,2,1,0,0,0,0,0,0,0,0
458755686,458567935,17592186211207,0.002354385,0.015831446,0.027285542,0,0.1682582,0.1531958,nan,0.078496404,0.050804894,0.0454515,nan,nan,0.59363633,0.0,2490378,2490378,4028193,527633,nan,nan,nan,nan,0,831,13,3,13,2,1,0,0,0,0,0,0,0,0
458952855,458764974,17592186211207,0.0013465864,0.0133348685,0.02719357,0,0.16800484,0.1529786,nan,0.078958035,0.05568779,0.044865288,nan,nan,0.5431232,0.0,2490378,2490378,4028193,527633,nan,nan,nan,nan,0,831,13,3,13,2,1,0,0,0,0,0,0,0,0
459149817,458962013,17592186211207,0.0011714217,0.014058482,0.02340578,0,0.16778766,0.15291741,nan,0.06451757,0.05851213,0.041766115,nan,nan,0.4793326,0.0,2490378,2490378,4028193,527633,nan,nan,nan,nan,0,831,13,3,13,2,1,0,0,0,0,0,0,0,0
459357084,459168904,17592186211207,0.0022832733,0.022469085,0.03030701,0,0.1680934,0.15304916,nan,0.084003106,0.058727447,0.038415257,nan,nan,0.3661669,0.0,2490378,2490378,4028193,527633,nan,nan,nan,nan,0,831,13,3,13,2,1,0,0,0,0,0,0,0,0
459553746,459365943,17592186211207,0.002139599,0.02265853,0.03204161,0,0.1679379,0.15301003,nan,0.08258267,0.059002824,0.036512617,nan,nan,0.3211335,0.0,2490378,2490378,4028193,527633,nan,nan,nan,nan,0,831,13,3,13,2,1,0,0,0,0,0,0,0,0
459750729,459562982,17592186211207,0.0021101853,0.024747927,0.03601433,0,0.1677185,0.1529468,nan,0.086860254,0.05936859,0.035749614,nan,nan,0.28884473,0.0,2490378,2490378,4028193,527633,nan,nan,nan,nan,0,831,13,3,13,2,1,0,0,0,0,0,0,0,0
459947794,459760021,17592186211207,0.0017979462,0.024072861,0.03627314,0,0.1675241,0.15275088,nan,0.08108012,0.059062384,0.0352288,nan,nan,0.2627975,0.0,2490378,2490378,4028193,527633,nan,nan,nan,nan,0,831,13,3,13,2,1,0,0,0,0,0,0,0,0
460154982,459966912,17592186211207,0.0010437189,0.016287088,0.027324673,0,0.16801034,0.15295704,nan,0.069447584,0.05799161,0.035478923,nan,nan,0.24069998,0.0,2490378,2490378,4028193,527633,nan,nan,nan,nan,0,831,13,3,13,2,1,0,0,0,0,0,0,0,0
460351654,460163951,17592186211207,0.00041708606,0.008047281,0.017299403,0,0.1676713,0.15286173,nan,0.061281815,0.05751152,0.035178605,nan,nan,0.20739338,0.0,2490378,2490378,4028193,527633,nan,nan,nan,nan,0,831,13,3,13,2,1,0,0,0,0,0,0,0,0
460548751,460360991,17592186211207,0.00044432178,0.013156695,0.023160383,0,0.16744721,0.15280917,nan,0.056132972,0.05618127,0.035917506,nan,nan,0.1703912,0.0,2490378,2490378,4028193,527633,nan,nan,nan,nan,0,831,13,3,13,2,1,0,0,0,0,0,0,0,0
460755601,460567882,17592186211207,0.00056501484,0.006028429,0.012696602,0,0.16791895,0.15301773,nan,0.05983427,0.0539713,0.034675814,nan,nan,0.14361843,0.0,2490378,2490378,4028193,527633,nan,nan,nan,nan,0,831,13,3,13,2,1,0,0,0,0,0,0,0,0
460952640,460764921,17592186211207,0.00068145327,0.007851988,0.01392026,0,0.16771875,0.15297125,nan,0.05591047,0.050812464,0.034135964,nan,nan,0.12920612,0.0,2490378,2490378,4028193,527633,nan,nan,nan,nan,0,831,13,3,13,2,1,0,0,0,0,0,0,0,0
461149744,460961960,17592186211207,0.0005995783,0.0067131897,0.013591812,0,0.167553,0.15279236,nan,0.06237768,0.04692202,0.033692606,nan,nan,0.16453212,0.0,2490378,2490378,4028193,527633,nan,nan,nan,nan,0,831,13,3,13,2,1,0,0,0,0,0,0,0,0
461346856,461158999,17592186211207,0.0012090009,0.011781092,0.018802622,0,0.16721335,0.15268745,nan,0.05532112,0.04370326,0.033051528,nan,nan,0.23623264,0.0,2490378,2490378,4028193,527633,nan,nan,nan,nan,0,831,13,3,13,2,1,0,0,0,0,0,0,0,0
461553609,461365890,17592186211207,0.0003895409,0.003453686,0.0056965053,0,0.16776066,0.15290835,nan,0.054278947,0.040827107,0.03238488,nan,nan,0.31691036,0.0,2490378,2490378,4028193,527633,nan,nan,nan,nan,0,831,13,3,13,2,1,0,0,0,0,0,0,0,0
461750669,461562929,17592186211207,0.00027361992,0.0050971285,0.008735741,0,0.16758095,0.15285769,nan,0.050902694,0.038082264,0.031406574,nan,nan,0.38385776,0.0,2490378,2490378,4028193,527633,nan,nan,nan,nan,0,831,13,3,13,2,1,0,0,0,0,0,0,0,0
461957600,461769820,17592186211207,0.0008940617,0.00588332,0.014701341,0,0.16810967,0.15306726,nan,0.07495855,0.036272217,0.028695703,nan,nan,0.4514956,0.0,2490378,2490378,4028193,527633,nan,nan,nan,nan,0,831,13,3,13,2,1,0,0,0,0,0,0,0,0
462154598,461966859,17592186211207,0.0026052112,0.0128968265,0.021560566,0,0.16799335,0.15303755,nan,0.066648155,0.033532016,0.026761847,nan,nan,0.51192075,0.0,2490378,2490378,4028193,527633,nan,nan,nan,nan,0,831,13,3,13,2,1,0,0,0,0,0,0,0,0
462351735,462163898,17592186211207,0.00036287852,0.006312801,0.013264018,0,0.16776784,0.1528202,nan,0.075787745,0.031299394,0.023341808,nan,nan,0.58288306,0.0,2490378,2490378,4028193,527633,nan,nan,nan,nan,0,831,13,3,13,2,1,0,0,0,0,0,0,0,0
462548686,462360937,17592186211207,0.0037959907,0.04272935,0.058928262,0,0.16762264,0.152774,nan,0.1790281,0.028412651,0.020357534,nan,nan,0.5785643,0.0,2490378,2490378,4028193,527633,nan,nan,nan,nan,0,831,13,3,13,2,1,0,0,0,0,0,0,0,0
462755640,462567828,17592186211207,0.004127977,0.038086493,0.061873943,0,0.1681713,0.152985,nan,0.17167951,0.025856093,0.018856602,nan,nan,0.5597097,0.0,2490378,2490378,4028193,527633,nan,nan,nan,nan,0,831,13,3,13,2,1,0,0,0,0,0,0,0,0
462952586,462764867,17592186211207,0.0014669427,0.02462127,0.043678254,0,0.16804734,0.15295851,nan,0.14071313,0.022664156,0.020159688,nan,nan,0.5533153,0.0,2490378,2490378,4028193,527633,nan,nan,nan,nan,0,831,13,3,13,2,1,0,0,0,0,0,0,0,0
463149706,462961907,17592186211207,0.00047937632,0.01082069,0.025366956,0,0.16780362,0.15289068,nan,0.1059847,0.01965075,0.023509862,nan,nan,0.5040646,0.0,2490378,2490378,4028193,527633,nan,nan,nan,nan,0,831,13,3,13,2,1,0,0,0,0,0,0,0,0
463356529,463168797,17592186211207,0.0005007631,0.004416961,0.017984536,0,0.16819324,0.15305,nan,0.08420719,0.017388772,0.02571034,nan,nan,0.56656855,0.0,2490378,2490378,4028193,527633,nan,nan,nan,nan,0,831,13,3,13,2,1,0,0,0,0,0,0,0,0
463553585,463365836,17592186211207,0.0011466404,0.0133093465,0.02535811,0,0.16806841,0.1528712,nan,0.094159395,0.015013674,0.028275438,nan,nan,0.5709027,0.0,2490378,2490378,4028193,527633,nan,nan,nan,nan,0,831,13,3,13,2,1,0,0,0,0,0,0,0,0
463750590,463562875,17592186211207,0.0017187743,0.019466782,0.032659814,0,0.16787003,0.15281443,nan,0.103295915,0.020083055,0.029061813,nan,nan,0.5257075,0.0,2490378,2490378,4028193,527633,nan,nan,nan,nan,0,831,13,3,13,2,1,0,0,0,0,0,0,0,0
463947646,463759914,17592186211207,0.0014426962,0.013542469,0.024502054,0,0.16770634,0.15276515,nan,0.089675725,0.023539772,0.030504774,nan,nan,0.46914494,0.0,2490378,2490378,4028193,527633,nan,nan,nan,nan,0,831,13,3,13,2,1,0,0,0,0,0,0,0,0
464154565,463966805,17592186211207,0.00187017,0.026151944,0.043792516,0,0.16825871,0.15297562,nan,0.12036932,0.029292122,0.031401098,nan,nan,0.42754662,0.0,2490378,2490378,4028193,527633,nan,nan,nan,nan,0,831,13,3,13,2,1,0,0,0,0,0,0,0,0
464351596,464163844,17592186211207,0.0014468782,0.018789984,0.036191836,0,0.1679373,0.15286548,nan,0.10469148,0.032785665,0.031392984,nan,nan,0.3718566,0.0,2490378,2490378,4028193,527633,nan,nan,nan,nan,0,831,13,3,13,2,1,0,0,0,0,0,0,0,0
464548624,464360883,17592186211207,0.0006709416,0.008349309,0.020961968,0,0.16782275,0.15268919,nan,0.08828651,0.033770826,0.03058295,nan,nan,0.2512603,0.0,2490378,2490378,4028193,527633,nan,nan,nan,nan,0,831,13,3,13,2,1,0,0,0,0,0,0,0,0
464755497,464567774,17592186211207,0.0006040672,0.009739253,0.015005759,0,0.16835853,0.15304378,nan,0.07702339,0.034149487,0.029404566,nan,nan,0.6018746,0.0,2490378,2490378,4028193,527633,nan,nan,nan,nan,0,831,13,3,13,2,1,0,0,0,0,0,0,0,0
464952532,464764813,17592186211207,0.00053827214,0.0028600888,0.010455706,0,0.16826615,0.15286934,nan,0.073798515,0.035184707,0.027519677,nan,nan,0.8631265,0.0,2490378,2490378,4028193,527633,nan,nan,nan,nan,0,831,13,3,13,2,1,0,0,0,0,0,0,0,0
465149577,464961852,17592186211207,0.00065964274,0.013181861,0.014412753,0,0.16819708,0.15284774,nan,0.0528702,0.034247365,0.025714897,nan,nan,0.8962084,0.0,2490378,2490378,4028193,527633,nan,nan,nan,nan,0,831,13,3,13,2,1,0,0,0,0,0,0,0,0
465346748,465158891,17592186211207,0.0008508675,0.009341973,0.007092745,0,0.16791771,0.15260902,nan,0.036377132,0.035235323,0.022128567,nan,nan,0.8192578,0.0,2490378,2490378,4028193,527633,nan,nan,nan,nan,0,831,13,3,13,2,1,0,0,0,0,0,0,0,0
465553544,465365783,17592186211207,0.000887118,0.004912609,0.011899498,0,0.1684834,0.15296768,nan,0.033381663,0.035213817,0.019557899,nan,nan,0.8177149,0.0,2490378,2490378,4028193,527633,nan,nan,nan,nan,0,831,13,3,13,2,1,0,0,0,0,0,0,0,0
465750569,465562821,17592186211207,0.001056889,0.004536627,0.012565154,0,0.16836552,0.15279648,nan,0.041125618,0.03601966,0.016920757,nan,nan,0.8219933,0.0,2490378,2490378,4028193,527633,nan,nan,nan,nan,0,831,13,3,13,2,1,0,0,0,0,0,0,0,0
465957448,465769712,17592186211207,0.00069518754,0.005590243,0.015755674,0,0.16893087,0.15317309,nan,0.03888481,0.036081463,0.01434409,nan,nan,0.7970269,0.0,2490378,2490378,4028193,527633,nan,nan,nan,nan,0,831,13,3,13,2,1,0,0,0,0,0,0,0,0
466154530,465966751,17592186211207,0.0008971937,0.015983207,0.028056756,0,0.1687405,0.15298502,nan,0.067977935,0.035916783,0.012720581,nan,nan,0.80941296,0.0,2490378,2490378,4028193,527633,nan,nan,nan,nan,0,831,13,3,13,2,1,0,0,0,0,0,0,0,0
466351505,466163791,17592186211207,0.00042127122,0.011910913,0.02426343,0,0.16847776,0.15292042,nan,0.055442505,0.035665482,0.013518603,nan,nan,0.8094998,0.0,2490378,2490378,4028193,527633,nan,nan,nan,nan,0,831,13,3,13,2,1,0,0,0,0,0,0,0,0
466548582,466360830,17592186211207,0.00015005984,0.010042217,0.021711065,0,0.16828118,0.15273502,nan,0.046189208,0.035754155,0.015611475,nan,nan,0.80752516,0.0,2490378,2490378,4028193,527633,nan,nan,nan,nan,0,831,13,3,13,2,1,0,0,0,0,0,0,0,0
466755470,466567721,17592186211207,0.0003251536,0.012845301,0.02572041,0,0.16875087,0.15308213,nan,0.03880249,0.035212986,0.018290523,nan,nan,0.836859,0.0,2490378,2490378,4028193,527633,nan,nan,nan,nan,0,831,13,3,13,2,1,0,0,0,0,0,0,0,0
466952472,466764760,17592186211207,0.0014211212,0.019933892,0.03299863,0,0.16856429,0.15304326,nan,0.062757015,0.03350216,0.020334184,nan,nan,0.8058978,0.0,2490378,2490378,4028193,527633,nan,nan,nan,nan,0,831,13,3,13,2,1,0,0,0,0,0,0,0,0
467149519,466961799,17592186211207,0.0010402424,0.020984195,0.029699622,0,0.16840829,0.15286925,nan,0.07731572,0.03274661,0.020743785,nan,nan,0.7080965,0.0,2490378,2490378,4028193,527633,nan,nan,nan,nan,0,831,13,3,13,2,1,0,0,0,0,0,0,0,0
467356476,467168690,17592186211207,0.0010994462,0.020277394,0.027573133,0,0.16878328,0.15303056,nan,0.08910272,0.032439884,0.019410996,nan,nan,0.5501155,0.0,2490378,2490378,4028193,527633,nan,nan,nan,nan,0,831,13,3,13,2,1,0,0,0,0,0,0,0,0
467553504,467365729,17592186211207,0.00051284925,0.01203419,0.019398892,0,0.16861588,0.15298802,nan,0.07501544,0.032709036,0.019542504,nan,nan,0.3557046,0.0,2490378,2490378,4028193,527633,nan,nan,nan,nan,0,831,13,3,13,2,1,0,0,0,0,0,0,0,0
467750517,467562768,17592186211207,0.000478638,0.009031387,0.012072213,0,0.16843158,0.15293713,nan,0.0732216,0.0335312,0.01826454,nan,nan,0.6372297,0.0,2490378,2490378,4028193,527633,nan,nan,nan,nan,0,831,13,3,13,2,1,0,0,0,0,0,0,0,0
467947558,467759808,17592186211207,0.00047011892,0.002391482,0.007341989,0,0.16829456,0.15275155,nan,0.052352186,0.035699934,0.0179904,nan,nan,0.84891844,0.0,2490378,2490378,4028193,527633,nan,nan,nan,nan,0,831,13,3,13,2,1,0,0,0,0,0,0,0,0
468154438,467966699,17592186211207,0.0003385535,0.0052726883,0.008802321,0,0.16882025,0.15309589,nan,0.058511537,0.037046805,0.017337516,nan,nan,0.97965354,0.0,2490378,2490378,4028193,527633,nan,nan,nan,nan,0,831,13,3,13,2,1,0,0,0,0,0,0,0,0
468351455,468163738,17592186211207,0.00053746527,0.0067348755,0.0042696823,0,0.16852915,0.15286307,nan,0.06005133,0.038512733,0.01708225,nan,nan,1.0010005,0.0,2490378,2490378,4028193,527633,nan,nan,nan,nan,0,831,13,3,13,2,1,0,0,0,0,0,0,0,0
468558372,468370630,17592186211207,0.0008509079,0.0076343156,0.009311258,0,0.16898088,0.15319544,nan,0.061061934,0.03808682,0.016833836,nan,nan,0.9983036,0.0,2490378,2490378,4028193,527633,nan,nan,nan,nan,0,831,13,3,13,2,1,0,0,0,0,0,0,0,0
468755388,468567669,17592186211207,0.0008088861,0.00647704,0.009366253,0,0.16878234,0.15299903,nan,0.0591611,0.035557836,0.016610406,nan,nan,1.0348289,0.0,2490378,2490378,4028193,527633,nan,nan,nan,nan,0,831,13,3,13,2,1,0,0,0,0,0,0,0,0
468952428,468764708,17592186211207,0.0008738357,0.013239462,0.018137228,0,0.16862467,0.15295753,nan,0.08654004,0.0333083,0.015248569,nan,nan,1.0836841,0.0,2490378,2490378,4028193,527633,nan,nan,nan,nan,0,831,13,3,13,2,1,0,0,0,0,0,0,0,0
469149542,468961747,17592186211207,0.0009971734,0.015465116,0.022124328,0,0.16846266,0.15277848,nan,0.083354086,0.029703915,0.017064802,nan,nan,1.0743803,0.0,2490378,2490378,4028193,527633,nan,nan,nan,nan,0,831,13,3,13,2,1,0,0,0,0,0,0,0,0
469356411,469168639,17592186211207,0.0013821959,0.020883027,0.03037606,0,0.16883545,0.15309736,nan,0.11384178,0.026840199,0.02007688,nan,nan,1.0339249,0.0,2490378,2490378,4028193,527633,nan,nan,nan,nan,0,831,13,3,13,2,1,0,0,0,0,0,0,0,0
469553429,469365678,17592186211207,0.0016122982,0.02355117,0.031292696,0,0.16861202,0.15290308,nan,0.10027685,0.02542861,0.025309615,nan,nan,0.94749117,0.0,2490378,2490378,4028193,527633,nan,nan,nan,nan,0,831,13,3,13,2,1,0,0,0,0,0,0,0,0
469750415,469562717,17592186211207,0.0027206358,0.031075714,0.045705356,0,0.16845429,0.15286563,nan,0.12655288,0.02670818,0.027974386,nan,nan,0.8915407,0.0,2490378,2490378,4028193,527633,nan,nan,nan,nan,0,831,13,3,13,2,1,0,0,0,0,0,0,0,0
469957340,469769609,17592186211207,0.0019173987,0.020468399,0.032868683,0,0.16901316,0.15308453,nan,0.11449886,0.027729116,0.03250809,nan,nan,0.81301355,0.0,2490378,2490378,4028193,527633,nan,nan,nan,nan,0,831,13,3,13,2,1,0,0,0,0,0,0,0,0
470154420,469966650,17592186211207,0.00019421795,0.0050286213,0.00863499,0,0.16883247,0.15303332,nan,0.060391143,0.025503099,0.035660606,nan,nan,0.66481495,0.0,2490378,2490378,4028193,527633,nan,nan,nan,nan,0,831,13,3,13,2,1,0,0,0,0,0,0,0,0
470351464,470163688,17592186211207,0.0009709945,0.011305823,0.021551814,0,0.16857001,0.15281333,nan,0.09577424,0.02161201,0.039335236,nan,nan,0.3655948,0.0,2490378,2490378,4028193,527633,nan,nan,nan,nan,0,831,13,3,13,2,1,0,0,0,0,0,0,0,0
470548445,470360727,17592186211207,0.00079813664,0.012214837,0.024642192,0,0.16836245,0.15276602,nan,0.08639534,0.018254984,0.0418937,nan,nan,0.34315723,0.0,2490378,2490378,4028193,527633,nan,nan,nan,nan,0,831,13,3,13,2,1,0,0,0,0,0,0,0,0
470755364,470567618,17592186211207,0.00092154485,0.010180589,0.013367591,0,0.1687906,0.1529583,nan,0.091410115,0.016412979,0.04482753,nan,nan,0.29920632,0.0,2490378,2490378,4028193,527633,nan,nan,nan,nan,0,831,13,3,13,2,1,0,0,0,0,0,0,0,0
470952380,470764658,17592186211207,0.0024450766,0.030815015,0.04317929,0,0.16862987,0.15293014,nan,0.16314003,0.018089708,0.047776077,nan,nan,0.21842113,0.0,2490378,2490378,4028193,527633,nan,nan,nan,nan,0,831,13,3,13,2,1,0,0,0,0,0,0,0,0
471149435,470961697,17592186211207,0.0011585196,0.0072465823,0.0107422955,0,0.16849703,0.15289298,nan,0.12768431,0.017234925,0.050920155,nan,nan,0.670239,0.0,2490378,2490378,4028193,527633,nan,nan,nan,nan,0,831,13,3,13,2,1,0,0,0,0,0,0,0,0
471356332,471168589,17592186211207,0.004039193,0.052096896,0.07080235,0,0.16903245,0.15308118,nan,0.24817811,0.01908045,0.052194804,nan,nan,0.86695695,0.0,2490378,2490378,4028193,527633,nan,nan,nan,nan,0,831,13,3,13,2,1,0,0,0,0,0,0,0,0
471553402,471365628,17592186211207,0.0017883078,0.024155756,0.03719321,0,0.16937329,0.15316665,nan,0.20556465,0.020803895,0.05416971,nan,nan,0.9028433,0.0,2490378,2490378,4028193,527633,nan,nan,nan,nan,0,831,13,3,13,2,1,0,0,0,0,0,0,0,0
471750390,471562668,17592186211207,0.0024137658,0.00869131,0.012031906,0,0.1706075,0.15337624,nan,0.12902865,0.01794425,0.05431045,nan,nan,0.8637794,0.0,2490378,2490378,4028193,527633,nan,nan,nan,nan,0,831,13,3,13,2,1,0,0,0,0,0,0,0,0
471957307,471769559,17592186211207,0.004358467,0.025412504,0.03427164,0,0.1716404,0.15391575,nan,0.054337975,0.014015998,0.051344074,nan,nan,0.79975027,0.0,2490378,2490378,4028193,527633,nan,nan,nan,nan,0,831,13,3,13,2,1,0,0,0,0,0,0,0,0
472154327,471966598,17592186211207,0.005459199,0.032022938,0.04662779,0,0.1711099,0.15368946,nan,0.09125985,0.012262578,0.04835427,nan,nan,0.78766567,0.0,2490378,2490378,4028193,527633,nan,nan,nan,nan,0,831,13,3,13,2,1,0,0,0,0,0,0,0,0
472351357,472163637,17592186211207,0.0044322517,0.025552144,0.041445658,0,0.17049529,0.15356745,nan,0.08857165,0.015224752,0.04699567,nan,nan,0.7952645,0.0,2490378,2490378,4028193,527633,nan,nan,nan,nan,0,831,13,3,13,2,1,0,0,0,0,0,0,0,0
472548438,472360676,17592186211207,0.0017902888,0.008956649,0.010374063,0,0.17002322,0.15332195,nan,0.07731456,0.015833143,0.047035664,nan,nan,0.83866376,0.0,2490378,2490378,4028193,527633,nan,nan,nan,nan,0,831,13,3,13,2,1,0,0,0,0,0,0,0,0
472755285,472567568,17592186211207,0.0020525665,0.026044821,0.028504549,0,0.1703978,0.15365905,nan,0.1244461,0.014535383,0.046502847,nan,nan,0.9631677,0.0,2490378,2490378,4028193,527633,nan,nan,nan,nan,0,831,13,3,13,2,1,0,0,0,0,0,0,0,0
472952329,472764607,17592186211207,0.0014012329,0.016260624,0.025017066,0,0.17001967,0.15344152,nan,0.07637533,0.0121129155,0.045608737,nan,nan,0.9421115,0.0,2490378,2490378,4028193,527633,nan,nan,nan,nan,0,831,13,3,13,2,1,0,0,0,0,0,0,0,0
473149372,472961646,17592186211207,0.0020404959,0.036155723,0.051839847,0,0.16959473,0.153347,nan,0.1361533,0.008278998,0.04575008,nan,nan,0.91950583,0.0,2490378,2490378,4028193,527633,nan,nan,nan,nan,0,831,13,3,13,2,1,0,0,0,0,0,0,0,0
473356318,473168538,17592186211207,0.001691959,0.01975765,0.034180485,0,0.16977134,0.15345931,nan,0.11300836,0.0066345916,0.04541295,nan,nan,0.91698575,0.0,2490378,2490378,4028193,527633,nan,nan,nan,nan,0,831,13,3,13,2,1,0,0,0,0,0,0,0,0
473553293,473365577,17592186211207,0.001648918,0.01788534,0.02807391,0,0.16935587,0.15335378,nan,0.09548309,0.0076142726,0.044219725,nan,nan,0.8949017,0.0,2490378,2490378,4028193,527633,nan,nan,nan,nan,0,831,13,3,13,2,1,0,0,0,0,0,0,0,0
473750388,473562616,17592186211207,0.0018327456,0.023342581,0.035902787,0,0.16900603,0.15311278,nan,0.11395242,0.0067253,0.044211976,nan,nan,0.8922705,0.0,2490378,2490378,4028193,527633,nan,nan,nan,nan,0,831,13,3,13,2,1,0,0,0,0,0,0,0,0
473947382,473759656,17592186211207,0.00080293836,0.015607049,0.027641777,0,0.16871756,0.15303044,nan,0.10339221,0.0070289774,0.04254598,nan,nan,0.94323367,0.0,2490378,2490378,4028193,527633,nan,nan,nan,nan,0,831,13,3,13,2,1,0,0,0,0,0,0,0,0
474154318,473966547,17592186211207,0.00039856482,0.010566101,0.019877527,0,0.16907611,0.15318829,nan,0.08848576,0.00889888,0.042732216,nan,nan,0.9191742,0.0,2490378,2490378,4028193,527633,nan,nan,nan,nan,0,831,13,3,13,2,1,0,0,0,0,0,0,0,0
474351339,474163586,17592186211207,0.0005046073,0.013169355,0.021047844,0,0.1686678,0.15306436,nan,0.08207119,0.012838794,0.044595018,nan,nan,0.88355595,0.0,2490378,2490378,4028193,527633,nan,nan,nan,nan,0,831,13,3,13,2,1,0,0,0,0,0,0,0,0
474548346,474360626,17592186211207,0.0007118785,0.009026985,0.015365931,0,0.16847037,0.15300098,nan,0.07048254,0.012970002,0.045990083,nan,nan,0.9047917,0.0,2490378,2490378,4028193,527633,nan,nan,nan,nan,0,831,13,3,13,2,1,0,0,0,0,0,0,0,0
474755228,474567517,17592186211207,0.00095836667,0.015442105,0.022747207,0,0.16896601,0.15319619,nan,0.06958245,0.01445906,0.048982784,nan,nan,0.9615324,0.0,2490378,2490378,4028193,527633,nan,nan,nan,nan,0,831,13,3,13,2,1,0,0,0,0,0,0,0,0
474952282,474764557,17592186211207,0.0005032933,0.009157996,0.016094796,0,0.16869809,0.15312243,nan,0.07699171,0.015557568,0.05026776,nan,nan,0.84097916,0.0,2490378,2490378,4028193,527633,nan,nan,nan,nan,0,831,13,3,13,2,1,0,0,0,0,0,0,0,0
475149317,474961596,17592186211207,0.0017451736,0.014622408,0.023136713,0,0.16845272,0.15291476,nan,0.08895193,0.018021923,0.052925937,nan,nan,0.7733494,0.0,2490378,2490378,4028193,527633,nan,nan,nan,nan,0,831,13,3,13,2,1,0,0,0,0,0,0,0,0
475346372,475158636,17592186211207,0.00030849158,0.009786883,0.010899329,0,0.16809231,0.15279855,nan,0.04976259,0.016646145,0.052488122,nan,nan,0.7346064,0.0,2490378,2490378,4028193,527633,nan,nan,nan,nan,0,831,13,3,13,2,1,0,0,0,0,0,0,0,0
475553275,475365527,17592186211207,0.0013545746,0.01204284,0.017396046,0,0.16854969,0.15297413,nan,0.081529535,0.016687805,0.051872656,nan,nan,0.67673844,0.0,2490378,2490378,4028193,527633,nan,nan,nan,nan,0,831,13,3,13,2,1,0,0,0,0,0,0,0,0
475750286,475562567,17592186211207,0.00043626662,0.010127,0.013187072,0,0.16835673,0.1529154,nan,0.060476016,0.01593305,0.05012616,nan,nan,0.5279418,0.0,2490378,2490378,4028193,527633,nan,nan,nan,nan,0,831,13,3,13,2,1,0,0,0,0,0,0,0,0
475957197,475769458,17592186211207,0.00047141244,0.010071209,0.019426042,0,0.16890687,0.15311375,nan,0.07218453,0.014522826,0.049118668,nan,nan,0.4670407,0.0,2490378,2490378,4028193,527633,nan,nan,nan,nan,0,831,13,3,13,2,1,0,0,0,0,0,0,0,0
476154231,475966498,17592186211207,0.0019115207,0.01854697,0.025193099,0,0.16869617,0.15304488,nan,0.077678174,0.013822885,0.045539983,nan,nan,0.40588173,0.0,2490378,2490378,4028193,527633,nan,nan,nan,nan,0,831,13,3,13,2,1,0,0,0,0,0,0,0,0
476351350,476163537,17592186211207,0.0005351366,0.012602528,0.025480408,0,0.16836463,0.15279289,nan,0.073421076,0.012597334,0.04218866,nan,nan,0.29710752,0.0,2490378,2490378,4028193,527633,nan,nan,nan,nan,0,831,13,3,13,2,1,0,0,0,0,0,0,0,0
476548309,476360577,17592186211207,0.0005096148,0.011725464,0.02542104,0,0.16816111,0.15273234,nan,0.06726534,0.010564505,0.038898647,nan,nan,0.21948414,0.0,2490378,2490378,4028193,527633,nan,nan,nan,nan,0,831,13,3,13,2,1,0,0,0,0,0,0,0,0
476755189,476567469,17592186211207,0.0010172662,0.011070107,0.024842659,0,0.16862121,0.15291202,nan,0.05685714,0.0153997475,0.036216177,nan,nan,0.14460899,0.0,2490378,2490378,4028193,527633,nan,nan,nan,nan,0,831,13,3,13,2,1,0,0,0,0,0,0,0,0
476952224,476764508,17592186211207,0.0014791912,0.020959938,0.038315296,0,0.16838102,0.1528414,nan,0.06852053,0.02026138,0.033999465,nan,nan,0.23460992,0.0,2490378,2490378,4028193,527633,nan,nan,nan,nan,0,831,13,3,13,2,1,0,0,0,0,0,0,0,0
477149280,476961548,17592186211207,0.0011292105,0.015155445,0.031220647,0,0.16817053,0.15278138,nan,0.05406885,0.023556102,0.030664096,nan,nan,0.28116643,0.0,2490378,2490378,4028193,527633,nan,nan,nan,nan,0,831,13,3,13,2,1,0,0,0,0,0,0,0,0
477356180,477168440,17592186211207,0.0012420877,0.021128915,0.039231624,0,0.16849114,0.15291531,nan,0.073455565,0.024457708,0.028240487,nan,nan,0.25130516,0.0,2490378,2490378,4028193,527633,nan,nan,nan,nan,0,831,13,3,13,2,1,0,0,0,0,0,0,0,0
477553265,477365479,17592186211207,0.0006960357,0.016542964,0.028117765,0,0.16834247,0.15271765,nan,0.06563515,0.023762904,0.026400696,nan,nan,0.23489152,0.0,2490378,2490378,4028193,527633,nan,nan,nan,nan,0,831,13,3,13,2,1,0,0,0,0,0,0,0,0
477750243,477562519,17592186211207,0.0007918358,0.01246057,0.022424394,0,0.16821833,0.15267695,nan,0.06413311,0.022211084,0.024034537,nan,nan,0.20482473,0.0,2490378,2490378,4028193,527633,nan,nan,nan,nan,0,831,13,3,13,2,1,0,0,0,0,0,0,0,0
477947285,477759559,17592186211207,0.00027778294,0.005910631,0.017700417,0,0.16805337,0.15262905,nan,0.046187557,0.02269319,0.022308985,nan,nan,0.14859658,0.0,2490378,2490378,4028193,527633,nan,nan,nan,nan,0,831,13,3,13,2,1,0,0,0,0,0,0,0,0
478154232,477966450,17592186211207,0.0008030657,0.014266136,0.02225771,0,0.16861163,0.15283886,nan,0.074838914,0.022049885,0.0217866,nan,nan,0.05883618,0.0,2490378,2490378,4028193,527633,nan,nan,nan,nan,0,831,13,3,13,2,1,0,0,0,0,0,0,0,0
478351209,478163490,17592186211207,0.0006332942,0.005004788,0.0147564635,0,0.16829738,0.15273085,nan,0.062084317,0.021424545,0.02083394,nan,nan,0.08210091,0.0,2490378,2490378,4028193,527633,nan,nan,nan,nan,0,831,13,3,13,2,1,0,0,0,0,0,0,0,0
478558172,478370382,17592186211207,0.0011250807,0.01140183,0.0181733,0,0.16878016,0.15291423,nan,0.090609126,0.021836642,0.023684671,nan,nan,0.30009022,0.0,2490378,2490378,4028193,527633,nan,nan,nan,nan,0,831,13,3,13,2,1,0,0,0,0,0,0,0,0
478755137,478567421,17592186211207,0.0013733556,0.014662687,0.022550013,0,0.16866569,0.1528774,nan,0.09412836,0.022211958,0.02756263,nan,nan,0.41872457,0.0,2490378,2490378,4028193,527633,nan,nan,nan,nan,0,831,13,3,13,2,1,0,0,0,0,0,0,0,0
478952178,478764461,17592186211207,0.00055713253,0.0058128,0.007588467,0,0.16854635,0.15268964,nan,0.05716863,0.022364333,0.029315269,nan,nan,0.5456699,0.0,2490378,2490378,4028193,527633,nan,nan,nan,nan,0,831,13,3,13,2,1,0,0,0,0,0,0,0,0
479149254,478961500,17592186211207,0.0015933933,0.02235421,0.030705,0,0.16833648,0.152625,nan,0.08257558,0.024211373,0.030842053,nan,nan,0.5918905,0.0,2490378,2490378,4028193,527633,nan,nan,nan,nan,0,831,13,3,13,2,1,0,0,0,0,0,0,0,0
479356196,479168392,17592186211207,0.0021114394,0.019497273,0.030584572,0,0.16865502,0.15275231,nan,0.07013339,0.025558565,0.032702927,nan,nan,0.63247204,0.0,2490378,2490378,4028193,527633,nan,nan,nan,nan,0,831,13,3,13,2,1,0,0,0,0,0,0,0,0
479553149,479365431,17592186211207,0.001362446,0.012454122,0.022684272,0,0.16850668,0.15270993,nan,0.058611736,0.028202847,0.033087537,nan,nan,0.6620091,0.0,2490378,2490378,4028193,527633,nan,nan,nan,nan,0,831,13,3,13,2,1,0,0,0,0,0,0,0,0
479750227,479562471,17592186211207,0.00035775866,0.011936035,0.015695587,0,0.16843033,0.15254812,nan,0.07450596,0.028794155,0.03326431,nan,nan,0.68787277,0.0,2490378,2490378,4028193,527633,nan,nan,nan,nan,0,831,13,3,13,2,1,0,0,0,0,0,0,0,0
479957085,479769362,17592186211207,0.00089016557,0.013771988,0.019277016,0,0.16895837,0.15289934,nan,0.07093908,0.028691342,0.032710664,nan,nan,0.6574313,0.0,2490378,2490378,4028193,527633,nan,nan,nan,nan,0,831,13,3,13,2,1,0,0,0,0,0,0,0,0
480154141,479966402,17592186211207,0.00026478176,0.007162696,0.012445098,0,0.16881515,0.152724,nan,0.058411673,0.030582877,0.031813446,nan,nan,0.50881267,0.0,2490378,2490378,4028193,527633,nan,nan,nan,nan,0,831,13,3,13,2,1,0,0,0,0,0,0,0,0
480351195,480163441,17592186211207,0.00039028664,0.003428889,0.009509183,0,0.1685101,0.15263912,nan,0.048697688,0.031771414,0.030928649,nan,nan,0.44098684,0.0,2490378,2490378,4028193,527633,nan,nan,nan,nan,0,831,13,3,13,2,1,0,0,0,0,0,0,0,0
480548242,480360481,17592186211207,0.0004712109,0.008218756,0.016464712,0,0.16827255,0.15243551,nan,0.059444256,0.03147026,0.029938053,nan,nan,0.32847324,0.0,2490378,2490378,4028193,527633,nan,nan,nan,nan,0,831,13,3,13,2,1,0,0,0,0,0,0,0,0
480755089,480567372,17592186211207,0.00057317014,0.008954758,0.015728662,0,0.1687902,0.15279347,nan,0.05328068,0.029646857,0.02815183,nan,nan,0.22290984,0.0,2490378,2490378,4028193,527633,nan,nan,nan,nan,0,831,13,3,13,2,1,0,0,0,0,0,0,0,0
480952200,480764412,17592186211207,0.001197388,0.010682009,0.014047041,0,0.16861162,0.15260892,nan,0.054898746,0.026797684,0.026777346,nan,nan,0.6634932,0.0,2490378,2490378,4028193,527633,nan,nan,nan,nan,0,831,13,3,13,2,1,0,0,0,0,0,0,0,0
481149188,480961451,17592186211207,0.0012792307,0.009135773,0.013299565,0,0.168454,0.1525789,nan,0.047181003,0.023538211,0.02623884,nan,nan,0.7191024,0.0,2490378,2490378,4028193,527633,nan,nan,nan,nan,0,831,13,3,13,2,1,0,0,0,0,0,0,0,0
481356099,481168343,17592186211207,0.000655095,0.008853007,0.013672459,0,0.1688254,0.15273994,nan,0.039093055,0.02054839,0.026444858,nan,nan,0.75342864,0.0,2490378,2490378,4028193,527633,nan,nan,nan,nan,0,831,13,3,13,2,1,0,0,0,0,0,0,0,0
481553190,481365383,17592186211207,0.00033696648,0.003494185,0.008164749,0,0.16864711,0.1526976,nan,0.03839568,0.018261498,0.025771556,nan,nan,0.80768657,0.0,2490378,2490378,4028193,527633,nan,nan,nan,nan,0,831,13,3,13,2,1,0,0,0,0,0,0,0,0
481750147,481562422,17592186211207,0.00013084496,0.0021795756,0.0069778864,0,0.1684556,0.15264705,nan,0.03533233,0.015618339,0.023238221,nan,nan,0.84563434,0.0,2490378,2490378,4028193,527633,nan,nan,nan,nan,0,831,13,3,13,2,1,0,0,0,0,0,0,0,0
481947191,481759462,17592186211207,0.00017878285,0.0054336386,0.01162066,0,0.16824746,0.15244682,nan,0.029552963,0.013224412,0.021655325,nan,nan,0.87937,0.0,2490378,2490378,4028193,527633,nan,nan,nan,nan,0,831,13,3,13,2,1,0,0,0,0,0,0,0,0
482154185,481966354,17592186211207,0.00030906222,0.008511929,0.015937015,0,0.1687444,0.15279032,nan,0.029004863,0.013726112,0.020484727,nan,nan,0.8961597,0.0,2490378,2490378,4028193,527633,nan,nan,nan,nan,0,831,13,3,13,2,1,0,0,0,0,0,0,0,0
482351112,482163394,17592186211207,0.00048268825,0.011214503,0.020186,0,0.16840447,0.15254478,nan,0.034512483,0.019279635,0.019294262,nan,nan,0.9061505,0.0,2490378,2490378,4028193,527633,nan,nan,nan,nan,0,831,13,3,13,2,1,0,0,0,0,0,0,0,0
482558008,482370285,17592186211207,0.0005381471,0.0087377485,0.01788754,0,0.16892007,0.15289421,nan,0.028241614,0.024375455,0.018191142,nan,nan,0.9050059,0.0,2490378,2490378,4028193,527633,nan,nan,nan,nan,0,831,13,3,13,2,1,0,0,0,0,0,0,0,0
482755077,482567325,17592186211207,0.000690069,0.012370875,0.023269827,0,0.1687751,0.15271717,nan,0.0411005,0.028063657,0.016914645,nan,nan,0.8979961,0.0,2490378,2490378,4028193,527633,nan,nan,nan,nan,0,831,13,3,13,2,1,0,0,0,0,0,0,0,0
482952084,482764365,17592186211207,0.000648274,0.012437633,0.023591116,0,0.16860242,0.15267834,nan,0.04713351,0.031125473,0.016986893,nan,nan,0.8844872,0.0,2490378,2490378,4028193,527633,nan,nan,nan,nan,0,831,13,3,13,2,1,0,0,0,0,0,0,0,0
483149127,482961405,17592186211207,0.00049710565,0.007175128,0.01575043,0,0.1684546,0.15250354,nan,0.0381306,0.034186594,0.016525904,nan,nan,0.85046107,0.0,2490378,2490378,4028193,527633,nan,nan,nan,nan,0,831,13,3,13,2,1,0,0,0,0,0,0,0,0
483356067,483168297,17592186211207,0.00024288108,0.0029935406,0.011622685,0,0.16883427,0.15280859,nan,0.03044336,0.036592107,0.015651051,nan,nan,0.84364086,0.0,2490378,2490378,4028193,527633,nan,nan,nan,nan,0,831,13,3,13,2,1,0,0,0,0,0,0,0,0
483553082,483365337,17592186211207,0.00026101165,0.005387311,0.013705447,0,0.16870497,0.15263642,nan,0.025763514,0.03719258,0.013801565,nan,nan,0.8424059,0.0,2490378,2490378,4028193,527633,nan,nan,nan,nan,0,831,13,3,13,2,1,0,0,0,0,0,0,0,0
483750092,483562377,17592186211207,0.00045771303,0.0043371893,0.012646972,0,0.16854349,0.15260182,nan,0.03214374,0.038244903,0.016245656,nan,nan,0.84461176,0.0,2490378,2490378,4028193,527633,nan,nan,nan,nan,0,831,13,3,13,2,1,0,0,0,0,0,0,0,0
483956999,483769268,17592186211207,0.0004543197,0.0066588963,0.01364073,0,0.16908996,0.15282083,nan,0.03058385,0.03994814,0.015200594,nan,nan,0.8189336,0.0,2490378,2490378,4028193,527633,nan,nan,nan,nan,0,831,13,3,13,2,1,0,0,0,0,0,0,0,0
484154056,483966308,17592186211207,0.0007174714,0.005999396,0.013766238,0,0.16887812,0.1527712,nan,0.026105642,0.04251663,0.014182333,nan,nan,0.8074255,0.0,2490378,2490378,4028193,527633,nan,nan,nan,nan,0,831,13,3,13,2,1,0,0,0,0,0,0,0,0
484351102,484163348,17592186211207,0.00063449744,0.008942967,0.014394472,0,0.1685174,0.15252239,nan,0.029828269,0.04589131,0.015139453,nan,nan,0.7757622,0.0,2490378,2490378,4028193,527633,nan,nan,nan,nan,0,831,13,3,13,2,1,0,0,0,0,0,0,0,0
484548206,484360388,17592186211207,0.0005058825,0.005179305,0.011431629,0,0.16837725,0.15249348,nan,0.025670612,0.047763474,0.015590224,nan,nan,0.64373827,0.0,2490378,2490378,4028193,527633,nan,nan,nan,nan,0,831,13,3,13,2,1,0,0,0,0,0,0,0,0
