timestamp,timestamp_sample,gps_hvel[0],gps_hvel[1],gps_vvel,gps_hpos[0],gps_hpos[1],gps_vpos,ev_hvel[0],ev_hvel[1],ev_vvel,ev_hpos[0],ev_hpos[1],ev_vpos,rng_vpos,baro_vpos,aux_hvel[0],aux_hvel[1],flow[0],flow[1],heading,mag_field[0],mag_field[1],mag_field[2],gravity[0],gravity[1],gravity[2],drag[0],drag[1],airspeed,beta,hagl,hagl_rate
39253522,39063376,0.09688105,0.09692153,0.20971292,0.26628405,0.26634207,0.6482178,0.0,0.0,0.0,0.0,0.0,0.0,0.0,12.390527,0.0,0.0,0.0,0.0,0.002545272,0.0025334156,0.0025445228,0.002545272,1.0000228,1.0000838,1.0000023,0.0,0.0,2.8471682,0.0,0.0,0.0
39752438,39562378,0.0973247,0.09731989,0.2102776,0.2662824,0.26635644,0.6388164,0.0,0.0,0.0,0.0,0.0,0.0,0.0,12.38979,0.0,0.0,0.0,0.0,0.0025539836,0.0025472667,0.0025539836,0.0025492618,1.0000236,1.0000782,1.0000008,0.0,0.0,2.9403546,0.0,0.0,0.0
40251293,40061381,0.097885005,0.09775166,0.21014692,0.26636773,0.26634836,0.6293982,0.0,0.0,0.0,0.0,0.0,0.0,0.0,12.390132,0.0,0.0,0.0,0.0,0.00257733,0.00257733,0.0025420783,0.002565786,1.0000203,1.0000725,1.0000032,0.0,0.0,2.8260427,0.0,0.0,0.0
40750581,40560384,0.09833857,0.09785255,0.20994559,0.26637754,0.2662833,0.61676544,0.0,0.0,0.0,0.0,0.0,0.0,0.0,12.391365,0.0,0.0,0.0,0.0,0.0025535703,0.0025535703,0.0025362638,0.00255046,1.0000182,1.0000637,1.0000021,0.0,0.0,2.2075453,0.0,0.0,0.0
41259306,41069367,0.09818873,0.097278304,0.20970915,0.2657729,0.26565692,0.6033924,0.0,0.0,0.0,0.0,0.0,0.0,0.0,12.388473,0.0,0.0,0.0,0.0,0.0025456273,0.0025427325,0.0025382473,0.0025456273,1.0000168,1.000056,1.0000015,0.0,0.0,2.4426818,0.0,0.0,0.0
41748323,41558390,0.09787305,0.09680674,0.20957862,0.26545048,0.26529846,0.5919092,0.0,0.0,0.0,0.0,0.0,0.0,0.0,12.388864,0.0,0.0,0.0,0.0,0.0025390591,0.002534952,0.0025331604,0.0025390591,1.0000169,1.0000492,1.0000012,0.0,0.0,2.6344063,0.0,0.0,0.0
42257329,42067373,0.098006174,0.096895136,0.20961985,0.26586756,0.2656546,0.5920864,0.0,0.0,0.0,0.0,0.0,0.0,0.0,12.388596,0.0,0.0,0.0,0.0,0.002535367,0.0025310675,0.0025315615,0.002535367,1.0000175,1.0000458,1.0000011,0.0,0.0,2.890062,0.0,0.0,0.0
42756309,42566376,0.0976291,0.096785165,0.20952694,0.26613706,0.26589608,0.5923054,0.0,0.0,0.0,0.0,0.0,0.0,0.0,12.388082,0.0,0.0,0.0,0.0,0.0025314721,0.002528468,0.0025273832,0.0025314721,1.0000178,1.0000411,1.000001,0.0,0.0,2.9304354,0.0,0.0,0.0
43255330,43065380,0.09743237,0.09686492,0.209431,0.26645935,0.2662068,0.5926013,0.0,0.0,0.0,0.0,0.0,0.0,0.0,12.389716,0.0,0.0,0.0,0.0,0.002527102,0.0025259408,0.0025234933,0.002527102,1.0000186,1.0000391,1.0000011,0.0,0.0,2.9861417,0.0,0.0,0.0
43754299,43564383,0.096963495,0.09673777,0.20910376,0.26635224,0.2661458,0.592438,0.0,0.0,0.0,0.0,0.0,0.0,0.0,12.389942,0.0,0.0,0.0,0.0,0.0025256139,0.0025256139,0.0025208031,0.002524863,1.0000184,1.0000367,1.0000014,0.0,0.0,3.0459893,0.0,0.0,0.0
44253306,44063387,0.09683768,0.096886955,0.20892724,0.26668334,0.2665216,0.5928056,0.0,0.0,0.0,0.0,0.0,0.0,0.0,12.38939,0.0,0.0,0.0,0.0,0.0025247186,0.0025247186,0.0025193347,0.0025231633,1.0000192,1.0000356,1.0000018,0.0,0.0,2.923966,0.0,0.0,0.0
44752359,44562391,0.09648889,0.09666127,0.20858724,0.2664113,0.26632425,0.5925109,0.0,0.0,0.0,0.0,0.0,0.0,0.0,12.388553,0.0,0.0,0.0,0.0,0.0025235768,0.0025235768,0.0025180797,0.0025218825,1.0000198,1.0000334,1.0000019,0.0,0.0,2.9529378,0.0,0.0,0.0
45251343,45061395,0.09640779,0.09667507,0.2083847,0.26637757,0.26634416,0.592352,0.0,0.0,0.0,0.0,0.0,0.0,0.0,12.388776,0.0,0.0,0.0,0.0,0.0025227307,0.0025227307,0.002516873,0.0025207228,1.0000204,1.0000324,1.0000024,0.0,0.0,2.9315243,0.0,0.0,0.0
45750320,45560399,0.09626363,0.09655661,0.20813932,0.26626927,0.26629013,0.592105,0.0,0.0,0.0,0.0,0.0,0.0,0.0,12.389396,0.0,0.0,0.0,0.0,0.0025216336,0.0025216336,0.002516701,0.0025196865,1.0000206,1.0000315,1.0000021,0.0,0.0,2.9032242,0.0,0.0,0.0
46249398,46059403,0.09633343,0.09662034,0.20801993,0.26639616,0.26645887,0.5921659,0.0,0.0,0.0,0.0,0.0,0.0,0.0,12.389072,0.0,0.0,0.0,0.0,0.0025204967,0.0025204967,0.0025165554,0.0025186187,1.0000213,1.0000315,1.0000019,0.0,0.0,2.829027,0.0,0.0,0.0
46758338,46568387,0.09618367,0.09646902,0.20781271,0.26617423,0.26626274,0.59170866,0.0,0.0,0.0,0.0,0.0,0.0,0.0,12.389037,0.0,0.0,0.0,0.0,0.0025195817,0.0025195817,0.0025159272,0.0025176622,1.0000219,1.0000299,1.000002,0.0,0.0,2.8844988,0.0,0.0,0.0
47257422,47067392,0.0960351,0.09626343,0.20759346,0.2656409,0.26573792,0.59083384,0.0,0.0,0.0,0.0,0.0,0.0,0.0,12.388325,0.0,0.0,0.0,0.0,0.0025187572,0.0025187572,0.0025154408,0.0025166841,1.0000223,1.0000291,1.000002,0.0,0.0,2.5090618,0.0,0.0,0.0
47756312,47566396,0.09586337,0.09608531,0.20740764,0.2651061,0.26520574,0.58994764,0.0,0.0,0.0,0.0,0.0,0.0,0.0,12.386229,0.0,0.0,0.0,0.0,0.0025180553,0.0025180553,0.0025148843,0.0025157568,1.0000232,1.0000279,1.000002,0.0,0.0,2.32742,0.0,0.0,0.0
48255617,48065401,0.096078314,0.09635374,0.20742899,0.26566455,0.26579657,0.5903886,0.0,0.0,0.0,0.0,0.0,0.0,0.0,12.38661,0.0,0.0,0.0,0.0,0.0025174844,0.0025174844,0.002514437,0.0025149551,1.000024,1.0000277,1.000002,0.0,0.0,2.8013234,0.0,0.0,0.0
48754315,48564406,0.09607142,0.09630839,0.20733292,0.26572254,0.26585928,0.5902604,0.0,0.0,0.0,0.0,0.0,0.0,0.0,12.387736,0.0,0.0,0.0,0.0,0.0025172648,0.0025172648,0.0025141763,0.0025147295,1.0000234,1.0000273,1.0000021,0.0,0.0,2.6080406,0.0,0.0,0.0
49253443,49063411,0.096261516,0.09646416,0.20732482,0.26614058,0.26628718,0.5905621,0.0,0.0,0.0,0.0,0.0,0.0,0.0,12.387265,0.0,0.0,0.0,0.0,0.0025169002,0.0025169002,0.0025138587,0.0025140569,1.0000241,1.000027,1.0000021,0.0,0.0,2.107439,0.0,0.0,0.0
49752342,49562416,0.09608232,0.09628239,0.20721333,0.26592308,0.2660574,0.5902338,0.0,0.0,0.0,0.0,0.0,0.0,0.0,12.387374,0.0,0.0,0.0,0.0,0.00251652,0.00251652,0.0025137712,0.0025137481,1.0000232,1.0000268,1.000002,0.0,0.0,2.489827,0.0,0.0,0.0
50251602,50061421,0.096227914,0.09644991,0.2072178,0.26627222,0.26641545,0.5904863,0.0,0.0,0.0,0.0,0.0,0.0,0.0,12.386861,0.0,0.0,0.0,0.0,0.0025175218,0.0025175218,0.0025145318,0.0025156927,1.0000203,1.0000293,1.0000027,0.0,0.0,2.4048667,0.0,0.0,0.0
50750535,50560426,0.096113876,0.09629461,0.2071553,0.26620787,0.26633963,0.5903304,0.0,0.0,0.0,0.0,0.0,0.0,0.0,12.387803,0.0,0.0,0.0,0.0,0.0025180457,0.0025180457,0.0025153027,0.0025156464,1.0000174,1.0000309,1.0000032,0.0,0.0,2.1117477,0.0,0.0,0.0
51259579,51069411,0.096188426,0.09637735,0.20715725,0.26635095,0.26648134,0.5903593,0.0,0.0,0.0,0.0,0.0,0.0,0.0,12.387233,0.0,0.0,0.0,0.0,0.0025193002,0.0025193002,0.0025162501,0.0025160124,1.0000165,1.0000323,1.0000032,0.0,0.0,2.1360874,0.0,0.0,0.0
51748540,51558437,0.09609962,0.09627157,0.20708925,0.26604944,0.26616663,0.58998954,0.0,0.0,0.0,0.0,0.0,0.0,0.0,12.387283,0.0,0.0,0.0,0.0,0.0025192515,0.0025192515,0.0025175817,0.0025151565,1.0000156,1.0000328,1.0000026,0.0,0.0,2.4977915,0.0,0.0,0.0
52257370,52067423,0.09619284,0.09625209,0.20708038,0.26608226,0.26619157,0.58989406,0.0,0.0,0.0,0.0,0.0,0.0,0.0,12.386776,0.0,0.0,0.0,0.0,0.002516236,0.002516236,0.0025157526,0.0025134778,1.0000178,1.0000315,1.0000021,0.0,0.0,2.3663301,0.0,0.0,0.0
52756385,52566428,0.096089594,0.096251085,0.20703201,0.26605147,0.26615408,0.589853,0.0,0.0,0.0,0.0,0.0,0.0,0.0,12.386158,0.0,0.0,0.0,0.0,0.0025172,0.0025170268,0.0025172,0.002513654,1.0000165,1.0000318,1.0000021,0.0,0.0,2.5505722,0.0,0.0,0.0
53255351,53065434,0.09624073,0.096287936,0.2070385,0.26622227,0.2663201,0.5899288,0.0,0.0,0.0,0.0,0.0,0.0,0.0,12.386324,0.0,0.0,0.0,0.0,0.0025173812,0.0025172317,0.0025173812,0.0025136452,1.0000165,1.000032,1.0000024,0.0,0.0,2.5545259,0.0,0.0,0.0
53754387,53564440,0.09614012,0.09614602,0.20698535,0.26603597,0.2661154,0.5896655,0.0,0.0,0.0,0.0,0.0,0.0,0.0,12.386971,0.0,0.0,0.0,0.0,0.0025171596,0.002516887,0.0025171596,0.0025131954,1.0000165,1.0000311,1.0000024,0.0,0.0,2.6819453,0.0,0.0,0.0
54253398,54063447,0.09613998,0.096140765,0.20696856,0.26606536,0.2661354,0.5896483,0.0,0.0,0.0,0.0,0.0,0.0,0.0,12.386767,0.0,0.0,0.0,0.0,0.002516341,0.0025161053,0.002516341,0.0025125893,1.0000172,1.0000306,1.0000026,0.0,0.0,2.4236689,0.0,0.0,0.0
54752380,54562453,0.096080534,0.09608468,0.20693779,0.26602986,0.26608825,0.5895608,0.0,0.0,0.0,0.0,0.0,0.0,0.0,12.386824,0.0,0.0,0.0,0.0,0.0025167172,0.0025165349,0.0025167172,0.002512801,1.0000166,1.0000302,1.0000027,0.0,0.0,2.4629087,0.0,0.0,0.0
55251418,55061459,0.09615102,0.096157275,0.20694847,0.26619208,0.26624373,0.589641,0.0,0.0,0.0,0.0,0.0,0.0,0.0,12.386359,0.0,0.0,0.0,0.0,0.0025163698,0.00251595,0.0025163698,0.0025124797,1.0000173,1.0000298,1.0000029,0.0,0.0,2.4190571,0.0,0.0,0.0
55750417,55560466,0.096055135,0.096053995,0.20690143,0.26602876,0.2660729,0.5894877,0.0,0.0,0.0,0.0,0.0,0.0,0.0,12.385779,0.0,0.0,0.0,0.0,0.0025163516,0.00251587,0.0025163516,0.0025121626,1.000017,1.0000291,1.0000029,0.0,0.0,2.4993892,0.0,0.0,0.0
56249392,56059472,0.096073605,0.09609318,0.20689112,0.26605475,0.266094,0.58942336,0.0,0.0,0.0,0.0,0.0,0.0,0.0,12.386285,0.0,0.0,0.0,0.0,0.0025159346,0.0025154823,0.0025159346,0.0025117667,1.0000175,1.0000288,1.0000031,0.0,0.0,2.2491167,0.0,0.0,0.0
56758488,56568459,0.09601043,0.09604697,0.20686674,0.26601717,0.26605257,0.58941007,0.0,0.0,0.0,0.0,0.0,0.0,0.0,12.385716,0.0,0.0,0.0,0.0,0.0025160043,0.0025152508,0.0025160043,0.0025114473,1.0000176,1.0000284,1.000003,0.0,0.0,2.2514825,0.0,0.0,0.0
57257407,57067466,0.096085794,0.0961264,0.20686881,0.2661596,0.26619565,0.5894821,0.0,0.0,0.0,0.0,0.0,0.0,0.0,12.386749,0.0,0.0,0.0,0.0,0.0025160164,0.0025149358,0.0025160164,0.0025110394,1.000018,1.0000284,1.000003,0.0,0.0,2.223652,0.0,0.0,0.0
57756499,57566473,0.09598156,0.096033536,0.20681888,0.2659796,0.26601425,0.5892597,0.0,0.0,0.0,0.0,0.0,0.0,0.0,12.386807,0.0,0.0,0.0,0.0,0.0025160448,0.0025146822,0.0025160448,0.0025107476,1.000018,1.000028,1.0000029,0.0,0.0,2.188566,0.0,0.0,0.0
58255388,58065480,0.095769,0.09582613,0.20672873,0.2653606,0.26539356,0.588528,0.0,0.0,0.0,0.0,0.0,0.0,0.0,12.385796,0.0,0.0,0.0,0.0,0.0025157367,0.002514469,0.0025157367,0.0025105155,1.000018,1.0000273,1.000003,0.0,0.0,2.1871138,0.0,0.0,0.0
58754567,58564488,0.09573121,0.095798425,0.20669013,0.26512158,0.26515675,0.588195,0.0,0.0,0.0,0.0,0.0,0.0,0.0,12.384426,0.0,0.0,0.0,0.0,0.0025156233,0.002514055,0.0025156233,0.002510181,1.0000184,1.000027,1.0000029,0.0,0.0,2.1620176,0.0,0.0,0.0
59253419,59063495,0.09565988,0.09572709,0.20664208,0.2648368,0.26487395,0.5877585,0.0,0.0,0.0,0.0,0.0,0.0,0.0,12.385133,0.0,0.0,0.0,0.0,0.0025152783,0.002513655,0.0025152783,0.0025099188,1.0000186,1.0000265,1.000003,0.0,0.0,2.1867518,0.0,0.0,0.0
59752501,59562503,0.0956356,0.095695965,0.20661432,0.26467606,0.26471594,0.58744085,0.0,0.0,0.0,0.0,0.0,0.0,0.0,12.384862,0.0,0.0,0.0,0.0,0.0025151568,0.0025133407,0.0025151568,0.0025096438,1.0000188,1.0000262,1.0000029,0.0,0.0,2.190997,0.0,0.0,0.0
60251456,60061511,0.095618606,0.09567481,0.20658335,0.26455644,0.26459762,0.5872415,0.0,0.0,0.0,0.0,0.0,0.0,0.0,12.38383,0.0,0.0,0.0,0.0,0.0025152357,0.0025130264,0.0025152357,0.0025093185,1.0000191,1.0000261,1.0000026,0.0,0.0,2.2874475,0.0,0.0,0.0
60750451,60560518,0.09562667,0.095688194,0.20656534,0.26452047,0.26456332,0.5870791,0.0,0.0,0.0,0.0,0.0,0.0,0.0,12.384428,0.0,0.0,0.0,0.0,0.0025150864,0.0025128562,0.0025150864,0.0025091171,1.0000191,1.0000261,1.0000027,0.0,0.0,2.3434005,0.0,0.0,0.0
61259438,61069506,0.09581651,0.09587717,0.20661166,0.26497796,0.2650256,0.5874548,0.0,0.0,0.0,0.0,0.0,0.0,0.0,12.384542,0.0,0.0,0.0,0.0,0.0025149153,0.0025127914,0.0025149153,0.0025090287,1.0000194,1.0000262,1.0000029,0.0,0.0,2.463065,0.0,0.0,0.0
61758424,61568514,0.09584179,0.09589066,0.2066358,0.26534626,0.26539633,0.58789665,0.0,0.0,0.0,0.0,0.0,0.0,0.0,12.384434,0.0,0.0,0.0,0.0,0.0025145048,0.002512029,0.0025145048,0.0025083805,1.0000204,1.0000256,1.0000024,0.0,0.0,2.886873,0.0,0.0,0.0
62257632,62067525,0.0959672,0.09689412,0.20665413,0.2656021,0.26566255,0.5881424,0.0,0.0,0.0,0.0,0.0,0.0,0.0,12.384885,0.0,0.0,0.0,0.0,0.002516213,0.0025123104,0.002516213,0.0025086675,1.0000194,1.0000274,1.0000019,0.0,0.0,2.9744227,0.0,0.0,0.0
62756476,62566531,0.0959341,0.09613382,0.20664036,0.2658707,0.2659211,0.5884792,0.0,0.0,0.0,0.0,0.0,0.0,0.0,12.385979,0.0,0.0,0.0,0.0,0.0025159467,0.0025121213,0.0025159467,0.0025083497,1.0000191,1.0000271,1.000002,0.0,0.0,3.0556917,0.0,0.0,0.0
63255458,63065539,0.0959773,0.09601448,0.20664033,0.26596338,0.26601115,0.5886121,0.0,0.0,0.0,0.0,0.0,0.0,0.0,12.385712,0.0,0.0,0.0,0.0,0.0025156997,0.0025123886,0.0025156997,0.0025080726,1.0000188,1.0000274,1.0000025,0.0,0.0,2.5071602,0.0,0.0,0.0
63754667,63564547,0.09604653,0.09612874,0.20661698,0.26598322,0.26602614,0.58867764,0.0,0.0,0.0,0.0,0.0,0.0,0.0,12.385879,0.0,0.0,0.0,0.0,0.002516902,0.0025122412,0.002516902,0.002508111,1.0000187,1.0000281,1.0000012,0.0,0.0,2.6114318,0.0,0.0,0.0
64253719,64063556,0.096062206,0.09608319,0.20662645,0.2661585,0.2662009,0.588822,0.0,0.0,0.0,0.0,0.0,0.0,0.0,12.385522,0.0,0.0,0.0,0.0,0.0025169991,0.0025132538,0.0025169991,0.0025084459,1.0000176,1.0000284,1.0000023,0.0,0.0,2.5078666,0.0,0.0,0.0
64752501,64562564,0.09606774,0.09596425,0.20659728,0.26601356,0.2660453,0.5887446,0.0,0.0,0.0,0.0,0.0,0.0,0.0,12.385037,0.0,0.0,0.0,0.0,0.0025168152,0.0025132904,0.0025168152,0.0025080328,1.0000174,1.0000279,1.0000024,0.0,0.0,2.6930022,0.0,0.0,0.0
65251487,65061572,0.09615293,0.09915129,0.20652471,0.26539412,0.26543838,0.58806866,0.0,0.0,0.0,0.0,0.0,0.0,0.0,12.385248,0.0,0.0,0.0,0.0,0.002514753,0.0025121532,0.002514753,0.0025081933,1.0000192,1.0000242,1.0000042,0.0,0.0,2.7705593,0.0,0.0,0.0
65760476,65570561,0.09566865,0.0965146,0.2064737,0.2650346,0.2651415,0.5875826,0.0,0.0,0.0,0.0,0.0,0.0,0.0,12.385034,0.0,0.0,0.0,0.0,0.0025193817,0.0025193817,0.0025184515,0.0025098238,1.0000129,1.00003,1.0000046,0.0,0.0,2.9487894,0.0,0.0,0.0
66249571,66059589,0.09711458,0.096970305,0.20661226,0.2654692,0.2654989,0.5878979,0.0,0.0,0.0,0.0,0.0,0.0,0.0,12.384918,0.0,0.0,0.0,0.0,0.0025247557,0.0025247557,0.0025183738,0.0025103868,1.000011,1.0000304,1.0000067,0.0,0.0,2.370412,4.873459,0.0,0.0
66748514,66558598,0.10417958,0.11556213,0.2078585,0.26577955,0.26590192,0.5881015,0.0,0.0,0.0,0.0,0.0,0.0,0.0,12.385276,0.0,0.0,0.0,0.0,0.0025161996,0.0025149127,0.0025161996,0.0025099574,1.0000144,1.0000267,1.000006,0.0,0.0,2.1262355,0.092151836,0.0,0.0
67257617,67067586,0.09860638,0.09888287,0.2075013,0.26622397,0.26638737,0.5885671,0.0,0.0,0.0,0.0,0.0,0.0,0.0,12.385274,0.0,0.0,0.0,0.0,0.0025146662,0.0025137134,0.0025146662,0.0025091034,1.0000194,1.0000238,1.0000045,0.0,0.0,2.0263298,0.092901655,0.0,0.0
67756547,67566594,0.09724056,0.09639061,0.2072611,0.26617992,0.26624286,0.58880115,0.0,0.0,0.0,0.0,0.0,0.0,0.0,12.385074,0.0,0.0,0.0,0.0,0.0025145954,0.0025110536,0.0025145954,0.0025078445,1.0000197,1.000026,1.000003,0.0,0.0,2.1483445,0.09221891,0.0,0.0
68255731,68065602,0.09621788,0.0956898,0.2070639,0.26621673,0.26618746,0.5889669,0.0,0.0,0.0,0.0,0.0,0.0,0.0,12.386341,0.0,0.0,0.0,0.0,0.0025141954,0.0025116773,0.0025141954,0.0025076102,1.000023,1.0000253,1.0000021,0.0,0.0,2.153153,0.09233333,0.0,0.0
68754539,68564609,0.09608462,0.095753826,0.206906,0.26616704,0.2660257,0.5890693,0.0,0.0,0.0,0.0,0.0,0.0,0.0,12.38654,0.0,0.0,0.0,0.0,0.0025135798,0.0025131174,0.0025135798,0.0025071728,1.0000232,1.0000249,1.000003,0.0,0.0,2.158713,0.091875374,0.0,0.0
69253688,69063617,0.09610348,0.09592621,0.20691171,0.26656687,0.26639044,0.5895176,0.0,0.0,0.0,0.0,0.0,0.0,0.0,12.386144,0.0,0.0,0.0,0.0,0.0025130736,0.002511464,0.0025130736,0.0025072512,1.0000211,1.0000266,1.0000043,0.0,0.0,2.1582854,0.09173686,0.0,0.0
69752583,69562624,0.09606019,0.09598026,0.20675963,0.26611924,0.2660371,0.5892089,0.0,0.0,0.0,0.0,0.0,0.0,0.0,12.385582,0.0,0.0,0.0,0.0,0.0025130895,0.0025112405,0.0025130895,0.0025074463,1.0000197,1.0000273,1.0000042,0.0,0.0,2.1535263,0.09175036,0.0,0.0
70251578,70061630,0.09691593,0.0963409,0.20672579,0.26621324,0.26621523,0.5892584,0.0,0.0,0.0,0.0,0.0,0.0,0.0,12.385732,0.0,0.0,0.0,0.0,0.0025136622,0.0025117123,0.0025136622,0.0025082538,1.000017,1.0000284,1.0000051,0.0,0.0,2.1470962,0.09184778,0.0,0.0
70750620,70560637,0.09994112,0.097393826,0.20667754,0.26604718,0.26606023,0.58899903,0.0,0.0,0.0,0.0,0.0,0.0,0.0,12.386344,0.0,0.0,0.0,0.0,0.0031075915,0.0030588456,0.0031075915,0.0030581714,1.0000166,1.0000268,1.000005,0.0,0.0,2.1446838,0.12096013,0.0,0.0
71249854,71059643,0.108247384,0.10307768,0.20668946,0.26662916,0.26642743,0.5891097,0.0,0.0,0.0,0.0,0.0,0.0,0.0,12.386115,0.0,0.0,0.0,0.0,0.0027251998,0.0027176964,0.0027251998,0.0027150447,1.0000149,1.0000286,1.0000052,0.0,0.0,2.145735,0.107332036,0.0,0.0
71758534,71568630,0.10411973,0.100062445,0.20665008,0.26667684,0.26632264,0.58887357,0.0,0.0,0.0,0.0,0.0,0.0,0.0,12.38616,0.0,0.0,0.0,0.0,0.002673665,0.0026484646,0.002673665,0.0026645286,1.0000168,1.0000293,1.0000031,0.0,0.0,2.1383889,0.09897603,0.0,0.0
72257539,72067634,0.10035799,0.09758248,0.20656861,0.266082,0.26572153,0.58815974,0.0,0.0,0.0,0.0,0.0,0.0,0.0,12.385489,0.0,0.0,0.0,0.0,0.0026319087,0.002613947,0.0026319087,0.00261862,1.0000161,1.000029,1.0000048,0.0,0.0,2.1281278,0.0962783,0.0,0.0
72756777,72566639,0.09796298,0.096639775,0.20652087,0.26569793,0.2653458,0.5876947,0.0,0.0,0.0,0.0,0.0,0.0,0.0,12.384152,0.0,0.0,0.0,0.0,0.0026172257,0.0026068205,0.0026172257,0.0025869724,1.0000174,1.0000291,1.0000045,0.0,0.0,2.1236596,0.09492533,0.0,0.0
73255553,73065644,0.097588874,0.09796625,0.20657521,0.26618475,0.26583177,0.587985,0.0,0.0,0.0,0.0,0.0,0.0,0.0,12.38452,0.0,0.0,0.0,0.0,0.002626913,0.0026190374,0.002626913,0.0025783565,1.000019,1.0000302,1.0000031,0.0,0.0,2.1209064,0.09398113,0.0,0.0
73754588,73564649,0.09725529,0.09631385,0.20655556,0.26617068,0.26588959,0.588022,0.0,0.0,0.0,0.0,0.0,0.0,0.0,12.385337,0.0,0.0,0.0,0.0,0.002611856,0.0026101656,0.002611856,0.002564302,1.000017,1.0000294,1.0000062,0.0,0.0,2.11885,0.093576245,0.0,0.0
74253560,74063653,0.09779191,0.09605704,0.20659782,0.26652974,0.26615036,0.58831775,0.0,0.0,0.0,0.0,0.0,0.0,0.0,12.385323,0.0,0.0,0.0,0.0,0.0026593732,0.0026484514,0.0026593732,0.0025493517,1.0000174,1.0000285,1.0000076,0.0,0.0,2.1173944,0.093374416,0.0,0.0
74752583,74562657,0.10299845,0.097337805,0.2066557,0.2667519,0.26606628,0.5883895,0.0,0.0,0.0,0.0,0.0,0.0,0.0,12.385506,0.0,0.0,0.0,0.0,0.0026826432,0.0026826432,0.0026794858,0.0025582432,1.000016,1.0000281,1.0000079,0.0,0.0,2.1176877,0.092819534,0.0,0.0
75251775,75061660,0.1012151,0.09863637,0.20670141,0.26692906,0.26606956,0.588442,0.0,0.0,0.0,0.0,0.0,0.0,0.0,12.385206,0.0,0.0,0.0,0.0,0.0026776225,0.002668138,0.0026776225,0.0025538695,1.0000181,1.0000272,1.0000055,0.0,0.0,2.1196244,0.09250631,0.0,0.0
75750626,75560664,0.09959214,0.09789786,0.20670527,0.26688707,0.26611537,0.5885448,0.0,0.0,0.0,0.0,0.0,0.0,0.0,12.384784,0.0,0.0,0.0,0.0,0.0026703288,0.0026511806,0.0026703288,0.002554004,1.0000191,1.0000255,1.0000042,0.0,0.0,2.1246512,0.09218594,0.0,0.0
76259602,76069647,0.0988703,0.09788916,0.20671752,0.26684532,0.26621395,0.588557,0.0,0.0,0.0,0.0,0.0,0.0,0.0,12.385842,0.0,0.0,0.0,0.0,0.0026427547,0.0026220516,0.0026427547,0.0025479158,1.0000203,1.0000252,1.0000031,0.0,0.0,2.1309545,0.09186817,0.0,0.0
76748592,76558670,0.09722723,0.097100206,0.2066738,0.26665682,0.2662294,0.5885709,0.0,0.0,0.0,0.0,0.0,0.0,0.0,12.385967,0.0,0.0,0.0,0.0,0.0026296326,0.002599318,0.0026296326,0.002545882,1.0000204,1.0000247,1.0000025,0.0,0.0,2.1368146,0.091713816,0.0,0.0
77257558,77067652,0.09624859,0.09677459,0.20657052,0.26583606,0.2656293,0.5879876,0.0,0.0,0.0,0.0,0.0,0.0,0.0,12.384255,0.0,0.0,0.0,0.0,0.002606962,0.0025817058,0.002606962,0.0025419856,1.000019,1.0000246,1.0000031,0.0,0.0,2.1431215,0.09169436,0.0,0.0
77756806,77566655,0.09604495,0.09673245,0.20650463,0.26530275,0.2652758,0.58751434,0.0,0.0,0.0,0.0,0.0,0.0,0.0,12.384075,0.0,0.0,0.0,0.0,0.0026021025,0.0025718152,0.0026021025,0.0025400675,1.0000172,1.0000252,1.0000027,0.0,0.0,2.1483862,0.09167211,0.0,0.0
78255634,78065657,0.096481055,0.09692187,0.20644201,0.26491007,0.26502445,0.5871198,0.0,0.0,0.0,0.0,0.0,0.0,0.0,12.384471,0.0,0.0,0.0,0.0,0.0025851629,0.0025582442,0.0025851629,0.0025353148,1.0000166,1.0000242,1.0000021,0.0,0.0,2.1524928,0.09177779,0.0,0.0
78754667,78564659,0.09761761,0.097313985,0.20641021,0.26473784,0.26492366,0.5868998,0.0,0.0,0.0,0.0,0.0,0.0,0.0,12.383239,0.0,0.0,0.0,0.0,0.0025681295,0.0025495887,0.0025681295,0.0025338086,1.0000148,1.0000219,1.0000033,0.0,0.0,2.1560287,0.091849506,0.0,0.0
79253835,79063660,0.09757257,0.09748245,0.20647378,0.26534975,0.265572,0.58734757,0.0,0.0,0.0,0.0,0.0,0.0,0.0,12.384505,0.0,0.0,0.0,0.0,0.002561303,0.0025382636,0.002561303,0.0025291115,1.0000154,1.0000207,1.0000023,0.0,0.0,2.158495,0.091690145,0.0,0.0
79752617,79562662,0.098676816,0.098698564,0.20648572,0.26562905,0.2658236,0.5875242,0.0,0.0,0.0,0.0,0.0,0.0,0.0,12.384957,0.0,0.0,0.0,0.0,0.0025581466,0.0025322323,0.0025581466,0.0025273713,1.0000143,1.0000182,1.0000024,0.0,0.0,2.1592338,0.09161617,0.0,0.0
80251580,80061663,0.09836812,0.09813739,0.20645426,0.26540294,0.2655473,0.5873078,0.0,0.0,0.0,0.0,0.0,0.0,0.0,12.383788,0.0,0.0,0.0,0.0,0.0025449262,0.002529191,0.0025449262,0.0025247466,1.0000137,1.0000168,1.0000026,0.0,0.0,2.1560752,0.09155983,0.0,0.0
80750593,80560664,0.097978875,0.097348735,0.20641552,0.2650644,0.26514333,0.5868908,0.0,0.0,0.0,0.0,0.0,0.0,0.0,12.384247,0.0,0.0,0.0,0.0,0.0025371218,0.002527337,0.0025371218,0.0025230793,1.0000142,1.0000154,1.000003,0.0,0.0,2.1543686,0.09156326,0.0,0.0
81249623,81059664,0.0983271,0.0972906,0.20647527,0.26566917,0.26562968,0.58730423,0.0,0.0,0.0,0.0,0.0,0.0,0.0,12.384263,0.0,0.0,0.0,0.0,0.002530117,0.0025258325,0.002530117,0.0025212222,1.000015,1.000015,1.0000031,0.0,0.0,2.1535795,0.09159669,0.0,0.0
81758563,81568645,0.097275145,0.096477255,0.20650138,0.2659813,0.2658283,0.5997444,0.0,0.0,0.0,0.0,0.0,0.0,0.0,12.384932,0.0,0.0,0.0,0.0,0.0025349169,0.002521284,0.0025349169,0.0025193822,1.0000159,1.0000144,1.000003,0.0,0.0,2.1552851,0.09157414,0.0,0.0
82257554,82067645,0.09677766,0.096032955,0.20645477,0.26553756,0.26533434,0.60253274,0.0,0.0,0.0,0.0,0.0,0.0,0.0,12.383862,0.0,0.0,0.0,0.0,0.0025282872,0.002520021,0.0025282872,0.002517734,1.0000165,1.0000143,1.0000031,0.0,0.0,2.1554997,0.09166866,0.0,0.0
82756552,82566645,0.096390076,0.09585373,0.2064284,0.26525646,0.26502392,0.6038504,0.0,0.0,0.0,0.0,0.0,0.0,0.0,12.384714,0.0,0.0,0.0,0.0,0.0025319434,0.0025213603,0.0025319434,0.002518083,1.0000161,1.0000141,1.0000043,0.0,0.0,2.1564732,0.09176779,0.0,0.0
83255550,83065644,0.096331224,0.09581428,0.20641951,0.26505166,0.26478755,0.6052504,0.0,0.0,0.0,0.0,0.0,0.0,0.0,12.383591,0.0,0.0,0.0,0.0,0.0025289762,0.002520779,0.0025289762,0.002517201,1.0000161,1.0000141,1.0000046,0.0,0.0,2.1566453,0.09192757,0.0,0.0
83754604,83564644,0.09605907,0.095909044,0.20640685,0.26490304,0.26464903,0.6066537,0.0,0.0,0.0,0.0,0.0,0.0,0.0,12.383748,0.0,0.0,0.0,0.0,0.0025217496,0.0025215377,0.0025217496,0.0025162615,1.0000165,1.0000142,1.0000048,0.0,0.0,2.1582105,0.09206569,0.0,0.0
84253558,84063643,0.0959961,0.0962428,0.20640825,0.26488116,0.2646803,0.6082151,0.0,0.0,0.0,0.0,0.0,0.0,0.0,12.384356,0.0,0.0,0.0,0.0,0.0025199621,0.0025192017,0.0025199621,0.0025144764,1.0000172,1.000014,1.0000045,0.0,0.0,2.1595592,0.09210567,0.0,0.0
84752614,84562642,0.09592458,0.0963862,0.20639184,0.26466218,0.2645417,0.60961264,0.0,0.0,0.0,0.0,0.0,0.0,0.0,12.383379,0.0,0.0,0.0,0.0,0.0025193626,0.0025193626,0.0025176804,0.0025147025,1.0000156,1.0000145,1.0000056,0.0,0.0,2.1599255,0.09227167,0.0,0.0
85251604,85061641,0.09595141,0.096386224,0.20638475,0.26462615,0.26460356,0.6142702,0.0,0.0,0.0,0.0,0.0,0.0,0.0,12.383591,0.0,0.0,0.0,0.0,0.002545053,0.002518996,0.002545053,0.002513851,1.0000155,1.0000151,1.0000049,0.0,0.0,2.1636944,0.092106014,0.0,0.0
85750748,85560639,0.09658438,0.09652145,0.20639873,0.26453644,0.2646058,0.6142588,0.0,0.0,0.0,0.0,0.0,0.0,0.0,12.384264,0.0,0.0,0.0,0.0,0.0025264092,0.0025173372,0.0025264092,0.0025127803,1.0000136,1.0000178,1.0000042,0.0,0.0,2.16665,0.09180035,0.0,0.0
86259662,86069618,0.096782744,0.09627182,0.20641313,0.264487,0.26457477,0.615775,0.0,0.0,0.0,0.0,0.0,0.0,0.0,12.384302,0.0,0.0,0.0,0.0,0.0025420606,0.002521625,0.0025420606,0.0025121989,1.0000132,1.0000187,1.0000037,0.0,0.0,2.1696992,0.09140564,0.0,0.0
86758527,86568617,0.09688336,0.09638301,0.20644848,0.2645303,0.2645879,0.6189041,0.0,0.0,0.0,0.0,0.0,0.0,0.0,12.383603,0.0,0.0,0.0,0.0,0.0025470585,0.0025236015,0.0025470585,0.0025131642,1.0000118,1.00002,1.0000043,0.0,0.0,2.170832,0.09141828,0.0,0.0
87247711,87057634,0.09691534,0.097464964,0.20655912,0.2652422,0.2653035,0.6210914,0.0,0.0,0.0,0.0,0.0,0.0,0.0,12.384289,0.0,0.0,0.0,0.0,0.0025447852,0.0025275336,0.0025447852,0.0025133681,1.000012,1.0000213,1.0000037,0.0,0.0,2.1687474,0.09153764,0.0,0.0
87756520,87566612,0.09631641,0.097039014,0.20659484,0.26551533,0.26559934,0.6292883,0.0,0.0,0.0,0.0,0.0,0.0,0.0,12.385435,0.0,0.0,0.0,0.0,0.0025459998,0.002534544,0.0025459998,0.0025142832,1.0000124,1.0000215,1.0000037,0.0,0.0,2.166571,0.09169726,0.0,0.0
88255562,88065609,0.096178025,0.09759788,0.2066519,0.2657451,0.2659292,0.62969714,0.0,0.0,0.0,0.0,0.0,0.0,0.0,12.385758,0.0,0.0,0.0,0.0,0.0025531403,0.002538383,0.0025531403,0.0025134399,1.0000136,1.0000212,1.0000036,0.0,0.0,2.161034,0.09165931,0.0,0.0
88754726,88564607,0.09589466,0.09744514,0.20666783,0.26583907,0.26612574,0.63633436,0.0,0.0,0.0,0.0,0.0,0.0,0.0,12.386206,0.0,0.0,0.0,0.0,0.002560861,0.0025502783,0.002560861,0.0025136448,1.0000148,1.0000199,1.0000031,0.0,0.0,2.156182,0.09166316,0.0,0.0
89253734,89063604,0.0961401,0.09776151,0.20672825,0.26604208,0.26645976,0.636705,0.0,0.0,0.0,0.0,0.0,0.0,0.0,12.38613,0.0,0.0,0.0,0.0,0.002557789,0.0025449842,0.002557789,0.0025159374,1.0000142,1.0000193,1.0000042,0.0,0.0,2.150632,0.09175588,0.0,0.0
89752593,89562601,0.09701031,0.09744977,0.20672129,0.26591972,0.26635027,0.64313644,0.0,0.0,0.0,0.0,0.0,0.0,0.0,12.38588,0.0,0.0,0.0,0.0,0.0025568786,0.0025480075,0.0025568786,0.002516652,1.0000137,1.0000184,1.0000038,0.0,0.0,2.1471326,0.091764644,0.0,0.0
90251509,90061598,0.09703171,0.09692003,0.20667975,0.2654716,0.2658223,0.6412098,0.0,0.0,0.0,0.0,0.0,0.0,0.0,12.386239,0.0,0.0,0.0,0.0,0.002555233,0.002550013,0.002555233,0.0025167007,1.0000131,1.0000182,1.0000031,0.0,0.0,2.145722,0.09184261,0.0,0.0
90750518,90560594,0.09705868,0.096480496,0.20660584,0.26515713,0.26537636,0.63767964,0.0,0.0,0.0,0.0,0.0,0.0,0.0,12.38611,0.0,0.0,0.0,0.0,0.0025495086,0.0025451013,0.0025495086,0.002516149,1.0000124,1.0000178,1.0000026,0.0,0.0,2.145604,0.09182727,0.0,0.0
91249508,91059590,0.09730809,0.09655937,0.20662847,0.26551273,0.26560965,0.6332547,0.0,0.0,0.0,0.0,0.0,0.0,0.0,12.386012,0.0,0.0,0.0,0.0,0.0025473505,0.0025437737,0.0025473505,0.0025157407,1.0000122,1.0000181,1.000002,0.0,0.0,2.1482837,0.09179756,0.0,0.0
91748499,91558587,0.09698789,0.0962899,0.20661542,0.2657993,0.26575446,0.63659006,0.0,0.0,0.0,0.0,0.0,0.0,0.0,12.386304,0.0,0.0,0.0,0.0,0.0025436473,0.00253905,0.0025436473,0.002515997,1.000011,1.0000176,1.0000023,0.0,0.0,2.1519458,0.09179083,0.0,0.0
92257504,92067563,0.09704498,0.096551776,0.2065882,0.266015,0.26588085,0.6335702,0.0,0.0,0.0,0.0,0.0,0.0,0.0,12.386078,0.0,0.0,0.0,0.0,0.0025477333,0.0025356752,0.0025477333,0.0025153952,1.0000113,1.0000175,1.0000015,0.0,0.0,2.155444,0.09170898,0.0,0.0
92756463,92566558,0.096662894,0.096459694,0.20654684,0.26611125,0.26593807,0.63686657,0.0,0.0,0.0,0.0,0.0,0.0,0.0,12.385709,0.0,0.0,0.0,0.0,0.0025392445,0.0025326852,0.0025392445,0.0025154033,1.0000105,1.0000166,1.0000021,0.0,0.0,2.1583855,0.091768935,0.0,0.0
93255681,93065554,0.09623849,0.09614243,0.20647107,0.265648,0.26549533,0.6332715,0.0,0.0,0.0,0.0,0.0,0.0,0.0,12.385401,0.0,0.0,0.0,0.0,0.002534811,0.0025296146,0.002534811,0.0025133935,1.0000111,1.0000159,1.0000015,0.0,0.0,2.1612864,0.09167935,0.0,0.0
93754462,93564549,0.09608869,0.09619341,0.20641154,0.26516247,0.26503956,0.6311203,0.0,0.0,0.0,0.0,0.0,0.0,0.0,12.385762,0.0,0.0,0.0,0.0,0.0025307867,0.002528171,0.0025307867,0.002513985,1.0000103,1.0000153,1.0000027,0.0,0.0,2.1640916,0.09183479,0.0,0.0
94253462,94063544,0.09608148,0.096171334,0.20646901,0.26560625,0.26550847,0.6298709,0.0,0.0,0.0,0.0,0.0,0.0,0.0,12.385625,0.0,0.0,0.0,0.0,0.0025302568,0.0025273357,0.0025302568,0.0025126196,1.0000112,1.0000154,1.0000024,0.0,0.0,2.1654396,0.09175482,0.0,0.0
94752632,94562539,0.096371315,0.096656404,0.20650215,0.26581243,0.26576093,0.6332506,0.0,0.0,0.0,0.0,0.0,0.0,0.0,12.385366,0.0,0.0,0.0,0.0,0.002533099,0.0025267778,0.002533099,0.002513064,1.0000111,1.0000147,1.0000032,0.0,0.0,2.0543604,0.0917529,0.0,0.0
95251641,95061534,0.09631337,0.09633566,0.20649093,0.26533458,0.26530603,0.63122326,0.0,0.0,0.0,0.0,0.0,0.0,0.0,12.385724,0.0,0.0,0.0,0.0,0.002538407,0.002528663,0.002538407,0.0025134892,1.0000111,1.0000145,1.0000035,0.0,0.0,2.16773,0.091619566,0.0,0.0
95750558,95560528,0.09640838,0.09657156,0.20651437,0.2650596,0.26505753,0.62930655,0.0,0.0,0.0,0.0,0.0,0.0,0.0,12.385415,0.0,0.0,0.0,0.0,0.0025317522,0.0025280048,0.0025317522,0.002513044,1.0000112,1.000015,1.000003,0.0,0.0,2.1651764,0.09170145,0.0,0.0
96259429,96069503,0.09658046,0.096715085,0.20658442,0.26541755,0.26543152,0.6296302,0.0,0.0,0.0,0.0,0.0,0.0,0.0,12.385612,0.0,0.0,0.0,0.0,0.0025291643,0.0025271706,0.0025291643,0.002513368,1.0000116,1.0000156,1.0000027,0.0,0.0,2.1661513,0.09172504,0.0,0.0
96758512,96568498,0.09623283,0.09661326,0.20662704,0.26567778,0.26572037,0.6330596,0.0,0.0,0.0,0.0,0.0,0.0,0.0,12.385998,0.0,0.0,0.0,0.0,0.0025308994,0.002526239,0.0025308994,0.0025137642,1.0000117,1.000015,1.0000031,0.0,0.0,2.1664608,0.091785215,0.0,0.0
97257484,97067491,0.096314415,0.09735873,0.20669094,0.26584357,0.26595283,0.63017404,0.0,0.0,0.0,0.0,0.0,0.0,0.0,12.385858,0.0,0.0,0.0,0.0,0.0025310204,0.0025252893,0.0025310204,0.0025149449,1.0000116,1.0000147,1.0000039,0.0,0.0,2.1648574,0.09206147,0.0,0.0
97756391,97566485,0.09577845,0.09702235,0.20670643,0.26587924,0.2660827,0.63036954,0.0,0.0,0.0,0.0,0.0,0.0,0.0,12.385554,0.0,0.0,0.0,0.0,0.0025285182,0.00252367,0.0025285182,0.0025122145,1.0000125,1.0000144,1.0000029,0.0,0.0,2.1633964,0.09214322,0.0,0.0
98255429,98065478,0.09579261,0.09735698,0.20674783,0.26591206,0.26623777,0.62734693,0.0,0.0,0.0,0.0,0.0,0.0,0.0,12.385881,0.0,0.0,0.0,0.0,0.002524021,0.0025209235,0.002524021,0.0025111123,1.0000122,1.0000151,1.0000026,0.0,0.0,2.1608753,0.09238014,0.0,0.0
98754377,98564471,0.09583929,0.09679769,0.20668867,0.26587012,0.2662633,0.6289961,0.0,0.0,0.0,0.0,0.0,0.0,0.0,12.38664,0.0,0.0,0.0,0.0,0.0025273976,0.0025194476,0.0025273976,0.0025094731,1.0000113,1.0000153,1.0000024,0.0,0.0,2.1608877,0.092372485,0.0,0.0
99253369,99063465,0.09576438,0.09635591,0.20653942,0.26525295,0.26558414,0.6253182,0.0,0.0,0.0,0.0,0.0,0.0,0.0,12.385167,0.0,0.0,0.0,0.0,0.002532149,0.0025185375,0.002532149,0.0025086184,1.0000114,1.0000147,1.0000019,0.0,0.0,2.1619575,0.092292316,0.0,0.0
99752384,99562457,0.09579631,0.09662083,0.2064445,0.2650038,0.26527095,0.6234096,0.0,0.0,0.0,0.0,0.0,0.0,0.0,12.385502,0.0,0.0,0.0,0.0,0.0025325236,0.0025188343,0.0025325236,0.002508638,1.000011,1.0000141,1.0000023,0.0,0.0,2.1651704,0.0921659,0.0,0.0
100251360,100061450,0.09569311,0.09682336,0.20644863,0.2652616,0.265508,0.621998,0.0,0.0,0.0,0.0,0.0,0.0,0.0,12.3853245,0.0,0.0,0.0,0.0,0.0025324877,0.0025181023,0.0025324877,0.002508076,1.0000119,1.0000137,1.0000017,0.0,0.0,2.1678803,0.09202613,0.0,0.0
100760339,100570422,0.09585194,0.097459346,0.20645218,0.26546654,0.26571757,0.62530124,0.0,0.0,0.0,0.0,0.0,0.0,0.0,12.385019,0.0,0.0,0.0,0.0,0.0025286733,0.0025177207,0.0025286733,0.0025081579,1.0000116,1.0000135,1.000002,0.0,0.0,2.1730309,0.091873266,0.0,0.0
101249427,101059435,0.09554009,0.097072445,0.20646581,0.26562455,0.2659203,0.6223008,0.0,0.0,0.0,0.0,0.0,0.0,0.0,12.385309,0.0,0.0,0.0,0.0,0.0025252842,0.0025173482,0.0025252842,0.002508208,1.0000124,1.0000136,1.0000017,0.0,0.0,2.1766105,0.092384696,0.0,0.0
101748334,101558427,0.09558967,0.096651696,0.20646246,0.26568916,0.2660255,0.6208399,0.0,0.0,0.0,0.0,0.0,0.0,0.0,12.386283,0.0,0.0,0.0,0.0,0.0025181714,0.0025181714,0.002518028,0.0025084016,1.0000138,1.0000136,1.0000007,0.0,0.0,2.1795022,0.092106715,0.0,0.0
102257317,102067398,0.09595053,0.096657366,0.20647997,0.265865,0.26621866,0.6164091,0.0,0.0,0.0,0.0,0.0,0.0,0.0,12.385926,0.0,0.0,0.0,0.0,0.002517082,0.002517082,0.0025163067,0.0025084347,1.000014,1.0000141,1.0000018,0.0,0.0,2.180872,0.09176963,0.0,0.0
102756513,102566390,0.09610813,0.09637857,0.20645276,0.26577154,0.26606792,0.6162616,0.0,0.0,0.0,0.0,0.0,0.0,0.0,12.385442,0.0,0.0,0.0,0.0,0.002516356,0.002516356,0.0025153528,0.0025083483,1.0000145,1.0000141,1.0000017,0.0,0.0,2.1830668,0.091662794,0.0,0.0
103255301,103065381,0.09640501,0.09651217,0.20647947,0.2661249,0.26637095,0.61342615,0.0,0.0,0.0,0.0,0.0,0.0,0.0,12.385922,0.0,0.0,0.0,0.0,0.0025157235,0.0025157235,0.002514583,0.0025089416,1.0000143,1.0000143,1.0000029,0.0,0.0,2.1831224,0.09184232,0.0,0.0
103754278,103564372,0.09631302,0.09626108,0.20644043,0.2658778,0.26602438,0.6131448,0.0,0.0,0.0,0.0,0.0,0.0,0.0,12.385423,0.0,0.0,0.0,0.0,0.002515202,0.002515202,0.002514342,0.0025085844,1.0000142,1.0000145,1.0000026,0.0,0.0,2.185624,0.091868155,0.0,0.0
104253425,104063363,0.096183814,0.09609181,0.20645,0.26594946,0.2660296,0.6100203,0.0,0.0,0.0,0.0,0.0,0.0,0.0,12.386036,0.0,0.0,0.0,0.0,0.002514894,0.002514894,0.0025143828,0.0025086286,1.0000138,1.0000154,1.000003,0.0,0.0,2.1863813,0.09209988,0.0,0.0
104752534,104562354,0.095882,0.09585315,0.20644666,0.26592183,0.2659468,0.60842234,0.0,0.0,0.0,0.0,0.0,0.0,0.0,12.386107,0.0,0.0,0.0,0.0,0.0025147512,0.0025147512,0.002514383,0.0025076533,1.0000142,1.000016,1.0000017,0.0,0.0,2.1868143,0.09204234,0.0,0.0
105251369,105061344,0.096104495,0.09629031,0.20647971,0.2661924,0.2661976,0.60402584,0.0,0.0,0.0,0.0,0.0,0.0,0.0,12.385651,0.0,0.0,0.0,0.0,0.0025150438,0.0025136338,0.0025150438,0.0025073062,1.0000141,1.000017,1.0000017,0.0,0.0,2.1865666,0.09202566,0.0,0.0
105750319,105560335,0.095828995,0.09610679,0.20644213,0.2658353,0.26584628,0.6021852,0.0,0.0,0.0,0.0,0.0,0.0,0.0,12.385088,0.0,0.0,0.0,0.0,0.0025152336,0.0025129132,0.0025152336,0.002507653,1.0000135,1.0000168,1.000002,0.0,0.0,2.1866283,0.09180919,0.0,0.0
106249592,106059325,0.09582771,0.09614976,0.2063986,0.26537627,0.26540476,0.5970629,0.0,0.0,0.0,0.0,0.0,0.0,0.0,12.38553,0.0,0.0,0.0,0.0,0.0025158073,0.0025125537,0.0025158073,0.0025078005,1.0000124,1.0000166,1.0000031,0.0,0.0,2.1839137,0.09180776,0.0,0.0
106758197,106568294,0.09562154,0.09599685,0.20637582,0.265014,0.26506415,0.5935329,0.0,0.0,0.0,0.0,0.0,0.0,0.0,12.383975,0.0,0.0,0.0,0.0,0.0025170913,0.0025114694,0.0025170913,0.0025071737,1.0000128,1.0000166,1.0000025,0.0,0.0,2.1814203,0.091765665,0.0,0.0
107257223,107067284,0.09558051,0.09592033,0.20636338,0.2647725,0.2648453,0.5900772,0.0,0.0,0.0,0.0,0.0,0.0,0.0,12.383792,0.0,0.0,0.0,0.0,0.0025195847,0.0025104573,0.0025195847,0.0025072547,1.000012,1.0000165,1.0000032,0.0,0.0,2.1768527,0.09179829,0.0,0.0
107756225,107566273,0.095542625,0.09576129,0.20637584,0.26464176,0.26472357,0.5867526,0.0,0.0,0.0,0.0,0.0,0.0,0.0,12.384221,0.0,0.0,0.0,0.0,0.0025214523,0.0025099872,0.0025214523,0.0025064936,1.0000124,1.0000165,1.0000025,0.0,0.0,2.170358,0.09192373,0.0,0.0
108255175,108065262,0.09567111,0.09569578,0.20639826,0.264533,0.264614,0.586542,0.0,0.0,0.0,0.0,0.0,0.0,0.0,12.383029,0.0,0.0,0.0,0.0,0.002521353,0.0025099388,0.002521353,0.0025061169,1.0000128,1.0000161,1.0000025,0.0,0.0,2.1624591,0.091986224,0.0,0.0
108754251,108564251,0.095738344,0.09566846,0.2064392,0.26460892,0.26467958,0.58651274,0.0,0.0,0.0,0.0,0.0,0.0,0.0,12.383134,0.0,0.0,0.0,0.0,0.0025197726,0.0025119658,0.0025197726,0.0025060729,1.0000132,1.0000163,1.0000017,0.0,0.0,2.1574028,0.09221218,0.0,0.0
109253146,109063239,0.095970295,0.095622025,0.20642105,0.26456523,0.26460156,0.58638275,0.0,0.0,0.0,0.0,0.0,0.0,0.0,12.383715,0.0,0.0,0.0,0.0,0.0025198793,0.0025102957,0.0025198793,0.0025057534,1.0000118,1.0000159,1.0000035,0.0,0.0,2.1527116,0.092441864,0.0,0.0
109752133,109562228,0.095883235,0.095485196,0.20641452,0.2645685,0.2645505,0.58781195,0.0,0.0,0.0,0.0,0.0,0.0,0.0,12.383701,0.0,0.0,0.0,0.0,0.002518388,0.0025111276,0.002518388,0.002505825,1.000012,1.0000156,1.0000027,0.0,0.0,2.1515727,0.09237612,0.0,0.0
110251168,110061216,0.096066125,0.09565922,0.20646986,0.26506752,0.2649954,0.5897863,0.0,0.0,0.0,0.0,0.0,0.0,0.0,12.384084,0.0,0.0,0.0,0.0,0.0025176143,0.0025112962,0.0025176143,0.0025062365,1.0000123,1.000016,1.0000024,0.0,0.0,2.1510327,0.09238755,0.0,0.0
110750184,110560204,0.09595687,0.09572828,0.20644867,0.2654279,0.26532912,0.5978152,0.0,0.0,0.0,0.0,0.0,0.0,0.0,12.384592,0.0,0.0,0.0,0.0,0.0025225997,0.0025118499,0.0025225997,0.0025078084,1.0000118,1.0000156,1.000002,0.0,0.0,2.1532302,0.092301115,0.0,0.0
111259074,111069171,0.09595037,0.09556483,0.20636573,0.26506057,0.26498154,0.5975795,0.0,0.0,0.0,0.0,0.0,0.0,0.0,12.384403,0.0,0.0,0.0,0.0,0.0025364484,0.002510398,0.0025364484,0.0025089802,1.0000118,1.0000142,1.0000026,0.0,0.0,2.156401,0.092064485,0.0,0.0
111748117,111558179,0.096718624,0.09547912,0.20631021,0.2648306,0.2647639,0.59741706,0.0,0.0,0.0,0.0,0.0,0.0,0.0,12.383443,0.0,0.0,0.0,0.0,0.0025486066,0.0025092394,0.0025486066,0.0025094773,1.0000125,1.0000125,1.0000029,0.0,0.0,2.162343,0.091915265,0.0,0.0
112257236,112067146,0.09762482,0.0955406,0.20638822,0.2654018,0.26525375,0.59635854,0.0,0.0,0.0,0.0,0.0,0.0,0.0,12.383958,0.0,0.0,0.0,0.0,0.0025315091,0.0025086666,0.0025315091,0.0025068673,1.0000125,1.0000126,1.0000029,0.0,0.0,2.1674066,0.09184364,0.0,0.0
112756209,112566133,0.09797456,0.09556549,0.20644543,0.26567844,0.26538795,0.60113454,0.0,0.0,0.0,0.0,0.0,0.0,0.0,12.384915,0.0,0.0,0.0,0.0,0.0025234357,0.0025086196,0.0025234357,0.0025056181,1.0000128,1.0000126,1.0000025,0.0,0.0,2.1705568,0.091972746,0.0,0.0
113255023,113065120,0.09751944,0.09565356,0.20648886,0.26611695,0.26569378,0.6015361,0.0,0.0,0.0,0.0,0.0,0.0,0.0,12.385042,0.0,0.0,0.0,0.0,0.0025171102,0.0025086731,0.0025171102,0.002505192,1.0000135,1.0000131,1.0000024,0.0,0.0,2.171818,0.09204112,0.0,0.0
113754117,113564106,0.09688334,0.09610769,0.20646228,0.2662192,0.26577857,0.6063379,0.0,0.0,0.0,0.0,0.0,0.0,0.0,12.385363,0.0,0.0,0.0,0.0,0.0025147118,0.0025090948,0.0025147118,0.0025055017,1.0000131,1.0000128,1.0000031,0.0,0.0,2.1733022,0.09206189,0.0,0.0
114253007,114063093,0.09624812,0.09606147,0.20644504,0.266379,0.26600996,0.60505885,0.0,0.0,0.0,0.0,0.0,0.0,0.0,12.385151,0.0,0.0,0.0,0.0,0.0025164532,0.0025087006,0.0025164532,0.0025056575,1.0000143,1.0000128,1.0000027,0.0,0.0,2.1739588,0.09185333,0.0,0.0
114752109,114562079,0.09646453,0.096490405,0.2064078,0.26614523,0.26594904,0.6081475,0.0,0.0,0.0,0.0,0.0,0.0,0.0,12.384799,0.0,0.0,0.0,0.0,0.0025181163,0.002508855,0.0025181163,0.0025058016,1.000013,1.0000128,1.0000038,0.0,0.0,2.1713977,0.09197831,0.0,0.0
115250976,115061065,0.096670754,0.09653258,0.20645952,0.2664602,0.26640344,0.6069906,0.0,0.0,0.0,0.0,0.0,0.0,0.0,12.386176,0.0,0.0,0.0,0.0,0.002519035,0.0025090666,0.002519035,0.0025054698,1.0000129,1.0000132,1.0000039,0.0,0.0,2.1700222,0.09190799,0.0,0.0
115750016,115560051,0.09661306,0.096130826,0.20643954,0.26594865,0.26597512,0.61126596,0.0,0.0,0.0,0.0,0.0,0.0,0.0,12.38597,0.0,0.0,0.0,0.0,0.0025175426,0.0025099139,0.0025175426,0.0025050335,1.0000124,1.000014,1.0000035,0.0,0.0,2.169817,0.09185349,0.0,0.0
116248954,116059036,0.09663466,0.09593723,0.20641078,0.26533118,0.26536712,0.6092042,0.0,0.0,0.0,0.0,0.0,0.0,0.0,12.38436,0.0,0.0,0.0,0.0,0.0025170157,0.0025103136,0.0025170157,0.002505102,1.0000114,1.0000142,1.0000037,0.0,0.0,2.1645594,0.09198867,0.0,0.0
116757956,116568001,0.09645744,0.095623955,0.20641428,0.26500303,0.26500586,0.6072553,0.0,0.0,0.0,0.0,0.0,0.0,0.0,12.384222,0.0,0.0,0.0,0.0,0.0025159128,0.0025115649,0.0025159128,0.002505053,1.0000112,1.0000147,1.0000036,0.0,0.0,2.1635191,0.09187887,0.0,0.0
117256892,117066987,0.09677287,0.095976,0.20648006,0.26535237,0.26529533,0.6074536,0.0,0.0,0.0,0.0,0.0,0.0,0.0,12.384646,0.0,0.0,0.0,0.0,0.0025136843,0.0025136843,0.0025124538,0.0025052002,1.0000122,1.0000155,1.0000023,0.0,0.0,2.161955,0.09194459,0.0,0.0
117755880,117565972,0.09633966,0.0958446,0.20652126,0.26562175,0.26550418,0.61083204,0.0,0.0,0.0,0.0,0.0,0.0,0.0,12.384439,0.0,0.0,0.0,0.0,0.0025133733,0.0025133733,0.0025129113,0.0025057248,1.0000116,1.000015,1.0000032,0.0,0.0,2.15828,0.09208721,0.0,0.0
118254920,118064957,0.09639868,0.09622079,0.20657767,0.26595882,0.2658189,0.61113185,0.0,0.0,0.0,0.0,0.0,0.0,0.0,12.385584,0.0,0.0,0.0,0.0,0.0025147211,0.0025147211,0.0025110352,0.0025058736,1.0000125,1.0000155,1.0000023,0.0,0.0,2.1561306,0.09204488,0.0,0.0
118753851,118563942,0.095968105,0.09595932,0.20656537,0.2658826,0.26576033,0.61271733,0.0,0.0,0.0,0.0,0.0,0.0,0.0,12.385871,0.0,0.0,0.0,0.0,0.0025142764,0.0025142764,0.002509256,0.0025068684,1.0000119,1.0000155,1.0000025,0.0,0.0,2.1560116,0.09198302,0.0,0.0
119252846,119062926,0.09600603,0.096208766,0.20655364,0.2659344,0.26585135,0.6113142,0.0,0.0,0.0,0.0,0.0,0.0,0.0,12.385606,0.0,0.0,0.0,0.0,0.0025144871,0.0025144871,0.0025095353,0.0025071255,1.0000125,1.0000156,1.0000021,0.0,0.0,2.156459,0.09186547,0.0,0.0
119751858,119561911,0.09564781,0.09587825,0.2065101,0.2659963,0.26596954,0.6130559,0.0,0.0,0.0,0.0,0.0,0.0,0.0,12.38521,0.0,0.0,0.0,0.0,0.0025148976,0.0025148976,0.002510816,0.0025073024,1.0000126,1.0000154,1.0000015,0.0,0.0,2.1588032,0.09190161,0.0,0.0
120250871,120060895,0.09599485,0.09627881,0.20649637,0.2661118,0.26613003,0.61011904,0.0,0.0,0.0,0.0,0.0,0.0,0.0,12.385433,0.0,0.0,0.0,0.0,0.0025141793,0.0025141793,0.002510449,0.002507307,1.0000125,1.0000155,1.0000018,0.0,0.0,2.1606236,0.09196134,0.0,0.0
120749799,120559879,0.09570697,0.09605417,0.20644617,0.2659012,0.26595336,0.61149406,0.0,0.0,0.0,0.0,0.0,0.0,0.0,12.386085,0.0,0.0,0.0,0.0,0.0025140783,0.0025140783,0.0025106112,0.0025071658,1.0000126,1.0000149,1.0000018,0.0,0.0,2.1637037,0.091778144,0.0,0.0
121258885,121068843,0.09611182,0.09657346,0.20644237,0.2660509,0.26613703,0.61165637,0.0,0.0,0.0,0.0,0.0,0.0,0.0,12.385908,0.0,0.0,0.0,0.0,0.0025142715,0.0025142715,0.002509656,0.0025068535,1.0000129,1.0000148,1.0000018,0.0,0.0,2.165738,0.09167789,0.0,0.0
121757737,121567827,0.09601092,0.0964013,0.20640561,0.26586685,0.26597676,0.61765176,0.0,0.0,0.0,0.0,0.0,0.0,0.0,12.386039,0.0,0.0,0.0,0.0,0.0025144573,0.0025144573,0.0025093378,0.0025066754,1.0000128,1.0000143,1.0000019,0.0,0.0,2.049905,0.091771655,0.0,0.0
122256831,122066810,0.09563673,0.0959711,0.20641707,0.26598507,0.26611844,0.61776894,0.0,0.0,0.0,0.0,0.0,0.0,0.0,12.385667,0.0,0.0,0.0,0.0,0.002515687,0.002515687,0.002509288,0.0025064754,1.0000137,1.0000148,1.0000013,0.0,0.0,2.1704895,0.09186274,0.0,0.0
122755699,122565794,0.09586365,0.096100286,0.2064003,0.26581782,0.2659561,0.62079364,0.0,0.0,0.0,0.0,0.0,0.0,0.0,12.385245,0.0,0.0,0.0,0.0,0.002513729,0.002513729,0.0025088063,0.002506834,1.0000128,1.0000144,1.0000025,0.0,0.0,2.1718009,0.09173259,0.0,0.0
123255026,123064777,0.09588871,0.096055344,0.20641638,0.26600066,0.266138,0.62091583,0.0,0.0,0.0,0.0,0.0,0.0,0.0,12.385457,0.0,0.0,0.0,0.0,0.0025137714,0.0025137714,0.0025081942,0.0025065306,1.0000131,1.0000145,1.0000026,0.0,0.0,2.173614,0.09162759,0.0,0.0
123753666,123563760,0.095793806,0.09585094,0.20639896,0.2658704,0.26598376,0.62388617,0.0,0.0,0.0,0.0,0.0,0.0,0.0,12.38615,0.0,0.0,0.0,0.0,0.0025152399,0.0025152399,0.0025088969,0.0025062354,1.0000134,1.0000147,1.0000018,0.0,0.0,2.175211,0.091574594,0.0,0.0
124252651,124062743,0.095636144,0.09565348,0.20634261,0.26528302,0.26536348,0.62023336,0.0,0.0,0.0,0.0,0.0,0.0,0.0,12.384714,0.0,0.0,0.0,0.0,0.0025145872,0.0025145872,0.002508906,0.0025062158,1.0000134,1.0000145,1.000002,0.0,0.0,2.175676,0.09155736,0.0,0.0
124751859,124561726,0.09556873,0.09557393,0.20631547,0.26495126,0.26500636,0.6166804,0.0,0.0,0.0,0.0,0.0,0.0,0.0,12.385328,0.0,0.0,0.0,0.0,0.0025137535,0.0025137535,0.002509268,0.0025061928,1.000013,1.0000147,1.0000021,0.0,0.0,2.175779,0.091592915,0.0,0.0
125260590,125070689,0.09592434,0.09595049,0.20637847,0.2653786,0.26541796,0.61387295,0.0,0.0,0.0,0.0,0.0,0.0,0.0,12.384859,0.0,0.0,0.0,0.0,0.0025124378,0.0025124378,0.0025101835,0.002506723,1.0000125,1.0000151,1.000003,0.0,0.0,2.1761274,0.09165368,0.0,0.0
125749667,125559692,0.09586623,0.09588678,0.20641024,0.26559687,0.26561937,0.6141014,0.0,0.0,0.0,0.0,0.0,0.0,0.0,12.384584,0.0,0.0,0.0,0.0,0.0025118466,0.0025118466,0.0025115162,0.002506472,1.0000126,1.0000151,1.0000025,0.0,0.0,2.174773,0.09162709,0.0,0.0
126248586,126058674,0.095951445,0.09593453,0.20643497,0.26573578,0.26574802,0.6111126,0.0,0.0,0.0,0.0,0.0,0.0,0.0,12.385185,0.0,0.0,0.0,0.0,0.0025128876,0.0025128876,0.0025127144,0.0025058752,1.0000136,1.0000156,1.0000019,0.0,0.0,2.173835,0.09186046,0.0,0.0
126757536,126567636,0.09609501,0.096169926,0.20645271,0.26580325,0.2658166,0.6096626,0.0,0.0,0.0,0.0,0.0,0.0,0.0,12.385904,0.0,0.0,0.0,0.0,0.0025131474,0.0025107174,0.0025131474,0.0025061248,1.0000131,1.0000156,1.0000023,0.0,0.0,2.1733787,0.09194464,0.0,0.0
127256517,127066618,0.09579211,0.09587696,0.20647067,0.26600283,0.26602662,0.60529447,0.0,0.0,0.0,0.0,0.0,0.0,0.0,12.385781,0.0,0.0,0.0,0.0,0.0025136769,0.0025104503,0.0025136769,0.0025059322,1.0000137,1.0000161,1.0000017,0.0,0.0,2.1726542,0.09169636,0.0,0.0
127755581,127565600,0.09595623,0.09598434,0.20643653,0.26588497,0.26591745,0.6051692,0.0,0.0,0.0,0.0,0.0,0.0,0.0,12.385921,0.0,0.0,0.0,0.0,0.0025143733,0.0025094198,0.0025143733,0.002506103,1.0000132,1.0000157,1.0000021,0.0,0.0,2.1733603,0.09154801,0.0,0.0
128254501,128064586,0.09571409,0.09576249,0.20644125,0.26592836,0.2659658,0.6020927,0.0,0.0,0.0,0.0,0.0,0.0,0.0,12.385518,0.0,0.0,0.0,0.0,0.0025167633,0.0025114394,0.0025167633,0.0025058454,1.0000144,1.000016,1.0000011,0.0,0.0,2.1735487,0.0915142,0.0,0.0
128753502,128563564,0.09590255,0.095935196,0.20640612,0.26590118,0.26594,0.60211563,0.0,0.0,0.0,0.0,0.0,0.0,0.0,12.385031,0.0,0.0,0.0,0.0,0.0025144375,0.0025091867,0.0025144375,0.0025059285,1.0000137,1.0000153,1.000002,0.0,0.0,2.1759055,0.09155042,0.0,0.0
129252690,129062545,0.095892765,0.09592562,0.20641534,0.26607367,0.266112,0.59915024,0.0,0.0,0.0,0.0,0.0,0.0,0.0,12.385664,0.0,0.0,0.0,0.0,0.002514278,0.0025086277,0.002514278,0.0025059553,1.0000135,1.0000154,1.0000024,0.0,0.0,2.1764731,0.091493234,0.0,0.0
129751451,129561526,0.09585355,0.09592903,0.20639354,0.26588976,0.26592532,0.60045975,0.0,0.0,0.0,0.0,0.0,0.0,0.0,12.385803,0.0,0.0,0.0,0.0,0.0025149474,0.0025081697,0.0025149474,0.002505921,1.0000131,1.000015,1.0000024,0.0,0.0,2.1746056,0.091647826,0.0,0.0
130250414,130060508,0.095996134,0.09603649,0.20641914,0.26602575,0.26606286,0.5960463,0.0,0.0,0.0,0.0,0.0,0.0,0.0,12.385587,0.0,0.0,0.0,0.0,0.0025167721,0.002508431,0.0025167721,0.002505813,1.0000135,1.0000151,1.0000024,0.0,0.0,2.1728303,0.09180556,0.0,0.0
130749754,130559489,0.09590469,0.09579816,0.20642866,0.26595202,0.26598048,0.59445345,0.0,0.0,0.0,0.0,0.0,0.0,0.0,12.385649,0.0,0.0,0.0,0.0,0.0025179016,0.002510263,0.0025179016,0.0025055981,1.0000138,1.000015,1.0000019,0.0,0.0,2.170933,0.09190454,0.0,0.0
131258352,131068449,0.09557022,0.09544022,0.20636946,0.26532492,0.2653361,0.5877182,0.0,0.0,0.0,0.0,0.0,0.0,0.0,12.385187,0.0,0.0,0.0,0.0,0.002517003,0.0025082703,0.002517003,0.002505743,1.0000132,1.0000156,1.0000021,0.0,0.0,2.167704,0.09171144,0.0,0.0
131757426,131567430,0.09564155,0.09545029,0.20635797,0.26497883,0.2649719,0.58723277,0.0,0.0,0.0,0.0,0.0,0.0,0.0,12.383655,0.0,0.0,0.0,0.0,0.0025164878,0.002508455,0.0025164878,0.0025059127,1.000013,1.0000162,1.0000018,0.0,0.0,2.1654363,0.091887005,0.0,0.0
132256345,132066411,0.095676735,0.09552292,0.20633645,0.2647397,0.26472056,0.58682114,0.0,0.0,0.0,0.0,0.0,0.0,0.0,12.383521,0.0,0.0,0.0,0.0,0.002515996,0.0025088494,0.002515996,0.002506003,1.0000129,1.0000162,1.0000017,0.0,0.0,2.1641989,0.091785245,0.0,0.0
132755326,132565391,0.09583324,0.09578492,0.20631832,0.26461774,0.2645939,0.58653045,0.0,0.0,0.0,0.0,0.0,0.0,0.0,12.383972,0.0,0.0,0.0,0.0,0.0025160029,0.0025091274,0.0025160029,0.002505982,1.0000129,1.0000156,1.000002,0.0,0.0,2.1622772,0.09172734,0.0,0.0
133254478,133064372,0.09567866,0.0956806,0.20635568,0.2650196,0.26499495,0.5868739,0.0,0.0,0.0,0.0,0.0,0.0,0.0,12.384003,0.0,0.0,0.0,0.0,0.0025146233,0.002511105,0.0025146233,0.0025061185,1.0000131,1.0000162,1.0000018,0.0,0.0,2.1629303,0.09179832,0.0,0.0
133753516,133563352,0.09600843,0.09603437,0.20638855,0.2653642,0.26534218,0.5871942,0.0,0.0,0.0,0.0,0.0,0.0,0.0,12.383865,0.0,0.0,0.0,0.0,0.00251434,0.0025106098,0.00251434,0.0025062421,1.0000128,1.0000156,1.0000021,0.0,0.0,2.1635244,0.091871396,0.0,0.0
134252239,134062332,0.09570992,0.09580509,0.20634438,0.26513448,0.26512724,0.58697045,0.0,0.0,0.0,0.0,0.0,0.0,0.0,12.384266,0.0,0.0,0.0,0.0,0.0025134194,0.0025123034,0.0025134194,0.0025061665,1.000013,1.0000154,1.0000017,0.0,0.0,2.1632783,0.09179198,0.0,0.0
134751221,134561312,0.09549665,0.095631994,0.2063184,0.26487547,0.2648827,0.58668137,0.0,0.0,0.0,0.0,0.0,0.0,0.0,12.3840475,0.0,0.0,0.0,0.0,0.0025125402,0.0025124857,0.0025125402,0.0025064242,1.0000129,1.0000153,1.0000015,0.0,0.0,2.1626382,0.09179763,0.0,0.0
135250324,135060292,0.09540966,0.095475316,0.20630364,0.26467037,0.2646895,0.58649594,0.0,0.0,0.0,0.0,0.0,0.0,0.0,12.383074,0.0,0.0,0.0,0.0,0.0025137062,0.0025137062,0.0025121423,0.0025064098,1.0000126,1.0000153,1.0000018,0.0,0.0,2.1618803,0.09179562,0.0,0.0
135759176,135569251,0.0956489,0.09575087,0.20631011,0.26456875,0.26459646,0.58633655,0.0,0.0,0.0,0.0,0.0,0.0,0.0,12.383609,0.0,0.0,0.0,0.0,0.0025156802,0.0025156802,0.0025104303,0.0025064126,1.0000129,1.0000154,1.0000014,0.0,0.0,2.160715,0.0916778,0.0,0.0
136248160,136058251,0.095787905,0.09597307,0.20636666,0.26497737,0.26501298,0.5866946,0.0,0.0,0.0,0.0,0.0,0.0,0.0,12.383732,0.0,0.0,0.0,0.0,0.0025153153,0.0025153153,0.002509975,0.0025070081,1.0000124,1.0000154,1.0000024,0.0,0.0,2.1601439,0.09158685,0.0,0.0
136747206,136557231,0.09603664,0.0964075,0.20640367,0.26534423,0.26540214,0.58712643,0.0,0.0,0.0,0.0,0.0,0.0,0.0,12.383654,0.0,0.0,0.0,0.0,0.002515183,0.002515183,0.0025091928,0.0025075285,1.000012,1.0000149,1.0000026,0.0,0.0,2.1604667,0.09194887,0.0,0.0
137256398,137066190,0.09578415,0.0961497,0.20641528,0.26558107,0.26567206,0.58735305,0.0,0.0,0.0,0.0,0.0,0.0,0.0,12.384083,0.0,0.0,0.0,0.0,0.0025158806,0.0025158806,0.0025081527,0.0025075625,1.0000122,1.0000153,1.0000024,0.0,0.0,2.1606069,0.09203823,0.0,0.0
137755090,137565169,0.09563737,0.09600249,0.20641847,0.26569837,0.2658228,0.58757234,0.0,0.0,0.0,0.0,0.0,0.0,0.0,12.384916,0.0,0.0,0.0,0.0,0.0025173707,0.0025173707,0.0025075555,0.0025066405,1.0000128,1.0000153,1.0000013,0.0,0.0,2.1608899,0.09187381,0.0,0.0
138254064,138064148,0.09604351,0.09638861,0.20644648,0.2659142,0.26606464,0.58786666,0.0,0.0,0.0,0.0,0.0,0.0,0.0,12.384928,0.0,0.0,0.0,0.0,0.0025169344,0.0025169344,0.0025074224,0.0025066996,1.000013,1.000015,1.0000015,0.0,0.0,2.1605248,0.09207704,0.0,0.0
138753046,138563127,0.09592053,0.09608869,0.20641223,0.26580396,0.26594502,0.5878412,0.0,0.0,0.0,0.0,0.0,0.0,0.0,12.385116,0.0,0.0,0.0,0.0,0.002518405,0.002518405,0.0025075623,0.0025060335,1.0000132,1.000015,1.000001,0.0,0.0,2.162159,0.09182808,0.0,0.0
139252190,139062108,0.0960647,0.09617121,0.20642887,0.2660964,0.26622757,0.5881507,0.0,0.0,0.0,0.0,0.0,0.0,0.0,12.384811,0.0,0.0,0.0,0.0,0.0025157938,0.0025157938,0.002507396,0.0025069588,1.0000126,1.0000147,1.0000024,0.0,0.0,2.1629558,0.09152027,0.0,0.0
139750992,139561085,0.09609252,0.09611825,0.206381,0.26594383,0.26604155,0.5880826,0.0,0.0,0.0,0.0,0.0,0.0,0.0,12.38438,0.0,0.0,0.0,0.0,0.002516129,0.002516129,0.0025073828,0.0025063262,1.0000132,1.0000142,1.0000014,0.0,0.0,2.165073,0.091560595,0.0,0.0
140250194,140060063,0.09588433,0.09588719,0.20637743,0.26597333,0.26605147,0.58806145,0.0,0.0,0.0,0.0,0.0,0.0,0.0,12.384582,0.0,0.0,0.0,0.0,0.0025153484,0.0025153484,0.0025073595,0.0025067083,1.0000129,1.0000143,1.0000024,0.0,0.0,2.165702,0.091828994,0.0,0.0
140748951,140559042,0.09574111,0.09571603,0.20636098,0.2659218,0.26597843,0.5880332,0.0,0.0,0.0,0.0,0.0,0.0,0.0,12.385437,0.0,0.0,0.0,0.0,0.002515455,0.002515455,0.002507584,0.0025061516,1.0000132,1.0000141,1.0000015,0.0,0.0,2.1669862,0.09171116,0.0,0.0
141257908,141067999,0.096126996,0.09609351,0.2063991,0.26618978,0.266235,0.58825284,0.0,0.0,0.0,0.0,0.0,0.0,0.0,12.385046,0.0,0.0,0.0,0.0,0.0025163675,0.0025163675,0.0025092275,0.0025058,1.0000136,1.0000141,1.0000018,0.0,0.0,2.165598,0.09176608,0.0,0.0
141756916,141566978,0.09588817,0.09590739,0.20638226,0.26587492,0.26591903,0.5880153,0.0,0.0,0.0,0.0,0.0,0.0,0.0,12.384561,0.0,0.0,0.0,0.0,0.0025143,0.0025143,0.0025096592,0.0025060012,1.0000134,1.0000138,1.000002,0.0,0.0,2.165729,0.09181075,0.0,0.0
142255855,142065956,0.0958773,0.095993586,0.20641501,0.26604545,0.26609996,0.58812344,0.0,0.0,0.0,0.0,0.0,0.0,0.0,12.384755,0.0,0.0,0.0,0.0,0.0025133926,0.0025133926,0.0025103884,0.0025053094,1.0000136,1.0000148,1.0000015,0.0,0.0,2.163885,0.09171238,0.0,0.0
142754843,142564934,0.09571099,0.09587933,0.20640786,0.2658658,0.26592854,0.5880249,0.0,0.0,0.0,0.0,0.0,0.0,0.0,12.384299,0.0,0.0,0.0,0.0,0.0025123768,0.0025123768,0.0025118245,0.002504949,1.0000135,1.0000151,1.0000011,0.0,0.0,2.1640158,0.09168915,0.0,0.0
143253868,143063911,0.09609314,0.09628339,0.20643117,0.26600984,0.26608887,0.5881308,0.0,0.0,0.0,0.0,0.0,0.0,0.0,12.385247,0.0,0.0,0.0,0.0,0.0025120238,0.002511189,0.0025120238,0.0025050663,1.0000129,1.0000149,1.0000021,0.0,0.0,2.163231,0.09161856,0.0,0.0
143752831,143562889,0.09607523,0.096158125,0.2063871,0.26584595,0.26592624,0.58797336,0.0,0.0,0.0,0.0,0.0,0.0,0.0,12.385351,0.0,0.0,0.0,0.0,0.0025124578,0.0025112568,0.0025124578,0.0025045015,1.0000134,1.0000147,1.0000015,0.0,0.0,2.1636221,0.09146709,0.0,0.0
144251787,144061867,0.09578181,0.09583092,0.20632577,0.26537943,0.26544714,0.58748484,0.0,0.0,0.0,0.0,0.0,0.0,0.0,12.384786,0.0,0.0,0.0,0.0,0.0025131432,0.0025104822,0.0025131432,0.002504225,1.0000137,1.0000143,1.0000012,0.0,0.0,2.165038,0.09171827,0.0,0.0
144750782,144560845,0.09542057,0.0954912,0.20627463,0.26497406,0.26503208,0.5870483,0.0,0.0,0.0,0.0,0.0,0.0,0.0,12.383531,0.0,0.0,0.0,0.0,0.002514026,0.0025106692,0.002514026,0.0025038852,1.0000135,1.0000141,1.0000017,0.0,0.0,2.1657526,0.09158943,0.0,0.0
145249766,145059822,0.09593996,0.096053764,0.20631316,0.26541063,0.2654638,0.58735013,0.0,0.0,0.0,0.0,0.0,0.0,0.0,12.384179,0.0,0.0,0.0,0.0,0.0025119425,0.0025105453,0.0025119425,0.0025042347,1.000014,1.0000142,1.0000015,0.0,0.0,2.1677134,0.09148078,0.0,0.0
145758706,145568779,0.09592937,0.096029945,0.20631352,0.26548877,0.26553756,0.58739805,0.0,0.0,0.0,0.0,0.0,0.0,0.0,12.384679,0.0,0.0,0.0,0.0,0.0025123383,0.0025104745,0.0025123383,0.0025043578,1.0000142,1.0000138,1.0000012,0.0,0.0,2.1682618,0.09170427,0.0,0.0
146257662,146067757,0.09562665,0.09570747,0.20626682,0.26503983,0.2650823,0.58698493,0.0,0.0,0.0,0.0,0.0,0.0,0.0,12.383444,0.0,0.0,0.0,0.0,0.0025121802,0.0025095774,0.0025121802,0.0025043734,1.000014,1.0000137,1.0000018,0.0,0.0,2.1684146,0.09164673,0.0,0.0
146756828,146566733,0.095409654,0.09543632,0.20624268,0.2647919,0.26482898,0.5866567,0.0,0.0,0.0,0.0,0.0,0.0,0.0,12.3838625,0.0,0.0,0.0,0.0,0.002513144,0.0025089378,0.002513144,0.0025040926,1.0000141,1.0000141,1.0000014,0.0,0.0,2.1680198,0.09168859,0.0,0.0
147255608,147065710,0.095861286,0.095888495,0.2063074,0.26525244,0.26528758,0.5870254,0.0,0.0,0.0,0.0,0.0,0.0,0.0,12.383843,0.0,0.0,0.0,0.0,0.0025143938,0.002508157,0.0025143938,0.0025041406,1.0000142,1.0000148,1.0000012,0.0,0.0,2.167109,0.09154798,0.0,0.0
147754903,147564687,0.095837995,0.0959095,0.20631738,0.26538453,0.26541626,0.5872173,0.0,0.0,0.0,0.0,0.0,0.0,0.0,12.383649,0.0,0.0,0.0,0.0,0.0025146783,0.0025073604,0.0025146783,0.0025038056,1.0000136,1.0000147,1.0000017,0.0,0.0,2.1671326,0.091358505,0.0,0.0
148253560,148063663,0.09614115,0.09616726,0.20634659,0.26572737,0.26575983,0.587516,0.0,0.0,0.0,0.0,0.0,0.0,0.0,12.384313,0.0,0.0,0.0,0.0,0.0025145488,0.0025073527,0.0025145488,0.0025038677,1.0000138,1.0000145,1.000002,0.0,0.0,2.1664767,0.09136181,0.0,0.0
148752699,148562641,0.0960249,0.09604944,0.20634802,0.26584393,0.265876,0.58767194,0.0,0.0,0.0,0.0,0.0,0.0,0.0,12.385099,0.0,0.0,0.0,0.0,0.002515523,0.0025067024,0.002515523,0.0025037122,1.0000136,1.0000143,1.000002,0.0,0.0,2.1672232,0.09154583,0.0,0.0
149251739,149061617,0.09586727,0.09586457,0.20634763,0.26580477,0.26583531,0.58766055,0.0,0.0,0.0,0.0,0.0,0.0,0.0,12.38504,0.0,0.0,0.0,0.0,0.002515152,0.0025066035,0.002515152,0.0025036554,1.0000136,1.0000145,1.000002,0.0,0.0,2.1654437,0.091607384,0.0,0.0
149760546,149570573,0.09580409,0.09580381,0.20635341,0.26594615,0.2659723,0.587862,0.0,0.0,0.0,0.0,0.0,0.0,0.0,12.384358,0.0,0.0,0.0,0.0,0.002515461,0.0025062505,0.002515461,0.0025035064,1.0000135,1.0000145,1.0000019,0.0,0.0,2.1652343,0.09145347,0.0,0.0
150249478,150059570,0.09596129,0.09596417,0.20636351,0.2659759,0.26599884,0.58787924,0.0,0.0,0.0,0.0,0.0,0.0,0.0,12.38491,0.0,0.0,0.0,0.0,0.0025163656,0.002506707,0.0025163656,0.002503675,1.000014,1.0000148,1.0000017,0.0,0.0,2.1647224,0.09167324,0.0,0.0
150748544,150558547,0.09602086,0.09602676,0.20636028,0.26594144,0.2659619,0.5879523,0.0,0.0,0.0,0.0,0.0,0.0,0.0,12.38447,0.0,0.0,0.0,0.0,0.0025159598,0.0025075418,0.0025159598,0.002503777,1.0000145,1.0000144,1.0000012,0.0,0.0,2.1633778,0.091420665,0.0,0.0
151257466,151067502,0.09580899,0.09584618,0.20637372,0.26607984,0.26610512,0.5880699,0.0,0.0,0.0,0.0,0.0,0.0,0.0,12.38469,0.0,0.0,0.0,0.0,0.002515824,0.002505902,0.002515824,0.0025032754,1.0000136,1.0000148,1.0000023,0.0,0.0,2.1630971,0.091742,0.0,0.0
151756376,151566478,0.095661,0.09569033,0.20635453,0.26593107,0.26595354,0.58794355,0.0,0.0,0.0,0.0,0.0,0.0,0.0,12.385348,0.0,0.0,0.0,0.0,0.0025160215,0.0025072326,0.0025160215,0.0025038933,1.0000143,1.0000149,1.000001,0.0,0.0,2.1632204,0.091526926,0.0,0.0
152255349,152065454,0.09603812,0.09608325,0.20635435,0.26595134,0.2659757,0.5879721,0.0,0.0,0.0,0.0,0.0,0.0,0.0,12.385179,0.0,0.0,0.0,0.0,0.0025156308,0.0025067164,0.0025156308,0.002503573,1.0000141,1.000015,1.0000014,0.0,0.0,2.1629434,0.091380864,0.0,0.0
152754324,152564430,0.09607937,0.09611521,0.20633265,0.26592013,0.26594824,0.58795315,0.0,0.0,0.0,0.0,0.0,0.0,0.0,12.385283,0.0,0.0,0.0,0.0,0.0025162082,0.0025070163,0.0025162082,0.0025039683,1.0000145,1.0000144,1.000001,0.0,0.0,2.1645272,0.09150701,0.0,0.0
153253307,153063406,0.09606209,0.09598368,0.20626219,0.26529357,0.2653262,0.5873175,0.0,0.0,0.0,0.0,0.0,0.0,0.0,12.384697,0.0,0.0,0.0,0.0,0.002515657,0.0025059874,0.002515657,0.002503521,1.0000137,1.0000143,1.0000015,0.0,0.0,2.1665926,0.09138365,0.0,0.0
153752278,153562381,0.09597747,0.09579943,0.20622775,0.2649548,0.2649842,0.5869134,0.0,0.0,0.0,0.0,0.0,0.0,0.0,12.383472,0.0,0.0,0.0,0.0,0.0025152615,0.0025059779,0.0025152615,0.0025032293,1.000013,1.000014,1.0000023,0.0,0.0,2.1678498,0.09134058,0.0,0.0
154251275,154061357,0.09590894,0.09577199,0.20626104,0.2652845,0.26529962,0.58708096,0.0,0.0,0.0,0.0,0.0,0.0,0.0,12.383856,0.0,0.0,0.0,0.0,0.0025152771,0.0025058824,0.0025152771,0.002503384,1.0000137,1.0000142,1.0000018,0.0,0.0,2.1687028,0.09137776,0.0,0.0
154750284,154560332,0.09583345,0.09576541,0.20628232,0.26550505,0.26550403,0.5872712,0.0,0.0,0.0,0.0,0.0,0.0,0.0,12.384642,0.0,0.0,0.0,0.0,0.002514708,0.0025060382,0.002514708,0.0025032165,1.0000134,1.000014,1.0000018,0.0,0.0,2.1692061,0.091569036,0.0,0.0
155249254,155059308,0.095777325,0.09578007,0.20631458,0.2657628,0.26576036,0.5875591,0.0,0.0,0.0,0.0,0.0,0.0,0.0,12.384633,0.0,0.0,0.0,0.0,0.0025146464,0.002507237,0.0025146464,0.0025035026,1.0000143,1.0000142,1.0000014,0.0,0.0,2.1690583,0.091408156,0.0,0.0
155758194,155568262,0.09572537,0.09576684,0.20631143,0.26580682,0.26581693,0.5876637,0.0,0.0,0.0,0.0,0.0,0.0,0.0,12.384288,0.0,0.0,0.0,0.0,0.0025142247,0.0025075462,0.0025142247,0.0025035292,1.0000143,1.0000142,1.0000013,0.0,0.0,2.1680326,0.0915353,0.0,0.0
156257477,156067238,0.09556871,0.09561352,0.20626225,0.26526293,0.26528725,0.5871401,0.0,0.0,0.0,0.0,0.0,0.0,0.0,12.3845625,0.0,0.0,0.0,0.0,0.0025140448,0.002506822,0.0025140448,0.0025031555,1.0000132,1.0000142,1.000002,0.0,0.0,2.1671743,0.091452494,0.0,0.0
156756296,156566213,0.09550271,0.09554479,0.20623933,0.26492876,0.26496136,0.58679426,0.0,0.0,0.0,0.0,0.0,0.0,0.0,12.383215,0.0,0.0,0.0,0.0,0.0025134776,0.0025083025,0.0025134776,0.0025038205,1.0000138,1.0000145,1.0000011,0.0,0.0,2.16675,0.09131363,0.0,0.0
157255253,157065191,0.09572372,0.09575304,0.20622128,0.26469114,0.2647271,0.58648527,0.0,0.0,0.0,0.0,0.0,0.0,0.0,12.383176,0.0,0.0,0.0,0.0,0.0025131584,0.0025076773,0.0025131584,0.0025033467,1.0000135,1.0000143,1.0000015,0.0,0.0,2.1664033,0.091327995,0.0,0.0
157754059,157564163,0.0959184,0.09591137,0.20621298,0.264573,0.26460877,0.5862596,0.0,0.0,0.0,0.0,0.0,0.0,0.0,12.383661,0.0,0.0,0.0,0.0,0.0025128012,0.0025086117,0.0025128012,0.0025031662,1.0000126,1.0000142,1.0000024,0.0,0.0,2.16569,0.09149932,0.0,0.0
158253112,158063138,0.09565643,0.09565124,0.20622638,0.264603,0.26463234,0.5862154,0.0,0.0,0.0,0.0,0.0,0.0,0.0,12.383562,0.0,0.0,0.0,0.0,0.0025120617,0.002509043,0.0025120617,0.0025033175,1.0000131,1.0000142,1.0000018,0.0,0.0,2.1646445,0.091498934,0.0,0.0
158752047,158562113,0.095440455,0.09542826,0.20622334,0.2645444,0.26456636,0.5861367,0.0,0.0,0.0,0.0,0.0,0.0,0.0,12.382724,0.0,0.0,0.0,0.0,0.0025110827,0.0025092273,0.0025110827,0.0025036032,1.000013,1.0000143,1.0000017,0.0,0.0,2.1634781,0.0916947,0.0,0.0
159251185,159061088,0.09589482,0.095879205,0.2062847,0.26509976,0.26511905,0.5866271,0.0,0.0,0.0,0.0,0.0,0.0,0.0,12.383267,0.0,0.0,0.0,0.0,0.0025103327,0.0025103327,0.002510331,0.0025039192,1.0000135,1.0000148,1.0000014,0.0,0.0,2.1627755,0.091515616,0.0,0.0
159759941,159570042,0.09593565,0.09597552,0.20629926,0.26532325,0.26534116,0.58689845,0.0,0.0,0.0,0.0,0.0,0.0,0.0,12.384228,0.0,0.0,0.0,0.0,0.0025114177,0.0025114177,0.0025101192,0.0025041907,1.0000138,1.0000145,1.0000012,0.0,0.0,2.163105,0.09144671,0.0,0.0
160258929,160069016,0.09574212,0.095828116,0.20630626,0.26554167,0.2655664,0.58717215,0.0,0.0,0.0,0.0,0.0,0.0,0.0,12.384382,0.0,0.0,0.0,0.0,0.002510632,0.0025095365,0.002510632,0.002504167,1.0000136,1.0000144,1.0000018,0.0,0.0,2.1641562,0.09148329,0.0,0.0
160747913,160558011,0.09576663,0.09581074,0.20629993,0.2657108,0.2657517,0.5874094,0.0,0.0,0.0,0.0,0.0,0.0,0.0,12.384675,0.0,0.0,0.0,0.0,0.0025111204,0.002509555,0.0025111204,0.002504579,1.000013,1.0000141,1.0000019,0.0,0.0,2.165677,0.091516756,0.0,0.0
161256864,161066965,0.09612829,0.09615057,0.20631617,0.2659508,0.26600057,0.58764803,0.0,0.0,0.0,0.0,0.0,0.0,0.0,12.384468,0.0,0.0,0.0,0.0,0.002510038,0.002509827,0.002510038,0.0025040284,1.0000135,1.0000142,1.0000018,0.0,0.0,2.1663094,0.09153458,0.0,0.0
161755842,161565939,0.09571129,0.0958539,0.20629746,0.26582262,0.26587376,0.58768064,0.0,0.0,0.0,0.0,0.0,0.0,0.0,12.3841305,0.0,0.0,0.0,0.0,0.0025155803,0.0025155803,0.0025104391,0.0025044424,1.0000147,1.0000141,1.0000004,0.0,0.0,2.1671188,0.091453165,0.0,0.0
162254821,162064913,0.09566878,0.0958643,0.20631431,0.2659819,0.26605007,0.58784753,0.0,0.0,0.0,0.0,0.0,0.0,0.0,12.384392,0.0,0.0,0.0,0.0,0.0025111625,0.0025111625,0.0025102235,0.0025040868,1.0000145,1.0000142,1.0000011,0.0,0.0,2.1676679,0.09127208,0.0,0.0
162753792,162563887,0.09596974,0.09610871,0.2062953,0.26586145,0.2659434,0.58775944,0.0,0.0,0.0,0.0,0.0,0.0,0.0,12.385071,0.0,0.0,0.0,0.0,0.0025103504,0.0025096536,0.0025103504,0.0025039776,1.000013,1.0000138,1.0000023,0.0,0.0,2.0479012,0.09139927,0.0,0.0
163252768,163062861,0.09603624,0.09616387,0.20632662,0.2662195,0.26630855,0.588083,0.0,0.0,0.0,0.0,0.0,0.0,0.0,12.384934,0.0,0.0,0.0,0.0,0.0025103542,0.0025103542,0.002510236,0.0025041285,1.0000136,1.0000141,1.0000017,0.0,0.0,2.1703467,0.09134098,0.0,0.0
163751759,163561835,0.09587388,0.09595163,0.20630507,0.26605463,0.26613122,0.587949,0.0,0.0,0.0,0.0,0.0,0.0,0.0,12.385057,0.0,0.0,0.0,0.0,0.002510353,0.002510353,0.002509467,0.0025035802,1.0000131,1.0000137,1.0000019,0.0,0.0,2.170421,0.09138328,0.0,0.0
164250904,164060809,0.09592937,0.09598185,0.20630498,0.26593977,0.26600274,0.5878014,0.0,0.0,0.0,0.0,0.0,0.0,0.0,12.384697,0.0,0.0,0.0,0.0,0.0025113092,0.0025113092,0.0025090587,0.002503357,1.0000134,1.0000138,1.0000021,0.0,0.0,2.1697254,0.09158132,0.0,0.0
164749801,164559782,0.095731646,0.09582834,0.20631436,0.26600876,0.26606563,0.5879674,0.0,0.0,0.0,0.0,0.0,0.0,0.0,12.384244,0.0,0.0,0.0,0.0,0.002513553,0.002513553,0.0025078114,0.002503483,1.0000137,1.0000141,1.0000014,0.0,0.0,2.1685874,0.09161973,0.0,0.0
165248730,165058756,0.095782645,0.095808856,0.20633294,0.26613453,0.26619607,0.58805805,0.0,0.0,0.0,0.0,0.0,0.0,0.0,12.384435,0.0,0.0,0.0,0.0,0.0025135211,0.0025135211,0.0025073015,0.00250423,1.0000137,1.0000147,1.0000013,0.0,0.0,2.1677825,0.09143003,0.0,0.0
165757711,165567709,0.09587563,0.09591532,0.20630819,0.26596096,0.266017,0.5879088,0.0,0.0,0.0,0.0,0.0,0.0,0.0,12.385258,0.0,0.0,0.0,0.0,0.0025123795,0.0025123795,0.0025073404,0.0025044591,1.0000128,1.0000143,1.000002,0.0,0.0,2.169701,0.09152849,0.0,0.0
166256581,166066684,0.09615874,0.096217304,0.20632595,0.2661381,0.26619536,0.5880505,0.0,0.0,0.0,0.0,0.0,0.0,0.0,12.384877,0.0,0.0,0.0,0.0,0.002514066,0.002514066,0.0025071416,0.0025043322,1.0000137,1.0000145,1.000001,0.0,0.0,2.1699533,0.09142876,0.0,0.0
166755613,166565655,0.09607213,0.096105404,0.2063085,0.26594764,0.2659993,0.58788973,0.0,0.0,0.0,0.0,0.0,0.0,0.0,12.384406,0.0,0.0,0.0,0.0,0.0025135453,0.0025135453,0.0025068983,0.0025035965,1.0000131,1.000014,1.0000017,0.0,0.0,2.16847,0.09134503,0.0,0.0
167254530,167064628,0.09565312,0.095678195,0.20631744,0.2659435,0.26598978,0.58785856,0.0,0.0,0.0,0.0,0.0,0.0,0.0,12.384597,0.0,0.0,0.0,0.0,0.0025138042,0.0025138042,0.0025062175,0.0025038044,1.0000135,1.0000142,1.0000017,0.0,0.0,2.168128,0.091564186,0.0,0.0
167753542,167563601,0.095595494,0.09561624,0.20631728,0.26590592,0.26594454,0.5878919,0.0,0.0,0.0,0.0,0.0,0.0,0.0,12.384147,0.0,0.0,0.0,0.0,0.0025147563,0.0025147563,0.0025056433,0.0025040342,1.0000135,1.0000143,1.0000014,0.0,0.0,2.1662433,0.09153001,0.0,0.0
168252698,168062574,0.09604864,0.09603414,0.20634702,0.26607102,0.266105,0.5879973,0.0,0.0,0.0,0.0,0.0,0.0,0.0,12.385097,0.0,0.0,0.0,0.0,0.0025145004,0.0025145004,0.0025054212,0.002504437,1.0000135,1.0000148,1.0000014,0.0,0.0,2.1646495,0.091382936,0.0,0.0
168751445,168561547,0.09600732,0.0959311,0.20634216,0.2660179,0.26604268,0.5879729,0.0,0.0,0.0,0.0,0.0,0.0,0.0,12.385487,0.0,0.0,0.0,0.0,0.002513986,0.002513986,0.0025052743,0.0025044975,1.0000134,1.0000144,1.0000015,0.0,0.0,2.1638036,0.091405846,0.0,0.0
169250455,169060520,0.09621649,0.09623094,0.20635605,0.2661769,0.2661996,0.58808005,0.0,0.0,0.0,0.0,0.0,0.0,0.0,12.385104,0.0,0.0,0.0,0.0,0.0025135952,0.0025135952,0.0025052112,0.0025045709,1.000013,1.0000144,1.0000021,0.0,0.0,2.1629784,0.0915141,0.0,0.0
169759406,169569472,0.095934436,0.095980465,0.20632313,0.2660019,0.26602733,0.5879737,0.0,0.0,0.0,0.0,0.0,0.0,0.0,12.384633,0.0,0.0,0.0,0.0,0.00251452,0.00251452,0.0025053583,0.0025045082,1.0000136,1.0000143,1.0000013,0.0,0.0,2.1642368,0.091380104,0.0,0.0
170258344,170068444,0.09570882,0.095746666,0.2063231,0.26600015,0.26602808,0.58792704,0.0,0.0,0.0,0.0,0.0,0.0,0.0,12.384807,0.0,0.0,0.0,0.0,0.00251542,0.00251542,0.0025055914,0.0025044312,1.0000141,1.0000145,1.0000011,0.0,0.0,2.1634452,0.09145531,0.0,0.0
170757342,170567417,0.095735475,0.09578592,0.20631614,0.2659462,0.2659781,0.5878964,0.0,0.0,0.0,0.0,0.0,0.0,0.0,12.385153,0.0,0.0,0.0,0.0,0.0025135875,0.0025135875,0.0025052715,0.0025047362,1.0000132,1.0000142,1.0000015,0.0,0.0,2.163568,0.09145256,0.0,0.0
171256304,171066389,0.09604774,0.0961036,0.20633271,0.2660864,0.2661239,0.58803546,0.0,0.0,0.0,0.0,0.0,0.0,0.0,12.38498,0.0,0.0,0.0,0.0,0.0025132273,0.0025132273,0.0025054892,0.002504871,1.0000129,1.0000145,1.0000019,0.0,0.0,2.1626482,0.0913733,0.0,0.0
171755449,171565362,0.095995486,0.09604277,0.20631377,0.26590627,0.2659462,0.58787894,0.0,0.0,0.0,0.0,0.0,0.0,0.0,12.385366,0.0,0.0,0.0,0.0,0.0025131176,0.0025131176,0.0025062917,0.0025046654,1.0000129,1.000014,1.000002,0.0,0.0,2.1616564,0.09155029,0.0,0.0
172254370,172064334,0.09554019,0.09556931,0.20627029,0.26540834,0.26544553,0.5873842,0.0,0.0,0.0,0.0,0.0,0.0,0.0,12.384799,0.0,0.0,0.0,0.0,0.0025141335,0.0025141335,0.0025061823,0.0025043266,1.0000135,1.0000142,1.0000012,0.0,0.0,2.1595216,0.091531396,0.0,0.0
172753239,172563307,0.09536064,0.09540868,0.20623371,0.26492348,0.26495796,0.58685887,0.0,0.0,0.0,0.0,0.0,0.0,0.0,12.383571,0.0,0.0,0.0,0.0,0.0025139432,0.0025139432,0.0025069902,0.0025043783,1.0000136,1.0000144,1.000001,0.0,0.0,2.1584105,0.0913966,0.0,0.0
173252323,173062279,0.09585316,0.09588046,0.20628488,0.26534,0.26537907,0.58715737,0.0,0.0,0.0,0.0,0.0,0.0,0.0,12.38394,0.0,0.0,0.0,0.0,0.002512112,0.002512112,0.0025075704,0.002504909,1.0000131,1.0000148,1.0000017,0.0,0.0,2.1590505,0.091284625,0.0,0.0
173751151,173561251,0.0959468,0.09600711,0.20628396,0.26545537,0.2654959,0.5872819,0.0,0.0,0.0,0.0,0.0,0.0,0.0,12.383702,0.0,0.0,0.0,0.0,0.0025118687,0.0025118687,0.002507741,0.002504701,1.0000131,1.0000145,1.0000014,0.0,0.0,2.1595297,0.09134845,0.0,0.0
174260118,174070203,0.095839165,0.09589413,0.20623781,0.2650251,0.26506406,0.58683777,0.0,0.0,0.0,0.0,0.0,0.0,0.0,12.383555,0.0,0.0,0.0,0.0,0.0025119043,0.0025119043,0.002507704,0.0025044957,1.000013,1.0000141,1.0000015,0.0,0.0,2.1597507,0.09127384,0.0,0.0
174749098,174559195,0.09567119,0.095735036,0.20620711,0.26476562,0.26480544,0.5865172,0.0,0.0,0.0,0.0,0.0,0.0,0.0,12.38396,0.0,0.0,0.0,0.0,0.0025110762,0.0025110762,0.0025077837,0.002504972,1.0000125,1.000014,1.0000021,0.0,0.0,2.1599915,0.09150985,0.0,0.0
175248101,175058167,0.09569745,0.09573411,0.20627269,0.26538146,0.2654294,0.58701754,0.0,0.0,0.0,0.0,0.0,0.0,0.0,12.383949,0.0,0.0,0.0,0.0,0.0025111663,0.0025111663,0.00250855,0.0025044908,1.0000134,1.0000143,1.0000015,0.0,0.0,2.0368013,0.09149509,0.0,0.0
175757026,175567119,0.09552975,0.095549606,0.20628649,0.2654919,0.26553777,0.5872087,0.0,0.0,0.0,0.0,0.0,0.0,0.0,12.383756,0.0,0.0,0.0,0.0,0.0025106706,0.0025101379,0.0025106706,0.0025043658,1.0000131,1.0000147,1.0000012,0.0,0.0,2.1590307,0.09138939,0.0,0.0
176255992,176066091,0.09563428,0.09563863,0.20625472,0.26506037,0.26509482,0.5868011,0.0,0.0,0.0,0.0,0.0,0.0,0.0,12.3841095,0.0,0.0,0.0,0.0,0.0025116235,0.0025089849,0.0025116235,0.0025046028,1.0000129,1.0000143,1.0000015,0.0,0.0,2.1562788,0.09135363,0.0,0.0
176754997,176565062,0.09592722,0.09584964,0.20624839,0.26483095,0.26485348,0.58651704,0.0,0.0,0.0,0.0,0.0,0.0,0.0,12.383884,0.0,0.0,0.0,0.0,0.002513838,0.002507733,0.002513838,0.0025046435,1.0000125,1.0000141,1.000002,0.0,0.0,2.1537807,0.09168288,0.0,0.0
177254000,177064034,0.09581167,0.09562678,0.2063066,0.26529276,0.26530045,0.5869565,0.0,0.0,0.0,0.0,0.0,0.0,0.0,12.384087,0.0,0.0,0.0,0.0,0.002514801,0.0025065022,0.002514801,0.0025047325,1.0000128,1.0000143,1.0000024,0.0,0.0,2.1534228,0.091575615,0.0,0.0
177752911,177563006,0.09581131,0.09552517,0.20633216,0.2654578,0.26544043,0.58712876,0.0,0.0,0.0,0.0,0.0,0.0,0.0,12.384431,0.0,0.0,0.0,0.0,0.0025156045,0.0025066987,0.0025156045,0.0025041287,1.0000132,1.0000151,1.000001,0.0,0.0,2.1509216,0.09182435,0.0,0.0
178251893,178061977,0.09605689,0.09586329,0.20636575,0.26563627,0.2655976,0.5872951,0.0,0.0,0.0,0.0,0.0,0.0,0.0,12.384315,0.0,0.0,0.0,0.0,0.002516475,0.002505992,0.002516475,0.0025041422,1.0000131,1.0000156,1.0000012,0.0,0.0,2.15066,0.09166341,0.0,0.0
178750852,178560949,0.09612468,0.09603272,0.20637396,0.2657513,0.26570255,0.58753264,0.0,0.0,0.0,0.0,0.0,0.0,0.0,12.384049,0.0,0.0,0.0,0.0,0.0025163966,0.0025053597,0.0025163966,0.0025042153,1.0000128,1.000015,1.0000019,0.0,0.0,2.1506512,0.091575906,0.0,0.0
179249829,179059920,0.096007586,0.09585351,0.20638378,0.26597965,0.26592624,0.5877554,0.0,0.0,0.0,0.0,0.0,0.0,0.0,12.384333,0.0,0.0,0.0,0.0,0.0025165004,0.0025056785,0.0025165004,0.0025041606,1.0000135,1.0000153,1.0000017,0.0,0.0,2.1507628,0.09169676,0.0,0.0
179759149,179568871,0.09587677,0.0957429,0.2063737,0.2659837,0.26592845,0.5878235,0.0,0.0,0.0,0.0,0.0,0.0,0.0,12.385259,0.0,0.0,0.0,0.0,0.0025161623,0.002505928,0.0025161623,0.002504212,1.0000131,1.0000153,1.0000014,0.0,0.0,2.1505268,0.091625355,0.0,0.0
180257939,180067842,0.09614065,0.09608383,0.20637783,0.26603124,0.2659783,0.5878881,0.0,0.0,0.0,0.0,0.0,0.0,0.0,12.384942,0.0,0.0,0.0,0.0,0.0025160331,0.002506626,0.0025160331,0.0025044028,1.0000135,1.0000156,1.000001,0.0,0.0,2.1513774,0.09155545,0.0,0.0
180756876,180566813,0.09595006,0.0959496,0.20635869,0.26597437,0.2659342,0.5879007,0.0,0.0,0.0,0.0,0.0,0.0,0.0,12.384509,0.0,0.0,0.0,0.0,0.0025152643,0.002507191,0.0025152643,0.0025044149,1.000013,1.0000153,1.0000011,0.0,0.0,2.152176,0.0917488,0.0,0.0
181255681,181065785,0.096035086,0.09615535,0.20637831,0.2661222,0.2660931,0.5880319,0.0,0.0,0.0,0.0,0.0,0.0,0.0,12.384714,0.0,0.0,0.0,0.0,0.0025151493,0.0025067707,0.0025151493,0.0025045103,1.000013,1.000015,1.0000018,0.0,0.0,2.1524496,0.09151287,0.0,0.0
181754804,181564756,0.09584603,0.09607444,0.20634587,0.26594535,0.26593876,0.5879399,0.0,0.0,0.0,0.0,0.0,0.0,0.0,12.384264,0.0,0.0,0.0,0.0,0.002514373,0.002507038,0.002514373,0.0025049618,1.0000123,1.0000147,1.0000021,0.0,0.0,2.1535954,0.091844924,0.0,0.0
182253660,182063727,0.09555583,0.09572993,0.20628536,0.26533478,0.26534915,0.58731616,0.0,0.0,0.0,0.0,0.0,0.0,0.0,12.383937,0.0,0.0,0.0,0.0,0.0025134042,0.0025081313,0.0025134042,0.0025049814,1.0000122,1.0000147,1.0000018,0.0,0.0,2.1540453,0.09178007,0.0,0.0
182752694,182562698,0.09572301,0.095987596,0.20626622,0.2649752,0.26501146,0.58687,0.0,0.0,0.0,0.0,0.0,0.0,0.0,12.384265,0.0,0.0,0.0,0.0,0.0025131432,0.0025091423,0.0025131432,0.0025049746,1.000012,1.0000142,1.0000024,0.0,0.0,2.1539202,0.09164552,0.0,0.0
183251569,183061669,0.09551243,0.0958305,0.20629933,0.2652411,0.2653041,0.58709264,0.0,0.0,0.0,0.0,0.0,0.0,0.0,12.384164,0.0,0.0,0.0,0.0,0.0025117146,0.0025117146,0.0025108869,0.0025049276,1.0000131,1.0000148,1.0000011,0.0,0.0,2.1543849,0.09193537,0.0,0.0
183750582,183560640,0.09560319,0.095799394,0.20631973,0.2654413,0.2655176,0.5872899,0.0,0.0,0.0,0.0,0.0,0.0,0.0,12.383899,0.0,0.0,0.0,0.0,0.002512073,0.002512073,0.0025101982,0.0025052188,1.0000129,1.0000145,1.0000012,0.0,0.0,2.1543891,0.091703996,0.0,0.0
184259533,184069590,0.09578405,0.09581964,0.20634784,0.26574424,0.26581442,0.5875378,0.0,0.0,0.0,0.0,0.0,0.0,0.0,12.384227,0.0,0.0,0.0,0.0,0.0025115362,0.0025115362,0.0025099278,0.0025056833,1.0000128,1.0000148,1.0000015,0.0,0.0,2.1556268,0.09151039,0.0,0.0
184758519,184568561,0.095652565,0.09565984,0.20633678,0.2658032,0.26585835,0.5876463,0.0,0.0,0.0,0.0,0.0,0.0,0.0,12.3849745,0.0,0.0,0.0,0.0,0.0025121388,0.0025121388,0.0025090661,0.00250577,1.0000123,1.0000144,1.0000019,0.0,0.0,2.156514,0.09158526,0.0,0.0
185257432,185067531,0.09557022,0.095585406,0.2062707,0.26525122,0.2652939,0.5871529,0.0,0.0,0.0,0.0,0.0,0.0,0.0,12.383641,0.0,0.0,0.0,0.0,0.0025125148,0.0025125148,0.0025084633,0.0025056049,1.0000124,1.0000141,1.0000019,0.0,0.0,2.157844,0.091424726,0.0,0.0
185756426,185566501,0.095689915,0.09578414,0.20624818,0.26494375,0.26498723,0.5867699,0.0,0.0,0.0,0.0,0.0,0.0,0.0,12.384016,0.0,0.0,0.0,0.0,0.0025139372,0.0025139372,0.0025078289,0.0025055942,1.0000123,1.0000138,1.000002,0.0,0.0,2.1573827,0.09136864,0.0,0.0
186255373,186065472,0.09573571,0.0959263,0.2062434,0.26470086,0.26475316,0.58645993,0.0,0.0,0.0,0.0,0.0,0.0,0.0,12.383766,0.0,0.0,0.0,0.0,0.002515439,0.002515439,0.0025067893,0.00250541,1.0000122,1.0000135,1.0000021,0.0,0.0,2.1566489,0.091394745,0.0,0.0
186754342,186564443,0.09558521,0.09592804,0.2062421,0.26455802,0.2646305,0.58628076,0.0,0.0,0.0,0.0,0.0,0.0,0.0,12.382814,0.0,0.0,0.0,0.0,0.0025158962,0.0025158962,0.0025059646,0.0025057932,1.0000123,1.0000136,1.0000019,0.0,0.0,2.156116,0.09166768,0.0,0.0
187253315,187063413,0.09555577,0.09596842,0.20632356,0.2650976,0.2652123,0.58673763,0.0,0.0,0.0,0.0,0.0,0.0,0.0,12.383334,0.0,0.0,0.0,0.0,0.0025157304,0.0025157304,0.00250506,0.0025061804,1.0000118,1.0000141,1.0000025,0.0,0.0,2.1544695,0.091645665,0.0,0.0
187752294,187562383,0.095645174,0.09610649,0.2063474,0.26529995,0.26545194,0.586963,0.0,0.0,0.0,0.0,0.0,0.0,0.0,12.384262,0.0,0.0,0.0,0.0,0.0025158632,0.0025158632,0.002505357,0.0025059178,1.0000123,1.000014,1.0000017,0.0,0.0,2.153402,0.09154136,0.0,0.0
188251265,188061353,0.09586707,0.09623089,0.20636778,0.26550838,0.26568586,0.5872253,0.0,0.0,0.0,0.0,0.0,0.0,0.0,12.384386,0.0,0.0,0.0,0.0,0.00251617,0.00251617,0.002506028,0.0025052049,1.0000125,1.0000144,1.0000013,0.0,0.0,2.1524973,0.091931514,0.0,0.0
188750343,188560324,0.0958891,0.09625289,0.20638232,0.26563454,0.26582578,0.5874426,0.0,0.0,0.0,0.0,0.0,0.0,0.0,12.384676,0.0,0.0,0.0,0.0,0.002514762,0.002514762,0.0025068508,0.00250511,1.0000124,1.0000141,1.0000015,0.0,0.0,2.151967,0.091515884,0.0,0.0
189249536,189059294,0.095784925,0.09604445,0.20639488,0.26586652,0.2660694,0.58768564,0.0,0.0,0.0,0.0,0.0,0.0,0.0,12.384465,0.0,0.0,0.0,0.0,0.0025143381,0.0025143381,0.0025066864,0.0025049082,1.0000125,1.0000142,1.0000015,0.0,0.0,2.1515543,0.091594085,0.0,0.0
189758141,189568243,0.095735654,0.09582336,0.20634726,0.265872,0.26603732,0.58781457,0.0,0.0,0.0,0.0,0.0,0.0,0.0,12.38409,0.0,0.0,0.0,0.0,0.0025142042,0.0025142042,0.0025087788,0.0025039157,1.0000129,1.0000138,1.000001,0.0,0.0,2.1524951,0.09157952,0.0,0.0
190257220,190067214,0.095845945,0.09595647,0.20634618,0.26605737,0.266186,0.5879733,0.0,0.0,0.0,0.0,0.0,0.0,0.0,12.385078,0.0,0.0,0.0,0.0,0.002514016,0.002514016,0.0025086256,0.0025041378,1.0000128,1.0000137,1.0000015,0.0,0.0,2.153787,0.091549404,0.0,0.0
190756081,190566183,0.095706634,0.09588596,0.20629863,0.2658867,0.26597017,0.5878447,0.0,0.0,0.0,0.0,0.0,0.0,0.0,12.385204,0.0,0.0,0.0,0.0,0.0025139384,0.0025139384,0.0025084335,0.0025038184,1.0000131,1.0000134,1.000001,0.0,0.0,2.155465,0.09145428,0.0,0.0
191255075,191065153,0.095850796,0.09607005,0.20629773,0.265884,0.26595047,0.587873,0.0,0.0,0.0,0.0,0.0,0.0,0.0,12.384848,0.0,0.0,0.0,0.0,0.0025132867,0.0025132867,0.002506352,0.0025046677,1.000013,1.0000131,1.0000018,0.0,0.0,2.1568468,0.09179953,0.0,0.0
191754054,191564123,0.09559908,0.09575586,0.20628658,0.2658467,0.26590705,0.5878579,0.0,0.0,0.0,0.0,0.0,0.0,0.0,12.384376,0.0,0.0,0.0,0.0,0.002513833,0.002513833,0.002506901,0.0025040081,1.0000137,1.0000132,1.000001,0.0,0.0,2.1567864,0.09153827,0.0,0.0
192253000,192063093,0.0957663,0.0958345,0.20631185,0.26600096,0.2660625,0.5879528,0.0,0.0,0.0,0.0,0.0,0.0,0.0,12.384869,0.0,0.0,0.0,0.0,0.0025118988,0.0025118988,0.002507798,0.002504329,1.0000132,1.0000134,1.000002,0.0,0.0,2.15647,0.091379404,0.0,0.0
192751959,192562062,0.095797054,0.09583384,0.20630719,0.2658486,0.26590154,0.587852,0.0,0.0,0.0,0.0,0.0,0.0,0.0,12.384394,0.0,0.0,0.0,0.0,0.0025109113,0.0025109113,0.0025088424,0.0025043387,1.0000134,1.0000137,1.0000012,0.0,0.0,2.1559892,0.091502786,0.0,0.0
193251114,193061032,0.09621557,0.096269,0.20634872,0.26602292,0.26607174,0.5879666,0.0,0.0,0.0,0.0,0.0,0.0,0.0,12.384592,0.0,0.0,0.0,0.0,0.00251134,0.0025090876,0.00251134,0.0025047676,1.0000126,1.0000136,1.0000025,0.0,0.0,2.153812,0.091451496,0.0,0.0
193749922,193560002,0.09618242,0.09611089,0.20635514,0.26599297,0.26603377,0.58794296,0.0,0.0,0.0,0.0,0.0,0.0,0.0,12.385442,0.0,0.0,0.0,0.0,0.0025110918,0.0025089069,0.0025110918,0.002503966,1.000013,1.0000136,1.0000019,0.0,0.0,2.1530242,0.09176025,0.0,0.0
194258861,194068951,0.09596199,0.09589044,0.20636718,0.2660126,0.26604664,0.5879597,0.0,0.0,0.0,0.0,0.0,0.0,0.0,12.385049,0.0,0.0,0.0,0.0,0.0025128482,0.0025072228,0.0025128482,0.0025034228,1.0000126,1.0000142,1.0000021,0.0,0.0,2.151771,0.091884136,0.0,0.0
194757822,194567920,0.09592799,0.09585135,0.20637305,0.26596063,0.26597953,0.5879362,0.0,0.0,0.0,0.0,0.0,0.0,0.0,12.384292,0.0,0.0,0.0,0.0,0.0025135572,0.0025069597,0.0025135572,0.0025032286,1.0000132,1.0000142,1.0000012,0.0,0.0,2.1514592,0.09161544,0.0,0.0
195256794,195066889,0.09600667,0.096000776,0.2063776,0.2660806,0.26609725,0.58803135,0.0,0.0,0.0,0.0,0.0,0.0,0.0,12.384786,0.0,0.0,0.0,0.0,0.0025138862,0.002506807,0.0025138862,0.002502869,1.0000136,1.0000144,1.0000012,0.0,0.0,2.1514564,0.09185942,0.0,0.0
195755773,195565859,0.09602718,0.0960773,0.206331,0.26589924,0.26593116,0.5879257,0.0,0.0,0.0,0.0,0.0,0.0,0.0,12.384309,0.0,0.0,0.0,0.0,0.0025145195,0.0025063155,0.0025145195,0.002502683,1.0000134,1.0000142,1.0000013,0.0,0.0,2.1531174,0.09159996,0.0,0.0
196254826,196064828,0.095781595,0.09578866,0.20631601,0.26590285,0.26594707,0.5878838,0.0,0.0,0.0,0.0,0.0,0.0,0.0,12.3852415,0.0,0.0,0.0,0.0,0.0025155866,0.0025070664,0.0025155866,0.0025024342,1.000013,1.0000141,1.0000021,0.0,0.0,2.1543176,0.091659844,0.0,0.0
196753831,196563798,0.0957938,0.095790766,0.20629069,0.26589128,0.2659313,0.5878632,0.0,0.0,0.0,0.0,0.0,0.0,0.0,12.38533,0.0,0.0,0.0,0.0,0.0025158012,0.0025069497,0.0025158012,0.0025024442,1.0000131,1.0000136,1.0000018,0.0,0.0,2.1572788,0.09172086,0.0,0.0
197252676,197062768,0.096140616,0.09614104,0.20630822,0.26602766,0.26606134,0.5879487,0.0,0.0,0.0,0.0,0.0,0.0,0.0,12.38493,0.0,0.0,0.0,0.0,0.0025126578,0.0025068193,0.0025126578,0.002502748,1.0000131,1.0000138,1.000002,0.0,0.0,2.1588993,0.09164762,0.0,0.0
197751781,197561736,0.09581279,0.09563305,0.20628257,0.26585516,0.26587543,0.58783966,0.0,0.0,0.0,0.0,0.0,0.0,0.0,12.384461,0.0,0.0,0.0,0.0,0.0025132457,0.0025079343,0.0025132457,0.0025030223,1.0000144,1.0000138,1.0000007,0.0,0.0,2.1567779,0.091605775,0.0,0.0
198250601,198060705,0.09605603,0.09581113,0.20629373,0.26601917,0.26601714,0.58791924,0.0,0.0,0.0,0.0,0.0,0.0,0.0,12.384637,0.0,0.0,0.0,0.0,0.0025121004,0.0025066575,0.0025121004,0.0025028458,1.0000137,1.000014,1.0000018,0.0,0.0,2.1598125,0.091540545,0.0,0.0
198759587,198569654,0.095856525,0.09572456,0.20627633,0.2658958,0.26588014,0.5878232,0.0,0.0,0.0,0.0,0.0,0.0,0.0,12.384188,0.0,0.0,0.0,0.0,0.0025122701,0.002506227,0.0025122701,0.0025029504,1.0000137,1.0000138,1.0000014,0.0,0.0,2.1607451,0.09136305,0.0,0.0
199248586,199058644,0.09616134,0.096137024,0.20631088,0.26621535,0.26619378,0.5880501,0.0,0.0,0.0,0.0,0.0,0.0,0.0,12.385102,0.0,0.0,0.0,0.0,0.0025131204,0.002505447,0.0025131204,0.002502843,1.0000131,1.0000144,1.000002,0.0,0.0,2.1610785,0.09121815,0.0,0.0
199757490,199567592,0.095979415,0.09603154,0.20629084,0.26600933,0.2660041,0.5878666,0.0,0.0,0.0,0.0,0.0,0.0,0.0,12.38518,0.0,0.0,0.0,0.0,0.002513131,0.002505342,0.002513131,0.0025028987,1.000013,1.0000138,1.000002,0.0,0.0,2.1610465,0.0912465,0.0,0.0
200256458,200066561,0.09648567,0.09645958,0.20631616,0.26618415,0.26619506,0.587964,0.0,0.0,0.0,0.0,0.0,0.0,0.0,12.384796,0.0,0.0,0.0,0.0,0.0025142573,0.0025050254,0.0025142573,0.0025028507,1.0000124,1.0000142,1.0000024,0.0,0.0,2.1591132,0.09151106,0.0,0.0
200755430,200565530,0.09634537,0.09616876,0.20631976,0.26598632,0.2660058,0.5878536,0.0,0.0,0.0,0.0,0.0,0.0,0.0,12.384328,0.0,0.0,0.0,0.0,0.0025152755,0.00250479,0.0025152755,0.0025029175,1.0000119,1.0000136,1.0000029,0.0,0.0,2.157988,0.09155841,0.0,0.0
201254393,201064499,0.09576247,0.09557793,0.2063294,0.2659833,0.26599833,0.5878239,0.0,0.0,0.0,0.0,0.0,0.0,0.0,12.3845215,0.0,0.0,0.0,0.0,0.0025141032,0.0025051467,0.0025141032,0.0025026978,1.0000134,1.0000145,1.0000011,0.0,0.0,2.1555016,0.09187133,0.0,0.0
201753379,201563468,0.09557958,0.09556261,0.20632794,0.26591346,0.265924,0.58781356,0.0,0.0,0.0,0.0,0.0,0.0,0.0,12.385177,0.0,0.0,0.0,0.0,0.0025143025,0.0025063425,0.0025143025,0.0025030859,1.0000135,1.0000148,1.0000006,0.0,0.0,2.1554055,0.0915213,0.0,0.0
202252355,202062437,0.096187785,0.09632486,0.20634648,0.2660685,0.26608866,0.5879674,0.0,0.0,0.0,0.0,0.0,0.0,0.0,12.38502,0.0,0.0,0.0,0.0,0.0025140909,0.0025053257,0.0025140909,0.0025028146,1.0000135,1.0000149,1.000001,0.0,0.0,2.156333,0.09131047,0.0,0.0
202751302,202561406,0.095977075,0.09615157,0.20631044,0.2659097,0.26594672,0.5878325,0.0,0.0,0.0,0.0,0.0,0.0,0.0,12.385108,0.0,0.0,0.0,0.0,0.0025144187,0.0025052577,0.0025144187,0.0025025848,1.0000123,1.0000143,1.000002,0.0,0.0,2.157344,0.09126232,0.0,0.0
203250319,203060374,0.09590807,0.09596471,0.20623223,0.26530212,0.26534545,0.5872061,0.0,0.0,0.0,0.0,0.0,0.0,0.0,12.384552,0.0,0.0,0.0,0.0,0.0025145006,0.002505156,0.0025145006,0.002502571,1.000012,1.0000137,1.0000021,0.0,0.0,2.1584225,0.091450855,0.0,0.0
203749264,203559343,0.095903814,0.09583942,0.2061904,0.26491645,0.26496115,0.586788,0.0,0.0,0.0,0.0,0.0,0.0,0.0,12.38332,0.0,0.0,0.0,0.0,0.0025139907,0.0025049418,0.0025139907,0.0025024943,1.000012,1.0000136,1.000002,0.0,0.0,2.0370462,0.09153002,0.0,0.0
204258350,204068291,0.09551313,0.095480695,0.20623548,0.2653041,0.26534727,0.5870668,0.0,0.0,0.0,0.0,0.0,0.0,0.0,12.384404,0.0,0.0,0.0,0.0,0.0025141805,0.0025057853,0.0025141805,0.002503028,1.0000137,1.000014,1.0000007,0.0,0.0,2.160918,0.09152846,0.0,0.0
204757336,204567260,0.09548698,0.095523335,0.2062497,0.2654838,0.26552534,0.5872461,0.0,0.0,0.0,0.0,0.0,0.0,0.0,12.384652,0.0,0.0,0.0,0.0,0.0025138494,0.002505942,0.0025138494,0.0025029564,1.0000136,1.0000138,1.0000007,0.0,0.0,2.1616333,0.09135295,0.0,0.0
205256274,205066228,0.096031696,0.09612152,0.2062687,0.2656534,0.2657017,0.58739763,0.0,0.0,0.0,0.0,0.0,0.0,0.0,12.384458,0.0,0.0,0.0,0.0,0.002513568,0.0025056023,0.002513568,0.0025024477,1.0000126,1.0000142,1.0000019,0.0,0.0,2.1628292,0.09137658,0.0,0.0
205755330,205565197,0.09587914,0.095940225,0.20627025,0.265763,0.265812,0.587526,0.0,0.0,0.0,0.0,0.0,0.0,0.0,12.384127,0.0,0.0,0.0,0.0,0.002514523,0.0025053287,0.002514523,0.0025029462,1.000013,1.0000138,1.0000014,0.0,0.0,2.1639137,0.09120653,0.0,0.0
206254201,206064165,0.09601318,0.09600078,0.20621166,0.26523736,0.26527774,0.5870023,0.0,0.0,0.0,0.0,0.0,0.0,0.0,12.384392,0.0,0.0,0.0,0.0,0.0025137786,0.002505047,0.0025137786,0.0025024896,1.0000128,1.0000135,1.0000017,0.0,0.0,2.1644106,0.09133537,0.0,0.0
206753032,206563133,0.09591263,0.09593323,0.20618698,0.26493257,0.26496795,0.58667713,0.0,0.0,0.0,0.0,0.0,0.0,0.0,12.383075,0.0,0.0,0.0,0.0,0.002513833,0.0025054072,0.002513833,0.0025023501,1.0000124,1.0000132,1.0000023,0.0,0.0,2.1662452,0.091358304,0.0,0.0
207252088,207062102,0.0958549,0.09590198,0.2061815,0.26481822,0.26485586,0.58649254,0.0,0.0,0.0,0.0,0.0,0.0,0.0,12.383025,0.0,0.0,0.0,0.0,0.002514906,0.0025058503,0.002514906,0.0025024465,1.0000123,1.0000128,1.0000026,0.0,0.0,2.1658468,0.0913677,0.0,0.0
207751218,207561070,0.09563897,0.09559691,0.20616786,0.26453692,0.2645787,0.5861392,0.0,0.0,0.0,0.0,0.0,0.0,0.0,12.383493,0.0,0.0,0.0,0.0,0.0025150767,0.002507376,0.0025150767,0.002502463,1.0000126,1.0000128,1.0000024,0.0,0.0,2.164196,0.0911769,0.0,0.0
208249965,208060039,0.09584194,0.0956026,0.20625402,0.26506644,0.26511052,0.58658147,0.0,0.0,0.0,0.0,0.0,0.0,0.0,12.383561,0.0,0.0,0.0,0.0,0.0025153738,0.0025095092,0.0025153738,0.002502399,1.0000128,1.0000129,1.000003,0.0,0.0,2.1599965,0.091309324,0.0,0.0
208758887,208568986,0.09659317,0.09609012,0.20635177,0.26542693,0.26542753,0.58697146,0.0,0.0,0.0,0.0,0.0,0.0,0.0,12.383459,0.0,0.0,0.0,0.0,0.00251313,0.002510312,0.00251313,0.0025026505,1.0000116,1.000013,1.0000037,0.0,0.0,2.1533396,0.09164699,0.0,0.0
209257857,209067954,0.09637735,0.09604425,0.20640685,0.2656879,0.26564005,0.58718204,0.0,0.0,0.0,0.0,0.0,0.0,0.0,12.38387,0.0,0.0,0.0,0.0,0.0025111139,0.0025111139,0.0025083104,0.0025031418,1.0000119,1.0000137,1.0000029,0.0,0.0,2.023198,0.091979735,0.0,0.0
209756848,209566923,0.09598023,0.09621053,0.20641331,0.2658298,0.26577735,0.58741,0.0,0.0,0.0,0.0,0.0,0.0,0.0,12.384707,0.0,0.0,0.0,0.0,0.0025112515,0.0025112515,0.00250526,0.0025044335,1.0000117,1.0000141,1.0000024,0.0,0.0,2.1449425,0.09215722,0.0,0.0
210255797,210065891,0.09577749,0.095899016,0.20640692,0.26591656,0.2658847,0.5875814,0.0,0.0,0.0,0.0,0.0,0.0,0.0,12.384732,0.0,0.0,0.0,0.0,0.002511094,0.002511094,0.002506135,0.0025049532,1.0000122,1.0000143,1.0000019,0.0,0.0,2.143577,0.09214625,0.0,0.0
210754989,210564859,0.09552058,0.09559885,0.20633729,0.26588333,0.26587546,0.59070945,0.0,0.0,0.0,0.0,0.0,0.0,0.0,12.385233,0.0,0.0,0.0,0.0,0.0025119658,0.002510817,0.0025119658,0.0025054167,1.0000129,1.0000131,1.0000019,0.0,0.0,2.146513,0.09189922,0.0,0.0
211253918,211063827,0.095517054,0.09583678,0.20632365,0.26602808,0.26602957,0.58938503,0.0,0.0,0.0,0.0,0.0,0.0,0.0,12.38464,0.0,0.0,0.0,0.0,0.0025280006,0.0025108936,0.0025280006,0.002506686,1.0000142,1.0000106,1.0000032,0.0,0.0,2.15055,0.09133974,0.0,0.0
211752738,211562795,0.09580745,0.09708177,0.20633218,0.2658021,0.26586196,0.5908446,0.0,0.0,0.0,0.0,0.0,0.0,0.0,12.384239,0.0,0.0,0.0,0.0,0.002539899,0.0025062938,0.002539899,0.0025104831,1.0000131,1.0000086,1.0000056,0.0,0.0,2.159568,0.090913825,0.0,0.0
212251677,212061763,0.09691184,0.0970561,0.2064234,0.2652187,0.26534164,0.58873254,0.0,0.0,0.0,0.0,0.0,0.0,0.0,12.384439,0.0,0.0,0.0,0.0,0.0025276118,0.0025059707,0.0025276118,0.0025057034,1.0000137,1.00001,1.0000031,0.0,0.0,2.1626754,0.09095032,0.0,0.0
212750942,212560731,0.09717666,0.09647596,0.20651396,0.26507804,0.2651737,0.5869478,0.0,0.0,0.0,0.0,0.0,0.0,0.0,12.384291,0.0,0.0,0.0,0.0,0.0025182103,0.0025055276,0.0025182103,0.0025035748,1.0000136,1.0000116,1.0000017,0.0,0.0,2.1613188,0.091091804,0.0,0.0
213249616,213059700,0.09736461,0.09669367,0.20657636,0.26565045,0.26566806,0.5873607,0.0,0.0,0.0,0.0,0.0,0.0,0.0,12.384239,0.0,0.0,0.0,0.0,0.0025126238,0.0025046885,0.0025126238,0.0025024929,1.0000135,1.0000129,1.0000013,0.0,0.0,2.1625295,0.091151975,0.0,0.0
213748687,213558666,0.0966645,0.096463725,0.20646356,0.26580113,0.2657516,0.59049565,0.0,0.0,0.0,0.0,0.0,0.0,0.0,12.384851,0.0,0.0,0.0,0.0,0.0025117896,0.002505445,0.0025117896,0.002502318,1.000012,1.0000124,1.0000026,0.0,0.0,2.163146,0.09123867,0.0,0.0
214257504,214067613,0.096710384,0.09686936,0.20641962,0.26610118,0.2660322,0.589239,0.0,0.0,0.0,0.0,0.0,0.0,0.0,12.384654,0.0,0.0,0.0,0.0,0.002511795,0.002506297,0.002511795,0.0025022747,1.0000119,1.0000123,1.0000032,0.0,0.0,2.1616971,0.09149147,0.0,0.0
214756596,214566581,0.096117906,0.09646624,0.20635515,0.2659749,0.26593927,0.5937981,0.0,0.0,0.0,0.0,0.0,0.0,0.0,12.384043,0.0,0.0,0.0,0.0,0.002511523,0.0025068375,0.002511523,0.0025024863,1.0000112,1.0000119,1.0000036,0.0,0.0,2.1632946,0.09195283,0.0,0.0
215255542,215065548,0.0958408,0.09616951,0.20627385,0.26536202,0.26536798,0.59025943,0.0,0.0,0.0,0.0,0.0,0.0,0.0,12.383803,0.0,0.0,0.0,0.0,0.0025113444,0.0025053362,0.0025113444,0.002502293,1.000012,1.0000118,1.0000025,0.0,0.0,2.1649473,0.09197931,0.0,0.0
215754458,215564516,0.09562141,0.09582411,0.20622429,0.2650762,0.26512742,0.588455,0.0,0.0,0.0,0.0,0.0,0.0,0.0,12.384442,0.0,0.0,0.0,0.0,0.0025112575,0.0025047709,0.0025112575,0.0025024964,1.000013,1.0000119,1.0000017,0.0,0.0,2.169008,0.0916283,0.0,0.0
216253377,216063483,0.09596254,0.09604156,0.20625271,0.26533592,0.2654266,0.58869153,0.0,0.0,0.0,0.0,0.0,0.0,0.0,12.384331,0.0,0.0,0.0,0.0,0.0025112208,0.0025049124,0.0025112208,0.0025023185,1.0000124,1.0000124,1.0000025,0.0,0.0,2.1705258,0.0914447,0.0,0.0
216752359,216562451,0.0962058,0.09612307,0.2062514,0.26545125,0.26555192,0.5948275,0.0,0.0,0.0,0.0,0.0,0.0,0.0,12.384631,0.0,0.0,0.0,0.0,0.002511341,0.0025049068,0.002511341,0.0025024826,1.0000131,1.0000124,1.0000015,0.0,0.0,2.1725829,0.091395125,0.0,0.0
217251512,217061418,0.096156605,0.09601545,0.20629188,0.26585585,0.26595435,0.59521216,0.0,0.0,0.0,0.0,0.0,0.0,0.0,12.384463,0.0,0.0,0.0,0.0,0.0025110324,0.002505004,0.0025110324,0.0025022686,1.0000126,1.0000132,1.0000018,0.0,0.0,2.1737068,0.09139001,0.0,0.0
217750364,217560385,0.096462995,0.09627203,0.20628683,0.26586273,0.265932,0.6013779,0.0,0.0,0.0,0.0,0.0,0.0,0.0,12.384213,0.0,0.0,0.0,0.0,0.002511339,0.0025049183,0.002511339,0.0025022943,1.0000124,1.0000131,1.0000018,0.0,0.0,2.175165,0.091310754,0.0,0.0
218249313,218059352,0.09611287,0.095947124,0.20629518,0.2659619,0.26600754,0.60147244,0.0,0.0,0.0,0.0,0.0,0.0,0.0,12.38498,0.0,0.0,0.0,0.0,0.002511121,0.0025049413,0.002511121,0.0025022947,1.0000122,1.0000137,1.0000018,0.0,0.0,2.1758897,0.09126731,0.0,0.0
218758192,218568299,0.09613165,0.09609862,0.20628503,0.2659922,0.2660202,0.6061598,0.0,0.0,0.0,0.0,0.0,0.0,0.0,12.38549,0.0,0.0,0.0,0.0,0.0025116291,0.0025048493,0.0025116291,0.00250238,1.0000118,1.0000135,1.0000018,0.0,0.0,2.177519,0.09125415,0.0,0.0
219257192,219067266,0.095796674,0.09583679,0.20629284,0.2660336,0.26606396,0.6062738,0.0,0.0,0.0,0.0,0.0,0.0,0.0,12.385236,0.0,0.0,0.0,0.0,0.0025124908,0.002504483,0.0025124908,0.002502528,1.0000123,1.0000136,1.0000018,0.0,0.0,2.1789448,0.09116038,0.0,0.0
219756159,219566234,0.09602871,0.09606052,0.20629491,0.26600203,0.26604366,0.6124912,0.0,0.0,0.0,0.0,0.0,0.0,0.0,12.384885,0.0,0.0,0.0,0.0,0.0025129302,0.0025048798,0.0025129302,0.002502374,1.0000116,1.0000132,1.0000023,0.0,0.0,2.180363,0.091314614,0.0,0.0
220255117,220065201,0.095820196,0.095850095,0.20631467,0.26613846,0.26619035,0.61265844,0.0,0.0,0.0,0.0,0.0,0.0,0.0,12.385137,0.0,0.0,0.0,0.0,0.0025120676,0.002504478,0.0025120676,0.0025022188,1.0000123,1.0000135,1.0000019,0.0,0.0,2.1812446,0.091444135,0.0,0.0
220754108,220564168,0.095845826,0.09589492,0.20629282,0.26595172,0.26600263,0.6172583,0.0,0.0,0.0,0.0,0.0,0.0,0.0,12.384772,0.0,0.0,0.0,0.0,0.0025135563,0.002504511,0.0025135563,0.0025026258,1.0000126,1.0000128,1.0000021,0.0,0.0,2.1832013,0.091292165,0.0,0.0
221253179,221063135,0.09577125,0.0957857,0.20630164,0.265965,0.2660153,0.6157396,0.0,0.0,0.0,0.0,0.0,0.0,0.0,12.385765,0.0,0.0,0.0,0.0,0.0025148697,0.002505079,0.0025148697,0.002502671,1.0000122,1.0000129,1.000003,0.0,0.0,2.1837678,0.091138765,0.0,0.0
221751997,221562102,0.09620594,0.09587542,0.20633253,0.2659499,0.26597986,0.6204138,0.0,0.0,0.0,0.0,0.0,0.0,0.0,12.38593,0.0,0.0,0.0,0.0,0.0025136624,0.0025070056,0.0025136624,0.0025023439,1.0000123,1.0000129,1.0000025,0.0,0.0,2.1815734,0.09108549,0.0,0.0
222251089,222061069,0.096477576,0.09583205,0.20640577,0.26614615,0.26612756,0.6190243,0.0,0.0,0.0,0.0,0.0,0.0,0.0,12.38561,0.0,0.0,0.0,0.0,0.0025116801,0.002507764,0.0025116801,0.002502139,1.000012,1.0000135,1.0000025,0.0,0.0,2.1743228,0.091160044,0.0,0.0
222759993,222570015,0.09656048,0.096081555,0.20642793,0.26613435,0.26605546,0.62065464,0.0,0.0,0.0,0.0,0.0,0.0,0.0,12.3852,0.0,0.0,0.0,0.0,0.0025091907,0.0025084706,0.0025091907,0.0025023795,1.000012,1.0000136,1.0000019,0.0,0.0,2.0437503,0.09119658,0.0,0.0
223259074,223068986,0.096155345,0.095716454,0.206463,0.26640466,0.26627797,0.61782897,0.0,0.0,0.0,0.0,0.0,0.0,0.0,12.3854,0.0,0.0,0.0,0.0,0.0025110466,0.0025110466,0.002507623,0.0025025469,1.0000128,1.0000138,1.0000015,0.0,0.0,2.163643,0.09123813,0.0,0.0
223748089,223557970,0.09620212,0.09618825,0.2064289,0.26607743,0.2659521,0.61910325,0.0,0.0,0.0,0.0,0.0,0.0,0.0,12.386078,0.0,0.0,0.0,0.0,0.0025094463,0.0025094463,0.0025060491,0.002503444,1.0000117,1.0000138,1.000002,0.0,0.0,2.1563084,0.09151528,0.0,0.0
224257006,224066917,0.09580707,0.09582839,0.20640834,0.26607007,0.26596832,0.61758584,0.0,0.0,0.0,0.0,0.0,0.0,0.0,12.385917,0.0,0.0,0.0,0.0,0.0025098415,0.0025098415,0.0025055096,0.0025036884,1.0000122,1.0000141,1.0000017,0.0,0.0,2.155254,0.09152952,0.0,0.0
224755781,224565883,0.09594393,0.096058704,0.20636109,0.2659873,0.26593995,0.6175619,0.0,0.0,0.0,0.0,0.0,0.0,0.0,12.386004,0.0,0.0,0.0,0.0,0.0025094678,0.0025094678,0.002505299,0.0025041657,1.0000117,1.0000138,1.000002,0.0,0.0,2.1548634,0.09161108,0.0,0.0
225254813,225064850,0.09570092,0.095805176,0.2063648,0.26611397,0.26610902,0.6161199,0.0,0.0,0.0,0.0,0.0,0.0,0.0,12.385606,0.0,0.0,0.0,0.0,0.0025106515,0.0025106515,0.0025051304,0.0025040468,1.0000125,1.000014,1.0000012,0.0,0.0,2.155238,0.091494,0.0,0.0
225753720,225563817,0.09605303,0.09607906,0.20632006,0.26591042,0.26594087,0.61907715,0.0,0.0,0.0,0.0,0.0,0.0,0.0,12.385131,0.0,0.0,0.0,0.0,0.0025099479,0.0025099479,0.002505331,0.0025042687,1.0000122,1.0000136,1.0000014,0.0,0.0,2.157079,0.09155474,0.0,0.0
226252687,226062784,0.095700085,0.09584562,0.20633143,0.26604044,0.26609468,0.61762583,0.0,0.0,0.0,0.0,0.0,0.0,0.0,12.385305,0.0,0.0,0.0,0.0,0.002511123,0.002511123,0.0025066664,0.0025045476,1.0000125,1.0000137,1.0000013,0.0,0.0,2.1586213,0.09135579,0.0,0.0
226751925,226561751,0.09605479,0.09613327,0.20630364,0.26586387,0.26593286,0.6220914,0.0,0.0,0.0,0.0,0.0,0.0,0.0,12.385956,0.0,0.0,0.0,0.0,0.002510155,0.002510155,0.0025052454,0.0025041357,1.0000118,1.0000132,1.0000018,0.0,0.0,2.1588511,0.091308534,0.0,0.0
227250623,227060717,0.095783256,0.09585788,0.20624149,0.26525673,0.26532626,0.6215097,0.0,0.0,0.0,0.0,0.0,0.0,0.0,12.384532,0.0,0.0,0.0,0.0,0.0025100673,0.0025100673,0.0025057269,0.0025041038,1.0000118,1.000013,1.0000017,0.0,0.0,2.035088,0.09135156,0.0,0.0
227749595,227559684,0.095757194,0.09575871,0.20621157,0.26489833,0.26496834,0.621049,0.0,0.0,0.0,0.0,0.0,0.0,0.0,12.384827,0.0,0.0,0.0,0.0,0.0025101772,0.0025101772,0.0025061013,0.0025041385,1.000012,1.0000129,1.0000014,0.0,0.0,2.1605942,0.0914044,0.0,0.0
228248589,228058651,0.09569189,0.095788665,0.2062625,0.26532942,0.26541045,0.61980826,0.0,0.0,0.0,0.0,0.0,0.0,0.0,12.384708,0.0,0.0,0.0,0.0,0.0025101204,0.0025101204,0.0025073194,0.0025042195,1.0000124,1.0000131,1.0000014,0.0,0.0,2.162803,0.091339365,0.0,0.0
228757509,228567597,0.09572717,0.09575062,0.20627682,0.26542208,0.26549602,0.61993414,0.0,0.0,0.0,0.0,0.0,0.0,0.0,12.384473,0.0,0.0,0.0,0.0,0.0025100452,0.0025100452,0.002507922,0.0025040677,1.0000126,1.0000129,1.0000014,0.0,0.0,2.1663868,0.09138067,0.0,0.0
229256498,229066563,0.09618155,0.096194945,0.20631462,0.2657255,0.26579398,0.6170766,0.0,0.0,0.0,0.0,0.0,0.0,0.0,12.385528,0.0,0.0,0.0,0.0,0.002508977,0.002508977,0.0025089723,0.0025041203,1.0000128,1.0000129,1.0000019,0.0,0.0,2.1662288,0.09133704,0.0,0.0
229755553,229565530,0.096087046,0.09607736,0.20631915,0.26580968,0.26586515,0.6171869,0.0,0.0,0.0,0.0,0.0,0.0,0.0,12.385727,0.0,0.0,0.0,0.0,0.0025087788,0.0025087788,0.0025079877,0.0025030973,1.0000124,1.000013,1.0000018,0.0,0.0,2.168407,0.09149892,0.0,0.0
230254395,230064496,0.09581892,0.095938124,0.20627639,0.26538965,0.26543477,0.61369884,0.0,0.0,0.0,0.0,0.0,0.0,0.0,12.385237,0.0,0.0,0.0,0.0,0.0025091446,0.0025091446,0.0025083898,0.0025030174,1.0000129,1.0000129,1.0000014,0.0,0.0,2.1707377,0.09147113,0.0,0.0
230753531,230563463,0.09564024,0.09577383,0.20622824,0.26491806,0.2649607,0.6101184,0.0,0.0,0.0,0.0,0.0,0.0,0.0,12.384013,0.0,0.0,0.0,0.0,0.0025098678,0.0025098678,0.0025082217,0.0025026954,1.0000135,1.000013,1.000001,0.0,0.0,2.1724477,0.091191314,0.0,0.0
231252357,231062429,0.09548481,0.09561279,0.2062035,0.26477942,0.2648372,0.60681015,0.0,0.0,0.0,0.0,0.0,0.0,0.0,12.384381,0.0,0.0,0.0,0.0,0.0025106692,0.0025106692,0.002507987,0.0025023918,1.0000132,1.0000126,1.0000017,0.0,0.0,2.172507,0.091270424,0.0,0.0
231751503,231561396,0.09564926,0.09570923,0.20619284,0.264645,0.26470733,0.60499614,0.0,0.0,0.0,0.0,0.0,0.0,0.0,12.384156,0.0,0.0,0.0,0.0,0.0025115293,0.0025115293,0.002509037,0.0025023725,1.000012,1.0000122,1.0000031,0.0,0.0,2.169479,0.09125292,0.0,0.0
232250339,232060362,0.09579933,0.095823415,0.20620772,0.26443875,0.26448628,0.60621965,0.0,0.0,0.0,0.0,0.0,0.0,0.0,12.38321,0.0,0.0,0.0,0.0,0.0025125146,0.0025125146,0.0025083576,0.0025026512,1.0000118,1.0000122,1.0000031,0.0,0.0,2.1659648,0.091166556,0.0,0.0
232759453,232569308,0.095923744,0.09634544,0.20629649,0.26454756,0.26458785,0.60467994,0.0,0.0,0.0,0.0,0.0,0.0,0.0,12.383762,0.0,0.0,0.0,0.0,0.0025140245,0.0025140245,0.0025072508,0.002502628,1.0000123,1.0000125,1.000002,0.0,0.0,2.1593041,0.09116742,0.0,0.0
233258195,233068274,0.09608345,0.09702627,0.20643471,0.2649872,0.2650507,0.605092,0.0,0.0,0.0,0.0,0.0,0.0,0.0,12.383884,0.0,0.0,0.0,0.0,0.002511306,0.0025105504,0.002511306,0.0025041222,1.0000122,1.0000117,1.0000038,0.0,0.0,2.1503723,0.09143291,0.0,0.0
233757139,233567241,0.09602867,0.0976365,0.2065888,0.2653623,0.2655203,0.6101354,0.0,0.0,0.0,0.0,0.0,0.0,0.0,12.383891,0.0,0.0,0.0,0.0,0.0025103404,0.0025090638,0.0025103404,0.0025039068,1.0000123,1.0000123,1.0000026,0.0,0.0,2.1460328,0.091450766,0.0,0.0
234256199,234066207,0.09562964,0.09681369,0.20656551,0.26498476,0.2652157,0.6083887,0.0,0.0,0.0,0.0,0.0,0.0,0.0,12.384716,0.0,0.0,0.0,0.0,0.0025120876,0.0025065911,0.0025120876,0.0025043073,1.0000122,1.0000122,1.0000027,0.0,0.0,2.1439772,0.09152372,0.0,0.0
234755089,234565173,0.09567777,0.09634812,0.20658082,0.2647394,0.2650276,0.605156,0.0,0.0,0.0,0.0,0.0,0.0,0.0,12.384289,0.0,0.0,0.0,0.0,0.0025112515,0.0025047536,0.0025112515,0.0025040125,1.0000114,1.0000135,1.0000023,0.0,0.0,2.1451652,0.09174552,0.0,0.0
235254038,235064139,0.096351326,0.09637208,0.20665532,0.26524088,0.2655469,0.6026398,0.0,0.0,0.0,0.0,0.0,0.0,0.0,12.384581,0.0,0.0,0.0,0.0,0.0025117095,0.0025048356,0.0025117095,0.0025035932,1.0000116,1.0000147,1.0000011,0.0,0.0,2.1485698,0.09159518,0.0,0.0
235753053,235563105,0.0961858,0.09583462,0.2065521,0.26538932,0.26559952,0.5997997,0.0,0.0,0.0,0.0,0.0,0.0,0.0,12.384964,0.0,0.0,0.0,0.0,0.00251182,0.0025044607,0.00251182,0.002503512,1.0000113,1.0000145,1.0000008,0.0,0.0,2.1511788,0.091831006,0.0,0.0
236251962,236062071,0.095708415,0.095532015,0.20641273,0.264995,0.2650986,0.5917871,0.0,0.0,0.0,0.0,0.0,0.0,0.0,12.38455,0.0,0.0,0.0,0.0,0.002513113,0.0025043653,0.002513113,0.0025036098,1.000011,1.0000145,1.0000008,0.0,0.0,2.0285974,0.09160866,0.0,0.0
236750932,236561037,0.09571456,0.09576592,0.20630485,0.26476523,0.26479995,0.58693314,0.0,0.0,0.0,0.0,0.0,0.0,0.0,12.383384,0.0,0.0,0.0,0.0,0.002513046,0.0025055297,0.002513046,0.0025034347,1.0000113,1.0000143,1.0000005,0.0,0.0,2.1562736,0.091613114,0.0,0.0
237260063,237069982,0.0956852,0.09586787,0.20630713,0.2652267,0.26523992,0.58723617,0.0,0.0,0.0,0.0,0.0,0.0,0.0,12.384504,0.0,0.0,0.0,0.0,0.0025165721,0.0025044577,0.0025165721,0.0025040072,1.0000118,1.000014,1.0000007,0.0,0.0,2.156437,0.09145513,0.0,0.0
237748874,237558969,0.09595688,0.09614641,0.20627223,0.26534384,0.26537058,0.58732957,0.0,0.0,0.0,0.0,0.0,0.0,0.0,12.383774,0.0,0.0,0.0,0.0,0.0025142492,0.00250475,0.0025142492,0.0025036586,1.0000117,1.0000131,1.000001,0.0,0.0,2.1594048,0.09137516,0.0,0.0
238257964,238067914,0.095823824,0.096067645,0.20629315,0.26564372,0.26569733,0.5875509,0.0,0.0,0.0,0.0,0.0,0.0,0.0,12.384507,0.0,0.0,0.0,0.0,0.0025145004,0.0025060512,0.0025145004,0.0025036025,1.0000126,1.0000134,1.0000004,0.0,0.0,2.1580772,0.09118808,0.0,0.0
238756811,238566880,0.096094765,0.096247196,0.20629679,0.26574743,0.26582032,0.587623,0.0,0.0,0.0,0.0,0.0,0.0,0.0,12.384154,0.0,0.0,0.0,0.0,0.0025150748,0.0025050428,0.0025150748,0.002503845,1.0000122,1.0000124,1.0000012,0.0,0.0,2.1577902,0.091228865,0.0,0.0
239255784,239065845,0.09618613,0.09630664,0.20626295,0.26524216,0.2653236,0.5870869,0.0,0.0,0.0,0.0,0.0,0.0,0.0,12.384503,0.0,0.0,0.0,0.0,0.002513111,0.002506243,0.002513111,0.0025036302,1.0000123,1.0000124,1.0000007,0.0,0.0,2.1582177,0.091125436,0.0,0.0
239754726,239564811,0.09580951,0.09616493,0.20624454,0.26492944,0.26501897,0.58674484,0.0,0.0,0.0,0.0,0.0,0.0,0.0,12.383353,0.0,0.0,0.0,0.0,0.002511255,0.0025059734,0.002511255,0.0025038456,1.000012,1.0000124,1.0000011,0.0,0.0,2.1571765,0.09135185,0.0,0.0
240253699,240063776,0.09618163,0.09639508,0.2062855,0.26526582,0.26538083,0.5869542,0.0,0.0,0.0,0.0,0.0,0.0,0.0,12.383758,0.0,0.0,0.0,0.0,0.0025108955,0.0025065283,0.0025108955,0.0025039369,1.0000125,1.0000128,1.0000013,0.0,0.0,2.1557624,0.091225564,0.0,0.0
240752653,240562742,0.09613666,0.096366964,0.20628622,0.26549324,0.2656281,0.587182,0.0,0.0,0.0,0.0,0.0,0.0,0.0,12.384584,0.0,0.0,0.0,0.0,0.0025091828,0.0025065588,0.0025091828,0.0025040363,1.0000125,1.0000125,1.0000012,0.0,0.0,2.1568701,0.091440335,0.0,0.0
241251662,241061707,0.09591882,0.09603565,0.20629068,0.26579064,0.2659316,0.5874849,0.0,0.0,0.0,0.0,0.0,0.0,0.0,12.384607,0.0,0.0,0.0,0.0,0.002510498,0.0025055667,0.002510498,0.0025040642,1.0000128,1.000013,1.0000012,0.0,0.0,2.157282,0.09129364,0.0,0.0
241750583,241560672,0.09607647,0.09607114,0.20626815,0.26575413,0.2658788,0.58749694,0.0,0.0,0.0,0.0,0.0,0.0,0.0,12.384806,0.0,0.0,0.0,0.0,0.0025111523,0.0025050023,0.0025111523,0.002504233,1.0000124,1.000013,1.0000014,0.0,0.0,2.1604948,0.09131099,0.0,0.0
242249539,242059638,0.09577255,0.09572766,0.20621504,0.2652005,0.26529324,0.58697754,0.0,0.0,0.0,0.0,0.0,0.0,0.0,12.38436,0.0,0.0,0.0,0.0,0.0025110766,0.0025055013,0.0025110766,0.002503923,1.0000126,1.0000129,1.000001,0.0,0.0,2.1610172,0.091209434,0.0,0.0
242758474,242568582,0.09560998,0.095551826,0.20619787,0.26500088,0.2650658,0.58676517,0.0,0.0,0.0,0.0,0.0,0.0,0.0,12.383224,0.0,0.0,0.0,0.0,0.0025120575,0.0025048195,0.0025120575,0.0025038377,1.0000126,1.0000132,1.0000007,0.0,0.0,2.1628613,0.091253065,0.0,0.0
243257664,243067547,0.09614359,0.09605475,0.20623516,0.26530814,0.26535633,0.58696437,0.0,0.0,0.0,0.0,0.0,0.0,0.0,12.384356,0.0,0.0,0.0,0.0,0.0025124473,0.002504575,0.0025124473,0.0025039082,1.0000128,1.0000135,1.0000012,0.0,0.0,2.1650217,0.09110933,0.0,0.0
243756431,243566513,0.09583877,0.09576161,0.20625593,0.26554385,0.2655709,0.58719057,0.0,0.0,0.0,0.0,0.0,0.0,0.0,12.384636,0.0,0.0,0.0,0.0,0.0025127842,0.0025039753,0.0025127842,0.0025038777,1.0000123,1.0000136,1.0000013,0.0,0.0,2.1653807,0.09126994,0.0,0.0
244255630,244065477,0.09619867,0.0961649,0.20629051,0.2658757,0.26589236,0.5874509,0.0,0.0,0.0,0.0,0.0,0.0,0.0,12.384456,0.0,0.0,0.0,0.0,0.0025136182,0.0025037255,0.0025136182,0.0025038898,1.0000122,1.000014,1.0000013,0.0,0.0,2.1682267,0.09118204,0.0,0.0
244754387,244564443,0.096058175,0.096074164,0.20627406,0.2658188,0.26582858,0.58750516,0.0,0.0,0.0,0.0,0.0,0.0,0.0,12.384141,0.0,0.0,0.0,0.0,0.0025131248,0.0025044119,0.0025131248,0.0025036084,1.0000126,1.0000136,1.0000007,0.0,0.0,2.1698303,0.0913287,0.0,0.0
245253308,245063408,0.09582798,0.09586781,0.20627654,0.2658962,0.2659096,0.5875622,0.0,0.0,0.0,0.0,0.0,0.0,0.0,12.384407,0.0,0.0,0.0,0.0,0.0025136275,0.0025043185,0.0025136275,0.0025036647,1.0000129,1.0000141,1.0000006,0.0,0.0,2.1705048,0.091186486,0.0,0.0
245752455,245562375,0.09594166,0.0960069,0.20627296,0.26589555,0.2659162,0.5876789,0.0,0.0,0.0,0.0,0.0,0.0,0.0,12.384032,0.0,0.0,0.0,0.0,0.0025132603,0.0025036025,0.0025132603,0.0025038281,1.000012,1.0000136,1.0000013,0.0,0.0,2.173084,0.091225035,0.0,0.0
246251302,246061337,0.09575528,0.095807895,0.20628814,0.26604813,0.2660761,0.5878202,0.0,0.0,0.0,0.0,0.0,0.0,0.0,12.385011,0.0,0.0,0.0,0.0,0.0025134506,0.002503879,0.0025134506,0.002503723,1.0000128,1.000014,1.0000008,0.0,0.0,2.1734953,0.09124704,0.0,0.0
246750593,246560302,0.09566921,0.09571687,0.20626463,0.26589563,0.26592925,0.5877095,0.0,0.0,0.0,0.0,0.0,0.0,0.0,12.385132,0.0,0.0,0.0,0.0,0.0025154355,0.0025039734,0.0025154355,0.0025040598,1.0000126,1.0000134,1.0000011,0.0,0.0,2.17545,0.091177255,0.0,0.0
247259168,247069246,0.09610141,0.09611331,0.20629834,0.2661909,0.26623386,0.58797055,0.0,0.0,0.0,0.0,0.0,0.0,0.0,12.384788,0.0,0.0,0.0,0.0,0.002513529,0.0025043366,0.002513529,0.0025036957,1.000013,1.0000138,1.0000007,0.0,0.0,2.1781578,0.09117738,0.0,0.0
247758103,247568211,0.095730804,0.09569443,0.20627952,0.26598355,0.2660251,0.58786815,0.0,0.0,0.0,0.0,0.0,0.0,0.0,12.384329,0.0,0.0,0.0,0.0,0.002513445,0.002504359,0.002513445,0.0025037332,1.0000128,1.0000136,1.0000008,0.0,0.0,2.1770663,0.0911646,0.0,0.0
248257070,248067175,0.09579896,0.09580871,0.2062135,0.26536813,0.26540324,0.5872434,0.0,0.0,0.0,0.0,0.0,0.0,0.0,12.384517,0.0,0.0,0.0,0.0,0.002513874,0.002504671,0.002513874,0.0025038975,1.0000129,1.000013,1.0000011,0.0,0.0,2.1809926,0.09105374,0.0,0.0
248756044,248566141,0.095668286,0.09568298,0.20619197,0.26499847,0.26503327,0.5867975,0.0,0.0,0.0,0.0,0.0,0.0,0.0,12.3841305,0.0,0.0,0.0,0.0,0.0025162583,0.0025037676,0.0025162583,0.0025049022,1.0000125,1.0000118,1.0000024,0.0,0.0,2.1806402,0.091135755,0.0,0.0
249255035,249065105,0.096337214,0.09605016,0.20628141,0.2654279,0.26546496,0.5871315,0.0,0.0,0.0,0.0,0.0,0.0,0.0,12.384203,0.0,0.0,0.0,0.0,0.0025147772,0.0025050435,0.0025147772,0.002504068,1.0000128,1.0000134,1.0000013,0.0,0.0,2.17901,0.09110937,0.0,0.0
249753967,249564071,0.0963707,0.095913395,0.20632622,0.26553506,0.2655461,0.58721995,0.0,0.0,0.0,0.0,0.0,0.0,0.0,12.384468,0.0,0.0,0.0,0.0,0.0025129458,0.0025063285,0.0025129458,0.0025036603,1.0000125,1.0000135,1.000001,0.0,0.0,2.1754432,0.0912285,0.0,0.0
250253129,250063034,0.095947765,0.095496275,0.20628837,0.26500297,0.26498485,0.58672106,0.0,0.0,0.0,0.0,0.0,0.0,0.0,12.383115,0.0,0.0,0.0,0.0,0.002510779,0.002507152,0.002510779,0.0025038207,1.0000122,1.0000137,1.000001,0.0,0.0,2.1716535,0.09150707,0.0,0.0
250751904,250561999,0.096081145,0.09580782,0.20628159,0.26491535,0.26487026,0.5865543,0.0,0.0,0.0,0.0,0.0,0.0,0.0,12.383086,0.0,0.0,0.0,0.0,0.002510215,0.0025075187,0.002510215,0.002503918,1.000012,1.0000137,1.000001,0.0,0.0,2.1708312,0.09141917,0.0,0.0
251250857,251060963,0.095797904,0.095719464,0.20629418,0.26527032,0.26522014,0.58681405,0.0,0.0,0.0,0.0,0.0,0.0,0.0,12.383536,0.0,0.0,0.0,0.0,0.0025102906,0.0025087586,0.0025102906,0.0025042358,1.0000126,1.0000141,1.0000006,0.0,0.0,2.1691132,0.09154336,0.0,0.0
251749833,251559928,0.09598426,0.09603862,0.20628428,0.26551622,0.26548934,0.58708864,0.0,0.0,0.0,0.0,0.0,0.0,0.0,12.384396,0.0,0.0,0.0,0.0,0.0025098876,0.002507562,0.0025098876,0.0025042214,1.000012,1.0000136,1.0000012,0.0,0.0,2.17255,0.0915017,0.0,0.0
252249199,252058892,0.09554273,0.095575646,0.2062205,0.26507103,0.26506945,0.5867494,0.0,0.0,0.0,0.0,0.0,0.0,0.0,12.383245,0.0,0.0,0.0,0.0,0.0025098417,0.0025091523,0.0025098417,0.0025039103,1.0000126,1.0000134,1.0000005,0.0,0.0,2.1720817,0.09158278,0.0,0.0
252757769,252567836,0.09555943,0.095559426,0.20618632,0.26480725,0.2648248,0.5864507,0.0,0.0,0.0,0.0,0.0,0.0,0.0,12.383224,0.0,0.0,0.0,0.0,0.002509573,0.0025078494,0.002509573,0.002504196,1.0000119,1.0000132,1.0000012,0.0,0.0,2.1744835,0.09145103,0.0,0.0
253256883,253066800,0.09575215,0.09577191,0.20623608,0.2652578,0.26529068,0.5868388,0.0,0.0,0.0,0.0,0.0,0.0,0.0,12.383669,0.0,0.0,0.0,0.0,0.0025098869,0.0025098869,0.0025093628,0.0025037467,1.0000129,1.0000131,1.0000007,0.0,0.0,2.1738868,0.0915183,0.0,0.0
253755671,253565765,0.095654175,0.09574313,0.2062656,0.26549327,0.26553234,0.58715385,0.0,0.0,0.0,0.0,0.0,0.0,0.0,12.3834915,0.0,0.0,0.0,0.0,0.0025105674,0.0025105674,0.0025082703,0.0025045886,1.0000116,1.0000125,1.0000024,0.0,0.0,2.16947,0.09207324,0.0,0.0
254254888,254064729,0.09572251,0.09588208,0.206261,0.26504534,0.26509202,0.5867481,0.0,0.0,0.0,0.0,0.0,0.0,0.0,12.383377,0.0,0.0,0.0,0.0,0.0025141623,0.0025141623,0.002507305,0.002504095,1.0000119,1.0000122,1.0000021,0.0,0.0,2.1629612,0.09177309,0.0,0.0
254753629,254563693,0.095360145,0.09581238,0.20627864,0.2647914,0.2648613,0.58647215,0.0,0.0,0.0,0.0,0.0,0.0,0.0,12.383816,0.0,0.0,0.0,0.0,0.0025168615,0.0025168615,0.0025049846,0.0025039066,1.0000126,1.0000126,1.0000011,0.0,0.0,2.1539311,0.09215707,0.0,0.0
255252623,255062659,0.09570149,0.096129306,0.20630722,0.2646077,0.26470587,0.58630574,0.0,0.0,0.0,0.0,0.0,0.0,0.0,12.382691,0.0,0.0,0.0,0.0,0.0025158012,0.0025158012,0.0025044421,0.0025043804,1.0000123,1.0000131,1.0000012,0.0,0.0,2.1520996,0.09191235,0.0,0.0
255751742,255561622,0.09541426,0.09590082,0.20628972,0.26448554,0.26461074,0.5861496,0.0,0.0,0.0,0.0,0.0,0.0,0.0,12.382801,0.0,0.0,0.0,0.0,0.002514017,0.002514017,0.0025045401,0.0025052482,1.0000116,1.0000131,1.0000017,0.0,0.0,2.1487155,0.09228428,0.0,0.0
256250499,256060586,0.09552977,0.095978,0.20629,0.2644191,0.26457372,0.58603746,0.0,0.0,0.0,0.0,0.0,0.0,0.0,12.383362,0.0,0.0,0.0,0.0,0.0025141009,0.0025141009,0.0025044682,0.002504881,1.0000117,1.0000134,1.0000012,0.0,0.0,2.1504242,0.09196757,0.0,0.0
256749457,256559550,0.095461056,0.09564463,0.2062404,0.26437795,0.264537,0.5860057,0.0,0.0,0.0,0.0,0.0,0.0,0.0,12.382402,0.0,0.0,0.0,0.0,0.0025145458,0.0025145458,0.002505135,0.0025040086,1.0000122,1.0000132,1.0000007,0.0,0.0,2.1504796,0.09211623,0.0,0.0
257258603,257068494,0.095248215,0.09536902,0.2062087,0.26432964,0.26446524,0.5859102,0.0,0.0,0.0,0.0,0.0,0.0,0.0,12.382554,0.0,0.0,0.0,0.0,0.0025155055,0.0025155055,0.0025055371,0.0025034884,1.0000126,1.0000132,1.0000002,0.0,0.0,2.152168,0.091860525,0.0,0.0
257757352,257567458,0.0957321,0.0958241,0.20622358,0.26443452,0.26455298,0.5859719,0.0,0.0,0.0,0.0,0.0,0.0,0.0,12.383456,0.0,0.0,0.0,0.0,0.0025134839,0.0025134839,0.0025069616,0.0025046102,1.0000122,1.0000124,1.0000014,0.0,0.0,2.1551163,0.09173598,0.0,0.0
258256316,258066422,0.09544672,0.09549768,0.20622018,0.26439643,0.2645054,0.5859508,0.0,0.0,0.0,0.0,0.0,0.0,0.0,12.382507,0.0,0.0,0.0,0.0,0.0025119868,0.0025119868,0.002507417,0.002504042,1.0000118,1.0000131,1.000001,0.0,0.0,2.154994,0.09202723,0.0,0.0
258755316,258565386,0.0957048,0.09573181,0.20620275,0.2643839,0.2644777,0.5858947,0.0,0.0,0.0,0.0,0.0,0.0,0.0,12.382707,0.0,0.0,0.0,0.0,0.002512044,0.002512044,0.0025079562,0.0025033697,1.0000118,1.0000131,1.000001,0.0,0.0,2.1584346,0.09185112,0.0,0.0
259254434,259064350,0.09562967,0.09565699,0.20623198,0.26487145,0.26495096,0.58631825,0.0,0.0,0.0,0.0,0.0,0.0,0.0,12.383296,0.0,0.0,0.0,0.0,0.0025121972,0.0025121972,0.0025080962,0.0025030344,1.0000123,1.0000131,1.0000007,0.0,0.0,2.158612,0.09197949,0.0,0.0
259753426,259563314,0.09587692,0.09600323,0.20624134,0.2652585,0.26532015,0.58674467,0.0,0.0,0.0,0.0,0.0,0.0,0.0,12.383988,0.0,0.0,0.0,0.0,0.0025117176,0.0025117176,0.0025070661,0.0025036125,1.0000122,1.0000126,1.000001,0.0,0.0,2.1635764,0.0918621,0.0,0.0
260252181,260062279,0.095562845,0.095657855,0.20625888,0.2654785,0.2655375,0.58703524,0.0,0.0,0.0,0.0,0.0,0.0,0.0,12.384163,0.0,0.0,0.0,0.0,0.0025102114,0.0025102114,0.002508411,0.0025040794,1.0000123,1.0000124,1.0000017,0.0,0.0,2.1617785,0.091817096,0.0,0.0
260751151,260561242,0.09571405,0.0957658,0.2062881,0.2656384,0.26569188,0.5872848,0.0,0.0,0.0,0.0,0.0,0.0,0.0,12.38476,0.0,0.0,0.0,0.0,0.0025099022,0.002509578,0.0025099022,0.0025034263,1.0000124,1.0000129,1.0000008,0.0,0.0,2.164898,0.091564655,0.0,0.0
261250175,261060206,0.09574393,0.09574256,0.20624244,0.26515386,0.26520014,0.5869164,0.0,0.0,0.0,0.0,0.0,0.0,0.0,12.383376,0.0,0.0,0.0,0.0,0.0025105353,0.0025084612,0.0025105353,0.002503607,1.0000123,1.0000125,1.0000012,0.0,0.0,2.1658351,0.09161019,0.0,0.0
261759186,261569149,0.09560315,0.095640965,0.2062293,0.26487666,0.26491922,0.586601,0.0,0.0,0.0,0.0,0.0,0.0,0.0,12.383333,0.0,0.0,0.0,0.0,0.0025117616,0.0025072428,0.0025117616,0.0025031252,1.0000118,1.000013,1.0000013,0.0,0.0,2.167273,0.091663696,0.0,0.0
262248057,262058134,0.095718734,0.09569673,0.20627047,0.2653255,0.2653642,0.58697385,0.0,0.0,0.0,0.0,0.0,0.0,0.0,12.383766,0.0,0.0,0.0,0.0,0.002511862,0.0025085567,0.002511862,0.0025026507,1.0000131,1.0000131,1.0000002,0.0,0.0,2.1684787,0.0915912,0.0,0.0
262757053,262567077,0.09567543,0.09573157,0.20626348,0.26554388,0.26558748,0.5872135,0.0,0.0,0.0,0.0,0.0,0.0,0.0,12.384604,0.0,0.0,0.0,0.0,0.002512196,0.0025074582,0.002512196,0.0025023937,1.0000125,1.000013,1.0000008,0.0,0.0,2.171818,0.0916558,0.0,0.0
263255935,263066040,0.09595552,0.096023515,0.20628114,0.26580563,0.26585266,0.5875121,0.0,0.0,0.0,0.0,0.0,0.0,0.0,12.384613,0.0,0.0,0.0,0.0,0.002511799,0.0025072088,0.002511799,0.0025030628,1.0000128,1.0000128,1.0000014,0.0,0.0,2.1738348,0.09165481,0.0,0.0
263755119,263565004,0.09567337,0.09570709,0.20627695,0.2657457,0.26579207,0.5875074,0.0,0.0,0.0,0.0,0.0,0.0,0.0,12.384835,0.0,0.0,0.0,0.0,0.0025148576,0.002505,0.0025148576,0.0025035797,1.000012,1.0000122,1.0000021,0.0,0.0,2.1728122,0.091527455,0.0,0.0
264254054,264063968,0.09591917,0.0958329,0.20627353,0.2652274,0.2652609,0.587008,0.0,0.0,0.0,0.0,0.0,0.0,0.0,12.384394,0.0,0.0,0.0,0.0,0.0025152774,0.0025043536,0.0025152774,0.002502755,1.000012,1.0000125,1.0000015,0.0,0.0,2.1712842,0.091688655,0.0,0.0
264752924,264562931,0.09553858,0.09539181,0.20624182,0.26489955,0.26491642,0.5866777,0.0,0.0,0.0,0.0,0.0,0.0,0.0,12.383259,0.0,0.0,0.0,0.0,0.0025149726,0.0025045208,0.0025149726,0.002502411,1.0000126,1.000013,1.0000007,0.0,0.0,2.0471022,0.09191072,0.0,0.0
265252022,265061895,0.09598039,0.09595142,0.20628498,0.26535243,0.2653593,0.58703417,0.0,0.0,0.0,0.0,0.0,0.0,0.0,12.383679,0.0,0.0,0.0,0.0,0.0025148892,0.002504159,0.0025148892,0.002502138,1.0000123,1.0000132,1.0000013,0.0,0.0,2.1712446,0.091932885,0.0,0.0
265750758,265560859,0.09558682,0.09560881,0.20627296,0.26544935,0.26545542,0.58714753,0.0,0.0,0.0,0.0,0.0,0.0,0.0,12.384515,0.0,0.0,0.0,0.0,0.0025149707,0.0025045734,0.0025149707,0.0025025941,1.000013,1.0000131,1.0000005,0.0,0.0,2.1696496,0.09196866,0.0,0.0
266249737,266059822,0.09566052,0.09563678,0.20620252,0.26500675,0.2650216,0.58676755,0.0,0.0,0.0,0.0,0.0,0.0,0.0,12.383324,0.0,0.0,0.0,0.0,0.002515355,0.0025042777,0.002515355,0.0025023522,1.0000122,1.0000128,1.0000014,0.0,0.0,2.1755261,0.09175556,0.0,0.0
266748741,266558787,0.0955346,0.09541281,0.20617275,0.26474366,0.26476598,0.5864641,0.0,0.0,0.0,0.0,0.0,0.0,0.0,12.38375,0.0,0.0,0.0,0.0,0.0025141954,0.0025046896,0.0025141954,0.0025021662,1.0000124,1.0000129,1.0000011,0.0,0.0,2.1748767,0.09202125,0.0,0.0
267257622,267067729,0.0961044,0.095832884,0.20621882,0.26521817,0.2652351,0.5868321,0.0,0.0,0.0,0.0,0.0,0.0,0.0,12.3837385,0.0,0.0,0.0,0.0,0.0025138515,0.002504366,0.0025138515,0.002502393,1.0000126,1.0000132,1.0000012,0.0,0.0,2.1817398,0.09159731,0.0,0.0
267756611,267566694,0.09568327,0.095646836,0.20623931,0.26547846,0.2654853,0.58714026,0.0,0.0,0.0,0.0,0.0,0.0,0.0,12.383542,0.0,0.0,0.0,0.0,0.0025140815,0.002504191,0.0025140815,0.0025024242,1.0000125,1.0000128,1.0000014,0.0,0.0,2.0569682,0.091784135,0.0,0.0
268255886,268065656,0.09594775,0.09598792,0.20626251,0.26564574,0.26565883,0.58727956,0.0,0.0,0.0,0.0,0.0,0.0,0.0,12.384627,0.0,0.0,0.0,0.0,0.0025140876,0.002504794,0.0025140876,0.00250253,1.0000131,1.0000132,1.0000007,0.0,0.0,2.1798358,0.09183582,0.0,0.0
268754526,268564619,0.09564357,0.09566005,0.20627815,0.2657317,0.26575753,0.5874364,0.0,0.0,0.0,0.0,0.0,0.0,0.0,12.384854,0.0,0.0,0.0,0.0,0.0025144455,0.0025050251,0.0025144455,0.0025024032,1.0000128,1.0000126,1.0000017,0.0,0.0,2.1743088,0.091908254,0.0,0.0
269253600,269063583,0.09623776,0.09600732,0.20634039,0.26583093,0.2658624,0.5875743,0.0,0.0,0.0,0.0,0.0,0.0,0.0,12.384617,0.0,0.0,0.0,0.0,0.002514197,0.0025075101,0.002514197,0.002502423,1.0000131,1.0000123,1.000002,0.0,0.0,2.1720443,0.09158586,0.0,0.0
269752488,269562546,0.096295476,0.095742166,0.20639966,0.26587743,0.26588362,0.58766514,0.0,0.0,0.0,0.0,0.0,0.0,0.0,12.384262,0.0,0.0,0.0,0.0,0.002512089,0.0025088522,0.002512089,0.0025019757,1.0000125,1.0000118,1.0000025,0.0,0.0,2.1626751,0.09209886,0.0,0.0
270251519,270061509,0.096540704,0.09607344,0.20648032,0.26596308,0.2659212,0.5877187,0.0,0.0,0.0,0.0,0.0,0.0,0.0,12.384538,0.0,0.0,0.0,0.0,0.0025127174,0.0025127174,0.0025104897,0.002502131,1.0000136,1.0000119,1.0000019,0.0,0.0,2.1555169,0.09204431,0.0,0.0
270750373,270560473,0.09630036,0.09581199,0.20651647,0.26598686,0.26588678,0.5878454,0.0,0.0,0.0,0.0,0.0,0.0,0.0,12.384169,0.0,0.0,0.0,0.0,0.002510857,0.002510857,0.0025065686,0.0025026985,1.0000132,1.0000132,1.0000007,0.0,0.0,2.1509662,0.09199725,0.0,0.0
271259382,271069416,0.096103325,0.096020825,0.20648289,0.26615673,0.2660431,0.5880059,0.0,0.0,0.0,0.0,0.0,0.0,0.0,12.385183,0.0,0.0,0.0,0.0,0.0025110429,0.0025110429,0.002505284,0.0025032233,1.0000135,1.0000138,1.0000006,0.0,0.0,2.1538315,0.09218658,0.0,0.0
271758458,271568379,0.09593966,0.09596203,0.20642136,0.2661151,0.26602682,0.58802,0.0,0.0,0.0,0.0,0.0,0.0,0.0,12.3853035,0.0,0.0,0.0,0.0,0.0025099788,0.0025099788,0.002505495,0.0025039103,1.0000128,1.0000134,1.000001,0.0,0.0,2.1562166,0.09176201,0.0,0.0
272257298,272067342,0.095614426,0.09563048,0.20629051,0.2654307,0.26539093,0.58739007,0.0,0.0,0.0,0.0,0.0,0.0,0.0,12.384719,0.0,0.0,0.0,0.0,0.0025103749,0.0025103749,0.0025064044,0.002503943,1.0000132,1.0000128,1.0000006,0.0,0.0,2.1575618,0.09188336,0.0,0.0
272756275,272566305,0.09589111,0.095929086,0.20621568,0.26502886,0.26502907,0.5869593,0.0,0.0,0.0,0.0,0.0,0.0,0.0,12.383458,0.0,0.0,0.0,0.0,0.0025100152,0.0025100152,0.0025059376,0.002503843,1.0000128,1.0000125,1.0000008,0.0,0.0,2.16506,0.091811836,0.0,0.0
273255165,273065269,0.095871784,0.09583083,0.20623454,0.26528433,0.2653112,0.58709806,0.0,0.0,0.0,0.0,0.0,0.0,0.0,12.383791,0.0,0.0,0.0,0.0,0.0025103835,0.0025103835,0.002506936,0.0025039818,1.0000132,1.0000124,1.0000007,0.0,0.0,2.1647975,0.09186298,0.0,0.0
273754124,273564232,0.095954545,0.09588921,0.20624791,0.26546952,0.2655084,0.58726066,0.0,0.0,0.0,0.0,0.0,0.0,0.0,12.384569,0.0,0.0,0.0,0.0,0.0025102657,0.0025102657,0.0025063273,0.0025031345,1.0000132,1.0000123,1.0000004,0.0,0.0,2.0472646,0.09197519,0.0,0.0
274253093,274063195,0.09580522,0.09580511,0.20619805,0.2650496,0.26508838,0.58685136,0.0,0.0,0.0,0.0,0.0,0.0,0.0,12.383345,0.0,0.0,0.0,0.0,0.0025104505,0.0025104505,0.0025054924,0.002502862,1.0000123,1.0000123,1.0000012,0.0,0.0,2.1715703,0.09172449,0.0,0.0
274752051,274562158,0.095503725,0.09537934,0.20617622,0.26479858,0.26482508,0.5865204,0.0,0.0,0.0,0.0,0.0,0.0,0.0,12.383734,0.0,0.0,0.0,0.0,0.0025118145,0.0025118145,0.0025043504,0.0025031376,1.0000124,1.0000125,1.0000008,0.0,0.0,2.1688752,0.09202766,0.0,0.0
275251030,275061121,0.09553402,0.09544774,0.20622298,0.26512817,0.2651401,0.5868029,0.0,0.0,0.0,0.0,0.0,0.0,0.0,12.383711,0.0,0.0,0.0,0.0,0.0025139507,0.0025139507,0.0025042659,0.0025027005,1.0000137,1.0000129,1.0000002,0.0,0.0,2.1683002,0.092017904,0.0,0.0
275759957,275570063,0.09574171,0.095794424,0.20623855,0.2653891,0.26540634,0.58706963,0.0,0.0,0.0,0.0,0.0,0.0,0.0,12.383533,0.0,0.0,0.0,0.0,0.0025129248,0.0025129248,0.0025046857,0.0025032153,1.0000134,1.000013,1.0000005,0.0,0.0,2.1736445,0.09175627,0.0,0.0
276249025,276059046,0.095877126,0.095968135,0.20626304,0.2656957,0.26572657,0.58733726,0.0,0.0,0.0,0.0,0.0,0.0,0.0,12.384176,0.0,0.0,0.0,0.0,0.002511967,0.002511967,0.0025042866,0.0025034074,1.000013,1.0000132,1.000001,0.0,0.0,2.174295,0.09199678,0.0,0.0
276757902,276567988,0.09587709,0.095909074,0.2062565,0.26565334,0.26568854,0.5874011,0.0,0.0,0.0,0.0,0.0,0.0,0.0,12.383862,0.0,0.0,0.0,0.0,0.0025124827,0.0025124827,0.0025046344,0.0025028016,1.0000134,1.0000124,1.0000012,0.0,0.0,2.0577393,0.091945164,0.0,0.0
277257037,277066951,0.09604196,0.09615134,0.20629843,0.26588356,0.26591712,0.5876078,0.0,0.0,0.0,0.0,0.0,0.0,0.0,12.38458,0.0,0.0,0.0,0.0,0.0025131714,0.0025131714,0.0025059334,0.0025025464,1.0000136,1.0000124,1.0000017,0.0,0.0,2.0592127,0.09163634,0.0,0.0
277755956,277565914,0.0955947,0.09589264,0.20632154,0.26574802,0.26578143,0.5875493,0.0,0.0,0.0,0.0,0.0,0.0,0.0,12.3842125,0.0,0.0,0.0,0.0,0.0025128478,0.0025128478,0.002506638,0.0025025506,1.0000135,1.0000126,1.000001,0.0,0.0,2.170118,0.09172119,0.0,0.0
278254787,278064877,0.09538205,0.095942155,0.20633146,0.26526558,0.26531044,0.58712965,0.0,0.0,0.0,0.0,0.0,0.0,0.0,12.384467,0.0,0.0,0.0,0.0,0.0025123376,0.0025123376,0.0025075136,0.0025024582,1.0000137,1.0000124,1.0000012,0.0,0.0,2.1613503,0.09180608,0.0,0.0
278753858,278563840,0.09572318,0.096290015,0.20634867,0.26491642,0.26499227,0.5867936,0.0,0.0,0.0,0.0,0.0,0.0,0.0,12.38313,0.0,0.0,0.0,0.0,0.002509974,0.002509974,0.002507341,0.002502838,1.0000136,1.0000136,1.0000002,0.0,0.0,2.1673794,0.09171103,0.0,0.0
279252735,279062802,0.09560746,0.095803134,0.20628026,0.26468933,0.26477987,0.5864944,0.0,0.0,0.0,0.0,0.0,0.0,0.0,12.383095,0.0,0.0,0.0,0.0,0.0025080976,0.0025080976,0.0025074712,0.002503379,1.0000132,1.0000134,1.0000007,0.0,0.0,2.1686087,0.09181572,0.0,0.0
279751664,279561765,0.09603092,0.09612782,0.20620182,0.264585,0.2646577,0.5862559,0.0,0.0,0.0,0.0,0.0,0.0,0.0,12.383671,0.0,0.0,0.0,0.0,0.0025081397,0.0025081397,0.0025070305,0.0025037057,1.0000123,1.0000129,1.0000015,0.0,0.0,2.1766737,0.09220398,0.0,0.0
280250629,280060727,0.095501475,0.09567071,0.20617211,0.2645087,0.26455858,0.58610684,0.0,0.0,0.0,0.0,0.0,0.0,0.0,12.382762,0.0,0.0,0.0,0.0,0.0025080764,0.0025080764,0.0025077797,0.0025030407,1.0000131,1.0000126,1.0000005,0.0,0.0,2.177772,0.092219636,0.0,0.0
280749633,280559690,0.09564842,0.09563931,0.20619252,0.26446176,0.2645053,0.5859885,0.0,0.0,0.0,0.0,0.0,0.0,0.0,12.382604,0.0,0.0,0.0,0.0,0.0025127414,0.0025054754,0.0025127414,0.0025040156,1.0000124,1.0000112,1.0000025,0.0,0.0,2.1757877,0.09247567,0.0,0.0
281258525,281068632,0.095685005,0.09541627,0.20624062,0.26440307,0.26443115,0.58587545,0.0,0.0,0.0,0.0,0.0,0.0,0.0,12.383275,0.0,0.0,0.0,0.0,0.0025146273,0.0025040288,0.0025146273,0.0025046752,1.000012,1.000011,1.0000031,0.0,0.0,2.1685803,0.09262967,0.0,0.0
281757486,281567594,0.096334755,0.09553502,0.20635425,0.26451275,0.26449844,0.5859902,0.0,0.0,0.0,0.0,0.0,0.0,0.0,12.38253,0.0,0.0,0.0,0.0,0.0025161915,0.0025038344,0.0025161915,0.0025047674,1.0000123,1.0000107,1.0000032,0.0,0.0,2.043432,0.09301326,0.0,0.0
282256488,282066557,0.09638445,0.09525263,0.20643125,0.26451454,0.26442605,0.5859561,0.0,0.0,0.0,0.0,0.0,0.0,0.0,12.382742,0.0,0.0,0.0,0.0,0.0025138105,0.0025061294,0.0025138105,0.0025039252,1.0000118,1.000012,1.0000027,0.0,0.0,2.1541226,0.09225955,0.0,0.0
282755413,282565519,0.09667549,0.09532431,0.20650594,0.26457435,0.26437995,0.58595705,0.0,0.0,0.0,0.0,0.0,0.0,0.0,12.383418,0.0,0.0,0.0,0.0,0.0025101579,0.0025090773,0.0025101579,0.002503494,1.0000118,1.0000126,1.0000019,0.0,0.0,2.1529438,0.09272178,0.0,0.0
283254401,283064482,0.20265079,0.20862432,0.4458765,0.26504502,0.2649573,0.5866476,0.0,0.0,0.0,0.0,0.0,0.0,0.0,12.383835,0.0,0.0,0.0,0.0,0.002553683,0.002553683,0.0025092198,0.0025181298,1.0000027,1.0000131,1.0000113,0.0,0.0,2.0400758,0.41402102,0.0,0.0
283753380,283563444,0.09672182,0.100639835,0.20694332,0.2663147,0.2670509,0.5874061,0.0,0.0,0.0,0.0,0.0,0.0,0.0,12.384107,0.0,0.0,0.0,0.0,0.002547337,0.002547337,0.0025077702,0.002534563,1.0000007,1.000013,1.0000111,0.0,0.0,2.0152748,0.112812296,0.0,0.0
284252302,284062407,0.09660305,0.09816126,0.20680827,0.26647,0.26719353,0.5878208,0.0,0.0,0.0,0.0,0.0,0.0,0.0,12.384578,0.0,0.0,0.0,0.0,0.002550507,0.0025343862,0.002506536,0.002550507,1.0000032,1.0000124,1.0000082,0.0,0.0,2.037694,0.17076187,0.0,0.0
284751301,284561370,0.0964037,0.09660847,0.20666644,0.26622668,0.26677975,0.58795947,0.0,0.0,0.0,0.0,0.0,0.0,0.0,12.384325,0.0,0.0,0.0,0.0,0.0025462292,0.0025272083,0.002506162,0.0025462292,1.0000042,1.0000117,1.0000072,0.0,0.0,2.0279315,0.12901571,0.0,0.0
285250427,285060333,0.096413285,0.09608486,0.20662934,0.26633292,0.26673746,0.5881757,0.0,0.0,0.0,0.0,0.0,0.0,0.0,12.385415,0.0,0.0,0.0,0.0,0.002539401,0.002523633,0.0025058596,0.002539401,1.0000042,1.0000119,1.0000073,0.0,0.0,2.0237823,0.1415565,0.0,0.0
285759381,285569276,0.09624313,0.09564847,0.20657377,0.26608813,0.26629278,0.5880896,0.0,0.0,0.0,0.0,0.0,0.0,0.0,12.385561,0.0,0.0,0.0,0.0,0.0025339986,0.002520621,0.0025056407,0.0025339986,1.0000042,1.0000117,1.0000073,0.0,0.0,2.0204515,0.1621935,0.0,0.0
286258295,286068240,0.096305735,0.09562522,0.20659378,0.26621655,0.2662668,0.5882317,0.0,0.0,0.0,0.0,0.0,0.0,0.0,12.385225,0.0,0.0,0.0,0.0,0.0025309394,0.0025188797,0.002505545,0.0025309394,1.0000043,1.000012,1.0000075,0.0,0.0,2.0176778,0.19127758,0.0,0.0
286757102,286567204,0.100370124,0.09981258,0.21132053,0.26617002,0.266089,0.5883368,0.0,0.0,0.0,0.0,0.0,0.0,0.0,12.38481,0.0,0.0,0.0,0.0,0.002528053,0.002517239,0.0025054573,0.002528053,1.0000043,1.000012,1.0000076,0.0,0.0,2.0201392,0.19127758,0.0,0.0
287256071,287066168,0.10833048,0.10815393,0.22496845,0.2665006,0.2663945,0.58924526,0.0,0.0,0.0,0.0,0.0,0.0,0.0,12.386176,0.0,0.0,0.0,0.0,0.0025258004,0.002515924,0.0025054396,0.0025258004,1.0000046,1.0000131,1.0000082,0.0,0.0,2.037648,0.19127758,0.0,0.0
