timestamp,roll,pitch,yaw,thrust_body[0],thrust_body[1],thrust_body[2],reset_integral
70417868,0.13983956,-0.1290206,-0.36277527,0.014778346,0.0,0.0,1
70422860,0.14836149,-0.123121284,-0.36302838,0.014778346,0.0,0.0,1
70442872,0.17829281,-0.09936858,-0.363433,0.014778346,0.0,0.0,1
70462776,0.22408582,-0.08102788,-0.3318459,0.014778346,0.0,0.0,1
70477793,0.4085294,-0.11219932,-0.056683004,0.014778346,0.0,0.0,1
70497711,0.66682005,-0.06889292,-0.19874837,0.014778346,0.0,0.0,1
70522675,0.87736577,-0.10724612,-0.37979934,0.014778346,0.0,0.0,1
70542720,0.91605836,-0.26524454,-0.44924757,0.014778346,0.0,0.0,1
70557590,0.8865449,-0.45741224,-0.4668231,0.014778346,0.0,0.0,1
70582622,0.5007896,-0.792991,-0.20268182,0.014778346,0.0,0.0,1
70602488,0.2985197,-0.64416665,-0.260217,0.014778346,0.0,0.0,1
70617461,0.27850175,-0.634744,-0.25385058,0.014778346,0.0,0.0,1
70642416,0.12117886,0.058942057,-0.33184776,0.014778346,0.0,0.0,1
70662374,0.083744764,0.06528252,-0.32845894,0.014778346,0.0,0.0,1
70682342,0.037420556,0.09245662,-0.28622472,0.014778346,0.0,0.0,1
70697301,-0.0049671037,0.06001214,-0.24940275,0.014778346,0.0,0.0,1
70722256,-0.07732306,0.051771246,-0.19301371,0.014778346,0.0,0.0,1
70742376,-0.1349992,0.04537005,-0.14250614,0.014778346,0.0,0.0,1
70757173,-0.18930838,0.04142741,-0.102647796,0.014778346,0.0,0.0,1
70782121,-0.26815552,0.037085243,-0.03937413,0.014778346,0.0,0.0,1
70802103,-0.32224113,0.033985578,0.004038353,0.014778346,0.0,0.0,1
70822039,-0.37081888,0.030626649,0.04359061,0.014778346,0.0,0.0,1
70842044,-0.41604015,0.025858143,0.08028566,0.014778346,0.0,0.0,1
70861955,-0.45578212,0.019062152,0.11230846,0.014778346,0.0,0.0,1
70881922,-0.48811403,0.009767286,0.13808866,0.014778346,0.0,0.0,1
70896900,-0.50776976,0.0011533044,0.15366118,0.014778346,0.0,0.0,1
70921854,-0.5356588,-0.014902029,0.17563856,0.014778346,0.0,0.0,1
70941936,-0.55190575,-0.0283616,0.18808733,0.014778346,0.0,0.0,1
70961767,-0.55750406,-0.041007414,0.19598176,0.014778346,0.0,0.0,1
70981718,-0.5653525,-0.05140881,0.20187625,0.014778346,0.0,0.0,1
71001683,-0.579742,-0.057190597,0.22429492,0.014778346,0.0,0.0,1
71021635,-0.5781343,-0.06122876,0.22240616,0.014778346,0.0,0.0,1
71041603,-0.5713981,-0.061259266,0.21662645,0.014778346,0.0,0.0,1
71061553,-0.5665892,-0.05486116,0.2125991,0.014778346,0.0,0.0,1
71081510,-0.55512774,-0.044679612,0.20306973,0.014778346,0.0,0.0,1
71101474,-0.5320637,-0.030354854,0.17914073,0.014778346,0.0,0.0,1
71121452,-0.52341044,-0.010312924,0.16863522,0.014778346,0.0,0.0,1
71141541,-0.50272155,0.012782939,0.15580672,0.014778346,0.0,0.0,1
71161358,-0.48870227,0.0377134,0.14072384,0.014778346,0.0,0.0,1
71181304,-0.47096074,0.06338806,0.12646706,0.014778346,0.0,0.0,1
71201304,-0.45051116,0.087783486,0.11520698,0.014778346,0.0,0.0,1
71221229,-0.43957222,0.10992209,0.102125585,0.014778346,0.0,0.0,1
71241194,-0.4255974,0.12877014,0.09051324,0.014778346,0.0,0.0,1
71261144,-0.412227,0.1429926,0.07912199,0.014778346,0.0,0.0,1
71281156,-0.39715564,0.15238202,0.06614981,0.014778346,0.0,0.0,1
71301080,-0.38334316,0.15661845,0.051100515,0.014778346,0.0,0.0,1
71321027,-0.3708036,0.15585089,0.04137752,0.014778346,0.0,0.0,1
71341060,-0.35453624,0.15180196,0.031991284,0.014778346,0.0,0.0,1
71360931,-0.34429765,0.14448825,0.023613753,0.014778346,0.0,0.0,1
71380891,-0.34094813,0.13416351,0.016927244,0.014778346,0.0,0.0,1
71400856,-0.333257,0.12199783,0.011845995,0.014778346,0.0,0.0,1
71420834,-0.32098562,0.10821061,0.004891574,0.014778346,0.0,0.0,1
71440775,-0.3136292,0.09307644,-0.0016265495,0.014778346,0.0,0.0,1
71460747,-0.30757287,0.077016376,-0.0070230574,0.014778346,0.0,0.0,1
71480688,-0.30664772,0.059523575,-0.012122287,0.014778346,0.0,0.0,1
71500648,-0.29974526,0.040998705,-0.016801935,0.014778346,0.0,0.0,1
71520628,-0.29329896,0.020227162,-0.022318248,0.014778346,0.0,0.0,1
71540653,-0.28809312,-0.0041113324,-0.026500138,0.014778346,0.0,0.0,1
71560521,-0.2845886,-0.032179996,-0.029150106,0.014778346,0.0,0.0,1
71580539,-0.2827508,-0.066911034,-0.030503143,0.014778346,0.0,0.0,1
71600454,-0.27985048,-0.108571924,-0.031171853,0.014778346,0.0,0.0,1
71620400,-0.2739528,-0.1552507,-0.031937387,0.014778346,0.0,0.0,1
71640364,-0.28932366,-0.20332351,-0.022878828,0.014778346,0.0,0.0,1
71660322,-0.30498865,-0.2490389,-0.0108299125,0.014778346,0.0,0.0,1
71680332,-0.31521955,-0.28991917,0.001015537,0.014778346,0.0,0.0,1
71700266,-0.34163135,-0.3221601,0.022113457,0.014778346,0.0,0.0,1
71720277,-0.3841709,-0.34314573,0.05518424,0.014778346,0.0,0.0,1
71740233,-0.42963275,-0.353111,0.0896951,0.014778346,0.0,0.0,1
71760166,-0.46631867,-0.3512138,0.1170906,0.014778346,0.0,0.0,1
71780130,-0.49559173,-0.33971086,0.13516577,0.014778346,0.0,0.0,1
71800040,-0.51648176,-0.31947058,0.15241213,0.014778346,0.0,0.0,1
71820043,-0.53456956,-0.29080996,0.16631974,0.014778346,0.0,0.0,1
71839976,-0.5410408,-0.25699282,0.17141762,0.014778346,0.0,0.0,1
71859918,-0.53408104,-0.22285566,0.16627616,0.014778346,0.0,0.0,1
71879882,-0.52293444,-0.19018523,0.15815762,0.014778346,0.0,0.0,1
71899833,-0.51496017,-0.15885283,0.15311256,0.014778346,0.0,0.0,1
71919838,-0.52076566,-0.129682,0.15903164,0.014778346,0.0,0.0,1
71939776,-0.5356347,-0.10433874,0.17132892,0.014778346,0.0,0.0,1
71959783,-0.5492104,-0.08565147,0.1821751,0.014778346,0.0,0.0,1
71979682,-0.5568772,-0.07350368,0.18838434,0.014778346,0.0,0.0,1
71999640,-0.5637218,-0.06651842,0.18785243,0.014778346,0.0,0.0,1
72019594,-0.570767,-0.06356593,0.19481415,0.014778346,0.0,0.0,1
72039560,-0.5771024,-0.06349825,0.19939612,0.014778346,0.0,0.0,1
72059506,-0.574901,-0.067497864,0.19724004,0.014778346,0.0,0.0,1
72084472,-0.56031275,-0.0769042,0.18564853,0.014778346,0.0,0.0,1
72099432,-0.5531353,-0.083175935,0.1921678,0.014778346,0.0,0.0,1
72119507,-0.5470019,-0.091394216,0.18376121,0.014778346,0.0,0.0,1
72139344,-0.53086156,-0.10170519,0.17021333,0.014778346,0.0,0.0,1
72159324,-0.51466984,-0.11057981,0.15696454,0.014778346,0.0,0.0,1
72179280,-0.5000609,-0.1173075,0.14501661,0.014778346,0.0,0.0,1
72199251,-0.48428938,-0.12209042,0.14021184,0.014778346,0.0,0.0,1
72224173,-0.46660498,-0.12298707,0.122939356,0.014778346,0.0,0.0,1
72239167,-0.45165,-0.12184538,0.11017296,0.014778346,0.0,0.0,1
72259150,-0.42684567,-0.11773757,0.08901599,0.016009897,0.0,0.0,1
72284052,-0.39657947,-0.10886593,0.06378191,0.020935982,0.0,0.0,1
72299015,-0.3789129,-0.10197663,0.0460024,0.023399055,0.0,0.0,1
72319024,-0.35185707,-0.09132205,0.02903408,0.024630576,0.0,0.0,1
72338944,-0.3382019,-0.0790572,0.01821847,0.024630576,0.0,0.0,1
72363890,-0.32498416,-0.06248865,0.0033048445,0.023399055,0.0,0.0,1
72378891,-0.31356028,-0.052206606,-0.005941688,0.023399055,0.0,0.0,1
72398850,-0.29963028,-0.038157,-0.01683739,0.023399055,0.0,0.0,1
72423771,-0.28008738,-0.020014452,-0.03268791,0.023399055,0.0,0.0,1
72438768,-0.26765674,-0.009422698,-0.042706344,0.023399055,0.0,0.0,1
72458706,-0.25216946,0.0039621177,-0.05511311,0.024630576,0.0,0.0,1
72483650,-0.22972874,0.019715456,-0.06925516,0.025862098,0.0,0.0,1
72503624,-0.22401105,0.03151769,-0.07880493,0.05418724,0.0,0.0,1
72518681,-0.21647319,0.04030959,-0.08516037,0.06403944,0.0,0.0,1
72538531,-0.2017919,0.052858163,-0.09753702,0.06773403,0.0,0.0,1
72563482,-0.1786712,0.06924413,-0.11683451,0.06773403,0.0,0.0,1
72578450,-0.1606357,0.07968784,-0.13198423,0.0714286,0.0,0.0,1
72598414,-0.13330154,0.09501225,-0.1508771,0.0714286,0.0,0.0,1
72623357,-0.10480122,0.11459173,-0.17464188,0.07758623,0.0,0.0,1
72643330,-0.08262857,0.13130389,-0.19270936,0.07758623,0.0,0.0,1
72658325,-0.068865895,0.14424026,-0.20381567,0.08128083,0.0,0.0,1
72678261,-0.052859392,0.16077973,-0.2128695,0.08374387,0.0,0.0,1
72703208,-0.051009715,0.17671895,-0.20768608,0.08620691,0.0,0.0,1
72718218,-0.041770548,0.18465371,-0.21104205,0.087438464,0.0,0.0,1
72738126,-0.043742515,0.1906052,-0.21320331,0.087438464,0.0,0.0,1
72763076,-0.042531602,0.1891269,-0.21411344,0.087438464,0.0,0.0,1
72783048,-0.04017124,0.18120636,-0.21579531,0.087438464,0.0,0.0,1
72798003,-0.034711212,0.17085265,-0.27813527,0.087438464,0.0,0.0,1
72822964,-0.025710773,0.14933799,-0.27272332,0.087438464,0.0,0.0,1
72842940,-0.036187697,0.1203724,-0.26552638,0.087438464,0.0,0.0,1
72857876,-0.04296567,0.09493241,-0.25757697,0.087438464,0.0,0.0,1
72877848,-0.049446512,0.055008195,-0.24490717,0.088669986,0.0,0.0,1
72902801,-0.07944051,-0.0045260056,-0.18069622,0.09852219,0.0,0.0,1
72922880,-0.08700948,-0.052372392,-0.17434514,0.11453205,0.0,0.0,1
72937717,-0.089447916,-0.08995754,-0.16825701,0.1256158,0.0,0.0,1
72962678,-0.102930985,-0.14843072,-0.15749891,0.13300496,0.0,0.0,1
72982644,-0.12032966,-0.19173785,-0.14732924,0.135468,0.0,0.0,1
72997596,-0.13126403,-0.22012684,-0.16061488,0.13669953,0.0,0.0,1
73022563,-0.13656762,-0.25663206,-0.14890292,0.13669953,0.0,0.0,1
73042513,-0.14377838,-0.2768648,-0.14267062,0.13669953,0.0,0.0,1
73062509,-0.1539095,-0.2894784,-0.13425717,0.135468,0.0,0.0,1
73077434,-0.1565769,-0.29257154,-0.13232294,0.135468,0.0,0.0,1
73102416,-0.15133981,-0.28743872,-0.13844982,0.13669953,0.0,0.0,1
73122411,-0.1456725,-0.2772171,-0.13912816,0.135468,0.0,0.0,1
73137306,-0.1450826,-0.26648635,-0.13997412,0.13669953,0.0,0.0,1
73162266,-0.14628343,-0.24667577,-0.14352496,0.13669953,0.0,0.0,1
73182218,-0.13847002,-0.23042092,-0.14652714,0.13669953,0.0,0.0,1
73202177,-0.13324891,-0.21479887,-0.16201209,0.13669953,0.0,0.0,1
73222202,-0.12277119,-0.20484263,-0.17154592,0.13793108,0.0,0.0,1
73242110,-0.09400371,-0.19141953,-0.19286497,0.14285716,0.0,0.0,1
73262055,-0.0817137,-0.18455742,-0.20778216,0.1490148,0.0,0.0,1
73277021,-0.070062794,-0.18154374,-0.21775372,0.1490148,0.0,0.0,1
73301985,-0.07412482,-0.18464728,-0.17943853,0.15147787,0.0,0.0,1
73321980,-0.07333092,-0.18826601,-0.17971887,0.15147787,0.0,0.0,1
73341903,-0.08290809,-0.19540903,-0.17213738,0.15147787,0.0,0.0,1
73361878,-0.09646481,-0.20448063,-0.16228151,0.15394092,0.0,0.0,1
73381813,-0.099979125,-0.21539713,-0.15636182,0.15517244,0.0,0.0,1
73401774,-0.094890654,-0.22608787,-0.17074569,0.16133007,0.0,0.0,1
73416767,-0.07295104,-0.23365392,-0.18402156,0.16379315,0.0,0.0,1
73441697,-0.04056399,-0.24137644,-0.20763984,0.16379315,0.0,0.0,1
73461658,-0.029501576,-0.24599482,-0.21513057,0.16379315,0.0,0.0,1
73481665,-0.03320045,-0.24917647,-0.21543883,0.16379315,0.0,0.0,1
73501620,-0.028376168,-0.24807009,-0.23956507,0.16379315,0.0,0.0,1
73521554,-0.033540796,-0.2458253,-0.23563933,0.16379315,0.0,0.0,1
73541489,-0.033057746,-0.23994371,-0.23651257,0.16748771,0.0,0.0,1
73561450,-0.030604357,-0.23472576,-0.23434836,0.17364535,0.0,0.0,1
73581414,-0.047039513,-0.23284814,-0.224587,0.17610839,0.0,0.0,1
73601369,-0.080473706,-0.23909104,-0.16586484,0.17610839,0.0,0.0,1
73621358,-0.097839236,-0.24600597,-0.15350033,0.17733994,0.0,0.0,1
73641285,-0.121521495,-0.25653818,-0.13687855,0.17733994,0.0,0.0,1
73661239,-0.14852305,-0.2672059,-0.11790354,0.17857146,0.0,0.0,1
73681202,-0.18109436,-0.27762526,-0.09485611,0.17733994,0.0,0.0,1
73701208,-0.21819355,-0.2849247,-0.0646958,0.18719214,0.0,0.0,1
73721125,-0.25654337,-0.28799465,-0.040487,0.20566505,0.0,0.0,1
73741086,-0.29435176,-0.2869332,-0.015451063,0.20566505,0.0,0.0,1
73761128,-0.33666787,-0.28084925,0.012592295,0.21305421,0.0,0.0,1
73781003,-0.37894073,-0.2708206,0.044034358,0.21305421,0.0,0.0,1
73800964,-0.43144813,-0.25687063,0.0834762,0.21305421,0.0,0.0,1
73820922,-0.47956264,-0.2398091,0.11588071,0.21305421,0.0,0.0,1
73840885,-0.5118459,-0.21954729,0.14203517,0.21182269,0.0,0.0,1
73860838,-0.55269647,-0.19165097,0.17153394,0.21182269,0.0,0.0,1
73880820,-0.59140706,-0.15950134,0.19935457,0.21182269,0.0,0.0,1
73900808,-0.62696284,-0.12932244,0.23030746,0.21059117,0.0,0.0,1
73920726,-0.66639173,-0.10537467,0.25808725,0.21059117,0.0,0.0,1
73940680,-0.6951124,-0.085828945,0.27864113,0.21059117,0.0,0.0,1
73960655,-0.7186544,-0.07220102,0.2956998,0.21305421,0.0,0.0,1
73980591,-0.73660314,-0.06285846,0.29577,0.21305421,0.0,0.0,1
74000557,-0.7457024,-0.05576909,0.3592294,0.22413796,0.0,0.0,1
74020556,-0.7700978,-0.03931565,0.3642454,0.22536948,0.0,0.0,1
74040473,-0.76493883,-0.028230185,0.35829902,0.22413796,0.0,0.0,1
74060431,-0.7613257,-0.01783124,0.35769933,0.22413796,0.0,0.0,1
74080398,-0.76250595,-0.007330256,0.36256653,0.22413796,0.0,0.0,1
74100386,-0.7522594,-0.0032106526,0.2695718,0.22413796,0.0,0.0,1
74120309,-0.7093932,-0.017249228,0.26395935,0.22413796,0.0,0.0,1
74140270,-0.68516695,-0.024612458,0.25074333,0.22290644,0.0,0.0,1
74160304,-0.6707622,-0.03420481,0.23779002,0.22413796,0.0,0.0,1
74180215,-0.6436022,-0.04618352,0.22258711,0.22290644,0.0,0.0,1
74200194,-0.61855006,-0.059401885,0.2591411,0.22290644,0.0,0.0,1
74220145,-0.6058231,-0.070903234,0.23499961,0.22290644,0.0,0.0,1
74240120,-0.5839549,-0.08585112,0.21741791,0.22290644,0.0,0.0,1
74260022,-0.5719584,-0.09859239,0.20697257,0.22290644,0.0,0.0,1
74279985,-0.53597265,-0.11240688,0.17224169,0.22290644,0.0,0.0,1
74299983,-0.48927695,-0.1248937,0.12514889,0.22290644,0.0,0.0,1
74319904,-0.45383793,-0.13389969,0.10481314,0.22290644,0.0,0.0,1
74339873,-0.42854875,-0.13165978,0.081574365,0.22290644,0.0,0.0,1
74359826,-0.3954305,-0.11668868,0.060681157,0.22783256,0.0,0.0,1
74379784,-0.37885293,-0.092818946,0.04818647,0.22783256,0.0,0.0,1
74399750,-0.35951766,-0.06512464,0.02341395,0.24753699,0.0,0.0,1
74419740,-0.33577535,-0.040566836,0.009852718,0.25000003,0.0,0.0,1
74439666,-0.33415884,-0.025558285,0.009221878,0.25000003,0.0,0.0,1
74464623,-0.32760808,-0.023717722,0.008008919,0.25000003,0.0,0.0,1
74479598,-0.3267889,-0.03094841,0.0076433867,0.25000003,0.0,0.0,1
74499704,-0.34645653,-0.04818438,0.02085184,0.25000003,0.0,0.0,1
74519499,-0.3672279,-0.070181884,0.039558068,0.25000003,0.0,0.0,1
74539461,-0.40527487,-0.0924881,0.06436801,0.25000003,0.0,0.0,1
74559425,-0.44729257,-0.11292337,0.099066384,0.24876851,0.0,0.0,1
74579413,-0.50123996,-0.12926297,0.13860922,0.24876851,0.0,0.0,1
74604315,-0.5556714,-0.14679103,0.1732616,0.25000003,0.0,0.0,1
74619309,-0.58010024,-0.15490486,0.18737283,0.25000003,0.0,0.0,1
74639276,-0.60247296,-0.15951033,0.20650007,0.2524631,0.0,0.0,1
74659235,-0.628873,-0.16242734,0.22533049,0.26600987,0.0,0.0,1
74679228,-0.6564398,-0.17415762,0.24496448,0.28325126,0.0,0.0,1
74699286,-0.7022266,-0.19136749,0.3194053,0.28448278,0.0,0.0,1
74719152,-0.76324123,-0.20852254,0.3494036,0.28448278,0.0,0.0,1
74744044,-0.7938143,-0.24382703,0.34894827,0.28448278,0.0,0.0,1
74759011,-0.8127901,-0.2601341,0.35153168,0.28448278,0.0,0.0,1
74778972,-0.8328512,-0.27418658,0.35436282,0.28448278,0.0,0.0,1
74803910,-0.8631852,-0.2660392,0.40135986,0.28325126,0.0,0.0,1
74818893,-0.86464405,-0.25741342,0.40124768,0.28325126,0.0,0.0,1
74838877,-0.86113554,-0.23707154,0.4001893,0.28325126,0.0,0.0,1
74858849,-0.85968447,-0.21002625,0.40396583,0.28325126,0.0,0.0,1
74883771,-0.84671223,-0.17581049,0.40166432,0.28325126,0.0,0.0,1
74898846,-0.83500236,-0.15845326,0.3170944,0.28325126,0.0,0.0,1
74918717,-0.7861455,-0.1513495,0.31460306,0.28325126,0.0,0.0,1
74943639,-0.76001745,-0.13533495,0.30801684,0.28325126,0.0,0.0,1
74958601,-0.7521034,-0.12853663,0.30719122,0.28325126,0.0,0.0,1
74978561,-0.7364172,-0.123480305,0.30605906,0.28325126,0.0,0.0,1
75003515,-0.69938624,-0.12900579,0.28146166,0.28325126,0.0,0.0,1
75023463,-0.68239516,-0.13937235,0.2657416,0.28325126,0.0,0.0,1
75038444,-0.6604398,-0.14626352,0.25262627,0.28325126,0.0,0.0,1
75058415,-0.63173056,-0.14691909,0.22791559,0.28325126,0.0,0.0,1
75083394,-0.5989646,-0.13780794,0.2046138,0.28325126,0.0,0.0,1
75098405,-0.5784746,-0.13041015,0.23066136,0.28325126,0.0,0.0,1
75118322,-0.574187,-0.123604104,0.21713546,0.28325126,0.0,0.0,1
75143227,-0.5764868,-0.1286378,0.22023095,0.28325126,0.0,0.0,1
75163182,-0.59727705,-0.14034681,0.23722373,0.28325126,0.0,0.0,1
75178150,-0.61469185,-0.15288523,0.25122336,0.28325126,0.0,0.0,1
75203105,-0.6331836,-0.17945866,0.22269723,0.28448278,0.0,0.0,1
75223061,-0.65666074,-0.19271944,0.2425987,0.29556653,0.0,0.0,1
75238038,-0.6823967,-0.19765553,0.2608163,0.29556653,0.0,0.0,1
75258025,-0.7200406,-0.19697271,0.28712907,0.29679805,0.0,0.0,1
75283002,-0.75387096,-0.19255981,0.29324841,0.3029557,0.0,0.0,1
75302906,-0.76965606,-0.18471363,0.30226502,0.31403944,0.0,0.0,1
75317879,-0.7729267,-0.17611617,0.30204785,0.32266012,0.0,0.0,1
75342821,-0.7681664,-0.16718394,0.30118355,0.32266012,0.0,0.0,1
75362782,-0.7651816,-0.17877443,0.30158684,0.32389164,0.0,0.0,1
75377752,-0.75765675,-0.19593772,0.30184174,0.32389164,0.0,0.0,1
75402719,-0.77858883,-0.22335705,0.3919939,0.32758623,0.0,0.0,1
75422660,-0.7678412,-0.250147,0.38541466,0.32758623,0.0,0.0,1
75442616,-0.74598134,-0.26625416,0.36600518,0.32389164,0.0,0.0,1
75457586,-0.72724885,-0.26785114,0.35028934,0.32389164,0.0,0.0,1
75482570,-0.69870436,-0.25571555,0.32715178,0.32389164,0.0,0.0,1
75502504,-0.65452653,-0.24088156,0.2866105,0.32389164,0.0,0.0,1
75517462,-0.6105202,-0.22888428,0.24949938,0.32389164,0.0,0.0,1
75542435,-0.5440709,-0.21151109,0.19458497,0.3362069,0.0,0.0,1
75562418,-0.5029167,-0.2013129,0.1598761,0.3362069,0.0,0.0,1
75582336,-0.44842312,-0.19662322,0.10655623,0.35960594,0.0,0.0,1
75597308,-0.3893972,-0.19629124,0.056894917,0.35960594,0.0,0.0,1
75622241,-0.31427687,-0.20513347,-0.0034703955,0.362069,0.0,0.0,1
75642209,-0.26357755,-0.20871611,-0.04879425,0.36453205,0.0,0.0,1
75657180,-0.21314476,-0.20140728,-0.09341452,0.3706897,0.0,0.0,1
75682183,-0.16252132,-0.179319,-0.13688731,0.3817734,0.0,0.0,1
75702112,-0.13937554,-0.15898217,-0.15694876,0.38793105,0.0,0.0,1
75722044,-0.11336717,-0.14638637,-0.17971407,0.39285716,0.0,0.0,1
75742009,-0.11793282,-0.14909922,-0.17326124,0.3940887,0.0,0.0,1
75761966,-0.1529501,-0.16247018,-0.14058015,0.39162564,0.0,0.0,1
75781924,-0.1934627,-0.17671648,-0.10468244,0.39162564,0.0,0.0,1
75796888,-0.22907741,-0.18486455,-0.07220485,0.39162564,0.0,0.0,1
75821872,-0.33049592,-0.18865293,0.018158358,0.39162564,0.0,0.0,1
75841804,-0.35979375,-0.1788599,0.04055975,0.39162564,0.0,0.0,1
75861761,-0.38388693,-0.15280902,0.062858544,0.39162564,0.0,0.0,1
75881763,-0.4283655,-0.12288581,0.1043247,0.39162564,0.0,0.0,1
75901683,-0.45834354,-0.11309081,0.124429986,0.39162564,0.0,0.0,1
75921645,-0.49057972,-0.11019832,0.15228203,0.39162564,0.0,0.0,1
75941598,-0.528678,-0.115725115,0.18459877,0.39162564,0.0,0.0,1
75961594,-0.5476785,-0.11050671,0.19910863,0.39162564,0.0,0.0,1
75981520,-0.5372131,-0.09951314,0.18934286,0.39162564,0.0,0.0,1
76001474,-0.5104155,-0.08433408,0.15995884,0.39532024,0.0,0.0,1
76021429,-0.48074737,-0.06818473,0.13513646,0.39532024,0.0,0.0,1
76041398,-0.43742666,-0.05987528,0.099239826,0.39532024,0.0,0.0,1
76061398,-0.40374857,-0.062033493,0.07253701,0.39655176,0.0,0.0,1
76081523,-0.37785554,-0.07645166,0.04981896,0.40394092,0.0,0.0,1
76101264,-0.32448906,-0.10263411,0.0052563897,0.40394092,0.0,0.0,1
76121228,-0.28400576,-0.14256409,-0.02944039,0.4162562,0.0,0.0,1
76141190,-0.26529363,-0.17655347,-0.04578347,0.42241383,0.0,0.0,1
76161148,-0.22618741,-0.18930086,-0.07995518,0.42857146,0.0,0.0,1
76181102,-0.20313703,-0.18700887,-0.09981111,0.43349755,0.0,0.0,1
76201066,-0.1956628,-0.17430675,-0.06890883,0.4347291,0.0,0.0,1
76221062,-0.20113233,-0.16961539,-0.073436014,0.43349755,0.0,0.0,1
76240989,-0.21151476,-0.16968355,-0.0658178,0.43226603,0.0,0.0,1
76260953,-0.2487923,-0.17568119,-0.041292574,0.43226603,0.0,0.0,1
76281045,-0.3003205,-0.18140186,-0.007545377,0.43226603,0.0,0.0,1
76300860,-0.35493103,-0.18608086,0.04180252,0.43226603,0.0,0.0,1
76320823,-0.40396887,-0.18396553,0.08076584,0.43226603,0.0,0.0,1
76340784,-0.44631997,-0.17111316,0.11873185,0.43226603,0.0,0.0,1
76360781,-0.5006689,-0.16797386,0.16762275,0.43226603,0.0,0.0,1
76380697,-0.5621229,-0.1826269,0.22020738,0.43226603,0.0,0.0,1
76400670,-0.6147074,-0.20503895,0.21757606,0.43226603,0.0,0.0,1
76420614,-0.6339888,-0.23168011,0.2433231,0.43226603,0.0,0.0,1
76440615,-0.6476786,-0.23713957,0.25240365,0.43842366,0.0,0.0,1
76460552,-0.6342935,-0.23055826,0.24126078,0.44088674,0.0,0.0,1
76480637,-0.6089504,-0.21348599,0.22248687,0.44334978,0.0,0.0,1
76500521,-0.5775258,-0.19913809,0.2407149,0.4445813,0.0,0.0,1
76520413,-0.5508092,-0.19360454,0.20340565,0.4445813,0.0,0.0,1
76540379,-0.5072741,-0.20419219,0.16498737,0.44704437,0.0,0.0,1
76560333,-0.47098017,-0.23025583,0.13338317,0.44950742,0.0,0.0,1
76580300,-0.4467632,-0.26247677,0.11269394,0.453202,0.0,0.0,1
76600286,-0.41745144,-0.27301255,0.08537464,0.45566505,0.0,0.0,1
76620259,-0.39095128,-0.26586077,0.06434402,0.45935965,0.0,0.0,1
76640222,-0.37439895,-0.24357027,0.05092892,0.46551728,0.0,0.0,1
76660173,-0.3650532,-0.22591536,0.043382302,0.4716749,0.0,0.0,1
76680216,-0.3729522,-0.21764825,0.05186036,0.4716749,0.0,0.0,1
76700079,-0.39777046,-0.21827611,0.04519441,0.47044337,0.0,0.0,1
76720013,-0.41307142,-0.21903518,0.06035378,0.46921185,0.0,0.0,1
76739975,-0.4452345,-0.21566726,0.080671765,0.46921185,0.0,0.0,1
76759930,-0.47419816,-0.20052253,0.09713924,0.46921185,0.0,0.0,1
76779886,-0.49925172,-0.16797972,0.11209469,0.46921185,0.0,0.0,1
76799846,-0.53740543,-0.14247052,0.22621472,0.46921185,0.0,0.0,1
76819810,-0.61595076,-0.12031806,0.26911697,0.46921185,0.0,0.0,1
76839778,-0.6399517,-0.109670535,0.28974068,0.46921185,0.0,0.0,1
76859742,-0.65243256,-0.0917041,0.30170536,0.46921185,0.0,0.0,1
76879762,-0.6508914,-0.053392522,0.30194432,0.46921185,0.0,0.0,1
76899657,-0.6267372,-0.0085521415,0.21351254,0.46921185,0.0,0.0,1
76919642,-0.57003975,0.029941518,0.18689212,0.46921185,0.0,0.0,1
76939565,-0.54202515,0.062265795,0.16699149,0.48399016,0.0,0.0,1
76959524,-0.48750612,0.07989562,0.12496295,0.4901478,0.0,0.0,1
76984479,-0.41701216,0.072196536,0.06981648,0.4901478,0.0,0.0,1
76999447,-0.38662392,0.060049355,0.046284143,0.4901478,0.0,0.0,1
77019395,-0.34088647,0.055009015,0.01707679,0.4901478,0.0,0.0,1
77039359,-0.30537385,0.059015207,-0.007433881,0.49137932,0.0,0.0,1
77059416,-0.29085216,0.07028929,-0.01759029,0.49137932,0.0,0.0,1
77079324,-0.29063228,0.068478964,-0.017454766,0.49137932,0.0,0.0,1
77099250,-0.31202367,0.056058336,-0.0045854608,0.49261087,0.0,0.0,1
77119233,-0.34674615,0.040056534,0.0227992,0.49261087,0.0,0.0,1
77139173,-0.4073181,0.028880605,0.06439737,0.49137932,0.0,0.0,1
77159137,-0.4530698,0.02969568,0.09465962,0.49137932,0.0,0.0,1
77184115,-0.49798462,0.05761395,0.12473698,0.49261087,0.0,0.0,1
77199034,-0.52637744,0.07685317,0.1524783,0.49261087,0.0,0.0,1
77218994,-0.55789685,0.08717742,0.17300813,0.49261087,0.0,0.0,1
77238966,-0.58451694,0.09745036,0.19205981,0.49261087,0.0,0.0,1
77263940,-0.62506145,0.12230239,0.22065282,0.4938424,0.0,0.0,1
77278909,-0.6371256,0.15496875,0.22845787,0.49630544,0.0,0.0,1
77298835,-0.6263167,0.20555545,0.23282543,0.5,0.0,0.0,1
77323815,-0.5855692,0.26386192,0.20062838,0.5,0.0,0.0,1
77338760,-0.5723509,0.28827247,0.19156292,0.5,0.0,0.0,1
77358739,-0.53597575,0.30542803,0.16298752,0.5,0.0,0.0,1
77378685,-0.47376186,0.2962374,0.11692261,0.5,0.0,0.0,1
77403624,-0.42580524,0.2617382,0.10628948,0.5,0.0,0.0,1
77418588,-0.3954236,0.24695344,0.07596255,0.5,0.0,0.0,1
77438550,-0.3702676,0.23155554,0.053245243,0.5,0.0,0.0,1
77463530,-0.3679962,0.20098947,0.050783284,0.5,0.0,0.0,1
77478467,-0.37214386,0.1629068,0.054424822,0.5,0.0,0.0,1
77498421,-0.3823178,0.09598284,0.05682542,0.5,0.0,0.0,1
77523373,-0.39357707,0.007573597,0.06733599,0.5,0.0,0.0,1
77543332,-0.4874639,-0.054792892,0.14858577,0.5012285,0.0,0.0,1
77558306,-0.54300565,-0.089956455,0.19271874,0.5012285,0.0,0.0,1
77578280,-0.5852802,-0.1367713,0.22338182,0.507371,0.0,0.0,1
77603206,-0.6531227,-0.22551155,0.26276064,0.507371,0.0,0.0,1
77618175,-0.6708832,-0.29061633,0.27243465,0.507371,0.0,0.0,1
77638213,-0.6897568,-0.39701653,0.28316963,0.509828,0.0,0.0,1
77663256,-0.7446643,-0.5005311,0.32091212,0.5110565,0.0,0.0,1
77683050,-0.78530276,-0.5537547,0.3437419,0.512285,0.0,0.0,1
77698009,-0.7960151,-0.5751571,0.39864653,0.512285,0.0,0.0,1
77723000,-0.82796806,-0.5895586,0.3954204,0.514742,0.0,0.0,1
77742928,-0.8529072,-0.5991988,0.40105027,0.517199,0.0,0.0,1
77757890,-0.833669,-0.61549956,0.3960545,0.5184275,0.0,0.0,1
77777851,-0.81537604,-0.65438485,0.39016336,0.519656,0.0,0.0,1
77802806,-0.79888165,-0.6910828,0.3728095,0.5208845,0.0,0.0,1
77817771,-0.7502613,-0.6945412,0.33394927,0.52334154,0.0,0.0,1
77837744,-0.72675073,-0.6804971,0.3223996,0.52457,0.0,0.0,1
77862827,-0.75039685,-0.638749,0.3448471,0.5257985,0.0,0.0,1
77882688,-0.7756645,-0.62325233,0.36146173,0.527027,0.0,0.0,1
77897622,-0.8099384,-0.6092996,0.3561194,0.527027,0.0,0.0,1
77922574,-0.8441549,-0.5925805,0.371066,0.527027,0.0,0.0,1
77942532,-0.9054555,-0.5681918,0.38251415,0.52948403,0.0,0.0,1
77962476,-0.93766534,-0.53650755,0.38859084,0.531941,0.0,0.0,1
77977438,-0.9408052,-0.52219146,0.3885678,0.5331695,0.0,0.0,1
78002401,-0.92581624,-0.53851753,0.32878503,0.534398,0.0,0.0,1
78022396,-0.89913,-0.5613244,0.3227103,0.53562653,0.0,0.0,1
78037326,-0.8951151,-0.57762206,0.32302108,0.53562653,0.0,0.0,0
78062404,-0.9061537,-0.5736433,0.3254027,0.53685504,0.0,0.0,0
78082260,-0.9091447,-0.55194396,0.3261323,0.53808355,0.0,0.0,0
78102195,-0.88079935,-0.5265446,0.29838115,0.53808355,0.0,0.0,0
78117157,-0.86000997,-0.51196593,0.2929312,0.53808355,0.0,0.0,0
78142136,-0.8240214,-0.49903774,0.28436938,0.539312,0.0,0.0,0
78162065,-0.7953507,-0.5067087,0.27886322,0.539312,0.0,0.0,0
78177038,-0.76873565,-0.50489354,0.27326164,0.5405405,0.0,0.0,0
78201990,-0.77249074,-0.463812,0.35634813,0.5405405,0.0,0.0,0
78221942,-0.7555586,-0.4339955,0.34677324,0.541769,0.0,0.0,0
78241928,-0.7477133,-0.41325524,0.34265924,0.541769,0.0,0.0,0
78261962,-0.767923,-0.40727225,0.3607391,0.541769,0.0,0.0,0
78281858,-0.797011,-0.4088593,0.36886135,0.541769,0.0,0.0,0
78301783,-0.80425304,-0.42152622,0.30377433,0.541769,0.0,0.0,0
78316751,-0.83685225,-0.42135546,0.30947962,0.541769,0.0,0.0,0
78341716,-0.85725754,-0.4152392,0.31266773,0.541769,0.0,0.0,0
78361692,-0.8619957,-0.43003544,0.31449693,0.5454545,0.0,0.0,0
78381625,-0.8517259,-0.46016008,0.31453496,0.55036855,0.0,0.0,0
78401584,-0.8275277,-0.48752287,0.32188386,0.5528255,0.0,0.0,0
78421583,-0.81095314,-0.49330273,0.3188053,0.554054,0.0,0.0,0
78441520,-0.79592514,-0.47413978,0.3152327,0.554054,0.0,0.0,0
78461536,-0.7944069,-0.4431834,0.31396547,0.554054,0.0,0.0,0
78481424,-0.7699039,-0.4173466,0.30888042,0.554054,0.0,0.0,0
78501375,-0.72711754,-0.4100962,0.2562649,0.55528253,0.0,0.0,0
78521339,-0.7214601,-0.40360522,0.25423762,0.55528253,0.0,0.0,0
78541299,-0.7019071,-0.38584474,0.24083166,0.55528253,0.0,0.0,0
78561277,-0.69539005,-0.35037363,0.23743354,0.55528253,0.0,0.0,0
78581216,-0.6993975,-0.30950654,0.239263,0.55528253,0.0,0.0,0
78601183,-0.70229346,-0.28511095,0.19953611,0.55528253,0.0,0.0,0
78621152,-0.70982355,-0.2771081,0.20693043,0.55528253,0.0,0.0,0
78641116,-0.7301367,-0.2704834,0.20878944,0.55528253,0.0,0.0,0
78661105,-0.74596286,-0.25460893,0.20925696,0.55651104,0.0,0.0,0
78681031,-0.77078146,-0.22507942,0.20910527,0.55773956,0.0,0.0,0
78700970,-0.77436185,-0.1832625,0.29941854,0.5601965,0.0,0.0,0
78720934,-0.8067144,-0.13953535,0.29709882,0.56142503,0.0,0.0,0
78740900,-0.79852,-0.12994021,0.29584962,0.56879604,0.0,0.0,0
78760863,-0.7831396,-0.13152874,0.29502767,0.56879604,0.0,0.0,0
78780811,-0.7804042,-0.13882059,0.2953545,0.5724816,0.0,0.0,0
78800770,-0.7814096,-0.15993819,0.26070064,0.57862407,0.0,0.0,0
78820764,-0.7946733,-0.2093322,0.2663137,0.58108103,0.0,0.0,0
78840748,-0.779007,-0.2866191,0.27024794,0.58353806,0.0,0.0,0
78860685,-0.83346844,-0.38394034,0.28484452,0.5872236,0.0,0.0,0
78880606,-0.92387396,-0.47307047,0.3093007,0.59090906,0.0,0.0,0
78900563,-0.9568434,-0.56182724,0.26739335,0.5945946,0.0,0.0,0
78920534,-0.9712739,-0.64078164,0.28973097,0.5945946,0.0,0.0,0
78940488,-0.9892883,-0.7196311,0.30747354,0.60442257,0.0,0.0,0
78960482,-0.9920237,-0.8074193,0.3223929,0.6093366,0.0,0.0,0
78980397,-0.97701335,-0.9043859,0.33200243,0.6093366,0.0,0.0,0
79000363,-0.9345309,-0.99654394,0.3123442,0.6093366,0.0,0.0,0
79020325,-0.8929276,-1.0471976,0.31056246,0.6093366,0.0,0.0,0
79040346,-0.8448709,-1.0471976,0.29572037,0.6117936,0.0,0.0,0
79060267,-0.78949076,-1.0471976,0.27295345,0.6154791,0.0,0.0,0
79080237,-0.73226386,-1.0471976,0.24690616,0.6154791,0.0,0.0,0
79100193,-0.66384846,-1.0471976,0.22848478,0.6154791,0.0,0.0,0
79120190,-0.61287147,-1.0471976,0.18606421,0.61793613,0.0,0.0,0
79140112,-0.58972234,-1.0471976,0.17250162,0.6216216,0.0,0.0,0
79160036,-0.59565747,-1.0471976,0.17724618,0.6228501,0.0,0.0,0
79180000,-0.5996276,-1.0471976,0.17988831,0.62407863,0.0,0.0,0
79199958,-0.598395,-1.0471976,0.19011723,0.6253071,0.0,0.0,0
79219912,-0.5993518,-1.0471976,0.18216191,0.6277641,0.0,0.0,0
79239922,-0.5725548,-1.0471976,0.16375048,0.6277641,0.0,0.0,0
79259895,-0.5521766,-1.0471976,0.15061565,0.6277641,0.0,0.0,0
79279832,-0.5512714,-1.0415721,0.1506645,0.6277641,0.0,0.0,0
79299756,-0.55638653,-1.0368134,0.16749099,0.6289926,0.0,0.0,0
79319719,-0.5589171,-1.0330381,0.16123123,0.6314496,0.0,0.0,0
79339684,-0.5359039,-1.0256417,0.14496544,0.63267815,0.0,0.0,0
79364616,-0.4678716,-0.99484986,0.09862527,0.6339066,0.0,0.0,0
79379612,-0.44385913,-0.9695417,0.083695166,0.6351351,0.0,0.0,0
79399560,-0.41091865,-0.9360463,0.06053834,0.6400491,0.0,0.0,0
79419510,-0.35826713,-0.9036667,0.02546596,0.6412776,0.0,0.0,0
79439525,-0.29569972,-0.8674582,-0.01482468,0.6412776,0.0,0.0,0
79459431,-0.24895929,-0.83604074,-0.04492446,0.6412776,0.0,0.0,0
79479387,-0.23021896,-0.81436133,-0.056506857,0.6412776,0.0,0.0,0
79504327,-0.20378777,-0.7731311,-0.086439654,0.64496315,0.0,0.0,0
79519373,-0.20260577,-0.73337126,-0.08740672,0.64496315,0.0,0.0,0
79539284,-0.20110813,-0.6713846,-0.09028447,0.6461916,0.0,0.0,0
79559252,-0.19612962,-0.6181323,-0.095738545,0.6474201,0.0,0.0,0
79579202,-0.19520769,-0.5867736,-0.09578687,0.6474201,0.0,0.0,0
79599169,-0.20654888,-0.57240707,-0.06329871,0.6474201,0.0,0.0,0
79619095,-0.22736712,-0.5645204,-0.055734534,0.64987713,0.0,0.0,0
79644198,-0.24349143,-0.54343927,-0.04697677,0.65233415,0.0,0.0,0
79659059,-0.23795386,-0.51906586,-0.051928475,0.65356266,0.0,0.0,0
79678982,-0.21294053,-0.48638994,-0.06870023,0.65356266,0.0,0.0,0
79703925,-0.16059282,-0.44600636,-0.119821206,0.65356266,0.0,0.0,0
79718902,-0.11987803,-0.4218855,-0.1510998,0.65356266,0.0,0.0,0
79738864,-0.05995833,-0.38809326,-0.19565879,0.65356266,0.0,0.0,0
79758826,-0.07275846,-0.36384746,-0.18421407,0.6547911,0.0,0.0,0
79783780,-0.1033399,-0.35093284,-0.16095044,0.6560196,0.0,0.0,0
79798772,-0.10845096,-0.33968323,-0.18453328,0.6560196,0.0,0.0,0
79818718,-0.117648214,-0.30224046,-0.16761705,0.6560196,0.0,0.0,0
79843739,-0.15016456,-0.24290362,-0.14205784,0.6560196,0.0,0.0,0
79858612,-0.1544467,-0.21392801,-0.14115387,0.6560196,0.0,0.0,0
79878569,-0.1465389,-0.19625409,-0.14845513,0.65847665,0.0,0.0,0
79903515,-0.14814004,-0.20359442,-0.08800233,0.66584766,0.0,0.0,0
79923509,-0.12075286,-0.20992278,-0.10199336,0.66584766,0.0,0.0,0
79938450,-0.09281566,-0.21215892,-0.11718479,0.66584766,0.0,0.0,0
79958401,-0.047984097,-0.19791958,-0.14075801,0.6670762,0.0,0.0,0
79983363,0.046658963,-0.17333464,-0.18917452,0.6683047,0.0,0.0,0
79998335,0.087319516,-0.15981519,-0.24332622,0.6670762,0.0,0.0,0
80018292,0.13288724,-0.13603249,-0.24388416,0.6683047,0.0,0.0,0
80043311,0.1321141,-0.11905529,-0.24240097,0.67199016,0.0,0.0,0
80063231,0.092687555,-0.11798916,-0.24015184,0.6744472,0.0,0.0,0
80078184,0.045621414,-0.12695569,-0.21979778,0.6744472,0.0,0.0,0
80103107,-0.048530903,-0.13056682,-0.16580729,0.6744472,0.0,0.0,0
80123070,-0.1326448,-0.1085725,-0.11273892,0.67690414,0.0,0.0,0
80138045,-0.18483086,-0.0786786,-0.08030016,0.67690414,0.0,0.0,0
80157998,-0.2238663,-0.05203703,-0.056634627,0.67936116,0.0,0.0,0
80182942,-0.24713875,-0.051124424,-0.042393204,0.6818181,0.0,0.0,0
80202912,-0.24061956,-0.068482384,-0.045076802,0.6830467,0.0,0.0,0
80217918,-0.22624023,-0.08487007,-0.053418506,0.68427515,0.0,0.0,0
80242889,-0.18589436,-0.10322213,-0.078450374,0.69041765,0.0,0.0,0
80262800,-0.122984305,-0.097969,-0.116989814,0.6953317,0.0,0.0,0
80277772,-0.06832653,-0.09037544,-0.14978284,0.69656014,0.0,0.0,0
80297716,-0.010651367,-0.075650044,-0.1539558,0.69901717,0.0,0.0,0
80322664,0.023476096,-0.058525145,-0.17469817,0.7014742,0.0,0.0,0
80342629,0.0077041523,-0.048737574,-0.16521987,0.7039312,0.0,0.0,0
80357635,-0.025080832,-0.05300168,-0.14794284,0.7039312,0.0,0.0,0
80382560,-0.10704806,-0.06648457,-0.10587217,0.70515966,0.0,0.0,0
80402506,-0.16086985,-0.051322095,-0.102528706,0.70515966,0.0,0.0,0
80417477,-0.20654264,-0.03130904,-0.07218425,0.70515966,0.0,0.0,0
80442450,-0.2491073,0.0042379703,-0.044338137,0.7088452,0.0,0.0,0
80462389,-0.2599698,0.0027742772,-0.037059024,0.7137592,0.0,0.0,0
80482357,-0.26178044,-0.01662285,-0.036202483,0.7137592,0.0,0.0,0
80497321,-0.2462541,-0.036356874,-0.03324657,0.7137592,0.0,0.0,0
80522261,-0.20790538,-0.058759846,-0.055738073,0.7137592,0.0,0.0,0
80542213,-0.14915998,-0.051226556,-0.086101316,0.7174447,0.0,0.0,0
80557181,-0.09444223,-0.041453853,-0.11396146,0.7174447,0.0,0.0,0
80582136,-0.03147368,-0.027102828,-0.14472997,0.7211302,0.0,0.0,0
80602095,0.006175952,-0.0105255,-0.21812755,0.7211302,0.0,0.0,0
80622111,-0.020145042,-0.01146771,-0.19971134,0.7211302,0.0,0.0,0
80642023,-0.062113762,-0.028542807,-0.17062785,0.7223587,0.0,0.0,0
80661969,-0.11489451,-0.045164336,-0.13467243,0.7235872,0.0,0.0,0
80681924,-0.15349567,-0.027757108,-0.104793094,0.7248157,0.0,0.0,0
80696905,-0.17892638,0.02918322,-0.049761295,0.7260442,0.0,0.0,0
80721851,-0.19929345,0.14852194,-0.039777856,0.7272727,0.0,0.0,0
80741805,-0.2009413,0.13556415,-0.039381206,0.7272727,0.0,0.0,0
80761797,-0.15842934,0.18145414,-0.03858986,0.7285012,0.0,0.0,0
80781730,-0.14656985,0.16823937,-0.03930939,0.7297297,0.0,0.0,0
80801691,-0.103764415,0.15593103,-0.053248864,0.73218673,0.0,0.0,0
80821687,-0.019222151,0.1426646,-0.082616664,0.7358722,0.0,0.0,0
80841614,0.068944536,0.12210894,-0.10036804,0.73955774,0.0,0.0,0
80861556,0.10188017,0.10323475,-0.10058449,0.73955774,0.0,0.0,0
80881520,0.11154181,0.07301021,-0.10126115,0.7407862,0.0,0.0,0
80901477,0.10348421,0.03170887,-0.15968625,0.7420147,0.0,0.0,0
80921460,0.044749755,-0.027560793,-0.17439899,0.7432432,0.0,0.0,0
80941402,-0.0017882311,-0.055162456,-0.15405963,0.7444717,0.0,0.0,0
80961355,-0.04748433,-0.059317615,-0.13356884,0.74570024,0.0,0.0,0
80981312,-0.07497803,-0.053964507,-0.12029343,0.74815726,0.0,0.0,0
81001278,-0.05986063,-0.09394539,-0.20622285,0.75184274,0.0,0.0,0
81021284,-0.07990125,-0.1177855,-0.1882255,0.75184274,0.0,0.0,0
81041233,-0.09094124,-0.18558979,-0.18031079,0.75307125,0.0,0.0,0
81061152,-0.067798465,-0.23199669,-0.20377117,0.75798523,0.0,0.0,0
81081118,-0.00581826,-0.23004825,-0.25644103,0.7628993,0.0,0.0,0
81101070,0.07308733,-0.20106976,-0.16936448,0.7628993,0.0,0.0,0
81121033,0.060287867,-0.19046909,-0.19193758,0.76658475,0.0,0.0,0
81140985,0.09202009,-0.16898312,-0.19526345,0.7702702,0.0,0.0,0
81160988,0.088883795,-0.17139615,-0.19577278,0.77149874,0.0,0.0,0
81180924,0.061840385,-0.18644324,-0.19164285,0.77272725,0.0,0.0,0
81200872,0.027845455,-0.18508466,-0.20458686,0.7751843,0.0,0.0,0
81220873,0.0019686648,-0.15082677,-0.1770053,0.7764127,0.0,0.0,0
81240795,-0.027602108,-0.09488152,-0.15767215,0.7764127,0.0,0.0,0
81260750,-0.031028718,-0.066881016,-0.15198548,0.7776413,0.0,0.0,0
81280710,-0.03481551,-0.06471661,-0.14786156,0.7776413,0.0,0.0,0
81300689,-0.04596621,-0.0990369,-0.11767129,0.7776413,0.0,0.0,0
81323156,-0.0487082,-0.11295261,-0.12164524,0.78009826,0.0,0.0,0
81340587,-0.005612403,-0.11424512,-0.14314194,0.78009826,0.0,0.0,0
81360551,0.058292378,-0.0983136,-0.17575116,0.7813268,0.0,0.0,0
81380502,0.11328236,-0.07078343,-0.17420144,0.7813268,0.0,0.0,0
81400485,0.16842404,-0.055692356,-0.31950137,0.7825552,0.0,0.0,0
81420587,0.23794062,-0.03978455,-0.3076796,0.7825552,0.0,0.0,0
81440386,0.20995557,-0.06975889,-0.30753708,0.7825552,0.0,0.0,0
81460338,0.18776512,-0.09733268,-0.2966504,0.7825552,0.0,0.0,0
81480309,0.1813744,-0.09474588,-0.24139121,0.7825552,0.0,0.0,0
81500276,0.15592979,-0.07991955,-0.13369022,0.7825552,0.0,0.0,0
81520254,0.279481,-0.10355859,-0.011293115,0.78501225,0.0,0.0,0
81540206,0.32387885,-0.14261721,-0.048937485,0.78501225,0.0,0.0,0
81560189,0.34453115,-0.1602052,-0.05130817,0.78501225,0.0,0.0,0
81580168,0.49807838,-0.18373413,-0.117261104,0.78501225,0.0,0.0,0
81600093,0.6782228,-0.18524699,-0.19386467,0.78501225,0.0,0.0,0
81620190,0.9295984,-0.16558884,-0.28126097,0.78501225,0.0,0.0,0
81639978,1.1232816,-0.16541408,-0.3037631,0.78501225,0.0,0.0,0
81659932,1.2170326,-0.18983017,-0.3010498,0.78501225,0.0,0.0,0
81679890,1.2170424,-0.2143217,-0.27045748,0.78501225,0.0,0.0,0
81699852,1.1549598,-0.27297598,-0.3077659,0.78501225,0.0,0.0,0
81719856,1.075612,-0.27924642,-0.21709464,0.78501225,0.0,0.0,0
81739778,0.93821174,-0.28702345,-0.13522853,0.78501225,0.0,0.0,0
81759733,0.8770232,-0.27595365,-0.07926952,0.78501225,0.0,0.0,0
81779696,0.8510643,-0.27789003,-0.050130192,0.78501225,0.0,0.0,0
81799666,0.8041368,-0.2853981,-0.013744504,0.78501225,0.0,0.0,0
81819751,0.7637733,-0.28784525,0.019231526,0.78624076,0.0,0.0,0
81839607,0.7961496,-0.27392113,-0.014878687,0.78624076,0.0,0.0,0
81859549,0.89239866,-0.23010905,-0.099863276,0.7886978,0.0,0.0,0
81884482,1.0113292,-0.16290742,-0.19569744,0.79361176,0.0,0.0,0
81899440,1.0657103,-0.12959263,-0.14563125,0.79729724,0.0,0.0,0
81919407,1.0449997,-0.112750545,-0.12991448,0.79975426,0.0,0.0,0
81939360,0.9927184,-0.1102175,-0.09558675,0.79975426,0.0,0.0,0
81959321,0.8635951,-0.12200948,-0.048908778,0.79975426,0.0,0.0,0
81979295,0.7539586,-0.11646651,-0.0031559942,0.79975426,0.0,0.0,0
81999268,0.6875118,-0.09295386,0.037556995,0.79975426,0.0,0.0,0
82024219,0.57823044,-0.07882374,0.06300025,0.79975426,0.0,0.0,0
82039184,0.53490824,-0.09106171,0.07233557,0.79975426,0.0,0.0,0
82059138,0.4746277,-0.11380976,0.110823095,0.79975426,0.0,0.0,0
82084072,0.42538694,-0.13453896,0.09437445,0.79975426,0.0,0.0,0
82099050,0.47739124,-0.13044976,0.04772533,0.79975426,0.0,0.0,0
82119035,0.5394233,-0.11246937,0.018177468,0.8009828,0.0,0.0,0
82138961,0.5959212,-0.093293026,-0.010110136,0.8034398,0.0,0.0,0
82163906,0.6148382,-0.09026234,-0.013401192,0.8046683,0.0,0.0,0
82178873,0.5833707,-0.098077826,0.005205316,0.80589676,0.0,0.0,0
82198848,0.50294423,-0.12849386,0.039488487,0.8095823,0.0,0.0,0
82223784,0.4038962,-0.16212323,0.09083912,0.8095823,0.0,0.0,0
82238791,0.3477144,-0.16611741,0.12230558,0.8132678,0.0,0.0,0
82258761,0.28738526,-0.17112285,0.15319912,0.8132678,0.0,0.0,0
82278695,0.25525498,-0.20092887,0.17025763,0.8132678,0.0,0.0,0
82303631,0.09431968,-0.2480702,0.33824706,0.8132678,0.0,0.0,0
82318587,0.067039326,-0.28102425,0.35388392,0.8132678,0.0,0.0,0
82338549,0.04122241,-0.3165069,0.33227354,0.8132678,0.0,0.0,0
82363492,0.09437358,-0.32973,0.25194973,0.8132678,0.0,0.0,0
82378459,0.076402634,-0.3261629,0.20711678,0.8132678,0.0,0.0,0
82398462,-0.032364048,-0.3216136,0.15828265,0.8132678,0.0,0.0,0
82423383,-0.15333776,-0.3303003,0.034125194,0.8144963,0.0,0.0,0
82443340,-0.19454607,-0.34820983,0.027151981,0.8169533,0.0,0.0,0
82458294,-0.22814886,-0.35907635,0.032860424,0.8206388,0.0,0.0,0
82478268,-0.259983,-0.34591335,0.036102887,0.8218673,0.0,0.0,0
82503206,-0.28172725,-0.3132675,0.035452597,0.8230958,0.0,0.0,0
82518192,-0.28077012,-0.30663118,0.034582682,0.8230958,0.0,0.0,0
82538133,-0.2691463,-0.318823,0.03445724,0.8243243,0.0,0.0,0
82563092,-0.25730586,-0.33991212,0.043996304,0.8243243,0.0,0.0,0
82583105,-0.19890133,-0.30821443,0.062389553,0.8255528,0.0,0.0,0
82598055,-0.14191149,-0.24968053,0.09638925,0.8267813,0.0,0.0,0
82622972,-0.055060588,-0.19883956,0.10603548,0.82800984,0.0,0.0,0
82642929,-0.003884306,-0.19294587,0.081909604,0.82800984,0.0,0.0,0
82657886,0.06544325,-0.15186067,0.07506387,0.82800984,0.0,0.0,0
82677861,0.08704111,-0.15665117,0.07986872,0.8292383,0.0,0.0,0
82702801,0.09217131,-0.19288394,0.07867207,0.8304668,0.0,0.0,0
82722795,0.088977374,-0.18937889,0.11054584,0.8304668,0.0,0.0,0
82737730,0.035987467,-0.19045599,0.13632204,0.8304668,0.0,0.0,0
82762681,0.011550267,-0.20390326,0.16110198,0.8304668,0.0,0.0,0
82782673,-0.007974639,-0.24819466,0.17189111,0.8304668,0.0,0.0,0
82797659,-0.031953014,-0.29083034,0.16558968,0.8316953,0.0,0.0,0
82822612,-0.007196418,-0.33569795,0.17795417,0.83292377,0.0,0.0,0
82842525,0.033671863,-0.35242817,0.15910743,0.83415234,0.0,0.0,0
82862550,0.036369815,-0.36090356,0.13619599,0.8378378,0.0,0.0,0
82877444,0.06633729,-0.36584672,0.12808454,0.84029484,0.0,0.0,0
82902398,0.0807817,-0.39140254,0.11369428,0.84029484,0.0,0.0,0
82922356,0.042297423,-0.43684265,0.1333189,0.84029484,0.0,0.0,0
82937322,-0.012233732,-0.46559608,0.15902431,0.84029484,0.0,0.0,0
82962264,-0.09943597,-0.48070535,0.1924547,0.84029484,0.0,0.0,0
82982241,-0.12290382,-0.46112826,0.20908903,0.84029484,0.0,0.0,0
83002352,-0.16398318,-0.43860623,0.30685323,0.84029484,0.0,0.0,0
83022149,-0.1090973,-0.47191602,0.33136997,0.84029484,0.0,0.0,0
83042112,-0.033104863,-0.5079712,0.35028902,0.84029484,0.0,0.0,0
83062068,0.009493488,-0.5237923,0.35865834,0.84029484,0.0,0.0,0
83077041,0.07357112,-0.5122468,0.33631253,0.84029484,0.0,0.0,0
83101987,0.16365394,-0.49323896,0.32845324,0.84029484,0.0,0.0,0
83121968,0.23492435,-0.49556035,0.3082765,0.84029484,0.0,0.0,0
83141907,0.2520772,-0.4950359,0.3188513,0.8415233,0.0,0.0,0
83161864,0.23374595,-0.49198994,0.35567358,0.8415233,0.0,0.0,0
83181833,0.15777227,-0.48081937,0.4124016,0.84275186,0.0,0.0,0
83201923,0.13621497,-0.4650123,0.35814935,0.84275186,0.0,0.0,0
83221753,0.0982193,-0.41894618,0.37451288,0.84275186,0.0,0.0,0
83241720,0.060633406,-0.38789037,0.3786888,0.84275186,0.0,0.0,0
83261692,0.047523834,-0.39482653,0.3822292,0.84275186,0.0,0.0,0
83281622,-0.0022325024,-0.4073186,0.3992935,0.84275186,0.0,0.0,0
83301576,-0.011156716,-0.42941472,0.35115775,0.84275186,0.0,0.0,0
83321536,0.0046963156,-0.4182212,0.32762057,0.84275186,0.0,0.0,0
83341495,-0.04357197,-0.4309193,0.2978045,0.84275186,0.0,0.0,0
83361463,0.010518708,-0.4316316,0.27197942,0.84275186,0.0,0.0,0
83381428,-0.10523647,-0.45780763,0.25800058,0.84275186,0.0,0.0,0
83401532,-0.3105734,-0.45066413,0.38122112,0.84275186,0.0,0.0,0
83421326,-0.39620253,-0.50631773,0.3272324,0.84275186,0.0,0.0,0
83441294,-0.3832419,-0.54027945,0.33473665,0.84275186,0.0,0.0,0
83461262,-0.43240792,-0.5617752,0.29964945,0.84275186,0.0,0.0,0
83481218,-0.4689128,-0.603521,0.2657621,0.84275186,0.0,0.0,0
83501165,-0.50267845,-0.6719799,0.18727806,0.84275186,0.0,0.0,0
83521139,-0.53419393,-0.73017055,0.1584398,0.84275186,0.0,0.0,0
83541117,-0.53972685,-0.75991744,0.16665645,0.84275186,0.0,0.0,0
83561049,-0.9171163,-0.7272568,0.29894605,0.84275186,0.0,0.0,0
83581022,-0.8675721,-0.7189424,0.28302932,0.84275186,0.0,0.0,0
83601055,-0.81171113,-0.7106839,0.30511406,0.84275186,0.0,0.0,0
83620925,-0.80076104,-0.7031487,0.29470718,0.84275186,0.0,0.0,0
83640889,-0.80699915,-0.71498007,0.2984864,0.84275186,0.0,0.0,0
83660837,-0.8375567,-0.72935027,0.30765715,0.84275186,0.0,0.0,0
83680808,-0.850201,-0.72032243,0.31004715,0.84275186,0.0,0.0,0
83700806,-0.8598919,-0.69477785,0.40741786,0.84275186,0.0,0.0,0
83720723,-0.923784,-0.6664153,0.41043815,0.84275186,0.0,0.0,0
83740711,-0.89473647,-0.6845437,0.40025923,0.84275186,0.0,0.0,0
83760648,-0.8888195,-0.7029809,0.4009,0.8439803,0.0,0.0,0
83780621,-0.8851616,-0.7116853,0.39984578,0.8439803,0.0,0.0,0
83800629,-0.82425165,-0.6963317,0.2509894,0.8439803,0.0,0.0,0
83820513,-0.6638511,-0.70400274,0.21474177,0.8439803,0.0,0.0,0
83840520,-0.42549014,-0.69662094,0.13450173,0.8439803,0.0,0.0,0
83860433,-0.34529865,-0.6922349,0.108053036,0.8439803,0.0,0.0,0
83880411,-0.3679099,-0.70012057,0.118427955,0.8439803,0.0,0.0,0
83900352,-0.35781088,-0.7090722,0.10437687,0.8439803,0.0,0.0,0
83920325,-0.30698043,-0.6876091,0.08485995,0.8452088,0.0,0.0,0
83940276,-0.34218433,-0.6554627,0.090280116,0.8452088,0.0,0.0,0
83960279,-0.3670038,-0.6381878,0.0943658,0.8452088,0.0,0.0,0
83980281,-0.3597104,-0.6416753,0.09887221,0.8452088,0.0,0.0,0
84000246,-0.3602819,-0.66054046,0.099525936,0.8452088,0.0,0.0,0
84020146,-0.35264164,-0.6803494,0.09660941,0.8452088,0.0,0.0,0
84040074,-0.3100547,-0.6639712,0.08558012,0.8452088,0.0,0.0,0
84060032,-0.2781718,-0.6445844,0.08315252,0.8452088,0.0,0.0,0
84079989,-0.24340525,-0.6162625,0.069871336,0.8452088,0.0,0.0,0
84099982,-0.26526728,-0.61260194,0.08457615,0.8452088,0.0,0.0,0
84119905,-0.35583627,-0.6223794,0.12161273,0.8452088,0.0,0.0,0
84139870,-0.48236755,-0.62996423,0.16984133,0.8452088,0.0,0.0,0
84159826,-0.5593416,-0.6174307,0.1987492,0.8452088,0.0,0.0,0
84179824,-0.5032262,-0.59726816,0.16844343,0.8452088,0.0,0.0,0
84199766,-0.2943894,-0.5969619,0.07246646,0.8452088,0.0,0.0,0
84219711,-0.2774132,-0.6066502,0.06947412,0.8452088,0.0,0.0,0
84239715,-0.22232798,-0.6173939,0.086885,0.8452088,0.0,0.0,0
84264628,-0.07444901,-0.59561163,0.17189072,0.8452088,0.0,0.0,0
84279585,-0.031294696,-0.57196474,0.14759052,0.8452088,0.0,0.0,0
84299538,0.21254759,-0.5453347,0.094789505,0.8452088,0.0,0.0,0
84319499,0.277304,-0.51968175,0.059322886,0.8452088,0.0,0.0,0
84339469,0.41137776,-0.50388753,0.045100037,0.8452088,0.0,0.0,0
84359421,0.47319043,-0.5099295,0.059947412,0.8452088,0.0,0.0,0
84379480,0.5206093,-0.52879703,0.09344435,0.8452088,0.0,0.0,0
84404315,0.5158978,-0.5261145,0.13178687,0.8452088,0.0,0.0,0
84419303,0.4898679,-0.5152298,0.14902489,0.8452088,0.0,0.0,0
84439274,0.45900837,-0.5123631,0.16716486,0.8452088,0.0,0.0,0
84459231,0.5011296,-0.5274656,0.17667347,0.8452088,0.0,0.0,0
84479191,0.6185682,-0.53602695,0.20080322,0.8452088,0.0,0.0,0
84499169,0.6237401,-0.53071404,0.18987589,0.8452088,0.0,0.0,0
84519084,0.6831316,-0.5045316,0.15505171,0.8452088,0.0,0.0,0
84544033,0.8116845,-0.47038707,0.10972552,0.8452088,0.0,0.0,0
84559011,0.8394958,-0.45455745,0.094446294,0.8452088,0.0,0.0,0
84579008,0.9299068,-0.4399729,0.09365578,0.8452088,0.0,0.0,0
84603906,0.9494753,-0.4514519,0.1143107,0.8452088,0.0,0.0,0
84618882,0.9248359,-0.4663954,0.12850116,0.8452088,0.0,0.0,0
84638877,0.82646066,-0.46861327,0.14067876,0.8452088,0.0,0.0,0
84658824,0.74272263,-0.45680726,0.15770866,0.8452088,0.0,0.0,0
84683743,0.6707837,-0.46080276,0.17950964,0.8452088,0.0,0.0,0
84698729,0.6189189,-0.47529343,0.16342169,0.8452088,0.0,0.0,0
84718703,0.54321116,-0.49031922,0.19471326,0.8452088,0.0,0.0,0
84743627,0.43117025,-0.47885418,0.20318149,0.8452088,0.0,0.0,0
84758592,0.43584988,-0.45664904,0.18743351,0.8452088,0.0,0.0,0
84778652,0.47414812,-0.43356514,0.16702028,0.8452088,0.0,0.0,0
84803547,0.45460072,-0.4180091,0.17797647,0.8452088,0.0,0.0,0
84823456,0.4409416,-0.41774303,0.18590279,0.8452088,0.0,0.0,0
84838443,0.41772726,-0.43095222,0.1963483,0.8452088,0.0,0.0,0
84858389,0.33495048,-0.45123768,0.22688039,0.8452088,0.0,0.0,0
84883346,0.23588724,-0.4439898,0.26172826,0.8452088,0.0,0.0,0
84898313,0.1697967,-0.4304338,0.2998955,0.8452088,0.0,0.0,0
84918280,0.11380103,-0.42290154,0.31357777,0.8452088,0.0,0.0,0
84943240,0.086375736,-0.44328645,0.32787263,0.8452088,0.0,0.0,0
84963186,0.034148995,-0.45158032,0.34645763,0.84643734,0.0,0.0,0
84978185,-0.047480542,-0.4489761,0.34562668,0.84643734,0.0,0.0,0
85003093,-0.024628537,-0.42369157,0.30788788,0.8452088,0.0,0.0,0
85023051,0.010136331,-0.40762332,0.2683205,0.84643734,0.0,0.0,0
85038031,0.039587688,-0.39399162,0.2506977,0.84643734,0.0,0.0,0
85057986,-0.022410328,-0.37737697,0.26126912,0.84643734,0.0,0.0,0
85082936,-0.14922026,-0.38125455,0.26402563,0.84643734,0.0,0.0,0
85102894,-0.28484097,-0.40148142,0.18008985,0.84643734,0.0,0.0,0
85117870,-0.4349397,-0.4048332,0.096288845,0.84643734,0.0,0.0,0
85142803,-0.5601015,-0.37559405,0.101982236,0.84643734,0.0,0.0,0
85162781,-0.7683491,-0.35673082,0.18695019,0.84643734,0.0,0.0,0
85177884,-0.7567569,-0.3697393,0.18715808,0.84643734,0.0,0.0,0
85202722,-0.8215841,-0.38501477,0.21225452,0.84643734,0.0,0.0,0
85222647,-0.79094225,-0.3773675,0.20626675,0.84643734,0.0,0.0,0
85242610,-0.73241466,-0.35620022,0.19475777,0.84643734,0.0,0.0,0
85257570,-0.6844502,-0.3483396,0.1869291,0.84643734,0.0,0.0,0
85282518,-0.5182337,-0.34041417,0.13138476,0.84643734,0.0,0.0,0
85302502,-0.49363434,-0.34786966,0.13248295,0.84643734,0.0,0.0,0
85317463,-0.42948005,-0.36982375,0.104277864,0.84643734,0.0,0.0,0
85342498,-0.38596198,-0.4080303,0.08052151,0.84643734,0.0,0.0,0
85362365,-0.3372066,-0.4167989,0.05656237,0.84643734,0.0,0.0,0
85382404,-0.27900934,-0.4098307,0.1001159,0.84643734,0.0,0.0,0
85397281,-0.1892326,-0.41322866,0.15725666,0.84643734,0.0,0.0,0
85422232,-0.18218239,-0.45243618,0.15999778,0.84643734,0.0,0.0,0
85442197,-0.19311596,-0.47621167,0.16735892,0.84643734,0.0,0.0,0
85457161,-0.19076589,-0.4797036,0.1672461,0.84643734,0.0,0.0,0
85482108,0.05410625,-0.46035004,0.1945282,0.84643734,0.0,0.0,0
85502065,0.11524817,-0.44104347,0.16871174,0.84643734,0.0,0.0,0
85522044,0.17034642,-0.43390802,0.13818772,0.84643734,0.0,0.0,0
85541990,0.14183436,-0.43773505,0.14802146,0.84643734,0.0,0.0,0
85561964,0.035260174,-0.45872122,0.173806,0.84643734,0.0,0.0,0
85581943,-0.07407921,-0.46997663,0.19381031,0.84643734,0.0,0.0,0
85596893,-0.09501067,-0.46342248,0.21512598,0.84643734,0.0,0.0,0
85621816,-0.16370901,-0.4407705,0.18770406,0.84643734,0.0,0.0,0
85641793,-0.19782367,-0.4440452,0.16710386,0.84643734,0.0,0.0,0
85661740,-0.29931948,-0.4660895,0.09004785,0.84643734,0.0,0.0,0
85681710,-0.3582722,-0.4709908,0.06594619,0.8476658,0.0,0.0,0
85701662,-0.3299925,-0.45399335,0.060276236,0.8476658,0.0,0.0,0
85721627,-0.26951692,-0.4149021,0.044903353,0.8476658,0.0,0.0,0
85741613,-0.20869668,-0.38309023,0.032054357,0.84889436,0.0,0.0,0
85761581,-0.15564887,-0.35545284,0.022158975,0.8476658,0.0,0.0,0
85781507,-0.21219781,-0.3400218,0.040991742,0.84889436,0.0,0.0,0
85801461,-0.29767686,-0.34954393,0.098602824,0.84889436,0.0,0.0,0
85821412,-0.33587068,-0.36257288,0.11352024,0.84889436,0.0,0.0,0
85841374,-0.3573194,-0.356443,0.120588005,0.84889436,0.0,0.0,0
85861331,-0.37247142,-0.35161203,0.12678926,0.84889436,0.0,0.0,0
85881301,-0.3500295,-0.37442002,0.11638126,0.84889436,0.0,0.0,0
85901260,-0.19459547,-0.4183487,0.032629434,0.84889436,0.0,0.0,0
85921205,-0.19252367,-0.44853884,0.03461019,0.8501228,0.0,0.0,0
85941168,-0.16402538,-0.45379385,0.029816283,0.8501228,0.0,0.0,0
85961171,-0.10484315,-0.43779606,0.018370742,0.8501228,0.0,0.0,0
85981085,-0.053152725,-0.4242887,0.009022212,0.8501228,0.0,0.0,0
86001050,-0.010115575,-0.41673997,0.0016862354,0.8501228,0.0,0.0,0
86021007,-0.018071424,-0.41973984,0.0030341716,0.8501228,0.0,0.0,0
86041043,-0.06273666,-0.4429221,0.011117341,0.8501228,0.0,0.0,0
86060920,-0.10694052,-0.4571056,0.022276722,0.8501228,0.0,0.0,0
86080885,-0.14223105,-0.4513498,0.0338367,0.8513513,0.0,0.0,0
86100851,-0.12390528,-0.44156176,0.0580767,0.8513513,0.0,0.0,0
86120803,-0.09543321,-0.45796072,0.07146957,0.8513513,0.0,0.0,0
86140771,-0.05410218,-0.48710737,0.09673064,0.8513513,0.0,0.0,0
86160780,-0.0016806048,-0.50773585,0.11766973,0.8513513,0.0,0.0,0
86180712,0.01974633,-0.50615835,0.100307144,0.8513513,0.0,0.0,0
86200644,0.12590368,-0.48998848,0.059486486,0.8513513,0.0,0.0,0
86220597,0.19907734,-0.47243816,0.022572888,0.8513513,0.0,0.0,0
86240559,0.23097551,-0.46388102,0.007523253,0.8513513,0.0,0.0,0
86260527,0.21466485,-0.4712772,0.021275587,0.8513513,0.0,0.0,0
86280483,0.19357185,-0.49873894,0.05038137,0.8513513,0.0,0.0,0
86300470,0.1908392,-0.5130668,0.08759351,0.8513513,0.0,0.0,0
86320392,0.13538884,-0.5039974,0.11583416,0.8513513,0.0,0.0,0
86340355,0.10293255,-0.49317846,0.1338181,0.8513513,0.0,0.0,0
86360365,0.10700103,-0.507965,0.13625184,0.8513513,0.0,0.0,0
86380267,0.09913806,-0.52756244,0.14445269,0.85257983,0.0,0.0,0
86400261,0.08628824,-0.53331333,0.14006558,0.85257983,0.0,0.0,0
86420242,0.12482762,-0.51574856,0.120440416,0.85257983,0.0,0.0,0
86440235,0.19351673,-0.48086005,0.08251947,0.85257983,0.0,0.0,0
86460144,0.24410902,-0.4488446,0.055938702,0.85257983,0.0,0.0,0
86480082,0.2786792,-0.42777833,0.037777506,0.85257983,0.0,0.0,0
86500023,0.27741522,-0.42900568,0.04764008,0.85257983,0.0,0.0,0
86519987,0.24199206,-0.44958648,0.06766104,0.85257983,0.0,0.0,0
86539958,0.22177896,-0.45891738,0.09327091,0.85257983,0.0,0.0,0
86560150,0.21149239,-0.44812235,0.11887847,0.85257983,0.0,0.0,0
86579905,0.20241587,-0.44233027,0.1348465,0.85257983,0.0,0.0,0
86599823,0.20080827,-0.4598985,0.12751278,0.85257983,0.0,0.0,0
86619780,0.1742455,-0.47967383,0.14674768,0.85257983,0.0,0.0,0
86639748,0.14640352,-0.4828835,0.16148198,0.85257983,0.0,0.0,0
86659705,0.17458233,-0.46065384,0.1464129,0.85257983,0.0,0.0,0
86679685,0.25671032,-0.4324281,0.11672125,0.85257983,0.0,0.0,0
86699617,0.29246077,-0.41475397,0.084973514,0.85257983,0.0,0.0,0
86719587,0.3120016,-0.41166574,0.08152845,0.85257983,0.0,0.0,0
86739552,0.27717602,-0.42494226,0.09891638,0.85257983,0.0,0.0,0
86759640,0.22299679,-0.45480317,0.12439672,0.85257983,0.0,0.0,0
86784441,0.15489067,-0.47029975,0.15600115,0.85257983,0.0,0.0,0
86799415,0.11455414,-0.4667559,0.22900082,0.85257983,0.0,0.0,0
86819370,0.08640876,-0.46627095,0.24995084,0.85257983,0.0,0.0,0
86839373,0.12297117,-0.4952674,0.25663337,0.85257983,0.0,0.0,0
86859299,0.12676202,-0.52069914,0.27282074,0.85257983,0.0,0.0,0
86879268,0.12551403,-0.5269277,0.27289665,0.85257983,0.0,0.0,0
86899233,0.18186826,-0.5072925,0.20533518,0.85257983,0.0,0.0,0
86924159,0.29612374,-0.4722611,0.16049878,0.85257983,0.0,0.0,0
86939166,0.32788706,-0.45456213,0.14363007,0.85257983,0.0,0.0,0
86959244,0.34516022,-0.44276074,0.13534811,0.85257983,0.0,0.0,0
86984079,0.3248778,-0.45356643,0.15966982,0.85257983,0.0,0.0,0
86999006,0.28596514,-0.46657637,0.21709758,0.85257983,0.0,0.0,0
87018966,0.27123123,-0.45977476,0.24446762,0.85257983,0.0,0.0,0
87038920,0.24395414,-0.4370195,0.27141163,0.85257983,0.0,0.0,0
87063869,0.21395496,-0.42844883,0.294178,0.85257983,0.0,0.0,0
87078853,0.24695277,-0.43789643,0.3009682,0.85257983,0.0,0.0,0
87098819,0.32756224,-0.44044647,0.2486165,0.85257983,0.0,0.0,0
87123750,0.41464737,-0.4311214,0.2413466,0.85257983,0.0,0.0,0
87138771,0.46467412,-0.40306503,0.21907967,0.85257983,0.0,0.0,0
87158798,0.5258819,-0.37327054,0.19190843,0.85257983,0.0,0.0,0
87183632,0.5831105,-0.34243134,0.18648553,0.85257983,0.0,0.0,0
87203585,0.6323561,-0.33447206,0.19210221,0.85257983,0.0,0.0,0
87218549,0.60909355,-0.3439787,0.20433925,0.85257983,0.0,0.0,0
87238516,0.5690231,-0.35882995,0.2377399,0.85257983,0.0,0.0,0
87263459,0.49004593,-0.35159263,0.27882493,0.85257983,0.0,0.0,0
87278466,0.46195343,-0.3396563,0.29589453,0.85257983,0.0,0.0,0
87298380,0.4700849,-0.3415772,0.33160558,0.85257983,0.0,0.0,0
87323338,0.4902914,-0.365908,0.3521412,0.85257983,0.0,0.0,0
87338317,0.44949788,-0.37441036,0.37408224,0.85257983,0.0,0.0,0
87358346,0.42166898,-0.37684748,0.38569856,0.85257983,0.0,0.0,0
87378217,0.46179017,-0.36735085,0.36279118,0.85257983,0.0,0.0,0
87403211,0.52403015,-0.3545083,0.32956496,0.85257983,0.0,0.0,0
87418140,0.5399704,-0.34766665,0.32092375,0.85257983,0.0,0.0,0
87438100,0.5030513,-0.34396824,0.33637998,0.85257983,0.0,0.0,0
87463053,0.38839477,-0.35842967,0.37736169,0.85257983,0.0,0.0,0
87483006,0.31875947,-0.36360902,0.4089567,0.85257983,0.0,0.0,0
87497979,0.29679215,-0.35420606,0.45840964,0.85257983,0.0,0.0,0
87522935,0.2399397,-0.31647038,0.48053953,0.85257983,0.0,0.0,0
87542953,0.21285814,-0.31614235,0.49468753,0.85257983,0.0,0.0,0
87557957,0.15804417,-0.32068118,0.51279444,0.85257983,0.0,0.0,0
87577813,0.091098666,-0.31535366,0.54364485,0.85257983,0.0,0.0,0
87602772,-0.0568771,-0.22328785,0.75029224,0.8513513,0.0,0.0,0
87622725,0.006236324,-0.2066351,0.71067446,0.8513513,0.0,0.0,0
87637715,0.052214976,-0.1921191,0.6830745,0.8513513,0.0,0.0,0
87662648,-0.017903225,-0.16571012,0.66567284,0.8513513,0.0,0.0,0
87682672,-0.081068225,-0.13797109,0.69003135,0.8513513,0.0,0.0,0
87697563,-0.11352289,-0.12863062,0.5117682,0.8513513,0.0,0.0,0
87722521,-0.10514226,-0.17049307,0.53643805,0.8513513,0.0,0.0,0
87742535,-0.16147214,-0.13423565,0.5455621,0.8513513,0.0,0.0,0
87762434,-0.18582407,-0.0989814,0.54955417,0.8513513,0.0,0.0,0
87777400,-0.1724935,-0.09058474,0.5513486,0.8513513,0.0,0.0,0
87802356,-0.13802737,-0.09933129,0.5544354,0.8513513,0.0,0.0,0
87822344,-0.14724441,-0.08894197,0.56895643,0.8513513,0.0,0.0,0
87837275,-0.12735614,-0.075462855,0.56374586,0.8513513,0.0,0.0,0
87862227,-0.06341983,-0.05588781,0.5269402,0.8513513,0.0,0.0,0
87882185,-0.028129926,-0.0430239,0.50726724,0.8513513,0.0,0.0,0
87902152,-0.008082575,-0.042284653,0.49985895,0.8513513,0.0,0.0,0
87922110,-0.039959032,-0.040304314,0.51694137,0.8513513,0.0,0.0,0
87942132,-0.0914327,-0.051117677,0.54330903,0.8513513,0.0,0.0,0
87962033,-0.12399769,-0.059904095,0.56133926,0.8513513,0.0,0.0,0
87976998,-0.1493807,-0.055233724,0.569384,0.8513513,0.0,0.0,0
88001943,-0.15731995,-0.05872448,0.5524537,0.8513513,0.0,0.0,0
88021903,-0.16673523,-0.08130398,0.557166,0.8513513,0.0,0.0,0
88041867,-0.18737963,-0.110116,0.5667895,0.8513513,0.0,0.0,0
88061841,-0.26706618,-0.13667762,0.54092723,0.8513513,0.0,0.0,0
88081831,-0.2504033,-0.13557503,0.5390308,0.8513513,0.0,0.0,0
88101740,-0.30418628,-0.12728983,0.47811338,0.8513513,0.0,0.0,0
88116707,-0.2546295,-0.1439699,0.47494516,0.8513513,0.0,0.0,0
88141821,-0.2775946,-0.15937813,0.44907528,0.8513513,0.0,0.0,0
88161623,-0.33369374,-0.1883528,0.4236746,0.85257983,0.0,0.0,0
88181574,-0.42253438,-0.23269796,0.39450052,0.8513513,0.0,0.0,0
88201536,-0.5382792,-0.28401256,0.2934192,0.8513513,0.0,0.0,0
88221528,-0.72983485,-0.30668688,0.20727119,0.8513513,0.0,0.0,0
88236468,-1.2217305,-0.301047,0.3234787,0.85257983,0.0,0.0,0
88261408,-1.2217305,-0.2768179,0.32833207,0.85257983,0.0,0.0,0
88281372,-1.2217305,-0.33489305,0.2605668,0.85257983,0.0,0.0,0
88301332,-1.2217305,-0.35272586,0.27225667,0.85257983,0.0,0.0,0
88321315,-1.2203438,-0.35400033,0.26529542,0.85257983,0.0,0.0,0
88341425,-1.1467212,-0.34280995,0.24988449,0.85257983,0.0,0.0,0
88361203,-1.0982136,-0.33648533,0.24053268,0.85257983,0.0,0.0,0
88381202,-1.0810369,-0.34043866,0.23875055,0.85257983,0.0,0.0,0
88401118,-1.0818568,-0.3595715,0.44470483,0.85257983,0.0,0.0,0
88421082,-1.1977261,-0.33189943,0.4522705,0.85257983,0.0,0.0,0
88441043,-1.2113353,-0.34722003,0.4567643,0.85257983,0.0,0.0,0
88461002,-1.2217305,-0.34486276,0.45847237,0.85257983,0.0,0.0,0
88480961,-1.21813,-0.35166305,0.45856604,0.85257983,0.0,0.0,0
88500918,-1.1926742,-0.38889518,0.26677895,0.85257983,0.0,0.0,0
88520955,-1.0637939,-0.48569402,0.2697136,0.85257983,0.0,0.0,0
88540956,-1.076546,-0.5010395,0.275048,0.85257983,0.0,0.0,0
88560802,-1.0428109,-0.4905358,0.26542968,0.85257983,0.0,0.0,0
88580754,-0.9402799,-0.47460422,0.23566581,0.85257983,0.0,0.0,0
88600737,-0.89310926,-0.46456262,0.26591638,0.85257983,0.0,0.0,0
88620679,-0.784552,-0.46559772,0.21219938,0.85257983,0.0,0.0,0
88640651,-0.60824,-0.50205815,0.1392553,0.85257983,0.0,0.0,0
88660594,-0.4465873,-0.5248079,0.20646882,0.85257983,0.0,0.0,0
88680549,-0.4798316,-0.5057089,0.237517,0.85257983,0.0,0.0,0
88700510,-0.49740872,-0.48900878,0.21136656,0.85257983,0.0,0.0,0
88720485,-0.4692828,-0.4895192,0.21292815,0.85257983,0.0,0.0,0
88740543,-0.27653608,-0.503268,0.28493375,0.85257983,0.0,0.0,0
88760395,-0.14463331,-0.49829125,0.35338488,0.85257983,0.0,0.0,0
88780376,-0.17479071,-0.47897702,0.35170743,0.85257983,0.0,0.0,0
88800306,-0.08153191,-0.44700205,0.6981325,0.85257983,0.0,0.0,0
88820297,-0.17238732,-0.36130401,0.6198755,0.85257983,0.0,0.0,0
88840275,-0.124849364,-0.36496788,0.5623878,0.85257983,0.0,0.0,0
88860217,-0.061365817,-0.3639431,0.5532561,0.85257983,0.0,0.0,0
88880188,0.031469747,-0.3741289,0.5714001,0.85257983,0.0,0.0,0
88900145,0.047029644,-0.38604003,0.31618047,0.85257983,0.0,0.0,0
88920211,0.14777686,-0.4455934,0.3340754,0.85257983,0.0,0.0,0
88940139,0.12160085,-0.43066928,0.34610632,0.85257983,0.0,0.0,0
88959977,-0.20082337,-0.43648738,0.31294504,0.85257983,0.0,0.0,0
88979936,-0.28370327,-0.45077068,0.28173864,0.85257983,0.0,0.0,0
88999899,-0.30933186,-0.4681754,0.48798224,0.85257983,0.0,0.0,0
89019861,-0.42409763,-0.41455457,0.4893793,0.85257983,0.0,0.0,0
89039821,-0.4201281,-0.40600112,0.40028852,0.85257983,0.0,0.0,0
89059804,-0.4135962,-0.40913707,0.28275988,0.85257983,0.0,0.0,0
89079745,-0.44241536,-0.43009755,0.11658558,0.85257983,0.0,0.0,0
89099701,-1.0116405,-0.36304408,0.28417593,0.85257983,0.0,0.0,0
89119677,-0.9909964,-0.41740954,0.30915377,0.85257983,0.0,0.0,0
89139660,-0.87320244,-0.4564657,0.2633721,0.85257983,0.0,0.0,0
89164560,-0.88728917,-0.47249994,0.26784688,0.85257983,0.0,0.0,0
89179533,-0.8718397,-0.4732806,0.26008463,0.85257983,0.0,0.0,0
89199495,-0.858115,-0.49112794,0.26691243,0.85257983,0.0,0.0,0
89219446,-0.8354698,-0.5250832,0.26465806,0.85257983,0.0,0.0,0
89239415,-0.818922,-0.55436283,0.26343587,0.85257983,0.0,0.0,0
89259394,-0.8004142,-0.5635995,0.25988123,0.85257983,0.0,0.0,0
89279323,-0.7476817,-0.5479075,0.2468573,0.85257983,0.0,0.0,0
89304268,-0.63308936,-0.53278863,0.16213214,0.85257983,0.0,0.0,0
89319337,-0.57021844,-0.52556,0.12870963,0.85257983,0.0,0.0,0
89339292,-0.5462852,-0.51865464,0.118590705,0.85257983,0.0,0.0,0
89359181,-0.5847572,-0.52791137,0.1400107,0.85257983,0.0,0.0,0
89379140,-0.65375966,-0.54092026,0.17568257,0.85257983,0.0,0.0,0
89399096,-0.7041571,-0.53084564,0.25934175,0.85257983,0.0,0.0,0
89419032,-0.7527001,-0.50743085,0.2620742,0.85257983,0.0,0.0,0
89444005,-0.75178343,-0.5184236,0.26233903,0.85257983,0.0,0.0,0
89458961,-0.7456455,-0.5388203,0.2618626,0.85257983,0.0,0.0,0
89478965,-0.7354598,-0.5649975,0.26055002,0.85257983,0.0,0.0,0
89503856,-0.67500395,-0.57771933,0.20335811,0.85257983,0.0,0.0,0
89518896,-0.617301,-0.56710154,0.16949692,0.85257983,0.0,0.0,0
89538802,-0.5291458,-0.556579,0.11956782,0.85257983,0.0,0.0,0
89558776,-0.45891574,-0.5445143,0.07907759,0.85257983,0.0,0.0,0
89583699,-0.47078806,-0.5319436,0.088847436,0.85257983,0.0,0.0,0
89598709,-0.5109639,-0.5394776,0.11599882,0.85257983,0.0,0.0,0
89618669,-0.58437186,-0.5432946,0.15693443,0.85257983,0.0,0.0,0
89643575,-0.6547277,-0.5108745,0.19699432,0.85257983,0.0,0.0,0
89658549,-0.68439883,-0.48596936,0.2123986,0.85257983,0.0,0.0,0
89678508,-0.6998675,-0.47010648,0.2195969,0.85257983,0.0,0.0,0
89703486,-0.67426103,-0.4819557,0.20259939,0.85257983,0.0,0.0,0
89723569,-0.6823667,-0.4821857,0.20869641,0.85257983,0.0,0.0,0
89738385,-0.6715827,-0.46726504,0.20143807,0.85257983,0.0,0.0,0
89758380,-0.6080041,-0.4370288,0.16333452,0.85257983,0.0,0.0,0
89783282,-0.5038618,-0.4074006,0.103816845,0.85257983,0.0,0.0,0
89798275,-0.4351498,-0.38609308,0.06909672,0.85257983,0.0,0.0,0
89818218,-0.42352,-0.36249152,0.06455605,0.85257983,0.0,0.0,0
89843162,-0.4787126,-0.36092645,0.09845263,0.85257983,0.0,0.0,0
89863123,-0.5195298,-0.3543697,0.12125719,0.85257983,0.0,0.0,0
89878098,-0.54871196,-0.3357482,0.13811047,0.85257983,0.0,0.0,0
89903054,-0.58083105,-0.30238873,0.15889242,0.85257983,0.0,0.0,0
89923134,-0.57770336,-0.3004283,0.15560728,0.85257983,0.0,0.0,0
89937979,-0.55568254,-0.30863726,0.1416131,0.85257983,0.0,0.0,0
89962922,-0.5316268,-0.31305936,0.12831903,0.85257983,0.0,0.0,0
89982903,-0.4824118,-0.29320166,0.09729076,0.85257983,0.0,0.0,0
90002845,-0.3876701,-0.2633039,0.033736426,0.85257983,0.0,0.0,0
90017829,-0.328345,-0.24386305,0.0050457516,0.85257983,0.0,0.0,0
90042756,-0.24787852,-0.20982012,-0.032483768,0.85257983,0.0,0.0,0
90062713,-0.25628003,-0.2027704,-0.028276507,0.85257983,0.0,0.0,0
90077698,-0.289981,-0.2138844,-0.011131421,0.85257983,0.0,0.0,0
90102654,-0.3354159,-0.23295252,0.011868119,0.85257983,0.0,0.0,0
90122716,-0.3624093,-0.22926208,0.026668783,0.85257983,0.0,0.0,0
90142564,-0.37978068,-0.23151079,0.036187902,0.85257983,0.0,0.0,0
90157545,-0.3766115,-0.24765223,0.033597264,0.85257983,0.0,0.0,0
90182475,-0.3418256,-0.28435683,0.014567492,0.85257983,0.0,0.0,0
90202426,-0.34581533,-0.29919034,0.021825641,0.85257983,0.0,0.0,0
90217394,-0.31322306,-0.29248732,-0.0048459796,0.85257983,0.0,0.0,0
90242368,-0.20261316,-0.2550562,-0.08976241,0.85257983,0.0,0.0,0
90262308,-0.113174066,-0.22424005,-0.15671256,0.85257983,0.0,0.0,0
90282264,-0.04292281,-0.20185113,-0.20599037,0.85257983,0.0,0.0,0
90297294,-0.041712612,-0.19883636,-0.12669054,0.85257983,0.0,0.0,0
90322262,-0.11889335,-0.22503406,-0.10107919,0.85257983,0.0,0.0,0
90342128,0.13749468,-0.23451228,-0.012910698,0.0,0.0,0.0,0
90357105,0.121722154,-0.22197367,-0.010816194,0.0,0.0,0.0,0
90382061,0.15455014,-0.18712084,-0.028731478,0.5861889,0.0,0.0,0
90402005,0.15394244,-0.16655925,-0.03881801,0.5873325,0.0,0.0,0
90421964,0.14258453,-0.17007412,-0.0363575,0.5906861,0.0,0.0,0
90441929,0.14435133,-0.17345738,-0.035348434,0.59292966,0.0,0.0,0
90461878,0.17599276,-0.19178978,-0.03908138,0.5951902,0.0,0.0,0
90481851,0.2090083,-0.21171305,-0.045909964,0.59742063,0.0,0.0,0
90496835,0.21493214,-0.22411391,-0.034650143,0.59742063,0.0,0.0,0
90521822,0.23119679,-0.22962056,-0.03945184,0.6019259,0.0,0.0,0
90541728,0.2601013,-0.23569521,-0.044004988,0.60415274,0.0,0.0,0
90561687,0.29154205,-0.24588929,-0.049966257,0.6063963,0.0,0.0,0
90581641,0.31904832,-0.2601091,-0.05553281,0.6086526,0.0,0.0,0
90601595,0.35239312,-0.28078073,-0.06546666,0.61091304,0.0,0.0,0
90621558,0.38963857,-0.30225632,-0.073882885,0.613133,0.0,0.0,0
90641523,0.42440817,-0.32495037,-0.08314617,0.6153793,0.0,0.0,0
90661470,0.4568426,-0.34757957,-0.093174435,0.61762375,0.0,0.0,0
90681443,0.4890264,-0.36781204,-0.10248208,0.61987793,0.0,0.0,0
90701403,0.5249737,-0.38577142,-0.113861226,0.62212217,0.0,0.0,0
90721419,0.5623354,-0.3997231,-0.124423444,0.62437385,0.0,0.0,0
90741315,0.60132945,-0.40822917,-0.13476378,0.6266269,0.0,0.0,0
90761273,0.6368277,-0.41238204,-0.14391218,0.6288499,0.0,0.0,0
90781227,0.67154866,-0.41065598,-0.15166727,0.63109577,0.0,0.0,0
90801185,0.7085452,-0.406725,-0.18916287,0.6333439,0.0,0.0,0
90821149,0.7586793,-0.38987574,-0.19731067,0.63558984,0.0,0.0,0
90841108,0.7975243,-0.3745931,-0.20343867,0.6378477,0.0,0.0,0
90861107,0.83865833,-0.35494608,-0.20909701,0.6400822,0.0,0.0,0
90881023,0.8782899,-0.33078292,-0.21401876,0.6423538,0.0,0.0,0
90901058,0.9204521,-0.30188072,-0.21636835,0.6445745,0.0,0.0,0
90920950,0.96167535,-0.26971456,-0.2170618,0.64682126,0.0,0.0,0
90940899,0.99983543,-0.23440595,-0.21644683,0.6490636,0.0,0.0,0
90960868,1.0396334,-0.19185685,-0.21102935,0.6513065,0.0,0.0,0
90980815,1.0711912,-0.14266168,-0.20246123,0.6535555,0.0,0.0,0
91000842,1.0904588,-0.077811845,-0.17998953,0.6558106,0.0,0.0,0
91020738,1.1122221,0.00813416,-0.14485191,0.65806276,0.0,0.0,0
91040707,1.1333883,0.11574768,-0.09191003,0.6602872,0.0,0.0,0
91060659,1.1586614,0.22167589,-0.03490742,0.6625314,0.0,0.0,0
91080612,1.1793262,0.31817764,0.011549541,0.6647814,0.0,0.0,0
91100615,1.1766717,0.41496578,0.078765646,0.6670304,0.0,0.0,0
91120544,1.1096982,0.49740213,0.09521608,0.6692804,0.0,0.0,0
91140486,1.026989,0.5835499,0.09051404,0.67152107,0.0,0.0,0
91160454,0.92326516,0.66766745,0.07629342,0.6737895,0.0,0.0,0
91180407,0.83034074,0.74129635,0.054483756,0.676026,0.0,0.0,0
91200361,0.75529706,0.81083,0.011976029,0.6782507,0.0,0.0,0
91220326,0.70867044,0.87786245,0.009691557,0.6804984,0.0,0.0,0
91240291,0.67095196,0.91314006,0.0072630793,0.6827429,0.0,0.0,0
91260292,0.6468173,0.9358482,0.008818342,0.684989,0.0,0.0,0
91280266,0.65039337,0.954844,0.026891928,0.6872329,0.0,0.0,0
91300238,0.69744945,0.9768383,0.10196954,0.6895027,0.0,0.0,0
91320165,0.76791126,1.0013664,0.15374844,0.6917307,0.0,0.0,0
91340129,0.82881546,1.0349103,0.20314988,0.6939712,0.0,0.0,0
91360047,0.8727596,1.0471976,0.23671447,0.69621146,0.0,0.0,0
91380007,0.88188905,1.0471976,0.25156164,0.69845754,0.0,0.0,0
91400001,0.87267447,1.0471976,0.25506574,0.7007109,0.0,0.0,0
91419919,0.8311081,1.0471976,0.22395872,0.7029484,0.0,0.0,0
91439883,0.75004464,1.0471976,0.1710758,0.7052153,0.0,0.0,0
91459831,0.6691347,1.0471976,0.12029927,0.70744246,0.0,0.0,0
91479795,0.6106115,1.0471976,0.07728257,0.70969856,0.0,0.0,0
91499804,0.570409,1.0471976,0.07546946,0.7119382,0.0,0.0,0
91519719,0.5432756,1.0471976,0.054402687,0.7141828,0.0,0.0,0
91539758,0.5300077,1.0471976,0.0409561,0.71642625,0.0,0.0,0
91559634,0.52249646,1.0404407,0.030961404,0.71866614,0.0,0.0,0
91579593,0.56575924,1.0004601,0.052921183,0.7209324,0.0,0.0,0
91599560,0.6402469,0.98200655,0.07712119,0.7231566,0.0,0.0,0
91619505,0.6875966,0.9799389,0.1038663,0.7254034,0.0,0.0,0
91639476,0.73982257,0.9799502,0.12955777,0.7276566,0.0,0.0,0
91659428,0.7795106,0.9762445,0.13906787,0.72989875,0.0,0.0,0
91684381,0.7615137,0.9683915,0.11791581,0.73214954,0.0,0.0,0
91699520,0.71504515,0.95017314,0.0337465,0.73438877,0.0,0.0,0
91719310,0.6478571,0.91435355,-0.02073637,0.7366501,0.0,0.0,0
91739278,0.5803621,0.88415563,-0.062512696,0.73887426,0.0,0.0,0
91759240,0.5303016,0.8721231,-0.09556547,0.74112326,0.0,0.0,0
91779204,0.50720835,0.8591009,-0.08859145,0.7433644,0.0,0.0,0
91799168,0.48587772,0.8162413,-0.035074826,0.74561787,0.0,0.0,0
91824118,0.4555314,0.73580605,-0.034079783,0.747859,0.0,0.0,0
91839058,0.42846778,0.6992816,-0.030663282,0.7501045,0.0,0.0,0
91859014,0.47306463,0.6707058,-0.043695945,0.752377,0.0,0.0,0
91883995,0.57080734,0.67567587,-0.048989218,0.75459725,0.0,0.0,0
91899072,0.6032612,0.69393814,-0.05644028,0.7568432,0.0,0.0,0
91918900,0.63942903,0.708976,-0.04798596,0.7590858,0.0,0.0,0
91938858,0.63579303,0.714881,-0.052368723,0.7613531,0.0,0.0,0
91963844,0.58963025,0.69088787,-0.07751002,0.76358575,0.0,0.0,0
91978776,0.5457205,0.6586978,-0.075162776,0.7658226,0.0,0.0,0
91998760,0.46916714,0.62421525,-0.07705689,0.7680639,0.0,0.0,0
92023688,0.38811082,0.62488323,-0.036981612,0.7703321,0.0,0.0,0
92038672,0.35825095,0.62843764,-0.022744419,0.77255917,0.0,0.0,0
92058599,0.33987698,0.61572963,-0.0122599,0.77480096,0.0,0.0,0
92083572,0.30732447,0.56261694,0.0030791427,0.777052,0.0,0.0,0
92098679,0.27010366,0.53345484,0.010395807,0.77929986,0.0,0.0,0
92118480,0.29072353,0.5222752,0.0021261247,0.7815441,0.0,0.0,0
92138436,0.3445781,0.54420775,-0.0123475585,0.783803,0.0,0.0,0
92163384,0.41068703,0.5922501,-0.028401595,0.7860305,0.0,0.0,0
92178353,0.45033368,0.62365955,-0.035770353,0.78827316,0.0,0.0,0
92198326,0.4762502,0.6384839,-0.044283006,0.79051834,0.0,0.0,0
92223260,0.4602201,0.62050354,-0.03957972,0.792766,0.0,0.0,0
92243225,0.42103004,0.5748393,-0.03032377,0.7950362,0.0,0.0,0
92258191,0.38876486,0.53889555,-0.021798154,0.79725707,0.0,0.0,0
92278161,0.3404394,0.5165367,-0.0070830863,0.7995336,0.0,0.0,0
92303128,0.30048618,0.49534813,0.0069088317,0.801763,0.0,0.0,0
92318072,0.30226678,0.45961937,0.00853543,0.80398935,0.0,0.0,0
92338032,0.28814632,0.3980953,0.016323317,0.80625767,0.0,0.0,0
92363012,0.25314623,0.340337,0.03012713,0.8084865,0.0,0.0,0
92382933,0.27785414,0.3346867,0.0146717755,0.8107345,0.0,0.0,0
92397909,0.31375152,0.34956443,-0.0024583796,0.8129711,0.0,0.0,0
92422852,0.35357746,0.37750736,-0.014703862,0.81524384,0.0,0.0,0
92442820,0.37018245,0.3867013,-0.017756268,0.81749606,0.0,0.0,0
92457781,0.3742017,0.38477188,-0.01868154,0.81971085,0.0,0.0,0
92477766,0.33054715,0.34597865,-0.0052738003,0.82195824,0.0,0.0,0
92502735,0.23490453,0.2833885,0.04488247,0.8242211,0.0,0.0,0
92522651,0.17123349,0.25617847,0.08096872,0.8264436,0.0,0.0,0
92537615,0.1310582,0.24404776,0.104149856,0.8287157,0.0,0.0,0
92562572,0.089970045,0.22013484,0.12821041,0.83096117,0.0,0.0,0
92582535,0.06214832,0.17464444,0.14444645,0.83318037,0.0,0.0,0
92597493,0.030738665,0.13687558,0.0786366,0.8354323,0.0,0.0,0
92622452,0.07505498,0.10628567,0.07283634,0.83767056,0.0,0.0,0
92642424,0.12802786,0.148577,0.05145871,0.83992,0.0,0.0,0
92662371,0.16864486,0.20457764,0.035401106,0.84216523,0.0,0.0,0
92677338,0.19424161,0.23622446,0.02854601,0.84441805,0.0,0.0,0
92702289,0.20217973,0.2496804,0.02806305,0.84668684,0.0,0.0,0
92722238,0.16054703,0.21857196,0.041234925,0.84889746,0.0,0.0,0
92737236,0.10438059,0.17633481,0.06113022,0.85,0.0,0.0,0
92762177,0.0017822497,0.13286614,0.09563615,0.8477444,0.0,0.0,0
92782114,-0.05368156,0.110686876,0.11263099,0.84550476,0.0,0.0,0
92802091,-0.07637288,0.070217766,0.11337369,0.84326386,0.0,0.0,0
92822032,-0.09603091,0.0014933766,0.116451375,0.8410193,0.0,0.0,0
92841989,-0.123598106,-0.07341873,0.12278371,0.83875275,0.0,0.0,0
92861953,-0.1235753,-0.12831293,0.12284343,0.8365248,0.0,0.0,0
92876967,-0.08485883,-0.12856047,0.117523916,0.83427995,0.0,0.0,0
92901865,-0.014014549,-0.123878784,0.105272196,0.83202523,0.0,0.0,0
92921830,0.03251382,-0.12657009,0.08839576,0.8297832,0.0,0.0,0
92941795,0.03243049,-0.14751197,0.088810146,0.8275412,0.0,0.0,0
92961749,-0.027098408,-0.18713835,0.11546317,0.8252977,0.0,0.0,0
92981703,-0.11430601,-0.22953868,0.13456386,0.8230342,0.0,0.0,0
93001670,-0.18716797,-0.24529544,0.1283209,0.8208122,0.0,0.0,0
93021624,-0.24052785,-0.23917553,0.12705524,0.8185603,0.0,0.0,0
93041579,-0.27779195,-0.24069187,0.12532052,0.8163212,0.0,0.0,0
93061601,-0.3083305,-0.27323228,0.1283521,0.81405836,0.0,0.0,0
93081545,-0.3330087,-0.31282547,0.13579267,0.81180996,0.0,0.0,0
93101453,-0.35204276,-0.33577493,0.17939353,0.8095784,0.0,0.0,0
93121419,-0.29359186,-0.32117698,0.16519958,0.80731875,0.0,0.0,0
93141369,-0.23017704,-0.2762766,0.14626099,0.80509317,0.0,0.0,0
93161338,-0.1842531,-0.23633343,0.13683832,0.80284935,0.0,0.0,0
93181315,-0.15325318,-0.2110693,0.12931155,0.800603,0.0,0.0,0
93201299,-0.14634906,-0.206222,0.10146073,0.79835486,0.0,0.0,0
93221208,-0.19502844,-0.21123135,0.1043364,0.7961122,0.0,0.0,0
93241164,-0.2593684,-0.20924498,0.107426435,0.7938606,0.0,0.0,0
93261151,-0.31583336,-0.18581086,0.104378864,0.7915952,0.0,0.0,0
93281238,-0.34536996,-0.16491522,0.09635507,0.7893728,0.0,0.0,0
93301042,-0.35185695,-0.17527613,0.108576685,0.78712755,0.0,0.0,0
93321005,-0.35992682,-0.20220539,0.109128706,0.7848807,0.0,0.0,0
93340957,-0.35745284,-0.22287019,0.11174961,0.7826351,0.0,0.0,0
93360930,-0.32183626,-0.20642306,0.09994662,0.78039163,0.0,0.0,0
93380874,-0.25131366,-0.16886671,0.09040383,0.7781502,0.0,0.0,0
93400841,-0.19367865,-0.12936808,0.055189412,0.77587694,0.0,0.0,0
93420799,-0.14186114,-0.099491775,0.050914235,0.77365655,0.0,0.0,0
93440774,-0.1309655,-0.07744635,0.04909908,0.772254,0.0,0.0,0
93460766,-0.15045756,-0.07240507,0.04794293,0.7713953,0.0,0.0,0
93480800,-0.18934517,-0.1012055,0.05198478,0.7700625,0.0,0.0,0
93500643,-0.22757173,-0.13278016,0.063892804,0.76790273,0.0,0.0,0
93520594,-0.26500145,-0.15156052,0.06580556,0.7674512,0.0,0.0,0
93540553,-0.28621876,-0.18202552,0.068369366,0.7658373,0.0,0.0,0
93560526,-0.2950406,-0.23716742,0.073768176,0.76360846,0.0,0.0,0
93580475,-0.31316876,-0.3055025,0.082482114,0.7613705,0.0,0.0,0
93600493,-0.32941175,-0.35930255,0.08257795,0.7591118,0.0,0.0,0
93620386,-0.30849484,-0.36849186,0.078314446,0.7568803,0.0,0.0,0
93640343,-0.2644959,-0.35072142,0.07043217,0.7546343,0.0,0.0,0
93660324,-0.23186044,-0.33196074,0.06374653,0.7523849,0.0,0.0,0
93680366,-0.21473934,-0.32256088,0.0599854,0.7501169,0.0,0.0,0
93700260,-0.19827272,-0.31609952,0.0575208,0.7478985,0.0,0.0,0
93720246,-0.20573173,-0.32912448,0.060225338,0.74564445,0.0,0.0,0
93740216,-0.23847112,-0.3636975,0.06773499,0.743852,0.0,0.0,0
93760149,-0.26206195,-0.38861775,0.073512584,0.74217093,0.0,0.0,0
93780073,-0.2855127,-0.39189833,0.07689727,0.73994863,0.0,0.0,0
93800022,-0.30919698,-0.3904303,0.086115144,0.7377018,0.0,0.0,0
93819981,-0.3185036,-0.40750587,0.0861408,0.7354331,0.0,0.0,0
93839939,-0.3296413,-0.44332886,0.090260535,0.73440844,0.0,0.0,0
93859927,-0.3514331,-0.48260677,0.097643435,0.73417467,0.0,0.0,0
93879970,-0.3597109,-0.49324828,0.100741886,0.73480654,0.0,0.0,0
93899811,-0.33151782,-0.4605087,0.10446872,0.73644847,0.0,0.0,0
93919775,-0.2967753,-0.408231,0.09084155,0.7386941,0.0,0.0,0
93939735,-0.25998813,-0.35478452,0.078364685,0.7409434,0.0,0.0,0
93959710,-0.20778264,-0.31053582,0.06337481,0.743207,0.0,0.0,0
93979663,-0.21598437,-0.27213803,0.062378272,0.7454301,0.0,0.0,0
93999656,-0.2536908,-0.25358832,0.04855582,0.7476854,0.0,0.0,0
94014579,-0.26287457,-0.25880197,0.049305104,0.7499232,0.0,0.0,0
94037025,-0.2905949,-0.2490391,0.04981955,0.75273484,0.0,0.0,0
94064528,-0.33665293,-0.20315461,0.045197677,0.75498474,0.0,0.0,0
94079498,-0.35818264,-0.19448243,0.040787946,0.75666255,0.0,0.0,0
94099400,-0.36896434,-0.20688565,0.045877546,0.7589259,0.0,0.0,0
94119372,-0.36832184,-0.22642437,0.04569367,0.76114833,0.0,0.0,0
94139319,-0.36636016,-0.22422679,0.044436026,0.76339495,0.0,0.0,0
94159297,-0.32976887,-0.19564989,0.034437966,0.765639,0.0,0.0,0
94179267,-0.27077064,-0.14945002,0.025145404,0.7678906,0.0,0.0,0
94204182,-0.21407726,-0.10031661,0.009100204,0.7701419,0.0,0.0,0
94219179,-0.17995451,-0.063380845,0.004975588,0.77240205,0.0,0.0,0
94239112,-0.17057899,-0.024390655,0.004862451,0.7746503,0.0,0.0,0
94264111,-0.21479486,0.0010787225,0.0021206173,0.77688,0.0,0.0,0
94279062,-0.24112152,0.005316842,0.0058944053,0.7791308,0.0,0.0,0
94299004,-0.28403056,-0.001268483,0.005540521,0.78135854,0.0,0.0,0
94318969,-0.33149227,0.0052814092,0.00016260384,0.78360796,0.0,0.0,0
94343895,-0.38171434,0.0096796,0.0047598784,0.78585774,0.0,0.0,0
94358875,-0.39803848,-0.015471381,0.01673889,0.7881254,0.0,0.0,0
94378837,-0.3965754,-0.057048615,0.025753252,0.79036653,0.0,0.0,0
94403771,-0.3886865,-0.07233303,0.02437194,0.79258764,0.0,0.0,0
94418763,-0.36590153,-0.05118879,0.02233491,0.79482996,0.0,0.0,0
94438731,-0.30106822,-0.016140271,0.017222427,0.7971094,0.0,0.0,0
94458737,-0.2517135,0.01576306,0.02050445,0.7993356,0.0,0.0,0
94483601,-0.18915597,0.053071506,0.018781539,0.8015873,0.0,0.0,0
94498584,-0.20136711,0.074366115,0.023003994,0.8038121,0.0,0.0,0
94518544,-0.25008237,0.083304994,0.022669306,0.8060739,0.0,0.0,0
94543480,-0.30775803,0.061184045,0.01578693,0.8083232,0.0,0.0,0
94558461,-0.35472164,0.043562323,0.023636216,0.8105488,0.0,0.0,0
94578420,-0.39264715,0.03658449,0.025905706,0.81279707,0.0,0.0,0
94603386,-0.4202476,0.016863167,0.03785694,0.81504256,0.0,0.0,0
94623314,-0.4232333,-0.023293152,0.05149535,0.8173049,0.0,0.0,0
94638331,-0.40725008,-0.06142294,0.058364384,0.8195329,0.0,0.0,0
94658290,-0.4103409,-0.055416,0.055564623,0.82177985,0.0,0.0,0
94683191,-0.36270383,-0.020181099,0.053506263,0.8240381,0.0,0.0,0
94698166,-0.30872703,0.013638844,0.053736426,0.8262838,0.0,0.0,0
94718127,-0.24390408,0.054609705,0.054007307,0.8285085,0.0,0.0,0
94743097,-0.18365283,0.08936183,0.04623247,0.8307589,0.0,0.0,0
94763031,-0.1886371,0.10352464,0.050902855,0.8330002,0.0,0.0,0
94778016,-0.20900157,0.099720955,0.04630519,0.8352464,0.0,0.0,0
94802952,-0.21532606,0.06857266,0.039864708,0.8374897,0.0,0.0,0
94822933,-0.22633483,0.06168535,0.037865132,0.83973545,0.0,0.0,0
94837886,-0.2490215,0.04812648,0.042596966,0.842014,0.0,0.0,0
94857873,-0.26650962,0.016159503,0.0475994,0.8442373,0.0,0.0,0
94882787,-0.26687643,-0.034440704,0.051792398,0.8464836,0.0,0.0,0
94902750,-0.2806849,-0.044405393,0.051408924,0.84871995,0.0,0.0,0
94917724,-0.26986274,-0.016967105,0.049970377,0.85,0.0,0.0,0
94942676,-0.21075179,0.03384068,0.048935585,0.85,0.0,0.0,0
94962624,-0.17703263,0.07426918,0.039918292,0.85,0.0,0.0,0
94977586,-0.13357902,0.10677823,0.019287294,0.85,0.0,0.0,0
95002577,-0.14771035,0.1246427,0.024912573,0.85,0.0,0.0,0
95022518,-0.19514616,0.12086755,0.03778878,0.85,0.0,0.0,0
95042468,-0.203847,0.087248325,0.03317261,0.85,0.0,0.0,0
95057468,-0.21360391,0.069719225,0.03006253,0.85,0.0,0.0,0
95082384,-0.24667361,0.04989706,0.035576377,0.85,0.0,0.0,0
95102345,-0.25014475,0.0023035952,0.035119265,0.85,0.0,0.0,0
95117301,-0.25339863,-0.045704134,0.039296366,0.85,0.0,0.0,0
95142276,-0.26033247,-0.08873493,0.04121863,0.85,0.0,0.0,0
95162208,-0.23690872,-0.07575066,0.041301962,0.85,0.0,0.0,0
95182162,-0.17996444,-0.055246435,0.032917257,0.85,0.0,0.0,0
95197136,-0.14344126,-0.037180535,0.018245889,0.85,0.0,0.0,0
95222080,-0.10324893,-0.022830503,0.0037330145,0.85,0.0,0.0,0
95242058,-0.12540792,-0.0349714,0.017895821,0.85,0.0,0.0,0
95257180,-0.16726553,-0.069474496,0.037249,0.85,0.0,0.0,0
95281959,-0.21012293,-0.12056018,0.040376943,0.85,0.0,0.0,0
95301950,-0.2449338,-0.12862603,0.03959831,0.8477443,0.0,0.0,0
95321880,-0.27407816,-0.13642673,0.044793285,0.845485,0.0,0.0,0
95341834,-0.28730318,-0.1685402,0.05218736,0.84324026,0.0,0.0,0
95361835,-0.28043693,-0.20812161,0.053297948,0.84101635,0.0,0.0,0
95381755,-0.28324944,-0.22861925,0.056504466,0.83877176,0.0,0.0,0
95396729,-0.2580611,-0.2239164,0.057721745,0.83877176,0.0,0.0,0
95421672,-0.19730629,-0.16714777,0.04219303,0.8342794,0.0,0.0,0
95441674,-0.13143122,-0.13230309,0.013221344,0.8320033,0.0,0.0,0
95461664,-0.09841589,-0.10102846,0.002678222,0.8297542,0.0,0.0,0
95481556,-0.13807046,-0.088528186,0.024625175,0.8275452,0.0,0.0,0
95501518,-0.20633592,-0.10852372,0.046363678,0.8283251,0.0,0.0,0
95521473,-0.257123,-0.12029957,0.04998053,0.82856375,0.0,0.0,0
95541428,-0.3048161,-0.10913832,0.051913742,0.8274443,0.0,0.0,0
95561387,-0.34125963,-0.10227338,0.060133234,0.8252322,0.0,0.0,0
95581386,-0.34775028,-0.1225063,0.06913574,0.82298815,0.0,0.0,0
95601305,-0.32236513,-0.15519843,0.06236276,0.82072186,0.0,0.0,0
95621274,-0.32647538,-0.16123103,0.062410332,0.8185009,0.0,0.0,0
95641232,-0.29069138,-0.12699041,0.06044664,0.8162519,0.0,0.0,0
95661220,-0.23021473,-0.082323775,0.04824773,0.8139955,0.0,0.0,0
95681140,-0.14829004,-0.04671774,0.009526703,0.81245303,0.0,0.0,0
95701095,-0.072325915,-0.01044225,-0.04432383,0.81470686,0.0,0.0,0
95721111,-0.08161683,0.013000976,-0.01968307,0.81695056,0.0,0.0,0
95741013,-0.13249898,0.008050871,0.027924161,0.8192334,0.0,0.0,0
95760979,-0.18332665,-0.022938361,0.06724057,0.8214346,0.0,0.0,0
95780940,-0.21931368,-0.032311425,0.092618555,0.8236839,0.0,0.0,0
95800890,-0.23197354,-0.04057471,0.04575737,0.8259258,0.0,0.0,0
95820850,-0.20626558,-0.07445252,0.046513665,0.82817334,0.0,0.0,0
95840877,-0.17726824,-0.12535664,0.035071228,0.8304545,0.0,0.0,0
95860858,-0.15883587,-0.15564494,0.030130286,0.8326753,0.0,0.0,0
95880735,-0.14560024,-0.14726332,0.021636484,0.8349295,0.0,0.0,0
95900683,-0.091419555,-0.113580555,-0.005291018,0.83715296,0.0,0.0,0
95920649,-0.01732155,-0.077726126,-0.042838756,0.8393988,0.0,0.0,0
95940610,0.046746425,-0.037187297,-0.060464233,0.8416657,0.0,0.0,0
95960567,0.055274814,-0.012957855,-0.0551723,0.8438999,0.0,0.0,0
95980551,0.03672205,-0.019533666,-0.047415808,0.8461373,0.0,0.0,0
96000481,-0.0064962464,-0.06055815,-0.029944908,0.846825,0.0,0.0,0
96020448,-0.058074474,-0.07661364,-0.0008498608,0.84723175,0.0,0.0,0
96040439,-0.11435429,-0.07889735,0.024644801,0.84617937,0.0,0.0,0
96060351,-0.1439125,-0.09344712,0.037954688,0.8440442,0.0,0.0,0
96080314,-0.15379559,-0.12768376,0.041179236,0.84180343,0.0,0.0,0
96100276,-0.15142423,-0.16194735,0.04373338,0.8396669,0.0,0.0,0
96120302,-0.14616972,-0.14313444,0.03485717,0.83877236,0.0,0.0,0
96140225,-0.091543816,-0.0923683,0.0027917363,0.83936214,0.0,0.0,0
96160192,-0.022153854,-0.035702907,-0.037302773,0.8409575,0.0,0.0,0
96180149,0.044956896,0.022415508,-0.057311073,0.84296775,0.0,0.0,0
96200111,0.057242554,0.066692516,-0.052619487,0.84523404,0.0,0.0,0
96220030,0.033977695,0.08078061,-0.045823064,0.84746426,0.0,0.0,0
96240026,-0.025141532,0.062315006,-0.015148133,0.8493741,0.0,0.0,0
96259979,-0.09246102,0.054164167,0.017200587,0.84995383,0.0,0.0,0
96279923,-0.14695741,0.058187924,0.038609236,0.8489817,0.0,0.0,0
96299867,-0.16425978,0.0422567,0.032859847,0.84711033,0.0,0.0,0
96319826,-0.15464146,0.004263484,0.032061514,0.84488857,0.0,0.0,0
96339786,-0.137573,-0.03203019,0.027656691,0.8426413,0.0,0.0,0
96359756,-0.11751414,-0.02578225,0.015174816,0.840392,0.0,0.0,0
96379702,-0.04435948,0.009564088,-0.017540945,0.8381519,0.0,0.0,0
96399687,0.041192923,0.044831187,-0.041275565,0.8359073,0.0,0.0,0
96419694,0.105814554,0.07408245,-0.037699297,0.8336512,0.0,0.0,0
96439624,0.116324164,0.08864607,-0.034421027,0.831369,0.0,0.0,0
96459544,0.09691003,0.07548002,-0.029198753,0.8291693,0.0,0.0,0
96479506,0.05236933,0.025177604,-0.02654714,0.82692546,0.0,0.0,0
96499456,0.0024450065,-0.008276313,-0.022131978,0.82467985,0.0,0.0,0
96519417,-0.047339194,-0.030131318,-0.0023435024,0.8224339,0.0,0.0,0
96539374,-0.07228372,-0.062370628,0.0066148224,0.8201892,0.0,0.0,0
96559377,-0.0778956,-0.12021101,0.008274586,0.8179393,0.0,0.0,0
96584272,-0.092541784,-0.19085543,0.015444271,0.8156771,0.0,0.0,0
96599267,-0.08655795,-0.19956946,0.012007489,0.81345075,0.0,0.0,0
96619248,-0.019416846,-0.18509723,-0.024892205,0.81120235,0.0,0.0,0
96639340,0.048722975,-0.15752956,-0.049317937,0.8089541,0.0,0.0,0
96659165,0.09679753,-0.13799259,-0.048748612,0.8067175,0.0,0.0,0
96679088,0.114703946,-0.12618431,-0.04506135,0.8044708,0.0,0.0,0
96699136,0.100674465,-0.13951345,-0.03118062,0.8022182,0.0,0.0,0
96723996,0.047532175,-0.17851646,-0.022598205,0.79996055,0.0,0.0,0
96738964,0.024449226,-0.19715859,-0.016870866,0.7977371,0.0,0.0,0
96758921,-0.012664386,-0.19838454,-0.0030635672,0.79548585,0.0,0.0,0
96783867,-0.043903925,-0.20181163,0.009573879,0.79324585,0.0,0.0,0
96798847,-0.047675967,-0.2312083,0.011419507,0.7909782,0.0,0.0,0
96818818,-0.06422781,-0.27821857,0.012410649,0.7887425,0.0,0.0,0
96838946,-0.08260185,-0.31626475,0.015977807,0.78650135,0.0,0.0,0
96858725,-0.061394084,-0.305067,0.015050668,0.7842609,0.0,0.0,0
96878702,-0.0077523915,-0.2701599,-0.011769285,0.78201115,0.0,0.0,0
96898642,0.051853187,-0.23222806,-0.020979896,0.7797733,0.0,0.0,0
96923581,0.09524132,-0.20337833,-0.024400305,0.77752733,0.0,0.0,0
96938563,0.094656736,-0.18932456,-0.01909966,0.77528113,0.0,0.0,0
96958530,0.08619686,-0.20258945,-0.015320252,0.77303135,0.0,0.0,0
96983454,0.050966725,-0.23726593,-0.006573332,0.77078956,0.0,0.0,0
97003454,0.022186114,-0.24361636,-0.0047307676,0.768519,0.0,0.0,0
97018388,-4.7066137e-06,-0.24362256,0.0060922876,0.76629454,0.0,0.0,0
97038461,-0.01307057,-0.24584864,0.010161453,0.76405096,0.0,0.0,0
97063287,-0.019653993,-0.27669084,0.01124697,0.7618102,0.0,0.0,0
97078268,-0.028766727,-0.31137562,0.013008345,0.7595656,0.0,0.0,0
97098246,-0.037848353,-0.32841322,0.013581702,0.757313,0.0,0.0,0
97123169,-0.0012863087,-0.31664523,0.005031365,0.7550735,0.0,0.0,0
97143139,0.046579544,-0.28492886,-0.006829739,0.75280595,0.0,0.0,0
97158087,0.07649897,-0.25751,-0.009486312,0.7505804,0.0,0.0,0
97183050,0.101067126,-0.23367825,-0.011387802,0.7483391,0.0,0.0,0
97202995,0.103588685,-0.21932143,-0.013846063,0.7460939,0.0,0.0,0
97217982,0.09550987,-0.2200851,-0.014680909,0.7438359,0.0,0.0,0
97238066,0.06814976,-0.25200477,-0.016304264,0.7415802,0.0,0.0,0
97262893,0.006880956,-0.26387435,0.013021174,0.7393555,0.0,0.0,0
97282835,-0.031874068,-0.25876477,0.024030283,0.73708266,0.0,0.0,0
97297799,-0.04597513,-0.25863564,0.052645095,0.7348662,0.0,0.0,0
97322751,-0.08185007,-0.27690592,0.052967977,0.7371119,0.0,0.0,0
97342718,-0.102037646,-0.31291285,0.056930605,0.7393835,0.0,0.0,0
97357680,-0.1082248,-0.33854562,0.053095583,0.74160576,0.0,0.0,0
97377678,-0.07649765,-0.33710364,0.044312354,0.74385184,0.0,0.0,0
97402596,0.007613778,-0.31017607,0.0075355927,0.746096,0.0,0.0,0
97422614,0.0743494,-0.26934722,-0.019788498,0.74836516,0.0,0.0,0
97437586,0.09413243,-0.23269086,-0.021146154,0.7506214,0.0,0.0,0
97462466,0.09924706,-0.18677893,-0.02233177,0.75283235,0.0,0.0,0
97482433,0.06837291,-0.14801143,-0.01794111,0.75507516,0.0,0.0,0
97497389,0.011975821,-0.12707186,0.018815104,0.7573228,0.0,0.0,0
97522345,-0.06817326,-0.114462264,0.0352798,0.7595661,0.0,0.0,0
97542380,-0.119268455,-0.087182514,0.040357646,0.7618465,0.0,0.0,0
97562271,-0.16617522,-0.051976617,0.034158926,0.7640766,0.0,0.0,0
97577227,-0.184935,-0.0427114,0.029174717,0.7663041,0.0,0.0,0
97602177,-0.18747948,-0.045805283,0.025566882,0.76854855,0.0,0.0,0
97622173,-0.17818178,-0.044871815,0.023385314,0.7708026,0.0,0.0,0
97637139,-0.16638583,-0.017357068,0.017809711,0.77307177,0.0,0.0,0
97662071,-0.11144849,0.043742754,0.014960807,0.77528846,0.0,0.0,0
97682011,-0.04839281,0.10274333,0.008139627,0.777537,0.0,0.0,0
97701968,0.007946079,0.15919107,0.00069368334,0.77979857,0.0,0.0,0
97721932,0.056906164,0.21337216,-0.0007548215,0.78201896,0.0,0.0,0
97741891,0.039414033,0.2556607,-0.0036295762,0.7842935,0.0,0.0,0
97761848,0.010479525,0.2785814,0.0035084204,0.7865094,0.0,0.0,0
97776810,-0.014355162,0.28217912,0.009382061,0.7887584,0.0,0.0,0
97801783,-0.06327807,0.2725429,0.004477644,0.7910174,0.0,0.0,0
97821766,-0.09806634,0.26327637,0.0010842802,0.79325986,0.0,0.0,0
97841687,-0.11856873,0.23212636,0.0007526236,0.79554296,0.0,0.0,0
97861646,-0.12952167,0.17518154,0.00071084034,0.797743,0.0,0.0,0
97881594,-0.14028312,0.12630743,0.0016223234,0.79998225,0.0,0.0,0
97901557,-0.13685416,0.11235281,0.0013337125,0.8022295,0.0,0.0,0
97921539,-0.09475412,0.11731348,0.0023747492,0.804476,0.0,0.0,0
97941508,-0.03573656,0.13317542,0.0007958129,0.8067503,0.0,0.0,0
97961434,0.023711637,0.14394125,-0.0017477983,0.80896854,0.0,0.0,0
97981401,0.05043475,0.14589097,-0.0015234832,0.81123483,0.0,0.0,0
98001347,0.029743787,0.13272046,-0.0063386993,0.81345534,0.0,0.0,0
98021348,-0.019765856,0.08140638,0.010321926,0.8157083,0.0,0.0,0
98041291,-0.07026895,0.04106943,0.010678846,0.81797415,0.0,0.0,0
98061236,-0.11801802,0.029305333,0.013068547,0.82019234,0.0,0.0,0
98081239,-0.15277682,0.025125584,0.009990619,0.82244045,0.0,0.0,0
98101145,-0.15796359,0.0009899475,0.010091539,0.82468146,0.0,0.0,0
98121102,-0.16660227,-0.04120902,0.012643943,0.8269467,0.0,0.0,0
98141064,-0.17871512,-0.0786963,0.016623171,0.8291764,0.0,0.0,0
98161025,-0.1607453,-0.07260656,0.012856407,0.8314164,0.0,0.0,0
98180977,-0.11141197,-0.03248053,0.0074300137,0.83368903,0.0,0.0,0
98200955,-0.055900354,0.009095851,0.000102924656,0.8359227,0.0,0.0,0
98221084,0.008045745,0.04551034,-0.00018682906,0.83816135,0.0,0.0,0
98240862,-0.0045491764,0.06827419,0.001403858,0.84042776,0.0,0.0,0
98260815,-0.016272759,0.05986618,0.005377603,0.8426684,0.0,0.0,0
98280787,-0.017704494,0.03333559,0.00915389,0.84488994,0.0,0.0,0
98300749,-0.021483598,0.025696114,0.026732588,0.84713453,0.0,0.0,0
98320696,-0.054255355,0.024295079,0.027461236,0.8493843,0.0,0.0,0
98340663,-0.06917037,0.002747066,0.033189554,0.85,0.0,0.0,0
98360615,-0.07425426,-0.03825926,0.030677935,0.85,0.0,0.0,0
98380574,-0.08197592,-0.061585914,0.035395443,0.85,0.0,0.0,0
98400548,-0.070870034,-0.03683121,0.02583636,0.85,0.0,0.0,0
98420612,-0.017898133,0.012145345,0.027041504,0.85,0.0,0.0,0
98440449,0.040798407,0.052777313,-0.014041021,0.85,0.0,0.0,0
98460408,0.09468434,0.090818584,-0.014525033,0.85,0.0,0.0,0
98480379,0.08776858,0.121649064,-0.021041881,0.85,0.0,0.0,0
98500319,0.061235104,0.13257295,-0.012684495,0.85,0.0,0.0,0
98520283,0.0008207467,0.13006403,0.028468544,0.85,0.0,0.0,0
98540276,-0.043065187,0.13056144,0.038158435,0.85,0.0,0.0,0
98560254,-0.06440062,0.14136006,0.03691769,0.85,0.0,0.0,0
98580211,-0.06579935,0.13084668,0.0374948,0.85,0.0,0.0,0
98600170,-0.04693367,0.10051387,0.014981134,0.85,0.0,0.0,0
98620251,-0.021216193,0.080532335,0.02064517,0.85,0.0,0.0,0
98640039,-0.0032176324,0.116778806,0.01449276,0.85,0.0,0.0,0
98659997,0.047238294,0.17960025,-0.0081248935,0.85,0.0,0.0,0
98679963,0.093276806,0.23106772,0.0009860187,0.85,0.0,0.0,0
98699911,0.13694324,0.27847207,0.0038030942,0.85,0.0,0.0,0
98719869,0.109522596,0.3104813,-0.0047491207,0.85,0.0,0.0,0
98739830,0.04823438,0.31833333,-0.008301928,0.85,0.0,0.0,0
98759789,-0.025390942,0.2932576,0.019528082,0.85,0.0,0.0,0
98779783,-0.08151485,0.27415812,0.012792981,0.85,0.0,0.0,0
98799722,-0.112132445,0.25685588,0.0031717375,0.85,0.0,0.0,0
98824682,-0.1000428,0.20297721,0.0048699602,0.85,0.0,0.0,0
98839654,-0.085555546,0.14989448,0.0043975087,0.85,0.0,0.0,0
98859588,-0.057890173,0.10137227,0.010370733,0.85,0.0,0.0,0
98879546,-0.014124002,0.10308195,0.006832984,0.85,0.0,0.0,0
98899503,0.07869984,0.13107824,-0.00086796883,0.85,0.0,0.0,0
98919516,0.14505292,0.1570818,0.008123415,0.85,0.0,0.0,0
98939415,0.19284426,0.1744442,0.01329857,0.85,0.0,0.0,0
98964360,0.19233468,0.16438352,0.0077661118,0.85,0.0,0.0,0
98979347,0.17789279,0.12701996,-0.00090141554,0.85,0.0,0.0,0
98999326,0.15187004,0.06288774,-0.012933177,0.85,0.0,0.0,0
99019300,0.1326277,0.018957032,-0.021061137,0.85,0.0,0.0,0
99039239,0.123448126,-0.01621153,-0.02712974,0.85,0.0,0.0,0
99059223,0.12531833,-0.073391125,-0.026374483,0.85,0.0,0.0,0
99079154,0.12338721,-0.14394854,-0.024742035,0.85,0.0,0.0,0
99104066,0.12051148,-0.21646132,-0.024690306,0.85,0.0,0.0,0
99119049,0.14551616,-0.22465052,-0.03446137,0.85,0.0,0.0,0
99139002,0.20154649,-0.19065717,-0.037141908,0.85,0.0,0.0,0
99163953,0.25093892,-0.16297299,-0.03610526,0.85,0.0,0.0,0
99178926,0.28837952,-0.14419003,-0.0413231,0.85,0.0,0.0,0
99198953,0.29570255,-0.14822112,-0.04429849,0.85,0.0,0.0,0
99218881,0.28077623,-0.18132235,-0.04862929,0.85,0.0,0.0,0
99243785,0.24444097,-0.21804866,-0.052364506,0.85,0.0,0.0,0
99258773,0.22764866,-0.22853193,-0.054314982,0.85,0.0,0.0,0
99278745,0.19482926,-0.23339193,-0.03680987,0.85,0.0,0.0,0
99303664,0.19838905,-0.26394245,-0.05471312,0.8491539,0.0,0.0,0
99318681,0.18118104,-0.29868987,-0.04011022,0.85,0.0,0.0,0
99338590,0.14434785,-0.33311948,-0.015875636,0.85,0.0,0.0,0
99363546,0.18956141,-0.30871662,-0.055699788,0.85,0.0,0.0,0
99383495,0.2755776,-0.25186047,-0.11534329,0.85,0.0,0.0,0
99398519,0.31392708,-0.20231962,-0.057221796,0.85,0.0,0.0,0
99418429,0.32459307,-0.1569859,-0.059314847,0.85,0.0,0.0,0
99443382,0.31356648,-0.12881984,-0.06069344,0.85,0.0,0.0,0
99458388,0.2927077,-0.14052999,-0.062775746,0.85,0.0,0.0,0
99478308,0.25004286,-0.16642112,-0.042900823,0.85,0.0,0.0,0
99503244,0.19579391,-0.168779,-0.018624995,0.85,0.0,0.0,0
99523204,0.17053771,-0.1756501,-0.0063716155,0.85,0.0,0.0,0
99538177,0.16795097,-0.2051576,-0.003696347,0.85,0.0,0.0,0
99558133,0.15626156,-0.24830785,0.002414578,0.84777915,0.0,0.0,0
99583081,0.14091596,-0.28024927,0.008772049,0.84553266,0.0,0.0,0
99598115,0.15603995,-0.25449678,-0.0007503107,0.84327984,0.0,0.0,0
99618013,0.21327712,-0.20741633,-0.028800242,0.8410081,0.0,0.0,0
99642962,0.2802475,-0.16667141,-0.058510583,0.8387706,0.0,0.0,0
99662914,0.3131883,-0.13844152,-0.06894989,0.83655137,0.0,0.0,0
99677884,0.2896769,-0.12434438,-0.05503752,0.8343064,0.0,0.0,0
99702851,0.20098868,-0.14955895,-0.015778715,0.83205855,0.0,0.0,0
99722791,0.12778004,-0.17695609,0.016890712,0.8298165,0.0,0.0,0
99737829,0.085573345,-0.18927088,0.038222894,0.82787246,0.0,0.0,0
99757748,0.051000286,-0.19617239,0.053376257,0.8256229,0.0,0.0,0
99782687,0.03801041,-0.23167269,0.05939193,0.82340574,0.0,0.0,0
99802787,0.041448288,-0.27669674,0.05103208,0.82115734,0.0,0.0,0
99817601,0.044465188,-0.3090146,0.05106139,0.8189054,0.0,0.0,0
99842544,0.11135564,-0.28869072,0.020747134,0.81667215,0.0,0.0,0
99862507,0.19659036,-0.24877322,-0.014768137,0.8144254,0.0,0.0,0
99877500,0.24700671,-0.21532609,-0.036810033,0.81217587,0.0,0.0,0
99902456,0.31244984,-0.18475832,-0.06104626,0.8099108,0.0,0.0,0
99922377,0.29600695,-0.17439137,-0.05164977,0.8076904,0.0,0.0,0
99942372,0.2478176,-0.19285679,-0.030312637,0.80541915,0.0,0.0,0
99957312,0.20446816,-0.22466211,-0.009376558,0.80319875,0.0,0.0,0
99982267,0.1178842,-0.24832985,0.026671808,0.8009539,0.0,0.0,0
100002330,0.06219611,-0.25599694,0.065436766,0.79870325,0.0,0.0,0
100017186,0.03748009,-0.2792165,0.078042135,0.79645205,0.0,0.0,0
100042134,0.016448973,-0.334435,0.089594156,0.7941627,0.0,0.0,0
100062087,-0.007352585,-0.38642904,0.1013542,0.7908507,0.0,0.0,0
100082051,0.013206382,-0.38126153,0.085980855,0.78860563,0.0,0.0,0
100102015,0.10442514,-0.35066757,0.028061198,0.7863285,0.0,0.0,0
100121964,0.17221418,-0.31195566,-0.0026387053,0.7841146,0.0,0.0,0
100141926,0.22361127,-0.26607415,-0.019914133,0.7818671,0.0,0.0,0
100156900,0.24281281,-0.24854633,-0.026777335,0.7818671,0.0,0.0,0
100181861,0.22991364,-0.2170341,-0.019052103,0.77844626,0.0,0.0,0
100201905,0.19980788,-0.22921175,-0.0056153336,0.777352,0.0,0.0,0
100221766,0.15979283,-0.24163683,0.013323819,0.7789892,0.0,0.0,0
100241737,0.1255517,-0.2328914,0.032685325,0.77955484,0.0,0.0,0
100261681,0.099877976,-0.22220954,0.046136912,0.7790073,0.0,0.0,0
100281647,0.088015035,-0.23385687,0.050285924,0.77787447,0.0,0.0,0
100301643,0.06286189,-0.25959647,0.072841905,0.7786614,0.0,0.0,0
100321559,0.023886053,-0.2591932,0.0920357,0.7801947,0.0,0.0,0
100341517,0.023381162,-0.23453927,0.088687584,0.78244257,0.0,0.0,0
100361478,0.061243646,-0.18905802,0.06658324,0.7846874,0.0,0.0,0
100381447,0.12408411,-0.14706866,0.030840512,0.7869573,0.0,0.0,0
100401458,0.17726576,-0.09791001,0.005532557,0.7891933,0.0,0.0,0
100421346,0.19918242,-0.05216187,0.0008487231,0.79144055,0.0,0.0,0
100441344,0.165974,-0.018630512,0.0145914685,0.79367536,0.0,0.0,0
100461264,0.124820136,-0.014547677,0.036172666,0.7959126,0.0,0.0,0
100481239,0.09636093,-0.023581997,0.047738887,0.79815835,0.0,0.0,0
100501180,0.06963869,-0.010713759,0.06256937,0.80041003,0.0,0.0,0
100521139,0.04920121,-0.00054215436,0.07341087,0.80266935,0.0,0.0,0
100541107,0.046758372,-0.0122136865,0.07445084,0.8048955,0.0,0.0,0
100561059,0.038556382,-0.039496727,0.08045469,0.80715126,0.0,0.0,0
100581084,0.018559279,-0.03060138,0.08615734,0.8094015,0.0,0.0,0
100601024,0.041441225,-0.005988687,0.09047223,0.8116447,0.0,0.0,0
100620957,0.08767513,0.03628064,0.057175986,0.8138796,0.0,0.0,0
100640894,0.1559507,0.0724591,0.020609122,0.81612176,0.0,0.0,0
100660851,0.2153334,0.10845966,-0.012172334,0.81838727,0.0,0.0,0
100680819,0.21513934,0.14130147,-0.0032586348,0.820614,0.0,0.0,0
100700776,0.16118835,0.15657823,0.01955717,0.8228612,0.0,0.0,0
100720733,0.106574975,0.14753264,0.048007365,0.8251083,0.0,0.0,0
100740705,0.05250509,0.14553665,0.07254471,0.82735753,0.0,0.0,0
100760647,-0.0120123755,0.15751334,0.10226462,0.8295973,0.0,0.0,0
100780648,-0.061016772,0.15688924,0.12024048,0.8318435,0.0,0.0,0
100800583,-0.07539996,0.12683265,0.12874834,0.8341169,0.0,0.0,0
100820519,-0.08710301,0.10130917,0.12935118,0.8363304,0.0,0.0,0
100840547,-0.09444533,0.11581361,0.12217661,0.8385836,0.0,0.0,0
100860440,-0.049260434,0.14997585,0.11834129,0.8408202,0.0,0.0,0
100880401,0.015701547,0.18972434,0.07883202,0.8430674,0.0,0.0,0
100900357,0.07725,0.22511107,0.03747324,0.84532213,0.0,0.0,0
100920312,0.104268715,0.2516903,0.031692974,0.8475582,0.0,0.0,0
100940286,0.05267176,0.26524997,0.052425668,0.8498271,0.0,0.0,0
100960269,-0.04348524,0.25612092,0.08575684,0.85,0.0,0.0,0
100980268,-0.12432442,0.23988909,0.076085515,0.85,0.0,0.0,0
101000228,-0.1830742,0.24246547,0.06220014,0.85,0.0,0.0,0
101020156,-0.20992634,0.2359207,0.05558942,0.85,0.0,0.0,0
101040121,-0.21091804,0.2026081,0.053425703,0.85,0.0,0.0,0
101060029,-0.19015633,0.15787916,0.05852813,0.85,0.0,0.0,0
101079995,-0.18317156,0.14767638,0.056334347,0.85,0.0,0.0,0
101099953,-0.12699671,0.16713722,0.075941086,0.85,0.0,0.0,0
101119906,-0.07079754,0.19256029,0.07093597,0.85,0.0,0.0,0
101139936,0.0015587707,0.21674831,0.05488873,0.85,0.0,0.0,0
101159823,0.057802048,0.23636556,0.032546416,0.85,0.0,0.0,0
101179823,0.03440297,0.23691604,0.044696607,0.85,0.0,0.0,0
101199752,-0.03406383,0.20489584,0.07557302,0.85,0.0,0.0,0
101219701,-0.087407514,0.18093769,0.070921324,0.85,0.0,0.0,0
101239673,-0.12688944,0.18080428,0.0665251,0.85,0.0,0.0,0
101259627,-0.14862734,0.17685494,0.06276533,0.85,0.0,0.0,0
101279616,-0.15431662,0.14685273,0.06018322,0.85,0.0,0.0,0
101299537,-0.14257279,0.107673086,0.08508014,0.85,0.0,0.0,0
101319503,-0.15084504,0.11263717,0.078859106,0.85,0.0,0.0,0
101344446,-0.080132924,0.14994763,0.081736416,0.85,0.0,0.0,0
101359411,-0.03387531,0.18496615,0.07359314,0.85,0.0,0.0,0
101379416,0.033551827,0.22955734,0.04013643,0.85,0.0,0.0,0
101404339,0.06825059,0.2809506,0.013379531,0.85,0.0,0.0,0
101419296,0.05568203,0.30469087,0.017485268,0.85,0.0,0.0,0
101439285,-0.0043331045,0.29336366,0.038722068,0.85,0.0,0.0,0
101459227,-0.06820077,0.2837916,0.037591774,0.85,0.0,0.0,0
101484151,-0.11611899,0.29723433,0.031896036,0.85,0.0,0.0,0
101499146,-0.12730184,0.28583917,0.08501278,0.85,0.0,0.0,0
101519107,-0.13964632,0.25519198,0.09015831,0.85,0.0,0.0,0
101544077,-0.14457823,0.20443173,0.092317976,0.85,0.0,0.0,0
101559014,-0.14588076,0.21076018,0.08927079,0.85,0.0,0.0,0
101579147,-0.10682844,0.2323763,0.09667464,0.85,0.0,0.0,0
101598921,-0.048018284,0.26305488,0.052614015,0.85,0.0,0.0,0
101623865,0.074434645,0.2969569,0.015808899,0.85,0.0,0.0,0
101638845,0.11184474,0.32494637,0.006755793,0.85,0.0,0.0,0
101658803,0.07123579,0.34054917,0.019128803,0.85,0.0,0.0,0
101683779,0.005983425,0.31982353,0.046476375,0.85,0.0,0.0,0
101698716,-0.035022948,0.3007672,0.061320104,0.85,0.0,0.0,0
101718693,-0.060019054,0.2936294,0.06432237,0.85,0.0,0.0,0
101743625,-0.0821079,0.27309227,0.07139258,0.85,0.0,0.0,0
101763593,-0.085651465,0.22130054,0.079433,0.85,0.0,0.0,0
101778707,-0.089911975,0.17293352,0.083051346,0.85,0.0,0.0,0
101798502,-0.10122869,0.16620658,0.061144713,0.85,0.0,0.0,0
101823465,-0.040383887,0.19278672,0.06180062,0.85,0.0,0.0,0
101838426,0.01868922,0.22269842,0.045605607,0.85,0.0,0.0,0
101858385,0.076040305,0.24673939,0.029734874,0.85,0.0,0.0,0
101883324,0.084311426,0.25968942,0.028299067,0.85,0.0,0.0,0
101903281,0.04579056,0.23935704,0.05792175,0.85,0.0,0.0,0
101918268,-0.01128554,0.20166954,0.08096816,0.85,0.0,0.0,0
101938219,-0.078556806,0.15869653,0.09076914,0.85,0.0,0.0,0
101963182,-0.12233252,0.13061309,0.0881195,0.85,0.0,0.0,0
101978241,-0.12348802,0.10173776,0.09896484,0.85,0.0,0.0,0
101998092,-0.12715088,0.048876252,0.06728477,0.85,0.0,0.0,0
102023038,-0.10918943,-0.013267349,0.07187791,0.85,0.0,0.0,0
102043003,-0.098096326,-0.023604916,0.07322426,0.85,0.0,0.0,0
102058003,-0.07033415,0.0051860893,0.06853156,0.85,0.0,0.0,0
102082950,0.025159579,0.051704552,0.045945775,0.85,0.0,0.0,0
102102870,0.08539727,0.0814793,0.034953084,0.85,0.0,0.0,0
102117903,0.09844921,0.10086672,0.032547,0.85,0.0,0.0,0
102137793,0.04597941,0.08795737,0.055317894,0.85,0.0,0.0,0
102162803,-0.08629487,0.046442535,0.08860566,0.85,0.0,0.0,0
102182740,-0.17285588,0.024445895,0.080629535,0.85,0.0,0.0,0
102197678,-0.23201169,0.016891442,0.13800532,0.85,0.0,0.0,0
102222638,-0.29854193,0.009309132,0.13992739,0.85,0.0,0.0,0
102242629,-0.29278338,-0.035290908,0.14270328,0.85,0.0,0.0,0
102257552,-0.27327493,-0.07515856,0.13680401,0.85,0.0,0.0,0
102282506,-0.21985662,-0.07737274,0.12958293,0.85,0.0,0.0,0
102302476,-0.10724662,-0.04440221,0.07534898,0.85,0.0,0.0,0
102322419,-0.018556496,-0.0040698936,0.060960323,0.85,0.0,0.0,0
102337381,0.055414602,0.033491194,0.03251375,0.85,0.0,0.0,0
102362379,0.11053212,0.0763088,0.01419487,0.85,0.0,0.0,0
102382347,0.0580987,0.09612458,0.032527983,0.85,0.0,0.0,0
102397257,-0.0145943845,0.08978853,0.0514097,0.85,0.0,0.0,0
102422207,-0.10078236,0.07632262,0.04923521,0.85,0.0,0.0,0
102442174,-0.13789019,0.07580024,0.04704601,0.85,0.0,0.0,0
102462138,-0.13825493,0.057158273,0.055147942,0.85,0.0,0.0,0
102482094,-0.12917075,0.013060772,0.060209475,0.85,0.0,0.0,0
102502045,-0.12736237,-0.036771834,0.06582392,0.85,0.0,0.0,0
102522053,-0.116330035,-0.052752998,0.06695292,0.85,0.0,0.0,0
102536969,-0.079984464,-0.027210558,0.0675126,0.85,0.0,0.0,0
102561964,0.011655791,0.0051821126,0.045230124,0.85,0.0,0.0,0
102581881,0.09636597,0.030590808,0.015291321,0.85,0.0,0.0,0
102601839,0.10692905,0.04484709,0.014231212,0.85,0.0,0.0,0
102621796,0.05714749,0.016994307,0.031027492,0.85,0.0,0.0,0
102641760,-0.0297482,-0.03196531,0.054213427,0.85,0.0,0.0,0
102661722,-0.08653588,-0.06293317,0.048878226,0.85,0.0,0.0,0
102676683,-0.115717456,-0.077935115,0.050971985,0.85,0.0,0.0,0
102701629,-0.12423938,-0.105555,0.06469813,0.85,0.0,0.0,0
102721594,-0.11576393,-0.15649337,0.06955654,0.85,0.0,0.0,0
102741558,-0.12073697,-0.20690604,0.07382314,0.85,0.0,0.0,0
102761551,-0.11568065,-0.24459513,0.07473492,0.85,0.0,0.0,0
102781506,-0.061429042,-0.22006613,0.07147316,0.85,0.0,0.0,0
102801433,0.016679361,-0.18950312,0.049275823,0.85,0.0,0.0,0
102821380,0.08952357,-0.16080606,0.023127398,0.85,0.0,0.0,0
102841355,0.12670659,-0.14009197,0.0074072373,0.85,0.0,0.0,0
102861300,0.11164614,-0.15503322,0.01181606,0.85,0.0,0.0,0
102881258,0.054610234,-0.18619405,0.029896678,0.85,0.0,0.0,0
102901222,0.010396329,-0.20141253,0.042836186,0.85,0.0,0.0,0
102921207,-0.011969765,-0.20288399,0.053618796,0.85,0.0,0.0,0
102941136,-0.007942495,-0.21456566,0.061616234,0.85,0.0,0.0,0
102961158,-0.0035643931,-0.24473555,0.063937224,0.8477858,0.0,0.0,0
102981055,-0.022135433,-0.27228615,0.07380776,0.84552866,0.0,0.0,0
103001017,-0.03886871,-0.26573232,0.07981427,0.84328014,0.0,0.0,0
103020975,0.00905041,-0.21880153,0.058597147,0.84105533,0.0,0.0,0
103040945,0.08935121,-0.17312385,0.024239736,0.8388011,0.0,0.0,0
103060933,0.156028,-0.13149008,0.0024961843,0.8389226,0.0,0.0,0
103080854,0.15066941,-0.10442104,0.010303068,0.8394327,0.0,0.0,0
103100803,0.09987373,-0.1065279,0.030628351,0.8400202,0.0,0.0,0
103120773,0.019036384,-0.13590817,0.05797117,0.8402075,0.0,0.0,0
103140740,-0.038605276,-0.15138952,0.07668988,0.83956105,0.0,0.0,0
103160834,-0.06785837,-0.14887539,0.08026864,0.8378787,0.0,0.0,0
103180655,-0.074706614,-0.1600345,0.08922035,0.8356131,0.0,0.0,0
103200636,-0.07045509,-0.192734,0.13628674,0.8333937,0.0,0.0,0
103220582,-0.09907833,-0.22299466,0.13942592,0.8311486,0.0,0.0,0
103240523,-0.10016956,-0.2104936,0.13928735,0.8289065,0.0,0.0,0
103260476,-0.052615907,-0.16316745,0.12276957,0.82858354,0.0,0.0,0
103280436,0.041979738,-0.11532557,0.068209045,0.8297583,0.0,0.0,0
103300392,0.11499875,-0.06654073,0.018189508,0.8315173,0.0,0.0,0
103320356,0.14249547,-0.025793958,0.0146128405,0.8335299,0.0,0.0,0
103340328,0.10294257,-0.0039789113,0.025951855,0.83548874,0.0,0.0,0
103360442,0.04481342,-0.018158693,0.046587102,0.8370349,0.0,0.0,0
103380262,-0.0125482865,-0.029255066,0.0626284,0.8375615,0.0,0.0,0
103400225,-0.042310003,-0.026327137,0.091812655,0.8370409,0.0,0.0,0
103420189,-0.049357742,-0.03635096,0.10093191,0.83558327,0.0,0.0,0
103440150,-0.025588542,-0.07429012,0.095615774,0.83378017,0.0,0.0,0
103460076,-0.01414582,-0.11761798,0.094357066,0.8322768,0.0,0.0,0
103480031,-0.017810302,-0.114754476,0.09420937,0.83156794,0.0,0.0,0
103500014,0.024912499,-0.08156624,0.04866002,0.8318896,0.0,0.0,0
103519943,0.11958172,-0.03487147,0.023251113,0.8332561,0.0,0.0,0
103539910,0.18155026,0.0071432604,0.0052790805,0.83498275,0.0,0.0,0
103559958,0.2285251,0.042017575,-0.008776137,0.836916,0.0,0.0,0
103579816,0.21238397,0.058704384,-0.0008478356,0.8387023,0.0,0.0,0
103599784,0.14013192,0.03161132,0.026414603,0.8401581,0.0,0.0,0
103619737,0.060461216,-0.0039689606,0.050460875,0.84097034,0.0,0.0,0
103639778,0.027872982,-0.026233213,0.06740494,0.8407352,0.0,0.0,0
103659653,0.019971844,-0.05097057,0.07551777,0.83925825,0.0,0.0,0
103679612,0.026049031,-0.100787826,0.08052089,0.8371813,0.0,0.0,0
103699614,0.020439459,-0.16019155,0.08884736,0.8351552,0.0,0.0,0
103724515,0.008977958,-0.19596556,0.09133102,0.8338155,0.0,0.0,0
103739507,0.044438675,-0.17892067,0.07129729,0.83323693,0.0,0.0,0
103759560,0.13851559,-0.14924611,0.035336748,0.8337888,0.0,0.0,0
103779401,0.21089226,-0.121280685,0.011212514,0.8349696,0.0,0.0,0
103799370,0.23775886,-0.09989987,0.0027232273,0.8365318,0.0,0.0,0
103819322,0.21105948,-0.09829897,0.017330261,0.83828497,0.0,0.0,0
103839315,0.13622989,-0.12632696,0.04822672,0.83987904,0.0,0.0,0
103864227,0.022405302,-0.15216453,0.092390105,0.84082717,0.0,0.0,0
103879229,-0.028873088,-0.1536882,0.11580105,0.840785,0.0,0.0,0
103899209,-0.06622739,-0.14527541,0.104541786,0.83945805,0.0,0.0,0
103924093,-0.04180397,-0.16317324,0.10609143,0.83718836,0.0,0.0,0
103939085,-0.035206538,-0.1860116,0.10877962,0.8349381,0.0,0.0,0
103959097,-0.06092457,-0.20663022,0.11813813,0.83270484,0.0,0.0,0
103978990,-0.04042783,-0.18091549,0.109527096,0.8315153,0.0,0.0,0
104003929,0.042294413,-0.12794109,0.0851327,0.8315824,0.0,0.0,0
104018909,0.10669119,-0.09295458,0.059951458,0.83251405,0.0,0.0,0
104038900,0.18211845,-0.058011223,0.027747707,0.833968,0.0,0.0,0
104063804,0.16317059,-0.037298176,0.040516354,0.83569425,0.0,0.0,0
104078808,0.12410694,-0.040619984,0.055552017,0.83741355,0.0,0.0,0
104098758,0.055950224,-0.06433167,0.07517953,0.83868843,0.0,0.0,0
104118735,0.0029582093,-0.072050825,0.09743004,0.839042,0.0,0.0,0
104143686,-0.049814425,-0.06876299,0.12000018,0.83819944,0.0,0.0,0
104158676,-0.043486893,-0.090534024,0.12693796,0.83654934,0.0,0.0,0
104178631,-0.03806129,-0.12756921,0.12805122,0.8347675,0.0,0.0,0
104203520,-0.057083532,-0.1639514,0.14086871,0.83340824,0.0,0.0,0
104218488,-0.03892532,-0.14373346,0.132089,0.8330284,0.0,0.0,0
104238454,0.038396556,-0.106070414,0.09607385,0.8338918,0.0,0.0,0
104263396,0.14537951,-0.060744006,0.05057305,0.8356465,0.0,0.0,0
104283357,0.20782383,-0.026118519,0.02714138,0.83781207,0.0,0.0,0
104298322,0.2065236,-0.0045286524,0.034136083,0.8400553,0.0,0.0,0
104318326,0.16395694,0.0031951198,0.050672393,0.8423052,0.0,0.0,0
104343277,0.07745457,-0.023301397,0.08442391,0.84459627,0.0,0.0,0
104358220,0.021306708,-0.033289663,0.10357485,0.8459283,0.0,0.0,0
104378155,-0.01927762,-0.033499423,0.12295788,0.84579206,0.0,0.0,0
104403119,0.0018779472,-0.05727975,0.09572504,0.8447447,0.0,0.0,0
104423106,0.0023332203,-0.09275792,0.09937516,0.8432233,0.0,0.0,0
104438036,-0.008048866,-0.12037636,0.10737273,0.84183556,0.0,0.0,0
104462985,0.016438348,-0.10934307,0.0949151,0.8412507,0.0,0.0,0
104482944,0.09675055,-0.06973798,0.06305901,0.84176564,0.0,0.0,0
104497908,0.165986,-0.039022602,0.035118807,0.8432318,0.0,0.0,0
104517870,0.228093,-0.0072186366,0.020658387,0.84493685,0.0,0.0,0
104542987,0.22751337,0.013697606,0.022658998,0.846746,0.0,0.0,0
104562776,0.18889746,0.0033216442,0.034511466,0.8451307,0.0,0.0,0
104577750,0.12510176,-0.027442027,0.051107805,0.84288967,0.0,0.0,0
104602717,0.018793613,-0.05133698,0.10385381,0.8406447,0.0,0.0,0
104622664,-0.027451377,-0.06598369,0.125178,0.8383772,0.0,0.0,0
104637633,-0.03728945,-0.09295397,0.13618413,0.8361364,0.0,0.0,0
104662582,-0.04740634,-0.15212575,0.14645109,0.8339121,0.0,0.0,0
104682546,-0.06612894,-0.1991494,0.15667084,0.83166975,0.0,0.0,0
104702504,-0.0818502,-0.20501643,0.1972881,0.83050853,0.0,0.0,0
104717460,-0.0133760255,-0.18471411,0.15920791,0.83275527,0.0,0.0,0
104742597,0.10652778,-0.15742545,0.09724305,0.8350379,0.0,0.0,0
104762367,0.18435705,-0.12452337,0.06452114,0.83727914,0.0,0.0,0
104777336,0.19500785,-0.0975283,0.060915396,0.8394882,0.0,0.0,0
104802298,0.15720908,-0.08373689,0.059051454,0.8417344,0.0,0.0,0
104822248,0.07723645,-0.09386163,0.0833923,0.8439795,0.0,0.0,0
104842202,0.0028215756,-0.08839262,0.10522919,0.8462479,0.0,0.0,0
104857167,-0.028573696,-0.061237957,0.116646916,0.8462479,0.0,0.0,0
104882151,-0.031762637,-0.075456746,0.12828405,0.84751374,0.0,0.0,0
104902071,-0.033654768,-0.09023611,0.14209571,0.8465561,0.0,0.0,0
104917046,-0.036441118,-0.09938066,0.14413446,0.8465561,0.0,0.0,0
104942101,-0.034374665,-0.11262115,0.14456771,0.8443931,0.0,0.0,0
104961949,0.038728625,-0.069329984,0.11544564,0.8460068,0.0,0.0,0
104981911,0.13035762,-0.039809216,0.07858044,0.8479076,0.0,0.0,0
105001882,0.20373549,-0.008124391,0.049153563,0.85,0.0,0.0,0
105021863,0.22118287,0.016123846,0.04532386,0.85,0.0,0.0,0
105041784,0.16616207,0.01944161,0.066137016,0.85,0.0,0.0,0
105056755,0.101550624,0.0030221962,0.09331157,0.85,0.0,0.0,0
105081708,-0.012382075,-0.023805853,0.12645242,0.85,0.0,0.0,0
105101670,-0.05458345,-0.02567283,0.1340171,0.85,0.0,0.0,0
105121638,-0.06554104,-0.040208507,0.14706929,0.85,0.0,0.0,0
105141697,-0.07432658,-0.078067705,0.15300545,0.85,0.0,0.0,0
105161535,-0.08213765,-0.119595736,0.15647984,0.85,0.0,0.0,0
105181492,-0.07437579,-0.1171887,0.15643708,0.85,0.0,0.0,0
105201462,-0.0073343692,-0.09024316,0.14388262,0.85,0.0,0.0,0
105221415,0.080332205,-0.0637748,0.107771054,0.85,0.0,0.0,0
105241374,0.14457993,-0.033786543,0.083788425,0.85,0.0,0.0,0
105261333,0.16809316,-0.009444195,0.074105404,0.85,0.0,0.0,0
105281320,0.118522614,-0.010283309,0.093219906,0.85,0.0,0.0,0
105301243,0.0044560353,-0.035841253,0.1380468,0.85,0.0,0.0,0
105321213,-0.08918186,-0.04134649,0.16810857,0.85,0.0,0.0,0
105341254,-0.13279805,-0.032806,0.16505402,0.85,0.0,0.0,0
105361121,-0.12864485,-0.038117826,0.17598355,0.85,0.0,0.0,0
105381080,-0.12933367,-0.064210445,0.18111295,0.85,0.0,0.0,0
105401049,-0.13189189,-0.09207221,0.23866166,0.85,0.0,0.0,0
105421033,-0.145359,-0.06678041,0.23747149,0.85,0.0,0.0,0
105440954,-0.06975098,-0.02730097,0.21471569,0.85,0.0,0.0,0
105460912,0.047541715,0.0069249403,0.1533074,0.85,0.0,0.0,0
105480874,0.13455078,0.048515204,0.110886544,0.85,0.0,0.0,0
105500835,0.15759791,0.09051471,0.07214213,0.85,0.0,0.0,0
105520807,0.12936468,0.11374349,0.08522415,0.85,0.0,0.0,0
105540785,0.042541213,0.11078189,0.11122127,0.85,0.0,0.0,0
105560753,-0.014043952,0.11423839,0.131946,0.85,0.0,0.0,0
105575684,-0.04662104,0.14008352,0.14389786,0.85,0.0,0.0,0
105600669,-0.045149285,0.13463235,0.12389553,0.85,0.0,0.0,0
105620579,-0.0034469396,0.09277191,0.12672652,0.85,0.0,0.0,0
105640543,-0.012929823,0.060041614,0.13260995,0.85,0.0,0.0,0
105660506,-0.00022475737,0.06542267,0.12771913,0.85,0.0,0.0,0
105680463,0.075255424,0.0905593,0.104042284,0.85,0.0,0.0,0
105700419,0.16292308,0.1144118,0.09386683,0.85,0.0,0.0,0
105720443,0.2321537,0.13847063,0.06833782,0.85,0.0,0.0,0
105740341,0.24516489,0.15186422,0.066773765,0.85,0.0,0.0,0
105760300,0.18544783,0.14557253,0.08490423,0.85,0.0,0.0,0
105780262,0.10623784,0.10179404,0.112578996,0.85,0.0,0.0,0
105800257,0.041416403,0.072978444,0.10367224,0.85,0.0,0.0,0
105820207,0.011719359,0.05971684,0.11956357,0.85,0.0,0.0,0
105840179,0.004474632,0.03785302,0.13166891,0.85,0.0,0.0,0
105860175,-0.00011909428,-0.00787766,0.1400574,0.85,0.0,0.0,0
105880068,-0.029976204,-0.0559637,0.15283574,0.85,0.0,0.0,0
105900008,-0.027049793,-0.0698358,0.15587972,0.85,0.0,0.0,0
105920006,0.033535093,-0.053161193,0.1347425,0.85,0.0,0.0,0
105939937,0.101770625,-0.03186794,0.112328306,0.85,0.0,0.0,0
105959882,0.15120822,-0.014863257,0.09865438,0.85,0.0,0.0,0
105979843,0.15487316,-0.012536831,0.09772737,0.85,0.0,0.0,0
105999906,0.09701387,-0.043004427,0.11379588,0.85,0.0,0.0,0
106019765,0.007771474,-0.08947032,0.138896,0.85,0.0,0.0,0
106039719,-0.056847926,-0.113238975,0.15903711,0.85,0.0,0.0,0
106059680,-0.11628712,-0.11758818,0.16357313,0.85,0.0,0.0,0
106079648,-0.111694165,-0.13567993,0.17422614,0.84773046,0.0,0.0,0
106104613,-0.14508855,-0.17537177,0.22456338,0.84550273,0.0,0.0,0
106119629,-0.16456923,-0.21010621,0.22706246,0.84325343,0.0,0.0,0
106139551,-0.16531387,-0.22441256,0.23348963,0.8410111,0.0,0.0,0
106164467,-0.108963266,-0.19714396,0.23082717,0.83877224,0.0,0.0,0
106179430,-0.046402466,-0.17585258,0.20463187,0.8383627,0.0,0.0,0
106199393,0.013158204,-0.14487107,0.23503979,0.8401194,0.0,0.0,0
106219345,0.009295353,-0.11447627,0.21644968,0.8423603,0.0,0.0,0
106244301,-0.062132303,-0.10929699,0.2505995,0.8446048,0.0,0.0,0
106259347,-0.14889973,-0.115500845,0.2791041,0.84688,0.0,0.0,0
106279242,-0.21285725,-0.11118474,0.260409,0.8490971,0.0,0.0,0
106299215,-0.22652654,-0.09306846,0.18916136,0.84955466,0.0,0.0,0
106319206,-0.16895618,-0.0921946,0.19917268,0.84757066,0.0,0.0,0
106339100,-0.15512514,-0.09562767,0.20500356,0.84534943,0.0,0.0,0
106359052,-0.1518987,-0.10255986,0.20615399,0.8435274,0.0,0.0,0
106384008,-0.14302959,-0.058118694,0.20273839,0.8426957,0.0,0.0,0
106399035,-0.08723386,-0.008487532,0.20964797,0.8431746,0.0,0.0,0
106418929,0.007406783,0.04098946,0.16754578,0.8448277,0.0,0.0,0
106443902,0.100213125,0.091354646,0.12984197,0.8469683,0.0,0.0,0
106458860,0.13031638,0.12364655,0.12446309,0.8492101,0.0,0.0,0
106478825,0.08641666,0.14350128,0.13623834,0.85,0.0,0.0,0
106498791,0.00869384,0.1368812,0.15414907,0.85,0.0,0.0,0
106523804,-0.05030176,0.116811804,0.17380787,0.85,0.0,0.0,0
106538732,-0.07209018,0.111190386,0.18826452,0.85,0.0,0.0,0
106558665,-0.08501745,0.095861435,0.20372136,0.85,0.0,0.0,0
106583585,-0.08644981,0.048617344,0.21272232,0.85,0.0,0.0,0
106598559,-0.09748025,0.0099826865,0.17757803,0.85,0.0,0.0,0
106618515,-0.087930106,0.002418432,0.18060154,0.85,0.0,0.0,0
106643470,-0.028657787,0.02333353,0.16101938,0.85,0.0,0.0,0
106663423,0.051936515,0.039309464,0.13512453,0.85,0.0,0.0,0
106678454,0.09938731,0.056095906,0.12373908,0.85,0.0,0.0,0
106698362,0.10221283,0.06422081,0.13284105,0.85,0.0,0.0,0
106723370,0.021676917,0.046541717,0.15611695,0.85,0.0,0.0,0
106738275,-0.062250704,0.013711862,0.18215196,0.85,0.0,0.0,0
106758244,-0.14490585,-0.010751885,0.19370437,0.85,0.0,0.0,0
106783184,-0.22418767,-0.014715987,0.18681851,0.85,0.0,0.0,0
106803137,-0.2705844,-0.020544335,0.23448645,0.85,0.0,0.0,0
106818097,-0.27937478,-0.051913295,0.24168417,0.85,0.0,0.0,0
106843066,-0.30268952,-0.09541736,0.24936718,0.85,0.0,0.0,0
106863010,-0.30481288,-0.11062404,0.25199026,0.85,0.0,0.0,0
106877983,-0.2643603,-0.085583776,0.2550292,0.85,0.0,0.0,0
106897949,-0.20678048,-0.046437163,0.37005427,0.85,0.0,0.0,0
106922930,-0.21056686,0.019678524,0.38083798,0.85,0.0,0.0,0
106942857,-0.20996115,0.054684967,0.37565932,0.85,0.0,0.0,0
106957834,-0.24663265,0.071332864,0.36233053,0.85,0.0,0.0,0
106982796,-0.3282953,0.062358696,0.33303562,0.85,0.0,0.0,0
107002729,-0.30524436,0.03116585,0.17781402,0.85,0.0,0.0,0
107017684,-0.33600166,0.04322828,0.16903397,0.85,0.0,0.0,0
107037648,-0.32299423,0.05211207,0.17367846,0.85,0.0,0.0,0
107062603,-0.31022024,0.042403642,0.18046884,0.85,0.0,0.0,0
107082564,-0.31033528,0.024686145,0.18457992,0.85,0.0,0.0,0
107097550,-0.30395597,0.048327427,0.27285728,0.85,0.0,0.0,0
107122502,-0.30030474,0.12179302,0.27812305,0.85,0.0,0.0,0
107142444,-0.2218741,0.15360041,0.28853846,0.85,0.0,0.0,0
107157393,-0.16000652,0.1775004,0.29716146,0.85,0.0,0.0,0
107182358,-0.11779733,0.20705707,0.29651842,0.85,0.0,0.0,0
107202312,-0.2107009,0.23485214,0.35887873,0.85,0.0,0.0,0
107222269,-0.27382934,0.23087876,0.33815098,0.85,0.0,0.0,0
107237274,-0.33167633,0.21658038,0.30606458,0.85,0.0,0.0,0
107262179,-0.3487164,0.21511267,0.29695854,0.85,0.0,0.0,0
107282137,-0.35532647,0.20941694,0.31152675,0.85,0.0,0.0,0
107297119,-0.34052575,0.18032812,0.32285064,0.85,0.0,0.0,0
107322056,-0.3254899,0.14171469,0.32956693,0.85,0.0,0.0,0
107342022,-0.30863363,0.15928982,0.33742535,0.85,0.0,0.0,0
107361973,-0.26231745,0.20145808,0.3391757,0.85,0.0,0.0,0
107381992,-0.18400073,0.24093415,0.3532476,0.85,0.0,0.0,0
107401891,-0.053404674,0.25483844,0.20646514,0.85,0.0,0.0,0
107421851,-0.024175031,0.28963536,0.19654374,0.85,0.0,0.0,0
107436821,-0.06787605,0.31549934,0.20697308,0.85,0.0,0.0,0
107461770,-0.17193608,0.3234328,0.20303117,0.85,0.0,0.0,0
107481731,-0.23462908,0.31029996,0.18317561,0.85,0.0,0.0,0
107501742,-0.26263225,0.30738795,0.17403868,0.85,0.0,0.0,0
107521678,-0.26511323,0.29022095,0.18441537,0.85,0.0,0.0,0
107541608,-0.25432938,0.24407434,0.19953036,0.85,0.0,0.0,0
107561568,-0.25715446,0.19260198,0.20840088,0.85,0.0,0.0,0
107581521,-0.2519472,0.19300847,0.21126157,0.85,0.0,0.0,0
107601482,-0.2211641,0.22476381,0.26277143,0.85,0.0,0.0,0
107621446,-0.13932428,0.24614789,0.27467197,0.85,0.0,0.0,0
107641433,-0.066061944,0.26369983,0.24794191,0.85,0.0,0.0,0
107661350,-0.04552261,0.27887604,0.24240878,0.85,0.0,0.0,0
107681314,-0.11290932,0.2875797,0.26685193,0.85,0.0,0.0,0
107701315,-0.16910282,0.2573417,0.18624413,0.85,0.0,0.0,0
107721231,-0.22991222,0.23704723,0.17064641,0.85,0.0,0.0,0
107741195,-0.2639397,0.23850298,0.16517182,0.85,0.0,0.0,0
107761151,-0.27435938,0.23256256,0.17061372,0.85,0.0,0.0,0
107781151,-0.27136332,0.19906852,0.17913863,0.85,0.0,0.0,0
107801068,-0.2697212,0.15967137,0.36647347,0.85,0.0,0.0,0
107821026,-0.35001412,0.19545569,0.37356487,0.85,0.0,0.0,0
107840988,-0.3072338,0.21960157,0.38095137,0.85,0.0,0.0,0
107860940,-0.24714008,0.24792244,0.39098382,0.85,0.0,0.0,0
107880917,-0.19430828,0.27947456,0.40480363,0.85,0.0,0.0,0
107901037,-0.15942305,0.30038485,0.20661415,0.85,0.0,0.0,0
107920815,-0.10972228,0.28162608,0.21020108,0.85,0.0,0.0,0
107940810,-0.17529278,0.26645288,0.19516237,0.85,0.0,0.0,0
107960733,-0.22542043,0.2559732,0.18256627,0.85,0.0,0.0,0
107980707,-0.251523,0.26691043,0.17594212,0.85,0.0,0.0,0
108000656,-0.24927723,0.2681024,0.18210053,0.85,0.0,0.0,0
108020632,-0.237091,0.2436663,0.19095111,0.85,0.0,0.0,0
108040590,-0.23442687,0.2118595,0.1989459,0.85,0.0,0.0,0
108060531,-0.23338978,0.21808791,0.20223095,0.85,0.0,0.0,0
108080559,-0.19985022,0.24848129,0.20039132,0.85,0.0,0.0,0
108100580,-0.122948006,0.27568588,0.17945637,0.85,0.0,0.0,0
108120410,-0.040130798,0.28999308,0.1647384,0.85,0.0,0.0,0
108140364,-0.008957262,0.30488908,0.15514292,0.85,0.0,0.0,0
108160326,-0.055737574,0.3088081,0.16764854,0.85,0.0,0.0,0
108180279,-0.1460743,0.27142325,0.17287008,0.85,0.0,0.0,0
108200273,-0.21262105,0.23566924,0.17054397,0.85,0.0,0.0,0
108220256,-0.2495878,0.21630676,0.16946357,0.85,0.0,0.0,0
108240199,-0.26688594,0.18399748,0.17506754,0.85,0.0,0.0,0
108260135,-0.270201,0.12653354,0.18579954,0.85,0.0,0.0,0
108280126,-0.27674145,0.063546374,0.19744426,0.85,0.0,0.0,0
108300194,-0.29038283,0.028820597,0.23276158,0.85,0.0,0.0,0
108319996,-0.27898067,0.044701517,0.23171312,0.85,0.0,0.0,0
108339951,-0.21827811,0.066079766,0.23454149,0.85,0.0,0.0,0
108359916,-0.17558302,0.082081355,0.237901,0.85,0.0,0.0,0
108379871,-0.1663661,0.08909999,0.23687062,0.85,0.0,0.0,0
108399827,-0.20168248,0.07075288,0.27810043,0.85,0.0,0.0,0
108419784,-0.29413447,0.040013995,0.26662675,0.85,0.0,0.0,0
108439751,-0.34605578,0.015792117,0.25565565,0.85,0.0,0.0,0
108459708,-0.38278088,0.01681881,0.24579246,0.85,0.0,0.0,0
108479677,-0.3892732,0.013789592,0.24469355,0.85,0.0,0.0,0
108499730,-0.3762694,-0.01012797,0.24681614,0.85,0.0,0.0,0
108519587,-0.3579397,-0.037852343,0.24995932,0.85,0.0,0.0,0
108539539,-0.36406645,-0.035051458,0.25403726,0.85,0.0,0.0,0
108559518,-0.3309823,0.012772425,0.2458295,0.85,0.0,0.0,0
108579462,-0.25216833,0.06126296,0.24648769,0.85,0.0,0.0,0
108599412,-0.19292152,0.11123635,0.41110167,0.85,0.0,0.0,0
108624425,-0.25275642,0.19618517,0.40953222,0.85,0.0,0.0,0
108639333,-0.27807537,0.22051002,0.4016623,0.85,0.0,0.0,0
108659300,-0.342187,0.23903449,0.37586656,0.85,0.0,0.0,0
108679287,-0.38235024,0.25481078,0.34085307,0.85,0.0,0.0,0
108699284,-0.4012616,0.26038823,0.1562659,0.85,0.0,0.0,0
108719191,-0.3228336,0.20257586,0.15903956,0.85,0.0,0.0,0
108739149,-0.3051135,0.15877938,0.16767937,0.85,0.0,0.0,0
108764122,-0.2944544,0.1118814,0.17439581,0.85,0.0,0.0,0
108779041,-0.28454563,0.12664814,0.1753416,0.85,0.0,0.0,0
108798996,-0.25164565,0.1577035,0.15342735,0.85,0.0,0.0,0
108823945,-0.14691614,0.1863728,0.15945545,0.85,0.0,0.0,0
108838931,-0.100707605,0.21471141,0.1613736,0.85,0.0,0.0,0
108858875,-0.072178535,0.23576409,0.15677701,0.85,0.0,0.0,0
108878856,-0.11364483,0.23508598,0.15834504,0.85,0.0,0.0,0
108903820,-0.23777622,0.18983817,0.22759874,0.85,0.0,0.0,0
108918769,-0.2766581,0.1521397,0.21494345,0.85,0.0,0.0,0
108938720,-0.30475387,0.12490282,0.21478385,0.85,0.0,0.0,0
108963656,-0.32387936,0.085845605,0.21573251,0.85,0.0,0.0,0
108978633,-0.32230976,0.035186514,0.21991397,0.85,0.0,0.0,0
108998582,-0.3104468,-0.023481807,0.14265803,0.85,0.0,0.0,0
109023567,-0.27271318,-0.06502909,0.14624958,0.85,0.0,0.0,0
109043487,-0.2271146,-0.027645767,0.13911122,0.85,0.0,0.0,0
109058489,-0.17089014,0.013503083,0.13645348,0.85,0.0,0.0,0
109078461,-0.1242464,0.051901534,0.13623556,0.85,0.0,0.0,0
109103367,-0.11591147,0.088968985,0.13435338,0.85,0.0,0.0,0
109118341,-0.1435468,0.0785577,0.13190743,0.85,0.0,0.0,0
109138294,-0.20555629,0.050761923,0.1305785,0.85,0.0,0.0,0
109163241,-0.26110172,0.027196692,0.12587616,0.85,0.0,0.0,0
109183239,-0.28965795,0.021346282,0.123169094,0.85,0.0,0.0,0
109198179,-0.30628315,0.0042585903,0.123322725,0.85,0.0,0.0,0
109223114,-0.3066364,-0.043643057,0.12957494,0.85,0.0,0.0,0
109243077,-0.311335,-0.090401776,0.13613003,0.85,0.0,0.0,0
109258042,-0.3095708,-0.1163442,0.14065833,0.85,0.0,0.0,0
109278042,-0.28067875,-0.09537428,0.13428845,0.85,0.0,0.0,0
109302943,-0.20463865,-0.06079612,0.13519414,0.85,0.0,0.0,0
109322939,-0.15497003,-0.0384751,0.13375142,0.85,0.0,0.0,0
109337878,-0.135866,-0.022275086,0.13090454,0.85,0.0,0.0,0
109362828,-0.14929348,-0.037519008,0.12925228,0.85,0.0,0.0,0
109382778,-0.18964222,-0.07681992,0.1312859,0.85,0.0,0.0,0
109397765,-0.21801138,-0.10362174,0.15289712,0.85,0.0,0.0,0
109422702,-0.2588598,-0.10874805,0.15000701,0.84779406,0.0,0.0,0
109442669,-0.27239114,-0.12516257,0.15060592,0.8455164,0.0,0.0,0
109462697,-0.273365,-0.1609544,0.15443765,0.8432953,0.0,0.0,0
109477662,-0.27262598,-0.19444937,0.1562715,0.84104955,0.0,0.0,0
109502545,-0.337095,-0.19800715,0.21804723,0.8387768,0.0,0.0,0
109522492,-0.319872,-0.15911844,0.20912568,0.836566,0.0,0.0,0
109537462,-0.28256404,-0.12013483,0.21081167,0.83429885,0.0,0.0,0
109562406,-0.23041815,-0.066099346,0.20769499,0.832855,0.0,0.0,0
109582374,-0.20518272,-0.02157649,0.20143947,0.83410686,0.0,0.0,0
109602323,-0.17889965,-0.0009281108,0.14021307,0.83569515,0.0,0.0,0
109617302,-0.20967768,0.008668606,0.13180132,0.8371074,0.0,0.0,0
109642247,-0.24039419,0.0075791376,0.124415174,0.83781385,0.0,0.0,0
109662231,-0.25732422,0.02968556,0.12044861,0.8374963,0.0,0.0,0
109677210,-0.26820493,0.03661562,0.11726204,0.83614177,0.0,0.0,0
109702122,-0.27292752,0.023685217,0.12574644,0.8331098,0.0,0.0,0
109722117,-0.2731219,0.008403864,0.1272445,0.8315079,0.0,0.0,0
109742034,-0.28127113,0.032128464,0.12443447,0.831013,0.0,0.0,0
109762001,-0.24605808,0.090788044,0.12111616,0.8320211,0.0,0.0,0
109781951,-0.1996598,0.14246055,0.11710216,0.8338393,0.0,0.0,0
109801914,-0.14568506,0.17621216,0.082396165,0.83608073,0.0,0.0,0
109816882,-0.10971,0.18841492,0.083911814,0.83608073,0.0,0.0,0
109841841,-0.12175979,0.23041001,0.07780729,0.84060925,0.0,0.0,0
109861834,-0.17238903,0.2260665,0.07149868,0.84282887,0.0,0.0,0
109881843,-0.21771546,0.19600369,0.0662699,0.84376824,0.0,0.0,0
109901704,-0.25036263,0.18684731,0.085277244,0.8435404,0.0,0.0,0
109921687,-0.26924056,0.17067982,0.085155725,0.8423012,0.0,0.0,0
109941631,-0.2766856,0.12969227,0.08790399,0.8406523,0.0,0.0,0
109961587,-0.26646355,0.074750215,0.09335181,0.83922744,0.0,0.0,0
109981540,-0.279029,0.057338204,0.09645235,0.83859855,0.0,0.0,0
110001535,-0.25970417,0.07220182,0.091779694,0.83914185,0.0,0.0,0
110021453,-0.19923663,0.09545825,0.09068969,0.8407152,0.0,0.0,0
110041419,-0.14760257,0.11365387,0.091774285,0.84276843,0.0,0.0,0
110061389,-0.11059462,0.13319026,0.09156898,0.845022,0.0,0.0,0
110081413,-0.13198407,0.14265935,0.09192297,0.8472738,0.0,0.0,0
110101286,-0.21755351,0.12527554,0.12698425,0.84950763,0.0,0.0,0
110121269,-0.27517998,0.08897762,0.118822314,0.85,0.0,0.0,0
110141208,-0.31124738,0.07681566,0.114495836,0.85,0.0,0.0,0
110161169,-0.34084138,0.06959832,0.106762156,0.85,0.0,0.0,0
110181125,-0.3498781,0.039663546,0.103215046,0.8495321,0.0,0.0,0
110201110,-0.33837306,-0.0023610261,0.0944853,0.84834623,0.0,0.0,0
110221040,-0.3397134,-0.015408066,0.09479491,0.84796053,0.0,0.0,0
110241014,-0.319843,0.0097047165,0.08907765,0.848556,0.0,0.0,0
110260972,-0.27016962,0.051673163,0.08688695,0.85,0.0,0.0,0
110280966,-0.22613557,0.0929381,0.08100194,0.85,0.0,0.0,0
110300872,-0.17416805,0.13048665,0.058008727,0.85,0.0,0.0,0
110320841,-0.1641895,0.15761326,0.055725195,0.85,0.0,0.0,0
110340794,-0.20713812,0.15751253,0.049439754,0.85,0.0,0.0,0
110360754,-0.25672278,0.13206837,0.04625529,0.85,0.0,0.0,0
110380711,-0.2908543,0.1320747,0.041393157,0.85,0.0,0.0,0
110400682,-0.30928922,0.13469082,0.09040607,0.85,0.0,0.0,0
110420646,-0.3352806,0.12395793,0.0844076,0.85,0.0,0.0,0
110440624,-0.31923175,0.085760824,0.08390249,0.85,0.0,0.0,0
110460624,-0.3113253,0.089735664,0.08598664,0.85,0.0,0.0,0
110480527,-0.29241517,0.11319516,0.07963189,0.85,0.0,0.0,0
110500466,-0.23148929,0.1424327,0.027377393,0.85,0.0,0.0,0
110520424,-0.15212263,0.16118407,0.026641726,0.85,0.0,0.0,0
110540386,-0.08872905,0.18733379,0.028230617,0.85,0.0,0.0,0
110560376,-0.094321154,0.2058716,0.028550653,0.85,0.0,0.0,0
110580294,-0.13943309,0.19824581,0.02516315,0.85,0.0,0.0,0
110600291,-0.20012215,0.16010645,0.018849809,0.85,0.0,0.0,0
110620247,-0.23846601,0.1439329,0.017493397,0.85,0.0,0.0,0
110640225,-0.27058244,0.13246019,0.01320749,0.85,0.0,0.0,0
110660217,-0.27870163,0.10103062,0.014149948,0.85,0.0,0.0,0
110680126,-0.27711657,0.053092763,0.019007165,0.85,0.0,0.0,0
110700120,-0.28518513,0.007816048,0.02660536,0.85,0.0,0.0,0
110720010,-0.28295082,0.01261088,0.02333125,0.85,0.0,0.0,0
110739975,-0.23203446,0.029679976,0.022665694,0.85,0.0,0.0,0
110759933,-0.18164232,0.04379488,0.01857522,0.85,0.0,0.0,0
110779883,-0.13274305,0.0589237,0.019314297,0.85,0.0,0.0,0
110799846,-0.12893939,0.05363521,0.025940426,0.85,0.0,0.0,0
110819800,-0.17671792,0.015984684,0.025451487,0.85,0.0,0.0,0
110839782,-0.22861664,-0.0285185,0.02711894,0.85,0.0,0.0,0
110859766,-0.26245573,-0.04420923,0.026703332,0.85,0.0,0.0,0
110879684,-0.28596422,-0.04694292,0.022562373,0.85,0.0,0.0,0
110899643,-0.2935328,-0.06431759,0.02027528,0.85,0.0,0.0,0
110924590,-0.28863797,-0.098805055,0.020215577,0.85,0.0,0.0,0
110939555,-0.29803473,-0.11922282,0.023981243,0.85,0.0,0.0,0
110959530,-0.2903532,-0.09830304,0.017759714,0.85,0.0,0.0,0
110979469,-0.24148194,-0.05931577,0.012146409,0.85,0.0,0.0,0
111004422,-0.17640594,-0.027713936,0.006767536,0.85,0.0,0.0,0
111019387,-0.14123052,0.0031735948,0.0026024072,0.85,0.0,0.0,0
111039343,-0.131722,0.027782114,0.0028916188,0.85,0.0,0.0,0
111059339,-0.16638574,0.0143597685,0.0028176948,0.85,0.0,0.0,0
111079282,-0.22031178,-0.015914254,0.003002164,0.85,0.0,0.0,0
111099284,-0.2545635,-0.021802133,0.0023628946,0.85,0.0,0.0,0
111119198,-0.27809104,-0.017293898,0.012211181,0.85,0.0,0.0,0
111144126,-0.28867766,-0.03528357,0.01637801,0.85,0.0,0.0,0
111159099,-0.2909143,-0.063234836,0.024272684,0.85,0.0,0.0,0
111179049,-0.28899047,-0.07152994,0.024860172,0.85,0.0,0.0,0
111204011,-0.26416087,-0.04493609,0.027191047,0.85,0.0,0.0,0
111218974,-0.21900222,-0.012244172,0.0239095,0.85,0.0,0.0,0
111238987,-0.16288531,0.0108043635,0.028357677,0.85,0.0,0.0,0
111259073,-0.11342804,0.042670775,0.031246899,0.85,0.0,0.0,0
111283833,-0.10501184,0.06604348,0.029660553,0.85,0.0,0.0,0
111298806,-0.11683184,0.073651895,0.01484417,0.85,0.0,0.0,0
111318797,-0.14014232,0.06840368,0.01607442,0.85,0.0,0.0,0
111343714,-0.16298416,0.06559255,0.012682846,0.85,0.0,0.0,0
111358714,-0.18042752,0.0646067,0.013896029,0.85,0.0,0.0,0
111378682,-0.18802899,0.05182273,0.012849533,0.85,0.0,0.0,0
111403631,-0.16449487,0.019336589,0.0131065445,0.85,0.0,0.0,0
111423544,-0.16810915,0.0010008115,0.01365304,0.85,0.0,0.0,0
111438536,-0.16553046,0.033492703,0.013535838,0.85,0.0,0.0,0
111458608,-0.13007519,0.08770924,0.013667444,0.85,0.0,0.0,0
111483419,-0.06466649,0.13959272,0.0067087943,0.85,0.0,0.0,0
111498395,-0.019696608,0.17524077,-0.014143376,0.85,0.0,0.0,0
111518357,-0.011192051,0.20363355,-0.01377105,0.85,0.0,0.0,0
111543296,-0.067731954,0.20306166,0.016443286,0.85,0.0,0.0,0
111563278,-0.11871649,0.16981809,0.019646138,0.85,0.0,0.0,0
111578223,-0.14696781,0.1504692,0.020430919,0.85,0.0,0.0,0
111598200,-0.17974739,0.14266203,0.015488544,0.85,0.0,0.0,0
111623132,-0.17751454,0.115209475,0.016864484,0.85,0.0,0.0,0
111638120,-0.16821867,0.079272985,0.022893663,0.85,0.0,0.0,0
111658215,-0.14897107,0.044491585,0.020878186,0.85,0.0,0.0,0
111683006,-0.12413823,0.06379952,0.026243806,0.85,0.0,0.0,0
111702966,-0.056153126,0.10144614,-0.0009090739,0.85,0.0,0.0,0
111717930,0.0033181307,0.12867902,-0.024950486,0.85,0.0,0.0,0
111742886,0.07595733,0.16794118,-0.02442866,0.85,0.0,0.0,0
111762857,0.058644127,0.18815587,-0.021939557,0.85,0.0,0.0,0
111777807,0.030735625,0.19052814,-0.020870065,0.85,0.0,0.0,0
111797810,-0.04096307,0.14555828,-0.0020967918,0.85,0.0,0.0,0
111822735,-0.11795844,0.123837546,0.02177975,0.85,0.0,0.0,0
111842738,-0.1506453,0.11078087,0.02167874,0.85,0.0,0.0,0
111857725,-0.1591414,0.082478985,0.02169049,0.85,0.0,0.0,0
111882592,-0.16469865,0.021580674,0.026412971,0.85,0.0,0.0,0
111902564,-0.16376841,-0.027439896,0.028780151,0.85,0.0,0.0,0
111917521,-0.15996006,-0.024055682,0.034276094,0.85,0.0,0.0,0
111942558,-0.07632098,0.0071635013,0.0046601566,0.85,0.0,0.0,0
111962423,-0.0030372317,0.03703176,-0.031831563,0.85,0.0,0.0,0
111982394,0.054443177,0.068091266,-0.037058443,0.85,0.0,0.0,0
111997350,0.05029909,0.08990852,-0.026023088,0.85,0.0,0.0,0
112022316,-0.0030952045,0.06749679,-0.017955892,0.85,0.0,0.0,0
112042307,-0.07205113,0.0326711,0.0050634616,0.85,0.0,0.0,0
112057285,-0.119553566,0.017827135,0.019884614,0.85,0.0,0.0,0
112082183,-0.17118946,0.019322291,0.026672758,0.85,0.0,0.0,0
112102154,-0.19176036,-0.0050402726,0.06219911,0.85,0.0,0.0,0
112122102,-0.19522521,-0.048428535,0.0689975,0.85,0.0,0.0,0
112142052,-0.18600492,-0.07530476,0.066592775,0.85,0.0,0.0,0
112162013,-0.17249396,-0.060624626,0.063923605,0.85,0.0,0.0,0
112181969,-0.09220367,-0.025111852,0.008368472,0.85,0.0,0.0,0
112196937,-0.018923867,0.0044957134,-0.029586148,0.85,0.0,0.0,0
112221882,0.088994406,0.045498572,-0.05008492,0.85,0.0,0.0,0
112241889,0.1024171,0.07759647,-0.046707142,0.85,0.0,0.0,0
112261805,0.0784021,0.0833673,-0.042835012,0.85,0.0,0.0,0
112281765,0.037129104,0.07415712,-0.040218692,0.85,0.0,0.0,0
112301722,0.0045824903,0.09335336,-0.031579316,0.85,0.0,0.0,0
112321683,-0.020721931,0.098577924,-0.018613312,0.85,0.0,0.0,0
112341681,-0.017786898,0.085402675,-0.016131591,0.85,0.0,0.0,0
112361623,-0.000118615055,0.056028612,-0.026758406,0.85,0.0,0.0,0
112381551,0.017001176,0.06732142,-0.03278274,0.85,0.0,0.0,0
112401520,0.027251989,0.11417841,-0.024786625,0.85,0.0,0.0,0
112421475,0.08661613,0.18634252,-0.018422507,0.85,0.0,0.0,0
112441488,0.15220182,0.23719591,-0.017519549,0.85,0.0,0.0,0
112461393,0.22739904,0.27314192,-0.007149575,0.85,0.0,0.0,0
112481423,0.23673731,0.30115965,0.0023877583,0.85,0.0,0.0,0
112501323,0.18578242,0.3009775,-0.0028300895,0.85,0.0,0.0,0
112521261,0.14120708,0.28771818,-0.0034428716,0.85,0.0,0.0,0
112541227,0.09623625,0.28703448,-0.010334116,0.85,0.0,0.0,0
112561191,0.07284017,0.26679403,-0.009590826,0.85,0.0,0.0,0
112581148,0.060687814,0.22616448,-0.007249585,0.85,0.0,0.0,0
112601104,0.057730995,0.16506022,-0.006497354,0.85,0.0,0.0,0
112621065,0.051342357,0.115990855,-0.0076911193,0.85,0.0,0.0,0
112641080,0.0659714,0.11202284,-0.0092199035,0.85,0.0,0.0,0
112660979,0.12651047,0.12667422,-0.006969469,0.85,0.0,0.0,0
112680942,0.18389449,0.13563788,-0.006496433,0.85,0.0,0.0,0
112700894,0.22571085,0.14413317,-0.003838708,0.85,0.0,0.0,0
112720856,0.22998358,0.12998866,-0.00337654,0.85,0.0,0.0,0
112740814,0.19919,0.09032845,-0.0046065436,0.85,0.0,0.0,0
112760770,0.13910921,0.040983938,-0.006501154,0.85,0.0,0.0,0
112780744,0.08690294,0.012041847,-0.007918825,0.85,0.0,0.0,0
112800696,0.05389221,-0.0007720711,-0.0043057287,0.85,0.0,0.0,0
112820659,0.04637929,-0.024879789,-0.002989803,0.85,0.0,0.0,0
112840758,0.038240727,-0.07004033,-0.0043202043,0.85,0.0,0.0,0
112860571,0.021907855,-0.111473635,-0.0037161054,0.85,0.0,0.0,0
112880527,0.017123457,-0.13402036,-0.0012423991,0.85,0.0,0.0,0
112900493,0.06343313,-0.09385254,-0.0030987875,0.85,0.0,0.0,0
112920440,0.12350582,-0.05897855,-0.008926213,0.85,0.0,0.0,0
112940392,0.18088205,-0.022255689,-0.0016643347,0.85,0.0,0.0,0
112960348,0.18075539,0.014547858,-0.00228519,0.85,0.0,0.0,0
112980310,0.13218959,0.020140102,-0.00023080368,0.85,0.0,0.0,0
113000270,0.078986034,-0.0013153459,-0.0063810246,0.85,0.0,0.0,0
113020315,0.026610684,-0.0086635435,-0.0043489877,0.85,0.0,0.0,0
113040361,-0.011387487,-0.0023044623,0.007147333,0.85,0.0,0.0,0
113060184,-0.021043228,-0.010365167,0.013569783,0.85,0.0,0.0,0
113080155,-0.017388547,-0.0395605,0.01331029,0.85,0.0,0.0,0
113100076,-0.009181069,-0.06629982,0.009923666,0.85,0.0,0.0,0
113120021,-0.00083925953,-0.050718173,0.005432172,0.85,0.0,0.0,0
113139987,0.04222757,-0.00072439364,-0.0074447566,0.85,0.0,0.0,0
113159951,0.08936257,0.039563186,-0.0013549952,0.85,0.0,0.0,0
113179923,0.14606044,0.08120276,-0.001043176,0.85,0.0,0.0,0
113199856,0.15337932,0.11180244,-0.0041640005,0.85,0.0,0.0,0
113219827,0.10117402,0.10676592,-0.0036167982,0.85,0.0,0.0,0
113239877,0.052950684,0.07286019,-0.0092555275,0.85,0.0,0.0,0
113259740,0.009973307,0.05161645,0.004346599,0.85,0.0,0.0,0
113279709,-0.013389776,0.04288575,0.0110762855,0.85,0.0,0.0,0
113299654,-0.013500317,0.018399933,0.018938448,0.85,0.0,0.0,0
113319630,-0.0077302027,-0.0291577,0.019378675,0.85,0.0,0.0,0
113339573,-0.0048041767,-0.07878828,0.020488266,0.84775835,0.0,0.0,0
113359528,-0.00054743636,-0.106031075,0.015263077,0.84552735,0.0,0.0,0
113384480,0.08917718,-0.080798335,-0.020452278,0.84328973,0.0,0.0,0
113399458,0.14338644,-0.061674874,-0.015999004,0.84296995,0.0,0.0,0
113419421,0.21990661,-0.043181974,-0.020617021,0.84321696,0.0,0.0,0
113439472,0.23073728,-0.025794324,-0.02354262,0.8437417,0.0,0.0,0
113459318,0.18087804,-0.040211152,-0.023378763,0.84428567,0.0,0.0,0
113479296,0.11547014,-0.081000954,-0.022267465,0.844383,0.0,0.0,0
113499251,0.054343358,-0.10543473,-0.0031913316,0.84354275,0.0,0.0,0
113524181,-0.02125757,-0.10977377,0.02251506,0.841505,0.0,0.0,0
113539180,-0.040983543,-0.12902789,0.02771371,0.8392623,0.0,0.0,0
113559134,-0.050178245,-0.1701574,0.028795369,0.83701503,0.0,0.0,0
113584099,-0.060528718,-0.21795616,0.030535389,0.83476347,0.0,0.0,0
113599025,-0.063572325,-0.23948236,0.029129427,0.8324995,0.0,0.0,0
113619007,-0.032796573,-0.21588951,0.024578027,0.83027726,0.0,0.0,0
113639003,0.025215842,-0.18679446,0.00650172,0.8279933,0.0,0.0,0
113663887,0.10205113,-0.15360802,-0.022202123,0.8266803,0.0,0.0,0
113678909,0.11370754,-0.12857068,-0.022397073,0.827057,0.0,0.0,0
113698833,0.06395968,-0.12763523,-0.0083583705,0.8275749,0.0,0.0,0
113723766,-0.05155752,-0.15096353,0.026666513,0.82803804,0.0,0.0,0
113738747,-0.10107627,-0.16336326,0.023416001,0.82789856,0.0,0.0,0
113758709,-0.14655858,-0.15675882,0.026356408,0.82695323,0.0,0.0,0
113778675,-0.16477777,-0.15385762,0.027279919,0.8250293,0.0,0.0,0
113803606,-0.15110101,-0.17744118,0.025520595,0.82278347,0.0,0.0,0
113818628,-0.12787154,-0.20187117,0.023403639,0.8205293,0.0,0.0,0
113838559,-0.12048339,-0.2060393,0.021452054,0.81853735,0.0,0.0,0
113863472,-0.05897231,-0.16764277,0.013870251,0.8178879,0.0,0.0,0
113878444,0.0010610911,-0.13708101,0.0077046566,0.8185116,0.0,0.0,0
113898427,0.08041645,-0.106118426,-0.013512224,0.8198146,0.0,0.0,0
113923345,0.1377003,-0.069415115,-0.014414696,0.82161593,0.0,0.0,0
113943309,0.123929344,-0.050953712,-0.015645817,0.8236031,0.0,0.0,0
113958285,0.07610707,-0.04814439,-0.012088218,0.8255242,0.0,0.0,0
113978237,0.029835718,-0.07724287,-0.0010702423,0.82692546,0.0,0.0,0
114003200,-0.016416736,-0.087223314,0.009707682,0.8274868,0.0,0.0,0
114018193,-0.022354763,-0.09961716,0.013031227,0.82685846,0.0,0.0,0
114038140,-0.018387716,-0.13019352,0.0194376,0.82459825,0.0,0.0,0
114063060,-0.02331742,-0.18923937,0.022733038,0.8223947,0.0,0.0,0
114083018,-0.04810685,-0.22822316,0.02474946,0.82015026,0.0,0.0,0
114097993,-0.051575236,-0.22068165,0.05099706,0.8179026,0.0,0.0,0
114122938,-0.03376044,-0.19396435,0.053123016,0.8201433,0.0,0.0,0
114142909,0.017535983,-0.17829344,0.019099051,0.8223885,0.0,0.0,0
114157877,0.07168293,-0.1642437,-0.01155967,0.8246704,0.0,0.0,0
114177868,0.10696681,-0.15494725,-0.027537256,0.8268845,0.0,0.0,0
114202781,0.10424643,-0.17132178,-0.027970873,0.8291258,0.0,0.0,0
114222893,0.09994478,-0.1783534,-0.031629074,0.83137906,0.0,0.0,0
114237720,0.118961014,-0.17873523,-0.045687523,0.83362556,0.0,0.0,0
114262655,0.14544845,-0.16639549,-0.051551756,0.83586115,0.0,0.0,0
114282610,0.19949365,-0.16702823,-0.07393066,0.83811027,0.0,0.0,0
114297580,0.2367914,-0.18306743,-0.06438441,0.8403769,0.0,0.0,0
114322521,0.25005588,-0.20096356,-0.07254035,0.8426069,0.0,0.0,0
114342499,0.24378447,-0.16239594,-0.073828675,0.8448666,0.0,0.0,0
114362432,0.243014,-0.095292024,-0.06914601,0.8470886,0.0,0.0,0
114377403,0.27688444,-0.041225675,-0.074327655,0.84933215,0.0,0.0,0
114402367,0.29969755,0.033328902,-0.053273,0.85,0.0,0.0,0
114422450,0.32003942,0.098110065,-0.049485467,0.85,0.0,0.0,0
114437282,0.31933406,0.13908355,-0.050732035,0.85,0.0,0.0,0
114462229,0.27432522,0.17969275,-0.04995576,0.85,0.0,0.0,0
114482185,0.23321155,0.19554794,-0.044901427,0.85,0.0,0.0,0
114502146,0.22062266,0.21562737,-0.03378338,0.85,0.0,0.0,0
114522120,0.23974946,0.23378032,-0.032937933,0.85,0.0,0.0,0
114542062,0.2484774,0.2346588,-0.03481833,0.85,0.0,0.0,0
114562028,0.25061014,0.2244943,-0.03267945,0.85,0.0,0.0,0
114577012,0.25982016,0.23991737,-0.037717506,0.85,0.0,0.0,0
114601957,0.32037047,0.30154565,-0.058240883,0.85,0.0,0.0,0
114621995,0.38559443,0.3394476,-0.06735227,0.85,0.0,0.0,0
114641869,0.4206914,0.36982244,-0.06776471,0.85,0.0,0.0,0
114661851,0.42439204,0.39368868,-0.071092665,0.85,0.0,0.0,0
114681780,0.38773522,0.3825423,-0.070624754,0.85,0.0,0.0,0
114701735,0.31205496,0.35612208,-0.050954625,0.85,0.0,0.0,0
114716743,0.2438559,0.34397835,-0.021907404,0.85,0.0,0.0,0
114741653,0.17723387,0.33541116,0.012230199,0.85,0.0,0.0,0
114761610,0.16926862,0.31788877,0.021885004,0.85,0.0,0.0,0
114781565,0.17925642,0.27612633,0.020525482,0.85,0.0,0.0,0
114801556,0.18051592,0.25865272,0.030401345,0.85,0.0,0.0,0
114821561,0.17838629,0.26642847,0.028862681,0.85,0.0,0.0,0
114841443,0.2392244,0.29749617,-0.008287666,0.85,0.0,0.0,0
114861395,0.32338393,0.32458824,-0.06288223,0.85,0.0,0.0,0
114881391,0.4080397,0.34579754,-0.10661404,0.85,0.0,0.0,0
114901311,0.42107585,0.36667496,-0.059109405,0.85,0.0,0.0,0
114921272,0.37893474,0.3708828,-0.04340906,0.85,0.0,0.0,0
114941233,0.29996854,0.36218095,-0.012741103,0.85,0.0,0.0,0
114961192,0.21171919,0.36938217,0.015690567,0.85,0.0,0.0,0
114981149,0.15610945,0.39509273,0.036556523,0.85,0.0,0.0,0
115001126,0.15002374,0.4018761,0.041318003,0.85,0.0,0.0,0
115021154,0.1694591,0.37307742,0.038619064,0.85,0.0,0.0,0
115041041,0.18438776,0.3512183,0.034822162,0.85,0.0,0.0,0
115061004,0.20983212,0.33880174,0.0248729,0.85,0.0,0.0,0
115080945,0.28711817,0.3374773,-0.0013942996,0.85,0.0,0.0,0
115100902,0.37641618,0.34248447,-0.027356155,0.85,0.0,0.0,0
115120863,0.4533905,0.3435172,-0.046211377,0.85,0.0,0.0,0
115140816,0.4887893,0.3346902,-0.05341283,0.85,0.0,0.0,0
115160785,0.44727138,0.30553702,-0.041052416,0.85,0.0,0.0,0
115180737,0.36895293,0.2597264,-0.016540766,0.85,0.0,0.0,0
115200753,0.2974601,0.23033342,0.0046640337,0.85,0.0,0.0,0
115220683,0.24838324,0.21691823,0.019653374,0.85,0.0,0.0,0
115240622,0.24727774,0.18620576,0.027091587,0.85,0.0,0.0,0
115260575,0.2440675,0.12752438,0.031676203,0.85,0.0,0.0,0
115280551,0.21356337,0.058811795,0.045506235,0.85,0.0,0.0,0
115300519,0.20672707,0.0310845,0.05412484,0.85,0.0,0.0,0
115320453,0.26504514,0.030533483,0.027277509,0.85,0.0,0.0,0
115340417,0.35890338,0.046153445,-0.008262019,0.85,0.0,0.0,0
115360359,0.43650013,0.0597803,-0.031451806,0.85,0.0,0.0,0
115380317,0.4528702,0.051774256,-0.035690825,0.85,0.0,0.0,0
115400355,0.41744608,0.026486719,-0.029234031,0.85,0.0,0.0,0
115420290,0.35821518,-0.008280168,-0.00019039115,0.85,0.0,0.0,0
115440237,0.30430517,-0.031711627,0.023509674,0.85,0.0,0.0,0
115460190,0.24643715,-0.026303384,0.051742442,0.85,0.0,0.0,0
115480164,0.22658171,-0.020451406,0.06999911,0.85,0.0,0.0,0
115500111,0.23038973,-0.034120116,0.045169357,0.85,0.0,0.0,0
115520036,0.24501044,-0.053371258,0.04709412,0.85,0.0,0.0,0
115539988,0.22369072,-0.034716472,0.05405683,0.85,0.0,0.0,0
115559990,0.24929707,0.010316649,0.04405635,0.85,0.0,0.0,0
115579927,0.31018904,0.06437244,0.02206132,0.85,0.0,0.0,0
115599918,0.38037562,0.11158061,0.005507767,0.85,0.0,0.0,0
115624830,0.4104731,0.14789933,-0.0036362035,0.85,0.0,0.0,0
115639786,0.3753823,0.15328537,0.010735254,0.85,0.0,0.0,0
115659744,0.3057149,0.1298379,0.041335832,0.85,0.0,0.0,0
115679708,0.24576947,0.106895976,0.06351923,0.85,0.0,0.0,0
115699689,0.2113173,0.10636535,0.083691,0.85,0.0,0.0,0
115719637,0.20573565,0.09967132,0.09340402,0.85,0.0,0.0,0
115739578,0.20545411,0.067567125,0.09668658,0.85,0.0,0.0,0
115764528,0.18688041,0.028871557,0.10936594,0.85,0.0,0.0,0
115779492,0.18035546,0.038799997,0.10813403,0.85,0.0,0.0,0
115799491,0.23057716,0.070451096,0.14017968,0.85,0.0,0.0,0
115819406,0.29384288,0.113654725,0.077532895,0.85,0.0,0.0,0
115839383,0.3659166,0.15563998,0.041122593,0.85,0.0,0.0,0
115859330,0.39126855,0.19779976,0.02982064,0.85,0.0,0.0,0
115879303,0.35867685,0.20413454,0.053254005,0.85,0.0,0.0,0
115904230,0.3111108,0.19439799,0.040891204,0.85,0.0,0.0,0
115919225,0.27882692,0.20181414,0.04868115,0.85,0.0,0.0,0
115939184,0.2503985,0.21387587,0.060083605,0.85,0.0,0.0,0
115964136,0.23320708,0.22283272,0.069623835,0.85,0.0,0.0,0
115979076,0.24103394,0.20240463,0.07149953,0.85,0.0,0.0,0
116001709,0.22593713,0.17848404,0.10015212,0.85,0.0,0.0,0
116018992,0.20529492,0.19627243,0.10761847,0.85,0.0,0.0,0
116043945,0.24856518,0.2329342,0.088150665,0.85,0.0,0.0,0
116058918,0.30885404,0.26358995,0.06098503,0.85,0.0,0.0,0
116078877,0.37472352,0.2815288,0.04030877,0.85,0.0,0.0,0
116103825,0.38502324,0.27673182,0.03459971,0.85,0.0,0.0,0
116118806,0.35811785,0.25893864,0.045377653,0.85,0.0,0.0,0
116138757,0.29034287,0.22147885,0.069492355,0.85,0.0,0.0,0
116158729,0.21732804,0.19207351,0.093632795,0.85,0.0,0.0,0
116183666,0.14501424,0.16835704,0.12235708,0.85,0.0,0.0,0
116198794,0.12293236,0.14275613,0.13458903,0.85,0.0,0.0,0
116218573,0.10568408,0.08855433,0.1437097,0.85,0.0,0.0,0
116243524,0.07828083,0.012454117,0.16001993,0.85,0.0,0.0,0
116258510,0.07531649,-0.0051759086,0.15883371,0.85,0.0,0.0,0
116278449,0.12619452,-0.004823734,0.13681132,0.85,0.0,0.0,0
116303437,0.21899492,0.012820147,0.10399764,0.85,0.0,0.0,0
116323359,0.27135664,0.024850128,0.08691299,0.85,0.0,0.0,0
116338328,0.28044358,0.021732032,0.082948364,0.85,0.0,0.0,0
116358297,0.23389632,0.0026162197,0.10479516,0.85,0.0,0.0,0
116383247,0.09189672,-0.029591553,0.1599186,0.85,0.0,0.0,0
116398375,-0.013952364,-0.04495571,0.20807326,0.85,0.0,0.0,0
116418164,-0.13040154,-0.03709711,0.24899188,0.85,0.0,0.0,0
116443118,-0.1876628,-0.033847056,0.25086892,0.85,0.0,0.0,0
116463069,-0.19795428,-0.067298606,0.25225425,0.85,0.0,0.0,0
116478034,-0.19895487,-0.10279756,0.25540334,0.85,0.0,0.0,0
116502996,-0.17083424,-0.14427906,0.20422162,0.85,0.0,0.0,0
116522957,-0.12047701,-0.11641113,0.19666435,0.85,0.0,0.0,0
116537955,-0.043374322,-0.08151996,0.16853581,0.85,0.0,0.0,0
116557871,0.049558025,-0.04557406,0.13444993,0.85,0.0,0.0,0
116582832,0.12108734,-0.013520033,0.10931562,0.85,0.0,0.0,0
116602811,0.05185762,-0.005594313,0.18499336,0.85,0.0,0.0,0
116617766,-0.014979357,-0.01660434,0.21644068,0.85,0.0,0.0,0
116642704,-0.13501556,-0.02513886,0.26724267,0.85,0.0,0.0,0
116662664,-0.20211528,-0.015916182,0.27122092,0.85,0.0,0.0,0
116677702,-0.2340057,-0.018680068,0.26726046,0.85,0.0,0.0,0
116702589,-0.237924,-0.053778023,0.25166315,0.85,0.0,0.0,0
116722531,-0.23750469,-0.09009696,0.25226924,0.85,0.0,0.0,0
116742507,-0.23511972,-0.088589385,0.2493783,0.85,0.0,0.0,0
116757454,-0.20169954,-0.063699044,0.24500482,0.85,0.0,0.0,0
116782462,-0.111159354,-0.022177981,0.22898468,0.85,0.0,0.0,0
116802424,-0.059298854,0.015137492,0.24105044,0.85,0.0,0.0,0
116817329,-0.0032826567,0.04048726,0.21157241,0.85,0.0,0.0,0
116842283,-0.032981243,0.06749227,0.22855969,0.85,0.0,0.0,0
116862234,-0.12894091,0.07647509,0.274762,0.85,0.0,0.0,0
116882194,-0.19879405,0.07277888,0.2794355,0.85,0.0,0.0,0
116897172,-0.23415747,0.0779527,0.207264,0.85,0.0,0.0,0
116922117,-0.2126753,0.073836155,0.20222138,0.85,0.0,0.0,0
116942128,-0.20469558,0.053507175,0.20393446,0.85,0.0,0.0,0
116957036,-0.19259022,0.028575286,0.20480977,0.85,0.0,0.0,0
116982029,-0.19731872,0.04848643,0.20326631,0.85,0.0,0.0,0
117001950,-0.15823306,0.08348996,0.18853414,0.85,0.0,0.0,0
117021905,-0.081643455,0.12306472,0.17869088,0.85,0.0,0.0,0
117041866,-0.0010497512,0.15326132,0.14468685,0.85,0.0,0.0,0
117061826,0.062967785,0.17877632,0.119883224,0.85,0.0,0.0,0
117081819,0.026715914,0.19496794,0.1342956,0.85,0.0,0.0,0
117096761,-0.03668801,0.1833349,0.10560802,0.85,0.0,0.0,0
117121702,-0.08976328,0.14439596,0.120353766,0.85,0.0,0.0,0
117141658,-0.122878544,0.12213887,0.12087058,0.85,0.0,0.0,0
117161623,-0.15178192,0.09001039,0.121399835,0.85,0.0,0.0,0
117181627,-0.1562966,0.032737397,0.12800547,0.85,0.0,0.0,0
117201537,-0.19189559,-0.02843043,0.18528438,0.85,0.0,0.0,0
117221512,-0.19082738,-0.08025364,0.1893651,0.85,0.0,0.0,0
117241506,-0.15157273,-0.08492675,0.18604104,0.85,0.0,0.0,0
117261403,-0.08016518,-0.07803755,0.1712808,0.85,0.0,0.0,0
117281372,-0.0037314661,-0.07220833,0.13970916,0.85,0.0,0.0,0
117301331,0.050863758,-0.067229316,0.10345954,0.85,0.0,0.0,0
117321287,0.034998395,-0.07743719,0.109934375,0.85,0.0,0.0,0
117341245,-0.028967816,-0.11585317,0.13480322,0.85,0.0,0.0,0
117361239,-0.09899063,-0.14212626,0.1533038,0.85,0.0,0.0,0
117381218,-0.14171927,-0.1462485,0.15466687,0.85,0.0,0.0,0
117401127,-0.17336245,-0.148456,0.13834466,0.85,0.0,0.0,0
117421076,-0.17180127,-0.17690662,0.14031626,0.85,0.0,0.0,0
117441045,-0.17962205,-0.21267983,0.14373648,0.85,0.0,0.0,0
117460997,-0.20023338,-0.23976022,0.14835855,0.85,0.0,0.0,0
117480957,-0.18281732,-0.22397357,0.14447813,0.84895355,0.0,0.0,0
117500914,-0.1342229,-0.19411263,0.30423093,0.84825146,0.0,0.0,0
117520936,-0.19727622,-0.14981835,0.29903296,0.8486173,0.0,0.0,0
117540836,-0.15279073,-0.12683909,0.27845606,0.8498251,0.0,0.0,0
117560800,-0.18050195,-0.10968724,0.29596674,0.85,0.0,0.0,0
117580896,-0.23617929,-0.11097084,0.28696147,0.85,0.0,0.0,0
117600713,-0.27751413,-0.12918085,0.1757957,0.85,0.0,0.0,0
117620668,-0.23413162,-0.14384973,0.17326444,0.85,0.0,0.0,0
117640630,-0.25904596,-0.13972013,0.16706382,0.85,0.0,0.0,0
117660578,-0.26903433,-0.15716149,0.16742806,0.85,0.0,0.0,0
117680552,-0.2652676,-0.18731058,0.16877057,0.8493433,0.0,0.0,0
117700491,-0.28420836,-0.19545913,0.20972022,0.8480689,0.0,0.0,0
117720455,-0.2944411,-0.14854053,0.2042462,0.84775394,0.0,0.0,0
117740418,-0.25112638,-0.096810155,0.20189437,0.84878856,0.0,0.0,0
117760383,-0.20359012,-0.059641983,0.19741024,0.85,0.0,0.0,0
117780520,-0.16483635,-0.016966887,0.19255373,0.85,0.0,0.0,0
117800293,-0.18633273,0.022968063,0.1137618,0.85,0.0,0.0,0
117820262,-0.19148362,0.034389306,0.10643633,0.85,0.0,0.0,0
117840245,-0.24993137,0.028646102,0.10296394,0.85,0.0,0.0,0
117860192,-0.29102728,0.041792303,0.096294165,0.85,0.0,0.0,0
117880191,-0.31294328,0.05226049,0.08813893,0.85,0.0,0.0,0
117900124,-0.3102152,0.036573693,0.09344063,0.85,0.0,0.0,0
117920104,-0.2977534,0.0067703733,0.09682569,0.85,0.0,0.0,0
117939996,-0.3037764,-0.0024499162,0.09775821,0.85,0.0,0.0,0
117959966,-0.27448332,0.0225089,0.09208727,0.85,0.0,0.0,0
117980019,-0.20549142,0.054809082,0.089733176,0.85,0.0,0.0,0
117999881,-0.13890243,0.07406102,0.09916013,0.85,0.0,0.0,0
118019831,-0.078609765,0.094882876,0.09826474,0.85,0.0,0.0,0
118039796,-0.10127501,0.10956352,0.097394876,0.85,0.0,0.0,0
118059796,-0.15541278,0.08765803,0.0984344,0.85,0.0,0.0,0
118079713,-0.22408979,0.065225184,0.09069382,0.85,0.0,0.0,0
118099687,-0.27564633,0.051610567,0.07791469,0.85,0.0,0.0,0
118119630,-0.3144431,0.04110892,0.071264,0.85,0.0,0.0,0
118144588,-0.34182552,0.00788009,0.072824545,0.85,0.0,0.0,0
118159562,-0.3508955,-0.027968885,0.0743645,0.85,0.0,0.0,0
118179607,-0.3573093,-0.06278948,0.0792292,0.85,0.0,0.0,0
118199482,-0.35164717,-0.045721337,0.086877465,0.85,0.0,0.0,0
118219422,-0.30423617,-0.009704266,0.083708584,0.85,0.0,0.0,0
118239380,-0.2552003,0.017235076,0.07823039,0.85,0.0,0.0,0
118259356,-0.20915546,0.0479397,0.07431382,0.85,0.0,0.0,0
118284274,-0.243219,0.072853595,0.07101847,0.85,0.0,0.0,0
118299273,-0.29316914,0.06624883,0.056319896,0.85,0.0,0.0,0
118319229,-0.3521071,0.05788551,0.05536844,0.85,0.0,0.0,0
118339193,-0.40500712,0.059033863,0.045510665,0.85,0.0,0.0,0
118359231,-0.44159502,0.0653557,0.032950092,0.85,0.0,0.0,0
118379154,-0.45206082,0.05146336,0.02836748,0.85,0.0,0.0,0
118399044,-0.4457441,0.0173347,0.02485794,0.85,0.0,0.0,0
118423986,-0.4570611,-0.016575065,0.032726772,0.85,0.0,0.0,0
118438968,-0.46263936,0.005008991,0.026244432,0.85,0.0,0.0,0
118458918,-0.4309857,0.038118258,0.022879103,0.85,0.0,0.0,0
118483879,-0.38219097,0.055663418,0.018562496,0.85,0.0,0.0,0
118498851,-0.3501892,0.0727145,0.022871085,0.85,0.0,0.0,0
118518834,-0.34497657,0.08397148,0.021541549,0.85,0.0,0.0,0
118538766,-0.38138816,0.06140859,0.018464427,0.85,0.0,0.0,0
118563738,-0.44241944,0.027520137,0.02294158,0.85,0.0,0.0,0
118578704,-0.47923416,0.014188047,0.013995764,0.85,0.0,0.0,0
118598633,-0.50966305,0.01584075,0.003984779,0.85,0.0,0.0,0
118623613,-0.5185863,0.0022204188,0.002866151,0.85,0.0,0.0,0
118638545,-0.530917,-0.020018402,0.008724097,0.85,0.0,0.0,0
118658496,-0.53285885,-0.03893841,0.013502222,0.85,0.0,0.0,0
118683449,-0.53238606,-0.005145256,0.0097286105,0.85,0.0,0.0,0
118703404,-0.48176026,0.038687054,-0.0040789237,0.85,0.0,0.0,0
118718376,-0.46139687,0.06483906,-0.006279083,0.85,0.0,0.0,0
118738339,-0.42059577,0.09417168,-0.009858087,0.85,0.0,0.0,0
118763336,-0.41084504,0.11547792,-0.014689846,0.85,0.0,0.0,0
118778286,-0.43700024,0.115935154,-0.012098795,0.85,0.0,0.0,0
118798244,-0.48805192,0.08410099,-0.0004499773,0.85,0.0,0.0,0
118823151,-0.54452044,0.08043551,0.010755695,0.85,0.0,0.0,0
118843119,-0.5780826,0.08473037,0.01675372,0.85,0.0,0.0,0
118858085,-0.60561246,0.07189878,0.025770273,0.85,0.0,0.0,0
118883035,-0.6244023,0.040106304,0.041003123,0.85,0.0,0.0,0
118903061,-0.63728863,0.01383023,0.04176451,0.85,0.0,0.0,0
118917975,-0.6367699,0.03528607,0.03697216,0.85,0.0,0.0,0
118937916,-0.6018179,0.0772536,0.027716443,0.85,0.0,0.0,0
118963030,-0.53882605,0.11610453,0.02610066,0.85,0.0,0.0,0
118982823,-0.47461376,0.14827576,0.026074044,0.85,0.0,0.0,0
118997806,-0.466205,0.17312281,0.069112726,0.85,0.0,0.0,0
119022741,-0.5413908,0.18734896,0.07321937,0.85,0.0,0.0,0
119042695,-0.5840894,0.17835885,0.08085532,0.85,0.0,0.0,0
119057683,-0.6228922,0.17740308,0.09996913,0.85,0.0,0.0,0
119082615,-0.66486204,0.19165622,0.11120043,0.85,0.0,0.0,0
119102587,-0.68794805,0.18274547,0.12124704,0.85,0.0,0.0,0
119122548,-0.7004811,0.15918607,0.14218698,0.85,0.0,0.0,0
119137506,-0.7035237,0.15768941,0.1479618,0.85,0.0,0.0,0
119162626,-0.68596244,0.1854949,0.14493078,0.85,0.0,0.0,0
119182423,-0.6426025,0.2336203,0.14061397,0.85,0.0,0.0,0
119197385,-0.6148433,0.26948947,0.14257671,0.85,0.0,0.0,0
119222335,-0.5575561,0.29299486,0.14855364,0.85,0.0,0.0,0
119242292,-0.5622285,0.3039227,0.15362337,0.85,0.0,0.0,0
119257255,-0.594107,0.30304644,0.15359229,0.85,0.0,0.0,0
119277214,-0.66400766,0.29599097,0.14833476,0.85,0.0,0.0,0
119302190,-0.70487386,0.3041046,0.060433593,0.85,0.0,0.0,0
119322118,-0.7629625,0.33655253,0.06900836,0.85,0.0,0.0,0
119337089,-0.78188974,0.35397944,0.068169534,0.85,0.0,0.0,0
119362143,-0.76703405,0.34567928,0.08562989,0.85,0.0,0.0,0
119381993,-0.7418375,0.33786786,0.08990136,0.85,0.0,0.0,0
119401956,-0.7028533,0.3389151,0.07481951,0.85,0.0,0.0,0
119421909,-0.64062184,0.36244318,0.081938736,0.85,0.0,0.0,0
119441924,-0.56798965,0.37547866,0.09144085,0.85,0.0,0.0,0
119459361,-0.498993,0.3772749,0.07006601,0.85,0.0,0.0,0
119476794,-0.4476617,0.37801,0.05366445,0.85,0.0,0.0,0
119501743,-0.5155634,0.36194056,0.11262075,0.85,0.0,0.0,0
119521743,-0.5967022,0.33765778,0.14986475,0.85,0.0,0.0,0
119541682,-0.6609322,0.33338568,0.17019865,0.85,0.0,0.0,0
119561708,-0.69936264,0.3347276,0.177225,0.85,0.0,0.0,0
119581578,-0.7074465,0.31881753,0.18432154,0.85,0.0,0.0,0
119601572,-0.6731144,0.2729205,0.15106395,0.85,0.0,0.0,0
119621493,-0.62446064,0.227357,0.13597043,0.85,0.0,0.0,0
119641460,-0.60904706,0.20473365,0.12353133,0.85,0.0,0.0,0
119661412,-0.54416335,0.21116792,0.094642036,0.85,0.0,0.0,0
119681374,-0.4584489,0.21912383,0.05190123,0.85,0.0,0.0,0
119701328,-0.3659471,0.22924922,0.010660211,0.85,0.0,0.0,0
119721290,-0.31370637,0.24095954,-0.008789424,0.85,0.0,0.0,0
119741295,-0.33987644,0.2296004,0.003525464,0.85,0.0,0.0,0
119761257,-0.385711,0.21371406,0.025409393,0.85,0.0,0.0,0
119781177,-0.41389203,0.22163072,0.0378229,0.85,0.0,0.0,0
119801123,-0.44249794,0.24715652,0.0361842,0.85,0.0,0.0,0
119821082,-0.445138,0.257607,0.038798533,0.85,0.0,0.0,0
119841039,-0.426991,0.24527206,0.030563042,0.85,0.0,0.0,0
119861002,-0.39501765,0.22809955,0.02341642,0.85,0.0,0.0,0
119880964,-0.39390635,0.22416408,0.018568438,0.85,0.0,0.0,0
119900937,-0.3524783,0.2412796,0.0027297984,0.85,0.0,0.0,0
119920885,-0.28098,0.25483188,-0.027653474,0.85,0.0,0.0,0
119940888,-0.20171613,0.2627081,-0.056842268,0.85,0.0,0.0,0
119960819,-0.14896548,0.26291242,-0.07370456,0.85,0.0,0.0,0
119980762,-0.14273708,0.23507729,-0.07354069,0.85,0.0,0.0,0
120000732,-0.16785777,0.19504075,-0.078205705,0.85,0.0,0.0,0
120020670,-0.15991971,0.18010554,-0.07438572,0.85,0.0,0.0,0
120040633,-0.1633904,0.18237773,-0.06945385,0.85,0.0,0.0,0
120060595,-0.15492426,0.17843698,-0.06759987,0.85,0.0,0.0,0
120080546,-0.13679765,0.14306545,-0.07589972,0.85,0.0,0.0,0
120100495,-0.11598562,0.12299376,-0.13808723,0.85,0.0,0.0,0
120120459,-0.10256551,0.11154341,-0.13524167,0.85,0.0,0.0,0
120140472,-0.062046785,0.12573405,-0.16461499,0.85,0.0,0.0,0
120160396,0.0115916,0.1509199,-0.22221316,0.85,0.0,0.0,0
120180330,0.09442287,0.17883727,-0.27562976,0.85,0.0,0.0,0
120200319,0.15284424,0.20679964,-0.10045318,0.85,0.0,0.0,0
120220264,0.025020327,0.17583114,-0.091852956,0.85,0.0,0.0,0
120240245,-0.040319372,0.16270955,-0.070281476,0.85,0.0,0.0,0
120260204,-0.089191124,0.17259689,-0.05527892,0.85,0.0,0.0,0
120280209,-0.12005833,0.20596565,-0.044119537,0.85,0.0,0.0,0
120300121,-0.12665604,0.23043181,-0.039244354,0.85,0.0,0.0,0
120320046,-0.117030665,0.21292666,-0.042698316,0.85,0.0,0.0,0
120340045,-0.09956778,0.20217395,-0.046226166,0.85,0.0,0.0,0
120359962,-0.11994943,0.20767024,-0.042880174,0.85,0.0,0.0,0
120384913,-0.0827366,0.22396849,-0.053643238,0.85,0.0,0.0,0
120399891,-0.05248734,0.22476734,-0.12980019,0.85,0.0,0.0,0
120419855,0.02098127,0.22334959,-0.14791697,0.85,0.0,0.0,0
120439805,0.044600345,0.20899554,-0.15653408,0.85,0.0,0.0,0
120459752,0.04072885,0.17579535,-0.15172051,0.85,0.0,0.0,0
120479711,0.0007170385,0.12371413,-0.12660113,0.85,0.0,0.0,0
120499680,-0.043297425,0.09569372,-0.07429652,0.85,0.0,0.0,0
120524636,-0.10580767,0.09585853,-0.05459159,0.85,0.0,0.0,0
120539650,-0.113783866,0.07735575,-0.047726236,0.85,0.0,0.0,0
120559568,-0.117359854,0.03737545,-0.04731031,0.85,0.0,0.0,0
120579508,-0.1095394,-0.010733492,-0.051122557,0.85,0.0,0.0,0
120599461,-0.11743182,-0.01425374,-0.04218562,0.85,0.0,0.0,0
120619416,-0.08370413,0.006102865,-0.05655723,0.85,0.0,0.0,0
120639382,-0.007497,0.03845012,-0.08544067,0.85,0.0,0.0,0
120664325,0.087089315,0.049455814,-0.10397419,0.85,0.0,0.0,0
120679315,0.109236605,0.053169828,-0.09967494,0.85,0.0,0.0,0
120699315,0.07894608,0.03255067,-0.14361185,0.85,0.0,0.0,0
120719250,0.039367106,-0.0027306848,-0.1164557,0.85,0.0,0.0,0
120739260,-0.03990568,-0.035859287,-0.08001195,0.85,0.0,0.0,0
120759159,-0.11249265,-0.050150648,-0.0448931,0.85,0.0,0.0,0
120779084,-0.15388887,-0.058484316,-0.025070842,0.85,0.0,0.0,0
120804035,-0.15130714,-0.093700245,-0.030725168,0.85,0.0,0.0,0
120819013,-0.11881258,-0.12464361,-0.048743412,0.85,0.0,0.0,0
120839028,-0.11415578,-0.12598316,-0.048764955,0.85,0.0,0.0,0
120863905,-0.054781955,-0.07809946,-0.081733316,0.85,0.0,0.0,0
120878884,-0.003476173,-0.03245987,-0.10965552,0.85,0.0,0.0,0
120898850,0.069222875,0.018956747,-0.10817155,0.85,0.0,0.0,0
120918832,0.09617729,0.0677144,-0.1062984,0.85,0.0,0.0,0
120943839,0.06083688,0.08455607,-0.10229242,0.85,0.0,0.0,0
120958740,-0.00038843174,0.07903626,-0.074164964,0.85,0.0,0.0,0
120978711,-0.100249425,0.066677414,-0.03574063,0.85,0.0,0.0,0
121003622,-0.19761921,0.08021767,0.0029747074,0.85,0.0,0.0,0
121018587,-0.22378846,0.07819357,0.013296087,0.85,0.0,0.0,0
121038546,-0.21803953,0.052119188,0.009110733,0.85,0.0,0.0,0
121063503,-0.1747428,0.0079887705,-0.008299336,0.85,0.0,0.0,0
121083462,-0.14240062,0.013104014,-0.023705006,0.85,0.0,0.0,0
121098428,-0.096210174,0.036631335,-0.0366882,0.85,0.0,0.0,0
121118464,-0.0064030318,0.07333289,-0.069851875,0.85,0.0,0.0,0
121143403,0.10188568,0.1100201,-0.08169581,0.85,0.0,0.0,0
121158316,0.15380743,0.13949089,-0.075552024,0.85,0.0,0.0,0
121178248,0.14152493,0.13717318,-0.0729555,0.85,0.0,0.0,0
121203213,0.088106066,0.11071926,-0.10356481,0.85,0.0,0.0,0
121223161,0.034251977,0.08533541,-0.09027576,0.85,0.0,0.0,0
121238135,-0.007610682,0.07031822,-0.06827233,0.85,0.0,0.0,0
121263080,-0.05076017,0.0540384,-0.04677265,0.85,0.0,0.0,0
121283043,-0.0439004,0.013865112,-0.048505273,0.85,0.0,0.0,0
121298006,-0.034577392,-0.025153665,-0.09075184,0.85,0.0,0.0,0
121317972,-0.005763846,-0.02862577,-0.09545927,0.85,0.0,0.0,0
121342956,0.05280954,0.004338609,-0.13763738,0.85,0.0,0.0,0
121362875,0.13036405,0.05456593,-0.15182015,0.85,0.0,0.0,0
121377882,0.17377087,0.09410296,-0.14777581,0.85,0.0,0.0,0
121402796,0.19157594,0.120603375,-0.0572274,0.85,0.0,0.0,0
121422785,0.1937676,0.12867899,-0.052026484,0.85,0.0,0.0,0
121437726,0.16998465,0.12509367,-0.053327203,0.85,0.0,0.0,0
121457669,0.14471649,0.12463009,-0.05213779,0.85,0.0,0.0,0
121482623,0.10894846,0.1539012,-0.045044057,0.85,0.0,0.0,0
121502595,0.10598873,0.17496449,-0.05108078,0.85,0.0,0.0,0
121517584,0.121980935,0.15371077,-0.044909954,0.85,0.0,0.0,0
121542528,0.12597227,0.13455316,-0.04169931,0.85,0.0,0.0,0
121562455,0.12141378,0.14172482,-0.042491887,0.85,0.0,0.0,0
121577420,0.13934642,0.1488868,-0.04344154,0.85,0.0,0.0,0
121602370,0.21265677,0.17140701,-0.03188445,0.85,0.0,0.0,0
121622341,0.26920256,0.18073745,-0.025825936,0.85,0.0,0.0,0
121642295,0.31015345,0.18591866,-0.02052745,0.85,0.0,0.0,0
121657331,0.29791743,0.17995413,-0.016517518,0.85,0.0,0.0,0
121682216,0.22763985,0.14003228,-0.023140764,0.85,0.0,0.0,0
121702163,0.18747132,0.116262995,-0.0429165,0.85,0.0,0.0,0
121717142,0.16189058,0.11089447,-0.033798512,0.85,0.0,0.0,0
121742085,0.11474022,0.104499534,-0.02599095,0.85,0.0,0.0,0
121762043,0.124388084,0.058967736,-0.01822608,0.85,0.0,0.0,0
121781993,0.14597201,0.017220033,-0.014369672,0.85,0.0,0.0,0
121801982,0.15122895,0.006479687,-0.0066937273,0.85,0.0,0.0,0
121821968,0.19077288,0.018176995,-0.005294955,0.85,0.0,0.0,0
121841872,0.24679722,0.049542334,-0.0035709022,0.85,0.0,0.0,0
121856843,0.29212308,0.07293792,0.0011868161,0.85,0.0,0.0,0
121881801,0.34155974,0.11053132,0.008562869,0.85,0.0,0.0,0
121901749,0.31546864,0.122026265,0.010223002,0.85,0.0,0.0,0
121921760,0.23858786,0.118061185,0.0056345807,0.85,0.0,0.0,0
121941672,0.15874153,0.11924915,0.0040718704,0.85,0.0,0.0,0
121961626,0.08408355,0.11958778,0.003664745,0.85,0.0,0.0,0
121981581,0.048680637,0.1172264,-0.0016122974,0.85,0.0,0.0,0
122001551,0.049266927,0.08769026,-0.009595208,0.85,0.0,0.0,0
122021503,0.04784263,0.04156946,-0.009420585,0.85,0.0,0.0,0
122041457,0.043830417,0.024528245,-0.00893847,0.85,0.0,0.0,0
122061423,0.08502221,0.040158384,-0.010236022,0.85,0.0,0.0,0
122081401,0.15817067,0.0669354,-0.007829928,0.85,0.0,0.0,0
122101334,0.22760062,0.0862139,-0.005129552,0.85,0.0,0.0,0
122121336,0.27153596,0.10354727,-0.0073053367,0.85,0.0,0.0,0
122141251,0.24748172,0.094018966,-0.014246337,0.85,0.0,0.0,0
122161213,0.17940673,0.066554226,-0.015329233,0.85,0.0,0.0,0
122181173,0.11396016,0.04558195,-0.015926601,0.85,0.0,0.0,0
122201132,0.05586741,0.03153572,-0.0034236715,0.85,0.0,0.0,0
122221127,0.004067949,0.021431789,0.014498454,0.85,0.0,0.0,0
122241047,0.0018879805,-0.014623108,0.018985223,0.85,0.0,0.0,0
122261009,0.0044790683,-0.064894825,0.019919561,0.85,0.0,0.0,0
122280963,-0.0018264679,-0.10875469,0.021431275,0.85,0.0,0.0,0
122300932,0.04031605,-0.10010835,0.004283356,0.85,0.0,0.0,0
122321042,0.12182713,-0.07595609,-0.023939062,0.85,0.0,0.0,0
122340836,0.19518133,-0.056480147,-0.026998615,0.85,0.0,0.0,0
122360829,0.24324438,-0.0385842,-0.028821195,0.85,0.0,0.0,0
122380753,0.22906835,-0.0456582,-0.030718511,0.85,0.0,0.0,0
122400717,0.17498446,-0.085158415,-0.036043026,0.85,0.0,0.0,0
122420665,0.0974677,-0.12804021,-0.0120715955,0.85,0.0,0.0,0
122440648,0.025918223,-0.14401497,0.017854922,0.85,0.0,0.0,0
122460583,-0.019497883,-0.15062484,0.03454022,0.85,0.0,0.0,0
122480539,-0.022032632,-0.17972213,0.039873544,0.85,0.0,0.0,0
122500550,-0.024926245,-0.22113122,0.042956587,0.8478449,0.0,0.0,0
122520588,-0.036518477,-0.25711846,0.04527279,0.84560466,0.0,0.0,0
122540428,-0.020272283,-0.24963407,0.041218676,0.8433417,0.0,0.0,0
122560375,0.044534363,-0.20726871,0.014633807,0.84180164,0.0,0.0,0
122580331,0.11868183,-0.16945466,-0.01622631,0.84184027,0.0,0.0,0
122600328,0.18989256,-0.13425371,-0.080925964,0.8423201,0.0,0.0,0
122620263,0.22260118,-0.106912255,-0.08174316,0.8438048,0.0,0.0,0
122640251,0.16607846,-0.103996195,-0.045475684,0.84590644,0.0,0.0,0
122660201,0.090046324,-0.10735029,-0.0033299748,0.8479668,0.0,0.0,0
122680170,0.04029752,-0.10444192,0.028129686,0.8496078,0.0,0.0,0
122700142,0.01203622,-0.10215498,0.033089384,0.85,0.0,0.0,0
122720188,0.028191827,-0.124290735,0.033538572,0.84998345,0.0,0.0,0
122740019,0.05169907,-0.16367486,0.022681821,0.8493967,0.0,0.0,0
122760007,0.064404145,-0.16755262,0.021040233,0.849188,0.0,0.0,0
122779917,0.069360085,-0.14324625,0.015474479,0.84998006,0.0,0.0,0
122799879,0.12165989,-0.09048138,-0.007516005,0.85,0.0,0.0,0
122819837,0.20035239,-0.047177333,-0.039179005,0.85,0.0,0.0,0
122839802,0.26839128,-0.012274424,-0.06096796,0.85,0.0,0.0,0
122859760,0.27272102,0.008007831,-0.062019423,0.85,0.0,0.0,0
122879718,0.22054759,0.005716945,-0.04016086,0.85,0.0,0.0,0
122904770,0.111516945,-0.00023362521,0.002248969,0.85,0.0,0.0,0
122914780,0.07791307,0.0059143896,0.0134500135,0.85,0.0,0.0,0
122939592,0.01177198,0.010806191,0.036179747,0.85,0.0,0.0,0
122959554,-0.0035510303,-0.011831877,0.04653541,0.85,0.0,0.0,0
122979507,-0.006839773,-0.05447584,0.04979692,0.85,0.0,0.0,0
122999470,-0.010311897,-0.08739662,0.046067,0.85,0.0,0.0,0
123019431,0.010673474,-0.079009816,0.03834889,0.85,0.0,0.0,0
123044362,0.10574982,-0.049166992,0.0058005177,0.85,0.0,0.0,0
123059383,0.16626762,-0.02654069,-0.014002185,0.85,0.0,0.0,0
123079317,0.22460155,-0.0042118896,-0.02881584,0.85,0.0,0.0,0
123099286,0.2233388,-0.006428596,-0.032779846,0.85,0.0,0.0,0
123119299,0.16331702,-0.02945472,-0.004580329,0.85,0.0,0.0,0
123139196,0.04701954,-0.056531444,0.041835546,0.85,0.0,0.0,0
123159149,-0.061561815,-0.068696156,0.071743004,0.85,0.0,0.0,0
123184075,-0.12984186,-0.071711734,0.07392019,0.85,0.0,0.0,0
123199081,-0.14301808,-0.094758146,0.05956206,0.85,0.0,0.0,0
123219002,-0.13839447,-0.13943735,0.062845394,0.85,0.0,0.0,0
123243953,-0.1445422,-0.18435434,0.06640309,0.85,0.0,0.0,0
123258966,-0.14184569,-0.19043492,0.06698381,0.85,0.0,0.0,0
123278890,-0.10684391,-0.16245148,0.06502163,0.85,0.0,0.0,0
123298896,-0.05599333,-0.1387796,0.091610685,0.85,0.0,0.0,0
123323841,0.0028853111,-0.11262845,0.06652752,0.85,0.0,0.0,0
123338811,0.0045393347,-0.08931153,0.06965146,0.85,0.0,0.0,0
123358748,-0.058847904,-0.09268165,0.09193147,0.85,0.0,0.0,0
123383664,-0.15471153,-0.11110111,0.0939393,0.85,0.0,0.0,0
123398657,-0.20848979,-0.113670096,0.11113522,0.85,0.0,0.0,0
123418588,-0.27482346,-0.09132421,0.10793655,0.85,0.0,0.0,0
123443539,-0.2905522,-0.079119906,0.11049638,0.85,0.0,0.0,0
123463528,-0.2747961,-0.09639464,0.11128121,0.85,0.0,0.0,0
123478463,-0.26505983,-0.11498421,0.110895604,0.85,0.0,0.0,0
123498468,-0.24160917,-0.0860154,0.06990938,0.84914666,0.0,0.0,0
123523364,-0.15541774,-0.032429848,0.06488175,0.8493931,0.0,0.0,0
123538339,-0.09825036,0.001276509,0.064631574,0.85,0.0,0.0,0
123558310,-0.02328765,0.038055945,0.05963551,0.85,0.0,0.0,0
123583253,0.0400427,0.072989784,0.037109748,0.85,0.0,0.0,0
123603237,0.00583505,0.09020078,0.045330144,0.85,0.0,0.0,0
123618172,-0.06184982,0.08725584,0.051651675,0.85,0.0,0.0,0
123643117,-0.1422143,0.084698014,0.04523835,0.85,0.0,0.0,0
123663082,-0.17501609,0.091593646,0.04396969,0.85,0.0,0.0,0
123678055,-0.1806314,0.08046585,0.04748093,0.85,0.0,0.0,0
123698043,-0.16860399,0.04594251,0.055998053,0.85,0.0,0.0,0
123722965,-0.15276569,0.0011598476,0.06077869,0.85,0.0,0.0,0
123742938,-0.124168225,-0.0080007315,0.061673746,0.84966934,0.0,0.0,0
123757880,-0.07678557,0.016094668,0.06139993,0.84940183,0.0,0.0,0
123782824,0.0127883945,0.032910008,0.04478096,0.85,0.0,0.0,0
123802787,0.07634255,0.04766667,0.03767483,0.85,0.0,0.0,0
123817756,0.11382565,0.06122671,0.020913146,0.85,0.0,0.0,0
123837730,0.10193878,0.057779096,0.030091358,0.85,0.0,0.0,0
123862666,0.011058904,0.0235204,0.07604872,0.85,0.0,0.0,0
123882690,-0.05297303,0.004420121,0.10200512,0.85,0.0,0.0,0
123897651,-0.075451426,-0.0051466785,0.078737274,0.85,0.0,0.0,0
123922538,-0.056556176,-0.027530892,0.08287338,0.85,0.0,0.0,0
123942497,-0.028235162,-0.06781103,0.078420326,0.85,0.0,0.0,0
123957465,-0.0023657207,-0.104385175,0.070427746,0.85,0.0,0.0,0
123982430,-0.003923009,-0.105021715,0.06990842,0.85,0.0,0.0,0
124002379,0.017526703,-0.06792675,0.08700971,0.85,0.0,0.0,0
124022337,0.12694275,-0.039280932,0.020037225,0.85,0.0,0.0,0
124037292,0.2163012,-0.011713078,-0.031344604,0.85,0.0,0.0,0
124062244,0.30536047,0.024483338,-0.08044654,0.85,0.0,0.0,0
124082216,0.29510495,0.015361259,-0.06768693,0.85,0.0,0.0,0
124097342,0.24448028,0.0028393327,-0.019564547,0.85,0.0,0.0,0
124122121,0.19649,0.008094732,-0.0068332325,0.85,0.0,0.0,0
124142081,0.17823511,0.016649062,0.0027063824,0.85,0.0,0.0,0
124162040,0.18110076,0.015407083,0.009362196,0.85,0.0,0.0,0
124182054,0.20010303,-0.008327367,0.0046858178,0.85,0.0,0.0,0
124201957,0.21220225,-0.017693032,0.0019091695,0.85,0.0,0.0,0
124221910,0.2065657,-0.00014893821,0.0034709782,0.85,0.0,0.0,0
124236881,0.24110834,0.020179827,-0.010439606,0.85,0.0,0.0,0
124261836,0.32827798,0.09329048,-0.037247695,0.85,0.0,0.0,0
124281803,0.3793854,0.123422384,-0.052124303,0.85,0.0,0.0,0
124301859,0.44565135,0.14074004,-0.13267021,0.85,0.0,0.0,0
124321708,0.39739722,0.13273303,-0.09576809,0.85,0.0,0.0,0
124341666,0.27718192,0.10756846,-0.02007688,0.85,0.0,0.0,0
124361623,0.16701597,0.09840783,0.045951672,0.85,0.0,0.0,0
124381597,0.093728065,0.109488204,0.09251843,0.85,0.0,0.0,0
124401543,0.11230777,0.09556447,0.04461993,0.85,0.0,0.0,0
124421491,0.12327594,0.046508387,0.041608647,0.85,0.0,0.0,0
124441476,0.16183245,0.007235281,0.030300008,0.85,0.0,0.0,0
124461418,0.18509498,-0.0041201385,0.022270164,0.85,0.0,0.0,0
124481388,0.24661936,-0.008396258,0.0033179424,0.85,0.0,0.0,0
124501394,0.32817698,-0.009069004,-0.027295915,0.85,0.0,0.0,0
124521286,0.4036974,-0.009848303,-0.051230215,0.85,0.0,0.0,0
124541254,0.43032667,-0.009574991,-0.056408025,0.85,0.0,0.0,0
124561207,0.38430306,-0.027678754,-0.038473204,0.85,0.0,0.0,0
124581191,0.2917409,-0.059474546,-0.0054731574,0.85,0.0,0.0,0
124601117,0.19959529,-0.0674365,0.02692117,0.85,0.0,0.0,0
124621079,0.11861398,-0.06510822,0.056025326,0.85,0.0,0.0,0
124641038,0.08599228,-0.06174037,0.07301632,0.85,0.0,0.0,0
124660996,0.07646081,-0.08020387,0.07971782,0.85,0.0,0.0,0
124680977,0.062485818,-0.10808769,0.08585523,0.85,0.0,0.0,0
124700944,0.04990355,-0.101900056,0.0778275,0.85,0.0,0.0,0
124720924,0.10057094,-0.07130581,0.062228035,0.85,0.0,0.0,0
124740832,0.17395,-0.032198187,0.037871182,0.85,0.0,0.0,0
124760792,0.23757353,0.004950682,0.020913685,0.85,0.0,0.0,0
124780749,0.2796269,0.041344304,0.008002012,0.85,0.0,0.0,0
124800724,0.26477104,0.047888257,0.023298757,0.85,0.0,0.0,0
124820666,0.19213766,0.03625162,0.05551241,0.85,0.0,0.0,0
124840627,0.11735302,0.021488478,0.08643737,0.85,0.0,0.0,0
124860625,0.072757274,0.029629413,0.111381866,0.85,0.0,0.0,0
124880602,0.053841744,0.035476927,0.12719497,0.85,0.0,0.0,0
124900536,0.04683333,0.015454838,0.08430439,0.85,0.0,0.0,0
124920475,0.08152835,-0.012386759,0.08392245,0.85,0.0,0.0,0
124940415,0.092185274,0.007085387,0.079210736,0.85,0.0,0.0,0
124960370,0.13998,0.05166663,0.06038789,0.85,0.0,0.0,0
124980328,0.23040007,0.10012817,0.029461317,0.85,0.0,0.0,0
125000307,0.32682955,0.13483767,0.0018711205,0.85,0.0,0.0,0
125020272,0.39915398,0.17068824,-0.016969744,0.85,0.0,0.0,0
125040253,0.3665994,0.18297432,-0.0045431545,0.85,0.0,0.0,0
125060193,0.28260186,0.16766739,0.019014733,0.85,0.0,0.0,0
125080208,0.19043255,0.13738886,0.04413637,0.85,0.0,0.0,0
125100128,0.122664794,0.12551938,0.09311416,0.85,0.0,0.0,0
125120042,0.07093021,0.11182159,0.11138516,0.85,0.0,0.0,0
125139994,0.06801847,0.0673667,0.117025696,0.85,0.0,0.0,0
125159972,0.073954254,0.0066616535,0.116963245,0.85,0.0,0.0,0
125179917,0.08170815,-0.022343999,0.113392815,0.85,0.0,0.0,0
125199875,0.1289157,-0.020276746,0.07731528,0.85,0.0,0.0,0
125219835,0.23270784,-0.003732748,0.043563124,0.85,0.0,0.0,0
125239797,0.3224525,0.012678114,0.014917288,0.85,0.0,0.0,0
125259753,0.37751693,0.03361648,-0.0027661845,0.85,0.0,0.0,0
125279771,0.35492617,0.027475586,0.008724647,0.85,0.0,0.0,0
125299684,0.26716176,-0.011374142,0.036556587,0.85,0.0,0.0,0
125319679,0.17328025,-0.04814589,0.0662954,0.85,0.0,0.0,0
125339588,0.098492675,-0.059662182,0.09468813,0.85,0.0,0.0,0
125359554,0.051741783,-0.065284684,0.11476169,0.85,0.0,0.0,0
125379503,0.030519394,-0.09467887,0.12477569,0.85,0.0,0.0,0
125399466,0.02087163,-0.13892685,0.10998163,0.85,0.0,0.0,0
125424407,0.02582395,-0.18486398,0.11508097,0.85,0.0,0.0,0
125439373,0.05327094,-0.17327046,0.10338638,0.85,0.0,0.0,0
125459383,0.13482934,-0.15459302,0.07731847,0.85,0.0,0.0,0
125479345,0.22755197,-0.13825768,0.048228502,0.85,0.0,0.0,0
125499271,0.29998815,-0.1228231,0.026982807,0.85,0.0,0.0,0
125519239,0.31256437,-0.13099195,0.023479419,0.85,0.0,0.0,0
125539203,0.27573392,-0.1696159,0.034456186,0.85,0.0,0.0,0
125564123,0.22348829,-0.21117301,0.04870542,0.85,0.0,0.0,0
125579085,0.20823112,-0.2233469,0.056842156,0.85,0.0,0.0,0
125599057,0.20411648,-0.22359295,0.057117797,0.84905875,0.0,0.0,0
125623993,0.23040517,-0.25137287,0.052582923,0.84681356,0.0,0.0,0
125638967,0.23865427,-0.2812128,0.051676895,0.8445423,0.0,0.0,0
125658942,0.23407248,-0.31101888,0.054489315,0.8423207,0.0,0.0,0
125679024,0.2593114,-0.2925626,0.042519554,0.8400738,0.0,0.0,0
125703826,0.3524507,-0.25409463,0.008793854,0.83783585,0.0,0.0,0
125718862,0.44069058,-0.23018043,-0.039256714,0.8380103,0.0,0.0,0
125738758,0.5296252,-0.19960104,-0.09572505,0.84019095,0.0,0.0,0
125763703,0.53668934,-0.17649585,-0.087426715,0.8424372,0.0,0.0,0
125778686,0.48767528,-0.16824852,-0.05964603,0.8446548,0.0,0.0,0
125798646,0.3851488,-0.15614827,-0.0013201131,0.84690076,0.0,0.0,0
125823582,0.3055329,-0.1298885,0.030744247,0.8491457,0.0,0.0,0
125843535,0.26225412,-0.09700456,0.04893276,0.85,0.0,0.0,0
125858564,0.2528958,-0.088755645,0.059163492,0.85,0.0,0.0,0
125878578,0.24650049,-0.08470158,0.06481383,0.8499824,0.0,0.0,0
125903409,0.22530812,-0.06198757,0.094549805,0.8498055,0.0,0.0,0
125918376,0.24244751,-0.0143449,0.08543979,0.85,0.0,0.0,0
125938329,0.3233731,0.051581793,0.042236775,0.85,0.0,0.0,0
125963286,0.4476991,0.11762766,-0.019588428,0.85,0.0,0.0,0
125983241,0.52899086,0.18325098,-0.05919519,0.85,0.0,0.0,0
125998261,0.537803,0.23003529,-0.033427503,0.85,0.0,0.0,0
126018163,0.47791952,0.2575478,-0.016027207,0.85,0.0,0.0,0
126043122,0.356039,0.26753113,0.028043183,0.85,0.0,0.0,0
126058104,0.2926824,0.28629234,0.050041612,0.85,0.0,0.0,0
126078156,0.23153487,0.30261618,0.07335848,0.85,0.0,0.0,0
126102992,0.21665554,0.29376623,0.06493675,0.85,0.0,0.0,0
126122956,0.2069581,0.25947878,0.071391664,0.85,0.0,0.0,0
126137961,0.1978169,0.2578067,0.0735069,0.85,0.0,0.0,0
126162878,0.24028283,0.26678094,0.059976004,0.85,0.0,0.0,0
126182829,0.32891732,0.2881941,0.035602294,0.85,0.0,0.0,0
126197805,0.40385005,0.29464933,0.018218162,0.85,0.0,0.0,0
126217760,0.4816038,0.29763544,-0.0019431582,0.85,0.0,0.0,0
126242706,0.49781254,0.29173848,-0.0026511815,0.85,0.0,0.0,0
126262733,0.428406,0.26793477,0.018840997,0.85,0.0,0.0,0
126277780,0.33872306,0.24383217,0.045473136,0.85,0.0,0.0,0
126302586,0.18384087,0.24268763,0.11593791,0.85,0.0,0.0,0
126322533,0.08738007,0.23904802,0.1540392,0.85,0.0,0.0,0
126337506,0.05370492,0.22110477,0.172138,0.85,0.0,0.0,0
126362460,0.029935777,0.16704239,0.18515548,0.85,0.0,0.0,0
126382420,0.025254605,0.12589619,0.18888348,0.85,0.0,0.0,0
126402376,0.08443105,0.12105824,0.12450669,0.85,0.0,0.0,0
126417336,0.15430418,0.13828829,0.10263905,0.85,0.0,0.0,0
126442282,0.27595165,0.15367727,0.06555097,0.85,0.0,0.0,0
126462301,0.3451715,0.1645333,0.047483876,0.85,0.0,0.0,0
126477261,0.36209187,0.16061808,0.04428895,0.85,0.0,0.0,0
126502159,0.273292,0.1350524,0.09874599,0.85,0.0,0.0,0
126522122,0.15529257,0.10774374,0.1466182,0.85,0.0,0.0,0
126542121,0.038234998,0.100074686,0.18975073,0.85,0.0,0.0,0
126562081,-0.05039129,0.097273625,0.22399864,0.85,0.0,0.0,0
126582010,-0.08008931,0.0716752,0.2392089,0.85,0.0,0.0,0
126601957,-0.0643323,0.01305975,0.20110524,0.85,0.0,0.0,0
126616914,-0.06446454,-0.030264368,0.20440301,0.85,0.0,0.0,0
126641871,-0.064533286,-0.0457881,0.20435736,0.85,0.0,0.0,0
126661875,0.0027767492,-0.025975231,0.17709915,0.85,0.0,0.0,0
126681792,0.08968867,-0.006601155,0.1435318,0.85,0.0,0.0,0
126701782,0.13653444,0.021431763,0.16596386,0.85,0.0,0.0,0
126721708,0.14014979,0.04118626,0.1694744,0.85,0.0,0.0,0
126741662,0.04415779,0.033220805,0.21172114,0.85,0.0,0.0,0
126761627,-0.08796334,0.024899784,0.2700396,0.85,0.0,0.0,0
126781582,-0.19647704,0.025679987,0.29984358,0.85,0.0,0.0,0
126801557,-0.33199832,0.063033566,0.4346066,0.85,0.0,0.0,0
126821493,-0.3469471,0.05802446,0.43715215,0.85,0.0,0.0,0
126841450,-0.34172904,0.023498474,0.4307829,0.85,0.0,0.0,0
126861456,-0.3210325,-0.012529816,0.4294278,0.85,0.0,0.0,0
126881369,-0.30328137,-0.0039665806,0.43182656,0.85,0.0,0.0,0
126901323,-0.11373717,-0.01770885,0.19860473,0.85,0.0,0.0,0
126921310,-0.017958283,-0.0016844101,0.16301826,0.85,0.0,0.0,0
126941253,0.071574055,0.016497497,0.13132544,0.85,0.0,0.0,0
126961256,0.11445096,0.025624212,0.11881034,0.85,0.0,0.0,0
126981156,0.08070281,0.014804833,0.12918061,0.85,0.0,0.0,0
127001129,-0.0049178996,0.0032737325,0.23891543,0.85,0.0,0.0,0
127021080,-0.1387978,0.028331451,0.27140304,0.85,0.0,0.0,0
127041045,-0.19150968,0.03813568,0.27745706,0.85,0.0,0.0,0
127061143,-0.20200148,0.029746123,0.27940068,0.85,0.0,0.0,0
127080953,-0.19111402,-0.008416291,0.28247508,0.85,0.0,0.0,0
127100947,-0.17599896,-0.045145757,0.2881416,0.85,0.0,0.0,0
127120877,-0.16630353,-0.037264105,0.28700423,0.85,0.0,0.0,0
127140824,-0.101154536,-0.008470806,0.25174272,0.85,0.0,0.0,0
127160787,0.011831526,0.019258104,0.1948355,0.85,0.0,0.0,0
127180747,0.1183042,0.046536498,0.14579788,0.85,0.0,0.0,0
127200712,0.18357687,0.061285973,0.08058306,0.85,0.0,0.0,0
127220662,0.1782786,0.06291756,0.090585224,0.85,0.0,0.0,0
127240680,0.101200216,0.059874643,0.117625,0.85,0.0,0.0,0
127260709,0.038028486,0.070559576,0.13293907,0.85,0.0,0.0,0
127280538,0.0065245586,0.082718484,0.14612556,0.85,0.0,0.0,0
127300509,-0.0062236483,0.08052997,0.15388049,0.85,0.0,0.0,0
127320451,0.0036410966,0.04773202,0.15480731,0.85,0.0,0.0,0
127340410,0.007411645,0.011581657,0.15639772,0.85,0.0,0.0,0
127360374,0.005900058,0.019194921,0.1551732,0.85,0.0,0.0,0
127380322,0.049672738,0.04338087,0.13663653,0.85,0.0,0.0,0
127400298,0.13108535,0.067327216,0.08918919,0.85,0.0,0.0,0
127420271,0.21989629,0.08446766,0.06703115,0.85,0.0,0.0,0
127440255,0.25667268,0.088865444,0.055886302,0.85,0.0,0.0,0
127460302,0.22456466,0.075029664,0.06883291,0.85,0.0,0.0,0
127480161,0.13830286,0.04843064,0.09465759,0.85,0.0,0.0,0
127500164,0.06640587,0.039144397,0.23260115,0.85,0.0,0.0,0
127520037,-0.068947196,0.050064556,0.2719662,0.85,0.0,0.0,0
127540002,-0.11679842,0.04579123,0.30277422,0.85,0.0,0.0,0
127559959,-0.13486934,0.009918325,0.3139311,0.85,0.0,0.0,0
127579912,-0.13316852,-0.040693708,0.31390023,0.85,0.0,0.0,0
127599877,-0.13637112,-0.045678426,0.2088152,0.85,0.0,0.0,0
127619829,-0.024777748,-0.04995693,0.18490247,0.85,0.0,0.0,0
127639802,0.05628416,-0.029928872,0.15190452,0.85,0.0,0.0,0
127659862,0.12994698,-0.014260421,0.12403809,0.85,0.0,0.0,0
127679711,0.17662752,-0.007817214,0.10573468,0.85,0.0,0.0,0
127699668,0.15658987,-0.010247817,0.110140584,0.85,0.0,0.0,0
127719650,0.07520846,-0.023481756,0.1391918,0.85,0.0,0.0,0
127739583,-0.0011503148,-0.017784232,0.16285016,0.85,0.0,0.0,0
127759540,-0.060817033,-0.007377896,0.18579587,0.85,0.0,0.0,0
127779504,-0.092966676,0.0011719826,0.19829796,0.85,0.0,0.0,0
127804509,-0.1337146,-0.009960183,0.2695015,0.85,0.0,0.0,0
127819413,-0.13441575,-0.03460257,0.2715325,0.85,0.0,0.0,0
127839394,-0.14738938,-0.019285461,0.27498832,0.85,0.0,0.0,0
127859383,-0.09655346,0.0126762,0.24587114,0.85,0.0,0.0,0
127879307,0.004759668,0.04136361,0.19622864,0.85,0.0,0.0,0
127899272,0.09351878,0.06858258,0.11067092,0.85,0.0,0.0,0
127919225,0.16977671,0.08514058,0.09347105,0.85,0.0,0.0,0
127944152,0.13527003,0.08869133,0.10849445,0.85,0.0,0.0,0
127959127,0.075176775,0.08158973,0.12834492,0.85,0.0,0.0,0
127979074,-0.004238739,0.08007333,0.15215811,0.85,0.0,0.0,0
128004026,-0.0865565,0.10149892,0.19609417,0.85,0.0,0.0,0
128018993,-0.12012608,0.09541011,0.20529391,0.85,0.0,0.0,0
128039004,-0.12604423,0.06615556,0.21156974,0.85,0.0,0.0,0
128058935,-0.12127104,0.022866031,0.21722189,0.85,0.0,0.0,0
128078875,-0.13275373,0.022496445,0.21491943,0.85,0.0,0.0,0
128098840,-0.111783676,0.0457046,0.22185671,0.85,0.0,0.0,0
128118820,-0.044757895,0.0751201,0.18942335,0.85,0.0,0.0,0
128143736,0.04228927,0.08754561,0.15595838,0.85,0.0,0.0,0
128158732,0.080172546,0.08989786,0.14007068,0.85,0.0,0.0,0
128178679,0.066771924,0.084424615,0.14839499,0.85,0.0,0.0,0
128203645,0.00824513,0.053896185,0.14842173,0.85,0.0,0.0,0
128223566,-0.028226469,0.04542153,0.15614393,0.85,0.0,0.0,0
128238588,-0.038386013,0.054587983,0.15978004,0.85,0.0,0.0,0
128258497,-0.04975421,0.049457874,0.16368122,0.85,0.0,0.0,0
128283445,-0.04491512,0.017340912,0.16711508,0.85,0.0,0.0,0
128298416,-0.048293106,-0.01820084,0.16665408,0.85,0.0,0.0,0
128318372,-0.07013453,-0.04892287,0.1800247,0.85,0.0,0.0,0
128343360,-0.072331965,-0.023967352,0.177648,0.85,0.0,0.0,0
128363281,-0.027872521,0.0045343465,0.16229376,0.85,0.0,0.0,0
128378266,0.010132805,0.023263566,0.14911756,0.85,0.0,0.0,0
128398223,0.047751755,0.041952275,0.1398147,0.85,0.0,0.0,0
128423169,0.054043125,0.03656565,0.13764483,0.85,0.0,0.0,0
128438182,0.025126778,0.021590853,0.14711499,0.85,0.0,0.0,0
128458076,-0.027340734,0.011400795,0.16176909,0.85,0.0,0.0,0
128483018,-0.053015523,0.016626788,0.16942987,0.85,0.0,0.0,0
128502988,-0.16347505,0.048432324,0.34746486,0.85,0.0,0.0,0
128517969,-0.1539935,0.031849463,0.34901756,0.85,0.0,0.0,0
128542909,-0.14603621,-0.0020485544,0.34380627,0.85,0.0,0.0,0
128562885,-0.16197683,0.01387563,0.35320404,0.85,0.0,0.0,0
128577831,-0.14611377,0.045697886,0.33912852,0.85,0.0,0.0,0
128597801,-0.07746097,0.091824226,0.14994363,0.85,0.0,0.0,0
128622751,0.08623838,0.10057056,0.11905552,0.85,0.0,0.0,0
128642827,0.15475489,0.11220135,0.09444304,0.85,0.0,0.0,0
128657664,0.1294947,0.12147835,0.106523395,0.85,0.0,0.0,0
128682608,0.036166534,0.12120429,0.13892338,0.85,0.0,0.0,0
128702582,-0.1293785,0.155942,0.334518,0.85,0.0,0.0,0
128717533,-0.19229054,0.18652566,0.36064643,0.85,0.0,0.0,0
128742508,-0.21815868,0.23454602,0.34929112,0.85,0.0,0.0,0
128762468,-0.1552067,0.23017128,0.3840868,0.85,0.0,0.0,0
128782415,-0.043566998,0.20418333,0.36093995,0.85,0.0,0.0,0
128797369,0.04571898,0.20846961,0.27269915,0.85,0.0,0.0,0
128822349,0.20844874,0.22988749,0.24598911,0.85,0.0,0.0,0
128842383,0.36004722,0.25306138,0.20697278,0.85,0.0,0.0,0
128857241,0.50497055,0.2573409,0.17242739,0.85,0.0,0.0,0
128882192,0.66393846,0.2808159,0.12995814,0.85,0.0,0.0,0
128902188,0.7493745,0.29522553,0.07447472,0.85,0.0,0.0,0
128922110,0.80447704,0.30100492,0.09377658,0.85,0.0,0.0,0
128942076,0.76191056,0.31415498,0.118238404,0.85,0.0,0.0,0
128962023,0.77680093,0.35038766,0.13274086,0.85,0.0,0.0,0
128981986,0.765875,0.39232627,0.13809912,0.85,0.0,0.0,0
128996952,0.7546542,0.40419915,0.20088102,0.85,0.0,0.0,0
129021912,0.7538378,0.3860624,0.21147326,0.85,0.0,0.0,0
129041965,0.7222768,0.39283133,0.21936801,0.85,0.0,0.0,0
129061814,0.74236375,0.39637485,0.21005765,0.85,0.0,0.0,0
129081783,0.8260174,0.4027301,0.18132332,0.85,0.0,0.0,0
129101769,0.92749894,0.39321038,0.12852551,0.85,0.0,0.0,0
129121698,0.9503553,0.40006262,0.121000685,0.85,0.0,0.0,0
129141652,0.92872906,0.40141508,0.12891482,0.85,0.0,0.0,0
129161607,0.8559268,0.38961825,0.14852971,0.85,0.0,0.0,0
129181610,0.7435348,0.38238758,0.18086573,0.85,0.0,0.0,0
129201538,0.6970262,0.39191508,0.16016254,0.85,0.0,0.0,0
129221491,0.6818333,0.4071616,0.16900086,0.85,0.0,0.0,0
129241511,0.69436246,0.39415652,0.1758762,0.85,0.0,0.0,0
129261398,0.6960326,0.3662815,0.18368311,0.85,0.0,0.0,0
129281361,0.6501674,0.35890946,0.19557539,0.85,0.0,0.0,0
129301320,0.5905755,0.41269723,0.328644,0.85,0.0,0.0,0
129321332,0.6516164,0.43899783,0.30003873,0.85,0.0,0.0,0
129341254,0.73419726,0.44246653,0.27110016,0.85,0.0,0.0,0
129361220,0.7662725,0.44738996,0.2583734,0.85,0.0,0.0,0
129381153,0.75570935,0.453775,0.26396114,0.85,0.0,0.0,0
129401115,0.66793233,0.4572763,0.2548228,0.85,0.0,0.0,0
129421116,0.5670984,0.4555575,0.29335797,0.85,0.0,0.0,0
129441058,0.5090645,0.4852615,0.31316155,0.85,0.0,0.0,0
129460981,0.4960597,0.5110503,0.32624024,0.85,0.0,0.0,0
129480951,0.50491756,0.5204671,0.33711296,0.85,0.0,0.0,0
129500915,0.49296528,0.51165044,0.21558662,0.85,0.0,0.0,0
129520863,0.49675253,0.47442663,0.22704749,0.85,0.0,0.0,0
129540823,0.4866896,0.5013209,0.22407275,0.85,0.0,0.0,0
129560784,0.52062654,0.5348226,0.20773248,0.85,0.0,0.0,0
129580756,0.5641531,0.55491686,0.19561608,0.85,0.0,0.0,0
129600702,0.5631101,0.5555334,0.1812671,0.85,0.0,0.0,0
129620703,0.54543704,0.5493792,0.18669546,0.85,0.0,0.0,0
129640615,0.47612086,0.53858066,0.20205973,0.85,0.0,0.0,0
129660569,0.3841428,0.52720183,0.22273734,0.85,0.0,0.0,0
129680549,0.3489561,0.5184886,0.2359216,0.85,0.0,0.0,0
129700483,0.34175107,0.5257536,0.33450457,0.85,0.0,0.0,0
129720490,0.30503604,0.5583938,0.3480599,0.85,0.0,0.0,0
129740402,0.28066555,0.53620636,0.3692937,0.85,0.0,0.0,0
129760359,0.21280158,0.51759213,0.39872345,0.85,0.0,0.0,0
129780323,0.17193972,0.5240619,0.41279536,0.85,0.0,0.0,0
129800283,0.17772846,0.54532886,0.35597694,0.85,0.0,0.0,0
129820302,0.23787193,0.53328127,0.3419172,0.85,0.0,0.0,0
129840243,0.2589933,0.54418325,0.33109134,0.85,0.0,0.0,0
129860188,0.25892586,0.5500306,0.32603827,0.85,0.0,0.0,0
129880190,0.20493668,0.5469234,0.33922604,0.85,0.0,0.0,0
129900102,0.12625867,0.5271425,0.43030965,0.85,0.0,0.0,0
129920030,0.075686164,0.5485274,0.44096562,0.85,0.0,0.0,0
129939987,0.071847394,0.5570747,0.44547296,0.85,0.0,0.0,0
129959943,0.08284842,0.5606911,0.45229483,0.85,0.0,0.0,0
129979904,0.07626055,0.5447655,0.46633354,0.85,0.0,0.0,0
129999864,0.036463205,0.5298176,0.5459892,0.84776497,0.0,0.0,0
130019895,-0.04334368,0.56935865,0.56891125,0.8455224,0.0,0.0,0
130039787,-0.057074815,0.60704154,0.56559134,0.8438259,0.0,0.0,0
130059743,-0.023891358,0.6269635,0.5501242,0.8440257,0.0,0.0,0
130079703,-0.010463629,0.6452329,0.5401713,0.844679,0.0,0.0,0
130099658,-0.03073694,0.6684393,0.87266463,0.8457014,0.0,0.0,0
130119622,-0.38053474,1.02796,0.87266463,0.8470501,0.0,0.0,0
130139571,-0.5317176,1.0471976,0.87266463,0.8483089,0.0,0.0,0
130159577,-0.6395886,1.0471976,0.87266463,0.84888977,0.0,0.0,0
130184484,-0.6746288,1.0471976,0.87266463,0.84858507,0.0,0.0,0
130199452,-0.6583855,1.0471976,0.5623804,0.847438,0.0,0.0,0
130219581,-0.3389473,0.773371,0.5803124,0.84580505,0.0,0.0,0
130239373,-0.3063304,0.74961245,0.58898485,0.84435976,0.0,0.0,0
130259328,-0.3174991,0.7560733,0.58917546,0.8436122,0.0,0.0,0
130279299,-0.26080567,0.7726798,0.5580896,0.8438155,0.0,0.0,0
130299258,-0.1506374,0.7732911,0.6311045,0.8453061,0.0,0.0,0
130324182,-0.09358018,0.8352382,0.5879486,0.84729606,0.0,0.0,0
130339178,-0.059099425,0.8427163,0.5668406,0.8495713,0.0,0.0,0
130359106,-0.09964143,0.8750751,0.57134986,0.85,0.0,0.0,0
130384062,-0.23577899,0.93241775,0.6051282,0.85,0.0,0.0,0
130399062,-0.31523377,0.94609386,0.87266463,0.85,0.0,0.0,0
130419188,-0.47206557,1.0471976,0.87266463,0.85,0.0,0.0,0
130438955,-0.470342,1.0471976,0.87266463,0.85,0.0,0.0,0
130463895,-0.48977053,1.0471976,0.87266463,0.85,0.0,0.0,0
130478871,-0.4927417,1.0471976,0.87266463,0.85,0.0,0.0,0
130498822,-0.50439364,1.0297205,0.45356014,0.85,0.0,0.0,0
130523774,-0.2329007,0.6784634,0.4402,0.85,0.0,0.0,0
130538749,-0.1693445,0.6654911,0.42138377,0.85,0.0,0.0,0
130558768,-0.09474549,0.63685197,0.40333197,0.85,0.0,0.0,0
130578666,-0.031157773,0.59740657,0.3887159,0.85,0.0,0.0,0
130603620,-0.41792974,0.94691277,0.87266463,0.85,0.0,0.0,0
130618697,-0.52748245,0.9524045,0.87266463,0.85,0.0,0.0,0
130638535,-0.656373,0.9740763,0.87266463,0.85,0.0,0.0,0
130663477,-0.729239,0.98352927,0.87266463,0.85,0.0,0.0,0
130678451,-0.74217325,0.96675444,0.87266463,0.85,0.0,0.0,0
130698433,-0.7496622,0.9196445,0.74318266,0.85,0.0,0.0,0
130723357,-0.44780704,0.5280691,0.75274116,0.85,0.0,0.0,0
130743339,-0.48254943,0.5037337,0.7598522,0.85,0.0,0.0,0
130758282,-0.4790857,0.50754106,0.75409275,0.85,0.0,0.0,0
130778229,-0.43143338,0.5132238,0.7339027,0.85,0.0,0.0,0
130803201,-0.29994044,0.4386855,0.6053482,0.85,0.0,0.0,0
130818271,-0.2821277,0.43863878,0.5921939,0.85,0.0,0.0,0
130838110,-0.2970708,0.4284257,0.5952518,0.85,0.0,0.0,0
130863064,-0.4006564,0.43504396,0.6225561,0.85,0.0,0.0,0
130883017,-0.45767763,0.44221276,0.59892964,0.85,0.0,0.0,0
130897982,-0.47821122,0.44754216,0.7949222,0.85,0.0,0.0,0
130922953,-0.57152903,0.59100664,0.7918068,0.85,0.0,0.0,0
130942899,-0.55673194,0.60087216,0.80782545,0.85,0.0,0.0,0
130957889,-0.55220866,0.5976619,0.8162806,0.85,0.0,0.0,0
130977823,-0.56605077,0.61750436,0.8071251,0.85,0.0,0.0,0
131002842,-0.49259025,0.62010056,0.70426375,0.85,0.0,0.0,0
131022737,-0.43714795,0.6753418,0.7139561,0.85,0.0,0.0,0
131037694,-0.3988719,0.7025725,0.7105955,0.85,0.0,0.0,0
131062654,-0.35611835,0.7241075,0.68039984,0.85,0.0,0.0,0
131082608,-0.3542096,0.7291133,0.6790322,0.85,0.0,0.0,0
131097576,-0.3860158,0.7268301,0.51808494,0.85,0.0,0.0,0
131122569,-0.34663635,0.6239728,0.5115018,0.85,0.0,0.0,0
131142506,-0.34427544,0.6263758,0.5017569,0.85,0.0,0.0,0
131162432,-0.3349624,0.62767303,0.5026952,0.85,0.0,0.0,0
131177399,-0.326635,0.61665976,0.5173756,0.85,0.0,0.0,0
131202392,-0.501187,0.7855715,0.87266463,0.85,0.0,0.0,0
131222322,-0.5357709,0.7794722,0.87266463,0.85,0.0,0.0,0
131237283,-0.55293554,0.80465543,0.8690639,0.85,0.0,0.0,0
131262254,-0.5464709,0.85405993,0.8699652,0.85,0.0,0.0,0
131282180,-0.5293962,0.88496816,0.87266463,0.85,0.0,0.0,0
131302140,-0.508696,0.88695043,0.87266463,0.85,0.0,0.0,0
131322099,-0.51164234,0.8843728,0.87266463,0.85,0.0,0.0,0
131342064,-0.54341435,0.8654784,0.85649425,0.85,0.0,0.0,0
131362022,-0.58149713,0.84602237,0.82410014,0.85,0.0,0.0,0
131376984,-0.58818275,0.8498723,0.8028993,0.85,0.0,0.0,0
131401992,-0.68796986,1.034975,0.87266463,0.85,0.0,0.0,0
131421892,-0.67396563,1.0458524,0.87266463,0.85,0.0,0.0,0
131441865,-0.65391606,1.0450878,0.87266463,0.85,0.0,0.0,0
131461809,-0.65468985,1.0471976,0.87266463,0.85,0.0,0.0,0
131481777,-0.66276515,1.0471976,0.87266463,0.85,0.0,0.0,0
131501736,-0.4422161,0.9143699,0.5736127,0.85,0.0,0.0,0
131516698,-0.41687882,0.93399256,0.58412945,0.85,0.0,0.0,0
131541652,-0.40153977,0.97601104,0.5803752,0.85,0.0,0.0,0
131561599,-0.38516802,0.9858107,0.57976043,0.85,0.0,0.0,0
131581564,-0.40743318,0.98184913,0.5638449,0.85,0.0,0.0,0
131601569,-0.6355779,1.0471976,0.87266463,0.85,0.0,0.0,0
131621479,-0.6176702,1.0471976,0.87266463,0.85,0.0,0.0,0
131641442,-0.5759238,1.0471976,0.87266463,0.85,0.0,0.0,0
131661486,-0.55289763,1.0471976,0.87266463,0.85,0.0,0.0,0
131681351,-0.55007285,1.0471976,0.87266463,0.85,0.0,0.0,0
131701312,-0.38601768,0.9630733,0.49786073,0.85,0.0,0.0,0
131721268,-0.39521083,0.97798395,0.49275532,0.85,0.0,0.0,0
131741228,-0.37278083,1.0106019,0.49647087,0.85,0.0,0.0,0
131761191,-0.33943123,1.0338315,0.5083805,0.85,0.0,0.0,0
131781163,-0.30945674,1.0468047,0.51778454,0.85,0.0,0.0,0
131801298,-0.30890715,1.0471976,0.5449435,0.85,0.0,0.0,0
131821066,-0.36665177,1.0471976,0.5208398,0.85,0.0,0.0,0
131841018,-0.43288875,1.0365821,0.49247995,0.85,0.0,0.0,0
131860984,-0.45891026,1.0154924,0.4712107,0.85,0.0,0.0,0
131880934,-0.47532812,1.0078335,0.44719464,0.85,0.0,0.0,0
131900891,-0.49501458,0.99893504,0.546925,0.85,0.0,0.0,0
131920869,-0.5498486,1.033542,0.5450404,0.85,0.0,0.0,0
131940837,-0.6155923,0.9606317,0.48513803,0.85,0.0,0.0,0
131960779,-0.6952815,0.9049861,0.4175177,0.85,0.0,0.0,0
131980740,-0.74871975,0.8652073,0.35357505,0.85,0.0,0.0,0
132000808,-0.77862024,0.82892996,0.24675198,0.85,0.0,0.0,0
132020648,-0.7887541,0.76927173,0.19578958,0.85,0.0,0.0,0
132040630,-0.84420276,0.7392962,0.13739131,0.85,0.0,0.0,0
132060596,-0.9402331,0.69694644,0.07998509,0.85,0.0,0.0,0
132080522,-1.0062488,0.68090934,0.05739549,0.85,0.0,0.0,0
132100482,-1.0558548,0.67533684,-0.08284078,0.85,0.0,0.0,0
132120444,-1.0825027,0.6289237,-0.13611877,0.85,0.0,0.0,0
132140392,-1.1504313,0.6369381,-0.19270627,0.85,0.0,0.0,0
132160354,-1.1899337,0.62868327,-0.22722037,0.85,0.0,0.0,0
132180326,-1.1813124,0.625553,-0.23391715,0.85,0.0,0.0,0
132200363,-1.2169867,0.6361591,-0.25410923,0.85,0.0,0.0,0
132220255,-1.2140594,0.65730953,-0.26821938,0.85,0.0,0.0,0
132240241,-1.1779426,0.67801255,-0.27185887,0.85,0.0,0.0,0
132260196,-1.1481273,0.6917284,-0.27997407,0.85,0.0,0.0,0
132280145,-1.1070075,0.70792496,-0.27957088,0.85,0.0,0.0,0
132300108,-1.1246017,0.7027779,-0.27729005,0.85,0.0,0.0,0
132320029,-1.1675532,0.6963347,-0.28771082,0.85,0.0,0.0,0
132339985,-1.1966587,0.687212,-0.30823624,0.85,0.0,0.0,0
132359975,-1.2217305,0.6869162,-0.35130426,0.85,0.0,0.0,0
132379910,-1.2217305,0.69437385,-0.3689161,0.85,0.0,0.0,0
132399929,-1.2217305,0.71568614,-0.31363767,0.85,0.0,0.0,0
132419815,-1.2217305,0.7177915,-0.2761931,0.85,0.0,0.0,0
132439775,-1.2217305,0.71325403,-0.28297457,0.85,0.0,0.0,0
132459741,-1.2217305,0.73133624,-0.28814536,0.85,0.0,0.0,0
132479697,-1.2217305,0.7600525,-0.2827605,0.85,0.0,0.0,0
132499692,-1.2217305,0.7843515,-0.24061304,0.85,0.0,0.0,0
132519610,-1.2217305,0.8057298,-0.21138486,0.85,0.0,0.0,0
132539565,-1.2217305,0.80301476,-0.18129945,0.85,0.0,0.0,0
132564511,-1.2217305,0.77876014,-0.15922862,0.85,0.0,0.0,0
132579559,-1.2217305,0.7800103,-0.13398336,0.85,0.0,0.0,0
132599491,-1.2217305,0.8062502,-0.14027484,0.85,0.0,0.0,0
132624381,-1.2217305,0.81348777,-0.09629321,0.85,0.0,0.0,0
132639396,-1.2217305,0.81810224,-0.0442057,0.85,0.0,0.0,0
132659322,-1.2217305,0.801026,0.00085602695,0.85,0.0,0.0,0
132679289,-1.2217305,0.7826773,0.007113959,0.85,0.0,0.0,0
132704216,-1.2217305,0.7888883,-0.0035654798,0.85,0.0,0.0,0
132719219,-1.2217305,0.8025003,0.0066352957,0.85,0.0,0.0,0
132739174,-1.2217305,0.80858207,0.041470006,0.85,0.0,0.0,0
132764117,-1.2217305,0.7989055,0.07773022,0.85,0.0,0.0,0
132779165,-1.2217305,0.77846825,0.09728062,0.85,0.0,0.0,0
132799037,-1.2217305,0.7427445,0.008510156,0.85,0.0,0.0,0
132818978,-1.2217305,0.698442,0.0227002,0.85,0.0,0.0,0
132843928,-1.2217305,0.7190263,0.041946724,0.85,0.0,0.0,0
132858897,-1.2217305,0.73070306,0.06998922,0.85,0.0,0.0,0
132878865,-1.2217305,0.7065881,0.07533623,0.85,0.0,0.0,0
132903832,-1.2217305,0.70808214,0.24130388,0.85,0.0,0.0,0
132918803,-1.2217305,0.7157732,0.25284466,0.85,0.0,0.0,0
132938738,-1.2217305,0.7370742,0.24727486,0.85,0.0,0.0,0
132958713,-1.2217305,0.76599467,0.23097597,0.85,0.0,0.0,0
132983681,-1.2217305,0.76854366,0.21457587,0.85,0.0,0.0,0
132998600,-1.2217305,0.7606546,0.5749567,0.85,0.0,0.0,0
133018564,-1.2217305,0.81601566,0.5396819,0.85,0.0,0.0,0
133043546,-1.2217305,0.769771,0.53799564,0.85,0.0,0.0,0
133058479,-1.2217305,0.7442168,0.5287752,0.85,0.0,0.0,0
133078443,-1.2217305,0.7245674,0.5084089,0.85,0.0,0.0,0
133103382,-1.2217305,0.65520763,0.29464918,0.85,0.0,0.0,0
133123345,-1.2217305,0.5987053,0.282947,0.85,0.0,0.0,0
133138309,-1.2217305,0.547248,0.2654585,0.85,0.0,0.0,0
133158280,-1.2217305,0.49251536,0.2572731,0.85,0.0,0.0,0
133183400,-1.2217305,0.47221214,0.22838798,0.85,0.0,0.0,0
133198209,-1.2217305,0.47195104,0.10343668,0.85,0.0,0.0,0
133218142,-1.2217305,0.45583755,0.078969255,0.85,0.0,0.0,0
133243097,-1.2217305,0.45250595,0.06611608,0.85,0.0,0.0,0
133263052,-1.2217305,0.43346083,0.07943671,0.85,0.0,0.0,0
133278022,-1.2217305,0.4189695,0.10140868,0.85,0.0,0.0,0
133303005,-1.2217305,0.4180792,0.117051624,0.85,0.0,0.0,0
133317979,-1.2217305,0.43682542,0.12853591,0.85,0.0,0.0,0
133340422,-1.2217305,0.44835976,0.13857351,0.85,0.0,0.0,0
133357865,-1.2217305,0.43005803,0.13981628,0.85,0.0,0.0,0
133382924,-1.2217305,0.38200545,0.13408226,0.85,0.0,0.0,0
133402764,-1.2217305,0.35035104,0.12653488,0.85,0.0,0.0,0
133417728,-1.2217305,0.37118065,0.11609468,0.85,0.0,0.0,0
133442683,-1.2217305,0.41387418,0.08424308,0.85,0.0,0.0,0
133462645,-1.2217305,0.45035687,0.061447483,0.85,0.0,0.0,0
133477640,-1.2217305,0.46769914,0.04765279,0.85,0.0,0.0,0
133502561,-1.2217305,0.4752951,0.09575464,0.85,0.0,0.0,0
133522513,-1.2217305,0.45798343,0.11450258,0.85,0.0,0.0,0
133542484,-1.2217305,0.42257175,0.12241594,0.85,0.0,0.0,0
133557433,-1.2217305,0.4061235,0.12997392,0.85,0.0,0.0,0
133582490,-1.2217305,0.39124474,0.13905154,0.85,0.0,0.0,0
133602348,-1.2217305,0.34009337,0.10189925,0.85,0.0,0.0,0
133617370,-1.2217305,0.2896491,0.0959428,0.85,0.0,0.0,0
133642267,-1.2217305,0.22676614,0.09856556,0.85,0.0,0.0,0
133662211,-1.2217305,0.2344534,0.08877939,0.85,0.0,0.0,0
133682197,-1.2217305,0.2655366,0.06306551,0.85,0.0,0.0,0
133697146,-1.2217305,0.26976424,0.05910262,0.85,0.0,0.0,0
133722090,-1.2217305,0.293617,0.019725531,0.85,0.0,0.0,0
133742075,-1.2217305,0.2748668,-0.0019930017,0.85,0.0,0.0,0
133757039,-1.2217305,0.24797782,-0.0067372825,0.85,0.0,0.0,0
133782034,-1.1926333,0.20394969,-0.0198337,0.85,0.0,0.0,0
133801921,-1.1643593,0.185484,-0.02948324,0.85,0.0,0.0,0
133821883,-1.1599408,0.18414134,-0.039496493,0.85,0.0,0.0,0
133841842,-1.146723,0.15924278,-0.053419456,0.85,0.0,0.0,0
133861797,-1.1095512,0.121978804,-0.07264568,0.85,0.0,0.0,0
133881801,-1.1401258,0.09374903,-0.05848707,0.8477492,0.0,0.0,0
133896731,-1.157497,0.10095709,-0.046143577,0.8477492,0.0,0.0,0
133921679,-1.1531305,0.17289872,-0.054069318,0.8466389,0.0,0.0,0
133941662,-1.1188849,0.21017738,-0.069921814,0.84723705,0.0,0.0,0
133961606,-1.0532256,0.23893864,-0.091544986,0.8482574,0.0,0.0,0
133981590,-0.9847219,0.2505632,-0.112489685,0.84927976,0.0,0.0,0
134001512,-0.9179233,0.22523212,-0.12093106,0.85,0.0,0.0,0
134021502,-0.8502831,0.19307132,-0.1397801,0.8499802,0.0,0.0,0
134041428,-0.82323676,0.18156381,-0.14963129,0.84870166,0.0,0.0,0
134061377,-0.83088744,0.16974524,-0.15441996,0.8464583,0.0,0.0,0
134081342,-0.84096664,0.12955524,-0.16302681,0.84420705,0.0,0.0,0
134101296,-0.7807774,0.0788059,-0.24105656,0.84196436,0.0,0.0,0
134121252,-0.7578905,0.024484215,-0.25239325,0.83969885,0.0,0.0,0
134141221,-0.73757094,0.019015074,-0.26073188,0.838413,0.0,0.0,0
134161222,-0.6905088,0.044168327,-0.28322726,0.83881265,0.0,0.0,0
134181152,-0.64000195,0.06601457,-0.30593303,0.8397355,0.0,0.0,0
134201099,-0.5822171,0.08404382,-0.34578195,0.84112614,0.0,0.0,0
134221070,-0.563712,0.07392888,-0.34449086,0.8426182,0.0,0.0,0
134241019,-0.59535754,0.024494627,-0.31975216,0.8438823,0.0,0.0,0
134260964,-0.64006877,-0.025770873,-0.29267243,0.84446526,0.0,0.0,0
134280926,-0.6940298,-0.043214448,-0.26699477,0.84408355,0.0,0.0,0
134300896,-0.7442594,-0.040491194,-0.21128133,0.8423707,0.0,0.0,0
134320847,-0.7881139,-0.056242254,-0.21323861,0.8401307,0.0,0.0,0
134340798,-0.7742547,-0.08157879,-0.22449371,0.8378817,0.0,0.0,0
134360817,-0.76620907,-0.11162629,-0.22762623,0.83563393,0.0,0.0,0
134380715,-0.75996006,-0.08808915,-0.23085205,0.8343937,0.0,0.0,0
134400681,-0.6984483,-0.026110157,-0.32289028,0.8345926,0.0,0.0,0
134420631,-0.57006407,0.05805903,-0.3696356,0.8356968,0.0,0.0,0
134440623,-0.4816144,0.12538259,-0.4088276,0.83741057,0.0,0.0,0
134460548,-0.48201397,0.16045757,-0.39958513,0.8394463,0.0,0.0,0
134480522,-0.4981526,0.1633874,-0.3824389,0.84158814,0.0,0.0,0
134500467,-0.51885617,0.13533324,-0.32007116,0.8432394,0.0,0.0,0
134520431,-0.5656953,0.1113814,-0.31055504,0.84403,0.0,0.0,0
134540384,-0.61506575,0.10647271,-0.29428038,0.8436946,0.0,0.0,0
134560379,-0.66425115,0.08911549,-0.28650796,0.8426003,0.0,0.0,0
134580287,-0.6418087,0.060449727,-0.30531555,0.8414125,0.0,0.0,0
134600272,-0.5874406,0.04027044,-0.29417098,0.84072495,0.0,0.0,0
134620254,-0.584091,0.043046266,-0.30224946,0.8408977,0.0,0.0,0
134640230,-0.52287614,0.091267265,-0.32373837,0.8422237,0.0,0.0,0
134660166,-0.44518402,0.14932956,-0.35292995,0.8443195,0.0,0.0,0
134680128,-0.37079147,0.206327,-0.37534714,0.846584,0.0,0.0,0
134700065,-0.31967697,0.24655564,-0.39402854,0.8488063,0.0,0.0,0
134720032,-0.29903272,0.26012504,-0.39136454,0.85,0.0,0.0,0
134739973,-0.29205877,0.22625262,-0.3904032,0.85,0.0,0.0,0
134759976,-0.28684798,0.19022267,-0.39578283,0.85,0.0,0.0,0
134779878,-0.3189747,0.1634314,-0.3901336,0.85,0.0,0.0,0
134799848,-0.35776657,0.12884015,-0.5068868,0.85,0.0,0.0,0
134819798,-0.27789858,0.115989976,-0.5273336,0.85,0.0,0.0,0
134839767,-0.22469617,0.06278398,-0.558233,0.85,0.0,0.0,0
134859761,-0.20082562,0.03559785,-0.566519,0.85,0.0,0.0,0
134879684,-0.14006698,0.057156704,-0.5918107,0.85,0.0,0.0,0
134899634,-0.049177,0.11532593,-0.77466005,0.85,0.0,0.0,0
134919591,0.13695484,0.24166329,-0.82057905,0.85,0.0,0.0,0
134944576,0.22607201,0.30962396,-0.85104555,0.85,0.0,0.0,0
134959684,0.239576,0.31458524,-0.8412324,0.85,0.0,0.0,0
134979475,0.21132419,0.26596695,-0.81436014,0.85,0.0,0.0,0
134999474,0.19731818,0.22627258,-0.87266463,0.85,0.0,0.0,0
135019382,0.2557783,0.26888508,-0.87266463,0.85,0.0,0.0,0
135039349,0.1859666,0.23991704,-0.87266463,0.85,0.0,0.0,0
135059304,0.19495136,0.21397422,-0.87266463,0.85,0.0,0.0,0
135084251,0.30185655,0.22505908,-0.87266463,0.85,0.0,0.0,0
135099234,0.32931697,0.24345365,-0.47435287,0.85,0.0,0.0,0
135119199,0.020428244,0.051700346,-0.48483112,0.85,0.0,0.0,0
135139303,0.09522636,0.12413541,-0.49945664,0.85,0.0,0.0,0
135159251,0.16535108,0.18989986,-0.51165944,0.85,0.0,0.0,0
135179053,0.22578277,0.25596192,-0.51295805,0.85,0.0,0.0,0
135199009,0.19894148,0.2603165,-0.87266463,0.85,0.0,0.0,0
135223954,0.47565147,0.49645528,-0.87266463,0.85,0.0,0.0,0
135238929,0.42176887,0.44387934,-0.87266463,0.85,0.0,0.0,0
135258888,0.3200962,0.38982958,-0.87266463,0.85,0.0,0.0,0
135283832,0.21687716,0.3518063,-0.87266463,0.85,0.0,0.0,0
135298807,0.20153922,0.3242973,-0.5035292,0.85,0.0,0.0,0
135318785,-0.0059273997,0.11923132,-0.53269863,0.85,0.0,0.0,0
135338745,0.037625648,0.13073885,-0.5421259,0.85,0.0,0.0,0
135363714,0.113970816,0.18537474,-0.56015944,0.85,0.0,0.0,0
135378650,0.16687089,0.24216847,-0.5718585,0.85,0.0,0.0,0
135398652,0.25592873,0.3137298,-0.87266463,0.85,0.0,0.0,0
135423543,0.76039565,0.78420573,-0.87266463,0.85,0.0,0.0,0
135438514,0.7370667,0.787891,-0.87266463,0.85,0.0,0.0,0
135458456,0.6740498,0.7262661,-0.87266463,0.85,0.0,0.0,0
135483417,0.5594258,0.6237004,-0.87266463,0.85,0.0,0.0,0
135503376,0.35017377,0.47900543,-0.87266463,0.85,0.0,0.0,0
135518367,0.28729847,0.45118186,-0.87266463,0.85,0.0,0.0,0
135538367,0.26498947,0.426499,-0.87266463,0.85,0.0,0.0,0
135563278,0.34641495,0.43161875,-0.87266463,0.85,0.0,0.0,0
135578212,0.3994842,0.4637749,-0.87266463,0.85,0.0,0.0,0
135598192,0.4885951,0.55147356,-0.5913247,0.85,0.0,0.0,0
135623121,0.33081007,0.42532802,-0.6126214,0.85,0.0,0.0,0
135643090,0.40183428,0.50100064,-0.6287637,0.85,0.0,0.0,0
135658044,0.4377059,0.54737884,-0.614672,0.85,0.0,0.0,0
135683004,0.49990073,0.5786223,-0.5949882,0.85,0.0,0.0,0
135702988,0.57250774,0.59870195,-0.61474967,0.85,0.0,0.0,0
135717928,0.6121524,0.5923291,-0.59733367,0.85,0.0,0.0,0
135737892,0.6343961,0.5751292,-0.5896305,0.85,0.0,0.0,0
135762832,0.64303654,0.55481905,-0.5950363,0.85,0.0,0.0,0
135782792,0.66928893,0.52627397,-0.61144567,0.85,0.0,0.0,0
135797777,0.68980145,0.48891157,-0.46050555,0.85,0.0,0.0,0
135822709,0.6003795,0.3222371,-0.4697956,0.85,0.0,0.0,0
135842718,0.6223256,0.32954273,-0.46372107,0.85,0.0,0.0,0
135857630,0.6479253,0.3508833,-0.45221537,0.85,0.0,0.0,0
135882606,0.73490894,0.38451755,-0.43686995,0.85,0.0,0.0,0
135902548,0.87410265,0.49189878,-0.5235929,0.85,0.0,0.0,0
135922497,0.8571312,0.47730967,-0.5228098,0.85,0.0,0.0,0
135937480,0.8571052,0.4534095,-0.52225584,0.85,0.0,0.0,0
135962418,0.79975545,0.37560064,-0.53285927,0.85,0.0,0.0,0
135982396,0.75298935,0.33472186,-0.5405865,0.85,0.0,0.0,0
135997338,0.7327962,0.32262498,-0.87266463,0.85,0.0,0.0,0
136022295,1.0176866,0.63027596,-0.87266463,0.85,0.0,0.0,0
136042243,0.9969254,0.59172994,-0.87266463,0.85,0.0,0.0,0
136062207,0.98285216,0.55435324,-0.87266463,0.85,0.0,0.0,0
136077178,0.9776997,0.5746035,-0.87266463,0.85,0.0,0.0,0
136102120,0.7115112,0.35953322,-0.6141831,0.85,0.0,0.0,0
136122074,0.7383875,0.41323298,-0.5992107,0.85,0.0,0.0,0
136137093,0.74316907,0.44366607,-0.58058846,0.85,0.0,0.0,0
136161999,0.7148622,0.4641713,-0.56311655,0.85,0.0,0.0,0
136181955,0.650072,0.43409407,-0.56651837,0.85,0.0,0.0,0
136201922,0.53861594,0.3640572,-0.5222138,0.85,0.0,0.0,0
136221877,0.46074045,0.33002916,-0.5283888,0.85,0.0,0.0,0
136241869,0.395931,0.3166167,-0.52799076,0.85,0.0,0.0,0
136261804,0.37384722,0.3050491,-0.53516394,0.85,0.0,0.0,0
136276756,0.3721696,0.28009987,-0.5442644,0.85,0.0,0.0,0
136301705,0.4038187,0.2619591,-0.60796607,0.85,0.0,0.0,0
136321688,0.43606588,0.27974626,-0.6035068,0.85,0.0,0.0,0
136341799,0.49854928,0.33687234,-0.58749187,0.85,0.0,0.0,0
136361585,0.57302547,0.39929727,-0.5713633,0.85,0.0,0.0,0
136381588,0.6249149,0.44660616,-0.54733217,0.85,0.0,0.0,0
136401500,0.89361066,0.76128596,-0.87266463,0.85,0.0,0.0,0
136421456,0.85335004,0.7255888,-0.87266463,0.85,0.0,0.0,0
136441420,0.79699314,0.6548949,-0.87266463,0.85,0.0,0.0,0
136461369,0.7342648,0.60445136,-0.87266463,0.85,0.0,0.0,0
136481328,0.6735816,0.57220733,-0.87266463,0.85,0.0,0.0,0
136501287,0.37145144,0.30161634,-0.4664357,0.85,0.0,0.0,0
136521303,0.3933476,0.2463217,-0.48052847,0.85,0.0,0.0,0
136541343,0.43410364,0.19642572,-0.48659074,0.85,0.0,0.0,0
136561165,0.4846718,0.18422937,-0.48468918,0.85,0.0,0.0,0
136581116,0.56201804,0.20548303,-0.47600445,0.85,0.0,0.0,0
136601076,0.6491483,0.22075145,-0.37375647,0.85,0.0,0.0,0
136621044,0.6406295,0.16305763,-0.36989594,0.85,0.0,0.0,0
136641011,0.6627046,0.16395108,-0.36264482,0.85,0.0,0.0,0
136660995,0.6363184,0.13905689,-0.36179376,0.85,0.0,0.0,0
136680914,0.5926483,0.10235201,-0.35746405,0.85,0.0,0.0,0
136700879,0.54658735,0.07275046,-0.660666,0.85,0.0,0.0,0
136720842,0.7078638,0.21758416,-0.64092946,0.85,0.0,0.0,0
136740905,0.66791785,0.2093719,-0.63006306,0.85,0.0,0.0,0
136760752,0.6507036,0.1892792,-0.6281777,0.85,0.0,0.0,0
136780745,0.63969356,0.16082567,-0.63125485,0.85,0.0,0.0,0
136800672,0.6494628,0.1696598,-0.67811656,0.85,0.0,0.0,0
136820666,0.7130337,0.25765163,-0.6664768,0.85,0.0,0.0,0
136840577,0.7558295,0.3355095,-0.6605664,0.85,0.0,0.0,0
136860540,0.7948813,0.3952708,-0.6390119,0.85,0.0,0.0,0
136880493,0.80635816,0.4494504,-0.6141232,0.85,0.0,0.0,0
136900458,0.76520884,0.46160278,-0.527007,0.85,0.0,0.0,0
136920430,0.6797404,0.4025836,-0.51811403,0.85,0.0,0.0,0
136940463,0.6378458,0.38080373,-0.5010675,0.85,0.0,0.0,0
136960368,0.59446865,0.35750723,-0.488378,0.85,0.0,0.0,0
136980285,0.5786243,0.33788043,-0.473039,0.85,0.0,0.0,0
137000275,0.59209347,0.30285987,-0.5222825,0.85,0.0,0.0,0
137020251,0.6403332,0.27560166,-0.5248896,0.85,0.0,0.0,0
137040222,0.6517392,0.27660564,-0.5192874,0.85,0.0,0.0,0
137060142,0.69424546,0.31164825,-0.5098579,0.85,0.0,0.0,0
137080087,0.75211376,0.35614485,-0.5024297,0.85,0.0,0.0,0
137100047,0.81734586,0.38701704,-0.23085994,0.85,0.0,0.0,0
137120011,0.71060795,0.2544591,-0.22197314,0.85,0.0,0.0,0
137140020,0.69656307,0.23578839,-0.22150776,0.85,0.0,0.0,0
137159941,0.65923953,0.19909038,-0.22492884,0.85,0.0,0.0,0
137179887,0.6122256,0.16770935,-0.22277828,0.85,0.0,0.0,0
137199836,0.5781574,0.14153732,-0.31554738,0.85,0.0,0.0,0
137219823,0.62042814,0.16516641,-0.30294934,0.85,0.0,0.0,0
137239761,0.6436437,0.12986973,-0.29311928,0.85,0.0,0.0,0
137259711,0.6603214,0.08740421,-0.296836,0.85,0.0,0.0,0
137279671,0.67178094,0.05390897,-0.30652037,0.85,0.0,0.0,0
137299641,0.7123848,0.085661605,-0.458957,0.85,0.0,0.0,0
137324615,0.88928694,0.22076404,-0.44996774,0.85,0.0,0.0,0
137339579,0.9272869,0.2634632,-0.4398496,0.85,0.0,0.0,0
137359542,0.96318674,0.3088405,-0.4120441,0.85,0.0,0.0,0
137379461,0.9312457,0.3259062,-0.3867918,0.85,0.0,0.0,0
137399413,0.8750003,0.30288216,-0.17855316,0.85,0.0,0.0,0
137419387,0.7025879,0.1899894,-0.17312029,0.85,0.0,0.0,0
137439343,0.6565442,0.1730829,-0.16536023,0.85,0.0,0.0,0
137464275,0.6413437,0.16034475,-0.15429403,0.85,0.0,0.0,0
137479271,0.6668144,0.12857947,-0.14774457,0.85,0.0,0.0,0
137499276,0.68225795,0.086393155,-0.16028124,0.85,0.0,0.0,0
137519240,0.70142376,0.08331903,-0.15919821,0.85,0.0,0.0,0
137539156,0.7503979,0.1106085,-0.15138048,0.85,0.0,0.0,0
137559083,0.8201093,0.15208212,-0.13933624,0.85,0.0,0.0,0
137579043,0.8950757,0.18904164,-0.1233185,0.85,0.0,0.0,0
137603981,0.93857735,0.19328244,-0.07853901,0.85,0.0,0.0,0
137618975,0.9212034,0.18857224,-0.07461986,0.85,0.0,0.0,0
137638917,0.87520736,0.1644143,-0.079147436,0.85,0.0,0.0,0
137663860,0.79925096,0.12621325,-0.08346355,0.85,0.0,0.0,0
137678856,0.76512706,0.102112584,-0.07813033,0.85,0.0,0.0,0
137698806,0.7376456,0.07388424,-0.085363485,0.85,0.0,0.0,0
137718814,0.75381774,0.033367787,-0.079196945,0.85,0.0,0.0,0
137743695,0.7495668,-0.034447353,-0.08977156,0.85,0.0,0.0,0
137758739,0.7450484,-0.07252082,-0.09743235,0.85,0.0,0.0,0
137778632,0.7790681,-0.06861181,-0.09834944,0.85,0.0,0.0,0
137803571,0.8684912,-0.034177054,-0.08464037,0.85,0.0,0.0,0
137818541,0.9202877,-0.0048360983,-0.07375815,0.85,0.0,0.0,0
137838504,0.94788444,0.018403823,-0.055215545,0.85,0.0,0.0,0
137863447,0.9145045,0.016491802,-0.04883841,0.85,0.0,0.0,0
137883400,0.84299475,-0.009154498,-0.05052257,0.85,0.0,0.0,0
137898409,0.77590793,-0.037276305,-0.050034747,0.85,0.0,0.0,0
137918379,0.695589,-0.052552298,-0.039693054,0.85,0.0,0.0,0
137943280,0.6341286,-0.048147112,-0.022427127,0.85,0.0,0.0,0
137958290,0.65187335,-0.06208876,-0.023717728,0.85,0.0,0.0,0
137978201,0.6549962,-0.08742576,-0.037955664,0.85,0.0,0.0,0
138003163,0.64111507,-0.12199368,-0.051408723,0.85,0.0,0.0,0
138023105,0.672289,-0.12050875,-0.05033321,0.85,0.0,0.0,0
138038079,0.7239383,-0.081163354,-0.0426566,0.85,0.0,0.0,0
138063023,0.8112867,-0.027468499,-0.026551547,0.85,0.0,0.0,0
138082989,0.8834444,0.019050756,-0.02129681,0.85,0.0,0.0,0
138097959,0.86874866,0.051081087,-0.026017357,0.85,0.0,0.0,0
138117962,0.81172746,0.06721192,-0.027776666,0.85,0.0,0.0,0
138142860,0.70968145,0.05745343,-0.04248498,0.85,0.0,0.0,0
138162828,0.63376015,0.055882957,-0.05371941,0.85,0.0,0.0,0
138177786,0.60824656,0.057748113,-0.071012214,0.85,0.0,0.0,0
138202736,0.6005566,0.04611485,-0.07494837,0.85,0.0,0.0,0
138222693,0.61863863,0.014259628,-0.08819902,0.85,0.0,0.0,0
138237663,0.6242695,-0.015043974,-0.09550194,0.85,0.0,0.0,0
138262615,0.66809493,-0.0022464646,-0.09088694,0.85,0.0,0.0,0
138282575,0.75240535,0.034885846,-0.08349521,0.85,0.0,0.0,0
138302555,0.83560747,0.06687864,-0.07498799,0.85,0.0,0.0,0
138317706,0.89076424,0.09855284,-0.075738594,0.85,0.0,0.0,0
138342458,0.8896298,0.12467769,-0.078203574,0.85,0.0,0.0,0
138362401,0.8249419,0.12243783,-0.08631043,0.85,0.0,0.0,0
138377365,0.7452595,0.093323335,-0.09574883,0.85,0.0,0.0,0
138402320,0.6475449,0.07725414,-0.1612993,0.85,0.0,0.0,0
138422288,0.59691626,0.06859824,-0.17984952,0.85,0.0,0.0,0
138442237,0.5795547,0.040443636,-0.16861969,0.85,0.0,0.0,0
138457233,0.5748367,5.5447785e-05,-0.1600757,0.85,0.0,0.0,0
138482155,0.54518634,-0.06402479,-0.14425117,0.85,0.0,0.0,0
138502118,0.5586085,-0.06763895,-0.12342211,0.85,0.0,0.0,0
138517221,0.6343464,-0.050785717,-0.15762642,0.85,0.0,0.0,0
138542035,0.73192143,0.020921197,-0.16123833,0.85,0.0,0.0,0
138561985,0.77397835,0.0702651,-0.1669819,0.85,0.0,0.0,0
138581953,0.763572,0.089374214,-0.16587847,0.85,0.0,0.0,0
138601897,0.71861404,0.08946574,-0.19611597,0.85,0.0,0.0,0
138621852,0.5887247,0.044589967,-0.1334017,0.85,0.0,0.0,0
138641811,0.47792193,0.018925404,-0.07909757,0.85,0.0,0.0,0
138656784,0.40998432,0.028074084,-0.046903007,0.85,0.0,0.0,0
138681768,0.39434853,-0.0074273883,-0.02778551,0.85,0.0,0.0,0
138701707,0.4105876,-0.051467534,-0.031037623,0.85,0.0,0.0,0
138721720,0.40373608,-0.0952247,-0.02754348,0.85,0.0,0.0,0
138741602,0.43416032,-0.09267856,-0.045117203,0.85,0.0,0.0,0
138761565,0.53164274,-0.061346292,-0.09216072,0.85,0.0,0.0,0
138781520,0.64410937,-0.023611395,-0.14359397,0.85,0.0,0.0,0
138801492,0.6939423,0.0065834234,-0.13267979,0.85,0.0,0.0,0
138821436,0.69408673,0.030443018,-0.1269963,0.85,0.0,0.0,0
138841409,0.6172531,0.019316075,-0.09620449,0.85,0.0,0.0,0
138861396,0.4959062,-0.027864104,-0.05062402,0.85,0.0,0.0,0
138881309,0.38817665,-0.052215915,-0.008492298,0.85,0.0,0.0,0
138901320,0.3173866,-0.06077737,0.02086379,0.85,0.0,0.0,0
138921258,0.30948836,-0.084002696,0.031887,0.85,0.0,0.0,0
138941201,0.31153944,-0.13461937,0.03552119,0.85,0.0,0.0,0
138961155,0.28351066,-0.19172919,0.04869248,0.85,0.0,0.0,0
138981110,0.28471494,-0.22259292,0.048154637,0.85,0.0,0.0,0
139001070,0.35401347,-0.20929651,0.03817165,0.85,0.0,0.0,0
139021024,0.45497224,-0.18678775,-0.03269327,0.85,0.0,0.0,0
139040980,0.55505407,-0.15835659,-0.087343134,0.85,0.0,0.0,0
139060960,0.5932616,-0.13481182,-0.10321341,0.85,0.0,0.0,0
139080913,0.5250918,-0.13632408,-0.06126903,0.85,0.0,0.0,0
139100893,0.40942353,-0.14090283,-0.0007552172,0.85,0.0,0.0,0
139120811,0.33038604,-0.16264485,0.028503573,0.85,0.0,0.0,0
139140774,0.2637295,-0.1570252,0.056495264,0.85,0.0,0.0,0
139160770,0.25025886,-0.15493725,0.073593214,0.85,0.0,0.0,0
139180693,0.24706893,-0.17550324,0.0801721,0.85,0.0,0.0,0
139200672,0.223985,-0.20584317,0.09342546,0.85,0.0,0.0,0
139220601,0.21307531,-0.21201509,0.09972929,0.85,0.0,0.0,0
139240573,0.26993868,-0.17489868,0.07572621,0.85,0.0,0.0,0
139260532,0.3521882,-0.1358381,0.040870264,0.85,0.0,0.0,0
139280482,0.41776922,-0.09906388,0.018734664,0.85,0.0,0.0,0
139300485,0.453495,-0.059280396,0.0051805684,0.85,0.0,0.0,0
139320413,0.41183433,-0.040992983,0.024494322,0.85,0.0,0.0,0
139340359,0.31809384,-0.06278483,0.06150335,0.85,0.0,0.0,0
139360318,0.23162276,-0.0839953,0.093802564,0.85,0.0,0.0,0
139380280,0.18818267,-0.0810414,0.116184436,0.85,0.0,0.0,0
139400269,0.18538164,-0.082750455,0.08517363,0.85,0.0,0.0,0
139420269,0.20762794,-0.11162599,0.09121801,0.85,0.0,0.0,0
139440190,0.19190212,-0.14651605,0.10164334,0.85,0.0,0.0,0
139460143,0.17248702,-0.15722157,0.11030074,0.85,0.0,0.0,0
139480065,0.21577977,-0.12648319,0.095614724,0.85,0.0,0.0,0
139500101,0.2857538,-0.09749029,0.09411851,0.85,0.0,0.0,0
139519985,0.33327946,-0.07741348,0.07710666,0.85,0.0,0.0,0
139539943,0.36650333,-0.0625196,0.06366149,0.85,0.0,0.0,0
139559930,0.34657586,-0.066265956,0.0720429,0.85,0.0,0.0,0
139579851,0.27560833,-0.10439009,0.094348475,0.85,0.0,0.0,0
139599844,0.18907176,-0.14341336,0.13371772,0.85,0.0,0.0,0
139619776,0.13629362,-0.15671684,0.15528761,0.85,0.0,0.0,0
139639741,0.13373217,-0.16785188,0.16288023,0.85,0.0,0.0,0
139659696,0.13137062,-0.20199586,0.17033589,0.85,0.0,0.0,0
139679671,0.11276482,-0.24709716,0.18553585,0.85,0.0,0.0,0
139704766,0.012321395,-0.27419713,0.28461698,0.85,0.0,0.0,0
139719571,0.012310568,-0.24957821,0.2841866,0.85,0.0,0.0,0
139739536,0.062531225,-0.21706659,0.26325148,0.85,0.0,0.0,0
139759486,0.1226193,-0.1965172,0.2379133,0.85,0.0,0.0,0
139779443,0.1731202,-0.1776033,0.20690951,0.85,0.0,0.0,0
139799407,0.14049603,-0.1594179,0.14219753,0.85,0.0,0.0,0
139819357,0.112295695,-0.18461798,0.16828768,0.85,0.0,0.0,0
139844304,0.0045873355,-0.19740681,0.20212212,0.85,0.0,0.0,0
139859293,-0.031787522,-0.19266641,0.21685909,0.85,0.0,0.0,0
139879271,-0.04676771,-0.17443529,0.22693264,0.85,0.0,0.0,0
139899314,-0.053978425,-0.17969741,0.199206,0.85,0.0,0.0,0
139919173,-0.035736497,-0.20791046,0.20599474,0.85,0.0,0.0,0
139939136,-0.061095223,-0.22635768,0.21838959,0.85,0.0,0.0,0
139959098,-0.057390578,-0.20758879,0.21708964,0.85,0.0,0.0,0
139984008,0.023172323,-0.1651709,0.18849155,0.85,0.0,0.0,0
139998990,0.089146264,-0.14844356,0.26131207,0.85,0.0,0.0,0
140018939,0.110490106,-0.11819876,0.2217967,0.85,0.0,0.0,0
140043883,0.08011857,-0.09538568,0.24013574,0.85,0.0,0.0,0
140058863,0.012445158,-0.09715519,0.26845172,0.85,0.0,0.0,0
140078848,-0.10987301,-0.11593187,0.3190945,0.85,0.0,0.0,0
140098912,-0.19442526,-0.11562953,0.51920223,0.85,0.0,0.0,0
140123726,-0.3450868,-0.072014,0.51699203,0.85,0.0,0.0,0
140138707,-0.35239854,-0.09240106,0.5289112,0.85,0.0,0.0,0
140158664,-0.35604623,-0.13016202,0.53316236,0.85,0.0,0.0,0
140183601,-0.34816098,-0.16397163,0.532646,0.85,0.0,0.0,0
140198567,-0.32739514,-0.14398427,0.37647146,0.85,0.0,0.0,0
140218517,-0.17016217,-0.14185955,0.36008197,0.85,0.0,0.0,0
140243476,-0.06144956,-0.12608004,0.30926952,0.85,0.0,0.0,0
140263467,-0.008901414,-0.10940172,0.2798661,0.85,0.0,0.0,0
140278405,0.012029143,-0.0874208,0.2720376,0.85,0.0,0.0,0
140298428,-0.06809519,-0.06593939,0.27837783,0.85,0.0,0.0,0
140323345,-0.19960088,-0.08238501,0.33126423,0.85,0.0,0.0,0
140338272,-0.2546977,-0.08464991,0.3252508,0.85,0.0,0.0,0
140358244,-0.2961768,-0.0713943,0.32167086,0.85,0.0,0.0,0
140383184,-0.3089128,-0.07297223,0.3259219,0.85,0.0,0.0,0
140403186,-0.28616726,-0.115341686,0.29403618,0.85,0.0,0.0,0
140418099,-0.28793186,-0.14534025,0.3020698,0.85,0.0,0.0,0
140443067,-0.2838127,-0.13306916,0.3012067,0.85,0.0,0.0,0
140463010,-0.23291591,-0.09427174,0.30269983,0.85,0.0,0.0,0
140477997,-0.18386231,-0.072103895,0.30064178,0.85,0.0,0.0,0
140497979,-0.13131163,-0.053972937,0.24923296,0.85,0.0,0.0,0
140522885,-0.07807575,-0.046549547,0.23624986,0.85,0.0,0.0,0
140542854,-0.14135383,-0.054074805,0.2534543,0.85,0.0,0.0,0
140557818,-0.21336488,-0.08388245,0.25109145,0.85,0.0,0.0,0
140582776,-0.2676668,-0.101958804,0.24721834,0.85,0.0,0.0,0
140602719,-0.3907633,-0.059668213,0.4039468,0.85,0.0,0.0,0
140617687,-0.39454854,-0.07036255,0.4093634,0.85,0.0,0.0,0
140637674,-0.39658076,-0.10325097,0.41001937,0.85,0.0,0.0,0
140662635,-0.3864223,-0.1493836,0.41509762,0.85,0.0,0.0,0
140682590,-0.3680533,-0.16256858,0.42004848,0.85,0.0,0.0,0
140697545,-0.3238929,-0.14040709,0.49720103,0.85,0.0,0.0,0
140722465,-0.3020323,-0.101322025,0.49996313,0.85,0.0,0.0,0
140742442,-0.2418408,-0.081300855,0.47514614,0.85,0.0,0.0,0
140757392,-0.1837759,-0.06742616,0.44098496,0.85,0.0,0.0,0
140782354,-0.20892537,-0.055924084,0.44665417,0.85,0.0,0.0,0
140802346,-0.14296637,-0.10908165,0.24287221,0.85,0.0,0.0,0
140822255,-0.17203332,-0.124883235,0.23600215,0.85,0.0,0.0,0
140837225,-0.18494755,-0.12321779,0.23435226,0.85,0.0,0.0,0
140862177,-0.18123783,-0.11411036,0.23771992,0.85,0.0,0.0,0
140882179,-0.16949287,-0.1358296,0.23944253,0.85,0.0,0.0,0
140897104,-0.14761487,-0.16159162,0.20558757,0.85,0.0,0.0,0
140922051,-0.14952303,-0.16323152,0.21030024,0.85,0.0,0.0,0
140942047,-0.12779076,-0.11418182,0.20315504,0.85,0.0,0.0,0
140956971,-0.07605726,-0.08098401,0.19635803,0.85,0.0,0.0,0
140981930,-0.014983021,-0.053241458,0.1726957,0.85,0.0,0.0,0
141001891,-0.023058163,-0.02253823,0.21196494,0.85,0.0,0.0,0
141021844,-0.075664,-0.007969953,0.23108773,0.85,0.0,0.0,0
141036806,-0.15531535,-0.019046668,0.24760829,0.85,0.0,0.0,0
141061774,-0.23477879,-0.057936687,0.24272531,0.85,0.0,0.0,0
141081912,-0.27727807,-0.072515436,0.24114685,0.85,0.0,0.0,0
141101675,-0.30476147,-0.09742501,0.24074762,0.85,0.0,0.0,0
141121643,-0.32093456,-0.14819443,0.24714442,0.84776,0.0,0.0,0
141141590,-0.33070517,-0.20612818,0.25580683,0.8455133,0.0,0.0,0
141161551,-0.35877115,-0.24552058,0.26464272,0.84327644,0.0,0.0,0
141181516,-0.34811193,-0.23185055,0.26205403,0.8409809,0.0,0.0,0
141201468,-0.29847378,-0.2185813,0.24536704,0.838786,0.0,0.0,0
141221445,-0.27155697,-0.20909803,0.24403475,0.8365356,0.0,0.0,0
141241425,-0.25335994,-0.19942635,0.2387934,0.8342949,0.0,0.0,0
141261358,-0.2663285,-0.20930208,0.23732477,0.83203965,0.0,0.0,0
141281430,-0.3101728,-0.2380583,0.23740713,0.82980055,0.0,0.0,0
141301268,-0.35340536,-0.2514941,0.24461259,0.8275504,0.0,0.0,0
141321215,-0.368645,-0.23796761,0.23804063,0.82529354,0.0,0.0,0
141341175,-0.3785971,-0.21605723,0.23047909,0.8230363,0.0,0.0,0
141361126,-0.3820302,-0.2167434,0.23050106,0.82081896,0.0,0.0,0
141381089,-0.38331622,-0.22898889,0.23133674,0.8185748,0.0,0.0,0
141401055,-0.41193938,-0.23590828,0.39691427,0.8163302,0.0,0.0,0
141421003,-0.520162,-0.16433047,0.3971662,0.81408876,0.0,0.0,0
141440965,-0.5050824,-0.12071363,0.40230525,0.8118428,0.0,0.0,0
141460944,-0.48881295,-0.09427965,0.41106763,0.8095588,0.0,0.0,0
141480983,-0.46197984,-0.06829075,0.40249652,0.81176955,0.0,0.0,0
141500859,-0.45818102,-0.043546293,0.3522856,0.814011,0.0,0.0,0
141520827,-0.45959485,-0.04845525,0.33522788,0.81626457,0.0,0.0,0
141540766,-0.507407,-0.06885237,0.32808706,0.8185008,0.0,0.0,0
141560717,-0.535173,-0.07855487,0.30941653,0.8207469,0.0,0.0,0
141580675,-0.55594075,-0.067374624,0.2888694,0.8229958,0.0,0.0,0
141600643,-0.56696934,-0.06309017,0.26158568,0.82525873,0.0,0.0,0
141620587,-0.5572806,-0.08644836,0.25539052,0.8274896,0.0,0.0,0
141640554,-0.54756725,-0.112614624,0.2586146,0.8297627,0.0,0.0,0
141660532,-0.5831798,-0.08967183,0.2584124,0.83198494,0.0,0.0,0
141680534,-0.5802579,-0.04327137,0.24911447,0.83422416,0.0,0.0,0
141700423,-0.54224205,0.0022329707,0.24436216,0.8364648,0.0,0.0,0
141720384,-0.5071271,0.0436555,0.23935656,0.8387113,0.0,0.0,0
141740346,-0.46012408,0.081820935,0.22743823,0.84097683,0.0,0.0,0
141760320,-0.47582296,0.11757149,0.21825142,0.84320086,0.0,0.0,0
141780292,-0.51950234,0.13077007,0.20214595,0.84548336,0.0,0.0,0
141800247,-0.54592353,0.11136197,0.12576513,0.8476941,0.0,0.0,0
141820206,-0.5338862,0.10215663,0.11391525,0.84993553,0.0,0.0,0
141840178,-0.5539991,0.10934853,0.10019263,0.85,0.0,0.0,0
141860182,-0.5573348,0.09855575,0.096343175,0.85,0.0,0.0,0
141880149,-0.54270947,0.07472974,0.0982024,0.85,0.0,0.0,0
141900007,-0.56374574,0.07850433,0.07416182,0.85,0.0,0.0,0
141920008,-0.5557862,0.11585902,0.06325978,0.85,0.0,0.0,0
141939924,-0.51925254,0.16614832,0.056141373,0.85,0.0,0.0,0
141959882,-0.48307243,0.19869536,0.050631084,0.85,0.0,0.0,0
141979845,-0.44054073,0.22390525,0.045063116,0.85,0.0,0.0,0
141999803,-0.4437141,0.24001491,0.06380072,0.85,0.0,0.0,0
142019763,-0.48645282,0.24140047,0.058365393,0.85,0.0,0.0,0
142039727,-0.527285,0.19941545,0.05570995,0.85,0.0,0.0,0
142059723,-0.54827446,0.17501362,0.046616122,0.85,0.0,0.0,0
142084630,-0.56858873,0.15405469,0.03558491,0.85,0.0,0.0,0
142099596,-0.57795405,0.117657706,0.039898273,0.85,0.0,0.0,0
142119568,-0.5731393,0.06371016,0.042877905,0.85,0.0,0.0,0
142139505,-0.56991464,0.010423171,0.057696354,0.85,0.0,0.0,0
142159495,-0.5746967,0.011252527,0.051137283,0.85,0.0,0.0,0
142179428,-0.5389841,0.036240768,0.050933193,0.85,0.0,0.0,0
142199455,-0.5051264,0.05476859,0.036537025,0.85,0.0,0.0,0
142224336,-0.4589137,0.073852815,0.029186478,0.85,0.0,0.0,0
142239316,-0.48479477,0.088890724,0.025674075,0.85,0.0,0.0,0
142259312,-0.5481284,0.07650565,0.020516034,0.85,0.0,0.0,0
142279236,-0.61240095,0.041599873,0.021785919,0.85,0.0,0.0,0
142299216,-0.664492,0.02902955,0.006778525,0.85,0.0,0.0,0
142319155,-0.7115089,0.034008432,-0.0071035493,0.85,0.0,0.0,0
142339093,-0.75761193,0.032508142,0.0071480363,0.85,0.0,0.0,0
142364042,-0.789806,0.015705047,0.02766441,0.8496005,0.0,0.0,0
142379001,-0.80986494,-0.0034567474,0.03596124,0.84734905,0.0,0.0,0
142398968,-0.8174515,0.01130513,0.04373934,0.8451098,0.0,0.0,0
142423907,-0.76954776,0.06850597,0.025675206,0.84285116,0.0,0.0,0
142438886,-0.7397735,0.1033883,0.02713353,0.843611,0.0,0.0,0
142458917,-0.67156726,0.14260672,0.025108248,0.8458556,0.0,0.0,0
142478854,-0.6374155,0.17580624,0.021916544,0.84812593,0.0,0.0,0
142503742,-0.67079437,0.17916572,0.013785743,0.85,0.0,0.0,0
142518749,-0.69678074,0.1563658,0.019934924,0.85,0.0,0.0,0
142538705,-0.7348194,0.14684533,0.03524281,0.85,0.0,0.0,0
142563620,-0.76577294,0.16402142,0.043813575,0.8478055,0.0,0.0,0
142578586,-0.79580635,0.15877673,0.060179967,0.84555686,0.0,0.0,0
142598551,-0.8101518,0.13812138,0.07769573,0.84331864,0.0,0.0,0
142623520,-0.8020573,0.109539814,0.08985348,0.8410439,0.0,0.0,0
142643466,-0.7944174,0.12355317,0.08584573,0.8387968,0.0,0.0,0
142658481,-0.77714694,0.1624892,0.081282936,0.83657855,0.0,0.0,0
142678377,-0.72591406,0.2020831,0.08269258,0.83432955,0.0,0.0,0
142703321,-0.6835253,0.25284332,0.2250559,0.83209044,0.0,0.0,0
142718317,-0.66337764,0.27182782,0.23290163,0.8343312,0.0,0.0,0
142738257,-0.67251354,0.2811819,0.23374988,0.8366084,0.0,0.0,0
142763242,-0.7133156,0.26200277,0.2381458,0.83885074,0.0,0.0,0
142783159,-0.7301539,0.24450934,0.2569275,0.84107214,0.0,0.0,0
142798131,-0.7342696,0.23959775,0.1502711,0.84331316,0.0,0.0,0
142823083,-0.7053172,0.21713829,0.16264233,0.84555733,0.0,0.0,0
142843048,-0.7005029,0.18192473,0.1838836,0.8478332,0.0,0.0,0
142858174,-0.66109574,0.14197023,0.17854191,0.85,0.0,0.0,0
142877963,-0.65103006,0.12891346,0.17440273,0.85,0.0,0.0,0
142902946,-0.57992685,0.15816082,0.12004001,0.85,0.0,0.0,0
142922872,-0.4909443,0.18779452,0.07166598,0.85,0.0,0.0,0
142937847,-0.44683722,0.21739309,0.04634454,0.85,0.0,0.0,0
142962791,-0.37660575,0.24630032,0.013619394,0.85,0.0,0.0,0
142982744,-0.3695373,0.25192168,0.009473083,0.85,0.0,0.0,0
142997722,-0.38705403,0.24272344,0.020296317,0.85,0.0,0.0,0
143022662,-0.40320513,0.20008074,0.028068632,0.85,0.0,0.0,0
143042665,-0.40910396,0.18408655,0.03178303,0.85,0.0,0.0,0
143062666,-0.39848247,0.15770182,0.022214217,0.85,0.0,0.0,0
143077559,-0.36781436,0.112301774,0.0036249869,0.85,0.0,0.0,0
143102510,-0.2985608,0.03414806,-0.026727932,0.85,0.0,0.0,0
143122446,-0.2876784,-0.0079672905,-0.030583225,0.85,0.0,0.0,0
143137423,-0.26416966,-0.0013613314,-0.044673953,0.85,0.0,0.0,0
143162368,-0.18300211,0.02099101,-0.08113956,0.85,0.0,0.0,0
143182349,-0.12032322,0.04546129,-0.11072898,0.85,0.0,0.0,0
143202289,-0.027800728,0.07148745,-0.21406533,0.85,0.0,0.0,0
143217263,-0.02323869,0.07173692,-0.21047166,0.85,0.0,0.0,0
143242221,-0.07098239,0.011515116,-0.1744869,0.85,0.0,0.0,0
143262204,-0.08909307,-0.034619957,-0.16001223,0.85,0.0,0.0,0
143277127,-0.09917968,-0.039343227,-0.15423386,0.85,0.0,0.0,0
143302074,-0.08932483,-0.08493082,-0.11243102,0.85,0.0,0.0,0
143322033,-0.06942119,-0.11044991,-0.12331735,0.85,0.0,0.0,0
143341988,-0.04107359,-0.15389423,-0.13838057,0.85,0.0,0.0,0
143361952,-0.07298973,-0.2023115,-0.12525907,0.8466518,0.0,0.0,0
143381902,-0.07723995,-0.17699966,-0.12826581,0.84438807,0.0,0.0,0
143401870,0.0020892196,-0.12859975,-0.2087411,0.8421636,0.0,0.0,0
143416848,0.07107009,-0.10867608,-0.24524546,0.8421636,0.0,0.0,0
143441851,0.14095852,-0.036227908,-0.27361768,0.8453242,0.0,0.0,0
143461796,0.14082159,-0.029238999,-0.26842266,0.8475773,0.0,0.0,0
143481703,0.12158386,-0.0588805,-0.25289,0.84981096,0.0,0.0,0
143501658,0.089421146,-0.09329441,-0.23266985,0.85,0.0,0.0,0
143521615,0.059466217,-0.10486971,-0.21010967,0.85,0.0,0.0,0
143541583,0.042462543,-0.10629606,-0.19958831,0.8498706,0.0,0.0,0
143561534,0.04822558,-0.12985171,-0.207564,0.8479203,0.0,0.0,0
143581527,0.07795115,-0.16411312,-0.22585395,0.84612495,0.0,0.0,0
143601445,0.078545965,-0.18879287,-0.20252925,0.8438834,0.0,0.0,0
143621402,0.117483616,-0.15959708,-0.21349059,0.84163713,0.0,0.0,0
143641412,0.17215551,-0.11290489,-0.22438869,0.8414061,0.0,0.0,0
143661328,0.24196701,-0.075667,-0.22946931,0.842042,0.0,0.0,0
143681285,0.3035941,-0.038661987,-0.22815889,0.8430833,0.0,0.0,0
143701242,0.3266665,-0.0023812754,-0.30871978,0.84533983,0.0,0.0,0
143721233,0.28475344,-0.023072857,-0.2951095,0.84757745,0.0,0.0,0
143741180,0.23619817,-0.059572242,-0.28288063,0.8493086,0.0,0.0,0
143761114,0.19348644,-0.10005314,-0.2664166,0.85,0.0,0.0,0
143781068,0.1628748,-0.12202395,-0.26145497,0.85,0.0,0.0,0
143801060,0.16696055,-0.1584634,-0.15032491,0.85,0.0,0.0,0
143820993,0.14251581,-0.22263826,-0.15653747,0.8477731,0.0,0.0,0
143840991,0.18103905,-0.2694459,-0.16304144,0.8455304,0.0,0.0,0
143860906,0.20883106,-0.2590708,-0.1719666,0.8432811,0.0,0.0,0
143880910,0.27455986,-0.21831979,-0.17932999,0.8410356,0.0,0.0,0
143900823,0.35104746,-0.17931286,-0.20383057,0.8387999,0.0,0.0,0
143920787,0.43348393,-0.13573554,-0.20179963,0.83653176,0.0,0.0,0
143940755,0.4499059,-0.11397045,-0.19344676,0.8343085,0.0,0.0,0
143960702,0.42474377,-0.12226041,-0.18484028,0.8320628,0.0,0.0,0
143980660,0.38046637,-0.16359812,-0.1746515,0.8298176,0.0,0.0,0
144000620,0.3258632,-0.19324613,-0.22402631,0.82756543,0.0,0.0,0
144020603,0.31883138,-0.19554606,-0.2076412,0.82531947,0.0,0.0,0
144040590,0.30237484,-0.22051284,-0.19736812,0.8230751,0.0,0.0,0
144060502,0.30534115,-0.26541013,-0.20181647,0.820837,0.0,0.0,0
144080458,0.31468058,-0.31424096,-0.20635127,0.81856644,0.0,0.0,0
144100401,0.31907293,-0.32211837,-0.17510916,0.8178314,0.0,0.0,0
144120362,0.33889776,-0.29858774,-0.18005413,0.8161013,0.0,0.0,0
144140330,0.38843116,-0.2558262,-0.18790147,0.8153061,0.0,0.0,0
144160285,0.4401694,-0.2141478,-0.18267655,0.8151605,0.0,0.0,0
144180278,0.46167007,-0.18216668,-0.17554295,0.8153865,0.0,0.0,0
144200232,0.43929976,-0.17290229,-0.22443573,0.81566876,0.0,0.0,0
144220202,0.4215189,-0.18413638,-0.20883517,0.81794363,0.0,0.0,0
144240296,0.35636202,-0.218469,-0.19697112,0.82016414,0.0,0.0,0
144260107,0.30651322,-0.22616759,-0.178043,0.82240355,0.0,0.0,0
144280051,0.28596085,-0.22845887,-0.16179536,0.8246565,0.0,0.0,0
144299993,0.286301,-0.24815512,-0.12113919,0.82567716,0.0,0.0,0
144319943,0.26791608,-0.28623706,-0.12210118,0.8234331,0.0,0.0,0
144339906,0.2572785,-0.3115295,-0.123942755,0.8211824,0.0,0.0,0
144359868,0.26664767,-0.2884287,-0.12645572,0.8189216,0.0,0.0,0
144379821,0.2971578,-0.24796793,-0.12948042,0.8178424,0.0,0.0,0
144399782,0.3376044,-0.20942485,-0.16198386,0.8184133,0.0,0.0,0
144419799,0.39278707,-0.15803733,-0.15645951,0.82065916,0.0,0.0,0
144439849,0.40850848,-0.12497816,-0.14282212,0.82289994,0.0,0.0,0
144459663,0.3802292,-0.115201116,-0.13482863,0.8251405,0.0,0.0,0
144479615,0.3484453,-0.14476334,-0.12417602,0.8273853,0.0,0.0,0
144499582,0.330453,-0.162506,-0.08100433,0.8296512,0.0,0.0,0
144519542,0.3011248,-0.16790882,-0.07073909,0.8318764,0.0,0.0,0
144539492,0.3010378,-0.17777586,-0.059955917,0.82962817,0.0,0.0,0
144559483,0.29642183,-0.2104855,-0.061304428,0.8273832,0.0,0.0,0
144579410,0.290937,-0.25362667,-0.06243677,0.82514054,0.0,0.0,0
144604354,0.2863424,-0.25250536,-0.06990305,0.82289517,0.0,0.0,0
144619339,0.31847072,-0.23040147,-0.07385084,0.82064193,0.0,0.0,0
144639399,0.37050402,-0.20144252,-0.07922415,0.8183791,0.0,0.0,0
144659263,0.41563088,-0.17596364,-0.075126775,0.81615394,0.0,0.0,0
144679220,0.43863854,-0.15886325,-0.07339597,0.8139061,0.0,0.0,0
144699216,0.44178993,-0.15669042,-0.06507289,0.81166416,0.0,0.0,0
144719151,0.4193445,-0.19386676,-0.062379155,0.8094254,0.0,0.0,0
144744058,0.3709252,-0.2389922,-0.058546964,0.8071751,0.0,0.0,0
144759026,0.35566762,-0.25358272,-0.047754686,0.80493367,0.0,0.0,0
144778988,0.34402153,-0.26294068,-0.036530506,0.8026678,0.0,0.0,0
144803937,0.3443442,-0.29210934,-0.044822916,0.8004365,0.0,0.0,0
144818917,0.3458446,-0.32921076,-0.053453516,0.7981882,0.0,0.0,0
144839025,0.3330465,-0.37299955,-0.05605507,0.7959308,0.0,0.0,0
144863815,0.35138246,-0.37360227,-0.05832997,0.7936824,0.0,0.0,0
144883801,0.39319012,-0.35286394,-0.05928996,0.7914615,0.0,0.0,0
144898755,0.43350816,-0.32823816,-0.06498805,0.78921616,0.0,0.0,0
144918728,0.46856207,-0.29519045,-0.0677699,0.78696907,0.0,0.0,0
144943653,0.47147986,-0.26242155,-0.06948108,0.78921354,0.0,0.0,0
144958638,0.4544895,-0.2499554,-0.07028237,0.79145736,0.0,0.0,0
144978570,0.4178934,-0.26240593,-0.0775407,0.7937032,0.0,0.0,0
145003524,0.36170718,-0.26516867,-0.05463956,0.7959784,0.0,0.0,0
145023537,0.34332463,-0.24213746,-0.057706986,0.79820323,0.0,0.0,0
145038511,0.33808717,-0.22806145,-0.06388524,0.8004525,0.0,0.0,0
145058396,0.34198654,-0.21930036,-0.067023955,0.80268806,0.0,0.0,0
145083369,0.3509243,-0.2290287,-0.07215243,0.8049291,0.0,0.0,0
145098319,0.3419082,-0.22443844,-0.072014056,0.8054189,0.0,0.0,0
145118298,0.37538123,-0.18151323,-0.071269505,0.80446875,0.0,0.0,0
145143225,0.44497302,-0.11484181,-0.065738715,0.8048773,0.0,0.0,0
145163224,0.49999425,-0.07086428,-0.058078144,0.8063214,0.0,0.0,0
145178151,0.5345542,-0.034382336,-0.056109708,0.8085289,0.0,0.0,0
145203098,0.5319404,0.011469555,-0.06483137,0.81075305,0.0,0.0,0
145223105,0.49510634,0.029558584,-0.06456374,0.8129974,0.0,0.0,0
145238066,0.4624624,0.029317716,-0.07273563,0.8152491,0.0,0.0,0
145257992,0.41335863,0.010339623,-0.079682514,0.8174883,0.0,0.0,0
145282934,0.36743498,0.01050681,-0.09301462,0.81975543,0.0,0.0,0
145302890,0.3553062,-0.005384666,-0.09029069,0.821979,0.0,0.0,0
145317868,0.35444796,-0.04053083,-0.08829091,0.82318956,0.0,0.0,0
145342805,0.34012944,-0.10345472,-0.077605404,0.82180274,0.0,0.0,0
145362766,0.3471291,-0.117942594,-0.085420825,0.82111186,0.0,0.0,0
145377774,0.38245186,-0.10588296,-0.0995644,0.82131886,0.0,0.0,0
145397711,0.4515505,-0.07980436,-0.104722336,0.82263124,0.0,0.0,0
145422709,0.5303419,-0.052269574,-0.1066807,0.82490546,0.0,0.0,0
145442657,0.5622483,-0.03232008,-0.10935795,0.8271342,0.0,0.0,0
145457564,0.54296535,-0.020992968,-0.11353735,0.829367,0.0,0.0,0
145482521,0.48336545,-0.055979133,-0.11641158,0.83161044,0.0,0.0,0
145502480,0.4402767,-0.09458606,-0.12999353,0.8338573,0.0,0.0,0
145517444,0.39387944,-0.113159314,-0.09794823,0.8361015,0.0,0.0,0
145542400,0.31769705,-0.11287016,-0.052190714,0.83837354,0.0,0.0,0
145562400,0.30646876,-0.13125381,-0.03992804,0.8406187,0.0,0.0,0
145582326,0.30033875,-0.16696918,-0.031262297,0.84074676,0.0,0.0,0
145597275,0.2800757,-0.1984269,-0.015786655,0.8407815,0.0,0.0,0
145622404,0.2895694,-0.18678646,-0.024875198,0.8390503,0.0,0.0,0
145642190,0.3545115,-0.144112,-0.05517278,0.83865714,0.0,0.0,0
145657146,0.41610423,-0.10642958,-0.08562762,0.83927196,0.0,0.0,0
145682100,0.5035477,-0.052750096,-0.11969898,0.8403763,0.0,0.0,0
145702088,0.50713503,-0.01799298,-0.12005368,0.8418206,0.0,0.0,0
145717024,0.4667869,-0.0063793967,-0.09972089,0.84403896,0.0,0.0,0
145741979,0.37079647,-0.033763845,-0.051297482,0.84595907,0.0,0.0,0
145761937,0.3123214,-0.0439336,-0.023164563,0.846715,0.0,0.0,0
145781890,0.27086765,-0.039460577,-0.0022170695,0.84608626,0.0,0.0,0
145796855,0.27106464,-0.04847562,0.008111785,0.844245,0.0,0.0,0
145821962,0.25903606,-0.07978456,0.013680963,0.8419979,0.0,0.0,0
145841821,0.24952571,-0.117284164,0.022731291,0.8397286,0.0,0.0,0
145861734,0.25094762,-0.11436917,0.018354157,0.837513,0.0,0.0,0
145881682,0.31837603,-0.0872509,-0.013086498,0.8352702,0.0,0.0,0
145901649,0.39347112,-0.056392524,-0.04342493,0.8346368,0.0,0.0,0
145921601,0.45192516,-0.023776032,-0.06124522,0.8336463,0.0,0.0,0
145941564,0.47498763,-0.0022442867,-0.06796466,0.8331887,0.0,0.0,0
145961516,0.44286913,-0.0044266954,-0.051983878,0.83262515,0.0,0.0,0
145981525,0.37216455,-0.042986777,-0.024405267,0.8317034,0.0,0.0,0
146001455,0.3196155,-0.07505225,-0.004910411,0.8297661,0.0,0.0,0
146021507,0.28089184,-0.08671309,0.017888127,0.8290235,0.0,0.0,0
146041344,0.26033145,-0.10169113,0.034752768,0.8270499,0.0,0.0,0
146061301,0.2531999,-0.14165069,0.040648255,0.824826,0.0,0.0,0
146081279,0.23871501,-0.19160177,0.051771015,0.8225818,0.0,0.0,0
146101226,0.22365151,-0.23377141,0.049864765,0.82033485,0.0,0.0,0
146121177,0.25720355,-0.2226623,0.033452306,0.81806505,0.0,0.0,0
146141182,0.313878,-0.19948618,0.008386783,0.81583947,0.0,0.0,0
146161098,0.3684636,-0.1732934,-0.013093103,0.81360185,0.0,0.0,0
146181048,0.39811498,-0.14931852,-0.024831725,0.81133825,0.0,0.0,0
146201029,0.3724639,-0.14420977,-0.00908066,0.8106433,0.0,0.0,0
146221056,0.3068771,-0.17172576,0.017597495,0.8093602,0.0,0.0,0
146240937,0.23170958,-0.20729677,0.0466369,0.8072936,0.0,0.0,0
146260884,0.17756212,-0.21756342,0.07141252,0.8050565,0.0,0.0,0
146280909,0.13255794,-0.21477355,0.08956701,0.8028075,0.0,0.0,0
146300800,0.12201189,-0.2291494,0.09893259,0.80056244,0.0,0.0,0
146320767,0.105696134,-0.26441425,0.10922521,0.7983193,0.0,0.0,0
146340735,0.07480658,-0.30936143,0.12616855,0.79605454,0.0,0.0,0
146360692,0.06577328,-0.33100745,0.1289214,0.79382527,0.0,0.0,0
146380636,0.1103602,-0.3204249,0.107429184,0.7915827,0.0,0.0,0
146400616,0.17041019,-0.29790026,0.10670771,0.7893301,0.0,0.0,0
146420694,0.21345983,-0.27492338,0.0782618,0.78705955,0.0,0.0,0
146440520,0.24382275,-0.25691456,0.06288265,0.7848483,0.0,0.0,0
146460472,0.20693272,-0.2560694,0.08623024,0.7826023,0.0,0.0,0
146480437,0.13588093,-0.27185535,0.12139866,0.78035724,0.0,0.0,0
146500399,0.07527525,-0.28472644,0.13688941,0.7808421,0.0,0.0,0
146520354,0.047432628,-0.27117935,0.15387176,0.7809542,0.0,0.0,0
146540332,0.02196465,-0.24786669,0.16751288,0.7798793,0.0,0.0,0
146560268,0.02418493,-0.24335866,0.16973957,0.7776349,0.0,0.0,0
146580247,0.025393717,-0.25985572,0.17299984,0.77541554,0.0,0.0,0
146600257,0.0058824993,-0.28358656,0.18693778,0.77317303,0.0,0.0,0
146620212,-0.011197296,-0.2741006,0.19433281,0.77204424,0.0,0.0,0
146640151,0.028587056,-0.23761949,0.16846624,0.77215874,0.0,0.0,0
146660069,0.10244884,-0.19824275,0.1291449,0.77343166,0.0,0.0,0
146680083,0.15440589,-0.15932502,0.1063549,0.7755053,0.0,0.0,0
146699975,0.1892999,-0.12693441,0.07137011,0.77777463,0.0,0.0,0
146719941,0.20125997,-0.10508747,0.069990024,0.7783754,0.0,0.0,0
146739894,0.16401573,-0.11469758,0.085614696,0.77850574,0.0,0.0,0
146759848,0.10673738,-0.13393214,0.10877181,0.7780057,0.0,0.0,0
146779804,0.068869986,-0.13412791,0.124820426,0.77660686,0.0,0.0,0
146799834,0.04212952,-0.13033105,0.23859447,0.7743581,0.0,0.0,0
146819764,-0.010427909,-0.12864254,0.2464612,0.77590054,0.0,0.0,0
146844676,-0.009034638,-0.1705931,0.2465055,0.77753216,0.0,0.0,0
146859645,0.0022841624,-0.20653562,0.24145198,0.77949053,0.0,0.0,0
146879600,0.022743924,-0.22184098,0.2240603,0.7817404,0.0,0.0,0
146899554,0.085623346,-0.2046659,0.101062246,0.7839887,0.0,0.0,0
146919521,0.21978666,-0.17831115,0.05790043,0.7848609,0.0,0.0,0
146939475,0.3101972,-0.14023173,0.021588052,0.7843111,0.0,0.0,0
146959475,0.37112874,-0.10045625,-0.0051648677,0.78419155,0.0,0.0,0
146984372,0.36537644,-0.06978983,0.0024299494,0.7842282,0.0,0.0,0
146999392,0.33690304,-0.06755549,0.01622712,0.7843566,0.0,0.0,0
147019338,0.28692725,-0.08456816,0.03827462,0.78471303,0.0,0.0,0
147039282,0.23604265,-0.08443589,0.061577242,0.7841977,0.0,0.0,0
147059232,0.19244754,-0.07194399,0.0796194,0.7824147,0.0,0.0,0
147079204,0.18756604,-0.07315835,0.085703515,0.7801677,0.0,0.0,0
147099185,0.19548635,-0.10479665,0.07080578,0.7779196,0.0,0.0,0
147124077,0.2120651,-0.1538037,0.06949153,0.7756594,0.0,0.0,0
147139059,0.2358641,-0.15773827,0.057494473,0.77343243,0.0,0.0,0
147159008,0.29898673,-0.15342829,0.030372025,0.7711847,0.0,0.0,0
147183970,0.41372982,-0.13876256,-0.015145271,0.76891434,0.0,0.0,0
147198972,0.4749691,-0.12298299,-0.08938251,0.76669323,0.0,0.0,0
147218888,0.57686114,-0.10244296,-0.14564958,0.76444066,0.0,0.0,0
147238856,0.5633478,-0.09017951,-0.119529136,0.76670057,0.0,0.0,0
147263788,0.43369618,-0.09358034,-0.024041262,0.7689472,0.0,0.0,0
147278801,0.330096,-0.10999915,0.050416287,0.77116984,0.0,0.0,0
147298729,0.19420725,-0.10564557,0.08946992,0.7734105,0.0,0.0,0
147323665,0.10240938,-0.066655666,0.14536557,0.7756537,0.0,0.0,0
147338653,0.056874305,-0.050835554,0.16700359,0.7779034,0.0,0.0,0
147358592,0.026800515,-0.051996607,0.18197456,0.78014505,0.0,0.0,0
147383582,0.014559117,-0.07680417,0.18921864,0.78239226,0.0,0.0,0
147403608,0.021406375,-0.093778476,0.19069485,0.7846687,0.0,0.0,0
147418480,0.059110425,-0.078670986,0.16867958,0.78688717,0.0,0.0,0
147438430,0.1405045,-0.051649164,0.12318659,0.7891484,0.0,0.0,0
147463393,0.24115276,-0.01770878,0.06889561,0.79137385,0.0,0.0,0
147478355,0.28427896,0.012293727,0.048437368,0.79361427,0.0,0.0,0
147498299,0.288648,0.040905222,0.0672542,0.7958592,0.0,0.0,0
147523296,0.20696409,0.06145878,0.119351245,0.79810935,0.0,0.0,0
147543204,0.0971847,0.06924804,0.18823685,0.8004038,0.0,0.0,0
147558194,0.018532075,0.068265826,0.23271394,0.802597,0.0,0.0,0
147578142,-0.05923074,0.089463614,0.28342047,0.8048417,0.0,0.0,0
147603171,-0.13708685,0.11925103,0.38883722,0.80709094,0.0,0.0,0
147618050,-0.14367193,0.09795388,0.392986,0.8093363,0.0,0.0,0
147638013,-0.13258414,0.057947706,0.38280776,0.8116013,0.0,0.0,0
147662987,-0.10091714,0.01781149,0.3545458,0.81382453,0.0,0.0,0
147682910,-0.03747364,0.030607942,0.30410996,0.81608975,0.0,0.0,0
147697877,0.024850702,0.057634465,0.13511926,0.81831276,0.0,0.0,0
147722845,0.17478132,0.08449874,0.086546086,0.8205575,0.0,0.0,0
147742801,0.24563418,0.12658471,0.052352477,0.82282865,0.0,0.0,0
147757768,0.24427801,0.16213284,0.059335463,0.8250499,0.0,0.0,0
147777733,0.18903622,0.18889754,0.078959405,0.8272985,0.0,0.0,0
147802794,0.110975884,0.189731,0.09847494,0.829552,0.0,0.0,0
147822632,0.052136634,0.1890348,0.11854574,0.83182025,0.0,0.0,0
147837589,0.022463486,0.1869594,0.13064878,0.8340534,0.0,0.0,0
147862547,0.0016963492,0.17276146,0.14311051,0.8362783,0.0,0.0,0
147882493,-0.013813142,0.12497873,0.15192984,0.83852047,0.0,0.0,0
147897471,-0.019086706,0.077866375,0.15996155,0.84076655,0.0,0.0,0
147922407,-0.026753597,0.062035527,0.16076475,0.8430116,0.0,0.0,0
147942378,0.021561326,0.0696824,0.13728772,0.84528255,0.0,0.0,0
147962331,0.08953025,0.07581733,0.109112956,0.8475311,0.0,0.0,0
147977311,0.12617879,0.0845191,0.09639955,0.8497516,0.0,0.0,0
148002304,0.11366965,0.09085635,0.18768375,0.85,0.0,0.0,0
148022202,0.08045102,0.08158528,0.21205066,0.85,0.0,0.0,0
148037176,0.021775153,0.059889544,0.25151253,0.85,0.0,0.0,0
148062139,-0.060494635,0.01484371,0.30177265,0.85,0.0,0.0,0
148082078,-0.09717017,0.009371212,0.32824075,0.85,0.0,0.0,0
148102034,-0.082295924,0.0015440384,0.2852866,0.85,0.0,0.0,0
148121991,-0.07776471,-0.048479866,0.2818141,0.85,0.0,0.0,0
148141956,-0.058039192,-0.09267337,0.27174044,0.85,0.0,0.0,0
148161909,-0.08485656,-0.08819304,0.29028374,0.85,0.0,0.0,0
148176895,-0.057966564,-0.07575647,0.27123687,0.85,0.0,0.0,0
148201876,0.074651524,-0.0068773055,0.11752151,0.85,0.0,0.0,0
148221782,0.14129214,0.037506122,0.08902046,0.85,0.0,0.0,0
148241753,0.17590587,0.08654519,0.076920584,0.85,0.0,0.0,0
148261717,0.13147451,0.11220609,0.08994105,0.85,0.0,0.0,0
148281667,0.06963265,0.1004663,0.11879605,0.85,0.0,0.0,0
148301616,-0.0047680186,0.08765729,0.15465666,0.85,0.0,0.0,0
148321580,-0.059918255,0.089682534,0.17943993,0.85,0.0,0.0,0
148341581,-0.08439804,0.07749484,0.18807265,0.85,0.0,0.0,0
148361498,-0.08470473,0.04159061,0.18957302,0.85,0.0,0.0,0
148381491,-0.0812034,-0.030131802,0.1953004,0.85,0.0,0.0,0
148401417,-0.07276606,-0.06646261,0.14764453,0.85,0.0,0.0,0
148421365,-0.046264835,-0.06020068,0.1390084,0.85,0.0,0.0,0
148441329,0.0117055215,-0.046001013,0.11487253,0.85,0.0,0.0,0
148461280,0.06431955,-0.03559766,0.09536354,0.85,0.0,0.0,0
148481243,0.087372154,-0.027705165,0.086308174,0.85,0.0,0.0,0
148501235,0.053325363,-0.0454289,0.11208652,0.85,0.0,0.0,0
148521160,-0.032375548,-0.09125762,0.14566453,0.85,0.0,0.0,0
148541119,-0.11642743,-0.13089788,0.16138831,0.85,0.0,0.0,0
148561080,-0.17073913,-0.14839125,0.16332012,0.85,0.0,0.0,0
148581077,-0.20984878,-0.16009322,0.16295443,0.8477553,0.0,0.0,0
148600990,-0.22885188,-0.2000308,0.3281481,0.8462299,0.0,0.0,0
148620946,-0.32475996,-0.22240932,0.32858938,0.8460058,0.0,0.0,0
148640958,-0.34269643,-0.27368027,0.33129382,0.8467395,0.0,0.0,0
148660862,-0.32349572,-0.28594458,0.3235692,0.84874725,0.0,0.0,0
148680822,-0.2607638,-0.26901186,0.3117361,0.85,0.0,0.0,0
148700785,-0.19399485,-0.24917793,0.13588217,0.85,0.0,0.0,0
148720743,-0.040322974,-0.24669749,0.120622456,0.85,0.0,0.0,0
148740705,-0.057195075,-0.24176963,0.12928523,0.8477562,0.0,0.0,0
148760661,-0.12007694,-0.2569184,0.13188274,0.84550196,0.0,0.0,0
148780658,-0.17476514,-0.2735272,0.13626286,0.8432608,0.0,0.0,0
148800584,-0.22655089,-0.26314953,0.13793892,0.8409935,0.0,0.0,0
148820527,-0.26568893,-0.2450941,0.13428003,0.8387775,0.0,0.0,0
148840490,-0.2814167,-0.25373164,0.13457425,0.83652824,0.0,0.0,0
148860451,-0.2882878,-0.28261155,0.13623913,0.8342844,0.0,0.0,0
148880406,-0.2894253,-0.30941686,0.14101316,0.8320382,0.0,0.0,0
148900363,-0.28448528,-0.29962876,0.16272521,0.82979095,0.0,0.0,0
148920347,-0.25177538,-0.27063137,0.1537835,0.8275456,0.0,0.0,0
148940285,-0.20124725,-0.25454628,0.14501742,0.8252734,0.0,0.0,0
148960282,-0.16480632,-0.23814346,0.13496019,0.8230476,0.0,0.0,0
148980348,-0.15370956,-0.22703949,0.13452241,0.8208102,0.0,0.0,0
149000203,-0.19361447,-0.24483836,0.1406738,0.81856537,0.0,0.0,0
149020151,-0.25306085,-0.2788243,0.14770909,0.81632507,0.0,0.0,0
149040172,-0.29251713,-0.29437912,0.14811347,0.81407595,0.0,0.0,0
149060064,-0.33156633,-0.29036608,0.14277615,0.81182885,0.0,0.0,0
149079989,-0.35026175,-0.29619285,0.14222959,0.8095673,0.0,0.0,0
149099943,-0.3594843,-0.32230294,0.14549163,0.8073436,0.0,0.0,0
149119910,-0.3464716,-0.3584588,0.14635038,0.8050882,0.0,0.0,0
149139866,-0.3602615,-0.37057272,0.15022749,0.80285203,0.0,0.0,0
149159838,-0.339288,-0.3460195,0.14066806,0.80060315,0.0,0.0,0
149179951,-0.2887959,-0.31184566,0.12786508,0.7983492,0.0,0.0,0
149199752,-0.2500234,-0.27644092,0.10385732,0.79611576,0.0,0.0,0
149219699,-0.20625886,-0.24498163,0.093655065,0.793851,0.0,0.0,0
149239664,-0.20780571,-0.22508346,0.09256869,0.7916209,0.0,0.0,0
149259621,-0.24250683,-0.23325868,0.09399465,0.7893805,0.0,0.0,0
149279575,-0.28822443,-0.2540156,0.095553674,0.78712904,0.0,0.0,0
149299551,-0.31179482,-0.2527991,0.15429907,0.7848898,0.0,0.0,0
149319538,-0.37009457,-0.2326441,0.13960043,0.7826407,0.0,0.0,0
149339456,-0.37482437,-0.24023274,0.13138488,0.780397,0.0,0.0,0
149364415,-0.36462003,-0.277784,0.13039772,0.77812755,0.0,0.0,0
149379468,-0.35354164,-0.31539664,0.12615386,0.78036505,0.0,0.0,0
149399325,-0.33897743,-0.34318188,0.0844521,0.78259087,0.0,0.0,0
149419303,-0.27209142,-0.32349768,0.076287694,0.7848356,0.0,0.0,0
149439257,-0.23026504,-0.28951663,0.06449132,0.78709334,0.0,0.0,0
149459260,-0.19689724,-0.25530702,0.055948373,0.7893359,0.0,0.0,0
149479187,-0.15310535,-0.2260546,0.047340594,0.79157096,0.0,0.0,0
149504096,-0.17470041,-0.19508803,0.055184375,0.7912218,0.0,0.0,0
149519071,-0.1955386,-0.18100178,0.05827795,0.79345423,0.0,0.0,0
149539030,-0.23789786,-0.20832786,0.062326517,0.7955877,0.0,0.0,0
149564020,-0.27620858,-0.21084334,0.06252879,0.7963809,0.0,0.0,0
149579051,-0.3013941,-0.213356,0.05931881,0.795772,0.0,0.0,0
149598915,-0.31791413,-0.22145285,0.056114968,0.79408115,0.0,0.0,0
149623895,-0.31720993,-0.2641272,0.053726494,0.7919569,0.0,0.0,0
149643830,-0.31607774,-0.3065809,0.05601108,0.7899902,0.0,0.0,0
149658792,-0.31898907,-0.29843813,0.05282918,0.78905094,0.0,0.0,0
149678766,-0.29768193,-0.27929792,0.04744402,0.7891895,0.0,0.0,0
149703690,-0.24760847,-0.2490704,0.04127944,0.7904682,0.0,0.0,0
149718683,-0.22085124,-0.22326761,0.03487236,0.7927299,0.0,0.0,0
149738611,-0.16401084,-0.1971955,0.021379218,0.794959,0.0,0.0,0
149763608,-0.17227544,-0.17705756,0.020738076,0.7972189,0.0,0.0,0
149778574,-0.19683893,-0.18766159,0.023495302,0.79945934,0.0,0.0,0
149798486,-0.23182383,-0.21498683,0.02453422,0.8016916,0.0,0.0,0
149818439,-0.24960484,-0.21712102,0.024555849,0.80393606,0.0,0.0,0
149843391,-0.27634326,-0.19479465,0.025548661,0.80618113,0.0,0.0,0
149858357,-0.27932942,-0.19755831,0.02771858,0.80844814,0.0,0.0,0
149878326,-0.282279,-0.21590766,0.034466688,0.8106751,0.0,0.0,0
149903269,-0.29163688,-0.24286589,0.036533862,0.8129252,0.0,0.0,0
149923230,-0.29760522,-0.21249303,0.03661267,0.8151694,0.0,0.0,0
149938197,-0.27204934,-0.17049703,0.030949201,0.8174095,0.0,0.0,0
149958217,-0.22356527,-0.12118825,0.029014925,0.8196588,0.0,0.0,0
149983095,-0.17222638,-0.07515955,0.02512537,0.82136935,0.0,0.0,0
149998073,-0.14109068,-0.041610047,0.027573269,0.82134765,0.0,0.0,0
150018059,-0.17615181,-0.014248415,0.025795937,0.82204425,0.0,0.0,0
150042977,-0.2331244,-0.014163172,0.023153065,0.8224907,0.0,0.0,0
150062930,-0.29241893,-0.03736959,0.028454503,0.8219729,0.0,0.0,0
150077906,-0.33104703,-0.049977597,0.033242468,0.82025015,0.0,0.0,0
150102850,-0.3904925,-0.05699442,0.042462356,0.8180071,0.0,0.0,0
150122803,-0.41470298,-0.0913708,0.05287031,0.8157662,0.0,0.0,0
150137775,-0.42666447,-0.13620834,0.061876833,0.8134882,0.0,0.0,0
150157802,-0.4392526,-0.18424791,0.069708146,0.81126237,0.0,0.0,0
150182687,-0.4397827,-0.1914945,0.07331685,0.8089893,0.0,0.0,0
150202645,-0.40122816,-0.17651902,0.07427486,0.80678505,0.0,0.0,0
150217610,-0.36932388,-0.16220629,0.077227905,0.8045358,0.0,0.0,0
150242558,-0.3242347,-0.14416161,0.07393527,0.8022855,0.0,0.0,0
150262527,-0.33463502,-0.12928265,0.071547076,0.8000484,0.0,0.0,0
150277483,-0.36749208,-0.1272967,0.074053876,0.79777735,0.0,0.0,0
150302537,-0.46262813,-0.15423258,0.1419443,0.79555154,0.0,0.0,0
150322387,-0.51674587,-0.16026494,0.15440828,0.79778963,0.0,0.0,0
150342374,-0.56994796,-0.14719239,0.16988698,0.8000437,0.0,0.0,0
150357356,-0.6053271,-0.14558907,0.18916346,0.8022854,0.0,0.0,0
150382263,-0.64330626,-0.15408741,0.2110991,0.80453223,0.0,0.0,0
150402232,-0.5943376,-0.204761,0.14199525,0.8067783,0.0,0.0,0
150417188,-0.61192036,-0.23400767,0.14828673,0.8090436,0.0,0.0,0
150442146,-0.606241,-0.21500927,0.14774638,0.81127083,0.0,0.0,0
150462094,-0.5762592,-0.16709618,0.1408605,0.8135091,0.0,0.0,0
150482060,-0.5526312,-0.115380704,0.138833,0.8157519,0.0,0.0,0
150502029,-0.5334959,-0.06123221,0.1883655,0.8180028,0.0,0.0,0
150521969,-0.53751445,-0.017785799,0.18306436,0.8202422,0.0,0.0,0
150541947,-0.5811289,-0.0025706163,0.18415241,0.82249516,0.0,0.0,0
150556961,-0.61892277,-0.019161817,0.1837792,0.82477945,0.0,0.0,0
150581849,-0.67722833,-0.01322591,0.19914897,0.8269888,0.0,0.0,0
150601802,-0.7112635,0.0020626623,0.21624494,0.8292234,0.0,0.0,0
150621765,-0.7315108,0.0010613577,0.23142473,0.83147573,0.0,0.0,0
150641733,-0.74355817,-0.025290737,0.252066,0.8337147,0.0,0.0,0
150661679,-0.73094237,-0.062189482,0.26390943,0.8359833,0.0,0.0,0
150681649,-0.62338096,-0.054073833,0.19088906,0.8382086,0.0,0.0,0
150701611,-0.46517354,-0.016393678,0.08698429,0.84045357,0.0,0.0,0
150721570,-0.29751676,0.035264503,0.026028136,0.84270793,0.0,0.0,0
150741531,-0.16802374,0.088454716,0.019551942,0.8449549,0.0,0.0,0
150761576,-0.13526344,0.13158178,0.016018353,0.84719014,0.0,0.0,0
150781433,-0.14642504,0.16204746,0.0127954595,0.8494333,0.0,0.0,0
150801383,-0.17092727,0.15413766,0.004831408,0.85,0.0,0.0,0
150821348,-0.18354878,0.12300042,0.0064609456,0.85,0.0,0.0,0
150841306,-0.21221535,0.10976497,0.0009192895,0.85,0.0,0.0,0
150861301,-0.2545403,0.08661898,-0.006157352,0.85,0.0,0.0,0
150881220,-0.2923128,0.03769018,0.015038703,0.8477471,0.0,0.0,0
150901178,-0.29772764,-0.02777665,0.030405648,0.84551406,0.0,0.0,0
150921136,-0.3084275,-0.050122425,0.033371177,0.84327,0.0,0.0,0
150941113,-0.2940029,-0.051191133,0.037715033,0.8409747,0.0,0.0,0
150961136,-0.25458607,-0.04428123,0.042667016,0.8387754,0.0,0.0,0
150981006,-0.23585376,-0.03844504,0.0497181,0.8365341,0.0,0.0,0
151001000,-0.22573957,-0.03989132,0.062052853,0.8342842,0.0,0.0,0
151020923,-0.23647033,-0.056080066,0.06477463,0.8320406,0.0,0.0,0
151040884,-0.25047567,-0.10871791,0.06032735,0.82976913,0.0,0.0,0
151060845,-0.2691555,-0.15993536,0.05888028,0.8275532,0.0,0.0,0
151080803,-0.2916724,-0.17912884,0.061607495,0.8252816,0.0,0.0,0
151100760,-0.32694945,-0.18408076,0.076555766,0.8230563,0.0,0.0,0
151120727,-0.35369527,-0.2086415,0.09362433,0.8208172,0.0,0.0,0
151140727,-0.36420953,-0.24712826,0.10530265,0.8185579,0.0,0.0,0
151160685,-0.3624613,-0.28178263,0.10488828,0.8163213,0.0,0.0,0
151180606,-0.3687461,-0.2858923,0.1134779,0.8140803,0.0,0.0,0
151200566,-0.32646567,-0.2444398,0.06284534,0.8118249,0.0,0.0,0
151220539,-0.27491567,-0.20017262,0.036000084,0.80956966,0.0,0.0,0
151240478,-0.23646073,-0.15507889,0.01582504,0.80734247,0.0,0.0,0
151260432,-0.22260985,-0.12447052,0.011162953,0.8051002,0.0,0.0,0
151280431,-0.25523195,-0.11123487,0.024678145,0.8028503,0.0,0.0,0
151300340,-0.30226737,-0.12758417,0.06981648,0.80060256,0.0,0.0,0
151320308,-0.3686134,-0.13782032,0.10079773,0.7983618,0.0,0.0,0
151340315,-0.41278684,-0.13684346,0.11414616,0.79611415,0.0,0.0,0
151360268,-0.4556636,-0.14837523,0.12961517,0.7938258,0.0,0.0,0
151380210,-0.46637675,-0.1893486,0.12503302,0.79162824,0.0,0.0,0
151400194,-0.44160792,-0.2454347,0.10029203,0.7893782,0.0,0.0,0
151420106,-0.43473098,-0.28131634,0.09777893,0.78713226,0.0,0.0,0
151440076,-0.39018723,-0.2790049,0.0699134,0.78486955,0.0,0.0,0
151460011,-0.32064295,-0.2609541,0.02516374,0.78264725,0.0,0.0,0
151479992,-0.25839937,-0.2392427,-0.016599892,0.78039795,0.0,0.0,0
151499929,-0.193317,-0.22083631,-0.054287687,0.77813375,0.0,0.0,0
151519883,-0.18234305,-0.21069668,-0.05267688,0.77590185,0.0,0.0,0
151539909,-0.2069359,-0.23013502,-0.035180937,0.7736305,0.0,0.0,0
151559871,-0.23218548,-0.26800695,-0.01071268,0.77139795,0.0,0.0,0
151579764,-0.27013302,-0.28406012,0.0121531235,0.7691748,0.0,0.0,0
151599721,-0.30672622,-0.28177333,0.05226171,0.7669256,0.0,0.0,0
151619697,-0.3519501,-0.2808518,0.069394544,0.76468176,0.0,0.0,0
151639652,-0.35675257,-0.3079146,0.058346834,0.7623952,0.0,0.0,0
151659594,-0.33651116,-0.35413635,0.036717318,0.7601902,0.0,0.0,0
151679600,-0.3048127,-0.39918682,0.016691955,0.7579342,0.0,0.0,0
151699505,-0.2508771,-0.40890148,-0.020977186,0.75570154,0.0,0.0,0
151719472,-0.1942057,-0.37696272,-0.059153903,0.75345504,0.0,0.0,0
151744592,-0.1257038,-0.32460156,-0.099996425,0.7512044,0.0,0.0,0
151759386,-0.09793134,-0.28949127,-0.1199459,0.74895,0.0,0.0,0
151779347,-0.06607075,-0.25212002,-0.13315633,0.74669874,0.0,0.0,0
151799303,-0.06194429,-0.2265216,-0.1341413,0.7444762,0.0,0.0,0
151819272,-0.081955425,-0.22980815,-0.11181041,0.742224,0.0,0.0,0
151839274,-0.12326832,-0.23081578,-0.08084997,0.73994845,0.0,0.0,0
151859193,-0.1656915,-0.21470225,-0.05502138,0.7377306,0.0,0.0,0
151884114,-0.19679777,-0.18611903,-0.04197307,0.7354931,0.0,0.0,0
151899087,-0.2029944,-0.19184178,-0.07920167,0.73324615,0.0,0.0,0
151919053,-0.19968528,-0.21604943,-0.08017801,0.7309752,0.0,0.0,0
151944172,-0.18379313,-0.2550596,-0.09536275,0.7332225,0.0,0.0,0
151958975,-0.16684717,-0.2579276,-0.11622677,0.73544675,0.0,0.0,0
151978976,-0.10800575,-0.2385286,-0.16582653,0.7376898,0.0,0.0,0
151998887,-0.023449712,-0.20112628,-0.1270706,0.73993945,0.0,0.0,0
152023821,0.0069442363,-0.17364213,-0.16819362,0.7421799,0.0,0.0,0
152038841,0.046542745,-0.14257827,-0.18665391,0.74444306,0.0,0.0,0
152058770,0.06276101,-0.11439172,-0.18713522,0.7466926,0.0,0.0,0
152083708,0.033641238,-0.103336036,-0.16917825,0.7489113,0.0,0.0,0
152098692,0.029616266,-0.11751856,-0.17546104,0.7511554,0.0,0.0,0
152118739,0.013276121,-0.12593614,-0.15584852,0.7534135,0.0,0.0,0
152138794,-0.024398137,-0.12463593,-0.13091683,0.7556534,0.0,0.0,0
152163536,-0.060405347,-0.110010006,-0.114422314,0.7546287,0.0,0.0,0
152178510,-0.064636745,-0.12683374,-0.117065035,0.7527856,0.0,0.0,0
152198469,-0.07333594,-0.16285585,-0.112822734,0.7506698,0.0,0.0,0
152223409,-0.08148595,-0.20744695,-0.1126485,0.7484461,0.0,0.0,0
152238384,-0.06739743,-0.20306645,-0.12249746,0.7467978,0.0,0.0,0
152258338,-0.024846861,-0.1803776,-0.14842921,0.7463011,0.0,0.0,0
152283285,0.06489687,-0.13774177,-0.197391,0.7469623,0.0,0.0,0
152303237,0.091087066,-0.10479365,-0.16459447,0.74829286,0.0,0.0,0
152318243,0.11289131,-0.07547951,-0.16249306,0.7468111,0.0,0.0,0
152338314,0.09825154,-0.054078065,-0.1558565,0.74552155,0.0,0.0,0
152363120,0.07275344,-0.053477302,-0.1487011,0.74412656,0.0,0.0,0
152378126,0.066310406,-0.06961202,-0.13931915,0.74210215,0.0,0.0,0
152398052,0.03321056,-0.079751156,-0.15976132,0.7398527,0.0,0.0,0
152422996,-0.011298209,-0.06595937,-0.12651296,0.7382963,0.0,0.0,0
152442952,-0.03531397,-0.0689941,-0.11471025,0.7365035,0.0,0.0,0
152457924,-0.055796165,-0.091728546,-0.11060066,0.73428035,0.0,0.0,0
152482874,-0.06834119,-0.13954629,-0.10723128,0.73200715,0.0,0.0,0
152502829,-0.05878325,-0.16762263,-0.12007578,0.72979,0.0,0.0,0
152517885,-0.03849644,-0.16057548,-0.13395648,0.7292255,0.0,0.0,0
152537881,0.008081731,-0.13106994,-0.16247359,0.7300732,0.0,0.0,0
152562710,0.078729846,-0.09306454,-0.20058505,0.7321166,0.0,0.0,0
152582687,0.10788786,-0.05859837,-0.20173098,0.7343638,0.0,0.0,0
152597627,0.12206704,-0.031560905,-0.35331696,0.7366067,0.0,0.0,0
152622587,0.16245252,0.003197066,-0.34119245,0.7388727,0.0,0.0,0
152642532,0.12918554,-0.015385952,-0.32389978,0.74113315,0.0,0.0,0
152657530,0.10613736,-0.035301406,-0.28604952,0.7433487,0.0,0.0,0
152682448,0.042724613,-0.041462664,-0.23117651,0.74558914,0.0,0.0,0
152702415,-0.035158943,-0.03955269,-0.09944251,0.7478369,0.0,0.0,0
152722412,-0.041532323,-0.03857233,-0.09647276,0.75008374,0.0,0.0,0
152737423,-0.047051676,-0.057058815,-0.09745994,0.7523278,0.0,0.0,0
152762279,-0.031519335,-0.09385572,-0.10885679,0.75459003,0.0,0.0,0
152782235,-0.03156081,-0.112933934,-0.108422264,0.7568133,0.0,0.0,0
152797250,-0.015530317,-0.09280369,-0.17106001,0.75907254,0.0,0.0,0
152822149,0.059459575,-0.029534599,-0.21825819,0.76242626,0.0,0.0,0
152842136,0.1151065,0.012017586,-0.23329203,0.7635943,0.0,0.0,0
152862076,0.1452693,0.06810894,-0.2326973,0.766921,0.0,0.0,0
152882027,0.15205362,0.104186304,-0.22183906,0.76916367,0.0,0.0,0
152901984,0.10177744,0.10947669,-0.14893095,0.77141076,0.0,0.0,0
152922005,0.059722524,0.09658446,-0.14671801,0.7725622,0.0,0.0,0
152937044,0.03716394,0.08649732,-0.13122557,0.7748125,0.0,0.0,0
152961861,-0.014144845,0.082342535,-0.10109812,0.77814513,0.0,0.0,0
152981823,-0.058401432,0.083332874,-0.08253079,0.7803939,0.0,0.0,0
153001782,-0.07695997,0.057623997,-0.07574768,0.7826349,0.0,0.0,0
153021736,-0.07986865,0.007870399,-0.07685318,0.78488016,0.0,0.0,0
153041697,-0.07169579,-0.021589225,-0.08004548,0.7871259,0.0,0.0,0
153061656,-0.04585632,-0.025432438,-0.095614545,0.78940064,0.0,0.0,0
153081635,0.008398207,-0.004986707,-0.12537237,0.7916219,0.0,0.0,0
153101580,0.064823635,0.021774825,-0.15052478,0.79386485,0.0,0.0,0
153121597,0.108269766,0.046001375,-0.14799769,0.79578966,0.0,0.0,0
153141491,0.13093784,0.058832325,-0.13810582,0.79770386,0.0,0.0,0
153161456,0.10647118,0.052765083,-0.1330389,0.79942703,0.0,0.0,0
153181402,0.07892756,0.00828224,-0.12473178,0.8006894,0.0,0.0,0
153201366,0.033624798,-0.031004637,-0.11135624,0.8008785,0.0,0.0,0
153221348,-0.009913771,-0.04560972,-0.085210174,0.79978997,0.0,0.0,0
153241274,-0.03695358,-0.050975304,-0.07054573,0.79754764,0.0,0.0,0
153261249,-0.038277563,-0.07689952,-0.072314486,0.795299,0.0,0.0,0
153281197,-0.03220305,-0.12383424,-0.0743125,0.79305875,0.0,0.0,0
153301150,-0.029864382,-0.174583,-0.060346354,0.7908038,0.0,0.0,0
153321150,-0.00945793,-0.18020023,-0.073123254,0.78855896,0.0,0.0,0
153341066,0.04544114,-0.159697,-0.093096815,0.7862709,0.0,0.0,0
153361076,0.09406561,-0.12918021,-0.09935275,0.78407276,0.0,0.0,0
153380989,0.14369842,-0.1012879,-0.09784538,0.7818287,0.0,0.0,0
153400950,0.16320817,-0.08347019,-0.118948385,0.7795868,0.0,0.0,0
153420900,0.1530085,-0.07947047,-0.110464744,0.77734154,0.0,0.0,0
153440858,0.12467,-0.11399942,-0.101108596,0.77506894,0.0,0.0,0
153460822,0.092576444,-0.13970917,-0.09344117,0.7728468,0.0,0.0,0
153480780,0.061002664,-0.14036241,-0.08453475,0.77057374,0.0,0.0,0
153500813,0.04856689,-0.13312231,-0.090346895,0.76834625,0.0,0.0,0
153520892,0.056037124,-0.14603984,-0.08958686,0.76610816,0.0,0.0,0
153540659,0.06547895,-0.18102267,-0.085107416,0.7638459,0.0,0.0,0
153560626,0.07035606,-0.21662538,-0.086784095,0.7616201,0.0,0.0,0
153580567,0.09694318,-0.21706162,-0.08847822,0.76149964,0.0,0.0,0
153600527,0.13673808,-0.17724589,-0.06735688,0.76299214,0.0,0.0,0
153620485,0.17397512,-0.12924759,-0.068700634,0.7618786,0.0,0.0,0
153640439,0.20915993,-0.08358063,-0.064970426,0.7614195,0.0,0.0,0
153660403,0.23450702,-0.05261832,-0.057968803,0.76146346,0.0,0.0,0
153680354,0.23390034,-0.037013244,-0.05154769,0.761552,0.0,0.0,0
153700327,0.2124843,-0.052957565,-0.06311686,0.76141363,0.0,0.0,0
153720415,0.18818364,-0.07826223,-0.056322586,0.76366556,0.0,0.0,0
153740256,0.1673812,-0.08708854,-0.04222449,0.76592445,0.0,0.0,0
153760275,0.14752428,-0.08866802,-0.032889172,0.7677862,0.0,0.0,0
153780229,0.14742206,-0.101726405,-0.020500343,0.76790494,0.0,0.0,0
153800125,0.13934864,-0.14110139,-0.012615791,0.76777935,0.0,0.0,0
153820110,0.132138,-0.18778966,-0.012603644,0.7655331,0.0,0.0,0
153840025,0.123552956,-0.18973602,-0.012016997,0.76328254,0.0,0.0,0
153859988,0.14230703,-0.16730244,-0.013391948,0.7610406,0.0,0.0,0
153879940,0.18137145,-0.12574086,-0.011767908,0.7587977,0.0,0.0,0
153899951,0.20720214,-0.086667016,-0.008022248,0.75651765,0.0,0.0,0
153919984,0.2285731,-0.05774378,-0.0068661426,0.7543026,0.0,0.0,0
153939822,0.23572662,-0.042040586,-0.009975636,0.7520621,0.0,0.0,0
153959784,0.21150842,-0.052554317,-0.013501106,0.74981165,0.0,0.0,0
153979746,0.18705277,-0.08804327,-0.022008216,0.74756885,0.0,0.0,0
153999707,0.171496,-0.11047405,-0.030926025,0.7456788,0.0,0.0,0
154019658,0.15458542,-0.11429326,-0.0364548,0.7445361,0.0,0.0,0
154039666,0.15562062,-0.1160358,-0.04261127,0.7422709,0.0,0.0,0
154059569,0.16679329,-0.14135888,-0.039125323,0.7400498,0.0,0.0,0
154079529,0.1484278,-0.19013982,-0.025883924,0.73780227,0.0,0.0,0
154099502,0.11669085,-0.23497987,-0.009879019,0.7355511,0.0,0.0,0
154124457,0.1412558,-0.24394192,-0.024728233,0.7332947,0.0,0.0,0
154139397,0.17837739,-0.2209797,-0.046133004,0.7335181,0.0,0.0,0
154159384,0.22915134,-0.18121004,-0.0702882,0.7350297,0.0,0.0,0
154179327,0.26618522,-0.1433451,-0.075074084,0.7372573,0.0,0.0,0
154199336,0.2905804,-0.11245667,-0.087213844,0.7395056,0.0,0.0,0
154219255,0.28198642,-0.097806,-0.09103349,0.74172205,0.0,0.0,0
154239228,0.24888614,-0.10586819,-0.067617446,0.7439669,0.0,0.0,0
154264136,0.20746408,-0.115988195,-0.040778965,0.7462145,0.0,0.0,0
154279105,0.18902527,-0.1118056,-0.021949582,0.74845874,0.0,0.0,0
154299076,0.15577531,-0.08712403,0.0021089185,0.75071234,0.0,0.0,0
154324015,0.14917247,-0.06520361,0.012374149,0.75298774,0.0,0.0,0
154339018,0.15073553,-0.08013823,0.016988106,0.750805,0.0,0.0,0
154358954,0.15287922,-0.10482612,0.019869031,0.7485565,0.0,0.0,0
154378896,0.16066846,-0.10484367,0.015861232,0.7468019,0.0,0.0,0
154403851,0.2239915,-0.08964925,-0.013517032,0.7459062,0.0,0.0,0
154418834,0.2792166,-0.0615899,-0.0351649,0.7436777,0.0,0.0,0
154438809,0.34016865,-0.030364405,-0.057787575,0.7421854,0.0,0.0,0
154463723,0.3833581,-0.011986614,-0.07113239,0.7413604,0.0,0.0,0
154478790,0.39600825,-0.0015229164,-0.07010776,0.74093556,0.0,0.0,0
154498668,0.3779484,-0.0036231254,-0.07882555,0.7405046,0.0,0.0,0
154523596,0.3185163,-0.042866934,-0.04065026,0.7427568,0.0,0.0,0
154538562,0.26987892,-0.076426476,-0.011551882,0.74501115,0.0,0.0,0
154558522,0.20936297,-0.09629074,0.024794249,0.7468061,0.0,0.0,0
154578479,0.17144136,-0.10579391,0.04685078,0.7467314,0.0,0.0,0
154603458,0.16604108,-0.13566868,0.049860276,0.7455466,0.0,0.0,0
154618390,0.15839198,-0.17719479,0.05919156,0.7433012,0.0,0.0,0
154638354,0.13970667,-0.23337504,0.07207241,0.74105525,0.0,0.0,0
154663299,0.14456865,-0.27306712,0.06833078,0.7388146,0.0,0.0,0
154683261,0.21177459,-0.27200133,0.035035923,0.73654413,0.0,0.0,0
154698288,0.27801722,-0.25106096,0.005964842,0.7343202,0.0,0.0,0
154723175,0.3595071,-0.22415537,-0.03018083,0.7320712,0.0,0.0,0
154743177,0.4022746,-0.2031669,-0.04642978,0.73206127,0.0,0.0,0
154758104,0.39551443,-0.19267584,-0.035629746,0.7330038,0.0,0.0,0
154778061,0.34933186,-0.20001042,-0.010699106,0.73405683,0.0,0.0,0
154803010,0.24812289,-0.22533612,0.06451642,0.73462087,0.0,0.0,0
154822967,0.15724929,-0.22749428,0.1345219,0.7368912,0.0,0.0,0
154837949,0.09014111,-0.21883768,0.18262726,0.7391112,0.0,0.0,0
154862882,0.047844253,-0.1907765,0.22364107,0.74135816,0.0,0.0,0
154882890,0.04461659,-0.20222904,0.23286517,0.74361455,0.0,0.0,0
154897846,0.041707158,-0.23017062,0.13207279,0.74585444,0.0,0.0,0
154917779,0.110121064,-0.28014687,0.12331416,0.74809766,0.0,0.0,0
154942715,0.15396677,-0.29445878,0.10333794,0.75034314,0.0,0.0,0
154962682,0.21222465,-0.27050936,0.07332355,0.74957234,0.0,0.0,0
154977647,0.2808504,-0.23562196,0.041338056,0.7496105,0.0,0.0,0
155002599,0.35250458,-0.17795525,0.0120436335,0.7502941,0.0,0.0,0
155022630,0.38247848,-0.13464405,-0.0013214927,0.7519937,0.0,0.0,0
155037514,0.37828952,-0.1015896,0.0062706564,0.75390375,0.0,0.0,0
155062478,0.32191864,-0.0879556,0.03629195,0.7559227,0.0,0.0,0
155082435,0.27359164,-0.09667859,0.05998534,0.75741124,0.0,0.0,0
155102548,0.23251472,-0.09156997,0.08779908,0.75809354,0.0,0.0,0
155117349,0.2086493,-0.085539185,0.1036753,0.75868785,0.0,0.0,0
155142314,0.19291346,-0.07396341,0.1201512,0.7582065,0.0,0.0,0
155162259,0.19615172,-0.10258045,0.12852067,0.75715846,0.0,0.0,0
155177223,0.18979548,-0.14066233,0.13896057,0.75624603,0.0,0.0,0
155202172,0.17331216,-0.17231296,0.13382949,0.75567216,0.0,0.0,0
155222132,0.21064655,-0.17010231,0.11640601,0.7542811,0.0,0.0,0
155242096,0.267952,-0.14497769,0.09167855,0.7540292,0.0,0.0,0
155262055,0.32260865,-0.11826176,0.068034254,0.7548127,0.0,0.0,0
155282026,0.36764467,-0.09746627,0.05037648,0.75610125,0.0,0.0,0
155302102,0.3791472,-0.08603956,0.054278355,0.75779146,0.0,0.0,0
155316972,0.3593282,-0.081200905,0.06793269,0.7600447,0.0,0.0,0
155341884,0.29926726,-0.11870696,0.098266035,0.76227,0.0,0.0,0
155361841,0.24711393,-0.14628297,0.12427579,0.7645101,0.0,0.0,0
155381796,0.20221306,-0.14864093,0.15144196,0.76608306,0.0,0.0,0
155401762,0.1808285,-0.14088506,0.15987201,0.7654757,0.0,0.0,0
155421753,0.18279023,-0.15253054,0.1682557,0.76323235,0.0,0.0,0
155441681,0.15984246,-0.1860978,0.18965042,0.7609612,0.0,0.0,0
155456715,0.12819494,-0.21834692,0.21388528,0.75870633,0.0,0.0,0
155481601,0.073544055,-0.23234656,0.2439556,0.75649345,0.0,0.0,0
155501635,0.09318062,-0.2143451,0.20931977,0.7552859,0.0,0.0,0
155521501,0.12324301,-0.17972253,0.19595262,0.7534513,0.0,0.0,0
155541473,0.14703983,-0.14965485,0.18855263,0.75229836,0.0,0.0,0
155561419,0.15669006,-0.12817965,0.18271805,0.7517335,0.0,0.0,0
155581397,0.16939217,-0.11821368,0.17887172,0.75113523,0.0,0.0,0
155601348,0.06410899,-0.10553223,0.3835066,0.7504877,0.0,0.0,0
155621292,0.03239587,-0.12767151,0.40424547,0.75270855,0.0,0.0,0
155641256,0.02409896,-0.13070846,0.41480905,0.7549757,0.0,0.0,0
155661213,0.011556714,-0.11596509,0.4292565,0.75719994,0.0,0.0,0
155681204,0.020594371,-0.11059929,0.4345791,0.7594515,0.0,0.0,0
155701193,0.11374179,-0.16365297,0.24296345,0.76169723,0.0,0.0,0
155721113,0.12711541,-0.19763917,0.24462967,0.76393723,0.0,0.0,0
155741040,0.124000795,-0.22079484,0.2518634,0.7659755,0.0,0.0,0
155761006,0.14160754,-0.19314925,0.24279533,0.76441544,0.0,0.0,0
155780958,0.17837416,-0.13405654,0.2236657,0.7640312,0.0,0.0,0
155800946,0.23279458,-0.069825955,0.20962036,0.76466644,0.0,0.0,0
155820891,0.26636326,-0.011012893,0.18862003,0.76666766,0.0,0.0,0
155840839,0.2816993,0.034597088,0.1856409,0.7689394,0.0,0.0,0
155860838,0.2512336,0.072293304,0.19988507,0.7711695,0.0,0.0,0
155880765,0.19453174,0.083852135,0.22899608,0.77343094,0.0,0.0,0
155900747,0.12577604,0.08536103,0.45451182,0.7756688,0.0,0.0,0
155920684,0.003992923,0.14108743,0.5113397,0.7778974,0.0,0.0,0
155940646,-0.04420544,0.16352302,0.5514217,0.7801662,0.0,0.0,0
155960582,-0.059230275,0.15259005,0.5730109,0.78238606,0.0,0.0,0
155980543,-0.06496573,0.110019565,0.58252394,0.7846366,0.0,0.0,0
156000535,-0.04535819,0.059486315,0.34809393,0.78688055,0.0,0.0,0
156020464,0.061332,0.010628799,0.33061504,0.7891416,0.0,0.0,0
156040418,0.12220271,0.028100217,0.2963433,0.7913892,0.0,0.0,0
156060393,0.21424879,0.0571782,0.24772504,0.7936125,0.0,0.0,0
156080386,0.28009194,0.09233145,0.21589538,0.7958625,0.0,0.0,0
156100305,0.3086518,0.124939784,0.23429006,0.7981196,0.0,0.0,0
156120290,0.24837701,0.16681561,0.265233,0.80035084,0.0,0.0,0
156140246,0.14881395,0.1809942,0.32056776,0.8025967,0.0,0.0,0
156160207,0.05388724,0.18305069,0.3731814,0.8048589,0.0,0.0,0
156180160,-0.023355812,0.20187809,0.41765067,0.8071051,0.0,0.0,0
156200130,-0.06901611,0.21402521,0.31456837,0.8093297,0.0,0.0,0
156220047,-0.028909782,0.15960681,0.3229293,0.8115781,0.0,0.0,0
156240004,-0.013514199,0.10532186,0.3267737,0.8138199,0.0,0.0,0
156259992,0.0025520972,0.060915068,0.32550725,0.81201875,0.0,0.0,0
156279959,0.0301389,0.047070265,0.31335503,0.80976707,0.0,0.0,0
156299880,0.10777226,0.043458547,0.32812822,0.80842763,0.0,0.0,0
156319832,0.1943716,0.0528648,0.274635,0.81009555,0.0,0.0,0
156339804,0.2703794,0.060973812,0.23863932,0.8123311,0.0,0.0,0
156359758,0.29130006,0.070374414,0.23220243,0.81455535,0.0,0.0,0
156379718,0.25251558,0.07614314,0.25192067,0.81680185,0.0,0.0,0
156399723,0.17237821,0.061193056,0.25965044,0.81905025,0.0,0.0,0
156419625,0.1030393,0.034473587,0.29359844,0.819115,0.0,0.0,0
156434593,0.063274816,0.029227067,0.31717047,0.81716305,0.0,0.0,0
156459612,0.019475393,0.027950255,0.33860782,0.81437284,0.0,0.0,0
156479551,0.018335788,0.000528881,0.34739548,0.8126911,0.0,0.0,0
156504445,0.04123637,-0.08045492,0.28075543,0.81044054,0.0,0.0,0
156519418,0.02473389,-0.11755521,0.29236194,0.8082083,0.0,0.0,0
156539377,0.062648095,-0.124028936,0.27886227,0.8059613,0.0,0.0,0
156559344,0.13050291,-0.11667808,0.2529161,0.80371547,0.0,0.0,0
156579304,0.19552031,-0.10333836,0.2265705,0.801446,0.0,0.0,0
156599279,0.24245448,-0.09329202,0.34794968,0.79921526,0.0,0.0,0
156619229,0.20263357,-0.06482688,0.33821917,0.79697573,0.0,0.0,0
156644148,0.15481591,-0.07517383,0.3620491,0.7947343,0.0,0.0,0
156659164,0.09977495,-0.09478681,0.3908783,0.79248106,0.0,0.0,0
156679144,0.04832877,-0.09504154,0.4186986,0.79023814,0.0,0.0,0
156704031,0.044232454,-0.08109032,0.34911364,0.7879904,0.0,0.0,0
156719023,0.03810414,-0.07245951,0.3571445,0.7857279,0.0,0.0,0
156738977,0.037575323,-0.07693698,0.36511102,0.78350246,0.0,0.0,0
156758934,0.018970095,-0.089314155,0.38352486,0.78126293,0.0,0.0,0
156783857,-0.014434815,-0.09833957,0.400979,0.77901685,0.0,0.0,0
156798838,0.01726585,-0.07387438,0.36643657,0.77677315,0.0,0.0,0
156818804,0.09598412,-0.04492689,0.33109745,0.774529,0.0,0.0,0
156843732,0.16960657,-0.0124658365,0.29785782,0.7722783,0.0,0.0,0
156858769,0.19015686,0.009361791,0.29077807,0.7700048,0.0,0.0,0
156878825,0.18908745,0.031163087,0.29107141,0.76777744,0.0,0.0,0
156903613,0.1352074,0.053262092,0.37256,0.7655386,0.0,0.0,0
156923565,0.076179706,0.042128153,0.40266785,0.7633014,0.0,0.0,0
156938538,0.027835945,0.037684653,0.42642957,0.7638684,0.0,0.0,0
156958497,-0.014646972,0.04350847,0.44856703,0.764042,0.0,0.0,0
156983441,-0.023913944,0.04159166,0.45515555,0.7631813,0.0,0.0,0
156998494,-0.016549967,0.012128272,0.75732195,0.76165193,0.0,0.0,0
157018370,-0.14551242,0.05092099,0.77087694,0.76387316,0.0,0.0,0
157043313,-0.1604648,0.0047824043,0.7809093,0.766112,0.0,0.0,0
157063362,-0.10669417,-0.0147143155,0.7335502,0.7683626,0.0,0.0,0
157078368,-0.025017962,-0.018679628,0.67218626,0.77060777,0.0,0.0,0
157103188,0.17170183,-0.045832377,0.43403095,0.77284765,0.0,0.0,0
157123148,0.24167879,-0.022516597,0.39430648,0.7750934,0.0,0.0,0
157138170,0.26953343,-0.0007522221,0.3793093,0.7773714,0.0,0.0,0
157158075,0.23586261,0.027527042,0.40305874,0.7795843,0.0,0.0,0
157183024,0.14305489,0.04712767,0.4605797,0.78182876,0.0,0.0,0
157202987,0.15199804,0.015886849,0.28415352,0.7840746,0.0,0.0,0
157217947,0.11517714,0.03407502,0.29981974,0.7863191,0.0,0.0,0
157242899,0.07537848,0.07450333,0.31036314,0.7885647,0.0,0.0,0
157262881,0.09669644,0.07188627,0.31059775,0.79082245,0.0,0.0,0
157277966,0.100385495,0.05044561,0.3159159,0.7930674,0.0,0.0,0
157297784,0.112451315,0.042896383,0.33532202,0.79081315,0.0,0.0,0
157322747,0.1287438,0.054507647,0.3242849,0.78858924,0.0,0.0,0
157342692,0.19780962,0.067518674,0.2912815,0.78634363,0.0,0.0,0
157357665,0.27687353,0.07855613,0.25914332,0.7840709,0.0,0.0,0
157382609,0.36792392,0.08692797,0.223936,0.7818527,0.0,0.0,0
157402600,0.36739814,0.10362846,0.2646225,0.7821803,0.0,0.0,0
157417533,0.34168276,0.115449615,0.2770279,0.78442556,0.0,0.0,0
157442484,0.2639283,0.11376136,0.31213963,0.78669065,0.0,0.0,0
157462517,0.18422115,0.10761505,0.3475239,0.78821623,0.0,0.0,0
157482416,0.11101136,0.11406443,0.38268954,0.78841203,0.0,0.0,0
157497364,0.06731455,0.118542075,0.31049663,0.78726315,0.0,0.0,0
157522307,0.082635626,0.080929264,0.3242797,0.7850153,0.0,0.0,0
157542324,0.06584059,0.039228994,0.34067124,0.7827627,0.0,0.0,0
157557245,0.058026176,-0.0006786461,0.3556185,0.78052765,0.0,0.0,0
157582183,0.05721771,-0.023167422,0.356893,0.778262,0.0,0.0,0
157602147,0.12425637,-0.026688026,0.30520275,0.77491444,0.0,0.0,0
157622104,0.20468003,-0.022633439,0.27550793,0.77267027,0.0,0.0,0
157642070,0.25967628,-0.013700942,0.25557956,0.77036536,0.0,0.0,0
157662062,0.2755032,-0.008846525,0.25127366,0.7681698,0.0,0.0,0
157681981,0.22972803,-0.0014635476,0.26589745,0.7659268,0.0,0.0,0
157696985,0.1793277,-0.0099483365,0.5414163,0.7659268,0.0,0.0,0
157721897,-0.05736,0.049226172,0.60282505,0.76144385,0.0,0.0,0
157741849,-0.12364524,0.071724124,0.6416891,0.7591905,0.0,0.0,0
157761819,-0.16131218,0.101331994,0.66255885,0.7569486,0.0,0.0,0
157781766,-0.16762282,0.10823869,0.67121464,0.75531644,0.0,0.0,0
157801739,-0.28217456,0.17112318,0.87266463,0.7575411,0.0,0.0,0
157821687,-0.28824148,0.1372689,0.87266463,0.7597891,0.0,0.0,0
157836704,-0.29417834,0.12697485,0.87266463,0.7597891,0.0,0.0,0
157861651,-0.23434101,0.10841955,0.87266463,0.7642832,0.0,0.0,0
157881567,-0.13710776,0.110517874,0.8300736,0.7665242,0.0,0.0,0
157901520,0.11750761,0.009820122,0.37284794,0.7687752,0.0,0.0,0
157921476,0.1852395,0.032664157,0.33594602,0.7710397,0.0,0.0,0
157941438,0.19571954,0.059332088,0.33094946,0.7732581,0.0,0.0,0
157961405,0.16280192,0.073871575,0.34175178,0.77550775,0.0,0.0,0
157981369,0.11062181,0.07450662,0.3590143,0.7777517,0.0,0.0,0
158001306,0.06362537,0.10477615,0.4412718,0.77999663,0.0,0.0,0
158021267,0.03911749,0.1317329,0.45214254,0.7812368,0.0,0.0,0
158041226,0.03572942,0.15407261,0.46128178,0.7802487,0.0,0.0,0
158061225,0.04293012,0.14242367,0.46607542,0.77927685,0.0,0.0,0
158081145,0.035822373,0.12011262,0.47972903,0.77835804,0.0,0.0,0
158101144,0.0006360412,0.13151498,0.33049777,0.7760996,0.0,0.0,0
158121065,0.07973603,0.10111057,0.32009536,0.7738673,0.0,0.0,0
158141012,0.14376193,0.12345723,0.2941799,0.77162105,0.0,0.0,0
158160974,0.20874156,0.13867036,0.27207777,0.76937306,0.0,0.0,0
158180936,0.2361881,0.15177964,0.2619095,0.76710594,0.0,0.0,0
158200900,0.23240489,0.1591373,0.3359087,0.764861,0.0,0.0,0
158220850,0.18279459,0.17569953,0.34198883,0.763095,0.0,0.0,0
158240875,0.13868645,0.15821122,0.35791773,0.7636207,0.0,0.0,0
158260916,0.0856217,0.13042745,0.38183787,0.7632141,0.0,0.0,0
158280729,0.042354014,0.12648217,0.3995758,0.7615249,0.0,0.0,0
158300682,0.030244939,0.12408778,0.53505564,0.7592812,0.0,0.0,0
158320648,-0.020012753,0.14042506,0.54235125,0.7578497,0.0,0.0,0
158340602,-0.035949893,0.0988755,0.5625515,0.75706065,0.0,0.0,0
158360561,-0.07553033,0.0618748,0.59030706,0.75678295,0.0,0.0,0
158380558,-0.09260748,0.05661155,0.59862167,0.7570838,0.0,0.0,0
158400477,-0.062015302,0.07302535,0.37318996,0.75864226,0.0,0.0,0
158420435,0.08580842,0.03370242,0.3468899,0.7563992,0.0,0.0,0
158440404,0.11753159,0.06707565,0.33222172,0.7541436,0.0,0.0,0
158460473,0.11881852,0.09621879,0.32612878,0.7519037,0.0,0.0,0
158480311,0.11134687,0.121851735,0.32209232,0.7496959,0.0,0.0,0
158500267,0.07483388,0.12568977,0.56668204,0.74747163,0.0,0.0,0
158520255,-0.08101502,0.20176798,0.5992295,0.7497179,0.0,0.0,0
158540231,-0.11640785,0.21744199,0.61701214,0.75196755,0.0,0.0,0
158560180,-0.14269637,0.24698582,0.627344,0.75352037,0.0,0.0,0
158580142,-0.14133874,0.2642737,0.6305403,0.7536148,0.0,0.0,0
158600061,-0.13599369,0.24957675,0.62612236,0.753694,0.0,0.0,0
158620013,-0.13905756,0.22241537,0.63888174,0.75388056,0.0,0.0,0
158639995,-0.16305341,0.21368675,0.6541775,0.75483197,0.0,0.0,0
158660032,-0.16161808,0.22871329,0.65126634,0.75664264,0.0,0.0,0
158679891,-0.12136434,0.25213242,0.6264161,0.7588701,0.0,0.0,0
158699852,-0.048977893,0.26852614,0.50709534,0.76111966,0.0,0.0,0
158719813,0.01838786,0.26639766,0.48351517,0.76335776,0.0,0.0,0
158739770,0.034052163,0.29282346,0.47755814,0.765607,0.0,0.0,0
158759735,-0.021476623,0.31888983,0.49608117,0.76786983,0.0,0.0,0
158779688,-0.09123785,0.3237831,0.52570146,0.7700945,0.0,0.0,0
158799672,-0.15067182,0.32415605,0.52729154,0.7723433,0.0,0.0,0
158819597,-0.19502895,0.3347112,0.5458664,0.7745899,0.0,0.0,0
158839580,-0.22441289,0.35142106,0.53305495,0.7768402,0.0,0.0,0
158859586,-0.22197494,0.33987302,0.53551644,0.77876335,0.0,0.0,0
158884467,-0.23400787,0.3017707,0.54652244,0.7773585,0.0,0.0,0
158899458,-0.24516407,0.2742461,0.87266463,0.7762691,0.0,0.0,0
158919398,-0.4131189,0.45754024,0.87266463,0.7784939,0.0,0.0,0
158939392,-0.38996178,0.46102184,0.87266463,0.78074545,0.0,0.0,0
158959315,-0.32417253,0.45911455,0.87266463,0.7829869,0.0,0.0,0
158979278,-0.25808045,0.4474551,0.87266463,0.78523105,0.0,0.0,0
158999242,-0.19949473,0.43391266,0.43483266,0.7874743,0.0,0.0,0
159024165,-0.051004194,0.2802149,0.43689716,0.789728,0.0,0.0,0
159039220,-0.09887071,0.28382075,0.45339867,0.7919922,0.0,0.0,0
159059163,-0.1729178,0.2946705,0.477299,0.79422677,0.0,0.0,0
159084103,-0.21302292,0.3293905,0.4571494,0.79646236,0.0,0.0,0
159099009,-0.23445183,0.35099316,0.41214982,0.7987021,0.0,0.0,0
159118970,-0.22331229,0.35334805,0.40494582,0.8009462,0.0,0.0,0
159138927,-0.21799468,0.340974,0.40919733,0.80064034,0.0,0.0,0
159163882,-0.22109814,0.32029852,0.41581243,0.7983989,0.0,0.0,0
159178849,-0.21206081,0.32789785,0.41580933,0.7961244,0.0,0.0,0
159198812,-0.17851715,0.3416516,0.857087,0.7938995,0.0,0.0,0
159223755,-0.228639,0.5233871,0.84035116,0.79615,0.0,0.0,0
159238792,-0.18408704,0.5304052,0.812732,0.7983871,0.0,0.0,0
159258710,-0.13956128,0.52088886,0.77682483,0.80065995,0.0,0.0,0
159278678,-0.17622066,0.54822975,0.7984331,0.80287296,0.0,0.0,0
159303584,-0.31335363,0.6065857,0.87266463,0.8051173,0.0,0.0,0
159318553,-0.37359083,0.5903919,0.87266463,0.8073628,0.0,0.0,0
159338532,-0.40381092,0.5712141,0.87266463,0.809619,0.0,0.0,0
159363459,-0.41837236,0.54820126,0.87266463,0.811857,0.0,0.0,0
159378429,-0.42834523,0.5264346,0.87266463,0.8140989,0.0,0.0,0
159398388,-0.42694816,0.47222415,0.5977814,0.81634384,0.0,0.0,0
159423329,-0.32311994,0.2841732,0.61219066,0.81861603,0.0,0.0,0
159443340,-0.3078327,0.27574503,0.6221955,0.8208397,0.0,0.0,0
159458252,-0.2697106,0.28994215,0.6204725,0.82308596,0.0,0.0,0
159478274,-0.19426633,0.30895773,0.61772364,0.8253544,0.0,0.0,0
159503160,-0.07748923,0.2879327,0.45149896,0.82758135,0.0,0.0,0
159518137,-0.053627163,0.3094199,0.43765548,0.8298148,0.0,0.0,0
159538096,-0.091738515,0.33196598,0.4483969,0.8320612,0.0,0.0,0
159563042,-0.17706577,0.33466512,0.47883013,0.83432716,0.0,0.0,0
159582997,-0.23221143,0.31446183,0.461796,0.8365505,0.0,0.0,0
159597970,-0.2669703,0.30886716,0.35323724,0.8388019,0.0,0.0,0
159622960,-0.24307728,0.25272787,0.3482475,0.84105104,0.0,0.0,0
159643028,-0.24390876,0.20307009,0.3571699,0.8395983,0.0,0.0,0
159657839,-0.24854958,0.15256329,0.37172392,0.8373456,0.0,0.0,0
159677805,-0.26521084,0.11580464,0.37835395,0.83511406,0.0,0.0,0
159702747,-0.22940826,0.08974004,0.36424035,0.83284605,0.0,0.0,0
159722708,-0.16569926,0.09094102,0.36724913,0.8306199,0.0,0.0,0
159737678,-0.12114435,0.098593816,0.35876817,0.8283739,0.0,0.0,0
159762627,-0.07443436,0.084762946,0.3399081,0.82612467,0.0,0.0,0
159782588,-0.11004737,0.083848774,0.35161543,0.82388335,0.0,0.0,0
159797566,-0.17097463,0.07120086,0.43577924,0.8216417,0.0,0.0,0
159822531,-0.28569585,0.04518339,0.43548658,0.8193846,0.0,0.0,0
159842588,-0.33585057,0.026981574,0.42874703,0.81712466,0.0,0.0,0
159862423,-0.37851396,0.015109693,0.41374776,0.8149034,0.0,0.0,0
159877394,-0.40108195,-0.0046358425,0.41163707,0.81265664,0.0,0.0,0
159902348,-0.38571203,-0.09048641,0.34648696,0.8104113,0.0,0.0,0
159922289,-0.39581606,-0.1447306,0.36067823,0.807885,0.0,0.0,0
159937253,-0.40091148,-0.16060819,0.36715308,0.8058999,0.0,0.0,0
159962206,-0.37557966,-0.14832902,0.36246362,0.8036798,0.0,0.0,0
159982159,-0.3273761,-0.12228631,0.35500813,0.8014038,0.0,0.0,0
160002124,-0.4446935,0.00842968,0.64945835,0.7991894,0.0,0.0,0
160022097,-0.4375092,0.02106064,0.6437983,0.79693455,0.0,0.0,0
160042172,-0.45869493,0.012672094,0.6380729,0.79468703,0.0,0.0,0
160061996,-0.50577813,-0.01279825,0.6300974,0.7924484,0.0,0.0,0
160076968,-0.54556274,-0.029631805,0.61471784,0.7902084,0.0,0.0,0
160101908,-0.48399407,-0.08653551,0.45847404,0.7879602,0.0,0.0,0
160121876,-0.49649003,-0.08258672,0.43888357,0.78569263,0.0,0.0,0
160141832,-0.49429592,-0.095849365,0.42839676,0.783463,0.0,0.0,0
160161790,-0.4976816,-0.12014944,0.42569005,0.7812236,0.0,0.0,0
160181775,-0.5012714,-0.14291875,0.42901656,0.7789717,0.0,0.0,0
160201709,-0.45589086,-0.1548845,0.3749017,0.7767362,0.0,0.0,0
160221674,-0.4084677,-0.11214704,0.3629132,0.77448326,0.0,0.0,0
160241700,-0.34147325,-0.05982316,0.34808505,0.772237,0.0,0.0,0
160261573,-0.299994,-0.009641211,0.3340585,0.76997554,0.0,0.0,0
160281538,-0.26941112,0.027565902,0.32632944,0.76775455,0.0,0.0,0
160301491,-0.38943252,0.14243788,0.6143662,0.7654925,0.0,0.0,0
160321483,-0.42623252,0.1389744,0.6079635,0.76325893,0.0,0.0,0
160341414,-0.44313854,0.11003123,0.59094083,0.7610183,0.0,0.0,0
160361363,-0.45418876,0.10133827,0.5810058,0.7621268,0.0,0.0,0
160381323,-0.47501543,0.08665031,0.55771625,0.7643732,0.0,0.0,0
160401281,-0.36943683,-0.036922835,0.26663902,0.7666434,0.0,0.0,0
160421264,-0.3632821,-0.09251568,0.2727478,0.7644115,0.0,0.0,0
160441283,-0.34311855,-0.14528322,0.27882025,0.76215565,0.0,0.0,0
160461153,-0.3618989,-0.14941157,0.2837876,0.7599223,0.0,0.0,0
160481116,-0.34941763,-0.13534693,0.276992,0.7576884,0.0,0.0,0
160501076,-0.30383226,-0.11281479,0.23121224,0.7554423,0.0,0.0,0
160521034,-0.25458774,-0.103311375,0.22319993,0.7531986,0.0,0.0,0
160541025,-0.22112875,-0.09014013,0.2174533,0.7509017,0.0,0.0,0
160560963,-0.252828,-0.07757201,0.21695389,0.7487063,0.0,0.0,0
160580949,-0.3073713,-0.0794488,0.216252,0.746457,0.0,0.0,0
160600863,-0.36519176,-0.10831939,0.35030228,0.7442039,0.0,0.0,0
160620871,-0.46786398,-0.087950476,0.34564602,0.74195987,0.0,0.0,0
160640811,-0.5137768,-0.0926775,0.3324032,0.7397064,0.0,0.0,0
160660744,-0.5499148,-0.10198159,0.3178397,0.73748034,0.0,0.0,0
160680719,-0.57353425,-0.14080858,0.30801564,0.73521245,0.0,0.0,0
160700662,-0.5871692,-0.19057126,0.21990271,0.732986,0.0,0.0,0
160720658,-0.5520357,-0.26907808,0.23013127,0.73074037,0.0,0.0,0
160740587,-0.543747,-0.27087528,0.22849126,0.7284773,0.0,0.0,0
160760534,-0.5087678,-0.2545616,0.2184693,0.72625035,0.0,0.0,0
160780487,-0.44837934,-0.22553259,0.2026862,0.7240011,0.0,0.0,0
160800479,-0.4120529,-0.19518916,0.27142096,0.7217517,0.0,0.0,0
160820449,-0.428605,-0.14725983,0.26315132,0.7194839,0.0,0.0,0
160840383,-0.45052764,-0.121304035,0.2586845,0.71723074,0.0,0.0,0
160860362,-0.493808,-0.11951689,0.2569952,0.7150227,0.0,0.0,0
160880296,-0.54229295,-0.12890305,0.25704324,0.7127827,0.0,0.0,0
160900272,-0.5837712,-0.12182808,0.20259957,0.71189547,0.0,0.0,0
160920263,-0.605466,-0.116946355,0.18241642,0.7096502,0.0,0.0,0
160940212,-0.62582475,-0.10074298,0.16594361,0.70737433,0.0,0.0,0
160960160,-0.6409319,-0.10739342,0.15463859,0.7051375,0.0,0.0,0
160980128,-0.654506,-0.13345523,0.1557771,0.70291024,0.0,0.0,0
161000029,-0.65396446,-0.14698614,0.18329142,0.7006636,0.0,0.0,0
161020033,-0.65397984,-0.14040782,0.18096533,0.69841844,0.0,0.0,0
161039951,-0.61372787,-0.12953097,0.17374693,0.6961448,0.0,0.0,0
161059908,-0.5517329,-0.110855855,0.16751769,0.6953243,0.0,0.0,0
161079871,-0.5245124,-0.08333621,0.15512958,0.6975672,0.0,0.0,0
161099823,-0.50469464,-0.05984093,0.13566472,0.6998449,0.0,0.0,0
161119786,-0.49446496,-0.040744334,0.13213299,0.7020571,0.0,0.0,0
161139740,-0.5157905,-0.032259837,0.12659267,0.7043049,0.0,0.0,0
161159710,-0.5458069,-0.036390852,0.12500186,0.7065576,0.0,0.0,0
161179661,-0.5811766,-0.03317903,0.116998546,0.7088179,0.0,0.0,0
161199623,-0.617383,-0.014153765,0.097778834,0.7110402,0.0,0.0,0
161219613,-0.6435022,0.012057195,0.07477773,0.7119968,0.0,0.0,0
161239534,-0.65565825,0.0169815,0.05591166,0.7109337,0.0,0.0,0
161264484,-0.6663561,-0.001938072,0.04746943,0.70948285,0.0,0.0,0
161279479,-0.6618176,-0.022280896,0.046753418,0.7082658,0.0,0.0,0
161299403,-0.66236687,-0.022982724,0.08137616,0.7075913,0.0,0.0,0
161319361,-0.65930605,-0.0021796995,0.073977545,0.7098336,0.0,0.0,0
161339330,-0.6133063,0.030546183,0.06891859,0.7121099,0.0,0.0,0
161359299,-0.5700011,0.075665,0.054510437,0.7143222,0.0,0.0,0
161379259,-0.53570694,0.119740896,0.043867826,0.7165943,0.0,0.0,0
161404194,-0.48874176,0.15135542,0.0007795413,0.71881604,0.0,0.0,0
161419360,-0.4890748,0.17155428,-0.0053231814,0.721079,0.0,0.0,0
161439146,-0.50446177,0.17800748,-0.007141578,0.7233409,0.0,0.0,0
161464058,-0.5251609,0.17995217,-0.012984097,0.72555304,0.0,0.0,0
161479031,-0.5471964,0.18779437,-0.024090433,0.7277974,0.0,0.0,0
161498996,-0.5791555,0.20559339,-0.043294206,0.73004186,0.0,0.0,0
161518947,-0.59933037,0.21695231,-0.039771546,0.7323074,0.0,0.0,0
161543899,-0.6062727,0.19701745,-0.011351263,0.7345602,0.0,0.0,0
161558899,-0.6053991,0.17463748,0.004179878,0.73678476,0.0,0.0,0
161578826,-0.6003978,0.15884593,0.012092547,0.73903185,0.0,0.0,0
161603777,-0.55788976,0.16523306,0.015921002,0.7413018,0.0,0.0,0
161618878,-0.5196793,0.19363183,0.012407441,0.7435206,0.0,0.0,0
161638726,-0.46655497,0.23294657,0.013940183,0.74578446,0.0,0.0,0
161658661,-0.42507392,0.26963127,0.021092433,0.7480034,0.0,0.0,0
161683627,-0.38221455,0.30569848,0.025933666,0.7502816,0.0,0.0,0
161698578,-0.3918057,0.32773653,-0.0005904208,0.75249827,0.0,0.0,0
161718549,-0.41293266,0.32132748,-0.0047788727,0.7547384,0.0,0.0,0
161743469,-0.4373039,0.30522436,-0.004630367,0.75701874,0.0,0.0,0
161758441,-0.46132535,0.30272588,-0.0008002516,0.75923216,0.0,0.0,0
161778398,-0.50689936,0.30842736,0.01067616,0.76147383,0.0,0.0,0
161803353,-0.5267559,0.29559487,0.027332194,0.76372933,0.0,0.0,0
161823378,-0.54497886,0.2468989,0.04811226,0.76599556,0.0,0.0,0
161838282,-0.5433684,0.21217738,0.057918735,0.7682366,0.0,0.0,0
161858238,-0.5458173,0.1854606,0.063660614,0.770458,0.0,0.0,0
161883174,-0.4921343,0.17971417,0.07068268,0.77269876,0.0,0.0,0
161898154,-0.44535393,0.19455911,0.13003895,0.774951,0.0,0.0,0
161918103,-0.4275421,0.21578288,0.13650413,0.7771894,0.0,0.0,0
161943064,-0.40219805,0.22507478,0.14475729,0.7794583,0.0,0.0,0
161963052,-0.39265734,0.23056982,0.13848041,0.78170717,0.0,0.0,0
161977989,-0.40430346,0.22167505,0.14237225,0.78392816,0.0,0.0,0
162002970,-0.42324758,0.17643431,0.09099561,0.78617615,0.0,0.0,0
162022905,-0.4552016,0.16400748,0.09142598,0.7884203,0.0,0.0,0
162037860,-0.48598346,0.16283064,0.098927185,0.7906843,0.0,0.0,0
162057814,-0.51595837,0.16894116,0.10974218,0.7929135,0.0,0.0,0
162082766,-0.527572,0.14028925,0.12663123,0.79515606,0.0,0.0,0
162102756,-0.5102471,0.0867724,0.10318191,0.79742306,0.0,0.0,0
162117698,-0.51469284,0.06070259,0.10529516,0.7996437,0.0,0.0,0
162142638,-0.46807036,0.059969913,0.0901871,0.8018912,0.0,0.0,0
162162586,-0.38930178,0.09092545,0.055755455,0.80413413,0.0,0.0,0
162177557,-0.34258774,0.12545086,0.03365292,0.8037785,0.0,0.0,0
162202551,-0.2993604,0.15793324,0.020127192,0.80155295,0.0,0.0,0
162222466,-0.31300506,0.17735678,0.031008255,0.8032082,0.0,0.0,0
162242424,-0.36765498,0.17735676,0.058835078,0.804988,0.0,0.0,0
162257433,-0.41756812,0.16358949,0.0887957,0.8064338,0.0,0.0,0
162282340,-0.5082001,0.14924918,0.13062422,0.80687195,0.0,0.0,0
162302306,-0.5518973,0.14939976,0.124836355,0.8060983,0.0,0.0,0
162317264,-0.58439815,0.14112908,0.1321958,0.80384886,0.0,0.0,0
162342217,-0.6006418,0.10020666,0.13193803,0.80158347,0.0,0.0,0
162362178,-0.5789514,0.035154033,0.11989078,0.79823524,0.0,0.0,0
162382128,-0.5616871,-0.00057549274,0.11483996,0.79707545,0.0,0.0,0
162402130,-0.525473,0.012209277,0.12204542,0.79374063,0.0,0.0,0
162422046,-0.43806714,0.024798028,0.06925336,0.79260933,0.0,0.0,0
162442050,-0.34974122,-0.15205824,0.019924285,0.76658475,0.0,0.0,0
162456988,-0.26673943,-0.15199953,-0.03562507,0.7678132,0.0,0.0,0
162481934,-0.26154104,-0.15754052,-0.034077257,0.76658475,0.0,0.0,0
162501888,-0.3131993,-0.1748144,0.00070613396,0.76658475,0.0,0.0,0
162521903,-0.36038935,-0.18823579,0.025393087,0.76658475,0.0,0.0,0
162541801,-0.41002062,-0.1728598,0.05277161,0.76658475,0.0,0.0,0
162561763,-0.44056043,-0.14206868,0.068755955,0.76658475,0.0,0.0,0
162581735,-0.45588112,-0.12089682,0.07588434,0.76658475,0.0,0.0,0
162596738,-0.44647908,-0.1258715,0.051854413,0.7678132,0.0,0.0,0
162621640,-0.41655862,-0.16433488,0.04222316,0.7678132,0.0,0.0,0
162641601,-0.4138778,-0.19359428,0.042085562,0.76658475,0.0,0.0,0
162661590,-0.3681934,-0.20766139,0.022083562,0.76658475,0.0,0.0,0
162681511,-0.2938052,-0.20294951,-0.0104386,0.76658475,0.0,0.0,0
162701465,-0.21425325,-0.19265829,-0.066511266,0.76658475,0.0,0.0,0
162721431,-0.15580477,-0.19311562,-0.104083166,0.76658475,0.0,0.0,0
162741391,-0.14872842,-0.20391023,-0.10657562,0.76658475,0.0,0.0,0
162761341,-0.17331782,-0.22686695,-0.089576244,0.76658475,0.0,0.0,0
162781314,-0.22426318,-0.25842008,-0.056602452,0.7678132,0.0,0.0,0
162801468,-0.2816726,-0.26799825,-0.018051483,0.7678132,0.0,0.0,0
162821227,-0.31877482,-0.25093335,0.0028978838,0.7678132,0.0,0.0,0
162841182,-0.33993828,-0.22599134,0.014705658,0.7678132,0.0,0.0,0
162861133,-0.33696008,-0.2212463,0.0125530455,0.76658475,0.0,0.0,0
162881093,-0.32989383,-0.24059476,0.0082643805,0.7678132,0.0,0.0,0
162901055,-0.30754226,-0.26812896,-0.0034414304,0.76658475,0.0,0.0,0
162921007,-0.27817518,-0.28426236,-0.01946559,0.7678132,0.0,0.0,0
162940977,-0.21199109,-0.27101517,-0.05288257,0.7678132,0.0,0.0,0
162960922,-0.13342938,-0.23816514,-0.09096336,0.7678132,0.0,0.0,0
162980897,-0.08806133,-0.21168685,-0.112101085,0.76658475,0.0,0.0,0
163000987,-0.060552344,-0.19644924,-0.12598234,0.76658475,0.0,0.0,0
163020802,-0.07101681,-0.19274879,-0.120017216,0.76658475,0.0,0.0,0
163040758,-0.11313474,-0.20535901,-0.098899275,0.7678132,0.0,0.0,0
163060763,-0.16818221,-0.21642935,-0.071727134,0.76658475,0.0,0.0,0
163080685,-0.2281858,-0.20637965,-0.04186934,0.76658475,0.0,0.0,0
163100644,-0.26631036,-0.1863962,-0.03331496,0.7678132,0.0,0.0,0
163120586,-0.27374744,-0.18088157,-0.02696046,0.76658475,0.0,0.0,0
163140551,-0.27418715,-0.20675758,-0.026465526,0.76658475,0.0,0.0,0
163160510,-0.25556853,-0.24914247,-0.040250827,0.76658475,0.0,0.0,0
163180497,-0.23631187,-0.28463358,-0.053691622,0.7678132,0.0,0.0,0
163200557,-0.16726334,-0.2929121,-0.07605,0.76658475,0.0,0.0,0
163220377,-0.09130275,-0.26796553,-0.12052335,0.76658475,0.0,0.0,0
163240341,-0.022223849,-0.23522037,-0.15513726,0.7678132,0.0,0.0,0
163260299,0.04684278,-0.20946816,-0.19084752,0.7678132,0.0,0.0,0
163280293,0.055271573,-0.1919415,-0.19299717,0.7678132,0.0,0.0,0
163300243,0.031127715,-0.19565721,-0.15928927,0.7678132,0.0,0.0,0
163320205,-0.019246627,-0.21092921,-0.13963981,0.7678132,0.0,0.0,0
163340235,-0.06408636,-0.20588028,-0.11807803,0.7678132,0.0,0.0,0
163360157,-0.10292715,-0.18945758,-0.09945656,0.7678132,0.0,0.0,0
163380079,-0.12297047,-0.17565699,-0.08989002,0.7702702,0.0,0.0,0
163400139,-0.118511,-0.19206469,-0.1116277,0.77272725,0.0,0.0,0
163419962,-0.116347976,-0.22888312,-0.10975087,0.78009826,0.0,0.0,0
163439931,-0.117855564,-0.26799196,-0.11010076,0.78624076,0.0,0.0,0
163459882,-0.07056946,-0.2901478,-0.13811891,0.79115474,0.0,0.0,0
163479846,0.011306248,-0.2808781,-0.18439476,0.79975426,0.0,0.0,0
163499840,0.087066166,-0.25573283,-0.22227469,0.8022113,0.0,0.0,0
163519758,0.12881073,-0.24276039,-0.22553375,0.8046683,0.0,0.0,0
163539721,0.14038174,-0.23685518,-0.22622384,0.80712533,0.0,0.0,0
163559686,0.131158,-0.24384081,-0.22586772,0.8108108,0.0,0.0,0
163579647,0.0880305,-0.2672812,-0.22292481,0.81203926,0.0,0.0,0
163599653,0.026726078,-0.27656204,-0.18093576,0.8132678,0.0,0.0,0
163619548,-0.040287923,-0.2651871,-0.14746176,0.8132678,0.0,0.0,0
163644505,-0.08005056,-0.2467975,-0.12631783,0.8132678,0.0,0.0,0
163659470,-0.078300565,-0.25276986,-0.12785856,0.8132678,0.0,0.0,0
163679420,-0.074882165,-0.27631658,-0.12792206,0.8132678,0.0,0.0,0
163699380,-0.07772191,-0.29612857,-0.11753841,0.8132678,0.0,0.0,0
163719346,-0.044520088,-0.2949198,-0.13753621,0.8132678,0.0,0.0,0
163739312,0.026462235,-0.2661524,-0.17016032,0.8132678,0.0,0.0,0
163759315,0.1068869,-0.23702297,-0.18800184,0.8144963,0.0,0.0,0
163784236,0.17828768,-0.2098811,-0.19205539,0.8144963,0.0,0.0,0
163799223,0.15528128,-0.20729683,-0.20806722,0.8144963,0.0,0.0,0
163819148,0.12615293,-0.21890603,-0.20617129,0.8144963,0.0,0.0,0
163844084,0.07136224,-0.24714863,-0.2028701,0.8157248,0.0,0.0,0
163859048,0.038978565,-0.24900323,-0.1867564,0.8157248,0.0,0.0,0
163879009,-0.011102848,-0.24042527,-0.15966883,0.8194103,0.0,0.0,0
163899003,-0.021007324,-0.23796114,-0.13453168,0.8206388,0.0,0.0,0
163923907,0.06551037,-0.2698113,-0.1169134,0.8218673,0.0,0.0,0
163938881,0.09563493,-0.29739916,-0.100977406,0.8243243,0.0,0.0,0
163958840,0.15318449,-0.32359448,-0.0619065,0.82800984,0.0,0.0,0
163983827,0.24045546,-0.31473267,-0.039383527,0.82800984,0.0,0.0,0
163998789,0.27470246,-0.29801866,-0.04195814,0.82800984,0.0,0.0,0
164018751,0.32064143,-0.2820718,-0.036154035,0.8292383,0.0,0.0,0
164043669,0.3362455,-0.27265146,-0.036893878,0.8292383,0.0,0.0,0
164063616,0.31780976,-0.27989063,-0.035773713,0.8304668,0.0,0.0,0
164078590,0.28556213,-0.2945914,-0.033796784,0.8304668,0.0,0.0,0
164098534,0.23275673,-0.31229523,-0.02915983,0.83415234,0.0,0.0,0
164123494,0.17760369,-0.29750425,-0.021170782,0.8353808,0.0,0.0,0
164138459,0.15872377,-0.28325295,-0.018007802,0.8366093,0.0,0.0,0
164158412,0.14632757,-0.28199422,-0.016524294,0.8378378,0.0,0.0,0
164183529,0.12865268,-0.3066658,-0.015795302,0.8378378,0.0,0.0,0
164203330,0.10466569,-0.31996775,-0.013403693,0.84029484,0.0,0.0,0
164218287,0.11344226,-0.3134494,-0.014233139,0.84275186,0.0,0.0,0
164238269,0.14905336,-0.28322527,-0.022165665,0.8439803,0.0,0.0,0
164263195,0.20272116,-0.24587639,-0.027788522,0.8452088,0.0,0.0,0
164278195,0.21681525,-0.23189482,-0.0332355,0.8452088,0.0,0.0,0
164298146,0.18453974,-0.23040654,-0.04863043,0.8452088,0.0,0.0,0
164323067,0.14063805,-0.25317627,-0.061596125,0.84643734,0.0,0.0,0
164343041,0.0856293,-0.2852895,-0.07315919,0.84643734,0.0,0.0,0
164357999,0.06403527,-0.29370108,-0.07040188,0.84643734,0.0,0.0,0
164383084,0.07372501,-0.295191,-0.03927619,0.84643734,0.0,0.0,0
164402912,0.055732895,-0.3098831,-0.032081567,0.84643734,0.0,0.0,0
164417880,0.07979016,-0.33284858,-0.020775793,0.84643734,0.0,0.0,0
164437890,0.06755368,-0.36597022,-0.020149145,0.84643734,0.0,0.0,0
164462799,0.05793443,-0.38507435,-0.016664159,0.84643734,0.0,0.0,0
164482738,0.10368235,-0.3752352,-0.015571039,0.84643734,0.0,0.0,0
164497704,0.15315634,-0.36556414,-0.027358014,0.84643734,0.0,0.0,0
164522658,0.23874275,-0.35356015,-0.052037623,0.84643734,0.0,0.0,0
164542621,0.27906653,-0.3534195,-0.0660285,0.84643734,0.0,0.0,0
164557577,0.27928162,-0.3657738,-0.0702936,0.84643734,0.0,0.0,0
164582645,0.25835714,-0.40200666,-0.075899266,0.84643734,0.0,0.0,0
164602488,0.26767987,-0.40717542,-0.054940347,0.84643734,0.0,0.0,0
164622457,0.25872928,-0.39284676,-0.038398437,0.8476658,0.0,0.0,0
164637479,0.24071239,-0.3861051,-0.028949985,0.8476658,0.0,0.0,0
164662370,0.23025326,-0.40598595,-0.023919398,0.84889436,0.0,0.0,0
164682325,0.19922337,-0.43307003,-0.0101845795,0.84889436,0.0,0.0,0
164697284,0.16745684,-0.44482455,-0.006586589,0.84889436,0.0,0.0,0
164722258,0.22023138,-0.43115088,-0.04904133,0.84889436,0.0,0.0,0
164742203,0.27550012,-0.40621242,-0.09067668,0.84889436,0.0,0.0,0
164762168,0.31249163,-0.38398072,-0.12475504,0.8501228,0.0,0.0,0
164777297,0.24449079,-0.37694535,-0.072873846,0.85257983,0.0,0.0,0
164802077,0.1543878,-0.37555695,-0.025722284,0.85503685,0.0,0.0,0
164822023,0.09000258,-0.38555112,-0.013886243,0.85503685,0.0,0.0,0
164836993,0.04954173,-0.38410392,-0.007612674,0.85503685,0.0,0.0,0
164861941,-0.017598543,-0.3537663,-0.0010471474,0.85503685,0.0,0.0,0
164881907,-0.035759844,-0.33617973,0.008261397,0.85503685,0.0,0.0,0
164901890,-0.09198501,-0.3487668,0.006868914,0.85503685,0.0,0.0,0
164921818,-0.36226982,-0.37924853,0.003923187,0.85503685,0.0,0.0,0
164941780,-0.33238405,-0.4019487,0.00048514182,0.85503685,0.0,0.0,0
164961749,-0.2534227,-0.3977467,-0.032278832,0.8562653,0.0,0.0,0
164976819,-0.17968003,-0.38381845,-0.06843883,0.8562653,0.0,0.0,0
165001678,-0.078114845,-0.3646814,-0.11612533,0.8562653,0.0,0.0,0
165021613,0.002698982,-0.35873243,-0.13732131,0.8562653,0.0,0.0,0
165041607,0.07183975,-0.37362808,-0.11211846,0.8562653,0.0,0.0,0
165061525,0.02109526,-0.40572825,-0.099542856,0.8562653,0.0,0.0,0
165081480,0.08165015,-0.43562075,-0.044624247,0.8562653,0.0,0.0,0
165101439,0.023764635,-0.44046602,-0.045309704,0.8562653,0.0,0.0,0
165121399,0.038291775,-0.44448122,-0.006808524,0.8574939,0.0,0.0,0
165141371,0.07156243,-0.4704578,-0.023039205,0.85995084,0.0,0.0,0
165161358,0.107162416,-0.5087264,-0.027000166,0.86117935,0.0,0.0,0
165181329,0.13589019,-0.5331804,-0.033046808,0.86117935,0.0,0.0,0
165201227,0.20519274,-0.52287453,-0.05803428,0.86117935,0.0,0.0,0
165221189,0.2964596,-0.48235342,-0.0771174,0.86117935,0.0,0.0,0
165241150,0.37855217,-0.4431414,-0.094023414,0.8636364,0.0,0.0,0
165261117,0.42127737,-0.41121596,-0.100095406,0.8636364,0.0,0.0,0
165281068,0.43788424,-0.39683044,-0.10622331,0.8636364,0.0,0.0,0
165301020,0.39817122,-0.40653676,-0.10610827,0.8636364,0.0,0.0,0
165321018,0.34285286,-0.41777265,-0.09500311,0.8636364,0.0,0.0,0
165340937,0.28053072,-0.4103552,-0.06153681,0.8636364,0.0,0.0,0
165360939,0.26946312,-0.39948443,-0.043986406,0.8636364,0.0,0.0,0
165380860,0.2686188,-0.41198623,-0.039305054,0.8636364,0.0,0.0,0
165400818,0.25809148,-0.4399943,-0.039521072,0.8636364,0.0,0.0,0
165420778,0.25027743,-0.46356592,-0.03397923,0.8636364,0.0,0.0,0
165440738,0.29074818,-0.45619664,-0.065916404,0.8636364,0.0,0.0,0
165460687,0.354393,-0.41717726,-0.1166309,0.8636364,0.0,0.0,0
165480656,0.39548945,-0.3834522,-0.10951272,0.8636364,0.0,0.0,0
165500601,0.3997416,-0.3606049,-0.08894275,0.8636364,0.0,0.0,0
165520573,0.37723094,-0.35483906,-0.08653088,0.8636364,0.0,0.0,0
165540526,0.31688088,-0.37158203,-0.07281709,0.8636364,0.0,0.0,0
165560536,0.25792262,-0.388388,-0.061869312,0.8636364,0.0,0.0,0
165580472,0.20343629,-0.38425806,-0.05030464,0.8636364,0.0,0.0,0
165600395,0.1689753,-0.37495083,-0.046672653,0.8636364,0.0,0.0,0
165620350,0.15367064,-0.38809237,-0.040990457,0.8636364,0.0,0.0,0
165640319,0.1476995,-0.41680643,-0.03914782,0.8636364,0.0,0.0,0
165660315,0.13442062,-0.43707412,-0.035840273,0.8636364,0.0,0.0,0
165680249,0.1579992,-0.42839393,-0.036129728,0.8636364,0.0,0.0,0
165700209,0.20854479,-0.39248192,-0.037683185,0.8636364,0.0,0.0,0
165720189,0.25595212,-0.3619872,-0.042900532,0.8636364,0.0,0.0,0
165740123,0.26518065,-0.3399325,-0.036193326,0.8636364,0.0,0.0,0
165760138,0.27228943,-0.33467984,-0.03659674,0.8636364,0.0,0.0,0
165780019,0.18388033,-0.34621835,-0.07099655,0.8636364,0.0,0.0,0
165799977,-0.035394065,-0.36441022,-0.18933062,0.8636364,0.0,0.0,0
165819939,-0.096026145,-0.3663006,-0.15238345,0.8636364,0.0,0.0,0
165839915,-0.122872114,-0.36494002,-0.1351328,0.8636364,0.0,0.0,0
165859854,-0.12277436,-0.38364753,-0.13644837,0.8636364,0.0,0.0,0
165879830,-0.09889312,-0.41876283,-0.15369079,0.8636364,0.0,0.0,0
165899769,-0.07535341,-0.44629946,-0.1123968,0.8636364,0.0,0.0,0
165919750,-0.052637942,-0.44644845,-0.13890253,0.8636364,0.0,0.0,0
165939713,0.01161001,-0.41160372,-0.17132351,0.8636364,0.0,0.0,0
165959823,0.08047489,-0.38103682,-0.19626492,0.8636364,0.0,0.0,0
165979609,0.12375165,-0.3561409,-0.20092128,0.8636364,0.0,0.0,0
165999565,0.16432258,-0.34907314,-0.17996103,0.8636364,0.0,0.0,0
166024555,0.18635057,-0.37337533,-0.14348368,0.8636364,0.0,0.0,0
166039502,0.23736897,-0.39424235,-0.09137739,0.8636364,0.0,0.0,0
166059449,0.2684108,-0.39851236,-0.04295117,0.8636364,0.0,0.0,0
166079386,0.24611099,-0.39121214,-0.03863754,0.8636364,0.0,0.0,0
166099350,0.5469745,-0.39481986,-0.15710282,0.8648648,0.0,0.0,0
166119325,0.550544,-0.4258653,-0.15770425,0.8648648,0.0,0.0,0
166139297,0.5434212,-0.45771784,-0.14942923,0.8648648,0.0,0.0,0
166164329,0.6245452,-0.46069476,-0.16145174,0.8648648,0.0,0.0,0
166179203,0.70931864,-0.4409753,-0.18331864,0.86732185,0.0,0.0,0
166199168,0.76916385,-0.42142212,-0.21426749,0.86732185,0.0,0.0,0
166224083,0.8144115,-0.40819758,-0.22750477,0.86855036,0.0,0.0,0
166239062,0.8184792,-0.40854722,-0.22854887,0.86855036,0.0,0.0,0
166259018,0.8101301,-0.4317514,-0.20801288,0.8710073,0.0,0.0,0
166278982,0.8098481,-0.4639943,-0.1618579,0.87346435,0.0,0.0,0
166303944,0.7794487,-0.4682482,-0.10709908,0.87346435,0.0,0.0,0
166318893,0.76827294,-0.4618941,-0.094530165,0.87469286,0.0,0.0,0
166338876,0.7447243,-0.47011775,-0.08300774,0.87469286,0.0,0.0,0
166363862,0.6299288,-0.50344914,-0.057767127,0.87592137,0.0,0.0,0
166378779,0.6063316,-0.5178234,-0.044259876,0.87592137,0.0,0.0,0
166398767,0.6403015,-0.51563585,-0.053607114,0.87592137,0.0,0.0,0
166418690,0.71502775,-0.48451796,-0.09209912,0.87592137,0.0,0.0,0
166443685,0.7718101,-0.44728422,-0.124044165,0.8771498,0.0,0.0,0
166458596,0.7726568,-0.4343088,-0.12320752,0.8771498,0.0,0.0,0
166478556,0.7443481,-0.43011233,-0.11561274,0.8771498,0.0,0.0,0
166503505,0.6923629,-0.45900667,-0.084868126,0.8771498,0.0,0.0,0
166518472,0.6551784,-0.47615993,-0.046847496,0.8771498,0.0,0.0,0
166538445,0.57808095,-0.47473705,-0.0035004204,0.8783784,0.0,0.0,0
166563402,0.5207331,-0.46222657,0.025933921,0.8783784,0.0,0.0,0
166583339,0.5051259,-0.4753924,0.036370862,0.8783784,0.0,0.0,0
166598310,0.5141117,-0.49163145,0.047805283,0.8783784,0.0,0.0,0
166618260,0.5017641,-0.5065514,0.0644131,0.8783784,0.0,0.0,0
166643239,0.5647378,-0.49351603,0.034150954,0.8783784,0.0,0.0,0
166658177,0.6273179,-0.46833417,0.0022199482,0.8783784,0.0,0.0,0
166678132,0.6979504,-0.4377487,-0.03277924,0.8783784,0.0,0.0,0
166703080,0.7295503,-0.41677204,-0.054468837,0.87960684,0.0,0.0,0
166718126,0.70210284,-0.41855893,-0.03430357,0.87960684,0.0,0.0,0
166738020,0.6619383,-0.4389522,0.00087194325,0.8783784,0.0,0.0,0
166762960,0.5700286,-0.45334202,0.06237391,0.8783784,0.0,0.0,0
166782930,0.49525294,-0.43682107,0.10513418,0.8783784,0.0,0.0,0
166797886,0.4698524,-0.42404044,0.107458144,0.87960684,0.0,0.0,0
166817853,0.45449165,-0.42649016,0.1180629,0.87960684,0.0,0.0,0
166842803,0.42365232,-0.44242257,0.1382891,0.87960684,0.0,0.0,0
166862746,0.42783976,-0.4438293,0.13420019,0.87960684,0.0,0.0,0
166877762,0.4679483,-0.4290966,0.11136426,0.87960684,0.0,0.0,0
166902673,0.57057655,-0.38920158,0.05008354,0.87960684,0.0,0.0,0
166922629,0.6166756,-0.3632666,0.02277332,0.87960684,0.0,0.0,0
166937602,0.6299141,-0.3535856,0.01679133,0.87960684,0.0,0.0,0
166962559,0.60203993,-0.3615157,0.033760518,0.87960684,0.0,0.0,0
166982505,0.5557715,-0.3889108,0.0605811,0.8783784,0.0,0.0,0
167002450,0.4707704,-0.40431824,0.090814844,0.87960684,0.0,0.0,0
167017462,0.4162961,-0.40205997,0.113255315,0.87960684,0.0,0.0,0
167042373,0.38215163,-0.407431,0.12956879,0.87960684,0.0,0.0,0
167062334,0.38548562,-0.4387163,0.13378528,0.87960684,0.0,0.0,0
167077300,0.35926428,-0.46534672,0.14916807,0.87960684,0.0,0.0,0
167102242,0.29683012,-0.48406628,0.23884259,0.87960684,0.0,0.0,0
167122197,0.3375529,-0.48168483,0.20199975,0.87960684,0.0,0.0,0
167142215,0.40621445,-0.46642077,0.145501,0.87960684,0.0,0.0,0
167157207,0.43610576,-0.45618942,0.12109396,0.87960684,0.0,0.0,0
167182076,0.44738126,-0.4474429,0.11251838,0.87960684,0.0,0.0,0
167202035,0.4442984,-0.45977563,0.086686596,0.87960684,0.0,0.0,0
167217002,0.40716225,-0.4721624,0.10635691,0.87960684,0.0,0.0,0
167241960,0.32775488,-0.46498182,0.14101107,0.87960684,0.0,0.0,0
167261904,0.26175737,-0.4355792,0.16276227,0.87960684,0.0,0.0,0
167281891,0.23847064,-0.42379257,0.17354888,0.87960684,0.0,0.0,0
167301821,0.22887385,-0.43499717,0.2116677,0.87960684,0.0,0.0,0
167321781,0.19792625,-0.45115304,0.2351434,0.87960684,0.0,0.0,0
167341923,0.1906054,-0.44986355,0.23825185,0.87960684,0.0,0.0,0
167361708,0.26797804,-0.4259771,0.19479953,0.87960684,0.0,0.0,0
167381660,0.34535345,-0.39448258,0.15379632,0.87960684,0.0,0.0,0
167401625,0.38507673,-0.37107652,0.12088691,0.87960684,0.0,0.0,0
167416586,0.397048,-0.35870555,0.11480282,0.87960684,0.0,0.0,0
167441537,0.3440144,-0.35867652,0.1408901,0.87960684,0.0,0.0,0
167461486,0.27659363,-0.3714244,0.17870197,0.87960684,0.0,0.0,0
167481449,0.20600238,-0.36553416,0.2095373,0.87960684,0.0,0.0,0
167501410,0.13114488,-0.34812623,0.26887375,0.87960684,0.0,0.0,0
167521377,0.11424986,-0.35584998,0.2784497,0.87960684,0.0,0.0,0
167541472,0.11168914,-0.38495764,0.28109476,0.87960684,0.0,0.0,0
167561339,0.10777192,-0.40333107,0.28665438,0.87960684,0.0,0.0,0
167581241,0.13707915,-0.4015246,0.2709275,0.87960684,0.0,0.0,0
167601198,0.21810491,-0.3757642,0.17413913,0.87960684,0.0,0.0,0
167621152,0.3060069,-0.3538916,0.13186504,0.87960684,0.0,0.0,0
167641115,0.35173884,-0.3310297,0.104691416,0.87960684,0.0,0.0,0
167661072,0.33243686,-0.32035255,0.11284587,0.87960684,0.0,0.0,0
167681053,0.30518523,-0.33221585,0.13128792,0.87960684,0.0,0.0,0
167701040,0.25149164,-0.3507547,0.24816306,0.87960684,0.0,0.0,0
167720961,0.15720779,-0.34094676,0.2867724,0.87960684,0.0,0.0,0
167741030,0.107778154,-0.3337177,0.31803688,0.87960684,0.0,0.0,0
167760876,0.0815186,-0.34721354,0.3340357,0.87960684,0.0,0.0,0
167780829,0.07378186,-0.37843275,0.33943522,0.87960684,0.0,0.0,0
167800778,0.05590981,-0.39349765,0.2736681,0.87960684,0.0,0.0,0
167820738,0.11224144,-0.3993452,0.26120836,0.87960684,0.0,0.0,0
167840745,0.16851489,-0.37276214,0.2286047,0.87960684,0.0,0.0,0
167860662,0.22030112,-0.3472458,0.19633351,0.87960684,0.0,0.0,0
167880617,0.26582167,-0.32976237,0.17075884,0.87960684,0.0,0.0,0
167900570,0.2593011,-0.32442778,0.1812823,0.87960684,0.0,0.0,0
167920558,0.22530934,-0.33688375,0.21156126,0.87960684,0.0,0.0,0
167940594,0.18127824,-0.34631738,0.24431719,0.87960684,0.0,0.0,0
167960450,0.16449958,-0.3340164,0.26380837,0.87960684,0.0,0.0,0
167980433,0.13477105,-0.31847632,0.27935657,0.87960684,0.0,0.0,0
167995375,0.1362911,-0.32066733,0.29145646,0.87960684,0.0,0.0,0
168020317,0.14190224,-0.35003036,0.2772519,0.87960684,0.0,0.0,0
168040284,0.10662401,-0.35815355,0.29574966,0.87960684,0.0,0.0,0
168060265,0.100369975,-0.34956667,0.29200873,0.87960684,0.0,0.0,0
168080233,0.12305302,-0.33127922,0.26662356,0.87960684,0.0,0.0,0
168100191,0.16422807,-0.32213575,0.21867989,0.87960684,0.0,0.0,0
168120206,0.19932626,-0.32108313,0.20736091,0.87960684,0.0,0.0,0
168140204,0.17120275,-0.32993525,0.21756412,0.87960684,0.0,0.0,0
168160024,0.10394202,-0.3528742,0.2450815,0.87960684,0.0,0.0,0
168179989,0.03268117,-0.3663603,0.2752733,0.87960684,0.0,0.0,0
168199952,-0.009433563,-0.36007616,0.3351776,0.87960684,0.0,0.0,0
168219930,-0.043477304,-0.3475482,0.3418206,0.87960684,0.0,0.0,0
168239861,-0.09660074,-0.37181297,0.3487505,0.87960684,0.0,0.0,0
168259822,-0.13894396,-0.40341562,0.35562548,0.87960684,0.0,0.0,0
168279820,-0.18327145,-0.4238797,0.3510723,0.87960684,0.0,0.0,0
168299747,-0.17173308,-0.41982576,0.34274292,0.88083535,0.0,0.0,0
168319711,-0.1435638,-0.3973305,0.3198872,0.88083535,0.0,0.0,0
168339700,-0.12925568,-0.38917634,0.30156398,0.88206387,0.0,0.0,0
168359618,-0.1336425,-0.38880533,0.28126076,0.8832923,0.0,0.0,0
168379566,-0.14711054,-0.39677212,0.28431958,0.8832923,0.0,0.0,0
168404522,-0.23623541,-0.41451702,0.32742295,0.88697785,0.0,0.0,0
168419530,-0.26336265,-0.4150852,0.339594,0.88820636,0.0,0.0,0
168439443,-0.28196338,-0.39646512,0.35096073,0.8894349,0.0,0.0,0
168459397,-0.2863791,-0.38277844,0.35657212,0.8894349,0.0,0.0,0
168479385,-0.28160867,-0.39293444,0.35680422,0.8894349,0.0,0.0,0
168499319,-0.2463163,-0.40666935,0.5907895,0.8894349,0.0,0.0,0
168519338,-0.34711432,-0.3417118,0.6163125,0.8894349,0.0,0.0,0
168544245,-0.23905878,-0.29298174,0.6586412,0.8894349,0.0,0.0,0
168559241,-0.041237466,-0.2802352,0.5953438,0.8894349,0.0,0.0,0
168579163,0.11024371,-0.26471704,0.5293499,0.8894349,0.0,0.0,0
168604098,0.23813789,-0.28126034,0.29229587,0.8894349,0.0,0.0,0
168619071,0.20250635,-0.27782947,0.304823,0.8894349,0.0,0.0,0
168639025,0.113198675,-0.2738863,0.34671232,0.8894349,0.0,0.0,0
168658985,0.06528555,-0.25913474,0.376379,0.8894349,0.0,0.0,0
168683960,0.022472622,-0.21831088,0.40097937,0.8894349,0.0,0.0,0
168698940,0.012296434,-0.20856474,0.33774677,0.8894349,0.0,0.0,0
168718921,0.052358225,-0.23737319,0.3348886,0.8906634,0.0,0.0,0
168743805,0.03766795,-0.24826401,0.33847058,0.8906634,0.0,0.0,0
168758799,0.04602327,-0.24647693,0.3290753,0.8906634,0.0,0.0,0
168778737,0.12365273,-0.22953811,0.2890991,0.8906634,0.0,0.0,0
168798714,0.2600045,-0.21550564,0.21492657,0.89189184,0.0,0.0,0
168823671,0.32212904,-0.21191044,0.1943119,0.8906634,0.0,0.0,0
168838602,0.34921902,-0.21327917,0.20035796,0.89189184,0.0,0.0,0
168858562,0.33660954,-0.23057052,0.22544196,0.89189184,0.0,0.0,0
168883509,0.23121646,-0.25487158,0.283788,0.8906634,0.0,0.0,0
168898476,0.16517754,-0.25362185,0.34666792,0.8906634,0.0,0.0,0
168918479,0.08056139,-0.23736665,0.38109213,0.8906634,0.0,0.0,0
168943390,0.03897531,-0.26029316,0.40629095,0.8906634,0.0,0.0,0
168963387,0.017752538,-0.29794687,0.4214633,0.8906634,0.0,0.0,0
168978306,0.008869055,-0.31751895,0.43041345,0.8906634,0.0,0.0,0
168998279,0.031163929,-0.33301517,0.4159184,0.8906634,0.0,0.0,0
169023211,0.13727877,-0.33883342,0.36223662,0.8906634,0.0,0.0,0
169038204,0.18089762,-0.34277487,0.33310166,0.8906634,0.0,0.0,0
169058141,0.21449101,-0.34073305,0.31631118,0.8906634,0.0,0.0,0
169083094,0.1534631,-0.34956458,0.32766435,0.8906634,0.0,0.0,0
169103105,0.08658079,-0.36903745,0.34423006,0.8906634,0.0,0.0,0
169118064,0.026124846,-0.366854,0.37360308,0.8906634,0.0,0.0,0
169142970,-0.037414476,-0.34250206,0.3990546,0.8906634,0.0,0.0,0
169162926,-0.0680458,-0.3335846,0.40806016,0.89189184,0.0,0.0,0
169177889,-0.079612225,-0.34769598,0.4154784,0.89189184,0.0,0.0,0
169197864,-0.11235918,-0.3723314,0.87266463,0.8906634,0.0,0.0,0
169222800,-0.43435958,-0.22149132,0.87266463,0.8906634,0.0,0.0,0
169242763,-0.4168076,-0.22207195,0.87266463,0.8906634,0.0,0.0,0
169257731,-0.36903614,-0.2310326,0.87266463,0.8906634,0.0,0.0,0
169282676,-0.27751338,-0.26041526,0.83905035,0.8906634,0.0,0.0,0
169302662,-0.06520254,-0.36361623,0.4993531,0.8906634,0.0,0.0,0
169317768,-0.070303224,-0.37432685,0.50349295,0.8906634,0.0,0.0,0
169342577,-0.1476888,-0.3885428,0.54834497,0.8906634,0.0,0.0,0
169362514,-0.1951906,-0.3710391,0.5752067,0.8906634,0.0,0.0,0
169382479,-0.2333642,-0.3341375,0.59275776,0.8906634,0.0,0.0,0
169397507,-0.249934,-0.31254622,0.48574808,0.89189184,0.0,0.0,0
169422387,-0.19875865,-0.34257478,0.4855595,0.8906634,0.0,0.0,0
169442335,-0.20109731,-0.3356796,0.48779154,0.8906634,0.0,0.0,0
169457308,-0.21081603,-0.31758946,0.48932457,0.8906634,0.0,0.0,0
169482254,-0.18426305,-0.2672052,0.47653192,0.89189184,0.0,0.0,0
169502225,-0.1536601,-0.21386716,0.5022285,0.89189184,0.0,0.0,0
169522243,-0.10532273,-0.19171634,0.47688106,0.8906634,0.0,0.0,0
169537196,-0.109858006,-0.17456622,0.47967258,0.8906634,0.0,0.0,0
169562091,-0.19408906,-0.14641704,0.5140901,0.8906634,0.0,0.0,0
169582044,-0.2702873,-0.14022464,0.52019066,0.8906634,0.0,0.0,0
169597009,-0.30315757,-0.12808044,0.64615065,0.8906634,0.0,0.0,0
169621961,-0.39780456,-0.04780742,0.64322615,0.8906634,0.0,0.0,0
169641931,-0.41060194,-0.040453166,0.64673835,0.8906634,0.0,0.0,0
169661878,-0.410033,-0.05616871,0.6497261,0.8906634,0.0,0.0,0
169681872,-0.41059908,-0.06514344,0.6474117,0.8906634,0.0,0.0,0
169701809,-0.37437457,-0.08238213,0.5747592,0.8906634,0.0,0.0,0
169721803,-0.33103818,-0.057822056,0.5591771,0.89189184,0.0,0.0,0
169736724,-0.2850053,-0.042620033,0.5533287,0.89189184,0.0,0.0,0
169761680,-0.24759533,-0.02437642,0.5269091,0.8906634,0.0,0.0,0
169781628,-0.26324373,-0.014505397,0.5251702,0.8906634,0.0,0.0,0
169801584,-0.29478836,-0.066202484,0.38777268,0.8906634,0.0,0.0,0
169821588,-0.36295548,-0.07403799,0.3804001,0.89189184,0.0,0.0,0
169841510,-0.44311556,-0.06993532,0.35108548,0.89189184,0.0,0.0,0
169861458,-0.5157389,-0.06839492,0.3191501,0.8906634,0.0,0.0,0
169881423,-0.643003,-0.10629018,0.25990206,0.89189184,0.0,0.0,0
169901418,-0.6812462,-0.14003105,0.25483617,0.89189184,0.0,0.0,0
169921343,-0.6761066,-0.16098596,0.2614917,0.89189184,0.0,0.0,0
169941294,-0.7083937,-0.17901807,0.22043374,0.8906634,0.0,0.0,0
169961252,-0.6898506,-0.1835239,0.17890045,0.89189184,0.0,0.0,0
169981208,-0.6976753,-0.18017548,0.13999027,0.89189184,0.0,0.0,0
170001170,-0.7154554,-0.19399966,0.10513583,0.89189184,0.0,0.0,0
170021121,-0.70013803,-0.22483377,0.111073,0.89189184,0.0,0.0,0
170041088,-0.77964646,-0.26558453,0.100401096,0.8906634,0.0,0.0,0
170061036,-0.82961154,-0.29025048,0.1000166,0.89189184,0.0,0.0,0
170081024,-0.8512744,-0.29217502,0.10352069,0.89189184,0.0,0.0,0
170100998,-0.85513026,-0.29942155,0.10660829,0.89189184,0.0,0.0,0
170120938,-0.8590375,-0.3261926,0.121585004,0.8906634,0.0,0.0,0
170140876,-0.8335088,-0.35859805,0.12870654,0.8906634,0.0,0.0,0
170160841,-0.86871934,-0.36683863,0.14313772,0.89189184,0.0,0.0,0
170180792,-0.83699435,-0.35335684,0.13354857,0.89189184,0.0,0.0,0
170200752,-0.77895933,-0.3334072,0.11897027,0.89189184,0.0,0.0,0
170220746,-0.7195999,-0.3258064,0.10827243,0.8906634,0.0,0.0,0
170240678,-0.68523365,-0.32682967,0.10367337,0.8906634,0.0,0.0,0
170260623,-0.68920064,-0.35326028,0.11099172,0.89189184,0.0,0.0,0
170280588,-0.71887934,-0.38644367,0.123172686,0.8906634,0.0,0.0,0
170300592,-0.7225715,-0.39873356,0.13710931,0.89189184,0.0,0.0,0
170320495,-0.7233645,-0.3946317,0.13237283,0.89189184,0.0,0.0,0
170340460,-0.686081,-0.4085833,0.115030885,0.89189184,0.0,0.0,0
170360419,-0.661538,-0.4404808,0.11935684,0.89189184,0.0,0.0,0
170380398,-0.6402345,-0.47299215,0.123849794,0.89189184,0.0,0.0,0
170400333,-0.62817407,-0.4903817,0.12587842,0.89189184,0.0,0.0,0
170420293,-0.58726645,-0.47785068,0.114361584,0.89189184,0.0,0.0,0
170440285,-0.5417199,-0.46397007,0.102140374,0.89189184,0.0,0.0,0
170460241,-0.49924383,-0.4611707,0.09634431,0.8906634,0.0,0.0,0
170480218,-0.46689644,-0.46680856,0.10922205,0.8906634,0.0,0.0,0
170500211,-0.46678463,-0.49494287,0.13865487,0.8906634,0.0,0.0,0
170520165,-0.51579183,-0.5136593,0.15167302,0.8906634,0.0,0.0,0
170540065,-0.546564,-0.5093421,0.15746638,0.8906634,0.0,0.0,0
170560002,-0.5670982,-0.49926925,0.13747157,0.8906634,0.0,0.0,0
170579963,-0.5545138,-0.50447214,0.13596044,0.8906634,0.0,0.0,0
170599915,-0.5937791,-0.52856714,0.13432024,0.8906634,0.0,0.0,0
170619873,-0.64951605,-0.5499489,0.16368178,0.8906634,0.0,0.0,0
170639847,-0.6389266,-0.54291224,0.15751582,0.8906634,0.0,0.0,0
170659828,-0.65065306,-0.51213354,0.16284427,0.8906634,0.0,0.0,0
170679763,-0.62785983,-0.48989576,0.1607518,0.8906634,0.0,0.0,0
170699855,-0.64439636,-0.47583187,0.28388965,0.8894349,0.0,0.0,0
170719665,-0.78131306,-0.45254824,0.32751307,0.8906634,0.0,0.0,0
170739630,-0.8097468,-0.4695512,0.33326876,0.8894349,0.0,0.0,0
170759581,-0.85749406,-0.4553664,0.34114817,0.8894349,0.0,0.0,0
170779544,-0.8891119,-0.4503731,0.3468617,0.8894349,0.0,0.0,0
170799546,-0.90124774,-0.42572924,0.28327885,0.8894349,0.0,0.0,0
170819459,-0.87118304,-0.46318966,0.29163343,0.8894349,0.0,0.0,0
170839415,-0.8305976,-0.4930778,0.2838757,0.8906634,0.0,0.0,0
170859367,-0.8370786,-0.5041983,0.28388664,0.8894349,0.0,0.0,0
170879344,-0.81138176,-0.5102243,0.27887866,0.8894349,0.0,0.0,0
170899424,-0.746349,-0.49572772,0.18892759,0.8894349,0.0,0.0,0
170924227,-0.7492036,-0.4830412,0.12889265,0.8894349,0.0,0.0,0
170939264,-0.70850366,-0.4830416,0.11188614,0.8894349,0.0,0.0,0
170959185,-0.77223927,-0.49107507,0.121748015,0.8906634,0.0,0.0,0
170984097,-0.8785372,-0.5195284,0.16258737,0.8894349,0.0,0.0,0
170999075,-0.9220201,-0.52202576,0.19960253,0.8906634,0.0,0.0,0
171019036,-0.9782379,-0.50220174,0.2224667,0.8894349,0.0,0.0,0
171039000,-0.989455,-0.49233294,0.22742428,0.8894349,0.0,0.0,0
171063954,-0.95749354,-0.51496756,0.20973521,0.8894349,0.0,0.0,0
171078937,-0.8854898,-0.5569165,0.18865773,0.8894349,0.0,0.0,0
171098971,-0.8422427,-0.58108103,0.23315395,0.8894349,0.0,0.0,0
171123808,-0.73558265,-0.5853498,0.17984942,0.8894349,0.0,0.0,0
171138794,-0.6467315,-0.572829,0.120778784,0.8894349,0.0,0.0,0
171158773,-0.50072104,-0.58251035,0.059436,0.8894349,0.0,0.0,0
171178715,-0.39536035,-0.58492154,0.027065502,0.8894349,0.0,0.0,0
171203685,-0.3922339,-0.5934786,0.034484938,0.8894349,0.0,0.0,0
171218632,-0.42484468,-0.6047785,0.059268314,0.8894349,0.0,0.0,0
171238574,-0.4591729,-0.6025206,0.07740849,0.8894349,0.0,0.0,0
171263518,-0.49529758,-0.5793885,0.09540752,0.8894349,0.0,0.0,0
171278507,-0.50475615,-0.57532555,0.09990723,0.8894349,0.0,0.0,0
171298538,-0.49106157,-0.5932523,0.10842921,0.8894349,0.0,0.0,0
171323403,-0.4794893,-0.61357844,0.09649642,0.8894349,0.0,0.0,0
171343390,-0.45339438,-0.61126673,0.08028046,0.8894349,0.0,0.0,0
171358334,-0.40497053,-0.5917979,0.05044962,0.8894349,0.0,0.0,0
171378278,-0.3122625,-0.5630083,-0.00457512,0.8894349,0.0,0.0,0
171403224,-0.19064392,-0.52791095,-0.07077663,0.8894349,0.0,0.0,0
171418196,-0.18472765,-0.51334006,-0.07077529,0.8894349,0.0,0.0,0
171438167,-0.21330237,-0.51585746,-0.054315437,0.8894349,0.0,0.0,0
171463100,-0.27769837,-0.53105575,-0.019982645,0.8894349,0.0,0.0,0
171483127,-0.30447346,-0.51958823,-0.0049247015,0.8894349,0.0,0.0,0
171498110,-0.31562862,-0.5076981,0.00024734627,0.8894349,0.0,0.0,0
171522977,-0.3192839,-0.51137114,0.0015921504,0.8894349,0.0,0.0,0
171542936,-0.29496026,-0.5315024,-0.01055586,0.8894349,0.0,0.0,0
171557904,-0.29680768,-0.54170525,-0.0089863995,0.8894349,0.0,0.0,0
171577867,-0.281745,-0.53672785,-0.016924236,0.8894349,0.0,0.0,0
171602807,-0.20097353,-0.5039742,-0.065943226,0.8894349,0.0,0.0,0
171622775,-0.1202575,-0.48542285,-0.10956006,0.8894349,0.0,0.0,0
171637785,-0.06992296,-0.47272694,-0.13711827,0.8894349,0.0,0.0,0
171662686,-0.06692717,-0.4800458,-0.13671668,0.8894349,0.0,0.0,0
171682685,-0.103169076,-0.50732976,-0.11607285,0.8894349,0.0,0.0,0
171697647,-0.13939549,-0.5249258,-0.11261685,0.8894349,0.0,0.0,0
171722556,-0.18371382,-0.5204162,-0.07990272,0.8894349,0.0,0.0,0
171742560,-0.20564422,-0.5137662,-0.0671497,0.8894349,0.0,0.0,0
171762474,-0.19104794,-0.5219724,-0.07804134,0.8894349,0.0,0.0,0
171777486,-0.16602772,-0.5319771,-0.09451169,0.8894349,0.0,0.0,0
171802389,-0.15215112,-0.53167045,-0.096093826,0.8894349,0.0,0.0,0
171822358,-0.1063191,-0.49670246,-0.123716585,0.8894349,0.0,0.0,0
171837317,-0.048735704,-0.45424256,-0.15733384,0.8894349,0.0,0.0,0
171862261,0.05109277,-0.39294836,-0.21277422,0.8894349,0.0,0.0,0
171882270,0.09167889,-0.35234737,-0.22689082,0.8894349,0.0,0.0,0
171902180,0.062285483,-0.34006283,-0.20786941,0.8894349,0.0,0.0,0
171917184,0.016415017,-0.34578544,-0.18123499,0.8894349,0.0,0.0,0
171942098,-0.062135797,-0.3515661,-0.13855197,0.8894349,0.0,0.0,0
171962053,-0.12824751,-0.33801097,-0.10169577,0.8894349,0.0,0.0,0
171977023,-0.1645082,-0.33387646,-0.08188701,0.8894349,0.0,0.0,0
172001981,-0.17200978,-0.35302308,-0.08468097,0.8894349,0.0,0.0,0
172021927,-0.14315058,-0.36686072,-0.09875503,0.8894349,0.0,0.0,0
172041905,-0.07787119,-0.35965285,-0.13283703,0.8894349,0.0,0.0,0
172061854,0.0121637555,-0.3202074,-0.1863347,0.8894349,0.0,0.0,0
172081962,0.17529696,-0.2852282,-0.17620756,0.8894349,0.0,0.0,0
172101763,0.28076506,-0.26382253,-0.115788855,0.8906634,0.0,0.0,0
172116732,0.33049718,-0.24574591,-0.09964796,0.8894349,0.0,0.0,0
172141679,0.32895976,-0.23862964,-0.07428071,0.8894349,0.0,0.0,0
172161652,0.34551102,-0.2512915,-0.03418136,0.8894349,0.0,0.0,0
172181632,0.28861022,-0.25157797,-0.029172907,0.8894349,0.0,0.0,0
172201553,0.25741816,-0.23334938,-0.024112625,0.8894349,0.0,0.0,0
172221514,0.28396162,-0.2305156,-0.038235698,0.8894349,0.0,0.0,0
172241474,0.33179855,-0.24744488,-0.061418768,0.8894349,0.0,0.0,0
172261442,0.3698281,-0.259082,-0.07990134,0.8894349,0.0,0.0,0
172281534,0.42147616,-0.24786067,-0.09291507,0.8894349,0.0,0.0,0
172301344,0.48584393,-0.21874835,-0.09095151,0.8894349,0.0,0.0,0
172321352,0.5583034,-0.19010366,-0.09329816,0.8894349,0.0,0.0,0
172341258,0.597507,-0.15587515,-0.09052579,0.8894349,0.0,0.0,0
172361223,0.59773076,-0.14786741,-0.08917925,0.8894349,0.0,0.0,0
172381187,0.544898,-0.16009288,-0.07812256,0.8894349,0.0,0.0,0
172401135,0.46660542,-0.17611362,-0.06497775,0.8894349,0.0,0.0,0
172421091,0.37841496,-0.17667456,-0.048122585,0.8894349,0.0,0.0,0
172441058,0.3081976,-0.16408005,-0.028774887,0.8894349,0.0,0.0,0
172461058,0.26629546,-0.16840255,-0.017860163,0.8894349,0.0,0.0,0
172481064,0.2536976,-0.19265075,-0.0196174,0.8894349,0.0,0.0,0
172500929,0.23728326,-0.20796204,-0.01979785,0.8894349,0.0,0.0,0
172520884,0.26612395,-0.19856843,-0.02121773,0.8894349,0.0,0.0,0
172540856,0.29457825,-0.19833599,-0.076885626,0.8894349,0.0,0.0,0
172560807,0.3201989,-0.17656049,-0.12602296,0.8894349,0.0,0.0,0
172580768,0.31790763,-0.1574553,-0.16505279,0.8894349,0.0,0.0,0
172600764,0.2589992,-0.14460084,-0.11955031,0.8894349,0.0,0.0,0
172620673,0.18781771,-0.17101113,-0.11813748,0.8894349,0.0,0.0,0
172640634,0.07808938,-0.17621242,-0.13882507,0.8894349,0.0,0.0,0
172660607,-0.014688285,-0.16656323,-0.12116698,0.8894349,0.0,0.0,0
172680644,-0.06814352,-0.1604864,-0.100453734,0.8894349,0.0,0.0,0
172700502,-0.067142695,-0.1819198,-0.117325194,0.8894349,0.0,0.0,0
172720464,-0.053283527,-0.21606015,-0.122390434,0.8894349,0.0,0.0,0
172740427,-0.004861155,-0.24287874,-0.13117598,0.8894349,0.0,0.0,0
172760413,0.11193795,-0.23923452,-0.13538079,0.8894349,0.0,0.0,0
172780337,0.18883955,-0.22477269,-0.14213772,0.8894349,0.0,0.0,0
172800305,0.27887163,-0.22130254,-0.13365746,0.8894349,0.0,0.0,0
172820267,0.34170854,-0.22656232,-0.111654855,0.8894349,0.0,0.0,0
172840256,0.37532228,-0.25455865,-0.081956506,0.8894349,0.0,0.0,0
172860266,0.38422155,-0.2970271,-0.046012536,0.8894349,0.0,0.0,0
172880214,0.39047474,-0.30542183,-0.066561036,0.8894349,0.0,0.0,0
172900189,0.3616216,-0.30798578,-0.06756107,0.8894349,0.0,0.0,0
172920046,0.32410595,-0.31938294,-0.060724694,0.8894349,0.0,0.0,0
172940010,0.29851654,-0.3551149,-0.054489452,0.8894349,0.0,0.0,0
172959971,0.26157486,-0.3959003,-0.048624787,0.8894349,0.0,0.0,0
172979921,0.2705058,-0.41344607,-0.052044097,0.8894349,0.0,0.0,0
172999887,0.30922326,-0.40491885,-0.052221976,0.8894349,0.0,0.0,0
173019838,0.37480533,-0.38465035,-0.058103576,0.8894349,0.0,0.0,0
173039796,0.42397773,-0.37559313,-0.06431503,0.8894349,0.0,0.0,0
173059809,0.40217218,-0.37599462,-0.078961916,0.8894349,0.0,0.0,0
173079744,0.36905098,-0.4021011,-0.077851705,0.8894349,0.0,0.0,0
173099680,0.30665693,-0.4425399,-0.07841116,0.8894349,0.0,0.0,0
173119631,0.16004294,-0.45182794,-0.12908931,0.8894349,0.0,0.0,0
173139594,0.08390975,-0.45189768,-0.13847543,0.8894349,0.0,0.0,0
173164579,0.036246125,-0.46346766,-0.14867215,0.8894349,0.0,0.0,0
173179509,0.04943859,-0.48262098,-0.15663652,0.8894349,0.0,0.0,0
173199484,0.034479503,-0.49885088,-0.18809824,0.8894349,0.0,0.0,0
173219421,0.06375723,-0.48551306,-0.21681742,0.8894349,0.0,0.0,0
173239385,0.15168698,-0.43269697,-0.23991443,0.8894349,0.0,0.0,0
173259382,0.20639428,-0.37332526,-0.2724112,0.8894349,0.0,0.0,0
173279306,0.2728194,-0.31608796,-0.27523726,0.8894349,0.0,0.0,0
173304270,0.23920918,-0.29752257,-0.2116279,0.8894349,0.0,0.0,0
173319227,0.20510165,-0.29649356,-0.2070591,0.8894349,0.0,0.0,0
173339190,0.13591683,-0.30246437,-0.19881143,0.8894349,0.0,0.0,0
173364116,0.048633657,-0.28764927,-0.18061297,0.8894349,0.0,0.0,0
173379081,0.011941471,-0.2778829,-0.16195673,0.8894349,0.0,0.0,0
173399048,0.003071498,-0.28430775,-0.16632292,0.8894349,0.0,0.0,0
173419004,0.030330516,-0.3058355,-0.18032104,0.8894349,0.0,0.0,0
173444018,0.05311525,-0.32506037,-0.19350643,0.8894349,0.0,0.0,0
173458996,0.08672918,-0.31462172,-0.2017665,0.8894349,0.0,0.0,0
173478884,0.15414727,-0.2836367,-0.20761953,0.8894349,0.0,0.0,0
173503821,0.2408461,-0.25564715,-0.19937128,0.8894349,0.0,0.0,0
173518804,0.28040782,-0.24309874,-0.20186128,0.8894349,0.0,0.0,0
173538764,0.2739846,-0.2488637,-0.20207866,0.8894349,0.0,0.0,0
173558727,0.24055047,-0.27800837,-0.20259342,0.8894349,0.0,0.0,0
173583658,0.18869466,-0.31515056,-0.20083286,0.8894349,0.0,0.0,0
173598633,0.15596251,-0.3245597,-0.23563425,0.8894349,0.0,0.0,0
173618579,0.13962479,-0.32992783,-0.23210856,0.8894349,0.0,0.0,0
173643547,0.1309202,-0.3721388,-0.23399048,0.8894349,0.0,0.0,0
173658541,0.123695426,-0.4017513,-0.23487365,0.8894349,0.0,0.0,0
173678455,0.123619586,-0.4225378,-0.23624091,0.8894349,0.0,0.0,0
173703423,0.17509158,-0.39302078,-0.24278894,0.8894349,0.0,0.0,0
173723368,0.23126394,-0.3497893,-0.24733794,0.8894349,0.0,0.0,0
173738333,0.25918192,-0.32654184,-0.24865401,0.8894349,0.0,0.0,0
173758309,0.28220826,-0.30568776,-0.249111,0.8894349,0.0,0.0,0
173783246,0.26966172,-0.31293288,-0.2483594,0.8894349,0.0,0.0,0
173798224,0.2351527,-0.3318634,-0.3018855,0.8894349,0.0,0.0,0
173818160,0.20303595,-0.3356332,-0.29503506,0.8894349,0.0,0.0,0
173843126,0.14630552,-0.32414907,-0.28647134,0.8894349,0.0,0.0,0
173863198,0.12485627,-0.322295,-0.2834914,0.8894349,0.0,0.0,0
173878102,0.13261189,-0.33068728,-0.28489274,0.8894349,0.0,0.0,0
173903009,0.11129389,-0.34879875,-0.21080747,0.8894349,0.0,0.0,0
173922955,0.13725671,-0.32984775,-0.21294044,0.8894349,0.0,0.0,0
173937917,0.17668344,-0.2913383,-0.21437547,0.8894349,0.0,0.0,0
173957866,0.24109085,-0.23387846,-0.21473148,0.8894349,0.0,0.0,0
173982823,0.2931945,-0.18250255,-0.21196455,0.8894349,0.0,0.0,0
174002820,0.28012896,-0.16829735,-0.18977158,0.8894349,0.0,0.0,0
174017754,0.25490034,-0.1737758,-0.18863171,0.8894349,0.0,0.0,0
174042713,0.17549297,-0.2065179,-0.18909898,0.8894349,0.0,0.0,0
174062730,0.12418058,-0.22322911,-0.18343145,0.8894349,0.0,0.0,0
174077625,0.09154002,-0.23230012,-0.18109606,0.8894349,0.0,0.0,0
174102589,0.07978735,-0.26905823,-0.19362204,0.8894349,0.0,0.0,0
174122534,0.08601153,-0.3197532,-0.19816913,0.8894349,0.0,0.0,0
174142543,0.090456456,-0.36069256,-0.20180197,0.8894349,0.0,0.0,0
174157448,0.11169065,-0.37442595,-0.20611374,0.8894349,0.0,0.0,0
174182412,0.21290803,-0.35753793,-0.20770992,0.8894349,0.0,0.0,0
174202362,0.27303424,-0.34339565,-0.2079351,0.8894349,0.0,0.0,0
174217325,0.37241298,-0.34309486,-0.17114355,0.8894349,0.0,0.0,0
174242295,0.387025,-0.35231632,-0.17502806,0.8894349,0.0,0.0,0
174262278,0.39766043,-0.39123,-0.14339073,0.8894349,0.0,0.0,0
174282231,0.37691632,-0.42690971,-0.1140433,0.8894349,0.0,0.0,0
174302147,0.35978085,-0.43516374,-0.0902065,0.8894349,0.0,0.0,0
174322114,0.35931444,-0.43684176,-0.06322135,0.8894349,0.0,0.0,0
174342069,0.40287685,-0.45093194,-0.08762151,0.8894349,0.0,0.0,0
174357029,0.4314957,-0.46961543,-0.109315574,0.8894349,0.0,0.0,0
174381986,0.4611177,-0.48370528,-0.13023214,0.8894349,0.0,0.0,0
174401945,0.54292387,-0.45844257,-0.14288834,0.8894349,0.0,0.0,0
174421931,0.6633584,-0.4068461,-0.1720144,0.8894349,0.0,0.0,0
174441949,0.72219616,-0.359242,-0.17412722,0.8894349,0.0,0.0,0
174461838,0.7932465,-0.33330536,-0.19575535,0.8894349,0.0,0.0,0
174481775,0.81607693,-0.33305752,-0.21101777,0.8894349,0.0,0.0,0
174496749,0.84206396,-0.34786013,-0.21699941,0.8894349,0.0,0.0,0
174521689,0.82179815,-0.3794362,-0.19505802,0.8894349,0.0,0.0,0
174541673,0.79581755,-0.384176,-0.16372778,0.8894349,0.0,0.0,0
174561611,0.76551175,-0.39141694,-0.14702354,0.8894349,0.0,0.0,0
174581570,0.7516102,-0.41913605,-0.1441871,0.8894349,0.0,0.0,0
174601524,0.6761426,-0.45558324,-0.12459845,0.8894349,0.0,0.0,0
174621482,0.6799198,-0.47360358,-0.12922439,0.8894349,0.0,0.0,0
174641488,0.6935882,-0.45395774,-0.15888545,0.8894349,0.0,0.0,0
174661393,0.73123163,-0.41691837,-0.19026932,0.8894349,0.0,0.0,0
174681396,0.7178589,-0.393731,-0.1924593,0.8894349,0.0,0.0,0
174701316,0.6840099,-0.38912448,-0.18804905,0.8894349,0.0,0.0,0
174721272,0.53947943,-0.41631895,-0.13989024,0.8894349,0.0,0.0,0
174741235,0.43900937,-0.454068,-0.11419948,0.8894349,0.0,0.0,0
174761189,0.3094376,-0.47022164,-0.07744199,0.8894349,0.0,0.0,0
174781152,0.16047885,-0.464889,-0.029883077,0.8894349,0.0,0.0,0
174801107,0.13994099,-0.46353212,-0.025974073,0.8894349,0.0,0.0,0
174821107,-0.044314124,-0.48489943,-0.10663657,0.8894349,0.0,0.0,0
174841069,-0.07930946,-0.5005257,-0.10287301,0.8894349,0.0,0.0,0
174860982,-0.05421738,-0.49298492,-0.11921877,0.8894349,0.0,0.0,0
174880935,-0.023391662,-0.44333094,-0.17366546,0.8894349,0.0,0.0,0
174900897,0.06888334,-0.3858736,-0.24007045,0.8894349,0.0,0.0,0
174920860,0.12363331,-0.33955163,-0.24881826,0.8894349,0.0,0.0,0
174940812,0.14276159,-0.3038597,-0.24904129,0.8894349,0.0,0.0,0
174960778,0.14465661,-0.29645067,-0.24873555,0.8894349,0.0,0.0,0
174980767,0.12750559,-0.30027226,-0.24683727,0.8894349,0.0,0.0,0
175000684,0.10522452,-0.28835002,-0.21401797,0.8894349,0.0,0.0,0
175020648,0.092451565,-0.27155277,-0.21248905,0.8894349,0.0,0.0,0
175040657,0.113308884,-0.26881725,-0.2146648,0.8894349,0.0,0.0,0
175060574,0.1530716,-0.27966633,-0.21697198,0.8894349,0.0,0.0,0
175080517,0.16238989,-0.29050413,-0.21923593,0.8894349,0.0,0.0,0
175100513,0.2529453,-0.2891987,-0.16208936,0.8894349,0.0,0.0,0
175120480,0.3851993,-0.27001995,-0.1100018,0.8894349,0.0,0.0,0
175140393,0.53322625,-0.25921208,-0.056141417,0.8894349,0.0,0.0,0
175160354,0.63619995,-0.23909153,-0.083894365,0.8894349,0.0,0.0,0
175180305,0.76812893,-0.2296736,-0.14045854,0.8894349,0.0,0.0,0
175200285,1.0134588,-0.2352147,-0.22834598,0.8894349,0.0,0.0,0
175220269,0.9485097,-0.28510523,-0.22828683,0.8894349,0.0,0.0,0
175240405,1.0772574,-0.3055107,-0.24037892,0.8894349,0.0,0.0,0
175260187,1.0815967,-0.32831913,-0.22406325,0.8894349,0.0,0.0,0
175280147,1.0686647,-0.3674361,-0.216395,0.8894349,0.0,0.0,0
175300072,1.030374,-0.42253882,-0.22506008,0.8894349,0.0,0.0,0
175320013,1.0162542,-0.46323195,-0.21483251,0.8894349,0.0,0.0,0
175339974,1.0321699,-0.47437745,-0.22828637,0.8894349,0.0,0.0,0
175359945,1.0985425,-0.45680282,-0.2576714,0.8894349,0.0,0.0,0
175379932,1.1766369,-0.43811277,-0.28307664,0.8894349,0.0,0.0,0
175399853,1.190005,-0.43474427,-0.28257143,0.8894349,0.0,0.0,0
175419822,1.1214758,-0.44985083,-0.2564179,0.8894349,0.0,0.0,0
175439904,1.0032009,-0.491734,-0.20682803,0.8894349,0.0,0.0,0
175459725,0.8841519,-0.5164346,-0.14042997,0.8894349,0.0,0.0,0
175479710,0.8005382,-0.508812,-0.09297089,0.8894349,0.0,0.0,0
175499655,0.74327034,-0.4913326,-0.05983039,0.8894349,0.0,0.0,0
175519633,0.70261025,-0.4933963,-0.048559856,0.8894349,0.0,0.0,0
175544586,0.6547579,-0.50722164,-0.024645831,0.8894349,0.0,0.0,0
175559516,0.65796584,-0.5069775,-0.02718899,0.8894349,0.0,0.0,0
175579481,0.7225774,-0.47717944,-0.05865555,0.8894349,0.0,0.0,0
175599434,0.8165035,-0.42619982,-0.108704746,0.8894349,0.0,0.0,0
175619409,0.8761598,-0.38514835,-0.13542815,0.8894349,0.0,0.0,0
175639507,0.8768442,-0.3675043,-0.13400151,0.8894349,0.0,0.0,0
175659308,0.8205747,-0.37257963,-0.10487532,0.8894349,0.0,0.0,0
175684248,0.7029568,-0.39911228,-0.052044995,0.8894349,0.0,0.0,0
175699242,0.63640255,-0.40290555,-0.020386573,0.8894349,0.0,0.0,0
175719209,0.55032164,-0.39070705,0.024719995,0.8894349,0.0,0.0,0
175744125,0.492121,-0.38674307,0.050092664,0.8894349,0.0,0.0,0
175759097,0.47485727,-0.40081322,0.054353233,0.8894349,0.0,0.0,0
175779098,0.43605345,-0.4173596,0.07567752,0.8894349,0.0,0.0,0
175799013,0.43804803,-0.41673437,0.06757789,0.8894349,0.0,0.0,0
175824004,0.5266097,-0.38093624,0.01932355,0.8894349,0.0,0.0,0
175839009,0.5909774,-0.35307753,-0.013590605,0.8894349,0.0,0.0,0
175858893,0.619621,-0.32899323,-0.031058595,0.8894349,0.0,0.0,0
175883827,0.5885059,-0.32709458,-0.024231777,0.8894349,0.0,0.0,0
175898813,0.5539977,-0.34160778,-0.009783976,0.8894349,0.0,0.0,0
175918817,0.49312875,-0.3726122,0.026525846,0.8894349,0.0,0.0,0
175938727,0.41278875,-0.3816234,0.066744186,0.8894349,0.0,0.0,0
175963663,0.3379297,-0.3732779,0.103536524,0.8894349,0.0,0.0,0
175978646,0.29605776,-0.38092163,0.115356095,0.8894349,0.0,0.0,0
175998601,0.277462,-0.40842375,0.12797122,0.8894349,0.0,0.0,0
176023578,0.23262714,-0.43450782,0.15238534,0.8894349,0.0,0.0,0
176038594,0.2456089,-0.43617645,0.14426401,0.8894349,0.0,0.0,0
176058471,0.32828668,-0.41344023,0.10153898,0.8894349,0.0,0.0,0
176083440,0.40585452,-0.37856176,0.05903298,0.8894349,0.0,0.0,0
176100919,0.4164903,-0.36579418,0.05424965,0.8894349,0.0,0.0,0
176118350,0.41282144,-0.36307633,0.05704529,0.8894349,0.0,0.0,0
176138294,0.35930377,-0.38165826,0.08748022,0.8894349,0.0,0.0,0
176163260,0.26026654,-0.40210778,0.14262927,0.8894349,0.0,0.0,0
176178216,0.21233328,-0.39571923,0.16900624,0.8894349,0.0,0.0,0
176198189,0.16645966,-0.38162592,0.18595053,0.8894349,0.0,0.0,0
176223173,0.15108332,-0.39629287,0.19560878,0.8894349,0.0,0.0,0
176243119,0.12503166,-0.42213657,0.20901106,0.8894349,0.0,0.0,0
176258048,0.10583266,-0.43097818,0.21949537,0.8894349,0.0,0.0,0
176283004,0.15136155,-0.4196083,0.19456202,0.8894349,0.0,0.0,0
176302951,0.21401425,-0.38864392,0.18258968,0.8894349,0.0,0.0,0
176317924,0.26365355,-0.37179166,0.15322526,0.8894349,0.0,0.0,0
176337878,0.27960712,-0.35560176,0.1411501,0.8894349,0.0,0.0,0
176362833,0.25509346,-0.3544293,0.15463826,0.8894349,0.0,0.0,0
176382786,0.19564784,-0.36892617,0.1931065,0.8894349,0.0,0.0,0
176397769,0.14018315,-0.36813435,0.20803867,0.8894349,0.0,0.0,0
176422750,0.07431971,-0.34207296,0.24895076,0.8894349,0.0,0.0,0
176442660,0.050390374,-0.32719594,0.26147273,0.8894349,0.0,0.0,0
176457642,0.04908762,-0.33449596,0.2618899,0.8894349,0.0,0.0,0
176482580,0.038531493,-0.3524516,0.26882532,0.8894349,0.0,0.0,0
176502585,0.05068717,-0.35248795,0.2567908,0.8894349,0.0,0.0,0
176522486,0.10758542,-0.33163252,0.22304057,0.8894349,0.0,0.0,0
176537462,0.16539674,-0.305766,0.19007243,0.8894349,0.0,0.0,0
176562417,0.22281548,-0.28566948,0.15372032,0.8894349,0.0,0.0,0
176582373,0.23274991,-0.27827597,0.14918649,0.8894349,0.0,0.0,0
176597335,0.21241741,-0.28447452,0.17483702,0.8894349,0.0,0.0,0
176622464,0.13413411,-0.30952066,0.21922494,0.8894349,0.0,0.0,0
176642274,0.06235686,-0.3133995,0.2608979,0.8894349,0.0,0.0,0
176662198,0.0066703325,-0.29970372,0.2921716,0.8894349,0.0,0.0,0
176677168,-0.0053889407,-0.3009969,0.2987693,0.8894349,0.0,0.0,0
176702116,0.00032917084,-0.33026087,0.28937957,0.8894349,0.0,0.0,0
176722071,-0.0087248515,-0.34727263,0.29585722,0.8894349,0.0,0.0,0
176737042,0.0016629952,-0.3481789,0.28894883,0.8894349,0.0,0.0,0
176761986,0.06935707,-0.31926122,0.24754065,0.8894349,0.0,0.0,0
176782015,0.1474648,-0.29526305,0.20247932,0.8894349,0.0,0.0,0
176801926,0.2150369,-0.28046513,0.1332253,0.8894349,0.0,0.0,0
176822001,0.21971433,-0.2716306,0.13152927,0.8894349,0.0,0.0,0
176841825,0.1825853,-0.28168616,0.14958598,0.8894349,0.0,0.0,0
176861784,0.11980574,-0.30048248,0.18482412,0.8894349,0.0,0.0,0
176876761,0.078909725,-0.3031105,0.2061579,0.8894349,0.0,0.0,0
176901699,0.013537878,-0.29823875,0.25614434,0.8894349,0.0,0.0,0
176921655,-0.00854965,-0.32292086,0.26890287,0.8894349,0.0,0.0,0
176941616,-0.021827633,-0.36799085,0.27887052,0.8894349,0.0,0.0,0
176961570,-0.041934267,-0.40306515,0.29425716,0.8894349,0.0,0.0,0
176981539,-0.025556909,-0.41974255,0.28538895,0.8894349,0.0,0.0,0
177001525,0.02128681,-0.41094363,0.292558,0.8894349,0.0,0.0,0
177021556,0.08369372,-0.41114378,0.25607687,0.8894349,0.0,0.0,0
177041435,0.12209042,-0.4097338,0.23966523,0.8894349,0.0,0.0,0
177061362,0.14812852,-0.41689727,0.2344768,0.8894349,0.0,0.0,0
177081316,0.105198696,-0.43346748,0.2679676,0.8894349,0.0,0.0,0
177101278,0.03422453,-0.43631274,0.31098616,0.8894349,0.0,0.0,0
177121257,-0.020039558,-0.4096814,0.3409555,0.8894349,0.0,0.0,0
177141205,-0.034938,-0.38165417,0.34996173,0.8894349,0.0,0.0,0
177161153,-0.03290033,-0.3770168,0.35368976,0.8894349,0.0,0.0,0
177181141,-0.036077153,-0.38661227,0.35895783,0.8894349,0.0,0.0,0
177201081,-0.045717094,-0.38034776,0.2925721,0.8894349,0.0,0.0,0
177221103,0.036721867,-0.36599892,0.27863204,0.8894349,0.0,0.0,0
177240986,0.09239961,-0.32438523,0.24789956,0.8894349,0.0,0.0,0
177260945,0.17442441,-0.30182475,0.22100769,0.8894349,0.0,0.0,0
177280897,0.23088555,-0.2895866,0.20692687,0.8894349,0.0,0.0,0
177300857,0.29480028,-0.2927053,0.32098237,0.8894349,0.0,0.0,0
177320817,0.19207923,-0.2918919,0.35994914,0.8894349,0.0,0.0,0
177340810,0.16660461,-0.29780835,0.40926528,0.8894349,0.0,0.0,0
177360738,0.13458458,-0.28477296,0.44390848,0.8894349,0.0,0.0,0
177380691,0.109924026,-0.2794414,0.4582189,0.8894349,0.0,0.0,0
177400679,0.08884672,-0.29446015,0.46442294,0.8894349,0.0,0.0,0
177420667,0.057494946,-0.30758333,0.47621188,0.8894349,0.0,0.0,0
177440579,0.036679734,-0.3010859,0.48152298,0.8894349,0.0,0.0,0
177460524,0.060656965,-0.27253926,0.4588143,0.8894349,0.0,0.0,0
177480512,0.12462235,-0.23633108,0.418266,0.8894349,0.0,0.0,0
177500436,0.17569804,-0.20854086,0.23016882,0.8894349,0.0,0.0,0
177520393,0.25539285,-0.21236487,0.21804054,0.8894349,0.0,0.0,0
177540363,0.22114812,-0.19942975,0.22997609,0.8894349,0.0,0.0,0
177560311,0.13434103,-0.19830343,0.2613446,0.8894349,0.0,0.0,0
177580269,0.06022946,-0.19339415,0.2924807,0.8894349,0.0,0.0,0
177600309,0.012522464,-0.18466353,0.36313128,0.8894349,0.0,0.0,0
177620285,-0.026207179,-0.18469252,0.3734846,0.8894349,0.0,0.0,0
177640192,-0.03648473,-0.22848476,0.38330683,0.8894349,0.0,0.0,0
177660202,-0.08187825,-0.27223408,0.40170684,0.8894349,0.0,0.0,0
177680071,-0.107730314,-0.30178407,0.4080858,0.8894349,0.0,0.0,0
177700021,-0.06759246,-0.32189056,0.37741756,0.8894349,0.0,0.0,0
177719978,0.008442426,-0.3377224,0.34214634,0.8894349,0.0,0.0,0
177739944,0.053369742,-0.35094982,0.3217906,0.8894349,0.0,0.0,0
177759928,0.0377519,-0.36454272,0.32500437,0.8894349,0.0,0.0,0
177779853,-0.036760636,-0.38466072,0.35553345,0.8894349,0.0,0.0,0
177799882,-0.14628291,-0.40542933,0.5029773,0.8894349,0.0,0.0,0
177819784,-0.27071536,-0.3779594,0.5083576,0.8894349,0.0,0.0,0
177839737,-0.3135703,-0.36854154,0.50766903,0.8894349,0.0,0.0,0
177859693,-0.34063762,-0.3743994,0.5028036,0.8894349,0.0,0.0,0
177879657,-0.36116117,-0.3982154,0.49927774,0.8894349,0.0,0.0,0
177899630,-0.362457,-0.4144957,0.5140876,0.8894349,0.0,0.0,0
177924561,-0.35738477,-0.3972143,0.50246614,0.8894349,0.0,0.0,0
177939525,-0.30473697,-0.371301,0.4896963,0.8894349,0.0,0.0,0
177959482,-0.23877633,-0.33167744,0.46695498,0.8894349,0.0,0.0,0
177979436,-0.19250593,-0.30409256,0.450122,0.8894349,0.0,0.0,0
177999446,-0.19932765,-0.28170052,0.32946014,0.8894349,0.0,0.0,0
178019354,-0.1769369,-0.3071068,0.3332146,0.8894349,0.0,0.0,0
178039326,-0.22044453,-0.30855075,0.33982942,0.8894349,0.0,0.0,0
178064257,-0.25900534,-0.28916287,0.34176278,0.8894349,0.0,0.0,0
178079252,-0.28108624,-0.28120717,0.3378896,0.8894349,0.0,0.0,0
178099205,-0.28887382,-0.2937954,0.36214635,0.8894349,0.0,0.0,0
178119165,-0.29962838,-0.32260695,0.3692957,0.8894349,0.0,0.0,0
178139125,-0.31112528,-0.35166183,0.3768901,0.8894349,0.0,0.0,0
178159101,-0.29556775,-0.3616985,0.37616622,0.8894349,0.0,0.0,0
178179029,-0.24751882,-0.35225445,0.36631587,0.8894349,0.0,0.0,0
178204098,-0.1824324,-0.3590582,0.33266598,0.8894349,0.0,0.0,0
178218936,-0.16139129,-0.3627928,0.32977587,0.8894349,0.0,0.0,0
178238909,-0.15723732,-0.3789543,0.33151096,0.8894349,0.0,0.0,0
178263841,-0.21211772,-0.42022288,0.34516862,0.8894349,0.0,0.0,0
178278810,-0.25282556,-0.43827653,0.35072073,0.8894349,0.0,0.0,0
178298813,-0.2874999,-0.4464326,0.46776578,0.8894349,0.0,0.0,0
178318756,-0.3658364,-0.41845435,0.4683319,0.8894349,0.0,0.0,0
178343685,-0.38137418,-0.45607552,0.46933725,0.8894349,0.0,0.0,0
178358674,-0.3844663,-0.4839218,0.47441897,0.8894349,0.0,0.0,0
178378593,-0.39935398,-0.49919263,0.4799932,0.8894349,0.0,0.0,0
178403657,-0.49274504,-0.41971922,0.6731163,0.8894349,0.0,0.0,0
178418513,-0.44155252,-0.40137148,0.664219,0.8894349,0.0,0.0,0
178438478,-0.3896724,-0.37672937,0.65551186,0.8894349,0.0,0.0,0
178463464,-0.35266906,-0.3555161,0.64990973,0.8894349,0.0,0.0,0
178483377,-0.3578152,-0.35203418,0.6451536,0.8894349,0.0,0.0,0
178498343,-0.39150986,-0.35805792,0.33080062,0.8894349,0.0,0.0,0
178518312,-0.26798958,-0.43300107,0.33067372,0.8894349,0.0,0.0,0
178543255,-0.31143925,-0.40501115,0.3283166,0.8894349,0.0,0.0,0
178558237,-0.31891498,-0.39271498,0.3303744,0.8894349,0.0,0.0,0
178578226,-0.32644662,-0.3991949,0.32991827,0.8894349,0.0,0.0,0
178603234,-0.38822043,-0.39082435,0.41572252,0.8894349,0.0,0.0,0
178623088,-0.40638414,-0.3889739,0.40750632,0.8894349,0.0,0.0,0
178638061,-0.368649,-0.37659425,0.39928606,0.8894349,0.0,0.0,0
178663002,-0.28933278,-0.3443254,0.3707242,0.8894349,0.0,0.0,0
178682967,-0.25079548,-0.32039657,0.35846004,0.8894349,0.0,0.0,0
178697935,-0.2615081,-0.30363107,0.25085872,0.8894349,0.0,0.0,0
178717885,-0.30660507,-0.31768063,0.23370637,0.8894349,0.0,0.0,0
178742881,-0.41750908,-0.31501165,0.24151464,0.8894349,0.0,0.0,0
178762801,-0.48417532,-0.29759172,0.24701905,0.8894349,0.0,0.0,0
178777774,-0.52992725,-0.28028536,0.24628754,0.8894349,0.0,0.0,0
178802776,-0.5904191,-0.26632214,0.29155976,0.8894349,0.0,0.0,0
178822686,-0.6027366,-0.29721692,0.29192808,0.8894349,0.0,0.0,0
178837645,-0.5916096,-0.3256987,0.2976796,0.8894349,0.0,0.0,0
178862604,-0.5658052,-0.34809732,0.29587033,0.8894349,0.0,0.0,0
178882567,-0.48706827,-0.34622696,0.28233516,0.8894349,0.0,0.0,0
178902521,-0.3943054,-0.35031947,0.2421101,0.8894349,0.0,0.0,0
178917469,-0.34686908,-0.34970617,0.23449011,0.8894349,0.0,0.0,0
178942434,-0.3375082,-0.3520731,0.23344094,0.8894349,0.0,0.0,0
178962382,-0.3834043,-0.3677526,0.24376732,0.8894349,0.0,0.0,0
178977357,-0.45647186,-0.3865446,0.24261914,0.8894349,0.0,0.0,0
179002342,-0.54402405,-0.39118016,0.23863812,0.8894349,0.0,0.0,0
179022255,-0.61250514,-0.3965801,0.2093658,0.8894349,0.0,0.0,0
179042215,-0.6935511,-0.41389084,0.17329629,0.8894349,0.0,0.0,0
179057172,-0.6635791,-0.4506294,0.17827928,0.8894349,0.0,0.0,0
179082130,-0.9173777,-0.49607134,0.23456255,0.8894349,0.0,0.0,0
179102086,-0.997047,-0.44266078,0.33772573,0.8894349,0.0,0.0,0
179117047,-1.1366597,-0.39857462,0.45063058,0.8894349,0.0,0.0,0
179142035,-1.0522112,-0.38536727,0.434601,0.8894349,0.0,0.0,0
179161963,-0.99215764,-0.3894482,0.42482758,0.8894349,0.0,0.0,0
179181968,-0.9658353,-0.4044713,0.42119652,0.8894349,0.0,0.0,0
179201884,-0.8954839,-0.46049482,0.27264267,0.8894349,0.0,0.0,0
179221829,-0.91193914,-0.48455417,0.2788209,0.8894349,0.0,0.0,0
179241795,-0.9251705,-0.48203212,0.28126702,0.8894349,0.0,0.0,0
179256761,-0.92723656,-0.47718,0.28107598,0.8894349,0.0,0.0,0
179281764,-0.9110738,-0.49371266,0.27973437,0.8894349,0.0,0.0,0
179301668,-0.88341767,-0.51654553,0.2958367,0.8894349,0.0,0.0,0
179321626,-0.8899188,-0.5270472,0.29825455,0.8894349,0.0,0.0,0
179341585,-0.8664552,-0.51081973,0.2917274,0.8894349,0.0,0.0,0
179361542,-0.81289464,-0.4803127,0.27831936,0.8894349,0.0,0.0,0
179381537,-0.7670585,-0.46171242,0.26829475,0.8894349,0.0,0.0,0
179401465,-0.7035394,-0.45685273,0.21474616,0.8894349,0.0,0.0,0
179421446,-0.699078,-0.4587832,0.21232042,0.8894349,0.0,0.0,0
179441370,-0.74459386,-0.47204152,0.22500624,0.8894349,0.0,0.0,0
179461326,-0.78137165,-0.47557446,0.23252134,0.8894349,0.0,0.0,0
179481285,-0.80539775,-0.45707503,0.23556556,0.8894349,0.0,0.0,0
179501242,-0.8228804,-0.43772194,0.2714808,0.8894349,0.0,0.0,0
179521207,-0.7988181,-0.44956478,0.2678709,0.8894349,0.0,0.0,0
179541161,-0.7517368,-0.47478813,0.26032293,0.8894349,0.0,0.0,0
179556167,-0.75674194,-0.47955844,0.26154408,0.8894349,0.0,0.0,0
179578648,-0.72154474,-0.46551856,0.25122595,0.8894349,0.0,0.0,0
179601043,-0.60273135,-0.43669793,0.16894323,0.8894349,0.0,0.0,0
179620997,-0.51919585,-0.41393453,0.121125765,0.8894349,0.0,0.0,0
179640969,-0.47764483,-0.39194885,0.09955505,0.8894349,0.0,0.0,0
179660911,-0.51054794,-0.38674557,0.1194186,0.8894349,0.0,0.0,0
179680873,-0.58938575,-0.38980973,0.16840762,0.8894349,0.0,0.0,0
179700843,-0.64785373,-0.38083112,0.16983937,0.8894349,0.0,0.0,0
179720819,-0.6723113,-0.35625455,0.18853003,0.8894349,0.0,0.0,0
179740746,-0.68110514,-0.34327143,0.19192219,0.8894349,0.0,0.0,0
179760702,-0.6557842,-0.3582472,0.17859899,0.8894349,0.0,0.0,0
179780831,-0.62330383,-0.38187656,0.16379577,0.8894349,0.0,0.0,0
179800617,-0.5948716,-0.38928157,0.1617041,0.8894349,0.0,0.0,0
179820588,-0.5277252,-0.3717288,0.118115485,0.8894349,0.0,0.0,0
179840544,-0.4136339,-0.35233486,0.052891195,0.8894349,0.0,0.0,0
179860549,-0.324194,-0.3335556,0.002805237,0.8894349,0.0,0.0,0
179880453,-0.29324728,-0.3176424,-0.011838648,0.8894349,0.0,0.0,0
179900406,-0.3304066,-0.325533,0.012169497,0.8894349,0.0,0.0,0
179920372,-0.4075225,-0.3438212,0.062374562,0.8894349,0.0,0.0,0
179940326,-0.45361614,-0.3441149,0.09182997,0.8894349,0.0,0.0,0
179960301,-0.49164262,-0.32882532,0.1185109,0.8894349,0.0,0.0,0
179980421,-0.5165339,-0.32753274,0.13094018,0.8894349,0.0,0.0,0
180000235,-0.4983439,-0.34936258,0.07641195,0.8894349,0.0,0.0,0
180025155,-0.45073164,-0.3757736,0.06300155,0.8894349,0.0,0.0,0
180040159,-0.42205828,-0.3729152,0.04944364,0.8894349,0.0,0.0,0
180060108,-0.34013933,-0.34446058,0.012422522,0.8894349,0.0,0.0,0
180080039,-0.2570078,-0.31996965,-0.02772123,0.8894349,0.0,0.0,0
180099994,-0.19059232,-0.30062795,-0.08507705,0.88697785,0.0,0.0,0
180119986,-0.1735637,-0.29258254,-0.08960954,0.8845209,0.0,0.0,0
180139910,-0.1907867,-0.3104198,-0.077442564,0.8832923,0.0,0.0,0
180159878,-0.2425413,-0.33615866,-0.04459544,0.87960684,0.0,0.0,0
180179942,-0.29027274,-0.33800197,-0.014484801,0.87469286,0.0,0.0,0
180199788,-0.32235253,-0.32811353,0.003420191,0.87469286,0.0,0.0,0
180219785,-0.3259564,-0.33231163,0.0049221227,0.87469286,0.0,0.0,0
180239708,-0.30512154,-0.350516,-0.005070324,0.8710073,0.0,0.0,0
180259696,-0.30320576,-0.36424088,-0.005330091,0.8710073,0.0,0.0,0
180279619,-0.28650334,-0.35661948,-0.0141992215,0.8710073,0.0,0.0,0
180304574,-0.21107486,-0.31462502,-0.05019163,0.86855036,0.0,0.0,0
180319533,-0.15729585,-0.29840317,-0.07451449,0.86609334,0.0,0.0,0
180339500,-0.10145862,-0.28127757,-0.09988745,0.8648648,0.0,0.0,0
180359460,-0.09251562,-0.27856916,-0.10280609,0.8636364,0.0,0.0,0
180379498,-0.11779095,-0.30059728,-0.09131526,0.8624078,0.0,0.0,0
180399416,-0.16695742,-0.33444428,-0.07801095,0.8624078,0.0,0.0,0
180419326,-0.20069191,-0.3484489,-0.058729645,0.8624078,0.0,0.0,0
180444261,-0.23609346,-0.3554193,-0.040688835,0.8624078,0.0,0.0,0
180459275,-0.2465069,-0.37452558,-0.035990376,0.8624078,0.0,0.0,0
180479235,-0.24087939,-0.4144897,-0.03927218,0.8624078,0.0,0.0,0
180499179,-0.24288136,-0.44934326,-0.03206181,0.8624078,0.0,0.0,0
180519143,-0.23859544,-0.46205875,-0.036362916,0.86117935,0.0,0.0,0
180539137,-0.19003409,-0.4418865,-0.05985527,0.86117935,0.0,0.0,0
180559041,-0.12360557,-0.42338276,-0.09042885,0.86117935,0.0,0.0,0
180583970,-0.07825334,-0.41361216,-0.11048383,0.86117935,0.0,0.0,0
180598970,-0.08660942,-0.41952884,-0.11947407,0.86117935,0.0,0.0,0
180618917,-0.11665373,-0.4468657,-0.100835934,0.86117935,0.0,0.0,0
180643850,-0.20039287,-0.48636857,-0.058188032,0.86117935,0.0,0.0,0
180658827,-0.24451575,-0.4893467,-0.035340767,0.8587223,0.0,0.0,0
180678823,-0.2889297,-0.47752473,-0.012836706,0.8587223,0.0,0.0,0
180698746,-0.3116559,-0.47558632,-0.0017495416,0.8587223,0.0,0.0,0
180723684,-0.3138892,-0.5055824,-0.00040313526,0.8587223,0.0,0.0,0
180738670,-0.31251946,-0.5263882,-0.0007522164,0.8587223,0.0,0.0,0
180758674,-0.31042817,-0.5357463,-0.0030581844,0.8587223,0.0,0.0,0
180783559,-0.23321865,-0.5074046,-0.045230895,0.8587223,0.0,0.0,0
180798532,-0.17433159,-0.48247468,-0.107100025,0.8587223,0.0,0.0,0
180818477,-0.08946262,-0.44899154,-0.15101491,0.8587223,0.0,0.0,0
180843452,-0.059319023,-0.42947194,-0.16810565,0.8587223,0.0,0.0,0
180863388,-0.03162613,-0.43435583,-0.14960745,0.8587223,0.0,0.0,0
180878359,-0.0140413465,-0.4440388,-0.12543775,0.8587223,0.0,0.0,0
180898312,0.00088587124,-0.43712214,-0.08136559,0.8587223,0.0,0.0,0
180923273,0.03435533,-0.401138,-0.04447366,0.8587223,0.0,0.0,0
180938235,0.014254842,-0.3855375,-0.041718666,0.8587223,0.0,0.0,0
180958245,0.06161605,-0.38323122,-0.009447191,0.8587223,0.0,0.0,0
180983156,0.11857624,-0.3848319,-0.04123426,0.8574939,0.0,0.0,0
181003103,0.13028666,-0.37041968,-0.038483053,0.8574939,0.0,0.0,0
181018064,0.19270933,-0.33968535,-0.055148736,0.8587223,0.0,0.0,0
181043013,0.30304325,-0.28363994,-0.07777856,0.8574939,0.0,0.0,0
181062974,0.40416014,-0.24634561,-0.10810808,0.8574939,0.0,0.0,0
181077944,0.46306938,-0.22371271,-0.12883778,0.8574939,0.0,0.0,0
181097896,0.4211505,-0.2181726,-0.11518081,0.8574939,0.0,0.0,0
181122850,0.32379755,-0.2410144,-0.06943268,0.8574939,0.0,0.0,0
181142823,0.24335884,-0.25240958,-0.035224553,0.8574939,0.0,0.0,0
181157825,0.19510998,-0.24798049,-0.010086197,0.8574939,0.0,0.0,0
181182721,0.13167739,-0.25067335,0.014770627,0.8574939,0.0,0.0,0
181202700,0.113862164,-0.2782624,0.01829868,0.8574939,0.0,0.0,0
181217648,0.09927573,-0.30381313,0.018798692,0.8562653,0.0,0.0,0
181242638,0.111589454,-0.32958356,0.003791194,0.8562653,0.0,0.0,0
181262559,0.16479719,-0.31614447,-0.038963087,0.8574939,0.0,0.0,0
181282503,0.2558273,-0.28411347,-0.082599714,0.8574939,0.0,0.0,0
181297481,0.29755706,-0.26234835,-0.06781206,0.8574939,0.0,0.0,0
181322424,0.31601948,-0.2364263,-0.06894509,0.8574939,0.0,0.0,0
181342418,0.26994175,-0.23176631,-0.06062354,0.8562653,0.0,0.0,0
181357393,0.2249706,-0.24094015,-0.0568302,0.8562653,0.0,0.0,0
181382344,0.1362537,-0.25461468,-0.018395353,0.8562653,0.0,0.0,0
181402251,0.079833336,-0.2432253,0.015372356,0.8562653,0.0,0.0,0
181422211,0.04101947,-0.23721692,0.035629906,0.8562653,0.0,0.0,0
181437182,0.07684405,-0.25177664,0.041788816,0.8574939,0.0,0.0,0
181462134,0.07076543,-0.29638433,0.045568332,0.8574939,0.0,0.0,0
181482092,0.06228411,-0.3209499,0.049853947,0.8562653,0.0,0.0,0
181497059,0.08066753,-0.32019216,0.03067815,0.8562653,0.0,0.0,0
181522041,0.176288,-0.2919719,-0.017867131,0.8562653,0.0,0.0,0
181541976,0.23964298,-0.27188712,-0.04930053,0.8574939,0.0,0.0,0
181562040,0.27234063,-0.26093775,-0.063138835,0.8562653,0.0,0.0,0
181581891,0.27284843,-0.26429504,-0.06235292,0.8562653,0.0,0.0,0
181601847,0.23575716,-0.28795087,-0.047380563,0.8562653,0.0,0.0,0
181621803,0.17233247,-0.3084455,-0.008520252,0.8562653,0.0,0.0,0
181636767,0.12417131,-0.30655184,0.018577501,0.8562653,0.0,0.0,0
181661748,0.08018012,-0.28725475,0.048134807,0.8574939,0.0,0.0,0
181681676,0.0807841,-0.2916569,0.05248738,0.8562653,0.0,0.0,0
181701634,0.078400895,-0.31126025,0.048692152,0.8562653,0.0,0.0,0
181721589,0.06605603,-0.32502905,0.05787455,0.8562653,0.0,0.0,0
181741559,0.086680844,-0.31942576,0.045794155,0.8562653,0.0,0.0,0
181761590,0.15451191,-0.28801596,0.010359133,0.8574939,0.0,0.0,0
181781463,0.22454616,-0.2599513,-0.024632042,0.8574939,0.0,0.0,0
181801428,0.2559131,-0.24482898,-0.037443284,0.8562653,0.0,0.0,0
181821378,0.25848466,-0.2459421,-0.038184732,0.8574939,0.0,0.0,0
181841341,0.23836342,-0.26845193,-0.02847091,0.8562653,0.0,0.0,0
181861331,0.1871491,-0.29649693,-0.0032720515,0.8562653,0.0,0.0,0
181881249,0.14952068,-0.30540395,0.021965737,0.8574939,0.0,0.0,0
181901214,0.12314715,-0.30196238,0.056767385,0.8574939,0.0,0.0,0
181921167,0.13242927,-0.31654444,0.0675135,0.8562653,0.0,0.0,0
181941140,0.1487101,-0.35015282,0.06977302,0.8562653,0.0,0.0,0
181961221,0.12863295,-0.38025892,0.08283078,0.8562653,0.0,0.0,0
181981044,0.1328515,-0.3892736,0.07642325,0.8562653,0.0,0.0,0
182000999,0.19772077,-0.36352918,0.027682168,0.8562653,0.0,0.0,0
182020961,0.27472508,-0.32799664,-0.012205345,0.8562653,0.0,0.0,0
182040914,0.31959844,-0.3000958,-0.035506517,0.8562653,0.0,0.0,0
182060871,0.31563103,-0.28700605,-0.031895906,0.8574939,0.0,0.0,0
182080836,0.28540227,-0.29438114,-0.015193153,0.8562653,0.0,0.0,0
182100798,0.2291196,-0.31265125,0.014191742,0.8562653,0.0,0.0,0
182120761,0.15937029,-0.31058177,0.044716477,0.8562653,0.0,0.0,0
182140724,0.1066162,-0.29488716,0.07054172,0.8562653,0.0,0.0,0
182160707,0.07789855,-0.29156646,0.08436612,0.8562653,0.0,0.0,0
182180629,0.07441048,-0.31780267,0.08673745,0.8574939,0.0,0.0,0
182200597,0.049312204,-0.34921986,0.11316274,0.8562653,0.0,0.0,0
182220579,0.039547153,-0.3638435,0.11704587,0.8562653,0.0,0.0,0
182240523,0.092064954,-0.3548835,0.08547741,0.8562653,0.0,0.0,0
182260464,0.13943826,-0.33428636,0.050259344,0.8562653,0.0,0.0,0
182280413,0.17967646,-0.32060367,0.025562733,0.8562653,0.0,0.0,0
182300377,0.20027295,-0.3104332,0.013592372,0.8562653,0.0,0.0,0
182320330,0.17933714,-0.31756088,0.026353339,0.8562653,0.0,0.0,0
182340337,0.119145066,-0.33752465,0.06035028,0.8562653,0.0,0.0,0
182360332,0.044125464,-0.3417362,0.095854774,0.8562653,0.0,0.0,0
182380237,-0.009735384,-0.324115,0.12200454,0.8562653,0.0,0.0,0
182400212,-0.03483163,-0.31103963,0.121429116,0.8562653,0.0,0.0,0
182420158,-0.026734058,-0.32481882,0.12241284,0.8562653,0.0,0.0,0
182440103,-0.015998516,-0.34921047,0.12270047,0.8562653,0.0,0.0,0
182460039,-0.015184503,-0.366345,0.1249485,0.8562653,0.0,0.0,0
182480004,0.020659754,-0.36095554,0.1057744,0.8562653,0.0,0.0,0
182499996,0.08630371,-0.33953616,0.0646929,0.8562653,0.0,0.0,0
182519917,0.15363485,-0.32247087,0.03727233,0.8562653,0.0,0.0,0
182539913,0.17854738,-0.31529534,0.024348347,0.8562653,0.0,0.0,0
182559836,0.14220712,-0.32726842,0.041902144,0.8562653,0.0,0.0,0
182579789,0.09403688,-0.3541094,0.07446837,0.8562653,0.0,0.0,0
182599750,0.028935809,-0.37811503,0.1301672,0.8562653,0.0,0.0,0
182619714,-0.048601646,-0.3761951,0.16492568,0.8562653,0.0,0.0,0
182639721,-0.08437469,-0.37371328,0.16891284,0.8562653,0.0,0.0,0
182659627,-0.09806546,-0.39629602,0.16931926,0.8562653,0.0,0.0,0
182684572,-0.104674295,-0.44007182,0.17331928,0.8562653,0.0,0.0,0
182699540,-0.11306157,-0.4565922,0.19804856,0.8562653,0.0,0.0,0
182719505,-0.096659444,-0.45632342,0.18960871,0.8562653,0.0,0.0,0
182739505,-0.017884336,-0.43473357,0.15055922,0.8562653,0.0,0.0,0
182759414,0.064341195,-0.4080923,0.105225205,0.8562653,0.0,0.0,0
182779463,0.10613572,-0.3855064,0.08046323,0.8562653,0.0,0.0,0
182799325,0.10708851,-0.37263143,0.06346814,0.8562653,0.0,0.0,0
182824280,0.06452964,-0.3757931,0.08947654,0.8562653,0.0,0.0,0
182839265,0.017019808,-0.3765273,0.113354646,0.8562653,0.0,0.0,0
182859226,-0.039442223,-0.35793322,0.14085309,0.8562653,0.0,0.0,0
182879188,-0.06955722,-0.3346197,0.14538862,0.8562653,0.0,0.0,0
182899143,-0.07289566,-0.33768898,0.17972594,0.8562653,0.0,0.0,0
182919102,-0.08157879,-0.36086282,0.18023281,0.8562653,0.0,0.0,0
182939079,-0.08487293,-0.386967,0.18197839,0.8562653,0.0,0.0,0
182963981,-0.042649247,-0.39008602,0.16418219,0.8562653,0.0,0.0,0
182978954,0.018679261,-0.37227085,0.12767586,0.8562653,0.0,0.0,0
182998916,0.10510162,-0.3497651,0.065720156,0.8562653,0.0,0.0,0
183023858,0.19436003,-0.3270505,0.03686317,0.8562653,0.0,0.0,0
183038851,0.2249412,-0.31996682,0.031846624,0.8562653,0.0,0.0,0
183058799,0.21295346,-0.32899004,0.038356576,0.8562653,0.0,0.0,0
183078805,0.196642,-0.35091287,0.06418399,0.8562653,0.0,0.0,0
183103697,0.1490685,-0.35722408,0.110684335,0.8562653,0.0,0.0,0
183118694,0.12175578,-0.3514998,0.12625387,0.8562653,0.0,0.0,0
183138784,0.10514097,-0.35740647,0.13845767,0.8562653,0.0,0.0,0
183163571,0.095950924,-0.3925893,0.14730147,0.8562653,0.0,0.0,0
183178532,0.07737144,-0.41150773,0.1586962,0.8562653,0.0,0.0,0
183198499,0.07002385,-0.4153975,0.1311124,0.8562653,0.0,0.0,0
183223439,0.14412336,-0.38584438,0.09921672,0.85380834,0.0,0.0,0
183243403,0.19926973,-0.35750753,0.07143013,0.85380834,0.0,0.0,0
183258361,0.22432142,-0.34148562,0.059257362,0.8513513,0.0,0.0,0
183278334,0.24633782,-0.3284523,0.051025372,0.8501228,0.0,0.0,0
183303269,0.20463552,-0.33998117,0.080664404,0.8501228,0.0,0.0,0
183318271,0.1625967,-0.35785827,0.105509676,0.8501228,0.0,0.0,0
183338353,0.09635293,-0.36799118,0.13992442,0.8501228,0.0,0.0,0
183363148,0.031652134,-0.3520845,0.16730884,0.8501228,0.0,0.0,0
183383103,0.016213961,-0.34898585,0.17528954,0.8501228,0.0,0.0,0
183398070,0.017071204,-0.36412507,0.17484738,0.8501228,0.0,0.0,0
183423033,0.008461651,-0.3914201,0.1811377,0.8501228,0.0,0.0,0
183442985,-0.004123668,-0.39291692,0.18174224,0.8501228,0.0,0.0,0
183457946,0.02712139,-0.37804386,0.16253719,0.8501228,0.0,0.0,0
183477933,0.08317116,-0.34392563,0.12762947,0.8501228,0.0,0.0,0
183502890,0.1410954,-0.31289977,0.09179553,0.8501228,0.0,0.0,0
183522823,0.1641144,-0.2992851,0.08217529,0.8501228,0.0,0.0,0
183537881,0.15032007,-0.29891768,0.090408534,0.8501228,0.0,0.0,0
183562738,0.09039607,-0.31789723,0.1241071,0.8501228,0.0,0.0,0
183582696,0.028014988,-0.32790124,0.15797123,0.8501228,0.0,0.0,0
183597656,-0.009251507,-0.32076916,0.21928033,0.8501228,0.0,0.0,0
183622649,-0.0612483,-0.30598167,0.2402402,0.8501228,0.0,0.0,0
183642567,-0.06778574,-0.32577533,0.24014822,0.8501228,0.0,0.0,0
183662531,-0.0694497,-0.3523935,0.2385547,0.84889436,0.0,0.0,0
183677479,-0.08087745,-0.3613827,0.2434015,0.84889436,0.0,0.0,0
183702450,-0.03023961,-0.35071468,0.1811076,0.84889436,0.0,0.0,0
183722432,0.0336597,-0.31351227,0.14445674,0.84889436,0.0,0.0,0
183737433,0.08281228,-0.2891065,0.116515286,0.84889436,0.0,0.0,0
183762371,0.10838341,-0.25521293,0.08609573,0.84643734,0.0,0.0,0
183782267,0.08857594,-0.24266855,0.09338247,0.84643734,0.0,0.0,0
183802226,0.039289597,-0.2484252,0.10689378,0.84643734,0.0,0.0,0
183817190,-0.012212518,-0.25429413,0.13298535,0.84643734,0.0,0.0,0
183842148,-0.07758137,-0.24581046,0.1492673,0.84643734,0.0,0.0,0
183862099,-0.1061023,-0.23667195,0.14866765,0.8452088,0.0,0.0,0
183877062,-0.12925579,-0.24702916,0.14350094,0.8452088,0.0,0.0,0
183902058,-0.14625639,-0.2966957,0.12347522,0.8439803,0.0,0.0,0
183922014,-0.15211627,-0.33388224,0.12777266,0.8439803,0.0,0.0,0
183941940,-0.1432156,-0.35485145,0.11811495,0.8415233,0.0,0.0,0
183961893,-0.08448163,-0.35348606,0.10949026,0.84029484,0.0,0.0,0
183981848,-0.028326055,-0.35060686,0.09734065,0.84029484,0.0,0.0,0
184001819,0.01415602,-0.35444868,0.085984685,0.8415233,0.0,0.0,0
184016787,0.033048436,-0.3663605,0.077006854,0.8415233,0.0,0.0,0
184041761,0.002298002,-0.40037504,0.095306106,0.84029484,0.0,0.0,0
184061679,-0.04883201,-0.43428174,0.119487725,0.84029484,0.0,0.0,0
184081650,-0.09045493,-0.44403312,0.127296,0.84029484,0.0,0.0,0
184101591,-0.12841214,-0.4339287,0.14081378,0.84029484,0.0,0.0,0
184121593,-0.15936731,-0.43244466,0.13334876,0.84029484,0.0,0.0,0
184141511,-0.15484801,-0.4524993,0.1340073,0.84029484,0.0,0.0,0
184161482,-0.15414111,-0.47936603,0.13580345,0.84029484,0.0,0.0,0
184176476,-0.1624957,-0.48683843,0.13454708,0.84029484,0.0,0.0,0
184198943,-0.10999724,-0.47456524,0.10485427,0.84029484,0.0,0.0,0
184221344,-0.062181357,-0.4284917,0.07973621,0.84029484,0.0,0.0,0
184241307,-0.020925002,-0.396245,0.07144105,0.84029484,0.0,0.0,0
184261266,0.0037153552,-0.37795034,0.05888589,0.84029484,0.0,0.0,0
184281220,0.005201644,-0.37209645,0.05897462,0.84029484,0.0,0.0,0
184301174,-0.029717129,-0.38323873,0.08861448,0.84029484,0.0,0.0,0
184321189,-0.08759227,-0.39472228,0.09698741,0.84029484,0.0,0.0,0
184341139,-0.12928191,-0.387138,0.10317929,0.8390663,0.0,0.0,0
184361065,-0.14322183,-0.381728,0.1082344,0.8390663,0.0,0.0,0
184381011,-0.14823289,-0.3973819,0.109986976,0.8390663,0.0,0.0,0
184400969,-0.14885555,-0.4264279,0.0930032,0.8378378,0.0,0.0,0
184420953,-0.14794448,-0.45092863,0.09627803,0.8378378,0.0,0.0,0
184440887,-0.120011374,-0.45593214,0.09151956,0.8378378,0.0,0.0,0
184460848,-0.07015778,-0.43997023,0.07889037,0.8378378,0.0,0.0,0
184480831,-0.017349662,-0.42664075,0.067514144,0.8378378,0.0,0.0,0
184500780,0.017494915,-0.42169765,0.06889435,0.8378378,0.0,0.0,0
184520884,0.005954514,-0.42822617,0.06932915,0.8378378,0.0,0.0,0
184540677,-0.048945323,-0.45162234,0.080866635,0.8378378,0.0,0.0,0
184560646,-0.11925564,-0.48246208,0.07887998,0.8378378,0.0,0.0,0
184580610,-0.17607105,-0.48897162,0.077285804,0.8378378,0.0,0.0,0
184600548,-0.19828399,-0.47254607,0.11249504,0.8378378,0.0,0.0,0
184620539,-0.23675841,-0.46453226,0.077543356,0.8378378,0.0,0.0,0
184640469,-0.23675972,-0.47906303,0.045505363,0.8366093,0.0,0.0,0
184660426,-0.21531485,-0.49763632,0.042965677,0.8366093,0.0,0.0,0
184680408,-0.2058535,-0.5018014,0.041412674,0.8366093,0.0,0.0,0
184700352,-0.15670596,-0.48252344,0.030285398,0.8366093,0.0,0.0,0
184720426,-0.0894723,-0.4515582,0.016167684,0.8366093,0.0,0.0,0
184740272,-0.039989084,-0.42972302,0.006874281,0.8353808,0.0,0.0,0
184760255,0.00022148594,-0.41580513,-3.6839236e-05,0.8353808,0.0,0.0,0
184780204,-0.022078162,-0.4104565,0.0036249482,0.8353808,0.0,0.0,0
184800170,-0.089731246,-0.41951355,0.01759452,0.83415234,0.0,0.0,0
184820144,-0.17884304,-0.42606875,0.040323887,0.83415234,0.0,0.0,0
184840048,-0.5304954,-0.40703768,0.11267166,0.8218673,0.0,0.0,0
184860013,-0.5566432,-0.3913632,0.12783177,0.8194103,0.0,0.0,0
184879987,-0.5679816,-0.40212867,0.13049555,0.81818175,0.0,0.0,0
184899943,-0.5562972,-0.43499395,0.17685404,0.8169533,0.0,0.0,0
184919974,-0.55470514,-0.46630463,0.16299178,0.8169533,0.0,0.0,0
184939845,-0.502724,-0.4824471,0.12546068,0.8169533,0.0,0.0,0
184959813,-0.40720704,-0.4765111,0.060104676,0.8144963,0.0,0.0,0
184979759,-0.31184617,-0.46041906,-0.002073687,0.8144963,0.0,0.0,0
184999721,-0.24935074,-0.44485065,-0.03055188,0.8144963,0.0,0.0,0
185019715,-0.22572799,-0.43502986,-0.041001804,0.8132678,0.0,0.0,0
185039637,-0.25604853,-0.4363863,-0.027813824,0.8132678,0.0,0.0,0
185064592,-0.32433608,-0.44959122,0.005421957,0.8132678,0.0,0.0,0
185079555,-0.36446336,-0.44355825,0.02492265,0.8132678,0.0,0.0,0
185099522,-0.41450238,-0.42217174,0.060895637,0.8132678,0.0,0.0,0
185119546,-0.4490414,-0.40892336,0.07710312,0.8132678,0.0,0.0,0
185139424,-0.44832814,-0.4248265,0.076096416,0.8132678,0.0,0.0,0
185159431,-0.4428724,-0.4587275,0.07252177,0.8132678,0.0,0.0,0
185179338,-0.43711215,-0.4856075,0.06987292,0.8132678,0.0,0.0,0
185204284,-0.36742464,-0.4811937,0.025799988,0.81203926,0.0,0.0,0
185219273,-0.30864966,-0.46067393,-0.005207624,0.81203926,0.0,0.0,0
185239240,-0.24629413,-0.43181637,-0.036649775,0.8108108,0.0,0.0,0
185259194,-0.20821843,-0.40738657,-0.05594854,0.8095823,0.0,0.0,0
185279156,-0.1910504,-0.39466858,-0.06378784,0.8083538,0.0,0.0,0
185299193,-0.20079112,-0.39693853,-0.06997829,0.8083538,0.0,0.0,0
185319088,-0.2328359,-0.4099032,-0.047337893,0.8083538,0.0,0.0,0
185343987,-0.2787231,-0.3968636,-0.020455284,0.8083538,0.0,0.0,0
185358978,-0.29593682,-0.37752506,-0.010984297,0.8083538,0.0,0.0,0
185378920,-0.30651355,-0.35878694,-0.0047873114,0.8083538,0.0,0.0,0
185403890,-0.3007008,-0.3606128,-0.0118182525,0.8083538,0.0,0.0,0
185418845,-0.28703663,-0.37135234,-0.026450993,0.8083538,0.0,0.0,0
185438824,-0.28643513,-0.37477875,-0.027040266,0.8083538,0.0,0.0,0
185458818,-0.23762946,-0.35235888,-0.07002747,0.8083538,0.0,0.0,0
185483694,-0.11529218,-0.29716298,-0.17775941,0.8083538,0.0,0.0,0
185498727,-0.05361495,-0.2693329,-0.11544178,0.8083538,0.0,0.0,0
185518672,-0.032216385,-0.25047597,-0.15029131,0.8083538,0.0,0.0,0
185543581,-0.030511975,-0.23115653,-0.14569284,0.8083538,0.0,0.0,0
185558544,-0.05621886,-0.23418246,-0.13166144,0.8083538,0.0,0.0,0
185578495,-0.11126671,-0.24808967,-0.103581704,0.8083538,0.0,0.0,0
185603478,-0.1835117,-0.2395748,-0.06396172,0.8083538,0.0,0.0,0
185623400,-0.22688505,-0.2264943,-0.041892875,0.8083538,0.0,0.0,0
185638373,-0.2509709,-0.22624002,-0.03251298,0.8083538,0.0,0.0,0
185658334,-0.24134816,-0.24845934,-0.038204882,0.8083538,0.0,0.0,0
185683279,-0.22228056,-0.2881599,-0.048074346,0.8083538,0.0,0.0,0
185698289,-0.20871061,-0.30565497,-0.05413361,0.80712533,0.0,0.0,0
185718248,-0.16144173,-0.30226985,-0.08202412,0.80712533,0.0,0.0,0
185743179,-0.069241196,-0.27704668,-0.13007063,0.80712533,0.0,0.0,0
185763113,-0.0013066432,-0.25784644,-0.16440219,0.8083538,0.0,0.0,0
185778082,0.047072314,-0.24939181,-0.18907496,0.80712533,0.0,0.0,0
185803036,0.020936592,-0.25557286,-0.17680389,0.80712533,0.0,0.0,0
185822984,-0.030392831,-0.2799795,-0.14986396,0.8083538,0.0,0.0,0
185837959,-0.073868476,-0.2991407,-0.12730703,0.8083538,0.0,0.0,0
185857914,-0.13065898,-0.30266985,-0.09681273,0.80712533,0.0,0.0,0
185882884,-0.18847474,-0.29257435,-0.06649265,0.80712533,0.0,0.0,0
185902970,-0.20608349,-0.29949638,-0.05581422,0.8083538,0.0,0.0,0
185917805,-0.20092122,-0.32012448,-0.055847727,0.8083538,0.0,0.0,0
185942736,-0.19605145,-0.36185992,-0.061614104,0.8083538,0.0,0.0,0
185962701,-0.158433,-0.37526265,-0.08272866,0.8083538,0.0,0.0,0
185977676,-0.09235949,-0.36598068,-0.11511495,0.8083538,0.0,0.0,0
186002627,0.024309022,-0.32635784,-0.18454619,0.80712533,0.0,0.0,0
186022576,0.08043841,-0.30128053,-0.20732519,0.80712533,0.0,0.0,0
186042546,0.101520866,-0.2893657,-0.20908879,0.80712533,0.0,0.0,0
186057500,0.09252927,-0.28773132,-0.20787133,0.80712533,0.0,0.0,0
186082457,0.15981169,-0.31511754,-0.12225684,0.80712533,0.0,0.0,0
186102540,0.21126974,-0.33022282,-0.04123882,0.8083538,0.0,0.0,0
186117371,0.22233722,-0.31779185,-0.03667054,0.8083538,0.0,0.0,0
186142352,0.17529003,-0.29169887,-0.02929607,0.8083538,0.0,0.0,0
186162268,0.44281605,-0.2880067,-0.07306621,0.80712533,0.0,0.0,0
186182230,0.5086432,-0.3110822,-0.06567061,0.80712533,0.0,0.0,0
186197212,0.48600265,-0.33551562,-0.12012537,0.80712533,0.0,0.0,0
186222142,0.5732587,-0.3514165,-0.13285497,0.8083538,0.0,0.0,0
186242109,0.6439612,-0.33306497,-0.21463001,0.80712533,0.0,0.0,0
186257105,0.7163556,-0.30817464,-0.27644593,0.80712533,0.0,0.0,0
186282078,0.78362477,-0.27183202,-0.3342682,0.80712533,0.0,0.0,0
186302080,0.7746593,-0.26534295,-0.32667157,0.80712533,0.0,0.0,0
186321957,0.72979045,-0.27565816,-0.28264418,0.80712533,0.0,0.0,0
186341899,0.6686109,-0.30282548,-0.2055401,0.80712533,0.0,0.0,0
186361862,0.5387718,-0.31917992,-0.09492484,0.80712533,0.0,0.0,0
186381812,0.41415688,-0.30079284,0.0028229791,0.80712533,0.0,0.0,0
186396795,0.35739836,-0.27647272,0.030882591,0.80712533,0.0,0.0,0
186421762,0.32593468,-0.25835273,0.0523175,0.80712533,0.0,0.0,0
186441695,0.29376504,-0.2668939,0.06686223,0.80712533,0.0,0.0,0
186461658,0.27083513,-0.27382687,0.079957776,0.80712533,0.0,0.0,0
186481616,0.29459348,-0.26557812,0.055053737,0.80712533,0.0,0.0,0
186501635,0.37256917,-0.22906652,-0.0034488502,0.80712533,0.0,0.0,0
186521520,0.47182676,-0.17598565,-0.074526496,0.80712533,0.0,0.0,0
186541479,0.51501846,-0.12892053,-0.108937114,0.80712533,0.0,0.0,0
186561446,0.510487,-0.09610043,-0.10475822,0.80712533,0.0,0.0,0
186581435,0.4793949,-0.070527755,-0.07900225,0.80712533,0.0,0.0,0
186601350,0.36755908,-0.05986737,-0.0144487275,0.80712533,0.0,0.0,0
186621305,0.26266596,-0.039583884,0.027179008,0.8083538,0.0,0.0,0
186641266,0.19601074,0.0006548976,0.060752705,0.8083538,0.0,0.0,0
186661229,0.13729814,0.035955064,0.07713102,0.80712533,0.0,0.0,0
186681195,0.12604621,0.042134028,0.08218019,0.80712533,0.0,0.0,0
186701189,0.0793056,0.024657786,0.09511277,0.80712533,0.0,0.0,0
186721138,0.058573205,0.004055112,0.098607436,0.80712533,0.0,0.0,0
186741063,0.09259657,-0.0058287573,0.07404839,0.80712533,0.0,0.0,0
186761015,0.1446575,0.005308202,0.03485523,0.80712533,0.0,0.0,0
186780972,0.20966972,0.015946243,-2.2079573e-06,0.80712533,0.0,0.0,0
186800935,0.22630405,0.01724756,-0.017886268,0.8083538,0.0,0.0,0
186820889,0.18313888,0.012825216,-0.022099808,0.80712533,0.0,0.0,0
186840855,0.11003734,-0.004609904,-0.01149537,0.80712533,0.0,0.0,0
186860845,0.049220324,-0.039300404,0.010483211,0.80712533,0.0,0.0,0
186880814,-0.0071335756,-0.06502585,0.034950748,0.80712533,0.0,0.0,0
186900765,-0.056331344,-0.07559796,0.046265814,0.80712533,0.0,0.0,0
186920689,-0.06280425,-0.08718665,0.06390465,0.8083538,0.0,0.0,0
186940648,-0.025680823,-0.1220393,0.10175224,0.80712533,0.0,0.0,0
186960612,0.004760234,-0.17377731,0.114011474,0.80712533,0.0,0.0,0
186980593,0.017984714,-0.21424906,0.12521215,0.80712533,0.0,0.0,0
187000557,0.057210863,-0.2306646,0.08514644,0.80712533,0.0,0.0,0
187020475,0.16457376,-0.2172503,0.05167809,0.80712533,0.0,0.0,0
187040425,0.23369461,-0.1948706,0.022754654,0.80712533,0.0,0.0,0
187060389,0.26973835,-0.17605343,0.0043933224,0.80712533,0.0,0.0,0
187080385,0.29054084,-0.16458498,-0.0057163187,0.80712533,0.0,0.0,0
187100305,0.26253438,-0.1718489,0.010105528,0.80712533,0.0,0.0,0
187120283,0.20380498,-0.18925777,0.042450696,0.80712533,0.0,0.0,0
187140261,0.14899273,-0.18650894,0.06920666,0.80712533,0.0,0.0,0
187160220,0.0974535,-0.16266525,0.08869202,0.80712533,0.0,0.0,0
187180180,0.072028995,-0.14250384,0.09923343,0.80712533,0.0,0.0,0
187200141,0.071461245,-0.14958262,0.10412008,0.80712533,0.0,0.0,0
187220074,0.05244401,-0.17543386,0.11481669,0.80712533,0.0,0.0,0
187240031,0.039298262,-0.19662298,0.12205023,0.80712533,0.0,0.0,0
187260003,0.085630976,-0.20025846,0.09430763,0.80712533,0.0,0.0,0
187279976,0.15259391,-0.18251401,0.05665105,0.80712533,0.0,0.0,0
187299890,0.20151223,-0.16150475,0.020789763,0.80712533,0.0,0.0,0
187319847,0.22676505,-0.14621268,-0.00095321017,0.80712533,0.0,0.0,0
187339805,0.25869325,-0.13750425,-0.013998244,0.8083538,0.0,0.0,0
187359798,0.23685496,-0.14456062,0.00034092396,0.80712533,0.0,0.0,0
187379734,0.17560329,-0.16331998,0.034703963,0.80712533,0.0,0.0,0
187399734,0.11637273,-0.16259359,0.0659593,0.80712533,0.0,0.0,0
187419643,0.068286516,-0.14615327,0.08998885,0.80712533,0.0,0.0,0
187444602,0.037431788,-0.13751002,0.10538484,0.80712533,0.0,0.0,0
187459558,0.037354313,-0.15428662,0.105611086,0.80712533,0.0,0.0,0
187479564,0.033219293,-0.18734643,0.11132146,0.80712533,0.0,0.0,0
187499471,0.047832035,-0.21166308,0.21881713,0.80712533,0.0,0.0,0
187519431,0.06930861,-0.21562314,0.16026561,0.80712533,0.0,0.0,0
187539422,0.16596302,-0.20638284,0.070951894,0.80712533,0.0,0.0,0
187559359,0.26499322,-0.1868405,-0.013716655,0.80712533,0.0,0.0,0
187584293,0.33504248,-0.16408265,-0.07616307,0.80712533,0.0,0.0,0
187599276,0.31115133,-0.15828548,-0.026790243,0.8083538,0.0,0.0,0
187619250,0.23563091,-0.162623,0.006646667,0.80712533,0.0,0.0,0
187639211,0.14459014,-0.16845357,0.052940477,0.80712533,0.0,0.0,0
187659172,0.05903244,-0.1516282,0.09576327,0.80712533,0.0,0.0,0
187679281,-0.0062636533,-0.116783,0.12703528,0.80712533,0.0,0.0,0
187699051,-0.041817028,-0.09534894,0.14325197,0.80712533,0.0,0.0,0
187719031,-0.061460674,-0.107606955,0.13648742,0.80712533,0.0,0.0,0
187738970,-0.07470926,-0.13881058,0.13932687,0.80712533,0.0,0.0,0
187758929,-0.093838565,-0.16608317,0.12827958,0.8083538,0.0,0.0,0
187783878,-0.03635976,-0.17033745,0.12353108,0.8083538,0.0,0.0,0
187798856,0.008835399,-0.159063,0.09605579,0.80712533,0.0,0.0,0
187818820,0.055403847,-0.14427829,0.070514254,0.80712533,0.0,0.0,0
187838785,0.073054485,-0.14587177,0.05995469,0.80712533,0.0,0.0,0
187863754,0.073437504,-0.15727083,0.060237832,0.80712533,0.0,0.0,0
187878837,0.047260884,-0.17525485,0.07443417,0.80712533,0.0,0.0,0
187898685,-0.0202151,-0.20301385,0.12254574,0.80712533,0.0,0.0,0
187923578,-0.09455438,-0.20793693,0.13485579,0.80712533,0.0,0.0,0
187938552,-0.11314347,-0.20439412,0.13622323,0.80712533,0.0,0.0,0
187958509,-0.12837873,-0.2108907,0.13163336,0.8083538,0.0,0.0,0
187983453,-0.132292,-0.25314468,0.1318979,0.80712533,0.0,0.0,0
188003449,-0.13046105,-0.2900426,0.11984374,0.80712533,0.0,0.0,0
188018380,-0.124027364,-0.3032782,0.120068476,0.80712533,0.0,0.0,0
188038362,-0.0857938,-0.29957828,0.11509374,0.80712533,0.0,0.0,0
188063297,-0.02066069,-0.26939654,0.09952874,0.80712533,0.0,0.0,0
188078358,0.007866553,-0.25874978,0.0829314,0.80712533,0.0,0.0,0
188098211,0.026842741,-0.25448585,0.08352119,0.80712533,0.0,0.0,0
188123183,0.054543026,-0.26140624,0.07755412,0.80712533,0.0,0.0,0
188143116,0.010832383,-0.279253,0.1035173,0.80712533,0.0,0.0,0
188158101,-0.04035423,-0.28713605,0.13273731,0.80712533,0.0,0.0,0
188183034,-0.09563286,-0.26963115,0.13800445,0.80712533,0.0,0.0,0
188202995,-0.070030026,-0.2460918,0.15216297,0.80712533,0.0,0.0,0
188217962,-0.082373686,-0.24017037,0.15301393,0.80712533,0.0,0.0,0
188237927,-0.064686306,-0.2537007,0.17219532,0.80712533,0.0,0.0,0
188262929,-0.08645193,-0.2829815,0.17667848,0.80712533,0.0,0.0,0
188282865,-0.07437995,-0.28946984,0.18150207,0.8083538,0.0,0.0,0
188297796,-0.032755688,-0.2802203,0.15882064,0.80712533,0.0,0.0,0
188322748,0.03884955,-0.25959295,0.13040268,0.8083538,0.0,0.0,0
188342706,0.07862454,-0.25594386,0.11369245,0.80712533,0.0,0.0,0
188357683,0.09573335,-0.25712776,0.105681136,0.80712533,0.0,0.0,0
188382643,0.10021704,-0.27517968,0.10508584,0.80712533,0.0,0.0,0
188402613,0.05760784,-0.30209783,0.14114508,0.80712533,0.0,0.0,0
188422551,0.0022818765,-0.32467714,0.17106657,0.80712533,0.0,0.0,0
188437500,-0.023299575,-0.32497153,0.18995118,0.80712533,0.0,0.0,0
188462501,-0.06596023,-0.31630877,0.21165816,0.80712533,0.0,0.0,0
188482412,-0.078232415,-0.32983646,0.21301368,0.80712533,0.0,0.0,0
188497371,-0.08823299,-0.35367975,0.1969787,0.80712533,0.0,0.0,0
188522326,-0.10172972,-0.3966472,0.20347306,0.80712533,0.0,0.0,0
188542356,-0.09870581,-0.41484052,0.19879343,0.80712533,0.0,0.0,0
188562240,-0.057202954,-0.41504237,0.18346298,0.8083538,0.0,0.0,0
188577206,-0.008477187,-0.40467235,0.15738957,0.8083538,0.0,0.0,0
188602164,0.0020304082,-0.39714456,0.13700122,0.80712533,0.0,0.0,0
188622144,6.9897025e-05,-0.403924,0.13392784,0.80712533,0.0,0.0,0
188637086,-0.020838076,-0.41222912,0.14604741,0.80712533,0.0,0.0,0
188662099,-0.1285362,-0.43740144,0.15941145,0.80712533,0.0,0.0,0
188682023,-0.20446199,-0.44693318,0.16551092,0.80712533,0.0,0.0,0
188701942,-0.24373658,-0.43153864,0.17204623,0.80712533,0.0,0.0,0
188721903,-0.27551422,-0.41382557,0.16360496,0.80712533,0.0,0.0,0
188741867,-0.28634435,-0.41787207,0.15715548,0.80712533,0.0,0.0,0
188761824,-0.29207858,-0.44356984,0.16166906,0.80712533,0.0,0.0,0
188776794,-0.3067936,-0.46637037,0.15868586,0.80712533,0.0,0.0,0
188801782,-0.28851843,-0.47935632,0.16671509,0.80712533,0.0,0.0,0
188821700,-0.21615258,-0.46726972,0.1512237,0.80712533,0.0,0.0,0
188841699,-0.14477122,-0.44031364,0.13579242,0.80712533,0.0,0.0,0
188861661,-0.100149885,-0.41859126,0.1267405,0.80712533,0.0,0.0,0
188881590,-0.08260201,-0.40499088,0.11985517,0.80712533,0.0,0.0,0
188901528,-0.09919109,-0.39689648,0.13633975,0.80712533,0.0,0.0,0
188921493,-0.15075596,-0.40041482,0.14468397,0.80712533,0.0,0.0,0
188941447,-0.20045367,-0.38884893,0.15190765,0.80712533,0.0,0.0,0
188961423,-0.23711696,-0.3552433,0.15449423,0.8083538,0.0,0.0,0
188981361,-0.25421664,-0.32037336,0.15328252,0.8083538,0.0,0.0,0
189001338,-0.23252,-0.312012,0.12180385,0.8083538,0.0,0.0,0
189021285,-0.21660669,-0.31762257,0.12034491,0.80712533,0.0,0.0,0
189041256,-0.21235904,-0.32055297,0.12010054,0.8034398,0.0,0.0,0
189061354,-0.17864409,-0.30364907,0.11402288,0.8009828,0.0,0.0,0
189081153,-0.12490504,-0.26502833,0.1015844,0.8009828,0.0,0.0,0
189101151,-0.057702485,-0.22844459,0.099238776,0.8009828,0.0,0.0,0
189121073,-0.013424082,-0.20797752,0.086093314,0.8009828,0.0,0.0,0
189141024,0.011942638,-0.20029306,0.07378791,0.79975426,0.0,0.0,0
189160989,-0.0005501734,-0.20130572,0.080770455,0.79975426,0.0,0.0,0
189180942,-0.042687457,-0.21742061,0.097192466,0.79975426,0.0,0.0,0
189200905,-0.08631857,-0.23158656,0.09749815,0.79729724,0.0,0.0,0
189220864,-0.11530854,-0.22809498,0.09997556,0.7960688,0.0,0.0,0
189240858,-0.12890953,-0.23052134,0.101427585,0.7960688,0.0,0.0,0
189260923,-0.1289207,-0.2548941,0.1001533,0.7948403,0.0,0.0,0
189280742,-0.12768629,-0.2963101,0.099729374,0.7948403,0.0,0.0,0
189300697,-0.12783304,-0.33141032,0.08479883,0.7948403,0.0,0.0,0
189320659,-0.10148694,-0.3504076,0.083356455,0.7948403,0.0,0.0,0
189340636,-0.060021438,-0.3470225,0.077307664,0.7948403,0.0,0.0,0
189360576,-0.022704734,-0.34251502,0.06700681,0.7948403,0.0,0.0,0
189380579,0.020414896,-0.3476367,0.044852786,0.7948403,0.0,0.0,0
189400481,0.03103657,-0.35852703,0.03780301,0.7948403,0.0,0.0,0
189420441,-0.008573282,-0.37945262,0.04547208,0.7948403,0.0,0.0,0
189440416,-0.06616347,-0.4135021,0.04019769,0.79361176,0.0,0.0,0
189460472,-0.09402469,-0.43022892,0.045545395,0.79361176,0.0,0.0,0
189480316,-0.15310815,-0.42513162,0.026069049,0.79361176,0.0,0.0,0
189500272,-0.23612525,-0.41172215,0.06403505,0.79361176,0.0,0.0,0
189520267,-0.2502252,-0.4169824,0.06394541,0.79361176,0.0,0.0,0
189540261,-0.39386487,-0.4392323,0.112942256,0.79361176,0.0,0.0,0
189560183,-0.50494254,-0.4614801,0.11879992,0.79361176,0.0,0.0,0
189580143,-0.49317777,-0.4687773,0.10032949,0.79361176,0.0,0.0,0
189600066,-0.42420152,-0.45208433,0.07038478,0.79361176,0.0,0.0,0
189620020,-0.34988824,-0.42092395,0.021726541,0.79361176,0.0,0.0,0
189639999,-0.29713187,-0.39551476,-0.009834887,0.79361176,0.0,0.0,0
189660030,-0.26065186,-0.37865382,-0.0299107,0.79361176,0.0,0.0,0
189679908,-0.26544672,-0.36939886,-0.027127832,0.7923833,0.0,0.0,0
189699854,-0.29556635,-0.37223688,-0.006782846,0.7923833,0.0,0.0,0
189719822,-0.32684913,-0.36784524,0.0069932886,0.7923833,0.0,0.0,0
189739770,-0.35599574,-0.34111902,0.022723036,0.7923833,0.0,0.0,0
189759745,-0.3693288,-0.313737,0.03212863,0.7923833,0.0,0.0,0
189779723,-0.3701432,-0.30665275,0.032038286,0.7923833,0.0,0.0,0
189799673,-0.36897314,-0.32514143,0.031819817,0.7923833,0.0,0.0,0
189824611,-0.35609654,-0.35186628,0.02686616,0.7923833,0.0,0.0,0
189839574,-0.334572,-0.35594296,0.013219775,0.7923833,0.0,0.0,0
189859581,-0.27808017,-0.34035444,-0.021040173,0.7923833,0.0,0.0,0
189879485,-0.20001614,-0.3167559,-0.06627204,0.7923833,0.0,0.0,0
189899438,-0.15066099,-0.29510275,-0.08352947,0.7923833,0.0,0.0,0
189919442,-0.1143183,-0.2788508,-0.10378479,0.7923833,0.0,0.0,0
189939361,-0.11932024,-0.27343935,-0.100129835,0.7923833,0.0,0.0,0
189964293,-0.1803245,-0.29078665,-0.06734321,0.7923833,0.0,0.0,0
189979289,-0.2229459,-0.2983254,-0.044918973,0.7923833,0.0,0.0,0
189999247,-0.2728082,-0.29000932,-0.019663466,0.7923833,0.0,0.0,0
190019207,-0.30604124,-0.2749407,-0.0016148105,0.7923833,0.0,0.0,0
190039215,-0.32417494,-0.2786647,0.0076959655,0.7923833,0.0,0.0,0
190059157,-0.32662213,-0.30774555,0.009066822,0.7923833,0.0,0.0,0
190079093,-0.315614,-0.34218913,0.003051703,0.7923833,0.0,0.0,0
190104007,-0.2788664,-0.36003137,-0.017508091,0.79115474,0.0,0.0,0
190118978,-0.22835734,-0.35114866,-0.044345252,0.7923833,0.0,0.0,0
190138943,-0.15780962,-0.32645157,-0.080692776,0.7923833,0.0,0.0,0
190163877,-0.088860646,-0.3039794,-0.11527239,0.7923833,0.0,0.0,0
190178865,-0.060635757,-0.297298,-0.12919043,0.7923833,0.0,0.0,0
190198862,-0.08369788,-0.29770878,-0.10965852,0.7923833,0.0,0.0,0
190218828,-0.13226369,-0.3175708,-0.086892754,0.7923833,0.0,0.0,0
190243758,-0.20336317,-0.34413597,-0.05211465,0.7923833,0.0,0.0,0
190258700,-0.24844721,-0.3409314,-0.029530894,0.7923833,0.0,0.0,0
190278663,-0.28967193,-0.39606065,-0.0074464954,0.79115474,0.0,0.0,0
190303589,-0.3042442,-0.41931263,0.0027779427,0.7923833,0.0,0.0,0
190318563,-0.29409304,-0.46420327,0.0076503027,0.79115474,0.0,0.0,0
190338512,-0.28985476,-0.50470334,0.0020329487,0.79115474,0.0,0.0,0
190363464,-0.22203678,-0.6095697,-0.04233639,0.7923833,0.0,0.0,0
190383419,-0.12061272,-0.6062471,-0.12877817,0.7923833,0.0,0.0,0
190398387,-0.036745276,-0.5878605,-0.11181118,0.7923833,0.0,0.0,0
190418342,0.02342122,-0.64465195,-0.15743084,0.7923833,0.0,0.0,0
190443464,0.0867038,-0.62419105,-0.17981575,0.7923833,0.0,0.0,0
190458286,0.073821925,-0.6198253,-0.1762795,0.7923833,0.0,0.0,0
190478263,0.042156048,-0.6253805,-0.16570649,0.7923833,0.0,0.0,0
190503164,0.0913472,-0.80129856,-0.11949908,0.7923833,0.0,0.0,0
190523146,0.034001388,-0.7832467,-0.10079019,0.7923833,0.0,0.0,0
190538095,0.001262983,-0.7492873,-0.07702156,0.7923833,0.0,0.0,0
190563047,-0.03048099,-0.6851984,-0.058481332,0.7923833,0.0,0.0,0
190583004,-0.0289649,-0.68392575,-0.05905514,0.7923833,0.0,0.0,0
190597992,-0.022603314,-0.67153734,-0.08183999,0.7923833,0.0,0.0,0
190617976,-0.0069064964,-0.6636479,-0.09049366,0.7923833,0.0,0.0,0
190643017,0.07893823,-0.6162639,-0.13194895,0.7923833,0.0,0.0,0
190662843,0.16874711,-0.5514427,-0.12441354,0.7923833,0.0,0.0,0
190677812,0.23389131,-0.4977036,-0.1123061,0.7923833,0.0,0.0,0
190702753,0.2776957,-0.4450883,-0.094936036,0.7923833,0.0,0.0,0
190722714,0.2649101,-0.40547165,-0.08821621,0.7923833,0.0,0.0,0
190737685,0.24763846,-0.38668075,-0.08334087,0.7923833,0.0,0.0,0
190762663,0.19661148,-0.3651735,-0.073391795,0.7923833,0.0,0.0,0
190782593,0.15163888,-0.33317524,-0.06447941,0.7923833,0.0,0.0,0
190802533,0.114284135,-0.29681262,-0.049172226,0.7923833,0.0,0.0,0
190817506,0.10235538,-0.27585095,-0.046616193,0.7923833,0.0,0.0,0
190842561,0.09657773,-0.2632556,-0.05107674,0.7923833,0.0,0.0,0
190862425,0.09735182,-0.2585105,-0.053645827,0.7923833,0.0,0.0,0
190877385,0.10956136,-0.26086026,-0.05500434,0.7923833,0.0,0.0,0
190902410,0.17287743,-0.25132555,-0.059019055,0.7923833,0.0,0.0,0
190922290,0.23807335,-0.2295873,-0.063259825,0.7923833,0.0,0.0,0
190942243,0.2919797,-0.2211138,-0.06724435,0.7923833,0.0,0.0,0
190957221,0.3170569,-0.2166752,-0.068887435,0.7923833,0.0,0.0,0
190982156,0.31982726,-0.21804965,-0.06928523,0.7923833,0.0,0.0,0
191002120,0.24797557,-0.15399805,-0.09484016,0.7923833,0.0,0.0,0
191017113,0.21015705,-0.18042554,-0.09529614,0.7923833,0.0,0.0,0
191042207,0.13911173,-0.20759058,-0.092145294,0.7923833,0.0,0.0,0
191061994,0.046870593,-0.13325077,-0.11097407,0.7923833,0.0,0.0,0
191081952,0.022312537,-0.14435145,-0.10386678,0.7923833,0.0,0.0,0
191101923,0.06679251,-0.16018789,-0.123918265,0.7923833,0.0,0.0,0
191121881,0.13740075,-0.18616854,-0.052759416,0.79115474,0.0,0.0,0
191141825,0.16201188,-0.21276446,-0.012721109,0.79115474,0.0,0.0,0
191156796,0.17512025,-0.2286816,-0.016044963,0.79115474,0.0,0.0,0
191181786,0.23686467,-0.20107895,-0.019108718,0.79115474,0.0,0.0,0
191201745,0.2812319,-0.18002144,-0.020337047,0.79115474,0.0,0.0,0
191221677,0.54477525,-0.13480435,-0.13224497,0.7923833,0.0,0.0,0
191241673,0.7610895,-0.107491784,-0.18867053,0.79115474,0.0,0.0,0
191261573,0.7049239,-0.11022982,-0.15840343,0.79115474,0.0,0.0,0
191281534,0.6814943,-0.12144386,-0.113234535,0.79115474,0.0,0.0,0
191301502,0.64233965,-0.11107417,-0.10398995,0.79115474,0.0,0.0,0
191321448,0.58345926,-0.08800505,-0.053118907,0.79115474,0.0,0.0,0
191341449,0.5374024,-0.066782415,-0.021440886,0.79115474,0.0,0.0,0
191361365,0.5178464,-0.07069219,-0.0045310534,0.79115474,0.0,0.0,0
191381324,0.47566253,-0.08499504,0.02686288,0.79115474,0.0,0.0,0
191401281,0.4983455,-0.08989223,0.017991297,0.79115474,0.0,0.0,0
191421284,0.5775598,-0.07072621,-0.010960556,0.79115474,0.0,0.0,0
191441247,0.6700105,-0.030700125,-0.047163982,0.79115474,0.0,0.0,0
191461158,0.7118738,0.0090081105,-0.074412495,0.79115474,0.0,0.0,0
191481150,0.7430966,0.04006724,-0.08828324,0.79115474,0.0,0.0,0
191501078,0.7511207,0.050700564,-0.06862059,0.79115474,0.0,0.0,0
191521033,0.71576875,0.04525418,-0.055810917,0.79115474,0.0,0.0,0
191541001,0.6551005,0.021996146,-0.031182118,0.79115474,0.0,0.0,0
191560946,0.57433724,0.0059418012,-0.0019411225,0.79115474,0.0,0.0,0
191580911,0.5138441,0.0027168759,0.023084836,0.79115474,0.0,0.0,0
191600868,0.4776792,-0.005227618,0.053239506,0.79115474,0.0,0.0,0
191620858,0.4507556,-0.04041204,0.063616194,0.79115474,0.0,0.0,0
191640789,0.39956763,-0.09192343,0.08282416,0.79115474,0.0,0.0,0
191660741,0.36867762,-0.1338409,0.0990347,0.79115474,0.0,0.0,0
191680695,0.37813568,-0.15746514,0.086378776,0.79115474,0.0,0.0,0
191700660,0.42152154,-0.15617341,0.037828445,0.79115474,0.0,0.0,0
191720612,0.46194234,-0.14185816,0.013822472,0.79115474,0.0,0.0,0
191740571,0.49179196,-0.13079728,-0.0025890293,0.79115474,0.0,0.0,0
191760529,0.47529772,-0.13072282,-0.0013756161,0.79115474,0.0,0.0,0
191780482,0.43671232,-0.14486702,0.016048482,0.79115474,0.0,0.0,0
191800449,0.36438343,-0.17308187,0.066251494,0.79115474,0.0,0.0,0
191820445,0.28159153,-0.18151815,0.110625185,0.79115474,0.0,0.0,0
191840362,0.21680303,-0.16571799,0.14720915,0.79115474,0.0,0.0,0
191860316,0.17686635,-0.1451321,0.16876402,0.79115474,0.0,0.0,0
191880305,0.15824242,-0.14808942,0.17907038,0.7923833,0.0,0.0,0
191900272,0.12396535,-0.16774334,0.1812615,0.79115474,0.0,0.0,0
191920223,0.09080478,-0.18315779,0.20156053,0.7923833,0.0,0.0,0
191940191,0.10918576,-0.18813275,0.18868689,0.79115474,0.0,0.0,0
191960158,0.14826798,-0.1738696,0.15621291,0.79115474,0.0,0.0,0
191980106,0.22078662,-0.1497884,0.12708975,0.79115474,0.0,0.0,0
192000027,0.26432142,-0.13367788,0.12356718,0.79115474,0.0,0.0,0
192020076,0.27482533,-0.1214412,0.11392228,0.79115474,0.0,0.0,0
192039960,0.25552195,-0.12276766,0.12414252,0.79115474,0.0,0.0,0
192059899,0.19603087,-0.13416635,0.15774141,0.79115474,0.0,0.0,0
192079859,0.13411699,-0.13804653,0.19438107,0.79115474,0.0,0.0,0
192099855,0.08939465,-0.11937087,0.17649989,0.79115474,0.0,0.0,0
192119781,0.087085724,-0.10327953,0.18814518,0.79115474,0.0,0.0,0
192139740,0.092558295,-0.103503436,0.19212049,0.79115474,0.0,0.0,0
192159752,0.074356735,-0.1284635,0.20057136,0.79115474,0.0,0.0,0
192179657,0.045142785,-0.15683508,0.21702535,0.79115474,0.0,0.0,0
192204616,0.042831115,-0.17877658,0.21130694,0.79115474,0.0,0.0,0
192219761,0.081713274,-0.18272026,0.19119762,0.7923833,0.0,0.0,0
192239530,0.13328604,-0.18000753,0.16475646,0.79115474,0.0,0.0,0
192259487,0.17532939,-0.17801045,0.14145304,0.79115474,0.0,0.0,0
192279443,0.18513367,-0.18691617,0.13211,0.79115474,0.0,0.0,0
192299401,0.16315629,-0.20149201,0.23306087,0.79115474,0.0,0.0,0
192319402,0.067255,-0.21482585,0.2811349,0.79115474,0.0,0.0,0
192344306,-0.02505793,-0.2242274,0.34651762,0.79115474,0.0,0.0,0
192359299,-0.068427406,-0.2113722,0.3777013,0.79115474,0.0,0.0,0
192379252,-0.101924285,-0.19518504,0.40057945,0.79115474,0.0,0.0,0
192399227,-0.11345728,-0.19503911,0.32139662,0.79115474,0.0,0.0,0
192419305,-0.08654966,-0.23242596,0.3264658,0.79115474,0.0,0.0,0
192439137,-0.08375343,-0.2562208,0.32483903,0.79115474,0.0,0.0,0
192459125,-0.07650449,-0.26102751,0.31960076,0.79115474,0.0,0.0,0
192484019,-0.024756776,-0.2356991,0.28412098,0.79115474,0.0,0.0,0
192498985,0.022145424,-0.21024364,0.22394541,0.79115474,0.0,0.0,0
192518945,0.07926575,-0.18395072,0.19869903,0.79115474,0.0,0.0,0
192543921,0.10390083,-0.15709874,0.18428248,0.79115474,0.0,0.0,0
192558865,0.06826791,-0.1434545,0.19409391,0.79115474,0.0,0.0,0
192578812,-9.088506e-06,-0.13503803,0.23196886,0.79115474,0.0,0.0,0
192598848,-0.16554794,-0.13727853,0.18689069,0.79115474,0.0,0.0,0
192623783,-0.2158061,-0.13004659,0.18909514,0.79115474,0.0,0.0,0
192638726,-0.45389077,-0.14799976,0.07085448,0.79115474,0.0,0.0,0
192658658,-1.0099568,-0.12533829,0.22304583,0.7923833,0.0,0.0,0
192683599,-0.9397188,-0.18560036,0.20278877,0.7923833,0.0,0.0,0
192698564,-0.94038624,-0.22801657,0.2284685,0.7923833,0.0,0.0,0
192718520,-0.887787,-0.2728199,0.2124444,0.79115474,0.0,0.0,0
192743473,-0.8215069,-0.31771606,0.21209319,0.7923833,0.0,0.0,0
192763428,-0.750908,-0.33018887,0.20354427,0.7923833,0.0,0.0,0
192778394,-0.7066364,-0.33548245,0.19779012,0.7923833,0.0,0.0,0
192798380,-0.63771474,-0.35600886,0.18434586,0.7923833,0.0,0.0,0
192823358,-0.65009475,-0.37851313,0.18900609,0.7923833,0.0,0.0,0
192838283,-0.6865784,-0.3970203,0.21151523,0.7923833,0.0,0.0,0
192858227,-0.7190963,-0.4177258,0.22527881,0.7923833,0.0,0.0,0
192883177,-0.7467731,-0.40495875,0.22920498,0.79115474,0.0,0.0,0
192903137,-0.7338579,-0.38386038,0.18679044,0.7923833,0.0,0.0,0
192918098,-0.6760322,-0.37415665,0.16299666,0.7923833,0.0,0.0,0
192943063,-0.55481344,-0.39323255,0.122355625,0.7923833,0.0,0.0,0
192963005,-0.4555492,-0.4248439,0.097614005,0.79115474,0.0,0.0,0
192977977,-0.45061117,-0.43920955,0.09999448,0.79115474,0.0,0.0,0
192997946,-0.3804115,-0.44151595,0.080609016,0.79115474,0.0,0.0,0
193022954,-0.2817621,-0.42766735,0.05618594,0.79115474,0.0,0.0,0
193042846,-0.19114964,-0.41748002,0.031982817,0.7923833,0.0,0.0,0
193057803,-0.16116424,-0.41483307,0.02677961,0.7923833,0.0,0.0,0
193082776,-0.15878251,-0.41895318,0.026644813,0.7923833,0.0,0.0,0
193102725,-0.19058286,-0.4388121,0.03351702,0.79115474,0.0,0.0,0
193117690,-0.21379295,-0.45830423,0.046040636,0.79115474,0.0,0.0,0
193137668,-0.25553626,-0.46170163,0.05372026,0.79115474,0.0,0.0,0
193162586,-0.273472,-0.44221213,0.06499078,0.79115474,0.0,0.0,0
193182568,-0.2587597,-0.4303376,0.07727846,0.79115474,0.0,0.0,0
193197537,-0.25934586,-0.4364021,0.07494286,0.79115474,0.0,0.0,0
193222477,-0.20215017,-0.4616305,0.10375069,0.79115474,0.0,0.0,0
193242430,-0.20594148,-0.47118014,0.104447804,0.79115474,0.0,0.0,0
193257384,-0.17560554,-0.4628851,0.09795705,0.79115474,0.0,0.0,0
193282383,-0.1003884,-0.4261134,0.0819669,0.79115474,0.0,0.0,0
193302303,-0.05054424,-0.4024271,0.07135492,0.79115474,0.0,0.0,0
193322261,-0.011395529,-0.38325882,0.059983015,0.79115474,0.0,0.0,0
193337223,-0.0045268903,-0.37363,0.05485352,0.79115474,0.0,0.0,0
193362174,-0.041480165,-0.37584084,0.06623131,0.79115474,0.0,0.0,0
193382128,-0.09963674,-0.39138326,0.07011455,0.79115474,0.0,0.0,0
193397142,-0.12971391,-0.3932309,0.089238815,0.79115474,0.0,0.0,0
193422072,-0.18655868,-0.37431395,0.095910944,0.79115474,0.0,0.0,0
193439527,-0.20243043,-0.36492234,0.097521305,0.79115474,0.0,0.0,0
193461956,-0.20179053,-0.37793097,0.09854865,0.79115474,0.0,0.0,0
193481922,-0.2112242,-0.40210804,0.095364906,0.79115474,0.0,0.0,0
193501880,-0.23534672,-0.41928664,0.08573381,0.79115474,0.0,0.0,0
193521834,-0.24980606,-0.42020935,0.042128645,0.79115474,0.0,0.0,0
193536803,-0.20908456,-0.40115234,0.033628352,0.79115474,0.0,0.0,0
193561760,-0.1387921,-0.36025834,0.020020988,0.79115474,0.0,0.0,0
193581769,-0.16536197,-0.33422413,0.04458247,0.79115474,0.0,0.0,0
193601837,-0.17844637,-0.31688613,0.043552138,0.79115474,0.0,0.0,0
193621626,-0.21394727,-0.30921534,0.050996177,0.79115474,0.0,0.0,0
193641587,-0.26171082,-0.31435984,0.057245184,0.79115474,0.0,0.0,0
193661543,-0.34813815,-0.3051169,0.081364825,0.79115474,0.0,0.0,0
193681502,-0.43928468,-0.27814198,0.103586875,0.79115474,0.0,0.0,0
193701458,-0.4801103,-0.25441757,0.11027189,0.79115474,0.0,0.0,0
193721453,-0.5267248,-0.26180205,0.12758683,0.79115474,0.0,0.0,0
193741416,-0.5367723,-0.29206428,0.13155787,0.79115474,0.0,0.0,0
193761333,-0.54819643,-0.3199126,0.1356847,0.79115474,0.0,0.0,0
193781301,-0.5328506,-0.3298671,0.13455312,0.79115474,0.0,0.0,0
193801388,-0.5055824,-0.31423265,0.16253546,0.79115474,0.0,0.0,0
193821211,-0.4612461,-0.30233938,0.15628275,0.79115474,0.0,0.0,0
193841168,-0.42394498,-0.29138583,0.15135215,0.79115474,0.0,0.0,0
193861167,-0.39717907,-0.28530124,0.14090493,0.79115474,0.0,0.0,0
193881086,-0.39509255,-0.2868401,0.14001969,0.79115474,0.0,0.0,0
193901043,-0.40877554,-0.296424,0.13122076,0.79115474,0.0,0.0,0
193921001,-0.4041695,-0.2910133,0.1288875,0.79115474,0.0,0.0,0
193940956,-0.41534173,-0.25525257,0.1286455,0.79115474,0.0,0.0,0
193960918,-0.42043245,-0.21508385,0.12724721,0.79115474,0.0,0.0,0
193980885,-0.40228733,-0.19454579,0.124767244,0.79115474,0.0,0.0,0
194001010,-0.387231,-0.19536157,0.12697415,0.79115474,0.0,0.0,0
194020788,-0.3805622,-0.19979708,0.12665883,0.79115474,0.0,0.0,0
194040758,-0.3612346,-0.1893118,0.11408798,0.79115474,0.0,0.0,0
194060704,-0.3073402,-0.15822724,0.080546185,0.79115474,0.0,0.0,0
194080666,-0.2351648,-0.11647689,0.037620652,0.79115474,0.0,0.0,0
194100634,-0.1873214,-0.08011833,0.008312184,0.79115474,0.0,0.0,0
194120603,-0.13325967,-0.04961003,-0.020394348,0.79115474,0.0,0.0,0
194140536,-0.144293,-0.026687158,-0.013097573,0.7899263,0.0,0.0,0
194160506,-0.18894891,-0.024426775,0.011385537,0.7899263,0.0,0.0,0
194180484,-0.23930693,-0.027490182,0.03814093,0.7899263,0.0,0.0,0
194200501,-0.27927592,-0.014878649,0.059467237,0.7899263,0.0,0.0,0
194220370,-0.30313408,-0.0024094055,0.07171404,0.7899263,0.0,0.0,0
194240323,-0.31050348,-0.010053881,0.0752017,0.7899263,0.0,0.0,0
194260312,-0.2949088,-0.043346312,0.067268446,0.7899263,0.0,0.0,0
194280273,-0.26484436,-0.08525878,0.051876653,0.7899263,0.0,0.0,0
194300236,-0.24487053,-0.111107014,0.029956369,0.7899263,0.0,0.0,0
194320208,-0.18551621,-0.11411793,0.005860487,0.7899263,0.0,0.0,0
194340160,-0.10907772,-0.10327518,-0.026615463,0.7886978,0.0,0.0,0
194360094,-0.048364114,-0.09640944,-0.051959623,0.7886978,0.0,0.0,0
194380117,-0.017794516,-0.09584774,-0.06860649,0.7886978,0.0,0.0,0
194400154,-0.055246916,-0.10715111,-0.06039771,0.7886978,0.0,0.0,0
194419954,-0.11336523,-0.13711302,-0.030725824,0.7886978,0.0,0.0,0
194439914,-0.18503897,-0.17052925,0.004183564,0.7886978,0.0,0.0,0
194459871,-0.25376016,-0.1781032,0.037825774,0.7886978,0.0,0.0,0
194479826,-0.303556,-0.17499273,0.061854824,0.7886978,0.0,0.0,0
194499788,-0.33370662,-0.18215887,0.078655876,0.7886978,0.0,0.0,0
194519753,-0.33785963,-0.21913265,0.08331096,0.78746927,0.0,0.0,0
194539741,-0.3366731,-0.26638368,0.08291542,0.78746927,0.0,0.0,0
194559661,-0.3241728,-0.30427995,0.07610713,0.78746927,0.0,0.0,0
194584661,-0.24724203,-0.31523445,0.03455329,0.78746927,0.0,0.0,0
194599615,-0.19890027,-0.30446035,0.0078434795,0.78746927,0.0,0.0,0
194619540,-0.14170374,-0.28617325,-0.018622883,0.7764127,0.0,0.0,0
194639498,-0.09373302,-0.27705395,-0.040890172,0.7751843,0.0,0.0,0
194659469,-0.09836786,-0.27368453,-0.037350234,0.7751843,0.0,0.0,0
194679421,-0.15111546,-0.2895375,-0.0120628625,0.7751843,0.0,0.0,0
194699400,-0.22221085,-0.30790183,0.025588766,0.7751843,0.0,0.0,0
194724331,-0.30321214,-0.2998867,0.06875372,0.7751843,0.0,0.0,0
194739304,-0.33353263,-0.28641376,0.084087975,0.7751843,0.0,0.0,0
194759264,-0.3503293,-0.2746543,0.09223463,0.7751843,0.0,0.0,0
194779283,-0.34205592,-0.2924264,0.08791563,0.7751843,0.0,0.0,0
194799200,-0.3347755,-0.3271231,0.07670657,0.7751843,0.0,0.0,0
194819138,-0.32265946,-0.35811794,0.07293712,0.7751843,0.0,0.0,0
194839136,-0.28186488,-0.37483957,0.051444907,0.7751843,0.0,0.0,0
194864032,-0.20279902,-0.36394164,0.010356628,0.7751843,0.0,0.0,0
194878998,-0.15468088,-0.34674466,-0.0139579475,0.7751843,0.0,0.0,0
194898954,-0.10154177,-0.33272797,-0.05352869,0.7751843,0.0,0.0,0
194923896,-0.05588833,-0.32602754,-0.06493083,0.7751843,0.0,0.0,0
194938874,-0.0781644,-0.33042815,-0.049896993,0.7751843,0.0,0.0,0
194958826,-0.13056006,-0.34458148,-0.010360836,0.7751843,0.0,0.0,0
194978855,-0.16901809,-0.3420594,0.032232184,0.7751843,0.0,0.0,0
195003725,-0.22139208,-0.3042972,0.048675407,0.7751843,0.0,0.0,0
195018708,-0.14507784,-0.27963406,0.02855593,0.7751843,0.0,0.0,0
195038680,-0.09797967,-0.2669124,0.010466158,0.7751843,0.0,0.0,0
195063598,-0.09385891,-0.28284377,0.010623958,0.7751843,0.0,0.0,0
195078584,-0.085333444,-0.29518542,0.010079595,0.7751843,0.0,0.0,0
195098523,-0.05704439,-0.30300286,0.012774195,0.7751843,0.0,0.0,0
195123483,0.044207025,-0.2894957,0.005527127,0.7751843,0.0,0.0,0
195143432,0.15448299,-0.2696419,-0.023684861,0.7751843,0.0,0.0,0
195158402,0.23871548,-0.25933358,-0.034616645,0.7751843,0.0,0.0,0
195178398,0.25341022,-0.25704345,-0.04179977,0.7751843,0.0,0.0,0
195203311,0.3092069,-0.26298058,-0.052146126,0.7751843,0.0,0.0,0
195218278,0.29707775,-0.2793249,-0.044794727,0.7751843,0.0,0.0,0
195238253,0.27893165,-0.29855427,-0.023330241,0.7751843,0.0,0.0,0
195263177,0.29024485,-0.28594193,9.394904e-05,0.7751843,0.0,0.0,0
195283143,0.312146,-0.2575673,0.008992386,0.7751843,0.0,0.0,0
195298106,0.30459008,-0.24318887,0.01259939,0.7751843,0.0,0.0,0
195323057,0.2740986,-0.250821,0.022124229,0.7751843,0.0,0.0,0
195343014,0.22425364,-0.2663307,0.042736597,0.7751843,0.0,0.0,0
195357986,0.21236642,-0.27632153,0.04273796,0.7751843,0.0,0.0,0
195378146,0.24693094,-0.26435545,0.019135745,0.7751843,0.0,0.0,0
195402890,0.31384236,-0.22185607,-0.020000778,0.7751843,0.0,0.0,0
195422850,0.34146443,-0.18274216,-0.0369608,0.7751843,0.0,0.0,0
195437832,0.35338354,-0.15832897,-0.04293762,0.7751843,0.0,0.0,0
195462761,0.34313172,-0.13040195,-0.047366507,0.7751843,0.0,0.0,0
195482717,0.3004863,-0.12182143,-0.03406959,0.7751843,0.0,0.0,0
195497694,0.2511425,-0.12597094,-0.012083432,0.7751843,0.0,0.0,0
195522700,0.17161421,-0.11527455,0.022242323,0.7751843,0.0,0.0,0
195542603,0.12442769,-0.0901842,0.041630536,0.7751843,0.0,0.0,0
195562559,0.08226664,-0.07222094,0.05070354,0.7751843,0.0,0.0,0
195577673,0.052235525,-0.07808528,0.051121857,0.7751843,0.0,0.0,0
195602466,0.039055545,-0.112772785,0.057669755,0.7751843,0.0,0.0,0
195622434,0.0015284555,-0.13928424,0.05682717,0.7751843,0.0,0.0,0
195637395,0.033834923,-0.1519746,0.039494853,0.7751843,0.0,0.0,0
195662389,0.12581106,-0.14316662,-0.009667155,0.7751843,0.0,0.0,0
195682298,0.1920675,-0.12410061,-0.043953072,0.7751843,0.0,0.0,0
195702255,0.22182554,-0.112567894,-0.057092533,0.7751843,0.0,0.0,0
195717240,0.21075363,-0.10936348,-0.047493763,0.7751843,0.0,0.0,0
195742175,0.118153885,-0.11950239,-0.0145342145,0.7751843,0.0,0.0,0
195762162,0.05825154,-0.1426492,-0.0033244963,0.7751843,0.0,0.0,0
195777222,0.023892457,-0.15687628,-0.0014993084,0.7751843,0.0,0.0,0
195802052,-0.031760193,-0.1530149,0.0019440245,0.7751843,0.0,0.0,0
195822008,-0.05926978,-0.14170158,0.0033600861,0.7751843,0.0,0.0,0
195841994,-0.07827528,-0.15005776,0.022059154,0.7751843,0.0,0.0,0
195861924,-0.10644007,-0.18182266,0.049672894,0.7751843,0.0,0.0,0
195881881,-0.08671077,-0.21894264,0.027492683,0.7751843,0.0,0.0,0
195901844,-0.050784923,-0.24093224,-0.010442884,0.7751843,0.0,0.0,0
195916810,-0.01157816,-0.23643076,-0.051017407,0.7751843,0.0,0.0,0
195941767,0.066053666,-0.1975514,-0.095470555,0.7751843,0.0,0.0,0
195961770,0.09582456,-0.16162243,-0.11868323,0.7751843,0.0,0.0,0
195981739,0.13155687,-0.13232678,-0.11915867,0.7751843,0.0,0.0,0
196001631,0.106380194,-0.107630074,-0.102113105,0.7751843,0.0,0.0,0
196021599,0.062147576,-0.09775154,-0.1051033,0.7751843,0.0,0.0,0
196041556,0.0148389395,-0.09724592,-0.092633635,0.7751843,0.0,0.0,0
196061508,-0.03966894,-0.08043142,-0.06309464,0.7751843,0.0,0.0,0
196081462,-0.07647194,-0.055002075,-0.040248815,0.7751843,0.0,0.0,0
196101437,-0.091073364,-0.04132935,-0.040926468,0.7751843,0.0,0.0,0
196121434,-0.07827794,-0.058089245,-0.04597941,0.7751843,0.0,0.0,0
196141333,-0.05042222,-0.091575354,-0.05152371,0.7751843,0.0,0.0,0
196161339,-0.016430428,-0.11873947,-0.063783124,0.7751843,0.0,0.0,0
196181258,0.08194118,-0.12247122,-0.0635717,0.7751843,0.0,0.0,0
196201211,0.17990348,-0.100090325,-0.03769867,0.7751843,0.0,0.0,0
196221165,0.2510512,-0.068896174,-0.032137692,0.7751843,0.0,0.0,0
196241130,0.29331133,-0.048611816,-0.03075752,0.7751843,0.0,0.0,0
196261115,0.30004507,-0.034864966,-0.029088615,0.7751843,0.0,0.0,0
196281044,0.27914995,-0.03515592,-0.023875384,0.7751843,0.0,0.0,0
196301021,0.22631364,-0.054467957,-0.028958943,0.7751843,0.0,0.0,0
196320958,0.17151041,-0.07123484,-0.028996142,0.7751843,0.0,0.0,0
196340917,0.1235338,-0.071360916,-0.024590068,0.7751843,0.0,0.0,0
196360926,0.093641184,-0.07089922,-0.02370235,0.7751843,0.0,0.0,0
196380837,0.08513331,-0.09058215,-0.02424613,0.7751843,0.0,0.0,0
196400800,0.09059868,-0.15158479,-0.022599671,0.7751843,0.0,0.0,0
196420753,0.09360958,-0.19672638,-0.017702466,0.7751843,0.0,0.0,0
196440724,0.13238761,-0.22490299,-0.018850703,0.7751843,0.0,0.0,0
196460667,0.18993354,-0.21955268,-0.023647638,0.7751843,0.0,0.0,0
196480629,0.23868549,-0.19588903,-0.025681255,0.7751843,0.0,0.0,0
196500583,0.280834,-0.17461185,-0.02580115,0.7751843,0.0,0.0,0
196520560,0.31026393,-0.16130829,-0.026222765,0.7751843,0.0,0.0,0
196540493,0.3117828,-0.15356591,-0.022295348,0.7751843,0.0,0.0,0
196560537,0.2727454,-0.16274568,-0.020871287,0.7751843,0.0,0.0,0
196580417,0.22372419,-0.16564457,-0.014863178,0.7751843,0.0,0.0,0
196600374,0.18303692,-0.15106852,-0.011080255,0.7751843,0.0,0.0,0
196620330,0.14112434,-0.11261361,-0.012267639,0.7751843,0.0,0.0,0
196640297,0.12740453,-0.091219164,-0.010444951,0.7751843,0.0,0.0,0
196660317,0.1195881,-0.109916486,-0.011085904,0.7751843,0.0,0.0,0
196680244,0.11084906,-0.14215559,-0.006307261,0.7751843,0.0,0.0,0
196700202,0.11136361,-0.16839531,-0.0075062187,0.7751843,0.0,0.0,0
196720164,0.23361173,-0.17199,-0.06033711,0.7751843,0.0,0.0,0
196740139,0.34193143,-0.1519252,-0.10141669,0.7751843,0.0,0.0,0
196760253,0.49867,-0.115083545,-0.17897221,0.7751843,0.0,0.0,0
196780003,0.5446334,-0.08245619,-0.17827581,0.7751843,0.0,0.0,0
196799993,0.53014433,-0.06576649,-0.17469749,0.7751843,0.0,0.0,0
196819913,0.49328223,-0.063237146,-0.17344713,0.7751843,0.0,0.0,0
196839876,0.96386397,-0.07003876,-0.15749049,0.7751843,0.0,0.0,0
196859834,0.9846104,-0.0598522,-0.11322915,0.7751843,0.0,0.0,0
196879788,1.0149518,-0.030755363,-0.065679334,0.7751843,0.0,0.0,0
196899754,0.9667546,0.00411039,-0.020523546,0.7751843,0.0,0.0,0
196919722,0.918717,0.015574026,-0.005683636,0.7751843,0.0,0.0,0
196939680,0.8550039,0.006569792,0.016265213,0.7751843,0.0,0.0,0
196964736,0.7972394,-0.002176895,0.04106246,0.7751843,0.0,0.0,0
196979576,0.8116274,0.0004911704,0.034281284,0.7751843,0.0,0.0,0
196999543,0.823644,0.017057037,0.013581682,0.7751843,0.0,0.0,0
197019500,0.83873814,0.03834715,0.0009592289,0.7751843,0.0,0.0,0
197039454,0.8595382,0.05508394,-0.008616173,0.7751843,0.0,0.0,0
197059416,0.82830375,0.059395466,0.0019923858,0.7751843,0.0,0.0,0
197079369,0.78327084,0.0622057,0.010718579,0.7751843,0.0,0.0,0
197104385,0.6658123,0.045428175,0.052566234,0.7751843,0.0,0.0,0
197119298,0.5941382,0.040294018,0.088588744,0.7751843,0.0,0.0,0
197139274,0.51243174,0.04861053,0.11862461,0.7751843,0.0,0.0,0
197159323,0.45484048,0.06224611,0.14121695,0.7751843,0.0,0.0,0
197179180,0.42049968,0.05851636,0.15600829,0.7751843,0.0,0.0,0
197199145,0.38764527,0.027104368,0.26747674,0.7751843,0.0,0.0,0
197219089,0.29113236,0.005674447,0.31589454,0.7751843,0.0,0.0,0
197244029,0.28931627,-0.03790358,0.30559078,0.7751843,0.0,0.0,0
197258992,0.32011023,-0.051138267,0.2829137,0.7751843,0.0,0.0,0
197278957,0.36078158,-0.054030586,0.24139969,0.7751843,0.0,0.0,0
197303906,0.4508649,-0.04558786,0.10591027,0.7751843,0.0,0.0,0
197318871,0.46034452,-0.03374596,0.10157697,0.7751843,0.0,0.0,0
197338863,0.4520064,-0.021937119,0.10949833,0.7751843,0.0,0.0,0
197358914,0.38410798,-0.01923727,0.13948405,0.7751843,0.0,0.0,0
197383735,0.27823788,-0.015022479,0.18578468,0.7751843,0.0,0.0,0
197398739,0.23656738,-0.0016092488,0.24318062,0.7751843,0.0,0.0,0
197418670,0.17055997,0.031499054,0.2715052,0.7751843,0.0,0.0,0
197443611,0.13473898,0.045197323,0.288087,0.7751843,0.0,0.0,0
197458577,0.123258665,0.027483461,0.29525986,0.7751843,0.0,0.0,0
197478534,0.093418695,-0.009019754,0.31385624,0.7751843,0.0,0.0,0
197503529,0.10266281,-0.066190965,0.2734677,0.7751843,0.0,0.0,0
197523437,0.1662451,-0.09657379,0.24644852,0.7751843,0.0,0.0,0
197538417,0.22699238,-0.10689469,0.21955675,0.7751843,0.0,0.0,0
197558425,0.2843501,-0.11425591,0.1937182,0.7751843,0.0,0.0,0
197583314,0.3183158,-0.12777895,0.17996694,0.7751843,0.0,0.0,0
197598308,0.32203192,-0.1393146,0.23409063,0.7751843,0.0,0.0,0
197618244,0.25764295,-0.14809059,0.2621359,0.7751843,0.0,0.0,0
197643230,0.13927785,-0.16718075,0.33178794,0.7751843,0.0,0.0,0
197663156,0.06399302,-0.15939042,0.37640336,0.7751843,0.0,0.0,0
197678111,0.019130107,-0.13812165,0.40109724,0.7751843,0.0,0.0,0
197703068,-0.12474652,-0.027913842,0.73392254,0.7751843,0.0,0.0,0
197723026,-0.14254491,-0.023463372,0.7473473,0.7751843,0.0,0.0,0
197738049,-0.1551995,-0.031604286,0.7644811,0.7751843,0.0,0.0,0
197757984,-0.17051275,-0.053059902,0.769722,0.7751843,0.0,0.0,0
197782937,-0.13237178,-0.08706047,0.7330257,0.7751843,0.0,0.0,0
197802857,0.037154537,-0.16741776,0.37972873,0.7751843,0.0,0.0,0
197817816,0.076407135,-0.15609121,0.3519769,0.7751843,0.0,0.0,0
197842775,0.14558142,-0.13268408,0.31254807,0.7751843,0.0,0.0,0
197862732,0.19283308,-0.12127526,0.28645515,0.7751843,0.0,0.0,0
197877741,0.18664959,-0.11002512,0.28441143,0.7751843,0.0,0.0,0
197897656,0.15797682,-0.10285356,0.25191894,0.7751843,0.0,0.0,0
197922627,0.10367646,-0.10106434,0.27821591,0.7751843,0.0,0.0,0
197942654,0.055271648,-0.07299219,0.29887065,0.7751843,0.0,0.0,0
197957531,0.030375136,-0.052374918,0.30835307,0.7751843,0.0,0.0,0
197982491,0.01600703,-0.042780425,0.3137084,0.7751843,0.0,0.0,0
198002430,0.0023211427,-0.0723215,0.3181957,0.7751843,0.0,0.0,0
198017395,-0.027136458,-0.100773424,0.33096606,0.7751843,0.0,0.0,0
198042372,-0.05706148,-0.14151546,0.34456012,0.7751843,0.0,0.0,0
198062302,-0.03963903,-0.16036484,0.33533713,0.7751843,0.0,0.0,0
198082329,0.008807479,-0.1781225,0.31321946,0.7751843,0.0,0.0,0
198097232,0.044626057,-0.1843391,0.27029043,0.7751843,0.0,0.0,0
198122178,0.088762365,-0.21171087,0.24819404,0.7751843,0.0,0.0,0
198142335,0.07154734,-0.22797231,0.25212988,0.7751843,0.0,0.0,0
198157107,0.034894187,-0.24502414,0.27118495,0.7751843,0.0,0.0,0
198182058,-0.043545686,-0.27619207,0.31143805,0.7751843,0.0,0.0,0
198202040,-0.17425658,-0.23333177,0.5264538,0.7751843,0.0,0.0,0
198221967,-0.21644582,-0.2172192,0.5415962,0.7751843,0.0,0.0,0
198241940,-0.24133852,-0.20722255,0.5351768,0.7751843,0.0,0.0,0
198261891,-0.24672985,-0.22147918,0.5370973,0.7751843,0.0,0.0,0
198281848,-0.26059428,-0.24899313,0.54127204,0.7751843,0.0,0.0,0
198296815,-0.26060647,-0.27052727,0.76620066,0.7751843,0.0,0.0,0
198321787,-0.33825958,-0.23024909,0.763904,0.7751843,0.0,0.0,0
198341914,-0.28255504,-0.22020169,0.7381398,0.7751843,0.0,0.0,0
198361681,-0.19435099,-0.21566096,0.67108214,0.7751843,0.0,0.0,0
198381639,-0.1205449,-0.2155662,0.61484563,0.7751843,0.0,0.0,0
198401596,0.040446773,-0.2587148,0.34805796,0.7751843,0.0,0.0,0
198421552,0.030726846,-0.24554902,0.35295078,0.7751843,0.0,0.0,0
198441521,-0.026453624,-0.23502477,0.38869932,0.7751843,0.0,0.0,0
198461467,-0.068313256,-0.21312588,0.41240072,0.7751843,0.0,0.0,0
198481466,-0.11204838,-0.16450366,0.43633318,0.7751843,0.0,0.0,0
198501383,-0.1256451,-0.1289104,0.37974188,0.7751843,0.0,0.0,0
198521353,-0.14791691,-0.10651367,0.35651886,0.7751843,0.0,0.0,0
198541418,-0.15178546,-0.10746237,0.3507631,0.7751843,0.0,0.0,0
198561268,-0.16012236,-0.11867024,0.3468043,0.7751843,0.0,0.0,0
198581223,-0.16454768,-0.12323982,0.33863446,0.7751843,0.0,0.0,0
198601181,-0.14773172,-0.11951018,0.33239314,0.7751843,0.0,0.0,0
198621172,-0.07948111,-0.10626151,0.31396636,0.7751843,0.0,0.0,0
198641099,-0.08740038,-0.09544981,0.28974488,0.7751843,0.0,0.0,0
198661053,-0.21982267,-0.10702318,0.17522794,0.7751843,0.0,0.0,0
198681007,-0.23552752,-0.09844603,0.17489591,0.7751843,0.0,0.0,0
198700967,-0.33715063,-0.10993713,0.12285145,0.7751843,0.0,0.0,0
198720951,-0.41310802,-0.12856875,0.11598859,0.7751843,0.0,0.0,0
198741010,-0.48626217,-0.13074277,0.1035458,0.7751843,0.0,0.0,0
198760840,-0.5530228,-0.122303754,0.08235176,0.7751843,0.0,0.0,0
198780803,-0.6084187,-0.116667785,0.06178478,0.7751843,0.0,0.0,0
198800762,-0.6195933,-0.14539583,0.0601373,0.7751843,0.0,0.0,0
198820719,-0.61705637,-0.18908429,0.06763132,0.7751843,0.0,0.0,0
198840684,-0.60732347,-0.22821812,0.076566316,0.7751843,0.0,0.0,0
198860661,-0.5782804,-0.25058615,0.075703725,0.7751843,0.0,0.0,0
198880624,-0.53323996,-0.24804915,0.06036492,0.7751843,0.0,0.0,0
198900554,-0.48509583,-0.23486267,0.046153124,0.7751843,0.0,0.0,0
198920517,-0.4477065,-0.22396873,0.040543254,0.7751843,0.0,0.0,0
198940545,-0.42458472,-0.21647324,0.0371221,0.7751843,0.0,0.0,0
198960424,-0.4313472,-0.2157256,0.037594866,0.7751843,0.0,0.0,0
198980389,-0.46606112,-0.22459866,0.04236259,0.7751843,0.0,0.0,0
199000351,-0.4921739,-0.21933995,0.04374802,0.7751843,0.0,0.0,0
199020327,-0.51128554,-0.19155073,0.039730325,0.7751843,0.0,0.0,0
199040275,-0.5206856,-0.15433516,0.032617036,0.7751843,0.0,0.0,0
199060244,-0.5116913,-0.13773692,0.0285919,0.7751843,0.0,0.0,0
199080212,-0.506412,-0.15003271,0.03081397,0.7751843,0.0,0.0,0
199100164,-0.5024921,-0.17606334,0.035872567,0.7751843,0.0,0.0,0
199120181,-0.4939017,-0.19487408,0.039008286,0.7751843,0.0,0.0,0
199140116,-0.45076847,-0.1930532,0.035191122,0.7751843,0.0,0.0,0
199160049,-0.39218575,-0.18426332,0.029145665,0.7751843,0.0,0.0,0
199179964,-0.34809914,-0.17993644,0.02521747,0.7751843,0.0,0.0,0
199199922,-0.28324187,-0.1832933,0.020855848,0.7751843,0.0,0.0,0
199219883,-0.26773152,-0.18806693,0.020217936,0.7751843,0.0,0.0,0
199239861,-0.2835616,-0.2054541,0.023404013,0.7751843,0.0,0.0,0
199259799,-0.30331126,-0.2250508,0.027438952,0.7751843,0.0,0.0,0
199279757,-0.32174155,-0.21778633,0.028184144,0.7751843,0.0,0.0,0
199299718,-0.33784252,-0.18998371,0.025831275,0.7751843,0.0,0.0,0
199319716,-0.34945908,-0.16270517,0.022892823,0.7751843,0.0,0.0,0
199344643,-0.33915892,-0.16221899,0.022143222,0.7751843,0.0,0.0,0
199359601,-0.3245375,-0.17329988,0.022624156,0.7751843,0.0,0.0,0
199379552,-0.32009366,-0.1844432,0.023745544,0.7751843,0.0,0.0,0
199399516,-0.28782254,-0.17780507,0.020561466,0.7751843,0.0,0.0,0
199419472,-0.23772645,-0.14554943,0.013882257,0.7751843,0.0,0.0,0
199439429,-0.19223216,-0.1125638,0.008672456,0.7751843,0.0,0.0,0
199459425,-0.16269809,-0.08091413,0.0052732793,0.7751843,0.0,0.0,0
199484316,-0.14479505,-0.045980025,0.002666068,0.7751843,0.0,0.0,0
199499313,-0.16194485,-0.03551566,0.002303862,0.7751843,0.0,0.0,0
199519359,-0.21847188,-0.031882584,0.0027933004,0.7751843,0.0,0.0,0
199539238,-0.27323094,-0.021224996,0.002329032,0.7751843,0.0,0.0,0
199559192,-0.30879235,0.005461518,-0.0006780318,0.7751843,0.0,0.0,0
199579169,-0.32906443,0.032311853,-0.0042777993,0.7751843,0.0,0.0,0
199599082,-0.33183354,0.036990024,-0.0049388334,0.77395576,0.0,0.0,0
199624028,-0.3107333,0.010921613,-0.001364512,0.77395576,0.0,0.0,0
199639012,-0.28291905,-0.0108665265,0.0012350178,0.77395576,0.0,0.0,0
199658958,-0.2537889,-0.03119456,0.0031776768,0.77395576,0.0,0.0,0
199683898,-0.16369544,-0.026145903,0.0017144409,0.77395576,0.0,0.0,0
199698880,-0.10272087,-0.014568999,0.00059896,0.77395576,0.0,0.0,0
199718896,-0.048373383,0.003101841,-6.0013255e-05,0.77395576,0.0,0.0,0
199743785,0.0012944053,0.014612971,7.5612843e-06,0.77395576,0.0,0.0,0
199763737,-0.02867009,0.017939223,-0.00020572617,0.77395576,0.0,0.0,0
199778744,-0.07359175,0.011265983,-0.0003317272,0.77395576,0.0,0.0,0
199798691,-0.13472635,-0.0023270089,0.00012553063,0.77272725,0.0,0.0,0
199823609,-0.21073154,0.005196741,-0.00043908422,0.77272725,0.0,0.0,0
199838582,-0.24039567,0.015622071,-0.0015068362,0.77272725,0.0,0.0,0
199858569,-0.2613452,0.017769624,-0.0018643875,0.77272725,0.0,0.0,0
199883494,-0.25665623,-0.02448718,0.0025227908,0.77272725,0.0,0.0,0
199903457,-0.239093,-0.071110904,0.0068216645,0.77272725,0.0,0.0,0
199918469,-0.22896951,-0.0988591,0.009079705,0.77272725,0.0,0.0,0
199938371,-0.16552792,-0.117712505,0.0078052967,0.77272725,0.0,0.0,0
199963325,-0.0719647,-0.105470516,0.0030369202,0.77272725,0.0,0.0,0
199978289,-0.01832304,-0.091385394,0.0006697956,0.77272725,0.0,0.0,0
199998292,0.041560423,-0.074521735,-0.0012389768,0.77272725,0.0,0.0,0
200023191,0.05536051,-0.055041824,-0.0012190572,0.77272725,0.0,0.0,0
200043149,0.020930672,-0.05547776,-0.00046449684,0.77272725,0.0,0.0,0
200058112,-0.017296312,-0.0592187,0.00040972113,0.77272725,0.0,0.0,0
200083076,-0.08217503,-0.05048832,0.0016601575,0.77272725,0.0,0.0,0
200103043,-0.13070889,-0.03225897,0.0016881529,0.77272725,0.0,0.0,0
200118192,-0.15411869,-0.019970823,0.0012327197,0.77272725,0.0,0.0,0
200137949,-0.16301587,-0.03065004,0.0020014145,0.77272725,0.0,0.0,0
200162899,-0.17219752,-0.08090281,0.005581339,0.77272725,0.0,0.0,0
200182858,-0.17523378,-0.12106755,0.008499978,0.77272725,0.0,0.0,0
200197837,-0.14418122,-0.14126058,0.008155898,0.77272725,0.0,0.0,0
200222769,-0.07272153,-0.14510444,0.004222082,0.77272725,0.0,0.0,0
200242741,-0.025545485,-0.13787645,0.0014088989,0.77272725,0.0,0.0,0
200257722,0.0042361217,-0.13322975,-0.00022575913,0.77272725,0.0,0.0,0
200277660,0.042881723,-0.13134313,-0.0022531198,0.77272725,0.0,0.0,0
200302621,0.02872241,-0.13661958,-0.001569693,0.77272725,0.0,0.0,0
200322621,-0.015824167,-0.156167,0.0009885095,0.77272725,0.0,0.0,0
200337538,-0.04944873,-0.16708301,0.003305251,0.77149874,0.0,0.0,0
200362486,-0.09434616,-0.15150584,0.005720317,0.76412773,0.0,0.0,0
200382447,-0.11948082,-0.12610362,0.0060313917,0.7628993,0.0,0.0,0
200397408,-0.12775013,-0.11574094,0.00591954,0.7628993,0.0,0.0,0
200422396,-0.12927933,-0.13398743,0.0069349078,0.7616707,0.0,0.0,0
200442312,-0.1226944,-0.15670921,0.00769712,0.7616707,0.0,0.0,0
200462265,-0.10420426,-0.16676748,0.0069551975,0.7616707,0.0,0.0,0
200477236,-0.070174955,-0.15567628,0.0043709837,0.7628993,0.0,0.0,0
200502293,0.010666618,-0.10536716,-0.0004495696,0.7616707,0.0,0.0,0
200522183,0.06438381,-0.063811235,-0.0016437344,0.7616707,0.0,0.0,0
200537121,0.08786382,-0.04087232,-0.0014370752,0.7616707,0.0,0.0,0
200562104,0.09225101,-0.012386347,-0.0004572699,0.7616707,0.0,0.0,0
200582017,0.07812652,-0.004419537,-0.00013817963,0.7616707,0.0,0.0,0
200601972,0.04196677,-0.010106034,-0.00016966346,0.7628993,0.0,0.0,0
200621937,-0.0052629495,-0.007579012,1.5957681e-05,0.7616707,0.0,0.0,0
200641897,-0.044978883,0.0015163204,-2.7276283e-05,0.7616707,0.0,0.0,0
200661854,-0.06164353,0.002436642,-6.0088532e-05,0.7616707,0.0,0.0,0
200676828,-0.06772781,-0.016909592,0.000458214,0.7616707,0.0,0.0,0
200701823,-0.07737267,-0.08349732,0.0025849924,0.7616707,0.0,0.0,0
200721734,-0.08588773,-0.14256173,0.00489965,0.7616707,0.0,0.0,0
200741686,-0.059807684,-0.19491309,0.0046638134,0.7616707,0.0,0.0,0
200761669,-0.010350695,-0.22799826,0.0009439902,0.7616707,0.0,0.0,0
200781598,0.03570112,-0.24979271,-0.0035674006,0.7616707,0.0,0.0,0
200801561,0.07163853,-0.27554357,-0.007897977,0.7616707,0.0,0.0,0
200821522,0.0896817,-0.3059649,-0.010980496,0.7616707,0.0,0.0,0
200841508,0.0704173,-0.3387518,-0.009544124,0.7628993,0.0,0.0,0
200861427,0.020638732,-0.38163134,-0.0031506293,0.7628993,0.0,0.0,0
200881408,-0.034361444,-0.41078085,0.005646374,0.7628993,0.0,0.0,0
200901392,-0.08509961,-0.4087895,0.013920507,0.7616707,0.0,0.0,0
200921307,-0.12835707,-0.38327026,0.01969549,0.7616707,0.0,0.0,0
200941262,-0.15243845,-0.36451918,0.022254286,0.7616707,0.0,0.0,0
200961243,-0.17005491,-0.37290865,0.025405189,0.7616707,0.0,0.0,0
200981174,-0.18987517,-0.39758196,0.030254574,0.7616707,0.0,0.0,0
201001137,-0.1838374,-0.42106625,0.031019026,0.7616707,0.0,0.0,0
201021097,-0.13169527,-0.43014082,0.022680005,0.7616707,0.0,0.0,0
201041055,-0.064722195,-0.4097784,0.010611077,0.7628993,0.0,0.0,0
201061010,-0.015603016,-0.37625182,0.0023483082,0.7616707,0.0,0.0,0
201080975,0.01664147,-0.3491795,-0.0023243828,0.7616707,0.0,0.0,0
201100979,0.026277749,-0.3237316,-0.0034029018,0.7616707,0.0,0.0,0
201120905,0.0063837445,-0.3069501,-0.0007838045,0.7616707,0.0,0.0,0
201140855,-0.04590798,-0.3027267,0.0055596563,0.7616707,0.0,0.0,0
201160801,-0.09940961,-0.28973323,0.011526987,0.76044226,0.0,0.0,0
201180769,-0.14769703,-0.26127452,0.0154537745,0.76044226,0.0,0.0,0
201200722,-0.17513333,-0.23331808,0.016371503,0.76044226,0.0,0.0,0
201220679,-0.17959493,-0.23170674,0.016674045,0.75429976,0.0,0.0,0
201240673,-0.18894534,-0.25660414,0.019430676,0.74815726,0.0,0.0,0
201260588,-0.19877188,-0.289049,0.023030477,0.74570024,0.0,0.0,0
201280553,-0.17444783,-0.31296903,0.021874227,0.7444717,0.0,0.0,0
201300555,-0.119530894,-0.3143322,0.015040427,0.7444717,0.0,0.0,0
201320471,-0.06142222,-0.30014768,0.0073757926,0.7444717,0.0,0.0,0
201340427,-0.012273747,-0.28583294,0.0014033166,0.7444717,0.0,0.0,0
201360385,0.03582091,-0.2760336,-0.003955383,0.7444717,0.0,0.0,0
201380404,0.055040117,-0.26927918,-0.005929424,0.7444717,0.0,0.0,0
201400306,0.024821997,-0.27719864,-0.0027523437,0.7444717,0.0,0.0,0
201420308,-0.024283832,-0.29875553,0.0029020647,0.7444717,0.0,0.0,0
201440258,-0.06988296,-0.30792257,0.008609674,0.7444717,0.0,0.0,0
201460205,-0.11314772,-0.30202356,0.013678653,0.7444717,0.0,0.0,0
201480183,-0.14245532,-0.2970226,0.016943328,0.7444717,0.0,0.0,0
201500297,-0.15368755,-0.3143018,0.019346092,0.7444717,0.0,0.0,0
201520057,-0.16161165,-0.35271952,0.022833258,0.7444717,0.0,0.0,0
201542573,-0.16327016,-0.39146632,0.025602326,0.7432432,0.0,0.0,0
201559983,-0.13752481,-0.4218604,0.02322995,0.7432432,0.0,0.0,0
201579929,-0.09217928,-0.42349538,0.015622084,0.7432432,0.0,0.0,0
201599887,-0.040366493,-0.40740022,0.006578701,0.7444717,0.0,0.0,0
201619839,0.010846771,-0.3928298,-0.0017043862,0.7444717,0.0,0.0,0
201639809,0.050613612,-0.3835262,-0.0077657215,0.7432432,0.0,0.0,0
201659760,0.058214683,-0.37244233,-0.008674219,0.7444717,0.0,0.0,0
201679753,0.033093445,-0.37260208,-0.0049325684,0.7444717,0.0,0.0,0
201699796,-0.010593502,-0.37226424,0.0015774535,0.7444717,0.0,0.0,0
201724639,-0.052994393,-0.33812442,0.0071685594,0.7444717,0.0,0.0,0
201739598,-0.07593691,-0.30490705,0.009264335,0.7444717,0.0,0.0,0
201759551,-0.09864138,-0.26315472,0.0103885755,0.7444717,0.0,0.0,0
201779502,-0.1076612,-0.24767652,0.010672676,0.7444717,0.0,0.0,0
201799501,-0.12029778,-0.25826037,0.01243686,0.7444717,0.0,0.0,0
201819424,-0.12980454,-0.27741146,0.01441668,0.7444717,0.0,0.0,0
201839387,-0.08920376,-0.2868355,0.010239069,0.7444717,0.0,0.0,0
201864325,-0.007520623,-0.26507258,0.00079741725,0.7444717,0.0,0.0,0
201879322,0.032708254,-0.23961267,-0.0031351163,0.7444717,0.0,0.0,0
201899349,0.07422864,-0.21012242,-0.006240675,0.7444717,0.0,0.0,0
201919233,0.097658016,-0.18298507,-0.007151623,0.7444717,0.0,0.0,0
201939250,0.108545266,-0.16224577,-0.007048835,0.7444717,0.0,0.0,0
201959126,0.08906167,-0.15570329,-0.005549228,0.7444717,0.0,0.0,0
201979081,0.05004113,-0.16176425,-0.0032383793,0.7432432,0.0,0.0,0
202004033,-0.004118002,-0.15853532,0.00026114014,0.7432432,0.0,0.0,0
202019005,-0.03306644,-0.15090114,0.0019960268,0.7432432,0.0,0.0,0
202038960,-0.05204611,-0.14828537,0.003087526,0.7444717,0.0,0.0,0
202063908,-0.05787074,-0.1842379,0.004265558,0.7444717,0.0,0.0,0
202078997,-0.06191725,-0.21974319,0.005443473,0.7432432,0.0,0.0,0
202098917,-0.06653332,-0.26683176,0.007102963,0.7432432,0.0,0.0,0
202118826,-0.03512076,-0.30340865,0.00426266,0.7444717,0.0,0.0,0
202143771,0.039930984,-0.31580338,-0.005044571,0.7444717,0.0,0.0,0
202158736,0.0772255,-0.3159134,-0.009761737,0.7432432,0.0,0.0,0
202178683,0.12422228,-0.32107982,-0.015967261,0.7432432,0.0,0.0,0
202203652,0.16875534,-0.3310216,-0.022378664,0.7432432,0.0,0.0,0
202218582,0.16648921,-0.33953714,-0.022645202,0.7432432,0.0,0.0,0
202238543,0.13392551,-0.36062622,-0.019337323,0.7444717,0.0,0.0,0
202263493,0.07077466,-0.38174516,-0.010810048,0.7444717,0.0,0.0,0
202283485,0.022253927,-0.36913145,-0.0032859454,0.7444717,0.0,0.0,0
202298454,-0.0063911797,-0.34706396,0.00088726263,0.7444717,0.0,0.0,0
202318376,-0.030746695,-0.3182539,0.0039143087,0.7444717,0.0,0.0,0
202343358,-0.04844228,-0.3141882,0.0060887607,0.7432432,0.0,0.0,0
202358310,-0.054227207,-0.32593,0.007070835,0.7432432,0.0,0.0,0
202378242,-0.05591114,-0.33958358,0.0075958697,0.7432432,0.0,0.0,0
202403214,0.009803725,-0.3355042,-0.0013156834,0.7432432,0.0,0.0,0
202423152,0.09384681,-0.30127224,-0.011314692,0.7432432,0.0,0.0,0
202438131,0.14963023,-0.26579937,-0.015927672,0.7432432,0.0,0.0,0
202463077,0.15307303,-0.21117258,-0.050380286,0.7432432,0.0,0.0,0
202483076,-0.012573375,-0.17593095,-0.14286076,0.7432432,0.0,0.0,0
202498014,0.0034254321,-0.14989984,-0.13215595,0.7432432,0.0,0.0,0
202522978,-0.1136036,-0.14397043,-0.09748624,0.73955774,0.0,0.0,0
202542940,-0.19638051,-0.14359026,-0.06125733,0.73341525,0.0,0.0,0
202562868,-0.25921437,-0.12491157,-0.028131805,0.73218673,0.0,0.0,0
202577824,-0.29374838,-0.103531,-0.010605312,0.73218673,0.0,0.0,0
202602784,-0.3170964,-0.08107848,0.0022792707,0.73218673,0.0,0.0,0
202622763,-0.3175563,-0.09752601,0.002200362,0.73218673,0.0,0.0,0
202637720,-0.31378582,-0.12462522,-0.0025527528,0.73218673,0.0,0.0,0
202662676,-0.26059029,-0.17323226,-0.050941657,0.73218673,0.0,0.0,0
202682655,-0.16890198,-0.19537108,-0.13488667,0.73218673,0.0,0.0,0
202702582,-0.09369431,-0.19524895,-0.12036381,0.73218673,0.0,0.0,0
202717534,-0.028309274,-0.18348785,-0.15403989,0.73218673,0.0,0.0,0
202742491,0.042199988,-0.16468549,-0.19064417,0.73218673,0.0,0.0,0
202762444,0.07806202,-0.15738367,-0.20065139,0.73218673,0.0,0.0,0
202777452,0.07635772,-0.15541849,-0.20037943,0.73218673,0.0,0.0,0
202802363,0.022485366,-0.17147943,-0.17288266,0.73218673,0.0,0.0,0
202822329,-0.040291987,-0.18640843,-0.14078143,0.73218673,0.0,0.0,0
202842278,-0.10760498,-0.17988062,-0.10591552,0.73218673,0.0,0.0,0
202857251,-0.14847493,-0.16311264,-0.084821425,0.73218673,0.0,0.0,0
202882340,-0.18141793,-0.13489793,-0.068031766,0.73218673,0.0,0.0,0
202902147,-0.1726278,-0.14116783,-0.12513937,0.73218673,0.0,0.0,0
202917145,-0.18619032,-0.1647853,-0.113133766,0.73218673,0.0,0.0,0
202942069,-0.18805692,-0.21083318,-0.11339659,0.73218673,0.0,0.0,0
202962027,-0.11490117,-0.23194626,-0.17970435,0.73218673,0.0,0.0,0
202981981,-0.010442981,-0.22232796,-0.2716674,0.73218673,0.0,0.0,0
203001946,0.035646427,-0.20754458,-0.23520474,0.73218673,0.0,0.0,0
203021895,0.0841397,-0.19106543,-0.2665228,0.73218673,0.0,0.0,0
203041880,0.12496307,-0.17612708,-0.26978374,0.73218673,0.0,0.0,0
203056855,0.13835119,-0.16827238,-0.27027076,0.73218673,0.0,0.0,0
203081895,0.11702376,-0.16960952,-0.26876438,0.73218673,0.0,0.0,0
203101735,0.06594723,-0.1765184,-0.21869186,0.73218673,0.0,0.0,0
203121693,0.021187203,-0.15217018,-0.1916509,0.73218673,0.0,0.0,0
203141650,-0.021193396,-0.109522425,-0.1668457,0.73218673,0.0,0.0,0
203161601,-0.04319336,-0.06392178,-0.15358236,0.73218673,0.0,0.0,0
203181594,-0.044997126,-0.045753233,-0.15227859,0.73218673,0.0,0.0,0
203201537,-0.06504351,-0.059127033,-0.112856776,0.73218673,0.0,0.0,0
203221474,-0.07049073,-0.07480952,-0.11117645,0.73218673,0.0,0.0,0
203241447,-0.029109575,-0.07956557,-0.13107793,0.73218673,0.0,0.0,0
203261405,0.038425803,-0.05456424,-0.16082357,0.73218673,0.0,0.0,0
203281443,0.09758106,-0.022848565,-0.16143106,0.73218673,0.0,0.0,0
203301313,0.1516773,0.0034720567,-0.21851917,0.73218673,0.0,0.0,0
203321330,0.16537313,0.006958495,-0.21822487,0.73218673,0.0,0.0,0
203341233,0.17902063,0.0041828942,-0.21867846,0.73218673,0.0,0.0,0
203361196,0.17004004,-0.009900179,-0.22028747,0.73218673,0.0,0.0,0
203381149,0.13121156,-0.036291208,-0.22244649,0.73218673,0.0,0.0,0
203401109,0.086096294,-0.046909712,-0.1690495,0.73218673,0.0,0.0,0
203421058,0.03398133,-0.04332333,-0.16077916,0.73218673,0.0,0.0,0
203441020,0.0077636875,-0.030318853,-0.1480021,0.73218673,0.0,0.0,0
203461067,-0.0030079838,-0.03806932,-0.14364287,0.73218673,0.0,0.0,0
203480999,-0.009385455,-0.07283099,-0.14246126,0.73218673,0.0,0.0,0
203500890,-0.01288285,-0.11635203,-0.13667324,0.73218673,0.0,0.0,0
203520858,0.0082741985,-0.15042962,-0.14997438,0.73218673,0.0,0.0,0
203540810,0.06525063,-0.15853429,-0.17085563,0.73218673,0.0,0.0,0
203560769,0.11662708,-0.15376243,-0.17394125,0.73218673,0.0,0.0,0
203580734,0.15836841,-0.14606974,-0.17588839,0.73218673,0.0,0.0,0
203600693,0.18182355,-0.15028042,-0.17803991,0.73218673,0.0,0.0,0
203620641,0.17175452,-0.15929557,-0.17850997,0.73218673,0.0,0.0,0
203640607,0.1323474,-0.18123423,-0.17550497,0.73218673,0.0,0.0,0
203660572,0.07431298,-0.21141864,-0.17087181,0.73218673,0.0,0.0,0
203680559,-0.0015431144,-0.22503296,-0.14278081,0.73218673,0.0,0.0,0
203700488,-0.07122425,-0.21689138,-0.13096693,0.73218673,0.0,0.0,0
203720495,-0.10366965,-0.19540149,-0.105393484,0.73218673,0.0,0.0,0
203740391,0.002782394,-0.19067971,-0.09780227,0.73218673,0.0,0.0,0
203760350,-0.00963655,-0.21355262,-0.09131588,0.73218673,0.0,0.0,0
203780309,0.042880073,-0.24393003,-0.08066955,0.73218673,0.0,0.0,0
203800305,0.064707145,-0.26778886,-0.075371295,0.73218673,0.0,0.0,0
203820248,0.10479908,-0.26733175,-0.08002488,0.73218673,0.0,0.0,0
203840220,0.16257103,-0.23328914,-0.0835951,0.73218673,0.0,0.0,0
203860223,0.21161416,-0.19365747,-0.08430515,0.73218673,0.0,0.0,0
203880187,0.24114603,-0.1670695,-0.08365924,0.73218673,0.0,0.0,0
203900072,0.24202423,-0.1444557,-0.081107,0.73218673,0.0,0.0,0
203920014,0.2020466,-0.13263406,-0.08329714,0.73218673,0.0,0.0,0
203939976,0.14861254,-0.13105087,-0.080175444,0.73218673,0.0,0.0,0
203959935,0.08838733,-0.121985406,-0.0763769,0.73218673,0.0,0.0,0
203979906,0.03451023,-0.09283715,-0.07263304,0.73218673,0.0,0.0,0
203999848,0.0030536773,-0.0592043,-0.06975571,0.73218673,0.0,0.0,0
204019836,-0.009521532,-0.0455348,-0.06168128,0.73218673,0.0,0.0,0
204039772,-0.040783744,-0.06369834,-0.052534778,0.73218673,0.0,0.0,0
204059772,-0.10120103,-0.095350206,-0.043227606,0.73218673,0.0,0.0,0
204079691,-0.08536606,-0.11944788,-0.053690873,0.73218673,0.0,0.0,0
204104637,-0.1458091,-0.1184182,-0.07003104,0.73218673,0.0,0.0,0
204119612,-0.103560686,-0.103114866,-0.08694254,0.73218673,0.0,0.0,0
204139561,-0.06104773,-0.08571542,-0.103876725,0.73218673,0.0,0.0,0
204159561,-0.015918674,-0.071990974,-0.12185046,0.73218673,0.0,0.0,0
204179470,0.015240707,-0.06429375,-0.13586554,0.73218673,0.0,0.0,0
204199432,-0.0022198828,-0.07441491,-0.17664148,0.73218673,0.0,0.0,0
204219397,-0.027917674,-0.09671115,-0.15511422,0.73218673,0.0,0.0,0
204244345,-0.07787988,-0.12537302,-0.1286828,0.73218673,0.0,0.0,0
204259348,-0.10949434,-0.12729092,-0.1112815,0.73218673,0.0,0.0,0
204279287,-0.13673529,-0.119354255,-0.096848786,0.73218673,0.0,0.0,0
204299267,-0.13884577,-0.11974845,-0.08221242,0.73218673,0.0,0.0,0
204319203,-0.145402,-0.14695743,-0.08172724,0.73218673,0.0,0.0,0
204339162,-0.14595515,-0.18740973,-0.08015485,0.73218673,0.0,0.0,0
204359138,-0.14837724,-0.22555465,-0.080129705,0.73218673,0.0,0.0,0
204384033,-0.11640625,-0.25131363,-0.09714397,0.73218673,0.0,0.0,0
204399012,-0.08463213,-0.24890362,-0.1281004,0.73218673,0.0,0.0,0
204418974,-0.02433669,-0.26016974,-0.1550824,0.73218673,0.0,0.0,0
204443942,0.08752307,-0.29263893,-0.18157521,0.73218673,0.0,0.0,0
204458932,0.12865299,-0.3172579,-0.173474,0.73218673,0.0,0.0,0
204478850,0.11474896,-0.33249313,-0.16976878,0.73218673,0.0,0.0,0
204498824,0.066293865,-0.34780005,-0.15755902,0.73218673,0.0,0.0,0
204523748,0.007777518,-0.35563385,-0.13190468,0.73218673,0.0,0.0,0
204538729,-0.032950018,-0.34122655,-0.10860097,0.73218673,0.0,0.0,0
204558717,-0.07170297,-0.3073929,-0.08386112,0.73218673,0.0,0.0,0
204583615,-0.09389935,-0.28049904,-0.068872385,0.73218673,0.0,0.0,0
204598589,-0.10640875,-0.28318802,-0.061272766,0.73218673,0.0,0.0,0
204618565,-0.11735027,-0.298377,-0.055660598,0.73218673,0.0,0.0,0
204643516,-0.09532639,-0.31684178,-0.06953928,0.73218673,0.0,0.0,0
204658612,-0.061613943,-0.31175172,-0.09351735,0.73218673,0.0,0.0,0
204678420,-0.0010991833,-0.2884265,-0.12954554,0.73218673,0.0,0.0,0
204698412,0.0435424,-0.25110278,-0.15779616,0.73218673,0.0,0.0,0
204723320,0.10715605,-0.20313345,-0.15968338,0.73218673,0.0,0.0,0
204738296,0.13329652,-0.189918,-0.16071577,0.73218673,0.0,0.0,0
204758267,0.10430825,-0.15296519,-0.16309941,0.73218673,0.0,0.0,0
204783195,0.051385753,-0.16644658,-0.16047394,0.73218673,0.0,0.0,0
204803157,-0.010135663,-0.13772708,-0.12315111,0.73218673,0.0,0.0,0
204818124,-0.05184106,-0.13607146,-0.102919176,0.73218673,0.0,0.0,0
204843118,-0.09186362,-0.12123397,-0.07397993,0.73218673,0.0,0.0,0
204863089,-0.07925731,-0.12554413,-0.06657,0.73218673,0.0,0.0,0
204878022,-0.035634268,-0.1483143,-0.06478337,0.73218673,0.0,0.0,0
204897964,-0.014145938,-0.19476764,-0.055976845,0.73218673,0.0,0.0,0
204922912,0.016607244,-0.25002933,-0.061888386,0.73218673,0.0,0.0,0
204942869,0.08565978,-0.2816518,-0.059696317,0.73218673,0.0,0.0,0
204957844,0.12431549,-0.29204798,-0.06515423,0.73218673,0.0,0.0,0
204982800,0.2682804,-0.28871953,-0.03787005,0.73218673,0.0,0.0,0
205002781,0.31552008,-0.29275802,-0.03679334,0.73218673,0.0,0.0,0
205017710,0.32641426,-0.30124566,-0.039557397,0.73218673,0.0,0.0,0
205037681,0.30573466,-0.3126045,-0.038421348,0.73218673,0.0,0.0,0
205062659,0.25257167,-0.33722663,-0.03418595,0.73218673,0.0,0.0,0
205082571,0.19989423,-0.34235153,-0.027432127,0.73218673,0.0,0.0,0
205097546,0.16173361,-0.324523,-0.021023853,0.73218673,0.0,0.0,0
205122489,0.11074166,-0.2657159,-0.011778032,0.73218673,0.0,0.0,0
205142485,0.09078567,-0.22144431,-0.008045125,0.73218673,0.0,0.0,0
205157432,0.08213436,-0.20688225,-0.0067993086,0.73218673,0.0,0.0,0
205182365,0.0654901,-0.20799442,-0.00544988,0.73218673,0.0,0.0,0
205202320,0.060281184,-0.2163608,-0.0052180076,0.73218673,0.0,0.0,0
205222306,0.100901715,-0.21380284,-0.00863392,0.73218673,0.0,0.0,0
205237264,0.1490908,-0.19308573,-0.011528596,0.73218673,0.0,0.0,0
205262202,0.21281427,-0.14986672,-0.012788421,0.73218673,0.0,0.0,0
205282177,0.2462821,-0.12312728,-0.012169013,0.73218673,0.0,0.0,0
205302121,0.2586778,-0.11030452,-0.011454241,0.73218673,0.0,0.0,0
205322067,0.253973,-0.10377212,-0.010578551,0.73218673,0.0,0.0,0
205342027,0.21963239,-0.11419573,-0.010058323,0.73218673,0.0,0.0,0
205362006,0.16958426,-0.13041593,-0.008860197,0.73218673,0.0,0.0,0
205381947,0.12484986,-0.12940897,-0.0064680586,0.73218673,0.0,0.0,0
205401899,0.092140675,-0.116081625,-0.004280276,0.73218673,0.0,0.0,0
205421855,0.07700823,-0.10558191,-0.0032532997,0.73218673,0.0,0.0,0
205436841,0.07116761,-0.11281448,-0.0032123672,0.73218673,0.0,0.0,0
205461778,0.06585694,-0.14663748,-0.003863733,0.73218673,0.0,0.0,0
205481738,0.06952869,-0.17339748,-0.0048236847,0.73218673,0.0,0.0,0
205501696,0.100450225,-0.19120798,-0.0076868953,0.73218673,0.0,0.0,0
205521653,0.14539711,-0.18862519,-0.010982609,0.73218673,0.0,0.0,0
205541656,0.18879014,-0.17784904,-0.0134560475,0.73218673,0.0,0.0,0
205561564,0.23521113,-0.16677353,-0.015737262,0.73218673,0.0,0.0,0
205581531,0.26673988,-0.16584423,-0.017762365,0.73218673,0.0,0.0,0
205601479,0.24618715,-0.16868702,-0.016665336,0.73218673,0.0,0.0,0
205621445,0.19000843,-0.18595627,-0.014160585,0.73218673,0.0,0.0,0
205641446,0.124135956,-0.20894262,-0.010383457,0.73218673,0.0,0.0,0
205661350,0.060526736,-0.21312761,-0.0051609776,0.73218673,0.0,0.0,0
205681340,0.003955615,-0.20101485,-0.0003180653,0.73218673,0.0,0.0,0
205701265,-0.033153445,-0.19112925,0.0025347874,0.73218673,0.0,0.0,0
205721222,-0.053896986,-0.20715345,0.0044666715,0.73218673,0.0,0.0,0
205741188,-0.06563536,-0.24591617,0.006457805,0.7309582,0.0,0.0,0
205761152,-0.07031243,-0.28702825,0.008074795,0.7309582,0.0,0.0,0
205781099,-0.032445755,-0.32024294,0.0041564438,0.73218673,0.0,0.0,0
205801062,0.02415991,-0.33190832,-0.0032076538,0.73218673,0.0,0.0,0
205821076,0.08378283,-0.3231632,-0.010834268,0.7309582,0.0,0.0,0
205841024,0.13414457,-0.30870068,-0.016580123,0.7309582,0.0,0.0,0
205860937,0.1639492,-0.30175278,-0.019817276,0.7309582,0.0,0.0,0
205880898,0.15081726,-0.2971784,-0.017949635,0.7309582,0.0,0.0,0
205900848,0.10226522,-0.305129,-0.012488602,0.7309582,0.0,0.0,0
205920814,0.039284114,-0.31758192,-0.0049907835,0.7309582,0.0,0.0,0
205940771,-0.016944023,-0.30825362,0.0020892613,0.7309582,0.0,0.0,0
205960794,-0.059783645,-0.2779842,0.0066488315,0.7309582,0.0,0.0,0
205980690,-0.07857406,-0.24272399,0.007631239,0.7309582,0.0,0.0,0
206000653,-0.084180616,-0.23221971,0.007822322,0.7309582,0.0,0.0,0
206020611,-0.09333354,-0.24695416,0.009223938,0.7309582,0.0,0.0,0
206040720,-0.09314106,-0.26652128,0.009934228,0.7297297,0.0,0.0,0
206060516,-0.054377824,-0.28106004,0.006114339,0.7309582,0.0,0.0,0
206080474,0.009118285,-0.27443302,-0.0010009495,0.7309582,0.0,0.0,0
206100433,0.06976612,-0.23974639,-0.006692215,0.7309582,0.0,0.0,0
206120401,0.11881088,-0.20008783,-0.009516212,0.7309582,0.0,0.0,0
206140368,0.16254671,-0.17131954,-0.011154697,0.7309582,0.0,0.0,0
206160308,0.17912991,-0.14472388,-0.010387537,0.7309582,0.0,0.0,0
206180281,0.1603075,-0.1326153,-0.008515366,0.7309582,0.0,0.0,0
206200258,0.119924106,-0.13734482,-0.0065934444,0.7309582,0.0,0.0,0
206220225,0.077460304,-0.13943331,-0.0043216026,0.7309582,0.0,0.0,0
206240326,0.035350915,-0.12797,-0.0018096695,0.7309582,0.0,0.0,0
206260188,0.010270096,-0.11519841,-0.00047324348,0.7309582,0.0,0.0,0
206280087,0.0031961477,-0.12293589,-0.00015717618,0.7309582,0.0,0.0,0
206300017,-0.0025737593,-0.15686242,0.00016149509,0.7309582,0.0,0.0,0
206319982,-0.007491896,-0.1995217,0.00059792376,0.7309582,0.0,0.0,0
206339933,0.0086243935,-0.2325036,-0.00080208626,0.7309582,0.0,0.0,0
206359890,0.058120806,-0.24806067,-0.0057680365,0.7309582,0.0,0.0,0
206379850,0.10946516,-0.24029098,-0.010528127,0.7309582,0.0,0.0,0
206399812,0.15216511,-0.22009215,-0.013412709,0.7309582,0.0,0.0,0
206419787,0.21809152,-0.2015779,-0.029077003,0.7309582,0.0,0.0,0
206439832,0.24513304,-0.18926847,-0.03492109,0.7309582,0.0,0.0,0
206459689,0.2323086,-0.18534076,-0.035995767,0.7309582,0.0,0.0,0
206484636,0.19791162,-0.19552897,-0.038572762,0.7309582,0.0,0.0,0
206499597,0.17898943,-0.19490094,-0.05060039,0.7309582,0.0,0.0,0
206519620,0.13516493,-0.17515048,-0.043443017,0.7309582,0.0,0.0,0
206539530,0.10902499,-0.14230157,-0.015352395,0.7309582,0.0,0.0,0
206559476,0.09848891,-0.12156155,0.0020802226,0.7309582,0.0,0.0,0
206579428,0.09715157,-0.12671874,0.01474785,0.7309582,0.0,0.0,0
206599392,0.09410781,-0.14613456,0.023473714,0.7297297,0.0,0.0,0
206624375,0.11409116,-0.16092584,0.012009137,0.7309582,0.0,0.0,0
206639378,0.15281004,-0.15372422,-0.016562812,0.7309582,0.0,0.0,0
206659323,0.21576993,-0.12649518,-0.056738444,0.7309582,0.0,0.0,0
206679241,0.2546779,-0.09146702,-0.08086733,0.7309582,0.0,0.0,0
206699198,0.28266034,-0.054257974,-0.078815065,0.7309582,0.0,0.0,0
206719160,0.2855535,-0.024683218,-0.07785376,0.7309582,0.0,0.0,0
206739093,0.27077293,0.00072370435,-0.07676783,0.7309582,0.0,0.0,0
206764045,0.20444329,0.010055936,-0.04039955,0.7309582,0.0,0.0,0
206779014,0.14839987,0.01077891,-0.010773145,0.7309582,0.0,0.0,0
206799008,0.08162456,0.025696674,0.022910273,0.7309582,0.0,0.0,0
206823960,0.016386896,0.051420413,0.052909877,0.7309582,0.0,0.0,0
206838941,-0.006701627,0.05433129,0.06410027,0.7309582,0.0,0.0,0
206858856,-0.02364714,0.02922647,0.070068195,0.7309582,0.0,0.0,0
206878830,-0.04781084,-0.013592029,0.060267262,0.7309582,0.0,0.0,0
206903747,-0.04968267,-0.06690706,0.05059137,0.7309582,0.0,0.0,0
206918741,-0.03238248,-0.08993086,0.042444818,0.7309582,0.0,0.0,0
206938748,0.014879408,-0.103214785,0.02264647,0.7309582,0.0,0.0,0
206963626,0.06658084,-0.10665073,-0.0052367332,0.7309582,0.0,0.0,0
206978588,0.09618878,-0.10761959,-0.019904183,0.7309582,0.0,0.0,0
206998552,0.103313126,-0.11182136,-0.039820824,0.7309582,0.0,0.0,0
207023538,0.021444699,-0.12273124,0.011136915,0.7309582,0.0,0.0,0
207043452,-0.08122736,-0.13932332,0.016520327,0.7309582,0.0,0.0,0
207058457,-0.14154229,-0.14760073,0.020379577,0.7309582,0.0,0.0,0
207078383,-0.20615858,-0.13289467,0.023004727,0.7309582,0.0,0.0,0
207103346,-0.21527472,-0.08441565,0.05367999,0.7309582,0.0,0.0,0
207118312,-0.22137992,-0.05770029,0.057347946,0.7309582,0.0,0.0,0
207138253,-0.2266574,-0.045039125,0.059193466,0.7309582,0.0,0.0,0
207163207,-0.2052119,-0.05372686,0.08424358,0.7309582,0.0,0.0,0
207183157,-0.14502837,-0.06464997,0.11752829,0.7309582,0.0,0.0,0
207198190,-0.13536724,-0.066992864,0.11088438,0.7309582,0.0,0.0,0
207223122,-0.021335775,-0.045532435,0.14390628,0.7297297,0.0,0.0,0
207243041,0.009468081,-0.020665053,0.12478892,0.7297297,0.0,0.0,0
207258010,0.05869237,-0.006857688,0.11390593,0.7309582,0.0,0.0,0
207277959,0.09462285,0.0019454634,0.102818206,0.7309582,0.0,0.0,0
207302910,0.18357831,0.0023376157,0.07778677,0.7309582,0.0,0.0,0
207322870,0.17647637,-0.009941531,0.09149202,0.7309582,0.0,0.0,0
207337836,0.15357836,-0.024227196,0.10368228,0.7309582,0.0,0.0,0
207362794,0.13624987,-0.025670791,0.11503553,0.7297297,0.0,0.0,0
207382747,0.112255536,-0.010942441,0.12435141,0.7309582,0.0,0.0,0
207397750,0.102226116,0.00011214081,0.14256722,0.7309582,0.0,0.0,0
207417705,0.090788804,-0.007852672,0.14644483,0.7309582,0.0,0.0,0
207442625,0.060688734,-0.05517634,0.1634503,0.7309582,0.0,0.0,0
207462594,0.015624926,-0.092224196,0.18952554,0.7297297,0.0,0.0,0
207477549,0.035418916,-0.12228913,0.18329065,0.7297297,0.0,0.0,0
207502506,0.07994359,-0.14854376,0.1769875,0.7309582,0.0,0.0,0
207522490,0.11187085,-0.15170982,0.15566084,0.7309582,0.0,0.0,0
207537423,0.13775732,-0.14977467,0.14205913,0.7309582,0.0,0.0,0
207562363,0.16038695,-0.15191725,0.13039073,0.7309582,0.0,0.0,0
207582331,0.16719145,-0.15439528,0.12739082,0.7309582,0.0,0.0,0
207602297,0.14303757,-0.16579801,0.14481305,0.7309582,0.0,0.0,0
207617298,0.09890329,-0.17270255,0.16396207,0.7309582,0.0,0.0,0
207642199,0.053815633,-0.15368038,0.18746272,0.7309582,0.0,0.0,0
207662182,0.034305446,-0.115339026,0.19590877,0.7309582,0.0,0.0,0
207677129,0.028346503,-0.08526692,0.19776759,0.7309582,0.0,0.0,0
207702066,0.018988548,-0.06445606,0.21446548,0.7309582,0.0,0.0,0
207722031,0.00520617,-0.074928455,0.22243915,0.7309582,0.0,0.0,0
207741989,-0.0062699406,-0.08909832,0.22964999,0.7309582,0.0,0.0,0
207761947,0.0056371423,-0.099720895,0.22235219,0.7309582,0.0,0.0,0
207781950,0.042686094,-0.091334574,0.19783442,0.7309582,0.0,0.0,0
207801924,0.09440854,-0.06468115,0.15935214,0.7309582,0.0,0.0,0
207816987,0.12040172,-0.0438968,0.14450374,0.7309582,0.0,0.0,0
207841784,0.14294045,-0.024772713,0.12729318,0.7309582,0.0,0.0,0
207861742,0.14226542,-0.012761048,0.12559618,0.7309582,0.0,0.0,0
207881695,0.0938518,-0.010084061,0.15156093,0.7309582,0.0,0.0,0
207901659,0.04221043,-0.018800713,0.1374074,0.7309582,0.0,0.0,0
207921617,-0.00811117,-0.009821423,0.15713143,0.7309582,0.0,0.0,0
207941590,-0.06292712,0.014376983,0.16811968,0.7309582,0.0,0.0,0
207961544,-0.1027731,0.03502255,0.16100293,0.7309582,0.0,0.0,0
207981482,-0.12515971,0.027412733,0.15979211,0.7309582,0.0,0.0,0
208001452,-0.15502404,-0.004897078,0.18811068,0.7309582,0.0,0.0,0
208021472,-0.18096964,-0.05160683,0.1955268,0.7309582,0.0,0.0,0
208041394,-0.17745048,-0.096333794,0.19925092,0.7297297,0.0,0.0,0
208061335,-0.14852159,-0.13003875,0.19681281,0.7309582,0.0,0.0,0
208081281,-0.11462996,-0.14408314,0.19362041,0.7297297,0.0,0.0,0
208101227,-0.09538307,-0.14786714,0.20502204,0.7297297,0.0,0.0,0
208121192,-0.054836206,-0.15523215,0.20157869,0.7309582,0.0,0.0,0
208141156,-0.041719317,-0.16292103,0.19601066,0.7309582,0.0,0.0,0
208161125,-0.08662224,-0.17294808,0.20960376,0.7309582,0.0,0.0,0
208181080,-0.1383493,-0.18804166,0.21525314,0.7309582,0.0,0.0,0
208201052,-0.18262626,-0.18412471,0.19890703,0.7309582,0.0,0.0,0
208221019,-0.21499547,-0.15874614,0.19803295,0.7297297,0.0,0.0,0
208240951,-0.23639688,-0.116523355,0.19558299,0.7297297,0.0,0.0,0
208260897,-0.24732614,-0.09364167,0.19240429,0.7309582,0.0,0.0,0
208280857,-0.26172233,-0.10137281,0.1944816,0.7309582,0.0,0.0,0
208300814,-0.27617425,-0.12645139,0.2406534,0.7297297,0.0,0.0,0
208320778,-0.2867329,-0.14347582,0.24467166,0.7297297,0.0,0.0,0
208340781,-0.23928684,-0.15780471,0.24976714,0.7309582,0.0,0.0,0
208360700,-0.17805965,-0.14173152,0.24325183,0.7309582,0.0,0.0,0
208380652,-0.1224748,-0.116042346,0.24344294,0.7297297,0.0,0.0,0
208400653,-0.09537423,-0.09929476,0.44499373,0.7309582,0.0,0.0,0
208420591,-0.14328939,-0.05972359,0.4441036,0.7309582,0.0,0.0,0
208440527,-0.13631174,-0.055418454,0.44694003,0.7309582,0.0,0.0,0
208460489,-0.15853928,-0.055926245,0.45029327,0.7309582,0.0,0.0,0
208480442,-0.17740798,-0.047561374,0.45635855,0.7297297,0.0,0.0,0
208500434,-0.18763481,-0.020440785,0.34587932,0.7297297,0.0,0.0,0
208520348,-0.15747775,-0.0055870344,0.33863285,0.7297297,0.0,0.0,0
208540310,-0.15268591,0.01252784,0.33245453,0.7309582,0.0,0.0,0
208560286,-0.14398889,0.0053949193,0.33296335,0.7309582,0.0,0.0,0
208580253,-0.1357112,-0.014551931,0.3345216,0.7309582,0.0,0.0,0
208600271,-0.12721175,-0.028590893,0.2053267,0.7309582,0.0,0.0,0
208620190,-0.05119078,-0.042805746,0.19980675,0.7309582,0.0,0.0,0
208640186,0.0030529138,-0.010643331,0.1680885,0.7309582,0.0,0.0,0
208660078,0.05061003,0.03366296,0.14076996,0.7309582,0.0,0.0,0
208680024,0.08415867,0.06749716,0.12308204,0.7309582,0.0,0.0,0
208700001,0.090415925,0.08993592,0.09915838,0.7309582,0.0,0.0,0
208719940,0.07622862,0.10592585,0.10846976,0.7309582,0.0,0.0,0
208739899,0.015467619,0.11069743,0.13223362,0.7309582,0.0,0.0,0
208759852,-0.04948,0.1063466,0.15461965,0.7309582,0.0,0.0,0
208779816,-0.100798875,0.10911497,0.15248719,0.7297297,0.0,0.0,0
208799818,-0.14228177,0.11535504,0.16803776,0.7297297,0.0,0.0,0
208819733,-0.1754387,0.11142918,0.1654828,0.7309582,0.0,0.0,0
208839695,-0.1801601,0.07282435,0.17105603,0.7309582,0.0,0.0,0
208859648,-0.19502294,0.014767356,0.17408065,0.7309582,0.0,0.0,0
208879611,-0.20267025,-0.04217342,0.1768589,0.7309582,0.0,0.0,0
208899601,-0.17441525,-0.09083435,0.2057858,0.7309582,0.0,0.0,0
208919525,-0.14666145,-0.11331586,0.1969747,0.7309582,0.0,0.0,0
208939488,-0.10445636,-0.12273149,0.18890327,0.7309582,0.0,0.0,0
208959462,-0.06036387,-0.12578876,0.18339182,0.7309582,0.0,0.0,0
208979395,-0.034038093,-0.13226826,0.16495486,0.7309582,0.0,0.0,0
209004455,-0.07140677,-0.13517706,0.17169718,0.7309582,0.0,0.0,0
209019311,-0.11463341,-0.14274766,0.17487197,0.7309582,0.0,0.0,0
209039326,-0.1734685,-0.14875846,0.17924698,0.7309582,0.0,0.0,0
209059240,-0.21929553,-0.12995969,0.18003197,0.7309582,0.0,0.0,0
209079207,-0.25100365,-0.09292182,0.17685018,0.7309582,0.0,0.0,0
209099176,-0.27047274,-0.060740925,0.21776414,0.7309582,0.0,0.0,0
209119096,-0.29715282,-0.04893921,0.21367371,0.7297297,0.0,0.0,0
209144050,-0.29370037,-0.07492371,0.22129223,0.7297297,0.0,0.0,0
209159021,-0.27476844,-0.094769344,0.223065,0.7285012,0.0,0.0,0
209179032,-0.24384613,-0.11351635,0.22370903,0.7285012,0.0,0.0,0
209204007,-0.17839415,-0.102688245,0.21352208,0.7285012,0.0,0.0,0
209218897,-0.13487576,-0.08104314,0.20978908,0.7285012,0.0,0.0,0
209238861,-0.095252976,-0.05218491,0.20250116,0.7285012,0.0,0.0,0
209258813,-0.046754584,-0.033923466,0.19611505,0.7272727,0.0,0.0,0
209283754,-0.033785433,-0.009369762,0.18895558,0.7272727,0.0,0.0,0
209298732,-0.06135266,0.0003738812,0.14361234,0.7272727,0.0,0.0,0
209318743,-0.08774163,0.003182544,0.14314155,0.7272727,0.0,0.0,0
209343628,-0.13050202,0.029523762,0.14051561,0.7272727,0.0,0.0,0
209358595,-0.15343772,0.053937048,0.13750917,0.7272727,0.0,0.0,0
209378563,-0.18057138,0.079640806,0.1310218,0.7223587,0.0,0.0,0
209403567,-0.19494236,0.07461502,0.17604657,0.7199017,0.0,0.0,0
209418466,-0.20297948,0.04569474,0.1758519,0.7186732,0.0,0.0,0
209438432,-0.20501405,0.0022820467,0.18106799,0.7174447,0.0,0.0,0
209458386,-0.19129182,-0.041137163,0.182116,0.7174447,0.0,0.0,0
209483336,-0.1308108,-0.06842678,0.17923301,0.7174447,0.0,0.0,0
209498303,-0.07911899,-0.06520046,0.17440744,0.7174447,0.0,0.0,0
209518270,-0.017347274,-0.054621074,0.1514266,0.7174447,0.0,0.0,0
209543212,0.03493146,-0.043919347,0.1166112,0.7174447,0.0,0.0,0
209563168,0.02648648,-0.03218034,0.12031198,0.7174447,0.0,0.0,0
209578169,0.00062046817,-0.029769793,0.13695398,0.7174447,0.0,0.0,0
209603122,-0.05488467,-0.037220538,0.10528971,0.7174447,0.0,0.0,0
209623033,-0.09943879,-0.026748672,0.102818936,0.7174447,0.0,0.0,0
209638016,-0.13793209,-0.008201846,0.096831866,0.7174447,0.0,0.0,0
209657969,-0.16680668,0.018580982,0.09386638,0.7174447,0.0,0.0,0
209682944,-0.2440397,0.019983374,0.066553846,0.7174447,0.0,0.0,0
209702878,-0.24960676,-0.018378086,0.08163815,0.7174447,0.0,0.0,0
209717854,-0.29565865,-0.05640505,0.060715087,0.7174447,0.0,0.0,0
209742832,-0.3092067,-0.11512554,0.047379173,0.7174447,0.0,0.0,0
209762743,-0.2649782,-0.1473381,0.04901079,0.7174447,0.0,0.0,0
209777724,-0.2761421,-0.15898415,0.017632714,0.7174447,0.0,0.0,0
209802696,-0.21835785,-0.16713923,0.014635705,0.7174447,0.0,0.0,0
209822639,-0.17597812,-0.21196604,0.014945252,0.7174447,0.0,0.0,0
209842578,-0.15784925,-0.2572291,0.016262993,0.7174447,0.0,0.0,0
209857545,-0.17424336,-0.27066994,0.018895596,0.7174447,0.0,0.0,0
209882515,-0.2377422,-0.33283055,0.03174695,0.7174447,0.0,0.0,0
209902468,-0.27886274,-0.36172813,0.043823153,0.7174447,0.0,0.0,0
209917421,-0.3110485,-0.356814,0.04782021,0.7174447,0.0,0.0,0
209942377,-0.32556853,-0.3478952,0.06806653,0.7174447,0.0,0.0,0
209962324,-0.3155931,-0.34907803,0.083095364,0.7174447,0.0,0.0,0
209982338,-0.32260904,-0.36309618,0.08610492,0.7174447,0.0,0.0,0
209997301,-0.33074665,-0.37444857,0.08121435,0.7174447,0.0,0.0,0
210022233,-0.32845262,-0.4032807,0.08219409,0.7174447,0.0,0.0,0
210042158,-0.29894516,-0.41487408,0.07879268,0.7174447,0.0,0.0,0
210057120,-0.26203817,-0.40686685,0.07165552,0.7174447,0.0,0.0,0
210082081,-0.2081947,-0.37320712,0.05966287,0.7174447,0.0,0.0,0
210102029,-0.1787759,-0.3549665,0.06342099,0.7174447,0.0,0.0,0
210121992,-0.15383546,-0.34319577,0.055097293,0.7174447,0.0,0.0,0
210141953,-0.15774818,-0.33831212,0.047598984,0.7174447,0.0,0.0,0
210161907,-0.18121608,-0.34378117,0.051503967,0.7174447,0.0,0.0,0
210181903,-0.21480215,-0.35154593,0.05309253,0.7174447,0.0,0.0,0
210196855,-0.23713645,-0.34224442,0.047844138,0.7174447,0.0,0.0,0
210221779,-0.26353487,-0.29765162,0.04678088,0.7174447,0.0,0.0,0
210241745,-0.26699036,-0.25291246,0.04220287,0.7174447,0.0,0.0,0
210261700,-0.25668722,-0.23425211,0.0391364,0.7174447,0.0,0.0,0
210281705,-0.25116903,-0.24194784,0.039420113,0.7174447,0.0,0.0,0
210301610,-0.24444586,-0.2601265,0.0389265,0.7174447,0.0,0.0,0
210321591,-0.21764895,-0.27731642,0.034286596,0.7174447,0.0,0.0,0
210341534,-0.15988451,-0.26563653,0.027034257,0.7174447,0.0,0.0,0
210361486,-0.08887186,-0.23533443,0.018295046,0.7174447,0.0,0.0,0
210381491,-0.040965512,-0.2091117,0.013279486,0.7174447,0.0,0.0,0
210401412,-0.00742052,-0.19362281,0.008404532,0.7174447,0.0,0.0,0
210421392,0.00970152,-0.17758138,0.0022355537,0.7174447,0.0,0.0,0
210441320,-0.013815109,-0.17120902,0.006106604,0.7174447,0.0,0.0,0
210461271,-0.0711609,-0.17546438,0.004995886,0.7174447,0.0,0.0,0
210481232,-0.13138287,-0.17742802,0.0093330005,0.7174447,0.0,0.0,0
210501186,-0.18369018,-0.1735059,0.012771528,0.7174447,0.0,0.0,0
210521148,-0.22108342,-0.15658236,0.01388332,0.7174447,0.0,0.0,0
210541113,-0.23753043,-0.15882283,0.015135681,0.7174447,0.0,0.0,0
210561125,-0.23959494,-0.19630739,0.018871523,0.7174447,0.0,0.0,0
210581179,-0.2320929,-0.24529845,0.022838475,0.7174447,0.0,0.0,0
210600997,-0.21172486,-0.2760897,0.023438087,0.7174447,0.0,0.0,0
210620935,-0.16952233,-0.30392855,0.020640723,0.7174447,0.0,0.0,0
210640904,-0.11697967,-0.29409337,0.013771234,0.7174447,0.0,0.0,0
210660856,-0.066508576,-0.27762902,0.0073876358,0.7174447,0.0,0.0,0
210680816,-0.030239906,-0.26654947,0.0032243344,0.7174447,0.0,0.0,0
210700782,-0.015015548,-0.2633402,0.0015817075,0.7174447,0.0,0.0,0
210720743,-0.04659386,-0.26201776,0.004883938,0.7174447,0.0,0.0,0
210740706,-0.10505659,-0.2708042,0.011386611,0.7174447,0.0,0.0,0
210760660,-0.16949587,-0.28500256,0.019352363,0.7174447,0.0,0.0,0
210780734,-0.21667013,-0.2630099,0.0228518,0.7174447,0.0,0.0,0
210800566,-0.25372735,-0.2394207,0.024382817,0.7174447,0.0,0.0,0
210820527,-0.27740777,-0.2170654,0.024185603,0.7174447,0.0,0.0,0
210840505,-0.29037982,-0.22718534,0.026507331,0.7174447,0.0,0.0,0
210860499,-0.2966749,-0.2594579,0.030935258,0.7174447,0.0,0.0,0
210880399,-0.29335985,-0.27967197,0.032969315,0.7174447,0.0,0.0,0
210900352,-0.26214215,-0.31413278,0.033060294,0.7174447,0.0,0.0,0
210920329,-0.21667983,-0.31284705,0.027183231,0.7174447,0.0,0.0,0
210940283,-0.1634886,-0.29825544,0.019532463,0.7174447,0.0,0.0,0
210960273,-0.11486744,-0.27917796,0.016517652,0.7174447,0.0,0.0,0
210980319,-0.06235142,-0.270668,0.018051213,0.7174447,0.0,0.0,0
211000187,-0.04713986,-0.25784627,0.022059537,0.7174447,0.0,0.0,0
211020142,-0.074292876,-0.2516158,0.024466634,0.7174447,0.0,0.0,0
211040079,-0.10998165,-0.24868771,0.027937815,0.7174447,0.0,0.0,0
211060019,-0.13992098,-0.22566184,0.029590633,0.7174447,0.0,0.0,0
211079987,-0.15085082,-0.17889482,0.04110471,0.7174447,0.0,0.0,0
211099934,-0.11348879,-0.13297844,0.08586765,0.7174447,0.0,0.0,0
211119932,-0.10238495,-0.09938026,0.09420872,0.7174447,0.0,0.0,0
211139847,-0.09653232,-0.09308215,0.10084147,0.7174447,0.0,0.0,0
211159826,-0.08396519,-0.10122814,0.10436599,0.7174447,0.0,0.0,0
211179848,-0.055412296,-0.104019195,0.11410551,0.7174447,0.0,0.0,0
211199732,-0.011736694,-0.0939721,0.14472368,0.7174447,0.0,0.0,0
211219689,0.034103774,-0.05775877,0.0967051,0.7174447,0.0,0.0,0
211239666,0.10858893,-0.010235819,0.037651703,0.7174447,0.0,0.0,0
211259645,0.16133365,0.028326541,-0.007521523,0.7174447,0.0,0.0,0
211279562,0.19209099,0.062129553,-0.030479535,0.7174447,0.0,0.0,0
211299518,0.15256654,0.08877495,0.0013047403,0.7174447,0.0,0.0,0
211319478,0.10180159,0.107716724,0.018964704,0.7174447,0.0,0.0,0
211339434,0.030009659,0.10053055,0.03535888,0.7174447,0.0,0.0,0
211359408,-0.01139621,0.12607677,0.054913167,0.7174447,0.0,0.0,0
211384341,-0.05320155,0.15160319,0.04907133,0.7174447,0.0,0.0,0
211399360,-0.066930294,0.15483022,0.04969194,0.7174447,0.0,0.0,0
211419281,-0.07781661,0.12812278,0.047739673,0.7174447,0.0,0.0,0
211439245,-0.09033902,0.07987052,0.046969727,0.7174447,0.0,0.0,0
211459199,-0.1141722,0.029618258,0.037569493,0.7174447,0.0,0.0,0
211479166,-0.086723596,-0.011908004,0.0397988,0.7174447,0.0,0.0,0
211499123,-0.05954021,-0.027853306,0.02108912,0.7174447,0.0,0.0,0
211524063,-0.022685569,-0.029103568,0.014566476,0.7174447,0.0,0.0,0
211539064,-0.012509583,-0.037592735,0.010464269,0.7174447,0.0,0.0,0
211559021,-0.0063680434,-0.047322042,0.0063230605,0.7174447,0.0,0.0,0
211583936,-0.030965604,-0.06512021,0.007072685,0.7174447,0.0,0.0,0
211598893,-0.06791395,-0.08410343,0.012507542,0.7174447,0.0,0.0,0
211618855,-0.122866414,-0.11353782,0.01583837,0.7174447,0.0,0.0,0
211638851,-0.1645486,-0.12097103,0.01824538,0.7174447,0.0,0.0,0
211663793,-0.21802951,-0.10620498,0.012671039,0.7174447,0.0,0.0,0
211678748,-0.23156264,-0.093291804,0.012077298,0.7174447,0.0,0.0,0
211698690,-0.24149813,-0.0947695,0.011820251,0.7174447,0.0,0.0,0
211723637,-0.24490069,-0.1225778,0.014712995,0.7174447,0.0,0.0,0
211738597,-0.23325253,-0.1425078,0.016019585,0.7174447,0.0,0.0,0
211758594,-0.22130534,-0.1633857,0.017204318,0.7174447,0.0,0.0,0
211783505,-0.1943308,-0.16214521,0.0153288245,0.7174447,0.0,0.0,0
211803496,-0.15898454,-0.13646771,0.011720835,0.7174447,0.0,0.0,0
211818425,-0.13654168,-0.11603183,0.009355495,0.7174447,0.0,0.0,0
211838389,-0.11455148,-0.097119614,0.0074473796,0.7174447,0.0,0.0,0
211863328,-0.102632694,-0.08221055,0.0063571446,0.7174447,0.0,0.0,0
211878309,-0.121234536,-0.08226069,0.0069735926,0.7174447,0.0,0.0,0
211898274,-0.17054173,-0.084634155,0.008840964,0.7174447,0.0,0.0,0
211923203,-0.22384903,-0.08101291,0.010333652,0.7174447,0.0,0.0,0
211943184,-0.25100464,-0.060168613,0.009108506,0.7174447,0.0,0.0,0
211958208,-0.26673794,-0.037909154,0.0070882947,0.7174447,0.0,0.0,0
211983084,-0.2739547,-0.023022478,0.005547617,0.7174447,0.0,0.0,0
212003041,-0.27523237,-0.04444158,0.0073306044,0.7174447,0.0,0.0,0
212018005,-0.27088764,-0.067069694,0.00973756,0.7174447,0.0,0.0,0
212037968,-0.25472024,-0.09840017,0.012533177,0.7174447,0.0,0.0,0
212062916,-0.21713243,-0.12944485,0.013772564,0.7174447,0.0,0.0,0
212082882,-0.16390288,-0.12752569,0.013385659,0.7174447,0.0,0.0,0
212097873,-0.12732008,-0.120088026,0.0119642215,0.7174447,0.0,0.0,0
212122789,-0.08639626,-0.11643063,0.0069336444,0.7174447,0.0,0.0,0
212142760,-0.06963374,-0.11894373,0.0062214048,0.7174447,0.0,0.0,0
212157769,-0.081252486,-0.119896896,0.0068022404,0.7174447,0.0,0.0,0
212177677,-0.120205626,-0.13263392,0.009294153,0.7174447,0.0,0.0,0
212202621,-0.18413195,-0.15227444,0.011235826,0.7174447,0.0,0.0,0
212222591,-0.2222328,-0.14042331,0.012515654,0.7174447,0.0,0.0,0
212237589,-0.24585158,-0.11925556,0.011765627,0.7174447,0.0,0.0,0
212262514,-0.26779023,-0.08895869,0.009565522,0.7174447,0.0,0.0,0
212282451,-0.27779296,-0.095832966,0.010692738,0.7174447,0.0,0.0,0
212297418,-0.29119658,-0.116042234,0.013577912,0.7174447,0.0,0.0,0
212322377,-0.29445326,-0.15523525,0.018368838,0.7174447,0.0,0.0,0
212342355,-0.26953596,-0.18000174,0.019482335,0.7174447,0.0,0.0,0
212362419,-0.22626193,-0.17519991,0.015899869,0.7174447,0.0,0.0,0
212377252,-0.18794487,-0.16236196,0.01222909,0.7174447,0.0,0.0,0
212402199,-0.14770184,-0.14478263,0.008563831,0.7174447,0.0,0.0,0
212422155,-0.12603535,-0.14310372,0.0072205747,0.7174447,0.0,0.0,0
212437149,-0.11169304,-0.1442414,0.006448599,0.7174447,0.0,0.0,0
212462074,-0.12611113,-0.16125861,0.008141515,0.7174447,0.0,0.0,0
212482031,-0.15663737,-0.17910004,0.011236224,0.7174447,0.0,0.0,0
212502041,-0.17667925,-0.17607497,0.012464284,0.7174447,0.0,0.0,0
212521948,-0.19021957,-0.15402825,0.011742351,0.7174447,0.0,0.0,0
212541925,-0.1956934,-0.12907623,0.010124446,0.7174447,0.0,0.0,0
212561943,-0.1884556,-0.12545447,0.009474999,0.7174447,0.0,0.0,0
212576855,-0.18564731,-0.14033851,0.010440591,0.7174447,0.0,0.0,0
212601793,-0.18031874,-0.174358,0.012597868,0.7174447,0.0,0.0,0
212621739,-0.16213074,-0.19232713,0.012490373,0.7174447,0.0,0.0,0
212641745,-0.129357,-0.18895851,0.009785988,0.7174447,0.0,0.0,0
212661662,-0.0917523,-0.16327204,0.005994932,0.7174447,0.0,0.0,0
212681613,-0.057319865,-0.13572253,0.0031124023,0.7174447,0.0,0.0,0
212701572,-0.019418944,-0.11945245,0.00092787476,0.7174447,0.0,0.0,0
212721539,-0.002918406,-0.110245794,0.00012870214,0.7174447,0.0,0.0,0
212741501,-0.030507348,-0.11192413,0.0013658726,0.7174447,0.0,0.0,0
212761494,-0.080476746,-0.12423066,0.0040004733,0.7174447,0.0,0.0,0
212781460,-0.124321,-0.13463254,0.0067005875,0.7174447,0.0,0.0,0
212801366,-0.16616678,-0.1270958,0.008460103,0.7174447,0.0,0.0,0
212821325,-0.20251183,-0.112296596,0.009116511,0.7174447,0.0,0.0,0
212841283,-0.21618225,-0.11101193,0.009623523,0.7174447,0.0,0.0,0
212861237,-0.22282696,-0.13872115,0.012397174,0.7174447,0.0,0.0,0
212881198,-0.23498008,-0.18148841,0.01710888,0.7174447,0.0,0.0,0
212901160,-0.23013349,-0.22208223,0.020501396,0.7174447,0.0,0.0,0
212921110,-0.19982912,-0.25294396,0.0202614,0.7174447,0.0,0.0,0
212941120,-0.16276076,-0.25723168,0.016770592,0.7174447,0.0,0.0,0
212961064,-0.14427806,-0.24662153,0.028984131,0.7174447,0.0,0.0,0
212980984,-0.1056908,-0.23232825,0.024223072,0.7174447,0.0,0.0,0
213000953,-0.0862072,-0.22682771,0.029028445,0.7174447,0.0,0.0,0
213020909,-0.11986699,-0.22154658,0.034624655,0.7174447,0.0,0.0,0
213040880,-0.16752225,-0.22334589,0.038931146,0.7174447,0.0,0.0,0
213060815,-0.21348493,-0.22378306,0.043095592,0.7174447,0.0,0.0,0
213080832,-0.28933895,-0.19893238,0.064311445,0.7174447,0.0,0.0,0
213100739,-0.3466635,-0.15536977,0.07641012,0.7174447,0.0,0.0,0
213120699,-0.3662735,-0.11260709,0.08281386,0.7174447,0.0,0.0,0
213140694,-0.39185342,-0.09566701,0.09721064,0.7174447,0.0,0.0,0
213160639,-0.4252859,-0.1017181,0.113574415,0.7174447,0.0,0.0,0
213180570,-0.4385474,-0.11731306,0.13546087,0.7174447,0.0,0.0,0
213200521,-0.5303364,-0.1294415,0.08679189,0.7174447,0.0,0.0,0
213220491,-0.45315418,-0.12689114,0.05857349,0.7174447,0.0,0.0,0
213240444,-0.36917013,-0.098832294,0.021966733,0.7174447,0.0,0.0,0
213260398,-0.31084037,-0.07200704,-0.00031056008,0.7174447,0.0,0.0,0
213280356,-0.27103204,-0.05471537,-0.016747164,0.7174447,0.0,0.0,0
213300312,-0.2454342,-0.044672973,-0.036344655,0.7174447,0.0,0.0,0
213320282,-0.2522728,-0.044220462,-0.031217825,0.7174447,0.0,0.0,0
213340333,-0.29348725,-0.05841114,-0.010130551,0.7174447,0.0,0.0,0
213360256,-0.33286223,-0.070771456,0.009547624,0.7174447,0.0,0.0,0
213380192,-0.3630421,-0.065676816,0.024799068,0.7174447,0.0,0.0,0
213400132,-0.38670066,-0.056414876,0.036043573,0.7174447,0.0,0.0,0
213420081,-0.39378658,-0.06425469,0.039321817,0.7174447,0.0,0.0,0
213440033,-0.39218163,-0.10015119,0.038907308,0.7174447,0.0,0.0,0
213459987,-0.38316265,-0.1503262,0.034489654,0.7174447,0.0,0.0,0
213479976,-0.35182148,-0.19726005,0.018277463,0.7174447,0.0,0.0,0
213499893,-0.27964523,-0.22804174,-0.022375572,0.7174447,0.0,0.0,0
213519857,-0.1927523,-0.22684552,-0.07160093,0.7174447,0.0,0.0,0
213539880,-0.110231064,-0.21008258,-0.11743482,0.7174447,0.0,0.0,0
213559782,-0.044418555,-0.19709393,-0.1539113,0.7174447,0.0,0.0,0
213579736,0.009507058,-0.1843781,-0.18311882,0.7174447,0.0,0.0,0
213599696,0.0019592452,-0.17784335,-0.19293232,0.7174447,0.0,0.0,0
213624662,-0.061444636,-0.18777196,-0.15043207,0.7174447,0.0,0.0,0
213639618,-0.111745976,-0.19233963,-0.120327294,0.7174447,0.0,0.0,0
213659569,-0.1722878,-0.17579024,-0.084149815,0.7174447,0.0,0.0,0
213679522,-0.21929266,-0.14295866,-0.056445275,0.7174447,0.0,0.0,0
213699485,-0.2402707,-0.11221936,-0.033821326,0.7174447,0.0,0.0,0
213719458,-0.23853081,-0.10884226,-0.034040768,0.7174447,0.0,0.0,0
213739598,-0.23763427,-0.12786186,-0.034845736,0.7174447,0.0,0.0,0
213764332,-0.20496602,-0.15826796,-0.05119679,0.7174447,0.0,0.0,0
213779307,-0.16630971,-0.17518313,-0.07084483,0.7174447,0.0,0.0,0
213799306,-0.10055384,-0.17656246,-0.11790861,0.7174447,0.0,0.0,0
213819266,-0.004922023,-0.1535458,-0.16677874,0.7174447,0.0,0.0,0
213839215,0.082681805,-0.13053484,-0.19460098,0.7174447,0.0,0.0,0
213859177,0.14537826,-0.120627016,-0.18179236,0.7174447,0.0,0.0,0
213879105,0.18975551,-0.11940324,-0.15009165,0.7174447,0.0,0.0,0
213904040,0.19634098,-0.14541374,-0.100574926,0.7174447,0.0,0.0,0
213919030,0.16726975,-0.15574849,-0.094087146,0.7174447,0.0,0.0,0
213939136,0.11921864,-0.15868759,-0.082830764,0.7174447,0.0,0.0,0
213963930,0.101048864,-0.16560046,-0.046036292,0.7174447,0.0,0.0,0
213978892,0.14059535,-0.18244874,-0.009546045,0.7174447,0.0,0.0,0
213998857,0.114406385,-0.20588666,-0.00942849,0.7174447,0.0,0.0,0
214018844,0.103594005,-0.22898993,-0.009494229,0.7174447,0.0,0.0,0
214043750,0.09097893,-0.29439798,-0.010718343,0.7149877,0.0,0.0,0
214058738,0.10592475,-0.31764755,-0.013466758,0.7149877,0.0,0.0,0
214078753,0.14477918,-0.33277535,-0.019293156,0.7137592,0.0,0.0,0
214103626,0.19962034,-0.32308424,-0.025852647,0.7137592,0.0,0.0,0
214118609,0.22671095,-0.30861717,-0.028063739,0.7137592,0.0,0.0,0
214138667,0.26609296,-0.29351774,-0.03135972,0.7137592,0.0,0.0,0
214163543,0.28142583,-0.28078744,-0.031742536,0.7137592,0.0,0.0,0
214183454,0.24992216,-0.27897185,-0.027981777,0.7137592,0.0,0.0,0
214198440,0.21357575,-0.28401372,-0.02432259,0.7137592,0.0,0.0,0
214218397,0.16991788,-0.28422785,-0.019347962,0.7137592,0.0,0.0,0
214243332,0.11312479,-0.2531279,-0.01146185,0.7137592,0.0,0.0,0
214258300,0.08970947,-0.22450793,-0.008059654,0.7137592,0.0,0.0,0
214278275,0.06963645,-0.19248983,-0.0053631137,0.7137592,0.0,0.0,0
214303209,0.04619988,-0.19346955,-0.0035757164,0.7137592,0.0,0.0,0
214323212,0.03366062,-0.21450534,-0.0028883382,0.7137592,0.0,0.0,0
214338213,0.029691178,-0.2299859,-0.0027315496,0.7137592,0.0,0.0,0
214363089,0.08313869,-0.24206516,-0.008052965,0.7137592,0.0,0.0,0
214383040,0.14243355,-0.22114795,-0.01261322,0.7137592,0.0,0.0,0
214398013,0.17722958,-0.19662707,-0.013962654,0.7137592,0.0,0.0,0
214417966,0.21931234,-0.16353194,-0.014382749,0.7137592,0.0,0.0,0
214442919,0.25717333,-0.13606404,-0.014046402,0.7137592,0.0,0.0,0
214462943,0.25820953,-0.11967565,-0.012404698,0.7137592,0.0,0.0,0
214477857,0.24678713,-0.116513826,-0.011539153,0.7137592,0.0,0.0,0
214502784,0.2091128,-0.1309279,-0.010977099,0.7137592,0.0,0.0,0
214522786,0.16948068,-0.12455947,-0.008457141,0.7137592,0.0,0.0,0
214537766,0.14084662,-0.11243302,-0.006341037,0.7137592,0.0,0.0,0
214557692,0.122279204,-0.08843294,-0.004328871,0.7137592,0.0,0.0,0
214582636,0.11953821,-0.087819904,-0.0042023403,0.7137592,0.0,0.0,0
214602575,0.12039553,-0.10870791,-0.005239231,0.7137592,0.0,0.0,0
214617548,0.12829839,-0.124537796,-0.0063968203,0.7137592,0.0,0.0,0
214642496,0.14961447,-0.14172417,-0.0084917415,0.7137592,0.0,0.0,0
214662465,0.18822299,-0.13438655,-0.010137027,0.7137592,0.0,0.0,0
214677425,0.22368337,-0.11806353,-0.010591833,0.7137592,0.0,0.0,0
214702372,0.27788386,-0.090571865,-0.010109053,0.7137592,0.0,0.0,0
214722379,0.31332552,-0.07386878,-0.00930678,0.7137592,0.0,0.0,0
214742323,0.32400092,-0.06330986,-0.008251234,0.7137592,0.0,0.0,0
214762247,0.29460552,-0.06740568,-0.007980211,0.7137592,0.0,0.0,0
214782203,0.2429277,-0.08650796,-0.00843264,0.7137592,0.0,0.0,0
214802201,0.19504018,-0.102895536,-0.008043832,0.7137592,0.0,0.0,0
214817126,0.16576344,-0.1007287,-0.006688663,0.7137592,0.0,0.0,0
214842083,0.12164823,-0.08547217,-0.0041623083,0.7137592,0.0,0.0,0
214862069,0.09993375,-0.08373272,-0.0033488863,0.7137592,0.0,0.0,0
214881990,0.08430683,-0.11168675,-0.003767817,0.7137592,0.0,0.0,0
214901948,0.07184968,-0.15357582,-0.0044149673,0.7137592,0.0,0.0,0
214921959,0.06477536,-0.19238676,-0.004985897,0.7137592,0.0,0.0,0
214941869,0.09894386,-0.22305062,-0.0088324165,0.7137592,0.0,0.0,0
214956845,0.1384535,-0.23179786,-0.012850436,0.7137592,0.0,0.0,0
214981782,0.198381,-0.23473412,-0.018665913,0.7137592,0.0,0.0,0
215001785,0.23637913,-0.23628941,-0.022408377,0.7137592,0.0,0.0,0
215021696,0.25301182,-0.24573433,-0.024954742,0.7137592,0.0,0.0,0
215041654,0.23834588,-0.24962273,-0.023870993,0.7137592,0.0,0.0,0
215061633,0.19280204,-0.2694601,-0.020822288,0.7137592,0.0,0.0,0
215081571,0.13127817,-0.28118658,-0.014779068,0.7137592,0.0,0.0,0
215101550,0.07669147,-0.27047044,-0.008299721,0.7137592,0.0,0.0,0
215121687,0.029865453,-0.2435931,-0.0029101477,0.7137592,0.0,0.0,0
215141489,-0.0015646516,-0.20629269,0.00012911386,0.7137592,0.0,0.0,0
215161406,-0.023750253,-0.18826964,0.0017886893,0.7137592,0.0,0.0,0
215181379,-0.029232861,-0.19985934,0.010775239,0.7137592,0.0,0.0,0
215201321,-0.041121863,-0.22744648,0.013675024,0.7137592,0.0,0.0,0
215221291,-0.013410268,-0.24925235,0.021245804,0.7137592,0.0,0.0,0
215241241,0.041008268,-0.25670367,-0.0029809147,0.7137592,0.0,0.0,0
215261196,0.11975143,-0.22824335,-0.0351786,0.7137592,0.0,0.0,0
215281150,0.16872244,-0.19807725,-0.038599722,0.7137592,0.0,0.0,0
215301126,0.21418856,-0.16594288,-0.042032465,0.7137592,0.0,0.0,0
215321202,0.24971375,-0.11855845,-0.055875678,0.7137592,0.0,0.0,0
215341021,0.25814667,-0.08038255,-0.069262974,0.7137592,0.0,0.0,0
215360985,0.21482842,-0.07832339,-0.044633094,0.7137592,0.0,0.0,0
215380942,0.15263382,-0.07111059,-0.012816452,0.7137592,0.0,0.0,0
215400898,0.09156872,-0.043053973,0.013424285,0.7137592,0.0,0.0,0
215420856,0.057608873,-0.009535449,0.02782978,0.7137592,0.0,0.0,0
215440872,0.032427978,0.007603036,0.034180388,0.7137592,0.0,0.0,0
215460785,0.011651281,-0.008095877,0.041562,0.7137592,0.0,0.0,0
215480736,0.005667753,-0.040743623,0.044582523,0.7137592,0.0,0.0,0
215500709,0.012872323,-0.07600018,0.04609611,0.7137592,0.0,0.0,0
215520754,0.060549084,-0.10444815,0.021474548,0.7137592,0.0,0.0,0
215540609,0.1289325,-0.108802766,-0.012828234,0.7137592,0.0,0.0,0
215560576,0.17513844,-0.10339385,-0.035224758,0.7137592,0.0,0.0,0
215580528,0.21342102,-0.10601516,-0.054266576,0.71130216,0.0,0.0,0
215600492,0.23908584,-0.110985234,-0.069519736,0.7063882,0.0,0.0,0
215620440,0.24301204,-0.121840775,-0.069918975,0.70515966,0.0,0.0,0
215640411,0.2131554,-0.14485785,-0.05520818,0.7027027,0.0,0.0,0
215660359,0.15480173,-0.16970168,-0.023015339,0.7027027,0.0,0.0,0
215680318,0.11431138,-0.16867444,0.001830849,0.7039312,0.0,0.0,0
215700289,0.07453066,-0.14722835,0.018997105,0.7039312,0.0,0.0,0
215720349,0.052297655,-0.12321781,0.0317637,0.7027027,0.0,0.0,0
215740226,0.034695577,-0.12493957,0.039832957,0.7027027,0.0,0.0,0
215760194,0.026844881,-0.15260932,0.048379675,0.7027027,0.0,0.0,0
215780121,0.011298805,-0.1915242,0.058858126,0.7027027,0.0,0.0,0
215800085,0.016290495,-0.22940956,0.07992484,0.7027027,0.0,0.0,0
215820020,0.05920343,-0.2468651,0.04595982,0.7027027,0.0,0.0,0
215840024,0.1364811,-0.24080288,0.0033232265,0.7027027,0.0,0.0,0
215859934,0.17985904,-0.23093301,-0.024480399,0.7027027,0.0,0.0,0
215879899,0.23194967,-0.21564251,-0.057373546,0.7027027,0.0,0.0,0
215899871,0.27513576,-0.19808294,-0.068784505,0.7027027,0.0,0.0,0
215919860,0.2503157,-0.19100057,-0.05713741,0.7027027,0.0,0.0,0
215939776,0.19670111,-0.18667987,-0.027369801,0.7027027,0.0,0.0,0
215959739,0.15645185,-0.17276888,-0.003086002,0.7027027,0.0,0.0,0
215979733,0.108637884,-0.13638362,0.02300058,0.7027027,0.0,0.0,0
215999649,0.07281232,-0.08900101,0.039808996,0.7027027,0.0,0.0,0
216019601,0.06040789,-0.055587906,0.045500502,0.7027027,0.0,0.0,0
216039569,0.05638452,-0.055118345,0.04985412,0.7027027,0.0,0.0,0
216059526,0.058832034,-0.08266351,0.051398344,0.7027027,0.0,0.0,0
216079480,0.058659475,-0.1070952,0.051640805,0.7027027,0.0,0.0,0
216099485,0.10423092,-0.12963937,0.026325893,0.7014742,0.0,0.0,0
216119493,0.1620077,-0.13409665,-0.00024372908,0.7014742,0.0,0.0,0
216144336,0.21935502,-0.12587716,-0.02891795,0.7014742,0.0,0.0,0
216159325,0.26946554,-0.120376766,-0.05214814,0.7014742,0.0,0.0,0
216179284,0.3209009,-0.11861384,-0.07563996,0.7014742,0.0,0.0,0
216199249,0.3169641,-0.12545218,-0.07753165,0.7014742,0.0,0.0,0
216219199,0.25872737,-0.14402309,-0.049251918,0.7014742,0.0,0.0,0
216239173,0.18617949,-0.17192034,-0.0125871375,0.7014742,0.0,0.0,0
216259132,0.111431785,-0.18220955,0.025518753,0.7014742,0.0,0.0,0
216284043,0.020977879,-0.16850084,0.071324095,0.7014742,0.0,0.0,0
216299060,-0.018036826,-0.1558659,0.09037525,0.7014742,0.0,0.0,0
216318975,-0.046770755,-0.1561012,0.09593475,0.7014742,0.0,0.0,0
216343934,-0.07123128,-0.19354379,0.09957705,0.7014742,0.0,0.0,0
216358904,-0.07694913,-0.2255858,0.10182391,0.7014742,0.0,0.0,0
216378892,-0.076494984,-0.26487827,0.1039107,0.7014742,0.0,0.0,0
216398820,-0.03312398,-0.29562652,0.1288752,0.7014742,0.0,0.0,0
216423754,0.052994046,-0.29722884,0.064721875,0.7014742,0.0,0.0,0
216438756,0.10188372,-0.28876972,0.033944532,0.7014742,0.0,0.0,0
216458695,0.16083759,-0.27724764,-0.0025502148,0.7014742,0.0,0.0,0
216483646,0.20018364,-0.26411074,-0.026754811,0.7014742,0.0,0.0,0
216498659,0.18823443,-0.25504413,-0.01234985,0.7014742,0.0,0.0,0
216518588,0.1427368,-0.2504779,0.00868322,0.7014742,0.0,0.0,0
216543503,0.06809379,-0.24069263,0.044359807,0.7014742,0.0,0.0,0
216563463,0.018379465,-0.2019961,0.067032695,0.7014742,0.0,0.0,0
216578427,-0.009024485,-0.16707279,0.07861301,0.7014742,0.0,0.0,0
216598385,-0.032378472,-0.1259796,0.11213378,0.7014742,0.0,0.0,0
216623331,-0.06150921,-0.11834115,0.11290579,0.7014742,0.0,0.0,0
216638332,-0.07430359,-0.137528,0.11452121,0.7014742,0.0,0.0,0
216658261,-0.074645706,-0.17052963,0.119559646,0.7014742,0.0,0.0,0
216683263,-0.036711186,-0.2036297,0.11765734,0.7014742,0.0,0.0,0
216703292,0.018687578,-0.20365599,0.09722087,0.7014742,0.0,0.0,0
216718134,0.081485994,-0.19322978,0.06453705,0.7014742,0.0,0.0,0
216743085,0.1480385,-0.16513152,0.018555434,0.7014742,0.0,0.0,0
216763045,0.21472616,-0.1414385,-0.024471797,0.7014742,0.0,0.0,0
216778023,0.25434124,-0.12433846,-0.050169293,0.7014742,0.0,0.0,0
216797970,0.23391801,-0.10459576,-0.02455712,0.7014742,0.0,0.0,0
216822968,0.16872413,-0.09258208,0.008410593,0.7014742,0.0,0.0,0
216842890,0.12575871,-0.07742279,0.030959154,0.7014742,0.0,0.0,0
216857837,0.09318736,-0.061145652,0.04802194,0.7014742,0.0,0.0,0
216882803,0.047722675,-0.014556335,0.07039205,0.7002457,0.0,0.0,0
216902852,0.040524624,0.0010563273,0.066119686,0.7002457,0.0,0.0,0
216917724,0.026697785,-0.011121113,0.07063228,0.7002457,0.0,0.0,0
216942675,0.0072023473,-0.052401863,0.08078539,0.69901717,0.0,0.0,0
216962675,0.0033049763,-0.08820057,0.083200596,0.69901717,0.0,0.0,0
216982590,0.051731598,-0.1201372,0.060780104,0.69901717,0.0,0.0,0
216997542,0.10135849,-0.12884618,0.04577834,0.69901717,0.0,0.0,0
217022506,0.17003591,-0.13493986,0.006182815,0.69901717,0.0,0.0,0
217042457,0.21402903,-0.14044641,-0.018179657,0.6977887,0.0,0.0,0
217057415,0.23436484,-0.14464147,-0.029318519,0.6977887,0.0,0.0,0
217082402,0.23324478,-0.15609322,-0.027808243,0.6977887,0.0,0.0,0
217102550,0.18985917,-0.17030157,-0.0024486762,0.6977887,0.0,0.0,0
217122285,0.11105942,-0.1877795,0.061474137,0.6977887,0.0,0.0,0
217137254,0.053593513,-0.18806055,0.106215805,0.6977887,0.0,0.0,0
217162211,-0.013589906,-0.1616459,0.15902655,0.69656014,0.0,0.0,0
217182158,-0.042804047,-0.13263676,0.18184008,0.69656014,0.0,0.0,0
217197125,-0.049661368,-0.12380596,0.12691438,0.69656014,0.0,0.0,0
217222078,-0.02412778,-0.14864248,0.12266156,0.6953317,0.0,0.0,0
217242035,-0.002227841,-0.18084927,0.109411895,0.6953317,0.0,0.0,0
217261991,0.03642425,-0.20875613,0.087218866,0.6953317,0.0,0.0,0
217281967,0.090106316,-0.22151199,0.053956497,0.6953317,0.0,0.0,0
217301946,0.15567937,-0.20472312,0.01172715,0.6953317,0.0,0.0,0
217321867,0.22533537,-0.17252359,-0.02086876,0.6953317,0.0,0.0,0
217336838,0.26477656,-0.15031952,-0.038893968,0.6953317,0.0,0.0,0
217361849,0.2969162,-0.120312996,-0.052665167,0.6953317,0.0,0.0,0
217381743,0.27251253,-0.10581445,-0.040296905,0.6953317,0.0,0.0,0
217401711,0.21046317,-0.103822924,-0.0140924025,0.6953317,0.0,0.0,0
217421661,0.122517094,-0.1107604,0.036870014,0.6953317,0.0,0.0,0
217441615,0.0400907,-0.10648128,0.08432364,0.6953317,0.0,0.0,0
217461578,-0.02401623,-0.08807656,0.12344147,0.6953317,0.0,0.0,0
217481583,-0.067174464,-0.068511546,0.12900172,0.6953317,0.0,0.0,0
217501569,-0.08157029,-0.07462524,0.1273667,0.6953317,0.0,0.0,0
217521454,-0.090615965,-0.10623417,0.12979025,0.6953317,0.0,0.0,0
217541405,-0.09033236,-0.1479189,0.12919566,0.6953317,0.0,0.0,0
217561375,-0.0722538,-0.18369177,0.13000926,0.6953317,0.0,0.0,0
217581320,-0.03473638,-0.20566289,0.12526894,0.6953317,0.0,0.0,0
217601283,0.030592639,-0.20632923,0.07385536,0.6953317,0.0,0.0,0
217621254,0.08529466,-0.19339277,0.046967484,0.6953317,0.0,0.0,0
217641230,0.12766738,-0.17948714,0.026307689,0.6953317,0.0,0.0,0
217661158,0.15436429,-0.17104925,0.013384531,0.6953317,0.0,0.0,0
217681161,0.13565613,-0.16560186,0.023728639,0.6953317,0.0,0.0,0
217701068,0.08000253,-0.17233072,0.065175086,0.6953317,0.0,0.0,0
217721031,0.008046897,-0.18012637,0.10576046,0.6953317,0.0,0.0,0
217740988,-0.046016604,-0.16789849,0.13233623,0.6953317,0.0,0.0,0
217760953,-0.08768675,-0.14426158,0.13380812,0.6953317,0.0,0.0,0
217780901,-0.11020942,-0.11733291,0.1332096,0.6953317,0.0,0.0,0
217800913,-0.12139751,-0.1183235,0.108969405,0.6953317,0.0,0.0,0
217820820,-0.12664467,-0.14591198,0.111873925,0.6953317,0.0,0.0,0
217840785,-0.12654078,-0.17358509,0.11411775,0.6941032,0.0,0.0,0
217860740,-0.11231008,-0.20112824,0.115206145,0.6941032,0.0,0.0,0
217880738,-0.08252238,-0.21748318,0.11386061,0.69287467,0.0,0.0,0
217900655,-0.043960113,-0.20937975,0.120155156,0.69287467,0.0,0.0,0
217920608,-0.01030782,-0.19547296,0.10388503,0.69041765,0.0,0.0,0
217940624,0.033277128,-0.19174229,0.08018385,0.6891892,0.0,0.0,0
217960539,0.07053972,-0.19193123,0.060405515,0.6891892,0.0,0.0,0
217980490,0.05574437,-0.19266771,0.06962455,0.6879607,0.0,0.0,0
218000442,0.0142478105,-0.2024567,0.07698581,0.6867322,0.0,0.0,0
218020396,-0.021429576,-0.21041916,0.09602533,0.6867322,0.0,0.0,0
218040352,-0.055286903,-0.19474542,0.100325026,0.6867322,0.0,0.0,0
218060319,-0.082491904,-0.16209173,0.10013927,0.68550366,0.0,0.0,0
218080342,-0.09471876,-0.13557836,0.09893753,0.68427515,0.0,0.0,0
218100263,-0.10539665,-0.13700582,0.119994625,0.6805897,0.0,0.0,0
218120231,-0.13368513,-0.16188103,0.123513244,0.6805897,0.0,0.0,0
218140189,-0.14674477,-0.19597316,0.12738338,0.6805897,0.0,0.0,0
218160148,-0.1398105,-0.22370213,0.12909956,0.6805897,0.0,0.0,0
218180081,-0.11648204,-0.24086557,0.12826546,0.6805897,0.0,0.0,0
218200076,-0.08232985,-0.23578389,0.10575893,0.6805897,0.0,0.0,0
218219981,-0.04126518,-0.22439052,0.10175325,0.67936116,0.0,0.0,0
218239944,-0.010925015,-0.21503495,0.09091468,0.67936116,0.0,0.0,0
218259923,0.013602829,-0.21111126,0.07961547,0.6805897,0.0,0.0,0
218280025,-0.00074860814,-0.20649864,0.086618476,0.67936116,0.0,0.0,0
218299819,-0.040246923,-0.21633404,0.10387998,0.67936116,0.0,0.0,0
218319781,-0.08319322,-0.22199471,0.108011164,0.67936116,0.0,0.0,0
218339780,-0.11840964,-0.20800266,0.11011518,0.67936116,0.0,0.0,0
218359699,-0.14816132,-0.17967759,0.11003509,0.67936116,0.0,0.0,0
218379655,-0.1670261,-0.15215826,0.1086307,0.67936116,0.0,0.0,0
218399629,-0.18014023,-0.1486746,0.14179312,0.67936116,0.0,0.0,0
218419581,-0.21198207,-0.16378327,0.14524591,0.6805897,0.0,0.0,0
218439525,-0.23058087,-0.19258712,0.14985968,0.67936116,0.0,0.0,0
218459498,-0.22705236,-0.21641672,0.15207592,0.67936116,0.0,0.0,0
218479644,-0.18805538,-0.23090598,0.14981863,0.67936116,0.0,0.0,0
218499398,-0.13176599,-0.21405074,0.114244476,0.67936116,0.0,0.0,0
218524335,-0.0750488,-0.17593788,0.107446626,0.6805897,0.0,0.0,0
218539319,-0.0579241,-0.15798645,0.10515545,0.6805897,0.0,0.0,0
218559288,-0.03929382,-0.13945419,0.102981165,0.6805897,0.0,0.0,0
218579242,-0.039702453,-0.124004856,0.10211314,0.67936116,0.0,0.0,0
218599233,-0.06719103,-0.1237172,0.12080617,0.67936116,0.0,0.0,0
218619173,-0.111347914,-0.12529995,0.12305729,0.67936116,0.0,0.0,0
218639098,-0.13933706,-0.111465245,0.12338185,0.67936116,0.0,0.0,0
218664060,-0.16577688,-0.07351003,0.12095298,0.67936116,0.0,0.0,0
218679161,-0.17445435,-0.048838526,0.11869174,0.6805897,0.0,0.0,0
218698980,-0.18287103,-0.03620354,0.22729543,0.6805897,0.0,0.0,0
218723924,-0.227377,-0.036967743,0.22871757,0.6805897,0.0,0.0,0
218738923,-0.22076163,-0.06086137,0.23053546,0.6805897,0.0,0.0,0
218758861,-0.19296469,-0.09540803,0.23200704,0.6805897,0.0,0.0,0
218778813,-0.15105112,-0.12259589,0.22558846,0.6805897,0.0,0.0,0
218803751,-0.03818804,-0.13658783,0.09841566,0.6805897,0.0,0.0,0
218818734,0.0065160943,-0.13134712,0.07988346,0.6805897,0.0,0.0,0
218838710,0.057855252,-0.12310636,0.05506597,0.6805897,0.0,0.0,0
218863667,0.11709883,-0.116005845,0.02895591,0.6805897,0.0,0.0,0
218878709,0.10617075,-0.107434474,0.0350524,0.6805897,0.0,0.0,0
218898587,0.057450023,-0.103215784,0.0669725,0.6805897,0.0,0.0,0
218923503,-0.025880225,-0.09478536,0.11011728,0.6805897,0.0,0.0,0
218943457,-0.08305552,-0.069698706,0.10930639,0.6805897,0.0,0.0,0
218958435,-0.11594189,-0.042589825,0.108169004,0.6805897,0.0,0.0,0
218978383,-0.14408827,-0.0030795438,0.10508212,0.6805897,0.0,0.0,0
219003376,-0.15703294,0.016938047,0.106766455,0.6805897,0.0,0.0,0
219018300,-0.1690153,0.0050157653,0.10804949,0.6805897,0.0,0.0,0
219038305,-0.18028627,-0.020804029,0.11084994,0.6805897,0.0,0.0,0
219063247,-0.16251913,-0.05771782,0.11425664,0.6805897,0.0,0.0,0
219083162,-0.11163341,-0.077324055,0.114360355,0.6805897,0.0,0.0,0
219098142,-0.0600235,-0.07224123,0.12683702,0.6805897,0.0,0.0,0
219123086,0.00040067112,-0.047416545,0.10044661,0.67936116,0.0,0.0,0
219143038,0.03801733,-0.03253473,0.07813895,0.6805897,0.0,0.0,0
219158018,0.07229442,-0.051661965,0.06714232,0.67936116,0.0,0.0,0
219178005,0.09324382,-0.038431797,0.06123534,0.6805897,0.0,0.0,0
219202919,0.052851334,-0.023697307,0.072750956,0.67936116,0.0,0.0,0
219222874,-0.00522876,-0.02108629,0.1025302,0.6805897,0.0,0.0,0
219237860,-0.038629115,-0.009428976,0.11308634,0.6805897,0.0,0.0,0
219262854,-0.081933096,0.029433688,0.11031005,0.6805897,0.0,0.0,0
219282748,-0.109706745,0.057355665,0.10755844,0.6805897,0.0,0.0,0
219297718,-0.11133165,0.061773296,0.10081583,0.67936116,0.0,0.0,0
219317684,-0.118070945,0.04046955,0.10261946,0.67936116,0.0,0.0,0
219342632,-0.12224641,-0.005682149,0.1071589,0.67936116,0.0,0.0,0
219362582,-0.11697064,-0.04215898,0.11057837,0.67936116,0.0,0.0,0
219377544,-0.099153414,-0.06965998,0.11255931,0.6805897,0.0,0.0,0
219402499,-0.057373535,-0.09532673,0.13212058,0.6805897,0.0,0.0,0
219422459,-0.021852165,-0.10165573,0.1258399,0.6805897,0.0,0.0,0
219437453,0.005805521,-0.106446296,0.1104826,0.6805897,0.0,0.0,0
219462417,0.055461116,-0.11774279,0.08281163,0.6805897,0.0,0.0,0
219482323,0.055924095,-0.12369598,0.084201194,0.6805897,0.0,0.0,0
219502286,0.04957321,-0.1515026,0.10746691,0.6805897,0.0,0.0,0
219517261,0.07374846,-0.20787244,0.1297008,0.6805897,0.0,0.0,0
219542197,0.061602503,-0.21526718,0.1577324,0.6805897,0.0,0.0,0
219562169,0.013616216,-0.17187911,0.17789607,0.67936116,0.0,0.0,0
219577163,-0.034306195,-0.11970646,0.18820615,0.6805897,0.0,0.0,0
219602071,-0.07139547,-0.067922264,0.16397084,0.6805897,0.0,0.0,0
219622041,-0.09029031,-0.050980307,0.15956397,0.67936116,0.0,0.0,0
219642003,-0.09616828,-0.06736125,0.16126351,0.67936116,0.0,0.0,0
219662142,-0.099045075,-0.08076397,0.15655343,0.67936116,0.0,0.0,0
219681908,-0.078508765,-0.09432078,0.15386388,0.6805897,0.0,0.0,0
219701862,-0.056449432,-0.078397185,0.17438735,0.67936116,0.0,0.0,0
219716870,-0.022221414,-0.052283645,0.14652742,0.6805897,0.0,0.0,0
219741781,-0.006542516,-0.012121185,0.108581215,0.6805897,0.0,0.0,0
219761744,-0.001714092,0.0031292648,0.090193115,0.67936116,0.0,0.0,0
219781700,-0.012019495,0.013160807,0.07938733,0.6805897,0.0,0.0,0
219801661,-0.028365426,0.020069733,0.057733897,0.6805897,0.0,0.0,0
219821625,-0.07737349,0.01893531,0.05746461,0.67936116,0.0,0.0,0
219841612,-0.12612897,0.037785202,0.05315024,0.6805897,0.0,0.0,0
219861661,-0.181454,0.070657834,0.04197827,0.67936116,0.0,0.0,0
219881486,-0.21239634,0.09070517,0.038818482,0.67936116,0.0,0.0,0
219901440,-0.24654214,0.088067584,0.031904936,0.6805897,0.0,0.0,0
219921435,-0.27720034,0.051960602,0.016218033,0.6805897,0.0,0.0,0
219941358,-0.2870633,-0.001420234,0.008586402,0.67936116,0.0,0.0,0
219961322,-0.26391894,-0.05492664,0.00582012,0.6805897,0.0,0.0,0
219981314,-0.20416139,-0.10121795,0.008284354,0.6805897,0.0,0.0,0
220001235,-0.14681573,-0.12365579,0.010000401,0.6805897,0.0,0.0,0
220021190,-0.08397982,-0.12973453,0.0070681395,0.6805897,0.0,0.0,0
220041171,-0.353544,-0.12929408,0.020153468,0.6805897,0.0,0.0,0
220061219,-0.3092322,-0.13099591,-0.0042766095,0.6805897,0.0,0.0,0
220081070,-0.30607265,-0.13189057,-0.0044820537,0.6805897,0.0,0.0,0
220101029,-0.36569956,-0.13981931,0.030867804,0.6805897,0.0,0.0,0
220120982,-0.44970122,-0.1472877,0.07832115,0.6805897,0.0,0.0,0
220140974,-0.51741713,-0.13498333,0.1162517,0.6805897,0.0,0.0,0
220160897,-0.57394165,-0.10186625,0.14737031,0.6805897,0.0,0.0,0
220180860,-0.6134372,-0.058632653,0.16791373,0.6805897,0.0,0.0,0
220200813,-0.6195996,-0.033952583,0.31394276,0.6805897,0.0,0.0,0
220220771,-0.66246563,-0.025435433,0.31423712,0.6805897,0.0,0.0,0
220240746,-0.6552732,-0.05459442,0.3047085,0.6805897,0.0,0.0,0
220260770,-0.58998865,-0.097663924,0.23993015,0.6805897,0.0,0.0,0
220280696,-0.53895247,-0.13284466,0.19421242,0.6805897,0.0,0.0,0
220300630,-0.46096548,-0.14375038,0.057410292,0.6805897,0.0,0.0,0
220320572,-0.34692565,-0.13530892,0.013791657,0.6805897,0.0,0.0,0
220340534,-0.27896807,-0.11933897,-0.018463582,0.6805897,0.0,0.0,0
220360487,-0.2177869,-0.10952029,-0.048029743,0.6805897,0.0,0.0,0
220380440,-0.18413322,-0.10186398,-0.062480446,0.6805897,0.0,0.0,0
220400396,-0.21934171,-0.10262784,-0.04248195,0.6805897,0.0,0.0,0
220420384,-0.2850359,-0.112224124,-0.0128118815,0.6805897,0.0,0.0,0
220440328,-0.33934405,-0.11721568,0.012030039,0.6805897,0.0,0.0,0
220460330,-0.39102072,-0.103432804,0.035190254,0.6805897,0.0,0.0,0
220480272,-0.42872694,-0.08107124,0.051867235,0.6805897,0.0,0.0,0
220500227,-0.44747582,-0.0702701,0.061614703,0.6805897,0.0,0.0,0
220520184,-0.45480624,-0.09105016,0.06511371,0.6805897,0.0,0.0,0
220540143,-0.45673952,-0.13302073,0.066879496,0.6805897,0.0,0.0,0
220560143,-0.42419255,-0.17964174,0.05135302,0.6805897,0.0,0.0,0
220580019,-0.3731827,-0.21979234,0.027298741,0.6805897,0.0,0.0,0
220599984,-0.32327104,-0.23942827,0.0033618305,0.6805897,0.0,0.0,0
220619938,-0.25381443,-0.23561911,-0.034348022,0.6805897,0.0,0.0,0
220639955,-0.19079813,-0.2214133,-0.06686541,0.6805897,0.0,0.0,0
220659886,-0.14642613,-0.21063183,-0.089747734,0.6805897,0.0,0.0,0
220679816,-0.12042712,-0.20138457,-0.10208916,0.6805897,0.0,0.0,0
220699770,-0.14729333,-0.20164244,-0.09595221,0.6805897,0.0,0.0,0
220719732,-0.19396463,-0.20833504,-0.067612916,0.6805897,0.0,0.0,0
220739692,-0.2317183,-0.2060407,-0.04657012,0.6805897,0.0,0.0,0
220764645,-0.268741,-0.16946048,-0.025453705,0.6805897,0.0,0.0,0
220779601,-0.2845062,-0.13592754,-0.016754795,0.6805897,0.0,0.0,0
220799567,-0.29097897,-0.09811312,-0.010684997,0.6805897,0.0,0.0,0
220819571,-0.29388902,-0.08765356,-0.009610444,0.6805897,0.0,0.0,0
220839578,-0.3021217,-0.1024808,-0.005956246,0.6805897,0.0,0.0,0
220859430,-0.28799993,-0.123522475,-0.013044233,0.6805897,0.0,0.0,0
220879399,-0.26353228,-0.14149098,-0.024581276,0.6805897,0.0,0.0,0
220904356,-0.2200246,-0.13417602,-0.051119357,0.6805897,0.0,0.0,0
220919322,-0.17797633,-0.116567716,-0.07341993,0.6805897,0.0,0.0,0
220939283,-0.12015273,-0.08511453,-0.10319547,0.6805897,0.0,0.0,0
220959276,-0.06780914,-0.056959197,-0.12951836,0.6805897,0.0,0.0,0
220979212,-0.029445939,-0.039426047,-0.14747539,0.6805897,0.0,0.0,0
220999171,-0.062251255,-0.037711684,-0.11889156,0.6805897,0.0,0.0,0
221019097,-0.10741343,-0.046966024,-0.09878536,0.6805897,0.0,0.0,0
221044213,-0.15562077,-0.054888263,-0.075931504,0.6805897,0.0,0.0,0
221059010,-0.18811733,-0.044870097,-0.0599812,0.6805897,0.0,0.0,0
221078977,-0.22458516,-0.022613624,-0.04252847,0.6805897,0.0,0.0,0
221103952,-0.23230228,-0.0018545515,-0.06609515,0.6805897,0.0,0.0,0
221118897,-0.23146598,-0.01214015,-0.06647776,0.67076164,0.0,0.0,0
221138856,-0.2286177,-0.04892926,-0.06886033,0.6683047,0.0,0.0,0
221158820,-0.19477035,-0.09742135,-0.097559966,0.6683047,0.0,0.0,0
221183749,-0.10087845,-0.14850803,-0.17098588,0.6683047,0.0,0.0,0
221198744,-0.037427317,-0.16321127,-0.16113648,0.6683047,0.0,0.0,0
221218690,0.021031091,-0.15938601,-0.20858528,0.6683047,0.0,0.0,0
221243801,0.10091665,-0.1270389,-0.23940007,0.6683047,0.0,0.0,0
221258645,0.13231002,-0.110829495,-0.23983268,0.6683047,0.0,0.0,0
221278549,0.17292206,-0.08711291,-0.23951961,0.6683047,0.0,0.0,0
221303507,0.11894923,-0.07180893,-0.19111446,0.6670762,0.0,0.0,0
221323455,0.057906505,-0.06303614,-0.1882146,0.6670762,0.0,0.0,0
221338429,0.013377562,-0.055651534,-0.16551276,0.6670762,0.0,0.0,0
221358386,-0.046960495,-0.030637154,-0.13417564,0.6670762,0.0,0.0,0
221383329,-0.10504199,0.01811607,-0.10352851,0.6683047,0.0,0.0,0
221398359,-0.13036446,0.044982243,-0.11039977,0.6683047,0.0,0.0,0
221418268,-0.13706167,0.057836317,-0.10354164,0.6683047,0.0,0.0,0
221443306,-0.14296918,0.033401027,-0.10070732,0.6670762,0.0,0.0,0
221463167,-0.11827867,0.004498595,-0.11673963,0.6670762,0.0,0.0,0
221478135,-0.07228332,-0.0122692045,-0.14451861,0.6670762,0.0,0.0,0
221503084,0.005916835,-0.024135113,-0.15217395,0.6670762,0.0,0.0,0
221523062,0.07628494,-0.0003906606,-0.16921522,0.6670762,0.0,0.0,0
221538031,0.11860987,0.021091087,-0.16698796,0.6670762,0.0,0.0,0
221557975,0.16473606,0.044991825,-0.16366787,0.6670762,0.0,0.0,0
221582913,0.20504554,0.067134514,-0.15983929,0.6670762,0.0,0.0,0
221602874,0.19732282,0.0835914,-0.2068645,0.6670762,0.0,0.0,0
221617850,0.16242127,0.0797768,-0.20813046,0.6670762,0.0,0.0,0
221642869,0.09237811,0.06034529,-0.21162471,0.6670762,0.0,0.0,0
221662791,0.04299409,0.05503279,-0.20424494,0.6670762,0.0,0.0,0
221677724,0.00017760672,0.058506135,-0.17959133,0.6670762,0.0,0.0,0
221697675,-0.038355436,0.073644884,-0.12231639,0.6670762,0.0,0.0,0
221722621,-0.069094606,0.07482858,-0.112278,0.6670762,0.0,0.0,0
221742594,-0.0810981,0.052750163,-0.10775277,0.6670762,0.0,0.0,0
221757559,-0.08869348,0.025652532,-0.105295114,0.6670762,0.0,0.0,0
221782512,-0.072871536,-0.01887775,-0.11488791,0.6670762,0.0,0.0,0
221802494,-0.028061608,-0.043461483,-0.14278278,0.6670762,0.0,0.0,0
221817428,0.0080422,-0.045811422,-0.16085313,0.6670762,0.0,0.0,0
221842420,0.063641585,-0.03479583,-0.18136795,0.6670762,0.0,0.0,0
221862338,0.103972524,-0.033017594,-0.18202712,0.6670762,0.0,0.0,0
221882282,0.146207,-0.035035603,-0.18318024,0.6670762,0.0,0.0,0
221897264,0.16023332,-0.039632183,-0.31627363,0.6670762,0.0,0.0,0
221922196,0.1777676,-0.039792687,-0.31776363,0.6670762,0.0,0.0,0
221942252,0.14898439,-0.0649785,-0.31874648,0.6670762,0.0,0.0,0
221957121,0.13163354,-0.076062374,-0.3188061,0.6670762,0.0,0.0,0
221982073,0.09759675,-0.06498641,-0.31704387,0.6670762,0.0,0.0,0
222002032,0.035715133,-0.05110872,-0.17841102,0.6670762,0.0,0.0,0
222022032,0.02799005,-0.023981102,-0.17342764,0.6670762,0.0,0.0,0
222041965,0.017563537,-0.017009886,-0.16773601,0.6670762,0.0,0.0,0
222061907,0.010153162,-0.027627874,-0.16443135,0.6670762,0.0,0.0,0
222081870,0.02328262,-0.041901577,-0.17234749,0.6670762,0.0,0.0,0
222096829,0.035211712,-0.050305963,-0.20951258,0.6670762,0.0,0.0,0
222121781,0.08443883,-0.038645063,-0.22050296,0.6670762,0.0,0.0,0
222141737,0.12002747,-0.009430197,-0.21846984,0.6670762,0.0,0.0,0
222161703,0.15100516,0.020050114,-0.21551606,0.66584766,0.0,0.0,0
222181654,0.18528701,0.047517065,-0.21200347,0.66584766,0.0,0.0,0
222201682,0.21426511,0.06424356,-0.20717365,0.66584766,0.0,0.0,0
222221619,0.18392055,0.068720266,-0.2069931,0.66461915,0.0,0.0,0
222241540,0.1375943,0.06065988,-0.2087238,0.66461915,0.0,0.0,0
222261490,0.093286626,0.049109604,-0.21053374,0.65847665,0.0,0.0,0
222281450,0.044117935,0.05164843,-0.20319733,0.6547911,0.0,0.0,0
222301403,-0.021956677,0.058634747,-0.12954704,0.65356266,0.0,0.0,0
222321366,-0.055383753,0.072910815,-0.1142662,0.65356266,0.0,0.0,0
222341328,-0.0707741,0.062390093,-0.10792159,0.65356266,0.0,0.0,0
222361279,-0.08150361,0.025243348,-0.104802206,0.65356266,0.0,0.0,0
222381230,-0.078678355,-0.026762784,-0.10859086,0.65356266,0.0,0.0,0
222401190,-0.054019276,-0.07501584,-0.13885196,0.65356266,0.0,0.0,0
222421193,0.0008023276,-0.11175534,-0.16688067,0.65356266,0.0,0.0,0
222441116,0.06736858,-0.1268818,-0.19828008,0.65356266,0.0,0.0,0
222461064,0.123359054,-0.12693603,-0.20149486,0.65356266,0.0,0.0,0
222481043,0.16844834,-0.11777326,-0.20310158,0.65356266,0.0,0.0,0
222501027,0.19149044,-0.11192468,-0.24679613,0.65356266,0.0,0.0,0
222520939,0.17991625,-0.10222452,-0.2452232,0.65356266,0.0,0.0,0
222540907,0.12831661,-0.11037866,-0.23591267,0.65356266,0.0,0.0,0
222560858,0.10202801,-0.122227356,-0.1982791,0.65356266,0.0,0.0,0
222580820,0.010618754,-0.11742275,-0.16348515,0.65356266,0.0,0.0,0
222600780,-0.032733288,-0.083874986,-0.14565967,0.65356266,0.0,0.0,0
222620788,-0.054908257,-0.02976948,-0.10929551,0.65356266,0.0,0.0,0
222640730,-0.0658931,0.015935518,-0.09154236,0.65356266,0.0,0.0,0
222660660,-0.051482547,0.038914505,-0.088492446,0.65356266,0.0,0.0,0
222680602,0.011147041,0.039336596,-0.09959086,0.65356266,0.0,0.0,0
222700561,0.115203805,0.030138984,-0.021948628,0.65356266,0.0,0.0,0
222720542,0.20014124,0.027135054,-0.0024774917,0.65356266,0.0,0.0,0
222740500,0.26858485,0.042047825,0.004534814,0.65356266,0.0,0.0,0
222760439,0.32631418,0.078748584,0.010337475,0.65233415,0.0,0.0,0
222780433,0.3887795,0.10199728,0.015990896,0.65356266,0.0,0.0,0
222800369,0.48908195,0.08651128,-0.012452973,0.65233415,0.0,0.0,0
222820484,0.5258871,0.121167675,-0.0058255964,0.65233415,0.0,0.0,0
222840280,0.54627085,0.12390763,-0.021677533,0.65356266,0.0,0.0,0
222860256,0.50438064,0.13045283,-0.028411219,0.65356266,0.0,0.0,0
222880236,0.4379097,0.12405099,-0.032597385,0.65356266,0.0,0.0,0
222900188,0.38351166,0.07571355,-0.043633465,0.65356266,0.0,0.0,0
222920152,0.35366228,0.050144896,-0.064228855,0.65356266,0.0,0.0,0
222940083,0.31577018,0.035921913,-0.07160976,0.65356266,0.0,0.0,0
222960020,0.29240617,0.01817469,-0.07278516,0.65356266,0.0,0.0,0
222979978,0.26397365,-0.024842579,-0.06920969,0.65356266,0.0,0.0,0
222999957,0.2363937,-0.08306196,-0.08179574,0.65356266,0.0,0.0,0
223020024,0.2179168,-0.14335628,-0.06850673,0.65356266,0.0,0.0,0
223039873,0.24382284,-0.1906238,-0.085281536,0.65356266,0.0,0.0,0
223059809,0.29561105,-0.22764587,-0.09115004,0.65356266,0.0,0.0,0
223079780,0.34057546,-0.23666483,-0.09604009,0.65356266,0.0,0.0,0
223099739,0.37401927,-0.23128104,-0.07569699,0.65356266,0.0,0.0,0
223119692,0.39495507,-0.22456788,-0.07756583,0.65356266,0.0,0.0,0
223139685,0.4039453,-0.23377647,-0.07960881,0.65356266,0.0,0.0,0
223159612,0.39270562,-0.24464421,-0.083313026,0.65356266,0.0,0.0,0
223179600,0.3493676,-0.25459972,-0.079762444,0.65356266,0.0,0.0,0
223199537,0.30274782,-0.25149122,-0.072874464,0.65356266,0.0,0.0,0
223219579,0.25104275,-0.22997677,-0.06514236,0.65356266,0.0,0.0,0
223239443,0.209894,-0.19608496,-0.046093017,0.65356266,0.0,0.0,0
223259399,0.16712162,-0.16708231,-0.029519614,0.65356266,0.0,0.0,0
223284330,0.12704575,-0.1687039,-0.009995976,0.65356266,0.0,0.0,0
223299309,0.10649548,-0.1898244,6.0608792e-05,0.65356266,0.0,0.0,0
223319320,0.07723751,-0.22860059,0.023108097,0.65356266,0.0,0.0,0
223339243,0.041167032,-0.26545292,0.049163137,0.65356266,0.0,0.0,0
223359208,0.07004556,-0.2799607,0.025478577,0.65356266,0.0,0.0,0
223379161,0.11641296,-0.28235617,-0.009535872,0.65356266,0.0,0.0,0
223399193,0.12830988,-0.2593816,-0.027855732,0.65356266,0.0,0.0,0
223424059,0.1723337,-0.22731143,-0.06779753,0.65356266,0.0,0.0,0
223439013,0.21295507,-0.20869024,-0.07478415,0.65356266,0.0,0.0,0
223459002,0.21190521,-0.18404263,-0.07394056,0.65356266,0.0,0.0,0
223483949,0.18599436,-0.14742003,-0.07100683,0.65356266,0.0,0.0,0
223498896,0.17357738,-0.13605669,-0.09981381,0.65356266,0.0,0.0,0
223518886,0.15059419,-0.09753627,-0.07817291,0.65356266,0.0,0.0,0
223538830,0.12510742,-0.050912257,-0.053290702,0.65356266,0.0,0.0,0
223563749,0.07658461,0.033837233,-0.039379656,0.65356266,0.0,0.0,0
223578731,0.07542844,0.06747723,-0.04201013,0.65356266,0.0,0.0,0
223598744,0.081898905,0.0674675,-0.015475845,0.65356266,0.0,0.0,0
223623679,0.10329979,0.030970013,-0.015680416,0.65356266,0.0,0.0,0
223638591,0.1500455,0.01972893,-0.013175409,0.65356266,0.0,0.0,0
223658550,0.16136539,-0.009411338,-0.012204805,0.65356266,0.0,0.0,0
223683502,0.19998051,-0.029334567,-0.013689808,0.65356266,0.0,0.0,0
223703454,0.26203096,-0.027981836,-0.015771685,0.65356266,0.0,0.0,0
223718428,0.2998224,-0.022353936,-0.0156147415,0.65356266,0.0,0.0,0
223738385,0.32821748,-0.017117701,-0.015266459,0.65356266,0.0,0.0,0
223763337,0.31260437,-0.019740555,-0.015436499,0.65356266,0.0,0.0,0
223778302,0.27393827,-0.028420746,-0.015947167,0.65356266,0.0,0.0,0
223798322,0.20414938,-0.04585651,-0.016984902,0.65356266,0.0,0.0,0
223823200,0.10170045,-0.071554884,-0.015764413,0.65233415,0.0,0.0,0
223843163,0.028015934,-0.07630169,-0.00079603493,0.65356266,0.0,0.0,0
223858130,-0.029649198,-0.067005046,0.015005336,0.65356266,0.0,0.0,0
223883122,-0.09877164,-0.049720366,0.016089035,0.65356266,0.0,0.0,0
223903028,-0.13606451,-0.060169052,0.01086966,0.65356266,0.0,0.0,0
223918016,-0.14581586,-0.08598329,0.012719297,0.65356266,0.0,0.0,0
223937964,-0.14307018,-0.13385046,0.015533843,0.65233415,0.0,0.0,0
223962913,-0.11292716,-0.19257446,0.016756702,0.65356266,0.0,0.0,0
223982865,-0.061691295,-0.2254442,0.013710919,0.65233415,0.0,0.0,0
223997889,-0.02062516,-0.23592749,0.011085848,0.65356266,0.0,0.0,0
224022826,0.045240413,-0.23771104,-0.010672464,0.65233415,0.0,0.0,0
224042746,0.09445493,-0.22977318,-0.015128142,0.65233415,0.0,0.0,0
224057755,0.118090175,-0.22782172,-0.017230788,0.65356266,0.0,0.0,0
224082663,0.08750055,-0.22585465,-0.01222677,0.65356266,0.0,0.0,0
224102636,0.020844342,-0.2304952,-0.00638897,0.65356266,0.0,0.0,0
224122595,-0.053983197,-0.23614474,0.011402007,0.65356266,0.0,0.0,0
224137541,-0.10550711,-0.23257957,0.016127232,0.65356266,0.0,0.0,0
224162530,-0.16933186,-0.1920327,0.019272724,0.65356266,0.0,0.0,0
224182468,-0.19914678,-0.14651667,0.01786315,0.65356266,0.0,0.0,0
224197456,-0.21275887,-0.119876936,0.016847469,0.65356266,0.0,0.0,0
224222373,-0.22447564,-0.11057872,0.016559495,0.65356266,0.0,0.0,0
224242327,-0.22006668,-0.13276799,0.01836135,0.65356266,0.0,0.0,0
224262290,-0.19067809,-0.1611175,0.018999588,0.65356266,0.0,0.0,0
224277245,-0.15830487,-0.17822234,0.018009825,0.65356266,0.0,0.0,0
224302194,-0.09039588,-0.18201183,0.012381797,0.65356266,0.0,0.0,0
224322158,-0.03324915,-0.1541008,0.007787527,0.65356266,0.0,0.0,0
224337127,0.0024059953,-0.13079882,0.0035158829,0.65356266,0.0,0.0,0
224362073,0.058624208,-0.0895642,-0.0070135924,0.65233415,0.0,0.0,0
224382053,0.09753317,-0.0698999,-0.007749632,0.65233415,0.0,0.0,0
224402114,0.09775521,-0.061394606,-0.008635468,0.65110564,0.0,0.0,0
224421998,0.068227366,-0.06406762,-0.007950408,0.65110564,0.0,0.0,0
224441908,0.029038548,-0.07330271,-0.004938027,0.64987713,0.0,0.0,0
224461859,-0.0013217086,-0.07454885,0.004715758,0.64987713,0.0,0.0,0
224476825,-0.024284424,-0.06696559,0.0052853543,0.64987713,0.0,0.0,0
224501775,-0.04807556,-0.05488728,0.006067767,0.64987713,0.0,0.0,0
224521749,-0.059011947,-0.071428925,0.0067403223,0.6486486,0.0,0.0,0
224541704,-0.08417689,-0.120884545,0.0066605387,0.6486486,0.0,0.0,0
224561684,-0.09836167,-0.1886197,0.010094103,0.6486486,0.0,0.0,0
224581620,-0.10057811,-0.25194687,0.012880836,0.6486486,0.0,0.0,0
224601674,-0.0872724,-0.30723956,0.01773599,0.6486486,0.0,0.0,0
224621524,-0.0711682,-0.35023117,0.016927857,0.6486486,0.0,0.0,0
224641485,-0.039060622,-0.36585617,0.012687508,0.6486486,0.0,0.0,0
224661437,0.0038221744,-0.37263212,0.0057365038,0.6486486,0.0,0.0,0
224681399,0.05690241,-0.37509984,-0.014704638,0.6486486,0.0,0.0,0
224701359,0.07019478,-0.3665256,-0.014457936,0.6486486,0.0,0.0,0
224721355,0.06215832,-0.3657215,-0.013265925,0.6486486,0.0,0.0,0
224741270,0.09748462,-0.4094654,-0.02123871,0.6486486,0.0,0.0,0
224761223,0.086996794,-0.40780586,-0.015573169,0.6486486,0.0,0.0,0
224781203,0.067306556,-0.36911732,-0.0046089687,0.6486486,0.0,0.0,0
224801220,0.04655877,-0.3183602,0.007890027,0.6486486,0.0,0.0,0
224821100,0.03537772,-0.2746169,0.014975867,0.6486486,0.0,0.0,0
224841064,0.025964353,-0.2578142,0.021155687,0.6486486,0.0,0.0,0
224861068,0.02408558,-0.26523656,0.022129813,0.6486486,0.0,0.0,0
224880977,0.032228082,-0.28442422,0.016486675,0.6486486,0.0,0.0,0
224900936,0.054821208,-0.29583663,0.001665499,0.6486486,0.0,0.0,0
224920900,0.07645357,-0.29200885,-0.013048524,0.6486486,0.0,0.0,0
224940855,0.1056406,-0.27490267,-0.02866941,0.6486486,0.0,0.0,0
224960811,0.1344288,-0.24304521,-0.046825845,0.6486486,0.0,0.0,0
224980786,0.16682686,-0.21117325,-0.04957738,0.6486486,0.0,0.0,0
225000818,0.2075863,-0.18588695,-0.051934797,0.6486486,0.0,0.0,0
225020685,0.20916758,-0.17051333,-0.05152856,0.6486486,0.0,0.0,0
225040673,0.18028302,-0.16668312,-0.051981255,0.6486486,0.0,0.0,0
225060608,0.13626944,-0.18119319,-0.031163398,0.6486486,0.0,0.0,0
225080560,0.08923177,-0.18301016,-0.0035958763,0.6486486,0.0,0.0,0
225100533,0.055792958,-0.17974178,0.03028521,0.6486486,0.0,0.0,0
225120486,0.023329133,-0.17815319,0.059105158,0.6474201,0.0,0.0,0
225140431,-0.0017694117,-0.1746511,0.076395355,0.6474201,0.0,0.0,0
225160394,-0.01574426,-0.19559428,0.08624464,0.6474201,0.0,0.0,0
225180411,-0.017585136,-0.23306432,0.0873813,0.6474201,0.0,0.0,0
225200335,0.005516053,-0.267848,0.053260677,0.6474201,0.0,0.0,0
225220267,0.053932156,-0.28907242,0.028625216,0.6474201,0.0,0.0,0
225240270,0.110347606,-0.29679692,-0.0036489398,0.6474201,0.0,0.0,0
225260257,0.18193625,-0.27775276,-0.044235352,0.6474201,0.0,0.0,0
225280186,0.2483896,-0.24432413,-0.06916023,0.6474201,0.0,0.0,0
225300145,0.2888493,-0.21139103,-0.093585946,0.6474201,0.0,0.0,0
225320077,0.30303988,-0.18708658,-0.09311025,0.6474201,0.0,0.0,0
225340018,0.26896092,-0.17388849,-0.089939825,0.6474201,0.0,0.0,0
225359975,0.19962157,-0.1676306,-0.0641275,0.6474201,0.0,0.0,0
225379973,0.10462397,-0.16952963,0.003000652,0.6474201,0.0,0.0,0
225399923,0.017023984,-0.15986235,0.043558527,0.6474201,0.0,0.0,0
225419852,-0.04524035,-0.13339928,0.057368208,0.6474201,0.0,0.0,0
225439809,-0.08293891,-0.10023052,0.05472107,0.6474201,0.0,0.0,0
225459766,-0.102444194,-0.088074416,0.052026585,0.6474201,0.0,0.0,0
225479732,-0.11681165,-0.097016424,0.050426826,0.6474201,0.0,0.0,0
225499686,-0.11725034,-0.1312843,0.046698682,0.6474201,0.0,0.0,0
225524657,-0.098112606,-0.17844974,0.048603047,0.6474201,0.0,0.0,0
225539645,-0.07512344,-0.21260779,0.048706952,0.6474201,0.0,0.0,0
225559562,-0.020778662,-0.24323477,0.044916768,0.6474201,0.0,0.0,0
225579553,0.054588206,-0.25734234,0.012361333,0.6474201,0.0,0.0,0
225599469,0.10985287,-0.2572657,-0.019453019,0.6474201,0.0,0.0,0
225619427,0.14306486,-0.25922793,-0.039868407,0.6474201,0.0,0.0,0
225639396,0.15291603,-0.26972818,-0.044904545,0.6474201,0.0,0.0,0
225664366,0.11166522,-0.28856766,-0.018477209,0.6461916,0.0,0.0,0
225679330,0.057904467,-0.3017867,0.00926701,0.6461916,0.0,0.0,0
225699308,-0.00028291793,-0.31189033,0.049440738,0.6461916,0.0,0.0,0
225719243,-0.05670236,-0.2980279,0.056641497,0.6461916,0.0,0.0,0
225739201,-0.095867045,-0.2651147,0.05974581,0.6461916,0.0,0.0,0
225759141,-0.12440401,-0.22986837,0.060563322,0.6461916,0.0,0.0,0
225779151,-0.1417032,-0.21535036,0.061146043,0.6461916,0.0,0.0,0
225804048,-0.15213616,-0.22951762,0.058027063,0.6461916,0.0,0.0,0
225819013,-0.15058073,-0.24629153,0.059204187,0.6461916,0.0,0.0,0
225838973,-0.1343948,-0.26777208,0.059072528,0.6461916,0.0,0.0,0
225863910,-0.10747332,-0.28991133,0.057436217,0.6461916,0.0,0.0,0
225878891,-0.09413937,-0.2881462,0.046788078,0.6461916,0.0,0.0,0
225898857,-0.056645874,-0.27009112,0.03793168,0.64373463,0.0,0.0,0
225918827,-0.010907327,-0.24884368,0.03258397,0.6425061,0.0,0.0,0
225943749,0.049728252,-0.23633514,-0.002155524,0.6400491,0.0,0.0,0
225958804,0.065163136,-0.23379631,-0.0109075885,0.63759214,0.0,0.0,0
225978845,0.056637645,-0.2326796,-0.004881636,0.63759214,0.0,0.0,0
226003634,0.02280867,-0.23377433,0.017046211,0.63759214,0.0,0.0,0
226018584,0.006758854,-0.2262154,0.027696097,0.63759214,0.0,0.0,0
226038550,-0.011092801,-0.1974271,0.040360678,0.63759214,0.0,0.0,0
226063497,-0.03323118,-0.15000944,0.044508856,0.63759214,0.0,0.0,0
226083456,-0.037975404,-0.11907007,0.043938506,0.63759214,0.0,0.0,0
226098479,-0.040848795,-0.11309665,0.03366175,0.63759214,0.0,0.0,0
226118385,-0.047606405,-0.12591742,0.03449391,0.63759214,0.0,0.0,0
226143322,-0.038354147,-0.16094331,0.03787046,0.63759214,0.0,0.0,0
226158322,-0.016113622,-0.18149649,0.04251176,0.63759214,0.0,0.0,0
226178385,-0.0031357293,-0.19982219,0.039320767,0.63759214,0.0,0.0,0
226203206,0.02489117,-0.19818088,0.024416214,0.63759214,0.0,0.0,0
226223200,0.061694436,-0.19517507,0.0049954536,0.63759214,0.0,0.0,0
226238121,0.09284323,-0.1880892,-0.011301209,0.63759214,0.0,0.0,0
226263090,0.12569046,-0.18545996,-0.028283665,0.63759214,0.0,0.0,0
226283033,0.10439707,-0.19160771,-0.016368058,0.63759214,0.0,0.0,0
226297997,0.0751312,-0.20148587,-0.0010503847,0.63759214,0.0,0.0,0
226317955,0.02110409,-0.21902037,0.030504808,0.63759214,0.0,0.0,0
226342913,-0.04086221,-0.23585384,0.05085817,0.63759214,0.0,0.0,0
226362918,-0.07689604,-0.22725828,0.057018697,0.63759214,0.0,0.0,0
226377930,-0.0994719,-0.21680559,0.058536004,0.63759214,0.0,0.0,0
226402787,-0.13036539,-0.21076137,0.056818694,0.63759214,0.0,0.0,0
226422747,-0.15414283,-0.23911041,0.061221972,0.63759214,0.0,0.0,0
226437715,-0.15867808,-0.27029836,0.0672281,0.63759214,0.0,0.0,0
226457663,-0.15985493,-0.3114395,0.07068648,0.63759214,0.0,0.0,0
226482614,-0.14078261,-0.364879,0.07222395,0.63759214,0.0,0.0,0
226502616,-0.09162324,-0.39869043,0.06284884,0.63759214,0.0,0.0,0
226517536,-0.046688367,-0.40682393,0.055927634,0.63759214,0.0,0.0,0
226542506,0.020925868,-0.40202513,0.03195704,0.63759214,0.0,0.0,0
226562497,0.06186914,-0.40144166,0.010315521,0.63759214,0.0,0.0,0
226577493,0.07987725,-0.40579695,0.0006387388,0.63759214,0.0,0.0,0
226602361,0.05681552,-0.40764862,0.016288243,0.63759214,0.0,0.0,0
226622349,-0.0039451616,-0.4209201,0.057706054,0.63759214,0.0,0.0,0
226642288,-0.07205886,-0.43424404,0.072795,0.63759214,0.0,0.0,0
226657245,-0.116143145,-0.43102998,0.080329016,0.63759214,0.0,0.0,0
226682195,-0.17700048,-0.39737388,0.08805058,0.63759214,0.0,0.0,0
226702153,-0.21279767,-0.36005864,0.102697834,0.63759214,0.0,0.0,0
226717121,-0.22536075,-0.34053057,0.10257391,0.63759214,0.0,0.0,0
226742070,-0.24621561,-0.34172314,0.10569074,0.63759214,0.0,0.0,0
226762081,-0.24835819,-0.3601569,0.10803766,0.63759214,0.0,0.0,0
226781989,-0.22402939,-0.38087466,0.106504105,0.63759214,0.0,0.0,0
226801950,-0.17859018,-0.39702156,0.07616103,0.63759214,0.0,0.0,0
226821897,-0.14125493,-0.39760017,0.070184834,0.63759214,0.0,0.0,0
226841867,-0.09968907,-0.3747612,0.062118955,0.63759214,0.0,0.0,0
226856820,-0.054511856,-0.34871098,0.05417693,0.63759214,0.0,0.0,0
226881774,0.016505811,-0.30476573,0.033621915,0.63759214,0.0,0.0,0
226901776,0.077102914,-0.2810644,0.0046794163,0.63759214,0.0,0.0,0
226921693,0.073118955,-0.26746762,0.0085267825,0.63759214,0.0,0.0,0
226941676,0.041710243,-0.26485136,0.027700175,0.63759214,0.0,0.0,0
226961665,0.0070118573,-0.2685525,0.048220243,0.63759214,0.0,0.0,0
226981567,-0.019026924,-0.26658458,0.05971197,0.63759214,0.0,0.0,0
227001533,-0.04180119,-0.25171337,0.052267637,0.63759214,0.0,0.0,0
227021479,-0.060470667,-0.23310132,0.05332418,0.63759214,0.0,0.0,0
227041442,-0.07027213,-0.22971122,0.054075576,0.63759214,0.0,0.0,0
227061429,-0.087317355,-0.25712696,0.057263825,0.63759214,0.0,0.0,0
227081390,-0.10470429,-0.30483732,0.05939114,0.63759214,0.0,0.0,0
227101313,-0.113685146,-0.34988454,0.08314597,0.63759214,0.0,0.0,0
227121267,-0.109003924,-0.40208787,0.08541545,0.63759214,0.0,0.0,0
227141227,-0.059442867,-0.44260088,0.07878709,0.63759214,0.0,0.0,0
227161227,-0.011687908,-0.45945233,0.063692704,0.63759214,0.0,0.0,0
227181151,0.025874771,-0.461432,0.04086016,0.63759214,0.0,0.0,0
227201108,0.058976006,-0.46026626,0.015357786,0.63759214,0.0,0.0,0
227221103,0.109128684,-0.45244932,-0.020124588,0.63759214,0.0,0.0,0
227241023,0.09961083,-0.44194284,-0.012392188,0.63759214,0.0,0.0,0
227260975,0.060852263,-0.43281344,0.016328357,0.63759214,0.0,0.0,0
227280940,0.036342844,-0.41942304,0.03350703,0.63759214,0.0,0.0,0
227300891,0.003322168,-0.3791375,0.039179064,0.63759214,0.0,0.0,0
227320874,-0.022539865,-0.31989437,0.048165265,0.63759214,0.0,0.0,0
227340832,-0.028510949,-0.2536984,0.04937687,0.63759214,0.0,0.0,0
227360964,-0.036812592,-0.21193722,0.048657026,0.63759214,0.0,0.0,0
227380722,-0.034274943,-0.203206,0.055734023,0.63759214,0.0,0.0,0
227400692,-0.03326335,-0.21785206,0.073638834,0.6363636,0.0,0.0,0
227420646,-0.023317695,-0.23277672,0.07640017,0.6351351,0.0,0.0,0
227440599,0.006575817,-0.25467932,0.062232763,0.6351351,0.0,0.0,0
227460556,0.060956568,-0.26537025,0.027605291,0.6351351,0.0,0.0,0
227480524,0.11243092,-0.2603546,-0.005127948,0.6351351,0.0,0.0,0
227500526,0.15803516,-0.24635985,-0.030331243,0.6351351,0.0,0.0,0
227520437,0.1948435,-0.23378117,-0.05123659,0.6351351,0.0,0.0,0
227540401,0.20820424,-0.22988768,-0.058255903,0.6351351,0.0,0.0,0
227560480,0.18028772,-0.23367119,-0.039258026,0.6351351,0.0,0.0,0
227580309,0.13810253,-0.24156347,-0.00924472,0.6351351,0.0,0.0,0
227600320,0.08109857,-0.25339592,0.025051242,0.6314496,0.0,0.0,0
227620255,0.017079888,-0.2554644,0.06325812,0.6277641,0.0,0.0,0
227640263,-0.039213985,-0.23929517,0.08160199,0.62407863,0.0,0.0,0
227660168,-0.07244376,-0.2218272,0.083757564,0.62407863,0.0,0.0,0
227680128,-0.09243,-0.22314599,0.08566855,0.62407863,0.0,0.0,0
227700077,-0.10794493,-0.2514551,0.085147075,0.6228501,0.0,0.0,0
227720014,-0.11633325,-0.29868123,0.08982009,0.6228501,0.0,0.0,0
227739991,-0.117586136,-0.34664276,0.0937161,0.62407863,0.0,0.0,0
227760073,-0.09588996,-0.3926055,0.093759686,0.62407863,0.0,0.0,0
227779885,-0.03239286,-0.42907614,0.08515687,0.62407863,0.0,0.0,0
227799846,0.034851894,-0.44224185,0.05883963,0.62407863,0.0,0.0,0
227819810,0.08344737,-0.4409413,0.030820576,0.62407863,0.0,0.0,0
227839790,0.12103805,-0.43806788,0.007855809,0.6228501,0.0,0.0,0
227859752,0.14596052,-0.43595558,-0.0071825013,0.6228501,0.0,0.0,0
227879691,0.12626325,-0.43503675,0.012102463,0.62407863,0.0,0.0,0
227904672,0.051064998,-0.44219902,0.07239316,0.62407863,0.0,0.0,0
227919595,0.0042058793,-0.4414201,0.10587189,0.62407863,0.0,0.0,0
227939571,-0.051921323,-0.42452902,0.13193588,0.6228501,0.0,0.0,0
227959594,-0.089728914,-0.385868,0.13632707,0.6228501,0.0,0.0,0
227979478,-0.11288614,-0.3379891,0.13678366,0.6228501,0.0,0.0,0
227999453,-0.12494239,-0.3025909,0.123262726,0.6228501,0.0,0.0,0
228019384,-0.13419585,-0.2813759,0.12284678,0.6228501,0.0,0.0,0
228044384,-0.13313927,-0.28300202,0.12292695,0.6228501,0.0,0.0,0
228059307,-0.11548211,-0.28548607,0.12104952,0.6228501,0.0,0.0,0
228079280,-0.083662815,-0.2886185,0.11750939,0.6228501,0.0,0.0,0
228099237,-0.03680211,-0.28508738,0.09457162,0.6228501,0.0,0.0,0
228119203,0.031041361,-0.26286948,0.0670068,0.6228501,0.0,0.0,0
228139208,0.09337724,-0.22641736,0.029736532,0.6228501,0.0,0.0,0
228159167,0.13904403,-0.19823445,0.005107444,0.6228501,0.0,0.0,0
228184038,0.16520727,-0.18402065,-0.008783402,0.6228501,0.0,0.0,0
228199040,0.16327226,-0.1809913,-0.008350321,0.62407863,0.0,0.0,0
228218965,0.12358918,-0.18736745,0.0131220035,0.6228501,0.0,0.0,0
228243918,0.055754125,-0.20370133,0.05422146,0.6228501,0.0,0.0,0
228258886,0.017861834,-0.21400684,0.07721672,0.6228501,0.0,0.0,0
228278847,-0.02546337,-0.21408106,0.0981684,0.6228501,0.0,0.0,0
228298809,-0.055108335,-0.20397629,0.109448425,0.6228501,0.0,0.0,0
228323741,-0.087175734,-0.1962758,0.10429877,0.6228501,0.0,0.0,0
228338808,-0.09680463,-0.21705502,0.10650617,0.6228501,0.0,0.0,0
228358726,-0.09729589,-0.26022512,0.10944513,0.6228501,0.0,0.0,0
228383613,-0.07698519,-0.31563753,0.1140079,0.6228501,0.0,0.0,0
228398586,-0.054947622,-0.3426551,0.102000944,0.6228501,0.0,0.0,0
228418543,-0.02518226,-0.37157428,0.09910412,0.6228501,0.0,0.0,0
228443497,0.03069574,-0.37789413,0.06464175,0.6228501,0.0,0.0,0
228463468,0.08443276,-0.36106175,0.030718572,0.6228501,0.0,0.0,0
228478438,0.12906134,-0.34265578,0.008782586,0.6228501,0.0,0.0,0
228498374,0.16026221,-0.32229933,-0.010336696,0.6228501,0.0,0.0,0
228523321,0.16511118,-0.30426797,-0.012288426,0.6228501,0.0,0.0,0
228538335,0.13796408,-0.29984292,0.004782578,0.6228501,0.0,0.0,0
228558263,0.079567485,-0.2977825,0.040690694,0.6228501,0.0,0.0,0
228583231,0.020556638,-0.29451522,0.0765166,0.6228501,0.0,0.0,0
228603191,-0.015747437,-0.2691429,0.09554185,0.6228501,0.0,0.0,0
228618123,-0.032409083,-0.24353957,0.10239082,0.6228501,0.0,0.0,0
228643075,-0.0511926,-0.22510865,0.109342255,0.6228501,0.0,0.0,0
228663024,-0.060069453,-0.24501432,0.11779308,0.6228501,0.0,0.0,0
228678007,-0.05349067,-0.2784188,0.12895255,0.6228501,0.0,0.0,0
228697955,-0.05464045,-0.315367,0.1303378,0.6228501,0.0,0.0,0
228722930,0.020768285,-0.43102485,0.15107228,0.6228501,0.0,0.0,0
228743053,0.07089815,-0.5015147,0.13449211,0.6228501,0.0,0.0,0
228757869,0.11627717,-0.51822007,0.10577409,0.6228501,0.0,0.0,0
228782773,0.2061695,-0.52635735,0.058212273,0.6228501,0.0,0.0,0
228802737,0.24421956,-0.5166639,0.0384948,0.6228501,0.0,0.0,0
228817717,0.2581539,-0.5115777,0.028945196,0.6228501,0.0,0.0,0
228837667,0.27094054,-0.51052445,0.019956147,0.6228501,0.0,0.0,0
228862627,0.24238342,-0.51007724,0.04164381,0.6228501,0.0,0.0,0
228882604,0.19130932,-0.5086018,0.07922392,0.6228501,0.0,0.0,0
228897566,0.1515218,-0.50007784,0.08852458,0.6228501,0.0,0.0,0
228922496,0.10020028,-0.45882353,0.119141765,0.6228501,0.0,0.0,0
228942583,0.07341781,-0.40883052,0.1340081,0.6228501,0.0,0.0,0
228957411,0.05827324,-0.3710592,0.14173841,0.6228501,0.0,0.0,0
228982369,0.041382995,-0.33900958,0.15080765,0.6228501,0.0,0.0,0
229002338,0.031169364,-0.35067955,0.14703315,0.6228501,0.0,0.0,0
229022287,0.023239939,-0.37204278,0.15264641,0.6228501,0.0,0.0,0
229037236,0.025357533,-0.3947607,0.15264727,0.6228501,0.0,0.0,0
229062189,0.066017434,-0.43651134,0.13083735,0.6228501,0.0,0.0,0
229082145,0.11396089,-0.45629054,0.10312784,0.6228501,0.0,0.0,0
229097119,0.14878619,-0.46283388,0.107658684,0.6228501,0.0,0.0,0
229122078,0.19609824,-0.45898342,0.060417607,0.6228501,0.0,0.0,0
229142153,0.2294736,-0.46215937,0.032663945,0.6228501,0.0,0.0,0
229161982,0.23993286,-0.46590808,0.026022162,0.6228501,0.0,0.0,0
229181937,0.20816413,-0.4686337,0.046410087,0.6228501,0.0,0.0,0
229201900,0.16894712,-0.47524816,0.057968203,0.6228501,0.0,0.0,0
229221860,0.118809335,-0.4738146,0.083862774,0.6228501,0.0,0.0,0
229236820,0.07993758,-0.46240604,0.10292458,0.6228501,0.0,0.0,0
229261780,0.034060247,-0.4140346,0.1266963,0.6228501,0.0,0.0,0
229281733,0.0062762485,-0.3724937,0.13974987,0.6228501,0.0,0.0,0
229301706,-0.019823698,-0.35611504,0.17508236,0.6228501,0.0,0.0,0
229321665,-0.040186446,-0.37251446,0.17888828,0.6228501,0.0,0.0,0
229341686,-0.051347513,-0.41010773,0.18364301,0.6228501,0.0,0.0,0
229361558,-0.060715906,-0.4523281,0.18529978,0.6228501,0.0,0.0,0
229381516,-0.031290527,-0.49095026,0.18188588,0.6228501,0.0,0.0,0
229401487,0.016297884,-0.512159,0.16793488,0.6228501,0.0,0.0,0
229421428,0.062912785,-0.51999193,0.13060367,0.6228501,0.0,0.0,0
229441435,0.096041866,-0.4959597,0.09781923,0.6228501,0.0,0.0,0
229461343,0.12833221,-0.48735324,0.06733072,0.6228501,0.0,0.0,0
229481305,0.14708029,-0.47690624,0.04724686,0.6228501,0.0,0.0,0
229501290,0.098703764,-0.46190518,0.07807492,0.6228501,0.0,0.0,0
229521235,0.018208899,-0.44500488,0.123555094,0.6228501,0.0,0.0,0
229541230,-0.045493543,-0.4155818,0.15014309,0.6228501,0.0,0.0,0
229561137,-0.10961541,-0.367243,0.14495459,0.6228501,0.0,0.0,0
229581123,-0.16955218,-0.29640895,0.12729149,0.6228501,0.0,0.0,0
229601051,-0.20249213,-0.23079202,0.09106162,0.6228501,0.0,0.0,0
229621014,-0.2066383,-0.20171979,0.08825124,0.6228501,0.0,0.0,0
229640989,-0.21724963,-0.18839824,0.084487036,0.6228501,0.0,0.0,0
229660926,-0.22587319,-0.19843714,0.0803594,0.6228501,0.0,0.0,0
229680897,-0.20701322,-0.22153106,0.081346385,0.6228501,0.0,0.0,0
229700848,-0.17063555,-0.25445038,0.08369233,0.6228501,0.0,0.0,0
229720865,-0.11436129,-0.28105304,0.07974965,0.6228501,0.0,0.0,0
229740789,-0.044108756,-0.28843436,0.07205242,0.6228501,0.0,0.0,0
229760749,0.01463983,-0.2828372,0.052257348,0.6228501,0.0,0.0,0
229780681,0.056974154,-0.2842896,0.028029518,0.6228501,0.0,0.0,0
229800651,0.086798295,-0.29080954,0.012773619,0.6228501,0.0,0.0,0
229820597,0.08371491,-0.29994974,0.020718146,0.6228501,0.0,0.0,0
229840576,0.03888425,-0.30929118,0.046178356,0.6228501,0.0,0.0,0
229860530,-0.023944376,-0.32516924,0.07610524,0.6228501,0.0,0.0,0
229880466,-0.07626093,-0.33304518,0.08345197,0.6228501,0.0,0.0,0
229900433,-0.12758122,-0.3264241,0.09535038,0.6228501,0.0,0.0,0
229920431,-0.16321535,-0.3114531,0.09864648,0.6228501,0.0,0.0,0
229940351,-0.18437137,-0.31247318,0.10156075,0.6228501,0.0,0.0,0
229960315,-0.19958702,-0.33050388,0.105486766,0.6228501,0.0,0.0,0
229980312,-0.2145583,-0.36507285,0.10494487,0.6228501,0.0,0.0,0
230000250,-0.20412767,-0.40974396,0.10726637,0.6228501,0.0,0.0,0
230020205,-0.18001601,-0.4456122,0.09685816,0.6228501,0.0,0.0,0
230040171,-0.16130355,-0.47858608,0.0894381,0.6228501,0.0,0.0,0
230060140,-0.13247432,-0.4960879,0.08188259,0.6228501,0.0,0.0,0
230080055,-0.075510524,-0.4925586,0.07044911,0.6228501,0.0,0.0,0
230100015,-0.024232099,-0.47950777,0.0736398,0.6228501,0.0,0.0,0
230120032,0.0040439856,-0.47239098,0.050922897,0.6228501,0.0,0.0,0
230139930,-0.009735872,-0.47029388,0.05199985,0.6228501,0.0,0.0,0
230159924,-0.033989448,-0.46943632,0.057427175,0.6228501,0.0,0.0,0
230179839,-0.075034514,-0.46712768,0.06507931,0.6228501,0.0,0.0,0
230199805,-0.1257609,-0.44800216,0.054098018,0.6228501,0.0,0.0,0
230219760,-0.16400604,-0.40748426,0.051917247,0.6228501,0.0,0.0,0
230239726,-0.20595762,-0.34953564,0.037864402,0.6228501,0.0,0.0,0
230259722,-0.2162503,-0.30104572,0.03525304,0.6228501,0.0,0.0,0
230284623,-0.24023063,-0.2817968,0.027162142,0.6228501,0.0,0.0,0
230299588,-0.24116181,-0.28830203,0.027897567,0.6228501,0.0,0.0,0
230319599,-0.22834511,-0.31591508,0.028935576,0.6228501,0.0,0.0,0
230339509,-0.1939943,-0.3581578,0.027848149,0.6228501,0.0,0.0,0
230359464,-0.15053375,-0.3866549,0.023310024,0.6228501,0.0,0.0,0
230379440,-0.10092189,-0.43140855,0.017424894,0.6228501,0.0,0.0,0
230399378,-0.05993517,-0.4468639,0.013475989,0.6228501,0.0,0.0,0
230424322,0.0048523257,-0.4386096,-0.0104202125,0.6228501,0.0,0.0,0
230439309,0.017204529,-0.43329778,-0.02527233,0.6228501,0.0,0.0,0
230459270,0.02985422,-0.42513004,-0.033407252,0.6228501,0.0,0.0,0
230479237,-0.02111597,-0.42462245,-0.021903386,0.6228501,0.0,0.0,0
230499206,-0.08172002,-0.43216148,0.015107624,0.62407863,0.0,0.0,0
230519309,-0.13096899,-0.44358498,0.04040392,0.62407863,0.0,0.0,0
230539151,-0.18941285,-0.4454394,0.052253075,0.6228501,0.0,0.0,0
230564031,-0.24151699,-0.4344594,0.059470944,0.62407863,0.0,0.0,0
230579005,-0.26631868,-0.43081418,0.06500522,0.6228501,0.0,0.0,0
230598965,-0.28401428,-0.4458824,0.06829857,0.6228501,0.0,0.0,0
230623922,-0.29945806,-0.4926136,0.076285005,0.6228501,0.0,0.0,0
230638891,-0.29624996,-0.5311883,0.078744106,0.6228501,0.0,0.0,0
230658838,-0.2825748,-0.5824576,0.0806867,0.6228501,0.0,0.0,0
230678838,-0.2611623,-0.62451553,0.07812808,0.6228501,0.0,0.0,0
230703750,-0.21290307,-0.6597677,0.07113295,0.6228501,0.0,0.0,0
230718851,-0.1760275,-0.6652358,0.061506618,0.6228501,0.0,0.0,0
230738679,-0.12900797,-0.6568968,0.036728825,0.6228501,0.0,0.0,0
230763626,-0.07528316,-0.6411059,0.000753479,0.6228501,0.0,0.0,0
230778585,-0.055963118,-0.6354212,-0.011086078,0.6228501,0.0,0.0,0
230798551,-0.073961,-0.631229,0.0013395419,0.62407863,0.0,0.0,0
230823528,-0.12903152,-0.6296865,0.041316893,0.6228501,0.0,0.0,0
230843447,-0.17989552,-0.61642134,0.06048716,0.6228501,0.0,0.0,0
230858407,-0.20545954,-0.59519094,0.06600659,0.62407863,0.0,0.0,0
230878375,-0.23840295,-0.551963,0.07165219,0.6228501,0.0,0.0,0
230903329,-0.24981397,-0.490349,0.07647637,0.6228501,0.0,0.0,0
230918388,-0.2512971,-0.46742672,0.07322425,0.6228501,0.0,0.0,0
230938250,-0.27046996,-0.4650787,0.07673081,0.6228501,0.0,0.0,0
230963204,-0.26746866,-0.4884504,0.07579001,0.6228501,0.0,0.0,0
230983151,-0.23339857,-0.50947267,0.07027188,0.6228501,0.0,0.0,0
230998116,-0.20538352,-0.521973,0.07188686,0.6228501,0.0,0.0,0
231023075,-0.16553384,-0.523717,0.06324458,0.6228501,0.0,0.0,0
231043034,-0.12501171,-0.49672976,0.053338815,0.6228501,0.0,0.0,0
231057992,-0.07537772,-0.4686137,0.011759968,0.6228501,0.0,0.0,0
231077968,-0.02167917,-0.4230596,-0.030117327,0.6228501,0.0,0.0,0
231102942,0.03353822,-0.37526733,-0.051700752,0.6228501,0.0,0.0,0
231122877,0.020498198,-0.34562707,-0.052959792,0.6228501,0.0,0.0,0
231137819,-0.004058972,-0.3285508,-0.04160015,0.6228501,0.0,0.0,0
231162780,-0.045252714,-0.31035423,-0.012426701,0.6228501,0.0,0.0,0
231182736,-0.06811686,-0.28709245,0.003986005,0.6228501,0.0,0.0,0
231197710,-0.08500867,-0.26494506,0.01388978,0.6228501,0.0,0.0,0
231222694,-0.10419303,-0.23352817,0.025654059,0.6228501,0.0,0.0,0
231242607,-0.1050639,-0.23127237,0.026064625,0.6228501,0.0,0.0,0
231262574,-0.1114963,-0.25747758,0.030316327,0.6228501,0.0,0.0,0
231277526,-0.10993647,-0.2880962,0.02944795,0.6228501,0.0,0.0,0
231302531,-0.08552421,-0.34273311,0.010621434,0.6228501,0.0,0.0,0
231322434,-0.056951728,-0.389083,-0.0077417786,0.6228501,0.0,0.0,0
231337420,-0.020821048,-0.4152028,-0.034435548,0.6228501,0.0,0.0,0
231362395,0.062930286,-0.42469555,-0.06159774,0.6228501,0.0,0.0,0
231382322,0.11177367,-0.41921976,-0.06962771,0.6228501,0.0,0.0,0
231402286,0.14683399,-0.41348073,-0.075145066,0.6228501,0.0,0.0,0
231417241,0.15674435,-0.41323155,-0.080259316,0.6228501,0.0,0.0,0
231442193,0.13235947,-0.41354254,-0.07608449,0.62407863,0.0,0.0,0
231462154,0.081440605,-0.4267847,-0.06826595,0.6228501,0.0,0.0,0
231477112,0.041179292,-0.43480566,-0.061617922,0.6228501,0.0,0.0,0
231502096,-0.027283031,-0.42846346,-0.035147313,0.6228501,0.0,0.0,0
231522017,-0.07883389,-0.39899907,0.0018308109,0.6228501,0.0,0.0,0
231541980,-0.10433841,-0.3588235,0.023031166,0.6228501,0.0,0.0,0
231561941,-0.11739883,-0.33195093,0.03206183,0.6228501,0.0,0.0,0
231581889,-0.12137783,-0.32992405,0.03468634,0.6228501,0.0,0.0,0
231601849,-0.11455911,-0.3455501,0.028752416,0.6228501,0.0,0.0,0
231616822,-0.10149982,-0.36223853,0.019495577,0.6228501,0.0,0.0,0
231641773,-0.057225075,-0.38431284,-0.007979557,0.6228501,0.0,0.0,0
231661723,0.0074283103,-0.39186293,-0.049571898,0.6228501,0.0,0.0,0
231681683,0.074228965,-0.37310055,-0.059020214,0.6228501,0.0,0.0,0
231701687,0.1287344,-0.33844122,-0.057211407,0.6228501,0.0,0.0,0
231721603,0.16683266,-0.30346078,-0.059505343,0.6228501,0.0,0.0,0
231741562,0.18914719,-0.27725145,-0.059813414,0.6228501,0.0,0.0,0
231761520,0.18925586,-0.25842193,-0.061021898,0.6228501,0.0,0.0,0
231781511,0.15946852,-0.25089645,-0.05725026,0.6228501,0.0,0.0,0
231801441,0.1078296,-0.25651166,-0.054766227,0.6228501,0.0,0.0,0
231821392,0.06274321,-0.26428807,-0.050432783,0.6228501,0.0,0.0,0
231841344,0.025412394,-0.26132745,-0.046373688,0.6228501,0.0,0.0,0
231861305,-0.012578568,-0.25513834,-0.03588498,0.6228501,0.0,0.0,0
231881285,-0.043572575,-0.2580773,-0.02026435,0.6228501,0.0,0.0,0
231901379,-0.062044483,-0.2859679,-0.009002213,0.6228501,0.0,0.0,0
231921226,-0.066046014,-0.3334601,-0.006867198,0.6228501,0.0,0.0,0
231941136,-0.055690963,-0.38244855,-0.013462632,0.6228501,0.0,0.0,0
231961101,-0.03992435,-0.43002236,-0.02332157,0.6228501,0.0,0.0,0
231981051,-0.009121136,-0.47148994,-0.040185962,0.6228501,0.0,0.0,0
232001014,0.031256128,-0.49515742,-0.05031525,0.6228501,0.0,0.0,0
232020974,0.08188933,-0.5008018,-0.060927574,0.6228501,0.0,0.0,0
232040931,0.1327324,-0.4921903,-0.07058634,0.6228501,0.0,0.0,0
232060952,0.17662413,-0.48933312,-0.07907962,0.6228501,0.0,0.0,0
232080861,0.17983133,-0.49143392,-0.07990462,0.6228501,0.0,0.0,0
232100935,0.15640278,-0.5045409,-0.08081224,0.6228501,0.0,0.0,0
232120764,0.12455971,-0.5183067,-0.07501198,0.6228501,0.0,0.0,0
232140724,0.08877856,-0.5221297,-0.06772942,0.6228501,0.0,0.0,0
232160682,0.051502094,-0.5041981,-0.059258193,0.6228501,0.0,0.0,0
232180659,0.025216272,-0.4727381,-0.053120833,0.6228501,0.0,0.0,0
232200622,0.007970189,-0.44483095,-0.06919465,0.6228501,0.0,0.0,0
232220562,-0.0114912335,-0.4431618,-0.048991323,0.6228501,0.0,0.0,0
232240513,-0.029779198,-0.45994195,-0.03456418,0.6228501,0.0,0.0,0
232260466,-0.024101213,-0.48893878,-0.03984677,0.6228501,0.0,0.0,0
232280439,0.00024957894,-0.5109358,-0.060603645,0.6228501,0.0,0.0,0
232300490,0.019837996,-0.52567786,-0.061671752,0.6228501,0.0,0.0,0
232320388,0.04587582,-0.52555746,-0.067720726,0.6228501,0.0,0.0,0
232340297,0.09935097,-0.49949735,-0.077684365,0.6228501,0.0,0.0,0
232360272,0.14623375,-0.4581871,-0.084204815,0.6228501,0.0,0.0,0
232380246,0.16713403,-0.42539167,-0.08548237,0.6228501,0.0,0.0,0
232400220,0.17919236,-0.39674035,-0.08112002,0.6228501,0.0,0.0,0
232420177,0.16208869,-0.37449867,-0.076618284,0.6228501,0.0,0.0,0
232440152,0.119287156,-0.36602482,-0.06956786,0.6228501,0.0,0.0,0
232460147,0.073582046,-0.35998145,-0.062528424,0.6228501,0.0,0.0,0
232480019,0.037777442,-0.34269223,-0.05677944,0.6228501,0.0,0.0,0
232500040,0.001710243,-0.31825954,-0.04055101,0.6228501,0.0,0.0,0
232519920,-0.024935275,-0.29460856,-0.026257282,0.6228501,0.0,0.0,0
232539889,-0.04086134,-0.2989788,-0.020220812,0.6228501,0.0,0.0,0
232559839,-0.052899234,-0.32914636,-0.013723386,0.6228501,0.0,0.0,0
232579797,-0.06182741,-0.37066874,-0.008894249,0.6228501,0.0,0.0,0
232599795,-0.06296693,-0.41769686,-0.009326107,0.62407863,0.0,0.0,0
232619713,-0.045240976,-0.4645346,-0.024885433,0.6228501,0.0,0.0,0
232639679,0.02242973,-0.49523133,-0.06571589,0.6228501,0.0,0.0,0
232664625,0.09372847,-0.48929194,-0.08609616,0.6228501,0.0,0.0,0
232679606,0.12710658,-0.48266283,-0.09223698,0.6228501,0.0,0.0,0
232699623,0.16279048,-0.47618598,-0.11103561,0.62407863,0.0,0.0,0
232719541,0.18775031,-0.471607,-0.11497863,0.6228501,0.0,0.0,0
232739466,0.15823162,-0.47373083,-0.10946497,0.6228501,0.0,0.0,0
232759462,0.10476004,-0.48553783,-0.09991219,0.6228501,0.0,0.0,0
232779375,0.055158857,-0.48725736,-0.09025429,0.6228501,0.0,0.0,0
232804317,-0.0048763687,-0.46188536,-0.054946717,0.6228501,0.0,0.0,0
232819308,-0.043835495,-0.4287519,-0.028522614,0.6228501,0.0,0.0,0
232839269,-0.070750356,-0.39727122,-0.0040774043,0.6228501,0.0,0.0,0
232859232,-0.04637559,-0.41788298,0.012380307,0.6228501,0.0,0.0,0
232879271,-0.028566271,-0.47721785,0.005453171,0.6228501,0.0,0.0,0
232899238,-0.030500716,-0.5294062,0.0064592287,0.6130221,0.0,0.0,0
232919081,-0.020380868,-0.54022187,0.0044041756,0.6130221,0.0,0.0,0
232944032,0.008184205,-0.52732044,-0.0017262856,0.6117936,0.0,0.0,0
232959003,0.04008769,-0.5046134,-0.008092209,0.6117936,0.0,0.0,0
232978983,0.0908483,-0.48687962,-0.023694627,0.6117936,0.0,0.0,0
233003899,0.15053739,-0.45864165,-0.034295443,0.6117936,0.0,0.0,0
233018908,0.16983089,-0.45021597,-0.037259933,0.6117936,0.0,0.0,0
233038837,0.1773668,-0.4490358,-0.03853852,0.6117936,0.0,0.0,0
233058802,0.1778068,-0.45380634,-0.03896943,0.6117936,0.0,0.0,0
233083778,0.12925862,-0.4732835,-0.03450643,0.6117936,0.0,0.0,0
233098715,0.08780867,-0.48841175,-0.026906777,0.6117936,0.0,0.0,0
233118685,0.047985747,-0.5577639,-0.010707201,0.6117936,0.0,0.0,0
233143607,-0.0063164067,-0.6104789,0.0015424197,0.6117936,0.0,0.0,0
233158636,-0.019274177,-0.63575566,0.011881116,0.6117936,0.0,0.0,0
233178533,-0.03953039,-0.6318694,0.016971342,0.6117936,0.0,0.0,0
233203485,-0.068628505,-0.6414124,0.017612092,0.6117936,0.0,0.0,0
233223442,-0.08474127,-0.6773036,0.022967028,0.6117936,0.0,0.0,0
233238431,-0.08699752,-0.6934824,0.024142245,0.6117936,0.0,0.0,0
233258363,-0.07843901,-0.7274355,0.022831222,0.6117936,0.0,0.0,0
233283511,-0.04218064,-0.7575518,0.012782823,0.6117936,0.0,0.0,0
233298325,0.002277853,-0.75595343,-0.00068878074,0.6117936,0.0,0.0,0
233318257,0.05361649,-0.73643345,-0.015796414,0.6117936,0.0,0.0,0
233343193,0.09578631,-0.6900056,-0.026450181,0.6117936,0.0,0.0,0
233363145,0.12566452,-0.6215296,-0.034758415,0.6117936,0.0,0.0,0
233378131,0.1297917,-0.5903078,-0.04446132,0.6117936,0.0,0.0,0
233403062,0.08767254,-0.55998045,-0.047550194,0.6117936,0.0,0.0,0
233423053,0.040209815,-0.5522299,-0.04857738,0.6117936,0.0,0.0,0
233437994,0.019921476,-0.5473535,-0.043954805,0.6117936,0.0,0.0,0
233457944,-0.027614227,-0.53532404,-0.02197733,0.6117936,0.0,0.0,0
233483015,-0.07352772,-0.4990501,0.00815119,0.6117936,0.0,0.0,0
233502852,-0.09278832,-0.47180134,0.019178765,0.6117936,0.0,0.0,0
233517843,-0.10174878,-0.46592948,0.025988517,0.6117936,0.0,0.0,0
233542771,-0.12169955,-0.48778823,0.030033572,0.6117936,0.0,0.0,0
233562769,-0.112045504,-0.51517063,0.018631287,0.6117936,0.0,0.0,0
233577696,-0.0870558,-0.5309237,-0.0012256168,0.6117936,0.0,0.0,0
233597655,-0.04754749,-0.5660193,-0.023403177,0.6117936,0.0,0.0,0
233622611,0.0025630412,-0.56715,-0.058542322,0.6117936,0.0,0.0,0
233642556,0.06428643,-0.55669874,-0.06732121,0.6117936,0.0,0.0,0
233657539,0.107883066,-0.5552681,-0.07013539,0.6117936,0.0,0.0,0
233682573,0.1487923,-0.55052567,-0.075667314,0.61056507,0.0,0.0,0
233702550,0.16583346,-0.55033463,-0.0826125,0.6068796,0.0,0.0,0
233717396,0.15329535,-0.54050374,-0.07908061,0.6068796,0.0,0.0,0
233742364,0.10516172,-0.5416433,-0.06866713,0.6056511,0.0,0.0,0
233762304,0.059019238,-0.55484605,-0.059156872,0.6056511,0.0,0.0,0
233777277,0.024423009,-0.5571581,-0.051509865,0.6056511,0.0,0.0,0
233797236,-0.01296921,-0.55563825,-0.021444932,0.6056511,0.0,0.0,0
233822180,-0.06275769,-0.5354386,0.0062422613,0.6056511,0.0,0.0,0
233842137,-0.082144424,-0.5287178,0.01824706,0.6056511,0.0,0.0,0
233857122,-0.09873076,-0.54019016,0.025707105,0.60442257,0.0,0.0,0
233882130,-0.10038938,-0.5857277,0.027037753,0.6056511,0.0,0.0,0
233902009,-0.09090131,-0.630293,0.02685017,0.6056511,0.0,0.0,0
233921974,-0.08988368,-0.6716974,0.01832024,0.6056511,0.0,0.0,0
233941939,-0.042111035,-0.7130763,-0.027139882,0.6056511,0.0,0.0,0
233961917,0.024620336,-0.7279001,-0.08334458,0.6056511,0.0,0.0,0
233981844,0.07904486,-0.72246385,-0.103261515,0.6056511,0.0,0.0,0
233996843,0.116264015,-0.7074718,-0.0946767,0.6056511,0.0,0.0,0
234021762,0.15982142,-0.67966896,-0.10927664,0.6056511,0.0,0.0,0
234041728,0.15958382,-0.6564255,-0.10717607,0.6056511,0.0,0.0,0
234061693,0.11997591,-0.64227617,-0.099069856,0.6056511,0.0,0.0,0
234081709,0.06602846,-0.6306098,-0.084463604,0.6056511,0.0,0.0,0
234101609,0.008195858,-0.6196202,-0.07447207,0.6056511,0.0,0.0,0
234121580,-0.056294058,-0.6008903,-0.033143256,0.6056511,0.0,0.0,0
234141511,-0.101146124,-0.5733856,-0.0032628512,0.6056511,0.0,0.0,0
234161466,-0.13580212,-0.5566359,0.016433913,0.6056511,0.0,0.0,0
234181423,-0.15873751,-0.561752,0.031668734,0.6056511,0.0,0.0,0
234201384,-0.17017333,-0.5897206,0.040248077,0.6056511,0.0,0.0,0
234221337,-0.16646022,-0.62754124,0.03779587,0.6056511,0.0,0.0,0
234241305,-0.15255181,-0.66745174,0.028267864,0.6056511,0.0,0.0,0
234261316,-0.14251915,-0.7017165,0.014279553,0.6056511,0.0,0.0,0
234281226,-0.0780838,-0.72754955,-0.031920113,0.6056511,0.0,0.0,0
234301175,2.770916e-05,-0.7263753,-0.08080899,0.6056511,0.0,0.0,0
234321136,0.051427763,-0.71156305,-0.102658816,0.6056511,0.0,0.0,0
234341104,0.093586266,-0.6961266,-0.11373276,0.6056511,0.0,0.0,0
234361054,0.11896023,-0.6886156,-0.12367901,0.6056511,0.0,0.0,0
234381008,0.105514884,-0.688713,-0.11655771,0.6056511,0.0,0.0,0
234401005,0.06394025,-0.6975947,-0.11936918,0.6056511,0.0,0.0,0
234420921,0.025591431,-0.70895195,-0.10816172,0.6056511,0.0,0.0,0
234440880,-0.020613683,-0.71217316,-0.07742751,0.6056511,0.0,0.0,0
234460882,-0.06779363,-0.70285,-0.04243559,0.60442257,0.0,0.0,0
234480794,-0.09839743,-0.67603225,-0.019887008,0.6056511,0.0,0.0,0
234500767,-0.11667366,-0.65677387,-0.0063742003,0.6056511,0.0,0.0,0
234520719,-0.12686904,-0.65835446,0.0006489345,0.6056511,0.0,0.0,0
234540687,-0.12666565,-0.6798957,0.0040324302,0.6056511,0.0,0.0,0
234560630,-0.13552049,-0.70696056,0.0068365857,0.6056511,0.0,0.0,0
234580582,-0.12442215,-0.7282705,-0.001363662,0.6056511,0.0,0.0,0
234600560,-0.09975186,-0.7489613,-0.020755878,0.6056511,0.0,0.0,0
234620518,-0.050305683,-0.75267136,-0.05389406,0.60442257,0.0,0.0,0
234640468,0.0062867906,-0.73951197,-0.0961201,0.6056511,0.0,0.0,0
234660472,0.051981907,-0.72044814,-0.112218805,0.60442257,0.0,0.0,0
234680407,0.091806576,-0.6997001,-0.11856582,0.6056511,0.0,0.0,0
234700337,0.10892731,-0.6826165,-0.11628716,0.6056511,0.0,0.0,0
234720293,0.08435611,-0.67984384,-0.106133245,0.6056511,0.0,0.0,0
234740276,0.048554216,-0.6908649,-0.09336594,0.6056511,0.0,0.0,0
234760244,0.024532877,-0.70235413,-0.08360997,0.6056511,0.0,0.0,0
234780202,-0.009971624,-0.69818676,-0.06481154,0.6056511,0.0,0.0,0
234800197,-0.04234454,-0.675598,-0.04015759,0.6056511,0.0,0.0,0
234820115,-0.04652832,-0.6847379,-0.027948909,0.6056511,0.0,0.0,0
234840042,-0.047778063,-0.71054184,-0.02074246,0.6056511,0.0,0.0,0
234860072,-0.052685548,-0.7507482,-0.017759277,0.6056511,0.0,0.0,0
234879994,-0.05166517,-0.79284877,-0.01877639,0.6056511,0.0,0.0,0
234904904,-0.04623874,-0.8391483,-0.020931104,0.6056511,0.0,0.0,0
234919880,-0.04184202,-0.8703342,-0.02435613,0.60442257,0.0,0.0,0
234939873,0.0077171545,-0.89829135,-0.058251213,0.60442257,0.0,0.0,0
234959789,0.0708807,-0.9235378,-0.07842775,0.6056511,0.0,0.0,0
234979752,0.12646975,-0.9261129,-0.092313856,0.6056511,0.0,0.0,0
234999708,0.16868685,-0.9212857,-0.10418263,0.6056511,0.0,0.0,0
235019675,0.1919266,-0.9250664,-0.10616446,0.6056511,0.0,0.0,0
235044631,0.18484104,-0.9434928,-0.09453372,0.6056511,0.0,0.0,0
235059743,0.17241187,-0.95987016,-0.076910794,0.6056511,0.0,0.0,0
235079542,0.12429103,-0.98277795,-0.056010894,0.6056511,0.0,0.0,0
235099525,0.08102037,-0.99936014,-0.031992238,0.6056511,0.0,0.0,0
235119458,0.028679691,-0.99063116,-0.011364898,0.6056511,0.0,0.0,0
235139417,-0.0066683954,-0.96772355,0.0025812718,0.6056511,0.0,0.0,0
235159371,-0.034649655,-0.94693863,0.013125281,0.6056511,0.0,0.0,0
235184319,-0.056921802,-0.9409387,0.021427674,0.6056511,0.0,0.0,0
235199303,-0.06548328,-0.9541362,0.024997706,0.6056511,0.0,0.0,0
235219268,-0.06702931,-0.9796623,0.026272733,0.6056511,0.0,0.0,0
235239254,-0.058149487,-1.008682,0.023465969,0.6056511,0.0,0.0,0
235259297,-0.026285648,-1.0235025,0.010761767,0.6056511,0.0,0.0,0
235279147,0.030229896,-1.0236535,-0.012378591,0.6056511,0.0,0.0,0
235299073,0.078307964,-0.9977124,-0.031261757,0.60442257,0.0,0.0,0
235324025,0.12735344,-0.94661653,-0.048263714,0.6056511,0.0,0.0,0
235339011,0.15884778,-0.9162321,-0.05829505,0.60442257,0.0,0.0,0
235358993,0.19697928,-0.88228834,-0.06966123,0.60442257,0.0,0.0,0
235383894,0.17330764,-0.844302,-0.058623534,0.6056511,0.0,0.0,0
235398876,0.14458391,-0.8292467,-0.048011832,0.6056511,0.0,0.0,0
235418826,0.11741981,-0.806902,-0.03792641,0.6056511,0.0,0.0,0
235438824,0.08015402,-0.75248235,-0.03175513,0.6056511,0.0,0.0,0
235463770,0.040696796,-0.69828045,-0.022599932,0.6056511,0.0,0.0,0
235478723,0.024193095,-0.6709921,-0.017627621,0.6056511,0.0,0.0,0
235498717,-0.01689732,-0.65350616,-0.013321823,0.6056511,0.0,0.0,0
235523602,-0.037225787,-0.6727117,-0.004001915,0.6056511,0.0,0.0,0
235538607,-0.04868189,-0.6958215,0.0002153894,0.6056511,0.0,0.0,0
235558533,-0.05197995,-0.7332251,0.0055547995,0.6056511,0.0,0.0,0
235583479,-0.05741596,-0.78557384,0.008708002,0.6056511,0.0,0.0,0
235603462,-0.0038041,-0.8240204,-0.031300746,0.6056511,0.0,0.0,0
235618402,0.041591097,-0.8362536,-0.04901212,0.6056511,0.0,0.0,0
235638400,0.08698556,-0.85075915,-0.061003998,0.6056511,0.0,0.0,0
235663321,0.13305393,-0.8516598,-0.076822035,0.6056511,0.0,0.0,0
235678311,0.14405206,-0.84978473,-0.088311024,0.6056511,0.0,0.0,0
235698231,0.15177642,-0.8544611,-0.09152293,0.6056511,0.0,0.0,0
235723194,0.1211006,-0.86475754,-0.08126714,0.60442257,0.0,0.0,0
235743157,0.08381095,-0.8744186,-0.06873122,0.6056511,0.0,0.0,0
235758114,0.05724414,-0.8726021,-0.059361838,0.6056511,0.0,0.0,0
235783070,0.008586204,-0.839116,-0.046329234,0.6056511,0.0,0.0,0
235803016,-0.019007672,-0.79592687,-0.02137127,0.6056511,0.0,0.0,0
235817988,-0.03474471,-0.76449615,-0.009824441,0.6056511,0.0,0.0,0
235837953,-0.05636108,-0.73909557,-0.0012364228,0.6056511,0.0,0.0,0
235862912,-0.055598486,-0.7275566,-0.0019801997,0.6056511,0.0,0.0,0
235882858,-0.042363312,-0.7395838,-0.011787669,0.6056511,0.0,0.0,0
235897844,-0.02712794,-0.73506296,-0.025031656,0.6056511,0.0,0.0,0
235922767,-0.0023385335,-0.74655044,-0.049085706,0.6056511,0.0,0.0,0
235942732,0.042586613,-0.7454947,-0.068734236,0.60442257,0.0,0.0,0
235957702,0.08994199,-0.73727125,-0.08597045,0.6056511,0.0,0.0,0
235977649,0.12409366,-0.6986254,-0.11396698,0.6056511,0.0,0.0,0
236002609,0.16351676,-0.6687985,-0.13636692,0.6056511,0.0,0.0,0
236022573,0.17287977,-0.6640157,-0.14558384,0.6056511,0.0,0.0,0
236037587,0.15304087,-0.6594544,-0.14695613,0.6056511,0.0,0.0,0
236062484,0.10616318,-0.67140067,-0.14576697,0.60442257,0.0,0.0,0
236082432,0.0410647,-0.6839823,-0.14701857,0.6056511,0.0,0.0,0
236097397,0.00869157,-0.69401115,-0.14017102,0.6056511,0.0,0.0,0
236122342,-0.06866399,-0.6862312,-0.09679961,0.6056511,0.0,0.0,0
236142310,-0.11770632,-0.65369815,-0.07110027,0.6056511,0.0,0.0,0
236162269,-0.16252072,-0.6353272,-0.056104604,0.6056511,0.0,0.0,0
236177293,-0.19896144,-0.63426405,-0.050757878,0.6056511,0.0,0.0,0
236202190,-0.21023972,-0.66404885,-0.05854147,0.6056511,0.0,0.0,0
236222136,-0.21121086,-0.7095326,-0.06866186,0.6056511,0.0,0.0,0
236237151,-0.19667406,-0.7286763,-0.08468471,0.6056511,0.0,0.0,0
236262072,-0.14880894,-0.74550587,-0.13171183,0.6056511,0.0,0.0,0
236282028,-0.07265836,-0.7461195,-0.19319434,0.6056511,0.0,0.0,0
236301968,-0.00610131,-0.6355835,-0.20731513,0.6056511,0.0,0.0,0
236321927,0.050792433,-0.59820706,-0.23701969,0.6056511,0.0,0.0,0
236341928,0.10031149,-0.55817646,-0.23775448,0.6056511,0.0,0.0,0
236361843,0.14831343,-0.5457429,-0.21622537,0.6056511,0.0,0.0,0
236376808,0.31968105,-0.51223934,-0.093155645,0.6056511,0.0,0.0,0
236401763,0.29063553,-0.47644043,-0.05563909,0.60442257,0.0,0.0,0
236421736,0.2851019,-0.48303694,-0.06911926,0.60442257,0.0,0.0,0
236441828,0.33405414,-0.5014592,-0.112997465,0.60442257,0.0,0.0,0
236461653,0.3487963,-0.49792972,-0.10873283,0.6056511,0.0,0.0,0
236481590,0.36938456,-0.482254,-0.07924189,0.60442257,0.0,0.0,0
236501547,0.35504553,-0.48008093,-0.05718328,0.60442257,0.0,0.0,0
236521538,0.3369992,-0.49504012,-0.045273405,0.6056511,0.0,0.0,0
236541472,0.328815,-0.5273315,-0.040214963,0.6056511,0.0,0.0,0
236561424,0.3215948,-0.5584807,-0.031889074,0.60442257,0.0,0.0,0
236581386,0.37665874,-0.5887893,-0.028197465,0.60442257,0.0,0.0,0
236601386,0.5264505,-0.608597,-0.061637625,0.60442257,0.0,0.0,0
236621307,0.67281693,-0.5992757,-0.091800235,0.60442257,0.0,0.0,0
236641384,0.7067881,-0.5705979,-0.10384248,0.60442257,0.0,0.0,0
236661228,0.7772678,-0.5499851,-0.12034345,0.60442257,0.0,0.0,0
236681176,0.82187545,-0.5546365,-0.121245846,0.60442257,0.0,0.0,0
236701138,0.809412,-0.56612766,-0.1348695,0.60442257,0.0,0.0,0
236721098,0.7641426,-0.58835894,-0.10417563,0.60442257,0.0,0.0,0
236741086,0.67819166,-0.6140369,-0.0663398,0.60442257,0.0,0.0,0
236761010,0.6136852,-0.6268516,-0.023240743,0.60442257,0.0,0.0,0
236780969,0.5395203,-0.6165701,0.016667511,0.60442257,0.0,0.0,0
236800925,0.48973402,-0.594402,0.042102765,0.60442257,0.0,0.0,0
236820891,0.42851081,-0.5717967,0.06614342,0.60442257,0.0,0.0,0
236840935,0.31837142,-0.5703865,0.090742335,0.60442257,0.0,0.0,0
236860796,0.2688534,-0.59634906,0.10801086,0.60442257,0.0,0.0,0
236880814,0.23783469,-0.62375045,0.12609814,0.60442257,0.0,0.0,0
236900712,0.20313232,-0.6500377,0.14478844,0.6056511,0.0,0.0,0
236920675,0.20911145,-0.67742264,0.14125624,0.60442257,0.0,0.0,0
236940631,0.25419474,-0.69668794,0.109456785,0.60442257,0.0,0.0,0
236960585,0.2866827,-0.69250405,0.08569476,0.60442257,0.0,0.0,0
236980557,0.29745594,-0.687563,0.07887431,0.60442257,0.0,0.0,0
237000501,0.3146034,-0.67884994,0.13812809,0.60442257,0.0,0.0,0
237020463,0.30894276,-0.68997747,0.11738853,0.60442257,0.0,0.0,0
237040485,0.29893112,-0.70617205,0.1255811,0.60442257,0.0,0.0,0
237060369,0.28307664,-0.71817064,0.14303933,0.60442257,0.0,0.0,0
237080332,0.2702498,-0.73133177,0.15722148,0.60442257,0.0,0.0,0
237100293,0.2540168,-0.74908936,0.0768194,0.60442257,0.0,0.0,0
237120277,0.2776282,-0.73589426,0.07160341,0.60442257,0.0,0.0,0
237140282,0.29116413,-0.7088972,0.06237961,0.6056511,0.0,0.0,0
237160203,0.29199186,-0.69362223,0.061923645,0.60442257,0.0,0.0,0
237180198,0.2813581,-0.70510906,0.069542274,0.60442257,0.0,0.0,0
237200132,0.26842862,-0.74263203,0.14599085,0.60442257,0.0,0.0,0
237220066,0.23556964,-0.78023916,0.16534105,0.6056511,0.0,0.0,0
237240049,0.22781172,-0.8249989,0.18586008,0.60442257,0.0,0.0,0
237259963,0.25091308,-0.83670473,0.15647821,0.60442257,0.0,0.0,0
237279953,0.31622085,-0.843064,0.08773954,0.60442257,0.0,0.0,0
237299871,0.3759992,-0.8247499,0.013868319,0.6056511,0.0,0.0,0
237319835,0.4192881,-0.7877949,-0.015415711,0.60442257,0.0,0.0,0
237339799,0.4358337,-0.74692535,-0.026999598,0.60442257,0.0,0.0,0
237359748,0.4252101,-0.7164283,-0.018169792,0.60442257,0.0,0.0,0
237379709,0.36769855,-0.68875235,0.02435857,0.6056511,0.0,0.0,0
237399675,0.2897177,-0.66169745,0.087767825,0.60442257,0.0,0.0,0
237424663,0.19003391,-0.6385468,0.16381848,0.60442257,0.0,0.0,0
237439669,0.15069239,-0.6161717,0.20442125,0.60442257,0.0,0.0,0
237459540,0.13082923,-0.5583542,0.24170394,0.60442257,0.0,0.0,0
237479500,0.09452816,-0.52641445,0.26778653,0.60442257,0.0,0.0,0
237499459,0.089589804,-0.4954425,0.51950026,0.60442257,0.0,0.0,0
237519422,0.044905182,-0.4669323,0.5387487,0.60442257,0.0,0.0,0
237539380,0.043510318,-0.49498162,0.535332,0.60442257,0.0,0.0,0
237564312,0.0903814,-0.5372837,0.48367763,0.60442257,0.0,0.0,0
237579332,0.17014174,-0.55680203,0.40948212,0.60442257,0.0,0.0,0
237599264,0.3079648,-0.58066654,0.12757207,0.60442257,0.0,0.0,0
237619266,0.449403,-0.5845241,0.057630684,0.60442257,0.0,0.0,0
237639187,0.53894717,-0.5618859,-0.0010626932,0.60442257,0.0,0.0,0
237659142,0.61395526,-0.5258648,-0.04600264,0.60442257,0.0,0.0,0
237679076,0.6466341,-0.4916036,-0.06608497,0.60442257,0.0,0.0,0
237704022,0.5917704,-0.45806333,-0.035676703,0.60442257,0.0,0.0,0
237719056,0.52960587,-0.44203758,0.012214047,0.60442257,0.0,0.0,0
237738957,0.42362073,-0.42952493,0.0934183,0.60442257,0.0,0.0,0
237763890,0.2879157,-0.42351806,0.19866046,0.60442257,0.0,0.0,0
237778865,0.21900772,-0.41777602,0.24925457,0.60442257,0.0,0.0,0
237798830,0.13157158,-0.37899736,0.2577989,0.60442257,0.0,0.0,0
237818849,0.06872704,-0.35731077,0.28431103,0.60442257,0.0,0.0,0
237838797,0.029568925,-0.35481054,0.30394563,0.60442257,0.0,0.0,0
237858711,0.0070065465,-0.38564757,0.31939915,0.60442257,0.0,0.0,0
237878673,0.0011309176,-0.42674634,0.32773098,0.6056511,0.0,0.0,0
237903608,-0.010549742,-0.4656291,0.36856645,0.60442257,0.0,0.0,0
237918574,0.019166926,-0.4969359,0.34715176,0.60442257,0.0,0.0,0
237938525,0.07581144,-0.53020585,0.30232266,0.60442257,0.0,0.0,0
237963487,0.147621,-0.5425463,0.24136728,0.60442257,0.0,0.0,0
237983481,0.20221701,-0.53159016,0.19946085,0.60442257,0.0,0.0,0
237998401,0.21181048,-0.5261504,0.15347046,0.60442257,0.0,0.0,0
238018407,0.19974825,-0.51736814,0.15128872,0.6056511,0.0,0.0,0
238043309,0.14900889,-0.506034,0.1837977,0.6056511,0.0,0.0,0
238058279,0.09824025,-0.5021934,0.21039508,0.60442257,0.0,0.0,0
238078260,0.046178468,-0.50929713,0.2456796,0.60442257,0.0,0.0,0
238103179,-0.024790095,-0.47976664,0.33452684,0.60442257,0.0,0.0,0
238123162,-0.06885917,-0.4569973,0.3287932,0.60442257,0.0,0.0,0
238138103,-0.08273374,-0.43847886,0.3289598,0.60442257,0.0,0.0,0
238163086,-0.10838876,-0.4274734,0.3244023,0.60442257,0.0,0.0,0
238183013,-0.118548006,-0.44930506,0.32968655,0.6056511,0.0,0.0,0
238198004,-0.1262337,-0.47134596,0.28103587,0.6056511,0.0,0.0,0
238218096,-0.12306336,-0.51307935,0.28367823,0.6056511,0.0,0.0,0
238242891,-0.11754959,-0.5497669,0.2781883,0.60442257,0.0,0.0,0
238262848,-0.10923316,-0.5717403,0.2591924,0.60442257,0.0,0.0,0
238277817,-0.08231361,-0.5750482,0.25309068,0.60442257,0.0,0.0,0
238302759,-0.050605107,-0.57060766,0.23750715,0.60442257,0.0,0.0,0
238322722,-0.005975612,-0.5703136,0.22246313,0.60442257,0.0,0.0,0
238337695,0.025845263,-0.57553643,0.20192155,0.60442257,0.0,0.0,0
238362653,0.027238637,-0.58387005,0.19875948,0.60442257,0.0,0.0,0
238382631,0.007230154,-0.5981156,0.21288359,0.6056511,0.0,0.0,0
238402564,-0.017787736,-0.6162979,0.26418978,0.60442257,0.0,0.0,0
238417651,-0.02929,-0.6263195,0.27373058,0.60442257,0.0,0.0,0
238442477,-0.05295024,-0.62053925,0.27768514,0.60442257,0.0,0.0,0
238462435,-0.06596756,-0.5983229,0.27477035,0.6056511,0.0,0.0,0
238477390,-0.07663112,-0.5898889,0.272747,0.6056511,0.0,0.0,0
238502352,-0.12758653,-0.5567841,0.4889202,0.6056511,0.0,0.0,0
238522298,-0.14225209,-0.57632536,0.49361247,0.60442257,0.0,0.0,0
238542263,-0.14673807,-0.6025521,0.4962815,0.60442257,0.0,0.0,0
238557229,-0.14650203,-0.62556064,0.4831102,0.6056511,0.0,0.0,0
238582210,-0.09365845,-0.66255873,0.47109067,0.60442257,0.0,0.0,0
238602142,-0.0011254626,-0.6935316,0.2846239,0.60442257,0.0,0.0,0
238617217,0.05093055,-0.695613,0.23570126,0.60442257,0.0,0.0,0
238642049,0.14104101,-0.68682605,0.15104878,0.6056511,0.0,0.0,0
238662008,0.21666498,-0.6756718,0.07911791,0.6056511,0.0,0.0,0
238681968,0.2682377,-0.6677321,0.0334448,0.60442257,0.0,0.0,0
238701926,0.2225955,-0.6691846,0.058155324,0.60442257,0.0,0.0,0
238721884,0.22148402,-0.66657645,0.1105535,0.60442257,0.0,0.0,0
238741842,0.21353741,-0.65215623,0.14966327,0.6056511,0.0,0.0,0
238756805,0.17305218,-0.63222396,0.19119255,0.60442257,0.0,0.0,0
238781752,0.112845905,-0.586082,0.24504724,0.60442257,0.0,0.0,0
238801758,0.066333085,-0.5412539,0.29403573,0.60442257,0.0,0.0,0
238821697,0.0719402,-0.52592444,0.31055,0.6056511,0.0,0.0,0
238841679,0.06278763,-0.5342426,0.32134625,0.60442257,0.0,0.0,0
238861579,0.094504245,-0.57149637,0.31847557,0.60442257,0.0,0.0,0
238881546,0.12052488,-0.60468125,0.30070338,0.60442257,0.0,0.0,0
238901506,0.16712293,-0.6752413,0.28387144,0.60442257,0.0,0.0,0
238921455,0.2300839,-0.72403437,0.24289103,0.6056511,0.0,0.0,0
238941422,0.2874576,-0.71841085,0.1905402,0.6056511,0.0,0.0,0
238961381,0.3535761,-0.7024596,0.13984686,0.6056511,0.0,0.0,0
238981365,0.39518282,-0.6627986,0.09250431,0.60442257,0.0,0.0,0
239001334,0.4247864,-0.6475693,0.066660866,0.60442257,0.0,0.0,0
239021252,0.4060625,-0.6331068,0.07590995,0.60442257,0.0,0.0,0
239041212,0.36229205,-0.62254936,0.101566665,0.6056511,0.0,0.0,0
239061160,0.28797245,-0.6187397,0.13803601,0.60442257,0.0,0.0,0
239081161,0.20356484,-0.6055455,0.1801521,0.60442257,0.0,0.0,0
239101082,0.117139764,-0.5924545,0.22466424,0.60442257,0.0,0.0,0
239121101,0.041424338,-0.5746325,0.25446066,0.6056511,0.0,0.0,0
239140991,0.0076153805,-0.5671193,0.27684152,0.6056511,0.0,0.0,0
239160952,-0.055255156,-0.5747566,0.27709535,0.60442257,0.0,0.0,0
239180909,-0.10434879,-0.59124863,0.26253223,0.60442257,0.0,0.0,0
239200914,-0.20377542,-0.5709858,0.21865654,0.60442257,0.0,0.0,0
239220830,-0.23457189,-0.60646737,0.20980826,0.60442257,0.0,0.0,0
239240811,-0.25450268,-0.64719963,0.19948345,0.60442257,0.0,0.0,0
239260747,-0.24521458,-0.68342555,0.1626112,0.60442257,0.0,0.0,0
239280705,-0.2551948,-0.68526053,0.103104465,0.6056511,0.0,0.0,0
239300664,-0.24543159,-0.655962,0.06329667,0.60442257,0.0,0.0,0
239320629,-0.20354013,-0.6526374,0.05325288,0.60442257,0.0,0.0,0
239340598,-0.22235097,-0.6146348,0.061964147,0.60442257,0.0,0.0,0
239360559,-0.31427848,-0.52665925,0.089130454,0.60442257,0.0,0.0,0
239380553,-0.39737934,-0.4976973,0.11295046,0.60442257,0.0,0.0,0
239400493,-0.44233853,-0.4941035,0.15815677,0.60442257,0.0,0.0,0
239420406,-0.48496252,-0.47968057,0.1639336,0.6056511,0.0,0.0,0
239440372,-0.51752007,-0.45701998,0.17018174,0.60442257,0.0,0.0,0
239460347,-0.5180348,-0.43126857,0.16540651,0.60442257,0.0,0.0,0
239480293,-0.51054615,-0.41582626,0.16000494,0.60442257,0.0,0.0,0
239500269,-0.51056105,-0.4066298,0.13327254,0.6056511,0.0,0.0,0
239520269,-0.50925976,-0.39993924,0.13533644,0.6056511,0.0,0.0,0
239540198,-0.49704292,-0.4283664,0.13606682,0.6056511,0.0,0.0,0
239560167,-0.46278703,-0.45527092,0.13503562,0.60442257,0.0,0.0,0
239580123,-0.43651056,-0.4740049,0.13143817,0.60442257,0.0,0.0,0
239600221,-0.411943,-0.47391465,0.2581775,0.60442257,0.0,0.0,0
239619989,-0.41067034,-0.43360117,0.24164835,0.60442257,0.0,0.0,0
239639960,-0.34965932,-0.42128238,0.17683922,0.60442257,0.0,0.0,0
239659950,-0.3237647,-0.39728248,0.10618542,0.60442257,0.0,0.0,0
239679903,-0.27240643,-0.39842042,0.049604658,0.60442257,0.0,0.0,0
239699824,-0.27051282,-0.40538514,0.024533354,0.6056511,0.0,0.0,0
239719787,-0.27443457,-0.42200264,0.03072301,0.60442257,0.0,0.0,0
239739758,-0.27768362,-0.4388754,0.02678058,0.60442257,0.0,0.0,0
239759703,-0.29150057,-0.44011897,0.035973802,0.60442257,0.0,0.0,0
239779672,-0.35358578,-0.4132701,0.05132059,0.60442257,0.0,0.0,0
239799761,-0.39898765,-0.36569878,0.0508052,0.60442257,0.0,0.0,0
239819602,-0.40622017,-0.33779255,0.052329257,0.60442257,0.0,0.0,0
239839539,-0.41120636,-0.34718996,0.055215057,0.60442257,0.0,0.0,0
239859503,-0.3943697,-0.35478088,0.044599436,0.60442257,0.0,0.0,0
239879448,-0.34948623,-0.3633882,0.01838118,0.60442257,0.0,0.0,0
239899406,-0.28796834,-0.36694574,-0.015840324,0.60442257,0.0,0.0,0
239919362,-0.23648667,-0.34606463,-0.04308822,0.60442257,0.0,0.0,0
239944347,-0.15986466,-0.19878197,-0.07651117,0.60442257,0.0,0.0,0
239959298,-0.09830146,-0.109627455,-0.10001852,0.60442257,0.0,0.0,0
239979264,-0.03031006,-0.09224287,-0.12991701,0.60442257,0.0,0.0,0
239999331,0.0047914744,-0.08558379,-0.16468097,0.60442257,0.0,0.0,0
240019179,-0.028727869,-0.08779669,-0.14329833,0.60442257,0.0,0.0,0
240039138,-0.11365736,-0.10598005,-0.100147896,0.60442257,0.0,0.0,0
240059064,-0.21191101,-0.12527736,-0.050730538,0.60442257,0.0,0.0,0
240084056,-0.33117542,-0.13175048,0.009759196,0.60442257,0.0,0.0,0
240098989,-0.39241832,-0.11856773,0.035999253,0.60442257,0.0,0.0,0
240118945,-0.45173258,-0.08804818,0.06240854,0.60442257,0.0,0.0,0
240143891,-0.50240046,-0.05850484,0.08418792,0.60442257,0.0,0.0,0
240158880,-0.5280865,-0.059273813,0.095608324,0.60442257,0.0,0.0,0
240178833,-0.54140633,-0.08512822,0.10221098,0.60442257,0.0,0.0,0
240198861,-0.5225814,-0.13209747,0.12186833,0.60442257,0.0,0.0,0
240223763,-0.47625497,-0.19315186,0.09034008,0.60442257,0.0,0.0,0
240238727,-0.43246385,-0.2221887,0.06595755,0.60442257,0.0,0.0,0
240258676,-0.36723346,-0.24658978,0.028348817,0.60442257,0.0,0.0,0
240283595,-0.27215502,-0.24435398,-0.027158577,0.60442257,0.0,0.0,0
240298567,-0.20476048,-0.22216518,-0.06516454,0.60442257,0.0,0.0,0
240318525,-0.14129399,-0.1927271,-0.100192785,0.60442257,0.0,0.0,0
240343481,-0.108681686,-0.16529183,-0.116181485,0.60442257,0.0,0.0,0
240363441,-0.14439483,-0.15293433,-0.095399685,0.60442257,0.0,0.0,0
240378411,-0.19189289,-0.14788614,-0.06799452,0.60442257,0.0,0.0,0
240398396,-0.24433179,-0.14033863,-0.032702062,0.60442257,0.0,0.0,0
240423300,-0.31022894,-0.10907061,-0.0016282023,0.60442257,0.0,0.0,0
240438285,-0.3468312,-0.07725845,0.015992684,0.60442257,0.0,0.0,0
240458222,-0.38079068,-0.030145515,0.03148828,0.60442257,0.0,0.0,0
240483203,-0.39676917,0.0022471736,0.038378984,0.60442257,0.0,0.0,0
240503136,-0.41071317,-0.007356923,0.08739796,0.60442257,0.0,0.0,0
240518105,-0.40177113,-0.03209233,0.07789687,0.60442257,0.0,0.0,0
240543063,-0.3284637,-0.08315828,0.020795703,0.60442257,0.0,0.0,0
240563010,-0.23308903,-0.11749139,-0.06596456,0.60442257,0.0,0.0,0
240578030,-0.091348924,-0.13637981,-0.1185839,0.60442257,0.0,0.0,0
240597952,-0.005365695,-0.14849713,-0.09412304,0.60442257,0.0,0.0,0
240622919,0.06315362,-0.1495931,-0.13301727,0.60442257,0.0,0.0,0
240642858,0.14590046,-0.14294294,-0.12892559,0.60442257,0.0,0.0,0
240657812,0.22131886,-0.1765182,-0.120851554,0.60442257,0.0,0.0,0
240682770,0.28833786,-0.20405401,-0.09398137,0.60442257,0.0,0.0,0
240702722,0.28091678,-0.22875558,-0.076750115,0.60442257,0.0,0.0,0
240717692,0.25632367,-0.2488599,-0.06720222,0.60442257,0.0,0.0,0
240737649,0.21479294,-0.24406339,-0.06266154,0.60442257,0.0,0.0,0
240762650,0.15740682,-0.21930034,-0.051982246,0.60442257,0.0,0.0,0
240782603,0.15308198,-0.21335673,-0.025438208,0.60442257,0.0,0.0,0
240797509,0.12512182,-0.18249734,-0.020728292,0.60442257,0.0,0.0,0
240822478,0.116087586,-0.20611523,-0.009577859,0.60442257,0.0,0.0,0
240842423,0.09739113,-0.25270236,-0.00984937,0.60442257,0.0,0.0,0
240857387,0.09801939,-0.28808606,-0.0113010015,0.60442257,0.0,0.0,0
240882348,0.11108003,-0.31540862,-0.01402348,0.60442257,0.0,0.0,0
240902311,0.13517122,-0.3313836,-0.017934896,0.60442257,0.0,0.0,0
240922293,0.18432124,-0.34415445,-0.025420068,0.60442257,0.0,0.0,0
240937224,0.23203754,-0.3684489,-0.03975042,0.60442257,0.0,0.0,0
240962181,0.30556673,-0.3401794,-0.056662053,0.60442257,0.0,0.0,0
240982313,0.3650557,-0.31010115,-0.06085958,0.60442257,0.0,0.0,0
240997098,0.3957049,-0.29510844,-0.07267789,0.60442257,0.0,0.0,0
241022048,0.39517608,-0.27329436,-0.069595456,0.60442257,0.0,0.0,0
241042003,0.3647774,-0.25903034,-0.0610918,0.60442257,0.0,0.0,0
241061995,0.32642555,-0.253012,-0.053042334,0.60442257,0.0,0.0,0
241081920,0.28298923,-0.24214146,-0.04419853,0.60442257,0.0,0.0,0
241101886,0.23558398,-0.21058185,-0.026902901,0.60442257,0.0,0.0,0
241121836,0.20878619,-0.16442211,-0.021135023,0.60442257,0.0,0.0,0
241136800,0.19578277,-0.12914176,-0.01777834,0.60442257,0.0,0.0,0
241161767,0.18694587,-0.10201959,-0.015496335,0.60442257,0.0,0.0,0
241181858,0.18019809,-0.10253903,-0.015243265,0.60442257,0.0,0.0,0
241201680,0.17981526,-0.11901386,-0.017794376,0.60442257,0.0,0.0,0
241221630,0.16888033,-0.13906907,-0.016169023,0.60442257,0.0,0.0,0
241241608,0.22222644,-0.16247451,-0.023283742,0.60442257,0.0,0.0,0
241261540,0.2783884,-0.17279178,-0.028012788,0.60442257,0.0,0.0,0
241281512,0.31588387,-0.17511337,-0.03092259,0.60442257,0.0,0.0,0
241301458,0.36136037,-0.17044862,-0.035745174,0.60442257,0.0,0.0,0
241321437,0.42363694,-0.17578891,-0.051839232,0.60442257,0.0,0.0,0
241341374,0.5266021,-0.2038002,-0.10269442,0.60442257,0.0,0.0,0
241361369,0.55982304,-0.22089048,-0.12883943,0.60442257,0.0,0.0,0
241381384,0.54877424,-0.23816478,-0.13785912,0.60442257,0.0,0.0,0
241401246,0.49854386,-0.25695872,-0.12980269,0.60442257,0.0,0.0,0
241421203,0.48446307,-0.257385,-0.13760747,0.60442257,0.0,0.0,0
241441173,0.46739396,-0.24080275,-0.11157902,0.60442257,0.0,0.0,0
241461149,0.44431886,-0.2163486,-0.08791276,0.60442257,0.0,0.0,0
241481078,0.42746004,-0.19313323,-0.07041775,0.60442257,0.0,0.0,0
241501036,0.42616615,-0.20811243,-0.07930933,0.60442257,0.0,0.0,0
241521008,0.41553387,-0.24137668,-0.069675945,0.60442257,0.0,0.0,0
241540956,0.4612632,-0.28267726,-0.065267414,0.60442257,0.0,0.0,0
241560928,0.48024628,-0.3273719,-0.055905577,0.60442257,0.0,0.0,0
241580938,0.53406394,-0.34205994,-0.09493234,0.60442257,0.0,0.0,0
241600860,0.600635,-0.33191776,-0.11294985,0.60442257,0.0,0.0,0
241620793,0.64770806,-0.3208393,-0.1380734,0.60442257,0.0,0.0,0
241640760,0.70092285,-0.3055298,-0.16111834,0.60442257,0.0,0.0,0
241660701,0.71969503,-0.27916226,-0.16463396,0.60442257,0.0,0.0,0
241680662,0.696726,-0.25021553,-0.15538603,0.60442257,0.0,0.0,0
241700621,0.653997,-0.2349487,-0.12769115,0.60442257,0.0,0.0,0
241720577,0.6023448,-0.23194169,-0.09958321,0.60442257,0.0,0.0,0
241740558,0.53561264,-0.23006164,-0.063034445,0.60442257,0.0,0.0,0
241760504,0.48778534,-0.23086193,-0.031956155,0.60442257,0.0,0.0,0
241780487,0.44798574,-0.21675304,-0.0078014117,0.60442257,0.0,0.0,0
241800414,0.41411105,-0.19636324,0.01335804,0.60442257,0.0,0.0,0
241820361,0.37619334,-0.18905085,0.031185374,0.60442257,0.0,0.0,0
241840333,0.35844234,-0.21354425,0.041109566,0.60442257,0.0,0.0,0
241860300,0.34190094,-0.24756528,0.048137654,0.60442257,0.0,0.0,0
241880279,0.32463804,-0.27824125,0.058478225,0.60442257,0.0,0.0,0
241900261,0.32999933,-0.31455278,0.04982722,0.60442257,0.0,0.0,0
241920171,0.38474518,-0.35671797,0.02081178,0.60442257,0.0,0.0,0
241940166,0.4423766,-0.3635274,-0.0111323865,0.60442257,0.0,0.0,0
241960152,0.50574094,-0.42750487,-0.03150319,0.60442257,0.0,0.0,0
241980045,0.5906828,-0.46280953,-0.050998982,0.60442257,0.0,0.0,0
241999994,0.61486787,-0.47574788,-0.056076933,0.60442257,0.0,0.0,0
242019957,0.5746585,-0.44432092,-0.0379024,0.60442257,0.0,0.0,0
242039909,0.52187026,-0.4512641,-0.00022099582,0.60442257,0.0,0.0,0
242059859,0.45758235,-0.47097403,0.052821457,0.60442257,0.0,0.0,0
242079830,0.38792747,-0.46840346,0.10584415,0.60442257,0.0,0.0,0
242099785,0.32880434,-0.42332694,0.15917593,0.60442257,0.0,0.0,0
242119741,0.28930637,-0.36093014,0.18536793,0.60442257,0.0,0.0,0
242139701,0.25671726,-0.31288972,0.2078901,0.60442257,0.0,0.0,0
242159748,0.22054216,-0.26752505,0.22416854,0.60442257,0.0,0.0,0
242184621,0.2009842,-0.26046124,0.23735638,0.60442257,0.0,0.0,0
242199582,0.19742718,-0.26533252,0.21781178,0.60442257,0.0,0.0,0
242219529,0.22496781,-0.26545304,0.22727291,0.60442257,0.0,0.0,0
242239491,0.25612992,-0.25676742,0.20530532,0.60442257,0.0,0.0,0
242259443,0.3056745,-0.24338399,0.17573546,0.60442257,0.0,0.0,0
242279407,0.36158016,-0.22131015,0.15158738,0.60442257,0.0,0.0,0
242299403,0.41852444,-0.19215427,0.11873321,0.60442257,0.0,0.0,0
242324298,0.4950959,-0.16273934,0.09233403,0.60442257,0.0,0.0,0
242339298,0.49417487,-0.1560304,0.092802875,0.60442257,0.0,0.0,0
242359298,0.4973633,-0.11644384,0.10293179,0.60442257,0.0,0.0,0
242384176,0.49460816,-0.12050144,0.12446327,0.60442257,0.0,0.0,0
242399178,0.45682177,-0.1281731,0.31472704,0.60442257,0.0,0.0,0
242419136,0.4317543,-0.11822398,0.37584814,0.60442257,0.0,0.0,0
242439165,0.39931944,-0.10473333,0.4123856,0.60442257,0.0,0.0,0
242464014,0.37626734,-0.09521857,0.4393156,0.60442257,0.0,0.0,0
242478982,0.34803066,-0.090170145,0.4584228,0.60442257,0.0,0.0,0
242498942,0.3102779,-0.1107706,0.21078995,0.60442257,0.0,0.0,0
242523883,0.33040804,-0.19573602,0.21602559,0.60442257,0.0,0.0,0
242538880,0.32051206,-0.21912676,0.21510774,0.60442257,0.0,0.0,0
242558948,0.3207965,-0.2427997,0.21107185,0.60442257,0.0,0.0,0
242578784,0.34564453,-0.2627268,0.19773933,0.60442257,0.0,0.0,0
242598748,0.38687754,-0.26450428,0.20866095,0.60442257,0.0,0.0,0
242618707,0.43331286,-0.24865738,0.17158459,0.60442257,0.0,0.0,0
242638666,0.4715504,-0.22895588,0.14521712,0.60442257,0.0,0.0,0
242663590,0.4605123,-0.20581643,0.15296352,0.60442257,0.0,0.0,0
242678560,0.43339667,-0.19483006,0.16476622,0.60442257,0.0,0.0,0
242698559,0.36091584,-0.18281479,0.162387,0.60442257,0.0,0.0,0
242723466,0.28226978,-0.16975518,0.20959151,0.60442257,0.0,0.0,0
242743442,0.21198946,-0.15457857,0.24940385,0.60442257,0.0,0.0,0
242758572,0.16771804,-0.12855788,0.2724907,0.60442257,0.0,0.0,0
242778356,0.12800844,-0.09141878,0.2911728,0.60442257,0.0,0.0,0
242803302,0.08548383,-0.05350346,0.38763452,0.60442257,0.0,0.0,0
242818296,0.06482005,-0.060940098,0.40257004,0.60442257,0.0,0.0,0
242838275,0.03986337,-0.09290141,0.4222676,0.60442257,0.0,0.0,0
242863167,0.021951202,-0.15855685,0.44016644,0.60442257,0.0,0.0,0
242883147,0.015457721,-0.20325777,0.4476924,0.60442257,0.0,0.0,0
242898097,0.026229747,-0.23191687,0.3052015,0.60442257,0.0,0.0,0
242923060,0.13328831,-0.3010566,0.26740766,0.60442257,0.0,0.0,0
242943016,0.1930251,-0.29933336,0.23559742,0.60442257,0.0,0.0,0
242958144,0.22743946,-0.2915554,0.2169534,0.60442257,0.0,0.0,0
242977954,0.2581388,-0.27638194,0.19468896,0.60442257,0.0,0.0,0
243002902,0.24390371,-0.26138863,0.21401976,0.60442257,0.0,0.0,0
243022849,0.1954401,-0.25601283,0.24125852,0.60442257,0.0,0.0,0
243037812,0.14232397,-0.2536097,0.2713789,0.60442257,0.0,0.0,0
243062754,0.04208763,-0.24292386,0.32192767,0.60442257,0.0,0.0,0
243082713,-0.03667473,-0.21974184,0.35907188,0.60442257,0.0,0.0,0
243097698,-0.083316125,-0.19210882,0.40254128,0.60442257,0.0,0.0,0
243122625,-0.14776033,-0.1471884,0.38754934,0.60442257,0.0,0.0,0
243142597,-0.188004,-0.13538592,0.37845683,0.60442257,0.0,0.0,0
243162594,-0.2598507,-0.15407191,0.35651088,0.60442257,0.0,0.0,0
243177511,-0.27372125,-0.17880419,0.3640953,0.60442257,0.0,0.0,0
243202456,-0.30683547,-0.23250559,0.36777171,0.60442257,0.0,0.0,0
243222431,-0.29015344,-0.26118788,0.37154958,0.60442257,0.0,0.0,0
243237385,-0.27696827,-0.28236583,0.3706525,0.60442257,0.0,0.0,0
243262401,-0.23552847,-0.3041831,0.36187953,0.60442257,0.0,0.0,0
243282286,-0.21689458,-0.3059566,0.3386025,0.60442257,0.0,0.0,0
243302254,-0.20635857,-0.3005191,0.29465798,0.60442257,0.0,0.0,0
243317215,-0.18785554,-0.2993342,0.29169187,0.60442257,0.0,0.0,0
243342202,-0.17467152,-0.27924448,0.27923644,0.60442257,0.0,0.0,0
243362136,-0.20977065,-0.273088,0.27006596,0.60442257,0.0,0.0,0
243377089,-0.22814122,-0.2783359,0.27332017,0.60442257,0.0,0.0,0
243402073,-0.2939816,-0.23903018,0.36445323,0.60442257,0.0,0.0,0
243421996,-0.31340027,-0.21243356,0.34811905,0.60442257,0.0,0.0,0
243441958,-0.37761796,-0.17645456,0.29225215,0.60442257,0.0,0.0,0
243461907,-0.413873,-0.17553191,0.24190591,0.60442257,0.0,0.0,0
243481874,-0.45392498,-0.18467808,0.20876902,0.60442257,0.0,0.0,0
243501826,-0.4633139,-0.20313103,0.22049236,0.60442257,0.0,0.0,0
243516797,-0.4665797,-0.22257915,0.21611409,0.60442257,0.0,0.0,0
243541867,-0.45309535,-0.25557455,0.19856603,0.60442257,0.0,0.0,0
243561710,-0.45160902,-0.27072287,0.16422194,0.60442257,0.0,0.0,0
243581659,-0.42658845,-0.2864255,0.16371353,0.60442257,0.0,0.0,0
243601613,-0.4384438,-0.25373822,0.08180262,0.60442257,0.0,0.0,0
243621575,-0.42019805,-0.21847728,0.03707125,0.60442257,0.0,0.0,0
243641542,-0.40311283,-0.19236268,0.042697497,0.60442257,0.0,0.0,0
243661492,-0.3673657,-0.17321867,0.043043513,0.60442257,0.0,0.0,0
243681449,-0.38118446,-0.15719333,0.047726203,0.60442257,0.0,0.0,0
243701406,-0.41872564,-0.13499624,0.043735616,0.60442257,0.0,0.0,0
243721375,-0.44567725,-0.10931254,0.045428306,0.60442257,0.0,0.0,0
243741363,-0.48399678,-0.068675764,0.049218826,0.60442257,0.0,0.0,0
243761277,-0.50563794,-0.041925758,0.045675047,0.60442257,0.0,0.0,0
243781237,-0.55509657,0.020861072,0.04710573,0.60442257,0.0,0.0,0
243801269,-0.5873314,0.052301057,0.050167132,0.60442257,0.0,0.0,0
243821154,-0.60757315,0.029424975,0.05884766,0.60442257,0.0,0.0,0
243841123,-0.6147325,-0.021261957,0.06798709,0.60442257,0.0,0.0,0
243861074,-0.60800683,-0.082155325,0.080769785,0.60442257,0.0,0.0,0
243881025,-0.5748139,-0.1416148,0.08887712,0.60442257,0.0,0.0,0
243900987,-0.54077315,-0.19892107,0.094309285,0.60442257,0.0,0.0,0
243920947,-0.5084877,-0.24308008,0.09717652,0.60442257,0.0,0.0,0
243940981,-0.46606645,-0.26825604,0.09559049,0.60442257,0.0,0.0,0
243960863,-0.4178392,-0.2806426,0.09133311,0.60442257,0.0,0.0,0
243980820,-0.3844685,-0.29118916,0.08827531,0.6056511,0.0,0.0,0
244000780,-0.41204923,-0.2976817,0.10499199,0.60442257,0.0,0.0,0
244020739,-0.4791659,-0.30552867,0.11370421,0.60442257,0.0,0.0,0
244040703,-0.5536959,-0.31197846,0.122213535,0.60442257,0.0,0.0,0
244060661,-0.6171557,-0.3031614,0.12529655,0.60442257,0.0,0.0,0
244080661,-0.6679318,-0.26779523,0.12304374,0.6031941,0.0,0.0,0
244100565,-0.6941232,-0.2130434,0.11100935,0.6031941,0.0,0.0,0
244120555,-0.6892095,-0.15744999,0.088879935,0.6031941,0.0,0.0,0
244140648,-0.69479495,-0.11411076,0.07681281,0.6019656,0.0,0.0,0
244160445,-0.6807078,-0.099101804,0.06753545,0.6007371,0.0,0.0,0
244180398,-0.65616995,-0.104328565,0.06733664,0.6007371,0.0,0.0,0
244200365,-0.6098065,-0.11795123,0.11519518,0.5995086,0.0,0.0,0
244220317,-0.5627678,-0.12787472,0.10418125,0.5995086,0.0,0.0,0
244240284,-0.5129334,-0.14196397,0.09789933,0.5995086,0.0,0.0,0
244260261,-0.42592138,-0.14165512,0.069878325,0.5995086,0.0,0.0,0
244280220,-0.28710812,-0.14104922,0.016270163,0.5995086,0.0,0.0,0
244300191,-0.20856358,-0.12610985,0.010545248,0.5995086,0.0,0.0,0
244320165,-0.12608567,-0.11798303,0.0059554544,0.5995086,0.0,0.0,0
244340229,-0.12894657,-0.10937325,0.010754095,0.5995086,0.0,0.0,0
244360025,-0.17646009,-0.10500974,0.020259159,0.5995086,0.0,0.0,0
244380008,-0.24266899,-0.09389474,0.03512445,0.5995086,0.0,0.0,0
244399942,-0.31029573,-0.06801271,0.051199157,0.5995086,0.0,0.0,0
244419895,-0.3569318,-0.043950558,0.050166305,0.5995086,0.0,0.0,0
244439860,-0.4455267,0.019719077,0.07480997,0.5995086,0.0,0.0,0
244459856,-0.5952828,0.111327425,0.13872404,0.5995086,0.0,0.0,0
244479772,-0.6091523,0.11321572,0.13798222,0.5995086,0.0,0.0,0
244499756,-0.69219226,0.19368716,0.1743354,0.5995086,0.0,0.0,0
244519706,-0.6874684,0.16249019,0.17811328,0.5995086,0.0,0.0,0
244539749,-0.6473882,0.112406835,0.1681677,0.5995086,0.0,0.0,0
244564599,-0.59607303,0.056215476,0.1451318,0.5995086,0.0,0.0,0
244579562,-0.5719783,0.033111498,0.13300152,0.5995086,0.0,0.0,0
244599540,-0.53807575,0.023453103,0.12638113,0.5995086,0.0,0.0,0
244619483,-0.47241274,0.026113905,0.087038174,0.5982801,0.0,0.0,0
244639486,-0.4027426,0.030218996,0.047834992,0.5982801,0.0,0.0,0
244659391,-0.3292231,0.030458957,0.007218786,0.5982801,0.0,0.0,0
244679353,-0.33547193,0.032967575,0.011554416,0.59705156,0.0,0.0,0
244704297,-0.35934237,0.031832173,0.022001756,0.59705156,0.0,0.0,0
244719295,-0.36882535,0.03226584,0.02645782,0.59705156,0.0,0.0,0
244739305,-0.39512163,0.05243368,0.039269026,0.5933661,0.0,0.0,0
244759209,-0.41781667,0.09055892,0.049556408,0.5933661,0.0,0.0,0
244779195,-0.4404831,0.14242047,0.05926002,0.58353806,0.0,0.0,0
244799100,-0.44692707,0.18192792,0.07618407,0.58230954,0.0,0.0,0
244819060,-0.45819393,0.19313017,0.08086412,0.58230954,0.0,0.0,0
244844011,-0.46031207,0.16850394,0.08194336,0.58230954,0.0,0.0,0
244858984,-0.4441852,0.14403202,0.0728824,0.58230954,0.0,0.0,0
244878936,-0.39011076,0.1170471,0.041590147,0.58230954,0.0,0.0,0
244903905,-0.3354114,0.09469523,0.0112615675,0.58230954,0.0,0.0,0
244918949,-0.3250103,0.0811837,0.005367901,0.58230954,0.0,0.0,0
244938861,-0.28996637,0.08384246,-0.009604231,0.58230954,0.0,0.0,0
244958795,-0.18988553,0.10180969,-0.04375338,0.58230954,0.0,0.0,0
244983713,-0.09469056,0.12512577,-0.07988282,0.58230954,0.0,0.0,0
244998715,-0.016468557,0.13353874,-0.07684296,0.58230954,0.0,0.0,0
245018648,-0.025147112,0.13303657,-0.060908683,0.58230954,0.0,0.0,0
245043621,-0.06513973,0.11932533,-0.027203862,0.58230954,0.0,0.0,0
245058558,-0.063135885,0.07789875,-0.006107447,0.58230954,0.0,0.0,0
245078509,-0.12671602,0.086914256,0.023886763,0.58230954,0.0,0.0,0
245103470,-0.13268164,0.044732228,0.0077788746,0.58230954,0.0,0.0,0
245123458,-0.15826507,0.026289592,-0.0016093008,0.58230954,0.0,0.0,0
245138398,-0.17767033,0.03901146,-0.0027771438,0.58230954,0.0,0.0,0
245163343,-0.2088654,-0.010282393,0.0008610673,0.58230954,0.0,0.0,0
245183373,-0.21932422,-0.05606453,0.004931184,0.58230954,0.0,0.0,0
245198276,-0.21352744,-0.09586272,0.008207699,0.58230954,0.0,0.0,0
245218216,-0.18446608,-0.13077085,0.009666671,0.58230954,0.0,0.0,0
245243175,-0.12103165,-0.22504245,0.025477596,0.58230954,0.0,0.0,0
245263128,-0.09048746,-0.26681477,0.033490025,0.58230954,0.0,0.0,0
245278100,-0.061834875,-0.2680079,0.03657699,0.58230954,0.0,0.0,0
245303044,-0.0010782972,-0.24548179,0.028973458,0.58230954,0.0,0.0,0
245323062,0.04814108,-0.22872481,0.0021807116,0.58230954,0.0,0.0,0
245337964,0.07194384,-0.22047769,-0.011838372,0.58230954,0.0,0.0,0
245357925,0.0763376,-0.23445038,-0.007811322,0.58230954,0.0,0.0,0
245382880,0.07463691,-0.36407712,0.033743907,0.58230954,0.0,0.0,0
245402833,0.016634038,-0.362235,0.075186506,0.58230954,0.0,0.0,0
245417795,-0.01816809,-0.35872766,0.097246185,0.58230954,0.0,0.0,0
245442771,-0.0837427,-0.2876513,0.08765356,0.58230954,0.0,0.0,0
245462715,-0.113814406,-0.23786154,0.087666206,0.58230954,0.0,0.0,0
245477730,-0.12584253,-0.20130377,0.08252696,0.58230954,0.0,0.0,0
245502666,-0.14248951,-0.17622752,0.06919464,0.58230954,0.0,0.0,0
245522734,-0.15397556,-0.18509415,0.06799748,0.58230954,0.0,0.0,0
245542549,-0.15087716,-0.20722629,0.063957885,0.58230954,0.0,0.0,0
245557506,-0.13447168,-0.22271658,0.063807264,0.58230954,0.0,0.0,0
245582476,-0.09589368,-0.24695036,0.06184075,0.58230954,0.0,0.0,0
245602411,-0.08185274,-0.25229383,0.08241405,0.58230954,0.0,0.0,0
245617422,-0.0693079,-0.25250998,0.08113832,0.58230954,0.0,0.0,0
245642332,-0.037821215,-0.24403322,0.0694122,0.58230954,0.0,0.0,0
245662296,-0.0045997165,-0.23941067,0.058233105,0.58230954,0.0,0.0,0
245682241,0.03621093,-0.24293779,0.026647855,0.58230954,0.0,0.0,0
245697215,0.045197003,-0.23989786,0.015839566,0.58230954,0.0,0.0,0
245722277,0.029489394,-0.23641197,0.026274541,0.58230954,0.0,0.0,0
245742161,0.00756767,-0.23041098,0.039389703,0.58230954,0.0,0.0,0
245757083,-0.012209741,-0.21619196,0.048023544,0.58230954,0.0,0.0,0
245782035,-0.04758968,-0.17054564,0.049315553,0.58230954,0.0,0.0,0
245801990,-0.080590844,-0.12685873,0.04987138,0.58230954,0.0,0.0,0
245821946,-0.10222183,-0.09486189,0.051986787,0.58230954,0.0,0.0,0
245841910,-0.121503815,-0.0924332,0.052584384,0.58230954,0.0,0.0,0
245861867,-0.13637792,-0.10913462,0.054456122,0.58230954,0.0,0.0,0
245881861,-0.14100662,-0.14222038,0.057305064,0.58230954,0.0,0.0,0
245896808,-0.13076033,-0.16967826,0.055313725,0.58230954,0.0,0.0,0
245921835,-0.094144695,-0.22055213,0.056015745,0.58230954,0.0,0.0,0
245941709,-0.036725108,-0.24339975,0.051759645,0.58230954,0.0,0.0,0
245961666,0.025556307,-0.25128767,0.030349074,0.58230954,0.0,0.0,0
245981615,0.08851436,-0.24656667,-0.004319817,0.58230954,0.0,0.0,0
246001580,0.14640774,-0.24337351,-0.039800506,0.58230954,0.0,0.0,0
246021550,0.17295063,-0.24652126,-0.052306626,0.58230954,0.0,0.0,0
246041499,0.14448667,-0.25412235,-0.040359605,0.58230954,0.0,0.0,0
246061444,0.06747491,-0.26703915,0.0039788187,0.58230954,0.0,0.0,0
246081402,-0.01835724,-0.28142878,0.050091837,0.58230954,0.0,0.0,0
246101444,-0.1013043,-0.28852516,0.058478635,0.58230954,0.0,0.0,0
246121389,-0.17440268,-0.28185,0.06648407,0.58230954,0.0,0.0,0
246141295,-0.23071902,-0.26773322,0.07146199,0.58230954,0.0,0.0,0
246161243,-0.27160895,-0.2608277,0.07829091,0.58230954,0.0,0.0,0
246181197,-0.29701728,-0.26606405,0.08178546,0.58230954,0.0,0.0,0
246201149,-0.30180025,-0.29769704,0.09844534,0.58230954,0.0,0.0,0
246221111,-0.2993583,-0.3431307,0.100364484,0.58230954,0.0,0.0,0
246241076,-0.2815286,-0.38998485,0.103724696,0.58230954,0.0,0.0,0
246261029,-0.2507773,-0.41845366,0.09382811,0.58230954,0.0,0.0,0
246281030,-0.22211601,-0.43187296,0.070188105,0.58230954,0.0,0.0,0
246300999,-0.19342358,-0.4130249,0.038283024,0.58230954,0.0,0.0,0
246320938,-0.14394636,-0.37189,0.021436581,0.58230954,0.0,0.0,0
246340864,-0.09830818,-0.31851742,0.012531614,0.58230954,0.0,0.0,0
246360842,-0.0665134,-0.26941803,0.007169657,0.58230954,0.0,0.0,0
246380778,-0.0794447,-0.24278513,0.0077177985,0.58230954,0.0,0.0,0
246400739,-0.18111084,-0.19420682,0.04033314,0.58230954,0.0,0.0,0
246420721,-0.29472163,-0.15548392,0.06990021,0.58230954,0.0,0.0,0
246440652,-0.38268685,-0.12949643,0.08941452,0.58230954,0.0,0.0,0
246460612,-0.41974565,-0.107222974,0.08921478,0.58230954,0.0,0.0,0
246480591,-0.43700352,-0.07379885,0.083409905,0.58230954,0.0,0.0,0
246500597,-0.45269164,-0.049983997,0.108871214,0.58230954,0.0,0.0,0
246520488,-0.46536046,-0.03611859,0.10763642,0.58230954,0.0,0.0,0
246540438,-0.47913983,-0.046526026,0.12082499,0.58230954,0.0,0.0,0
246560398,-0.47720686,-0.075528674,0.13913213,0.58230954,0.0,0.0,0
246580355,-0.44119683,-0.12536518,0.14559284,0.58230954,0.0,0.0,0
246600313,-0.36974388,-0.17161998,0.09514774,0.58230954,0.0,0.0,0
246620278,-0.337351,-0.20765068,0.09349587,0.58230954,0.0,0.0,0
246640266,-0.30046287,-0.22280706,0.07377791,0.58230954,0.0,0.0,0
246660227,-0.2123143,-0.21053538,0.0341296,0.58230954,0.0,0.0,0
246680164,-0.15045136,-0.18594302,0.0018279,0.58230954,0.0,0.0,0
246700206,-0.08913364,-0.16162394,-0.02334232,0.58230954,0.0,0.0,0
246720158,-0.08561534,-0.15737946,-0.02438496,0.58230954,0.0,0.0,0
246740019,-0.1119325,-0.16030966,-0.0087531805,0.58230954,0.0,0.0,0
246759991,-0.16215615,-0.16823658,0.016004533,0.58230954,0.0,0.0,0
246779944,-0.20814906,-0.17077592,0.03858051,0.58230954,0.0,0.0,0
246799895,-0.25011668,-0.15400569,0.064324655,0.58230954,0.0,0.0,0
246819854,-0.29518408,-0.12918878,0.08039163,0.58230954,0.0,0.0,0
246839854,-0.31790888,-0.10606553,0.080377,0.58230954,0.0,0.0,0
246859780,-0.3361736,-0.101651154,0.08092114,0.58230954,0.0,0.0,0
246879734,-0.35473344,-0.123120286,0.08314705,0.58230954,0.0,0.0,0
246899752,-0.3734269,-0.16171677,0.092084534,0.58230954,0.0,0.0,0
246919648,-0.36807784,-0.20600757,0.09451396,0.58230954,0.0,0.0,0
246944607,-0.35659054,-0.2536783,0.10014426,0.58230954,0.0,0.0,0
246959569,-0.35476285,-0.27577528,0.10130534,0.58230954,0.0,0.0,0
246979559,-0.3341045,-0.28964892,0.07918743,0.58230954,0.0,0.0,0
246999482,-0.29042318,-0.27748218,0.047303792,0.58230954,0.0,0.0,0
247019448,-0.2342229,-0.25921792,0.017644864,0.58230954,0.0,0.0,0
247039400,-0.17573616,-0.25080878,-0.013208823,0.58230954,0.0,0.0,0
247059352,-0.15066728,-0.24653868,-0.025313843,0.58230954,0.0,0.0,0
247084327,-0.17278367,-0.25241318,-0.013110015,0.58230954,0.0,0.0,0
247099326,-0.1944329,-0.25735986,-0.0017626609,0.58230954,0.0,0.0,0
247119304,-0.2240995,-0.25441206,0.01353722,0.58230954,0.0,0.0,0
247139204,-0.25918758,-0.22871274,0.031259447,0.58230954,0.0,0.0,0
247159174,-0.2888295,-0.19131158,0.048020348,0.58230954,0.0,0.0,0
247179127,-0.28113043,-0.15502535,0.05531498,0.58230954,0.0,0.0,0
247199061,-0.29531595,-0.13452631,0.075752795,0.58230954,0.0,0.0,0
247224013,-0.313612,-0.14795424,0.08446142,0.58230954,0.0,0.0,0
247238975,-0.31040296,-0.17308097,0.08274062,0.58230954,0.0,0.0,0
247258928,-0.28853795,-0.21016277,0.07302101,0.58230954,0.0,0.0,0
247283897,-0.23037086,-0.24831344,0.0408462,0.58230954,0.0,0.0,0
247298996,-0.17493773,-0.2703207,0.018798234,0.58230954,0.0,0.0,0
247318822,-0.118421674,-0.29113394,-0.002235279,0.58230954,0.0,0.0,0
247338773,-0.049837086,-0.29853722,-0.026018282,0.58230954,0.0,0.0,0
247363707,0.035296895,-0.2847929,-0.05236116,0.58230954,0.0,0.0,0
247378729,0.059545897,-0.26953882,-0.05475825,0.58230954,0.0,0.0,0
247398666,0.07555513,-0.262082,-0.054756142,0.58230954,0.0,0.0,0
247423583,0.038887538,-0.24262,-0.04693357,0.58230954,0.0,0.0,0
247438549,-0.007562763,-0.23647709,-0.035095654,0.58108103,0.0,0.0,0
247458512,-0.06795457,-0.221846,0.004342093,0.58108103,0.0,0.0,0
247483470,-0.15429991,-0.18793426,0.04716393,0.58108103,0.0,0.0,0
247503472,-0.19589975,-0.14406744,0.047346096,0.58108103,0.0,0.0,0
247518421,-0.21433029,-0.11092136,0.046845105,0.58108103,0.0,0.0,0
247538338,-0.22886594,-0.08244871,0.045960613,0.58108103,0.0,0.0,0
247563287,-0.24249761,-0.08641542,0.046662416,0.58108103,0.0,0.0,0
247578260,-0.24219882,-0.10559503,0.047794048,0.58108103,0.0,0.0,0
247598240,-0.22431596,-0.13619807,0.045949075,0.58108103,0.0,0.0,0
247623161,-0.16240658,-0.17098369,0.04349391,0.58108103,0.0,0.0,0
247643136,-0.10711554,-0.2000444,0.023831483,0.5798526,0.0,0.0,0
247658092,-0.07103874,-0.2033072,0.0065453164,0.5798526,0.0,0.0,0
247683046,-0.0074160695,-0.19500038,-0.029343918,0.5798526,0.0,0.0,0
247703025,0.042577446,-0.18014577,-0.044566628,0.57616705,0.0,0.0,0
247717965,0.0682353,-0.1713999,-0.046071287,0.5737101,0.0,0.0,0
247737923,0.08818016,-0.16483398,-0.04713099,0.5737101,0.0,0.0,0
247762868,0.024812158,-0.15999743,-0.04279353,0.5724816,0.0,0.0,0
247782828,-0.046447534,-0.16188867,-0.008473112,0.5724816,0.0,0.0,0
247797813,-0.09433191,-0.16173014,0.01892379,0.5737101,0.0,0.0,0
247822742,-0.1691634,-0.13600156,0.042217348,0.5724816,0.0,0.0,0
247842699,-0.2171277,-0.09585784,0.04277208,0.5724816,0.0,0.0,0
247857668,-0.2521408,-0.061127465,0.0418256,0.5724816,0.0,0.0,0
247882662,-0.29387093,-0.021566048,0.03955339,0.5724816,0.0,0.0,0
247902591,-0.32756555,-0.0150065655,0.08221954,0.5724816,0.0,0.0,0
247922533,-0.33723035,-0.03680404,0.084380604,0.5724816,0.0,0.0,0
247937545,-0.32270703,-0.06363438,0.08652331,0.5724816,0.0,0.0,0
247962455,-0.25030038,-0.092302755,0.08611863,0.5724816,0.0,0.0,0
247982412,-0.20725085,-0.111260585,0.09693793,0.5724816,0.0,0.0,0
247997372,-0.18228884,-0.123015665,0.056328133,0.5724816,0.0,0.0,0
248022326,-0.08698937,-0.1308156,0.0073194676,0.5724816,0.0,0.0,0
248042281,0.011919779,-0.118692406,-0.055465907,0.5724816,0.0,0.0,0
248062240,0.08346696,-0.10763602,-0.058267176,0.5724816,0.0,0.0,0
248077262,0.14012235,-0.10648596,-0.060734503,0.5724816,0.0,0.0,0
248102154,0.11698662,-0.10274815,-0.047201037,0.5724816,0.0,0.0,0
248122139,0.08150296,-0.1079915,-0.0459757,0.5724816,0.0,0.0,0
248137083,0.05552638,-0.11260815,-0.045022484,0.5724816,0.0,0.0,0
248162034,-0.002296106,-0.10630642,-0.039447762,0.5724816,0.0,0.0,0
248181988,-0.044612676,-0.084366366,-0.01683278,0.5724816,0.0,0.0,0
248201946,-0.083486475,-0.052409094,0.0043719052,0.5724816,0.0,0.0,0
248221895,-0.11073277,-0.031169733,0.018644772,0.5724816,0.0,0.0,0
248241870,-0.13262506,-0.037301686,0.03606282,0.5724816,0.0,0.0,0
248261813,-0.1435477,-0.061943714,0.042799596,0.5724816,0.0,0.0,0
248276828,-0.12990558,-0.08587045,0.033670153,0.5724816,0.0,0.0,0
248301735,-0.090820104,-0.12628652,0.0073917327,0.5724816,0.0,0.0,0
248321699,-0.03609271,-0.14927866,-0.026652427,0.5724816,0.0,0.0,0
248341688,-0.024914315,-0.166977,-0.035867393,0.5724816,0.0,0.0,0
248361607,-0.009795293,-0.17222086,-0.045738958,0.5724816,0.0,0.0,0
248381565,0.046828903,-0.15501231,-0.060112786,0.5724816,0.0,0.0,0
248401522,0.09781299,-0.1301085,-0.054553118,0.5724816,0.0,0.0,0
248421482,0.13325575,-0.11318055,-0.055187847,0.5724816,0.0,0.0,0
248441442,0.13733578,-0.10218809,-0.05453714,0.5724816,0.0,0.0,0
248461401,0.12510747,-0.10223866,-0.054021187,0.5724816,0.0,0.0,0
248481416,0.10688846,-0.1066765,-0.05353564,0.5724816,0.0,0.0,0
248501316,0.086273536,-0.108607024,-0.05363173,0.5724816,0.0,0.0,0
248521272,0.06671294,-0.09199129,-0.05195678,0.5724816,0.0,0.0,0
248541234,0.04714682,-0.06489196,-0.04722392,0.5724816,0.0,0.0,0
248561196,0.03155662,-0.041175377,-0.045994636,0.5724816,0.0,0.0,0
248581142,0.029360918,-0.035558764,-0.04291101,0.5724816,0.0,0.0,0
248601100,0.038153656,-0.058868,-0.060292043,0.5724816,0.0,0.0,0
248621126,0.050059758,-0.09778552,-0.06635889,0.5675675,0.0,0.0,0
248641017,0.06235924,-0.13907722,-0.06834713,0.5663391,0.0,0.0,0
248661010,0.07381727,-0.17843916,-0.0752525,0.5663391,0.0,0.0,0
248681080,0.109034374,-0.2076147,-0.07466718,0.5663391,0.0,0.0,0
248700893,0.14891104,-0.21085317,-0.06617975,0.5663391,0.0,0.0,0
248720856,0.18907924,-0.19683552,-0.06860536,0.5663391,0.0,0.0,0
248740809,0.22074242,-0.16384396,-0.06784589,0.5663391,0.0,0.0,0
248760771,0.24647011,-0.13159785,-0.0659804,0.5663391,0.0,0.0,0
248780724,0.25491628,-0.10350964,-0.06316945,0.5663391,0.0,0.0,0
248800702,0.22588174,-0.08716625,-0.054610584,0.5663391,0.0,0.0,0
248820647,0.17720625,-0.07266861,-0.05150415,0.5663391,0.0,0.0,0
248840597,0.12507221,-0.053337187,-0.045294642,0.5663391,0.0,0.0,0
248860588,0.07075273,-0.024798594,-0.042793203,0.5663391,0.0,0.0,0
248880680,0.025801625,0.014066681,-0.04122971,0.5663391,0.0,0.0,0
248900489,-0.0016898998,0.04739814,-0.030157343,0.5663391,0.0,0.0,0
248920462,-0.019469535,0.06734978,-0.01903801,0.56511056,0.0,0.0,0
248940389,-0.036218796,0.05332895,-0.01083775,0.56511056,0.0,0.0,0
248960361,-0.041174132,0.015303427,-0.008669253,0.5663391,0.0,0.0,0
248980305,-0.026014104,-0.032020863,-0.016871342,0.5663391,0.0,0.0,0
249000302,0.0015519627,-0.078992136,-0.04162579,0.56388205,0.0,0.0,0
249020261,0.03237166,-0.12023113,-0.04586392,0.56388205,0.0,0.0,0
249040261,0.08534381,-0.15463504,-0.053771466,0.56388205,0.0,0.0,0
249060253,0.14644785,-0.16367164,-0.062023707,0.56388205,0.0,0.0,0
249080222,0.1918283,-0.1491139,-0.06751516,0.56388205,0.0,0.0,0
249100074,0.23131981,-0.13397287,-0.048330832,0.56388205,0.0,0.0,0
249120009,0.2434535,-0.114285976,-0.04413663,0.56388205,0.0,0.0,0
249139971,0.20017353,-0.09519775,-0.040195446,0.56388205,0.0,0.0,0
249159933,0.14938408,-0.083525546,-0.029821428,0.56388205,0.0,0.0,0
249179926,0.08351441,-0.07734066,-0.024809599,0.56388205,0.0,0.0,0
249199844,0.012445624,-0.07382862,-0.025761101,0.56388205,0.0,0.0,0
249219802,-0.018933669,-0.08484969,0.0006426197,0.56388205,0.0,0.0,0
249239767,-0.06599122,-0.06889092,0.0018189038,0.56388205,0.0,0.0,0
249259737,-0.09941742,-0.060155034,0.0023934625,0.56388205,0.0,0.0,0
249279748,-0.12559679,-0.074442826,0.0037431372,0.56388205,0.0,0.0,0
249299637,-0.13066253,-0.108222485,0.008408479,0.56388205,0.0,0.0,0
249324589,-0.12685056,-0.17088136,0.014308112,0.56388205,0.0,0.0,0
249339551,-0.121079855,-0.20726961,0.015763706,0.56388205,0.0,0.0,0
249359514,-0.08320184,-0.26864094,0.029512677,0.56388205,0.0,0.0,0
249379478,-0.024154536,-0.33107877,0.0485301,0.56388205,0.0,0.0,0
249399430,0.03758106,-0.37042156,0.02423954,0.56388205,0.0,0.0,0
249419382,0.08133524,-0.374837,-0.0060654543,0.56388205,0.0,0.0,0
249439369,0.10989409,-0.36634704,-0.030469444,0.56388205,0.0,0.0,0
249464331,0.1480651,-0.36218408,-0.0392848,0.56388205,0.0,0.0,0
249479311,0.14493974,-0.36675784,-0.038999464,0.56388205,0.0,0.0,0
249499237,0.10947118,-0.3786389,-0.05611392,0.56388205,0.0,0.0,0
249519198,0.05681569,-0.38783625,0.003559017,0.56388205,0.0,0.0,0
249539161,0.0055996063,-0.38888106,0.04913165,0.56388205,0.0,0.0,0
249559098,-0.032495677,-0.3714402,0.06787501,0.56388205,0.0,0.0,0
249579158,-0.053799674,-0.3339482,0.07004189,0.56388205,0.0,0.0,0
249603997,-0.050544947,-0.29261497,0.045675077,0.56388205,0.0,0.0,0
249618969,-0.036988795,-0.28505862,0.047234472,0.56388205,0.0,0.0,0
249638921,-0.018984681,-0.28364804,0.05176125,0.56388205,0.0,0.0,0
249663916,-0.01478095,-0.3060236,0.05176132,0.56388205,0.0,0.0,0
249678860,-0.00995906,-0.32647666,0.05156071,0.56388205,0.0,0.0,0
249698808,0.01709538,-0.3473753,0.027627958,0.56388205,0.0,0.0,0
249718812,0.055654228,-0.37273556,0.008390604,0.56388205,0.0,0.0,0
249743700,0.118292175,-0.38587102,-0.020301182,0.56388205,0.0,0.0,0
249758707,0.16899465,-0.37871394,-0.042543706,0.56388205,0.0,0.0,0
249778639,0.22589721,-0.36163372,-0.06041392,0.56388205,0.0,0.0,0
249803573,0.26979402,-0.35090527,-0.070189126,0.56388205,0.0,0.0,0
249818544,0.2745559,-0.35208967,-0.07092983,0.56388205,0.0,0.0,0
249838514,0.268544,-0.36055866,-0.070518866,0.56388205,0.0,0.0,0
249863625,0.22704965,-0.3839615,-0.06531582,0.56388205,0.0,0.0,0
249883409,0.16986954,-0.4056506,-0.04130502,0.56388205,0.0,0.0,0
249898369,0.16768226,-0.42468038,-0.018880708,0.56388205,0.0,0.0,0
249918337,0.14362414,-0.41416374,0.015626015,0.56388205,0.0,0.0,0
249943284,0.10191713,-0.37930846,0.04815006,0.56388205,0.0,0.0,0
249958293,0.07866725,-0.35549995,0.0609563,0.56388205,0.0,0.0,0
249978213,0.06369555,-0.3561107,0.08094131,0.56388205,0.0,0.0,0
250003153,0.08464467,-0.3964675,0.11952644,0.56388205,0.0,0.0,0
250023137,0.12534343,-0.46165976,0.11921337,0.56388205,0.0,0.0,0
250038079,0.13973668,-0.48810866,0.108788796,0.56388205,0.0,0.0,0
250058072,0.18466839,-0.51888084,0.09384723,0.56388205,0.0,0.0,0
250082997,0.22407947,-0.5302257,0.06409163,0.56388205,0.0,0.0,0
250097960,0.25020543,-0.5010299,0.032518905,0.56388205,0.0,0.0,0
250117914,0.3103502,-0.4744873,-0.0062205074,0.56388205,0.0,0.0,0
250142885,0.35975093,-0.41748255,-0.044308893,0.56388205,0.0,0.0,0
250162822,0.3889751,-0.37694252,-0.0638492,0.56388205,0.0,0.0,0
250177784,0.38865307,-0.34980202,-0.06264863,0.56388205,0.0,0.0,0
250202737,0.32062495,-0.3143884,-0.02329259,0.56388205,0.0,0.0,0
250222693,0.26194626,-0.29102594,0.0122839585,0.56388205,0.0,0.0,0
250237660,0.22342597,-0.27244532,0.037564725,0.56388205,0.0,0.0,0
250257671,0.17248829,-0.23522311,0.0700471,0.56388205,0.0,0.0,0
250282608,0.11807155,-0.17237905,0.10063521,0.56388205,0.0,0.0,0
250302542,0.09261158,-0.12458513,0.10861916,0.56388205,0.0,0.0,0
250317494,0.076295316,-0.10133752,0.1150039,0.56388205,0.0,0.0,0
250342453,0.05586132,-0.094747454,0.12711236,0.56388205,0.0,0.0,0
250362399,0.05028683,-0.1127022,0.13403913,0.56388205,0.0,0.0,0
250377365,0.04643748,-0.1333704,0.13410516,0.56388205,0.0,0.0,0
250402319,0.06774827,-0.1719449,0.1273454,0.56388205,0.0,0.0,0
250422325,0.087829255,-0.20248048,0.11536228,0.56388205,0.0,0.0,0
250442241,0.1020253,-0.23095381,0.10728585,0.56388205,0.0,0.0,0
250457356,0.1265502,-0.23648998,0.091281906,0.56388205,0.0,0.0,0
250482143,0.1760059,-0.23478344,0.05956704,0.56388205,0.0,0.0,0
250502106,0.21176761,-0.22567357,0.03140171,0.56388205,0.0,0.0,0
250517075,0.22417209,-0.22400685,0.024651257,0.56388205,0.0,0.0,0
250542018,0.22205311,-0.23377739,0.03708431,0.56388205,0.0,0.0,0
250562021,0.2105026,-0.26116353,0.057807513,0.56388205,0.0,0.0,0
250581939,0.18027966,-0.28115803,0.080951646,0.56388205,0.0,0.0,0
250601897,0.12000732,-0.27506796,0.1645019,0.56388205,0.0,0.0,0
250621850,0.06536255,-0.25007114,0.2055639,0.56388205,0.0,0.0,0
250641828,0.039083913,-0.21543556,0.22627153,0.56388205,0.0,0.0,0
250656907,0.052518398,-0.20428684,0.23145045,0.56388205,0.0,0.0,0
250681756,0.076434664,-0.20979849,0.24146675,0.56388205,0.0,0.0,0
250701699,0.08246942,-0.22647513,0.23919852,0.56388205,0.0,0.0,0
250721646,0.08749322,-0.24535333,0.23495562,0.56388205,0.0,0.0,0
250741613,0.10390268,-0.2595386,0.22136979,0.56388205,0.0,0.0,0
250761568,0.13536896,-0.2589566,0.18692331,0.56388205,0.0,0.0,0
250781517,0.16605802,-0.2558167,0.16250432,0.56388205,0.0,0.0,0
250801482,0.2015888,-0.2407397,0.10251333,0.56388205,0.0,0.0,0
250821495,0.24499127,-0.193159,0.07405357,0.56388205,0.0,0.0,0
250841407,0.2860624,-0.13999444,0.045095813,0.56388205,0.0,0.0,0
250861381,0.31299096,-0.09096126,0.025626052,0.56388205,0.0,0.0,0
250881310,0.32351488,-0.052537322,0.022204442,0.56388205,0.0,0.0,0
250901275,0.28130955,-0.015616085,0.050249726,0.56388205,0.0,0.0,0
250921230,0.21380177,0.010512491,0.091874845,0.56388205,0.0,0.0,0
250941178,0.15604524,0.028131936,0.12709495,0.56388205,0.0,0.0,0
250961181,0.1069043,0.0549347,0.15603895,0.56388205,0.0,0.0,0
250981095,0.06703611,0.081664816,0.17896119,0.56388205,0.0,0.0,0
251001067,0.050452992,0.09926592,0.20592827,0.56388205,0.0,0.0,0
251021012,0.039586857,0.101481035,0.21261765,0.56388205,0.0,0.0,0
251041041,0.028633466,0.07031434,0.22207984,0.56388205,0.0,0.0,0
251060935,0.03405689,0.018941218,0.22146815,0.56388205,0.0,0.0,0
251080888,0.055074167,-0.041346777,0.21025798,0.56388205,0.0,0.0,0
251100846,0.077923596,-0.09792758,0.18980084,0.56388205,0.0,0.0,0
251120802,0.110906236,-0.14932743,0.16249952,0.56388205,0.0,0.0,0
251140763,0.18514262,-0.18988669,0.10945136,0.56388205,0.0,0.0,0
251160727,0.26296416,-0.2042298,0.056421995,0.56388205,0.0,0.0,0
251180679,0.3143133,-0.19458449,0.02136862,0.56388205,0.0,0.0,0
251200647,0.36127993,-0.18077019,-0.010663594,0.56388205,0.0,0.0,0
251220672,0.36442813,-0.16929585,-0.015564727,0.56388205,0.0,0.0,0
251240632,0.33627138,-0.16184522,0.004265202,0.56388205,0.0,0.0,0
251260556,0.28244632,-0.15193014,0.037898984,0.56388205,0.0,0.0,0
251280470,0.20933191,-0.14138313,0.08135557,0.56388205,0.0,0.0,0
251300423,0.113412246,-0.1123248,0.13454361,0.56388205,0.0,0.0,0
251320389,0.052804712,-0.06709399,0.17519823,0.56388205,0.0,0.0,0
251340343,0.015174474,-0.0127222845,0.19880882,0.56388205,0.0,0.0,0
251360300,-0.014384185,0.029749012,0.21514355,0.56388205,0.0,0.0,0
251380304,-0.040838595,0.044472393,0.21330854,0.56388205,0.0,0.0,0
251400259,-0.06555429,0.032255698,0.16487148,0.56388205,0.0,0.0,0
251420203,-0.07633965,-0.004102522,0.16889773,0.56388205,0.0,0.0,0
251440221,-0.078069225,-0.03848927,0.16788597,0.56388205,0.0,0.0,0
251460134,-0.05905483,-0.07573969,0.16903734,0.56388205,0.0,0.0,0
251480136,-0.06663857,-0.10853166,0.16729029,0.56388205,0.0,0.0,0
251500008,-0.07017885,-0.122170165,0.13932581,0.56388205,0.0,0.0,0
251520009,-0.037958447,-0.12636673,0.1324868,0.56388205,0.0,0.0,0
251539927,-0.013855774,-0.12608324,0.12574095,0.56388205,0.0,0.0,0
251559889,-0.00517601,-0.13940533,0.11433625,0.56388205,0.0,0.0,0
251579850,0.007239831,-0.15856,0.10911087,0.56388205,0.0,0.0,0
251599823,-0.05341243,-0.1671607,0.13536282,0.56388205,0.0,0.0,0
251619789,-0.08976435,-0.19337025,0.13997747,0.56388205,0.0,0.0,0
251639933,-0.12711321,-0.21796939,0.1307847,0.56388205,0.0,0.0,0
251659678,-0.14959607,-0.21934184,0.12933938,0.56388205,0.0,0.0,0
251679638,-0.1720563,-0.19869879,0.12559251,0.56388205,0.0,0.0,0
251704588,-0.18983452,-0.1523488,0.13645987,0.56388205,0.0,0.0,0
251719561,-0.19542587,-0.13746771,0.13919942,0.56388205,0.0,0.0,0
251739510,-0.19057941,-0.13729578,0.1511213,0.56388205,0.0,0.0,0
251759465,-0.16228552,-0.15069702,0.1752731,0.56388205,0.0,0.0,0
251779467,-0.1056075,-0.1784629,0.21122225,0.56388205,0.0,0.0,0
251799382,-0.019536663,-0.19878289,0.13853559,0.56388205,0.0,0.0,0
251819354,0.103312604,-0.23615934,0.10442378,0.56388205,0.0,0.0,0
251844362,0.15599072,-0.24690287,0.08407057,0.56265354,0.0,0.0,0
251859293,0.19768195,-0.23277855,0.06291407,0.56265354,0.0,0.0,0
251879232,0.27598897,-0.20703991,0.024287876,0.56265354,0.0,0.0,0
251899190,0.3286147,-0.17865296,0.0016804175,0.56142503,0.0,0.0,0
251919183,0.3641952,-0.16441764,-0.009862349,0.5601965,0.0,0.0,0
251939085,0.32582048,-0.1571098,0.01191267,0.5601965,0.0,0.0,0
251959041,0.25117913,-0.16225845,0.05878437,0.5601965,0.0,0.0,0
251983988,0.12313432,-0.16912481,0.13039227,0.5601965,0.0,0.0,0
251998971,0.0459347,-0.17027524,0.18292119,0.5601965,0.0,0.0,0
252018928,-0.04824416,-0.16089605,0.22438864,0.5601965,0.0,0.0,0
252043948,-0.13461936,-0.14627326,0.22863044,0.5601965,0.0,0.0,0
252058870,-0.16962256,-0.14619252,0.23121008,0.5601965,0.0,0.0,0
252078830,-0.2107134,-0.16544908,0.23489176,0.5601965,0.0,0.0,0
252098757,-0.24587037,-0.20708238,0.27560136,0.5601965,0.0,0.0,0
252123700,-0.28946784,-0.26827753,0.2743589,0.5601965,0.0,0.0,0
252138709,-0.30600646,-0.30540717,0.26821724,0.5601965,0.0,0.0,0
252158622,-0.3060283,-0.35617214,0.26602525,0.5601965,0.0,0.0,0
252183603,-0.27420092,-0.3986964,0.25626183,0.5601965,0.0,0.0,0
252198538,-0.273474,-0.39999658,0.23707837,0.5601965,0.0,0.0,0
252218507,-0.2446014,-0.39304748,0.2272488,0.5601965,0.0,0.0,0
252243482,-0.18477745,-0.3609639,0.21327807,0.5601965,0.0,0.0,0
252263395,-0.13543615,-0.32725066,0.20202509,0.5601965,0.0,0.0,0
252278369,-0.1133653,-0.30512044,0.19676891,0.5601965,0.0,0.0,0
252298328,-0.1294726,-0.27450624,0.1393885,0.5601965,0.0,0.0,0
252323310,-0.18998708,-0.24000226,0.12650102,0.5601965,0.0,0.0,0
252338242,-0.24614868,-0.1961525,0.10538563,0.5601965,0.0,0.0,0
252358220,-0.3201615,-0.1462729,0.076636225,0.5601965,0.0,0.0,0
252383141,-0.36130473,-0.104936786,0.06028949,0.5601965,0.0,0.0,0
252403100,-0.40514654,-0.08792102,0.04672184,0.5601965,0.0,0.0,0
252418092,-0.45010573,-0.0863591,0.028142469,0.5601965,0.0,0.0,0
252443032,-0.49310198,-0.11152404,0.02228686,0.5601965,0.0,0.0,0
252462998,-0.49676746,-0.17348059,0.03493279,0.5601965,0.0,0.0,0
252477988,-0.48677623,-0.2238772,0.04415061,0.5601965,0.0,0.0,0
252497905,-0.4653332,-0.2931759,0.055208858,0.5601965,0.0,0.0,0
252522867,-0.4133481,-0.3674465,0.06131306,0.5601965,0.0,0.0,0
252542813,-0.42111546,-0.3992197,0.0727943,0.5601965,0.0,0.0,0
252557794,-0.41514048,-0.4232289,0.0754396,0.5601965,0.0,0.0,0
252582726,-0.4340908,-0.41116938,0.091828436,0.5601965,0.0,0.0,0
252602703,-0.51960737,-0.3342997,0.13181816,0.5601965,0.0,0.0,0
252617761,-0.5095943,-0.31678447,0.13383037,0.5601965,0.0,0.0,0
252642607,-0.5144835,-0.30576923,0.13334495,0.5601965,0.0,0.0,0
252662568,-0.5218882,-0.30182838,0.13014376,0.5601965,0.0,0.0,0
252682517,-0.5364676,-0.2895559,0.13063782,0.5601965,0.0,0.0,0
252697484,-0.54922116,-0.26496145,0.13327345,0.5601965,0.0,0.0,0
252722433,-0.5688704,-0.19059412,0.12581825,0.56142503,0.0,0.0,0
252742435,-0.57174975,-0.12731844,0.11284339,0.5601965,0.0,0.0,0
252757355,-0.5735609,-0.089525595,0.10766361,0.5601965,0.0,0.0,0
252782318,-0.5757315,-0.05593426,0.103052005,0.5601965,0.0,0.0,0
252802262,-0.5857961,-0.046544313,0.1391032,0.5601965,0.0,0.0,0
252822260,-0.5840111,-0.06143428,0.14099874,0.5601965,0.0,0.0,0
252837208,-0.5692042,-0.07881204,0.14275338,0.5601965,0.0,0.0,0
252862142,-0.48356935,-0.107967295,0.14567004,0.5601965,0.0,0.0,0
252882139,-0.44479454,-0.12895776,0.14173706,0.5601965,0.0,0.0,0
252897073,-0.425714,-0.13422379,0.095681235,0.5601965,0.0,0.0,0
252922013,-0.35549864,-0.12959027,0.09181164,0.5601965,0.0,0.0,0
252941983,-0.29649216,-0.11109561,0.0675544,0.5601965,0.0,0.0,0
252961933,-0.22237915,-0.09746793,0.029878756,0.5601965,0.0,0.0,0
252981888,-0.2035528,-0.09175635,0.02241347,0.5601965,0.0,0.0,0
253001863,-0.26916417,-0.08564234,0.051531464,0.5601965,0.0,0.0,0
253021969,-0.33325198,-0.089068174,0.08269459,0.5601965,0.0,0.0,0
253036772,-0.35994342,-0.09641572,0.09060271,0.5601965,0.0,0.0,0
253061720,-0.40895253,-0.0971871,0.09266209,0.5601965,0.0,0.0,0
253081679,-0.44600636,-0.0808684,0.09272457,0.5601965,0.0,0.0,0
253101642,-0.46966878,-0.062133662,0.09019267,0.5601965,0.0,0.0,0
253121635,-0.4807359,-0.056532204,0.08991706,0.5601965,0.0,0.0,0
253141580,-0.4894891,-0.07409197,0.08973325,0.5601965,0.0,0.0,0
253161512,-0.48023072,-0.111806035,0.088987984,0.5601965,0.0,0.0,0
253181464,-0.4496996,-0.16446002,0.082295634,0.5601965,0.0,0.0,0
253201440,-0.42685714,-0.2233423,0.08562653,0.5601965,0.0,0.0,0
253221523,-0.3714086,-0.28533864,0.0716174,0.5601965,0.0,0.0,0
253241347,-0.3298475,-0.3268721,0.07106342,0.5601965,0.0,0.0,0
253261292,-0.27436706,-0.34673327,0.06067676,0.5601965,0.0,0.0,0
253281289,-0.22128054,-0.3395049,0.05056494,0.5601965,0.0,0.0,0
253301214,-0.18540332,-0.3169728,0.040802352,0.5601965,0.0,0.0,0
253321175,-0.15350655,-0.29557973,0.034048665,0.5601965,0.0,0.0,0
253341134,-0.1803055,-0.26713595,0.033795163,0.5601965,0.0,0.0,0
253361095,-0.23286586,-0.24402948,0.035644792,0.5601965,0.0,0.0,0
253381047,-0.27542755,-0.2217718,0.031164736,0.5601965,0.0,0.0,0
253401023,-0.31550682,-0.18947984,0.026496833,0.5601965,0.0,0.0,0
253421153,-0.35012886,-0.14514983,0.02047824,0.5601965,0.0,0.0,0
253440929,-0.37700972,-0.09195081,0.013972633,0.5601965,0.0,0.0,0
253460880,-0.39721695,-0.036444962,0.0058398563,0.5601965,0.0,0.0,0
253480840,-0.42359766,-0.008733823,0.0014941816,0.5601965,0.0,0.0,0
253500815,-0.44308808,-0.008560565,0.0015333275,0.5601965,0.0,0.0,0
253520763,-0.44651932,-0.028973281,0.005230591,0.5601965,0.0,0.0,0
253540717,-0.43414813,-0.051780134,0.009083598,0.5601965,0.0,0.0,0
253560678,-0.38737896,-0.07443707,0.011627355,0.5601965,0.0,0.0,0
253580658,-0.3681196,-0.09590032,0.014224071,0.5601965,0.0,0.0,0
253600598,-0.36776146,-0.110497795,0.016373018,0.5601965,0.0,0.0,0
253620638,-0.34408888,-0.107887566,0.014943649,0.5601965,0.0,0.0,0
253640505,-0.30423725,-0.0999053,0.012218342,0.5601965,0.0,0.0,0
253660464,-0.24620874,-0.096854255,0.009569508,0.5601965,0.0,0.0,0
253680418,-0.16360536,-0.10097364,0.0066173864,0.5601965,0.0,0.0,0
253700378,-0.15141693,-0.10470944,0.0063496856,0.5601965,0.0,0.0,0
253720347,-0.13195403,-0.11732362,0.0061982926,0.5601965,0.0,0.0,0
253740296,-0.096981496,-0.1299654,0.0050442307,0.5601965,0.0,0.0,0
253760293,-0.074261814,-0.12397458,0.003683719,0.5601965,0.0,0.0,0
253780245,-0.059752528,-0.0999112,0.0023884538,0.5601965,0.0,0.0,0
253800250,-0.05698754,-0.057038855,0.0013004337,0.5601965,0.0,0.0,0
253820229,-0.048904527,-0.015224099,0.00029785789,0.5601965,0.0,0.0,0
253840148,-0.051154032,0.0047680065,-9.757299e-05,0.5601965,0.0,0.0,0
253860039,-0.04970594,0.0009169108,-1.8227667e-05,0.5601965,0.0,0.0,0
253879996,-0.038825903,-0.015598368,0.00024226992,0.5601965,0.0,0.0,0
253899954,-0.028216522,-0.034004517,0.0003838185,0.5601965,0.0,0.0,0
253919918,0.00094418763,-0.050107647,-1.8929724e-05,0.5601965,0.0,0.0,0
253939878,0.036815044,-0.07071511,-0.0010414292,0.5601965,0.0,0.0,0
253959833,0.06789847,-0.08296923,-0.0022539492,0.5601965,0.0,0.0,0
253979828,0.119233884,-0.0763439,-0.0036438836,0.5601965,0.0,0.0,0
253999798,0.17134781,-0.076705,-0.0052655507,0.5601965,0.0,0.0,0
254019742,0.19411898,-0.078696854,-0.0061229323,0.5601965,0.0,0.0,0
254039692,0.18084383,-0.08372987,-0.006067403,0.5601965,0.0,0.0,0
254059622,0.11614976,-0.09185926,-0.004270852,0.5601965,0.0,0.0,0
254084597,0.0120780235,-0.10456332,-0.0005051719,0.5601965,0.0,0.0,0
254099539,-0.05000495,-0.11480519,0.0022966408,0.5601965,0.0,0.0,0
254119533,-0.13228169,-0.11661811,0.0061763464,0.5601965,0.0,0.0,0
254139453,-0.20211431,-0.10514572,0.008519168,0.5601965,0.0,0.0,0
254159410,-0.24999234,-0.08820424,0.008849673,0.5601965,0.0,0.0,0
254179379,-0.28443542,-0.0826931,0.0094491495,0.5601965,0.0,0.0,0
254199381,-0.30297023,-0.09798195,0.01193273,0.5601965,0.0,0.0,0
254224273,-0.31135643,-0.1433081,0.017940817,0.5601965,0.0,0.0,0
254239267,-0.30914745,-0.18428715,0.022905635,0.5601965,0.0,0.0,0
254259223,-0.28546333,-0.2271836,0.026054371,0.5601965,0.0,0.0,0
254279184,-0.23279051,-0.2597151,0.024253845,0.5601965,0.0,0.0,0
254299151,-0.21875553,-0.28182167,0.024723154,0.5601965,0.0,0.0,0
254319075,-0.19312063,-0.28258094,0.02187241,0.5601965,0.0,0.0,0
254339030,-0.13508603,-0.26197013,0.014169203,0.5601965,0.0,0.0,0
254363987,-0.07876567,-0.22357191,0.0070462534,0.5601965,0.0,0.0,0
254378986,-0.06000655,-0.20976155,0.0050358013,0.5601965,0.0,0.0,0
254398957,-0.08807398,-0.19401301,0.0068378295,0.5601965,0.0,0.0,0
254423853,-0.1657039,-0.18247695,0.012112611,0.5601965,0.0,0.0,0
254438847,-0.2161993,-0.174616,0.0151385,0.5601965,0.0,0.0,0
254458789,-0.27259153,-0.16691712,0.018272558,0.5601965,0.0,0.0,0
254478763,-0.31435674,-0.14389259,0.018189413,0.5601965,0.0,0.0,0
254503689,-0.3390049,-0.1013388,0.013826609,0.5601965,0.0,0.0,0
254518725,-0.3424175,-0.07776348,0.0107181445,0.5601965,0.0,0.0,0
254538630,-0.34418848,-0.066014566,0.009146448,0.5601965,0.0,0.0,0
254563559,-0.32641342,-0.08438055,0.011080222,0.5601965,0.0,0.0,0
254578526,-0.3057564,-0.11318247,0.013911943,0.5601965,0.0,0.0,0
254598534,-0.2745471,-0.15571713,0.017169762,0.5601965,0.0,0.0,0
254623437,-0.21858583,-0.20469679,0.017943278,0.5601965,0.0,0.0,0
254643394,-0.18792424,-0.23584275,0.017761694,0.5601965,0.0,0.0,0
254658401,-0.16748856,-0.25159863,0.016881224,0.5601965,0.0,0.0,0
254678321,-0.13541584,-0.26555002,0.0143979555,0.5601965,0.0,0.0,0
254703268,-0.090145834,-0.266839,0.009625955,0.5601965,0.0,0.0,0
254718252,-0.06522797,-0.26683784,0.0069637,0.5601965,0.0,0.0,0
254738189,-0.032047503,-0.26929656,0.0034523164,0.5601965,0.0,0.0,0
254763178,-0.038313456,-0.27521008,0.0042180307,0.5601965,0.0,0.0,0
254783110,-0.059732802,-0.28423944,0.0067926683,0.5601965,0.0,0.0,0
254798297,-0.07190873,-0.28451842,0.008186028,0.5601965,0.0,0.0,0
254823017,-0.08286582,-0.26235822,0.008699424,0.5601965,0.0,0.0,0
254842978,-0.08823934,-0.22066155,0.007791652,0.5601965,0.0,0.0,0
254857941,-0.08980413,-0.18307327,0.006579135,0.5601965,0.0,0.0,0
254877895,-0.083084375,-0.13770925,0.0045782886,0.5601965,0.0,0.0,0
254902853,-0.08269162,-0.11091443,0.0036700198,0.5601965,0.0,0.0,0
254922806,-0.05217904,-0.12733042,0.019624216,0.5601965,0.0,0.0,0
254937770,-0.020842176,-0.1448497,0.03533554,0.5601965,0.0,0.0,0
254962726,0.0057998705,-0.16708668,0.028904926,0.5601965,0.0,0.0,0
254982696,0.056247737,-0.1728421,6.515114e-05,0.5601965,0.0,0.0,0
254997805,0.08395684,-0.17431767,0.004602809,0.5601965,0.0,0.0,0
255022621,0.14031552,-0.15064067,-0.006576369,0.5601965,0.0,0.0,0
255042558,0.21712057,-0.11759637,-0.031871703,0.5601965,0.0,0.0,0
255062520,0.24710089,-0.07908193,-0.04872457,0.5601965,0.0,0.0,0
255077537,0.27042502,-0.05502924,-0.05025782,0.5601965,0.0,0.0,0
255102436,0.2585022,-0.03739712,-0.044368625,0.5601965,0.0,0.0,0
255122384,0.23338723,-0.031605687,-0.026385907,0.5601965,0.0,0.0,0
255137348,0.2026473,-0.02650987,-0.0051614204,0.5601965,0.0,0.0,0
255162301,0.14191432,-0.021731785,0.038967755,0.5601965,0.0,0.0,0
255182268,0.097588696,-0.0011746213,0.06449576,0.5601965,0.0,0.0,0
255202271,0.054182436,0.02812398,0.07874435,0.5601965,0.0,0.0,0
255217212,0.02400898,0.052058466,0.09326041,0.5601965,0.0,0.0,0
255242133,-0.0142338965,0.06988116,0.10688647,0.5601965,0.0,0.0,0
255262092,-0.030750751,0.053035546,0.10828281,0.5601965,0.0,0.0,0
255277060,-0.038624905,0.025123244,0.1102235,0.5601965,0.0,0.0,0
255302004,-0.045075443,-0.035543423,0.15811129,0.5601965,0.0,0.0,0
255321968,-0.030151099,-0.085468985,0.1562194,0.5601965,0.0,0.0,0
255341923,-0.0025832804,-0.13862213,0.13687524,0.5601965,0.0,0.0,0
255361906,0.02725253,-0.17909841,0.108984224,0.5601965,0.0,0.0,0
255381884,0.098658755,-0.19626133,0.05742731,0.5601965,0.0,0.0,0
255401835,0.17753358,-0.18331261,0.004500262,0.5601965,0.0,0.0,0
255421762,0.21849543,-0.1548423,-0.016277196,0.5601965,0.0,0.0,0
255441725,0.2244732,-0.12331982,-0.018630141,0.5601965,0.0,0.0,0
255461671,0.1806964,-0.09287277,0.0041879243,0.5601965,0.0,0.0,0
255481657,0.10429981,-0.069733016,0.04261987,0.5601965,0.0,0.0,0
255501593,0.0072025787,-0.04932261,0.106723584,0.5601965,0.0,0.0,0
255521544,-0.09318109,-0.022289945,0.109423995,0.5601965,0.0,0.0,0
255541504,-0.1572722,0.010967354,0.10671053,0.5601965,0.0,0.0,0
255561471,-0.19721024,0.0462101,0.10232682,0.5601965,0.0,0.0,0
255581461,-0.22985552,0.06804265,0.09572038,0.5601965,0.0,0.0,0
255601381,-0.24574415,0.06531743,0.07051534,0.5601965,0.0,0.0,0
255621373,-0.25315928,0.040613547,0.07412158,0.5601965,0.0,0.0,0
255641291,-0.25581178,-0.0014175811,0.08047412,0.5601965,0.0,0.0,0
255661254,-0.24662587,-0.046973538,0.08707169,0.5601965,0.0,0.0,0
255681252,-0.21783635,-0.091690406,0.09229309,0.5601965,0.0,0.0,0
255701168,-0.19693604,-0.13858178,0.09110335,0.5601965,0.0,0.0,0
255721129,-0.16258518,-0.17362384,0.09280166,0.5601965,0.0,0.0,0
255741089,-0.101030454,-0.19068794,0.089707494,0.5601965,0.0,0.0,0
255761072,-0.051019922,-0.19892827,0.08627023,0.5601965,0.0,0.0,0
255781036,-0.026647648,-0.21084122,0.08488928,0.5601965,0.0,0.0,0
255800960,-0.035337463,-0.22245067,0.09222566,0.5601965,0.0,0.0,0
255820912,-0.08400876,-0.23468725,0.09741512,0.5601965,0.0,0.0,0
255840878,-0.15439399,-0.24780117,0.10555239,0.5601965,0.0,0.0,0
255860833,-0.22917886,-0.25253382,0.1111763,0.5601965,0.0,0.0,0
255880788,-0.28860268,-0.23601031,0.11511613,0.5601965,0.0,0.0,0
255900750,-0.33631954,-0.19440699,0.13433638,0.5601965,0.0,0.0,0
255920759,-0.37904963,-0.13653672,0.12748224,0.5601965,0.0,0.0,0
255940684,-0.4062858,-0.09113317,0.12332563,0.5601965,0.0,0.0,0
255960630,-0.42421693,-0.06720382,0.122293465,0.5601965,0.0,0.0,0
255980623,-0.42474985,-0.075152785,0.12735137,0.5601965,0.0,0.0,0
256000548,-0.38043895,-0.08459167,0.13276656,0.5601965,0.0,0.0,0
256020499,-0.32323742,-0.11639403,0.15447558,0.5601965,0.0,0.0,0
256040451,-0.23392636,-0.15979278,0.18750203,0.5601965,0.0,0.0,0
256060434,-0.19215071,-0.19604546,0.22509131,0.5601965,0.0,0.0,0
256080373,-0.15562822,-0.21231018,0.2390465,0.5601965,0.0,0.0,0
256100329,-0.11502154,-0.2067787,0.25364357,0.5601965,0.0,0.0,0
256120282,-0.08203636,-0.19685191,0.24931385,0.5601965,0.0,0.0,0
256140271,-0.043432906,-0.1901784,0.24232778,0.5601965,0.0,0.0,0
256160259,-0.010573648,-0.18799007,0.22055708,0.5601965,0.0,0.0,0
256180366,0.006537541,-0.19799212,0.21470013,0.5601965,0.0,0.0,0
256200149,0.034389473,-0.2273081,0.2769966,0.5601965,0.0,0.0,0
256220110,0.06380163,-0.23477954,0.26488793,0.5601965,0.0,0.0,0
256240040,0.06885976,-0.22245489,0.2511063,0.5601965,0.0,0.0,0
256259992,0.05970985,-0.18223116,0.2428045,0.5601965,0.0,0.0,0
256279950,0.06593926,-0.12917803,0.23608556,0.5601965,0.0,0.0,0
256299916,0.071332954,-0.07877089,0.31669936,0.5601965,0.0,0.0,0
256319897,0.0513188,-0.04173089,0.32633033,0.5601965,0.0,0.0,0
256339834,0.043885324,-0.03715968,0.33232892,0.5601965,0.0,0.0,0
256359802,0.039820496,-0.039023165,0.33065072,0.5601965,0.0,0.0,0
256379877,0.06638185,-0.047574848,0.3102991,0.5601965,0.0,0.0,0
256399714,0.13119936,-0.05167221,0.14659499,0.5601965,0.0,0.0,0
256419659,0.15055293,-0.04672169,0.14393885,0.5601965,0.0,0.0,0
256439622,0.16681783,-0.020859828,0.12884723,0.5601965,0.0,0.0,0
256464617,0.23911285,0.046805058,0.09084739,0.5601965,0.0,0.0,0
256479536,0.28146222,0.09539334,0.070297554,0.5601965,0.0,0.0,0
256499495,0.32630312,0.12962325,0.050503645,0.5601965,0.0,0.0,0
256519448,0.34512854,0.17020752,0.045157697,0.5601965,0.0,0.0,0
256539410,0.31875885,0.19110353,0.057425827,0.5601965,0.0,0.0,0
256559378,0.2748366,0.20082635,0.07826767,0.5601965,0.0,0.0,0
256579433,0.23983036,0.20696986,0.094768606,0.5601965,0.0,0.0,0
256604305,0.19278528,0.23069301,0.15678865,0.5601965,0.0,0.0,0
256619247,0.16665176,0.24734284,0.17325242,0.5601965,0.0,0.0,0
256639217,0.1298756,0.2695289,0.19274764,0.5601965,0.0,0.0,0
256664156,0.09091339,0.26261765,0.21531214,0.5601965,0.0,0.0,0
256679111,0.07155279,0.24042019,0.22911718,0.5601965,0.0,0.0,0
256699068,0.055717368,0.19951235,0.15696654,0.5601965,0.0,0.0,0
256719028,0.07360352,0.14076488,0.15614688,0.5601965,0.0,0.0,0
256743971,0.09868384,0.09321788,0.14822619,0.5601965,0.0,0.0,0
256758955,0.12544054,0.07039727,0.13708133,0.5601965,0.0,0.0,0
256778983,0.17291231,0.04579899,0.11622019,0.5601965,0.0,0.0,0
256803860,0.22846864,0.044095922,0.10345781,0.5601965,0.0,0.0,0
256818829,0.25550136,0.046057697,0.08604152,0.5601965,0.0,0.0,0
256838812,0.2816039,0.052770067,0.06913516,0.5601965,0.0,0.0,0
256858740,0.28499165,0.05399001,0.06749167,0.5601965,0.0,0.0,0
256883673,0.22654621,0.057968475,0.09976824,0.5601965,0.0,0.0,0
256898659,0.1920018,0.043726515,0.15647203,0.5601965,0.0,0.0,0
256918607,0.13741703,0.043797757,0.21507627,0.5601965,0.0,0.0,0
256943552,0.06736655,0.077961184,0.27039823,0.5601965,0.0,0.0,0
256958530,0.027352557,0.111991845,0.2937283,0.5601965,0.0,0.0,0
256978536,-0.011058757,0.17041163,0.310431,0.5601965,0.0,0.0,0
257003430,-0.060836535,0.22267982,0.2129873,0.5601965,0.0,0.0,0
257023396,-0.09175571,0.23733078,0.20289288,0.5601965,0.0,0.0,0
257038371,-0.107723825,0.23770784,0.19913018,0.5601965,0.0,0.0,0
257058309,-0.10945895,0.21485858,0.20380816,0.5601965,0.0,0.0,0
257083253,-0.08946188,0.18460096,0.2111262,0.5601965,0.0,0.0,0
257098226,-0.05139333,0.16445006,0.23225528,0.5601965,0.0,0.0,0
257118205,-0.025441313,0.13988544,0.23694485,0.5601965,0.0,0.0,0
257143126,0.035009455,0.11131367,0.21141942,0.5601965,0.0,0.0,0
257163139,0.095944695,0.104300775,0.18124256,0.5601965,0.0,0.0,0
257178150,0.12809566,0.09998238,0.16549794,0.5601965,0.0,0.0,0
257203003,0.14529142,0.081016146,0.1484532,0.5601965,0.0,0.0,0
257222959,0.14074405,0.0645299,0.1519655,0.5601965,0.0,0.0,0
257237944,0.10736676,0.050279897,0.16226934,0.5601965,0.0,0.0,0
257257916,0.04849491,0.03371195,0.19017209,0.5601965,0.0,0.0,0
257282840,-0.038816303,0.02599634,0.22651492,0.5601965,0.0,0.0,0
257302837,-0.083254926,0.037193555,0.22964413,0.5601965,0.0,0.0,0
257317774,-0.11044695,0.055526603,0.22638959,0.5601965,0.0,0.0,0
257342728,-0.15157832,0.09183301,0.21644257,0.5601965,0.0,0.0,0
257362716,-0.17514189,0.104645796,0.21316919,0.5601965,0.0,0.0,0
257377643,-0.22833282,0.093943775,0.1960768,0.5601965,0.0,0.0,0
257402585,-0.25388026,0.059914347,0.22169441,0.5601965,0.0,0.0,0
257422554,-0.29369402,0.011222514,0.20338766,0.5601965,0.0,0.0,0
257442573,-0.29044744,-0.027085062,0.20544305,0.5601965,0.0,0.0,0
257457466,-0.27656585,-0.060185034,0.20874536,0.5601965,0.0,0.0,0
257482419,-0.2515591,-0.106531814,0.21331836,0.5601965,0.0,0.0,0
257502379,-0.22311957,-0.12198673,0.23590723,0.5601965,0.0,0.0,0
257517359,-0.18826854,-0.12847926,0.23465247,0.5601965,0.0,0.0,0
257542320,-0.17897864,-0.103900015,0.1925335,0.5601965,0.0,0.0,0
257562460,-0.13419268,-0.10227696,0.18980467,0.5601965,0.0,0.0,0
257582222,-0.12930538,-0.097518906,0.18902895,0.5601965,0.0,0.0,0
257597170,-0.1328662,-0.09561647,0.35876578,0.5601965,0.0,0.0,0
257622121,-0.16990006,-0.060663708,0.36418387,0.5601965,0.0,0.0,0
257642082,-0.16931094,-0.033243857,0.3617158,0.5601965,0.0,0.0,0
257657071,-0.16695926,-0.0022628766,0.35249388,0.5601965,0.0,0.0,0
257681997,-0.14168079,0.07154369,0.3449301,0.5601965,0.0,0.0,0
257701976,-0.086427934,0.10143668,0.16776262,0.5601965,0.0,0.0,0
257721920,-0.065309435,0.13067962,0.16523115,0.5601965,0.0,0.0,0
257741882,-0.043548726,0.13800555,0.16539459,0.5601965,0.0,0.0,0
257761966,-0.030913906,0.12105938,0.16180922,0.5601965,0.0,0.0,0
257781786,-0.009494599,0.10153603,0.15625459,0.5601965,0.0,0.0,0
257796758,0.007530481,0.09010023,0.11113021,0.5601965,0.0,0.0,0
257821705,0.057863757,0.056721613,0.09182803,0.5601965,0.0,0.0,0
257841715,0.11016943,0.03986736,0.068379134,0.5601965,0.0,0.0,0
257861611,0.16041388,0.039798424,0.042990774,0.5601965,0.0,0.0,0
257881568,0.20602433,0.036178697,0.022186685,0.5601965,0.0,0.0,0
257901534,0.23875707,0.029911838,0.007178621,0.5601965,0.0,0.0,0
257921487,0.24347901,0.017199375,0.005438483,0.5601965,0.0,0.0,0
257941467,0.19887644,-0.0052821143,0.026195168,0.5601965,0.0,0.0,0
257961513,0.12842633,-0.030790018,0.059416816,0.5601965,0.0,0.0,0
257981397,0.0472929,-0.05088628,0.095975436,0.5601965,0.0,0.0,0
258001329,-0.045634184,-0.04375063,0.17301819,0.5601965,0.0,0.0,0
258021274,-0.1262835,-0.027857708,0.15595958,0.5601965,0.0,0.0,0
258041233,-0.16222253,-0.012010574,0.15458597,0.5601965,0.0,0.0,0
258061198,-0.18779719,-0.004177593,0.15389484,0.5601965,0.0,0.0,0
258081153,-0.20187826,-0.017342484,0.15580279,0.5601965,0.0,0.0,0
258101116,-0.1962665,-0.05257339,0.14629005,0.5601965,0.0,0.0,0
258121111,-0.16681181,-0.09745703,0.15055752,0.5601965,0.0,0.0,0
258141042,-0.121538915,-0.13649212,0.1522733,0.5601965,0.0,0.0,0
258161133,-0.074507,-0.15706629,0.15092097,0.5601965,0.0,0.0,0
258180951,0.006962032,-0.1826816,0.123810686,0.5601965,0.0,0.0,0
258200904,0.0872823,-0.18905838,0.07218786,0.5601965,0.0,0.0,0
258220860,0.17384619,-0.17343268,0.023076639,0.5601965,0.0,0.0,0
258240857,0.23802297,-0.14888313,-0.01314336,0.5601965,0.0,0.0,0
258260782,0.2672222,-0.12848078,-0.028861558,0.5601965,0.0,0.0,0
258280741,0.24964836,-0.111476965,-0.0179386,0.5601965,0.0,0.0,0
258300727,0.18356402,-0.10101624,0.02013319,0.5601965,0.0,0.0,0
258320659,0.087074086,-0.09106097,0.0716154,0.5601965,0.0,0.0,0
258340621,-0.017534848,-0.07354727,0.12373493,0.5601965,0.0,0.0,0
258360646,-0.09141699,-0.04543795,0.12809569,0.5601965,0.0,0.0,0
258380547,-0.15506613,-0.010240851,0.12253229,0.5601965,0.0,0.0,0
258400487,-0.19903494,0.021026487,0.12101375,0.5601965,0.0,0.0,0
258420439,-0.23378223,0.029636618,0.119659014,0.5601965,0.0,0.0,0
258440437,-0.2501931,0.008966942,0.1256479,0.5601965,0.0,0.0,0
258460352,-0.24074382,-0.03661509,0.13847847,0.5601965,0.0,0.0,0
258480318,-0.22065432,-0.085297115,0.14556764,0.5601965,0.0,0.0,0
258500284,-0.17874894,-0.13254426,0.12819304,0.5601965,0.0,0.0,0
258520266,-0.1340805,-0.18399222,0.13141532,0.5601965,0.0,0.0,0
258540279,-0.10800808,-0.22668238,0.13378201,0.5601965,0.0,0.0,0
258560208,-0.06335864,-0.25043252,0.12898405,0.5601965,0.0,0.0,0
258580175,-0.0003098323,-0.26106185,0.11413349,0.5601965,0.0,0.0,0
258600085,0.033889912,-0.27333394,0.12218024,0.5601965,0.0,0.0,0
258620036,0.03128363,-0.28805763,0.11720558,0.5601965,0.0,0.0,0
258639981,0.017387975,-0.30259392,0.12641965,0.5601965,0.0,0.0,0
258659935,-0.020813676,-0.31738132,0.15005766,0.5601965,0.0,0.0,0
258679899,-0.06998845,-0.32539856,0.1648663,0.5601965,0.0,0.0,0
258699851,-0.102964036,-0.31228107,0.16828468,0.5601965,0.0,0.0,0
258719851,-0.13375218,-0.27592808,0.16892788,0.5601965,0.0,0.0,0
258739816,-0.15999505,-0.22209619,0.16305195,0.5601965,0.0,0.0,0
258759733,-0.17286251,-0.16804989,0.15805347,0.5601965,0.0,0.0,0
258779689,-0.1840763,-0.13329867,0.1546067,0.5601965,0.0,0.0,0
258799646,-0.1896568,-0.125762,0.21690355,0.5601965,0.0,0.0,0
258819607,-0.20710306,-0.12818088,0.21846393,0.5601965,0.0,0.0,0
258844596,-0.19149603,-0.14532015,0.21475254,0.5601965,0.0,0.0,0
258859514,-0.15706773,-0.15690851,0.21351536,0.5601965,0.0,0.0,0
258879487,-0.12571593,-0.16430211,0.20741126,0.5601965,0.0,0.0,0
258899439,-0.084973,-0.15508392,0.16041908,0.5601965,0.0,0.0,0
258919389,-0.025107156,-0.13247462,0.15036532,0.5601965,0.0,0.0,0
258939394,0.03815594,-0.09693145,0.106555685,0.5601965,0.0,0.0,0
258959319,0.10124726,-0.06272815,0.06702185,0.5601965,0.0,0.0,0
258984297,0.1436258,-0.03018912,0.039335772,0.5601965,0.0,0.0,0
258999247,0.1135657,-0.013995164,0.04417215,0.5601965,0.0,0.0,0
259019208,0.0750135,0.0022322792,0.060935434,0.5601965,0.0,0.0,0
259039167,0.053593248,0.008410991,0.0683723,0.5601965,0.0,0.0,0
259059096,0.02959809,0.017322058,0.079516456,0.5601965,0.0,0.0,0
259079062,0.0024152868,0.03051317,0.089759,0.5601965,0.0,0.0,0
259099023,-0.015984833,0.045918077,0.098594315,0.5601965,0.0,0.0,0
259124009,-0.033834737,0.032630272,0.099306814,0.5601965,0.0,0.0,0
259138970,-0.04542871,0.0051831105,0.10130305,0.5601965,0.0,0.0,0
259158911,-0.056797635,-0.049317803,0.10561718,0.5601965,0.0,0.0,0
259183838,-0.059584145,-0.1321881,0.114635445,0.5601965,0.0,0.0,0
259198820,-0.007709006,-0.15681645,0.13168465,0.5601965,0.0,0.0,0
259218776,-0.007528807,-0.2190235,0.13515633,0.5601965,0.0,0.0,0
259238750,0.084723294,-0.24254295,0.11649902,0.5601965,0.0,0.0,0
259263680,0.16358954,-0.2713753,0.084795296,0.5601965,0.0,0.0,0
259278662,0.2264125,-0.24868108,0.0668365,0.5601965,0.0,0.0,0
259298599,0.30965552,-0.21325046,0.052787565,0.5601965,0.0,0.0,0
259323552,0.35310772,-0.21261819,0.059783872,0.5601965,0.0,0.0,0
259338696,0.36663425,-0.22805043,0.07265319,0.5601965,0.0,0.0,0
259358462,0.30968672,-0.2346053,0.10006628,0.5601965,0.0,0.0,0
259383421,0.2190038,-0.25629598,0.15030076,0.5601965,0.0,0.0,0
259403378,0.13414831,-0.2270304,0.20154023,0.5601965,0.0,0.0,0
259418379,0.07562367,-0.19238283,0.22920609,0.5601965,0.0,0.0,0
259438311,0.013731781,-0.119106695,0.24848793,0.5601965,0.0,0.0,0
259463248,-0.014802887,-0.030458182,0.25327402,0.5601965,0.0,0.0,0
259478232,-0.033677503,0.015925398,0.25698298,0.5601965,0.0,0.0,0
259498167,-0.06171188,0.05272587,0.39676616,0.5601965,0.0,0.0,0
259523134,-0.11230067,0.08889971,0.39420834,0.5601965,0.0,0.0,0
259543189,-0.10102542,0.08932137,0.3932109,0.5601965,0.0,0.0,0
259558085,-0.07377654,0.08131681,0.37629175,0.5601965,0.0,0.0,0
259582996,-0.05394175,0.05606526,0.37197852,0.5601965,0.0,0.0,0
259602957,-0.0015478444,0.026871646,0.23844673,0.5601965,0.0,0.0,0
259617919,0.022223778,0.0345527,0.22672799,0.5601965,0.0,0.0,0
259637878,0.056373645,0.05479111,0.20767002,0.5601965,0.0,0.0,0
259662828,0.10947352,0.084378414,0.19018352,0.5601965,0.0,0.0,0
259682812,0.13232027,0.098592736,0.17931631,0.5601965,0.0,0.0,0
259697787,0.1428326,0.11096148,0.46215358,0.5601965,0.0,0.0,0
259722712,0.06810233,0.17051592,0.4940663,0.5601965,0.0,0.0,0
259742713,0.06681186,0.17550822,0.5074784,0.5601965,0.0,0.0,0
259757627,0.065444164,0.18253015,0.5084553,0.5601965,0.0,0.0,0
259782589,0.08410519,0.19934514,0.49789703,0.5601965,0.0,0.0,0
259802532,0.15371467,0.19292279,0.32362032,0.5601965,0.0,0.0,0
259822545,0.17633003,0.20164801,0.31179336,0.5601965,0.0,0.0,0
259837451,0.1827465,0.19855213,0.30750605,0.5601965,0.0,0.0,0
259862410,0.17133318,0.1726887,0.3157433,0.5601965,0.0,0.0,0
259882398,0.15785849,0.14481656,0.3251366,0.5601965,0.0,0.0,0
259897332,0.15090685,0.1263896,0.3957531,0.5601965,0.0,0.0,0
259922323,0.117955215,0.11409423,0.38872886,0.5601965,0.0,0.0,0
259942258,0.14170885,0.10247362,0.37011242,0.5601965,0.0,0.0,0
259962231,0.18794413,0.10328657,0.3454846,0.5601965,0.0,0.0,0
259977157,0.22821936,0.11599692,0.31817323,0.5601965,0.0,0.0,0
260002117,0.30435613,0.14147675,0.1738413,0.5601965,0.0,0.0,0
260022067,0.3346212,0.17197983,0.15659122,0.5601965,0.0,0.0,0
260037035,0.33802843,0.19569239,0.1545879,0.5601965,0.0,0.0,0
260061982,0.2672239,0.23839104,0.18206787,0.5601965,0.0,0.0,0
260081947,0.19875608,0.27923796,0.21164426,0.5601965,0.0,0.0,0
260101931,0.13718677,0.33775067,0.22415555,0.5601965,0.0,0.0,0
260121905,0.054445155,0.41763812,0.23754561,0.5601965,0.0,0.0,0
260141820,0.012982131,0.4552263,0.25240934,0.5601965,0.0,0.0,0
260161778,-0.02111305,0.4863076,0.26426542,0.5601965,0.0,0.0,0
260176738,-0.03835781,0.49520734,0.27312833,0.5601965,0.0,0.0,0
260201698,-0.06725268,0.46980214,0.25715786,0.5601965,0.0,0.0,0
260221671,-0.07716262,0.42538756,0.26287612,0.5601965,0.0,0.0,0
260241616,-0.076320395,0.3624202,0.2709496,0.5601965,0.0,0.0,0
260261582,-0.07348955,0.29619592,0.27559298,0.5601965,0.0,0.0,0
260281533,-0.04821734,0.22709213,0.26907793,0.5601965,0.0,0.0,0
260301486,-0.035024915,0.18141416,0.34266955,0.5601965,0.0,0.0,0
260321485,0.013457621,0.14040521,0.314832,0.5601965,0.0,0.0,0
260341398,0.07196161,0.12683591,0.2826082,0.5601965,0.0,0.0,0
260361393,0.12954195,0.13070218,0.2594031,0.5601965,0.0,0.0,0
260381317,0.16392876,0.13714382,0.24762316,0.5601965,0.0,0.0,0
260401272,0.16085815,0.14866494,0.15943389,0.5601965,0.0,0.0,0
260421224,0.094263405,0.18148197,0.18273488,0.5601965,0.0,0.0,0
260441197,0.017895414,0.21959923,0.20605901,0.5601965,0.0,0.0,0
260461143,-0.046758167,0.26119372,0.2213187,0.5601965,0.0,0.0,0
260481099,-0.09923396,0.31585658,0.21611388,0.5601965,0.0,0.0,0
260501068,-0.13364601,0.3766474,0.39288872,0.5601965,0.0,0.0,0
260521094,-0.1928001,0.4898705,0.3801364,0.5601965,0.0,0.0,0
260540999,-0.21183547,0.5270958,0.3677545,0.5601965,0.0,0.0,0
260560937,-0.22509144,0.5222074,0.36675778,0.5601965,0.0,0.0,0
260580890,-0.23228489,0.49576554,0.37218016,0.5601965,0.0,0.0,0
260600852,-0.23914821,0.451119,0.25762033,0.5601965,0.0,0.0,0
260620805,-0.19074313,0.36719283,0.27180585,0.5601965,0.0,0.0,0
260640773,-0.16987295,0.32844335,0.28278658,0.5601965,0.0,0.0,0
260660773,-0.15533903,0.3028425,0.28968817,0.5601965,0.0,0.0,0
260680688,-0.12978399,0.30032513,0.2896435,0.5601965,0.0,0.0,0
260700655,-0.09527812,0.30353355,0.3293859,0.5601965,0.0,0.0,0
260720757,-0.078987285,0.31172174,0.31521016,0.5601965,0.0,0.0,0
260740555,-0.0488101,0.29959536,0.30408004,0.5601965,0.0,0.0,0
260760543,-0.0527513,0.2860114,0.30735502,0.5601965,0.0,0.0,0
260780471,-0.08805148,0.28839195,0.31993467,0.5601965,0.0,0.0,0
260800498,-0.11197682,0.28644317,0.29859877,0.5601965,0.0,0.0,0
260820389,-0.11802578,0.29685602,0.28588596,0.5601965,0.0,0.0,0
260840347,-0.12168301,0.33771217,0.27485177,0.5601965,0.0,0.0,0
260860306,-0.12794809,0.38569576,0.25696212,0.5601965,0.0,0.0,0
260880281,-0.12386097,0.42343011,0.25009286,0.5601965,0.0,0.0,0
260900268,-0.12467189,0.43995857,0.6183067,0.5601965,0.0,0.0,0
260920365,-0.2204238,0.52615184,0.6234192,0.5601965,0.0,0.0,0
260940190,-0.22928621,0.4864436,0.62271976,0.5601965,0.0,0.0,0
260960137,-0.22525841,0.4423447,0.62952495,0.5601965,0.0,0.0,0
260980073,-0.19644532,0.38723648,0.6227787,0.5601965,0.0,0.0,0
261000009,-0.1915357,0.34072047,0.30276522,0.5601965,0.0,0.0,0
261019968,-0.07137631,0.23531304,0.29476628,0.5601965,0.0,0.0,0
261039928,0.0002093197,0.20877114,0.2707705,0.5601965,0.0,0.0,0
261059939,0.06765349,0.18611205,0.25443164,0.5601965,0.0,0.0,0
261079848,0.10646309,0.17174597,0.23806997,0.5601965,0.0,0.0,0
261099815,0.10298257,0.18054545,0.31656897,0.5601965,0.0,0.0,0
261119864,0.04695122,0.20612112,0.33357885,0.5601965,0.0,0.0,0
261139724,-0.003285348,0.21830752,0.3649384,0.5601965,0.0,0.0,0
261159683,-0.036586262,0.24663822,0.38712147,0.5601965,0.0,0.0,0
261179637,-0.05514683,0.29187304,0.39794227,0.5601965,0.0,0.0,0
261199651,-0.061789468,0.3550617,0.28130594,0.5601965,0.0,0.0,0
261224544,-0.028612616,0.4071072,0.2723298,0.5601965,0.0,0.0,0
261239513,-0.038697198,0.44159275,0.27115577,0.5601965,0.0,0.0,0
261259471,-0.057682946,0.4688269,0.27441555,0.5601965,0.0,0.0,0
261279428,-0.07070932,0.46752474,0.2802144,0.5601965,0.0,0.0,0
261299395,-0.08053819,0.44569713,0.6499962,0.5601965,0.0,0.0,0
261319421,-0.16110218,0.51079834,0.662448,0.5601965,0.0,0.0,0
261339343,-0.15662897,0.4751963,0.6537661,0.5601965,0.0,0.0,0
261364239,-0.11907415,0.41989544,0.6174196,0.5601965,0.0,0.0,0
261379231,-0.09375104,0.39619678,0.59032685,0.5601965,0.0,0.0,0
261399190,-0.05040228,0.36821783,0.2292257,0.5601965,0.0,0.0,0
261424113,0.10462813,0.27785486,0.20036541,0.5601965,0.0,0.0,0
261439089,0.16117346,0.2639956,0.17776854,0.5601965,0.0,0.0,0
261459071,0.14141738,0.2654332,0.18895799,0.5601965,0.0,0.0,0
261479000,0.11001568,0.26819524,0.2023842,0.5601965,0.0,0.0,0
261503984,0.064107016,0.27486792,0.21014932,0.5601965,0.0,0.0,0
261518969,0.025287354,0.2989327,0.22380124,0.5601965,0.0,0.0,0
261538877,-0.019464135,0.3447831,0.23502176,0.5601965,0.0,0.0,0
261563822,-0.057180654,0.4202097,0.23894718,0.5601965,0.0,0.0,0
261578806,-0.07447955,0.4599557,0.23361048,0.5601965,0.0,0.0,0
261598805,-0.09864291,0.4954161,0.4832794,0.5601965,0.0,0.0,0
261618720,-0.16312979,0.56563425,0.47916955,0.5601965,0.0,0.0,0
261643654,-0.17634407,0.52672887,0.48039228,0.5601965,0.0,0.0,0
261658631,-0.17450172,0.49403676,0.4872084,0.5601965,0.0,0.0,0
261678579,-0.1478766,0.44383147,0.5002553,0.5601965,0.0,0.0,0
261703564,-0.039070934,0.32613042,0.23567376,0.5601965,0.0,0.0,0
261718538,-0.021344386,0.30493683,0.23093873,0.5601965,0.0,0.0,0
261738474,0.012256445,0.2917747,0.21873762,0.5601965,0.0,0.0,0
261763439,0.06461237,0.29580945,0.19759555,0.5601965,0.0,0.0,0
261783366,0.08734258,0.30628395,0.1877848,0.5601965,0.0,0.0,0
261798336,0.103328966,0.32430118,0.20988733,0.5601965,0.0,0.0,0
261818287,0.06271137,0.3521936,0.22497392,0.5601965,0.0,0.0,0
261843233,-0.02540376,0.3802769,0.26083225,0.5601965,0.0,0.0,0
261858214,-0.08643362,0.40121174,0.2786314,0.5601965,0.0,0.0,0
261878178,-0.12802897,0.43786156,0.2651944,0.5601965,0.0,0.0,0
261903198,-0.176521,0.520365,0.33860654,0.5601965,0.0,0.0,0
261923076,-0.18706338,0.5694728,0.32450396,0.5601965,0.0,0.0,0
261938038,-0.19775423,0.59290624,0.31635347,0.5601965,0.0,0.0,0
261962983,-0.24304433,0.6018664,0.2928242,0.5601965,0.0,0.0,0
261982940,-0.26464942,0.56925607,0.28773442,0.5601965,0.0,0.0,0
261997910,-0.25587314,0.5353313,0.28329065,0.5601965,0.0,0.0,0
262017869,-0.23445828,0.4901584,0.29693478,0.5601965,0.0,0.0,0
262042848,-0.18158492,0.45219055,0.32037568,0.5601965,0.0,0.0,0
262062766,-0.20311989,0.4377952,0.32023472,0.5601965,0.0,0.0,0
262077755,-0.2055673,0.43355772,0.31753397,0.5601965,0.0,0.0,0
262102841,-0.16437455,0.40941146,0.23755409,0.5601965,0.0,0.0,0
262122651,-0.12460057,0.41820282,0.24126229,0.5601965,0.0,0.0,0
262137614,-0.08410235,0.42676082,0.24518953,0.5601965,0.0,0.0,0
262162590,-0.07030392,0.42698067,0.24489857,0.5601965,0.0,0.0,0
262182540,-0.096217155,0.42524427,0.24336153,0.5601965,0.0,0.0,0
262202477,-0.13474546,0.4264999,0.2802467,0.5601965,0.0,0.0,0
262217443,-0.14017105,0.42515197,0.27941543,0.5601965,0.0,0.0,0
262242397,-0.15231866,0.44218048,0.2685008,0.5601965,0.0,0.0,0
262262361,-0.15629981,0.49323794,0.25958207,0.5601965,0.0,0.0,0
262277322,-0.15710717,0.53748184,0.24654308,0.5601965,0.0,0.0,0
262302447,-0.21583782,0.6495205,0.51778334,0.5601965,0.0,0.0,0
262322222,-0.23158336,0.6574409,0.50101167,0.5601965,0.0,0.0,0
262342181,-0.23055343,0.6373613,0.51076686,0.5601965,0.0,0.0,0
262357146,-0.22312361,0.6181365,0.52572435,0.5601965,0.0,0.0,0
262382096,-0.18973057,0.60362613,0.562794,0.5601965,0.0,0.0,0
262402056,-0.08193023,0.52728575,0.33090276,0.5601965,0.0,0.0,0
262417022,-0.0916108,0.5193653,0.33660612,0.5601965,0.0,0.0,0
262442027,-0.061373208,0.51812893,0.31744763,0.5601965,0.0,0.0,0
262461924,-0.025216551,0.5289173,0.28852028,0.5601965,0.0,0.0,0
262481901,-0.014787239,0.5380609,0.2691795,0.5601965,0.0,0.0,0
262501943,0.04377101,0.52732784,0.15661061,0.5601965,0.0,0.0,0
262521806,0.0332775,0.5410575,0.16090174,0.5601965,0.0,0.0,0
262541762,-0.019003628,0.5496177,0.17640427,0.5601965,0.0,0.0,0
262556741,-0.07286784,0.54931664,0.18482861,0.5601965,0.0,0.0,0
262581726,-0.14236195,0.541345,0.165413,0.5601965,0.0,0.0,0
262601637,-0.21254456,0.57140464,0.23487647,0.5601965,0.0,0.0,0
262621587,-0.23892905,0.60228676,0.22073957,0.5601965,0.0,0.0,0
262641559,-0.25264338,0.621255,0.21320203,0.5601965,0.0,0.0,0
262661505,-0.25687814,0.62333304,0.22103436,0.5601965,0.0,0.0,0
262681479,-0.25971365,0.56065005,0.24357697,0.5601965,0.0,0.0,0
262701501,-0.2583349,0.5155029,0.26245096,0.5601965,0.0,0.0,0
262721414,-0.2609457,0.45704398,0.26921874,0.5601965,0.0,0.0,0
262741344,-0.24149768,0.41676623,0.27743137,0.5601965,0.0,0.0,0
262761307,-0.20611966,0.3812521,0.29276028,0.5601965,0.0,0.0,0
262781250,-0.19568372,0.35763302,0.2985108,0.5601965,0.0,0.0,0
262801217,-0.16383584,0.3436814,0.24756056,0.5601965,0.0,0.0,0
262821170,-0.10440469,0.33942178,0.2513816,0.5601965,0.0,0.0,0
262841144,-0.07311368,0.3444655,0.24739084,0.5601965,0.0,0.0,0
262861090,-0.041894652,0.35083616,0.23976696,0.5601965,0.0,0.0,0
262881093,-0.07279737,0.36122546,0.25341946,0.5601965,0.0,0.0,0
262901049,-0.1179067,0.3685505,0.42019573,0.5601965,0.0,0.0,0
262920966,-0.19795606,0.41585493,0.42206296,0.5601965,0.0,0.0,0
262940922,-0.23507719,0.43469554,0.40000415,0.5601965,0.0,0.0,0
262960879,-0.25132504,0.4584956,0.38915002,0.5601965,0.0,0.0,0
262980843,-0.25270912,0.48993513,0.38305736,0.5601965,0.0,0.0,0
263000803,-0.2494591,0.5191615,0.3747186,0.5601965,0.0,0.0,0
263020750,-0.25184616,0.53123367,0.37082085,0.5601965,0.0,0.0,0
263040720,-0.24726151,0.5232266,0.37329593,0.5601965,0.0,0.0,0
263060667,-0.23615809,0.5009705,0.37998444,0.5601965,0.0,0.0,0
263080675,-0.20867105,0.47807318,0.39312354,0.5601965,0.0,0.0,0
263100605,-0.15259746,0.45295453,0.26414979,0.5601965,0.0,0.0,0
263120545,-0.09471539,0.40847287,0.27035686,0.5601965,0.0,0.0,0
263140538,-0.052856557,0.4214939,0.26739165,0.5601965,0.0,0.0,0
263160465,-0.007115566,0.43702912,0.2439649,0.5601965,0.0,0.0,0
263180411,0.014948721,0.46246773,0.22424385,0.5601965,0.0,0.0,0
263200374,0.0527879,0.47364432,0.19457848,0.5601965,0.0,0.0,0
263220337,0.06189049,0.4757119,0.19198921,0.5601965,0.0,0.0,0
263240300,0.009698827,0.48418587,0.21469803,0.5601965,0.0,0.0,0
263260265,-0.04926023,0.4862161,0.24549277,0.5601965,0.0,0.0,0
263280312,-0.10588258,0.48208702,0.24359952,0.5601965,0.0,0.0,0
263300195,-0.13528079,0.4903439,0.3111736,0.5601965,0.0,0.0,0
263320135,-0.18003105,0.5313971,0.3008531,0.5601965,0.0,0.0,0
263340125,-0.19910364,0.5568818,0.29153538,0.5601965,0.0,0.0,0
263360088,-0.20994316,0.56635094,0.28719684,0.5601965,0.0,0.0,0
263379993,-0.22322825,0.5603113,0.28575528,0.5601965,0.0,0.0,0
263399954,-0.24292217,0.52753234,0.26425415,0.5601965,0.0,0.0,0
263419957,-0.24023017,0.4766016,0.2715775,0.5601965,0.0,0.0,0
263439874,-0.22257778,0.43723214,0.286116,0.5601965,0.0,0.0,0
263459827,-0.17457537,0.4076513,0.30219674,0.5601965,0.0,0.0,0
263479832,-0.1604072,0.3913574,0.30701274,0.5601965,0.0,0.0,0
263499754,-0.14091673,0.3898462,0.25035724,0.5601965,0.0,0.0,0
263519707,-0.070122786,0.39178154,0.25955567,0.5601965,0.0,0.0,0
263539665,-0.016601736,0.41063488,0.2370601,0.5601965,0.0,0.0,0
263559626,0.039637472,0.42660105,0.21426068,0.5601965,0.0,0.0,0
263579581,0.02543999,0.43983677,0.22036882,0.5601965,0.0,0.0,0
263604530,-0.01857992,0.44521827,0.24874875,0.5601965,0.0,0.0,0
263619504,-0.051297758,0.45027646,0.2631533,0.5601965,0.0,0.0,0
263639463,-0.06417853,0.45743388,0.2805221,0.5601965,0.0,0.0,0
263659405,-0.09223137,0.48482057,0.27951378,0.5601965,0.0,0.0,0
263679434,-0.101320796,0.52222395,0.27289867,0.5601965,0.0,0.0,0
263699329,-0.1062147,0.5551028,0.2457055,0.5601965,0.0,0.0,0
263719301,-0.093442746,0.5639627,0.25550565,0.5601965,0.0,0.0,0
263744227,-0.07993592,0.5490095,0.28352338,0.5601965,0.0,0.0,0
263759225,-0.08790238,0.52045757,0.28862482,0.5601965,0.0,0.0,0
263779177,-0.068263225,0.47491297,0.30877423,0.5601965,0.0,0.0,0
263804103,-0.077538066,0.44829088,0.41362366,0.5601965,0.0,0.0,0
263819131,-0.039648704,0.42380288,0.408517,0.5601965,0.0,0.0,0
263839047,0.0013667545,0.38946542,0.3956006,0.5601965,0.0,0.0,0
263859006,0.043257,0.36347467,0.3823572,0.5601965,0.0,0.0,0
263884026,0.07706685,0.34275824,0.36443332,0.5601965,0.0,0.0,0
263898910,0.092549026,0.33349642,0.38992724,0.5601965,0.0,0.0,0
263918872,0.10467848,0.32581526,0.37480733,0.5601965,0.0,0.0,0
263943817,0.045183185,0.33980867,0.40849915,0.5601965,0.0,0.0,0
263958802,-0.0029663744,0.35747644,0.43395934,0.5601965,0.0,0.0,0
263978784,-0.051741235,0.37537602,0.46029043,0.5601965,0.0,0.0,0
263998728,-0.10047003,0.4131086,0.2843429,0.5601965,0.0,0.0,0
264023642,-0.07100223,0.42246377,0.2811111,0.5601965,0.0,0.0,0
264038610,-0.0753003,0.46734694,0.2762807,0.5601965,0.0,0.0,0
264058576,-0.07488258,0.5229157,0.26950252,0.5601965,0.0,0.0,0
264083608,-0.0593547,0.5724014,0.2652706,0.5601965,0.0,0.0,0
264098483,-0.06531624,0.57521653,0.52025414,0.5601965,0.0,0.0,0
264118470,-0.11239388,0.63794833,0.52348095,0.5601965,0.0,0.0,0
264143386,-0.1106935,0.61019725,0.5260393,0.5601965,0.0,0.0,0
264163351,-0.073968306,0.59939647,0.5115005,0.5601965,0.0,0.0,0
264178313,-0.0173019,0.57339376,0.4930432,0.5601965,0.0,0.0,0
264198278,0.043817267,0.5466659,0.3323295,0.5601965,0.0,0.0,0
264223223,0.12678498,0.5057562,0.3119813,0.5601965,0.0,0.0,0
264238215,0.12451596,0.5043328,0.30250466,0.5601965,0.0,0.0,0
264258174,0.14303236,0.50461817,0.28942737,0.5601965,0.0,0.0,0
264283136,0.14148869,0.51347476,0.29666534,0.5601965,0.0,0.0,0
264303054,0.04890981,0.5743797,0.50033945,0.5601965,0.0,0.0,0
264318015,-0.013390063,0.5927196,0.53974175,0.5601965,0.0,0.0,0
264342992,-0.0924388,0.63582927,0.59444225,0.5601965,0.0,0.0,0
264362932,-0.14872153,0.6866261,0.62949914,0.5601965,0.0,0.0,0
264377910,-0.16954347,0.7319802,0.6421492,0.5601965,0.0,0.0,0
264397870,-0.18011796,0.8004449,0.19882911,0.5601965,0.0,0.0,0
264422798,-0.10700131,0.7184194,0.17386937,0.5601965,0.0,0.0,0
264442767,-0.12181997,0.7427547,0.15675546,0.5601965,0.0,0.0,0
264457737,-0.12243084,0.73486716,0.15932962,0.5601965,0.0,0.0,0
264482698,-0.14701675,0.7267117,0.15108666,0.5601965,0.0,0.0,0
264502645,-0.17525111,0.75992984,0.2942932,0.5601965,0.0,0.0,0
264517647,-0.17215982,0.744191,0.30023924,0.5601965,0.0,0.0,0
264542565,-0.15852563,0.72924256,0.30834317,0.5601965,0.0,0.0,0
264562504,-0.1349557,0.7296567,0.31126896,0.5601965,0.0,0.0,0
264582476,-0.0966905,0.7278787,0.31394017,0.5601965,0.0,0.0,0
264597437,-0.04759613,0.726613,0.21583799,0.5601965,0.0,0.0,0
264622387,0.034566402,0.6921078,0.20043802,0.5601965,0.0,0.0,0
264642342,0.01693915,0.6967956,0.20553783,0.5601965,0.0,0.0,0
264657341,-0.0055459477,0.69347066,0.21240082,0.5601965,0.0,0.0,0
264682252,-0.044420343,0.6891325,0.22398804,0.5601965,0.0,0.0,0
264702206,-0.091892265,0.7284536,0.32139996,0.5601965,0.0,0.0,0
264722172,-0.11437879,0.7610221,0.3243602,0.5601965,0.0,0.0,0
264737138,-0.12025327,0.78458214,0.31616893,0.5601965,0.0,0.0,0
264762080,-0.123779766,0.83428884,0.29912522,0.5601965,0.0,0.0,0
264782079,-0.13529548,0.8494702,0.29073018,0.5601965,0.0,0.0,0
264797012,-0.1457685,0.8425345,0.23276784,0.5601965,0.0,0.0,0
264821953,-0.15224232,0.788079,0.23747292,0.5601965,0.0,0.0,0
264841924,-0.16292568,0.755986,0.24707532,0.5601965,0.0,0.0,0
264861917,-0.16558409,0.7188514,0.2582016,0.5601965,0.0,0.0,0
264881829,-0.16482837,0.679419,0.26821592,0.5601965,0.0,0.0,0
264901793,-0.2232589,0.716998,0.47484982,0.5601965,0.0,0.0,0
264921789,-0.20888826,0.6934838,0.4782935,0.5601965,0.0,0.0,0
264936758,-0.1793544,0.6805696,0.4868978,0.5601965,0.0,0.0,0
264961670,-0.1463279,0.66399264,0.47256324,0.5601965,0.0,0.0,0
264981623,-0.12211165,0.6438226,0.4594267,0.5601965,0.0,0.0,0
265001625,-0.08379252,0.5839704,0.311599,0.5601965,0.0,0.0,0
265021538,-0.1137288,0.5780696,0.32415822,0.5601965,0.0,0.0,0
265041500,-0.15875223,0.5751267,0.32276657,0.5601965,0.0,0.0,0
265061508,-0.18139227,0.5978582,0.31242687,0.5601965,0.0,0.0,0
265081420,-0.20006448,0.6413843,0.29662618,0.5601965,0.0,0.0,0
265101364,-0.20714276,0.7027307,0.29626286,0.5601965,0.0,0.0,0
265121333,-0.2020325,0.7561228,0.28120613,0.5601965,0.0,0.0,0
265141284,-0.20550762,0.79511446,0.2676916,0.5601965,0.0,0.0,0
265161247,-0.20263703,0.81084436,0.26330957,0.5601965,0.0,0.0,0
265181202,-0.19630575,0.80377084,0.26758742,0.5601965,0.0,0.0,0
265201172,-0.20700711,0.795288,0.23558633,0.5601965,0.0,0.0,0
265221145,-0.19170037,0.77395445,0.24090746,0.5601965,0.0,0.0,0
265241096,-0.1751857,0.7581468,0.24582937,0.5601965,0.0,0.0,0
265261188,-0.13945027,0.7445059,0.25965557,0.5601965,0.0,0.0,0
265280994,-0.11189337,0.7436042,0.2626646,0.5601965,0.0,0.0,0
265300947,-0.08854933,0.7403099,0.25218466,0.5601965,0.0,0.0,0
265320912,-0.073737,0.72213876,0.25081083,0.5601965,0.0,0.0,0
265340870,-0.08086961,0.7068427,0.25415924,0.5601965,0.0,0.0,0
265360841,-0.106885605,0.69629264,0.25957856,0.5601965,0.0,0.0,0
265380801,-0.15916157,0.6702393,0.25411978,0.5601965,0.0,0.0,0
265400752,-0.20477019,0.65105945,0.21363105,0.5601965,0.0,0.0,0
265420704,-0.23174499,0.63998574,0.20520806,0.5601965,0.0,0.0,0
265440678,-0.24985029,0.66148597,0.19605848,0.5601965,0.0,0.0,0
265460739,-0.25397012,0.6991226,0.18629253,0.5601965,0.0,0.0,0
265480594,-0.26309976,0.7262932,0.17443953,0.5601965,0.0,0.0,0
265500545,-0.25764474,0.7395215,0.5802466,0.5601965,0.0,0.0,0
265520480,-0.33502913,0.90119123,0.61671937,0.5601965,0.0,0.0,0
265540444,-0.31945917,0.8952873,0.6743813,0.5601965,0.0,0.0,0
265560408,-0.28154498,0.882457,0.7679496,0.5601965,0.0,0.0,0
265580357,-0.26676202,0.8406577,0.7835185,0.5601965,0.0,0.0,0
265600335,-0.13627626,0.7533639,0.87266463,0.5601965,0.0,0.0,0
265620327,-0.17681858,0.79510576,0.87266463,0.5601965,0.0,0.0,0
265640285,-0.13618554,0.7984657,0.87266463,0.5601965,0.0,0.0,0
265660286,-0.07551976,0.800485,0.87266463,0.5601965,0.0,0.0,0
265680195,-0.0075906045,0.7906532,0.8545534,0.5601965,0.0,0.0,0
265700156,0.05387577,0.8053744,0.4656906,0.5601965,0.0,0.0,0
265720085,0.11931357,0.6933824,0.4754309,0.5601965,0.0,0.0,0
265740030,0.074320324,0.71980685,0.4847482,0.5601965,0.0,0.0,0
265760013,0.049104627,0.75122184,0.48506868,0.5601965,0.0,0.0,0
265779941,0.0650762,0.8024819,0.4818506,0.5601965,0.0,0.0,0
265799906,0.082753316,0.87700754,0.87266463,0.5601965,0.0,0.0,0
265819856,0.03415306,1.0471976,0.87266463,0.5601965,0.0,0.0,0
265839841,0.035299905,1.0471976,0.87266463,0.5601965,0.0,0.0,0
265859848,0.047211964,1.0471976,0.87266463,0.5601965,0.0,0.0,0
265879745,0.009523551,1.0471976,0.87266463,0.5601965,0.0,0.0,0
265899721,0.0040334077,1.0471976,0.87266463,0.5601965,0.0,0.0,0
265919681,-0.035636123,1.0471976,0.87266463,0.5601965,0.0,0.0,0
265939612,-0.017797614,1.0471976,0.8692637,0.5601965,0.0,0.0,0
265959571,-0.08242704,1.0340894,0.86074966,0.5601965,0.0,0.0,0
265984542,-0.10727519,1.0104223,0.8443717,0.5601965,0.0,0.0,0
265999485,-0.079506636,0.9958236,0.82661355,0.5601965,0.0,0.0,0
266019464,-0.031715475,0.9762619,0.79275,0.5601965,0.0,0.0,0
266039414,0.023153562,0.93797916,0.7454214,0.5601965,0.0,0.0,0
266059393,0.0028777584,0.9349566,0.75301,0.5601965,0.0,0.0,0
266079333,-0.04803563,0.9357541,0.77102226,0.5601965,0.0,0.0,0
266099290,-0.04776554,0.92845047,0.29668778,0.5601965,0.0,0.0,0
266124211,0.003811932,0.7814575,0.290035,0.5601965,0.0,0.0,0
266139202,0.009319418,0.800763,0.28470916,0.5601965,0.0,0.0,0
266159209,-0.01487027,0.83686936,0.2779113,0.5601965,0.0,0.0,0
266184092,-0.035890106,0.8864154,0.26844198,0.5601965,0.0,0.0,0
266199060,-0.058981396,0.90521145,0.74147856,0.5601965,0.0,0.0,0
266219014,-0.12432418,1.0471976,0.734676,0.5601965,0.0,0.0,0
266239037,-0.16674517,1.0302023,0.70369947,0.5601965,0.0,0.0,0
266263916,-0.19911866,0.98218036,0.7111362,0.5601965,0.0,0.0,0
266278893,-0.21206115,0.9362785,0.7049192,0.5601965,0.0,0.0,0
266298861,-0.2241875,0.8745733,0.32420254,0.5601965,0.0,0.0,0
266323822,-0.18532,0.69115883,0.32310575,0.5601965,0.0,0.0,0
266338781,-0.1891501,0.66308135,0.3205659,0.5601965,0.0,0.0,0
266358748,-0.14926502,0.6362324,0.3348369,0.5601965,0.0,0.0,0
266378688,-0.1431641,0.61170214,0.3186003,0.5601965,0.0,0.0,0
266403627,-0.1651197,0.5814445,0.22501896,0.5601965,0.0,0.0,0
266418592,-0.25175962,0.59520763,0.17005025,0.5601965,0.0,0.0,0
266438603,-0.3043171,0.6011612,0.15181302,0.5601965,0.0,0.0,0
266463567,-0.3464398,0.61487037,0.13581455,0.5601965,0.0,0.0,0
266478475,-0.3733726,0.64187616,0.116442144,0.5601965,0.0,0.0,0
266498424,-0.3964031,0.6941649,0.055082373,0.5601965,0.0,0.0,0
266523373,-0.4031202,0.7649178,0.020851478,0.5601965,0.0,0.0,0
266543329,-0.42230543,0.82207257,-0.007550095,0.5601965,0.0,0.0,0
266558308,-0.42707092,0.8445995,-0.017617036,0.5601965,0.0,0.0,0
266578260,-0.43496785,0.8635966,-0.030268922,0.5601965,0.0,0.0,0
266603203,-0.42324227,0.86567503,-0.017536093,0.5601965,0.0,0.0,0
266618176,-0.40417305,0.87676734,-0.014759717,0.5601965,0.0,0.0,0
266638195,-0.36638254,0.89702576,-0.009631617,0.5601965,0.0,0.0,0
266663073,-0.30531424,0.8964684,0.013915765,0.5601965,0.0,0.0,0
266683034,-0.24776103,0.91344196,0.029542245,0.5601965,0.0,0.0,0
266698011,-0.2121101,0.9261394,0.12212805,0.5601965,0.0,0.0,0
266722998,-0.19647707,0.95096856,0.12056572,0.5601965,0.0,0.0,0
266742910,-0.19272412,0.9391137,0.11578213,0.5601965,0.0,0.0,0
266757878,-0.20538063,0.9264031,0.11225183,0.5601965,0.0,0.0,0
266777837,-0.26314476,0.9065998,0.089873575,0.5601965,0.0,0.0,0
266802786,-0.33812162,0.88400817,0.063896306,0.5601965,0.0,0.0,0
266822753,-0.41543758,0.8737229,0.026409792,0.5601965,0.0,0.0,0
266837787,-0.47959134,0.8775364,-0.010924726,0.5601965,0.0,0.0,0
266862701,-0.5684287,0.8999776,-0.07313147,0.5601965,0.0,0.0,0
266882613,-0.58779466,0.94860077,-0.0982272,0.5601965,0.0,0.0,0
266897583,-0.64191574,0.9646212,-0.15113433,0.5601965,0.0,0.0,0
266922534,-0.64407665,0.9860588,-0.16224252,0.5601965,0.0,0.0,0
266942510,-0.64949834,0.976833,-0.16279352,0.5601965,0.0,0.0,0
266957465,-0.6536797,0.96233726,-0.1589162,0.5601965,0.0,0.0,0
266977427,-0.6563218,0.9414705,-0.1577655,0.5601965,0.0,0.0,0
267002402,-0.65588295,0.9193313,-0.13408066,0.5601965,0.0,0.0,0
267022364,-0.65565693,0.8972545,-0.15088889,0.5601965,0.0,0.0,0
267037440,-0.6478479,0.8943921,-0.1632295,0.5601965,0.0,0.0,0
267062232,-0.59108406,0.92198235,-0.15004882,0.5601965,0.0,0.0,0
267082193,-0.5409458,0.9455801,-0.13726628,0.5601965,0.0,0.0,0
267102156,-0.4760411,0.96617,-0.11898798,0.5601965,0.0,0.0,0
267122126,-0.47141528,0.9871907,-0.122269616,0.5601965,0.0,0.0,0
267142064,-0.48264378,0.98973453,-0.12938535,0.5601965,0.0,0.0,0
267162028,-0.4827781,0.99279016,-0.13055234,0.5601965,0.0,0.0,0
267176991,-0.478254,0.9914515,-0.12836406,0.5601965,0.0,0.0,0
267201937,-0.45973957,1.0240039,-0.13352539,0.5601965,0.0,0.0,0
267221907,-0.46233714,1.0471976,-0.1413423,0.5601965,0.0,0.0,0
267241932,-0.46164528,1.0471976,-0.14682184,0.5601965,0.0,0.0,0
267261860,-0.4733018,1.0471976,-0.15632792,0.5601965,0.0,0.0,0
267281790,-0.4872166,1.0471976,-0.16197364,0.5601965,0.0,0.0,0
267301727,-0.5097337,1.0146372,-0.1121015,0.5601965,0.0,0.0,0
267316702,-0.5513621,0.9669794,-0.14949735,0.5601965,0.0,0.0,0
267341651,-0.584846,0.87268114,-0.19018985,0.5601965,0.0,0.0,0
267361606,-0.5670163,0.79227036,-0.18139817,0.5601965,0.0,0.0,0
267381563,-0.57050896,0.74259937,-0.12057482,0.5601965,0.0,0.0,0
267401556,-0.58916044,0.72556204,-0.097727805,0.5601965,0.0,0.0,0
267421484,-0.5624396,0.72990894,-0.08736648,0.5601965,0.0,0.0,0
267441470,-0.56543064,0.71972376,-0.04717554,0.5601965,0.0,0.0,0
267461393,-0.60292685,0.6826083,-0.0017362415,0.5601965,0.0,0.0,0
267481352,-0.6443991,0.642072,0.023481842,0.5601965,0.0,0.0,0
267501305,-0.6594472,0.6391618,0.044277452,0.5601965,0.0,0.0,0
267521270,-0.7195073,0.60387474,0.08073471,0.5601965,0.0,0.0,0
267541230,-0.7152376,0.62162435,0.07946626,0.5601965,0.0,0.0,0
267561281,-0.7186015,0.657121,0.07378942,0.5601965,0.0,0.0,0
267581136,-0.71380836,0.7079182,0.0677959,0.5601965,0.0,0.0,0
267601103,-0.7039044,0.74746585,0.26313224,0.5601965,0.0,0.0,0
267621100,-0.7389999,0.79405826,0.2607109,0.5601965,0.0,0.0,0
267641034,-0.7390279,0.78145504,0.2625483,0.5601965,0.0,0.0,0
267660977,-0.73995596,0.7533856,0.26627472,0.5601965,0.0,0.0,0
267680937,-0.7288594,0.7247369,0.26527965,0.5601965,0.0,0.0,0
267700896,-0.67511207,0.6899847,0.054946806,0.5601965,0.0,0.0,0
267720847,-0.62628067,0.6387651,0.05255799,0.5601965,0.0,0.0,0
267740805,-0.6042722,0.62083113,0.056230947,0.5601965,0.0,0.0,0
267760770,-0.56182235,0.6140516,0.06733853,0.5601965,0.0,0.0,0
267780723,-0.5273633,0.61344993,0.07193092,0.5601965,0.0,0.0,0
267800693,-0.4858765,0.6056625,0.085667334,0.5601965,0.0,0.0,0
267820738,-0.48166418,0.6001164,0.086466275,0.5601965,0.0,0.0,0
267840628,-0.5052855,0.5828418,0.09592265,0.5601965,0.0,0.0,0
267860558,-0.51127034,0.5666752,0.09233404,0.5601965,0.0,0.0,0
267880528,-0.5171175,0.5618486,0.08259238,0.5601965,0.0,0.0,0
267900472,-0.52924484,0.5837674,0.12058368,0.5601965,0.0,0.0,0
267920427,-0.5060776,0.63674366,0.06536953,0.5601965,0.0,0.0,0
267940386,-0.46083203,0.690612,0.0110728135,0.5601965,0.0,0.0,0
267960376,-0.4389538,0.73030674,-0.018321978,0.5601965,0.0,0.0,0
267980300,-0.43339652,0.75689065,-0.031939324,0.5601965,0.0,0.0,0
268000286,-0.41575143,0.7653513,-0.06712242,0.5601965,0.0,0.0,0
268020288,-0.3688169,0.7596074,-0.08675337,0.5601965,0.0,0.0,0
268040208,-0.3330271,0.72902817,-0.073771454,0.5601965,0.0,0.0,0
268060176,-0.26663542,0.7196056,-0.07704127,0.5601965,0.0,0.0,0
268080133,-0.2636035,0.70201236,-0.07429671,0.5601965,0.0,0.0,0
268100044,-0.23718008,0.6733423,-0.0640737,0.5601965,0.0,0.0,0
268120007,-0.19143447,0.64984035,-0.04985822,0.5601965,0.0,0.0,0
268139962,-0.15932867,0.6349751,-0.04052272,0.5601965,0.0,0.0,0
268159921,-0.13743432,0.6177443,-0.033993952,0.5601965,0.0,0.0,0
268179878,-0.16011782,0.592973,-0.038030233,0.5601965,0.0,0.0,0
268199842,-0.2020682,0.5624889,-0.036383603,0.5601965,0.0,0.0,0
268219895,-0.29055268,0.5192273,-0.0018308277,0.5601965,0.0,0.0,0
268239777,-0.32453334,0.5118828,-0.005401307,0.5601965,0.0,0.0,0
268259714,-0.38966778,0.5164205,0.013873556,0.5601965,0.0,0.0,0
268279678,-0.456348,0.5392248,0.035865,0.5601965,0.0,0.0,0
268299638,-0.48519248,0.5718208,0.038896073,0.5601965,0.0,0.0,0
268319589,-0.54468286,0.58427465,0.061129574,0.5601965,0.0,0.0,0
268339549,-0.5535265,0.58280104,0.059254352,0.5601965,0.0,0.0,0
268364495,-0.6287686,0.5332848,0.104403555,0.5601965,0.0,0.0,0
268379460,-0.6681951,0.50866354,0.12632746,0.5601965,0.0,0.0,0
268399435,-0.6853428,0.47080848,0.15395571,0.5601965,0.0,0.0,0
268419526,-0.6731609,0.4407969,0.15535888,0.5601965,0.0,0.0,0
268439347,-0.6588363,0.4215478,0.15047692,0.5601965,0.0,0.0,0
268459304,-0.63351005,0.43122616,0.13960566,0.5601965,0.0,0.0,0
268479306,-0.5925337,0.4573158,0.1214001,0.5601965,0.0,0.0,0
268504196,-0.5670337,0.49155748,0.19373512,0.5601965,0.0,0.0,0
268519193,-0.52101827,0.5019112,0.1607067,0.5601965,0.0,0.0,0
268539150,-0.52269757,0.5122144,0.16123085,0.5601965,0.0,0.0,0
268564075,-0.5479275,0.5240786,0.18631049,0.5601965,0.0,0.0,0
268579040,-0.5621148,0.53705245,0.19598913,0.5601965,0.0,0.0,0
268599034,-0.5813816,0.5717679,0.09256904,0.5601965,0.0,0.0,0
268619085,-0.5682143,0.60433537,0.09727017,0.5601965,0.0,0.0,0
268643948,-0.5800371,0.6722628,0.098752186,0.5601965,0.0,0.0,0
268658879,-0.58567566,0.7022113,0.09964746,0.5601965,0.0,0.0,0
268678834,-0.6042394,0.73001367,0.10490217,0.5601965,0.0,0.0,0
268703776,-0.5955765,0.753724,0.15639201,0.5601965,0.0,0.0,0
268718762,-0.59610415,0.73430383,0.15707009,0.5601965,0.0,0.0,0
268738719,-0.59157264,0.7032533,0.15549675,0.5601965,0.0,0.0,0
268758699,-0.5548177,0.69179326,0.14070117,0.5601965,0.0,0.0,0
268783640,-0.52196646,0.6633009,0.12526472,0.5601965,0.0,0.0,0
268798591,-0.5053721,0.66380227,0.059264954,0.5601965,0.0,0.0,0
268818656,-0.4274198,0.67344755,0.049978677,0.5601965,0.0,0.0,0
268843493,-0.33898774,0.688382,0.032599863,0.5601965,0.0,0.0,0
268858452,-0.26271167,0.69180393,0.019071534,0.5601965,0.0,0.0,0
268878411,-0.21235017,0.6902745,0.010755524,0.5601965,0.0,0.0,0
268903361,-0.22025324,0.6696756,0.013917052,0.5601965,0.0,0.0,0
268923333,-0.20375896,0.6621778,0.015846573,0.5601965,0.0,0.0,0
268938282,-0.2016705,0.64792633,0.015505896,0.5601965,0.0,0.0,0
268958252,-0.15622328,0.66122514,0.016051967,0.5601965,0.0,0.0,0
268983188,-0.14647307,0.6889433,0.018258225,0.5601965,0.0,0.0,0
268998194,-0.118705004,0.70544726,0.027304625,0.5601965,0.0,0.0,0
269018176,-0.13636386,0.7207752,0.023395093,0.5601965,0.0,0.0,0
269043099,-0.08419784,0.7018009,-0.023644933,0.5601965,0.0,0.0,0
269063015,-0.07729361,0.656689,-0.02030959,0.5601965,0.0,0.0,0
269077989,-0.07917659,0.61392033,-0.019449731,0.5601965,0.0,0.0,0
269102950,0.011549144,0.54537874,0.030915948,0.5601965,0.0,0.0,0
269122892,0.13233672,0.4983571,0.023201559,0.5601965,0.0,0.0,0
269137864,0.13732055,0.47337276,0.021902317,0.5601965,0.0,0.0,0
269157827,0.20378524,0.4554238,0.017396368,0.5601965,0.0,0.0,0
269182812,0.30500823,0.45915216,0.007277303,0.5601965,0.0,0.0,0
269202808,0.41377893,0.4692101,0.0022175945,0.5601965,0.0,0.0,0
269217729,0.75098914,0.43864107,-0.0036921152,0.5601965,0.0,0.0,0
269242647,0.7355157,0.45015618,0.0073137605,0.5601965,0.0,0.0,0
269262602,0.8873818,0.3952524,0.04487462,0.5601965,0.0,0.0,0
269277568,0.85592073,0.39066276,0.0792004,0.5601965,0.0,0.0,0
269302532,0.7883795,0.40166315,0.07883654,0.5601965,0.0,0.0,0
269322472,0.7418171,0.44134945,0.09702602,0.5601965,0.0,0.0,0
269342441,0.7025084,0.50710994,0.107196465,0.5601965,0.0,0.0,0
269357395,0.68222326,0.5511388,0.109283425,0.5601965,0.0,0.0,0
269382350,0.6318387,0.6143739,0.118421346,0.5601965,0.0,0.0,0
269402339,0.54399866,0.65501225,0.28930002,0.5601965,0.0,0.0,0
269417280,0.5338923,0.6541995,0.29624188,0.5601965,0.0,0.0,0
269442268,0.52135134,0.62933534,0.29946372,0.5601965,0.0,0.0,0
269462194,0.5222182,0.5868165,0.2830593,0.5601965,0.0,0.0,0
269482139,0.5596224,0.5513747,0.25453103,0.5601965,0.0,0.0,0
269502095,0.606793,0.5100091,0.10547393,0.5601965,0.0,0.0,0
269522046,0.6643708,0.48857868,0.093510546,0.5601965,0.0,0.0,0
269542010,0.7362483,0.4639401,0.08390524,0.5601965,0.0,0.0,0
269556976,0.7619836,0.44685233,0.07848196,0.5601965,0.0,0.0,0
269581975,0.76245606,0.43185273,0.07518563,0.5601965,0.0,0.0,0
269602068,0.73741025,0.43284348,0.058810897,0.5601965,0.0,0.0,0
269621840,0.6840449,0.44082826,0.07592771,0.5601965,0.0,0.0,0
269641808,0.6366562,0.45469126,0.09608273,0.5601965,0.0,0.0,0
269661761,0.61136365,0.4941816,0.11000236,0.5601965,0.0,0.0,0
269681720,0.55802625,0.5502159,0.118864976,0.5601965,0.0,0.0,0
269696686,0.5378373,0.6091425,0.13493411,0.5601965,0.0,0.0,0
269721627,0.5112697,0.6900841,0.13240258,0.5601965,0.0,0.0,0
269741576,0.55872786,0.7243997,0.13981906,0.5601965,0.0,0.0,0
269764073,0.5349909,0.76554245,0.14039464,0.5601965,0.0,0.0,0
269781518,0.5502136,0.74462277,0.14449361,0.5601965,0.0,0.0,0
269801597,0.531459,0.742277,0.18941435,0.5601965,0.0,0.0,0
269821423,0.53431785,0.72609377,0.18636543,0.5601965,0.0,0.0,0
269841382,0.60503924,0.6940187,0.18273506,0.5601965,0.0,0.0,0
269861337,0.6959445,0.664194,0.17358126,0.5601965,0.0,0.0,0
269881299,0.7538951,0.6589475,0.16056772,0.5601965,0.0,0.0,0
269901281,0.7786772,0.66161346,0.12502226,0.5601965,0.0,0.0,0
269921208,0.807473,0.6673597,0.11606586,0.5601965,0.0,0.0,0
269941169,0.76089686,0.70041066,0.10990325,0.5601965,0.0,0.0,0
269961130,0.71198404,0.71306217,0.12270756,0.5601965,0.0,0.0,0
269981096,0.6470982,0.72401285,0.13863912,0.5601965,0.0,0.0,0
270001162,0.57145005,0.7392645,0.13806996,0.5601965,0.0,0.0,0
270021013,0.47359663,0.7700146,0.14911743,0.5601965,0.0,0.0,0
270040966,0.42019787,0.82942545,0.14987843,0.5601965,0.0,0.0,0
270060911,0.3966658,0.89985853,0.14229411,0.5601965,0.0,0.0,0
270080873,0.40586358,0.9497608,0.13744214,0.5601965,0.0,0.0,0
270100829,0.42611524,0.9812644,0.33989266,0.5601965,0.0,0.0,0
270120834,0.4138415,1.0364888,0.34498063,0.5601965,0.0,0.0,0
270140748,0.4132172,1.0066125,0.35030153,0.5601965,0.0,0.0,0
270160742,0.41888553,0.95963323,0.35175896,0.5601965,0.0,0.0,0
270180681,0.48563316,0.87491804,0.35022002,0.5601965,0.0,0.0,0
270200706,0.5392473,0.7954592,0.36118317,0.5601965,0.0,0.0,0
270220582,0.5474712,0.7500239,0.35993615,0.5601965,0.0,0.0,0
270240555,0.6386892,0.70144945,0.33940694,0.5601965,0.0,0.0,0
270260507,0.68802464,0.670665,0.3166017,0.5601965,0.0,0.0,0
270280452,0.7047977,0.6600569,0.30233628,0.5601965,0.0,0.0,0
270300455,0.69839,0.6567408,0.2898933,0.5601965,0.0,0.0,0
270320371,0.67353237,0.6452597,0.31170905,0.5601965,0.0,0.0,0
270340326,0.6160803,0.64795595,0.33846,0.5601965,0.0,0.0,0
270360294,0.55317014,0.6758602,0.36464825,0.5601965,0.0,0.0,0
270380323,0.5168624,0.71570873,0.38578272,0.5601965,0.0,0.0,0
270400292,0.53857297,0.7697524,0.5472488,0.5601965,0.0,0.0,0
270420194,0.5277494,0.87906724,0.55030894,0.5601965,0.0,0.0,0
270440214,0.5338308,0.9456344,0.55130106,0.5601965,0.0,0.0,0
270460073,0.528578,0.9831372,0.55308354,0.5601965,0.0,0.0,0
270480033,0.530747,0.99879014,0.5531003,0.5601965,0.0,0.0,0
270500015,0.51835495,0.9867188,0.23253426,0.5601965,0.0,0.0,0
270519966,0.55773556,0.8496636,0.23877086,0.5601965,0.0,0.0,0
270539914,0.5698439,0.8153926,0.2416652,0.5601965,0.0,0.0,0
270559867,0.5789779,0.78268653,0.24373823,0.5601965,0.0,0.0,0
270579888,0.5726577,0.7741369,0.24074553,0.5601965,0.0,0.0,0
270599813,0.55985177,0.7842418,0.35254937,0.5601965,0.0,0.0,0
270619741,0.56038606,0.8440405,0.33446485,0.5601965,0.0,0.0,0
270639714,0.56971955,0.86523104,0.3212402,0.5601965,0.0,0.0,0
270659662,0.51931334,0.89943635,0.3305389,0.5601965,0.0,0.0,0
270679620,0.45747763,0.9261234,0.35330203,0.5601965,0.0,0.0,0
270699595,0.37292588,0.9633634,0.3107151,0.5601965,0.0,0.0,0
270719528,0.29509053,0.9819562,0.32683408,0.5601965,0.0,0.0,0
270744479,0.20608506,1.0471976,0.3325452,0.5601965,0.0,0.0,0
270759451,0.19047947,1.0471976,0.3271296,0.5601965,0.0,0.0,0
270779457,0.17424558,1.0471976,0.3157987,0.56265354,0.0,0.0,0
270799368,0.13624792,1.0471976,0.87266463,0.56388205,0.0,0.0,0
270819317,0.072449,1.0471976,0.87266463,0.56388205,0.0,0.0,0
270839362,0.069724955,1.0471976,0.87266463,0.56388205,0.0,0.0,0
270859253,0.057426326,1.0471976,0.87266463,0.56388205,0.0,0.0,0
270884172,0.06823333,1.0471976,0.87266463,0.56388205,0.0,0.0,0
270899170,0.07920126,1.0471976,0.29992962,0.56388205,0.0,0.0,0
270919133,0.15514214,1.0471976,0.30180135,0.56388205,0.0,0.0,0
270944054,0.18594928,1.0254685,0.29770473,0.56388205,0.0,0.0,0
270959020,0.19735646,1.006482,0.2907035,0.56388205,0.0,0.0,0
270979030,0.23796263,0.9823522,0.2810221,0.56388205,0.0,0.0,0
270998977,0.2048172,0.9538524,0.31867737,0.56388205,0.0,0.0,0
271018901,0.13989277,0.9713163,0.3410425,0.56388205,0.0,0.0,0
271038885,-0.03613622,0.96309614,0.37362865,0.56388205,0.0,0.0,0
271058812,-0.10203377,0.97651416,0.3980797,0.56388205,0.0,0.0,0
271083766,-0.25156465,0.95108384,0.31330594,0.56388205,0.0,0.0,0
271098746,-0.30193502,0.9567677,0.734845,0.56388205,0.0,0.0,0
271118716,-0.43550006,1.0471976,0.64614433,0.56388205,0.0,0.0,0
271143679,-0.48012018,1.0471976,0.5448747,0.56388205,0.0,0.0,0
271163603,-0.56782025,1.0471976,0.40561804,0.56388205,0.0,0.0,0
271178598,-0.682147,1.0471976,0.2646743,0.56388205,0.0,0.0,0
271198517,-0.6660376,1.0471976,-0.052626643,0.56388205,0.0,0.0,0
271223461,-0.6984729,0.9177151,-0.086775064,0.56388205,0.0,0.0,0
271238441,-0.6860929,0.91124433,-0.07956583,0.56388205,0.0,0.0,0
271258389,-0.68512154,0.9010515,-0.07601409,0.56388205,0.0,0.0,0
271283363,-0.77280873,0.8417243,-0.12200893,0.56388205,0.0,0.0,0
271303288,-0.89338213,0.7907652,-0.14668682,0.56388205,0.0,0.0,0
271318279,-0.9818431,0.73574215,-0.2272943,0.56388205,0.0,0.0,0
271338222,-0.98926795,0.7321775,-0.25656334,0.56388205,0.0,0.0,0
271363194,-0.99141866,0.7291504,-0.27772036,0.56388205,0.0,0.0,0
271378311,-1.0199114,0.7299771,-0.3034334,0.56388205,0.0,0.0,0
271398096,-1.0316188,0.7098902,-0.30906504,0.56388205,0.0,0.0,0
271423034,-1.0248989,0.70488507,-0.30633113,0.56388205,0.0,0.0,0
271443001,-1.0244682,0.7302261,-0.3171944,0.56388205,0.0,0.0,0
271457964,-1.024371,0.76151395,-0.33075002,0.56388205,0.0,0.0,0
271482920,-1.0143118,0.8239992,-0.3539552,0.56388205,0.0,0.0,0
271502879,-1.0024561,0.8592136,-0.3642651,0.56388205,0.0,0.0,0
271517857,-0.99446064,0.86383873,-0.36297107,0.56388205,0.0,0.0,0
271537805,-1.0032796,0.8676677,-0.33274063,0.56388205,0.0,0.0,0
271562760,-0.9926538,0.84694904,-0.3198863,0.56388205,0.0,0.0,0
271582784,-0.9784924,0.831062,-0.30788317,0.56388205,0.0,0.0,0
271597678,-0.9551135,0.8016919,-0.30262643,0.56388205,0.0,0.0,0
271622638,-0.9537018,0.7403658,-0.28015864,0.56388205,0.0,0.0,0
271642582,-0.94165885,0.70190424,-0.25617123,0.56388205,0.0,0.0,0
271657555,-0.9107526,0.6981746,-0.24435644,0.56388205,0.0,0.0,0
271682545,-0.86062247,0.67685384,-0.22118022,0.56388205,0.0,0.0,0
271702457,-0.81568277,0.6648589,-0.1927567,0.56388205,0.0,0.0,0
271722409,-0.82723886,0.65144527,-0.15971757,0.56388205,0.0,0.0,0
271737380,-0.80978775,0.61649454,-0.15013257,0.56265354,0.0,0.0,0
271762338,-0.75159633,0.55602366,-0.14168534,0.55528253,0.0,0.0,0
271782341,-0.70959604,0.5187484,-0.13325086,0.514742,0.0,0.0,0
271797248,-0.6885399,0.51765084,-0.137563,0.49753696,0.0,0.0,0
271822224,-0.6703181,0.5494264,-0.1429462,0.44950742,0.0,0.0,0
271842155,-0.66318333,0.58447176,-0.1465766,0.42487687,0.0,0.0,0
271862122,-0.6884265,0.59720635,-0.1371085,0.3891626,0.0,0.0,0
271882079,-0.7099752,0.59214795,-0.12465487,0.32266012,0.0,0.0,0
271902027,-0.71099496,0.5658067,-0.088436425,0.32266012,0.0,0.0,0
271921990,-0.7175658,0.51535684,-0.076464884,0.32266012,0.0,0.0,0
271936965,-0.74119014,0.46853298,-0.043986995,0.1625616,0.0,0.0,0
271961952,-0.7462271,0.39141333,-0.02450214,0.057881802,0.0,0.0,0
271981888,-0.74707764,0.32633197,0.0066030943,0.014778346,0.0,0.0,0
272001826,-0.7350346,0.25831822,-0.015651412,0.014778346,0.0,0.0,0
272021804,-0.73220694,0.2065573,0.001551199,0.014778346,0.0,0.0,0
272041735,-0.72136194,0.14759117,0.016971298,0.014778346,0.0,0.0,0
272061694,-0.7151365,0.08478833,0.032545615,0.014778346,0.0,0.0,0
272076669,-0.7096149,0.04707721,0.04166102,0.014778346,0.0,0.0,0
272101605,-0.71590364,-0.0120691005,0.07346853,0.014778346,0.0,0.0,0
272121602,-0.7470402,-0.05127439,0.10711216,0.014778346,0.0,0.0,0
272141522,-0.7438317,-0.08193199,0.11413126,0.014778346,0.0,0.0,0
272161533,-0.7779845,-0.11378858,0.14486964,0.014778346,0.0,0.0,0
272181439,-0.7917634,-0.14785668,0.16304791,0.014778346,0.0,0.0,0
272201403,-0.82755876,-0.18311125,0.20787804,0.014778346,0.0,0.0,0
272221358,-0.87181777,-0.21514902,0.24376775,0.014778346,0.0,0.0,0
272241334,-0.88195765,-0.22785655,0.25493547,0.014778346,0.0,0.0,0
272261266,-0.9006753,-0.23078927,0.26841167,0.014778346,0.0,0.0,0
272281239,-0.89374596,-0.22788365,0.26734498,0.014778346,0.0,0.0,0
272301187,-0.8841453,-0.23590015,0.2903897,0.014778346,0.0,0.0,0
272321150,-0.8825115,-0.2465982,0.29625538,0.014778346,0.0,0.0,0
272341104,-0.86959904,-0.24692084,0.29619232,0.014778346,0.0,0.0,0
272361099,-0.8597424,-0.23129088,0.29395813,0.014778346,0.0,0.0,0
272381049,-0.84824497,-0.20892799,0.29076284,0.014778346,0.0,0.0,0
272400998,-0.8301251,-0.18484494,0.29290098,0.014778346,0.0,0.0,0
272420941,-0.8089949,-0.1618062,0.28924462,0.014778346,0.0,0.0,0
272440906,-0.78674555,-0.14083692,0.28609344,0.014778346,0.0,0.0,0
272460852,-0.76750004,-0.11980019,0.28342614,0.014778346,0.0,0.0,0
272480807,-0.7471492,-0.09835812,0.2809463,0.014778346,0.0,0.0,0
272500770,-0.7207014,-0.076513946,0.32410604,0.014778346,0.0,0.0,0
272520770,-0.70675033,-0.048716836,0.30650568,0.014778346,0.0,0.0,0
272540687,-0.68462944,-0.0239417,0.29064345,0.014778346,0.0,0.0,0
272560687,-0.66530615,0.0022238842,0.2763948,0.014778346,0.0,0.0,0
272580597,-0.6408218,0.027564831,0.25771925,0.014778346,0.0,0.0,0
272600561,-0.61338943,0.051553175,0.24811038,0.014778346,0.0,0.0,0
272620514,-0.59143955,0.07548645,0.22853903,0.014778346,0.0,0.0,0
272640505,-0.56804276,0.09624091,0.20983085,0.014778346,0.0,0.0,0
272660477,-0.5413253,0.115438215,0.18795668,0.014778346,0.0,0.0,0
272680402,-0.50631773,0.13589841,0.15869729,0.014778346,0.0,0.0,0
272700342,-0.45031154,0.18178959,0.08259385,0.014778346,0.0,0.0,0
272720303,-0.36357433,0.21804388,0.031204911,0.014778346,0.0,0.0,0
272740298,-0.3263104,0.28031525,0.0082527995,0.014778346,0.0,0.0,0
272760389,-0.30286428,0.41056904,-0.00952866,0.014778346,0.0,0.0,0
272780226,-0.3552191,0.60838956,0.02628667,0.014778346,0.0,0.0,0
272800174,-0.4746738,0.863473,0.16155168,0.014778346,0.0,0.0,0
272820133,-0.31341755,1.0471976,0.011582942,0.014778346,0.0,0.0,0
272840078,-0.3115516,1.0471976,0.002969635,0.014778346,0.0,0.0,0
272860008,-0.28082445,1.0471976,-0.0210013,0.014778346,0.0,0.0,0
272879972,-0.2945706,1.0471976,-0.0036556672,0.014778346,0.0,0.0,0
272899930,-0.30412337,1.0471976,0.014076812,0.014778346,0.0,0.0,0
272919917,-0.31680927,1.0471976,0.0038715166,0.014778346,0.0,0.0,0
272939878,-0.31447145,1.0471976,-0.0040245824,0.014778346,0.0,0.0,0
272959954,-0.29350707,1.0471976,0.026101165,0.014778346,0.0,0.0,0
272979769,-0.27029523,1.0471976,0.054307736,0.014778346,0.0,0.0,0
272999719,-0.23623607,1.0471976,0.105240904,0.014778346,0.0,0.0,0
273019679,-0.21963248,1.0471976,0.18232039,0.014778346,0.0,0.0,0
273039647,-0.17846116,1.0471976,0.2805583,0.014778346,0.0,0.0,0
273059647,-0.061791502,1.0471976,0.47330275,0.014778346,0.0,0.0,0
273079567,0.07399035,1.0471976,0.6662039,0.014778346,0.0,0.0,0
273099509,0.18039934,1.0471976,0.8314777,0.014778346,0.0,0.0,0
273124462,0.3164231,1.0471976,0.87266463,0.014778346,0.0,0.0,0
273139441,0.38164473,1.0471976,0.87266463,0.014778346,0.0,0.0,0
273159495,0.45691857,1.0471976,0.87266463,0.014778346,0.0,0.0,0
273179340,0.55690104,1.0471976,0.87266463,0.014778346,0.0,0.0,0
273199329,0.6395457,1.0471976,0.87266463,0.014778346,0.0,0.0,0
273219312,0.6938106,1.0471976,0.87266463,0.014778346,0.0,0.0,0
273239239,0.7365409,1.0471976,0.87266463,0.014778346,0.0,0.0,0
273264163,0.7792169,1.0471976,0.87266463,0.014778346,0.0,0.0,0
273279160,0.801378,1.0471976,0.87266463,0.014778346,0.0,0.0,0
273299085,0.8167777,1.0471976,0.87266463,0.014778346,0.0,0.0,0
273324039,0.8334852,1.0471976,0.87266463,0.014778346,0.0,0.0,0
273339026,0.83398086,1.0471976,0.87266463,0.014778346,0.0,0.0,0
273359084,0.8208733,1.0471976,0.87266463,0.014778346,0.0,0.0,0
273378918,0.7963639,1.0471976,0.87266463,0.014778346,0.0,0.0,0
273403869,0.753273,1.0471976,0.87266463,0.014778346,0.0,0.0,0
273418842,0.7260187,1.0471976,0.87266463,0.014778346,0.0,0.0,0
273438824,0.6866028,1.0471976,0.87266463,0.014778346,0.0,0.0,0
273463741,0.6294197,1.0471976,0.87266463,0.014778346,0.0,0.0,0
273478746,0.58892435,1.0471976,0.87266463,0.014778346,0.0,0.0,0
273498743,0.52588177,1.0471976,0.87266463,0.014778346,0.0,0.0,0
273523616,0.4317595,1.0471976,0.87266463,0.014778346,0.0,0.0,0
273543622,0.35718364,1.0471976,0.87266463,0.014778346,0.0,0.0,0
273558594,0.3010006,1.0471976,0.87266463,0.014778346,0.0,0.0,0
273578491,0.22290699,1.0471976,0.85785085,0.014778346,0.0,0.0,0
273603453,0.12982899,1.0471976,0.7157911,0.014778346,0.0,0.0,0
273618413,0.0695651,1.0471976,0.6280442,0.014778346,0.0,0.0,0
273638368,-0.010826785,1.0471976,0.5113101,0.014778346,0.0,0.0,0
273663351,-0.10983985,1.0471976,0.36865392,0.014778346,0.0,0.0,0
273683276,-0.18294373,1.0471976,0.2681746,0.014778346,0.0,0.0,0
273698242,-0.21066009,1.0471976,0.21533227,0.014778346,0.0,0.0,0
273718223,-0.23722981,1.0471976,0.147807,0.014778346,0.0,0.0,0
273743191,-0.27360564,1.0471976,0.07704857,0.014778346,0.0,0.0,0
273758182,-0.29199347,1.0471976,0.044814497,0.014778346,0.0,0.0,0
273778075,-0.31524432,1.0471976,0.008464267,0.014778346,0.0,0.0,0
273803018,-0.32147527,1.0471976,-0.006628937,0.014778346,0.0,0.0,0
273822986,-0.3090799,1.0471976,0.0011212811,0.014778346,0.0,0.0,0
273837956,-0.30132577,1.0471976,0.011590946,0.014778346,0.0,0.0,0
273862900,-0.28571573,1.0471976,0.029917013,0.014778346,0.0,0.0,0
273882870,-0.29115513,1.0471976,0.023878342,0.014778346,0.0,0.0,0
273897872,-0.29811704,1.0471976,0.01298588,0.014778346,0.0,0.0,0
273917792,-0.30493626,1.0471976,0.0074195815,0.014778346,0.0,0.0,0
273942779,-0.30260405,1.0471976,0.0060253334,0.014778346,0.0,0.0,0
273962688,-0.29721344,1.0471976,0.0068188943,0.014778346,0.0,0.0,0
273977676,-0.2954972,1.0471976,0.006809806,0.014778346,0.0,0.0,0
274002615,-0.29839715,1.0471976,0.0044094976,0.014778346,0.0,0.0,0
274022568,-0.30265474,1.0471976,0.0021292756,0.014778346,0.0,0.0,0
274037558,-0.30337706,1.0471976,0.001104672,0.014778346,0.0,0.0,0
274062503,-0.30464885,1.0471976,-4.7592075e-05,0.014778346,0.0,0.0,0
274082439,-0.30377552,1.0471976,-0.0007644597,0.014778346,0.0,0.0,0
274102405,-0.3015567,1.0471976,0.002557634,0.014778346,0.0,0.0,0
274117361,-0.30378088,1.0471976,0.0018705085,0.014778346,0.0,0.0,0
274142467,-0.3063045,1.0471976,0.0010300584,0.014778346,0.0,0.0,0
274162286,-0.30637658,1.0471976,0.00072089315,0.014778346,0.0,0.0,0
274177253,-0.30629298,1.0471976,0.00056482473,0.014778346,0.0,0.0,0
274202183,-0.3081695,1.0471976,-0.002506861,0.014778346,0.0,0.0,0
274222135,-0.30876625,1.0471976,-0.002525229,0.014778346,0.0,0.0,0
274242102,-0.30984306,1.0471976,-0.0022466157,0.014778346,0.0,0.0,0
274262059,-0.30969805,1.0471976,-0.0022394583,0.014778346,0.0,0.0,0
274282013,-0.30904654,1.0471976,-0.0024904928,0.014778346,0.0,0.0,0
274302016,-0.30756563,1.0471976,-0.000452407,0.014778346,0.0,0.0,0
274316947,-0.30791125,1.0471976,-0.0004826839,0.014778346,0.0,0.0,0
274342054,-0.3084644,1.0471976,-0.00048753255,0.014778346,0.0,0.0,0
274361855,-0.3084983,1.0471976,-0.00050541596,0.014778346,0.0,0.0,0
274381804,-0.30790713,1.0471976,-0.00055355194,0.014778346,0.0,0.0,0
274401764,-0.30914226,1.0471976,-0.002760472,0.014778346,0.0,0.0,0
274421726,-0.3092734,1.0471976,-0.0027123236,0.014778346,0.0,0.0,0
274441684,-0.30947646,1.0471976,-0.0026123875,0.014778346,0.0,0.0,0
274461682,-0.30912146,1.0471976,-0.0026466514,0.014778346,0.0,0.0,0
274481594,-0.308724,1.0471976,-0.0027540328,0.014778346,0.0,0.0,0
274501546,-0.30776188,1.0471976,-0.0019776926,0.014778346,0.0,0.0,0
274521535,-0.3076542,1.0471976,-0.0019638794,0.014778346,0.0,0.0,0
274541565,-0.30750462,1.0471976,-0.0019191683,0.014778346,0.0,0.0,0
274561421,-0.30715996,1.0471976,-0.001898284,0.014778346,0.0,0.0,0
274581397,-0.30673003,1.0471976,-0.0018965411,0.014778346,0.0,0.0,0
274601369,-0.30690968,1.0471976,-0.002986222,0.014778346,0.0,0.0,0
274621294,-0.30656168,1.0471976,-0.0029574959,0.014778346,0.0,0.0,0
274641260,-0.30633658,1.0471976,-0.0028798538,0.014778346,0.0,0.0,0
274661216,-0.3058113,1.0471976,-0.0028156033,0.014778346,0.0,0.0,0
274681172,-0.30545092,1.0471976,-0.002731425,0.014778346,0.0,0.0,0
274701130,-0.30499065,1.0471976,-0.002609708,0.014778346,0.0,0.0,0
274721107,-0.30455795,1.0471976,-0.0024427886,0.014778346,0.0,0.0,0
274741163,-0.30403855,1.0471976,-0.0022159277,0.014778346,0.0,0.0,0
274761003,-0.303502,1.0471976,-0.0019445397,0.014778346,0.0,0.0,0
274780956,-0.3030572,1.0471976,-0.0016006752,0.014778346,0.0,0.0,0
274800927,-0.30277985,1.0471976,0.0024969205,0.014778346,0.0,0.0,0
274820878,-0.30076525,1.0471976,0.002982731,0.014778346,0.0,0.0,0
274840865,-0.30104053,1.0471976,0.0034344986,0.014778346,0.0,0.0,0
274860798,-0.3008499,1.0471976,0.00406981,0.014778346,0.0,0.0,0
274880748,-0.3000586,1.0471976,0.0049912813,0.014778346,0.0,0.0,0
274900713,-0.29915547,1.0471976,0.006532545,0.014778346,0.0,0.0,0
274920686,-0.29790345,1.0471976,0.0077845496,0.014778346,0.0,0.0,0
274940671,-0.2966044,1.0471976,0.009300765,0.014778346,0.0,0.0,0
274960582,-0.2963172,1.0471976,0.010545432,0.014778346,0.0,0.0,0
274980546,-0.29476914,1.0471976,0.012216066,0.014778346,0.0,0.0,0
275000535,-0.29361424,1.0471976,0.011713728,0.014778346,0.0,0.0,0
275020451,-0.2946791,1.0471976,0.01315519,0.014778346,0.0,0.0,0
275040419,-0.29413703,1.0471976,0.014366747,0.014778346,0.0,0.0,0
275060367,-0.29357067,1.0471976,0.015489449,0.014778346,0.0,0.0,0
275080326,-0.29304627,1.0471976,0.016379187,0.014778346,0.0,0.0,0
275100293,-0.29249355,1.0471976,0.013676413,0.014778346,0.0,0.0,0
275120330,-0.2952938,1.0471976,0.01407106,0.014778346,0.0,0.0,0
275140290,-0.29573837,1.0471976,0.0138659235,0.014778346,0.0,0.0,0
275160198,-0.29622453,1.0471976,0.013389941,0.014778346,0.0,0.0,0
275180159,-0.29671937,1.0471976,0.012799068,0.014778346,0.0,0.0,0
275200128,-0.2968101,1.0471976,0.012430086,0.014778346,0.0,0.0,0
275220035,-0.2961747,1.0471976,0.01252447,0.014778346,0.0,0.0,0
275240003,-0.29590064,1.0471976,0.012706786,0.014778346,0.0,0.0,0
275259965,-0.29588327,1.0471976,0.012766407,0.014778346,0.0,0.0,0
275279956,-0.29568198,1.0471976,0.012905849,0.014778346,0.0,0.0,0
275299868,-0.29533634,1.0471976,0.013129233,0.014778346,0.0,0.0,0
275319875,-0.29518571,1.0471976,0.013316246,0.014778346,0.0,0.0,0
275339798,-0.29508233,1.0471976,0.013449787,0.014778346,0.0,0.0,0
275359754,-0.29534277,1.0471976,0.013405215,0.014778346,0.0,0.0,0
275379708,-0.2953151,1.0471976,0.013407679,0.014778346,0.0,0.0,0
275399670,-0.2950661,1.0471976,0.014960808,0.014778346,0.0,0.0,0
275419665,-0.2936312,1.0471976,0.015170433,0.014778346,0.0,0.0,0
275439589,-0.29346755,1.0471976,0.015341447,0.014778346,0.0,0.0,0
275459532,-0.29349115,1.0471976,0.015331595,0.014778346,0.0,0.0,0
275479498,-0.29342213,1.0471976,0.015323702,0.014778346,0.0,0.0,0
275504451,-0.2922844,1.0471976,0.01654892,0.014778346,0.0,0.0,0
275519456,-0.29206252,1.0471976,0.016634593,0.014778346,0.0,0.0,0
275539368,-0.29190135,1.0471976,0.016762456,0.014778346,0.0,0.0,0
275559330,-0.2916215,1.0471976,0.016940106,0.014778346,0.0,0.0,0
275579333,-0.2914108,1.0471976,0.017133797,0.014778346,0.0,0.0,0
275599265,-0.29130656,1.0471976,0.014562191,0.014778346,0.0,0.0,0
275619221,-0.29356527,1.0471976,0.014646891,0.014778346,0.0,0.0,0
275644137,-0.29350552,1.0471976,0.014690128,0.014778346,0.0,0.0,0
275659133,-0.2934713,1.0471976,0.014717486,0.014778346,0.0,0.0,0
275679081,-0.29333082,1.0471976,0.0148623455,0.014778346,0.0,0.0,0
275704042,-0.29299253,1.0471976,0.015071209,0.014778346,0.0,0.0,0
275719059,-0.29281455,1.0471976,0.015178709,0.014778346,0.0,0.0,0
275738955,-0.29280534,1.0471976,0.015216593,0.014778346,0.0,0.0,0
275758912,-0.29259312,1.0471976,0.015295127,0.014778346,0.0,0.0,0
275783856,-0.29231086,1.0471976,0.015486984,0.014778346,0.0,0.0,0
275798841,-0.29223228,1.0471976,0.015583276,0.014778346,0.0,0.0,0
275818787,-0.29203412,1.0471976,0.015697217,0.014778346,0.0,0.0,0
275843771,-0.29193693,1.0471976,0.015833205,0.014778346,0.0,0.0,0
275858699,-0.29183108,1.0471976,0.01591566,0.014778346,0.0,0.0,0
275878684,-0.29159078,1.0471976,0.016055614,0.014778346,0.0,0.0,0
275903607,-0.2857984,1.0471976,0.022692522,0.014778346,0.0,0.0,1
275923647,-0.28557995,1.0471976,0.022825547,0.014778346,0.0,0.0,1
275938527,-0.28574315,1.0471976,0.022795819,0.014778346,0.0,0.0,1
275958482,-0.2857662,1.0471976,0.0226194,0.014778346,0.0,0.0,1
275983456,-0.28527585,1.0471976,0.02302475,0.014778346,0.0,0.0,1
275998394,-0.28459716,1.0471976,0.023522705,0.014778346,0.0,0.0,1
276018354,-0.28460595,1.0471976,0.023667004,0.014778346,0.0,0.0,1
276043296,-0.28436723,1.0471976,0.02384685,0.014778346,0.0,0.0,1
276063256,-0.28384632,1.0471976,0.024325853,0.014778346,0.0,0.0,1
276078251,-0.28375128,1.0471976,0.024404189,0.014778346,0.0,0.0,1
276098203,-0.28406242,1.0471976,0.022468595,0.014778346,0.0,0.0,1
276123234,-0.2855101,1.0471976,0.022435801,0.014778346,0.0,0.0,1
276138115,-0.28522646,1.0471976,0.02259693,0.014778346,0.0,0.0,1
276158100,-0.2848178,1.0471976,0.022915851,0.014778346,0.0,0.0,1
276183001,-0.2848006,1.0471976,0.023093607,0.014778346,0.0,0.0,1
276202972,-0.2891516,1.0471976,0.017926147,0.014778346,0.0,0.0,1
276217933,-0.2890196,1.0471976,0.018025095,0.014778346,0.0,0.0,1
276242878,-0.2887141,1.0471976,0.018250264,0.014778346,0.0,0.0,1
276262859,-0.28867856,1.0471976,0.01823743,0.014778346,0.0,0.0,1
276277813,-0.28882918,1.0471976,0.018193468,0.014778346,0.0,0.0,1
276297779,-0.28847286,1.0471976,0.025659457,0.014778346,0.0,0.0,1
276322754,-0.28170556,1.0471976,0.026028294,0.014778346,0.0,0.0,1
276342670,-0.28195393,1.0471976,0.025958607,0.014778346,0.0,0.0,1
276357645,-0.2814415,1.0471976,0.026204344,0.014778346,0.0,0.0,1
276382616,-0.28094313,1.0471976,0.026566543,0.014778346,0.0,0.0,1
276402541,-0.2869635,1.0471976,0.020030579,0.014778346,0.0,0.0,1
276417526,-0.28673372,1.0471976,0.020089976,0.014778346,0.0,0.0,1
276442466,-0.28640005,1.0471976,0.02031289,0.014778346,0.0,0.0,1
276462429,-0.28646877,1.0471976,0.020299232,0.014778346,0.0,0.0,1
276482394,-0.28637594,1.0471976,0.0203984,0.014778346,0.0,0.0,1
276497357,-0.28618422,1.0471976,0.020540478,0.014778346,0.0,0.0,1
276522333,-0.28597614,1.0471976,0.020660626,0.014778346,0.0,0.0,1
276542242,-0.2857427,1.0471976,0.020775042,0.014778346,0.0,0.0,1
276557223,-0.28569156,1.0471976,0.020869212,0.014778346,0.0,0.0,1
276582158,-0.28556243,1.0471976,0.020947931,0.014778346,0.0,0.0,1
276602128,-0.2862788,1.0471976,0.020036856,0.014778346,0.0,0.0,1
276622096,-0.28615782,1.0471976,0.020147506,0.014778346,0.0,0.0,1
276642043,-0.2860849,1.0471976,0.020221807,0.014778346,0.0,0.0,1
276661996,-0.28591812,1.0471976,0.02033602,0.014778346,0.0,0.0,1
276681976,-0.28590274,1.0471976,0.02041826,0.014778346,0.0,0.0,1
276697016,-0.28578502,1.0471976,0.0285287,0.014778346,0.0,0.0,1
276721866,-0.27850467,1.0471976,0.028716577,0.014778346,0.0,0.0,1
276741827,-0.27875465,1.0471976,0.028576214,0.014778346,0.0,0.0,1
276761784,-0.27807572,1.0471976,0.028965332,0.014778346,0.0,0.0,1
276781740,-0.27772728,1.0471976,0.029243426,0.014778346,0.0,0.0,1
276801707,-0.2819291,1.0471976,0.02473381,0.014778346,0.0,0.0,1
276821690,-0.28176343,1.0471976,0.024795173,0.014778346,0.0,0.0,1
276841617,-0.28148505,1.0471976,0.024965046,0.014778346,0.0,0.0,1
276861576,-0.2816536,1.0471976,0.02495008,0.014778346,0.0,0.0,1
276881529,-0.2814665,1.0471976,0.025098016,0.014778346,0.0,0.0,1
276901530,-0.2804274,1.0471976,0.026188392,0.014778346,0.0,0.0,1
276921453,-0.28039038,1.0471976,0.026233647,0.014778346,0.0,0.0,1
276941399,-0.27999333,1.0471976,0.026446965,0.014778346,0.0,0.0,1
276961408,-0.2799717,1.0471976,0.026551569,0.014778346,0.0,0.0,1
276981317,-0.2798881,1.0471976,0.026592057,0.014778346,0.0,0.0,1
277001280,-0.28250617,1.0471976,0.023530928,0.014778346,0.0,0.0,1
277021239,-0.28247446,1.0471976,0.023589276,0.014778346,0.0,0.0,1
277041201,-0.28214836,1.0471976,0.023748746,0.014778346,0.0,0.0,1
277061150,-0.28213418,1.0471976,0.023876747,0.014778346,0.0,0.0,1
277081118,-0.28222728,1.0471976,0.02388292,0.014778346,0.0,0.0,1
277101202,-0.28191763,1.0471976,0.026229115,0.014778346,0.0,0.0,1
277121033,-0.27973348,1.0471976,0.026406733,0.014778346,0.0,0.0,1
277141019,-0.27988428,1.0471976,0.02636185,0.014778346,0.0,0.0,1
277160942,-0.2796704,1.0471976,0.026506912,0.014778346,0.0,0.0,1
277180916,-0.27956232,1.0471976,0.02660425,0.014778346,0.0,0.0,1
277200864,-0.27954763,1.0471976,0.025254486,0.014778346,0.0,0.0,1
277220816,-0.28052846,1.0471976,0.025387835,0.014778346,0.0,0.0,1
277240790,-0.28050137,1.0471976,0.025453435,0.014778346,0.0,0.0,1
277260741,-0.28033102,1.0471976,0.025532637,0.014778346,0.0,0.0,1
277280721,-0.28013414,1.0471976,0.025685316,0.014778346,0.0,0.0,1
277300801,-0.28021067,1.0471976,0.031953037,0.014778346,0.0,0.0,1
277320614,-0.27449197,1.0471976,0.032066397,0.014778346,0.0,0.0,1
277340566,-0.2747664,1.0471976,0.032017123,0.014778346,0.0,0.0,1
277360552,-0.2743142,1.0471976,0.032203753,0.014778346,0.0,0.0,1
277380489,-0.27385113,1.0471976,0.032490868,0.014778346,0.0,0.0,1
277400453,-0.27399302,1.0471976,0.024006078,0.014778346,0.0,0.0,1
277420393,-0.28147927,1.0471976,0.024013214,0.014778346,0.0,0.0,1
277440354,-0.28103438,1.0471976,0.024250316,0.014778346,0.0,0.0,1
277460326,-0.2814231,1.0471976,0.02418959,0.014778346,0.0,0.0,1
277480316,-0.28134918,1.0471976,0.024165833,0.014778346,0.0,0.0,1
277500408,-0.28092727,1.0471976,0.024345364,0.014778346,0.0,0.0,1
277520221,-0.280883,1.0471976,0.024462199,0.014778346,0.0,0.0,1
277540186,-0.28078055,1.0471976,0.024527684,0.014778346,0.0,0.0,1
277560150,-0.28071228,1.0471976,0.02461958,0.014778346,0.0,0.0,1
277580082,-0.2806955,1.0471976,0.024651343,0.014778346,0.0,0.0,1
277600021,-0.28043014,1.0471976,0.02848551,0.014778346,0.0,0.0,1
277619976,-0.27700627,1.0471976,0.028640779,0.014778346,0.0,0.0,1
277639975,-0.27721646,1.0471976,0.028615905,0.014778346,0.0,0.0,1
277659894,-0.27673608,1.0471976,0.028836645,0.014778346,0.0,0.0,1
277679864,-0.27646688,1.0471976,0.029038671,0.014778346,0.0,0.0,1
277699909,-0.27657723,1.0471976,0.03422722,0.014778346,0.0,0.0,1
277719772,-0.27662778,1.0471976,0.034383662,0.014778346,0.0,0.0,1
277739732,-0.2767119,1.0471976,0.03440946,0.014778346,0.0,0.0,1
277759695,-0.27148557,1.0471976,0.034629267,0.014778346,0.0,0.0,1
277779689,-0.2710849,1.0471976,0.034909837,0.014778346,0.0,0.0,1
277799645,-0.2710918,1.0471976,0.032535635,0.014778346,0.0,0.0,1
277819555,-0.2731366,1.0471976,0.032583565,0.014778346,0.0,0.0,1
277839520,-0.27297875,1.0471976,0.032757208,0.014778346,0.0,0.0,1
277859485,-0.27289096,1.0471976,0.032862514,0.014778346,0.0,0.0,1
277884467,-0.27267244,1.0471976,0.033003554,0.014778346,0.0,0.0,1
277899470,-0.2725312,1.0471976,0.033117034,0.014778346,0.0,0.0,1
277919348,-0.27245283,1.0471976,0.033205993,0.014778346,0.0,0.0,1
277939356,-0.27224544,1.0471976,0.03336936,0.014778346,0.0,0.0,1
277959292,-0.2720582,1.0471976,0.033531807,0.014778346,0.0,0.0,1
277979241,-0.27204296,1.0471976,0.033543896,0.014778346,0.0,0.0,1
277999207,-0.271876,1.0471976,0.026197,0.014778346,0.0,0.0,1
278024124,-0.27827796,1.0471976,0.026322769,0.014778346,0.0,0.0,1
278039097,-0.27807042,1.0471976,0.026476411,0.014778346,0.0,0.0,1
278059077,-0.27817327,1.0471976,0.026506767,0.014778346,0.0,0.0,1
278084045,-0.27805507,1.0471976,0.026571445,0.014778346,0.0,0.0,1
278099024,-0.27776533,1.0471976,0.02736615,0.014778346,0.0,0.0,1
278118945,-0.27721414,1.0471976,0.027479533,0.014778346,0.0,0.0,1
278138889,-0.27717492,1.0471976,0.027500534,0.014778346,0.0,0.0,1
278163838,-0.27692267,1.0471976,0.027645363,0.014778346,0.0,0.0,1
278178813,-0.27694985,1.0471976,0.027686644,0.014778346,0.0,0.0,1
278198817,-0.27667215,1.0471976,0.041983943,0.014778346,0.0,0.0,1
278223707,-0.2639531,1.0471976,0.04220262,0.014778346,0.0,0.0,1
278238706,-0.2646902,1.0471976,0.041838896,0.014778346,0.0,0.0,1
278258652,-0.26380464,1.0471976,0.04224627,0.014778346,0.0,0.0,1
278283630,-0.26333538,1.0471976,0.042735912,0.014778346,0.0,0.0,1
278303545,-0.2769387,1.0471976,0.027581986,0.014778346,0.0,0.0,1
278318512,-0.27674174,1.0471976,0.027633805,0.014778346,0.0,0.0,1
278338500,-0.2763423,1.0471976,0.027849518,0.014778346,0.0,0.0,1
278363416,-0.27666804,1.0471976,0.027754992,0.014778346,0.0,0.0,1
278378380,-0.27660358,1.0471976,0.027771013,0.014778346,0.0,0.0,1
278398344,-0.27643,1.0471976,0.027888287,0.014778346,0.0,0.0,1
278423291,-0.27633536,1.0471976,0.027982937,0.014778346,0.0,0.0,1
278443247,-0.27597043,1.0471976,0.028191794,0.014778346,0.0,0.0,1
278458211,-0.27614972,1.0471976,0.028210294,0.014778346,0.0,0.0,1
278478237,-0.27615544,1.0471976,0.028166268,0.014778346,0.0,0.0,1
278503118,-0.2745364,1.0471976,0.029781658,0.014778346,0.0,0.0,1
278518088,-0.27442244,1.0471976,0.029893897,0.014778346,0.0,0.0,1
278538045,-0.27453977,1.0471976,0.029908296,0.014778346,0.0,0.0,1
278562998,-0.27424556,1.0471976,0.030059423,0.014778346,0.0,0.0,1
278582952,-0.2741915,1.0471976,0.030157479,0.014778346,0.0,0.0,1
278597918,-0.27411944,1.0471976,0.03020881,0.014778346,0.0,0.0,1
278622868,-0.27383664,1.0471976,0.030388676,0.014778346,0.0,0.0,1
278642832,-0.27386162,1.0471976,0.03042551,0.014778346,0.0,0.0,1
278657790,-0.27370346,1.0471976,0.030504338,0.014778346,0.0,0.0,1
278677802,-0.27358177,1.0471976,0.030608788,0.014778346,0.0,0.0,1
278702704,-0.27351165,1.0471976,0.030729426,0.014778346,0.0,0.0,1
278722659,-0.27325326,1.0471976,0.030849105,0.014778346,0.0,0.0,1
278737630,-0.2731677,1.0471976,0.030936895,0.014778346,0.0,0.0,1
278762571,-0.2730612,1.0471976,0.031019302,0.014778346,0.0,0.0,1
278782589,-0.2728807,1.0471976,0.031129064,0.014778346,0.0,0.0,1
278797496,-0.2728174,1.0471976,0.034846276,0.014778346,0.0,0.0,1
278822468,-0.26943398,1.0471976,0.034988005,0.014778346,0.0,0.0,1
278842406,-0.26938957,1.0471976,0.03504768,0.014778346,0.0,0.0,1
278862386,-0.26917168,1.0471976,0.035227004,0.014778346,0.0,0.0,1
278877385,-0.2689582,1.0471976,0.03534448,0.014778346,0.0,0.0,1
278902293,-0.26364672,1.0471976,0.041515045,0.014778346,0.0,0.0,1
278922239,-0.26358023,1.0471976,0.041562557,0.014778346,0.0,0.0,1
278937203,-0.26360923,1.0471976,0.041581087,0.014778346,0.0,0.0,1
278962154,-0.263181,1.0471976,0.041884493,0.014778346,0.0,0.0,1
278982107,-0.26288113,1.0471976,0.04210382,0.014778346,0.0,0.0,1
279002070,-0.26297778,1.0471976,0.042122994,0.014778346,0.0,0.0,1
279022035,-0.26297343,1.0471976,0.04212602,0.014778346,0.0,0.0,1
279042022,-0.26266065,1.0471976,0.042291008,0.014778346,0.0,0.0,1
279061954,-0.26254514,1.0471976,0.042463504,0.014778346,0.0,0.0,1
279077071,-0.26231605,1.0471976,0.042607207,0.014778346,0.0,0.0,1
279101868,-0.27263048,1.0471976,0.03108375,0.014778346,0.0,0.0,1
279121835,-0.27251208,1.0471976,0.0311288,0.014778346,0.0,0.0,1
279136796,-0.27201402,1.0471976,0.031330884,0.014778346,0.0,0.0,1
279161760,-0.2724959,1.0471976,0.03128902,0.014778346,0.0,0.0,1
279181742,-0.27252194,1.0471976,0.031202937,0.014778346,0.0,0.0,1
279201657,-0.26157266,1.0471976,0.043187503,0.014778346,0.0,0.0,1
279221613,-0.2615074,1.0471976,0.04336438,0.014778346,0.0,0.0,1
279241585,-0.2618247,1.0471976,0.043223523,0.014778346,0.0,0.0,1
279261538,-0.26125392,1.0471976,0.043532234,0.014778346,0.0,0.0,1
279281555,-0.26098475,1.0471976,0.04370902,0.014778346,0.0,0.0,1
279301437,-0.26300815,1.0471976,0.04164173,0.014778346,0.0,0.0,1
279321438,-0.26275304,1.0471976,0.041764513,0.014778346,0.0,0.0,1
279341356,-0.26300958,1.0471976,0.041711442,0.014778346,0.0,0.0,1
279361313,-0.2628049,1.0471976,0.041769907,0.014778346,0.0,0.0,1
279381269,-0.26262406,1.0471976,0.041945446,0.014778346,0.0,0.0,1
279401230,-0.260885,1.0471976,0.04397204,0.014778346,0.0,0.0,1
279421198,-0.26085353,1.0471976,0.043979038,0.014778346,0.0,0.0,1
279441156,-0.26073244,1.0471976,0.044068992,0.014778346,0.0,0.0,1
279461121,-0.26068422,1.0471976,0.044120234,0.014778346,0.0,0.0,1
279481110,-0.26048523,1.0471976,0.044258315,0.014778346,0.0,0.0,1
279501020,-0.26045,1.0471976,0.037822094,0.014778346,0.0,0.0,1
279506035,-0.26634645,1.0471976,0.037797563,0.014778346,0.0,0.0,1
