timestamp,timestamp_sample,time_last_fuse,observation[0],observation[1],device_id,observation_variance[0],observation_variance[1],innovation[0],innovation[1],innovation_filtered[0],innovation_filtered[1],innovation_variance[0],innovation_variance[1],test_ratio[0],test_ratio[1],test_ratio_filtered[0],test_ratio_filtered[1],estimator_instance,innovation_rejected,fused
114471451,114278641,114281223,31.185647062705783,117.19759192097857,0,0.25,0.25,0.025650227,0.06542141,0.0018349789,0.071373194,0.26441967,0.26437512,9.952878e-05,0.00064755883,-3.550748e-06,0.00078932225,0,0,1
114970238,114776641,114780012,31.185645841058204,117.19759145724517,0,0.25,0.25,0.054439865,0.04782484,0.025986474,0.056634616,0.26440597,0.2643947,0.00044835583,0.00034603043,0.00017061882,0.00051873445,0,0,1
115469026,115277711,115278800,31.185644249587682,117.19759073088635,0,0.25,0.25,0.07412445,0.0348686,0.050148565,0.04418429,0.26434916,0.26435828,0.00083139044,0.00018396539,0.00047778376,0.00032581974,0,0,1
115968049,115776869,115777588,31.185644184838385,117.19759016121151,0,0.25,0.25,0.05038554,0.030822093,0.05043553,0.036381394,0.26434296,0.2643644,0.00038415284,0.0001437412,0.00042639652,0.000219696,0,0,1
116476609,116279636,116286352,31.185644055175977,117.1975897653703,0,0.25,0.25,0.049328893,0.030834345,0.05023361,0.031810224,0.26441997,0.2644539,0.00036810228,0.00014380683,0.00039899946,0.00016328853,0,0,1
116885608,116685661,116695359,31.18564429735233,117.19758936253967,0,0.25,0.25,0.049000446,0.025290335,0.049203508,0.029328682,0.26451457,0.26456258,0.00036308682,9.670318e-05,0.0003751204,0.00013630459,0,0,1
117384410,117192637,117194147,31.185645953977556,117.19758839164504,0,0.25,0.25,0.047973152,0.029032856,0.04946432,0.02609096,0.26560515,0.265716,0.00034659318,0.00012688838,0.00037802136,0.000111328445,0,0,1
117883233,117686738,117692936,31.185646298454007,117.19758817343198,0,0.25,0.25,0.06477287,0.016580742,0.057583936,0.021921428,0.26521763,0.2652977,0.00063276704,4.145094e-05,0.0005119336,8.009866e-05,0,0,1
118391905,118192638,118201701,31.185644906572485,117.19758858652239,0,0.25,0.25,0.06687227,0.019521857,0.061786782,0.021210732,0.26626587,0.26632804,0.00067179475,5.723812e-05,0.0005841051,7.285625e-05,0,0,1
118880928,118686645,118690514,31.185644860414257,117.19758876667453,0,0.25,0.25,0.06618815,0.015576436,0.06310198,0.020653062,0.26551244,0.26556754,0.00065998733,3.654443e-05,0.00060515915,6.781099e-05,0,0,1
119379511,119187638,119189303,31.185645246918604,117.19758864529311,0,0.25,0.25,0.048375968,0.02833912,0.057470217,0.02444685,0.26632214,0.26638594,0.00035148926,0.000120592806,0.00050400704,9.3558745e-05,0,0,1
119978093,119782642,119787851,31.185645017104815,117.1975887897749,0,0.25,0.25,0.047780097,0.02487706,0.054561023,0.024371319,0.26550862,0.26556072,0.00034393423,9.321681e-05,0.00045268165,9.13164e-05,0,0,1
120377109,120180643,120186882,31.18564507830911,117.19758866874085,0,0.25,0.25,0.04194974,0.022985637,0.04798808,0.024785705,0.26514193,0.26518875,0.0002654851,7.96926e-05,0.00035539272,9.401473e-05,0,0,1
120876173,120682640,120685671,31.18564530421019,117.19758858092075,0,0.25,0.25,0.024726704,0.024071975,0.037074093,0.024958348,0.26483905,0.26488018,9.2344366e-05,8.7505214e-05,0.00022626048,9.5430114e-05,0,0,1
121374656,121183643,121184461,31.185645170239845,117.1975883380039,0,0.25,0.25,0.036287583,0.035711404,0.036673345,0.031467166,0.26580405,0.26585156,0.00019815931,0.00019188218,0.0002153255,0.00015549708,0,0,1
121883513,121683667,121693227,31.18564557621227,117.19758850011718,0,0.25,0.25,0.036870427,0.04073698,0.033605512,0.034341574,0.26539353,0.2654386,0.00020489248,0.0002500769,0.00017813622,0.00018244796,0,0,1
122382244,122183690,122192017,31.18564560536575,117.19758843945762,0,0.25,0.25,0.043356523,0.045719747,0.039953277,0.039664574,0.2662436,0.2662943,0.00028241627,0.00031398272,0.0002483318,0.00024207786,0,0,1
122871032,122679636,122680831,31.185645600271748,117.19758854596076,0,0.25,0.25,0.042729698,0.042962827,0.040973723,0.041875392,0.2654503,0.26549205,0.00027512902,0.00027809563,0.0002583515,0.00026690782,0,0,1
123379938,123180638,123189597,31.185645571959668,117.19758852773671,0,0.25,0.25,0.042132013,0.04221887,0.04136336,0.041548267,0.2663826,0.26643178,0.00026654993,0.0002676007,0.00025970157,0.0002607914,0,0,1
123878577,123680636,123688387,31.18564554528679,117.19758851295657,0,0.25,0.25,0.03655472,0.04006211,0.038883153,0.038146965,0.26565176,0.26569465,0.00020120289,0.00024162665,0.00022922544,0.00022196432,0,0,1
124377442,124182745,124187178,31.18564538590987,117.19758847980326,0,0.25,0.25,0.041767422,0.039555874,0.03844645,0.03879585,0.2664109,0.2664603,0.0002619289,0.00023488182,0.0002247681,0.00022753085,0,0,1
124976013,124784640,124785726,31.18564551711051,117.19758844285165,0,0.25,0.25,0.033944633,0.03844549,0.035432138,0.03648368,0.26555654,0.26559836,0.00017355823,0.00022260015,0.0001907568,0.00020197534,0,0,1
125395082,125194789,125204711,31.18564619488631,117.19758791882867,0,0.25,0.25,0.017608467,0.06325463,0.028500924,0.04961221,0.2667031,0.26675344,4.6502366e-05,0.0005999771,0.00013547309,0.0004021998,0,0,1
125883778,125685647,125693525,31.185646433423255,117.19758850430452,0,0.25,0.25,0.04182982,0.05306818,0.026148705,0.049945854,0.26577535,0.26581222,0.00026334028,0.00042379266,0.0001231813,0.00039211224,0,0,1
126472280,126280637,126282099,31.185646381745972,117.19758909510817,0,0.25,0.25,0.02543584,0.06014284,0.030546932,0.05530811,0.26620144,0.2662324,9.721691e-05,0.00054345926,0.00015669265,0.00046942284,0,0,1
126881633,126685647,126691107,31.18564614007586,117.19758885074135,0,0.25,0.25,0.032583542,0.081540376,0.031028315,0.06432768,0.26575884,0.26578298,0.0001597971,0.0010006409,0.00015274258,0.0006421294,0,0,1
127380200,127182638,127189898,31.185644695154426,117.1975879642907,0,0.25,0.25,0.019082712,0.0904814,0.02786515,0.07687563,0.2652352,0.2652488,5.4917284e-05,0.001234597,0.00012494226,0.00091556483,0,0,1
127878918,127682635,127688690,31.185645144547877,117.19758814342967,0,0.25,0.25,-0.018000258,0.100251235,0.0071157487,0.08772999,0.26492774,0.26493394,4.8920403e-05,0.0015174061,4.0533178e-05,0.0011854575,0,0,1
128387699,128193639,128197457,31.185645783735925,117.19758794308356,0,0.25,0.25,-0.053155877,0.09167429,-0.022739476,0.0913742,0.26600945,0.2660189,0.00042487922,0.001263696,-0.00016723631,0.0012702424,0,0,1
128886449,128686640,128696248,31.185645343932805,117.1975879204333,0,0.25,0.25,-0.055618215,0.08329289,-0.043505445,0.08743679,0.26543507,0.26544523,0.00046616085,0.0010454443,-0.00036616775,0.0011588464,0,0,1
129385459,129188638,129195040,31.18564524660762,117.19758795357654,0,0.25,0.25,-0.07248237,0.0913118,-0.06092283,0.086037934,0.26630422,0.26630938,0.0007891267,0.0012523546,-0.0006242744,0.0011195157,0,0,1
129884061,129687636,129693831,31.185645149843317,117.19758753772317,0,0.25,0.25,-0.06927244,0.08064633,-0.064436026,0.08675343,0.26561823,0.26561913,0.0007226419,0.000979422,-0.0006530548,0.001137646,0,0,1
130382842,130188248,130192623,31.185645212546863,117.1975874237503,0,0.25,0.25,-0.07098703,0.072894976,-0.07277019,0.07317843,0.26640254,0.26640573,0.0007566232,0.00079783227,-0.0008187977,0.00083577284,0,0,1
130881699,130683639,130691415,31.185645223431557,117.19758707853967,0,0.25,0.25,-0.07611529,0.019215234,-0.07469825,0.04943463,0.2656834,0.26568744,0.00087224675,5.5587905e-05,-0.00085635,0.00045072348,0,0,1
131380408,131188640,131190207,31.1856452468426,117.1975874705053,0,0.25,0.25,-0.07011216,-0.059421286,-0.07466118,-0.0055982717,0.26646927,0.26646635,0.0007379035,0.00053003157,-0.0008497855,-7.2454045e-06,0,0,1
131879235,131686651,131688999,31.185644708965164,117.19758758039694,0,0.25,0.25,-0.07409557,-0.103643924,-0.06977132,-0.05265501,0.26572052,0.2657093,0.00082645536,0.001617115,-0.00075004145,-0.0006582003,0,0,1
132377987,132186647,132187791,31.18564723898813,117.19758737454048,0,0.25,0.25,-0.018893443,-0.19312288,-0.046711456,-0.117215075,0.2665249,0.2665233,5.3572807e-05,0.0055974764,-0.00043974278,-0.002760031,0,0,1
132976786,132783635,132786341,31.185641968537393,117.19758881848027,0,0.25,0.25,-0.035218667,-0.18694238,-0.030985806,-0.16087173,0.26562628,0.2655976,0.0001867819,0.005263218,-0.00022276468,-0.0042868815,0,0,1
133475287,133278642,133285133,31.185643996263277,117.1975874648705,0,0.25,0.25,-0.06393248,-0.21152176,-0.044467732,-0.19307145,0.265224,0.265182,0.0006164392,0.0067487927,-0.0003587894,-0.0059258104,0,0,1
133974207,133781634,133783924,31.18566465155302,117.19756402519523,0,0.25,0.25,0.0265179,-0.19082035,-0.038916085,-0.17110258,0.26551586,0.26551542,0.000105937026,0.005485543,-0.00055000326,-0.0047500734,0,0,1
134472865,134278638,134282716,31.1856773749937,117.19753577985082,0,0.25,0.25,0.14204936,-0.24025014,0.07243419,-0.22597794,0.2653312,0.26516777,0.0030419368,0.00870696,0.0017880531,-0.008415573,0,0,1
134971630,134777634,134781507,31.185686065978064,117.19750378949735,0,0.25,0.25,0.14223044,-0.25131765,0.11407986,-0.23708928,0.2651811,0.26483873,0.0030514235,0.009539475,0.0025408538,-0.008789366,0,0,1
135470465,135277644,135280298,31.185693695471734,117.19746822568285,0,0.25,0.25,0.14320289,-0.23191078,0.1351448,-0.26248807,0.26500204,0.2645922,0.0030953826,0.008130642,0.003083509,-0.011292634,0,0,1
135869430,135678642,135679331,31.18569929101911,117.19743785625718,0,0.25,0.25,0.11957527,-0.22436854,0.13851482,-0.2674543,0.264838,0.26446563,0.002159546,0.0076140314,0.00308112,-0.011383164,0,0,1
136378177,136183639,136188097,31.18570942363396,117.19739824689191,0,0.25,0.25,0.11922617,-0.22184497,0.14633268,-0.29194552,0.2647173,0.26448852,0.0021479335,0.0074430737,0.0034063056,-0.014329715,0,0,1
136976746,136779636,136786645,31.18572801761611,117.19735445664797,0,0.25,0.25,0.0873188,-0.11971508,0.11675039,-0.19691706,0.26453555,0.2645516,0.0011528996,0.0021669422,0.0022069025,-0.0071243457,0,0,1
137475462,137279637,137285435,31.185748133662887,117.1973286632978,0,0.25,0.25,0.05022384,-0.06522161,0.09393606,-0.15416132,0.26456082,0.26458988,0.0003813768,0.0006430871,0.0017366848,-0.0048097204,0,0,1
137974294,137776637,137784225,31.185768873229133,117.19731530663994,0,0.25,0.25,-0.0065080514,-0.01612274,0.036469813,-0.082468376,0.2647644,0.2645904,6.398856e-06,3.9297374e-05,0.0007054144,-0.0020763022,0,0,1
138473075,138278642,138283014,31.185790548179586,117.19731328334643,0,0.25,0.25,-0.025931822,0.0013907321,0.015524887,-0.045960695,0.26492742,0.26452285,0.00010153111,2.924716e-07,0.00044339395,-0.00091771485,0,0,1
138971894,138778827,138781802,31.18581092153872,117.19732306306472,0,0.25,0.25,-0.04370362,-0.012056273,-0.01432819,-0.026203258,0.2650508,0.26444435,0.0002882476,2.1986285e-05,5.181401e-05,-0.00038512182,0,0,1
139470615,139277638,139280591,31.185824487608677,117.19734520758081,0,0.25,0.25,0.018732551,-0.029498002,0.011243134,-0.014474576,0.265082,0.2643748,5.2950934e-05,0.0001316513,0.00026107513,-2.272358e-05,0,0,1
139969450,139776864,139779379,31.185829403027082,117.19737437002432,0,0.25,0.25,0.0574417,-0.033456575,0.038061254,-0.007183845,0.26500195,0.26435673,0.00049804145,0.00016936848,0.00039970747,-3.510601e-05,0,0,1
140468218,140276162,140278167,31.185828666998084,117.19740427606915,0,0.25,0.25,0.10389194,0.014750668,0.067887284,0.033371296,0.26485083,0.26439732,0.0016301305,3.2917458e-05,0.0008738453,0.00074334606,0,0,1
140967105,140773653,140776954,31.185824714673398,117.19743028555975,0,0.25,0.25,0.12612216,0.06125066,0.09775943,0.05651992,0.26465967,0.26444432,0.0024041138,0.00056747574,0.0016146775,0.00078835787,0,0,1
141465824,141273640,141275741,31.185816178896452,117.1974496479007,0,0.25,0.25,0.2227756,0.10814159,0.14090498,0.10823387,0.26447955,0.26445588,0.0075059063,0.0017688553,0.0033890563,0.0023209697,0,0,1
141964684,141773640,141774530,31.185803185700184,117.19746452663416,0,0.25,0.25,0.2820792,0.15113243,0.2011687,0.13711539,0.26436222,0.2644341,0.01203934,0.0034550782,0.00670726,0.0031562075,0,0,1
142473547,142276062,142283290,31.18578619955148,117.19747566177094,0,0.25,0.25,0.3315563,0.220291,0.25293082,0.18913636,0.2654929,0.26559737,0.016562339,0.007308525,0.010748822,0.005904159,0,0,1
142972192,142777637,142782075,31.185764034555735,117.19748104210709,0,0.25,0.25,0.32618493,0.24516995,0.2981732,0.21516721,0.26513076,0.2651753,0.016051944,0.009066953,0.014062163,0.007267273,0,0,1
143470948,143273640,143280861,31.18573879690235,117.19747955495714,0,0.25,0.25,0.3066214,0.27320558,0.27792773,0.24177009,0.26487222,0.26483068,0.014198043,0.0112738125,0.012413491,0.009014968,0,0,1
143969678,143777642,143779646,31.185713136295096,117.19747098845531,0,0.25,0.25,0.25213483,0.30905503,0.27319494,0.2743641,0.26473933,0.2646036,0.009605218,0.014438958,0.011593966,0.011565088,0,0,1
144368712,144177636,144178675,31.185694361364334,117.19746003646249,0,0.25200403,0.25200403,0.20930205,0.3314471,0.20876123,0.27954715,0.26665345,0.26645818,0.0065714284,0.016491469,0.0076790005,0.01201235,0,0,1
144877758,144682640,144687435,31.185674205054628,117.19744100761102,0,0.25603604,0.25603604,0.07488896,0.29289162,0.1426374,0.28474563,0.27078432,0.27053517,0.00082846096,0.012683823,0.003979902,0.012212936,0,0,1
145366458,145175638,145176243,31.185658569733747,117.19741580844804,0,0.26112103,0.26112103,0.043783393,0.43698904,0.062320918,0.3049727,0.27689454,0.27659622,0.00027692644,0.027615624,0.0015827144,0.0150003815,0,0,1
145974790,145783057,145784760,31.185649288331337,117.19737886456166,0,0.26522505,0.26522505,-0.08612636,0.31387147,-0.017152643,0.3246501,0.28075358,0.28054994,0.0010568342,0.014046027,0.00015541408,0.015705282,0,0,1
146373832,146177055,146183787,31.185648813757446,117.19735275757402,0,0.267289,0.267289,-0.124844916,0.28333575,-0.06391955,0.2730728,0.28260255,0.28248703,0.0022061025,0.01136748,-0.00079206016,0.012045027,0,0,1
146972535,146779663,146782327,31.185655886222754,117.19731531170805,0,0.27144104,0.27144104,-0.18585058,0.16949534,-0.12915462,0.21301694,0.28657708,0.2866058,0.0048211026,0.0040095034,-0.0027405596,0.0072997864,0,0,1
147471530,147275652,147281112,31.18566585636491,117.19728713558447,0,0.27457604,0.27457604,-0.21700668,0.11060378,-0.1625344,0.13391092,0.28962228,0.2897293,0.006503906,0.0016889139,-0.004093874,0.0038571383,0,0,1
147969913,147777906,147779892,31.185678117475188,117.19726234309513,0,0.277729,0.277729,-0.20557897,0.014060815,-0.19456002,0.080489255,0.29278654,0.29292452,0.0057738596,2.6997604e-05,-0.0054993145,0.0018160932,0,0,1
148368971,148175650,148178918,31.185688988285683,117.19724459562492,0,0.27984104,0.27984104,-0.22248973,-0.03203377,-0.19144396,0.008068017,0.2949015,0.2950356,0.0067143342,0.00013912389,-0.0053049107,0.00028022315,0,0,1
148867935,148677643,148677700,31.18570441320272,117.19722602083063,0,0.28196102,0.28196102,-0.22580196,-0.09681288,-0.20087683,-0.052366346,0.29705608,0.29716328,0.0068655754,0.0012616275,-0.0056149913,-0.0005955611,0,0,1
149366704,149175649,149176482,31.185721310837742,117.19721157416315,0,0.28622502,0.28622502,-0.18791384,-0.17682348,-0.18369816,-0.12778549,0.3013734,0.30144408,0.004686759,0.0041489014,-0.004798162,-0.0029498094,0,0,1
149975023,149776637,149784995,31.185743478425103,117.19719963279795,0,0.292681,0.292681,-0.11907888,-0.23726326,-0.15103662,-0.20222574,0.30810863,0.3081299,0.0018408806,0.0073078084,-0.0032259992,-0.006009788,0,0,1
150473901,150279799,150283776,31.185764297333847,117.19719488491427,0,0.29702502,0.29702502,-0.07839342,-0.28017125,-0.10740721,-0.25237963,0.31256783,0.31255513,0.000786457,0.010045706,-0.001953805,-0.0087395385,0,0,1
150972610,150776642,150782557,31.185785616309897,117.19719595377816,0,0.30030406,0.30030406,-0.04462821,-0.30239767,-0.067154735,-0.28785866,0.31596398,0.3159185,0.00025213978,0.01157822,-0.00094006787,-0.010904686,0,0,1
151371643,151180637,151181581,31.185801895086215,117.19720088157753,0,0.30691603,0.30691603,0.017424582,-0.34694782,0.012992133,-0.31189278,0.32381555,0.32372165,3.7504815e-05,0.0148736155,0.0010220187,-0.012544051,0,0,1
151970140,151778639,151780118,31.185823952249393,117.19721592721035,0,0.31136402,0.31136402,0.05065496,-0.29977843,0.036026955,-0.31627983,0.32808417,0.3279682,0.00031283736,0.010960465,0.00053094997,-0.0124792745,0,0,1
152379200,152181646,152189117,31.18583601554608,117.19722979206892,0,0.3136,0.3136,0.16046949,-0.24486102,0.09518266,-0.28251418,0.33031756,0.3301971,0.0031182666,0.0072631673,0.0017461639,-0.010013449,0,0,1
152967885,152776646,152777677,31.185851932464463,117.19725122725639,0,0.31584403,0.31584403,0.13413766,-0.20903872,0.12846413,-0.23603347,0.33234635,0.33225733,0.0021655615,0.0052606435,0.0022965744,-0.0069920723,0,0,1
153376733,153177637,153186677,31.185861698964047,117.19726440116395,0,0.31696904,0.31696904,0.18098335,-0.12976646,0.1657081,-0.18106502,0.33350053,0.33345008,0.0039286264,0.0020200126,0.003780145,-0.0045102397,0,0,1
153975316,153776904,153785211,31.185877874924202,117.19727939703164,0,0.31922498,0.31922498,0.16560622,-0.11638964,0.16042951,-0.13765286,0.33571032,0.3357122,0.003267748,0.0016140668,0.0032561643,-0.0026144213,0,0,1
154464290,154273635,154274015,31.185889294395153,117.19729067925036,0,0.32490006,0.32490006,0.16375925,-0.12141129,0.17757817,-0.11235527,0.34125438,0.3412734,0.0031433548,0.0017277293,0.0041022087,-0.0018067523,0,0,1
154973164,154777303,154782769,31.18590245747746,117.19730063718278,0,0.33062506,0.33062506,0.16922647,-0.08378967,0.18089621,-0.0951581,0.34717643,0.34720343,0.0032994864,0.0008088294,0.0039960956,-0.0012178181,0,0,1
155471619,155275642,155281548,31.185916443445546,117.19730714218184,0,0.33640006,0.33640006,0.15003273,-0.05129523,0.1847474,-0.067168154,0.3531422,0.3531621,0.0025496606,0.00029801615,0.004159542,-0.0006755571,0,0,1
155970484,155773639,155780326,31.18593088934596,117.19731205840105,0,0.34105605,0.34105605,0.121702194,-0.069357395,0.1547546,-0.059896726,0.35793483,0.35794437,0.001655209,0.00053756376,0.0029096182,-0.0004906625,0,0,1
156469158,156274754,156279105,31.185946175638925,117.19731428573726,0,0.34692106,0.34692106,0.055398833,-0.057311535,0.12776454,-0.04953769,0.36393002,0.36392766,0.00033732096,0.00036101812,0.0023291188,-0.00034859666,0,0,1
156968064,156768643,156777883,31.185960534278326,117.19731742114102,0,0.35283604,0.35283604,0.0411174,-0.044258196,0.08098114,-0.037286498,0.37000772,0.3700124,0.00018276816,0.00021175377,0.001117401,-0.00022407858,0,0,1
157476861,157281757,157286637,31.185974819722446,117.1973249981469,0,0.36,0.36,0.033269115,-0.061339878,0.06467202,-0.040737536,0.3773851,0.37741646,0.000117316136,0.0003987723,0.00074464775,-0.00023984956,0,0,1
157965855,157773638,157775439,31.185990169633328,117.1973370498649,0,0.36602503,0.36602503,-0.02457933,-0.08539031,0.024688449,-0.06172747,0.38340932,0.38345912,6.302856e-05,0.00076060306,0.00031057448,-0.00046515264,0,0,1
158474254,158278816,158284193,31.18600577587485,117.19735036758298,0,0.36966404,0.36966404,-0.012562733,-0.08370698,0.0153266005,-0.061983313,0.38729462,0.38734442,1.629997e-05,0.00072357914,0.00023399631,-0.0004979755,0,0,1
158972998,158778681,158782970,31.186020099719144,117.19736590480193,0,0.373321,0.373321,-0.026983215,-0.08705333,-0.013602921,-0.07854073,0.3911077,0.39113992,7.446479e-05,0.00077499455,2.2652432e-05,-0.00069395505,0,0,1
159471803,159278904,159281747,31.18603466871146,117.19738455162177,0,0.373321,0.373321,-0.05240704,-0.11427432,-0.031443067,-0.08363858,0.39119086,0.39120242,0.00028083456,0.001335229,-0.00016673519,-0.0008621338,0,0,1
159970548,159778639,159780524,31.186050851417065,117.1974014374565,0,0.37210003,0.37210003,-0.08543364,-0.09969597,-0.06498744,-0.09293847,0.39006805,0.39007756,0.0007484752,0.0010192114,-0.0005422842,-0.00094932603,0,0,1
160379579,160181638,160189521,31.18606452892524,117.19741209309858,0,0.373321,0.373321,-0.1309495,-0.073219,-0.07097248,-0.06774928,0.39142805,0.3914498,0.0017523292,0.0005478119,-0.00072711444,-0.0006332144,0,0,1
160878391,160680654,160688297,31.186082525927755,117.19742333431063,0,0.373321,0.373321,-0.18602984,-0.075202264,-0.11910287,-0.06482645,0.39141718,0.39144862,0.0035365953,0.00057789247,-0.0017291565,-0.000503848,0,0,1
161477240,161281917,161286829,31.18610527803637,117.19743658371496,0,0.37454405,0.37454405,-0.21250375,-0.07946826,-0.15571834,-0.06463123,0.39261162,0.3926523,0.0046007647,0.00064333796,-0.0028200594,-0.0005007025,0,0,1
161975698,161781690,161785605,31.18612778323277,117.19744302404256,0,0.37454405,0.37454405,-0.24804473,-0.07928552,-0.2107206,-0.06550785,0.3926247,0.3926696,0.006268193,0.00064035447,-0.004887966,-0.00047379878,0,0,1
162474523,162282637,162284380,31.186152519793612,117.19744687680904,0,0.37454405,0.37454405,-0.316875,-0.10967711,-0.23704419,-0.08159997,0.39260492,0.39264566,0.010230109,0.0012254377,-0.006432808,-0.0007371163,0,0,1
162973214,162777820,162783155,31.186179581879863,117.19744465312358,0,0.37210003,0.37210003,-0.3579794,-0.08904103,-0.2887458,-0.09331425,0.39017734,0.39019665,0.013137538,0.0008127497,-0.0090305405,-0.0009270078,0,0,1
163472104,163276638,163281931,31.186206870435814,117.19743502971816,0,0.37210003,0.37210003,-0.40452984,-0.08927205,-0.32513672,-0.096366845,0.39019147,0.39016813,0.016775804,0.00081703236,-0.01170585,-0.0010008545,0,0,1
163970765,163777641,163780705,31.186233389151948,117.19742104443188,0,0.37088102,0.37088102,-0.42480606,-0.06338424,-0.381148,-0.083453335,0.3889804,0.38893163,0.018557252,0.00041318955,-0.015482418,-0.0007553429,0,0,1
164469660,164276638,164279481,31.186259002486402,117.19740411120596,0,0.36966404,0.36966404,-0.44051787,-0.05486125,-0.3895728,-0.079901874,0.3877254,0.3876778,0.020019941,0.0003105421,-0.01623854,-0.00082014006,0,0,1
164968520,164774644,164778254,31.18628438689694,117.19738396134764,0,0.36723602,0.36723602,-0.45531356,-0.0394028,-0.4099353,-0.07507041,0.385219,0.3851889,0.021526502,0.00016122799,-0.017668275,-0.00067439716,0,0,1
165467126,165275640,165277028,31.186307712806034,117.19736129433689,0,0.36723602,0.36723602,-0.45969996,-0.02972946,-0.3982372,-0.08853439,0.38511932,0.38512343,0.021948943,9.179818e-05,-0.017001366,-0.0012577559,0,0,1
165965857,165774648,165775802,31.18633031058785,117.19733693898266,0,0.36602503,0.36602503,-0.4976787,-0.006001402,-0.4304334,-0.072855785,0.3838228,0.38386515,0.025812339,3.7530706e-06,-0.019595647,-0.00083090103,0,0,1
166474578,166274638,166284551,31.186351769475028,117.19731010105971,0,0.36360905,0.36360905,-0.44081682,-0.0253397,-0.4170277,-0.07150074,0.38143972,0.3815153,0.020377478,6.732106e-05,-0.018558027,-0.0010961993,0,0,1
166973377,166773641,166783325,31.186375072761518,117.19728297907132,0,0.36120102,0.36120102,-0.44528878,0.029799808,-0.43810803,-0.026997022,0.37894875,0.3790388,0.0209297,9.371373e-05,-0.020340763,-0.00043272364,0,0,1
167462144,167271647,167272122,31.186396833266432,117.197255945514,0,0.35880104,0.35880104,-0.44055378,0.08021656,-0.41377515,-0.0029321392,0.37635353,0.3764396,0.020628225,0.00068374275,-0.01833899,-0.00020262762,0,0,1
167976222,167776156,167780870,31.1864217368765,117.19723134657627,0,0.356409,0.356409,-0.4011247,0.045125157,-0.40416253,0.021694643,0.3740584,0.37412274,0.017205978,0.00021771248,-0.017453343,1.4152295e-05,0,0,1
168469665,168276647,168279643,31.18644957627446,117.1972118814802,0,0.35402504,0.35402504,-0.38311026,0.05176739,-0.37456363,0.016718963,0.3716308,0.37165853,0.015797773,0.00028842204,-0.015525329,-3.453154e-05,0,0,1
168968441,168776634,168778416,31.186478469743665,117.19719789486412,0,0.35283604,0.35283604,-0.31349865,0.050636034,-0.35255224,0.041969474,0.37046447,0.37042207,0.010611694,0.0002768742,-0.013629151,0.00021360093,0,0,1
169377762,169183779,169187410,31.186499912189323,117.19719589138718,0,0.35283604,0.35283604,-0.20506145,0.002297228,-0.25701717,0.022620492,0.37062317,0.3704775,0.0045383237,5.697789e-07,-0.008401048,0.000108826614,0,0,1
169866292,169674649,169676207,31.18652565316865,117.19720054627734,0,0.35283604,0.35283604,-0.1910752,0.0031473478,-0.21112296,0.008433228,0.3705317,0.37028205,0.0039413343,1.0700813e-06,-0.005503472,4.2344705e-05,0,0,1
170474734,170276640,170284709,31.186553466713814,117.19721618838575,0,0.35402504,0.35402504,-0.08015687,-0.011881527,-0.13052678,-0.00042217423,0.37186065,0.3714913,0.0006911324,1.5200428e-05,-0.0026458276,3.6949357e-05,0,0,1
170973700,170776639,170783481,31.186571367184914,117.19723673824672,0,0.35402504,0.35402504,-0.025531905,-0.019735139,-0.08679878,-0.014518388,0.3718618,0.37144765,7.012048e-05,4.1941385e-05,-0.0013095832,-2.7100974e-05,0,0,1
171472270,171274644,171282253,31.186584691548646,117.19726245254428,0,0.35521603,0.35521603,0.03848745,-0.016077228,-0.017728442,-0.008697335,0.37301373,0.372627,0.00015884497,2.7746488e-05,-0.00026139553,0.00021125744,0,0,1
171871343,171674638,171681270,31.186594794307922,117.19728514282359,0,0.35402504,0.35402504,0.08032937,-0.0048860237,0.025165733,-0.010128522,0.37177292,0.37145084,0.00069427415,2.5708089e-06,0.000121755285,9.274464e-05,0,0,1
172380047,172182640,172190017,31.186607972075834,117.19731152433285,0,0.35521603,0.35521603,0.16405526,0.1018983,0.12766668,0.09102982,0.37420586,0.37400103,0.0028769327,0.0011105065,0.0027942052,0.0025140978,0,0,1
172878832,172681639,172688788,31.186620128141325,117.19733733043148,0,0.35521603,0.35521603,0.1907454,0.098885,0.16765036,0.09409919,0.3737106,0.37363818,0.0038943298,0.0010468141,0.003545953,0.0016092842,0,0,1
173377625,173185648,173187560,31.186634425573438,117.19735992345056,0,0.35760406,0.35760406,0.19490589,0.12481822,0.2149925,0.1418993,0.37701663,0.3770763,0.0040304116,0.0016526722,0.005651059,0.0031253346,0,0,1
173876351,173684640,173686331,31.18665020622994,117.19738391589051,0,0.356409,0.356409,0.19101588,0.076218545,0.21832754,0.1191919,0.37516907,0.37526768,0.0038902,0.0006192131,0.005410682,0.0020024441,0,0,1
174475249,174282641,174284856,31.18667523813166,117.1974085504603,0,0.36,0.36,0.14136627,0.061616573,0.21662082,0.122587904,0.37949306,0.37965807,0.0021064337,0.00040000223,0.0061969813,0.0025523645,0,0,1
174973650,174779194,174783628,31.186697707996153,117.19742562122714,0,0.36120102,0.36120102,0.14968352,0.04594456,0.17640282,0.07750507,0.38011038,0.38024446,0.0023577525,0.00022205744,0.0039034649,0.0011731442,0,0,1
175382649,175184636,175192619,31.186717936317603,117.1974355033073,0,0.36120102,0.36120102,0.14703046,0.06835482,0.1803482,0.07761949,0.37988675,0.37998706,0.0022762527,0.00049184635,0.00426381,0.0010091406,0,0,1
175891778,175692644,175701365,31.18674317223578,117.19744487230237,0,0.36360905,0.36360905,0.15785433,0.02930248,0.15194798,0.05461561,0.38213912,0.38217568,0.0026082636,8.9868125e-05,0.002839094,0.0005068566,0,0,1
176390223,176190641,176200135,31.186770168158397,117.19745149910891,0,0.36602503,0.36602503,0.0524167,-0.014664582,0.14458384,0.02950393,0.38567814,0.38563505,0.0002849537,2.2306062e-05,0.0039956872,0.00027853623,0,0,1
176889205,176690646,176698905,31.186797595082766,117.19745605162376,0,0.36481604,0.36481604,0.028401809,-0.045011386,0.06562829,-0.0073769996,0.38391572,0.38385066,8.4045816e-05,0.00021112637,0.0016333676,3.844436e-05,0,0,1
177387688,177192884,177197676,31.186825951699735,117.19745750473386,0,0.36602503,0.36602503,-0.036209166,-0.06575339,0.05425332,-0.037670933,0.38610083,0.38598937,0.00013583018,0.0004480443,0.0020784603,-0.00019712227,0,0,1
177886558,177693639,177696446,31.186854718066055,117.19745330843494,0,0.36360905,0.36360905,-0.07021636,-0.074768774,-0.0066184998,-0.049315944,0.38294676,0.38283867,0.00051498925,0.00058409665,0.0006246142,-0.0002896154,0,0,1
178395336,178196640,178205191,31.186884807912815,117.19744905741148,0,0.36481604,0.36481604,-0.07813914,-0.12448761,-0.0013480361,-0.09224396,0.38514584,0.38503623,0.00063412084,0.0016099435,0.0011393994,-0.0010904234,0,0,1
178884010,178685653,178693985,31.18691512012369,117.19743958863987,0,0.36240408,0.36240408,-0.1790956,-0.094906956,-0.10105734,-0.09185956,0.3817638,0.3816788,0.0033607413,0.0009439697,-0.0013247356,-0.00096538116,0,0,1
179382795,179185642,179192755,31.186944163807404,117.19742665802612,0,0.36360905,0.36360905,-0.23443042,-0.09667845,-0.13574702,-0.105613805,0.38380346,0.38372186,0.005727684,0.00097432267,-0.0029469482,-0.0013432766,0,0,1
179881554,179685650,179691525,31.186971532161913,117.19741130724691,0,0.36240408,0.36240408,-0.22993779,-0.081099235,-0.1980332,-0.09164756,0.3817689,0.3817165,0.005539622,0.0006892116,-0.0047876136,-0.00096462265,0,0,1
180390534,180191643,180200269,31.186997848693196,117.19739391169163,0,0.36602503,0.36602503,-0.22762053,-0.12385957,-0.16728985,-0.1355457,0.38631335,0.38629073,0.005364671,0.0015885644,-0.004204309,-0.002484402,0,0,1
180889053,180693641,180699039,31.1870233002233,117.19737199788644,0,0.36481604,0.36481604,-0.2193954,-0.08486559,-0.20639956,-0.10562861,0.38425946,0.38425478,0.0050106086,0.00074972847,-0.0050926586,-0.0014836729,0,0,1
181387906,181193127,181197808,31.187049464114178,117.19734883872623,0,0.36723602,0.36723602,-0.30349916,-0.07528238,-0.21866478,-0.120377705,0.3874512,0.3874729,0.009509507,0.0005850666,-0.0061094677,-0.0020518776,0,0,1
181886608,181688682,181696577,31.187077286150192,117.19732389715581,0,0.36602503,0.36602503,-0.26592723,-0.06859493,-0.26854417,-0.07851132,0.3854277,0.38545963,0.0073390976,0.00048827575,-0.00819978,-0.0010331175,0,0,1
182375407,182184645,182185371,31.18710582270068,117.19729974509865,0,0.36723602,0.36723602,-0.38493577,0.0080050845,-0.26975024,-0.07375922,0.38730738,0.38736305,0.015303147,6.61719e-06,-0.008861783,-0.0012929799,0,0,1
182884159,182685649,182694115,31.187133811117604,117.1972782951079,0,0.36481604,0.36481604,-0.26274186,-0.0795372,-0.29073647,-0.055572577,0.3842647,0.38431597,0.0071860137,0.0006584339,-0.009423381,-0.0006964323,0,0,1
183373084,183182663,183182908,31.187160777639015,117.19725752521354,0,0.36360905,0.36360905,-0.2759767,-0.02088546,-0.25904512,-0.059182327,0.38234928,0.38238972,0.007967912,4.5629098e-05,-0.007715461,-0.000820098,0,0,1
183881683,183682638,183691652,31.187184711860372,117.1972382194694,0,0.36481604,0.36481604,-0.16792166,-0.08380911,-0.21995227,-0.063627645,0.3833409,0.38336194,0.002942309,0.00073288096,-0.0055880216,-0.00068314344,0,0,1
184380631,184183635,184190420,31.187207688469385,117.19722152443742,0,0.36481604,0.36481604,-0.15593392,-0.066774,-0.1713691,-0.08290968,0.38305,0.38305208,0.0025391346,0.00046560433,-0.003654265,-0.000978576,0,0,1
184879410,184683660,184689189,31.18723094904061,117.19720568587135,0,0.36602503,0.36602503,-0.14455022,-0.06983619,-0.1651297,-0.07310457,0.3841046,0.38409656,0.0021759453,0.0005079029,-0.0031024278,-0.0006816679,0,0,1
185378095,185182636,185187957,31.187255460109828,117.19719124229748,0,0.36723602,0.36723602,-0.15097006,-0.06090134,-0.13286117,-0.0836225,0.3851759,0.38516843,0.0023669142,0.0003851794,-0.0022958557,-0.00088214694,0,0,1
185976519,185780637,185786478,31.187285914931913,117.19717451930222,0,0.36723602,0.36723602,-0.112407915,-0.11998351,-0.12111458,-0.09461321,0.38509274,0.385107,0.0013124672,0.0014952772,-0.001689001,-0.0009998612,0,0,1
186475275,186282640,186285246,31.18731297029809,117.19715988939139,0,0.36602503,0.36602503,-0.08575804,-0.1376347,-0.08998689,-0.12710527,0.38383058,0.38387638,0.0007664258,0.001973897,-0.0011410597,-0.0018360482,0,0,1
186974132,186782636,186784013,31.187339171498753,117.19714203784889,0,0.36602503,0.36602503,-0.029528981,-0.13086854,-0.06791046,-0.12652016,0.38381767,0.38389057,9.087239e-05,0.0017845267,-0.0006509555,-0.001731139,0,0,1
187393001,187195640,187202977,31.187359045975818,117.1971258490223,0,0.36966404,0.36966404,0.078330435,-0.19522792,0.0014394232,-0.14859891,0.38898715,0.3890889,0.0006309367,0.0039182757,0.00035721975,-0.0026680687,0,0,1
187881796,187684641,187691769,31.187380088713656,117.19710246979757,0,0.37088102,0.37088102,0.002364295,-0.1364178,0.016496647,-0.14234069,0.3896683,0.38973287,5.7381027e-07,0.0019100076,0.00022463837,-0.002295269,0,0,1
188380578,188185667,188190535,31.187392293942626,117.19707019672828,0,0.37576905,0.37576905,-0.016066667,-0.051012363,0.028168526,-0.14983824,0.39563373,0.39563593,2.6098664e-05,0.00026309653,0.0004558667,-0.003814405,0,0,1
188879339,188684640,188689302,31.18739522280692,117.19703288896125,0,0.37576905,0.37576905,0.016820079,-0.059659623,0.005338984,-0.108090416,0.39505818,0.3950616,2.8645407e-05,0.00036037626,0.0001651366,-0.0020054518,0,0,1
189378115,189183637,189188068,31.187384631894602,117.19699516310337,0,0.38068905,0.38068905,-4.455488e-06,0.053069443,-0.02480291,-0.10091904,0.40085882,0.4010188,1.9808844e-12,0.0002809211,-0.0003268903,-0.0037996934,0,0,1
189976679,189777079,189786587,31.18735580245234,117.19695789276861,0,0.383161,0.383161,-0.012423636,0.048046492,-0.013298499,0.003726717,0.40249836,0.4027996,1.5338868e-05,0.00022924207,-0.0001157802,-0.0010625992,0,0,1
190375676,190181703,190185599,31.187329450066247,117.19694256425446,0,0.38812903,0.38812903,0.017735787,0.09297777,-0.046768073,0.026624408,0.40840396,0.40889513,3.080853e-05,0.0008456804,-0.0014464977,-0.00027401856,0,0,1
190974144,190781877,190784117,31.18728450447835,117.19693898188801,0,0.389376,0.389376,0.028111603,0.10608044,-0.03039677,0.06325472,0.40886977,0.4091904,7.731187e-05,0.0011000318,-0.0005957238,0.00035997527,0,0,1
191383125,191192770,191193105,31.18725309072504,117.19694543657077,0,0.39187607,0.39187607,-0.013473722,0.19172119,-0.09670852,0.14178176,0.41258758,0.4127179,1.7600256e-05,0.0035624348,-0.004038857,0.002516355,0,0,1
191971727,191774639,191781647,31.187207562644836,117.1969634385898,0,0.39187607,0.39187607,0.075842224,0.25428155,0.010045871,0.20008717,0.41166997,0.41158038,0.0005588985,0.006283983,-0.0010288296,0.0042696004,0,0,1
192470765,192271637,192280411,31.187173923614626,117.19698232687071,0,0.39187607,0.39187607,0.095885456,0.32033187,0.02382897,0.27320802,0.41124505,0.41106486,0.000894262,0.009985043,-0.0005587181,0.0079263635,0,0,1
192969253,192774651,192779176,31.187144989987953,117.19699988357969,0,0.39187607,0.39187607,0.10507949,0.36464864,0.069238536,0.31761014,0.4109368,0.41077662,0.0010747832,0.012948024,0.0003586857,0.010223517,0,0,1
193467957,193272638,193277944,31.187118190137998,117.19701035484283,0,0.390625,0.390625,0.11890634,0.38599962,0.07177303,0.37325206,0.4094154,0.40934578,0.0013813567,0.014559399,0.0006577327,0.014054344,0,0,1
193966763,193773661,193776704,31.187094229892374,117.19700866592471,0,0.390625,0.390625,0.17129973,0.3800022,0.11775017,0.38847035,0.40924227,0.40925527,0.0028680903,0.014113604,0.0015680883,0.014951505,0,0,1
194465519,194273695,194275468,31.187072685539274,117.19699758971048,0,0.39438403,0.39438403,0.16667482,0.38989514,0.12265186,0.38737667,0.41289812,0.41292852,0.0026912687,0.014725863,0.001703955,0.014711365,0,0,1
194974225,194776182,194784206,31.187054263630216,117.19697707565525,0,0.39690006,0.39690006,0.11346264,0.35635558,0.13437569,0.3803756,0.41555524,0.41555828,0.0012391874,0.01222349,0.0018741331,0.014067042,0,0,1
195473100,195276679,195282970,31.187042377293455,117.19694577656882,0,0.39942405,0.39942405,0.06267459,0.3670024,0.0983931,0.36450726,0.41807762,0.41804343,0.00037582533,0.012887728,0.0011223134,0.013146254,0,0,1
195971828,195776824,195781733,31.187041549739632,117.19690739526669,0,0.39816105,0.39816105,-0.02242865,0.3457905,0.04759812,0.3616784,0.41680828,0.41678104,4.8275848e-05,0.011475673,0.0004885061,0.012709115,0,0,1
196470554,196276652,196280496,31.187051098789727,117.19686805799614,0,0.39690006,0.39690006,-0.05911583,0.29833966,-0.0019086767,0.29972774,0.41549093,0.4155258,0.0003364388,0.00856809,8.37592e-05,0.009651855,0,0,1
196969390,196776871,196779259,31.187066104588002,117.19683294614292,0,0.39312905,0.39312905,-0.104234666,0.17112337,-0.05250765,0.25226408,0.41166642,0.41177037,0.0010556962,0.0028446154,-0.0004163134,0.006780414,0,0,1
197468255,197274645,197278021,31.18708273928434,117.19680354532316,0,0.390625,0.390625,-0.14137292,0.095384344,-0.08491939,0.15153901,0.4090584,0.40919363,0.0019543716,0.0008893758,-0.0010465923,0.0033853617,0,0,1
197966941,197772639,197776784,31.187098373088435,117.19677735556199,0,0.389376,0.389376,-0.14240785,-0.02085699,-0.12292112,0.07425548,0.40774995,0.4078737,0.0019894543,4.2661643e-05,-0.0017153561,0.001462301,0,0,1
198465587,198274634,198275546,31.18711396338246,117.19675412135318,0,0.38812903,0.38812903,-0.1679383,-0.10490194,-0.1334149,-0.045080356,0.40640217,0.40649813,0.0027758982,0.0010828504,-0.0020124882,-0.0005836195,0,0,1
198964431,198773643,198774308,31.187129672275404,117.19673006101226,0,0.389376,0.389376,-0.16219434,-0.19225101,-0.15546067,-0.124005646,0.40761682,0.40767947,0.0025815426,0.0036264227,-0.0025294828,-0.0021616898,0,0,1
199473096,199274638,199283045,31.187147713300227,117.19670580408207,0,0.390625,0.390625,-0.14221777,-0.35001877,-0.13527952,-0.25657064,0.4089283,0.40896252,0.0019784293,0.011982823,-0.002018899,-0.008089539,0,0,1
199971845,199777084,199781807,31.187165785230324,117.19667859071944,0,0.39187607,0.39187607,-0.119565815,-0.41039824,-0.12902105,-0.34621522,0.41017053,0.41017717,0.0013941503,0.016424779,-0.0017220243,-0.012887019,0,0,1
200370844,200179643,200180820,31.187177723773132,117.19665293475292,0,0.390625,0.390625,-0.10204799,-0.4080465,-0.10122723,-0.41657662,0.40888855,0.40887666,0.0010187414,0.016288722,-0.0012432702,-0.0188499,0,0,1
200969417,200776651,200779330,31.187188991832347,117.19660881254187,0,0.38812903,0.38812903,-0.09436341,-0.40095028,-0.0954219,-0.41035336,0.40639028,0.40636724,0.00087644346,0.015824223,-0.0009781545,-0.017173337,0,0,1
201468299,201276649,201278092,31.187188641810625,117.19656928484463,0,0.38688403,0.38688403,-0.09198458,-0.35651582,-0.0945061,-0.41411692,0.40511155,0.4051262,0.0008354403,0.012549524,-0.00091370125,-0.018254053,0,0,1
201966924,201775655,201776853,31.187175534043718,117.19653273162075,0,0.38564107,0.38564107,-0.09041938,-0.28946525,-0.086473666,-0.34690914,0.40382448,0.4039389,0.0008098236,0.008297307,-0.0007585751,-0.012741784,0,0,1
202475630,202284645,202285589,31.18715262455275,117.19650204682557,0,0.38564107,0.38564107,-0.1186039,-0.21672189,-0.121303126,-0.31775442,0.4038583,0.4040878,0.0013932496,0.004649324,-0.0017528684,-0.010998021,0,0,1
202974427,202776876,202784349,31.187122634012294,117.19648358914966,0,0.38688403,0.38688403,-0.050777797,-0.124761336,-0.08789154,-0.21861538,0.4050682,0.40533087,0.0002546124,0.0015360677,-0.0010229348,-0.0058415844,0,0,1
203473256,203274651,203283109,31.187091641569538,117.1964820129914,0,0.389376,0.389376,-0.006770941,-0.059500795,-0.061269864,-0.13303173,0.4076039,0.4077606,4.499039e-06,0.0003472964,-0.0010140723,-0.002723198,0,0,1
203971891,203779637,203781869,31.187062338458873,117.19649137021781,0,0.389376,0.389376,0.056730427,0.018414646,0.0030135475,-0.054199036,0.40766266,0.40765664,0.00031578477,3.3273023e-05,-0.0002681515,-0.0011001212,0,0,1
204470834,204279640,204280629,31.187036722393913,117.19651271828839,0,0.39187607,0.39187607,0.15208608,0.0713226,0.046624403,0.025923397,0.41145638,0.41121793,0.002248615,0.0004948143,0.0004002067,0.00013936877,0,0,1
204969406,204776792,204779389,31.18701621680763,117.19654031817177,0,0.390625,0.390625,0.1727865,0.09389357,0.12387405,0.06292042,0.40991178,0.4096337,0.0029133272,0.0008608669,0.0019696937,0.000509841,0,0,1
205378400,205186635,205188372,31.18700366801,117.19656330884999,0,0.39312905,0.39312905,0.22635463,0.22544453,0.14120273,0.1831671,0.4136741,0.4133775,0.0049542785,0.004918046,0.0026745899,0.0053197066,0,0,1
205877209,205686651,205687131,31.18699259119847,117.19658991087215,0,0.390625,0.390625,0.21846093,0.21211617,0.18208803,0.19941488,0.41048872,0.410318,0.0046505714,0.004386185,0.003632469,0.004716459,0,0,1
206475847,206284639,206285643,31.186981386047194,117.19661836649574,0,0.390625,0.390625,0.26417038,0.21580802,0.22287267,0.2465405,0.41111618,0.4110862,0.0067899046,0.004531712,0.005251603,0.0067889406,0,0,1
206884654,206688634,206694625,31.186974948696545,117.1966370323481,0,0.38812903,0.38812903,0.2369814,0.22810984,0.23822346,0.22976036,0.40813762,0.40816438,0.005504044,0.005099328,0.0057669096,0.0056347535,0,0,1
207383398,207186650,207193385,31.18696612988026,117.19666018549322,0,0.389376,0.389376,0.32274157,0.19800617,0.26717773,0.2445693,0.41012317,0.41021615,0.010159106,0.0038230033,0.0072654164,0.00644095,0,0,1
207972182,207780666,207781921,31.186957431705864,117.19668979215548,0,0.38564107,0.38564107,0.29808468,0.11903415,0.29024115,0.1707473,0.40526897,0.40536675,0.008769927,0.0013981541,0.0084036095,0.0033945173,0,0,1
208381021,208183640,208190906,31.186952574049677,117.19670924088015,0,0.383161,0.383161,0.29176688,0.14431462,0.2855662,0.17755358,0.40244722,0.40254906,0.0084610265,0.0020694828,0.008139471,0.0036848437,0,0,1
208869707,208677641,208679688,31.186947303305057,117.19673357194678,0,0.38068905,0.38068905,0.28424254,0.07645877,0.29295394,0.13486296,0.39940315,0.39950356,0.008091455,0.00058532075,0.008573118,0.0021992556,0,0,1
209378645,209180645,209188422,31.186947506689144,117.19675723682376,0,0.378225,0.378225,0.24595855,0.098873645,0.2643639,0.13141829,0.39674103,0.3968485,0.006099254,0.0009853633,0.007065031,0.002050654,0,0,1
209966990,209776635,209776958,31.186948474270537,117.1967875037214,0,0.37576905,0.37576905,0.21679437,0.0020192817,0.24499218,0.075195596,0.39389968,0.3940065,0.0047727684,4.1395242e-07,0.006104074,0.000895699,0,0,1
210475870,210283644,210285692,31.186955998793362,117.19681334182246,0,0.37210003,0.37210003,0.16188422,0.02777585,0.20735574,0.06373411,0.390185,0.3903044,0.0026865718,7.9066274e-05,0.004539397,0.0007754879,0,0,1
210974596,210781640,210784451,31.186967340049478,117.19683942380696,0,0.36966404,0.36966404,0.13810001,-0.031347465,0.16929688,0.02272516,0.38761112,0.38773838,0.0019681184,0.00010137388,0.0031031114,0.0003020768,0,0,1
211473256,211278683,211283210,31.18698146393192,117.19686609466156,0,0.37088102,0.37088102,0.08045626,-0.059600905,0.14895576,0.0038725312,0.38989338,0.39004645,0.00066410046,0.00036429174,0.0026527464,0.00030494088,0,0,1
211972403,211778637,211781969,31.186996496253034,117.1968928103484,0,0.36723602,0.36723602,0.051501714,-0.07509647,0.09829858,-0.04012298,0.38588417,0.38600993,0.00027494534,0.00058438705,0.001327411,-0.0001785625,0,0,1
212470781,212278655,212280728,31.18701026642222,117.19691915604393,0,0.36602503,0.36602503,-0.0020511358,-0.09006819,0.05853736,-0.049995,0.38437405,0.38446504,4.3781915e-07,0.00084400695,0.0007855812,-0.00038199173,0,0,1
212969551,212776640,212779488,31.187021150323034,117.19694521702135,0,0.36360905,0.36360905,-0.03386788,-0.07951355,0.0070906854,-0.07102219,0.38177928,0.38184017,0.00012017763,0.000662309,0.00026298856,-0.00060856045,0,0,1
213468311,213275638,213278245,31.187028240083,117.19697045388665,0,0.36120102,0.36120102,-0.052682646,-0.083411045,-0.020634145,-0.045679707,0.37918523,0.37922925,0.00029278157,0.0007338466,-3.0885007e-05,-0.000301146,0,0,1
213967019,213775644,213777004,31.187030101484012,117.19699462598251,0,0.36,0.36,-0.03784702,-0.06506488,-0.03495989,-0.0388551,0.37784702,0.37788948,0.00015163777,0.0004481139,-0.00014197084,-0.00021858384,0,0,1
214465839,214272644,214275763,31.187028994345148,117.19701984777909,0,0.36,0.36,-0.027741464,-0.079334505,-0.039751053,-0.015496916,0.37889937,0.37896076,8.124466e-05,0.00066433934,-0.00018404373,0.00018860177,0,0,1
214974549,214774643,214784497,31.187025139595708,117.19704451374037,0,0.35760406,0.35760406,-0.03581261,0.006538075,-0.037799627,-0.008831645,0.3762117,0.37627158,0.00013636396,4.5442093e-06,-0.00016150229,6.732212e-05,0,0,1
215463291,215271653,215273280,31.187019708882307,117.19706867467032,0,0.35521603,0.35521603,-0.019900385,-0.0118285725,-0.035689104,0.02546028,0.37332752,0.37337908,4.2431948e-05,1.4989068e-05,-0.00016329545,0.0005295461,0,0,1
215962329,215771640,215772038,31.187011789517694,117.19709343322273,0,0.35283604,0.35283604,0.01240763,0.004103976,-0.015241086,0.029798757,0.37068492,0.37072626,1.6612414e-05,1.8172566e-06,-6.878247e-05,0.00030152235,0,0,1
216470843,216276086,216280772,31.187004270165772,117.19711815206473,0,0.35046402,0.35046402,-0.02120829,0.08891758,-0.021801207,0.08425232,0.36822447,0.36825186,4.886058e-05,0.0008587966,-0.00011252301,0.0014153267,0,0,1
216969546,216775001,216779531,31.186993407453,117.19714290111375,0,0.34810004,0.34810004,-0.024177428,0.10570845,-0.030106077,0.10783565,0.3656906,0.36571118,6.3939086e-05,0.0012221968,-0.00014223185,0.0016342095,0,0,1
217468417,217274762,217278289,31.1869774155176,117.19716724624318,0,0.349281,0.349281,-0.011778694,0.14828144,-0.044189923,0.16854574,0.36789057,0.36791456,1.5084664e-05,0.0023904883,-0.0005155868,0.0039708014,0,0,1
217967110,217773637,217777048,31.186957599320504,117.1971883463359,0,0.34692106,0.34692106,-0.019658083,0.18366408,-0.026120042,0.17209919,0.36510956,0.36513612,4.2336906e-05,0.0036953338,-0.00022470234,0.0036026535,0,0,1
218366104,218173642,218176055,31.18694091025873,117.19720392469144,0,0.34456903,0.34456903,-0.00958523,0.18177378,-0.05313511,0.20888072,0.36246836,0.3624914,1.0138995e-05,0.0036460678,-0.0007615118,0.0053522075,0,0,1
218974575,218777140,218784540,31.186916414878887,117.19722592720862,0,0.34222504,0.34222504,-0.07249879,0.2332749,-0.06710883,0.21838556,0.35994992,0.3599675,0.00058408955,0.0060468996,-0.0006618159,0.0054656765,0,0,1
219373754,219176635,219183546,31.18689934340437,117.1972396505125,0,0.34105605,0.34105605,-0.05198078,0.18633556,-0.09041016,0.22622526,0.35858697,0.35860437,0.0003014054,0.003872897,-0.001582542,0.0060785785,0,0,1
219972104,219779638,219782057,31.186872441225493,117.19726034377976,0,0.33872402,0.33872402,-0.035206012,0.20344715,-0.0596476,0.20897934,0.35605028,0.35607055,0.00013924587,0.004649724,-0.0006984789,0.005038297,0,0,1
220470873,220279639,220280815,31.18685050554033,117.19728142567628,0,0.33872402,0.33872402,-0.039178394,0.16844553,-0.07961219,0.2178133,0.3570687,0.35710135,0.00017194972,0.0031782456,-0.0013255558,0.0057161204,0,0,1
220869839,220673639,220679821,31.186834876798088,117.19729979896044,0,0.33640006,0.33640006,-0.060128625,0.14814408,-0.08272671,0.19977397,0.35436028,0.3543989,0.00040811024,0.0024770582,-0.001087387,0.0047453535,0,0,1
221368600,221173709,221178580,31.186814316022584,117.197322423749,0,0.334084,0.334084,-0.034040842,0.10417785,-0.096602075,0.18832369,0.35164636,0.35169363,0.00013181184,0.0012343725,-0.0015829419,0.004477962,0,0,1
221967175,221775831,221777089,31.186787136524092,117.19734743765181,0,0.33177605,0.33177605,-0.04482275,0.09034188,-0.0584586,0.1265378,0.34907612,0.3491289,0.00023021671,0.0009350879,-0.0006700533,0.0022144897,0,0,1
222465871,222275711,222275847,31.186761989816972,117.19736390389733,0,0.329476,0.329476,-0.033102736,0.09425587,-0.07170576,0.1273214,0.34656215,0.34661403,0.00012647557,0.001025252,-0.0012537215,0.0022124688,0,0,1
222974779,222774649,222784582,31.186735341451694,117.1973778507742,0,0.32832903,0.32832903,-0.1189817,0.12422611,-0.0693683,0.11930814,0.34542942,0.3454806,0.0016393096,0.001786743,-0.00089610624,0.0017921333,0,0,1
223473545,223274641,223283338,31.18670997081495,117.19739075222644,0,0.32718402,0.32718402,-0.11526617,0.11264046,-0.10310473,0.12163207,0.34416306,0.34421834,0.0015441853,0.0014743984,-0.001650499,0.001826898,0,0,1
223972277,223774643,223782096,31.186685816882562,117.1974027142744,0,0.32604104,0.32604104,-0.0990802,0.109289326,-0.09413455,0.11174848,0.34293732,0.34300277,0.0011450356,0.0013928934,-0.0012479686,0.0015097477,0,0,1
224470914,224274650,224280854,31.186662948914954,117.19741426232527,0,0.32604104,0.32604104,-0.06711465,0.093176305,-0.09341658,0.1040975,0.342835,0.34290984,0.0005255445,0.0010127238,-0.0014588411,0.0013684101,0,0,1
224969770,224773644,224779612,31.18663892054972,117.19742646182729,0,0.32490006,0.32490006,-0.031693805,0.04939872,-0.061959434,0.07735664,0.34161094,0.3416855,0.00011761887,0.00028567013,-0.00071148993,0.00080071774,0,0,1
225468379,225275777,225278369,31.18661367680787,117.19743934341302,0,0.32262403,0.32262403,-0.018705506,0.03226108,-0.062340748,0.06134874,0.33926624,0.33933148,4.1253257e-05,0.00012268563,-0.0011601574,0.00063585053,0,0,1
225967385,225773637,225777127,31.18658568039055,117.19744892843009,0,0.32148904,0.32148904,-0.004738765,0.030596174,-0.027934011,0.04388956,0.3381002,0.33815145,2.6567143e-06,0.0001107345,-0.00047093641,0.00033264453,0,0,1
226465903,226273643,226275885,31.186557080195588,117.1974554446224,0,0.32035604,0.32035604,-0.028832639,0.030641042,-0.05250199,0.038743827,0.33695346,0.33699346,9.8686745e-05,0.00011144115,-0.0012115851,0.00024612446,0,0,1
226964684,226771637,226774642,31.186527892921752,117.19745659837928,0,0.31922498,0.31922498,-0.04646085,0.04245945,-0.046378955,0.03393066,0.33581358,0.3358417,0.00025712006,0.00021472081,-0.00061826484,0.00017068024,0,0,1
227473422,227273640,227283374,31.186499545786546,117.1974545934652,0,0.31922498,0.31922498,-0.12703702,0.02114325,-0.08280436,0.027185667,0.335922,0.3359398,0.0019216847,5.3228232e-05,-0.001460782,0.00010912708,0,0,1
227972160,227773638,227782132,31.186470402408858,117.19744973439784,0,0.318096,0.318096,-0.13242793,0.04532625,-0.10941912,0.033688124,0.3347378,0.33474997,0.002095629,0.00024549296,-0.0017486411,0.00015108858,0,0,1
228470992,228273641,228280889,31.186440848616474,117.19744486492432,0,0.318096,0.318096,-0.106354356,0.049144473,-0.12900351,0.039561745,0.33464605,0.33466396,0.0013520254,0.00028866917,-0.0027708772,0.00021156066,0,0,1
228969848,228773638,228779646,31.186410365896638,117.19744303891164,0,0.31696904,0.31696904,-0.1025238,0.067209445,-0.11724755,0.054548934,0.33347154,0.33350295,0.0012608129,0.00054177747,-0.001973179,0.00038532022,0,0,1
229468497,229274650,229278403,31.186380805501564,117.19744550024457,0,0.31696904,0.31696904,-0.06380931,0.026053175,-0.11602756,0.052935604,0.33342004,0.33345482,0.00048846833,8.142248e-05,-0.0022797077,0.00037985065,0,0,1
229967171,229774640,229777160,31.186353557984976,117.1974531242677,0,0.31584403,0.31584403,-0.033202466,0.0071079917,-0.07636422,0.034104027,0.33230487,0.3323261,0.00013269787,6.081201e-06,-0.0011083503,0.0001930078,0,0,1
230466125,230274793,230275917,31.186325842302153,117.19746626280505,0,0.31584403,0.31584403,0.038044542,-0.05016416,-0.05099512,0.0076851645,0.332267,0.33225197,0.00017424386,0.00030295597,-0.0012988945,0.0001128944,0,0,1
230964738,230773638,230774674,31.186299558179996,117.19748432876072,0,0.31472105,0.31472105,0.055897158,-0.05812632,-0.009427306,-0.01953554,0.3311847,0.33112964,0.0003773716,0.00040813853,-0.0004502796,-7.685446e-05,0,0,1
231473550,231274637,231283405,31.1862763332176,117.19750422332004,0,0.3136,0.3136,0.008725231,-0.04895079,-0.014966799,-0.019586625,0.3301666,0.33011225,9.223179e-06,0.0002903473,-0.0004974171,-3.6587524e-05,0,0,1
231972396,231775643,231782162,31.18625732876175,117.19752356378768,0,0.3136,0.3136,0.022402659,-0.07226186,0.0053941226,-0.049628515,0.33012557,0.33013326,6.0810693e-05,0.0006326872,-0.0001710387,-0.00037320418,0,0,1
232471091,232272637,232280918,31.186241011790607,117.19754164853946,0,0.31248102,0.31248102,0.029293211,-0.10126238,0.0017449728,-0.0717076,0.32892287,0.32898504,0.000104351784,0.0012467522,-0.0001696124,-0.00081137667,0,0,1
232869977,232679640,232679924,31.186228438027793,117.19755495930464,0,0.31248102,0.31248102,0.030240191,-0.13113791,0.00844538,-0.09150368,0.3288589,0.32894263,0.00011122936,0.0020912036,-5.134903e-05,-0.0011815777,0,0,1
233368919,233177639,233178680,31.186210878511307,117.19756991025085,0,0.31248102,0.31248102,0.07096987,-0.124845795,0.008100307,-0.08725342,0.32877907,0.3288621,0.000612779,0.0018958065,-6.0032493e-05,-0.0011059643,0,0,1
233887416,233691647,233697387,31.186193577975057,117.19758505389231,0,0.31248102,0.31248102,-0.013741926,-0.088858314,0.016889343,-0.09359189,0.32899433,0.32906199,2.2959732e-05,0.00095979497,5.23071e-05,-0.0011571391,0,0,1
234376276,234185644,234186168,31.186176324945535,117.19759977276674,0,0.31584403,0.31584403,0.07825168,-0.14287212,0.013786569,-0.08805687,0.33337343,0.33343324,0.0007347108,0.0024487593,-7.467199e-05,-0.0012042472,0,0,1
234885130,234691640,234694899,31.18615823364074,117.19761443701938,0,0.31472105,0.31472105,0.05241649,-0.08976775,0.03808701,-0.089729466,0.33198354,0.33202994,0.0003310391,0.0009707857,0.0001855607,-0.0010861466,0,0,1
235383687,235185638,235193655,31.18614186398366,117.19763053145276,0,0.31584403,0.31584403,0.051543344,-0.06137351,0.023832137,-0.053806424,0.3340732,0.3341226,0.00031809992,0.00045093722,4.1814208e-05,-0.00056446344,0,0,1
235872483,235680640,235682436,31.18612551500237,117.19764644773848,0,0.31472105,0.31472105,0.07029085,-0.06953779,0.050220795,-0.054190744,0.33220822,0.33225054,0.0005949045,0.0005821516,0.00035593254,-0.0004567964,0,0,1
236381317,236189650,236191166,31.186111520706778,117.19766187631805,0,0.31696904,0.31696904,0.026948407,-0.0081511205,0.016781729,-0.008653273,0.33546203,0.3355109,8.6593005e-05,7.921145e-06,-7.720777e-05,6.437512e-05,0,0,1
236889969,236690640,236699897,31.18609733995416,117.1976776347024,0,0.31584403,0.31584403,-0.0063592936,0.04050632,0.023078198,0.0015038234,0.3337792,0.3338234,4.8463917e-06,0.00019660238,5.8978592e-05,5.5160635e-05,0,0,1
237388902,237189754,237198655,31.18608255050395,117.19769415467844,0,0.318096,0.318096,0.0541306,0.045677643,0.014122428,0.042442232,0.33682296,0.3368731,0.0003479717,0.00024774278,-0.00015130489,0.000873875,0,0,1
237887514,237690231,237697408,31.1860656050273,117.19771315700078,0,0.31696904,0.31696904,0.082204975,0.035461143,0.05816463,0.029481508,0.33487934,0.3349217,0.00080717524,0.00015018349,0.0005057071,0.00041461195,0,0,1
238475953,238276646,238285938,31.186044094644224,117.19774145993418,0,0.31696904,0.31696904,0.1222252,-0.06987006,0.065764435,0.015029677,0.3353382,0.33537614,0.0017819621,0.0005822508,0.00082211953,0.0008841819,0,0,1
238974779,238775700,238784693,31.186025064963836,117.19776302986298,0,0.31584403,0.31584403,0.10034387,-0.059661638,0.09366573,-0.025646523,0.33357215,0.33360994,0.0012074019,0.0004267872,0.0012392169,0.00015313264,0,0,1
239473476,239274647,239283450,31.186008659493627,117.19778028908642,0,0.31584403,0.31584403,0.044939574,-0.06330041,0.06273447,-0.03055448,0.33309436,0.33313465,0.0002425217,0.0004811198,0.0006918972,-7.3727315e-05,0,0,1
239972509,239772646,239782203,31.18599187027619,117.19779360810222,0,0.31472105,0.31472105,0.0048338124,-0.05490024,0.041157734,-0.045596037,0.33166513,0.3317032,2.817992e-06,0.00036346188,0.00035106135,-0.00025661808,0,0,1
240471021,240274637,240280958,31.185973088605106,117.19780524840328,0,0.3136,0.3136,0.013337011,-0.045900952,0.0007342556,-0.034297727,0.33028227,0.3303151,2.1542284e-05,0.0002551379,-0.00016201251,-0.00018759994,0,0,1
240969764,240778634,240779713,31.185951212368092,117.19781684375575,0,0.31248102,0.31248102,0.02828249,-0.031943526,-0.0017893941,-0.030794043,0.3289579,0.32899374,9.726463e-05,0.00012406181,-8.5509564e-05,-0.0001530821,0,0,1
241468507,241275654,241278467,31.18592662733336,117.19782611947967,0,0.31136402,0.31136402,0.007496901,0.0020551311,-0.036189847,-0.007183524,0.32770923,0.32775307,6.86017e-06,5.154568e-07,-0.0007557438,-2.5355568e-05,0,0,1
241967277,241776827,241777221,31.185898581247624,117.19783245145955,0,0.30913606,0.30913606,0.015638685,0.033856373,-0.019857218,0.015049115,0.32538143,0.32543725,3.0065446e-05,0.00014088787,-0.00035386952,6.27578e-05,0,0,1
242466021,242274654,242275975,31.18586675065943,117.19783810693876,0,0.308025,0.308025,0.010340579,0.05687398,-0.05487709,0.042367432,0.3241781,0.32425368,1.3193682e-05,0.00039902705,-0.0019311929,0.00033587008,0,0,1
242964776,242773637,242774730,31.185833081353493,117.19783892850194,0,0.308025,0.308025,-0.014594985,0.08642556,-0.04289874,0.05952912,0.32416213,0.32423693,2.628482e-05,0.00092147145,-0.0009778374,0.0005197766,0,0,1
243473665,243276650,243283459,31.18580198569086,117.19783375503566,0,0.31024906,0.31024906,-0.14351842,0.085287146,-0.13554642,0.0671157,0.32769868,0.3277311,0.0025142045,0.00088778854,-0.0052067493,0.0006457582,0,0,1
243972229,243775641,243782213,31.185773380196665,117.19782314186554,0,0.31136402,0.31136402,-0.13265675,0.07791998,-0.13397397,0.071381524,0.32848564,0.32847515,0.0021429022,0.00073935866,-0.003393818,0.0006673879,0,0,1
244471462,244277635,244280967,31.185747349880064,117.19780946208246,0,0.31136402,0.31136402,-0.14250307,0.078080386,-0.16202018,0.06046277,0.32820097,0.32817498,0.0024749623,0.0007430849,-0.004479052,0.00057621516,0,0,1
244969743,244778638,244779724,31.185722076909062,117.19779145207598,0,0.31248102,0.31248102,-0.1557449,0.07520715,-0.1516894,0.06556573,0.329149,0.32912135,0.0029477798,0.0006874201,-0.0033278812,0.00058452366,0,0,1
245468632,245275640,245278474,31.18569679279215,117.19776879140517,0,0.3136,0.3136,-0.13557245,0.09950041,-0.17495109,0.06344177,0.33009925,0.33007717,0.0022271955,0.0011997597,-0.004677686,0.00068525126,0,0,1
245977470,245777639,245787203,31.185670548393627,117.19774092343405,0,0.3136,0.3136,-0.22078164,0.042508993,-0.18700938,0.07068229,0.3301299,0.33010292,0.0059061036,0.00021896376,-0.0047349194,0.0007593781,0,0,1
246366273,246172642,246176231,31.18565005145391,117.19771638664086,0,0.3136,0.3136,-0.16692992,0.11648656,-0.21773611,0.057417523,0.3299211,0.32990497,0.0033784558,0.0016452152,-0.0073424047,0.0005908596,0,0,1
246974760,246776775,246784710,31.18562218386342,117.19767753366236,0,0.31248102,0.31248102,-0.20980963,0.031867392,-0.2203277,0.04615936,0.32888255,0.32890332,0.005353897,0.00012350507,-0.0064318194,0.00033387105,0,0,1
247473480,247276643,247283463,31.185602917434924,117.19764426844343,0,0.31248102,0.31248102,-0.21303868,0.0068580396,-0.24376805,0.00028641926,0.32881287,0.32886958,0.0055211317,5.7205298e-06,-0.007918938,-0.00059896027,0,0,1
247972255,247775642,247782216,31.1855871662563,117.19760983158545,0,0.31248102,0.31248102,-0.2415978,0.006570704,-0.23540828,0.004381324,0.32876563,0.3288549,0.0071016545,5.251453e-06,-0.007034696,-0.00023009938,0,0,1
248471317,248273644,248280969,31.185574381905365,117.19757299375986,0,0.31248102,0.31248102,-0.25366727,0.0028146158,-0.25272995,-0.019626893,0.32871827,0.3288275,0.007830058,9.63674e-07,-0.008153315,-0.0011054624,0,0,1
248969731,248775007,248779722,31.185562336141384,117.19753334180258,0,0.31136402,0.31136402,-0.26471597,-0.031153236,-0.25737396,-0.020240068,0.32757655,0.3276804,0.008556723,0.00011847204,-0.008230028,-0.00048034976,0,0,1
249468557,249275643,249278474,31.185547191384448,117.1974924949931,0,0.31136402,0.31136402,-0.24414662,-0.0036787668,-0.26386946,-0.039888225,0.327529,0.32759917,0.0072796685,1.6524248e-06,-0.00869205,-0.0010223817,0,0,1
249967386,249773637,249777227,31.18552550657706,117.19745225743668,0,0.31136402,0.31136402,-0.22794844,-0.004118075,-0.24610496,-0.015384173,0.32750595,0.32754174,0.0063462043,2.0710083e-06,-0.00750498,-0.0004112285,0,0,1
250465993,250271640,250275979,31.185494025005298,117.19742078809423,0,0.31024906,0.31024906,-0.14150465,0.019806238,-0.22228397,-0.027193312,0.32639533,0.3264214,0.0024539032,4.8071244e-05,-0.007359367,-0.0010928016,0,0,1
250964918,250771638,250774732,31.185459207562353,117.19739652652268,0,0.31024906,0.31024906,-0.08402751,0.016260546,-0.14509165,-0.0025214034,0.32648852,0.3264851,0.00086503767,3.239417e-05,-0.0036125924,-0.00042370523,0,0,1
251463527,251272638,251273484,31.185424098250856,117.19737639493876,0,0.31024906,0.31024906,-0.014852436,0.017188063,-0.1156113,-0.011536197,0.3265358,0.3264842,2.7022443e-05,3.619526e-05,-0.0035491108,-0.0004523796,0,0,1
251972387,251772639,251782211,31.185390507129835,117.19735653200496,0,0.31024906,0.31024906,-0.040325366,-0.00501121,-0.052992012,0.0016550205,0.3267222,0.3266309,0.00019908472,3.0753033e-06,-0.0014662754,-0.00015618073,0,0,1
252471031,252274653,252280963,31.18536050677476,117.19733568636607,0,0.31024906,0.31024906,0.037216153,0.009808694,-0.027852416,-0.0055612097,0.32667166,0.3265884,0.0001695944,1.1783698e-05,-0.001113646,-0.00021607829,0,0,1
252969726,252770960,252779715,31.185333243977734,117.19731205273514,0,0.31024906,0.31024906,0.079848535,0.017051814,0.027968412,0.00719159,0.32662517,0.32658565,0.000780808,3.5612633e-05,-0.00012565101,-6.7353045e-05,0,0,1
253468481,253273727,253278467,31.185308672944377,117.19728463677454,0,0.31024906,0.31024906,0.07777121,0.048888374,0.042241123,0.013829915,0.32653397,0.32655066,0.0007409166,0.00029276597,0.00026518488,-7.24513e-05,0,0,1
253967321,253774640,253777219,31.18528578920522,117.19725326467562,0,0.31024906,0.31024906,0.10049002,0.053145062,0.06843201,0.038617983,0.3264826,0.32654402,0.0012372169,0.00034597452,0.00066070486,0.00019967317,0,0,1
254465988,254272878,254275971,31.18526491110198,117.1972165667272,0,0.31024906,0.31024906,0.07605989,0.08601198,0.053926647,0.041024722,0.32642266,0.32649305,0.00070891,0.00090636674,0.00046772425,0.0001202528,0,0,1
254964780,254773644,254774723,31.18524469330412,117.19717508265174,0,0.30913606,0.30913606,0.040986795,0.094783835,0.04752824,0.07545309,0.32531887,0.32536176,0.00020655639,0.0011044907,0.00032842543,0.00076328346,0,0,1
255463511,255272973,255273474,31.185224441839452,117.19713320182927,0,0.30913606,0.30913606,0.014998819,0.0880743,0.012017218,0.04815445,0.32532609,0.32534486,2.7660193e-05,0.0009537058,-0.00015604823,6.206962e-05,0,0,1
255972238,255772636,255782201,31.185204122798538,117.19709293800986,0,0.308025,0.308025,-0.0417101,0.012431437,-0.003946359,0.056265138,0.324355,0.32436913,0.00021454672,1.9057377e-05,-0.00010153342,0.00037698483,0,0,1
256471168,256272642,256280952,31.18518229465775,117.19705739457446,0,0.308025,0.308025,-0.056438122,0.0058826567,-0.03652341,0.011805565,0.3243134,0.32433638,0.00039286216,4.267871e-06,-0.00045085346,-0.00011131333,0,0,1
256969716,256772637,256779704,31.185158896543946,117.19702582018277,0,0.308025,0.308025,-0.024692163,0.0025115588,-0.033728756,0.0051128436,0.32428133,0.32431278,7.5206655e-05,7.780055e-07,-0.0002624272,-4.464095e-05,0,0,1
257468625,257271651,257278455,31.185135581536123,117.19699686060974,0,0.30913606,0.30913606,-0.008638336,0.031991683,-0.03583274,-0.0009184139,0.3253368,0.32536638,9.174597e-06,0.00012582343,-0.00046858928,-0.00025372417,0,0,1
257967215,257770638,257777206,31.185109699070754,117.19696884530572,0,0.30913606,0.30913606,0.014997746,0.05306109,-0.010384273,0.030282263,0.32532713,0.32534903,2.7656151e-05,0.0003461488,-0.0001823369,9.242524e-05,0,0,1
258466171,258272640,258275957,31.185081071543355,117.19694314271132,0,0.31024906,0.31024906,0.05347719,0.1062383,0.009067084,0.058952846,0.32642367,0.3264385,0.00035044146,0.0013829957,-4.003584e-05,0.00062623125,0,0,1
258964726,258770639,258774709,31.1850495371838,117.19692249379445,0,0.31136402,0.31136402,0.070375256,0.12121984,0.044894513,0.092194594,0.32758224,0.3275838,0.0006047552,0.0017942586,0.0003386601,0.0012137094,0,0,1
259463546,259270640,259273460,31.185018384045918,117.19690921717942,0,0.31136402,0.31136402,0.09417637,0.13008213,0.04677493,0.09863226,0.32762638,0.3275969,0.0010828418,0.0020661198,0.00033544048,0.001329272,0,0,1
259962244,259770639,259772211,31.184987956398157,117.19690213425231,0,0.31248102,0.31248102,0.1271578,0.11004453,0.094609335,0.1061065,0.32882348,0.3287586,0.0019669044,0.0014733971,0.001307065,0.0014338813,0,0,1
260471049,260271736,260280936,31.184959031765278,117.19689874325974,0,0.3136,0.3136,0.122330554,0.10347578,0.08867946,0.10418238,0.33007112,0.32999092,0.00181352,0.0012978826,0.0012968158,0.001347234,0,0,1
260969933,260771641,260779687,31.18493092882724,117.19689924121863,0,0.3136,0.3136,0.15849777,0.08587135,0.12204948,0.09310506,0.33007202,0.3300038,0.003044371,0.0008937943,0.0020602543,0.0010736706,0,0,1
261468449,261270643,261278438,31.184903808783726,117.19690239444944,0,0.3136,0.3136,0.19599377,0.06510284,0.13748342,0.08247236,0.3300183,0.32997966,0.0046559307,0.00051377463,0.0028271466,0.00086758344,0,0,1
261967230,261771662,261777188,31.18487785583889,117.19690670195574,0,0.31248102,0.31248102,0.20327911,0.06506582,0.17710197,0.076492935,0.3288647,0.32886446,0.005026066,0.00051493087,0.0041566174,0.0007321888,0,0,1
262465960,262270637,262275939,31.18485267774572,117.19691289644854,0,0.3136,0.3136,0.27968314,0.07242289,0.19523662,0.08586003,0.33103487,0.33108044,0.009451894,0.00063369196,0.005897823,0.0009489852,0,0,1
262974840,262776826,262784665,31.184829081497252,117.19692056688636,0,0.31248102,0.31248102,0.2205935,0.08483526,0.22833227,0.08124296,0.32967257,0.32973924,0.0059042205,0.0008730561,0.006939192,0.0008270394,0,0,1
263473431,263275641,263283415,31.184805857616514,117.19693179124205,0,0.31472105,0.31472105,0.2789931,0.01924236,0.23729803,0.057977322,0.33278304,0.33287913,0.009355903,4.449283e-05,0.007806832,0.0006253028,0,0,1
263972285,263772640,263782165,31.184784619264295,117.19694413261024,0,0.3136,0.3136,0.29107553,0.009153956,0.2623706,0.029617308,0.33105454,0.33114347,0.010236979,1.0121886e-05,0.00877511,0.00026203477,0,0,1
264470982,264273639,264280915,31.184764575741198,117.19695828746,0,0.31248102,0.31248102,0.29321757,-0.0034449524,0.26309162,0.021228803,0.32950765,0.32959142,0.010436971,1.4402921e-06,0.00893389,0.00025364605,0,0,1
264969836,264771647,264779665,31.184746969806636,117.19697294731053,0,0.31136402,0.31136402,0.2928292,-0.010525116,0.2712286,0.003967119,0.32808605,0.32816306,0.010454444,1.3502807e-05,0.00918434,9.31576e-05,0,0,1
265468458,265275679,265278415,31.18473042667535,117.1969887746125,0,0.31136402,0.31136402,0.29415947,-0.025801819,0.25591227,0.0059242626,0.32901666,0.3290971,0.010519807,8.0916405e-05,0.008490637,0.00024177464,0,0,1
265977153,265783142,265787140,31.184714547790637,117.19700587857615,0,0.31024906,0.31024906,0.23742639,-0.00094382226,0.24708487,0.0011044375,0.32751375,0.3275791,0.0068847537,1.08773776e-07,0.007658935,9.492947e-05,0,0,1
266475921,266283636,266285890,31.18470080272911,117.19702263711693,0,0.31024906,0.31024906,0.22704764,0.0007615599,0.21624784,0.020462234,0.32831198,0.32837322,0.006280688,7.0648085e-08,0.0061552403,0.0004015144,0,0,1
266874969,266683635,266684889,31.184689547975818,117.197037850608,0,0.30913606,0.30913606,0.21326117,-0.03313194,0.20675759,0.00830796,0.32664233,0.32669577,0.0055694343,0.00013440337,0.0054533468,0.00018247256,0,0,1
267373661,267183638,267183639,31.18467726428726,117.1970587165073,0,0.31024906,0.31024906,0.22506332,-0.06294969,0.18659213,0.017540947,0.32853416,0.32859334,0.0061672125,0.000482379,0.004715287,0.0006657173,0,0,1
267972184,267781640,267782139,31.184666203633025,117.19708435011935,0,0.308025,0.308025,0.16867448,-0.09536035,0.17893605,-0.0384163,0.32542872,0.32547936,0.0034970583,0.0011175636,0.004082359,-0.00020922288,0,0,1
268470969,268279638,268280888,31.184657949839373,117.19710457594223,0,0.30913606,0.30913606,0.1642155,-0.10495813,0.17086528,-0.060515318,0.3272896,0.32734367,0.0032957639,0.0013461338,0.00371696,-0.0007270953,0,0,1
268869913,268676637,268679888,31.184652496901116,117.19712043603768,0,0.30691603,0.30691603,0.15624747,-0.121308684,0.16298617,-0.087598436,0.32446173,0.32450762,0.0030096949,0.0018139231,0.0033360901,-0.0011659892,0,0,1
269378703,269182640,269188612,31.184645595902857,117.19714051669268,0,0.30691603,0.30691603,0.11608223,-0.08838733,0.1328924,-0.052109938,0.3253171,0.32537112,0.0016568552,0.00096041965,0.0023589598,-0.0005323731,0,0,1
269877529,269684643,269687362,31.18463866198534,117.1971623333825,0,0.30580905,0.30580905,0.12385396,-0.083336286,0.12491205,-0.053547896,0.3233598,0.323408,0.0018975523,0.00085896906,0.0020080598,-0.0004592989,0,0,1
270376212,270185652,270186111,31.18463260014342,117.1971834028091,0,0.30580905,0.30580905,0.13411416,-0.08407856,0.1129485,-0.01741707,0.3240694,0.32412326,0.0022200935,0.0008724093,0.0017676566,0.00032022872,0,0,1
270884903,270688638,270694835,31.184627587882577,117.19720482086724,0,0.303601,0.303601,0.115382284,-0.06112089,0.115201205,-0.043620422,0.32117736,0.32122567,0.0016580336,0.00046518864,0.0017229336,-0.00015172386,0,0,1
271373640,271181160,271183609,31.184624140279958,117.19722728545966,0,0.30470404,0.30470404,0.11606555,-0.1409609,0.10728318,-0.058684215,0.32286763,0.32292396,0.0016689454,0.0024612574,0.0014796531,-0.0008116687,0,0,1
271972137,271778637,271782108,31.184621682180083,117.19725333488985,0,0.3025,0.3025,0.09651455,-0.12989822,0.100446515,-0.0926336,0.31977063,0.31981978,0.0011652175,0.002110382,0.0012787519,-0.001288355,0,0,1
272470973,272279646,272280857,31.184621338004618,117.19727550908974,0,0.303601,0.303601,0.080851905,-0.12446793,0.08435326,-0.09171978,0.32157862,0.32163575,0.0008131175,0.0019266846,0.00092206267,-0.0014906425,0,0,1
272969655,272778637,272779606,31.184621883954573,117.19729828815575,0,0.3025,0.3025,0.076599166,-0.10641624,0.07881902,-0.09959381,0.31975916,0.319811,0.00073398143,0.0014163887,0.00079458347,-0.0014617026,0,0,1
273378658,273180711,273188580,31.184623739720806,117.19731656408477,0,0.30030406,0.30030406,0.07040046,-0.077267446,0.0781788,-0.073986866,0.31724945,0.317301,0.0006248994,0.00075263024,0.00077664765,-0.0010309212,0,0,1
273977446,273779639,273787078,31.18462817104016,117.19734161604778,0,0.29920906,0.29920906,0.09691493,-0.0468485,0.07844864,-0.070104524,0.31574002,0.31579104,0.0011899035,0.00027800433,0.0007895959,-0.0007795088,0,0,1
274376117,274177673,274186077,31.184630659619344,117.19735767026248,0,0.30140102,0.30140102,0.11875749,-0.06261468,0.10036587,-0.04261133,0.3189483,0.31900778,0.0017687306,0.000491599,0.0013581845,-0.00032286134,0,0,1
274974619,274778639,274784576,31.184637746646498,117.19738170002519,0,0.29920906,0.29920906,0.07296671,-0.03154141,0.08826065,-0.050042037,0.316122,0.3161764,0.0006736818,0.00012586145,0.0010321401,-0.0003892156,0,0,1
275473334,275274647,275283324,31.18464366775472,117.19740239659681,0,0.298116,0.298116,0.071537085,-0.021676037,0.08239236,-0.032126088,0.31465372,0.31470314,0.0006505634,5.971985e-05,0.0009191043,-0.00020992971,0,0,1
275972237,275776171,275782073,31.18465152335624,117.19742467205963,0,0.298116,0.298116,0.05770591,-0.035843346,0.068503134,-0.036349423,0.3143885,0.31443647,0.00042367604,0.00016343467,0.00063657714,-0.00020175327,0,0,1
276470840,276277638,276280821,31.184661878728313,117.19744790129731,0,0.29160002,0.29160002,0.056733593,0.049720656,0.080758385,0.018957231,0.30765653,0.3077065,0.00041847976,0.00032136383,0.00096378935,0.00050588424,0,0,1
276879809,276681647,276689795,31.184671841480196,117.1974642045537,0,0.27984104,0.27984104,0.1290571,0.19526514,0.08836867,0.07844539,0.29583696,0.29589394,0.0022520153,0.005154344,0.0011531081,0.0016514724,0,0,1
277378681,277182641,277188544,31.184685834206196,117.1974831070356,0,0.273529,0.273529,0.10770594,0.23133811,0.13418685,0.19945054,0.29043615,0.29051334,0.0015976757,0.007368656,0.0031994635,0.007828258,0,0,1
277877305,277679643,277687292,31.184700091944094,117.19749969638374,0,0.264196,0.264196,0.15506148,0.231267,0.13994166,0.2205736,0.28041726,0.28048372,0.0034297549,0.0076274555,0.0030484728,0.0078029223,0,0,1
278376072,278180635,278186041,31.184715177398598,117.19751480536675,0,0.26010004,0.26010004,0.1245899,0.1907707,0.15273306,0.22941414,0.2769985,0.27706096,0.002241549,0.0052542174,0.0038533034,0.008202713,0,0,1
278974562,278777728,278784539,31.18473353650048,117.19753340369213,0,0.25100106,0.25100106,0.12257855,0.13071688,0.12303184,0.15979457,0.2669144,0.2669599,0.002251733,0.0025602197,0.0024803963,0.0043471623,0,0,1
279473330,279278642,279283287,31.184748289110203,117.19754811612003,0,0.25,0.25,0.10270531,0.09067585,0.12761208,0.13732423,0.26527506,0.2653095,0.0015905574,0.0012396255,0.0027993738,0.003310885,0,0,1
279972042,279774650,279782035,31.184763113110808,117.19756343132423,0,0.25,0.25,0.120461084,0.11194942,0.116888344,0.11601118,0.2649047,0.2649371,0.0021911084,0.0018921733,0.0022220996,0.002293012,0,0,1
280470823,280276634,280280784,31.18477804273252,117.19757745308462,0,0.25,0.25,0.1454479,0.12359434,0.13682525,0.12897041,0.26465768,0.2646889,0.0031973517,0.002308455,0.0030666813,0.0027276021,0,0,1
280969703,280773640,280779532,31.184794379390365,117.19759217084399,0,0.25,0.25,0.14547245,0.1206738,0.14485787,0.12212635,0.26453245,0.26456594,0.0031999452,0.002201669,0.0032755935,0.0023463021,0,0,1
281468334,281274816,281278280,31.184812116999275,117.19760562031458,0,0.25,0.25,0.13563477,0.0707284,0.16073781,0.111839876,0.26443237,0.2644685,0.0027828347,0.00075661286,0.0044237776,0.0021933408,0,0,1
281867300,281676651,281677279,31.184826561461,117.19761472044807,0,0.25,0.25,0.17008656,0.07825042,0.15895069,0.09335033,0.26441,0.2644479,0.004376452,0.00092617545,0.0040843124,0.001514533,0,0,1
282465905,282274636,282275776,31.184849919516726,117.19762510466036,0,0.25,0.25,0.15247656,0.09188046,0.17909008,0.098048136,0.26436824,0.26440975,0.0035176848,0.0012771116,0.0052271276,0.0015467028,0,0,1
282964527,282773640,282774524,31.184871985426078,117.1976333208313,0,0.25,0.25,0.13692096,0.06900593,0.16968435,0.08733042,0.26434296,0.26439366,0.002836822,0.0007204134,0.004570145,0.001211724,0,0,1
283473373,283274636,283283247,31.184898916775268,117.19763950881409,0,0.25,0.25,0.17428865,0.09016023,0.18591209,0.08989035,0.2644142,0.26449272,0.004595295,0.001229352,0.005576264,0.0012577047,0,0,1
283972096,283775644,283781996,31.184928309708212,117.19764198198997,0,0.25,0.25,0.15042876,0.04451335,0.1570707,0.07513222,0.26441902,0.26451048,0.0034231744,0.00029963852,0.003996049,0.00090916536,0,0,1
284470807,284276751,284280743,31.18495836503879,117.19763910743978,0,0.25,0.25,0.09836606,0.07018431,0.14873871,0.06647204,0.26443082,0.2645073,0.0014636541,0.00074490765,0.0041370164,0.0007053283,0,0,1
284969529,284773635,284779491,31.184987032070207,117.19763159488055,0,0.25,0.25,0.068918474,0.07630699,0.11128547,0.0681783,0.26445252,0.26448792,0.0007184285,0.0008806084,0.0023476512,0.00072091684,0,0,1
285468287,285273639,285278239,31.185014773566284,117.19762069468965,0,0.25,0.25,0.07461544,0.07863115,0.10415952,0.06441727,0.26443028,0.26442984,0.00084218255,0.00093527377,0.0022800637,0.00069432944,0,0,1
285967059,285771647,285776987,31.18504214400761,117.19760573222376,0,0.25,0.25,0.032967303,0.07136818,0.06928369,0.068471454,0.2644118,0.26439017,0.00016441672,0.000770591,0.0011151186,0.0007400592,0,0,1
286465763,286273755,286275735,31.1850693355427,117.19758740768941,0,0.25,0.25,-0.012510183,0.07517372,0.052759647,0.059014004,0.26437885,0.26434854,2.3678851e-05,0.00085509656,0.0015409212,0.0006944587,0,0,1
286964519,286770638,286774483,31.18509660428734,117.19756608740249,0,0.25,0.25,-0.030940095,0.05071261,0.007906984,0.061155844,0.26435333,0.26432455,0.00014485,0.00038918352,0.00056963594,0.000639486,0,0,1
287463262,287270640,287273231,31.185122940781014,117.19754205194208,0,0.25,0.25,-0.045315634,0.05235766,0.009314011,0.030572843,0.26433444,0.2643159,0.0003107437,0.00041485578,0.0007526341,0.000181932,0,0,1
287961993,287770641,287771978,31.1851479896848,117.19751622413565,0,0.25,0.25,-0.046119433,0.02205739,0.0011435843,0.0064854203,0.2643144,0.26430857,0.00032188967,7.363037e-05,0.00026072242,4.684993e-05,0,0,1
288460794,288270645,288270726,31.18517131169659,117.1974862741102,0,0.25,0.25,-0.053483583,0.03725182,0.013208997,-0.025646979,0.26427072,0.26427302,0.00043296415,0.00021004006,0.00086785236,-0.0010725933,0,0,1
288969811,288770809,288779449,31.185193368500293,117.19745385084214,0,0.25,0.25,-0.0038914476,-0.0058748955,0.00066572917,-0.01998599,0.2643875,0.2643992,2.2910863e-06,5.2215582e-06,0.00033934484,-0.00045970138,0,0,1
289468205,289270833,289278197,31.185214783055216,117.1974207861622,0,0.25,0.25,-0.04059556,0.007409351,0.0060367286,-0.0345211,0.26432535,0.26434383,0.00024938956,8.307133e-06,0.0006013993,-0.0013220928,0,0,1
289967145,289771639,289776944,31.185236050262443,117.19738532580223,0,0.25,0.25,-0.057206277,0.0034559094,-0.02217301,-0.02132653,0.26432896,0.2643479,0.0004952251,1.8072108e-06,4.291963e-05,-0.0006126401,0,0,1
290465708,290271649,290275692,31.185254682280625,117.197347009425,0,0.25,0.25,-0.028277898,0.009518268,-0.012608347,-0.04234242,0.26430196,0.26432174,0.00012101908,1.3710172e-05,0.00012152895,-0.0018869969,0,0,1
290969549,290773641,290774441,31.185270771537333,117.19730652001766,0,0.25,0.25,-0.0047331364,0.037809893,-0.009989894,-0.005069562,0.2643005,0.26432133,3.3904712e-06,0.00021634094,3.2833348e-05,-0.00070453086,0,0,1
291473174,291274639,291283162,31.185288543914435,117.19726668529331,0,0.25,0.25,0.033645786,0.0047798916,0.01828158,-0.018955158,0.2644009,0.26441807,0.00017126097,3.4562486e-06,0.00042077817,-0.0012664081,0,0,1
291971925,291774646,291781910,31.185309198519054,117.19722987587461,0,0.25,0.25,0.03232889,0.032366868,0.027555695,0.005126285,0.26440123,0.26441336,0.00015811683,0.00015848127,0.0002769618,-0.00045653316,0,0,1
292470709,292273639,292280658,31.18533268704689,117.19719821998355,0,0.25,0.25,0.02865332,0.046574987,0.046907637,0.0071088527,0.26444232,0.26444685,0.0001241878,0.00032811577,0.0012392411,-0.0005627823,0,0,1
292969602,292773638,292779405,31.185357506563083,117.1971720722951,0,0.25,0.25,0.04168768,0.0035751662,0.033488326,0.016875532,0.26450816,0.2644984,0.00026280666,1.932989e-06,0.00058906095,-0.0001495874,0,0,1
293378421,293179636,293188378,31.185377641110332,117.19715182283336,0,0.25,0.25,0.06840964,-0.021681836,0.08139332,-0.027109066,0.26459688,0.26458353,0.0007074729,7.1070484e-05,0.0020427566,-0.0007261972,0,0,1
293976890,293786652,293786875,31.185410317728188,117.19712463526251,0,0.25,0.25,0.07229257,-0.031584974,0.07476293,-0.027104706,0.26456642,0.26456228,0.0007901555,0.00015083187,0.0011951125,-0.0003174139,0,0,1
294375914,294179637,294185873,31.18543386999085,117.19711202584271,0,0.25,0.25,0.05809657,-0.044377506,0.120717235,-0.06036719,0.26570702,0.2656785,0.0005081102,0.0002965032,0.004532687,-0.0012570116,0,0,1
294874796,294681651,294684620,31.18546225423643,117.19710319171033,0,0.25,0.25,0.07625374,-0.04433339,0.121157065,-0.059327964,0.26530713,0.26524463,0.0008766645,0.00029639804,0.00321319,-0.0008247558,0,0,1
295383435,295184638,295193342,31.185490202642086,117.19709866519122,0,0.25,0.25,0.16867301,-0.10131626,0.2077105,-0.08478303,0.26635545,0.26625562,0.0042725736,0.0015421248,0.00918627,-0.0013081547,0,0,1
295882278,295690640,295692089,31.185518809100948,117.19709575241393,0,0.25,0.25,0.15253316,-0.08766195,0.1881736,-0.09154113,0.2656457,0.2655933,0.0035033675,0.0011573512,0.0065265014,-0.0013598504,0,0,1
296391068,296193640,296200812,31.18554652819647,117.19709186658847,0,0.25,0.25,0.26260662,-0.085592195,0.29173264,-0.09873074,0.2665025,0.26651245,0.010350708,0.0010995395,0.017013522,-0.0015426677,0,0,1
296889594,296695641,296699559,31.185573493495934,117.19708817531385,0,0.25,0.25,0.24491972,-0.08727218,0.25916067,-0.09229062,0.2656982,0.26573932,0.009030647,0.0011464519,0.011966959,-0.0013175544,0,0,1
297388336,297191641,297198306,31.18560107844297,117.1970828715519,0,0.25,0.25,0.25793794,-0.080359936,0.30498022,-0.09737425,0.26639906,0.26648024,0.009989822,0.0009693356,0.01662688,-0.0014800683,0,0,1
297887062,297689637,297697053,31.185628984256287,117.19707740837651,0,0.25,0.25,0.26643434,-0.09037005,0.26704156,-0.08786454,0.26565206,0.2657197,0.0106887575,0.0012293775,0.012027229,-0.0011984514,0,0,1
298475810,298283738,298285575,31.185662375773695,117.19707258132678,0,0.25,0.25,0.18751542,-0.075109735,0.2609171,-0.08154512,0.26610234,0.26616117,0.0052854903,0.000847828,0.012948921,-0.0010460685,0,0,1
298884549,298687638,298694547,31.18568378337965,117.19706991588748,0,0.25,0.25,0.2575715,-0.06975858,0.2380102,-0.073318325,0.2656966,0.2657408,0.009987794,0.000732482,0.010028553,-0.0008413382,0,0,1
299373459,299181647,299183319,31.18571085252415,117.19706895015175,0,0.25,0.25,0.21148315,-0.07508929,0.26246202,-0.07691264,0.266309,0.2663534,0.0067177787,0.00084675493,0.01233864,-0.0009132446,0,0,1
299882274,299683640,299692040,31.18573734084883,117.1970669487567,0,0.25,0.25,0.25999257,-0.060189217,0.2551314,-0.07097785,0.26572332,0.26575452,0.010175416,0.0005452764,0.010670628,-0.00077547505,0,0,1
300380939,300183638,300190787,31.18576486509039,117.19706193649007,0,0.25,0.25,0.2817934,-0.0553711,0.30184036,-0.063883856,0.2664708,0.2664837,0.011919882,0.0004602096,0.015183153,-0.0006679863,0,0,1
300879544,300683635,300689533,31.185793152353728,117.19705627012408,0,0.25,0.25,0.22526032,-0.015747357,0.24520253,-0.04088694,0.26572087,0.2657309,0.0076384223,3.7327874e-05,0.010079267,-0.00033331223,0,0,1
301378420,301183642,301188280,31.185819846468885,117.19705262066066,0,0.25,0.25,0.22022732,-0.036067937,0.28162643,-0.038045883,0.26643637,0.26644713,0.007281299,0.00019529519,0.014087702,-0.00026916288,0,0,1
301976914,301783666,301786776,31.1858512832238,117.19704888031681,0,0.25,0.25,0.21992996,-0.048582196,0.23836039,-0.039878726,0.26556307,0.26557794,0.0072855293,0.00035548583,0.009421466,-0.0002642389,0,0,1
302385878,302188643,302195748,31.18587248945505,117.19704519356979,0,0.25,0.25,0.25579202,-0.06777276,0.29721466,-0.058011327,0.26652828,0.26654345,0.00981953,0.0006892906,0.01581516,-0.00059185195,0,0,1
302974437,302783640,302784269,31.185906171016175,117.19703414239181,0,0.25,0.25,0.15792578,-0.019862304,0.21848664,-0.044497117,0.2655198,0.26552305,0.003757242,5.943154e-05,0.008616843,-0.00036854076,0,0,1
303373335,303182640,303183265,31.18592863752673,117.19702428322275,0,0.25,0.25,0.14243975,-0.00091386517,0.22923411,-0.044783592,0.26639324,0.26638484,0.0030464863,1.2540497e-07,0.010351225,-0.00060943107,0,0,1
303972019,303781640,303781761,31.185963593372428,117.19701086957006,0,0.25,0.25,0.10102536,0.0103730485,0.17185302,-0.016179739,0.2654998,0.26550752,0.0015376467,1.6210484e-05,0.0056141764,-0.00020665297,0,0,1
304370806,304180640,304180758,31.18598700129886,117.19700532955254,0,0.25,0.25,0.059758957,0.009963861,0.18221702,-0.010954788,0.2663394,0.266379,0.0005363281,1.49078605e-05,0.007247935,-0.00013892725,0,0,1
304879716,304682640,304689479,31.18601610143456,117.19700543161726,0,0.25,0.25,0.065552406,0.018607466,0.112869754,0.006922928,0.26568952,0.26573342,0.0006469382,5.2118063e-05,0.0033835426,-1.8437568e-05,0,0,1
305378306,305182635,305188225,31.18603949438802,117.19701858225733,0,0.25,0.25,0.015398538,-0.04278157,0.09209435,-0.0027126502,0.2664695,0.26642936,3.559356e-05,0.0002747839,0.0026126446,5.1472736e-05,0,0,1
305876989,305682642,305686971,31.18605321472475,117.19704131681314,0,0.25,0.25,0.007287755,-0.031705208,0.046950594,-0.02501471,0.26577738,0.26568112,7.993363e-06,0.00015134236,0.0010845405,-0.00012800415,0,0,1
306375761,306185661,306185717,31.1860532849146,117.19706806684256,0,0.25,0.25,0.10461127,-0.08912224,0.06512632,-0.0024427003,0.26657605,0.2665025,0.0016420857,0.00119215,0.0011183153,0.00064671895,0,0,1
306974227,306781638,306784211,31.18603894085039,117.19709818458676,0,0.25,0.25,0.14061137,-0.007171618,0.1074384,-0.009899016,0.26560646,0.26568514,0.0029775715,7.743317e-06,0.002048688,0.00016479012,0,0,1
307373217,307182641,307183208,31.186026025780208,117.1971184505863,0,0.25,0.25,0.15157168,0.011181618,0.11937887,0.01933987,0.26517612,0.26530614,0.0034654664,1.8850462e-05,0.0024965229,0.0005048553,0,0,1
307872157,307681635,307681953,31.186010611286065,117.19714259849745,0,0.25,0.25,0.16928034,0.066457964,0.13415182,0.055715445,0.26481384,0.26493436,0.0043284493,0.0006668309,0.002917137,0.0008352145,0,0,1
308470647,308277655,308280447,31.185991414992117,117.19716857416392,0,0.25,0.25,0.21264502,0.1395374,0.15352389,0.12946941,0.26561147,0.26571333,0.0068096314,0.0029310812,0.004190511,0.0036177041,0,0,1
308969229,308778641,308779193,31.18597543900302,117.19718625568747,0,0.25,0.25,0.17273316,0.16290861,0.17123555,0.14822075,0.2651565,0.26522672,0.004501001,0.0040024947,0.00471571,0.003787456,0,0,1
309468138,309272636,309277938,31.185957826239864,117.19720134954504,0,0.25,0.25,0.17036636,0.20400211,0.16104902,0.1836291,0.26481268,0.2648656,0.0043841857,0.006284978,0.0041958326,0.005514027,0,0,1
309966701,309773636,309776683,31.185938358683135,117.19721674466123,0,0.25,0.25,0.1894543,0.21338744,0.17433603,0.19358154,0.26459455,0.26464424,0.0054261032,0.006882326,0.0047331317,0.005854054,0,0,1
310465507,310272639,310275428,31.185918919205566,117.19723416210505,0,0.25,0.25,0.18640997,0.227458,0.16669096,0.22417012,0.26443723,0.2645045,0.005256245,0.007824009,0.0046042535,0.008017513,0,0,1
310964191,310771637,310774174,31.18590212845911,117.19725311375184,0,0.25,0.25,0.17046994,0.22125319,0.17156674,0.226347,0.26436725,0.26447335,0.0043969136,0.0074038426,0.0046206317,0.007924506,0,0,1
311463145,311270640,311272919,31.185885944188033,117.19727336689795,0,0.25,0.25,0.16820297,0.2278568,0.15267299,0.2510552,0.26430038,0.2644415,0.004281831,0.00785334,0.0038503048,0.010026727,0,0,1
311961687,311770637,311771664,31.185870749054246,117.19729412595012,0,0.25,0.25,0.15406238,0.1940699,0.14599338,0.2321921,0.26428047,0.26444352,0.0035924283,0.005696964,0.0033883569,0.00845053,0,0,1
312460480,312268642,312270408,31.18585435788371,117.19731392652066,0,0.25,0.25,0.12890618,0.15549357,0.11368691,0.22413774,0.26424673,0.26439804,0.0025153465,0.0036578565,0.0022928645,0.00807973,0,0,1
312969133,312770740,312779128,31.185834860952568,117.19732971579295,0,0.25,0.25,0.05288039,0.18848696,0.08301335,0.20412983,0.26436678,0.26448095,0.00042309944,0.005373141,0.0012839745,0.006538523,0,0,1
313467964,313270986,313277873,31.185810569846684,117.19733949733364,0,0.25,0.25,0.06022516,0.17203479,0.044859115,0.2017845,0.26434177,0.26439697,0.0005488455,0.0044775046,0.00031849166,0.006368708,0,0,1
313966937,313769639,313776617,31.18578239679554,117.19734279837282,0,0.25,0.25,0.03585701,0.196757,0.049047735,0.19220123,0.26435962,0.26436135,0.00019454183,0.0058576367,0.00038515453,0.0056893546,0,0,1
314465366,314268640,314275362,31.18575198817128,117.19734251150537,0,0.25,0.25,0.04704312,0.16633512,0.017264854,0.18734387,0.26435342,0.2643243,0.00033486309,0.0041868826,-0.00057292555,0.0053675123,0,0,1
314964307,314769641,314774106,31.185721196587966,117.1973398966593,0,0.25,0.25,-0.002247922,0.16687013,0.015277998,0.17561077,0.2644125,0.2643773,7.6443484e-07,0.0042130155,-0.00018614551,0.0047075166,0,0,1
315462857,315270651,315272851,31.185692547697187,117.19733349436208,0,0.25,0.25,-0.044700082,0.16092484,-0.03533591,0.17192437,0.2644202,0.2643872,0.00030226092,0.0039180117,-0.0009886347,0.004495865,0,0,1
315971830,315773041,315781570,31.18566598000281,117.19732436680982,0,0.25,0.25,-0.1091644,0.13589543,-0.08108809,0.15064481,0.26452827,0.26450267,0.00180198,0.0027927987,-0.0015390943,0.0034911921,0,0,1
316470386,316272655,316280314,31.185640371262064,117.19731037570344,0,0.25,0.25,-0.13942504,0.13743219,-0.1367956,0.13803159,0.2644596,0.26444024,0.002940236,0.0028569943,-0.0041004177,0.0030378567,0,0,1
316969064,316772637,316779059,31.18561602234885,117.19729374238318,0,0.25,0.25,-0.12026008,0.1066202,-0.12759146,0.1267811,0.26443672,0.26442826,0.0021876672,0.0017196145,-0.003025246,0.0025202138,0,0,1
317467850,317272939,317277803,31.185594322326835,117.19726890500327,0,0.25,0.25,-0.0893101,0.100977436,-0.1314773,0.091222435,0.26440108,0.26439467,0.0012066963,0.0015426094,-0.0035444365,0.0016763858,0,0,1
317966557,317773639,317776547,31.185579379341647,117.19723518975445,0,0.25,0.25,-0.1032083,0.08710981,-0.10679932,0.091271706,0.26439434,0.264397,0.0016115252,0.0011479887,-0.0021685057,0.0014334593,0,0,1
318465295,318272637,318275291,31.18557513498706,117.19719509474783,0,0.25,0.25,-0.1183936,0.08086852,-0.1201618,0.055146426,0.26436332,0.26442632,0.0021208758,0.0009892688,-0.002427262,0.00036304936,0,0,1
318964043,318773640,318774035,31.18558249581198,117.19715495379042,0,0.25,0.25,-0.14114271,0.004178339,-0.1299727,0.045083396,0.26433438,0.2645339,0.0030145554,2.6398914e-06,-0.0026713512,0.00032366655,0,0,1
319463101,319272670,319272779,31.185600504228074,117.19712084062144,0,0.25,0.25,-0.16579318,-0.047381807,-0.1418853,-0.021168701,0.26428655,0.26463017,0.0041602384,0.0003393469,-0.0032835712,-0.0007427765,0,0,1
319971575,319772648,319781498,31.185624646083483,117.1970958258252,0,0.25,0.25,-0.126533,-0.14447671,-0.14852747,-0.07228636,0.26437944,0.2647636,0.002422367,0.0031535332,-0.0034989056,-0.0014340489,0,0,1
320470389,320272643,320280242,31.185651226949535,117.19708168478691,0,0.25,0.25,-0.13072206,-0.17265351,-0.12117014,-0.14253145,0.26438355,0.2646627,0.0025853738,0.0045052413,-0.0027400905,-0.0039617973,0,0,1
320968996,320772639,320778985,31.185678465524763,117.19707851222928,0,0.25,0.25,-0.10380087,-0.18604921,-0.11494208,-0.16973306,0.26441246,0.26452008,0.0016299717,0.005234281,-0.002214615,-0.0047895173,0,0,1
321467886,321272784,321277729,31.18570454550092,117.19708506222102,0,0.25,0.25,-0.0827851,-0.21056235,-0.081390075,-0.19079809,0.26445335,0.2643811,0.0010366098,0.006707968,-0.0013773754,-0.0057320064,0,0,1
321966482,321771961,321776472,31.185725776235106,117.19709607348975,0,0.25,0.25,-0.06742006,-0.17495517,-0.072120674,-0.18982485,0.26445726,0.2642779,0.0006875159,0.004632898,-0.000949095,-0.0055510458,0,0,1
322465398,322268860,322275216,31.185733416542504,117.19710172571703,0,0.25,0.25,-0.12796362,-0.22732067,-0.090909734,-0.20705163,0.26471642,0.26463038,0.0024742987,0.0078108474,-0.0016563567,-0.0066677188,0,0,1
322963976,322769644,322773960,31.185734518517904,117.19710200319415,0,0.25,0.25,-0.1259756,-0.15078904,-0.11241895,-0.18655002,0.26456213,0.26462683,0.0023994138,0.0034368902,-0.0021208231,-0.005411165,0,0,1
323462743,323271647,323272703,31.185735342235482,117.1971024395246,0,0.25,0.25,-0.116958484,-0.11067383,-0.115599506,-0.14963323,0.26442048,0.26456326,0.0020693236,0.001851912,-0.0021071315,-0.0035992796,0,0,1
323961514,323769647,323771448,31.185738940928356,117.19710280975467,0,0.25,0.25,-0.18939844,-0.061422955,-0.14417984,-0.10781347,0.26433614,0.2644945,0.0054282043,0.0005705645,-0.0033151105,-0.0020399166,0,0,1
324370438,324175588,324180418,31.18573988054166,117.19710248373642,0,0.25,0.25,-0.09816375,-0.025382709,-0.1339211,-0.06690399,0.26437387,0.26452094,0.0014579536,9.742622e-05,-0.0028489118,-0.00104624,0,0,1
324889131,324690638,324699112,31.18573998129975,117.19710248416696,0,0.25,0.25,-0.016798683,-0.014742102,-0.07503979,-0.035659384,0.26453963,0.26464385,4.266971e-05,3.284861e-05,-0.0012808612,-0.0004334187,0,0,1
325378225,325186636,325187882,31.185740179851475,117.19710229186478,0,0.25,0.25,0.04700352,0.036244977,-0.014820752,-0.0014409235,0.2654576,0.26549762,0.00033290903,0.00019792243,-0.0004252709,-0.00011842487,0,0,1
325976507,325782807,325786376,31.185740478054793,117.1971017936149,0,0.25,0.25,0.07063786,0.087617345,0.029001897,0.045416318,0.2650375,0.2650002,0.00075305684,0.0011587613,0.0001414152,0.00046278612,0,0,1
326385517,326186638,326195347,31.18574047690948,117.19710159596305,0,0.25,0.25,0.12230096,0.11553831,0.07297727,0.07941788,0.2661644,0.26604122,0.0022478625,0.0020070723,0.0010928871,0.0011949335,0,0,1
326874161,326681718,326684117,31.18574087537432,117.19710149734068,0,0.25,0.25,0.085711464,0.108107395,0.08560593,0.09761239,0.26542717,0.26528567,0.0011071143,0.0017622074,0.0012413565,0.0015690501,0,0,1
327372986,327182643,327182863,31.18574147411564,117.19710169967183,0,0.25,0.25,0.057034377,0.08782099,0.072878845,0.09443487,0.2662537,0.266041,0.0004886948,0.0011595996,0.0008745449,0.0014011296,0,0,1
327881603,327686673,327691584,31.185741772871992,117.1971016017684,0,0.25,0.25,0.04863616,0.07483111,0.05720834,0.08631716,0.26568282,0.26548138,0.00035613537,0.0008437045,0.00054844026,0.0011535687,0,0,1
328380671,328182655,328190330,31.185742071747068,117.19710160468742,0,0.25,0.25,0.042202346,0.064137936,0.049557026,0.07539233,0.26645625,0.2662191,0.00026736667,0.0006180886,0.0004013707,0.0008815836,0,0,1
328879087,328682638,328689075,31.185742270684116,117.19710130641603,0,0.25,0.25,0.027521312,0.06629206,0.037898805,0.068682015,0.26571208,0.2655199,0.00011402155,0.0006620427,0.0002452668,0.00072603516,0,0,1
329367921,329176664,329177847,31.185742469789517,117.19710100892692,0,0.25,0.25,0.009923807,0.06857886,0.026577963,0.06654243,0.26509956,0.26494515,1.4859617e-05,0.0007100429,0.00013873239,0.0006752359,0,0,1
329976329,329778649,329786318,31.18574286884783,117.19710071258912,0,0.25,0.25,-0.019838063,0.058353283,0.002252387,0.06381652,0.2648894,0.2647674,5.942839e-05,0.0005144297,2.6644726e-05,0.0006191274,0,0,1
330375330,330176638,330185318,31.18574316830031,117.1971005149856,0,0.25,0.25,-0.046614632,0.052547086,-0.019011738,0.060800962,0.26471773,0.26462048,0.00032833824,0.0004173821,-0.000107926906,0.0005632338,0,0,1
330973863,330774685,330783811,31.185743567761115,117.19710011826811,0,0.25,0.25,-0.07725864,0.048218545,-0.049799826,0.054568,0.26462632,0.26456317,0.00090223784,0.00035152707,-0.0004757154,0.00045673893,0,0,1
331472597,331274635,331282558,31.18574386736506,117.19709992081121,0,0.25,0.25,-0.09762828,0.03423098,-0.07319208,0.042668022,0.26453683,0.26450032,0.0014412029,0.00017720358,-0.00091144757,0.00029334045,0,0,1
331971406,331776848,331781306,31.18574416707057,117.19709972344509,0,0.25,0.25,-0.11706227,0.019761717,-0.095075116,0.03172023,0.26451254,0.26449922,0.002072276,5.9058846e-05,-0.0014605442,0.00017268359,0,0,1
332470119,332273645,332280053,31.1857444668233,117.1970996265611,0,0.25,0.25,-0.12439277,-0.0038495732,-0.112582944,0.015587203,0.26446503,0.26447058,0.0023403566,2.2413403e-06,-0.0019864799,7.47118e-05,0,0,1
332969088,332775860,332778801,31.18574476645462,117.19709943008961,0,0.25,0.25,-0.13481753,-0.018843893,-0.12372687,-0.00050425174,0.2644617,0.26448265,0.0027490961,5.3703683e-05,-0.0023573432,1.5120197e-05,0,0,1
333467674,333275659,333277549,31.185744866181192,117.19709923317083,0,0.25,0.25,-0.12486794,-0.027082602,-0.12664692,-0.012707174,0.26443034,0.26446238,0.0023585798,0.00011093711,-0.0024446899,-3.51473e-05,0,0,1
333966347,333772641,333776297,31.185745165952444,117.1970990361644,0,0.25,0.25,-0.13860959,-0.030629216,-0.13104801,-0.023080349,0.26443848,0.26447895,0.002906176,0.00014188635,-0.0026083435,-9.6543794e-05,0,0,1
334465160,334274638,334275045,31.185745165738997,117.19709903931752,0,0.25,0.25,-0.11832749,-0.049495555,-0.12730014,-0.03594142,0.26441076,0.26445627,0.002118128,0.00037054293,-0.0024595363,-0.0002198521,0,0,1
334963806,334770641,334773794,31.18574526553467,117.19709904304518,0,0.25,0.25,-0.11055239,-0.06349388,-0.12043437,-0.04964954,0.26441512,0.26446435,0.0018488856,0.0006097567,-0.0022049076,-0.00040332947,0,0,1
335472647,335272639,335282518,31.1857452652516,117.19709914650973,0,0.25,0.25,-0.0989734,-0.082311854,-0.108906224,-0.06613826,0.2645103,0.26456237,0.0014813386,0.0010243696,-0.0018134743,-0.0007036344,0,0,1
335961320,335770636,335771292,31.185745365073572,117.19709915051261,0,0.25,0.25,-0.09402471,-0.08655958,-0.09897322,-0.078233555,0.2643701,0.26442114,0.0013376166,0.0011334284,-0.0015002429,-0.00095763383,0,0,1
336460117,336268645,336270041,31.185745264798417,117.19709915401215,0,0.25,0.25,-0.07823287,-0.0894591,-0.08905757,-0.084850736,0.26434258,0.26439303,0.0009261288,0.0012107627,-0.0012193201,-0.0011063392,0,0,1
336958846,336767637,336768793,31.185745364551305,117.19709925780596,0,0.25,0.25,-0.0740506,-0.09807783,-0.08284109,-0.09105753,0.26434618,0.26439622,0.0008297439,0.0014552796,-0.001051654,-0.0012665099,0,0,1
337467762,337268640,337277514,31.18574536426542,117.19709926253158,0,0.25,0.25,-0.066056974,-0.093016714,-0.07577952,-0.09406389,0.26442754,0.26447785,0.000660071,0.0013085571,-0.0008802731,-0.0013451276,0,0,1
337966527,337767639,337776264,31.185745463916202,117.19709926673775,0,0.25,0.25,-0.06958289,-0.09145913,-0.0727223,-0.09432465,0.26442298,0.26447225,0.0007324292,0.0012651269,-0.0008068759,-0.0013508036,0,0,1
338465056,338267651,338275014,31.185745463554383,117.19709927114089,0,0.25,0.25,-0.06258198,-0.08943768,-0.06768229,-0.092347614,0.26438844,0.26443622,0.0005925378,0.0012099852,-0.00069909036,-0.0012926301,0,0,1
338963843,338767659,338773764,31.185745463132463,117.19709927544292,0,0.25,0.25,-0.058389403,-0.08867341,-0.06332117,-0.09054042,0.26440114,0.2644481,0.0005157803,0.001189341,-0.00061116123,-0.001241424,0,0,1
339462528,339268642,339272514,31.18574546273992,117.19709938001236,0,0.25,0.25,-0.04865262,-0.09480793,-0.057459675,-0.09257264,0.2643868,0.2644326,0.0003581234,0.0013596725,-0.0005059011,-0.0012972335,0,0,1
339961482,339768056,339771264,31.185745462327255,117.1970993845249,0,0.25,0.25,-0.05039777,-0.08616855,-0.053198744,-0.09082399,0.26438075,0.2644257,0.00038428442,0.0011231918,-0.00043270297,-0.001249203,0,0,1
340460025,340267640,340270014,31.185745361810607,117.19709948922545,0,0.25,0.25,-0.041743353,-0.090612374,-0.047172472,-0.08898752,0.2643722,0.26441622,0.00026364462,0.0012420724,-0.00034396487,-0.0011998884,0,0,1
340958898,340768642,340768765,31.185745361435774,117.19709949405168,0,0.25,0.25,-0.037388396,-0.08323329,-0.042336825,-0.086928055,0.26436195,0.26440525,0.00021151186,0.0010480549,-0.00027671104,-0.0011446144,0,0,1
341467620,341269638,341277491,31.18574536098809,117.19709949865451,0,0.25,0.25,-0.037338294,-0.078999035,-0.04052689,-0.08341451,0.26445696,0.2645004,0.00021086958,0.00094379403,-0.00025179205,-0.001054746,0,0,1
341966355,341769756,341776242,31.185745360435636,117.19709960330954,0,0.25,0.25,-0.03942855,-0.08066549,-0.03914167,-0.08051373,0.26445842,0.26450142,0.00023513874,0.0009840282,-0.00023347538,-0.0009827713,0,0,1
342465003,342267636,342274993,31.185745359980174,117.19709960806337,0,0.25,0.25,-0.034218684,-0.07475731,-0.034192394,-0.07830174,0.2644153,0.26445746,0.00017713322,0.0008453011,-0.00018265762,-0.00092912675,0,0,1
342963821,342767639,342773746,31.185745259452528,117.1970996129545,0,0.25,0.25,-0.018200843,-0.07185693,-0.029283265,-0.074172534,0.26441932,0.26446128,5.011293e-05,0.00078097155,-0.00013800048,-0.0008346014,0,0,1
343462500,343269642,343272496,31.18574525882347,117.19709961793508,0,0.25,0.25,-0.0228168,-0.07073888,-0.025447791,-0.071778685,0.26440093,0.26444244,7.876014e-05,0.00075691164,-0.00010286394,-0.0007808738,0,0,1
343961275,343769645,343771247,31.185745158112447,117.19709962326839,0,0.25,0.25,-0.015192585,-0.06479856,-0.021085836,-0.0693289,0.2644006,0.26444206,3.491893e-05,0.0006351265,-7.3342504e-05,-0.0007286717,0,0,1
344460037,344269640,344269999,31.185745157503913,117.19709962808003,0,0.25,0.25,-0.015557815,-0.06451582,-0.018033473,-0.06681826,0.26436642,0.2644073,3.6622747e-05,0.00062967866,-5.2635223e-05,-0.0006767012,0,0,1
344968773,344769645,344778726,31.185745156840106,117.1970997327204,0,0.25,0.25,-0.016911782,-0.068854295,-0.017484145,-0.06823702,0.26448017,0.2645219,4.3255928e-05,0.000716903,-4.787654e-05,-0.00070575695,0,0,1
345467498,345270638,345277478,31.185745156128938,117.19709963778749,0,0.25,0.25,-0.02158435,-0.055876777,-0.01718617,-0.06553,0.2644406,0.26448172,7.04709e-05,0.00047220115,-4.671331e-05,-0.00065299,0,0,1
345966279,345770635,345776230,31.185745055510743,117.19709964264673,0,0.25,0.25,-0.010564607,-0.057474714,-0.013398704,-0.061452758,0.26441935,0.2644603,1.6883925e-05,0.00049963535,-3.041438e-05,-0.0005754,0,0,1
346465388,346268638,346274983,31.1857450548845,117.19709974778445,0,0.25,0.25,-0.01366687,-0.06064261,-0.013033905,-0.06287863,0.26439208,0.26443335,2.8258539e-05,0.0005562878,-2.7340137e-05,-0.00060054817,0,0,1
346963990,346769642,346773735,31.18574505434184,117.1970997522469,0,0.25,0.25,-0.015549949,-0.056188475,-0.014696573,-0.059842158,0.26439852,0.2644399,3.658128e-05,0.0004775595,-3.365588e-05,-0.0005441076,0,0,1
347462640,347267643,347272488,31.185744953795815,117.19709975640419,0,0.25,0.25,-0.009823897,-0.056679267,-0.012779385,-0.058345053,0.26436755,0.26440793,1.46022385e-05,0.00048599739,-2.8131039e-05,-0.00051642716,0,0,1
347961351,347768706,347771241,31.18574495323678,117.19709976116022,0,0.25,0.25,-0.010109758,-0.053539917,-0.010799578,-0.056367315,0.26438266,0.26442334,1.5463527e-05,0.0004336263,-1.9512054e-05,-0.00048172925,0,0,1
348460204,348267636,348269994,31.185744952616716,117.19709976573034,0,0.25,0.25,-0.012931152,-0.048644863,-0.0111273015,-0.05281926,0.26436242,0.26440302,2.5300827e-05,0.00035798727,-1.9634186e-05,-0.0004241535,0,0,1
348958766,348768642,348768747,31.185744952070028,117.19709976992706,0,0.25,0.25,-0.009222671,-0.049310047,-0.010313816,-0.050465893,0.26437905,0.26442,1.2869048e-05,0.000367821,-1.6611868e-05,-0.00038683417,0,0,1
349467757,349269637,349277475,31.1857448513912,117.19709977431329,0,0.25,0.25,0.0021008814,-0.04832757,-0.0057234643,-0.04966461,0.26447245,0.2645149,6.675482e-07,0.000353183,-9.376867e-06,-0.00037457616,0,0,1
349966277,349769639,349776229,31.185744850759317,117.19709977843362,0,0.25,0.25,-0.00071254297,-0.0458415,-0.0024460363,-0.04720837,0.26444447,0.26448673,7.679759e-08,0.00031781456,-3.844592e-06,-0.00033828797,0,0,1
350465002,350270637,350274983,31.185744850174252,117.19709978234019,0,0.25,0.25,0.0010228123,-0.042012285,-0.0010783281,-0.045296792,0.26440743,0.2644494,1.5826258e-07,0.00026697468,-1.5979836e-06,-0.0003113483,0,0,1
350963808,350769673,350773736,31.185744849625692,117.19709978599009,0,0.25,0.25,0.0031306427,-0.042678047,0.0010021621,-0.043759294,0.26439872,0.26444,1.4827491e-06,0.0002755129,-9.425401e-08,-0.00029039016,0,0,1
351462501,351269644,351272490,31.18574494917653,117.19709988965218,0,0.25,0.25,0.00090287277,-0.047388267,0.0042446735,-0.045820378,0.26438177,0.26442298,1.2333365e-07,0.00033970538,5.0369376e-06,-0.00031915284,0,0,1
351961650,351769636,351771244,31.1857448485256,117.19709989400678,0,0.25,0.25,0.013744087,-0.041569583,0.008080198,-0.044543978,0.2643779,0.2644201,2.858029e-05,0.0002614068,1.4143873e-05,-0.00030131984,0,0,1
352460039,352269641,352269998,31.18574484807524,117.1970999973615,0,0.25,0.25,0.012251539,-0.045331754,0.010558806,-0.04622567,0.2643612,0.2644033,2.2711381e-05,0.00031088386,1.922117e-05,-0.0003245607,0,0,1
352968856,352769642,352778728,31.18574474751218,117.19710000073844,0,0.25,0.25,0.019501127,-0.041558735,0.012568144,-0.04359706,0.26447842,0.2645216,5.7516067e-05,0.00026117012,2.8111966e-05,-0.00029008748,0,0,1
353467514,353269645,353277482,31.185744746872256,117.19710000417258,0,0.25,0.25,0.012575479,-0.03684591,0.013506628,-0.040323026,0.26444116,0.26448402,2.3921037e-05,0.00020532373,2.9666066e-05,-0.00024823772,0,0,1
353966361,353771639,353776237,31.18574474638003,117.1971000071552,0,0.25,0.25,0.016526923,-0.03411117,0.013601032,-0.036875866,0.26443982,0.264482,4.1315892e-05,0.00017597749,2.9207666e-05,-0.00020791053,0,0,1
354475016,354277640,354284967,31.185744745915983,117.19710010980491,0,0.25,0.25,0.01802536,-0.040918946,0.014433673,-0.035874166,0.26449156,0.2645348,4.9137834e-05,0.00025317806,3.3531334e-05,-0.00019687881,0,0,1
354973841,354777646,354783723,31.185744745301278,117.19710011318523,0,0.25,0.25,0.018469984,-0.03792082,0.016021812,-0.037524033,0.264462,0.26450503,5.1597628e-05,0.00021746109,4.0089108e-05,-0.0002142025,0,0,1
355472509,355279637,355282477,31.18574464480153,117.19710011608602,0,0.25,0.25,0.026202243,-0.036136378,0.020616302,-0.03770687,0.2644043,0.2644468,0.00010386481,0.00019751993,6.896701e-05,-0.00021565851,0,0,1
355971381,355777639,355781232,31.185744744320317,117.19710011892386,0,0.25,0.25,0.015459309,-0.032371785,0.01845458,-0.035018843,0.26440048,0.2644431,3.6155798e-05,0.00015851161,5.5029323e-05,-0.00018716198,0,0,1
356470009,356276643,356279987,31.18574474389624,117.19710012165713,0,0.25,0.25,0.017028151,-0.032111496,0.01748204,-0.033543672,0.26436564,0.26440796,4.387226e-05,0.0001559935,4.776751e-05,-0.00017117552,0,0,1
356968840,356775819,356778742,31.185744743520072,117.19710012453639,0,0.25,0.25,0.018245805,-0.030829435,0.017632505,-0.032348204,0.2643664,0.26440895,5.0370913e-05,0.00014378547,4.77612e-05,-0.00015887659,0,0,1
357467523,357275645,357277498,31.185744642997935,117.19710012718679,0,0.25,0.25,0.021374926,-0.026780508,0.020938398,-0.029578527,0.2643581,0.26440066,6.91316e-05,0.000108501335,6.8359084e-05,-0.0001334056,0,0,1
357976245,357777816,357786228,31.185744542591575,117.19710012964643,0,0.25,0.25,0.02523656,-0.025484381,0.022229847,-0.026993893,0.26447096,0.2645146,9.632573e-05,9.8210636e-05,7.716214e-05,-0.00011139756,0,0,1
358375288,358177636,358185233,31.18574454231561,117.19710013146934,0,0.25,0.25,0.021103121,-0.027427528,0.021637779,-0.027060863,0.265563,0.26561671,6.707888e-05,0.000113286434,7.207597e-05,-0.00011117488,0,0,1
358973794,358775640,358783740,31.185744441889668,117.19710013407281,0,0.25,0.25,0.025833998,-0.024452664,0.025133893,-0.027232803,0.2650925,0.26513985,0.000100703786,9.02064e-05,9.739851e-05,-0.00011381073,0,0,1
359472654,359274646,359282496,31.185744441567827,117.19710013587296,0,0.25,0.25,0.022454066,-0.019704781,0.024078421,-0.026521973,0.264813,0.26485777,7.615715e-05,5.8639536e-05,8.86123e-05,-0.00010881688,0,0,1
359971312,359774642,359781253,31.185744341097603,117.1971002380241,0,0.25,0.25,0.025469339,-0.024446562,0.023321208,-0.026426056,0.26465634,0.26470017,9.804219e-05,9.031115e-05,8.4006446e-05,-0.00010690035,0,0,1
360470196,360273746,360280009,31.185744340678635,117.19710024050507,0,0.25,0.25,0.023209317,-0.021879885,0.023447633,-0.02457005,0.2655866,0.2656387,8.1129445e-05,7.208729e-05,8.374881e-05,-9.206032e-05,0,0,1
360968777,360771650,360778765,31.185744340428027,117.19710034215527,0,0.25,0.25,0.02310998,-0.02849806,0.023124581,-0.02369033,0.26515913,0.26520663,8.056614e-05,0.00012249156,8.108535e-05,-8.609372e-05,0,0,1
361467736,361272643,361277522,31.185744340358138,117.19710034315452,0,0.25,0.25,0.023704387,-0.02646749,0.022759698,-0.024772221,0.26483995,0.26488477,8.486605e-05,0.000105786065,7.85907e-05,-9.367942e-05,0,0,1
361966352,361768730,361776278,31.185744340109547,117.19710034493423,0,0.25,0.25,0.02640258,-0.02375217,0.023431245,-0.024603216,0.26465917,0.26470304,0.00010535758,8.525261e-05,8.351959e-05,-9.18933e-05,0,0,1
362465089,362268639,362275039,31.185744339937827,117.1971003459128,0,0.25,0.25,0.024143826,-0.01811182,0.024386061,-0.021806525,0.26451302,0.2645562,8.815057e-05,4.9598235e-05,9.02646e-05,-7.302545e-05,0,0,1
362964078,362767639,362773792,31.18574433978985,117.19710044713865,0,0.25,0.25,0.02559546,-0.022290008,0.020891745,-0.021174341,0.2644557,0.26450005,9.909071e-05,7.513715e-05,6.914296e-05,-6.926792e-05,0,0,1
363462678,363269639,363272549,31.18574443964134,117.19710044823397,0,0.25,0.25,0.019727312,-0.022068374,0.019100098,-0.021724388,0.264405,0.26444843,5.887435e-05,7.366474e-05,5.7871683e-05,-7.204661e-05,0,0,1
363961626,363770702,363771306,31.185744439451778,117.19710034941316,0,0.25,0.25,0.023310343,-0.014951416,0.020550502,-0.017604467,0.2643758,0.2644204,8.221207e-05,3.381658e-05,6.545354e-05,-4.9071466e-05,0,0,1
364470071,364270657,364280039,31.18574443915006,117.19710045095863,0,0.25,0.25,0.026202792,-0.01763129,0.023768539,-0.018299796,0.26444831,0.26449364,0.00010385187,4.7012458e-05,8.7223605e-05,-5.2183852e-05,0,0,1
364968836,364770648,364778796,31.1857444387885,117.19710055260295,0,0.25,0.25,0.025687858,-0.02238426,0.025298152,-0.020237552,0.26442143,0.26446667,9.982037e-05,7.578348e-05,9.8252036e-05,-6.425443e-05,0,0,1
365467571,365271648,365277554,31.185744538531726,117.1971005541587,0,0.25,0.25,0.019001083,-0.015425539,0.023900507,-0.019548533,0.2643937,0.26443875,5.4621752e-05,3.5992794e-05,8.823656e-05,-5.9324935e-05,0,0,1
365966359,365773191,365776312,31.18574453828823,117.19710055517284,0,0.25,0.25,0.02105455,-0.016712211,0.023933744,-0.018429175,0.2643857,0.26443082,6.706778e-05,4.2248932e-05,8.937929e-05,-5.219971e-05,0,0,1
366465093,366271639,366275069,31.185744538190832,117.19710045523907,0,0.25,0.25,0.025666324,-0.0112222275,0.0248854,-0.014158237,0.26436386,0.2644087,9.967477e-05,1.9052079e-05,9.534396e-05,-3.3397926e-05,0,0,1
366963958,366769637,366773827,31.18574463729801,117.19710055971933,0,0.25,0.25,0.018289339,-0.017854517,0.02189648,-0.015264695,0.26436475,0.26440966,5.0611878e-05,4.8225742e-05,7.591033e-05,-3.832521e-05,0,0,1
367472810,367275643,367282560,31.185744478706688,117.19710059695322,0,0.25,0.25,0.011140227,-0.012687418,0.015689692,-0.015114893,0.2644671,0.26451278,1.8770528e-05,2.4342198e-05,4.463544e-05,-3.6026282e-05,0,0,1
367971534,367772963,367781318,31.1857443587539,117.19710044922846,0,0.25,0.25,0.0058191684,-0.005782903,0.014401621,-0.010264705,0.26446697,0.26451263,5.121656e-06,5.057145e-06,3.841886e-05,-1.9509915e-05,0,0,1
368470131,368272640,368280077,31.18574396615399,117.19710036154387,0,0.25,0.25,0.02695497,-0.009941105,0.016479352,-0.0028752605,0.26443338,0.2644791,0.000109905995,1.4946446e-05,5.3196247e-05,-6.822485e-06,0,0,1
368968898,368771637,368778835,31.18574361930568,117.19710041754743,0,0.25,0.25,0.004640232,-0.012208242,0.013265679,-0.003036485,0.26442912,0.2644735,3.2570924e-06,2.2541566e-05,4.452826e-05,-6.812304e-06,0,0,1
369467636,369271641,369277594,31.185743011685293,117.1971013788623,0,0.25,0.25,0.0014471833,-0.04602556,0.0024885458,-0.028448435,0.26543552,0.26548684,3.1560805e-07,0.00031916492,1.4474731e-05,-0.00020267231,0,0,1
369966541,369771649,369776352,31.18574296008893,117.19710129480299,0,0.25,0.25,0.0003567184,-0.023900077,-0.0018409705,-0.030208662,0.26508164,0.26513132,1.9201332e-08,8.6178225e-05,2.2746501e-06,-0.00017234749,0,0,1
370465117,370269639,370275111,31.185742745032194,117.19710206292594,0,0.25,0.25,0.0075931842,-0.013188082,-0.0010711008,-0.025457134,0.2648032,0.26485282,8.709328e-06,2.6267493e-05,-3.521485e-06,-0.00012080144,0,0,1
370963948,370767653,370773870,31.185742534914766,117.1971020484616,0,0.25,0.25,-0.019942021,-0.01561051,-0.004997014,-0.022317765,0.26464978,0.26469898,6.0107242e-05,3.6824924e-05,-1.33084895e-05,-8.6595115e-05,0,0,1
371462638,371271648,371272628,31.185742173776273,117.1971016112507,0,0.25,0.25,-0.02814111,-0.017271321,-0.019152632,-0.020183608,0.2645147,0.2645624,0.0001197547,4.510067e-05,-7.9886275e-05,-6.705168e-05,0,0,1
371971436,371772639,371781363,31.185742823884677,117.19710083555805,0,0.25,0.25,-0.09702196,-0.0183608,-0.056873497,-0.023163913,0.2645586,0.26460555,0.00142324,5.0961735e-05,-0.00068165426,-8.866537e-05,0,0,1
372470166,372271650,372280122,31.185742491099507,117.19710089364159,0,0.25,0.25,-0.11368532,-0.049599797,-0.08463537,-0.03632736,0.26448274,0.2645273,0.001954661,0.00037200545,-0.0012475939,-0.0002210753,0,0,1
