timestamp,timestamp_sample,control_mode_flags,output_tracking_error[0],output_tracking_error[1],output_tracking_error[2],filter_fault_flags,pos_horiz_accuracy,pos_vert_accuracy,hdg_test_ratio,vel_test_ratio,pos_test_ratio,hgt_test_ratio,tas_test_ratio,hagl_test_ratio,beta_test_ratio,time_slip,accel_device_id,gyro_device_id,baro_device_id,mag_device_id,mag_inclination_deg,mag_inclination_ref_deg,mag_strength_gs,mag_strength_ref_gs,gps_check_fail_flags,solution_status_flags,reset_count_vel_ne,reset_count_vel_d,reset_count_pos_ne,reset_count_pod_d,reset_count_quat,pre_flt_fail_innov_heading,pre_flt_fail_innov_height,pre_flt_fail_innov_pos_horiz,pre_flt_fail_innov_vel_horiz,pre_flt_fail_innov_vel_vert,pre_flt_fail_mag_field_disturbed,health_flags,timeout_flags
114072137,113882193,17626545916423,0.001107755,0.020473221,0.034201067,0,0.1699574,0.15471263,nan,0.10169569,0.031201728,0.032223772,nan,nan,nan,0.0,4259850,4325386,4028193,527633,39.16021,47.69263,0.53878814,0.49907503,0,831,1,2,1,3,1,0,0,0,0,0,0,0,0
114082122,113892169,17626545916423,0.0010919641,0.02024071,0.03424526,0,0.17064923,0.15512222,nan,0.10169569,0.031201728,0.032223772,nan,nan,nan,0.0,4259850,4325386,4028193,527633,39.16021,47.69263,0.53878814,0.49907503,0,831,1,2,1,3,1,0,0,0,0,0,0,0,0
114281639,114091685,17626545916423,0.0019731873,0.040509056,0.052931774,0,0.16367766,0.15118681,nan,0.1031211,0.029507093,0.030794524,nan,nan,nan,0.0,4259850,4325386,4028193,527633,38.444386,47.69263,0.5386961,0.49907503,0,831,1,2,1,3,1,0,0,0,0,0,0,0,0
114481429,114291199,17626545916423,0.0020411261,0.034360725,0.04955761,0,0.16365893,0.15125664,nan,0.09911226,0.02809488,0.030923065,nan,nan,nan,0.0,4259850,4325386,4028193,527633,38.444386,47.69263,0.5386961,0.49907503,0,831,1,2,1,3,1,0,0,0,0,0,0,0,0
114680711,114490714,17763984869911,0.0013103166,0.034470618,0.050963026,0,0.16370323,0.15124024,1.4827406,0.097634524,0.026115341,0.030884571,nan,nan,nan,0.0,4259850,4325386,4028193,527633,72.665215,47.69263,0.47841707,0.49907503,0,831,1,2,1,3,1,1,0,0,0,0,0,0,0
114880244,114690230,17763984869911,0.001508542,0.03256732,0.050795514,0,0.16366474,0.15132193,1.1911696,0.1003019,0.023499789,0.029800743,nan,nan,nan,0.0,4259850,4325386,4028193,527633,37.58054,47.69263,0.5293311,0.49907503,0,831,1,2,1,3,1,1,0,0,0,0,0,0,0
115079737,114889745,17763984869911,0.0018744059,0.024592873,0.043212317,0,0.17034924,0.15508743,0.9517766,0.10582768,0.022775743,0.02816867,nan,nan,nan,0.0,4259850,4325386,4028193,527633,37.26382,47.69263,0.5351422,0.49907503,0,831,1,2,1,3,1,1,0,0,0,0,0,0,0
115279211,115089260,17763984869911,0.0015847884,0.030339908,0.047890022,0,0.16348587,0.15132917,0.8523981,0.105229415,0.019820504,0.028102048,nan,nan,nan,0.0,4259850,4325386,4028193,527633,36.006424,47.69263,0.53219956,0.49907503,0,831,1,2,1,3,1,1,0,0,0,0,0,0,0
115478731,115288775,17763984869911,0.003205662,0.015683826,0.032504786,0,0.1634301,0.15140551,0.56222814,0.09551371,0.021858266,0.027421268,nan,nan,nan,0.0,4259850,4325386,4028193,527633,35.402348,47.69263,0.52994204,0.49907503,0,831,1,2,1,3,1,1,0,0,0,0,0,0,0
115678490,115488291,17763984869911,0.0037806786,0.020342395,0.021844981,0,0.16342895,0.1513798,0.401821,0.04887926,0.022032345,0.02716752,nan,nan,nan,0.0,4259850,4325386,4028193,527633,35.14283,47.69263,0.51680714,0.49907503,0,831,1,2,1,3,1,0,0,0,0,0,0,0,0
115878019,115687806,17763984869911,0.00072812557,0.01547153,0.020929022,0,0.16337171,0.15145172,0.5686658,0.036364052,0.020847341,0.02655745,nan,nan,nan,0.0,4259850,4325386,4028193,527633,64.31881,47.69263,0.4096338,0.49907503,0,831,1,2,1,3,1,1,0,0,0,0,0,0,0
116077271,115887321,17763984869911,0.0038297144,0.017487347,0.023601044,0,0.170187,0.15530333,0.4696454,0.034734435,0.020649372,0.026183568,nan,nan,nan,0.0,4259850,4325386,4028193,527633,36.16423,47.69263,0.50734293,0.49907503,0,831,1,2,1,3,1,0,0,0,0,0,0,0,0
116277046,116086837,17763984869911,0.003986941,0.009768877,0.0130130835,0,0.16323723,0.1514721,0.49221843,0.033629987,0.020432087,0.026001776,nan,nan,nan,0.0,4259850,4325386,4028193,527633,36.604725,47.69263,0.50166124,0.49907503,0,831,1,2,1,3,1,0,0,0,0,0,0,0,0
116476565,116286352,17763984869911,0.0024517728,0.006880121,0.010286164,0,0.16319627,0.1514141,0.4936894,0.03045029,0.019974971,0.025910472,nan,nan,nan,0.0,4259850,4325386,4028193,527633,51.08854,47.69263,0.45093682,0.49907503,0,831,1,2,1,3,1,0,0,0,0,0,0,0,0
116675841,116485867,17763984869911,0.0035155753,0.0067093815,0.011135318,0,0.1699348,0.1553955,0.5344375,0.045072377,0.02008131,0.025427505,nan,nan,nan,0.0,4259850,4325386,4028193,527633,37.25147,47.69263,0.50030315,0.49907503,0,831,1,2,1,3,1,1,0,0,0,0,0,0,0
116875370,116685383,17763984869911,0.0033380375,0.003933416,0.008290354,0,0.16982394,0.15530322,0.5507026,0.046643507,0.019428832,0.02583481,nan,nan,nan,0.0,4259850,4325386,4028193,527633,37.194035,47.69263,0.5011746,0.49907503,0,831,1,2,1,3,1,1,0,0,0,0,0,0,0
117074869,116884898,17763984869911,0.0014746018,0.004027052,0.00828627,0,0.16988108,0.15543671,0.5507026,0.04441022,0.019003108,0.027009867,nan,nan,nan,0.0,4259850,4325386,4028193,527633,37.194035,47.69263,0.5011746,0.49907503,0,831,1,2,1,3,1,1,0,0,0,0,0,0,0
117274446,117084414,17763984869911,0.002735769,0.007058218,0.0132348705,0,0.17679478,0.1592372,0.58232313,0.034378424,0.02033517,0.026367959,nan,nan,nan,0.0,4259850,4325386,4028193,527633,37.064922,47.69263,0.5076657,0.49907503,0,831,1,2,1,3,1,1,0,0,0,0,0,0,0
117473968,117283929,17763984869911,0.0011289353,0.0051071914,0.011835441,0,0.17576277,0.15894768,0.58579785,0.032472983,0.01944277,0.026015593,nan,nan,nan,0.0,4259850,4325386,4028193,527633,37.010147,47.69263,0.51087207,0.49907503,0,831,1,2,1,3,1,1,0,0,0,0,0,0,0
117673477,117483445,17763984869911,0.0012395824,0.014385146,0.020502543,0,0.17486621,0.15854588,0.6014342,0.0756008,0.020515297,0.02437587,nan,nan,nan,0.0,4259850,4325386,4028193,527633,36.118687,47.69263,0.50678086,0.49907503,0,831,1,2,1,3,1,1,0,0,0,0,0,0,0
117872980,117682961,17763984869911,0.0017003893,0.023135494,0.031789605,0,0.17397682,0.15827256,0.6014342,0.09101971,0.022117712,0.023771226,nan,nan,nan,0.0,4259850,4325386,4028193,527633,36.118687,47.69263,0.50678086,0.49907503,0,831,1,2,1,3,1,1,0,0,0,0,0,0,0
118072473,117882476,17763984869911,0.003414013,0.030771988,0.042936318,0,0.1732018,0.15801473,0.6155564,0.12800865,0.023875987,0.022632241,nan,nan,nan,0.0,4259850,4325386,4028193,527633,37.01651,47.69263,0.50929147,0.49907503,0,831,1,2,1,3,1,1,0,0,0,0,0,0,0
118271987,118081992,17763984869911,0.002716164,0.011314014,0.021176476,0,0.17993538,0.16172807,0.61598337,0.11327123,0.023505846,0.021219913,nan,nan,nan,0.0,4259850,4325386,4028193,527633,37.16715,47.69263,0.5123129,0.49907503,0,831,1,2,1,3,1,1,0,0,0,0,0,0,0
118481881,118291483,17763984869911,0.0016200524,0.0045555076,0.002576958,0,0.17102519,0.15701886,0.6254093,0.08183167,0.024252264,0.022036666,nan,nan,nan,0.0,4259850,4325386,4028193,527633,37.485844,47.69263,0.49297237,0.49907503,0,831,1,2,1,3,1,1,0,0,0,0,0,0,0
118681345,118490998,17763984869911,0.0015657449,0.017630808,0.016102616,0,0.16987005,0.15653084,0.6196612,0.06388706,0.02448418,0.022240475,nan,nan,nan,0.0,4259850,4325386,4028193,527633,38.064793,47.69263,0.49449843,0.49907503,0,831,1,2,1,3,1,1,0,0,0,0,0,0,0
118880869,118690514,17763984869911,0.0013321799,0.009748651,0.013563369,0,0.16882123,0.15588039,0.6317385,0.0592107,0.024599982,0.022536978,nan,nan,nan,0.0,4259850,4325386,4028193,527633,37.533703,47.69263,0.47739357,0.49907503,0,831,1,2,1,3,1,1,0,0,0,0,0,0,0
119080073,118890030,17763984869911,0.0010066492,0.011315379,0.016273234,0,0.1752448,0.15958083,0.63020855,0.050778504,0.024010789,0.02217094,nan,nan,nan,0.0,4259850,4325386,4028193,527633,37.895386,47.69263,0.48313513,0.49907503,0,831,1,2,1,3,1,1,0,0,0,0,0,0,0
119279562,119089545,17763984869911,0.000743577,0.012658192,0.019715982,0,0.18188281,0.16333032,0.62916535,0.043990258,0.023808818,0.023638804,nan,nan,nan,0.0,4259850,4325386,4028193,527633,37.601807,47.69263,0.48462373,0.49907503,0,831,1,2,1,3,1,1,0,0,0,0,0,0,0
119479084,119289061,17763984869911,0.0010818356,0.007332489,0.011643912,0,0.17986946,0.16230312,0.6352221,0.037288398,0.0224501,0.025849551,nan,nan,nan,0.0,4259850,4325386,4028193,527633,37.10209,47.69263,0.48111957,0.49907503,0,831,1,2,1,3,1,1,0,0,0,0,0,0,0
119678740,119488577,17763984869911,0.0021537074,0.009521327,0.009622572,0,0.17052944,0.15727317,0.64141506,0.052427623,0.021904627,0.025999494,nan,nan,nan,0.0,4259850,4325386,4028193,527633,36.529877,47.69263,0.4805048,0.49907503,0,831,1,2,1,3,1,1,0,0,0,0,0,0,0
119878283,119688093,17763984869911,0.0019360206,0.009573029,0.011027331,0,0.16933529,0.15649736,0.6358505,0.06511804,0.02178145,0.025340438,nan,nan,nan,0.0,4259850,4325386,4028193,527633,37.45091,47.69263,0.48384628,0.49907503,0,831,1,2,1,3,1,1,0,0,0,0,0,0,0
120077559,119887608,17763984869911,0.0009876412,0.00474528,0.00688319,0,0.17565572,0.16012229,0.6379784,0.048238266,0.021276318,0.02507207,nan,nan,nan,0.0,4259850,4325386,4028193,527633,37.116726,47.69263,0.4856753,0.49907503,0,831,1,2,1,3,1,1,0,0,0,0,0,0,0
120277269,120087124,17763984869911,0.0017967585,0.009383141,0.010798174,0,0.16734816,0.15526125,0.6779534,0.04233646,0.01929497,0.024931133,nan,nan,nan,0.0,4259850,4325386,4028193,527633,36.823425,47.69263,0.48157993,0.49907503,0,831,1,2,1,3,1,1,0,0,0,0,0,0,0
120476795,120286640,17763984869911,0.0011157426,0.0052838377,0.0077231317,0,0.16662194,0.15481393,0.6779534,0.036394477,0.018486679,0.023800308,nan,nan,nan,0.0,4259850,4325386,4028193,527633,36.823425,47.69263,0.48157993,0.49907503,0,831,1,2,1,3,1,1,0,0,0,0,0,0,0
120676108,120486156,17763984869911,0.0004584636,0.0061758906,0.011554444,0,0.17306168,0.15834267,1.4735485,0.0392604,0.017437361,0.023064803,nan,nan,nan,0.0,4259850,4325386,4028193,527633,70.839645,47.69263,0.52374,0.49907503,0,831,1,2,1,3,1,1,0,0,0,0,0,0,0
120876132,120685671,17763984869911,0.0014392846,0.009391285,0.013474694,0,0.16545154,0.15392274,1.1518371,0.035432633,0.015041958,0.022051722,nan,nan,nan,0.0,4259850,4325386,4028193,527633,37.758842,47.69263,0.48380244,0.49907503,0,831,1,2,1,3,1,1,0,0,0,0,0,0,0
121075172,120885189,17763984869911,0.0014632805,0.003759449,0.008548734,0,0.17186357,0.15742771,0.97067124,0.033900797,0.014410948,0.021765012,nan,nan,nan,0.0,4259850,4325386,4028193,527633,37.51357,47.69263,0.47946522,0.49907503,0,831,1,2,1,3,1,1,0,0,0,0,0,0,0
121274659,121084703,17763984869911,0.0023042464,0.0076347752,0.0119779175,0,0.17865385,0.1611903,0.73273295,0.03281642,0.013720841,0.021510571,nan,nan,nan,0.0,4259850,4325386,4028193,527633,37.112617,47.69263,0.47322977,0.49907503,0,831,1,2,1,3,1,1,0,0,0,0,0,0,0
121474203,121284219,17763984869911,0.0026647928,0.0063972794,0.00916513,0,0.17720176,0.16035937,0.5805056,0.03896905,0.014673973,0.021356318,nan,nan,nan,0.0,4259850,4325386,4028193,527633,36.725037,47.69263,0.4886793,0.49907503,0,831,1,2,1,3,1,1,0,0,0,0,0,0,0
121673695,121483735,17763984869911,0.003775637,0.017691558,0.022906272,0,0.17599821,0.15980278,0.556275,0.042483874,0.013574362,0.02134349,nan,nan,nan,0.0,4259850,4325386,4028193,527633,37.13699,47.69263,0.48319465,0.49907503,0,831,1,2,1,3,1,1,0,0,0,0,0,0,0
121873203,121683251,17763984869911,0.0066909953,0.009865694,0.014858476,0,0.17488076,0.15925425,0.5796227,0.03649025,0.013150814,0.020089982,nan,nan,nan,0.0,4259850,4325386,4028193,527633,35.75103,47.69263,0.49513352,0.49907503,0,831,1,2,1,3,1,1,0,0,0,0,0,0,0
122072966,121882767,17763984869911,0.006749225,0.0065304404,0.011113854,0,0.17394607,0.15861583,0.58550215,0.05306794,0.013764583,0.019990122,nan,nan,nan,0.0,4259850,4325386,4028193,527633,36.30789,47.69263,0.49999884,0.49907503,0,831,1,2,1,3,1,1,0,0,0,0,0,0,0
122272243,122082283,17763984869911,0.005785291,0.005415791,0.01145449,0,0.18055096,0.16232085,0.5958221,0.057099856,0.015019086,0.019646436,nan,nan,nan,0.0,4259850,4325386,4028193,527633,37.029858,47.69263,0.4877923,0.49907503,0,831,1,2,1,3,1,1,0,0,0,0,0,0,0
122471775,122281799,17763984869911,0.002618078,0.007934794,0.01155279,0,0.17871562,0.16135529,1.3464545,0.05895584,0.015758548,0.01946269,nan,nan,nan,0.0,4259850,4325386,4028193,527633,71.8546,47.69263,0.49869865,0.49907503,0,831,1,2,1,3,1,1,0,0,0,0,0,0,0
122681485,122491291,17763984869911,0.0017695,0.006062556,0.01049206,0,0.17029595,0.15669908,1.2246218,0.04729168,0.016030326,0.018400636,nan,nan,nan,0.0,4259850,4325386,4028193,527633,36.11118,47.69263,0.49070764,0.49907503,0,831,1,2,1,3,1,1,0,0,0,0,0,0,0
122880768,122690807,17763984869911,0.002940281,0.0071728076,0.012605846,0,0.16918428,0.1561279,0.9882119,0.04752726,0.016337315,0.018157937,nan,nan,nan,0.0,4259850,4325386,4028193,527633,36.403507,47.69263,0.4919431,0.49907503,0,831,1,2,1,3,1,1,0,0,0,0,0,0,0
123080272,122890323,17763984869911,0.0014545814,0.004663159,0.009476126,0,0.17563073,0.15981674,0.9882119,0.046053834,0.016223002,0.0176025,nan,nan,nan,0.0,4259850,4325386,4028193,527633,36.403507,47.69263,0.4919431,0.49907503,0,831,1,2,1,3,1,1,0,0,0,0,0,0,0
123280049,123089839,17763984869911,0.0029001348,0.0030274598,0.008061156,0,0.17388724,0.1588583,0.6496843,0.0412068,0.016108507,0.015833685,nan,nan,nan,0.0,4259850,4325386,4028193,527633,36.286114,47.69263,0.49512276,0.49907503,0,831,1,2,1,3,1,1,0,0,0,0,0,0,0
123479699,123289355,17763984869911,0.0044970512,0.0012936346,0.0051287836,0,0.17217003,0.15805094,0.5783537,0.037555464,0.016141312,0.015389085,nan,nan,nan,0.0,4259850,4325386,4028193,527633,36.36606,47.69263,0.4946261,0.49907503,0,831,1,2,1,3,1,1,0,0,0,0,0,0,0
123679225,123488871,17763984869911,0.0038825856,0.003334529,0.0050607123,0,0.17078751,0.15721609,0.54309255,0.03675737,0.015515218,0.014125133,nan,nan,nan,0.0,4259850,4325386,4028193,527633,54.0392,47.69263,0.43037766,0.49907503,0,831,1,2,1,3,1,1,0,0,0,0,0,0,0
123878536,123688387,17763984869911,0.003006047,0.0026212553,0.0042121564,0,0.16953737,0.1565637,0.5723065,0.03408559,0.015140193,0.012782178,nan,nan,nan,0.0,4259850,4325386,4028193,527633,36.086605,47.69263,0.49305803,0.49907503,0,831,1,2,1,3,1,1,0,0,0,0,0,0,0
124078070,123887904,17763984869911,0.002647131,0.002950499,0.0050454163,0,0.17590123,0.16004762,0.5554852,0.03364418,0.014900501,0.0128336735,nan,nan,nan,0.0,4259850,4325386,4028193,527633,36.405373,47.69263,0.49291748,0.49907503,0,831,1,2,1,3,1,1,0,0,0,0,0,0,0
124277643,124087420,17763984869911,0.0015770533,0.0054725627,0.0076019033,0,0.17407392,0.15919165,0.56537724,0.03348695,0.01503575,0.013012834,nan,nan,nan,0.0,4259850,4325386,4028193,527633,62.58162,47.69263,0.41668943,0.49907503,0,831,1,2,1,3,1,1,0,0,0,0,0,0,0
124477136,124286936,17763984869911,0.004022767,0.0058654873,0.005609505,0,0.17230548,0.15817474,0.54132426,0.032703757,0.014827545,0.012680013,nan,nan,nan,0.0,4259850,4325386,4028193,527633,36.861355,47.69263,0.50090593,0.49907503,0,831,1,2,1,3,1,1,0,0,0,0,0,0,0
124676628,124486452,17763984869911,0.0036028936,0.0015833614,0.0026219347,0,0.17089021,0.15745647,0.58108735,0.03282741,0.0142726,0.011875416,nan,nan,nan,0.0,4259850,4325386,4028193,527633,36.177715,47.69263,0.48902693,0.49907503,0,831,1,2,1,3,1,1,0,0,0,0,0,0,0
124876172,124685968,17763984869911,0.004180911,0.0057450947,0.006811889,0,0.16960315,0.15660843,0.59525067,0.027412206,0.014064462,0.0112138055,nan,nan,nan,0.0,4259850,4325386,4028193,527633,36.74737,47.69263,0.49528906,0.49907503,0,831,1,2,1,3,1,1,0,0,0,0,0,0,0
125075436,124885484,17763984869911,0.0035517213,0.004224908,0.0076716933,0,0.17595117,0.16022265,0.6036152,0.028926237,0.014211803,0.0105522275,nan,nan,nan,0.0,4259850,4325386,4028193,527633,36.330956,47.69263,0.49715734,0.49907503,0,831,1,2,1,3,1,1,0,0,0,0,0,0,0
125275200,125085001,17763984869911,0.0012280649,0.019720398,0.029767158,0,0.17418493,0.15919594,0.61979383,0.10089114,0.01893762,0.013795139,nan,nan,nan,0.0,4259850,4325386,4028193,527633,35.9708,47.69263,0.49963912,0.49907503,0,831,1,2,1,3,1,1,0,0,0,0,0,0,0
125474474,125284517,17763984869911,0.001453474,0.011122968,0.02119878,0,0.1802508,0.1626757,0.58355224,0.09602368,0.02005492,0.014992734,nan,nan,nan,0.0,4259850,4325386,4028193,527633,46.49715,47.69263,0.4481539,0.49907503,0,831,1,2,1,3,1,1,0,0,0,0,0,0,0
125673983,125484033,17763984869911,0.002172304,0.019550947,0.028281743,0,0.17849454,0.16183692,0.60521406,0.08234256,0.020620868,0.016149078,nan,nan,nan,0.0,4259850,4325386,4028193,527633,35.53924,47.69263,0.5289505,0.49907503,0,831,1,2,1,3,1,1,0,0,0,0,0,0,0
125873553,125683550,17763984869911,0.005735143,0.012453573,0.01643681,0,0.17701107,0.16089566,0.61506337,0.051016927,0.019636324,0.015912786,nan,nan,nan,0.0,4259850,4325386,4028193,527633,35.694183,47.69263,0.53709114,0.49907503,0,831,1,2,1,3,1,1,0,0,0,0,0,0,0
126073025,125883066,17763984935431,0.0069310903,0.027579276,0.039023932,0,0.17581771,0.16023944,nan,0.13615812,0.019656256,0.013297533,nan,nan,nan,0.0,4259850,4325386,4028193,527633,-54.933655,47.69263,0.2718966,0.49907503,0,831,1,2,1,3,1,0,0,0,0,0,1,0,0
126272763,126082583,17763984869911,0.0041927625,0.011221793,0.026244305,0,0.17398937,0.15917191,1.568544,0.100400425,0.020854076,0.0095197195,nan,nan,nan,0.0,4259850,4325386,4028193,527633,43.667103,47.69263,0.44859335,0.49907503,0,831,1,2,1,3,1,1,0,0,0,0,0,0,0
126472241,126282099,17763984869911,0.0021665853,0.023070753,0.02605542,0,0.17217816,0.1582573,1.3128798,0.08531353,0.021666167,0.00750564,nan,nan,nan,0.0,4259850,4325386,4028193,527633,40.08551,47.69263,0.47042814,0.49907503,0,831,1,2,1,3,1,1,0,0,0,0,0,0,0
126671568,126481615,17763984869911,0.0023066099,0.015918508,0.020608881,0,0.17841956,0.16159777,1.0527852,0.090668686,0.022260286,0.0065749884,nan,nan,nan,0.0,4259850,4325386,4028193,527633,40.51392,47.69263,0.48591852,0.49907503,0,831,1,2,1,3,1,1,0,0,0,0,0,0,0
126881573,126691107,17763984869911,0.0024104659,0.03689605,0.05137371,0,0.17005113,0.15694144,0.83206517,0.124318965,0.025340272,0.005873411,nan,nan,nan,0.0,4259850,4325386,4028193,527633,41.996872,47.69263,0.47062096,0.49907503,0,831,1,2,1,3,1,1,0,0,0,0,0,0,0
127080571,126890629,17763984869911,0.001869148,0.02653182,0.039969362,0,0.17632365,0.16028443,0.7641129,0.14842555,0.026647003,0.004664872,nan,nan,nan,0.0,4259850,4325386,4028193,527633,48.801514,47.69263,0.45688245,0.49907503,0,831,1,2,1,3,1,1,0,0,0,0,0,0,0
127280144,127090140,17763984869911,0.003804258,0.035888307,0.05326652,0,0.16782226,0.15542427,0.68925893,0.14641026,0.029130213,0.004733735,nan,nan,nan,0.0,4259850,4325386,4028193,527633,40.70755,47.69263,0.46782082,0.49907503,0,831,1,2,1,3,1,1,0,0,0,0,0,0,0
127479834,127289657,17763984869911,0.0019185639,0.03171679,0.047027893,0,0.16698153,0.1546985,0.6201933,0.13548578,0.031034684,0.0038339463,nan,nan,nan,0.0,4259850,4325386,4028193,527633,42.09864,47.69263,0.46164122,0.49907503,0,831,1,2,1,3,1,1,0,0,0,0,0,0,0
127679321,127489173,17763984869911,0.0065108133,0.050329085,0.06406163,0,0.16635768,0.15422988,0.5739455,0.14128806,0.032444276,0.0035449942,nan,nan,nan,0.0,4259850,4325386,4028193,527633,43.499653,47.69263,0.46511033,0.49907503,0,831,1,2,1,3,1,1,0,0,0,0,0,0,0
127878878,127688690,17763984869911,0.010679893,0.051664952,0.06839507,0,0.16582507,0.15364301,0.53528446,0.1450875,0.034430474,0.0029505794,nan,nan,nan,0.0,4259850,4325386,4028193,527633,43.848457,47.69263,0.4699656,0.49907503,0,831,1,2,1,3,1,1,0,0,0,0,0,0,0
128078160,127888206,17763984869911,0.007291353,0.025506334,0.042175394,0,0.17233601,0.15720104,0.53528446,0.13970189,0.035196397,0.0019140709,nan,nan,nan,0.0,4259850,4325386,4028193,527633,43.848457,47.69263,0.4699656,0.49907503,0,831,1,2,1,3,1,1,0,0,0,0,0,0,0
128277933,128087723,17763984869911,0.003513262,0.03609663,0.05333415,0,0.17109866,0.15636899,0.4720757,0.14105853,0.03566029,0.001793276,nan,nan,nan,0.0,4259850,4325386,4028193,527633,44.573147,47.69263,0.45740435,0.49907503,0,831,1,2,1,3,1,0,0,0,0,0,0,0,0
128477376,128287239,17763984869911,0.0025620537,0.026983183,0.040599484,0,0.1774214,0.1598042,0.45737723,0.13830179,0.03564046,0.0017271804,nan,nan,nan,0.0,4259850,4325386,4028193,527633,44.138092,47.69263,0.45430648,0.49907503,0,831,1,2,1,3,1,0,0,0,0,0,0,0,0
128676744,128486756,17763984869911,0.002750985,0.027975699,0.043433737,0,0.17616345,0.1589919,0.44656453,0.13878283,0.035234567,0.004309693,nan,nan,nan,0.0,4259850,4325386,4028193,527633,45.186993,47.69263,0.45596075,0.49907503,0,831,1,2,1,3,1,0,0,0,0,0,0,0,0
128876277,128686272,17763984869911,0.004450681,0.025788013,0.042067684,0,0.17501949,0.15837415,0.43607748,0.13726799,0.034373317,0.004155743,nan,nan,nan,0.0,4259850,4325386,4028193,527633,44.709038,47.69263,0.45415524,0.49907503,0,831,1,2,1,3,1,0,0,0,0,0,0,0,0
129075774,128885789,17626545916423,0.003769432,0.019262642,0.035196282,0,0.17412543,0.15786174,nan,0.13306606,0.033654217,0.006188317,nan,nan,nan,0.0,4259850,4325386,4028193,527633,44.95333,47.69263,0.4700753,0.49907503,0,831,1,2,1,3,1,0,0,0,0,0,0,0,0
129275501,129085306,17626545916423,0.0022469151,0.015189261,0.030532792,0,0.1726451,0.1569738,nan,0.11984324,0.033039674,0.009679325,nan,nan,nan,0.0,4259850,4325386,4028193,527633,46.197243,47.69263,0.45115203,0.49907503,0,831,1,2,1,3,1,0,0,0,0,0,0,0,0
129474782,129284822,17626545916423,0.0016662811,0.0050614695,0.015315352,0,0.17899042,0.1604351,nan,0.11540581,0.033459164,0.00993682,nan,nan,nan,0.0,4259850,4325386,4028193,527633,44.08332,47.69263,0.47160617,0.49907503,0,831,1,2,1,3,1,0,0,0,0,0,0,0,0
129674297,129484339,17626545916423,0.0020941666,0.010664171,0.015770767,0,0.17739005,0.1595088,nan,0.12460359,0.034128208,0.01118267,nan,nan,nan,0.0,4259850,4325386,4028193,527633,44.804832,47.69263,0.4718059,0.49907503,0,831,1,2,1,3,1,0,0,0,0,0,0,0,0
129874114,129683856,17626545916423,0.0017723644,0.0072354088,0.015306369,0,0.17603007,0.15882848,nan,0.113883324,0.03419489,0.013887854,nan,nan,nan,0.0,4259850,4325386,4028193,527633,45.891243,47.69263,0.4742453,0.49907503,0,831,1,2,1,3,1,0,0,0,0,0,0,0,0
130073324,129883372,17626545916423,0.001278994,0.009731502,0.01971249,0,0.17499039,0.15812361,nan,0.095796406,0.033142682,0.012450815,nan,nan,nan,0.0,4259850,4325386,4028193,527633,45.540024,47.69263,0.46466136,0.49907503,0,831,1,2,1,3,1,0,0,0,0,0,0,0,0
130272894,130082889,17626545916423,0.0008851402,0.022890933,0.03399943,0,0.18139511,0.16158801,nan,0.104942344,0.03039636,0.016919784,nan,nan,nan,0.0,4259850,4325386,4028193,527633,46.941776,47.69263,0.46820447,0.49907503,0,831,1,2,1,3,1,0,0,0,0,0,0,0,0
130472354,130282406,17626545916423,0.0017952892,0.012681868,0.010940061,0,0.17939487,0.16054173,nan,0.12223703,0.028909735,0.022424491,nan,nan,nan,0.0,4259850,4325386,4028193,527633,46.54417,47.69263,0.46494094,0.49907503,0,831,1,2,1,3,1,0,0,0,0,0,0,0,0
130672071,130481922,17626545916423,0.0023902815,0.038173262,0.059174825,0,0.17017366,0.15568241,nan,0.111410744,0.030106403,0.024075722,nan,nan,nan,0.0,4259850,4325386,4028193,527633,47.066483,47.69263,0.4550991,0.49907503,0,831,1,2,1,3,1,0,0,0,0,0,0,0,0
130871439,130681439,17626545916423,0.0012520573,0.025242588,0.044288225,0,0.17640676,0.15895864,nan,0.11876137,0.02921018,0.03002396,nan,nan,nan,0.0,4259850,4325386,4028193,527633,46.545082,47.69263,0.47585762,0.49907503,0,831,1,2,1,3,1,0,0,0,0,0,0,0,0
131080900,130890932,17626545916423,0.0039614676,0.053386252,0.07875748,0,0.17597254,0.15878989,nan,0.19492383,0.029863993,0.031280644,nan,nan,nan,0.0,4259850,4325386,4028193,527633,47.53054,47.69263,0.46021152,0.49907503,0,831,1,2,1,3,1,0,0,0,0,0,0,0,0
131280444,131090449,17626545916423,0.0059896274,0.051910594,0.07787513,0,0.18257454,0.16214773,nan,0.23656201,0.030514384,0.032770023,nan,nan,nan,0.0,4259850,4325386,4028193,527633,43.915966,47.69263,0.4773278,0.49907503,0,831,1,2,1,3,1,0,0,0,0,0,0,0,0
131480167,131289967,17626545916423,0.0053093256,0.11200297,0.15929234,0,0.1725103,0.15703957,nan,0.3041442,0.029517394,0.04088406,nan,nan,nan,0.0,4259850,4325386,4028193,527633,47.756832,47.69263,0.47899675,0.49907503,0,831,1,2,1,3,1,0,0,0,0,0,0,0,0
131679745,131489482,17626545916423,0.0036433162,0.08290161,0.13179979,0,0.17101084,0.15614429,nan,0.2683691,0.028158773,0.039882235,nan,nan,nan,0.0,4259850,4325386,4028193,527633,45.088528,47.69263,0.47386637,0.49907503,0,831,1,2,1,3,1,0,0,0,0,0,0,0,0
131879195,131688999,17626545916423,0.0097114,0.09819914,0.14357564,0,0.16974507,0.15548381,nan,0.28828874,0.027386885,0.04784164,nan,nan,nan,0.0,4259850,4325386,4028193,527633,47.70572,47.69263,0.50447184,0.49907503,0,831,1,2,1,3,1,0,0,0,0,0,0,0,0
132078551,131888516,17626545916423,0.018136207,0.07042495,0.09278777,0,0.17616968,0.15884936,nan,0.27812526,0.029030202,0.048294965,nan,nan,nan,0.0,4259850,4325386,4028193,527633,45.151367,47.69263,0.46574333,0.49907503,0,831,1,2,1,3,1,0,0,0,0,0,0,0,0
132278445,132088032,17626545916423,0.014289754,0.10132765,0.14603306,0,0.17444174,0.15802276,nan,0.436142,0.046764012,0.05056488,nan,nan,nan,0.0,4259850,4325386,4028193,527633,45.605877,47.69263,0.5133358,0.49907503,0,831,1,2,1,3,1,0,0,0,0,0,0,0,0
132477773,132287549,17626545916423,0.006611441,0.08825334,0.13948853,0,0.1727765,0.15724516,nan,0.39722082,0.054480433,0.05097648,nan,nan,nan,0.0,4259850,4325386,4028193,527633,42.624107,47.69263,0.43798533,0.49907503,0,831,1,2,1,3,1,0,0,0,0,0,0,0,0
132677336,132487066,17626545916423,0.019785069,0.12810324,0.17303772,0,0.17119017,0.15633507,nan,0.44416538,0.06006983,0.052198447,nan,nan,nan,0.0,4259850,4325386,4028193,527633,49.492153,47.69263,0.4984985,0.49907503,0,831,1,2,1,3,1,0,0,0,0,0,0,0,0
132876635,132686583,17626545916423,0.021921707,0.060194056,0.091708794,0,0.17735302,0.15978853,nan,0.41226435,0.0632268,0.05630361,nan,nan,nan,0.0,4259850,4325386,4028193,527633,48.67684,47.69263,0.48935792,0.49907503,0,831,1,2,1,3,1,0,0,0,0,0,0,0,0
133076099,132886099,17626545949575,0.012510666,0.023714578,0.0646097,0,0.17611398,0.15901726,nan,0.36153218,0.06547428,0.059737787,nan,nan,0.340707,0.0,4259850,4325386,4028193,527633,54.18061,47.69263,0.4928025,0.49907503,0,831,1,2,1,3,1,0,0,0,0,0,0,0,0
133275831,133085616,17626545949575,0.013292808,0.077824816,0.12215289,0,0.16764726,0.15437895,nan,0.48284462,0.073871754,0.06316645,nan,nan,0.25463432,0.0,4259850,4325386,4028193,527633,50.199146,47.69263,0.4890709,0.49907503,0,831,1,2,1,3,1,0,0,0,0,0,0,0,0
133475283,133285133,17626545949575,0.04484633,0.17046456,0.13033387,0,0.16695806,0.15383403,nan,0.4662949,0.07697929,0.06463998,nan,nan,0.21869326,0.0,4259850,4325386,4028193,527633,52.95731,47.69263,0.46814758,0.49907503,0,831,1,2,1,3,1,0,0,0,0,0,0,0,0
133674651,133484649,17626545949575,0.04758034,0.32140762,0.13108416,0,0.1669308,0.15363817,nan,0.27991855,0.0695595,0.07965359,nan,nan,0.16787294,0.0,4259850,4325386,4028193,527633,51.3676,47.69263,0.470125,0.49907503,0,831,1,2,1,3,1,0,0,0,0,0,0,0,0
133874315,133684166,17626545949575,0.026599206,0.09118788,0.101728655,0,0.1675402,0.15343893,nan,0.3351201,0.067812786,0.08646022,nan,nan,0.048014164,0.0,4259850,4325386,4028193,527633,50.276295,47.69263,0.50047493,0.49907503,0,831,1,2,1,3,1,0,0,0,0,0,0,0,0
134073651,133883683,17626545949575,0.006246539,0.027775105,0.04891224,0,0.17590629,0.15739219,nan,0.33728454,0.068920776,0.090011805,nan,nan,0.0417925,0.0,4259850,4325386,4028193,527633,45.755493,47.69263,0.50492114,0.49907503,0,831,1,2,1,3,1,0,0,0,0,0,0,0,0
134273140,134083199,17626545949575,0.012794371,0.112273306,0.11915402,0,0.17510408,0.1570534,nan,0.33176497,0.0916115,0.09356498,nan,nan,0.039102107,0.0,4259850,4325386,4028193,527633,43.634766,47.69263,0.51498467,0.49907503,0,831,1,2,1,3,1,0,0,0,0,0,0,0,0
134472862,134282716,17626554338183,0.02921008,0.2137095,0.23766486,0,0.16700584,0.15303344,nan,0.3784001,0.091736436,0.094724216,nan,nan,0.034043968,0.0,4259850,4325386,4028193,527633,44.49091,47.69263,0.5104364,0.49907503,0,831,1,2,1,3,1,0,0,0,0,0,0,0,0
134672430,134482232,17763993291687,0.025432086,0.18899116,0.23220296,0,0.16664056,0.1528256,0.290383,0.37480175,0.091341354,0.09624248,nan,nan,0.026798232,0.0,4259850,4325386,4028193,527633,43.67212,47.69263,0.48836455,0.49907503,0,831,1,2,1,3,1,0,0,0,0,0,0,0,0
134871900,134681749,17763993291687,0.017143736,0.1537084,0.19663733,0,0.16620241,0.1527669,0.24092701,0.34164962,0.09295616,0.09891897,nan,nan,0.042733267,0.0,4259850,4325386,4028193,527633,43.63659,47.69263,0.502654,0.49907503,0,831,1,2,1,3,1,0,0,0,0,0,0,0,0
135071508,134881265,17763993291687,0.007394363,0.086927995,0.11299802,0,0.17302509,0.15658349,0.19637768,0.31373397,0.09375162,0.10234379,nan,nan,0.051507678,0.0,4259850,4325386,4028193,527633,42.76004,47.69263,0.48628706,0.49907503,0,831,1,2,1,3,1,0,0,0,0,0,0,0,0
135280827,135090758,17763993291687,0.006953543,0.07401076,0.11869011,0,0.16598742,0.15292901,0.16145371,0.3210357,0.11153906,0.10718038,nan,nan,0.048153453,0.0,4259850,4325386,4028193,527633,42.44147,47.69263,0.5084265,0.49907503,0,831,1,2,1,3,1,0,0,0,0,0,0,0,0
135480149,135290274,17763993291687,0.007799984,0.07666172,0.105807334,0,0.16570815,0.15278593,0.13965763,0.29192844,0.106266804,0.108567044,nan,nan,0.04008689,0.0,4259850,4325386,4028193,527633,43.244755,47.69263,0.50645846,0.49907503,0,831,1,2,1,3,1,0,0,0,0,0,0,0,0
135679875,135489790,17763993291687,0.0077949325,0.065440826,0.087648086,0,0.16533633,0.15272373,0.11434572,0.27473173,0.10795111,0.10842097,nan,nan,0.037797157,0.0,4259850,4325386,4028193,527633,42.095257,47.69263,0.5057472,0.49907503,0,831,1,2,1,3,1,0,0,0,0,0,0,0,0
135879191,135689307,17763993291687,0.0061392304,0.04190263,0.05397322,0,0.16498542,0.15252385,0.09526087,0.25395197,0.10669191,0.10799228,nan,nan,0.043173414,0.0,4259850,4325386,4028193,527633,42.43004,47.69263,0.5092449,0.49907503,0,831,1,2,1,3,1,0,0,0,0,0,0,0,0
136078692,135888823,17763993291687,0.0037081495,0.052750573,0.055166878,0,0.17154533,0.15641943,0.07397233,0.23676164,0.11327106,0.10901298,nan,nan,0.042698327,0.0,4259850,4325386,4028193,527633,42.558952,47.69263,0.49476498,0.49907503,0,831,1,2,1,3,1,0,0,0,0,0,0,0,0
136278385,136088339,17763993291687,0.002269499,0.060919613,0.075591065,0,0.16427752,0.15235025,0.08293688,0.2664665,0.12532757,0.1123354,nan,nan,0.042146157,0.0,4259850,4325386,4028193,527633,42.163845,47.69263,0.49827048,0.49907503,0,831,1,2,1,3,1,0,0,0,0,0,0,0,0
136478086,136287856,17763993291687,0.0015157874,0.077122524,0.08782373,0,0.16407207,0.15217675,0.08790463,0.23217598,0.11389161,0.11604893,nan,nan,0.04301163,0.0,4259850,4325386,4028193,527633,44.14652,47.69263,0.49960914,0.49907503,0,831,1,2,1,3,1,0,0,0,0,0,0,0,0
136677387,136487371,17763993291687,0.0011430371,0.07326775,0.09286822,0,0.16385442,0.15210912,0.079215154,0.23365182,0.10044225,0.115545854,nan,nan,0.05878262,0.0,4259850,4325386,4028193,527633,47.34624,47.69263,0.49228105,0.49907503,0,831,1,2,1,3,1,0,0,0,0,0,0,0,0
136876923,136686888,17763993291687,0.0016735984,0.08174444,0.10589199,0,0.16376452,0.15193167,0.10709444,0.22348762,0.09014279,0.1179872,nan,nan,0.06794977,0.0,4259850,4325386,4028193,527633,50.395245,47.69263,0.4486154,0.49907503,0,831,1,2,1,3,1,0,0,0,0,0,0,0,0
137076228,136886404,17763993291687,0.0035781425,0.091137655,0.120544255,0,0.17052476,0.15572873,0.12445814,0.24141365,0.08440584,0.119752854,nan,nan,0.08702534,0.0,4259850,4325386,4028193,527633,48.20626,47.69263,0.46521223,0.49907503,0,831,1,2,1,3,1,0,0,0,0,0,0,0,0
137275962,137085919,17763993291687,0.009944381,0.13973606,0.1684701,0,0.16353817,0.1515779,0.118718475,0.31530008,0.08051789,0.12160718,nan,nan,0.08529277,0.0,4259850,4325386,4028193,527633,49.130646,47.69263,0.4639363,0.49907503,0,831,1,2,1,3,1,0,0,0,0,0,0,0,0
137475456,137285435,17763993291687,0.009443026,0.13967885,0.16861661,0,0.16364422,0.15154296,0.13321465,0.28185764,0.06935215,0.11991401,nan,nan,0.081367694,0.0,4259850,4325386,4028193,527633,51.02835,47.69263,0.45327416,0.49907503,0,831,1,2,1,3,1,0,0,0,0,0,0,0,0
137675028,137484951,17763993291687,0.007700169,0.1026229,0.13928431,0,0.16375002,0.15134828,0.16339138,0.25763708,0.05900295,0.115041494,nan,nan,0.09059523,0.0,4259850,4325386,4028193,527633,52.14882,47.69263,0.45155552,0.49907503,0,831,1,2,1,3,1,0,0,0,0,0,0,0,0
137874534,137684467,17763993291687,0.011243023,0.14817993,0.17186664,0,0.16393317,0.15130058,0.15327075,0.25367725,0.04979592,0.11038399,nan,nan,0.105838545,0.0,4259850,4325386,4028193,527633,50.16879,47.69263,0.48026887,0.49907503,0,831,1,2,1,3,1,0,0,0,0,0,0,0,0
138073847,137883982,17763993291687,0.011087724,0.106844984,0.14434293,0,0.17137088,0.15499622,0.1332509,0.23397772,0.04556646,0.10646949,nan,nan,0.11491231,0.0,4259850,4325386,4028193,527633,52.290806,47.69263,0.47256818,0.49907503,0,831,1,2,1,3,1,0,0,0,0,0,0,0,0
138273530,138083498,17763993291687,0.01320516,0.12515073,0.15329875,0,0.16414268,0.15114573,0.120168045,0.2389933,0.03630997,0.104315184,nan,nan,0.11986538,0.0,4259850,4325386,4028193,527633,53.1302,47.69263,0.46412778,0.49907503,0,831,1,2,1,3,1,0,0,0,0,0,0,0,0
138473068,138283014,17763993291687,0.0126386415,0.13797225,0.1627055,0,0.1642583,0.1510753,0.11014137,0.24666327,0.03029381,0.10149624,nan,nan,0.13417973,0.0,4259850,4325386,4028193,527633,53.29195,47.69263,0.4563827,0.49907503,0,831,1,2,1,3,1,0,0,0,0,0,0,0,0
138672573,138482529,17763993291687,0.008967471,0.076720044,0.11154777,0,0.16426852,0.15111573,0.106521346,0.22444907,0.025412831,0.09965476,nan,nan,0.18629815,0.0,4259850,4325386,4028193,527633,54.87144,47.69263,0.45444655,0.49907503,0,831,1,2,1,3,1,0,0,0,0,0,0,0,0
138872286,138682045,17763993291687,0.0062304945,0.04929466,0.08481544,0,0.16443677,0.15108134,0.11461745,0.25273213,0.021381315,0.10114792,nan,nan,0.22205761,0.0,4259850,4325386,4028193,527633,55.55179,47.69263,0.46553522,0.49907503,0,831,1,2,1,3,1,0,0,0,0,0,0,0,0
139081550,138891536,17763993291687,0.0042304154,0.026301026,0.054737944,0,0.17247115,0.1554013,0.0958479,0.23963775,0.01962452,0.10353647,nan,nan,0.2462016,0.0,4259850,4325386,4028193,527633,53.208664,47.69263,0.45102477,0.49907503,0,831,1,2,1,3,1,0,0,0,0,0,0,0,0
139271109,139081076,17763993291687,0.0019654986,0.040225483,0.05032519,0,0.1642935,0.15117575,0.110782266,0.27619886,0.018626923,0.1071156,nan,nan,0.27188295,0.0,4259850,4325386,4028193,527633,56.9952,47.69263,0.45983267,0.49907503,0,831,1,2,1,3,1,0,0,0,0,0,0,0,0
139480387,139290567,17763993291687,0.00346512,0.075155735,0.078471825,0,0.16502182,0.15157722,0.16567585,0.30311885,0.016157819,0.110763684,nan,nan,0.29036808,0.0,4259850,4325386,4028193,527633,57.748558,47.69263,0.4551866,0.49907503,0,831,1,2,1,3,1,0,0,0,0,0,0,0,0
139680148,139490082,17763993291687,0.0068659685,0.12149704,0.12810983,0,0.16491108,0.15151568,0.19573991,0.32848316,0.017651847,0.11676375,nan,nan,0.28972432,0.0,4259850,4325386,4028193,527633,58.387215,47.69263,0.46628925,0.49907503,0,831,1,2,1,3,1,0,0,0,0,0,0,0,0
139879633,139689597,17763993291687,0.0079132235,0.13662215,0.16528699,0,0.16492844,0.15163483,0.1707583,0.3777158,0.019523734,0.120630465,nan,nan,0.28636834,0.0,4259850,4325386,4028193,527633,55.91888,47.69263,0.45922342,0.49907503,0,831,1,2,1,3,1,0,0,0,0,0,0,0,0
140078934,139889112,17763993291687,0.005280715,0.08232269,0.10025613,0,0.17205293,0.15561962,0.1430989,0.35039198,0.019992685,0.12471152,nan,nan,0.28129292,0.0,4259850,4325386,4028193,527633,54.71655,47.69263,0.4698092,0.49907503,0,831,1,2,1,3,1,0,0,0,0,0,0,0,0
140278668,140088628,17763993291687,0.0051454394,0.11432141,0.15013142,0,0.16474713,0.15163924,0.119102165,0.3418052,0.030951506,0.12936409,nan,nan,0.29734978,0.0,4259850,4325386,4028193,527633,54.524864,47.69263,0.47099292,0.49907503,0,831,1,2,1,3,1,0,0,0,0,0,0,0,0
140477965,140288142,17763993291687,0.0052448064,0.1201868,0.15869647,0,0.16465414,0.15170008,0.10854079,0.36659127,0.029560875,0.13133474,nan,nan,0.31034002,0.0,4259850,4325386,4028193,527633,52.367947,47.69263,0.47727045,0.49907503,0,831,1,2,1,3,1,0,0,0,0,0,0,0,0
140677697,140487657,17763993291687,0.0049295817,0.12121322,0.16448377,0,0.16451319,0.15157707,0.09714583,0.35673538,0.034159463,0.13419181,nan,nan,0.32883134,0.0,4259850,4325386,4028193,527633,50.909798,47.69263,0.47669518,0.49907503,0,831,1,2,1,3,1,0,0,0,0,0,0,0,0
140877211,140687174,17763993291687,0.0042684185,0.11216384,0.16239585,0,0.1644867,0.15162994,0.11894223,0.3848137,0.03827087,0.13714206,nan,nan,0.34769833,0.0,4259850,4325386,4028193,527633,50.446976,47.69263,0.49728605,0.49907503,0,831,1,2,1,3,1,0,0,0,0,0,0,0,0
141076711,140886687,17763993291687,0.002892331,0.057625912,0.08523259,0,0.17128833,0.15536423,0.13858075,0.359811,0.04018305,0.13669208,nan,nan,0.42770135,0.0,4259850,4325386,4028193,527633,50.6702,47.69263,0.50729185,0.49907503,0,831,1,2,1,3,1,0,0,0,0,0,0,0,0
141276225,141086202,17763993291687,0.0052911476,0.13096128,0.17862314,0,0.16416387,0.15148267,0.16607137,0.36135808,0.048332363,0.14182763,nan,nan,0.44825256,0.0,4259850,4325386,4028193,527633,49.760452,47.69263,0.5143601,0.49907503,0,831,1,2,1,3,1,0,0,0,0,0,0,0,0
141475542,141285717,17763993291687,0.0071965596,0.15233953,0.19648005,0,0.16399288,0.15134743,0.16005999,0.43025953,0.058215603,0.14086859,nan,nan,0.46882695,0.0,4259850,4325386,4028193,527633,49.227592,47.69263,0.509023,0.49907503,0,831,1,2,1,3,1,0,0,0,0,0,0,0,0
141675257,141485231,17763993291687,0.007873523,0.14489639,0.1953079,0,0.16384917,0.15135108,0.15476958,0.44269502,0.06718407,0.14102373,nan,nan,0.4724036,0.0,4259850,4325386,4028193,527633,49.21538,47.69263,0.52083296,0.49907503,0,831,1,2,1,3,1,0,0,0,0,0,0,0,0
141874841,141684746,17763993291687,0.008872783,0.14004011,0.1949342,0,0.16378722,0.15125833,0.15457594,0.47789162,0.07545955,0.14229956,nan,nan,0.45855135,0.0,4259850,4325386,4028193,527633,48.611984,47.69263,0.5279054,0.49907503,0,831,1,2,1,3,1,0,0,0,0,0,0,0,0
142074080,141884261,17763993291687,0.0064751226,0.06307061,0.09697473,0,0.17039122,0.15511337,0.1363607,0.45936173,0.08189786,0.14278191,nan,nan,0.4389474,0.0,4259850,4325386,4028193,527633,47.830544,47.69263,0.5209867,0.49907503,0,831,1,2,1,3,1,0,0,0,0,0,0,0,0
142273853,142083777,17763993291687,0.004814007,0.05565197,0.0873407,0,0.16981745,0.15483275,0.14560658,0.39246598,0.09039772,0.14893274,nan,nan,0.42697373,0.0,4259850,4325386,4028193,527633,44.212067,47.69263,0.5499893,0.49907503,0,831,1,2,1,3,1,0,0,0,0,0,0,0,0
142473541,142283290,17763993291687,0.005336906,0.07530988,0.11564635,0,0.16886006,0.15453826,0.1522895,0.3899133,0.10367653,0.15022673,nan,nan,0.4068303,0.0,4259850,4325386,4028193,527633,43.08517,47.69263,0.53776574,0.49907503,0,831,1,2,1,3,1,0,0,0,0,0,0,0,0
142672846,142482804,17763993291687,0.007315324,0.109751575,0.16315357,0,0.16807541,0.15429433,0.14086236,0.40770698,0.11308086,0.15389389,nan,nan,0.35364693,0.0,4259850,4325386,4028193,527633,47.59992,47.69263,0.5609784,0.49907503,0,831,1,2,1,3,1,0,0,0,0,0,0,0,0
142872336,142682318,17763993291687,0.008120488,0.10946956,0.1712106,0,0.16734539,0.1538942,0.15125406,0.40652597,0.11691104,0.15681413,nan,nan,0.3263332,0.0,4259850,4325386,4028193,527633,43.096294,47.69263,0.5500652,0.49907503,0,831,1,2,1,3,1,0,0,0,0,0,0,0,0
143071670,142881833,17763993291687,0.0056342273,0.039321486,0.06266091,0,0.1737683,0.15766679,0.15102454,0.37695915,0.11858399,0.15657142,nan,nan,0.29890305,0.0,4259850,4325386,4028193,527633,44.357605,47.69263,0.5685081,0.49907503,0,831,1,2,1,3,1,0,0,0,0,0,0,0,0
143271187,143081347,17763993291687,0.0058025722,0.049242973,0.068463236,0,0.17301372,0.15724729,0.17665315,0.37851328,0.10961583,0.15740095,nan,nan,0.27401596,0.0,4259850,4325386,4028193,527633,43.37154,47.69263,0.5833448,0.49907503,0,831,1,2,1,3,1,0,0,0,0,0,0,0,0
143470945,143280861,17763993291687,0.006141973,0.09386241,0.13701376,0,0.16537914,0.1530471,0.19092196,0.36639723,0.11141585,0.15916774,nan,nan,0.22946747,0.0,4259850,4325386,4028193,527633,42.260265,47.69263,0.58446413,0.49907503,0,831,1,2,1,3,1,0,0,0,0,0,0,0,0
143680171,143490351,17763993291687,0.0060277665,0.091291234,0.13715386,0,0.1657048,0.15317498,0.19473687,0.40105587,0.11180605,0.1592,nan,nan,0.21236144,0.0,4259850,4325386,4028193,527633,42.311928,47.69263,0.5742012,0.49907503,0,831,1,2,1,3,1,0,0,0,0,0,0,0,0
143879690,143689865,17763993291687,0.0056631276,0.08021978,0.12572408,0,0.16533284,0.15301569,0.17171542,0.39162433,0.109506674,0.16032475,nan,nan,0.19536251,0.0,4259850,4325386,4028193,527633,42.96446,47.69263,0.5739937,0.49907503,0,831,1,2,1,3,1,0,0,0,0,0,0,0,0
144079445,143889379,17763993291687,0.004008549,0.058233846,0.08744258,0,0.17192255,0.15666425,0.17026672,0.398471,0.10767528,0.16033591,nan,nan,0.17612329,0.0,4259850,4325386,4028193,527633,42.452774,47.69263,0.6097232,0.49907503,0,831,1,2,1,3,1,0,0,0,0,0,0,0,0
144278920,144088893,17763993291687,0.0045453,0.076611355,0.11638433,0,0.1646134,0.15256341,0.18981391,0.36666232,0.10564744,0.16103882,nan,nan,0.16789576,0.0,4259850,4325386,4028193,527633,42.263165,47.69263,0.6042648,0.49907503,0,831,1,2,1,3,1,0,0,0,0,0,0,0,0
144478459,144288407,17763993291687,0.004837224,0.09349079,0.13670161,0,0.16443378,0.15229891,0.20744653,0.38031876,0.11032305,0.16050667,nan,nan,0.16038218,0.0,4259850,4325386,4028193,527633,41.4134,47.69263,0.5948702,0.49907503,0,831,1,2,1,3,1,0,0,0,0,0,0,0,0
144677946,144487922,17763993291687,0.00506052,0.10390504,0.15584265,0,0.1644097,0.15222685,0.22207254,0.38391802,0.110014275,0.16142096,nan,nan,0.15367702,0.0,4259850,4325386,4028193,527633,41.07033,47.69263,0.5896678,0.49907503,0,831,1,2,1,3,1,0,0,0,0,0,0,0,0
144877753,144687435,17763993291687,0.0050189146,0.10311627,0.1545066,0,0.16433908,0.15197848,0.21743381,0.371081,0.11051215,0.16202351,nan,nan,0.136467,0.0,4259850,4325386,4028193,527633,41.69636,47.69263,0.5963595,0.49907503,0,831,1,2,1,3,1,0,0,0,0,0,0,0,0
145076781,144886948,17763993291687,0.003646223,0.0865295,0.13296019,0,0.17100291,0.1557743,0.20273879,0.35617757,0.111019894,0.16221078,nan,nan,0.13202462,0.0,4259850,4325386,4028193,527633,39.480488,47.69263,0.5793709,0.49907503,0,831,1,2,1,3,1,0,0,0,0,0,0,0,0
145276526,145086462,17763993291687,0.0032276448,0.08822146,0.13730262,0,0.17041095,0.15534021,0.20677488,0.31832016,0.111814864,0.16086556,nan,nan,0.13075854,0.0,4259850,4325386,4028193,527633,42.665173,47.69263,0.61296785,0.49907503,0,831,1,2,1,3,1,0,0,0,0,0,0,0,0
145476032,145285976,17763993291687,0.0040649176,0.11675953,0.1678506,0,0.16974528,0.15495698,0.22176135,0.31112164,0.12626714,0.15710142,nan,nan,0.1302388,0.0,4259850,4325386,4028193,527633,44.115353,47.69263,0.621555,0.49907503,0,831,1,2,1,3,1,0,0,0,0,0,0,0,0
145675610,145485490,17763993291687,0.005522085,0.12246361,0.18197633,0,0.1692949,0.15449156,0.22825788,0.34635314,0.12795264,0.15539014,nan,nan,0.11972856,0.0,4259850,4325386,4028193,527633,41.164227,47.69263,0.59471536,0.49907503,0,831,1,2,1,3,1,0,0,0,0,0,0,0,0
145875067,145685004,17763993291687,0.0055589657,0.12033966,0.18418586,0,0.16880679,0.15416071,0.23115788,0.36634448,0.12672016,0.15654975,nan,nan,0.11734571,0.0,4259850,4325386,4028193,527633,42.63616,47.69263,0.5912921,0.49907503,0,831,1,2,1,3,1,0,0,0,0,0,0,0,0
146074443,145884517,17763993291687,0.0037388115,0.09349011,0.14412802,0,0.17540024,0.15773822,0.20829135,0.34077063,0.12532072,0.15805867,nan,nan,0.114729784,0.0,4259850,4325386,4028193,527633,42.65565,47.69263,0.55179274,0.49907503,0,831,1,2,1,3,1,0,0,0,0,0,0,0,0
146274259,146084030,17763993291687,0.0037323902,0.11789066,0.17690939,0,0.1679667,0.1534393,0.18824749,0.34275806,0.11033118,0.15861349,nan,nan,0.119573146,0.0,4259850,4325386,4028193,527633,42.569862,47.69263,0.56351674,0.49907503,0,831,1,2,1,3,1,0,0,0,0,0,0,0,0
146473485,146283544,17763993291687,0.0032821333,0.094661385,0.14563975,0,0.17454448,0.15718491,0.16919263,0.3662393,0.10974984,0.15914068,nan,nan,0.12038588,0.0,4259850,4325386,4028193,527633,43.336765,47.69263,0.53432363,0.49907503,0,831,1,2,1,3,1,0,0,0,0,0,0,0,0
146673078,146483057,17763993291687,0.004788421,0.14349599,0.20811123,0,0.16758637,0.15288728,0.15894169,0.3819828,0.10056765,0.15937448,nan,nan,0.12176509,0.0,4259850,4325386,4028193,527633,44.31359,47.69263,0.556219,0.49907503,0,831,1,2,1,3,1,0,0,0,0,0,0,0,0
146872388,146682570,17763993291687,0.0033434064,0.09665515,0.15012877,0,0.17414208,0.15662499,0.13688204,0.35359782,0.09467795,0.16041851,nan,nan,0.1184442,0.0,4259850,4325386,4028193,527633,44.494263,47.69263,0.53249437,0.49907503,0,831,1,2,1,3,1,0,0,0,0,0,0,0,0
147071900,146882084,17763993291687,0.0035099587,0.107346594,0.16150153,0,0.17400192,0.15630557,0.13454075,0.37113917,0.08543879,0.15835874,nan,nan,0.11343212,0.0,4259850,4325386,4028193,527633,45.110035,47.69263,0.54112077,0.49907503,0,831,1,2,1,3,1,0,0,0,0,0,0,0,0
147271481,147081597,17763993291687,0.0036721649,0.111204475,0.1664088,0,0.17385764,0.15616678,0.13103238,0.37986013,0.07241822,0.15685116,nan,nan,0.12330624,0.0,4259850,4325386,4028193,527633,45.81298,47.69263,0.53745127,0.49907503,0,831,1,2,1,3,1,0,0,0,0,0,0,0,0
147471526,147281112,17763993291687,0.003916663,0.13275781,0.18679066,0,0.16715091,0.15209605,0.12743019,0.35078233,0.06398339,0.15552582,nan,nan,0.13121316,0.0,4259850,4325386,4028193,527633,47.295208,47.69263,0.53430647,0.49907503,0,831,1,2,1,3,1,0,0,0,0,0,0,0,0
147670775,147480623,17763993291687,0.0044901394,0.13186589,0.18984309,0,0.16728804,0.15212639,0.13512519,0.36690137,0.07070276,0.15454037,nan,nan,0.14193393,0.0,4259850,4325386,4028193,527633,47.40896,47.69263,0.5365656,0.49907503,0,831,1,2,1,3,1,0,0,0,0,0,0,0,0
147879948,147690111,17763993291687,0.0046705343,0.12301845,0.18043798,0,0.16795595,0.1523738,0.13227041,0.36829636,0.073777795,0.15217803,nan,nan,0.1490688,0.0,4259850,4325386,4028193,527633,47.694447,47.69263,0.55938286,0.49907503,0,831,1,2,1,3,1,0,0,0,0,0,0,0,0
148079460,147889624,17763993291687,0.0029980678,0.090984106,0.14638396,0,0.17460118,0.15621589,0.107143335,0.33353052,0.074157365,0.15118594,nan,nan,0.16979498,0.0,4259850,4325386,4028193,527633,47.29264,47.69263,0.5186387,0.49907503,0,831,1,2,1,3,1,0,0,0,0,0,0,0,0
148279343,148089137,17763993291687,0.0034752178,0.09045151,0.14151162,0,0.16800492,0.15227798,0.09111562,0.29345274,0.070952594,0.14945835,nan,nan,0.18042064,0.0,4259850,4325386,4028193,527633,51.52941,47.69263,0.49848613,0.49907503,0,831,1,2,1,3,1,0,0,0,0,0,0,0,0
148478817,148288650,17763993291687,0.0037879185,0.103236794,0.15174933,0,0.16802073,0.15232334,0.10819971,0.30336532,0.07256472,0.14697474,nan,nan,0.19923565,0.0,4259850,4325386,4028193,527633,51.87724,47.69263,0.50426453,0.49907503,0,831,1,2,1,3,1,0,0,0,0,0,0,0,0
148678305,148488164,17763993291687,0.004093561,0.10451478,0.15367788,0,0.16806832,0.15224794,0.105776295,0.2944948,0.07378771,0.14483021,nan,nan,0.21882252,0.0,4259850,4325386,4028193,527633,52.50002,47.69263,0.47338584,0.49907503,0,831,1,2,1,3,1,0,0,0,0,0,0,0,0
148877803,148687676,17763993291687,0.004484696,0.10745749,0.15955257,0,0.16825931,0.15238547,0.06701967,0.3281231,0.074933246,0.13978797,nan,nan,0.24427344,0.0,4259850,4325386,4028193,527633,50.362617,47.69263,0.48259997,0.49907503,0,831,1,2,1,3,1,0,0,0,0,0,0,0,0
149077149,148887188,17763993291687,0.003012384,0.06804258,0.120182276,0,0.17481904,0.1561177,0.07913484,0.31242105,0.07305855,0.14270942,nan,nan,0.25556213,0.0,4259850,4325386,4028193,527633,53.836353,47.69263,0.48640427,0.49907503,0,831,1,2,1,3,1,0,0,0,0,0,0,0,0
149276636,149086701,17763993291687,0.004406408,0.095745854,0.14803089,0,0.1684497,0.15257408,0.08976671,0.35153508,0.06942942,0.14132579,nan,nan,0.25405917,0.0,4259850,4325386,4028193,527633,54.504047,47.69263,0.47048527,0.49907503,0,831,1,2,1,3,1,0,0,0,0,0,0,0,0
149476541,149286214,17763993291687,0.004377243,0.10960067,0.15732267,0,0.16859081,0.1526872,0.09502122,0.38767833,0.065915376,0.13917264,nan,nan,0.25596577,0.0,4259850,4325386,4028193,527633,53.667873,47.69263,0.46934283,0.49907503,0,831,1,2,1,3,1,0,0,0,0,0,0,0,0
149675900,149485726,17763993291687,0.0047231833,0.12192773,0.172258,0,0.168862,0.15302047,0.1337048,0.42454758,0.06809941,0.1394368,nan,nan,0.24819063,0.0,4259850,4325386,4028193,527633,55.85961,47.69263,0.471358,0.49907503,0,831,1,2,1,3,1,0,0,0,0,0,0,0,0
149875435,149685239,17763993291687,0.004821987,0.107216865,0.1619655,0,0.16915363,0.15323934,0.13769807,0.4248847,0.07583019,0.13997786,nan,nan,0.24823195,0.0,4259850,4325386,4028193,527633,54.9226,47.69263,0.46452948,0.49907503,0,831,1,2,1,3,1,0,0,0,0,0,0,0,0
150074699,149884751,17763993291687,0.003101594,0.053852845,0.10315064,0,0.1758051,0.15724637,0.13024245,0.39053598,0.07752282,0.13807115,nan,nan,0.24866478,0.0,4259850,4325386,4028193,527633,55.678703,47.69263,0.46118936,0.49907503,0,831,1,2,1,3,1,0,0,0,0,0,0,0,0
150274394,150084264,17763993291687,0.004193654,0.08116431,0.12632158,0,0.16959421,0.15390253,0.11061802,0.3946702,0.0893445,0.1346096,nan,nan,0.25120404,0.0,4259850,4325386,4028193,527633,55.512115,47.69263,0.45056152,0.49907503,0,831,1,2,1,3,1,0,0,0,0,0,0,0,0
150473894,150283776,17763993291687,0.004493813,0.07915432,0.11821897,0,0.16978602,0.15407905,0.10035053,0.39981943,0.0934855,0.13282172,nan,nan,0.26130345,0.0,4259850,4325386,4028193,527633,54.921146,47.69263,0.4440274,0.49907503,0,831,1,2,1,3,1,0,0,0,0,0,0,0,0
150683319,150493264,17763993291687,0.004413735,0.08799077,0.12627237,0,0.17063163,0.15468054,0.12658322,0.39278194,0.09884285,0.130709,nan,nan,0.2665198,0.0,4259850,4325386,4028193,527633,59.72507,47.69263,0.45966133,0.49907503,0,831,1,2,1,3,1,0,0,0,0,0,0,0,0
150882598,150692776,17763993291687,0.005098651,0.0971317,0.13982294,0,0.17087832,0.15499556,0.12016294,0.40346724,0.1037877,0.12935635,nan,nan,0.2699775,0.0,4259850,4325386,4028193,527633,57.117863,47.69263,0.4497185,0.49907503,0,831,1,2,1,3,1,0,0,0,0,0,0,0,0
151082118,150892289,17763993291687,0.0035513462,0.05753856,0.101212926,0,0.17763373,0.15901616,0.12539262,0.3791795,0.104425505,0.12928167,nan,nan,0.2676236,0.0,4259850,4325386,4028193,527633,56.952915,47.69263,0.45406324,0.49907503,0,831,1,2,1,3,1,0,0,0,0,0,0,0,0
151281852,151091801,17763993291687,0.0038679598,0.07741325,0.1193283,0,0.17735185,0.15897328,0.112871036,0.36607242,0.109879866,0.13271418,nan,nan,0.27843815,0.0,4259850,4325386,4028193,527633,58.959274,47.69263,0.44861683,0.49907503,0,831,1,2,1,3,1,0,0,0,0,0,0,0,0
151481393,151291313,17763993291687,0.004240219,0.082943656,0.12520012,0,0.17690009,0.1590386,0.0989167,0.327023,0.111900344,0.137836,nan,nan,0.27550846,0.0,4259850,4325386,4028193,527633,55.3881,47.69263,0.43905056,0.49907503,0,831,1,2,1,3,1,0,0,0,0,0,0,0,0
151680666,151490825,17763993291687,0.0049909414,0.09422693,0.13441972,0,0.17659438,0.15901795,0.08569968,0.31349513,0.11297288,0.13981763,nan,nan,0.27642816,0.0,4259850,4325386,4028193,527633,56.910862,47.69263,0.44991344,0.49907503,0,831,1,2,1,3,1,0,0,0,0,0,0,0,0
151880163,151690337,17763993291687,0.0056517497,0.10209116,0.14438166,0,0.17629667,0.15911795,0.08121714,0.28579322,0.11307541,0.14179407,nan,nan,0.27381977,0.0,4259850,4325386,4028193,527633,56.506847,47.69263,0.44581786,0.49907503,0,831,1,2,1,3,1,0,0,0,0,0,0,0,0
152079683,151889849,17763993291687,0.003664943,0.062862515,0.1078171,0,0.18302025,0.16293724,0.07055962,0.26615965,0.111710675,0.13999358,nan,nan,0.26986772,0.0,4259850,4325386,4028193,527633,53.122776,47.69263,0.45243666,0.49907503,0,831,1,2,1,3,1,0,0,0,0,0,0,0,0
152279183,152089361,17763993291687,0.00518185,0.09511466,0.14462443,0,0.1758473,0.1592,0.07188856,0.29099223,0.10291207,0.13652062,nan,nan,0.26793286,0.0,4259850,4325386,4028193,527633,54.677788,47.69263,0.44728607,0.49907503,0,831,1,2,1,3,1,0,0,0,0,0,0,0,0
152478955,152288873,17763993291687,0.005549437,0.10782629,0.15702197,0,0.17560488,0.15912563,0.08715115,0.33322227,0.09689142,0.13401248,nan,nan,0.2574227,0.0,4259850,4325386,4028193,527633,52.812496,47.69263,0.4339865,0.49907503,0,831,1,2,1,3,1,0,0,0,0,0,0,0,0
152678404,152488385,17763993291687,0.0053563323,0.10733477,0.15598808,0,0.17546736,0.15926404,0.10605744,0.35197476,0.0901762,0.1342035,nan,nan,0.24919482,0.0,4259850,4325386,4028193,527633,54.862938,47.69263,0.43563288,0.49907503,0,831,1,2,1,3,1,0,0,0,0,0,0,0,0
152877822,152687897,17763993815975,0.0046955687,0.11143354,0.1573554,0,0.17535907,0.15921396,0.14530623,0.35498384,0.085663795,0.13279718,0.9412282,nan,0.23595664,0.0,4259850,4325386,4028193,527633,50.876366,47.69263,0.43955258,0.49907503,0,831,1,2,1,3,1,0,0,0,0,0,0,0,0
153077228,152887409,17763993291687,0.0031261167,0.071514,0.12415194,0,0.18206775,0.16316138,0.12855667,0.33356327,0.08361861,0.13205154,nan,nan,0.23778869,0.0,4259850,4325386,4028193,527633,55.746944,47.69263,0.4465471,0.49907503,0,831,1,2,1,3,1,0,0,0,0,0,0,0,0
153276785,153086921,17763993291687,0.004148362,0.09393001,0.14523073,0,0.17513461,0.15920067,0.15993072,0.38463324,0.070839085,0.13148645,nan,nan,0.23782139,0.0,4259850,4325386,4028193,527633,58.395252,47.69263,0.47152656,0.49907503,0,831,1,2,1,3,1,0,0,0,0,0,0,0,0
153476457,153286432,17763993291687,0.003478783,0.0772933,0.12286146,0,0.17502774,0.15924492,0.15425868,0.3452884,0.06443075,0.13101663,nan,nan,0.23782568,0.0,4259850,4325386,4028193,527633,54.038315,47.69263,0.46203953,0.49907503,0,831,1,2,1,3,1,0,0,0,0,0,0,0,0
153675996,153485944,17763993291687,0.0025505892,0.06397065,0.10033194,0,0.17500922,0.1591642,0.28596252,0.30950472,0.059352905,0.13381137,nan,nan,0.2694378,0.0,4259850,4325386,4028193,527633,47.242672,47.69263,0.5488429,0.49907503,0,831,1,2,1,3,1,0,0,0,0,0,0,0,0
153875508,153685456,17763993291687,0.0026378287,0.08853568,0.11844263,0,0.17494376,0.15922445,0.24340776,0.280025,0.057042453,0.13746233,nan,nan,0.29822823,0.0,4259850,4325386,4028193,527633,52.61723,47.69263,0.45419428,0.49907503,0,831,1,2,1,3,1,0,0,0,0,0,0,0,0
154074793,153884967,17763993291687,0.0019202841,0.057026103,0.09241497,0,0.18156826,0.16310585,0.20009609,0.28889304,0.05706281,0.13851622,nan,nan,0.32277623,0.0,4259850,4325386,4028193,527633,53.400288,47.69263,0.45824128,0.49907503,0,831,1,2,1,3,1,0,0,0,0,0,0,0,0
154274302,154084480,17763993291687,0.005063231,0.06898456,0.104712345,0,0.17497629,0.15921547,0.16718271,0.36865193,0.06785302,0.1381218,nan,nan,0.32402474,0.0,4259850,4325386,4028193,527633,52.126762,47.69263,0.44442356,0.49907503,0,831,1,2,1,3,1,0,0,0,0,0,0,0,0
154473812,154283990,17763993291687,0.0045703393,0.052513227,0.08112659,0,0.17513222,0.1593369,0.19160481,0.3352944,0.064048484,0.1353836,nan,nan,0.32623392,0.0,4259850,4325386,4028193,527633,51.512722,47.69263,0.47535193,0.49907503,0,831,1,2,1,3,1,0,0,0,0,0,0,0,0
154673519,154483502,17763993291687,0.0038005637,0.038956113,0.059215073,0,0.17529167,0.15931933,0.19265927,0.32555205,0.065136984,0.13617522,nan,nan,0.31667185,0.0,4259850,4325386,4028193,527633,56.482002,47.69263,0.45965773,0.49907503,0,831,1,2,1,3,1,0,0,0,0,0,0,0,0
154882814,154692989,17763993291687,0.0022495827,0.03277842,0.045793343,0,0.17602688,0.15982908,0.18207897,0.29273042,0.06432469,0.1356532,nan,nan,0.3262572,0.0,4259850,4325386,4028193,527633,56.437984,47.69263,0.4541555,0.49907503,0,831,1,2,1,3,1,0,0,0,0,0,0,0,0
155082326,154892500,17763993291687,0.0012458509,0.042349055,0.07427073,0,0.18281235,0.16358033,0.1795464,0.26770747,0.06321468,0.13575166,nan,nan,0.34215832,0.0,4259850,4325386,4028193,527633,56.456825,47.69263,0.45988828,0.49907503,0,831,1,2,1,3,1,0,0,0,0,0,0,0,0
155281863,155092012,17763993291687,0.003124705,0.020419609,0.02875434,0,0.17633167,0.15995762,0.17895186,0.31156945,0.0685842,0.13055694,nan,nan,0.37164995,0.0,4259850,4325386,4028193,527633,57.174664,47.69263,0.4620716,0.49907503,0,831,1,2,1,3,1,0,0,0,0,0,0,0,0
155481397,155291523,17763993291687,0.0023745168,0.025101122,0.043332364,0,0.17714773,0.16016118,0.17361754,0.26084384,0.06449451,0.12639633,nan,nan,0.37486753,0.0,4259850,4325386,4028193,527633,56.181602,47.69263,0.4593985,0.49907503,0,831,1,2,1,3,1,0,0,0,0,0,0,0,0
155680880,155491035,17763993291687,0.00089995284,0.057267483,0.08639024,0,0.17745206,0.1604199,0.16007318,0.21226071,0.05927298,0.12490116,nan,nan,0.36914724,0.0,4259850,4325386,4028193,527633,55.971367,47.69263,0.4579879,0.49907503,0,831,1,2,1,3,1,0,0,0,0,0,0,0,0
155880583,155690546,17763993291687,0.0011161664,0.037648488,0.06519781,0,0.17766254,0.16048528,0.15066858,0.25646272,0.056196053,0.12300948,nan,nan,0.3674488,0.0,4259850,4325386,4028193,527633,56.37629,47.69263,0.45809665,0.49907503,0,831,1,2,1,3,1,0,0,0,0,0,0,0,0
156079882,155890058,17763993291687,0.0011381424,0.04660488,0.08618685,0,0.18460444,0.16448885,0.14418788,0.23437026,0.053940877,0.12223163,nan,nan,0.34667176,0.0,4259850,4325386,4028193,527633,56.548733,47.69263,0.46891338,0.49907503,0,831,1,2,1,3,1,0,0,0,0,0,0,0,0
156279426,156089569,17763993291687,0.0014885766,0.047287215,0.06851853,0,0.17806752,0.16080138,0.11974347,0.21311438,0.056431923,0.11706663,nan,nan,0.34815228,0.0,4259850,4325386,4028193,527633,54.78486,47.69263,0.4672691,0.49907503,0,831,1,2,1,3,1,0,0,0,0,0,0,0,0
156478938,156289080,17763993291687,0.002100131,0.06837979,0.097301446,0,0.17862792,0.1611765,0.11810355,0.17557564,0.048260946,0.112846635,nan,nan,0.335,0.0,4259850,4325386,4028193,527633,55.892128,47.69263,0.45615113,0.49907503,0,831,1,2,1,3,1,0,0,0,0,0,0,0,0
156678465,156488592,17763993291687,0.0018434984,0.07861422,0.11927148,0,0.1789189,0.16131821,0.12530012,0.122196466,0.041511253,0.11123935,nan,nan,0.34198353,0.0,4259850,4325386,4028193,527633,56.74886,47.69263,0.466637,0.49907503,0,831,1,2,1,3,1,0,0,0,0,0,0,0,0
156877937,156688103,17763993291687,0.0015871227,0.07244875,0.11554888,0,0.17924368,0.16165896,0.11908449,0.2091441,0.035985928,0.10743512,nan,nan,0.2981738,0.0,4259850,4325386,4028193,527633,58.47186,47.69263,0.4681148,0.49907503,0,831,1,2,1,3,1,0,0,0,0,0,0,0,0
157077472,156887615,17763993291687,0.0018070942,0.051631976,0.10208686,0,0.18609472,0.16550654,0.1214511,0.24214482,0.033427548,0.10495564,nan,nan,0.27243447,0.0,4259850,4325386,4028193,527633,56.336323,47.69263,0.45856458,0.49907503,0,831,1,2,1,3,1,0,0,0,0,0,0,0,0
157276952,157087125,17763993291687,0.0018551595,0.04333713,0.07825691,0,0.17979711,0.16227628,0.11077222,0.23446728,0.031685047,0.09842264,nan,nan,0.24414894,0.0,4259850,4325386,4028193,527633,52.4845,47.69263,0.4438998,0.49907503,0,831,1,2,1,3,1,0,0,0,0,0,0,0,0
157476855,157286637,17763993291687,0.002561571,0.065533504,0.10148634,0,0.1800468,0.16266802,0.120704934,0.25274202,0.027288234,0.09295328,nan,nan,0.21542647,0.0,4259850,4325386,4028193,527633,52.134995,47.69263,0.4340665,0.49907503,0,831,1,2,1,3,1,0,0,0,0,0,0,0,0
157675970,157486148,17763993291687,0.002452442,0.055854905,0.09197479,0,0.18035254,0.16293845,0.11843888,0.22100548,0.023588588,0.08746766,nan,nan,0.17218246,0.0,4259850,4325386,4028193,527633,53.110626,47.69263,0.4457458,0.49907503,0,831,1,2,1,3,1,0,0,0,0,0,0,0,0
157875482,157685659,17763993291687,0.0027528915,0.070602156,0.10077854,0,0.18055011,0.16332749,0.11334682,0.24072891,0.020180356,0.08363901,nan,nan,0.15132864,0.0,4259850,4325386,4028193,527633,52.45746,47.69263,0.43630674,0.49907503,0,831,1,2,1,3,1,0,0,0,0,0,0,0,0
158074998,157885170,17763993291687,0.0022629933,0.045740712,0.07876573,0,0.18742996,0.16719437,0.0995631,0.22996008,0.021567397,0.081099145,nan,nan,0.13613173,0.0,4259850,4325386,4028193,527633,54.012062,47.69263,0.4385967,0.49907503,0,831,1,2,1,3,1,0,0,0,0,0,0,0,0
158274707,158084681,17763993291687,0.0021360007,0.047737017,0.07306706,0,0.1810486,0.1638482,0.14833844,0.20161214,0.021153407,0.07540232,nan,nan,0.12218915,0.0,4259850,4325386,4028193,527633,49.17028,47.69263,0.4486429,0.49907503,0,831,1,2,1,3,1,0,0,0,0,0,0,0,0
158474250,158284193,17763993291687,0.002464295,0.04738907,0.07005035,0,0.18134214,0.16397461,0.14535493,0.1876599,0.022315364,0.0724829,nan,nan,0.10061637,0.0,4259850,4325386,4028193,527633,53.562744,47.69263,0.4484768,0.49907503,0,831,1,2,1,3,1,0,0,0,0,0,0,0,0
158673917,158483704,17763993291687,0.0025814637,0.056111258,0.083964445,0,0.18168205,0.1643156,0.1431898,0.17431349,0.02409849,0.06962422,nan,nan,0.0908292,0.0,4259850,4325386,4028193,527633,52.34896,47.69263,0.4421117,0.49907503,0,831,1,2,1,3,1,0,0,0,0,0,0,0,0
158873275,158683215,17763993291687,0.0023303884,0.046907283,0.07615693,0,0.18191634,0.1644195,0.14896479,0.16144982,0.026033433,0.06616259,nan,nan,0.07981752,0.0,4259850,4325386,4028193,527633,53.349667,47.69263,0.43999684,0.49907503,0,831,1,2,1,3,1,0,0,0,0,0,0,0,0
159082589,158892701,17763993291687,0.0013988321,0.01756631,0.046819463,0,0.18950881,0.16881174,0.15486045,0.15512535,0.026343027,0.06476253,nan,nan,0.05983439,0.0,4259850,4325386,4028193,527633,51.138706,47.69263,0.43420747,0.49907503,0,831,1,2,1,3,1,0,0,0,0,0,0,0,0
159282033,159092212,17763993291687,0.002066141,0.027581394,0.04536488,0,0.18291329,0.1651059,0.17689207,0.13754557,0.02689519,0.06181383,nan,nan,0.04903797,0.0,4259850,4325386,4028193,527633,49.08104,47.69263,0.43201563,0.49907503,0,831,1,2,1,3,1,0,0,0,0,0,0,0,0
159481556,159291723,17763993291687,0.0029167095,0.04263426,0.05516432,0,0.1830969,0.16528153,0.1828591,0.18375655,0.029362116,0.058916416,nan,nan,0.041634776,0.0,4259850,4325386,4028193,527633,52.411034,47.69263,0.43378946,0.49907503,0,831,1,2,1,3,1,0,0,0,0,0,0,0,0
159681055,159491234,17763993291687,0.0031861183,0.047454685,0.063305385,0,0.18330802,0.16528352,0.1718285,0.17452265,0.030451795,0.057650797,nan,nan,0.027225273,0.0,4259850,4325386,4028193,527633,52.801422,47.69263,0.44551772,0.49907503,0,831,1,2,1,3,1,0,0,0,0,0,0,0,0
159870832,159680769,17763993291687,0.003349734,0.070370905,0.08892083,0,0.18277785,0.16499354,0.17111708,0.219109,0.03058575,0.056805182,nan,nan,0.0052520935,0.0,4259850,4325386,4028193,527633,53.087,47.69263,0.4479645,0.49907503,0,831,1,2,1,3,1,0,0,0,0,0,0,0,0
160080256,159890255,17763993291687,0.0020371098,0.028911533,0.045752678,0,0.1904636,0.16911098,0.14064893,0.20073774,0.030811135,0.05757294,nan,nan,0.02469768,0.0,4259850,4325386,4028193,527633,54.073227,47.69263,0.4592359,0.49907503,0,831,1,2,1,3,1,0,0,0,0,0,0,0,0
160279790,160089766,17763993291687,0.003206011,0.0654556,0.08728164,0,0.18343769,0.16532794,0.14972262,0.25850913,0.025500877,0.062331,nan,nan,0.02191023,0.0,4259850,4325386,4028193,527633,59.174107,47.69263,0.47911942,0.49907503,0,831,1,2,1,3,1,0,0,0,0,0,0,0,0
160479322,160289277,17763993291687,0.0035862082,0.061882272,0.087514594,0,0.1835085,0.16517836,0.13173492,0.28021273,0.028766956,0.062769815,nan,nan,0.01923109,0.0,4259850,4325386,4028193,527633,53.978832,47.69263,0.46098587,0.49907503,0,831,1,2,1,3,1,0,0,0,0,0,0,0,0
160678909,160488787,17763993291687,0.0042574923,0.06741065,0.097579546,0,0.18360205,0.16525462,0.13921036,0.29210454,0.034430742,0.063235365,nan,nan,0.011956471,0.0,4259850,4325386,4028193,527633,53.456604,47.69263,0.45002574,0.49907503,0,831,1,2,1,3,1,0,0,0,0,0,0,0,0
160878385,160688297,17763993291687,0.004505792,0.06807276,0.09951515,0,0.18357924,0.16511092,0.14529343,0.2937117,0.04158313,0.061402537,nan,nan,0.010631451,0.0,4259850,4325386,4028193,527633,54.19293,47.69263,0.44529554,0.49907503,0,831,1,2,1,3,1,0,0,0,0,0,0,0,0
161077635,160887808,17763993291687,0.0033528171,0.020256838,0.0375698,0,0.19040641,0.16895129,0.14877644,0.26917288,0.0429595,0.061423045,nan,nan,0.032846645,0.0,4259850,4325386,4028193,527633,53.006298,47.69263,0.43249232,0.49907503,0,831,1,2,1,3,1,0,0,0,0,0,0,0,0
161277349,161087318,17763993291687,0.004542988,0.051224142,0.07346257,0,0.1835023,0.16522312,0.17993098,0.2633398,0.04571671,0.06326261,nan,nan,0.049397394,0.0,4259850,4325386,4028193,527633,55.85379,47.69263,0.44602427,0.49907503,0,831,1,2,1,3,1,0,0,0,0,0,0,0,0
161477233,161286829,17763993291687,0.005335387,0.06694965,0.094429485,0,0.1835074,0.16510086,0.14579146,0.29233408,0.053104233,0.06229506,nan,nan,0.07632772,0.0,4259850,4325386,4028193,527633,53.822304,47.69263,0.45549813,0.49907503,0,831,1,2,1,3,1,0,0,0,0,0,0,0,0
161676371,161486339,17763993291687,0.0060775965,0.073442675,0.10691655,0,0.18361978,0.16522202,0.12855746,0.3292758,0.06110203,0.061386243,nan,nan,0.06968454,0.0,4259850,4325386,4028193,527633,56.978523,47.69263,0.46064,0.49907503,0,831,1,2,1,3,1,0,0,0,0,0,0,0,0
161876033,161685849,17763993291687,0.0069140755,0.0769272,0.11254236,0,0.1835931,0.16509928,0.15732391,0.34691852,0.06791002,0.06329491,nan,nan,0.06248653,0.0,4259850,4325386,4028193,527633,55.18117,47.69263,0.44303656,0.49907503,0,831,1,2,1,3,1,0,0,0,0,0,0,0,0
162075173,161885360,17763993291687,0.00559654,0.028949654,0.045426365,0,0.19037163,0.1689363,0.14971273,0.32815027,0.06991399,0.06341365,nan,nan,0.05792014,0.0,4259850,4325386,4028193,527633,53.671318,47.69263,0.4358191,0.49907503,0,831,1,2,1,3,1,0,0,0,0,0,0,0,0
162275131,162084870,17763993291687,0.0071186027,0.07115759,0.09522561,0,0.18344526,0.1650516,0.1147361,0.3356308,0.07060028,0.06476261,nan,nan,0.06323164,0.0,4259850,4325386,4028193,527633,52.342464,47.69263,0.43614423,0.49907503,0,831,1,2,1,3,1,0,0,0,0,0,0,0,0
162474519,162284380,17763993291687,0.008010938,0.07854197,0.106514804,0,0.18344577,0.1651293,0.08132389,0.35266936,0.080204785,0.06474243,nan,nan,0.07159635,0.0,4259850,4325386,4028193,527633,54.616714,47.69263,0.45411527,0.49907503,0,831,1,2,1,3,1,0,0,0,0,0,0,0,0
162674303,162483890,17763993291687,0.0102431225,0.09885289,0.13518988,0,0.18352348,0.16506045,0.07557927,0.40558353,0.086999826,0.065750435,nan,nan,0.07769722,0.0,4259850,4325386,4028193,527633,53.082092,47.69263,0.43579587,0.49907503,0,831,1,2,1,3,1,0,0,0,0,0,0,0,0
162873231,162683400,17763993291687,0.009288897,0.04937924,0.069918536,0,0.19020735,0.1688213,0.04784628,0.4226457,0.09051116,0.06497975,nan,nan,0.07920529,0.0,4259850,4325386,4028193,527633,52.577347,47.69263,0.45806572,0.49907503,0,831,1,2,1,3,1,0,0,0,0,0,0,0,0
163072944,162882910,17763993291687,0.010098114,0.05567479,0.07372552,0,0.19027136,0.16871649,0.10220718,0.44572213,0.09502915,0.06498576,nan,nan,0.07329567,0.0,4259850,4325386,4028193,527633,51.627415,47.69263,0.4848727,0.49907503,0,831,1,2,1,3,1,0,0,0,0,0,0,0,0
163282423,163092396,17763993291687,0.01400593,0.12417687,0.14613315,0,0.18394378,0.16538282,0.08465924,0.4742769,0.098587535,0.06785995,nan,nan,0.06468439,0.0,4259850,4325386,4028193,527633,51.331604,47.69263,0.44621703,0.49907503,0,831,1,2,1,3,1,0,0,0,0,0,0,0,0
163481903,163291906,17763993291687,0.014078337,0.11018948,0.13865711,0,0.18398964,0.16529362,0.111891985,0.47800988,0.10819358,0.06717341,nan,nan,0.05639666,0.0,4259850,4325386,4028193,527633,49.550877,47.69263,0.4529808,0.49907503,0,831,1,2,1,3,1,0,0,0,0,0,0,0,0
163681419,163491416,17763993291687,0.013056266,0.093355015,0.13264744,0,0.18402275,0.16535465,0.082994215,0.48970193,0.11619567,0.06916131,nan,nan,0.04920331,0.0,4259850,4325386,4028193,527633,55.070072,47.69263,0.46013594,0.49907503,0,831,1,2,1,3,1,0,0,0,0,0,0,0,0
163880878,163690927,17763993291687,0.013361823,0.1026495,0.14685307,0,0.18398778,0.16521114,0.11407898,0.5290262,0.12193203,0.07066954,nan,nan,0.038094714,0.0,4259850,4325386,4028193,527633,49.606316,47.69263,0.4627198,0.49907503,0,831,1,2,1,3,1,0,0,0,1,0,0,0,0
164080340,163890435,17763993291687,0.009294629,0.028689792,0.05189867,0,0.190848,0.16902964,0.16863099,0.5111821,0.12442837,0.06943964,nan,nan,0.03326273,0.0,4259850,4325386,4028193,527633,47.163097,47.69263,0.4601225,0.49907503,0,831,1,2,1,3,1,0,0,0,1,0,0,0,0
164279858,164089947,17763993291687,0.009981713,0.073403805,0.10533689,0,0.18380909,0.1650759,0.1646568,0.49694693,0.12187615,0.07091652,nan,nan,0.028959746,0.0,4259850,4325386,4028193,527633,49.53155,47.69263,0.47734722,0.49907503,0,831,1,2,1,3,1,0,0,0,0,0,0,0,0
164479502,164289458,17763993291687,0.009270507,0.07046266,0.09995839,0,0.1837801,0.16513969,0.13630441,0.5109508,0.12743053,0.07228621,nan,nan,0.023132008,0.0,4259850,4325386,4028193,527633,51.205616,47.69263,0.48696056,0.49907503,0,831,1,2,1,3,1,0,0,0,1,0,0,0,0
164679040,164488965,17763993291687,0.008233659,0.05976786,0.090487175,0,0.18361628,0.16493644,0.18548924,0.5068746,0.12879983,0.072990105,nan,nan,0.017472882,0.0,4259850,4325386,4028193,527633,45.004654,47.69263,0.52844125,0.49907503,0,831,1,2,1,3,1,0,0,0,1,0,0,0,0
164878536,164688475,17763993291687,0.009078149,0.0748712,0.109354354,0,0.18349679,0.16491431,0.21501498,0.54295343,0.13010556,0.072232164,nan,nan,0.0045846323,0.0,4259850,4325386,4028193,527633,46.46798,47.69263,0.475661,0.49907503,0,831,1,2,1,3,1,0,0,0,1,0,0,0,0
165077813,164887984,17763993291687,0.0070273285,0.01940161,0.026517814,0,0.19021982,0.168714,0.22382794,0.52009475,0.13292207,0.07096643,nan,nan,0.02279949,0.0,4259850,4325386,4028193,527633,46.869457,47.69263,0.4906368,0.49907503,0,831,1,2,1,3,1,0,0,0,1,0,0,0,0
165277525,165087494,17763993291687,0.008040904,0.06387306,0.087674,0,0.18313737,0.16466248,0.19268622,0.5428762,0.1249736,0.07047534,nan,nan,0.035174772,0.0,4259850,4325386,4028193,527633,48.831562,47.69263,0.4863614,0.49907503,0,831,1,2,1,3,1,0,0,0,1,0,0,0,0
165476826,165287004,17763993291687,0.0074852924,0.056896046,0.07774174,0,0.18306848,0.16468404,0.19686383,0.5399833,0.13038929,0.07008275,nan,nan,0.043387547,0.0,4259850,4325386,4028193,527633,47.20327,47.69263,0.48038238,0.49907503,0,831,1,2,1,3,1,0,0,0,1,0,0,0,0
165676595,165486513,17763993291687,0.0070836875,0.055799052,0.078325264,0,0.18291749,0.16445921,0.15012126,0.5507612,0.13424827,0.07067803,nan,nan,0.0395819,0.0,4259850,4325386,4028193,527633,49.0325,47.69263,0.5050292,0.49907503,0,831,1,2,1,3,1,0,0,0,1,0,0,0,0
165876041,165686023,17763993291687,0.0053347335,0.024187038,0.036498368,0,0.18950869,0.16818362,0.13184202,0.5355041,0.13587719,0.0704465,nan,nan,0.023497483,0.0,4259850,4325386,4028193,527633,46.629005,47.69263,0.5193384,0.49907503,0,831,1,2,1,3,1,0,0,0,1,0,0,0,0
166075366,165885532,17763993291687,0.005207342,0.022968221,0.028423548,0,0.18940182,0.1679943,0.1339073,0.53777665,0.13998446,0.06911332,nan,nan,0.028036637,0.0,4259850,4325386,4028193,527633,44.84391,47.69263,0.5007404,0.49907503,0,831,1,2,1,3,1,0,0,0,1,0,0,0,0
166275066,166085042,17763993291687,0.0057897572,0.048452448,0.062728204,0,0.18243726,0.16411085,0.14269987,0.508433,0.13342147,0.06581862,nan,nan,0.048055414,0.0,4259850,4325386,4028193,527633,46.15219,47.69263,0.50071764,0.49907503,0,831,1,2,1,3,1,0,0,0,1,0,0,0,0
166474572,166284551,17763993291687,0.0062011695,0.052050535,0.06978654,0,0.18234527,0.16390868,0.112826385,0.5079126,0.13622785,0.06558231,nan,nan,0.04856373,0.0,4259850,4325386,4028193,527633,49.98832,47.69263,0.52376854,0.49907503,0,831,1,2,1,3,1,0,0,0,1,0,0,0,0
166674104,166484061,17763993291687,0.0076704808,0.039496765,0.05338699,0,0.18216002,0.16382568,0.122737534,0.50976944,0.14056404,0.06676397,nan,nan,0.064504705,0.0,4259850,4325386,4028193,527633,45.506622,47.69263,0.53772223,0.49907503,0,831,1,2,1,3,1,0,0,0,1,0,0,0,0
166873628,166683570,17763993291687,0.0078084613,0.03673041,0.056377817,0,0.18206874,0.16360351,0.120338514,0.46889043,0.1422286,0.06497984,nan,nan,0.09099941,0.0,4259850,4325386,4028193,527633,44.83429,47.69263,0.51122975,0.49907503,0,831,1,2,1,3,1,0,0,0,0,0,0,0,0
167072900,166883079,17763993291687,0.00610876,0.05286106,0.08007619,0,0.18857858,0.167277,0.13772322,0.4478812,0.14262104,0.06425478,nan,nan,0.09686099,0.0,4259850,4325386,4028193,527633,47.52911,47.69263,0.53636086,0.49907503,0,831,1,2,1,3,1,0,0,0,0,0,0,0,0
167272825,167082588,17763993291687,0.0064688325,0.06171542,0.09206166,0,0.1816837,0.16318433,0.16466497,0.37202623,0.13362251,0.06525805,nan,nan,0.08490095,0.0,4259850,4325386,4028193,527633,47.404747,47.69263,0.5216171,0.49907503,0,831,1,2,1,3,1,0,0,0,0,0,0,0,0
167482131,167292073,17763993291687,0.007814707,0.049069773,0.07617742,0,0.18226145,0.16352764,0.1590267,0.3719534,0.13542153,0.06636498,nan,nan,0.073841065,0.0,4259850,4325386,4028193,527633,47.018024,47.69263,0.5065179,0.49907503,0,831,1,2,1,3,1,0,0,0,0,0,0,0,0
167681438,167491583,17763993291687,0.009544347,0.061553303,0.08449979,0,0.18209967,0.16324356,0.13623507,0.36811364,0.133573,0.06739657,nan,nan,0.064205244,0.0,4259850,4325386,4028193,527633,48.642815,47.69263,0.5025372,0.49907503,0,831,1,2,1,3,1,0,0,0,0,0,0,0,0
167880917,167691091,17763993291687,0.009747008,0.042407133,0.06034635,0,0.18202472,0.1631769,0.10443991,0.3581079,0.13228983,0.06860595,nan,nan,0.04908514,0.0,4259850,4325386,4028193,527633,51.41565,47.69263,0.5046638,0.49907503,0,831,1,2,1,3,1,0,0,0,0,0,0,0,0
168080447,167890601,17763993291687,0.0068073883,0.048325807,0.0806191,0,0.18868102,0.16663289,0.103283435,0.354818,0.1321111,0.07000068,nan,nan,0.04584674,0.0,4259850,4325386,4028193,527633,51.06607,47.69263,0.49035704,0.49907503,0,831,1,2,1,3,1,0,0,0,0,0,0,0,0
168279925,168090110,17763993291687,0.009938061,0.03764755,0.055543244,0,0.18167053,0.16273218,0.12157701,0.330116,0.123273164,0.06783816,nan,nan,0.046983212,0.0,4259850,4325386,4028193,527633,50.929268,47.69263,0.4762258,0.49907503,0,831,1,2,1,3,1,0,0,0,0,0,0,0,0
168479473,168289619,17763993291687,0.0075080125,0.0428797,0.06168349,0,0.18163702,0.162492,0.17214274,0.2860722,0.12460068,0.068523124,nan,nan,0.05468003,0.0,4259850,4325386,4028193,527633,51.96966,47.69263,0.46741876,0.49907503,0,831,1,2,1,3,1,0,0,0,0,0,0,0,0
168679024,168489128,17763993291687,0.00783071,0.060284648,0.08656231,0,0.18151024,0.1623894,0.20688725,0.25250736,0.12330455,0.069459066,nan,nan,0.051585935,0.0,4259850,4325386,4028193,527633,52.24814,47.69263,0.46851805,0.49907503,0,831,1,2,1,3,1,0,0,0,0,0,0,0,0
168878644,168688637,17763993291687,0.0061705527,0.06441572,0.093897685,0,0.18147182,0.16234219,0.24733905,0.21462595,0.11935104,0.067955784,nan,nan,0.044473812,0.0,4259850,4325386,4028193,527633,54.672012,47.69263,0.4485602,0.49907503,0,831,1,2,1,3,1,0,0,0,0,0,0,0,0
169077979,168888146,17763993291687,0.0021327485,0.08164857,0.11884645,0,0.1883863,0.16583046,0.28065014,0.19563696,0.11674395,0.06655805,nan,nan,0.035861984,0.0,4259850,4325386,4028193,527633,53.485065,47.69263,0.45885766,0.49907503,0,831,1,2,1,3,1,0,0,0,0,0,0,0,0
169277667,169087655,17763993291687,0.0043162787,0.1106198,0.14129233,0,0.18119523,0.16196929,0.33378735,0.22774622,0.0959043,0.06376433,nan,nan,0.03160838,0.0,4259850,4325386,4028193,527633,53.21305,47.69263,0.45545083,0.49907503,0,831,1,2,1,3,1,0,0,0,0,0,0,0,0
169477175,169287164,17763993291687,0.005821043,0.116815105,0.14980283,0,0.18124056,0.16180813,0.3706033,0.20365973,0.087702475,0.06390673,nan,nan,0.049644515,0.0,4259850,4325386,4028193,527633,54.219017,47.69263,0.4627837,0.49907503,0,831,1,2,1,3,1,0,0,0,0,0,0,0,0
169676759,169486673,17763993291687,0.005067339,0.102444984,0.13981691,0,0.18117319,0.16178586,0.37659726,0.18148777,0.080490015,0.06543488,nan,nan,0.061056536,0.0,4259850,4325386,4028193,527633,53.053806,47.69263,0.45033893,0.49907503,0,831,1,2,1,3,1,0,0,0,0,0,0,0,0
169876215,169686182,17763993291687,0.0034039577,0.08953823,0.12575302,0,0.18119219,0.16167393,0.37721217,0.18152298,0.07418539,0.064193174,nan,nan,0.065614074,0.0,4259850,4325386,4028193,527633,53.83939,47.69263,0.44027492,0.49907503,0,831,1,2,1,3,1,0,0,0,0,0,0,0,0
170075528,169885691,17763993291687,0.002439163,0.08644924,0.1288053,0,0.18807097,0.16543257,0.3480096,0.16575429,0.070404276,0.06700006,nan,nan,0.057640128,0.0,4259850,4325386,4028193,527633,54.521526,47.69263,0.44701156,0.49907503,0,831,1,2,1,3,1,0,0,0,0,0,0,0,0
170275216,170085200,17763993291687,0.0043661934,0.10075793,0.13953182,0,0.18097746,0.16154197,0.306002,0.18164651,0.056836545,0.0632297,nan,nan,0.038658883,0.0,4259850,4325386,4028193,527633,55.996372,47.69263,0.44981834,0.49907503,0,831,1,2,1,3,1,0,0,0,0,0,0,0,0
170474728,170284709,17763993291687,0.0053391405,0.11309896,0.15058586,0,0.18105927,0.16169825,0.26170686,0.20389548,0.05143761,0.060416415,nan,nan,0.017448263,0.0,4259850,4325386,4028193,527633,54.23556,47.69263,0.45938614,0.49907503,0,831,1,2,1,3,1,0,0,0,0,0,0,0,0
170674263,170484218,17763993291687,0.008427082,0.1319171,0.17134494,0,0.18099108,0.1616369,0.23409458,0.19911426,0.044984426,0.060511686,nan,nan,0.020739837,0.0,4259850,4325386,4028193,527633,57.24071,47.69263,0.48301613,0.49907503,0,831,1,2,1,3,1,0,0,0,0,0,0,0,0
170873547,170683727,17763993291687,0.009474576,0.14069983,0.1824575,0,0.18102261,0.1618254,0.21294907,0.24314366,0.03959036,0.059829816,nan,nan,0.039922237,0.0,4259850,4325386,4028193,527633,53.596626,47.69263,0.44949332,0.49907503,0,831,1,2,1,3,1,0,0,0,0,0,0,0,0
171073302,170883235,17763993291687,0.00809002,0.11624786,0.1632444,0,0.18778828,0.16551156,0.18588066,0.27988973,0.036188163,0.058891863,nan,nan,0.05077137,0.0,4259850,4325386,4028193,527633,54.59033,47.69263,0.4526655,0.49907503,0,831,1,2,1,3,1,0,0,0,0,0,0,0,0
171272557,171082744,17763993291687,0.010728398,0.16639298,0.22668938,0,0.18088816,0.16194199,0.18029083,0.37660345,0.020468494,0.059958547,nan,nan,0.047414035,0.0,4259850,4325386,4028193,527633,54.004173,47.69263,0.46360424,0.49907503,0,831,1,2,1,3,1,0,0,0,0,0,0,0,0
171472267,171282253,17763993291687,0.009191912,0.13509221,0.19470753,0,0.18091087,0.16210003,0.1617492,0.35291514,0.016167732,0.059150435,nan,nan,0.04104185,0.0,4259850,4325386,4028193,527633,51.63858,47.69263,0.4521075,0.49907503,0,831,1,2,1,3,1,0,0,0,0,0,0,0,0
171681565,171491737,17763993291687,0.006986709,0.112572424,0.1686244,0,0.18148993,0.16246429,0.13861683,0.3487622,0.011677249,0.060509413,nan,nan,0.030895207,0.0,4259850,4325386,4028193,527633,54.561424,47.69263,0.45461637,0.49907503,0,831,1,2,1,3,1,0,0,0,0,0,0,0,0
171881095,171691246,17763993291687,0.005351287,0.10336522,0.15590085,0,0.18146403,0.16245314,0.13494544,0.35027343,0.011034278,0.063258335,nan,nan,0.007052466,0.0,4259850,4325386,4028193,527633,54.47228,47.69263,0.46391296,0.49907503,0,831,1,2,1,3,1,0,0,0,0,0,0,0,0
172080659,171890754,17763993291687,0.002958537,0.0589138,0.09400688,0,0.18807627,0.16627386,0.12392322,0.3303218,0.018115874,0.063841105,nan,nan,0.012224811,0.0,4259850,4325386,4028193,527633,56.48262,47.69263,0.47014752,0.49907503,0,831,1,2,1,3,1,0,0,0,0,0,0,0,0
172280494,172090263,17763993291687,0.003929021,0.09475711,0.13917346,0,0.18729693,0.16595203,0.12917905,0.36312917,0.052786045,0.066871606,nan,nan,0.009191844,0.0,4259850,4325386,4028193,527633,54.077816,47.69263,0.46862647,0.49907503,0,831,1,2,1,3,1,0,0,0,0,0,0,0,0
172479836,172289772,17763993291687,0.0049540703,0.097323135,0.14224231,0,0.1864409,0.16571634,0.14693072,0.374952,0.05486119,0.06600277,nan,nan,0.021976752,0.0,4259850,4325386,4028193,527633,55.492443,47.69263,0.46930283,0.49907503,0,831,1,2,1,3,1,0,0,0,0,0,0,0,0
172679297,172489280,17763993291687,0.006155888,0.101885475,0.14713928,0,0.18564808,0.16547927,0.13055767,0.37772635,0.057745334,0.064601965,nan,nan,0.018304503,0.0,4259850,4325386,4028193,527633,55.373283,47.69263,0.46328768,0.49907503,0,831,1,2,1,3,1,0,0,0,0,0,0,0,0
172878828,172688788,17763993291687,0.0066461554,0.08791584,0.12965366,0,0.18500012,0.16512834,0.115657754,0.36206225,0.059547905,0.0668198,nan,nan,0.002248745,0.0,4259850,4325386,4028193,527633,56.50508,47.69263,0.45979512,0.49907503,0,831,1,2,1,3,1,0,0,0,0,0,0,0,0
173078186,172888297,17763993291687,0.0058663115,0.049674746,0.06921565,0,0.19139759,0.16880114,0.19035813,0.36059222,0.060489446,0.069105715,nan,nan,0.022478256,0.0,4259850,4325386,4028193,527633,56.152805,47.69263,0.45520923,0.49907503,0,831,1,2,1,3,1,0,0,0,0,0,0,0,0
173278025,173087806,17763993291687,0.007648383,0.08358872,0.10776605,0,0.19011354,0.16819905,0.19460332,0.31901836,0.07735721,0.07112664,nan,nan,0.028448291,0.0,4259850,4325386,4028193,527633,58.69397,47.69263,0.47401384,0.49907503,0,831,1,2,1,3,1,0,0,0,0,0,0,0,0
173477364,173287314,17763993291687,0.007948033,0.06603737,0.08709925,0,0.18884505,0.16771594,0.19674397,0.31972817,0.074282594,0.067062326,nan,nan,0.029003063,0.0,4259850,4325386,4028193,527633,61.310528,47.69263,0.45219073,0.49907503,0,831,1,2,1,3,1,0,0,0,0,0,0,0,0
173676647,173486823,17763993291687,0.004500003,0.020673553,0.04608373,0,0.19510368,0.17107138,0.2459769,0.29766494,0.075494416,0.066978425,nan,nan,0.04119954,0.0,4259850,4325386,4028193,527633,55.509922,47.69263,0.4328806,0.49907503,0,831,1,2,1,3,1,0,0,0,0,0,0,0,0
173876345,173686331,17763993291687,0.004172921,0.04029585,0.062398434,0,0.18672156,0.1666526,0.23675992,0.2846334,0.07355734,0.06201763,nan,nan,0.057482857,0.0,4259850,4325386,4028193,527633,53.429398,47.69263,0.4124275,0.49907503,0,831,1,2,1,3,1,0,0,0,0,0,0,0,0
174075707,173885839,17763993291687,0.0035000832,0.025564466,0.033559173,0,0.1929965,0.17002182,0.20517099,0.28431982,0.07171409,0.059757225,nan,nan,0.07060907,0.0,4259850,4325386,4028193,527633,58.655647,47.69263,0.44118816,0.49907503,0,831,1,2,1,3,1,0,0,0,0,0,0,0,0
174275362,174085348,17763993815975,0.0042548464,0.01059004,0.0116516575,0,0.19150713,0.16944575,0.2053496,0.23665024,0.089722864,0.059107162,0.7741117,nan,0.06283343,0.0,4259850,4325386,4028193,527633,57.779915,47.69263,0.44959268,0.49907503,0,831,1,2,1,3,1,0,0,0,0,0,0,0,0
174475244,174284856,17763993291687,0.0035722398,0.017890023,0.027371582,0,0.19005463,0.16865176,0.17928179,0.21365435,0.078720905,0.058011223,nan,nan,0.058082316,0.0,4259850,4325386,4028193,527633,53.495735,47.69263,0.45212477,0.49907503,0,831,1,2,1,3,1,0,0,0,0,0,0,0,0
174674393,174484365,17763993291687,0.0033831063,0.035328507,0.049355622,0,0.18883838,0.16810429,0.17420748,0.20752953,0.07119512,0.05638729,nan,nan,0.05280329,0.0,4259850,4325386,4028193,527633,61.43358,47.69263,0.45151022,0.49907503,0,831,1,2,1,3,1,0,0,0,0,0,0,0,0
174873963,174683873,17763993291687,0.0021176073,0.04487329,0.066045694,0,0.18787529,0.16747405,0.23976655,0.1769393,0.06482248,0.05652691,nan,nan,0.05254059,0.0,4259850,4325386,4028193,527633,55.70573,47.69263,0.44119278,0.49907503,0,831,1,2,1,3,1,0,0,0,0,0,0,0,0
175073190,174883381,17763993291687,0.0019149539,0.04084819,0.0643288,0,0.19427355,0.17099665,0.25426504,0.17922306,0.062477715,0.05365585,nan,nan,0.076068245,0.0,4259850,4325386,4028193,527633,59.046318,47.69263,0.44137353,0.49907503,0,831,1,2,1,3,1,0,0,0,0,0,0,0,0
175272920,175082889,17763993291687,0.0010329795,0.06439332,0.08832703,0,0.18610622,0.16668463,0.20486467,0.17431033,0.06856393,0.05513574,nan,nan,0.08026895,0.0,4259850,4325386,4028193,527633,57.7972,47.69263,0.44893852,0.49907503,0,831,1,2,1,3,1,0,0,0,0,0,0,0,0
175472468,175282398,17763993291687,0.0014226151,0.0659793,0.09381513,0,0.192537,0.17003888,0.19513778,0.22898276,0.06529786,0.05363351,nan,nan,0.073548354,0.0,4259850,4325386,4028193,527633,58.054535,47.69263,0.4539428,0.49907503,0,831,1,2,1,3,1,0,0,0,0,0,0,0,0
175671728,175481906,17763993291687,0.00083578116,0.058865707,0.08783566,0,0.19187532,0.16979373,0.17751324,0.1792665,0.05948896,0.058051016,nan,nan,0.06625226,0.0,4259850,4325386,4028193,527633,59.113605,47.69263,0.45402494,0.49907503,0,831,1,2,1,3,1,0,0,0,0,0,0,0,0
175881240,175691390,17763993291687,0.002122631,0.06644995,0.098630756,0,0.1919182,0.16977133,0.14467514,0.16155724,0.053753313,0.058173843,nan,nan,0.0684954,0.0,4259850,4325386,4028193,527633,53.858135,47.69263,0.44659838,0.49907503,0,831,1,2,1,3,1,0,0,0,0,0,0,0,0
176080774,175890897,17763993291687,0.0032369758,0.07369362,0.10530522,0,0.19134228,0.16936442,0.11172612,0.20731278,0.050220493,0.05942814,nan,nan,0.06920245,0.0,4259850,4325386,4028193,527633,52.3149,47.69263,0.44275028,0.49907503,0,831,1,2,1,3,1,0,0,0,0,0,0,0,0
176280538,176090405,17763993291687,0.0044695367,0.08867788,0.12044705,0,0.19037701,0.16903937,0.13810429,0.16188982,0.069154575,0.06414136,nan,nan,0.06554179,0.0,4259850,4325386,4028193,527633,60.64228,47.69263,0.46003473,0.49907503,0,831,1,2,1,3,1,0,0,0,0,0,0,0,0
176479963,176289914,17763993291687,0.0033628133,0.07609592,0.11359564,0,0.19683169,0.1726158,0.13497499,0.19686787,0.06321145,0.0662571,nan,nan,0.054358844,0.0,4259850,4325386,4028193,527633,52.81762,47.69263,0.4397533,0.49907503,0,831,1,2,1,3,1,0,0,0,0,0,0,0,0
176679246,176489422,17763993291687,0.0031411548,0.06811054,0.10439121,0,0.19567803,0.17205907,0.111677766,0.20481879,0.053223137,0.06672683,nan,nan,0.056149602,0.0,4259850,4325386,4028193,527633,52.5079,47.69263,0.44058293,0.49907503,0,831,1,2,1,3,1,0,0,0,0,0,0,0,0
176878915,176688930,17763993291687,0.002627834,0.058386654,0.09449382,0,0.19457479,0.17169103,0.11336342,0.17947447,0.04420803,0.070757285,nan,nan,0.05581059,0.0,4259850,4325386,4028193,527633,57.161255,47.69263,0.44946173,0.49907503,0,831,1,2,1,3,1,0,0,0,0,0,0,0,0
177078573,176888438,17763993291687,0.0025809438,0.05394634,0.087872215,0,0.19358926,0.17112978,0.10094307,0.18173549,0.03717256,0.07180349,nan,nan,0.06021037,0.0,4259850,4325386,4028193,527633,54.989925,47.69263,0.45078728,0.49907503,0,831,1,2,1,3,1,0,0,0,0,0,0,0,0
177278146,177087946,17763993291687,0.0034319968,0.06691092,0.09996596,0,0.19224995,0.17064622,0.078085005,0.20552011,0.050573964,0.07300698,nan,nan,0.081448086,0.0,4259850,4325386,4028193,527633,50.807186,47.69263,0.4410849,0.49907503,0,831,1,2,1,3,1,0,0,0,0,0,0,0,0
177477394,177287454,17763993291687,0.002934968,0.053414024,0.08101721,0,0.19855316,0.17396598,0.06651904,0.22840059,0.045590132,0.073121265,nan,nan,0.07629489,0.0,4259850,4325386,4028193,527633,54.356735,47.69263,0.43979764,0.49907503,0,831,1,2,1,3,1,0,0,0,0,0,0,0,0
177677093,177486962,17763993291687,0.00423222,0.07106593,0.10833534,0,0.18945806,0.16940114,0.06961807,0.19248809,0.031983193,0.078626245,nan,nan,0.06674381,0.0,4259850,4325386,4028193,527633,54.2236,47.69263,0.45474088,0.49907503,0,831,1,2,1,3,1,0,0,0,0,0,0,0,0
177876531,177686470,17763993291687,0.0031457976,0.050015274,0.07611719,0,0.19567792,0.17268327,0.06983449,0.20119788,0.028765747,0.078749955,nan,nan,0.057965077,0.0,4259850,4325386,4028193,527633,53.16395,47.69263,0.44112176,0.49907503,0,831,1,2,1,3,1,0,0,0,0,0,0,0,0
178076006,177885978,17763993291687,0.003158562,0.043574076,0.073857106,0,0.19447498,0.17217343,0.07351759,0.19869421,0.021165628,0.08033398,nan,nan,0.05078764,0.0,4259850,4325386,4028193,527633,51.02861,47.69263,0.43349013,0.49907503,0,831,1,2,1,3,1,0,0,0,0,0,0,0,0
178275456,178085488,17763993291687,0.0031062288,0.034724485,0.05358528,0,0.20085318,0.17550144,0.09677768,0.2439189,0.050869767,0.080331564,nan,nan,0.06476733,0.0,4259850,4325386,4028193,527633,48.917645,47.69263,0.44769678,0.49907503,0,831,1,2,1,3,1,0,0,0,0,0,0,0,0
178475176,178284994,17763993291687,0.0032425844,0.044973437,0.0647972,0,0.19889073,0.17471601,0.093119286,0.24390015,0.03375499,0.08350569,nan,nan,0.07066429,0.0,4259850,4325386,4028193,527633,50.913525,47.69263,0.4754865,0.49907503,0,831,1,2,1,3,1,0,0,0,0,0,0,0,0
178674430,178484504,17763993291687,0.003357146,0.050455675,0.07409444,0,0.19735126,0.17384318,0.08614442,0.23904295,0.031890437,0.08653891,nan,nan,0.07148288,0.0,4259850,4325386,4028193,527633,50.87322,47.69263,0.47819835,0.49907503,0,831,1,2,1,3,1,0,0,0,0,0,0,0,0
178874011,178684010,17763993291687,0.0030386345,0.043395437,0.0695604,0,0.19584818,0.17316791,0.081992716,0.24298896,0.03113943,0.0878162,nan,nan,0.06260008,0.0,4259850,4325386,4028193,527633,51.309715,47.69263,0.4622002,0.49907503,0,831,1,2,1,3,1,0,0,0,0,0,0,0,0
179073335,178883518,17763993291687,0.0030830055,0.03896116,0.06355662,0,0.19460115,0.1725935,0.05685947,0.240554,0.04076933,0.087828994,nan,nan,0.056404408,0.0,4259850,4325386,4028193,527633,51.437237,47.69263,0.47241536,0.49907503,0,831,1,2,1,3,1,0,0,0,0,0,0,0,0
179273098,179083025,17763993291687,0.0021414773,0.012886342,0.025530845,0,0.2009606,0.17584495,0.054582722,0.30865288,0.03999614,0.08553171,nan,nan,0.05017153,0.0,4259850,4325386,4028193,527633,50.854828,47.69263,0.46871978,0.49907503,0,831,1,2,1,3,1,0,0,0,0,0,0,0,0
179472349,179282534,17763993291687,0.0029559517,0.026453687,0.047070917,0,0.1989806,0.17496668,0.1290136,0.2768308,0.054285802,0.09024147,nan,nan,0.044574726,0.0,4259850,4325386,4028193,527633,48.87106,47.69263,0.47656733,0.49907503,0,831,1,2,1,3,1,0,0,0,0,0,0,0,0
179671929,179482041,17763993291687,0.0036321566,0.03663044,0.05940586,0,0.19737934,0.17399327,0.14762709,0.27351943,0.062704474,0.09225365,nan,nan,0.045795742,0.0,4259850,4325386,4028193,527633,47.789055,47.69263,0.4826594,0.49907503,0,831,1,2,1,3,1,0,0,0,0,0,0,0,0
179871421,179681549,17763993291687,0.0035842385,0.038389016,0.056946978,0,0.1959538,0.17326123,0.18751547,0.26866895,0.06815213,0.093518116,nan,nan,0.04001203,0.0,4259850,4325386,4028193,527633,49.250004,47.69263,0.47251973,0.49907503,0,831,1,2,1,3,1,0,0,0,0,0,0,0,0
180080857,179891032,17763993291687,0.0029976428,0.030753622,0.05288605,0,0.19542284,0.17282572,0.1510129,0.26893282,0.06969209,0.096646145,nan,nan,0.034281693,0.0,4259850,4325386,4028193,527633,52.527283,47.69263,0.48170918,0.49907503,0,831,1,2,1,3,1,0,0,0,0,0,0,0,0
180280385,180090540,17763993291687,0.001841268,0.024001462,0.05577398,0,0.20167987,0.17623666,0.1457755,0.24436218,0.05919385,0.09930666,nan,nan,0.03354923,0.0,4259850,4325386,4028193,527633,48.9053,47.69263,0.46218273,0.49907503,0,831,1,2,1,3,1,0,0,0,0,0,0,0,0
180479862,180290048,17763993291687,0.0028736992,0.021908283,0.044099208,0,0.19968173,0.17511946,0.16995329,0.26608178,0.064840645,0.09715474,nan,nan,0.042624965,0.0,4259850,4325386,4028193,527633,47.603893,47.69263,0.48756868,0.49907503,0,831,1,2,1,3,1,0,0,0,0,0,0,0,0
180679602,180489556,17763993291687,0.004561463,0.063735716,0.09412874,0,0.19044763,0.1701125,0.15709026,0.2937086,0.07269921,0.09446992,nan,nan,0.0373568,0.0,4259850,4325386,4028193,527633,48.9219,47.69263,0.482132,0.49907503,0,831,1,2,1,3,1,0,0,0,0,0,0,0,0
180879060,180689063,17763993291687,0.002903296,0.01906774,0.03363919,0,0.19649032,0.17328146,0.12505011,0.27001682,0.071481176,0.09325398,nan,nan,0.020610694,0.0,4259850,4325386,4028193,527633,50.08845,47.69263,0.49301237,0.49907503,0,831,1,2,1,3,1,0,0,0,0,0,0,0,0
181078382,180888571,17763993291687,0.0025933222,0.016364172,0.03405819,0,0.195227,0.17259152,0.10801736,0.27945235,0.071986035,0.0925744,nan,nan,0.028429594,0.0,4259850,4325386,4028193,527633,49.87131,47.69263,0.48554984,0.49907503,0,831,1,2,1,3,1,0,0,0,0,0,0,0,0
181277921,181088079,17763993291687,0.0016652903,0.029390866,0.066224016,0,0.20147526,0.1757827,0.1106738,0.25824288,0.06362255,0.09188284,nan,nan,0.03333924,0.0,4259850,4325386,4028193,527633,49.337917,47.69263,0.49330145,0.49907503,0,831,1,2,1,3,1,0,0,0,0,0,0,0,0
181477399,181287586,17763993291687,0.0026090562,0.01996186,0.05518271,0,0.19949055,0.1748634,0.096616544,0.28211308,0.07816309,0.087024,nan,nan,0.02904327,0.0,4259850,4325386,4028193,527633,47.811275,47.69263,0.46378022,0.49907503,0,831,1,2,1,3,1,0,0,0,0,0,0,0,0
181677172,181487094,17763993291687,0.003522377,0.036420353,0.059913408,0,0.19031855,0.16963494,0.09474668,0.26099965,0.09182922,0.07995023,nan,nan,0.025409037,0.0,4259850,4325386,4028193,527633,49.40376,47.69263,0.4918985,0.49907503,0,831,1,2,1,3,1,0,0,0,0,0,0,0,0
181876450,181686603,17763993291687,0.0030040662,0.021531397,0.03765258,0,0.19630007,0.172961,0.081030294,0.27310392,0.09146809,0.07876269,nan,nan,0.02502121,0.0,4259850,4325386,4028193,527633,49.822197,47.69263,0.50344324,0.49907503,0,831,1,2,1,3,1,0,0,0,0,0,0,0,0
182076138,181886109,17763993291687,0.0027778158,0.010717253,0.020658797,0,0.19509707,0.17204215,0.09525844,0.25803035,0.09043602,0.07594442,nan,nan,0.02440539,0.0,4259850,4325386,4028193,527633,48.3219,47.69263,0.50176203,0.49907503,0,831,1,2,1,3,1,0,0,0,0,0,0,0,0
182275451,182085617,17763993291687,0.0023689647,0.014990971,0.03637376,0,0.20150976,0.17540953,0.11346426,0.29566547,0.08020993,0.07457506,nan,nan,0.022445098,0.0,4259850,4325386,4028193,527633,48.931778,47.69263,0.47351798,0.49907503,0,831,1,2,1,3,1,0,0,0,0,0,0,0,0
182474976,182285125,17763993291687,0.002431011,0.01601315,0.026716564,0,0.19972491,0.17426422,0.1350229,0.26805404,0.09413704,0.073460214,nan,nan,0.022887835,0.0,4259850,4325386,4028193,527633,50.13821,47.69263,0.47772473,0.49907503,0,831,1,2,1,3,1,0,0,0,0,0,0,0,0
182674705,182484632,17763993291687,0.002628229,0.011603799,0.02245204,0,0.19039743,0.16923054,0.1373805,0.22822759,0.10080374,0.073231585,nan,nan,0.029104574,0.0,4259850,4325386,4028193,527633,52.481407,47.69263,0.5032465,0.49907503,0,831,1,2,1,3,1,0,0,0,0,0,0,0,0
182873956,182684140,17763993291687,0.0018797737,0.018411726,0.027948175,0,0.19664851,0.17259067,0.16874252,0.21920219,0.09937482,0.07277964,nan,nan,0.019846499,0.0,4259850,4325386,4028193,527633,52.52906,47.69263,0.47649384,0.49907503,0,831,1,2,1,3,1,0,0,0,0,0,0,0,0
183073459,182883647,17763993291687,0.0019030655,0.019882297,0.029421182,0,0.19533738,0.17161614,0.1643717,0.19698994,0.09531296,0.07263642,nan,nan,0.004111265,0.0,4259850,4325386,4028193,527633,50.756474,47.69263,0.47778684,0.49907503,0,831,1,2,1,3,1,0,0,0,0,0,0,0,0
183273371,183083155,17763993291687,0.0022711977,0.024228098,0.046060808,0,0.18700957,0.16691267,0.1719716,0.23628539,0.08754974,0.07125388,nan,nan,0.008820215,0.0,4259850,4325386,4028193,527633,50.79252,47.69263,0.48326692,0.49907503,0,831,1,2,1,3,1,0,0,0,0,0,0,0,0
183472472,183282662,17763993291687,0.0014314569,0.038786773,0.055307735,0,0.19334893,0.17013402,0.16543616,0.2319246,0.087837696,0.07244937,nan,nan,0.0036042975,0.0,4259850,4325386,4028193,527633,50.491234,47.69263,0.48635027,0.49907503,0,831,1,2,1,3,1,0,0,0,0,0,0,0,0
183672206,183482169,17763993291687,0.0017859082,0.041602388,0.059271958,0,0.18552156,0.16566013,0.16777855,0.20156716,0.08358786,0.07348928,nan,nan,0.06628845,0.0,4259850,4325386,4028193,527633,53.675358,47.69263,0.47816452,0.49907503,0,831,1,2,1,3,1,0,0,0,0,0,0,0,0
183871515,183681677,17763993291687,0.0011120428,0.027696786,0.047156043,0,0.19184494,0.16889954,0.18759263,0.19450653,0.07780521,0.07631428,nan,nan,0.07681931,0.0,4259850,4325386,4028193,527633,54.8061,47.69263,0.47067598,0.49907503,0,831,1,2,1,3,1,0,0,0,0,0,0,0,0
184071065,183881184,17763993291687,0.001537005,0.04404998,0.06621883,0,0.19116752,0.16843632,0.20746328,0.16657291,0.07245929,0.07670806,nan,nan,0.08157948,0.0,4259850,4325386,4028193,527633,54.09953,47.69263,0.47389984,0.49907503,0,831,1,2,1,3,1,0,0,0,0,0,0,0,0
184280690,184090667,17763993291687,0.0019228981,0.036131967,0.05780441,0,0.18442056,0.16440153,0.22522064,0.23371832,0.062267557,0.07732963,nan,nan,0.08274815,0.0,4259850,4325386,4028193,527633,53.57849,47.69263,0.47069433,0.49907503,0,831,1,2,1,3,1,0,0,0,0,0,0,0,0
184480196,184290174,17763993291687,0.0016250621,0.025112798,0.04372669,0,0.18400583,0.164065,0.23234494,0.20492093,0.05913188,0.07640207,nan,nan,0.09830231,0.0,4259850,4325386,4028193,527633,52.7069,47.69263,0.46403855,0.49907503,0,831,1,2,1,3,1,0,0,0,0,0,0,0,0
184679693,184489681,17763993291687,0.0014337304,0.024805233,0.03944534,0,0.18368788,0.16360442,0.22463621,0.17197265,0.058829207,0.07665337,nan,nan,0.10523084,0.0,4259850,4325386,4028193,527633,54.531555,47.69263,0.45783627,0.49907503,0,831,1,2,1,3,1,0,0,0,0,0,0,0,0
184879404,184689189,17763993291687,0.0014304927,0.026744757,0.040850345,0,0.18341914,0.1633951,0.23520748,0.15347567,0.05569944,0.0770914,nan,nan,0.108125925,0.0,4259850,4325386,4028193,527633,54.022785,47.69263,0.44288337,0.49907503,0,831,1,2,1,3,1,0,0,0,0,0,0,0,0
185078543,184888696,17763993291687,0.0014888844,0.026822845,0.047148883,0,0.18980817,0.16675144,0.23062125,0.17020802,0.054404303,0.0768671,nan,nan,0.10910838,0.0,4259850,4325386,4028193,527633,54.439556,47.69263,0.46289435,0.49907503,0,831,1,2,1,3,1,0,0,0,0,0,0,0,0
185278219,185088203,17763993291687,0.0022134152,0.029735386,0.04463474,0,0.18286528,0.16282503,0.226697,0.13653114,0.04776656,0.07684869,nan,nan,0.10287837,0.0,4259850,4325386,4028193,527633,52.179333,47.69263,0.45758468,0.49907503,0,831,1,2,1,3,1,0,0,0,0,0,0,0,0
185477755,185287711,17763993291687,0.0023314904,0.029461153,0.041851036,0,0.18273439,0.16250156,0.21576022,0.17553104,0.047070984,0.07566841,nan,nan,0.10665721,0.0,4259850,4325386,4028193,527633,54.507412,47.69263,0.45555517,0.49907503,0,831,1,2,1,3,1,0,0,0,0,0,0,0,0
185677224,185487218,17763993291687,0.0025559426,0.03431291,0.04671334,0,0.18261763,0.16239007,0.19510216,0.15576705,0.044072784,0.07349973,nan,nan,0.111083426,0.0,4259850,4325386,4028193,527633,54.659817,47.69263,0.45475623,0.49907503,0,831,1,2,1,3,1,0,0,0,0,0,0,0,0
185876778,185686725,17763993291687,0.0031459234,0.04112334,0.058168907,0,0.18256263,0.16216761,0.1866295,0.16313252,0.041992754,0.07269748,nan,nan,0.114153765,0.0,4259850,4325386,4028193,527633,54.22968,47.69263,0.45589396,0.49907503,0,831,1,2,1,3,1,0,0,0,0,0,0,0,0
186076041,185886232,17763993291687,0.0029933925,0.045142613,0.06757158,0,0.18906318,0.1657902,0.15484598,0.20361976,0.04109746,0.0733043,nan,nan,0.10572745,0.0,4259850,4325386,4028193,527633,53.700104,47.69263,0.4434724,0.49907503,0,831,1,2,1,3,1,0,0,0,0,0,0,0,0
186275971,186085739,17763993291687,0.0049297977,0.06302652,0.08518315,0,0.182316,0.16187327,0.17715287,0.21482459,0.04289164,0.07161711,nan,nan,0.09237874,0.0,4259850,4325386,4028193,527633,52.391132,47.69263,0.46350905,0.49907503,0,831,1,2,1,3,1,0,0,0,0,0,0,0,0
186475269,186285246,17763993291687,0.0039026032,0.0495655,0.07310863,0,0.18220533,0.16183166,0.16457975,0.1914854,0.042849135,0.069655694,nan,nan,0.08044486,0.0,4259850,4325386,4028193,527633,50.722324,47.69263,0.46748328,0.49907503,0,831,1,2,1,3,1,0,0,0,0,0,0,0,0
186674781,186484753,17763993291687,0.0015565394,0.035803992,0.05378567,0,0.18218815,0.16180664,0.13482821,0.15494645,0.041772794,0.06821757,nan,nan,0.070857026,0.0,4259850,4325386,4028193,527633,55.174904,47.69263,0.48217762,0.49907503,0,831,1,2,1,3,1,0,0,0,0,0,0,0,0
186874505,186684259,17763993291687,0.0013149803,0.027399803,0.04282743,0,0.18221366,0.16164936,0.12294253,0.15220006,0.041478448,0.067571156,nan,nan,0.054998312,0.0,4259850,4325386,4028193,527633,52.20857,47.69263,0.45504123,0.49907503,0,831,1,2,1,3,1,0,0,0,0,0,0,0,0
187073582,186883766,17763993291687,0.0022501568,0.036635403,0.057299506,0,0.18876876,0.1653126,0.15790398,0.17228532,0.04160696,0.06533134,nan,nan,0.047842473,0.0,4259850,4325386,4028193,527633,49.574875,47.69263,0.46721688,0.49907503,0,831,1,2,1,3,1,0,0,0,0,0,0,0,0
187273290,187083273,17763993291687,0.0021287135,0.045240223,0.06771605,0,0.18827939,0.1649579,0.19844154,0.11203791,0.04876503,0.065324455,nan,nan,0.041527502,0.0,4259850,4325386,4028193,527633,52.509033,47.69263,0.47827375,0.49907503,0,831,1,2,1,3,1,0,0,0,0,0,0,0,0
187472591,187282780,17763993291687,0.002045865,0.019934108,0.039004993,0,0.1948741,0.1685531,0.21965167,0.15739107,0.05165335,0.0664286,nan,nan,0.03992068,0.0,4259850,4325386,4028193,527633,55.14667,47.69263,0.47550195,0.49907503,0,831,1,2,1,3,1,0,0,0,0,0,0,0,0
187672097,187482287,17763993291687,0.0015434732,0.021700451,0.039780382,0,0.19408886,0.16811034,0.20358048,0.14564641,0.049446713,0.067962945,nan,nan,0.03097914,0.0,4259850,4325386,4028193,527633,49.504898,47.69263,0.46949163,0.49907503,0,831,1,2,1,3,1,0,0,0,0,0,0,0,0
187871669,187681794,17763993291687,0.0020564725,0.012781044,0.021508643,0,0.19331078,0.16783108,0.18838067,0.15157339,0.0486907,0.06799025,nan,nan,0.027479442,0.0,4259850,4325386,4028193,527633,46.83085,47.69263,0.49678615,0.49907503,0,831,1,2,1,3,1,0,0,0,0,0,0,0,0
188071233,187881300,17763993291687,0.002076968,0.016225109,0.020723188,0,0.19266237,0.16738108,0.14795858,0.13870254,0.046612628,0.0673275,nan,nan,0.02577024,0.0,4259850,4325386,4028193,527633,44.67497,47.69263,0.52918583,0.49907503,0,831,1,2,1,3,1,0,0,0,0,0,0,0,0
188270814,188080807,17763993291687,0.0047261547,0.042829305,0.048773948,0,0.19940403,0.17107815,0.14610158,0.31234106,0.076101646,0.065770864,nan,nan,0.04954568,0.0,4259850,4325386,4028193,527633,43.584362,47.69263,0.5121038,0.49907503,0,831,1,2,1,3,1,0,0,0,0,0,0,0,0
188480663,188290289,17763993291687,0.0069909897,0.08475093,0.09747383,0,0.19110587,0.16673195,0.23790866,0.23809215,0.056834664,0.06904943,nan,nan,0.12229147,0.0,4259850,4325386,4028193,527633,37.54478,47.69263,0.5603626,0.49907503,0,831,1,2,1,3,1,0,0,0,0,0,0,0,0
188679608,188489795,17763993291687,0.009277704,0.093963444,0.10665129,0,0.19758059,0.17039627,0.25584683,0.36404726,0.05299049,0.06968998,nan,nan,0.14461814,0.0,4259850,4325386,4028193,527633,40.62658,47.69263,0.55474865,0.49907503,0,831,1,2,1,3,1,0,0,0,0,0,0,0,0
188879333,188689302,17763993291687,0.014089351,0.13012859,0.13585797,0,0.18908249,0.16577391,0.24295072,0.30062374,0.04478227,0.06715094,nan,nan,0.16380876,0.0,4259850,4325386,4028193,527633,40.626236,47.69263,0.5377156,0.49907503,0,831,1,2,1,3,1,0,0,0,0,0,0,0,0
189078621,188888808,17763993291687,0.009625852,0.08769209,0.10957534,0,0.19545865,0.16943817,0.30071557,0.24935146,0.041474607,0.06639573,nan,nan,0.17631675,0.0,4259850,4325386,4028193,527633,40.18421,47.69263,0.57702595,0.49907503,0,831,1,2,1,3,1,0,0,0,0,0,0,0,0
189278487,189088315,17763993291687,0.014196523,0.15258656,0.17532803,0,0.1940972,0.16874403,0.3051233,0.42034978,0.067818,0.06341376,nan,nan,0.23328973,0.0,4259850,4325386,4028193,527633,37.27843,47.69263,0.5526375,0.49907503,0,831,1,2,1,3,1,0,0,0,0,0,0,0,0
189477956,189287821,17763993291687,0.017490037,0.16366479,0.18390852,0,0.19271134,0.16820857,0.3033501,0.35539436,0.0562865,0.061372176,nan,nan,0.25269306,0.0,4259850,4325386,4028193,527633,35.63712,47.69263,0.5679991,0.49907503,0,831,1,2,1,3,1,0,0,0,0,0,0,0,0
189677499,189487327,17763993291687,0.017277706,0.15881084,0.18962066,0,0.19160274,0.16758424,0.32255903,0.3494615,0.04567,0.060312193,nan,nan,0.27267933,0.0,4259850,4325386,4028193,527633,40.08023,47.69263,0.57896715,0.49907503,0,831,1,2,1,3,1,0,0,0,0,0,0,0,0
189877201,189686834,17763993291687,0.018055372,0.182546,0.21478935,0,0.19056422,0.16715406,0.35016173,0.4226928,0.036146883,0.05861697,nan,nan,0.28649643,0.0,4259850,4325386,4028193,527633,40.55046,47.69263,0.5613505,0.49907503,0,831,1,2,1,3,1,0,0,0,0,0,0,0,0
190076168,189886340,17763993291687,0.013681103,0.11516725,0.15095928,0,0.19696535,0.17096396,0.38140398,0.4312646,0.032597534,0.057659686,nan,nan,0.2924621,0.0,4259850,4325386,4028193,527633,38.84885,47.69263,0.5901394,0.49907503,0,831,1,2,1,3,1,0,0,0,0,0,0,0,0
190275982,190085846,17763993291687,0.012527399,0.12964694,0.18646482,0,0.19546597,0.17020932,0.4215627,0.490451,0.041703638,0.05182474,nan,nan,0.29090244,0.0,4259850,4325386,4028193,527633,38.166416,47.69263,0.56723064,0.49907503,0,831,1,2,1,3,1,0,0,0,0,0,0,0,0
190475496,190285352,17763993291687,0.011681727,0.12661953,0.18670936,0,0.19402732,0.1696374,0.4241775,0.4898291,0.03470145,0.046225976,nan,nan,0.28388697,0.0,4259850,4325386,4028193,527633,38.932655,47.69263,0.5727099,0.49907503,0,831,1,2,1,3,1,0,0,0,0,0,0,0,0
190675013,190484860,17763993291687,0.008905887,0.09404086,0.16348024,0,0.19278145,0.16896175,0.43324092,0.45899326,0.030478153,0.040789895,nan,nan,0.2773588,0.0,4259850,4325386,4028193,527633,43.330223,47.69263,0.53109205,0.49907503,0,831,1,2,1,3,1,0,0,0,0,0,0,0,0
190874390,190684364,17763993291687,0.004647561,0.04915988,0.10939265,0,0.19888932,0.17278045,0.43766728,0.44379282,0.028896512,0.04032197,nan,nan,0.27038178,0.0,4259850,4325386,4028193,527633,45.851887,47.69263,0.52335185,0.49907503,0,831,1,2,1,3,1,0,0,0,0,0,0,0,0
191074006,190883870,17763993291687,0.0040564416,0.039547104,0.092249624,0,0.19777635,0.17218204,0.42859083,0.46169022,0.024407454,0.03743165,nan,nan,0.2808221,0.0,4259850,4325386,4028193,527633,46.251804,47.69263,0.5328907,0.49907503,0,831,1,2,1,3,1,0,0,0,0,0,0,0,0
191283807,191093352,17763993815975,0.005162385,0.08418867,0.15691878,0,0.19673444,0.17194371,0.41055077,0.5160133,0.06988738,0.027577352,0.5069392,nan,0.29579127,0.0,4259850,4325386,4028193,527633,46.36378,47.69263,0.52683985,0.49907503,0,831,1,2,1,3,1,0,0,0,1,0,0,0,0
191483054,191292857,17763993291687,0.0063688518,0.10489828,0.1801145,0,0.19509089,0.17103809,0.39970377,0.5607063,0.058400627,0.021656329,nan,nan,0.28687677,0.0,4259850,4325386,4028193,527633,45.886154,47.69263,0.52487844,0.49907503,0,831,1,2,1,3,1,0,0,0,1,0,0,0,0
191682294,191492364,17763993291687,0.0074668596,0.107407354,0.18101183,0,0.19380118,0.17046268,0.39284274,0.5623865,0.058667887,0.023636565,nan,nan,0.28696427,0.0,4259850,4325386,4028193,527633,46.89402,47.69263,0.5341433,0.49907503,0,831,1,2,1,3,1,0,0,0,1,0,0,0,0
191881772,191691869,17763993291687,0.0086113075,0.11131723,0.18102604,0,0.19264473,0.1696841,0.38695332,0.5703115,0.062377438,0.025297485,nan,nan,0.27746135,0.0,4259850,4325386,4028193,527633,48.299007,47.69263,0.5283456,0.49907503,0,831,1,2,1,3,1,0,0,0,1,0,0,0,0
192081259,191891376,17763993291687,0.008604963,0.06709885,0.1160987,0,0.1990051,0.17357402,0.3915156,0.6155469,0.06534218,0.023823582,nan,nan,0.27193344,0.0,4259850,4325386,4028193,527633,49.242153,47.69263,0.54274833,0.49907503,0,831,1,2,1,3,1,0,0,0,1,0,0,0,0
192280818,192090881,17763993291687,0.01169644,0.13838977,0.19578797,0,0.19077323,0.16841604,0.37621376,0.591644,0.08498125,0.028017458,nan,nan,0.26416948,0.0,4259850,4325386,4028193,527633,50.430534,47.69263,0.5249106,0.49907503,0,831,1,2,1,3,1,0,0,0,1,0,0,0,0
192480217,192290387,17763993291687,0.013486365,0.16029514,0.20169573,0,0.190011,0.16792068,0.36520356,0.6289839,0.089030124,0.03147511,nan,nan,0.25663236,0.0,4259850,4325386,4028193,527633,50.381313,47.69263,0.5392444,0.49907503,0,831,1,2,1,3,1,0,0,0,1,0,0,0,0
192679910,192489892,17763993291687,0.013923006,0.13718344,0.17758209,0,0.1894343,0.16729201,0.34253553,0.6097844,0.09377774,0.036180697,nan,nan,0.25306123,0.0,4259850,4325386,4028193,527633,48.71127,47.69263,0.5432567,0.49907503,0,831,1,2,1,3,1,0,0,0,1,0,0,0,0
192879224,192689398,17763993291687,0.013753943,0.12464331,0.16472362,0,0.18888785,0.16682813,0.35066313,0.59541434,0.09837965,0.037757568,nan,nan,0.2550988,0.0,4259850,4325386,4028193,527633,50.10095,47.69263,0.5795211,0.49907503,0,831,1,2,1,3,1,0,0,0,1,0,0,0,0
193078820,192888904,17763993291687,0.010711238,0.053568937,0.08376955,0,0.19524556,0.17030495,0.31404528,0.57823974,0.10111141,0.03743036,nan,nan,0.26002792,0.0,4259850,4325386,4028193,527633,47.42097,47.69263,0.54950714,0.49907503,0,831,1,2,1,3,1,0,0,0,1,0,0,0,0
193278237,193088409,17763993291687,0.01247593,0.1157371,0.14069897,0,0.18790536,0.16572264,0.27563122,0.5054612,0.116051175,0.035475295,nan,nan,0.26218933,0.0,4259850,4325386,4028193,527633,47.597836,47.69263,0.5589502,0.49907503,0,831,1,2,1,3,1,0,0,0,1,0,0,0,0
193477770,193287915,17763993291687,0.013243404,0.11484068,0.12827465,0,0.18760964,0.16514571,0.22993752,0.5036684,0.118551016,0.035692174,nan,nan,0.25945723,0.0,4259850,4325386,4028193,527633,46.79323,47.69263,0.5593197,0.49907503,0,831,1,2,1,3,1,0,0,0,1,0,0,0,0
193677276,193487421,17763993291687,0.01334451,0.12671651,0.13021798,0,0.18729411,0.16474098,0.19126333,0.46893162,0.12026077,0.03589963,nan,nan,0.26751685,0.0,4259850,4325386,4028193,527633,47.257473,47.69263,0.568284,0.49907503,0,831,1,2,1,3,1,0,0,0,0,0,0,0,0
193876828,193686927,17763993291687,0.014040377,0.12339453,0.13004805,0,0.18701969,0.1643686,0.15584914,0.46534187,0.12297341,0.035661355,nan,nan,0.27688956,0.0,4259850,4325386,4028193,527633,44.30695,47.69263,0.57263994,0.49907503,0,831,1,2,1,3,1,0,0,0,0,0,0,0,0
194076456,193886432,17763993291687,0.010972423,0.08219102,0.10383773,0,0.19355468,0.16776076,0.19896105,0.44040814,0.12227634,0.035047602,nan,nan,0.28255212,0.0,4259850,4325386,4028193,527633,42.819687,47.69263,0.5428194,0.49907503,0,831,1,2,1,3,1,0,0,0,0,0,0,0,0
194275796,194085937,17763993291687,0.0129622305,0.105209395,0.13174227,0,0.18663368,0.16359703,0.23086943,0.42431125,0.1207545,0.032565318,nan,nan,0.28135717,0.0,4259850,4325386,4028193,527633,43.840347,47.69263,0.54446614,0.49907503,0,831,1,2,1,3,1,0,0,0,0,0,0,0,0
194475257,194285443,17763993291687,0.0113431,0.08443785,0.10911903,0,0.18660317,0.16325809,0.25906447,0.40295473,0.121290416,0.029979885,nan,nan,0.2695901,0.0,4259850,4325386,4028193,527633,40.927334,47.69263,0.55923516,0.49907503,0,831,1,2,1,3,1,0,0,0,0,0,0,0,0
194674884,194484948,17763993291687,0.009428001,0.06590097,0.08767142,0,0.1865671,0.16313694,0.26672748,0.3643682,0.12054997,0.02873322,nan,nan,0.2455611,0.0,4259850,4325386,4028193,527633,38.29168,47.69263,0.54037017,0.49907503,0,831,1,2,1,3,1,0,0,0,0,0,0,0,0
194874292,194684454,17763993291687,0.009453041,0.067348786,0.08354688,0,0.186601,0.16295172,0.23867552,0.36422348,0.120218605,0.025470957,nan,nan,0.23047127,0.0,4259850,4325386,4028193,527633,40.947224,47.69263,0.54470426,0.49907503,0,831,1,2,1,3,1,0,0,0,0,0,0,0,0
195073819,194883959,17763993291687,0.0066638417,0.054468606,0.08072972,0,0.1931785,0.16666144,0.21438093,0.37843645,0.11860456,0.02372555,nan,nan,0.2161871,0.0,4259850,4325386,4028193,527633,41.5141,47.69263,0.5474606,0.49907503,0,831,1,2,1,3,1,0,0,0,0,0,0,0,0
195273687,195083464,17763993291687,0.0058884267,0.05177423,0.08415711,0,0.18640329,0.16275413,0.19180608,0.33502358,0.11098091,0.023534013,nan,nan,0.20270045,0.0,4259850,4325386,4028193,527633,42.39214,47.69263,0.5364303,0.49907503,0,831,1,2,1,3,1,0,0,0,0,0,0,0,0
195482763,195292945,17763993291687,0.005981586,0.06695779,0.108044095,0,0.18712234,0.16330452,0.18615578,0.35677022,0.11465712,0.025628064,nan,nan,0.17399459,0.0,4259850,4325386,4028193,527633,42.574814,47.69263,0.5304308,0.49907503,0,831,1,2,1,3,1,0,0,0,0,0,0,0,0
195682266,195492450,17763993291687,0.0044213575,0.08978518,0.12857756,0,0.18708812,0.16325599,0.15420392,0.33503988,0.114808515,0.029268742,nan,nan,0.17010686,0.0,4259850,4325386,4028193,527633,42.17335,47.69263,0.5447639,0.49907503,0,831,1,2,1,3,1,0,0,0,0,0,0,0,0
195881781,195691956,17763993291687,0.004134389,0.13952887,0.17809735,0,0.18713191,0.1634576,0.16261816,0.29932052,0.11386885,0.03296882,nan,nan,0.16309232,0.0,4259850,4325386,4028193,527633,43.530704,47.69263,0.5482362,0.49907503,0,831,1,2,1,3,1,0,0,0,0,0,0,0,0
196081306,195891461,17763993291687,0.004788545,0.15231599,0.19921672,0,0.19380535,0.16722167,0.15339705,0.2891715,0.11273471,0.034178644,nan,nan,0.15042381,0.0,4259850,4325386,4028193,527633,43.14046,47.69263,0.547638,0.49907503,0,831,1,2,1,3,1,0,0,0,0,0,0,0,0
196281001,196090966,17763993291687,0.0061957575,0.19492848,0.24921452,0,0.18695207,0.16359119,0.1425847,0.2818972,0.09904984,0.041678313,nan,nan,0.117966734,0.0,4259850,4325386,4028193,527633,42.933773,47.69263,0.5326379,0.49907503,0,831,1,2,1,3,1,0,0,0,0,0,0,0,0
196480358,196290471,17763993291687,0.0052722455,0.1740938,0.239201,0,0.18692757,0.1635457,0.14715716,0.2811374,0.098243855,0.04283255,nan,nan,0.10954931,0.0,4259850,4325386,4028193,527633,43.918858,47.69263,0.5215265,0.49907503,0,831,1,2,1,3,1,0,0,0,0,0,0,0,0
196679796,196489976,17763993291687,0.004925599,0.18255056,0.26073498,0,0.18695666,0.16370195,0.135051,0.31239176,0.09440131,0.04651046,nan,nan,0.12089049,0.0,4259850,4325386,4028193,527633,44.499477,47.69263,0.51733744,0.49907503,0,831,1,2,1,3,1,0,0,0,0,0,0,0,0
196879326,196689481,17763993291687,0.0050827023,0.19186647,0.27101845,0,0.18685532,0.16359463,0.14021653,0.31543577,0.08718301,0.05190453,nan,nan,0.12926024,0.0,4259850,4325386,4028193,527633,47.819515,47.69263,0.49949703,0.49907503,0,831,1,2,1,3,1,0,0,0,0,0,0,0,0
197078804,196888986,17763993291687,0.0043964046,0.1624381,0.23354074,0,0.19343685,0.16745017,0.1285361,0.3054256,0.082343265,0.05511409,nan,nan,0.14110857,0.0,4259850,4325386,4028193,527633,48.148605,47.69263,0.49718928,0.49907503,0,831,1,2,1,3,1,0,0,0,0,0,0,0,0
197278339,197088491,17763993291687,0.0056838533,0.20162736,0.28478992,0,0.18657698,0.16346687,0.14180142,0.29521108,0.06623325,0.058351815,nan,nan,0.13996354,0.0,4259850,4325386,4028193,527633,48.470985,47.69263,0.4799564,0.49907503,0,831,1,2,1,3,1,0,0,0,0,0,0,0,0
197477809,197287996,17763993291687,0.0052420483,0.19062488,0.27106357,0,0.18639967,0.16346097,0.11892973,0.32182676,0.05818386,0.066412106,nan,nan,0.14503321,0.0,4259850,4325386,4028193,527633,50.04316,47.69263,0.5040561,0.49907503,0,831,1,2,1,3,1,0,0,0,0,0,0,0,0
197677515,197487501,17763993291687,0.0048860805,0.1822285,0.26542848,0,0.18633041,0.16348788,0.11243992,0.35940766,0.049951877,0.07086432,nan,nan,0.15993018,0.0,4259850,4325386,4028193,527633,51.905434,47.69263,0.4910036,0.49907503,0,831,1,2,1,3,1,0,0,0,0,0,0,0,0
197876854,197687006,17763993291687,0.0048034694,0.17092063,0.25465342,0,0.1861826,0.16327903,0.103929706,0.3837135,0.042027377,0.075326644,nan,nan,0.1993732,0.0,4259850,4325386,4028193,527633,49.442604,47.69263,0.48330817,0.49907503,0,831,1,2,1,3,1,0,0,0,0,0,0,0,0
198076358,197886512,17763993291687,0.0034637481,0.10958028,0.17168172,0,0.19259936,0.16704904,0.08686009,0.38935375,0.041416857,0.07755058,nan,nan,0.21893851,0.0,4259850,4325386,4028193,527633,51.449055,47.69263,0.49481866,0.49907503,0,831,1,2,1,3,1,0,0,0,0,0,0,0,0
198275828,198086016,17763993291687,0.005640437,0.16129743,0.23877355,0,0.18575351,0.16300018,0.08336137,0.4307411,0.04061676,0.082859725,nan,nan,0.22236654,0.0,4259850,4325386,4028193,527633,51.212982,47.69263,0.49874765,0.49907503,0,831,1,2,1,3,1,0,0,0,0,0,0,0,0
198475330,198285521,17763993291687,0.0061074886,0.1570441,0.22714193,0,0.1855754,0.16297376,0.07752571,0.49069673,0.044860765,0.085951656,nan,nan,0.22507383,0.0,4259850,4325386,4028193,527633,52.573845,47.69263,0.4958303,0.49907503,0,831,1,2,1,3,1,0,0,0,0,0,0,0,0
198674843,198485026,17763993291687,0.006032172,0.15209132,0.21572468,0,0.18550786,0.1628251,0.11391784,0.5041321,0.04925017,0.085926466,nan,nan,0.21535723,0.0,4259850,4325386,4028193,527633,52.20202,47.69263,0.49840584,0.49907503,0,831,1,2,1,3,1,0,0,0,1,0,0,0,0
198874545,198684531,17763993291687,0.0052742437,0.1252854,0.18877397,0,0.1853827,0.1627988,0.105773605,0.4857931,0.050195534,0.08528401,nan,nan,0.22018398,0.0,4259850,4325386,4028193,527633,51.75934,47.69263,0.4738222,0.49907503,0,831,1,2,1,3,1,0,0,0,0,0,0,0,0
199073850,198884036,17763993291687,0.003598913,0.0637395,0.10696104,0,0.19175118,0.16637439,0.11056701,0.46608347,0.050293963,0.08535428,nan,nan,0.22878753,0.0,4259850,4325386,4028193,527633,52.17703,47.69263,0.48602632,0.49907503,0,831,1,2,1,3,1,0,0,0,0,0,0,0,0
199273349,199083541,17763993291687,0.006209194,0.13504438,0.20367618,0,0.18513721,0.16260321,0.11891589,0.53581065,0.07931525,0.082538754,nan,nan,0.22901599,0.0,4259850,4325386,4028193,527633,51.127506,47.69263,0.47327444,0.49907503,0,831,1,2,1,3,1,0,0,0,1,0,0,0,0
199473091,199283045,17763993291687,0.006635294,0.12714095,0.19199003,0,0.18503724,0.16243003,0.1288824,0.5491601,0.08994186,0.08159927,nan,nan,0.21132857,0.0,4259850,4325386,4028193,527633,51.078735,47.69263,0.48775312,0.49907503,0,831,1,2,1,3,1,0,0,0,1,0,0,0,0
199682338,199492525,17763993291687,0.006822827,0.12693493,0.18801008,0,0.18560152,0.1628551,0.12497148,0.58580786,0.1014863,0.08190197,nan,nan,0.19200994,0.0,4259850,4325386,4028193,527633,49.1452,47.69263,0.49418178,0.49907503,0,831,1,2,1,3,1,0,0,0,1,0,0,0,0
199881861,199692030,17763993291687,0.006739465,0.12934346,0.1843935,0,0.1855028,0.16267458,0.12006479,0.5970807,0.11038046,0.081330866,nan,nan,0.17379694,0.0,4259850,4325386,4028193,527633,48.987823,47.69263,0.494565,0.49907503,0,831,1,2,1,3,1,0,0,0,1,0,0,0,0
200081352,199891535,17763993291687,0.0043216846,0.05220394,0.08584518,0,0.19193943,0.16642523,0.1134455,0.5558596,0.113521,0.08084174,nan,nan,0.15992162,0.0,4259850,4325386,4028193,527633,47.424965,47.69263,0.5030193,0.49907503,0,831,1,2,1,3,1,0,0,0,1,0,0,0,0
200281111,200091040,17763993291687,0.0061437143,0.082701534,0.1303922,0,0.18531929,0.16249594,0.1406223,0.56977916,0.13923997,0.07584024,nan,nan,0.13859607,0.0,4259850,4325386,4028193,527633,47.380093,47.69263,0.5269839,0.49907503,0,831,1,2,1,3,1,0,0,0,1,0,0,0,0
200480555,200290544,17763993291687,0.00542842,0.05387604,0.090899326,0,0.18530868,0.16252854,0.12684883,0.51187503,0.13900457,0.071881704,nan,nan,0.12789424,0.0,4259850,4325386,4028193,527633,47.04115,47.69263,0.4967066,0.49907503,0,831,1,2,1,3,1,0,0,0,1,0,0,0,0
200679908,200490049,17763993291687,0.0045817657,0.04238351,0.066605195,0,0.1852547,0.1623734,0.13243586,0.47275597,0.13526544,0.06831161,nan,nan,0.11925804,0.0,4259850,4325386,4028193,527633,45.41781,47.69263,0.5316972,0.49907503,0,831,1,2,1,3,1,0,0,0,0,0,0,0,0
200879367,200689553,17763993291687,0.0038206782,0.031547032,0.045263313,0,0.18520035,0.16238771,0.13760155,0.4211076,0.1320726,0.06528615,nan,nan,0.12785739,0.0,4259850,4325386,4028193,527633,46.482098,47.69263,0.5361705,0.49907503,0,831,1,2,1,3,1,0,0,0,0,0,0,0,0
201078925,200889058,17763993291687,0.0027941524,0.025912894,0.05241946,0,0.19175406,0.16615978,0.16909428,0.40098527,0.13104708,0.065628834,nan,nan,0.14517118,0.0,4259850,4325386,4028193,527633,45.25767,47.69263,0.5653352,0.49907503,0,831,1,2,1,3,1,0,0,0,0,0,0,0,0
201278378,201088562,17763993291687,0.0033521224,0.04107631,0.04336761,0,0.1850582,0.1622578,0.17977175,0.33723757,0.1447874,0.06333219,nan,nan,0.14664006,0.0,4259850,4325386,4028193,527633,43.67975,47.69263,0.53147274,0.49907503,0,831,1,2,1,3,1,0,0,0,0,0,0,0,0
201477893,201288067,17763993291687,0.0025585347,0.061714943,0.07606529,0,0.18512039,0.16234794,0.21538122,0.27731842,0.13510756,0.060351897,nan,nan,0.14181618,0.0,4259850,4325386,4028193,527633,41.884296,47.69263,0.58913666,0.49907503,0,831,1,2,1,3,1,0,0,0,0,0,0,0,0
201677577,201487571,17763993291687,0.0016973773,0.06986536,0.095604196,0,0.18509513,0.1622268,0.2526111,0.2319497,0.1255686,0.05690981,nan,nan,0.13903122,0.0,4259850,4325386,4028193,527633,41.32326,47.69263,0.57127345,0.49907503,0,831,1,2,1,3,1,0,0,0,0,0,0,0,0
201876885,201687076,17763993291687,0.0020806508,0.098620325,0.13217308,0,0.18509187,0.16229239,0.28656387,0.17246938,0.11678932,0.054426234,nan,nan,0.14884959,0.0,4259850,4325386,4028193,527633,40.838093,47.69263,0.59065366,0.49907503,0,831,1,2,1,3,1,0,0,0,0,0,0,0,0
202076394,201886580,17763993291687,0.0030984508,0.10537617,0.15799336,0,0.1917726,0.16598037,0.3284314,0.1638144,0.11287951,0.053827625,nan,nan,0.15401745,0.0,4259850,4325386,4028193,527633,40.969627,47.69263,0.5970871,0.49907503,0,831,1,2,1,3,1,0,0,0,0,0,0,0,0
202276099,202086084,17763993291687,0.004093705,0.11320701,0.1561464,0,0.18488549,0.1622214,0.3607636,0.11090781,0.11681215,0.04874159,nan,nan,0.17006044,0.0,4259850,4325386,4028193,527633,40.40413,47.69263,0.60335904,0.49907503,0,831,1,2,1,3,1,0,0,0,0,0,0,0,0
202475622,202285589,17763993291687,0.0062746173,0.15529436,0.2051325,0,0.18487316,0.16214977,0.37380308,0.24099922,0.10487145,0.04495395,nan,nan,0.17577276,0.0,4259850,4325386,4028193,527633,41.37134,47.69263,0.5861563,0.49907503,0,831,1,2,1,3,1,0,0,0,0,0,0,0,0
202675155,202485093,17763993291687,0.0084318,0.18454312,0.24236122,0,0.18481687,0.16221903,0.3892039,0.33989838,0.09324883,0.039736617,nan,nan,0.18558994,0.0,4259850,4325386,4028193,527633,41.887257,47.69263,0.59901655,0.49907503,0,831,1,2,1,3,1,0,0,0,0,0,0,0,0
202874953,202684597,17763993291687,0.008601377,0.17002372,0.23252882,0,0.18480118,0.16214554,0.40263504,0.32419118,0.08188225,0.03590423,nan,nan,0.18431388,0.0,4259850,4325386,4028193,527633,41.009506,47.69263,0.58412975,0.49907503,0,831,1,2,1,3,1,0,0,0,0,0,0,0,0
203073913,202884101,17763993291687,0.0068795877,0.13172945,0.20371082,0,0.1914297,0.1660964,0.42671517,0.33407038,0.07643026,0.03399065,nan,nan,0.19010621,0.0,4259850,4325386,4028193,527633,43.37583,47.69263,0.5826526,0.49907503,0,831,1,2,1,3,1,0,0,0,0,0,0,0,0
203273801,203083605,17763993291687,0.008392366,0.16599825,0.23507674,0,0.18472573,0.16217422,0.43861318,0.32416886,0.061301164,0.02841774,nan,nan,0.21221936,0.0,4259850,4325386,4028193,527633,43.88189,47.69263,0.5837811,0.49907503,0,831,1,2,1,3,1,0,0,0,0,0,0,0,0
203473252,203283109,17763993291687,0.008081585,0.15473504,0.23259957,0,0.18475649,0.16232488,0.4915799,0.3345202,0.05218427,0.030595878,nan,nan,0.23070242,0.0,4259850,4325386,4028193,527633,44.78985,47.69263,0.5878662,0.49907503,0,831,1,2,1,3,1,0,0,0,0,0,0,0,0
203672778,203482613,17763993291687,0.008325491,0.16422445,0.2471744,0,0.18474795,0.16226467,0.52839816,0.3663264,0.043916736,0.030222367,nan,nan,0.23433046,0.0,4259850,4325386,4028193,527633,43.50147,47.69263,0.57215416,0.49907503,0,831,1,2,1,3,1,1,0,0,0,0,0,0,0
203872255,203682117,17763993291687,0.009367094,0.17406394,0.25892797,0,0.18479799,0.16243792,0.55140287,0.38998008,0.03642455,0.026960734,nan,nan,0.22363326,0.0,4259850,4325386,4028193,527633,45.82431,47.69263,0.54020584,0.49907503,0,831,1,2,1,3,1,1,0,0,0,0,0,0,0
204081670,203891597,17763993291687,0.0059668934,0.09102274,0.1673479,0,0.19188099,0.16668321,0.51286507,0.38476628,0.033168074,0.02463524,nan,nan,0.21419671,0.0,4259850,4325386,4028193,527633,49.312725,47.69263,0.51668,0.49907503,0,831,1,2,1,3,1,1,0,0,0,0,0,0,0
204281242,204091100,17763993291687,0.005201999,0.09186682,0.16235086,0,0.19141011,0.16664068,0.501503,0.3493071,0.019478308,0.016096575,nan,nan,0.22013387,0.0,4259850,4325386,4028193,527633,50.927887,47.69263,0.5188625,0.49907503,0,831,1,2,1,3,1,1,0,0,0,0,0,0,0
204480603,204290604,17763993291687,0.0056303786,0.12096838,0.1959972,0,0.19069612,0.16628565,0.47077656,0.37642437,0.020005167,0.01136959,nan,nan,0.21876904,0.0,4259850,4325386,4028193,527633,49.638565,47.69263,0.5174206,0.49907503,0,831,1,2,1,3,1,0,0,0,0,0,0,0,0
204680120,204490108,17763993291687,0.0068510724,0.14712676,0.22499722,0,0.1900275,0.16611299,0.48003635,0.39856216,0.033333983,0.01274121,nan,nan,0.21717447,0.0,4259850,4325386,4028193,527633,54.025696,47.69263,0.5336084,0.49907503,0,831,1,2,1,3,1,0,0,0,0,0,0,0,0
204879586,204689612,17763993291687,0.0066816774,0.12864631,0.20549603,0,0.1895245,0.1659859,0.43571618,0.3890877,0.042243075,0.018783236,nan,nan,0.20447855,0.0,4259850,4325386,4028193,527633,52.27204,47.69263,0.51004916,0.49907503,0,831,1,2,1,3,1,0,0,0,0,0,0,0,0
205079313,204889118,17763993291687,0.004290133,0.04824078,0.107909165,0,0.19600447,0.16972458,0.39351386,0.36636278,0.04438123,0.021539073,nan,nan,0.19418402,0.0,4259850,4325386,4028193,527633,52.29958,47.69263,0.49962673,0.49907503,0,831,1,2,1,3,1,0,0,0,0,0,0,0,0
205278743,205088620,17763993291687,0.004988462,0.08939547,0.14589506,0,0.1949002,0.16928993,0.38554996,0.4399384,0.07351226,0.0215628,nan,nan,0.19310267,0.0,4259850,4325386,4028193,527633,55.99061,47.69263,0.49918348,0.49907503,0,831,1,2,1,3,1,0,0,0,0,0,0,0,0
205478242,205288124,17763993291687,0.006834025,0.111568965,0.17019245,0,0.19364922,0.16853127,0.3593458,0.42499435,0.071260855,0.021733388,nan,nan,0.18814309,0.0,4259850,4325386,4028193,527633,54.064564,47.69263,0.5197215,0.49907503,0,831,1,2,1,3,1,0,0,0,0,0,0,0,0
205677681,205487628,17763993291687,0.007601046,0.10771218,0.15776636,0,0.19260648,0.16802949,0.37784448,0.398956,0.07009735,0.023772635,nan,nan,0.18008131,0.0,4259850,4325386,4028193,527633,58.08735,47.69263,0.5301968,0.49907503,0,831,1,2,1,3,1,0,0,0,0,0,0,0,0
205877203,205687131,17763993291687,0.007312263,0.09395623,0.13597907,0,0.19156903,0.16730092,0.3554364,0.39671716,0.06867648,0.027151547,nan,nan,0.17139898,0.0,4259850,4325386,4028193,527633,54.62896,47.69263,0.5391214,0.49907503,0,831,1,2,1,3,1,0,0,0,0,0,0,0,0
206076478,205886635,17763993291687,0.0057321233,0.038699143,0.065742366,0,0.19774373,0.17092597,0.3410615,0.38880154,0.07150923,0.027673302,nan,nan,0.16395058,0.0,4259850,4325386,4028193,527633,54.598747,47.69263,0.52042603,0.49907503,0,831,1,2,1,3,1,0,0,0,0,0,0,0,0
206276152,206086139,17763993291687,0.005816776,0.055985503,0.08623607,0,0.19625849,0.1699852,0.3079301,0.41798267,0.087956354,0.027111424,nan,nan,0.1584889,0.0,4259850,4325386,4028193,527633,55.971977,47.69263,0.5225823,0.49907503,0,831,1,2,1,3,1,0,0,0,0,0,0,0,0
206475843,206285643,17763993291687,0.005931967,0.0566946,0.08875497,0,0.19475721,0.16919023,0.31953916,0.4026278,0.082395025,0.0249156,nan,nan,0.15713423,0.0,4259850,4325386,4028193,527633,53.31976,47.69263,0.50527894,0.49907503,0,831,1,2,1,3,1,0,0,0,0,0,0,0,0
206675204,206485147,17763993291687,0.0059011113,0.048469402,0.08032544,0,0.19341972,0.16827603,0.2973894,0.38297695,0.07927537,0.02412853,nan,nan,0.17264612,0.0,4259850,4325386,4028193,527633,52.784588,47.69263,0.5076923,0.49907503,0,831,1,2,1,3,1,0,0,0,0,0,0,0,0
206874488,206684650,17763993291687,0.005049765,0.03960617,0.058335394,0,0.19942228,0.17176199,0.27164188,0.42502263,0.076299235,0.024109386,nan,nan,0.17992203,0.0,4259850,4325386,4028193,527633,53.84895,47.69263,0.52838653,0.49907503,0,831,1,2,1,3,1,0,0,0,0,0,0,0,0
207074008,206884154,17763993291687,0.005055679,0.034621656,0.05616422,0,0.19814187,0.17085975,0.23661304,0.45345953,0.0768037,0.024490807,nan,nan,0.18793446,0.0,4259850,4325386,4028193,527633,51.365574,47.69263,0.5273518,0.49907503,0,831,1,2,1,3,1,0,0,0,0,0,0,0,0
207273479,207083658,17763993291687,0.0037214288,0.031603266,0.046038307,0,0.20421985,0.17432679,0.22071557,0.44146308,0.08844643,0.024588339,nan,nan,0.18378092,0.0,4259850,4325386,4028193,527633,52.69657,47.69263,0.5054643,0.49907503,0,831,1,2,1,3,1,0,0,0,0,0,0,0,0
207472998,207283162,17763993291687,0.004574523,0.03168891,0.05177872,0,0.20221013,0.17331766,0.21873786,0.46262717,0.08523741,0.02641039,nan,nan,0.16985308,0.0,4259850,4325386,4028193,527633,52.862225,47.69263,0.51068515,0.49907503,0,831,1,2,1,3,1,0,0,0,0,0,0,0,0
207672678,207482666,17763993291687,0.005832486,0.05898217,0.096929364,0,0.19323838,0.16800733,0.21907945,0.4549032,0.0905982,0.02725277,nan,nan,0.16351168,0.0,4259850,4325386,4028193,527633,54.65306,47.69263,0.5091159,0.49907503,0,831,1,2,1,3,1,0,0,0,0,0,0,0,0
207872189,207682169,17763993291687,0.0051201032,0.04045709,0.06944843,0,0.19190398,0.16723597,0.20594478,0.41740108,0.091262594,0.025976952,nan,nan,0.15621227,0.0,4259850,4325386,4028193,527633,51.92929,47.69263,0.50177765,0.49907503,0,831,1,2,1,3,1,0,0,0,0,0,0,0,0
208081528,207891648,17763993291687,0.0035736004,0.037361663,0.054650925,0,0.19851351,0.17088771,0.19409105,0.4099971,0.091671206,0.02382172,nan,nan,0.15267754,0.0,4259850,4325386,4028193,527633,53.362724,47.69263,0.51065326,0.49907503,0,831,1,2,1,3,1,0,0,0,0,0,0,0,0
208281217,208091152,17763993291687,0.0044546253,0.031344257,0.04543894,0,0.1902035,0.16586386,0.17893536,0.3747309,0.08985472,0.020758167,nan,nan,0.14786306,0.0,4259850,4325386,4028193,527633,51.26631,47.69263,0.49384326,0.49907503,0,831,1,2,1,3,1,0,0,0,0,0,0,0,0
208480733,208290656,17763993291687,0.005195404,0.045980018,0.06259973,0,0.18926299,0.16528516,0.16653453,0.40682015,0.09177526,0.01930611,nan,nan,0.14155027,0.0,4259850,4325386,4028193,527633,53.283287,47.69263,0.51551884,0.49907503,0,831,1,2,1,3,1,0,0,0,0,0,0,0,0
208680204,208490159,17763993291687,0.005191852,0.049469247,0.072555974,0,0.18844417,0.16474152,0.20644979,0.40532413,0.092820756,0.017907392,nan,nan,0.12753823,0.0,4259850,4325386,4028193,527633,52.789467,47.69263,0.48394078,0.49907503,0,831,1,2,1,3,1,0,0,0,0,0,0,0,0
208879727,208689663,17763993291687,0.00438591,0.046089575,0.07384298,0,0.18769129,0.16405804,0.254619,0.36262184,0.09259113,0.014600592,nan,nan,0.10169954,0.0,4259850,4325386,4028193,527633,56.03762,47.69263,0.49370736,0.49907503,0,831,1,2,1,3,1,0,0,0,0,0,0,0,0
209078982,208889167,17763993291687,0.002603838,0.050589863,0.07721857,0,0.1937629,0.16754848,0.2484201,0.33303142,0.091346465,0.011602572,nan,nan,0.10250414,0.0,4259850,4325386,4028193,527633,56.707047,47.69263,0.5023387,0.49907503,0,831,1,2,1,3,1,0,0,0,0,0,0,0,0
209278696,209088670,17763993291687,0.0019433092,0.047343347,0.069528356,0,0.18634222,0.1629818,0.21519104,0.26904973,0.08520643,0.01707959,nan,nan,0.11292025,0.0,4259850,4325386,4028193,527633,52.396915,47.69263,0.49382922,0.49907503,0,831,1,2,1,3,1,0,0,0,0,0,0,0,0
209478197,209288174,17763993291687,0.003062389,0.03484648,0.060153443,0,0.1858505,0.16263673,0.21158805,0.29484388,0.08313561,0.01933244,nan,nan,0.12285585,0.0,4259850,4325386,4028193,527633,55.89086,47.69263,0.49551472,0.49907503,0,831,1,2,1,3,1,0,0,0,0,0,0,0,0
209677789,209487678,17763993291687,0.0037649511,0.039208088,0.06380926,0,0.18536648,0.16212845,0.23655738,0.29795972,0.08164389,0.019913625,nan,nan,0.107740685,0.0,4259850,4325386,4028193,527633,53.921494,47.69263,0.48116878,0.49907503,0,831,1,2,1,3,1,0,0,0,0,0,0,0,0
209877191,209687181,17763993291687,0.0036517547,0.06224571,0.08990015,0,0.18502334,0.1618638,0.22713187,0.28176382,0.07976431,0.021774266,nan,nan,0.09578764,0.0,4259850,4325386,4028193,527633,56.122845,47.69263,0.47237578,0.49907503,0,831,1,2,1,3,1,0,0,0,0,0,0,0,0
210076505,209886685,17763993291687,0.0025892747,0.059893325,0.094357595,0,0.19117193,0.1652101,0.21022508,0.26173344,0.07812858,0.02108584,nan,nan,0.08604734,0.0,4259850,4325386,4028193,527633,53.423325,47.69263,0.4635957,0.49907503,0,831,1,2,1,3,1,0,0,0,0,0,0,0,0
210276200,210086189,17763993291687,0.0020942835,0.081761464,0.11845043,0,0.18415813,0.16111618,0.23076588,0.20898658,0.07298314,0.02019181,nan,nan,0.08693144,0.0,4259850,4325386,4028193,527633,59.370575,47.69263,0.47986385,0.49907503,0,831,1,2,1,3,1,0,0,0,0,0,0,0,0
210475864,210285692,17763993291687,0.0016066866,0.07405236,0.10889619,0,0.18390144,0.16077293,0.2195494,0.170209,0.06737505,0.020827336,nan,nan,0.118730485,0.0,4259850,4325386,4028193,527633,56.751255,47.69263,0.4584628,0.49907503,0,831,1,2,1,3,1,0,0,0,0,0,0,0,0
210675226,210485197,17763993291687,0.0021988386,0.068162106,0.10361816,0,0.18358788,0.1605751,0.20650607,0.17097533,0.06250576,0.022494346,nan,nan,0.12920235,0.0,4259850,4325386,4028193,527633,55.6753,47.69263,0.46586937,0.49907503,0,831,1,2,1,3,1,0,0,0,0,0,0,0,0
210874792,210684699,17763993291687,0.003011801,0.05401679,0.08660399,0,0.18337369,0.1602763,0.19125637,0.19491024,0.05776539,0.0222545,nan,nan,0.13235015,0.0,4259850,4325386,4028193,527633,57.963898,47.69263,0.4624677,0.49907503,0,831,1,2,1,3,1,0,0,0,0,0,0,0,0
211074058,210884203,17763993291687,0.0032809288,0.0596465,0.09250114,0,0.18965995,0.1638774,0.1837291,0.19169624,0.055705577,0.02289243,nan,nan,0.11948216,0.0,4259850,4325386,4028193,527633,55.388897,47.69263,0.4483882,0.49907503,0,831,1,2,1,3,1,0,0,0,0,0,0,0,0
211273984,211083707,17763993291687,0.002419119,0.068289675,0.10164045,0,0.18898916,0.16358675,0.15725589,0.26107696,0.058580108,0.02346597,nan,nan,0.09062307,0.0,4259850,4325386,4028193,527633,55.715576,47.69263,0.4602245,0.49907503,0,831,1,2,1,3,1,0,0,0,0,0,0,0,0
211473252,211283210,17763993291687,0.0013530372,0.090292424,0.12453153,0,0.18812594,0.16301228,0.14832795,0.21276678,0.05150482,0.027626395,nan,nan,0.08181792,0.0,4259850,4325386,4028193,527633,56.796406,47.69263,0.46347654,0.49907503,0,831,1,2,1,3,1,0,0,0,0,0,0,0,0
211672731,211482714,17763993291687,0.0018231898,0.082589775,0.12051086,0,0.18734436,0.16263919,0.17763044,0.17511763,0.04475067,0.030594809,nan,nan,0.07736061,0.0,4259850,4325386,4028193,527633,61.43348,47.69263,0.47608107,0.49907503,0,831,1,2,1,3,1,0,0,0,0,0,0,0,0
211872301,211682217,17763993291687,0.0021860704,0.08304336,0.12229778,0,0.18665884,0.16216485,0.15274996,0.22044498,0.03918874,0.030812876,nan,nan,0.06988887,0.0,4259850,4325386,4028193,527633,56.007427,47.69263,0.4621503,0.49907503,0,831,1,2,1,3,1,0,0,0,0,0,0,0,0
212071606,211881721,17763993291687,0.0018866592,0.07906593,0.11491236,0,0.19307502,0.16571335,0.13115978,0.2100054,0.036433652,0.030596346,nan,nan,0.055357337,0.0,4259850,4325386,4028193,527633,54.993717,47.69263,0.46975788,0.49907503,0,831,1,2,1,3,1,0,0,0,0,0,0,0,0
212281020,212091199,17763993291687,0.0020705943,0.088084586,0.12553155,0,0.18601628,0.16172762,0.1181387,0.19214454,0.033605617,0.03238339,nan,nan,0.05198505,0.0,4259850,4325386,4028193,527633,56.947594,47.69263,0.47460926,0.49907503,0,831,1,2,1,3,1,0,0,0,0,0,0,0,0
212480517,212290703,17763993291687,0.002091616,0.08303557,0.122736774,0,0.185544,0.16144152,0.108104326,0.19529942,0.028028222,0.03099548,nan,nan,0.047357555,0.0,4259850,4325386,4028193,527633,53.377728,47.69263,0.47293603,0.49907503,0,831,1,2,1,3,1,0,0,0,0,0,0,0,0
212680016,212490206,17763993291687,0.0021107295,0.08215416,0.11971758,0,0.18517613,0.1610468,0.09546505,0.17111629,0.023232756,0.030709175,nan,nan,0.043858096,0.0,4259850,4325386,4028193,527633,57.249046,47.69263,0.49512145,0.49907503,0,831,1,2,1,3,1,0,0,0,0,0,0,0,0
212879741,212689710,17763993291687,0.00213248,0.07709139,0.11141523,0,0.18476495,0.16079915,0.084198184,0.13892838,0.024454601,0.03300792,nan,nan,0.05182296,0.0,4259850,4325386,4028193,527633,56.700954,47.69263,0.49167365,0.49907503,0,831,1,2,1,3,1,0,0,0,0,0,0,0,0
213079028,212889213,17763993291687,0.0016063987,0.05525085,0.084066056,0,0.19138482,0.16423282,0.07539098,0.17031412,0.024669018,0.034827676,nan,nan,0.05777063,0.0,4259850,4325386,4028193,527633,53.866673,47.69263,0.48131487,0.49907503,0,831,1,2,1,3,1,0,0,0,0,0,0,0,0
213278529,213088717,17763993291687,0.0016273111,0.059479397,0.08468828,0,0.18393353,0.16018355,0.10073726,0.12103941,0.015269021,0.03545466,nan,nan,0.0662137,0.0,4259850,4325386,4028193,527633,51.850018,47.69263,0.4953236,0.49907503,0,831,1,2,1,3,1,0,0,0,0,0,0,0,0
213478054,213288220,17763993291687,0.0011710314,0.039570853,0.061407883,0,0.18362574,0.15981998,0.11820842,0.11430801,0.017353559,0.03653558,nan,nan,0.07326142,0.0,4259850,4325386,4028193,527633,52.045063,47.69263,0.5045498,0.49907503,0,831,1,2,1,3,1,0,0,0,0,0,0,0,0
213677742,213487724,17763993291687,0.0011257953,0.033449918,0.05375893,0,0.183384,0.15967762,0.13112798,0.13149641,0.01476001,0.036337756,nan,nan,0.07159354,0.0,4259850,4325386,4028193,527633,50.196808,47.69263,0.49183178,0.49907503,0,831,1,2,1,3,1,0,0,0,0,0,0,0,0
213877329,213687227,17763993291687,0.0012184227,0.032432165,0.049761806,0,0.18306528,0.15934108,0.15284006,0.11372437,0.013210221,0.0364376,nan,nan,0.065474145,0.0,4259850,4325386,4028193,527633,50.24673,47.69263,0.49945974,0.49907503,0,831,1,2,1,3,1,0,0,0,0,0,0,0,0
214076548,213886731,17763993291687,0.0010983315,0.022677794,0.035008743,0,0.18970022,0.16298649,0.14391682,0.10484833,0.014784581,0.036193416,nan,nan,0.059929725,0.0,4259850,4325386,4028193,527633,49.681644,47.69263,0.49533662,0.49907503,0,831,1,2,1,3,1,0,0,0,0,0,0,0,0
214276551,214086234,17763993291687,0.0012114075,0.030444419,0.049821716,0,0.18877734,0.16246876,0.14556845,0.16261579,0.020677777,0.036468353,nan,nan,0.05898047,0.0,4259850,4325386,4028193,527633,50.5194,47.69263,0.49286917,0.49907503,0,831,1,2,1,3,1,0,0,0,0,0,0,0,0
214475547,214285738,17763993291687,0.0016265798,0.037357125,0.048573412,0,0.18779042,0.16210164,0.13118514,0.12234744,0.013733236,0.032874294,nan,nan,0.05797353,0.0,4259850,4325386,4028193,527633,50.189186,47.69263,0.4835878,0.49907503,0,831,1,2,1,3,1,0,0,0,0,0,0,0,0
214675291,214485241,17763993291687,0.0022572721,0.044455383,0.05918127,0,0.18696867,0.16160516,0.13718256,0.09293884,0.0129603585,0.030419953,nan,nan,0.05932935,0.0,4259850,4325386,4028193,527633,49.123714,47.69263,0.5025119,0.49907503,0,831,1,2,1,3,1,0,0,0,0,0,0,0,0
214874784,214684745,17763993291687,0.0023830421,0.046024725,0.064425476,0,0.18616454,0.16125263,0.14974917,0.110831864,0.01289434,0.029470477,nan,nan,0.060769476,0.0,4259850,4325386,4028193,527633,47.233746,47.69263,0.4872932,0.49907503,0,831,1,2,1,3,1,0,0,0,0,0,0,0,0
215074063,214884248,17763993291687,0.0020157674,0.035820488,0.05354318,0,0.19264625,0.16485909,0.17435952,0.13044566,0.012708355,0.02875454,nan,nan,0.0625544,0.0,4259850,4325386,4028193,527633,46.551586,47.69263,0.4927575,0.49907503,0,831,1,2,1,3,1,0,0,0,0,0,0,0,0
215273780,215083752,17763993291687,0.0027705857,0.06036827,0.08314496,0,0.18465833,0.16042684,0.15330262,0.16177773,0.026941935,0.029168794,nan,nan,0.07986413,0.0,4259850,4325386,4028193,527633,49.784874,47.69263,0.5286356,0.49907503,0,831,1,2,1,3,1,0,0,0,0,0,0,0,0
215473255,215283255,17763993291687,0.0029248688,0.047757138,0.068097815,0,0.18412106,0.16019462,0.17435235,0.1529829,0.023011869,0.029560972,nan,nan,0.0860217,0.0,4259850,4325386,4028193,527633,48.40005,47.69263,0.5130647,0.49907503,0,831,1,2,1,3,1,0,0,0,0,0,0,0,0
215672770,215482759,17763993291687,0.0036608856,0.074249476,0.09930818,0,0.18354784,0.15977117,0.15954074,0.2087913,0.020817257,0.028960947,nan,nan,0.08643017,0.0,4259850,4325386,4028193,527633,46.48571,47.69263,0.5008594,0.49907503,0,831,1,2,1,3,1,0,0,0,0,0,0,0,0
215872273,215682262,17763993291687,0.0036903962,0.06868202,0.09854084,0,0.18303321,0.1595204,0.14880566,0.20112301,0.018932858,0.028937891,nan,nan,0.081537075,0.0,4259850,4325386,4028193,527633,50.003124,47.69263,0.4993,0.49907503,0,831,1,2,1,3,1,0,0,0,0,0,0,0,0
216071608,215881766,17763993291687,0.0025979406,0.032646187,0.055265427,0,0.18950188,0.16297431,0.13101813,0.200719,0.0173644,0.02625789,nan,nan,0.06682754,0.0,4259850,4325386,4028193,527633,52.461555,47.69263,0.51334673,0.49907503,0,831,1,2,1,3,1,0,0,0,0,0,0,0,0
216271341,216081269,17763993291687,0.0032610742,0.06192293,0.09120779,0,0.18207085,0.15889901,0.13794257,0.21883908,0.041008033,0.02607629,nan,nan,0.06312452,0.0,4259850,4325386,4028193,527633,52.10725,47.69263,0.52479964,0.49907503,0,831,1,2,1,3,1,0,0,0,0,0,0,0,0
216480584,216290747,17763993291687,0.0033250393,0.04938749,0.07360329,0,0.18239374,0.1589611,0.14581421,0.2165012,0.037620828,0.025744304,nan,nan,0.060942963,0.0,4259850,4325386,4028193,527633,50.572456,47.69263,0.5159091,0.49907503,0,831,1,2,1,3,1,0,0,0,0,0,0,0,0
216680108,216490251,17763993291687,0.0032157649,0.054700915,0.077496365,0,0.18199548,0.15877135,0.12873162,0.23261487,0.03628091,0.028625255,nan,nan,0.05901844,0.0,4259850,4325386,4028193,527633,48.861835,47.69263,0.5166628,0.49907503,0,831,1,2,1,3,1,0,0,0,0,0,0,0,0
216880137,216689754,17763993291687,0.0038007677,0.07511856,0.09931815,0,0.18168268,0.15847582,0.117014274,0.2784232,0.041375935,0.02930903,nan,nan,0.0532517,0.0,4259850,4325386,4028193,527633,48.353836,47.69263,0.5165834,0.49907503,0,831,1,2,1,3,1,0,0,0,0,0,0,0,0
217079087,216889258,17763993291687,0.0028318602,0.030427728,0.046463907,0,0.18815637,0.16208072,0.121866524,0.26260453,0.040425356,0.031018496,nan,nan,0.052545633,0.0,4259850,4325386,4028193,527633,47.73255,47.69263,0.53176117,0.49907503,0,831,1,2,1,3,1,0,0,0,0,0,0,0,0
217278915,217088761,17763993291687,0.00328596,0.05363374,0.08919201,0,0.1872177,0.16152541,0.09986966,0.30161306,0.06770528,0.035155796,nan,nan,0.05186543,0.0,4259850,4325386,4028193,527633,46.578915,47.69263,0.5161495,0.49907503,0,831,1,2,1,3,1,0,0,0,0,0,0,0,0
217478190,217288265,17763993291687,0.0031171879,0.047273457,0.08747977,0,0.1862886,0.16115688,0.08076344,0.28555,0.06301429,0.039928023,nan,nan,0.050723027,0.0,4259850,4325386,4028193,527633,46.65759,47.69263,0.51854104,0.49907503,0,831,1,2,1,3,1,0,0,0,0,0,0,0,0
217677734,217487768,17763993291687,0.0034012394,0.043031212,0.066549435,0,0.18538864,0.16059434,0.115753576,0.29630458,0.05957426,0.044687558,nan,nan,0.058031097,0.0,4259850,4325386,4028193,527633,43.95444,47.69263,0.5193365,0.49907503,0,831,1,2,1,3,1,0,0,0,0,0,0,0,0
217877190,217687271,17763993291687,0.004167592,0.06517059,0.08773503,0,0.18468845,0.16028102,0.12274576,0.327467,0.059868306,0.04397105,nan,nan,0.05927161,0.0,4259850,4325386,4028193,527633,43.6256,47.69263,0.5233685,0.49907503,0,831,1,2,1,3,1,0,0,0,0,0,0,0,0
218076800,217886775,17763993291687,0.0037722187,0.036037333,0.051387068,0,0.19118205,0.16366854,0.105306044,0.35474697,0.06002211,0.04386824,nan,nan,0.061214756,0.0,4259850,4325386,4028193,527633,47.539204,47.69263,0.51496154,0.49907503,0,831,1,2,1,3,1,0,0,0,0,0,0,0,0
218276689,218086278,17763993291687,0.005062672,0.07460035,0.10881865,0,0.18318981,0.15939127,0.08475509,0.36131123,0.07536198,0.045532506,nan,nan,0.056004964,0.0,4259850,4325386,4028193,527633,49.262234,47.69263,0.5316449,0.49907503,0,831,1,2,1,3,1,0,0,0,0,0,0,0,0
218475996,218285781,17763993291687,0.0042000352,0.047067646,0.0784549,0,0.18262044,0.15906727,0.07871583,0.32314733,0.07324741,0.045699976,nan,nan,0.044464387,0.0,4259850,4325386,4028193,527633,47.47882,47.69263,0.53633916,0.49907503,0,831,1,2,1,3,1,0,0,0,0,0,0,0,0
218675429,218485285,17763993291687,0.003952407,0.049995624,0.07394157,0,0.18206517,0.15857711,0.07977026,0.30419433,0.07291582,0.045741733,nan,nan,0.04476564,0.0,4259850,4325386,4028193,527633,46.565826,47.69263,0.5381862,0.49907503,0,831,1,2,1,3,1,0,0,0,0,0,0,0,0
218874940,218684788,17763993291687,0.0047081024,0.0655263,0.08711657,0,0.18162611,0.1583181,0.07022149,0.32013813,0.07312792,0.041546956,nan,nan,0.04611644,0.0,4259850,4325386,4028193,527633,46.640076,47.69263,0.5376327,0.49907503,0,831,1,2,1,3,1,0,0,0,0,0,0,0,0
219074225,218884294,17763993291687,0.0038408493,0.01954708,0.02824273,0,0.18811873,0.16171609,0.082606,0.3273249,0.07393021,0.044539467,nan,nan,0.045756444,0.0,4259850,4325386,4028193,527633,44.569096,47.69263,0.5303216,0.49907503,0,831,1,2,1,3,1,0,0,0,0,0,0,0,0
219273871,219083795,17763993291687,0.00451141,0.05228007,0.06699754,0,0.18058963,0.15756533,0.09051892,0.29462847,0.080683485,0.045626286,nan,nan,0.038269024,0.0,4259850,4325386,4028193,527633,45.511044,47.69263,0.53965396,0.49907503,0,831,1,2,1,3,1,0,0,0,0,0,0,0,0
219473143,219283298,17763993291687,0.003364043,0.024443094,0.03698563,0,0.18710652,0.1609988,0.09014898,0.27863568,0.07796524,0.045168743,nan,nan,0.041937217,0.0,4259850,4325386,4028193,527633,46.036686,47.69263,0.5374439,0.49907503,0,831,1,2,1,3,1,0,0,0,0,0,0,0,0
219672829,219482801,17763993291687,0.0042759273,0.023566883,0.032880515,0,0.1799126,0.15696722,0.08570447,0.28742126,0.07417655,0.04496124,nan,nan,0.042502236,0.0,4259850,4325386,4028193,527633,44.705307,47.69263,0.5282821,0.49907503,0,831,1,2,1,3,1,0,0,0,0,0,0,0,0
219872327,219682305,17763993291687,0.0039226795,0.020583833,0.02679153,0,0.17965913,0.15665507,0.09395643,0.27442294,0.07156431,0.044686142,nan,nan,0.03813135,0.0,4259850,4325386,4028193,527633,45.840496,47.69263,0.52093565,0.49907503,0,831,1,2,1,3,1,0,0,0,0,0,0,0,0
220071869,219881808,17763993291687,0.003105102,0.02265028,0.029944938,0,0.18602264,0.16021957,0.13201539,0.28539678,0.07098096,0.04414195,nan,nan,0.028377648,0.0,4259850,4325386,4028193,527633,48.876106,47.69263,0.53020805,0.49907503,0,831,1,2,1,3,1,0,0,0,0,0,0,0,0
220271229,220081312,17763993291687,0.0017607843,0.035235886,0.055670496,0,0.19286326,0.16372232,0.1299523,0.25647503,0.08435126,0.04204279,nan,nan,0.022274775,0.0,4259850,4325386,4028193,527633,47.046368,47.69263,0.52708054,0.49907503,0,831,1,2,1,3,1,0,0,0,0,0,0,0,0
220470870,220280815,17763993291687,0.0031274182,0.006144773,0.008681819,0,0.18414076,0.15925905,0.13786252,0.23790754,0.07560503,0.0380147,nan,nan,0.018740129,0.0,4259850,4325386,4028193,527633,47.778866,47.69263,0.5326917,0.49907503,0,831,1,2,1,3,1,0,0,0,0,0,0,0,0
220680306,220490293,17763993291687,0.0033500816,0.012695526,0.013913912,0,0.18390293,0.1590787,0.15078282,0.2145571,0.07367049,0.036417514,nan,nan,0.01281199,0.0,4259850,4325386,4028193,527633,48.43463,47.69263,0.5247102,0.49907503,0,831,1,2,1,3,1,0,0,0,0,0,0,0,0
220879611,220689797,17763993291687,0.0027183364,0.029169278,0.03883874,0,0.18309657,0.15866765,0.13262759,0.18493117,0.068886526,0.039585564,nan,nan,0.013863525,0.0,4259850,4325386,4028193,527633,47.54182,47.69263,0.5249465,0.49907503,0,831,1,2,1,3,1,0,0,0,0,0,0,0,0
221079110,220889300,17763993291687,0.001712393,0.03544232,0.053229358,0,0.18949924,0.1620079,0.13703388,0.17724381,0.06767613,0.039251126,nan,nan,0.014881171,0.0,4259850,4325386,4028193,527633,49.687225,47.69263,0.5405929,0.49907503,0,831,1,2,1,3,1,0,0,0,0,0,0,0,0
221278833,221088803,17763993291687,0.0020501935,0.021301754,0.03042138,0,0.18156417,0.15773374,0.12883589,0.1603557,0.07128621,0.037641864,nan,nan,0.013242549,0.0,4259850,4325386,4028193,527633,50.210247,47.69263,0.51146895,0.49907503,0,831,1,2,1,3,1,0,0,0,0,0,0,0,0
221478433,221288306,17763993291687,0.0013410464,0.038287777,0.053083554,0,0.18096273,0.15726292,0.11244813,0.14765078,0.063845955,0.037942402,nan,nan,0.008204707,0.0,4259850,4325386,4028193,527633,48.877605,47.69263,0.5333982,0.49907503,0,831,1,2,1,3,1,0,0,0,0,0,0,0,0
221677820,221487809,17763993291687,0.0018157279,0.04140105,0.060900826,0,0.18050474,0.15701632,0.122100376,0.12110751,0.05673911,0.036501948,nan,nan,0.0038077498,0.0,4259850,4325386,4028193,527633,43.241417,47.69263,0.52183163,0.49907503,0,831,1,2,1,3,1,0,0,0,0,0,0,0,0
221877195,221687313,17763993291687,0.0016493594,0.0405067,0.06140302,0,0.18007612,0.15659538,0.10724707,0.15980737,0.049810555,0.031162756,nan,nan,0.021097044,0.0,4259850,4325386,4028193,527633,42.815975,47.69263,0.53214717,0.49907503,0,831,1,2,1,3,1,0,0,0,0,0,0,0,0
222076638,221886816,17763993291687,0.0011716122,0.045812283,0.06898748,0,0.18651016,0.16013893,0.09211931,0.17082717,0.047058366,0.03641167,nan,nan,0.024396472,0.0,4259850,4325386,4028193,527633,46.02154,47.69263,0.53812504,0.49907503,0,831,1,2,1,3,1,0,0,0,0,0,0,0,0
222276364,222086319,17763993815975,0.0021170843,0.031247415,0.046921138,0,0.1791869,0.15611114,0.10341782,0.2553192,0.051423006,0.03676027,0.6535308,nan,0.022495607,0.0,4259850,4325386,4028193,527633,46.61344,47.69263,0.53532004,0.49907503,0,831,1,2,1,3,1,0,0,0,0,0,0,0,0
222475655,222285822,17763993291687,0.0021300982,0.022057408,0.035382375,0,0.17887266,0.15575786,0.124776565,0.21175717,0.047036886,0.03681897,nan,nan,0.019228296,0.0,4259850,4325386,4028193,527633,43.386448,47.69263,0.5405133,0.49907503,0,831,1,2,1,3,1,0,0,0,0,0,0,0,0
222675148,222485325,17763993291687,0.002070277,0.016244533,0.029281998,0,0.17861664,0.15563801,0.109551854,0.25743762,0.04481886,0.034971427,nan,nan,0.013285128,0.0,4259850,4325386,4028193,527633,45.142178,47.69263,0.53278524,0.49907503,0,831,1,2,1,3,1,0,0,0,0,0,0,0,0
222874666,222684829,17763993291687,0.0022469007,0.016687183,0.020055234,0,0.17830688,0.1553239,0.11170857,0.21375778,0.042346563,0.03353371,nan,nan,0.0061392537,0.0,4259850,4325386,4028193,527633,45.22734,47.69263,0.5268888,0.49907503,0,831,1,2,1,3,1,0,0,0,0,0,0,0,0
223074164,222884332,17763993291687,0.0016617927,0.025249632,0.03764965,0,0.18493883,0.15895353,0.10740433,0.19465701,0.042333595,0.03399156,nan,nan,0.011338875,0.0,4259850,4325386,4028193,527633,44.87045,47.69263,0.53401077,0.49907503,0,831,1,2,1,3,1,0,0,0,0,0,0,0,0
223273722,223083835,17763993815975,0.002269262,0.0205569,0.03028096,0,0.17778593,0.15487666,0.10274117,0.19407445,0.044280168,0.03201699,0.33656546,nan,0.015618041,0.0,4259850,4325386,4028193,527633,46.326702,47.69263,0.5313693,0.49907503,0,831,1,2,1,3,1,0,0,0,0,0,0,0,0
223483129,223293313,17763993291687,0.0019902277,0.03091747,0.041675895,0,0.17828685,0.15516412,0.111319035,0.15197602,0.042742226,0.033669267,nan,nan,0.013592569,0.0,4259850,4325386,4028193,527633,43.85001,47.69263,0.5348169,0.49907503,0,831,1,2,1,3,1,0,0,0,0,0,0,0,0
223682826,223492816,17763993291687,0.0013958046,0.024334218,0.034148276,0,0.17807755,0.15489812,0.09277765,0.1414028,0.04067247,0.03500183,nan,nan,0.011377543,0.0,4259850,4325386,4028193,527633,47.25637,47.69263,0.54939055,0.49907503,0,831,1,2,1,3,1,0,0,0,0,0,0,0,0
223882199,223692320,17763993815975,0.0017616586,0.0085797105,0.013149601,0,0.17791744,0.15480907,0.08217032,0.13107292,0.03915488,0.036183342,0.27773783,nan,0.015705986,0.0,4259850,4325386,4028193,527633,44.865547,47.69263,0.5459096,0.49907503,0,831,1,2,1,3,1,0,0,0,0,0,0,0,0
224081654,223891823,17763993291687,0.001221893,0.01977457,0.032540496,0,0.184592,0.15833127,0.06869882,0.11965122,0.03885547,0.034372494,nan,nan,0.023782765,0.0,4259850,4325386,4028193,527633,46.123226,47.69263,0.5325496,0.49907503,0,831,1,2,1,3,1,0,0,0,0,0,0,0,0
224281165,224091326,17763993291687,0.0011960677,0.021403411,0.030148054,0,0.17753078,0.15452251,0.058675006,0.101294406,0.043207675,0.035878673,nan,nan,0.037509374,0.0,4259850,4325386,4028193,527633,45.197876,47.69263,0.5226707,0.49907503,0,831,1,2,1,3,1,0,0,0,0,0,0,0,0
224480663,224290829,17763993291687,0.00044068237,0.023552604,0.032952916,0,0.17747743,0.15435888,0.04833147,0.085396096,0.03819478,0.03700151,nan,nan,0.038011774,0.0,4259850,4325386,4028193,527633,46.295868,47.69263,0.527006,0.49907503,0,831,1,2,1,3,1,0,0,0,0,0,0,0,0
224680213,224490332,17763993291687,0.0006107972,0.04325368,0.05640648,0,0.17728838,0.15430602,0.06749414,0.07909351,0.033351924,0.036637686,nan,nan,0.04086776,0.0,4259850,4325386,4028193,527633,46.69654,47.69263,0.5296442,0.49907503,0,831,1,2,1,3,1,0,0,0,0,0,0,0,0
224879875,224689835,17763993291687,0.0004965439,0.02703375,0.041552026,0,0.17707084,0.15411864,0.07335319,0.081185915,0.030038472,0.036232818,nan,nan,0.048024017,0.0,4259850,4325386,4028193,527633,44.6663,47.69263,0.51835084,0.49907503,0,831,1,2,1,3,1,0,0,0,0,0,0,0,0
225079162,224889338,17763993291687,0.00027418236,0.033509623,0.049312703,0,0.18360142,0.15781899,0.06553071,0.11101466,0.028296957,0.03694251,nan,nan,0.053833198,0.0,4259850,4325386,4028193,527633,46.42257,47.69263,0.5274211,0.49907503,0,831,1,2,1,3,1,0,0,0,0,0,0,0,0
225278696,225088841,17763993291687,0.00095260324,0.047795173,0.063271195,0,0.17665668,0.15385589,0.05641527,0.14024417,0.040823497,0.03769481,nan,nan,0.05251424,0.0,4259850,4325386,4028193,527633,45.739204,47.69263,0.5319505,0.49907503,0,831,1,2,1,3,1,0,0,0,0,0,0,0,0
225478246,225288345,17763993291687,0.00082240073,0.032787982,0.04756126,0,0.17657325,0.15385905,0.054189242,0.14722775,0.03406108,0.03439582,nan,nan,0.039814178,0.0,4259850,4325386,4028193,527633,45.273365,47.69263,0.52878433,0.49907503,0,831,1,2,1,3,1,0,0,0,0,0,0,0,0
225677699,225487847,17763993291687,0.0007429563,0.010191634,0.02365866,0,0.17646116,0.15366736,0.045363516,0.12066645,0.028363546,0.034281433,nan,nan,0.034945425,0.0,4259850,4325386,4028193,527633,45.274567,47.69263,0.532774,0.49907503,0,831,1,2,1,3,1,0,0,0,0,0,0,0,0
225877357,225687351,17763993291687,0.0012203485,0.008670653,0.017237104,0,0.17645663,0.15366821,0.034576602,0.13299263,0.023740154,0.035717096,nan,nan,0.035174,0.0,4259850,4325386,4028193,527633,44.647076,47.69263,0.5382859,0.49907503,0,831,1,2,1,3,1,0,0,0,0,0,0,0,0
226076678,225886854,17763993291687,0.0011400742,0.00813543,0.018071178,0,0.18312976,0.1573357,0.03268175,0.117096975,0.02170107,0.0390586,nan,nan,0.03872637,0.0,4259850,4325386,4028193,527633,45.875187,47.69263,0.54116225,0.49907503,0,831,1,2,1,3,1,0,0,0,0,0,0,0,0
226276254,226086357,17763993291687,0.0020473339,0.044546384,0.049045924,0,0.17616992,0.1533828,0.047612194,0.14646095,0.041522354,0.03856959,nan,nan,0.030734986,0.0,4259850,4325386,4028193,527633,45.44639,47.69263,0.5299443,0.49907503,0,831,1,2,1,3,1,0,0,0,0,0,0,0,0
226475674,226285860,17763993291687,0.0022205915,0.03274435,0.039142538,0,0.1762023,0.1533969,0.052206106,0.13871072,0.03480783,0.03521677,nan,nan,0.028470887,0.0,4259850,4325386,4028193,527633,44.755917,47.69263,0.5517146,0.49907503,0,831,1,2,1,3,1,0,0,0,0,0,0,0,0
226675197,226485363,17763993291687,0.0019653216,0.026192455,0.03415769,0,0.17618178,0.15321662,0.052008286,0.13793945,0.029773742,0.0338685,nan,nan,0.027584476,0.0,4259850,4325386,4028193,527633,45.284878,47.69263,0.54166,0.49907503,0,831,1,2,1,3,1,0,0,0,0,0,0,0,0
226874697,226684866,17763993291687,0.002083862,0.025627127,0.034732472,0,0.17622076,0.15322652,0.07490734,0.16389765,0.026276877,0.033345714,nan,nan,0.028656224,0.0,4259850,4325386,4028193,527633,44.357162,47.69263,0.54590285,0.49907503,0,831,1,2,1,3,1,0,0,0,0,0,0,0,0
227074506,226884369,17763993291687,0.0018447483,0.0153077785,0.020407975,0,0.18299565,0.15675645,0.074025035,0.1719897,0.024864933,0.032323483,nan,nan,0.0227619,0.0,4259850,4325386,4028193,527633,44.352036,47.69263,0.54789966,0.49907503,0,831,1,2,1,3,1,0,0,0,0,0,0,0,0
227273690,227083872,17763993291687,0.002492531,0.03192986,0.044223674,0,0.17608123,0.15305313,0.092003234,0.18066613,0.039603278,0.033019632,nan,nan,0.019213881,0.0,4259850,4325386,4028193,527633,44.74376,47.69263,0.5296092,0.49907503,0,831,1,2,1,3,1,0,0,0,0,0,0,0,0
227473416,227283374,17763993291687,0.0021546443,0.02615951,0.041374475,0,0.17602718,0.15287736,0.08280261,0.17827903,0.03822018,0.031482305,nan,nan,0.019398274,0.0,4259850,4325386,4028193,527633,42.247486,47.69263,0.546237,0.49907503,0,831,1,2,1,3,1,0,0,0,0,0,0,0,0
227682664,227492853,17763993291687,0.0020049652,0.023354378,0.039463934,0,0.17660725,0.15326408,0.1044921,0.18100059,0.039191123,0.034261364,nan,nan,0.031708404,0.0,4259850,4325386,4028193,527633,43.543915,47.69263,0.53002334,0.49907503,0,831,1,2,1,3,1,0,0,0,0,0,0,0,0
227882170,227692356,17763993291687,0.0021393835,0.026972955,0.04417721,0,0.17640993,0.15307777,0.11408718,0.17166641,0.040987227,0.037036736,nan,nan,0.041870616,0.0,4259850,4325386,4028193,527633,43.55878,47.69263,0.53592485,0.49907503,0,831,1,2,1,3,1,0,0,0,0,0,0,0,0
228081678,227891858,17763993291687,0.0017868702,0.01363584,0.020583885,0,0.18304573,0.15675463,0.09715267,0.162876,0.041816756,0.037510548,nan,nan,0.036381055,0.0,4259850,4325386,4028193,527633,43.05128,47.69263,0.5534718,0.49907503,0,831,1,2,1,3,1,0,0,0,0,0,0,0,0
228281203,228091361,17763993291687,0.0024361294,0.028284224,0.043649655,0,0.17610823,0.1528698,0.0803688,0.18286578,0.05838379,0.03596987,nan,nan,0.03163537,0.0,4259850,4325386,4028193,527633,43.215843,47.69263,0.55660933,0.49907503,0,831,1,2,1,3,1,0,0,0,0,0,0,0,0
228480899,228290864,17763993291687,0.0019028207,0.016358018,0.029139128,0,0.17599362,0.15283033,0.0837607,0.16311063,0.052639123,0.033663504,nan,nan,0.023007084,0.0,4259850,4325386,4028193,527633,44.42148,47.69263,0.5348718,0.49907503,0,831,1,2,1,3,1,0,0,0,0,0,0,0,0
228680213,228490367,17763993291687,0.0014450109,0.008741643,0.016664702,0,0.17590998,0.1526899,0.08477456,0.14581384,0.048905596,0.034725737,nan,nan,0.009880945,0.0,4259850,4325386,4028193,527633,44.501846,47.69263,0.5409858,0.49907503,0,831,1,2,1,3,1,0,0,0,0,0,0,0,0
228879718,228689870,17763993291687,0.0017293943,0.017599944,0.024846753,0,0.17573623,0.15265562,0.110251285,0.15474485,0.04599619,0.03287811,nan,nan,0.019506266,0.0,4259850,4325386,4028193,527633,43.513275,47.69263,0.55892056,0.49907503,0,831,1,2,1,3,1,0,0,0,0,0,0,0,0
229079217,228889373,17763993291687,0.0012992873,0.015048893,0.024572605,0,0.18241681,0.15622087,0.1496706,0.14126863,0.044420477,0.032113377,nan,nan,0.02279445,0.0,4259850,4325386,4028193,527633,46.08515,47.69263,0.5603987,0.49907503,0,831,1,2,1,3,1,0,0,0,0,0,0,0,0
229278710,229088876,17763993291687,0.0017715474,0.03384718,0.043195747,0,0.17548652,0.15244958,0.15557832,0.16240771,0.05473003,0.030401032,nan,nan,0.03523374,0.0,4259850,4325386,4028193,527633,45.604256,47.69263,0.54133254,0.49907503,0,831,1,2,1,3,1,0,0,0,0,0,0,0,0
229478226,229288378,17763993291687,0.001278798,0.029613465,0.032629166,0,0.17544886,0.15228832,0.1706639,0.11930167,0.047746286,0.031075357,nan,nan,0.050305497,0.0,4259850,4325386,4028193,527633,47.406956,47.69263,0.54550856,0.49907503,0,831,1,2,1,3,1,0,0,0,0,0,0,0,0
229677707,229487881,17763993291687,0.0026730306,0.03841789,0.05053218,0,0.17546381,0.15231892,0.19454235,0.09428266,0.04198822,0.028698001,nan,nan,0.050624,0.0,4259850,4325386,4028193,527633,47.058094,47.69263,0.5422326,0.49907503,0,831,1,2,1,3,1,0,0,0,0,0,0,0,0
229877502,229687384,17763993291687,0.0042662835,0.053420134,0.06761479,0,0.17539115,0.15230674,0.22269754,0.099713266,0.0361309,0.022183366,nan,nan,0.052997347,0.0,4259850,4325386,4028193,527633,47.998974,47.69263,0.5367829,0.49907503,0,831,1,2,1,3,1,0,0,0,0,0,0,0,0
230076722,229886887,17763993291687,0.0046761585,0.05777539,0.081172474,0,0.18216412,0.15588553,0.22702932,0.090950504,0.033291895,0.023204856,nan,nan,0.05761308,0.0,4259850,4325386,4028193,527633,48.361492,47.69263,0.5316567,0.49907503,0,831,1,2,1,3,1,0,0,0,0,0,0,0,0
230276243,230086389,17763993291687,0.0064509567,0.08356435,0.10661561,0,0.17521653,0.15214492,0.22429854,0.13889305,0.04379751,0.020145917,nan,nan,0.07055471,0.0,4259850,4325386,4028193,527633,47.87071,47.69263,0.5187397,0.49907503,0,831,1,2,1,3,1,0,0,0,0,0,0,0,0
230475718,230285892,17763993291687,0.00600691,0.09009858,0.11934065,0,0.17524491,0.15206623,0.2066024,0.12795423,0.03604018,0.029209618,nan,nan,0.065536484,0.0,4259850,4325386,4028193,527633,47.69766,47.69263,0.51626533,0.49907503,0,831,1,2,1,3,1,0,0,0,0,0,0,0,0
230675219,230485395,17763993291687,0.005560103,0.08684697,0.11773994,0,0.17522919,0.15209618,0.19340406,0.13854866,0.02968618,0.02866972,nan,nan,0.057425767,0.0,4259850,4325386,4028193,527633,47.95243,47.69263,0.5210047,0.49907503,0,831,1,2,1,3,1,0,0,0,0,0,0,0,0
230875072,230684898,17763993291687,0.005047618,0.07820935,0.10637594,0,0.17512937,0.15194389,0.17269513,0.14629345,0.02474852,0.026329579,nan,nan,0.049992308,0.0,4259850,4325386,4028193,527633,46.409836,47.69263,0.5243758,0.49907503,0,831,1,2,1,3,1,0,0,0,0,0,0,0,0
231074348,230884400,17763993291687,0.0039080787,0.05713294,0.0852579,0,0.18201146,0.15570033,0.17874184,0.14759918,0.021219792,0.030963466,nan,nan,0.03820214,0.0,4259850,4325386,4028193,527633,49.019226,47.69263,0.5340138,0.49907503,0,831,1,2,1,3,1,0,0,0,0,0,0,0,0
231274281,231083903,17763993291687,0.005236924,0.073406816,0.100186005,0,0.17502508,0.15180896,0.17008798,0.18456393,0.02681588,0.03103468,nan,nan,0.03936591,0.0,4259850,4325386,4028193,527633,47.663307,47.69263,0.51758194,0.49907503,0,831,1,2,1,3,1,0,0,0,0,0,0,0,0
231473545,231283405,17763993291687,0.0038663398,0.05685604,0.07557209,0,0.17494582,0.1517919,0.15382542,0.15489958,0.02230285,0.031591564,nan,nan,0.044157185,0.0,4259850,4325386,4028193,527633,48.464672,47.69263,0.5222897,0.49907503,0,831,1,2,1,3,1,0,0,0,0,0,0,0,0
231673064,231482908,17763993291687,0.0043214466,0.06145829,0.08333521,0,0.1749497,0.15168494,0.13491637,0.15775749,0.018470412,0.030831281,nan,nan,0.043871425,0.0,4259850,4325386,4028193,527633,49.13107,47.69263,0.529106,0.49907503,0,831,1,2,1,3,1,0,0,0,0,0,0,0,0
231882270,231692386,17763993291687,0.004609295,0.059839077,0.08421644,0,0.17561072,0.1520639,0.12542999,0.18577628,0.01789602,0.030129096,nan,nan,0.042382274,0.0,4259850,4325386,4028193,527633,49.337605,47.69263,0.5319258,0.49907503,0,831,1,2,1,3,1,0,0,0,0,0,0,0,0
232081751,231891888,17763993291687,0.0030294147,0.027418777,0.04744277,0,0.18251781,0.15566327,0.11207318,0.1749449,0.019318493,0.028303426,nan,nan,0.039293468,0.0,4259850,4325386,4028193,527633,48.968754,47.69263,0.5348633,0.49907503,0,831,1,2,1,3,1,0,0,0,0,0,0,0,0
232281329,232091391,17763993291687,0.003629999,0.051972248,0.07002625,0,0.1754166,0.15189436,0.100589,0.19600636,0.023611007,0.025267903,nan,nan,0.035746098,0.0,4259850,4325386,4028193,527633,48.43789,47.69263,0.5155294,0.49907503,0,831,1,2,1,3,1,0,0,0,0,0,0,0,0
232480783,232290895,17763993291687,0.0030622145,0.040311012,0.060389854,0,0.17536828,0.15179315,0.08964069,0.19152914,0.028484674,0.02586769,nan,nan,0.030997667,0.0,4259850,4325386,4028193,527633,48.24798,47.69263,0.51866007,0.49907503,0,831,1,2,1,3,1,0,0,0,0,0,0,0,0
232680244,232490396,17763993291687,0.0033676059,0.05132263,0.07371831,0,0.17528564,0.1517771,0.073191784,0.22456183,0.03268967,0.029148525,nan,nan,0.018174447,0.0,4259850,4325386,4028193,527633,47.461502,47.69263,0.53176004,0.49907503,0,831,1,2,1,3,1,0,0,0,0,0,0,0,0
232879959,232689899,17763993291687,0.0028152824,0.04068375,0.06203506,0,0.17524649,0.1516654,0.064221345,0.21479331,0.034374084,0.028608292,nan,nan,0.013190447,0.0,4259850,4325386,4028193,527633,46.346157,47.69263,0.5262745,0.49907503,0,831,1,2,1,3,1,0,0,0,0,0,0,0,0
233079216,232889401,17763993291687,0.0014429055,0.008674041,0.021805298,0,0.18184812,0.15532981,0.06938061,0.19638164,0.03357109,0.028049646,nan,nan,0.018272286,0.0,4259850,4325386,4028193,527633,45.16748,47.69263,0.53249145,0.49907503,0,831,1,2,1,3,1,0,0,0,0,0,0,0,0
233278950,233088904,17763993291687,0.0022313534,0.03244076,0.03882012,0,0.17474437,0.15137924,0.044659372,0.17722307,0.03085243,0.028664853,nan,nan,0.02066752,0.0,4259850,4325386,4028193,527633,46.65355,47.69263,0.5167704,0.49907503,0,831,1,2,1,3,1,0,0,0,0,0,0,0,0
233478605,233288406,17763993291687,0.0022874628,0.02935887,0.037144747,0,0.17470676,0.15140422,0.088632256,0.1507987,0.032382615,0.029758986,nan,nan,0.010129726,0.0,4259850,4325386,4028193,527633,47.49071,47.69263,0.52691144,0.49907503,0,831,1,2,1,3,1,0,0,0,0,0,0,0,0
233677924,233487909,17763993291687,0.0023895851,0.029244827,0.04091729,0,0.17462142,0.15139067,0.099417396,0.16525835,0.03429398,0.028302617,nan,nan,0.0077994843,0.0,4259850,4325386,4028193,527633,47.008686,47.69263,0.5041331,0.49907503,0,831,1,2,1,3,1,0,0,0,0,0,0,0,0
233877224,233687412,17763993291687,0.0017537128,0.011248364,0.019253585,0,0.181234,0.15496433,0.09423325,0.15133,0.034620512,0.029005062,nan,nan,0.0066774036,0.0,4259850,4325386,4028193,527633,46.65598,47.69263,0.52047086,0.49907503,0,831,1,2,1,3,1,0,0,0,0,0,0,0,0
234076741,233886914,17763993291687,0.0020260878,0.011718928,0.019931018,0,0.18111715,0.15494148,0.10869297,0.16840355,0.034359667,0.029881727,nan,nan,0.01306799,0.0,4259850,4325386,4028193,527633,45.341793,47.69263,0.5054889,0.49907503,0,831,1,2,1,3,1,0,0,0,0,0,0,0,0
234276231,234086417,17763993291687,0.0017754836,0.017035827,0.035071623,0,0.1878909,0.15848893,0.1088523,0.20505244,0.03014134,0.031481177,nan,nan,0.017037952,0.0,4259850,4325386,4028193,527633,45.67711,47.69263,0.5227365,0.49907503,0,831,1,2,1,3,1,0,0,0,0,0,0,0,0
234475736,234285919,17763993291687,0.0016127854,0.014418093,0.03337292,0,0.18692496,0.15822852,0.10334712,0.16570744,0.034702264,0.025749372,nan,nan,0.02184795,0.0,4259850,4325386,4028193,527633,47.308174,47.69263,0.5289613,0.49907503,0,831,1,2,1,3,1,0,0,0,0,0,0,0,0
234675237,234485421,17763993291687,0.0015320992,0.020127868,0.03445387,0,0.18601482,0.15777653,0.09127557,0.17347202,0.034859344,0.023312861,nan,nan,0.020136483,0.0,4259850,4325386,4028193,527633,45.77248,47.69263,0.52100384,0.49907503,0,831,1,2,1,3,1,0,0,0,0,0,0,0,0
234874774,234684924,17763993291687,0.0019868833,0.034567058,0.049174905,0,0.18523867,0.15754072,0.08076758,0.20848946,0.033315323,0.019906402,nan,nan,0.018359108,0.0,4259850,4325386,4028193,527633,46.437965,47.69263,0.5172613,0.49907503,0,831,1,2,1,3,1,0,0,0,0,0,0,0,0
235074291,234884426,17763993291687,0.0022025683,0.029264575,0.042863015,0,0.18446912,0.15711787,0.07072321,0.2172002,0.031677004,0.018401334,nan,nan,0.020893266,0.0,4259850,4325386,4028193,527633,46.381,47.69263,0.5206737,0.49907503,0,831,1,2,1,3,1,0,0,0,0,0,0,0,0
235273758,235083929,17763993291687,0.0010890313,0.014655712,0.026940625,0,0.1910709,0.16074584,0.06728668,0.19215353,0.026370307,0.018395849,nan,nan,0.040462095,0.0,4259850,4325386,4028193,527633,46.74298,47.69263,0.5306039,0.49907503,0,831,1,2,1,3,1,0,0,0,0,0,0,0,0
235473277,235283431,17763993291687,0.0010352038,0.018805454,0.030171618,0,0.18956445,0.16006094,0.08498114,0.16662455,0.02375844,0.015333084,nan,nan,0.04540001,0.0,4259850,4325386,4028193,527633,47.58003,47.69263,0.5314038,0.49907503,0,831,1,2,1,3,1,0,0,0,0,0,0,0,0
235672756,235482933,17763993291687,0.0015302079,0.032823056,0.04798374,0,0.18822281,0.15955493,0.071712516,0.17786096,0.022637798,0.0152818095,nan,nan,0.042933255,0.0,4259850,4325386,4028193,527633,46.906876,47.69263,0.5070466,0.49907503,0,831,1,2,1,3,1,0,0,0,0,0,0,0,0
235872479,235682436,17763993291687,0.0014094353,0.012455504,0.026243787,0,0.17977147,0.15503082,0.09517157,0.1770849,0.021372795,0.017184842,nan,nan,0.035363164,0.0,4259850,4325386,4028193,527633,46.552906,47.69263,0.53571343,0.49907503,0,831,1,2,1,3,1,0,0,0,0,0,0,0,0
236081739,235891913,17763993291687,0.0010003904,0.009383768,0.016610269,0,0.186789,0.15894014,0.08798011,0.17648979,0.020292403,0.018671192,nan,nan,0.036821965,0.0,4259850,4325386,4028193,527633,46.979836,47.69263,0.5182185,0.49907503,0,831,1,2,1,3,1,0,0,0,0,0,0,0,0
236281481,236091415,17763993291687,0.00059962313,0.026964173,0.043088973,0,0.18526831,0.15817052,0.0965019,0.17625313,0.01056434,0.020652076,nan,nan,0.04363763,0.0,4259850,4325386,4028193,527633,46.248257,47.69263,0.5300323,0.49907503,0,831,1,2,1,3,1,0,0,0,0,0,0,0,0
236480978,236290917,17763993291687,0.0005989695,0.022419805,0.036148373,0,0.1837684,0.15751514,0.086436145,0.16086979,0.007346544,0.020249873,nan,nan,0.045120478,0.0,4259850,4325386,4028193,527633,49.479424,47.69263,0.5195841,0.49907503,0,831,1,2,1,3,1,0,0,0,0,0,0,0,0
236680459,236490420,17763993291687,0.0004490366,0.01722539,0.026326753,0,0.18246357,0.15676391,0.09624937,0.13509028,0.007224582,0.019301802,nan,nan,0.051552903,0.0,4259850,4325386,4028193,527633,45.135162,47.69263,0.5162974,0.49907503,0,831,1,2,1,3,1,0,0,0,0,0,0,0,0
236879734,236689922,17763993291687,0.000822206,0.01479618,0.024070892,0,0.18879475,0.16026631,0.09966854,0.15282564,0.008507774,0.019879796,nan,nan,0.0537723,0.0,4259850,4325386,4028193,527633,45.15613,47.69263,0.5165724,0.49907503,0,831,1,2,1,3,1,0,0,0,0,0,0,0,0
237079235,236889424,17763993291687,0.0008394589,0.02357886,0.03375458,0,0.18746625,0.15970197,0.09404826,0.12594287,0.008381506,0.023620015,nan,nan,0.061651375,0.0,4259850,4325386,4028193,527633,46.591434,47.69263,0.51606095,0.49907503,0,831,1,2,1,3,1,0,0,0,0,0,0,0,0
237279124,237088926,17763993291687,0.0019822207,0.039131485,0.059687816,0,0.18581738,0.15883067,0.10778285,0.20604251,0.031650435,0.0249112,nan,nan,0.06383484,0.0,4259850,4325386,4028193,527633,47.734467,47.69263,0.5336629,0.49907503,0,831,1,2,1,3,1,0,0,0,0,0,0,0,0
237478474,237288428,17763993291687,0.0020826668,0.027569653,0.04107839,0,0.18414101,0.15806678,0.107866205,0.1583987,0.026981428,0.027193317,nan,nan,0.060130626,0.0,4259850,4325386,4028193,527633,45.065735,47.69263,0.52291965,0.49907503,0,831,1,2,1,3,1,0,0,0,0,0,0,0,0
237677942,237487930,17763993291687,0.002839004,0.039826065,0.053695567,0,0.18273914,0.15727821,0.096387036,0.16756092,0.022480411,0.027322445,nan,nan,0.052498024,0.0,4259850,4325386,4028193,527633,46.70326,47.69263,0.4979732,0.49907503,0,831,1,2,1,3,1,0,0,0,0,0,0,0,0
237877241,237687432,17763993291687,0.0031222224,0.03410346,0.04674027,0,0.1886826,0.16066416,0.10195823,0.16735882,0.021616703,0.027115785,nan,nan,0.04526954,0.0,4259850,4325386,4028193,527633,46.74145,47.69263,0.5127665,0.49907503,0,831,1,2,1,3,1,0,0,0,0,0,0,0,0
238076747,237886934,17763993815975,0.002755087,0.019158676,0.03306111,0,0.18730429,0.15986061,0.08613309,0.15684395,0.02580814,0.023581438,0.44528598,nan,0.034629636,0.0,4259850,4325386,4028193,527633,47.679646,47.69263,0.49949092,0.49907503,0,831,1,2,1,3,1,0,0,0,0,0,0,0,0
238276446,238086437,17763993291687,0.0012329826,0.025890335,0.05550842,0,0.18561494,0.1590934,0.07069167,0.3575435,0.038037736,0.03810643,nan,nan,0.01696862,0.0,4259850,4325386,4028193,527633,48.515244,47.69263,0.5108209,0.49907503,0,831,1,2,1,3,1,0,0,0,0,0,0,0,0
238475949,238285938,17763993291687,0.00052527076,0.012477288,0.028559463,0,0.18393229,0.15812589,0.061651964,0.29533178,0.029735196,0.044520054,nan,nan,0.01471188,0.0,4259850,4325386,4028193,527633,46.621597,47.69263,0.5151557,0.49907503,0,831,1,2,1,3,1,0,0,0,0,0,0,0,0
238675709,238485440,17763993815975,0.0005203168,0.017699532,0.035358332,0,0.18259554,0.15745372,0.060908947,0.26163545,0.032272357,0.04467032,0.5158492,nan,0.0119088385,0.0,4259850,4325386,4028193,527633,46.091774,47.69263,0.5041877,0.49907503,0,831,1,2,1,3,1,0,0,0,0,0,0,0,0
238875034,238684943,17763993815975,0.0005748859,0.020678552,0.03817634,0,0.18140617,0.15662174,0.07604682,0.23025471,0.035291925,0.045044452,0.44721773,nan,0.024046263,0.0,4259850,4325386,4028193,527633,46.873436,47.69263,0.510361,0.49907503,0,831,1,2,1,3,1,0,0,0,0,0,0,0,0
239074256,238884444,17763993815975,0.0005811815,0.03035921,0.039354384,0,0.18782853,0.1600431,0.08474501,0.21118577,0.03520251,0.046279535,0.4234421,nan,0.053759187,0.0,4259850,4325386,4028193,527633,47.68546,47.69263,0.5283693,0.49907503,0,831,1,2,1,3,1,0,0,0,0,0,0,0,0
239274227,239083946,17763993815975,0.0026004754,0.07384383,0.09215203,0,0.17946558,0.15527691,0.10300547,0.19608496,0.029195273,0.04459695,0.72847867,nan,0.05332172,0.0,4259850,4325386,4028193,527633,47.41239,47.69263,0.5292415,0.49907503,0,831,1,2,1,3,1,0,0,0,0,0,0,0,0
239473472,239283450,17763993815975,0.0034588685,0.084079295,0.10514451,0,0.17869245,0.15476635,0.104373485,0.16794083,0.026303938,0.038689543,0.6273994,nan,0.050505005,0.0,4259850,4325386,4028193,527633,46.353527,47.69263,0.52611035,0.49907503,0,831,1,2,1,3,1,0,0,0,0,0,0,0,0
239672994,239482950,17763993815975,0.0026875727,0.062860474,0.08327579,0,0.17804216,0.15420428,0.14131011,0.15157105,0.023474937,0.03810922,0.80117345,nan,0.044518657,0.0,4259850,4325386,4028193,527633,46.244213,47.69263,0.5322499,0.49907503,0,831,1,2,1,3,1,0,0,0,0,0,0,0,0
239872463,239682452,17763993815975,0.0019920536,0.042566016,0.06587448,0,0.1774982,0.153804,0.16333945,0.15804645,0.02038736,0.0397206,0.7582929,nan,0.03730181,0.0,4259850,4325386,4028193,527633,44.22594,47.69263,0.53472525,0.49907503,0,831,1,2,1,3,1,0,0,0,0,0,0,0,0
240071767,239881954,17763993815975,0.0017765231,0.042290084,0.06624719,0,0.18389381,0.15731338,0.17192602,0.18487084,0.01873663,0.039769772,0.81999713,nan,0.035016675,0.0,4259850,4325386,4028193,527633,43.71422,47.69263,0.5221847,0.49907503,0,831,1,2,1,3,1,0,0,0,0,0,0,0,0
240281451,240091431,17763993815975,0.0014779943,0.044953454,0.0681402,0,0.17701031,0.1533193,0.16733266,0.17837997,0.015418251,0.040677585,0.698809,nan,0.037344273,0.0,4259850,4325386,4028193,527633,44.584335,47.69263,0.51815057,0.49907503,0,831,1,2,1,3,1,0,0,0,0,0,0,0,0
240480861,240290933,17763993815975,0.0009042121,0.021654218,0.035436198,0,0.1766023,0.15293618,0.15202962,0.1487847,0.013696712,0.04004798,0.5857102,nan,0.031962786,0.0,4259850,4325386,4028193,527633,45.218517,47.69263,0.53212774,0.49907503,0,831,1,2,1,3,1,0,0,0,0,0,0,0,0
240680478,240490435,17763993815975,0.0007805797,0.02154965,0.03014733,0,0.17615443,0.1526732,0.12900357,0.12774931,0.013538572,0.03798967,0.5075388,nan,0.029548358,0.0,4259850,4325386,4028193,527633,45.62706,47.69263,0.5314471,0.49907503,0,831,1,2,1,3,1,0,0,0,0,0,0,0,0
240880155,240689936,17763993815975,0.0006763479,0.017867796,0.025382359,0,0.17583343,0.1524862,0.109538,0.1459671,0.012586539,0.036569998,0.45390192,nan,0.026408575,0.0,4259850,4325386,4028193,527633,44.994198,47.69263,0.532442,0.49907503,0,831,1,2,1,3,1,0,0,0,0,0,0,0,0
241079252,240889438,17763993815975,0.00110654,0.017791362,0.025505546,0,0.18221371,0.15590574,0.097939536,0.13255475,0.012372635,0.03606793,0.80871236,nan,0.02358396,0.0,4259850,4325386,4028193,527633,45.180744,47.69263,0.53017545,0.49907503,0,831,1,2,1,3,1,0,0,0,0,0,0,0,0
241279016,241088940,17763993815975,0.0022165556,0.04063315,0.0532508,0,0.17509328,0.15193637,0.095692605,0.14174154,0.031880137,0.037047155,0.87996197,nan,0.012848573,0.0,4259850,4325386,4028193,527633,43.164513,47.69263,0.5256777,0.49907503,0,831,1,2,1,3,1,0,0,0,0,0,0,0,0
241478254,241288442,17763993815975,0.0028739905,0.056151148,0.06985935,0,0.17489788,0.15168867,0.11462518,0.1511296,0.027490795,0.036053665,0.86664325,nan,0.0090625845,0.0,4259850,4325386,4028193,527633,44.61639,47.69263,0.53656787,0.49907503,0,831,1,2,1,3,1,0,0,0,0,0,0,0,0
241677960,241487944,17763993815975,0.0031155967,0.06249349,0.08292536,0,0.17467758,0.15155278,0.15509191,0.20365022,0.024924345,0.03578703,0.7295933,nan,0.0083640795,0.0,4259850,4325386,4028193,527633,42.016373,47.69263,0.5471687,0.49907503,0,831,1,2,1,3,1,0,0,0,0,0,0,0,0
241877253,241687445,17763993815975,0.0036577135,0.05538561,0.077063985,0,0.174602,0.15136217,0.12793666,0.19929664,0.020774214,0.034590054,0.6465956,nan,0.0070493715,0.0,4259850,4325386,4028193,527633,43.152237,47.69263,0.52915823,0.49907503,0,831,1,2,1,3,1,0,0,0,0,0,0,0,0
242076876,241886947,17763993815975,0.0027641584,0.03333077,0.051633094,0,0.1810748,0.15499854,0.119485006,0.19683377,0.01881142,0.034153637,0.55799353,nan,0.006925083,0.0,4259850,4325386,4028193,527633,42.009613,47.69263,0.5355473,0.49907503,0,831,1,2,1,3,1,0,0,0,0,0,0,0,0
242276477,242086449,17763993815975,0.0041532484,0.0625393,0.08821491,0,0.17400976,0.15099074,0.094784044,0.18272875,0.05264168,0.033080433,0.5758991,nan,0.0054869168,0.0,4259850,4325386,4028193,527633,43.46626,47.69263,0.53042686,0.49907503,0,831,1,2,1,3,1,0,0,0,0,0,0,0,0
242475764,242285950,17763993815975,0.0046877996,0.06122662,0.081134245,0,0.17395341,0.15099855,0.08157303,0.19968054,0.04394534,0.03282117,0.5230504,nan,0.013761402,0.0,4259850,4325386,4028193,527633,44.009174,47.69263,0.55627054,0.49907503,0,831,1,2,1,3,1,0,0,0,0,0,0,0,0
242675511,242485452,17763993815975,0.0046862205,0.057186067,0.08598121,0,0.17386857,0.15082505,0.09476305,0.21044634,0.03836085,0.03713903,0.47236913,nan,0.015455245,0.0,4259850,4325386,4028193,527633,43.11337,47.69263,0.5332618,0.49907503,0,831,1,2,1,3,1,0,0,0,0,0,0,0,0
242874859,242684954,17763993815975,0.005069263,0.055976428,0.07911194,0,0.17386429,0.15085039,0.09433545,0.21553952,0.03423376,0.042464685,0.44200763,nan,0.014549179,0.0,4259850,4325386,4028193,527633,44.786636,47.69263,0.5492649,0.49907503,0,831,1,2,1,3,1,0,0,0,0,0,0,0,0
243074639,242884456,17763993815975,0.004158256,0.039021138,0.051277436,0,0.18071073,0.15440245,0.11370065,0.23855059,0.031270392,0.043924145,0.45699084,nan,0.01301065,0.0,4259850,4325386,4028193,527633,44.43997,47.69263,0.5372001,0.49907503,0,831,1,2,1,3,1,0,0,0,0,0,0,0,0
243274119,243083958,17763993815975,0.0047102137,0.07781269,0.09855734,0,0.18002214,0.15420799,0.10111712,0.29175597,0.082724266,0.04407586,0.44106916,nan,0.016734326,0.0,4259850,4325386,4028193,527633,43.881977,47.69263,0.5508645,0.49907503,0,831,1,2,1,3,1,0,0,0,0,0,0,0,0
243473655,243283459,17763993815975,0.0037926878,0.053780038,0.077636555,0,0.17932712,0.15380503,0.12414216,0.2626654,0.07215781,0.03698916,0.6615737,nan,0.023285028,0.0,4259850,4325386,4028193,527633,42.45895,47.69263,0.56207615,0.49907503,0,831,1,2,1,3,1,0,0,0,0,0,0,0,0
243673154,243482961,17763993815975,0.0033986457,0.045078702,0.06868323,0,0.17861186,0.15355194,0.1572799,0.25029078,0.06510423,0.035733476,0.7475567,nan,0.023768356,0.0,4259850,4325386,4028193,527633,44.04192,47.69263,0.5319642,0.49907503,0,831,1,2,1,3,1,0,0,0,0,0,0,0,0
243872620,243682462,17763993815975,0.003986178,0.05573907,0.07671979,0,0.17803,0.15337335,0.14474575,0.27510136,0.06042776,0.034691017,0.6831478,nan,0.020842848,0.0,4259850,4325386,4028193,527633,43.719612,47.69263,0.5527788,0.49907503,0,831,1,2,1,3,1,0,0,0,0,0,0,0,0
244071911,243881964,17763993815975,0.0022312456,0.015623511,0.026003929,0,0.184685,0.156866,0.15582356,0.25362116,0.058256485,0.037423577,0.6476054,nan,0.018282384,0.0,4259850,4325386,4028193,527633,43.299324,47.69263,0.5537445,0.49907503,0,831,1,2,1,3,1,0,0,0,0,0,0,0,0
244271632,244081465,17763993815975,0.0037600019,0.05103301,0.07476301,0,0.17688805,0.15283355,0.15975069,0.27311295,0.07352821,0.042458344,0.82754755,nan,0.019888535,0.0,4259850,4325386,4028193,527633,45.680546,47.69263,0.5395761,0.49907503,0,831,1,2,1,3,1,0,0,0,0,0,0,0,0
244480956,244290942,17763993815975,0.0033010454,0.03405436,0.05555099,0,0.17712949,0.15293516,0.16300066,0.25510776,0.06692572,0.04047937,0.8303514,nan,0.03280214,0.0,4259850,4325386,4028193,527633,43.72167,47.69263,0.54198056,0.49907503,0,831,1,2,1,3,1,0,0,0,0,0,0,0,0
244680603,244490444,17763993815975,0.0033155717,0.029510409,0.04690648,0,0.17681843,0.15285791,0.15105776,0.26270446,0.061571807,0.040499713,0.71949744,nan,0.038392052,0.0,4259850,4325386,4028193,527633,43.84636,47.69263,0.5414409,0.49907503,0,831,1,2,1,3,1,0,0,0,0,0,0,0,0
244879920,244689945,17763993815975,0.0034977142,0.034830973,0.045602992,0,0.1764443,0.15261416,0.13050127,0.2612498,0.058382,0.0417986,0.66476697,nan,0.041053575,0.0,4259850,4325386,4028193,527633,43.39002,47.69263,0.58053035,0.49907503,0,831,1,2,1,3,1,0,0,0,0,0,0,0,0
245079387,244889447,17763993815975,0.0025493877,0.006848343,0.011806061,0,0.18304297,0.1563585,0.14458588,0.2609858,0.05768779,0.04197399,0.7725097,nan,0.049747463,0.0,4259850,4325386,4028193,527633,44.364483,47.69263,0.5413187,0.49907503,0,831,1,2,1,3,1,0,0,0,0,0,0,0,0
245279066,245088949,17763993815975,0.0034740877,0.03293901,0.054883946,0,0.17578775,0.15235351,0.16773354,0.28008604,0.07487088,0.042561665,0.65833914,nan,0.054321524,0.0,4259850,4325386,4028193,527633,43.416367,47.69263,0.53887963,0.49907503,0,831,1,2,1,3,1,0,0,0,0,0,0,0,0
245478314,245288449,17763993815975,0.0036197703,0.023128849,0.037637223,0,0.1755812,0.15233855,0.17037705,0.2687823,0.06839361,0.042665787,0.5586592,nan,0.060378868,0.0,4259850,4325386,4028193,527633,43.296,47.69263,0.5368522,0.49907503,0,831,1,2,1,3,1,0,0,0,0,0,0,0,0
245677771,245487951,17763993815975,0.0039909277,0.026357094,0.042307124,0,0.1753944,0.15225327,0.19849502,0.26162323,0.066442385,0.042513177,0.4783959,nan,0.06147512,0.0,4259850,4325386,4028193,527633,43.342762,47.69263,0.53349733,0.49907503,0,831,1,2,1,3,1,0,0,0,0,0,0,0,0
245877299,245687452,17763993815975,0.0050162515,0.04257747,0.060199942,0,0.17510942,0.15226553,0.22091524,0.27429977,0.06703468,0.042983063,0.78933954,nan,0.06646563,0.0,4259850,4325386,4028193,527633,41.34218,47.69263,0.5465411,0.49907503,0,831,1,2,1,3,1,0,0,0,0,0,0,0,0
246076779,245886956,17763993815975,0.004147906,0.007411871,0.008374844,0,0.18165436,0.15589081,0.23540083,0.26292455,0.06881075,0.04200606,0.68171704,nan,0.06851362,0.0,4259850,4325386,4028193,527633,44.04624,47.69263,0.53475296,0.49907503,0,831,1,2,1,3,1,0,0,0,0,0,0,0,0
246276264,246086456,17763993815975,0.0055277455,0.049120802,0.07510845,0,0.17469151,0.15216756,0.23699787,0.3198726,0.09006267,0.038894974,0.58605,nan,0.07361588,0.0,4259850,4325386,4028193,527633,43.32583,47.69263,0.5365928,0.49907503,0,831,1,2,1,3,1,0,0,0,0,0,0,0,0
246476009,246285957,17763993815975,0.0049050995,0.03328617,0.050297525,0,0.17466149,0.15211782,0.21953352,0.31060788,0.08390014,0.04120144,0.5143097,nan,0.07235839,0.0,4259850,4325386,4028193,527633,43.693348,47.69263,0.5482923,0.49907503,0,831,1,2,1,3,1,0,0,0,0,0,0,0,0
246675690,246485458,17763993815975,0.0037078978,0.028171608,0.04148184,0,0.17451717,0.15215549,0.1996172,0.2941496,0.08152769,0.039934546,0.45852453,nan,0.07464358,0.0,4259850,4325386,4028193,527633,44.711163,47.69263,0.534778,0.49907503,0,831,1,2,1,3,1,0,0,0,0,0,0,0,0
246875032,246684959,17763993815975,0.003736675,0.042008866,0.055120636,0,0.17441055,0.15206283,0.18379426,0.31580245,0.081545204,0.040352758,0.46093202,nan,0.073448814,0.0,4259850,4325386,4028193,527633,44.445625,47.69263,0.5569267,0.49907503,0,831,1,2,1,3,1,0,0,0,0,0,0,0,0
247074288,246884461,17763993815975,0.002497872,0.017340772,0.023955755,0,0.18112125,0.1558382,0.18119563,0.2944378,0.08019862,0.039099447,0.39691254,nan,0.07851508,0.0,4259850,4325386,4028193,527633,44.279434,47.69263,0.53387904,0.49907503,0,831,1,2,1,3,1,0,0,0,0,0,0,0,0
247273995,247083962,17763993815975,0.0029778616,0.032371413,0.052616287,0,0.17421797,0.1521475,0.18045078,0.26800257,0.09380921,0.03813381,0.61633813,nan,0.077786386,0.0,4259850,4325386,4028193,527633,44.88348,47.69263,0.5361908,0.49907503,0,831,1,2,1,3,1,0,0,0,0,0,0,0,0
247473476,247283463,17763993815975,0.0028078342,0.029191734,0.04439839,0,0.17417341,0.15210229,0.1784027,0.2517724,0.088988416,0.03972808,0.5945552,nan,0.07855135,0.0,4259850,4325386,4028193,527633,45.551422,47.69263,0.5345849,0.49907503,0,831,1,2,1,3,1,0,0,0,0,0,0,0,0
247672980,247482964,17763993815975,0.0030434628,0.030901978,0.04303465,0,0.17408623,0.15215246,0.19066775,0.26602006,0.08568626,0.041144736,0.699178,nan,0.08932502,0.0,4259850,4325386,4028193,527633,44.891064,47.69263,0.5284212,0.49907503,0,831,1,2,1,3,1,0,0,0,0,0,0,0,0
247882254,247692444,17763993815975,0.002771742,0.024698712,0.03853484,0,0.17476925,0.15248163,0.24026382,0.25204664,0.08379322,0.04051698,0.62371105,nan,0.10578308,0.0,4259850,4325386,4028193,527633,47.332054,47.69263,0.5093022,0.49907503,0,831,1,2,1,3,1,0,0,0,0,0,0,0,0
248071806,247881967,17763993815975,0.0034675398,0.033336762,0.048837654,0,0.18071018,0.15582612,0.2559788,0.25481927,0.08387309,0.039870918,0.6037148,nan,0.1143356,0.0,4259850,4325386,4028193,527633,46.922276,47.69263,0.5109469,0.49907503,0,831,1,2,1,3,1,0,0,0,0,0,0,0,0
248271280,248081468,17763993815975,0.0044938447,0.04122737,0.05826717,0,0.17390098,0.15199342,0.2725182,0.27655917,0.09157473,0.039296698,0.73684156,nan,0.12544698,0.0,4259850,4325386,4028193,527633,45.697487,47.69263,0.50039214,0.49907503,0,831,1,2,1,3,1,0,0,0,0,0,0,0,0
248471314,248280969,17763993815975,0.0053435615,0.045813136,0.06387198,0,0.1738868,0.15208127,0.2922015,0.30851358,0.09029571,0.039258696,0.73406744,nan,0.12665185,0.0,4259850,4325386,4028193,527633,44.92173,47.69263,0.49902785,0.49907503,0,831,1,2,1,3,1,0,0,0,0,0,0,0,0
248680459,248490445,17763993291687,0.005294457,0.033819195,0.05315084,0,0.17447612,0.15236403,0.2992855,0.3201433,0.08994263,0.03789981,nan,nan,0.12814389,0.0,4259850,4325386,4028193,527633,45.06706,47.69263,0.5177562,0.49907503,0,831,1,2,1,3,1,0,0,0,0,0,0,0,0
248879763,248689947,17763993291687,0.004775955,0.028631307,0.0451489,0,0.17446499,0.1524508,0.30311888,0.32264176,0.09035734,0.035938073,nan,nan,0.12301715,0.0,4259850,4325386,4028193,527633,44.968044,47.69263,0.5157445,0.49907503,0,831,1,2,1,3,1,0,0,0,0,0,0,0,0
249079260,248889447,17763993291687,0.004404755,0.014192157,0.02924506,0,0.18097039,0.15603201,0.31272188,0.3221459,0.0907195,0.036148857,nan,nan,0.115394115,0.0,4259850,4325386,4028193,527633,44.31593,47.69263,0.518899,0.49907503,0,831,1,2,1,3,1,0,0,0,0,0,0,0,0
249278772,249088948,17763993291687,0.0041484726,0.02233964,0.041158393,0,0.17424005,0.1523853,0.30585614,0.29940134,0.09694995,0.035999738,nan,nan,0.10138669,0.0,4259850,4325386,4028193,527633,42.89238,47.69263,0.54564875,0.49907503,0,831,1,2,1,3,1,0,0,0,0,0,0,0,0
249478292,249288449,17763993291687,0.0035554324,0.013173317,0.025320027,0,0.17413297,0.15227163,0.28799286,0.28592613,0.093231164,0.036742926,nan,nan,0.093943045,0.0,4259850,4325386,4028193,527633,42.82791,47.69263,0.5473667,0.49907503,0,831,1,2,1,3,1,0,0,0,0,0,0,0,0
249677769,249487950,17763993291687,0.003938758,0.026238477,0.02662735,0,0.17412037,0.1523431,0.2917276,0.29677138,0.09103453,0.034756027,nan,nan,0.08282149,0.0,4259850,4325386,4028193,527633,40.845993,47.69263,0.530456,0.49907503,0,831,1,2,1,3,1,0,0,0,0,0,0,0,0
249877333,249687451,17763993291687,0.004110092,0.02862298,0.027169267,0,0.17399572,0.15220678,0.30579942,0.28009722,0.08795868,0.032819666,nan,nan,0.0719264,0.0,4259850,4325386,4028193,527633,41.587765,47.69263,0.5339777,0.49907503,0,831,1,2,1,3,1,0,0,0,0,0,0,0,0
250076994,249886952,17763993291687,0.0036694438,0.05013596,0.055459123,0,0.18043779,0.1558916,0.29362616,0.2592117,0.08663129,0.03480516,nan,nan,0.053075247,0.0,4259850,4325386,4028193,527633,42.31873,47.69263,0.5493906,0.49907503,0,831,1,2,1,3,1,0,0,0,0,0,0,0,0
250276293,250086453,17763993291687,0.0027042131,0.06234239,0.072195895,0,0.17378221,0.15212482,0.27620903,0.18840757,0.09778885,0.038510103,nan,nan,0.046422698,0.0,4259850,4325386,4028193,527633,43.809563,47.69263,0.551856,0.49907503,0,831,1,2,1,3,1,0,0,0,0,0,0,0,0
250475772,250285954,17763993291687,0.003560677,0.07469169,0.09092013,0,0.17380334,0.15217045,0.27685466,0.15505227,0.08578675,0.040670864,nan,nan,0.040945854,0.0,4259850,4325386,4028193,527633,43.127552,47.69263,0.5404656,0.49907503,0,831,1,2,1,3,1,0,0,0,0,0,0,0,0
250675299,250485455,17763993291687,0.0036759374,0.07952823,0.10704913,0,0.17388162,0.15209973,0.25991097,0.1209094,0.074818775,0.041498035,nan,nan,0.03660588,0.0,4259850,4325386,4028193,527633,45.587418,47.69263,0.54335314,0.49907503,0,831,1,2,1,3,1,0,0,0,0,0,0,0,0
250874783,250684956,17763993291687,0.0040293518,0.088108905,0.12016327,0,0.17404673,0.15222935,0.22645432,0.08231589,0.0645139,0.040228285,nan,nan,0.030108502,0.0,4259850,4325386,4028193,527633,43.563393,47.69263,0.549893,0.49907503,0,831,1,2,1,3,1,0,0,0,0,0,0,0,0
251074287,250884457,17763993291687,0.003947686,0.07605141,0.10995182,0,0.18098575,0.15599711,0.220683,0.10081194,0.060104843,0.038107526,nan,nan,0.026198996,0.0,4259850,4325386,4028193,527633,43.883377,47.69263,0.5517043,0.49907503,0,831,1,2,1,3,1,0,0,0,0,0,0,0,0
251273789,251083958,17763993291687,0.0052909567,0.08819169,0.118326865,0,0.1740795,0.15227783,0.1911336,0.08990407,0.07154326,0.039626114,nan,nan,0.023722893,0.0,4259850,4325386,4028193,527633,43.721622,47.69263,0.5723799,0.49907503,0,831,1,2,1,3,1,0,0,0,0,0,0,0,0
251483273,251293434,17763993291687,0.0050985427,0.08906442,0.12729608,0,0.17488079,0.15265152,0.17302783,0.12089583,0.059574414,0.03822336,nan,nan,0.020646166,0.0,4259850,4325386,4028193,527633,44.655445,47.69263,0.5529365,0.49907503,0,831,1,2,1,3,1,0,0,0,0,0,0,0,0
251682944,251492935,17763993291687,0.004095146,0.081784934,0.12365645,0,0.17503747,0.15282516,0.15757632,0.12838209,0.04959818,0.040435523,nan,nan,0.016068192,0.0,4259850,4325386,4028193,527633,45.282265,47.69263,0.5500242,0.49907503,0,831,1,2,1,3,1,0,0,0,0,0,0,0,0
251882279,251692436,17763993291687,0.0029541368,0.07462494,0.11606805,0,0.17505966,0.15292749,0.14536965,0.14069487,0.041469276,0.038905762,nan,nan,0.01138799,0.0,4259850,4325386,4028193,527633,44.867805,47.69263,0.54967624,0.49907503,0,831,1,2,1,3,1,0,0,0,0,0,0,0,0
252081758,251891936,17763993291687,0.0021551833,0.059536748,0.09434977,0,0.1820129,0.15659046,0.14396839,0.18116266,0.038291976,0.037593532,nan,nan,0.01858347,0.0,4259850,4325386,4028193,527633,45.721226,47.69263,0.55691427,0.49907503,0,831,1,2,1,3,1,0,0,0,0,0,0,0,0
252281307,252091437,17763993291687,0.0021432864,0.06396571,0.096412934,0,0.17493957,0.15296374,0.14753167,0.15248422,0.040776454,0.035479367,nan,nan,0.030070586,0.0,4259850,4325386,4028193,527633,43.454918,47.69263,0.55946434,0.49907503,0,831,1,2,1,3,1,0,0,0,0,0,0,0,0
252480765,252290938,17763993291687,0.0024143022,0.059361532,0.0938058,0,0.17489915,0.15290134,0.2412319,0.16033925,0.033371333,0.035741463,nan,nan,0.02787869,0.0,4259850,4325386,4028193,527633,45.74239,47.69263,0.53960276,0.49907503,0,831,1,2,1,3,1,0,0,0,0,0,0,0,0
252680252,252490439,17763993291687,0.0026513296,0.065026775,0.097029574,0,0.1748999,0.15303867,0.21957089,0.18384705,0.02570712,0.03704053,nan,nan,0.024272742,0.0,4259850,4325386,4028193,527633,44.526993,47.69263,0.5419333,0.49907503,0,831,1,2,1,3,1,0,0,0,0,0,0,0,0
252879764,252689940,17763993291687,0.0030983158,0.061168265,0.09123871,0,0.17477708,0.15298316,0.25041965,0.1862756,0.017380517,0.038743354,nan,nan,0.02108731,0.0,4259850,4325386,4028193,527633,45.14548,47.69263,0.5375333,0.49907503,0,831,1,2,1,3,1,0,0,0,0,0,0,0,0
253079443,252889441,17763993291687,0.0028498627,0.041554347,0.06855382,0,0.18152355,0.15677193,0.24433042,0.2007122,0.011209416,0.039697055,nan,nan,0.013954131,0.0,4259850,4325386,4028193,527633,43.013157,47.69263,0.5261088,0.49907503,0,831,1,2,1,3,1,0,0,0,0,0,0,0,0
253278765,253088942,17763993291687,0.0022568922,0.032664753,0.05844861,0,0.17454505,0.15304253,0.23869693,0.16353261,0.015574034,0.037969626,nan,nan,0.017284459,0.0,4259850,4325386,4028193,527633,47.12623,47.69263,0.5608313,0.49907503,0,831,1,2,1,3,1,0,0,0,0,0,0,0,0
253478258,253288442,17763993291687,0.0025915625,0.034852896,0.054482825,0,0.17452604,0.15319574,0.24180453,0.1539639,0.016284497,0.036938444,nan,nan,0.01857797,0.0,4259850,4325386,4028193,527633,46.190613,47.69263,0.52219945,0.49907503,0,831,1,2,1,3,1,0,0,0,0,0,0,0,0
253677990,253487943,17763993291687,0.003824896,0.039445613,0.05638868,0,0.17442247,0.15315975,0.31144705,0.15750015,0.021528415,0.036279064,nan,nan,0.018387694,0.0,4259850,4325386,4028193,527633,46.48652,47.69263,0.5279908,0.49907503,0,831,1,2,1,3,1,0,0,0,0,0,0,0,0
253877253,253687444,17763993291687,0.0027827446,0.02356399,0.03836038,0,0.17432427,0.15327325,0.27955994,0.12901118,0.023354027,0.03531591,nan,nan,0.0338007,0.0,4259850,4325386,4028193,527633,45.673836,47.69263,0.53769374,0.49907503,0,831,1,2,1,3,1,0,0,0,0,0,0,0,0
254076803,253886944,17763993291687,0.0022520267,0.013855952,0.027822785,0,0.18099652,0.1569163,0.32070294,0.13958232,0.025704179,0.034349006,nan,nan,0.04556629,0.0,4259850,4325386,4028193,527633,45.27425,47.69263,0.50787526,0.49907503,0,831,1,2,1,3,1,0,0,0,0,0,0,0,0
254276256,254086445,17763993291687,0.00087126973,0.030432718,0.036036354,0,0.17411765,0.15334044,0.33316848,0.14322476,0.019202892,0.032222927,nan,nan,0.05028528,0.0,4259850,4325386,4028193,527633,42.55222,47.69263,0.5119167,0.49907503,0,831,1,2,1,3,1,0,0,0,0,0,0,0,0
254475804,254285946,17763993291687,0.0014695146,0.030348223,0.043717753,0,0.17411897,0.15349294,0.33096337,0.119105585,0.021626934,0.030748842,nan,nan,0.04892647,0.0,4259850,4325386,4028193,527633,46.568535,47.69263,0.49969074,0.49907503,0,831,1,2,1,3,1,0,0,0,0,0,0,0,0
254675256,254485447,17763993291687,0.0032202636,0.053627614,0.06487477,0,0.17401063,0.15343554,0.28594872,0.15128542,0.02221678,0.028094046,nan,nan,0.04865059,0.0,4259850,4325386,4028193,527633,43.165745,47.69263,0.51419395,0.49907503,0,831,1,2,1,3,1,0,0,0,0,0,0,0,0
254874996,254684947,17763993291687,0.0038721638,0.04937158,0.06327739,0,0.17394136,0.1535305,0.24693109,0.13170235,0.026350666,0.025511358,nan,nan,0.03687352,0.0,4259850,4325386,4028193,527633,43.98999,47.69263,0.5323323,0.49907503,0,831,1,2,1,3,1,0,0,0,0,0,0,0,0
255074261,254884448,17763993291687,0.0018328904,0.017372195,0.033417795,0,0.18071057,0.15716897,0.229785,0.116528936,0.027627585,0.023197286,nan,nan,0.03319995,0.0,4259850,4325386,4028193,527633,42.916443,47.69263,0.530211,0.49907503,0,831,1,2,1,3,1,0,0,0,0,0,0,0,0
255273761,255083949,17763993291687,0.0010212422,0.015125775,0.02744293,0,0.17386718,0.15353101,0.26556244,0.13096724,0.018742586,0.020757617,nan,nan,0.032094475,0.0,4259850,4325386,4028193,527633,47.085274,47.69263,0.50615835,0.49907503,0,831,1,2,1,3,1,0,0,0,0,0,0,0,0
255473260,255283449,17763993291687,0.0013048609,0.02069265,0.033478826,0,0.17394322,0.15349765,0.2557227,0.11784787,0.012491927,0.017891686,nan,nan,0.04147352,0.0,4259850,4325386,4028193,527633,46.133385,47.69263,0.511267,0.49907503,0,831,1,2,1,3,1,0,0,0,0,0,0,0,0
255682739,255492925,17763993291687,0.0025319199,0.046035346,0.061664015,0,0.17457372,0.1539351,0.22947241,0.16207361,0.01778889,0.016435027,nan,nan,0.040565178,0.0,4259850,4325386,4028193,527633,44.3524,47.69263,0.5303845,0.49907503,0,831,1,2,1,3,1,0,0,0,0,0,0,0,0
255882249,255692426,17763993291687,0.0023569183,0.031986516,0.050642677,0,0.17467098,0.15387344,0.20222466,0.14712366,0.02119632,0.014871536,nan,nan,0.037955783,0.0,4259850,4325386,4028193,527633,44.76544,47.69263,0.54485315,0.49907503,0,831,1,2,1,3,1,0,0,0,0,0,0,0,0
256081800,255891926,17763993291687,0.0012715368,0.019172287,0.03647743,0,0.18141633,0.15757212,0.18166006,0.13441692,0.019416098,0.014012994,nan,nan,0.033354566,0.0,4259850,4325386,4028193,527633,44.073967,47.69263,0.5386728,0.49907503,0,831,1,2,1,3,1,0,0,0,0,0,0,0,0
256281479,256091427,17763993291687,0.0008111026,0.023897735,0.04530185,0,0.17449558,0.15371132,0.158949,0.09346103,0.022190893,0.016653493,nan,nan,0.027023736,0.0,4259850,4325386,4028193,527633,43.25128,47.69263,0.54613024,0.49907503,0,831,1,2,1,3,1,0,0,0,0,0,0,0,0
256480898,256290928,17763993291687,0.0009853566,0.025694795,0.038779266,0,0.17444746,0.15374888,0.1716294,0.1218976,0.02123331,0.019119903,nan,nan,0.023532052,0.0,4259850,4325386,4028193,527633,43.065315,47.69263,0.5369721,0.49907503,0,831,1,2,1,3,1,0,0,0,0,0,0,0,0
256680366,256490428,17763993291687,0.001035988,0.025227517,0.038316812,0,0.17430396,0.15358903,0.15623268,0.12403758,0.019643836,0.019749586,nan,nan,0.021645907,0.0,4259850,4325386,4028193,527633,44.59124,47.69263,0.5489957,0.49907503,0,831,1,2,1,3,1,0,0,0,0,0,0,0,0
256879865,256689929,17763993291687,0.0005270407,0.010593497,0.016179085,0,0.1743285,0.15362868,0.13638268,0.10234949,0.017316772,0.021499282,nan,nan,0.020623343,0.0,4259850,4325386,4028193,527633,44.64151,47.69263,0.5527336,0.49907503,0,831,1,2,1,3,1,0,0,0,0,0,0,0,0
257079718,256889429,17763993291687,0.00083618803,0.014336777,0.021315789,0,0.18097904,0.15714908,0.12892398,0.09340619,0.016199606,0.023516472,nan,nan,0.035781514,0.0,4259850,4325386,4028193,527633,44.21952,47.69263,0.5455689,0.49907503,0,831,1,2,1,3,1,0,0,0,0,0,0,0,0
257278859,257088930,17763993291687,0.00079037267,0.010702241,0.017078388,0,0.17415003,0.15349227,0.12609603,0.058965437,0.025968393,0.025853418,nan,nan,0.034536812,0.0,4259850,4325386,4028193,527633,44.665535,47.69263,0.5367567,0.49907503,0,831,1,2,1,3,1,0,0,0,0,0,0,0,0
257478432,257288430,17763993291687,0.0012653247,0.018852862,0.024342194,0,0.17407817,0.15337619,0.13017829,0.08353827,0.021646922,0.027140267,nan,nan,0.032097347,0.0,4259850,4325386,4028193,527633,43.8898,47.69263,0.5556668,0.49907503,0,831,1,2,1,3,1,0,0,0,0,0,0,0,0
257677916,257487931,17763993291687,0.0023360243,0.036780644,0.047094952,0,0.17403296,0.15341821,0.14637563,0.15105307,0.018025473,0.027130445,nan,nan,0.02823876,0.0,4259850,4325386,4028193,527633,43.75172,47.69263,0.5431356,0.49907503,0,831,1,2,1,3,1,0,0,0,0,0,0,0,0
257877540,257687431,17763993291687,0.0024880318,0.031261407,0.042386703,0,0.17405131,0.1533709,0.13943501,0.13196935,0.014963779,0.02652153,nan,nan,0.02354952,0.0,4259850,4325386,4028193,527633,43.777573,47.69263,0.55564034,0.49907503,0,831,1,2,1,3,1,0,0,0,0,0,0,0,0
258076869,257886933,17763993291687,0.002048051,0.01791702,0.030941248,0,0.18066616,0.15708463,0.14373344,0.12309772,0.013503218,0.026146717,nan,nan,0.021899555,0.0,4259850,4325386,4028193,527633,44.850475,47.69263,0.54279125,0.49907503,0,831,1,2,1,3,1,0,0,0,0,0,0,0,0
258276330,258086435,17763993291687,0.0027209644,0.036134694,0.048303,0,0.17395405,0.15354322,0.14253618,0.15709844,0.01753578,0.026950276,nan,nan,0.019200342,0.0,4259850,4325386,4028193,527633,43.644527,47.69263,0.5429982,0.49907503,0,831,1,2,1,3,1,0,0,0,0,0,0,0,0
258476077,258285933,17763993291687,0.0034526687,0.04203454,0.059854623,0,0.17395166,0.15351489,0.15000136,0.16507858,0.025024613,0.028853968,nan,nan,0.016508248,0.0,4259850,4325386,4028193,527633,44.33045,47.69263,0.5521221,0.49907503,0,831,1,2,1,3,1,0,0,0,0,0,0,0,0
258675331,258485433,17763993291687,0.004271856,0.05612861,0.07862043,0,0.17403732,0.15368254,0.14975278,0.17039706,0.029415552,0.029212154,nan,nan,0.009418069,0.0,4259850,4325386,4028193,527633,43.60326,47.69263,0.54530567,0.49907503,0,831,1,2,1,3,1,0,0,0,0,0,0,0,0
258874825,258684933,17763993291687,0.0042921198,0.048156843,0.069543056,0,0.17406751,0.15366316,0.17567042,0.14735837,0.033165086,0.028915577,nan,nan,0.02461496,0.0,4259850,4325386,4028193,527633,44.787685,47.69263,0.54918563,0.49907503,0,831,1,2,1,3,1,0,0,0,0,0,0,0,0
259074241,258884434,17763993291687,0.003596485,0.03277476,0.04839598,0,0.18095325,0.15749215,0.19923307,0.17503467,0.03483833,0.028246898,nan,nan,0.03804185,0.0,4259850,4325386,4028193,527633,45.408997,47.69263,0.5431554,0.49907503,0,831,1,2,1,3,1,0,0,0,0,0,0,0,0
259273778,259083934,17763993291687,0.0028236797,0.027584065,0.043548074,0,0.17410618,0.15379961,0.20871964,0.13797668,0.033933535,0.030599792,nan,nan,0.037518606,0.0,4259850,4325386,4028193,527633,45.10169,47.69263,0.5732418,0.49907503,0,831,1,2,1,3,1,0,0,0,0,0,0,0,0
259473312,259283435,17763993291687,0.0033642673,0.043932114,0.062640466,0,0.17423475,0.15395616,0.1980427,0.15825993,0.036459185,0.029216044,nan,nan,0.04219024,0.0,4259850,4325386,4028193,527633,44.738216,47.69263,0.5507081,0.49907503,0,831,1,2,1,3,1,0,0,0,0,0,0,0,0
259672748,259482935,17763993291687,0.0039479933,0.059583135,0.079625815,0,0.17440106,0.1540026,0.18652682,0.18860617,0.037406646,0.027940813,nan,nan,0.039808262,0.0,4259850,4325386,4028193,527633,46.0772,47.69263,0.54865825,0.49907503,0,831,1,2,1,3,1,0,0,0,0,0,0,0,0
259882221,259692410,17763993291687,0.0034202833,0.050959952,0.07199736,0,0.17512165,0.15453878,0.17087312,0.18464409,0.037763186,0.028066972,nan,nan,0.035383575,0.0,4259850,4325386,4028193,527633,45.300278,47.69263,0.57365566,0.49907503,0,831,1,2,1,3,1,0,0,0,0,0,0,0,0
260081747,259891911,17763993291687,0.0031301528,0.037163377,0.055048775,0,0.18213348,0.15825221,0.25080636,0.20696276,0.037866626,0.030806147,nan,nan,0.030803807,0.0,4259850,4325386,4028193,527633,46.517338,47.69263,0.5522844,0.49907503,0,831,1,2,1,3,1,0,0,0,0,0,0,0,0
260281269,260091415,17763993291687,0.0039358255,0.049483314,0.07225494,0,0.17517847,0.15464607,0.25110757,0.20509197,0.03728519,0.031429477,nan,nan,0.03042672,0.0,4259850,4325386,4028193,527633,43.399605,47.69263,0.56037354,0.49907503,0,831,1,2,1,3,1,0,0,0,0,0,0,0,0
260480971,260290913,17763993291687,0.0046814694,0.07378265,0.10302243,0,0.17526217,0.15462373,0.22719975,0.28039557,0.036704686,0.030779138,nan,nan,0.030876677,0.0,4259850,4325386,4028193,527633,47.23104,47.69263,0.546774,0.49907503,0,831,1,2,1,3,1,0,0,0,0,0,0,0,0
260680228,260490412,17763993291687,0.004283259,0.062085595,0.08781281,0,0.1752913,0.15472049,0.21986088,0.26037458,0.041054122,0.030860748,nan,nan,0.029807746,0.0,4259850,4325386,4028193,527633,47.270935,47.69263,0.5498535,0.49907503,0,831,1,2,1,3,1,0,0,0,0,0,0,0,0
260879770,260689912,17763993291687,0.0042424444,0.059218958,0.08591372,0,0.1752157,0.15463683,0.20513622,0.28027138,0.043190133,0.030713141,nan,nan,0.026270732,0.0,4259850,4325386,4028193,527633,45.839127,47.69263,0.5343957,0.49907503,0,831,1,2,1,3,1,0,0,0,0,0,0,0,0
261079222,260889412,17763993291687,0.0031061436,0.036136348,0.055945672,0,0.18200254,0.15845987,0.1911077,0.29570937,0.045390025,0.030185383,nan,nan,0.020232806,0.0,4259850,4325386,4028193,527633,47.16507,47.69263,0.5466286,0.49907503,0,831,1,2,1,3,1,0,0,0,0,0,0,0,0
261278769,261088913,17763993291687,0.0031610106,0.0416959,0.065368675,0,0.17503236,0.15459317,0.17999345,0.26715943,0.0465121,0.031313293,nan,nan,0.009059313,0.0,4259850,4325386,4028193,527633,46.342094,47.69263,0.5531731,0.49907503,0,831,1,2,1,3,1,0,0,0,0,0,0,0,0
261478225,261288413,17763993291687,0.0033595217,0.048011202,0.0731131,0,0.17506444,0.15467982,0.15859038,0.27968627,0.05317092,0.029632602,nan,nan,0.0070513743,0.0,4259850,4325386,4028193,527633,46.20878,47.69263,0.5407741,0.49907503,0,831,1,2,1,3,1,0,0,0,0,0,0,0,0
261677761,261487913,17763993291687,0.003572226,0.04311722,0.063622735,0,0.17497796,0.15455787,0.14597072,0.2722119,0.060044702,0.029063173,nan,nan,0.012593359,0.0,4259850,4325386,4028193,527633,46.93386,47.69263,0.54829687,0.49907503,0,831,1,2,1,3,1,0,0,0,0,0,0,0,0
261877413,261687414,17763993291687,0.0040892647,0.04352618,0.064344004,0,0.1749098,0.15459602,0.12956043,0.2750163,0.063094705,0.028730309,nan,nan,0.01314033,0.0,4259850,4325386,4028193,527633,46.40863,47.69263,0.54207575,0.49907503,0,831,1,2,1,3,1,0,0,0,0,0,0,0,0
262076730,261886914,17763993291687,0.0032476066,0.014636241,0.030165777,0,0.18164177,0.1583806,0.12673323,0.2842647,0.06447183,0.027121454,nan,nan,0.014135746,0.0,4259850,4325386,4028193,527633,46.09671,47.69263,0.5490178,0.49907503,0,831,1,2,1,3,1,0,0,0,0,0,0,0,0
262276256,262086414,17763993291687,0.0038728856,0.032977343,0.049485333,0,0.18096271,0.1579906,0.13182397,0.33301467,0.06755548,0.028521448,nan,nan,0.012537999,0.0,4259850,4325386,4028193,527633,48.011616,47.69263,0.5322669,0.49907503,0,831,1,2,1,3,1,0,0,0,0,0,0,0,0
262475733,262285914,17763993291687,0.0041130213,0.04602034,0.06535813,0,0.18015744,0.15775023,0.12997098,0.32219753,0.076797284,0.031201676,nan,nan,0.012549697,0.0,4259850,4325386,4028193,527633,47.754974,47.69263,0.53406847,0.49907503,0,831,1,2,1,3,1,0,0,0,0,0,0,0,0
262675442,262485414,17763993291687,0.0041595716,0.035318103,0.057492673,0,0.17939359,0.15731381,0.13810173,0.29531845,0.08105106,0.034841824,nan,nan,0.021907676,0.0,4259850,4325386,4028193,527633,47.312927,47.69263,0.5367908,0.49907503,0,831,1,2,1,3,1,0,0,0,0,0,0,0,0
262874724,262684914,17763993291687,0.0050417427,0.04950673,0.07728052,0,0.17874411,0.15704617,0.12778305,0.3368099,0.08458639,0.03376794,nan,nan,0.022342466,0.0,4259850,4325386,4028193,527633,46.234745,47.69263,0.54014903,0.49907503,0,831,1,2,1,3,1,0,0,0,0,0,0,0,0
263074224,262884414,17763993291687,0.004250573,0.010151967,0.022531522,0,0.18522087,0.16054505,0.16064166,0.32345915,0.08330181,0.034071438,nan,nan,0.019102203,0.0,4259850,4325386,4028193,527633,50.999912,47.69263,0.53210413,0.49907503,0,831,1,2,1,3,1,0,0,0,0,0,0,0,0
263273926,263083917,17763993291687,0.0042964583,0.047283936,0.05882081,0,0.18384737,0.16003379,0.14884304,0.34129173,0.083358765,0.03339296,nan,nan,0.016066771,0.0,4259850,4325386,4028193,527633,47.99671,47.69263,0.51994526,0.49907503,0,831,1,2,1,3,1,0,0,0,0,0,0,0,0
263473426,263283415,17763993291687,0.0041079777,0.038189057,0.05753297,0,0.1824939,0.15936214,0.1525644,0.31929195,0.08835628,0.033258542,nan,nan,0.022462422,0.0,4259850,4325386,4028193,527633,51.008316,47.69263,0.52118987,0.49907503,0,831,1,2,1,3,1,0,0,0,0,0,0,0,0
263672926,263482917,17763993291687,0.0045606596,0.047754116,0.0730031,0,0.18131605,0.15884528,0.1319507,0.34630176,0.09090822,0.031654455,nan,nan,0.03638804,0.0,4259850,4325386,4028193,527633,47.707256,47.69263,0.52729106,0.49907503,0,831,1,2,1,3,1,0,0,0,0,0,0,0,0
263872727,263682415,17763993291687,0.0052043893,0.056251302,0.083877124,0,0.18033494,0.15824701,0.11578951,0.3548802,0.09216539,0.029700466,nan,nan,0.037723396,0.0,4259850,4325386,4028193,527633,47.204056,47.69263,0.53656185,0.49907503,0,831,1,2,1,3,1,0,0,0,0,0,0,0,0
264081926,263891890,17763993291687,0.004263543,0.0149518605,0.031879984,0,0.1873162,0.16216998,0.10505788,0.35356954,0.09367556,0.028548028,nan,nan,0.03420495,0.0,4259850,4325386,4028193,527633,47.514175,47.69263,0.52864,0.49907503,0,831,1,2,1,3,1,0,0,0,0,0,0,0,0
264281221,264091390,17763993291687,0.0046286173,0.036178354,0.05249805,0,0.17903161,0.15755671,0.09467421,0.32548735,0.09042746,0.028011622,nan,nan,0.027629834,0.0,4259850,4325386,4028193,527633,47.365547,47.69263,0.5153776,0.49907503,0,831,1,2,1,3,1,0,0,0,0,0,0,0,0
264480714,264290890,17763993291687,0.0039037673,0.022985443,0.038420413,0,0.17836064,0.15721518,0.10011917,0.29582685,0.09451926,0.028594024,nan,nan,0.029271368,0.0,4259850,4325386,4028193,527633,47.528385,47.69263,0.5339614,0.49907503,0,831,1,2,1,3,1,0,0,0,0,0,0,0,0
264680227,264490390,17763993291687,0.0033521687,0.021910211,0.03732157,0,0.17777133,0.15669334,0.10280185,0.29074034,0.09552135,0.028312307,nan,nan,0.032718435,0.0,4259850,4325386,4028193,527633,45.786903,47.69263,0.53550196,0.49907503,0,831,1,2,1,3,1,0,0,0,0,0,0,0,0
264879704,264689890,17763993291687,0.0032842227,0.023858638,0.035595793,0,0.17722741,0.15639174,0.10679514,0.26660535,0.09459428,0.027726837,nan,nan,0.03329264,0.0,4259850,4325386,4028193,527633,45.84236,47.69263,0.5154455,0.49907503,0,831,1,2,1,3,1,0,0,0,0,0,0,0,0
265079257,264889390,17763993291687,0.0033601972,0.01445645,0.023436114,0,0.18359251,0.15976246,0.10157305,0.30248055,0.09583496,0.029443067,nan,nan,0.03027262,0.0,4259850,4325386,4028193,527633,48.2644,47.69263,0.51056975,0.49907503,0,831,1,2,1,3,1,0,0,0,0,0,0,0,0
265278698,265088890,17763993291687,0.0027514095,0.023921466,0.03956477,0,0.18248926,0.1592769,0.09253002,0.25033545,0.09018735,0.028959863,nan,nan,0.02821573,0.0,4259850,4325386,4028193,527633,47.327057,47.69263,0.5115222,0.49907503,0,831,1,2,1,3,1,0,0,0,0,0,0,0,0
265478426,265288390,17763993291687,0.0027312788,0.01809765,0.032117687,0,0.18130176,0.15869345,0.08911039,0.2632413,0.09214465,0.025709504,nan,nan,0.02884112,0.0,4259850,4325386,4028193,527633,46.587254,47.69263,0.52150625,0.49907503,0,831,1,2,1,3,1,0,0,0,0,0,0,0,0
265677916,265487890,17763993291687,0.0029423959,0.023034932,0.031506293,0,0.18024859,0.15801714,0.08969628,0.24039124,0.09026208,0.024540499,nan,nan,0.02687818,0.0,4259850,4325386,4028193,527633,47.961365,47.69263,0.5158603,0.49907503,0,831,1,2,1,3,1,0,0,0,0,0,0,0,0
265877431,265687390,17763993291687,0.0025015352,0.028274845,0.035513565,0,0.17919329,0.15749173,0.100530736,0.2098308,0.08839113,0.022399962,nan,nan,0.031392857,0.0,4259850,4325386,4028193,527633,48.20083,47.69263,0.5213042,0.49907503,0,831,1,2,1,3,1,0,0,0,0,0,0,0,0
266076703,265886890,17763993291687,0.001813202,0.031832684,0.045515765,0,0.1855046,0.16078432,0.09362926,0.21437159,0.08751534,0.020837976,nan,nan,0.033467833,0.0,4259850,4325386,4028193,527633,47.191353,47.69263,0.5063612,0.49907503,0,831,1,2,1,3,1,0,0,0,0,0,0,0,0
266276587,266086390,17763993291687,0.0013193503,0.025986698,0.038424607,0,0.18399917,0.16011323,0.10503654,0.1975839,0.07874612,0.021432552,nan,nan,0.039101783,0.0,4259850,4325386,4028193,527633,47.636654,47.69263,0.51575714,0.49907503,0,831,1,2,1,3,1,0,0,0,0,0,0,0,0
266475917,266285890,17763993291687,0.0020849453,0.0071183816,0.0135696465,0,0.18250595,0.15923274,0.1100498,0.22253643,0.07845534,0.019462783,nan,nan,0.03814361,0.0,4259850,4325386,4028193,527633,46.92642,47.69263,0.50967133,0.49907503,0,831,1,2,1,3,1,0,0,0,0,0,0,0,0
266675197,266485389,17763993291687,0.0022269618,0.018629696,0.03067064,0,0.18869725,0.16266413,0.10036297,0.2237911,0.07699697,0.019779388,nan,nan,0.03142019,0.0,4259850,4325386,4028193,527633,49.254704,47.69263,0.50316495,0.49907503,0,831,1,2,1,3,1,0,0,0,0,0,0,0,0
266874965,266684889,17763993291687,0.0024945515,0.016190413,0.021079767,0,0.17985624,0.1577907,0.08974074,0.20626289,0.07384678,0.019310676,nan,nan,0.027717233,0.0,4259850,4325386,4028193,527633,47.524246,47.69263,0.50382376,0.49907503,0,831,1,2,1,3,1,0,0,0,0,0,0,0,0
267074197,266884389,17763993291687,0.0016488935,0.031718764,0.04391234,0,0.18605894,0.16123566,0.103633605,0.19066434,0.07188008,0.01729234,nan,nan,0.02719119,0.0,4259850,4325386,4028193,527633,47.209164,47.69263,0.50186175,0.49907503,0,831,1,2,1,3,1,0,0,0,0,0,0,0,0
267273766,267083889,17763993291687,0.00079766737,0.03900115,0.059112523,0,0.19234182,0.16447909,0.096986294,0.2125838,0.06359155,0.015410828,nan,nan,0.02899119,0.0,4259850,4325386,4028193,527633,48.354084,47.69263,0.50910074,0.49907503,0,831,1,2,1,3,1,0,0,0,0,0,0,0,0
267473384,267283389,17763993291687,0.0013303001,0.028480232,0.04203182,0,0.19049068,0.16366345,0.112355396,0.19018264,0.06866795,0.015181672,nan,nan,0.03239147,0.0,4259850,4325386,4028193,527633,48.978294,47.69263,0.50800985,0.49907503,0,831,1,2,1,3,1,0,0,0,0,0,0,0,0
267672730,267482889,17763993291687,0.0013198644,0.03242963,0.0487054,0,0.18872823,0.16266987,0.11707977,0.18913393,0.06626945,0.016037043,nan,nan,0.034288958,0.0,4259850,4325386,4028193,527633,48.79202,47.69263,0.50814295,0.49907503,0,831,1,2,1,3,1,0,0,0,0,0,0,0,0
267872417,267682389,17763993291687,0.0012386704,0.03759117,0.05009351,0,0.17983817,0.15792614,0.1259431,0.1407385,0.06483892,0.01784861,nan,nan,0.042989094,0.0,4259850,4325386,4028193,527633,47.913204,47.69263,0.5132233,0.49907503,0,831,1,2,1,3,1,0,0,0,0,0,0,0,0
268071706,267881889,17763993291687,0.0011018199,0.045119412,0.064715035,0,0.18610865,0.16136421,0.13171265,0.11948218,0.06389334,0.017853227,nan,nan,0.046237558,0.0,4259850,4325386,4028193,527633,48.923008,47.69263,0.5130395,0.49907503,0,831,1,2,1,3,1,0,0,0,0,0,0,0,0
268281196,268091363,17763993291687,0.0013578245,0.036072616,0.053970367,0,0.18517111,0.16079581,0.1333267,0.14301862,0.060906444,0.0222036,nan,nan,0.047479726,0.0,4259850,4325386,4028193,527633,48.384632,47.69263,0.5009752,0.49907503,0,831,1,2,1,3,1,0,0,0,0,0,0,0,0
268480742,268290863,17763993291687,0.0015155713,0.034562327,0.051170614,0,0.18349673,0.15985644,0.14509097,0.13889226,0.060966875,0.02484384,nan,nan,0.046495497,0.0,4259850,4325386,4028193,527633,47.741077,47.69263,0.50396055,0.49907503,0,831,1,2,1,3,1,0,0,0,0,0,0,0,0
268680196,268490363,17763993291687,0.0016116563,0.03053487,0.048305504,0,0.18201703,0.15911037,0.14110649,0.13217463,0.059479967,0.026343929,nan,nan,0.05441114,0.0,4259850,4325386,4028193,527633,48.231815,47.69263,0.5134905,0.49907503,0,831,1,2,1,3,1,0,0,0,0,0,0,0,0
268880017,268689863,17763993291687,0.0015734835,0.03049322,0.049030676,0,0.18073097,0.15827747,0.14384744,0.12979543,0.057758898,0.024673149,nan,nan,0.056696273,0.0,4259850,4325386,4028193,527633,48.309586,47.69263,0.49995884,0.49907503,0,831,1,2,1,3,1,0,0,0,0,0,0,0,0
269079183,268889363,17763993291687,0.0014652762,0.0136793535,0.024729254,0,0.18683147,0.16168673,0.1311245,0.15724592,0.056960795,0.024812723,nan,nan,0.05678116,0.0,4259850,4325386,4028193,527633,48.50644,47.69263,0.4876804,0.49907503,0,831,1,2,1,3,1,0,0,0,0,0,0,0,0
269279009,269088862,17763993291687,0.00094067113,0.02280644,0.034605846,0,0.18484628,0.160802,0.13489674,0.124282844,0.049909513,0.022244768,nan,nan,0.054061636,0.0,4259850,4325386,4028193,527633,49.157974,47.69263,0.49522945,0.49907503,0,831,1,2,1,3,1,0,0,0,0,0,0,0,0
269478305,269288362,17763993291687,0.0007712956,0.037262615,0.056154225,0,0.19092993,0.16398773,0.12324503,0.13470608,0.048569124,0.019752879,nan,nan,0.051854372,0.0,4259850,4325386,4028193,527633,47.32724,47.69263,0.4874619,0.49907503,0,831,1,2,1,3,1,0,0,0,0,0,0,0,0
269680275,269487862,17763993291687,0.0010071016,0.016748352,0.027452998,0,0.18901442,0.16308165,0.1380977,0.12666538,0.045896534,0.016323736,nan,nan,0.051227394,0.0,4259850,4325386,4028193,527633,45.96737,47.69263,0.48993874,0.49907503,0,831,1,2,1,3,1,0,0,0,0,0,0,0,0
269877525,269687362,17763993291687,0.001613151,0.016463825,0.018454107,0,0.18002944,0.15808016,0.15411484,0.17214906,0.04481138,0.015150223,nan,nan,0.053782582,0.0,4259850,4325386,4028193,527633,47.792065,47.69263,0.49896058,0.49907503,0,831,1,2,1,3,1,0,0,0,0,0,0,0,0
270076797,269886861,17763993291687,0.0011843132,0.017798781,0.020892266,0,0.18605578,0.16140328,0.16112289,0.15904328,0.04335115,0.015033398,nan,nan,0.05517001,0.0,4259850,4325386,4028193,527633,47.710236,47.69263,0.4989579,0.49907503,0,831,1,2,1,3,1,0,0,0,0,0,0,0,0
270276464,270086361,17763993291687,0.00061443826,0.028346837,0.0407982,0,0.19225961,0.16455661,0.17925553,0.14927465,0.038100805,0.014939113,nan,nan,0.054316968,0.0,4259850,4325386,4028193,527633,47.18121,47.69263,0.5158194,0.49907503,0,831,1,2,1,3,1,0,0,0,0,0,0,0,0
270475791,270285860,17763993291687,0.0010038154,0.018420013,0.024749152,0,0.19029936,0.16364166,0.18073331,0.1598405,0.04204351,0.0135710975,nan,nan,0.05127346,0.0,4259850,4325386,4028193,527633,46.393635,47.69263,0.4888513,0.49907503,0,831,1,2,1,3,1,0,0,0,0,0,0,0,0
270675345,270485360,17763993291687,0.0012180168,0.0057703448,0.008625661,0,0.18847759,0.16256219,0.16490673,0.16542967,0.042116996,0.014132062,nan,nan,0.04711031,0.0,4259850,4325386,4028193,527633,48.025726,47.69263,0.49225357,0.49907503,0,831,1,2,1,3,1,0,0,0,0,0,0,0,0
270874823,270684861,17763993291687,0.0013741879,0.016003117,0.024771325,0,0.18691887,0.16179456,0.15493733,0.14074588,0.041665852,0.015216507,nan,nan,0.045097377,0.0,4259850,4325386,4028193,527633,48.57502,47.69263,0.4823757,0.49907503,0,831,1,2,1,3,1,0,0,0,0,0,0,0,0
271074345,270884360,17763993291687,0.0010185876,0.019056102,0.027576532,0,0.18549307,0.16088839,0.14827417,0.1402802,0.040792797,0.015043521,nan,nan,0.042761635,0.0,4259850,4325386,4028193,527633,48.39331,47.69263,0.4878768,0.49907503,0,831,1,2,1,3,1,0,0,0,0,0,0,0,0
271273956,271083859,17763993291687,0.0008720125,0.024267096,0.033224,0,0.18370844,0.15999132,0.14614984,0.26210564,0.037983317,0.01744001,nan,nan,0.04137199,0.0,4259850,4325386,4028193,527633,49.008823,47.69263,0.49529782,0.49907503,0,831,1,2,1,3,1,0,0,0,0,0,0,0,0
271473458,271283359,17763993291687,0.00054948643,0.020769963,0.027755952,0,0.18989703,0.16316399,0.15805815,0.23868813,0.03846626,0.019503418,nan,nan,0.05105695,0.0,4259850,4325386,4028193,527633,48.101124,47.69263,0.49229726,0.49907503,0,831,1,2,1,3,1,0,0,0,0,0,0,0,0
271672700,271482859,17763993291687,0.0008343065,0.02151559,0.02833106,0,0.18811491,0.1622872,0.15198576,0.20041922,0.037826516,0.023911,nan,nan,0.05419502,0.0,4259850,4325386,4028193,527633,48.8471,47.69263,0.490404,0.49907503,0,831,1,2,1,3,1,0,0,0,0,0,0,0,0
271872164,271682358,17763993291687,0.0006531477,0.03037881,0.03892837,0,0.18660447,0.16151768,0.18058692,0.16473725,0.036210608,0.022942428,nan,nan,0.056504276,0.0,4259850,4325386,4028193,527633,47.37338,47.69263,0.48907843,0.49907503,0,831,1,2,1,3,1,0,0,0,0,0,0,0,0
272071898,271881858,17763993291687,0.00090166274,0.016560817,0.023992717,0,0.18527973,0.16061808,0.15446007,0.14605,0.035893664,0.023406366,nan,nan,0.057068806,0.0,4259850,4325386,4028193,527633,50.24691,47.69263,0.48667455,0.49907503,0,831,1,2,1,3,1,0,0,0,0,0,0,0,0
272271384,272081357,17763993291687,0.0009990567,0.030933179,0.041340172,0,0.18365043,0.15979761,0.14259364,0.105457254,0.034793094,0.022062015,nan,nan,0.07156274,0.0,4259850,4325386,4028193,527633,50.02301,47.69263,0.49116918,0.49907503,0,831,1,2,1,3,1,0,0,0,0,0,0,0,0
272480715,272290832,17763993291687,0.0010079206,0.009703246,0.011508944,0,0.18257552,0.15914541,0.1261684,0.09705926,0.03860884,0.020606378,nan,nan,0.075137325,0.0,4259850,4325386,4028193,527633,49.586853,47.69263,0.48291793,0.49907503,0,831,1,2,1,3,1,0,0,0,0,0,0,0,0
272680179,272490331,17763993291687,0.0016829917,0.0052105733,0.0069491486,0,0.18113692,0.15821722,0.13758563,0.11645338,0.039245345,0.020137414,nan,nan,0.07788318,0.0,4259850,4325386,4028193,527633,52.102177,47.69263,0.48267335,0.49907503,0,831,1,2,1,3,1,0,0,0,0,0,0,0,0
272879979,272689831,17763993291687,0.0018541584,0.0048423964,0.009182093,0,0.17982012,0.15747246,0.15362522,0.09807992,0.038348194,0.018026575,nan,nan,0.07434535,0.0,4259850,4325386,4028193,527633,48.178757,47.69263,0.47564727,0.49907503,0,831,1,2,1,3,1,0,0,0,0,0,0,0,0
273079136,272889331,17763993291687,0.0011009617,0.01231756,0.017350871,0,0.18598449,0.16082327,0.15499541,0.10358114,0.03823222,0.016907498,nan,nan,0.07153048,0.0,4259850,4325386,4028193,527633,51.073257,47.69263,0.4815731,0.49907503,0,831,1,2,1,3,1,0,0,0,0,0,0,0,0
273278828,273088830,17763993291687,0.00073564146,0.009936656,0.011943455,0,0.17754863,0.156012,0.15761492,0.080537245,0.033039805,0.016100684,nan,nan,0.06869746,0.0,4259850,4325386,4028193,527633,49.443012,47.69263,0.47181633,0.49907503,0,831,1,2,1,3,1,0,0,0,0,0,0,0,0
273478333,273288330,17763993291687,0.0005192166,0.027784891,0.03149123,0,0.17663424,0.1554507,0.15664534,0.06908201,0.030572237,0.014002139,nan,nan,0.06926187,0.0,4259850,4325386,4028193,527633,49.66226,47.69263,0.47694385,0.49907503,0,831,1,2,1,3,1,0,0,0,0,0,0,0,0
273677712,273487829,17763993291687,0.0015862917,0.0352223,0.043967508,0,0.17601264,0.15484108,0.17462763,0.076677404,0.030320672,0.0135491025,nan,nan,0.094259456,0.0,4259850,4325386,4028193,527633,49.634827,47.69263,0.48628485,0.49907503,0,831,1,2,1,3,1,0,0,0,0,0,0,0,0
273877366,273687329,17763993291687,0.0007238745,0.018746456,0.026183227,0,0.1753465,0.15439127,0.17458808,0.04189742,0.029661316,0.01320095,nan,nan,0.09794838,0.0,4259850,4325386,4028193,527633,47.80766,47.69263,0.47831118,0.49907503,0,831,1,2,1,3,1,0,0,0,0,0,0,0,0
274076646,273886828,17763993291687,0.0005736658,0.01140061,0.018597925,0,0.18167455,0.15770888,0.17854828,0.08325285,0.02809975,0.012751585,nan,nan,0.09874208,0.0,4259850,4325386,4028193,527633,48.484848,47.69263,0.4806975,0.49907503,0,831,1,2,1,3,1,0,0,0,0,0,0,0,0
274276133,274086328,17763993291687,0.0013395635,0.023651276,0.03268807,0,0.18048608,0.15707962,0.19678181,0.10787832,0.035656914,0.012061358,nan,nan,0.09137659,0.0,4259850,4325386,4028193,527633,50.260715,47.69263,0.48017806,0.49907503,0,831,1,2,1,3,1,0,0,0,0,0,0,0,0
274475904,274285827,17763993291687,0.0009464968,0.007005565,0.013248533,0,0.17921488,0.15627328,0.18058857,0.08785663,0.03665335,0.010767903,nan,nan,0.076099694,0.0,4259850,4325386,4028193,527633,51.404755,47.69263,0.47285557,0.49907503,0,831,1,2,1,3,1,0,0,0,0,0,0,0,0
274675532,274485327,17763993291687,0.0006444373,0.018404458,0.019663354,0,0.17811933,0.15572973,0.18291129,0.12083811,0.035629712,0.01106483,nan,nan,0.074617475,0.0,4259850,4325386,4028193,527633,49.14732,47.69263,0.4746144,0.49907503,0,831,1,2,1,3,1,0,0,0,0,0,0,0,0
274874870,274684826,17763993291687,0.0007096003,0.017920364,0.020891622,0,0.1772099,0.15504232,0.16038531,0.074991226,0.033231128,0.009028951,nan,nan,0.0865632,0.0,4259850,4325386,4028193,527633,54.421825,47.69263,0.47815806,0.49907503,0,831,1,2,1,3,1,0,0,0,0,0,0,0,0
275074137,274884325,17763993291687,0.0007824112,0.023008414,0.032536596,0,0.18357287,0.15851608,0.15589124,0.06579185,0.032126937,0.008120321,nan,nan,0.08907452,0.0,4259850,4325386,4028193,527633,50.19059,47.69263,0.4718849,0.49907503,0,831,1,2,1,3,1,0,0,0,0,0,0,0,0
275273767,275083825,17763993291687,0.0008748464,0.0044183903,0.008793129,0,0.17561792,0.15394862,0.16093396,0.08189775,0.03200702,0.0055222195,nan,nan,0.08438163,0.0,4259850,4325386,4028193,527633,48.24428,47.69263,0.46133617,0.49907503,0,831,1,2,1,3,1,0,0,0,0,0,0,0,0
275473328,275283324,17763993291687,0.0012870436,0.011838333,0.015494928,0,0.17497097,0.15358065,0.15173608,0.07486803,0.030316733,0.0049575875,nan,nan,0.07847712,0.0,4259850,4325386,4028193,527633,50.59973,47.69263,0.46451518,0.49907503,0,831,1,2,1,3,1,0,0,0,0,0,0,0,0
275672833,275482824,17763993291687,0.0010306813,0.011696435,0.023148265,0,0.17439179,0.1532176,0.13309431,0.062090497,0.02786209,0.009100132,nan,nan,0.07756704,0.0,4259850,4325386,4028193,527633,50.93243,47.69263,0.4644975,0.49907503,0,831,1,2,1,3,1,0,0,0,0,0,0,0,0
275872335,275682323,17763993291687,0.0010592929,0.0037254232,0.014564755,0,0.17391793,0.15274036,0.12984389,0.06252279,0.026046682,0.010408529,nan,nan,0.07193259,0.0,4259850,4325386,4028193,527633,51.72887,47.69263,0.4618579,0.49907503,0,831,1,2,1,3,1,0,0,0,0,0,0,0,0
276071906,275881823,17763993291687,0.00095799094,0.014466099,0.024799347,0,0.18031467,0.15628701,0.12381974,0.051602487,0.02523048,0.011097127,nan,nan,0.060732387,0.0,4259850,4325386,4028193,527633,51.899982,47.69263,0.45742062,0.49907503,0,831,1,2,1,3,1,0,0,0,0,0,0,0,0
276271469,276081322,17763993291687,0.0014206755,0.0184527,0.016288452,0,0.17300808,0.15204991,0.13589424,0.11328501,0.02804629,0.009808173,nan,nan,0.055742435,0.0,4259850,4325386,4028193,527633,49.82521,47.69263,0.45800978,0.49907503,0,831,1,2,1,3,1,0,0,0,0,0,0,0,0
276470837,276280821,17763993291687,0.0011928044,0.011706505,0.016354088,0,0.17246774,0.15174647,0.14869921,0.13466243,0.031044956,0.012232915,nan,nan,0.055042896,0.0,4259850,4325386,4028193,527633,51.348267,47.69263,0.46141762,0.49907503,0,831,1,2,1,3,1,0,0,0,0,0,0,0,0
276680104,276490296,17763993291687,0.00097141805,0.017770542,0.026931308,0,0.17262872,0.15171117,0.13501067,0.15761165,0.02918757,0.011265866,nan,nan,0.057504654,0.0,4259850,4325386,4028193,527633,51.571922,47.69263,0.4570032,0.49907503,0,831,1,2,1,3,1,0,0,0,0,0,0,0,0
276879805,276689795,17763993291687,0.0009054967,0.018378895,0.03610237,0,0.17202798,0.1514718,0.13346031,0.13418473,0.040638313,0.009414222,nan,nan,0.064584665,0.0,4259850,4325386,4028193,527633,52.829277,47.69263,0.46292865,0.49907503,0,831,1,2,1,3,1,0,0,0,0,0,0,0,0
277079106,276889294,17763993291687,0.00082515064,0.014279166,0.03136483,0,0.17841387,0.15490858,0.14094526,0.12418074,0.05031687,0.007814548,nan,nan,0.06280775,0.0,4259850,4325386,4028193,527633,51.32988,47.69263,0.4562141,0.49907503,0,831,1,2,1,3,1,0,0,0,0,0,0,0,0
277278802,277088794,17763993291687,0.0011860344,0.028783146,0.054494508,0,0.17690955,0.1544521,0.14721006,0.12228184,0.08900055,0.0133464625,nan,nan,0.06167394,0.0,4259850,4325386,4028193,527633,51.691425,47.69263,0.45890564,0.49907503,0,831,1,2,1,3,1,0,0,0,0,0,0,0,0
277478305,277288294,17763993291687,0.0016391793,0.02423749,0.041526437,0,0.17550412,0.15386038,0.14397217,0.09886798,0.088514626,0.013744472,nan,nan,0.062400147,0.0,4259850,4325386,4028193,527633,53.122997,47.69263,0.46277452,0.49907503,0,831,1,2,1,3,1,0,0,0,0,0,0,0,0
277677987,277487793,17763993291687,0.0018294691,0.029068489,0.047448527,0,0.17410113,0.15341529,0.14879103,0.10993394,0.08881123,0.015844956,nan,nan,0.06785945,0.0,4259850,4325386,4028193,527633,52.59487,47.69263,0.4595714,0.49907503,0,831,1,2,1,3,1,0,0,0,0,0,0,0,0
277877301,277687292,17763993291687,0.0014691604,0.02064508,0.040078428,0,0.17275396,0.15291579,0.16158743,0.09687846,0.08833415,0.018755317,nan,nan,0.070787445,0.0,4259850,4325386,4028193,527633,51.422096,47.69263,0.46166605,0.49907503,0,831,1,2,1,3,1,0,0,0,0,0,0,0,0
278076660,277886792,17763993291687,0.0016300388,0.020397313,0.029883752,0,0.178837,0.15643807,0.15407132,0.11113221,0.0876278,0.01875299,nan,nan,0.077921964,0.0,4259850,4325386,4028193,527633,52.03118,47.69263,0.45550886,0.49907503,0,831,1,2,1,3,1,0,0,0,0,0,0,0,0
278276332,278086291,17763993291687,0.0009429803,0.019296678,0.046925087,0,0.17692639,0.155701,0.14958963,0.17051941,0.09379924,0.028730914,nan,nan,0.08031916,0.0,4259850,4325386,4028193,527633,53.288036,47.69263,0.46047935,0.49907503,0,831,1,2,1,3,1,0,0,0,0,0,0,0,0
278475835,278285790,17763993291687,0.0020058611,0.02734033,0.032574248,0,0.17498958,0.15512012,0.18395337,0.1258091,0.08720777,0.032536723,nan,nan,0.089591414,0.0,4259850,4325386,4028193,527633,48.809185,47.69263,0.45768413,0.49907503,0,831,1,2,1,3,1,0,0,0,0,0,0,0,0
278675129,278485290,17763993291687,0.002213719,0.03357621,0.047043964,0,0.17320533,0.1544129,0.16781409,0.13526455,0.078208655,0.031508066,nan,nan,0.0931412,0.0,4259850,4325386,4028193,527633,51.490612,47.69263,0.4531801,0.49907503,0,831,1,2,1,3,1,0,0,0,0,0,0,0,0
278874804,278684789,17763993291687,0.0020377901,0.04450811,0.069751695,0,0.17169689,0.15395643,0.15923986,0.16067216,0.06864408,0.03582301,nan,nan,0.09733561,0.0,4259850,4325386,4028193,527633,52.796036,47.69263,0.45923555,0.49907503,0,831,1,2,1,3,1,0,0,0,0,0,0,0,0
279074160,278884288,17763993291687,0.0012769613,0.015777946,0.03204728,0,0.17764063,0.1572668,0.16430517,0.14102188,0.06593301,0.036256764,nan,nan,0.09917923,0.0,4259850,4325386,4028193,527633,50.357098,47.69263,0.4575139,0.49907503,0,831,1,2,1,3,1,0,0,0,0,0,0,0,0
279273853,279083788,17763993291687,0.0016002463,0.017667055,0.022785285,0,0.16888751,0.15292418,0.18744607,0.14116246,0.064791955,0.033639237,nan,nan,0.10851865,0.0,4259850,4325386,4028193,527633,48.552162,47.69263,0.45165175,0.49907503,0,831,1,2,1,3,1,0,0,0,0,0,0,0,0
279483135,279293262,17763993291687,0.0013971135,0.025521856,0.035065535,0,0.168401,0.15278281,0.1958546,0.15295208,0.05754029,0.029545922,nan,nan,0.10505648,0.0,4259850,4325386,4028193,527633,49.397507,47.69263,0.44680303,0.49907503,0,831,1,2,1,3,1,0,0,0,0,0,0,0,0
279682575,279492762,17763993291687,0.0015256236,0.03394619,0.04996037,0,0.16760877,0.1525106,0.2110005,0.1631277,0.051276144,0.03006926,nan,nan,0.101282634,0.0,4259850,4325386,4028193,527633,51.062263,47.69263,0.45571947,0.49907503,0,831,1,2,1,3,1,0,0,0,0,0,0,0,0
279882140,279692261,17763993291687,0.0011303645,0.016614573,0.030570185,0,0.16681433,0.15206973,0.18972987,0.13843098,0.04869811,0.0328959,nan,nan,0.0953002,0.0,4259850,4325386,4028193,527633,53.453896,47.69263,0.46340066,0.49907503,0,831,1,2,1,3,1,0,0,0,0,0,0,0,0
280081581,279891760,17763993291687,0.0013716724,0.010766418,0.02158688,0,0.17313232,0.15560076,0.1972457,0.14630805,0.047885407,0.033011798,nan,nan,0.09742994,0.0,4259850,4325386,4028193,527633,49.244995,47.69263,0.45840344,0.49907503,0,831,1,2,1,3,1,0,0,0,0,0,0,0,0
280281276,280091259,17763993291687,0.0018723754,0.020178756,0.027549582,0,0.1656112,0.15159073,0.18924068,0.11255143,0.056438193,0.02812307,nan,nan,0.10329716,0.0,4259850,4325386,4028193,527633,51.520435,47.69263,0.44548467,0.49907503,0,831,1,2,1,3,1,0,0,0,0,0,0,0,0
280480574,280290759,17763993291687,0.0017984925,0.024967588,0.033416532,0,0.1652156,0.15125641,0.18827076,0.112865426,0.055377625,0.026611967,nan,nan,0.10219689,0.0,4259850,4325386,4028193,527633,51.724926,47.69263,0.44823128,0.49907503,0,831,1,2,1,3,1,0,0,0,0,0,0,0,0
280680069,280490258,17763993291687,0.0020128156,0.0253037,0.037220992,0,0.16490938,0.15113503,0.17841275,0.10703859,0.056559063,0.02439524,nan,nan,0.09671718,0.0,4259850,4325386,4028193,527633,50.11387,47.69263,0.44864747,0.49907503,0,831,1,2,1,3,1,0,0,0,0,0,0,0,0
280879595,280689757,17763993291687,0.0016045878,0.027380753,0.04084364,0,0.164559,0.150856,0.16310361,0.1255427,0.05736319,0.02516591,nan,nan,0.09273973,0.0,4259850,4325386,4028193,527633,51.92148,47.69263,0.44888756,0.49907503,0,831,1,2,1,3,1,0,0,0,0,0,0,0,0
281079069,280889257,17763993291687,0.0009119098,0.007914688,0.013176713,0,0.1711789,0.15450145,0.1641388,0.11624902,0.0572328,0.02573373,nan,nan,0.10017265,0.0,4259850,4325386,4028193,527633,51.714165,47.69263,0.4491505,0.49907503,0,831,1,2,1,3,1,0,0,0,0,0,0,0,0
281278563,281088756,17763993291687,0.0012987795,0.027592463,0.042118542,0,0.16406733,0.15049112,0.1573435,0.13802579,0.07090572,0.021936955,nan,nan,0.106975995,0.0,4259850,4325386,4028193,527633,54.26454,47.69263,0.44595516,0.49907503,0,831,1,2,1,3,1,0,0,0,0,0,0,0,0
281478098,281288255,17763993291687,0.0015768941,0.01827587,0.030282954,0,0.16396779,0.15043566,0.16027763,0.12777813,0.06651148,0.02162147,nan,nan,0.1091255,0.0,4259850,4325386,4028193,527633,51.991875,47.69263,0.45235386,0.49907503,0,831,1,2,1,3,1,0,0,0,0,0,0,0,0
281677561,281487754,17763993291687,0.0016803702,0.02860825,0.04057809,0,0.16389616,0.15028778,0.15620585,0.14904433,0.06466809,0.018510098,nan,nan,0.10797242,0.0,4259850,4325386,4028193,527633,52.294304,47.69263,0.45237234,0.49907503,0,831,1,2,1,3,1,0,0,0,0,0,0,0,0
281877402,281687254,17763993291687,0.0015430155,0.03325609,0.047497056,0,0.16383834,0.1502468,0.13656029,0.16210239,0.06390862,0.01681602,nan,nan,0.10689736,0.0,4259850,4325386,4028193,527633,52.24488,47.69263,0.4410994,0.49907503,0,831,1,2,1,3,1,0,0,0,0,0,0,0,0
282076617,281886753,17763993291687,0.0012412919,0.010229875,0.020133566,0,0.1704549,0.15373509,0.15388171,0.14669476,0.0670921,0.017525773,nan,nan,0.099479765,0.0,4259850,4325386,4028193,527633,52.103516,47.69263,0.452584,0.49907503,0,831,1,2,1,3,1,0,0,0,0,0,0,0,0
282276122,282086252,17763993291687,0.0014684425,0.011078159,0.014845884,0,0.16365576,0.1500522,0.15551612,0.09585791,0.075388275,0.018501211,nan,nan,0.093737185,0.0,4259850,4325386,4028193,527633,53.200947,47.69263,0.4468009,0.49907503,0,831,1,2,1,3,1,0,0,0,0,0,0,0,0
282475725,282285751,17763993291687,0.0013104782,0.015405434,0.02186365,0,0.16358513,0.1499122,0.14911915,0.09575744,0.07229888,0.016633466,nan,nan,0.09936969,0.0,4259850,4325386,4028193,527633,55.413162,47.69263,0.449874,0.49907503,0,831,1,2,1,3,1,0,0,0,0,0,0,0,0
282675200,282485251,17763993291687,0.0017604713,0.022202734,0.026368009,0,0.16366178,0.14997427,0.1293731,0.13993837,0.069631875,0.013027414,nan,nan,0.097679265,0.0,4259850,4325386,4028193,527633,54.955963,47.69263,0.43926078,0.49907503,0,831,1,2,1,3,1,0,0,0,0,0,0,0,0
282874908,282684750,17763993291687,0.0019417717,0.016004993,0.020192115,0,0.16357487,0.14983763,0.13204005,0.12632702,0.07007004,0.0143274935,nan,nan,0.09201536,0.0,4259850,4325386,4028193,527633,52.514656,47.69263,0.42358348,0.49907503,0,831,1,2,1,3,1,0,0,0,0,0,0,0,0
283074362,282884249,17763993291687,0.0019552861,0.008901256,0.016613355,0,0.17024514,0.15357032,0.1315651,0.121654056,0.06760285,0.015355213,nan,nan,0.084729046,0.0,4259850,4325386,4028193,527633,53.47494,47.69263,0.42592695,0.49907503,0,831,1,2,1,3,1,0,0,0,0,0,0,0,0
283273897,283083748,17763993291687,0.002188973,0.009286438,0.013000706,0,0.16330317,0.14986329,0.13958354,0.11343548,0.07791817,0.014560897,nan,nan,0.07515454,0.0,4259850,4325386,4028193,527633,51.936054,47.69263,0.42224938,0.49907503,0,831,1,2,1,3,1,0,0,0,0,0,0,0,0
283473369,283283247,17763993291687,0.0014237015,0.013600206,0.021348834,0,0.16327953,0.14978516,0.14058192,0.11337515,0.07467439,0.018933613,nan,nan,0.080175556,0.0,4259850,4325386,4028193,527633,49.82372,47.69263,0.4355495,0.49907503,0,831,1,2,1,3,1,0,0,0,0,0,0,0,0
283682644,283492722,17763993291687,0.00078955974,0.015115683,0.02686184,0,0.1639496,0.1500656,0.12992553,0.12010189,0.068558484,0.023505952,nan,nan,0.09062949,0.0,4259850,4325386,4028193,527633,54.455948,47.69263,0.43536234,0.49907503,0,831,1,2,1,3,1,0,0,0,0,0,0,0,0
283882060,283692221,17763993291687,0.0016890066,0.014131339,0.018179236,0,0.16396838,0.15010151,0.1325013,0.07675669,0.064105295,0.024031831,nan,nan,0.09560662,0.0,4259850,4325386,4028193,527633,54.095753,47.69263,0.43064144,0.49907503,0,831,1,2,1,3,1,0,0,0,0,0,0,0,0
284081535,283891720,17763993291687,0.0018683717,0.006275358,0.012116262,0,0.17089692,0.15386972,0.13907972,0.1392757,0.06321431,0.0220777,nan,nan,0.085969895,0.0,4259850,4325386,4028193,527633,51.595783,47.69263,0.44002914,0.49907503,0,831,1,2,1,3,1,0,0,0,0,0,0,0,0
284281052,284091219,17763993291687,0.0010023321,0.018615369,0.020548012,0,0.16387126,0.1500262,0.12255178,0.10092953,0.072626755,0.024308017,nan,nan,0.08068603,0.0,4259850,4325386,4028193,527633,52.176834,47.69263,0.44705072,0.49907503,0,831,1,2,1,3,1,0,0,0,0,0,0,0,0
284480729,284290718,17763993291687,0.0012436059,0.029637175,0.0388979,0,0.16399543,0.15010798,0.12639748,0.109965734,0.06431964,0.022710102,nan,nan,0.079467624,0.0,4259850,4325386,4028193,527633,52.392204,47.69263,0.43963522,0.49907503,0,831,1,2,1,3,1,0,0,0,0,0,0,0,0
284680078,284490218,17763993291687,0.0014090873,0.03045299,0.03978462,0,0.16396677,0.15000805,0.14117494,0.091497555,0.056895867,0.02108731,nan,nan,0.08350373,0.0,4259850,4325386,4028193,527633,51.090496,47.69263,0.44000953,0.49907503,0,831,1,2,1,3,1,0,0,0,0,0,0,0,0
284879718,284689717,17763993291687,0.0009969997,0.020553498,0.03280001,0,0.16398863,0.15009174,0.1386888,0.054933008,0.05170567,0.017094102,nan,nan,0.095975466,0.0,4259850,4325386,4028193,527633,50.42399,47.69263,0.4416742,0.49907503,0,831,1,2,1,3,1,0,0,0,0,0,0,0,0
285079026,284889216,17763993291687,0.0016659156,0.028043775,0.045084085,0,0.17077388,0.15368633,0.14585876,0.115743466,0.048452567,0.016596789,nan,nan,0.098898806,0.0,4259850,4325386,4028193,527633,53.23999,47.69263,0.42805815,0.49907503,0,831,1,2,1,3,1,0,0,0,0,0,0,0,0
285278542,285088715,17763993291687,0.0023203213,0.036339175,0.05023232,0,0.16382977,0.14999986,0.15562488,0.13435587,0.054187316,0.014631593,nan,nan,0.09560981,0.0,4259850,4325386,4028193,527633,50.753555,47.69263,0.4313842,0.49907503,0,831,1,2,1,3,1,0,0,0,0,0,0,0,0
285478031,285288214,17763993291687,0.0017457982,0.025907636,0.04247311,0,0.16381298,0.1499523,0.15373519,0.11610299,0.04775001,0.012749735,nan,nan,0.09369505,0.0,4259850,4325386,4028193,527633,50.90884,47.69263,0.4467843,0.49907503,0,831,1,2,1,3,1,0,0,0,0,0,0,0,0
285677531,285487713,17763993291687,0.0018302855,0.03062389,0.04800678,0,0.16379897,0.14999917,0.15017204,0.13053772,0.041371305,0.0098013375,nan,nan,0.09511121,0.0,4259850,4325386,4028193,527633,49.30893,47.69263,0.4768169,0.49907503,0,831,1,2,1,3,1,0,0,0,0,0,0,0,0
285877053,285687212,17763993291687,0.0024644372,0.036398366,0.05442738,0,0.16378206,0.14995535,0.16033642,0.13971695,0.036102176,0.010434551,nan,nan,0.09721769,0.0,4259850,4325386,4028193,527633,49.3539,47.69263,0.45834187,0.49907503,0,831,1,2,1,3,1,0,0,0,0,0,0,0,0
286076521,285886712,17763993291687,0.0021792299,0.021456473,0.03573113,0,0.17037667,0.15369949,0.16133149,0.13131307,0.03339339,0.009319445,nan,nan,0.10457565,0.0,4259850,4325386,4028193,527633,49.18054,47.69263,0.44192207,0.49907503,0,831,1,2,1,3,1,0,0,0,0,0,0,0,0
286276232,286086211,17763993291687,0.0024716447,0.032723583,0.045538317,0,0.16346878,0.14986573,0.16005887,0.13954142,0.04724079,0.010476353,nan,nan,0.111278206,0.0,4259850,4325386,4028193,527633,51.797928,47.69263,0.44481936,0.49907503,0,831,1,2,1,3,1,0,0,0,0,0,0,0,0
286475515,286285710,17763993291687,0.0021479584,0.03259494,0.052430023,0,0.16347662,0.14996456,0.1566174,0.14924362,0.03925457,0.008796126,nan,nan,0.12353342,0.0,4259850,4325386,4028193,527633,50.335335,47.69263,0.43711218,0.49907503,0,831,1,2,1,3,1,0,0,0,0,0,0,0,0
286675050,286485209,17763993291687,0.0019233412,0.027649939,0.045192733,0,0.16342273,0.14987823,0.17526264,0.14252433,0.03251357,0.008693464,nan,nan,0.12132007,0.0,4259850,4325386,4028193,527633,47.268353,47.69263,0.43357795,0.49907503,0,831,1,2,1,3,1,0,0,0,0,0,0,0,0
286874523,286684708,17763993291687,0.002557137,0.037977997,0.05426865,0,0.16345799,0.14997783,0.18498102,0.15375805,0.026638389,0.018299913,nan,nan,0.11916404,0.0,4259850,4325386,4028193,527633,47.961273,47.69263,0.452426,0.49907503,0,831,1,2,1,3,1,0,0,0,0,0,0,0,0
287074045,286884207,17763993291687,0.0016971956,0.007858653,0.02386338,0,0.1701116,0.15371859,0.171347,0.14112444,0.02528806,0.017598044,nan,nan,0.12382296,0.0,4259850,4325386,4028193,527633,49.439754,47.69263,0.452445,0.49907503,0,831,1,2,1,3,1,0,0,0,0,0,0,0,0
287273510,287083707,17763993291687,0.0020442773,0.01967874,0.034857653,0,0.16334137,0.1499392,0.17993075,0.13596325,0.033945866,0.017097512,nan,nan,0.1185963,0.0,4259850,4325386,4028193,527633,47.825653,47.69263,0.4493464,0.49907503,0,831,1,2,1,3,1,0,0,0,0,0,0,0,0
287473234,287283205,17763993291687,0.0020238534,0.020850444,0.03200229,0,0.16328748,0.14997318,0.183867,0.12767981,0.027434178,0.021623451,nan,nan,0.11581018,0.0,4259850,4325386,4028193,527633,47.0871,47.69263,0.45428443,0.49907503,0,831,1,2,1,3,1,0,0,0,0,0,0,0,0
287672729,287482705,17763993291687,0.0014794146,0.014799151,0.024859857,0,0.16316415,0.14985447,0.17685467,0.1176128,0.023010362,0.019840565,nan,nan,0.1166161,0.0,4259850,4325386,4028193,527633,49.070877,47.69263,0.4535224,0.49907503,0,831,1,2,1,3,1,0,0,0,0,0,0,0,0
287882089,287692179,17763993291687,0.0017056578,0.026915273,0.040494602,0,0.16383576,0.15030563,0.16117632,0.12823035,0.019332532,0.019872852,nan,nan,0.108128436,0.0,4259850,4325386,4028193,527633,48.18135,47.69263,0.46148065,0.49907503,0,831,1,2,1,3,1,0,0,0,0,0,0,0,0
288081491,287891678,17763993291687,0.0013591815,0.010507099,0.020171136,0,0.17055358,0.15390831,0.15927143,0.123079464,0.016146902,0.022924576,nan,nan,0.10679684,0.0,4259850,4325386,4028193,527633,46.709538,47.69263,0.46758938,0.49907503,0,831,1,2,1,3,1,0,0,0,0,0,0,0,0
288281032,288091177,17763993291687,0.0014074034,0.01476174,0.025170673,0,0.16363783,0.15021351,0.1557639,0.11532319,0.039760143,0.022521943,nan,nan,0.108091146,0.0,4259850,4325386,4028193,527633,47.023388,47.69263,0.45734018,0.49907503,0,831,1,2,1,3,1,0,0,0,0,0,0,0,0
288480698,288290676,17763993291687,0.0014852992,0.006822768,0.015058431,0,0.16368183,0.15013044,0.15488563,0.114402995,0.03275047,0.02142589,nan,nan,0.106664434,0.0,4259850,4325386,4028193,527633,45.83285,47.69263,0.4605297,0.49907503,0,831,1,2,1,3,1,0,0,0,0,0,0,0,0
288680067,288490175,17763993291687,0.0016224406,0.02340658,0.027618123,0,0.1636572,0.15020485,0.1689243,0.12683752,0.027765516,0.023109669,nan,nan,0.109002,0.0,4259850,4325386,4028193,527633,45.387966,47.69263,0.46187058,0.49907503,0,831,1,2,1,3,1,0,0,0,0,0,0,0,0
288879483,288689674,17763993291687,0.0011090749,0.007465651,0.0056697214,0,0.16356598,0.15009613,0.1662365,0.10510701,0.02331274,0.026192468,nan,nan,0.1170155,0.0,4259850,4325386,4028193,527633,48.122715,47.69263,0.48789603,0.49907503,0,831,1,2,1,3,1,0,0,0,0,0,0,0,0
289078984,288889174,17763993291687,0.0011268707,0.014362581,0.014294264,0,0.17033415,0.15386514,0.15082398,0.10413918,0.021440648,0.026403211,nan,nan,0.12525484,0.0,4259850,4325386,4028193,527633,47.906788,47.69263,0.48451173,0.49907503,0,831,1,2,1,3,1,0,0,0,0,0,0,0,0
289278522,289088673,17763993291687,0.0015738942,0.010579968,0.011806788,0,0.16344024,0.14999741,0.13708736,0.13608511,0.043532863,0.024222272,nan,nan,0.12922728,0.0,4259850,4325386,4028193,527633,47.831474,47.69263,0.45471752,0.49907503,0,831,1,2,1,3,1,0,0,0,0,0,0,0,0
289478038,289288172,17763993291687,0.0016660983,0.012169058,0.018188134,0,0.16346112,0.15007325,0.1628961,0.13412185,0.036360595,0.023308026,nan,nan,0.12947129,0.0,4259850,4325386,4028193,527633,45.660324,47.69263,0.45174992,0.49907503,0,831,1,2,1,3,1,0,0,0,0,0,0,0,0
289677710,289487671,17763993291687,0.0014839721,0.00805399,0.0117043285,0,0.16341224,0.14995897,0.15631174,0.12153546,0.03236035,0.025212254,nan,nan,0.13002731,0.0,4259850,4325386,4028193,527633,46.444588,47.69263,0.45795393,0.49907503,0,831,1,2,1,3,1,0,0,0,0,0,0,0,0
289877170,289687170,17763993291687,0.0017805735,0.017743219,0.025036035,0,0.16332659,0.14999165,0.1594488,0.13769,0.02707539,0.025577657,nan,nan,0.12392496,0.0,4259850,4325386,4028193,527633,45.469986,47.69263,0.4632155,0.49907503,0,831,1,2,1,3,1,0,0,0,0,0,0,0,0
290076514,289886669,17763993291687,0.0012847962,0.0022389821,0.0046415953,0,0.17001617,0.15361075,0.1569347,0.12943134,0.024751568,0.028165365,nan,nan,0.116695166,0.0,4259850,4325386,4028193,527633,45.052464,47.69263,0.4750146,0.49907503,0,831,1,2,1,3,1,0,0,0,0,0,0,0,0
290276038,290086168,17763993291687,0.0015109276,0.0058397027,0.01465333,0,0.16316433,0.14989668,0.15323731,0.14932945,0.05200309,0.029026806,nan,nan,0.10147811,0.0,4259850,4325386,4028193,527633,44.948296,47.69263,0.4813522,0.49907503,0,831,1,2,1,3,1,0,0,0,0,0,0,0,0
290475472,290285667,17763993291687,0.0009810374,0.008155702,0.015856665,0,0.16320497,0.14998557,0.1574228,0.1272163,0.04343958,0.027336087,nan,nan,0.09709234,0.0,4259850,4325386,4028193,527633,43.52502,47.69263,0.4737283,0.49907503,0,831,1,2,1,3,1,0,0,0,0,0,0,0,0
290675210,290485166,17763993291687,0.0007869786,0.02448625,0.028406955,0,0.16320574,0.14988944,0.14645213,0.104030326,0.03691586,0.028988909,nan,nan,0.101504624,0.0,4259850,4325386,4028193,527633,45.73929,47.69263,0.50360495,0.49907503,0,831,1,2,1,3,1,0,0,0,0,0,0,0,0
290874660,290684665,17763993291687,0.0013721838,0.025198068,0.032218184,0,0.16322595,0.14993183,0.15104093,0.13950396,0.029811284,0.026738092,nan,nan,0.10576759,0.0,4259850,4325386,4028193,527633,43.049603,47.69263,0.48091203,0.49907503,0,831,1,2,1,3,1,0,0,0,0,0,0,0,0
291074033,290884164,17763993291687,0.0010189764,0.02109317,0.02805965,0,0.16988873,0.15355247,0.16174926,0.09063812,0.026543,0.024486817,nan,nan,0.10684938,0.0,4259850,4325386,4028193,527633,44.67855,47.69263,0.4730143,0.49907503,0,831,1,2,1,3,1,0,0,0,0,0,0,0,0
291273680,291083663,17763993291687,0.0010878664,0.022376392,0.033113107,0,0.16301365,0.14982831,0.17345393,0.090070635,0.044510033,0.02519772,nan,nan,0.113188066,0.0,4259850,4325386,4028193,527633,46.495872,47.69263,0.4733205,0.49907503,0,831,1,2,1,3,1,0,0,0,0,0,0,0,0
291473168,291283162,17763993291687,0.0017710071,0.023036255,0.02961339,0,0.16305274,0.1497589,0.20502724,0.09750973,0.03558663,0.02539197,nan,nan,0.10823156,0.0,4259850,4325386,4028193,527633,45.75422,47.69263,0.4680898,0.49907503,0,831,1,2,1,3,1,0,0,0,0,0,0,0,0
291672770,291482661,17763993291687,0.001692773,0.015054896,0.02394136,0,0.16298388,0.14976028,0.21613461,0.10146908,0.029561099,0.023898516,nan,nan,0.10349335,0.0,4259850,4325386,4028193,527633,48.225616,47.69263,0.44528776,0.49907503,0,831,1,2,1,3,1,0,0,0,0,0,0,0,0
291872250,291682160,17763993291687,0.0011487091,0.023491466,0.035025466,0,0.16310988,0.14967932,0.2168435,0.09305228,0.024124647,0.02302099,nan,nan,0.0946801,0.0,4259850,4325386,4028193,527633,47.681927,47.69263,0.462878,0.49907503,0,831,1,2,1,3,1,0,0,0,0,0,0,0,0
292081466,291891634,17763993291687,0.00067279127,0.015768846,0.025885511,0,0.1705862,0.15373541,0.21433336,0.084799856,0.021366637,0.02239204,nan,nan,0.09189422,0.0,4259850,4325386,4028193,527633,50.29034,47.69263,0.4476444,0.49907503,0,831,1,2,1,3,1,0,0,0,0,0,0,0,0
292280948,292091133,17763993291687,0.00070652104,0.025849808,0.037422735,0,0.16369388,0.14991947,0.2237662,0.08465991,0.04222805,0.023531415,nan,nan,0.09798548,0.0,4259850,4325386,4028193,527633,49.319344,47.69263,0.43473566,0.49907503,0,831,1,2,1,3,1,0,0,0,0,0,0,0,0
292480683,292290635,17763993291687,0.0006239912,0.014775913,0.026105838,0,0.16382323,0.14995125,0.20788895,0.07345026,0.035202857,0.024441926,nan,nan,0.097341776,0.0,4259850,4325386,4028193,527633,47.81724,47.69263,0.47193596,0.49907503,0,831,1,2,1,3,1,0,0,0,0,0,0,0,0
292679940,292490131,17763993291687,0.0020018788,0.030723007,0.032954182,0,0.16391551,0.14988583,0.20025784,0.0964654,0.030289933,0.024985079,nan,nan,0.0930567,0.0,4259850,4325386,4028193,527633,48.855156,47.69263,0.4510785,0.49907503,0,831,1,2,1,3,1,0,0,0,0,0,0,0,0
292879438,292689630,17763993291687,0.0038959275,0.050918903,0.057483453,0,0.16403209,0.1499316,0.18848073,0.14929245,0.025630461,0.027887432,nan,nan,0.08627045,0.0,4259850,4325386,4028193,527633,49.983635,47.69263,0.4547039,0.49907503,0,831,1,2,1,3,1,0,0,0,0,0,0,0,0
293078973,292889129,17763993291687,0.0030122153,0.03365727,0.041270852,0,0.17104267,0.1535063,0.17855966,0.13583282,0.024270577,0.029816445,nan,nan,0.078506805,0.0,4259850,4325386,4028193,527633,49.693226,47.69263,0.45159376,0.49907503,0,831,1,2,1,3,1,0,0,0,0,0,0,0,0
293278641,293088628,17763993291687,0.003363575,0.057925444,0.0734044,0,0.16394176,0.14984192,0.16380207,0.12982127,0.04782548,0.029254766,nan,nan,0.07626293,0.0,4259850,4325386,4028193,527633,51.37042,47.69263,0.4538534,0.49907503,0,831,1,2,1,3,1,0,0,0,0,0,0,0,0
293478207,293288127,17763993291687,0.0021524124,0.03744843,0.055066828,0,0.1639219,0.1497183,0.16122068,0.10664582,0.043163724,0.028187511,nan,nan,0.07117829,0.0,4259850,4325386,4028193,527633,50.225605,47.69263,0.45006195,0.49907503,0,831,1,2,1,3,1,0,0,0,0,0,0,0,0
293677648,293487628,17763993291687,0.0018241041,0.027415909,0.043350723,0,0.16380677,0.14973606,0.17977823,0.097277805,0.038823757,0.031556137,nan,nan,0.07289866,0.0,4259850,4325386,4028193,527633,49.888374,47.69263,0.42881206,0.49907503,0,831,1,2,1,3,1,0,0,0,0,0,0,0,0
293877494,293687125,17763993291687,0.0022335863,0.032470554,0.047497753,0,0.16374816,0.14966825,0.18574613,0.08980364,0.03580901,0.031241197,nan,nan,0.0770515,0.0,4259850,4325386,4028193,527633,47.653076,47.69263,0.45111516,0.49907503,0,831,1,2,1,3,1,0,0,0,0,0,0,0,0
294076425,293886624,17763993291687,0.0015164227,0.015336648,0.026832169,0,0.17055395,0.15336798,0.19461751,0.08348173,0.0345704,0.035481088,nan,nan,0.07578472,0.0,4259850,4325386,4028193,527633,53.701878,47.69263,0.43841165,0.49907503,0,831,1,2,1,3,1,0,0,0,0,0,0,0,0
294276142,294086123,17763993291687,0.00079885847,0.016712772,0.03679923,0,0.16988356,0.15321933,0.19790277,0.10494647,0.07272679,0.036723003,nan,nan,0.0668238,0.0,4259850,4325386,4028193,527633,50.982525,47.69263,0.44178867,0.49907503,0,831,1,2,1,3,1,0,0,0,0,0,0,0,0
294475495,294285622,17763993291687,0.0016243961,0.017908303,0.028486144,0,0.1766659,0.15672782,0.19063129,0.115871795,0.067325234,0.037082262,nan,nan,0.060723636,0.0,4259850,4325386,4028193,527633,51.984493,47.69263,0.44549856,0.49907503,0,831,1,2,1,3,1,0,0,0,0,0,0,0,0
294674981,294485121,17763993291687,0.002735555,0.02142935,0.030011738,0,0.17570737,0.15647893,0.19466032,0.098553136,0.06312615,0.038509287,nan,nan,0.06347738,0.0,4259850,4325386,4028193,527633,51.317837,47.69263,0.43079776,0.49907503,0,831,1,2,1,3,1,0,0,0,0,0,0,0,0
294874790,294684620,17763993291687,0.004533287,0.052719112,0.06796124,0,0.1673516,0.1521768,0.19097014,0.1319187,0.056685008,0.037948653,nan,nan,0.06835609,0.0,4259850,4325386,4028193,527633,50.741894,47.69263,0.43133977,0.49907503,0,831,1,2,1,3,1,0,0,0,0,0,0,0,0
295073948,294884119,17763993291687,0.004060551,0.025181856,0.039262384,0,0.17404139,0.15585987,0.20432664,0.12880926,0.056364723,0.037828777,nan,nan,0.07592428,0.0,4259850,4325386,4028193,527633,49.929897,47.69263,0.42130542,0.49907503,0,831,1,2,1,3,1,0,0,0,0,0,0,0,0
295273745,295083618,17763993291687,0.004562126,0.039571255,0.05937997,0,0.18082456,0.1593531,0.18758047,0.23314585,0.10305753,0.035725616,nan,nan,0.08317,0.0,4259850,4325386,4028193,527633,54.8326,47.69263,0.43024662,0.49907503,0,831,1,2,1,3,1,0,0,0,0,0,0,0,0
295472933,295283117,17763993291687,0.004723079,0.05410013,0.07974772,0,0.17894813,0.15874457,0.16655026,0.22328761,0.09584503,0.0388116,nan,nan,0.08643001,0.0,4259850,4325386,4028193,527633,53.215927,47.69263,0.43830582,0.49907503,0,831,1,2,1,3,1,0,0,0,0,0,0,0,0
295672576,295482616,17763993291687,0.004369069,0.04377164,0.07285566,0,0.17741147,0.1580812,0.14988188,0.21111901,0.0869506,0.042752814,nan,nan,0.08407605,0.0,4259850,4325386,4028193,527633,56.44956,47.69263,0.4373285,0.49907503,0,831,1,2,1,3,1,0,0,0,0,0,0,0,0
295872047,295682115,17763993291687,0.0040128375,0.051135913,0.080755316,0,0.17603186,0.15755168,0.13825071,0.2376525,0.08444608,0.045500454,nan,nan,0.07294058,0.0,4259850,4325386,4028193,527633,52.14643,47.69263,0.43630713,0.49907503,0,831,1,2,1,3,1,0,0,0,0,0,0,0,0
296071599,295881613,17763993291687,0.0028867892,0.038918156,0.065727785,0,0.17489906,0.15695235,0.12063691,0.2204999,0.08276793,0.047137488,nan,nan,0.070750706,0.0,4259850,4325386,4028193,527633,55.31869,47.69263,0.44293702,0.49907503,0,831,1,2,1,3,1,0,0,0,0,0,0,0,0
296281025,296091089,17763993291687,0.0022271834,0.030070074,0.051123988,0,0.18201146,0.16084272,0.11397464,0.26481208,0.14304972,0.04834396,nan,nan,0.079612315,0.0,4259850,4325386,4028193,527633,54.218735,47.69263,0.43834585,0.49907503,0,831,1,2,1,3,1,0,0,0,0,0,0,0,0
296480489,296290586,17763993291687,0.003025963,0.044216745,0.06779696,0,0.17991406,0.1598545,0.14347763,0.2876229,0.1304359,0.044628795,nan,nan,0.08435441,0.0,4259850,4325386,4028193,527633,50.55005,47.69263,0.42734104,0.49907503,0,831,1,2,1,3,1,0,0,0,0,0,0,0,0
296679935,296490085,17763993291687,0.003407332,0.045490775,0.068520546,0,0.17813914,0.15914956,0.13136373,0.2962251,0.121286914,0.041968293,nan,nan,0.09011231,0.0,4259850,4325386,4028193,527633,53.055347,47.69263,0.42944014,0.49907503,0,831,1,2,1,3,1,0,0,0,0,0,0,0,0
296879632,296689586,17763993291687,0.003429433,0.034434862,0.05615325,0,0.17660838,0.1583177,0.13831462,0.29872692,0.11220063,0.03954726,nan,nan,0.088868365,0.0,4259850,4325386,4028193,527633,55.212475,47.69263,0.4311523,0.49907503,0,831,1,2,1,3,1,0,0,0,0,0,0,0,0
297078921,296889083,17763993291687,0.0036293645,0.042773176,0.060484413,0,0.17539008,0.15774432,0.12730959,0.31175643,0.10692148,0.03961271,nan,nan,0.0832664,0.0,4259850,4325386,4028193,527633,53.63686,47.69263,0.42925048,0.49907503,0,831,1,2,1,3,1,0,0,0,0,0,0,0,0
297278425,297088582,17763993291687,0.0026382196,0.022802336,0.04577136,0,0.18161769,0.16099912,0.10964513,0.28431118,0.1419934,0.03809836,nan,nan,0.07936193,0.0,4259850,4325386,4028193,527633,54.314415,47.69263,0.44086698,0.49907503,0,831,1,2,1,3,1,0,0,0,0,0,0,0,0
297477915,297288080,17763993291687,0.0038395992,0.02083887,0.03331948,0,0.17958753,0.16014868,0.095478274,0.29664826,0.12894526,0.032723032,nan,nan,0.08110765,0.0,4259850,4325386,4028193,527633,53.355377,47.69263,0.44332814,0.49907503,0,831,1,2,1,3,1,0,0,0,0,0,0,0,0
297677420,297487579,17763993291687,0.0039972384,0.025457224,0.031654418,0,0.17785196,0.1593424,0.10570293,0.28774387,0.12059116,0.03117956,nan,nan,0.078708954,0.0,4259850,4325386,4028193,527633,51.77895,47.69263,0.4322286,0.49907503,0,831,1,2,1,3,1,0,0,0,0,0,0,0,0
297876878,297687078,17763993291687,0.0026654033,0.021524742,0.034802895,0,0.17633702,0.1584665,0.121810794,0.26898104,0.110990964,0.030348735,nan,nan,0.07925611,0.0,4259850,4325386,4028193,527633,52.06767,47.69263,0.43994892,0.49907503,0,831,1,2,1,3,1,0,0,0,0,0,0,0,0
298076384,297886577,17763993291687,0.0026184996,0.011681828,0.020331046,0,0.1751681,0.15785955,0.16092925,0.27892518,0.10763606,0.030524857,nan,nan,0.073451035,0.0,4259850,4325386,4028193,527633,49.74169,47.69263,0.43084726,0.49907503,0,831,1,2,1,3,1,0,0,0,0,0,0,0,0
298276078,298086076,17763993291687,0.0022508332,0.024900477,0.030423751,0,0.1733546,0.15687609,0.16503298,0.25428396,0.12907612,0.029608717,nan,nan,0.07473002,0.0,4259850,4325386,4028193,527633,51.42793,47.69263,0.4324091,0.49907503,0,831,1,2,1,3,1,0,0,0,0,0,0,0,0
298475806,298285575,17763993291687,0.00255158,0.020832283,0.025390314,0,0.17181005,0.15611102,0.16053192,0.24942538,0.11379333,0.029938547,nan,nan,0.08644839,0.0,4259850,4325386,4028193,527633,54.035828,47.69263,0.4293479,0.49907503,0,831,1,2,1,3,1,0,0,0,0,0,0,0,0
298675086,298485073,17763993291687,0.003261323,0.025260637,0.027880628,0,0.17033307,0.15520795,0.16108254,0.2480011,0.10481504,0.028974244,nan,nan,0.08969221,0.0,4259850,4325386,4028193,527633,50.671013,47.69263,0.42983058,0.49907503,0,831,1,2,1,3,1,0,0,0,0,0,0,0,0
298874379,298684572,17763993291687,0.0028456305,0.01278253,0.018305812,0,0.1765937,0.15862343,0.15163799,0.26782185,0.10018579,0.030629702,nan,nan,0.09765611,0.0,4259850,4325386,4028193,527633,51.42658,47.69263,0.4403207,0.49907503,0,831,1,2,1,3,1,0,0,0,0,0,0,0,0
299073904,298884071,17763993291687,0.002508312,0.0112229185,0.020506863,0,0.17528692,0.15779461,0.1501744,0.26350448,0.09820573,0.03000905,nan,nan,0.09423965,0.0,4259850,4325386,4028193,527633,50.8541,47.69263,0.45282313,0.49907503,0,831,1,2,1,3,1,0,0,0,0,0,0,0,0
299273578,299083572,17763993291687,0.0021283668,0.008824567,0.014240495,0,0.17365083,0.15702324,0.164118,0.23997447,0.11612649,0.030218234,nan,nan,0.084166914,0.0,4259850,4325386,4028193,527633,48.89322,47.69263,0.43397906,0.49907503,0,831,1,2,1,3,1,0,0,0,0,0,0,0,0
299472904,299283068,17763993291687,0.0019582945,0.009522683,0.01665201,0,0.17980985,0.16018274,0.16631803,0.26302993,0.11107943,0.03201731,nan,nan,0.07487364,0.0,4259850,4325386,4028193,527633,51.774292,47.69263,0.4380135,0.49907503,0,831,1,2,1,3,1,0,0,0,0,0,0,0,0
299672571,299482567,17763993291687,0.002528467,0.0052601793,0.010805216,0,0.178131,0.15939292,0.14962944,0.2678059,0.10921952,0.03113842,nan,nan,0.065365486,0.0,4259850,4325386,4028193,527633,52.43572,47.69263,0.43632948,0.49907503,0,831,1,2,1,3,1,0,0,0,0,0,0,0,0
299882268,299692040,17763993291687,0.0035282553,0.028316293,0.034853287,0,0.1698374,0.15485448,0.14033419,0.25766018,0.10329873,0.032847777,nan,nan,0.050711934,0.0,4259850,4325386,4028193,527633,50.034843,47.69263,0.44083172,0.49907503,0,831,1,2,1,3,1,0,0,0,0,0,0,0,0
300071394,299881564,17763993291687,0.00272497,0.010231481,0.018638225,0,0.1753601,0.15782726,0.12573938,0.24949123,0.10346374,0.03349424,nan,nan,0.046396617,0.0,4259850,4325386,4028193,527633,54.036514,47.69263,0.43743694,0.49907503,0,831,1,2,1,3,1,0,0,0,0,0,0,0,0
300270921,300081063,17763993291687,0.0029357811,0.011488059,0.017992431,0,0.18189494,0.16109939,0.11218305,0.29001307,0.13092972,0.02946382,nan,nan,0.04329628,0.0,4259850,4325386,4028193,527633,52.03699,47.69263,0.43513104,0.49907503,0,831,1,2,1,3,1,0,0,0,0,0,0,0,0
300480738,300290536,17763993291687,0.0045852005,0.031317893,0.035106182,0,0.17248261,0.15640531,0.118589,0.26244736,0.11943971,0.038389582,nan,nan,0.043285623,0.0,4259850,4325386,4028193,527633,49.79769,47.69263,0.43137458,0.49907503,0,831,1,2,1,3,1,0,0,0,0,0,0,0,0
300679928,300490035,17763993291687,0.0039626844,0.017559703,0.026435256,0,0.17111652,0.15554266,0.121620424,0.24548143,0.10945906,0.03690671,nan,nan,0.042176865,0.0,4259850,4325386,4028193,527633,52.196545,47.69263,0.43238285,0.49907503,0,831,1,2,1,3,1,0,0,0,0,0,0,0,0
300879539,300689533,17763993291687,0.0025006724,0.027993955,0.040122192,0,0.16980425,0.1548659,0.14597316,0.20911239,0.10039555,0.03578365,nan,nan,0.042648826,0.0,4259850,4325386,4028193,527633,47.964836,47.69263,0.43314645,0.49907503,0,831,1,2,1,3,1,0,0,0,0,0,0,0,0
301078885,300889032,17763993291687,0.0013967438,0.027971601,0.04404189,0,0.17602316,0.1580867,0.16185011,0.21908513,0.09938963,0.03528124,nan,nan,0.058245566,0.0,4259850,4325386,4028193,527633,51.06048,47.69263,0.4385771,0.49907503,0,831,1,2,1,3,1,0,0,0,0,0,0,0,0
301278531,301088531,17763993291687,0.0020451846,0.018377747,0.029541718,0,0.1742924,0.15727623,0.18083698,0.22065447,0.12434895,0.034699593,nan,nan,0.057632323,0.0,4259850,4325386,4028193,527633,50.64827,47.69263,0.430738,0.49907503,0,831,1,2,1,3,1,0,0,0,0,0,0,0,0
301478036,301288029,17763993291687,0.002004744,0.010937713,0.019867025,0,0.17242798,0.15642019,0.19145168,0.20524168,0.11385819,0.03596426,nan,nan,0.063358866,0.0,4259850,4325386,4028193,527633,47.71491,47.69263,0.43623844,0.49907503,0,831,1,2,1,3,1,0,0,0,0,0,0,0,0
301677530,301487528,17763993291687,0.0019225766,0.009310702,0.018957214,0,0.17097929,0.15554234,0.18202893,0.20104362,0.106617704,0.037032362,nan,nan,0.07049075,0.0,4259850,4325386,4028193,527633,52.140022,47.69263,0.43362468,0.49907503,0,831,1,2,1,3,1,0,0,0,0,0,0,0,0
301877262,301687027,17763993291687,0.0018438366,0.014942716,0.020981697,0,0.16966042,0.15485051,0.19516732,0.17656866,0.099262565,0.037812166,nan,nan,0.064470455,0.0,4259850,4325386,4028193,527633,49.877953,47.69263,0.4249232,0.49907503,0,831,1,2,1,3,1,0,0,0,0,0,0,0,0
302076334,301886525,17763993291687,0.0016400431,0.021820318,0.035936914,0,0.17591068,0.15810338,0.17984462,0.18632989,0.097064234,0.03945024,nan,nan,0.06081745,0.0,4259850,4325386,4028193,527633,49.77449,47.69263,0.44096416,0.49907503,0,831,1,2,1,3,1,0,0,0,0,0,0,0,0
302275828,302086024,17763993291687,0.0015476991,0.020943865,0.03140368,0,0.18223573,0.16147964,0.18186297,0.20279692,0.13788833,0.03756097,nan,nan,0.050561134,0.0,4259850,4325386,4028193,527633,51.648327,47.69263,0.4384052,0.49907503,0,831,1,2,1,3,1,0,0,0,0,0,0,0,0
302475325,302285523,17763993291687,0.0019306497,0.016205493,0.022650829,0,0.18004651,0.1603515,0.16766568,0.20096022,0.12575833,0.038038686,nan,nan,0.044276766,0.0,4259850,4325386,4028193,527633,48.10543,47.69263,0.43857354,0.49907503,0,831,1,2,1,3,1,0,0,0,0,0,0,0,0
302675033,302485021,17763993291687,0.0018243873,0.016254548,0.023335693,0,0.17065054,0.15547518,0.15490198,0.17026488,0.10656224,0.03975275,nan,nan,0.040576566,0.0,4259850,4325386,4028193,527633,51.322456,47.69263,0.43268022,0.49907503,0,831,1,2,1,3,1,0,0,0,0,0,0,0,0
302874520,302684520,17763993291687,0.0014919112,0.021797549,0.028511424,0,0.16937636,0.15462753,0.13981573,0.14632727,0.097996496,0.039261013,nan,nan,0.035517745,0.0,4259850,4325386,4028193,527633,51.896816,47.69263,0.44250986,0.49907503,0,831,1,2,1,3,1,0,0,0,0,0,0,0,0
303074014,302884018,17763993291687,0.001938838,0.02799175,0.047399838,0,0.17569654,0.15803997,0.11824606,0.14295161,0.092826955,0.041064702,nan,nan,0.029325107,0.0,4259850,4325386,4028193,527633,53.009636,47.69263,0.43689385,0.49907503,0,831,1,2,1,3,1,0,0,0,0,0,0,0,0
303273585,303083516,17763993291687,0.0021102608,0.017921576,0.029029494,0,0.17391434,0.15704563,0.12971963,0.13728248,0.10875047,0.039304063,nan,nan,0.028753648,0.0,4259850,4325386,4028193,527633,50.413292,47.69263,0.43436128,0.49907503,0,831,1,2,1,3,1,0,0,0,0,0,0,0,0
303472819,303283015,17763993291687,0.0013893216,0.03780765,0.05557029,0,0.18003018,0.16037099,0.13336186,0.12582272,0.10174097,0.038045593,nan,nan,0.02795011,0.0,4259850,4325386,4028193,527633,51.253887,47.69263,0.43583283,0.49907503,0,831,1,2,1,3,1,0,0,0,0,0,0,0,0
303672574,303482513,17763993291687,0.0012900376,0.033878516,0.052659858,0,0.17062987,0.15534614,0.12890577,0.19278829,0.08572133,0.038002357,nan,nan,0.03073275,0.0,4259850,4325386,4028193,527633,52.797028,47.69263,0.44634998,0.49907503,0,831,1,2,1,3,1,0,0,0,0,0,0,0,0
303871824,303682012,17763993291687,0.00074605603,0.053945545,0.07992737,0,0.17676927,0.15867227,0.17439704,0.17469458,0.082633466,0.0368348,nan,nan,0.024922974,0.0,4259850,4325386,4028193,527633,50.921074,47.69263,0.42364788,0.49907503,0,831,1,2,1,3,1,0,0,0,0,0,0,0,0
304071353,303881510,17763993291687,0.0005923928,0.045314904,0.06968347,0,0.17558797,0.15805024,0.19180226,0.15335017,0.07492781,0.036193486,nan,nan,0.021552721,0.0,4259850,4325386,4028193,527633,49.78529,47.69263,0.43426242,0.49907503,0,831,1,2,1,3,1,0,0,0,0,0,0,0,0
304270815,304081009,17763993291687,0.0012263086,0.04826254,0.070768066,0,0.18192197,0.1612736,0.173706,0.14843711,0.10175988,0.03586261,nan,nan,0.018926345,0.0,4259850,4325386,4028193,527633,55.031864,47.69263,0.44824174,0.49907503,0,831,1,2,1,3,1,0,0,0,0,0,0,0,0
304470330,304280507,17763993291687,0.001857493,0.047637224,0.074835934,0,0.17991713,0.16038954,0.165847,0.15160899,0.085134804,0.032451414,nan,nan,0.016547682,0.0,4259850,4325386,4028193,527633,50.475037,47.69263,0.4403083,0.49907503,0,831,1,2,1,3,1,0,0,0,0,0,0,0,0
304679829,304489980,17763993291687,0.003309603,0.07214761,0.09497449,0,0.17112043,0.15569304,0.1598242,0.1191678,0.06802233,0.029167622,nan,nan,0.0318832,0.0,4259850,4325386,4028193,527633,52.589058,47.69263,0.43581402,0.49907503,0,831,1,2,1,3,1,0,0,0,0,0,0,0,0
304879710,304689479,17763993291687,0.0051360503,0.07859359,0.10318331,0,0.16983314,0.15487906,0.14623594,0.1318565,0.05816823,0.025495298,nan,nan,0.051333647,0.0,4259850,4325386,4028193,527633,54.048294,47.69263,0.4556274,0.49907503,0,831,1,2,1,3,1,0,0,0,0,0,0,0,0
305078808,304888977,17763993291687,0.0036286912,0.05385308,0.07605873,0,0.17597145,0.15824254,0.18612324,0.13132359,0.053590424,0.023288546,nan,nan,0.05697806,0.0,4259850,4325386,4028193,527633,48.491753,47.69263,0.41392815,0.49907503,0,831,1,2,1,3,1,0,0,0,0,0,0,0,0
305278543,305088476,17763993291687,0.0027308315,0.041592296,0.06006866,0,0.17410949,0.15741484,0.18730831,0.13076407,0.055974934,0.01950676,nan,nan,0.06330949,0.0,4259850,4325386,4028193,527633,54.494957,47.69263,0.47079328,0.49907503,0,831,1,2,1,3,1,0,0,0,0,0,0,0,0
305478020,305287974,17763993291687,0.0047027892,0.063976936,0.0770425,0,0.17241347,0.15648255,0.19289824,0.12457565,0.046771042,0.015788427,nan,nan,0.061412416,0.0,4259850,4325386,4028193,527633,51.327736,47.69263,0.45534325,0.49907503,0,831,1,2,1,3,1,0,0,0,0,0,0,0,0
305677476,305487472,17763993291687,0.0027592212,0.029118285,0.04340408,0,0.17084633,0.15575826,0.19732581,0.09061041,0.039508227,0.015634185,nan,nan,0.05490284,0.0,4259850,4325386,4028193,527633,49.23865,47.69263,0.44994542,0.49907503,0,831,1,2,1,3,1,0,0,0,0,0,0,0,0
305876985,305686971,17763993291687,0.0018418146,0.029026764,0.051421937,0,0.16973448,0.15504402,0.20396858,0.14616188,0.032932363,0.015680656,nan,nan,0.056151174,0.0,4259850,4325386,4028193,527633,46.103523,47.69263,0.4662042,0.49907503,0,831,1,2,1,3,1,0,0,0,0,0,0,0,0
306076334,305886469,17763993291687,0.0006847348,0.008088567,0.019700425,0,0.1762312,0.15856738,0.22632132,0.08331956,0.030261608,0.016488224,nan,nan,0.07333906,0.0,4259850,4325386,4028193,527633,51.672966,47.69263,0.46303836,0.49907503,0,831,1,2,1,3,1,0,0,0,0,0,0,0,0
306275970,306085967,17763993291687,0.0007400173,0.006461232,0.014210815,0,0.18306595,0.16204411,0.22769937,0.071015924,0.03654235,0.014379406,nan,nan,0.08533286,0.0,4259850,4325386,4028193,527633,48.63158,47.69263,0.4713944,0.49907503,0,831,1,2,1,3,1,0,0,0,0,0,0,0,0
306475342,306285466,17763993291687,0.0020412744,0.026634641,0.029887415,0,0.18085942,0.16122097,0.24134743,0.15978141,0.03344122,0.012056597,nan,nan,0.09613831,0.0,4259850,4325386,4028193,527633,47.87466,47.69263,0.47111413,0.49907503,0,831,1,2,1,3,1,0,0,0,0,0,0,0,0
306674999,306484964,17763993291687,0.0053119767,0.082903996,0.0943822,0,0.17117248,0.15614447,0.25172064,0.20362195,0.039783593,0.011282775,nan,nan,0.09666165,0.0,4259850,4325386,4028193,527633,51.380054,47.69263,0.4693788,0.49907503,0,831,1,2,1,3,1,0,0,0,0,0,0,0,0
306874332,306684462,17763993291687,0.0039714538,0.054626524,0.06972303,0,0.17753512,0.15975559,0.26765725,0.20182495,0.042235736,0.01243962,nan,nan,0.083513364,0.0,4259850,4325386,4028193,527633,48.600067,47.69263,0.46406806,0.49907503,0,831,1,2,1,3,1,0,0,0,0,0,0,0,0
307073832,306883960,17763993291687,0.0029004884,0.043902315,0.06342952,0,0.1761976,0.15901324,0.2788033,0.20159465,0.045262434,0.021543868,nan,nan,0.08597353,0.0,4259850,4325386,4028193,527633,48.59505,47.69263,0.4632088,0.49907503,0,831,1,2,1,3,1,0,0,0,0,0,0,0,0
307273779,307083459,17763993291687,0.003543789,0.0815325,0.113612,0,0.16770968,0.15440425,0.2461929,0.20186639,0.047986854,0.027478646,nan,nan,0.09126288,0.0,4259850,4325386,4028193,527633,46.426956,47.69263,0.48273677,0.49907503,0,831,1,2,1,3,1,0,0,0,0,0,0,0,0
307483285,307292932,17763993291687,0.0035005442,0.0791049,0.11830598,0,0.16753677,0.15419988,0.21378504,0.21868569,0.050580315,0.035739396,nan,nan,0.11204639,0.0,4259850,4325386,4028193,527633,48.283047,47.69263,0.49923432,0.49907503,0,831,1,2,1,3,1,0,0,0,0,0,0,0,0
307682572,307492430,17763993291687,0.0038160712,0.07268389,0.107367806,0,0.1668809,0.15381178,0.19026065,0.21075654,0.05202688,0.03743063,nan,nan,0.14125353,0.0,4259850,4325386,4028193,527633,48.674446,47.69263,0.503982,0.49907503,0,831,1,2,1,3,1,0,0,0,0,0,0,0,0
307881933,307691928,17763993291687,0.0042767148,0.085862346,0.11924888,0,0.16619606,0.1532626,0.1606943,0.2570269,0.054010525,0.03848841,nan,nan,0.14922996,0.0,4259850,4325386,4028193,527633,49.182922,47.69263,0.5147725,0.49907503,0,831,1,2,1,3,1,0,0,0,0,0,0,0,0
308081372,307891426,17763993291687,0.003567935,0.046782196,0.074168175,0,0.17262818,0.15688947,0.16613878,0.2551198,0.053914744,0.040439613,nan,nan,0.15364712,0.0,4259850,4325386,4028193,527633,49.66058,47.69263,0.49813172,0.49907503,0,831,1,2,1,3,1,0,0,0,0,0,0,0,0
308280945,308090924,17763993291687,0.003779998,0.05878609,0.08559004,0,0.17140493,0.15611222,0.14921716,0.2529178,0.06305048,0.042160902,nan,nan,0.15993068,0.0,4259850,4325386,4028193,527633,41.832985,47.69263,0.51648355,0.49907503,0,831,1,2,1,3,1,0,0,0,0,0,0,0,0
308480370,308290422,17763993291687,0.0057281586,0.08583342,0.11789714,0,0.17016727,0.15546665,0.15335712,0.30517668,0.06473415,0.04189432,nan,nan,0.17361066,0.0,4259850,4325386,4028193,527633,44.95435,47.69263,0.5023629,0.49907503,0,831,1,2,1,3,1,0,0,0,0,0,0,0,0
308679953,308489920,17763993291687,0.0070429984,0.08211154,0.11401051,0,0.1691542,0.15492357,0.15769964,0.30450034,0.0683997,0.04256526,nan,nan,0.180931,0.0,4259850,4325386,4028193,527633,45.980865,47.69263,0.50572497,0.49907503,0,831,1,2,1,3,1,0,0,0,0,0,0,0,0
308879568,308689419,17763993291687,0.0076682507,0.088320106,0.114348985,0,0.16816208,0.1542396,0.15487361,0.33174646,0.06898919,0.040871322,nan,nan,0.191788,0.0,4259850,4325386,4028193,527633,44.513874,47.69263,0.5052447,0.49907503,0,831,1,2,1,3,1,0,0,0,0,0,0,0,0
309078864,308888917,17763993291687,0.005731939,0.03275425,0.053316716,0,0.17454523,0.15778299,0.15536004,0.3128299,0.068671025,0.04157742,nan,nan,0.1978411,0.0,4259850,4325386,4028193,527633,44.155792,47.69263,0.49903437,0.49907503,0,831,1,2,1,3,1,0,0,0,0,0,0,0,0
309278393,309088415,17763993291687,0.008552341,0.07272032,0.100494325,0,0.16662695,0.15319903,0.14914851,0.32505184,0.07271281,0.03724125,nan,nan,0.19789048,0.0,4259850,4325386,4028193,527633,43.63809,47.69263,0.48451206,0.49907503,0,831,1,2,1,3,1,0,0,0,0,0,0,0,0
309477793,309287913,17763993291687,0.00886535,0.076271325,0.10578531,0,0.16608326,0.15287155,0.16066371,0.35416293,0.074256495,0.03588298,nan,nan,0.19034907,0.0,4259850,4325386,4028193,527633,44.357586,47.69263,0.5116041,0.49907503,0,831,1,2,1,3,1,0,0,0,0,0,0,0,0
309677298,309487411,17763993291687,0.007354728,0.043700963,0.06724087,0,0.16555978,0.15239727,0.17918114,0.3165313,0.073433734,0.035465535,nan,nan,0.17869177,0.0,4259850,4325386,4028193,527633,45.374004,47.69263,0.48394188,0.49907503,0,831,1,2,1,3,1,0,0,0,0,0,0,0,0
309876734,309686910,17763993291687,0.0069225933,0.046689786,0.06576746,0,0.16514112,0.15215395,0.20641793,0.3230369,0.07514218,0.03264714,nan,nan,0.17205879,0.0,4259850,4325386,4028193,527633,45.241436,47.69263,0.47189784,0.49907503,0,831,1,2,1,3,1,0,0,0,0,0,0,0,0
310076269,309886407,17763993291687,0.0055538868,0.012342704,0.021922302,0,0.17145932,0.15555324,0.19843645,0.32807326,0.07651179,0.034836143,nan,nan,0.1481013,0.0,4259850,4325386,4028193,527633,44.60617,47.69263,0.48743472,0.49907503,0,831,1,2,1,3,1,0,0,0,0,0,0,0,0
310275723,310085907,17763993291687,0.0065436666,0.035503004,0.049634572,0,0.1642642,0.15146968,0.17654788,0.2980652,0.09102449,0.033916693,nan,nan,0.13479796,0.0,4259850,4325386,4028193,527633,45.064373,47.69263,0.5001993,0.49907503,0,831,1,2,1,3,1,0,0,0,0,0,0,0,0
310475456,310285403,17763993291687,0.0059918766,0.030060036,0.042034786,0,0.16412361,0.15118816,0.14647044,0.2894653,0.08954056,0.03548959,nan,nan,0.12816563,0.0,4259850,4325386,4028193,527633,46.01604,47.69263,0.50044346,0.49907503,0,831,1,2,1,3,1,0,0,0,0,0,0,0,0
310674713,310484901,17763993291687,0.0052282214,0.02814956,0.03100853,0,0.163962,0.15101944,0.1529735,0.26259503,0.08826554,0.036054533,nan,nan,0.12153601,0.0,4259850,4325386,4028193,527633,45.96499,47.69263,0.4738215,0.49907503,0,831,1,2,1,3,1,0,0,0,0,0,0,0,0
310874238,310684399,17763993291687,0.0054705404,0.033689726,0.038429223,0,0.16386555,0.1507803,0.12826873,0.26876724,0.089596674,0.03462358,nan,nan,0.12294066,0.0,4259850,4325386,4028193,527633,44.96262,47.69263,0.4995487,0.49907503,0,831,1,2,1,3,1,0,0,0,0,0,0,0,0
311073709,310883898,17763993291687,0.00372582,0.031316385,0.044564575,0,0.17048289,0.15436694,0.1527279,0.24776773,0.08901969,0.03447361,nan,nan,0.12312088,0.0,4259850,4325386,4028193,527633,46.30494,47.69263,0.5028686,0.49907503,0,831,1,2,1,3,1,0,0,0,0,0,0,0,0
311273437,311083395,17763993291687,0.005212182,0.028178606,0.034788366,0,0.16355814,0.15039198,0.1149314,0.25024012,0.10521242,0.034343656,nan,nan,0.11949058,0.0,4259850,4325386,4028193,527633,47.518616,47.69263,0.49939373,0.49907503,0,831,1,2,1,3,1,0,0,0,0,0,0,0,0
311472701,311282893,17763993291687,0.0049051717,0.016705088,0.025759403,0,0.16355322,0.15032499,0.10944357,0.24324942,0.100133546,0.03764213,nan,nan,0.11308961,0.0,4259850,4325386,4028193,527633,46.710964,47.69263,0.5241209,0.49907503,0,831,1,2,1,3,1,0,0,0,0,0,0,0,0
311682210,311492366,17763993291687,0.0037475785,0.02157197,0.026423924,0,0.16406009,0.15047568,0.11287135,0.21354102,0.09909051,0.037787497,nan,nan,0.10015412,0.0,4259850,4325386,4028193,527633,44.538082,47.69263,0.48311433,0.49907503,0,831,1,2,1,3,1,0,0,0,0,0,0,0,0
311881930,311691864,17763993291687,0.0030706662,0.031859633,0.040943213,0,0.16408542,0.15046656,0.11249307,0.18575528,0.09481667,0.038522877,nan,nan,0.10223889,0.0,4259850,4325386,4028193,527633,46.73455,47.69263,0.5036688,0.49907503,0,831,1,2,1,3,1,0,0,0,0,0,0,0,0
312081228,311891362,17763993291687,0.0023406728,0.046259418,0.067005895,0,0.17085214,0.15396722,0.11103608,0.1764791,0.09192676,0.040205754,nan,nan,0.10110701,0.0,4259850,4325386,4028193,527633,45.62679,47.69263,0.49418902,0.49907503,0,831,1,2,1,3,1,0,0,0,0,0,0,0,0
312280689,312090860,17763993291687,0.0025058042,0.032955606,0.043733012,0,0.1639152,0.15023924,0.09980375,0.1654799,0.096926905,0.040808234,nan,nan,0.11080991,0.0,4259850,4325386,4028193,527633,46.581738,47.69263,0.5259799,0.49907503,0,831,1,2,1,3,1,0,0,0,0,0,0,0,0
312480171,312290358,17763993291687,0.0021560409,0.048325267,0.06414887,0,0.16392258,0.15021883,0.122695185,0.14039013,0.08988732,0.042601764,nan,nan,0.113929674,0.0,4259850,4325386,4028193,527633,44.36883,47.69263,0.51743585,0.49907503,0,831,1,2,1,3,1,0,0,0,0,0,0,0,0
312679677,312489856,17763993291687,0.0027547476,0.0412951,0.05590702,0,0.16383138,0.15007555,0.19609487,0.14387222,0.08616604,0.04299572,nan,nan,0.1116446,0.0,4259850,4325386,4028193,527633,41.268246,47.69263,0.50141776,0.49907503,0,831,1,2,1,3,1,0,0,0,0,0,0,0,0
312879163,312689354,17763993291687,0.0026668112,0.04560858,0.06416653,0,0.16386911,0.15010461,0.2254369,0.12003621,0.08224867,0.04262184,nan,nan,0.11206582,0.0,4259850,4325386,4028193,527633,44.776848,47.69263,0.49493918,0.49907503,0,831,1,2,1,3,1,0,0,0,0,0,0,0,0
313078668,312888852,17763993291687,0.0019786812,0.0493588,0.07252179,0,0.17047273,0.15361975,0.21623008,0.10987019,0.08086114,0.041842327,nan,nan,0.115755476,0.0,4259850,4325386,4028193,527633,44.792576,47.69263,0.48976868,0.49907503,0,831,1,2,1,3,1,0,0,0,0,0,0,0,0
313278158,313088350,17763993291687,0.00087899726,0.034596384,0.056073245,0,0.16360173,0.14994745,0.20681193,0.09426429,0.083552696,0.04150709,nan,nan,0.1313497,0.0,4259850,4325386,4028193,527633,44.273926,47.69263,0.5194207,0.49907503,0,831,1,2,1,3,1,0,0,0,0,0,0,0,0
313477868,313287848,17763993291687,0.0011851313,0.027385904,0.04309709,0,0.16351986,0.14982882,0.19906515,0.11873953,0.07980418,0.0406743,nan,nan,0.12904517,0.0,4259850,4325386,4028193,527633,43.988186,47.69263,0.50435907,0.49907503,0,831,1,2,1,3,1,0,0,0,0,0,0,0,0
313677150,313487345,17763993291687,0.0018577898,0.025795668,0.03729726,0,0.16353329,0.14990261,0.20666629,0.1327289,0.07749101,0.039187964,nan,nan,0.12861592,0.0,4259850,4325386,4028193,527633,44.04062,47.69263,0.5040314,0.49907503,0,831,1,2,1,3,1,0,0,0,0,0,0,0,0
313876698,313686843,17763993291687,0.002002341,0.016636496,0.025944427,0,0.16351408,0.1498167,0.21030003,0.11814703,0.07521109,0.037398454,nan,nan,0.12104493,0.0,4259850,4325386,4028193,527633,44.771217,47.69263,0.51517504,0.49907503,0,831,1,2,1,3,1,0,0,0,0,0,0,0,0
314076150,313886341,17763993291687,0.0023763042,0.020493073,0.03377972,0,0.17017443,0.15358159,0.22290117,0.1455828,0.07542781,0.039409075,nan,nan,0.104861826,0.0,4259850,4325386,4028193,527633,44.57292,47.69263,0.49901265,0.49907503,0,831,1,2,1,3,1,0,0,0,0,0,0,0,0
314275726,314085839,17763993291687,0.0021550236,0.03873652,0.06134282,0,0.16331954,0.14977257,0.23739356,0.11121795,0.07563227,0.04341042,nan,nan,0.101263456,0.0,4259850,4325386,4028193,527633,44.338802,47.69263,0.5147618,0.49907503,0,831,1,2,1,3,1,0,0,0,0,0,0,0,0
314475139,314285337,17763993291687,0.0020133997,0.05946325,0.07357209,0,0.16329166,0.14983359,0.19948174,0.13114622,0.07326331,0.044768833,nan,nan,0.10781333,0.0,4259850,4325386,4028193,527633,41.62309,47.69263,0.52501136,0.49907503,0,831,1,2,1,3,1,0,0,0,0,0,0,0,0
314674903,314484835,17763993291687,0.0011366718,0.040896308,0.062799744,0,0.16345257,0.14980523,0.16321856,0.119531095,0.06998415,0.04690421,nan,nan,0.14059822,0.0,4259850,4325386,4028193,527633,41.56319,47.69263,0.56031865,0.49907503,0,831,1,2,1,3,1,0,0,0,0,0,0,0,0
314874145,314684332,17763993291687,0.002187486,0.042559523,0.056570735,0,0.16347268,0.14986087,0.15726641,0.13966593,0.0692998,0.04707698,nan,nan,0.19700295,0.0,4259850,4325386,4028193,527633,44.85792,47.69263,0.5326649,0.49907503,0,831,1,2,1,3,1,0,0,0,0,0,0,0,0
315073647,314883830,17763993291687,0.0016567523,0.030373622,0.046566613,0,0.17041753,0.15365587,0.16359587,0.13118458,0.068611346,0.048482526,nan,nan,0.20743708,0.0,4259850,4325386,4028193,527633,45.61669,47.69263,0.5276566,0.49907503,0,831,1,2,1,3,1,0,0,0,0,0,0,0,0
315273132,315083328,17763993291687,0.002701458,0.051937,0.072691545,0,0.16351782,0.14982943,0.13885672,0.15128155,0.06826658,0.047271356,nan,nan,0.2013789,0.0,4259850,4325386,4028193,527633,40.967636,47.69263,0.51788443,0.49907503,0,831,1,2,1,3,1,0,0,0,0,0,0,0,0
315472635,315282825,17763993291687,0.0024931943,0.056734197,0.076415665,0,0.16363256,0.14992753,0.11764119,0.17063616,0.06705122,0.04647049,nan,nan,0.1998418,0.0,4259850,4325386,4028193,527633,43.37856,47.69263,0.5424779,0.49907503,0,831,1,2,1,3,1,0,0,0,0,0,0,0,0
315672430,315482323,17763993291687,0.0016132132,0.05334128,0.072292574,0,0.16364175,0.14981048,0.121225856,0.14605387,0.06264144,0.044819497,nan,nan,0.21278179,0.0,4259850,4325386,4028193,527633,43.54144,47.69263,0.52260566,0.49907503,0,831,1,2,1,3,1,0,0,0,0,0,0,0,0
315881648,315691796,17763993291687,0.0016748802,0.053151064,0.07359916,0,0.1642716,0.15011919,0.1382169,0.16181865,0.06026139,0.047075123,nan,nan,0.22417822,0.0,4259850,4325386,4028193,527633,41.174313,47.69263,0.5142124,0.49907503,0,831,1,2,1,3,1,0,0,0,0,0,0,0,0
316081137,315891294,17763993291687,0.0012880986,0.029631756,0.050045747,0,0.17103367,0.15384905,0.1649256,0.1497228,0.05908631,0.046724465,nan,nan,0.22911435,0.0,4259850,4325386,4028193,527633,42.38193,47.69263,0.51731145,0.49907503,0,831,1,2,1,3,1,0,0,0,0,0,0,0,0
316280601,316090791,17763993291687,0.0022629455,0.03598314,0.060548637,0,0.16394824,0.15011525,0.16369276,0.14405021,0.06864463,0.046755083,nan,nan,0.22780615,0.0,4259850,4325386,4028193,527633,42.024246,47.69263,0.5182167,0.49907503,0,831,1,2,1,3,1,0,0,0,0,0,0,0,0
316480098,316290289,17763993291687,0.0020169872,0.03328685,0.05780264,0,0.16395389,0.15005709,0.1502056,0.14268558,0.06403451,0.048333395,nan,nan,0.20899275,0.0,4259850,4325386,4028193,527633,43.287247,47.69263,0.5308372,0.49907503,0,831,1,2,1,3,1,0,0,0,0,0,0,0,0
316679593,316489787,17763993291687,0.0015849097,0.04734908,0.058089778,0,0.16386783,0.1500862,0.15246642,0.19808425,0.0614971,0.04948836,nan,nan,0.20612685,0.0,4259850,4325386,4028193,527633,43.013527,47.69263,0.5229036,0.49907503,0,831,1,2,1,3,1,0,0,0,0,0,0,0,0
316879285,316689285,17763993291687,0.0015881826,0.03917112,0.05213429,0,0.16390358,0.15004452,0.14720386,0.14587344,0.05656348,0.05018492,nan,nan,0.22461644,0.0,4259850,4325386,4028193,527633,40.97423,47.69263,0.53442144,0.49907503,0,831,1,2,1,3,1,0,0,0,0,0,0,0,0
317078624,316888783,17763993291687,0.0012327291,0.035001494,0.050744925,0,0.17060281,0.1537789,0.16977221,0.19517267,0.05500224,0.049506605,nan,nan,0.23765317,0.0,4259850,4325386,4028193,527633,42.122746,47.69263,0.4975601,0.49907503,0,831,1,2,1,3,1,0,0,0,0,0,0,0,0
317278088,317088280,17763993291687,0.0016949193,0.026261423,0.04195998,0,0.16369838,0.14998604,0.17463863,0.24343954,0.06764542,0.04868663,nan,nan,0.2749791,0.0,4259850,4325386,4028193,527633,41.63295,47.69263,0.51133,0.49907503,0,831,1,2,1,3,1,0,0,0,0,0,0,0,0
317477625,317287778,17763993291687,0.0025020475,0.013046784,0.016808072,0,0.1636834,0.15004805,0.21363308,0.18852061,0.05953517,0.045503713,nan,nan,0.2734631,0.0,4259850,4325386,4028193,527633,40.52023,47.69263,0.5209315,0.49907503,0,831,1,2,1,3,1,0,0,0,0,0,0,0,0
317677083,317487275,17763993291687,0.0030727657,0.019249678,0.020708986,0,0.16364281,0.15002534,0.20325404,0.15849139,0.05325344,0.043564163,nan,nan,0.27258313,0.0,4259850,4325386,4028193,527633,40.550182,47.69263,0.4935996,0.49907503,0,831,1,2,1,3,1,0,0,0,0,0,0,0,0
317876626,317686773,17763993291687,0.0027346858,0.019821953,0.023662612,0,0.16363537,0.15011364,0.20643015,0.12445039,0.047803972,0.039390426,nan,nan,0.26408243,0.0,4259850,4325386,4028193,527633,39.45527,47.69263,0.5199508,0.49907503,0,831,1,2,1,3,1,0,0,0,0,0,0,0,0
318076106,317886271,17763993291687,0.0030850784,0.014931004,0.016934622,0,0.1703831,0.15378907,0.20659718,0.17584798,0.046567217,0.039053805,nan,nan,0.25332412,0.0,4259850,4325386,4028193,527633,45.018555,47.69263,0.50100076,0.49907503,0,831,1,2,1,3,1,0,0,0,0,0,0,0,0
318275771,318085769,17763993291687,0.003661172,0.033427563,0.041629005,0,0.16351089,0.15016277,0.21086226,0.17932871,0.049033254,0.038121387,nan,nan,0.25473022,0.0,4259850,4325386,4028193,527633,41.49507,47.69263,0.5051326,0.49907503,0,831,1,2,1,3,1,0,0,0,0,0,0,0,0
318475103,318285266,17763993291687,0.0047606993,0.05098604,0.058254424,0,0.16354099,0.15015317,0.2213961,0.23027389,0.04926725,0.040093064,nan,nan,0.23954993,0.0,4259850,4325386,4028193,527633,40.532112,47.69263,0.49294803,0.49907503,0,831,1,2,1,3,1,0,0,0,0,0,0,0,0
318674569,318484764,17763993291687,0.005879352,0.06562362,0.07904888,0,0.16362394,0.15032673,0.24298921,0.25859526,0.049216777,0.040188532,nan,nan,0.2319035,0.0,4259850,4325386,4028193,527633,43.85835,47.69263,0.47966117,0.49907503,0,831,1,2,1,3,1,0,0,0,0,0,0,0,0
318874063,318684261,17763993291687,0.0055397246,0.063481525,0.078044966,0,0.16370267,0.15046437,0.29022852,0.23986526,0.050989848,0.040329825,nan,nan,0.21054052,0.0,4259850,4325386,4028193,527633,41.205254,47.69263,0.4418737,0.49907503,0,831,1,2,1,3,1,0,0,0,0,0,0,0,0
319073572,318883759,17763993291687,0.0051017334,0.054533023,0.06949048,0,0.17072289,0.15429676,0.27641785,0.22527887,0.051685117,0.038882144,nan,nan,0.19719338,0.0,4259850,4325386,4028193,527633,46.01846,47.69263,0.4760514,0.49907503,0,831,1,2,1,3,1,0,0,0,0,0,0,0,0
319273062,319083257,17763993291687,0.006281448,0.08417906,0.11595376,0,0.16371599,0.15058945,0.27690953,0.19929747,0.05228149,0.03906996,nan,nan,0.18168414,0.0,4259850,4325386,4028193,527633,45.119408,47.69263,0.4706433,0.49907503,0,831,1,2,1,3,1,0,0,0,0,0,0,0,0
319472565,319282754,17763993291687,0.0057558645,0.08778112,0.119181186,0,0.16380256,0.15061375,0.28373483,0.22815241,0.057302453,0.040824614,nan,nan,0.16505973,0.0,4259850,4325386,4028193,527633,44.21929,47.69263,0.45279765,0.49907503,0,831,1,2,1,3,1,0,0,0,0,0,0,0,0
319672625,319482252,17763993291687,0.005245369,0.093240276,0.13206734,0,0.16380897,0.15071127,0.30084014,0.26969948,0.05714459,0.041911058,nan,nan,0.13967992,0.0,4259850,4325386,4028193,527633,47.20535,47.69263,0.45810914,0.49907503,0,831,1,2,1,3,1,0,0,0,0,0,0,0,0
319871575,319681749,17763993291687,0.0045896308,0.07872862,0.116627686,0,0.16384903,0.15066491,0.3128372,0.2563962,0.061014876,0.04238215,nan,nan,0.12798038,0.0,4259850,4325386,4028193,527633,45.13224,47.69263,0.42401487,0.49907503,0,831,1,2,1,3,1,0,0,0,0,0,0,0,0
320081044,319891222,17763993291687,0.0030249448,0.04126524,0.070947774,0,0.17143881,0.15500686,0.31461486,0.24766688,0.05915155,0.0418495,nan,nan,0.116128206,0.0,4259850,4325386,4028193,527633,48.032684,47.69263,0.4706484,0.49907503,0,831,1,2,1,3,1,0,0,0,0,0,0,0,0
320280719,320090719,17763993291687,0.003229911,0.062073164,0.1014258,0,0.16425152,0.15100479,0.30155617,0.24071094,0.059600916,0.041713312,nan,nan,0.09645233,0.0,4259850,4325386,4028193,527633,47.97843,47.69263,0.44408783,0.49907503,0,831,1,2,1,3,1,0,0,0,0,0,0,0,0
320480147,320290216,17763993291687,0.0033239191,0.06377139,0.09861922,0,0.16421391,0.1510812,0.27839652,0.26978534,0.06294281,0.040174372,nan,nan,0.085853264,0.0,4259850,4325386,4028193,527633,49.090466,47.69263,0.46137968,0.49907503,0,831,1,2,1,3,1,0,0,0,0,0,0,0,0
320679639,320489714,17763993291687,0.0033961933,0.06643473,0.102627546,0,0.16411984,0.15097493,0.27978253,0.27849296,0.06641446,0.039879587,nan,nan,0.075552545,0.0,4259850,4325386,4028193,527633,47.72758,47.69263,0.4242061,0.49907503,0,831,1,2,1,3,1,0,0,0,0,0,0,0,0
320879138,320689211,17763993291687,0.0032651706,0.054870617,0.08841001,0,0.16411826,0.1510666,0.2820568,0.2697271,0.06856065,0.040350184,nan,nan,0.06603728,0.0,4259850,4325386,4028193,527633,46.405415,47.69263,0.43193358,0.49907503,0,831,1,2,1,3,1,0,0,0,0,0,0,0,0
321078762,320888709,17763993291687,0.0024469194,0.024759278,0.049077794,0,0.1707675,0.15478438,0.28557822,0.24978067,0.069206335,0.041072797,nan,nan,0.050904088,0.0,4259850,4325386,4028193,527633,50.577705,47.69263,0.4176867,0.49907503,0,831,1,2,1,3,1,0,0,0,0,0,0,0,0
321278364,321088206,17763993291687,0.0033935297,0.04907837,0.08468014,0,0.16382028,0.1510047,0.25813168,0.23703992,0.07262416,0.046488207,nan,nan,0.04431519,0.0,4259850,4325386,4028193,527633,50.852383,47.69263,0.47744897,0.49907503,0,831,1,2,1,3,1,0,0,0,0,0,0,0,0
321477749,321287704,17763993291687,0.003281168,0.049523927,0.07772918,0,0.16374388,0.15090115,0.244791,0.22618905,0.07571001,0.049589675,nan,nan,0.03871885,0.0,4259850,4325386,4028193,527633,50.767513,47.69263,0.43337527,0.49907503,0,831,1,2,1,3,1,0,0,0,0,0,0,0,0
321677164,321487201,17763993291687,0.0026449529,0.030924061,0.053246234,0,0.16373765,0.15097749,0.22663017,0.20441356,0.07600442,0.049183294,nan,nan,0.033680096,0.0,4259850,4325386,4028193,527633,50.58887,47.69263,0.43685353,0.49907503,0,831,1,2,1,3,1,0,0,0,0,0,0,0,0
321876718,321686699,17763993291687,0.0026681891,0.021726305,0.038774993,0,0.16364506,0.15086797,0.21678656,0.19225824,0.07571311,0.047409367,nan,nan,0.005379861,0.0,4259850,4325386,4028193,527633,49.67618,47.69263,0.43113172,0.49907503,0,831,1,2,1,3,1,0,0,0,0,0,0,0,0
322076129,321886198,17763993291687,0.0016780993,0.039557427,0.048775148,0,0.17021145,0.15466993,0.20228493,0.17362922,0.074505344,0.04942651,nan,nan,0.050560217,0.0,4259850,4325386,4028193,527633,49.509846,47.69263,0.42416772,0.49907503,0,831,1,2,1,3,1,0,0,0,0,0,0,0,0
322275585,322085694,17763993291687,0.007151091,0.089205645,0.11975005,0,0.16528441,0.15129204,0.19313128,0.46559232,0.07762115,0.048145413,nan,nan,0.34629068,0.0,4259850,4325386,4028193,527633,48.717403,47.69263,0.4335057,0.49907503,0,831,1,2,1,3,1,0,0,0,0,0,0,0,0
322475036,322285191,17763993291687,0.0076748477,0.04975791,0.083769724,0,0.16503002,0.15125236,0.2527365,0.38399488,0.0816561,0.041324206,nan,nan,0.4372368,0.0,4259850,4325386,4028193,527633,39.32888,47.69263,0.5007438,0.49907503,0,831,1,2,1,3,1,0,0,0,0,0,0,0,0
322674591,322484688,17763993291687,0.0039107506,0.038823903,0.06224709,0,0.16489571,0.15127483,0.39565042,0.32037383,0.08007044,0.03730115,nan,nan,0.5349964,0.0,4259850,4325386,4028193,527633,37.10156,47.69263,0.5072573,0.49907503,0,831,1,2,1,3,1,0,0,0,0,0,0,0,0
322874019,322684186,17763993291687,0.0026804283,0.047640152,0.060314894,0,0.16470526,0.15112138,0.50925505,0.26879516,0.07619739,0.034689978,nan,nan,0.6028223,0.0,4259850,4325386,4028193,527633,36.738155,47.69263,0.5106099,0.49907503,0,831,1,2,1,3,1,1,0,0,0,0,0,0,0
323073518,322883683,17763993291687,0.003095717,0.05633665,0.07354789,0,0.17140527,0.1549098,0.584982,0.2470472,0.07356062,0.033582356,nan,nan,0.79859257,0.0,4259850,4325386,4028193,527633,36.884193,47.69263,0.52102053,0.49907503,0,831,1,2,1,3,1,1,0,0,0,0,0,0,0
323273219,323083181,17763993291687,0.0032718747,0.053187914,0.064076826,0,0.1643283,0.15096897,0.6334364,0.19422957,0.06592942,0.032235704,nan,nan,0.9144236,0.0,4259850,4325386,4028193,527633,36.991463,47.69263,0.51989365,0.49907503,0,831,1,2,1,3,1,1,0,0,0,0,0,0,0
323472506,323282679,17763993291687,0.0029462504,0.04715259,0.06051333,0,0.16417058,0.15095751,0.65852445,0.17741294,0.059993997,0.033811152,nan,nan,1.0076541,0.0,4259850,4325386,4028193,527633,36.6955,47.69263,0.52358735,0.49907503,0,831,1,2,1,3,1,1,0,0,0,0,0,0,0
323672254,323482176,17763993291687,0.003560748,0.051261164,0.0688211,0,0.16400898,0.15081893,0.69222474,0.19739643,0.054119032,0.03767796,nan,nan,1.0975507,0.0,4259850,4325386,4028193,527633,37.193085,47.69263,0.5391351,0.49907503,0,831,1,2,1,3,1,1,0,0,0,0,0,0,0
323871517,323681674,17763993291687,0.0050535733,0.07370016,0.10700773,0,0.16385393,0.1508001,0.7408746,0.25840294,0.05382144,0.04548192,nan,nan,1.1920273,0.0,4259850,4325386,4028193,527633,38.66119,47.69263,0.56763035,0.49907503,0,831,1,2,1,3,1,1,0,0,0,0,0,0,0
324071058,323881171,17763993291687,0.005570761,0.063200615,0.09698761,0,0.17040065,0.15442386,0.79934186,0.35582176,0.057576995,0.049565252,nan,nan,1.2811409,0.0,4259850,4325386,4028193,527633,42.693935,47.69263,0.60238636,0.49907503,0,831,1,2,1,3,1,1,0,0,0,0,0,0,0
324280452,324090644,17763993291687,0.005239159,0.08110442,0.123567134,0,0.16402476,0.15095386,0.8223663,0.43959582,0.05596591,0.067759424,nan,nan,1.3076211,0.0,4259850,4325386,4028193,527633,41.501045,47.69263,0.60848874,0.49907503,0,831,1,2,1,3,1,1,0,0,0,0,0,0,0
324480144,324290142,17763993291687,0.0051490585,0.09346985,0.13777785,0,0.16388573,0.15077646,0.8546173,0.3789651,0.04996734,0.071089685,nan,nan,1.3242614,0.0,4259850,4325386,4028193,527633,41.98056,47.69263,0.6079669,0.49907503,0,831,1,2,1,3,1,1,0,0,0,0,0,0,0
324679651,324489639,17763993291687,0.004901686,0.09827353,0.14189461,0,0.1636507,0.15066895,0.87995416,0.32141018,0.04289091,0.071753755,nan,nan,1.3363806,0.0,4259850,4325386,4028193,527633,41.56774,47.69263,0.61164385,0.49907503,0,831,1,2,1,3,1,1,0,0,0,0,0,0,0
324879133,324689137,17763993291687,0.0043954137,0.07753614,0.118105724,0,0.17015533,0.15418725,0.882441,0.30043986,0.0394114,0.07113472,nan,nan,1.3464825,0.0,4259850,4325386,4028193,527633,41.81576,47.69263,0.6085265,0.49907503,0,831,1,2,1,3,1,1,0,0,0,0,0,0,0
325078542,324888635,17763993291687,0.0032890523,0.07464144,0.11465856,0,0.1698952,0.15404487,0.8182286,0.25660267,0.033048395,0.069697976,nan,nan,1.3543665,0.0,4259850,4325386,4028193,527633,43.955585,47.69263,0.5890326,0.49907503,0,831,1,2,1,3,1,1,0,0,0,0,0,0,0
325278170,325088133,17763993291687,0.0032099993,0.09427803,0.13789333,0,0.16906969,0.15356013,0.7391092,0.2221742,0.024176138,0.06408098,nan,nan,1.361371,0.0,4259850,4325386,4028193,527633,43.051464,47.69263,0.5937836,0.49907503,0,831,1,2,1,3,1,1,0,0,0,0,0,0,0
325477661,325287631,17763993291687,0.0035081457,0.097946174,0.14356995,0,0.16811882,0.15314364,0.6776557,0.22755693,0.017356081,0.06055952,nan,nan,1.3659915,0.0,4259850,4325386,4028193,527633,43.15011,47.69263,0.5926523,0.49907503,0,831,1,2,1,3,1,1,0,0,0,0,0,0,0
325677165,325487129,17763993291687,0.003810983,0.09791241,0.14252773,0,0.16726787,0.15259916,0.6321867,0.23898229,0.0121739665,0.05570912,nan,nan,1.368391,0.0,4259850,4325386,4028193,527633,42.748116,47.69263,0.58987623,0.49907503,0,831,1,2,1,3,1,1,0,0,0,0,0,0,0
325876645,325686627,17763993258791,0.0037332748,0.08921628,0.13213895,0,0.16659977,0.15227537,0.5955224,0.23770435,0.017982136,0.050377935,nan,nan,nan,0.0,4259850,4325386,4028193,527633,42.616608,47.69263,0.59124994,0.49907503,0,831,1,2,1,3,1,1,0,0,0,0,0,0,0
326075958,325886125,17763993258791,0.0031567446,0.057666577,0.09295835,0,0.17290388,0.15559523,0.58557713,0.24161182,0.021512464,0.046973705,nan,nan,nan,0.0,4259850,4325386,4028193,527633,43.75918,47.69263,0.5935032,0.49907503,0,831,1,2,1,3,1,1,0,0,0,0,0,0,0
326275821,326085623,17763993258791,0.003148734,0.06470422,0.10008106,0,0.17167702,0.15507478,0.5551857,0.24116649,0.032006107,0.042759575,nan,nan,nan,0.0,4259850,4325386,4028193,527633,42.621346,47.69263,0.58482575,0.49907503,0,831,1,2,1,3,1,1,0,0,0,0,0,0,0
326474966,326285121,17764060367719,0.0025617888,0.04107424,0.06916955,0,0.17784508,0.1584522,0.5386623,0.23843892,0.03456781,0.041376118,nan,nan,nan,0.0,4259850,4325386,4028193,527633,42.431908,47.69263,0.5858593,0.49907503,0,959,1,2,1,3,1,1,0,0,0,0,0,0,0
326674641,326484622,17764060367719,0.0033192905,0.06496205,0.09880092,0,0.16904552,0.15375271,0.5199176,0.23033722,0.03837209,0.04123707,nan,nan,nan,0.0,4259850,4325386,4028193,527633,42.14764,47.69263,0.5853411,0.49907503,0,959,1,2,1,3,1,1,0,0,0,0,0,0,0
326874157,326684117,17764060367719,0.0032483258,0.05625323,0.08689361,0,0.16801547,0.15324236,0.5064074,0.22124207,0.03961124,0.041898746,nan,nan,nan,0.0,4259850,4325386,4028193,527633,42.29615,47.69263,0.5853602,0.49907503,0,959,1,2,1,3,1,1,0,0,0,0,0,0,0
327073417,326883615,17764060367719,0.0025781852,0.024930201,0.041705947,0,0.17417993,0.15648009,0.49439666,0.21547873,0.03973036,0.040377848,nan,nan,nan,0.0,4259850,4325386,4028193,527633,42.089878,47.69263,0.585249,0.49907503,0,959,1,2,1,3,1,0,0,0,0,0,0,0,0
327273154,327083114,17764060367719,0.002426839,0.027116079,0.04315527,0,0.17263539,0.1558181,0.48372218,0.20069401,0.038071472,0.043533824,nan,nan,nan,0.0,4259850,4325386,4028193,527633,41.921013,47.69263,0.5861477,0.49907503,0,959,1,2,1,3,1,0,0,0,0,0,0,0,0
327472691,327282612,17764060367719,0.0021906141,0.006043192,0.010953281,0,0.17877117,0.15900195,0.47857708,0.2007603,0.037431665,0.04493282,nan,nan,nan,0.0,4259850,4325386,4028193,527633,41.804455,47.69263,0.5858256,0.49907503,0,959,1,2,1,3,1,0,0,0,0,0,0,0,0
327672155,327482110,17764060367719,0.002372777,0.025037894,0.046105027,0,0.16972797,0.15434127,0.47478536,0.21062988,0.035657443,0.048571996,nan,nan,nan,0.0,4259850,4325386,4028193,527633,41.768417,47.69263,0.5848494,0.49907503,0,959,1,2,1,3,1,0,0,0,0,0,0,0,0
327871472,327681608,17764060367719,0.0019945854,0.0021292141,0.008065022,0,0.17583524,0.15753238,0.4635996,0.20829013,0.03484716,0.051987093,nan,nan,nan,0.0,4259850,4325386,4028193,527633,41.486458,47.69263,0.58511066,0.49907503,0,959,1,2,1,3,1,0,0,0,0,0,0,0,0
328070912,327881107,17764060367719,0.0019318517,0.004931614,0.01195899,0,0.17470744,0.15699404,0.45795774,0.21134506,0.03300616,0.054045018,nan,nan,nan,0.0,4259850,4325386,4028193,527633,41.55097,47.69263,0.5867004,0.49907503,0,959,1,2,1,3,1,0,0,0,0,0,0,0,0
328270566,328080605,17764060367719,0.001745625,0.017308988,0.026654039,0,0.18104544,0.16021757,0.4506613,0.2072259,0.031724922,0.056452524,nan,nan,nan,0.0,4259850,4325386,4028193,527633,41.417973,47.69263,0.5853631,0.49907503,0,959,1,2,1,3,1,0,0,0,0,0,0,0,0
328480188,328290078,17764060367719,0.0018535601,0.012639516,0.035779513,0,0.17197576,0.15571356,0.44376728,0.21146591,0.028912744,0.061247975,nan,nan,nan,0.0,4259850,4325386,4028193,527633,41.457516,47.69263,0.58650047,0.49907503,0,959,1,2,1,3,1,0,0,0,0,0,0,0,0
328679384,328489577,17764060367719,0.0016190098,0.01463003,0.039477404,0,0.1705485,0.15487185,0.4413592,0.21132648,0.027946297,0.062672764,nan,nan,nan,0.0,4259850,4325386,4028193,527633,41.27273,47.69263,0.58490384,0.49907503,0,959,1,2,1,3,1,0,0,0,0,0,0,0,0
328879083,328689075,17764060367719,0.0016266258,0.017008593,0.042038888,0,0.16929704,0.15424657,0.43679038,0.2106257,0.02694504,0.06435654,nan,nan,nan,0.0,4259850,4325386,4028193,527633,41.493168,47.69263,0.58247316,0.49907503,0,959,1,2,1,3,1,0,0,0,0,0,0,0,0
329078415,328888574,17764060367719,0.0016027519,0.02102391,0.033222318,0,0.17557587,0.15750685,0.43277916,0.21333505,0.02634933,0.06445431,nan,nan,nan,0.0,4259850,4325386,4028193,527633,41.518333,47.69263,0.5882609,0.49907503,0,959,1,2,1,3,1,0,0,0,0,0,0,0,0
329278082,329088072,17764060367719,0.0015867134,0.02405111,0.046690427,0,0.16729231,0.15304299,0.42690858,0.22203799,0.025856351,0.06319868,nan,nan,nan,0.0,4259850,4325386,4028193,527633,41.20295,47.69263,0.5857992,0.49907503,0,959,1,2,1,3,1,0,0,0,0,0,0,0,0
329477613,329287573,17764060367719,0.0015948717,0.027348407,0.047601387,0,0.16663429,0.1525144,0.42199618,0.22789863,0.026219757,0.061157152,nan,nan,nan,0.0,4259850,4325386,4028193,527633,41.385406,47.69263,0.5859552,0.49907503,0,959,1,2,1,3,1,0,0,0,0,0,0,0,0
329676882,329487070,17764060367719,0.0016393473,0.02956117,0.04814043,0,0.166014,0.15213838,0.41699445,0.22807091,0.025617147,0.06065611,nan,nan,nan,0.0,4259850,4325386,4028193,527633,41.228107,47.69263,0.58478487,0.49907503,0,959,1,2,1,3,1,0,0,0,0,0,0,0,0
329876827,329686571,17764060367719,0.0017042239,0.031005528,0.04936368,0,0.16557005,0.15185733,0.41402036,0.22907588,0.025303723,0.05955658,nan,nan,nan,0.0,4259850,4325386,4028193,527633,41.167767,47.69263,0.58462405,0.49907503,0,959,1,2,1,3,1,0,0,0,0,0,0,0,0
330075900,329886067,17764060367719,0.0014048024,0.027933482,0.044312946,0,0.1720077,0.15519735,0.41220576,0.22846186,0.024882272,0.05929447,nan,nan,nan,0.0,4259850,4325386,4028193,527633,41.325012,47.69263,0.586912,0.49907503,0,959,1,2,1,3,1,0,0,0,0,0,0,0,0
330275571,330085566,17764060367719,0.0015152517,0.033516686,0.052739687,0,0.16467461,0.15117374,0.40806448,0.23105145,0.024327366,0.058555048,nan,nan,nan,0.0,4259850,4325386,4028193,527633,41.106632,47.69263,0.58760697,0.49907503,0,959,1,2,1,3,1,0,0,0,0,0,0,0,0
330475108,330285064,17764060367719,0.0016408282,0.03654556,0.055778235,0,0.16435249,0.15081847,0.40555617,0.23119499,0.02348196,0.0576085,nan,nan,nan,0.0,4259850,4325386,4028193,527633,40.98623,47.69263,0.5873274,0.49907503,0,959,1,2,1,3,1,0,0,0,0,0,0,0,0
330674387,330484563,17764060367719,0.001702966,0.035173606,0.0539248,0,0.164246,0.15071312,0.40248013,0.23131098,0.022875926,0.05827755,nan,nan,nan,0.0,4259850,4325386,4028193,527633,41.223385,47.69263,0.5855583,0.49907503,0,959,1,2,1,3,1,0,0,0,0,0,0,0,0
330873901,330684062,17764060367719,0.0018248467,0.035393108,0.054289714,0,0.1640994,0.15045325,0.40472966,0.23524976,0.021863224,0.05824744,nan,nan,nan,0.0,4259850,4325386,4028193,527633,41.155712,47.69263,0.5869267,0.49907503,0,959,1,2,1,3,1,0,0,0,0,0,0,0,0
331073621,330883561,17764060367719,0.0018381298,0.026725726,0.043414693,0,0.1707005,0.15402226,0.40150928,0.23713778,0.0218109,0.059220508,nan,nan,nan,0.0,4259850,4325386,4028193,527633,41.370674,47.69263,0.58645594,0.49907503,0,959,1,2,1,3,1,0,0,0,0,0,0,0,0
331283122,331093034,17764060367719,0.0018441187,0.03451148,0.053521674,0,0.16439424,0.1504898,0.39663386,0.23732536,0.02647641,0.062210314,nan,nan,nan,0.0,4259850,4325386,4028193,527633,41.255173,47.69263,0.5867413,0.49907503,0,959,1,2,1,3,1,0,0,0,0,0,0,0,0
331482356,331292534,17764060367719,0.0017851115,0.036894582,0.055980906,0,0.16427206,0.15041263,0.39541483,0.2351736,0.03019019,0.063486114,nan,nan,nan,0.0,4259850,4325386,4028193,527633,41.154167,47.69263,0.585819,0.49907503,0,959,1,2,1,3,1,0,0,0,0,0,0,0,0
331681850,331492032,17764060367719,0.0018539345,0.034389332,0.053577874,0,0.16428217,0.15027624,0.39342543,0.23776896,0.033238612,0.064070344,nan,nan,nan,0.0,4259850,4325386,4028193,527633,41.242737,47.69263,0.5861657,0.49907503,0,959,1,2,1,3,1,0,0,0,0,0,0,0,0
331881346,331691531,17764060367719,0.0019360853,0.035879936,0.055013403,0,0.16419023,0.15023397,0.38867816,0.23733872,0.03657824,0.06569415,nan,nan,nan,0.0,4259850,4325386,4028193,527633,41.095646,47.69263,0.58582884,0.49907503,0,959,1,2,1,3,1,0,0,0,0,0,0,0,0
332080858,331891031,17764060367719,0.0018668366,0.024139881,0.038352154,0,0.17102587,0.15378407,0.38583535,0.23024656,0.038217068,0.067705795,nan,nan,nan,0.0,4259850,4325386,4028193,527633,40.88201,47.69263,0.5848538,0.49907503,0,959,1,2,1,3,1,0,0,0,0,0,0,0,0
332280337,332090529,17764060367719,0.0022695626,0.038671788,0.059102062,0,0.16403161,0.15007094,0.38325727,0.23252802,0.042742386,0.07051563,nan,nan,nan,0.0,4259850,4325386,4028193,527633,41.11015,47.69263,0.5859877,0.49907503,0,959,1,2,1,3,1,0,0,0,0,0,0,0,0
332480211,332290029,17764060367719,0.0022504476,0.034091886,0.053984657,0,0.16398397,0.14993028,0.38354304,0.23049273,0.044569943,0.072567806,nan,nan,nan,0.0,4259850,4325386,4028193,527633,41.11524,47.69263,0.5856286,0.49907503,0,959,1,2,1,3,1,0,0,0,0,0,0,0,0
332679351,332489527,17764060367719,0.0020363876,0.032869615,0.052513596,0,0.16402201,0.14998098,0.3791366,0.23459257,0.046934187,0.074248664,nan,nan,nan,0.0,4259850,4325386,4028193,527633,41.095688,47.69263,0.58650976,0.49907503,0,959,1,2,1,3,1,0,0,0,0,0,0,0,0
332879061,332689027,17764060367463,0.0019982515,0.026999364,0.045739084,0,0.16398491,0.1498574,0.37821588,0.23055379,0.047712374,0.0762528,nan,nan,nan,0.0,4259850,4325386,4028193,527633,41.132072,47.69263,0.586837,0.49907503,0,959,1,2,1,3,1,0,0,0,0,0,0,0,0
333078347,332888526,17764060367463,0.0018514128,0.017027905,0.026812442,0,0.17085837,0.15358368,0.3728594,0.23111875,0.04855248,0.07784417,nan,nan,nan,0.0,4259850,4325386,4028193,527633,41.250233,47.69263,0.5868234,0.49907503,0,959,1,2,1,3,1,0,0,0,0,0,0,0,0
333277976,333088025,17764060367463,0.0020948558,0.027561571,0.046459813,0,0.16387746,0.14976682,0.37435973,0.23147298,0.049483374,0.08051903,nan,nan,nan,0.0,4259850,4325386,4028193,527633,41.300953,47.69263,0.5877384,0.49907503,0,959,1,2,1,3,1,0,0,0,0,0,0,0,0
333477457,333287524,17764060367463,0.002187963,0.027367406,0.043708675,0,0.16387129,0.14980672,0.36921123,0.22427306,0.049443804,0.08232773,nan,nan,nan,0.0,4259850,4325386,4028193,527633,41.04065,47.69263,0.58374345,0.49907503,0,959,1,2,1,3,1,0,0,0,0,0,0,0,0
333676948,333487023,17764060367463,0.0022920475,0.027361846,0.04315515,0,0.1639277,0.14988707,0.3674957,0.22450124,0.050291207,0.08403322,nan,nan,nan,0.0,4259850,4325386,4028193,527633,41.091194,47.69263,0.5856109,0.49907503,0,959,1,2,1,3,1,0,0,0,0,0,0,0,0
333876704,333686523,17764060367463,0.0022092713,0.022439506,0.03796127,0,0.1639032,0.14978741,0.36176157,0.22450899,0.050486445,0.08379768,nan,nan,nan,0.0,4259850,4325386,4028193,527633,41.361416,47.69263,0.58929515,0.49907503,0,959,1,2,1,3,1,0,0,0,0,0,0,0,0
334075946,333886022,17764060367463,0.0018503864,0.012078214,0.01901786,0,0.17078553,0.15353152,0.3586996,0.22395098,0.051071946,0.0848355,nan,nan,nan,0.0,4259850,4325386,4028193,527633,41.101585,47.69263,0.58830607,0.49907503,0,959,1,2,1,3,1,0,0,0,0,0,0,0,0
334275438,334085521,17764060367463,0.0021019662,0.02406285,0.04243274,0,0.16373737,0.14970239,0.3551087,0.22892596,0.050841995,0.08832154,nan,nan,nan,0.0,4259850,4325386,4028193,527633,41.211014,47.69263,0.58587486,0.49907503,0,959,1,2,1,3,1,0,0,0,0,0,0,0,0
334475012,334285021,17764060367463,0.0021816967,0.022829583,0.03997101,0,0.16380703,0.14979336,0.35404176,0.23086667,0.049593713,0.08943325,nan,nan,nan,0.0,4259850,4325386,4028193,527633,41.14829,47.69263,0.58625877,0.49907503,0,959,1,2,1,3,1,0,0,0,0,0,0,0,0
334674503,334484520,17764060367463,0.0022408504,0.02059976,0.03800485,0,0.16381423,0.14971335,0.35267866,0.22863258,0.04895143,0.09145125,nan,nan,nan,0.0,4259850,4325386,4028193,527633,41.151917,47.69263,0.585078,0.49907503,0,959,1,2,1,3,1,0,0,0,0,0,0,0,0
334873938,334684020,17764060367463,0.0020815122,0.019886311,0.0365993,0,0.16380593,0.14976002,0.3493552,0.22486766,0.047693696,0.09458722,nan,nan,nan,0.0,4259850,4325386,4028193,527633,41.23262,47.69263,0.58772147,0.49907503,0,959,1,2,1,3,1,0,0,0,0,0,0,0,0
335073446,334883519,17764060367463,0.0018369299,0.006787846,0.010625261,0,0.17067656,0.15336558,0.34631607,0.22344391,0.046956442,0.09556647,nan,nan,nan,0.0,4259850,4325386,4028193,527633,41.264816,47.69263,0.58524925,0.49907503,0,959,1,2,1,3,1,0,0,0,0,0,0,0,0
335272874,335083018,17764060367463,0.002209271,0.020966202,0.040755566,0,0.16369547,0.1497061,0.34562477,0.22538932,0.044333484,0.09828899,nan,nan,nan,0.0,4259850,4325386,4028193,527633,41.222527,47.69263,0.58760136,0.49907503,0,959,1,2,1,3,1,0,0,0,0,0,0,0,0
335472643,335282518,17764060367463,0.0022043518,0.018693285,0.04122262,0,0.16368641,0.1496361,0.3426606,0.22607076,0.042584907,0.09952534,nan,nan,nan,0.0,4259850,4325386,4028193,527633,41.357803,47.69263,0.58659446,0.49907503,0,959,1,2,1,3,1,0,0,0,0,0,0,0,0
335681810,335491992,17764060367463,0.0021725777,0.014161158,0.030768186,0,0.16429266,0.15005171,0.3395761,0.21512343,0.040904403,0.10179442,nan,nan,nan,0.0,4259850,4325386,4028193,527633,41.140423,47.69263,0.5867501,0.49907503,0,959,1,2,1,3,1,0,0,0,0,0,0,0,0
335881327,335691492,17764060367463,0.002311706,0.015616121,0.033231303,0,0.16430166,0.14999105,0.3428452,0.21647751,0.03913811,0.103518754,nan,nan,nan,0.0,4259850,4325386,4028193,527633,41.181988,47.69263,0.58589226,0.49907503,0,959,1,2,1,3,1,0,0,0,0,0,0,0,0
336080814,335890991,17764060367463,0.0021236446,0.006611938,0.0127722155,0,0.17112069,0.15369973,0.34012857,0.21853527,0.03873297,0.10361382,nan,nan,nan,0.0,4259850,4325386,4028193,527633,41.091072,47.69263,0.58562744,0.49907503,0,959,1,2,1,3,1,0,0,0,0,0,0,0,0
336280583,336090491,17764060367463,0.0022867536,0.012910711,0.033246916,0,0.16414271,0.14991564,0.3356287,0.21652408,0.036719956,0.10570123,nan,nan,nan,0.0,4259850,4325386,4028193,527633,41.390003,47.69263,0.58339494,0.49907503,0,959,1,2,1,3,1,0,0,0,0,0,0,0,0
336479804,336289991,17764060367463,0.0020667722,0.011239386,0.0291927,0,0.16412662,0.14995752,0.33364946,0.21506241,0.034918763,0.10654931,nan,nan,nan,0.0,4259850,4325386,4028193,527633,41.24872,47.69263,0.5863091,0.49907503,0,959,1,2,1,3,1,0,0,0,0,0,0,0,0
336679348,336489490,17764060367463,0.0022177615,0.012985883,0.02972227,0,0.16413714,0.14989156,0.33534724,0.21172169,0.034351405,0.107528,nan,nan,nan,0.0,4259850,4325386,4028193,527633,41.447132,47.69263,0.5872052,0.49907503,0,959,1,2,1,3,1,0,0,0,0,0,0,0,0
336878803,336688990,17764060367463,0.002231673,0.011317735,0.02802623,0,0.16409129,0.14992818,0.3318927,0.20983112,0.0350698,0.109134816,nan,nan,nan,0.0,4259850,4325386,4028193,527633,41.374275,47.69263,0.58633,0.49907503,0,959,1,2,1,3,1,0,0,0,0,0,0,0,0
337078328,336888490,17764060367463,0.0019922585,0.009006307,0.017680598,0,0.17089316,0.1534893,0.32742277,0.20885088,0.03558806,0.10857901,nan,nan,nan,0.0,4259850,4325386,4028193,527633,41.19252,47.69263,0.58620596,0.49907503,0,959,1,2,1,3,1,0,0,0,0,0,0,0,0
337277884,337087990,17764060367463,0.0021704359,0.011775905,0.028675145,0,0.1639665,0.14986268,0.3213119,0.20690562,0.03692501,0.10962706,nan,nan,nan,0.0,4259850,4325386,4028193,527633,41.353554,47.69263,0.5843183,0.49907503,0,959,1,2,1,3,1,0,0,0,0,0,0,0,0
337477346,337287489,17764060367463,0.0022538041,0.009868411,0.025705542,0,0.16391815,0.14989293,0.32012916,0.20897451,0.036675982,0.10997869,nan,nan,nan,0.0,4259850,4325386,4028193,527633,41.271023,47.69263,0.5869447,0.49907503,0,959,1,2,1,3,1,0,0,0,0,0,0,0,0
337677277,337486989,17764060367463,0.002269759,0.007778124,0.023768028,0,0.16390854,0.14981991,0.3216658,0.1995374,0.03716861,0.11020974,nan,nan,nan,0.0,4259850,4325386,4028193,527633,41.258965,47.69263,0.5852887,0.49907503,0,959,1,2,1,3,1,0,0,0,0,0,0,0,0
337876340,337686489,17764060367463,0.002035259,0.0050887726,0.018472789,0,0.16387503,0.14985383,0.3193544,0.19381368,0.036974076,0.10954456,nan,nan,nan,0.0,4259850,4325386,4028193,527633,41.24857,47.69263,0.5893665,0.49907503,0,959,1,2,1,3,1,0,0,0,0,0,0,0,0
338075801,337885989,17764060367463,0.0018871246,0.012442736,0.025188908,0,0.17072427,0.15345977,0.31857038,0.19110796,0.036753282,0.108233385,nan,nan,nan,0.0,4259850,4325386,4028193,527633,41.274105,47.69263,0.58604574,0.49907503,0,959,1,2,1,3,1,0,0,0,0,0,0,0,0
338275333,338085489,17764060367463,0.0020888918,0.0059965462,0.019319817,0,0.16373608,0.14978388,0.31560132,0.18964581,0.036359772,0.10744517,nan,nan,nan,0.0,4259850,4325386,4028193,527633,41.364418,47.69263,0.5870044,0.49907503,0,959,1,2,1,3,1,0,0,0,0,0,0,0,0
338474805,338284989,17764060367463,0.0021270786,0.0056459815,0.018321801,0,0.1637932,0.14973313,0.31706214,0.19054456,0.035953164,0.10690877,nan,nan,nan,0.0,4259850,4325386,4028193,527633,41.26742,47.69263,0.58753574,0.49907503,0,959,1,2,1,3,1,0,0,0,0,0,0,0,0
338674583,338484489,17764060367463,0.002148984,0.005580713,0.017444275,0,0.16376951,0.14977196,0.31482777,0.19084679,0.035685226,0.106712855,nan,nan,nan,0.0,4259850,4325386,4028193,527633,41.444244,47.69263,0.5875164,0.49907503,0,959,1,2,1,3,1,0,0,0,0,0,0,0,0
338873804,338683988,17764060367463,0.001931121,0.0045574144,0.01554849,0,0.16374922,0.14967547,0.31167275,0.18607661,0.035374034,0.10666967,nan,nan,nan,0.0,4259850,4325386,4028193,527633,41.19323,47.69263,0.5860605,0.49907503,0,959,1,2,1,3,1,0,0,0,0,0,0,0,0
339073291,338883489,17764060367463,0.0018528469,0.012905602,0.028045693,0,0.17057922,0.15341158,0.3098107,0.18674117,0.035233848,0.10580268,nan,nan,nan,0.0,4259850,4325386,4028193,527633,41.497257,47.69263,0.5877514,0.49907503,0,959,1,2,1,3,1,0,0,0,0,0,0,0,0
339272824,339082989,17764060367463,0.002045373,0.005889316,0.017971817,0,0.16363606,0.14961648,0.30695644,0.18759811,0.035639692,0.10542801,nan,nan,nan,0.0,4259850,4325386,4028193,527633,41.23179,47.69263,0.5859944,0.49907503,0,959,1,2,1,3,1,0,0,0,0,0,0,0,0
339472291,339282489,17764060367463,0.0020808494,0.0036907508,0.013227572,0,0.1637,0.149706,0.30516747,0.18089423,0.036017127,0.10436345,nan,nan,nan,0.0,4259850,4325386,4028193,527633,41.446934,47.69263,0.58647263,0.49907503,0,959,1,2,1,3,1,0,0,0,0,0,0,0,0
339681797,339491964,17764060367463,0.002032511,0.0025474834,0.009749264,0,0.16429347,0.14997768,0.30183595,0.17885388,0.0360369,0.104228094,nan,nan,nan,0.0,4259850,4325386,4028193,527633,41.348274,47.69263,0.5860549,0.49907503,0,959,1,2,1,3,1,0,0,0,0,0,0,0,0
339881298,339691464,17764060367463,0.0020007086,0.004560628,0.010375624,0,0.16435805,0.15006863,0.29627368,0.18072632,0.035696764,0.1027041,nan,nan,nan,0.0,4259850,4325386,4028193,527633,41.259727,47.69263,0.5875717,0.49907503,0,959,1,2,1,3,1,0,0,0,0,0,0,0,0
340080833,339890964,17764060367463,0.0018978606,0.014514408,0.032624736,0,0.1711522,0.15362768,0.29597303,0.17966577,0.035344064,0.102010675,nan,nan,nan,0.0,4259850,4325386,4028193,527633,41.404087,47.69263,0.5887803,0.49907503,0,959,1,2,1,3,1,0,0,0,0,0,0,0,0
340280516,340090464,17764060367463,0.0020523889,0.0032651548,0.010283174,0,0.16425452,0.1500127,0.2921788,0.17797439,0.0350202,0.10178544,nan,nan,nan,0.0,4259850,4325386,4028193,527633,41.285885,47.69263,0.58551097,0.49907503,0,959,1,2,1,3,1,0,0,0,0,0,0,0,0
340479829,340289967,17764060367463,0.0018884008,0.0025208674,0.008452405,0,0.1642697,0.14993295,0.29040533,0.1766202,0.034639407,0.10096924,nan,nan,nan,0.0,4259850,4325386,4028193,527633,41.47426,47.69263,0.58572894,0.49907503,0,959,1,2,1,3,1,0,0,0,0,0,0,0,0
340679274,340489465,17764060367463,0.001895675,0.0036141737,0.008922978,0,0.1642192,0.14996581,0.28867954,0.1729517,0.03455604,0.10048471,nan,nan,nan,0.0,4259850,4325386,4028193,527633,41.41877,47.69263,0.587025,0.49907503,0,959,1,2,1,3,1,0,0,0,0,0,0,0,0
340878782,340688965,17764060367463,0.0019123959,0.0028477276,0.007916871,0,0.16425179,0.15004638,0.28322455,0.17667802,0.034122027,0.099286884,nan,nan,nan,0.0,4259850,4325386,4028193,527633,41.778557,47.69263,0.5829971,0.49907503,0,959,1,2,1,3,1,0,0,0,0,0,0,0,0
341078273,340888465,17764060367463,0.0017132895,0.014866187,0.032699123,0,0.17103997,0.15360911,0.27971038,0.18244743,0.03383215,0.09734294,nan,nan,nan,0.0,4259850,4325386,4028193,527633,41.404915,47.69263,0.5879627,0.49907503,0,959,1,2,1,3,1,0,0,0,0,0,0,0,0
341277786,341087965,17764060367463,0.0017011152,0.0040294044,0.009649545,0,0.16408591,0.1499676,0.2791509,0.16910926,0.033118684,0.096897535,nan,nan,nan,0.0,4259850,4325386,4028193,527633,41.648945,47.69263,0.5855154,0.49907503,0,959,1,2,1,3,1,0,0,0,0,0,0,0,0
341477305,341287466,17764060367463,0.0018174471,0.0039551686,0.0093543995,0,0.16405804,0.14987051,0.27565202,0.17063655,0.032476854,0.096315764,nan,nan,nan,0.0,4259850,4325386,4028193,527633,41.602005,47.69263,0.58596754,0.49907503,0,959,1,2,1,3,1,0,0,0,0,0,0,0,0
341676865,341486966,17764060367463,0.001881933,0.0038062967,0.00931796,0,0.16408397,0.1499511,0.27296412,0.1708798,0.031678718,0.09556038,nan,nan,nan,0.0,4259850,4325386,4028193,527633,41.54512,47.69263,0.58720887,0.49907503,0,959,1,2,1,3,1,0,0,0,0,0,0,0,0
341876564,341686467,17764060367463,0.0019737561,0.004324403,0.008545441,0,0.16405971,0.14985488,0.2746147,0.1685938,0.03134497,0.094949506,nan,nan,nan,0.0,4259850,4325386,4028193,527633,41.951,47.69263,0.5868071,0.49907503,0,959,1,2,1,3,1,0,0,0,0,0,0,0,0
342075775,341885967,17764060367463,0.001676378,0.013046364,0.031414926,0,0.17079206,0.15353876,0.27125248,0.16556534,0.031349182,0.09481299,nan,nan,nan,0.0,4259850,4325386,4028193,527633,41.265274,47.69263,0.5889153,0.49907503,0,959,1,2,1,3,1,0,0,0,0,0,0,0,0
342275280,342085467,17764060367463,0.001813234,0.0026373179,0.007815575,0,0.16385116,0.14975804,0.26986808,0.1603279,0.031078165,0.0933564,nan,nan,nan,0.0,4259850,4325386,4028193,527633,41.377453,47.69263,0.5876781,0.49907503,0,959,1,2,1,3,1,0,0,0,0,0,0,0,0
342474780,342284968,17764060367463,0.0018540564,0.0035773031,0.008398499,0,0.16384417,0.14980288,0.2671638,0.16750294,0.03048158,0.09289255,nan,nan,nan,0.0,4259850,4325386,4028193,527633,41.617104,47.69263,0.58637637,0.49907503,0,959,1,2,1,3,1,0,0,0,0,0,0,0,0
342674313,342484468,17764060367463,0.0018214261,0.0035222962,0.0077392412,0,0.16388942,0.14975297,0.26761255,0.1625837,0.029597204,0.091895305,nan,nan,nan,0.0,4259850,4325386,4028193,527633,41.581554,47.69263,0.588603,0.49907503,0,959,1,2,1,3,1,0,0,0,0,0,0,0,0
342873781,342683969,17764060367463,0.0018404506,0.004175377,0.008644161,0,0.16384493,0.14978659,0.26209298,0.16485809,0.029078174,0.09143909,nan,nan,nan,0.0,4259850,4325386,4028193,527633,41.783535,47.69263,0.5846999,0.49907503,0,959,1,2,1,3,1,0,0,0,0,0,0,0,0
343073561,342883470,17764060367463,0.0017100201,0.0138101205,0.030888699,0,0.17065294,0.15337604,0.26199213,0.1640764,0.028889468,0.09073289,nan,nan,nan,0.0,4259850,4325386,4028193,527633,41.484455,47.69263,0.5860521,0.49907503,0,959,1,2,1,3,1,0,0,0,0,0,0,0,0
343272802,343082970,17764060367463,0.0015524053,0.0064290236,0.011978489,0,0.16372438,0.14972222,0.2583437,0.16260028,0.02828652,0.08969658,nan,nan,nan,0.0,4259850,4325386,4028193,527633,41.78002,47.69263,0.58454543,0.49907503,0,959,1,2,1,3,1,0,0,0,0,0,0,0,0
343472308,343282471,17764060367463,0.0016253296,0.00594687,0.012458424,0,0.16376895,0.1496683,0.25972983,0.16792786,0.02794412,0.089565285,nan,nan,nan,0.0,4259850,4325386,4028193,527633,41.515244,47.69263,0.5876825,0.49907503,0,959,1,2,1,3,1,0,0,0,0,0,0,0,0
343671786,343481971,17764060367463,0.0016842977,0.0039953045,0.009042058,0,0.16373901,0.14970712,0.26293465,0.16190165,0.027713599,0.08899419,nan,nan,nan,0.0,4259850,4325386,4028193,527633,41.41211,47.69263,0.58523434,0.49907503,0,959,1,2,1,3,1,0,0,0,0,0,0,0,0
343881313,343691447,17764060367463,0.0016693629,0.006180328,0.008939919,0,0.16438757,0.1500075,0.26254815,0.15783566,0.02735193,0.08873721,nan,nan,nan,0.0,4259850,4325386,4028193,527633,41.73111,47.69263,0.5883397,0.49907503,0,959,1,2,1,3,1,0,0,0,0,0,0,0,0
344080779,343890948,17764060367463,0.0016516293,0.012219367,0.030512419,0,0.17124514,0.15375172,0.2625888,0.16683309,0.02699392,0.087942585,nan,nan,nan,0.0,4259850,4325386,4028193,527633,41.571472,47.69263,0.587032,0.49907503,0,959,1,2,1,3,1,0,0,0,0,0,0,0,0
344280290,344090448,17764060367463,0.0014378952,0.0046291095,0.009417958,0,0.16425242,0.14993896,0.26535583,0.16732733,0.026402602,0.08726355,nan,nan,nan,0.0,4259850,4325386,4028193,527633,41.443127,47.69263,0.5872232,0.49907503,0,959,1,2,1,3,1,0,0,0,0,0,0,0,0
344479771,344289949,17764060367463,0.0015161412,0.002965352,0.0056280782,0,0.16431727,0.15002993,0.26480567,0.15909278,0.02601348,0.08640915,nan,nan,nan,0.0,4259850,4325386,4028193,527633,41.31953,47.69263,0.587778,0.49907503,0,959,1,2,1,3,1,0,0,0,0,0,0,0,0
344679327,344489450,17764060367463,0.0016432848,0.0030297511,0.00661454,0,0.16421738,0.1500442,0.26352713,0.15818258,0.026267974,0.0871962,nan,nan,nan,0.0,4259850,4325386,4028193,527633,41.54652,47.69263,0.58689696,0.49907503,0,959,1,2,1,3,1,0,0,0,0,0,0,0,0
344878764,344688951,17764060367463,0.0016943858,0.0023618836,0.0058020283,0,0.16424607,0.14998604,0.2627361,0.15661505,0.026523253,0.08630185,nan,nan,nan,0.0,4259850,4325386,4028193,527633,41.601955,47.69263,0.5846806,0.49907503,0,959,1,2,1,3,1,0,0,0,0,0,0,0,0
345078262,344888451,17764060367463,0.0016057931,0.010889896,0.027588546,0,0.17098424,0.15367867,0.26680276,0.15755397,0.026566086,0.086682595,nan,nan,nan,0.0,4259850,4325386,4028193,527633,41.348618,47.69263,0.58653194,0.49907503,0,959,1,2,1,3,1,0,0,0,0,0,0,0,0
345278130,345087952,17764060367463,0.0016466954,0.0066005066,0.012472971,0,0.16396436,0.1498486,0.2634997,0.15862565,0.02643145,0.08654292,nan,nan,nan,0.0,4259850,4325386,4028193,527633,41.620377,47.69263,0.5846915,0.49907503,0,959,1,2,1,3,1,0,0,0,0,0,0,0,0
345477261,345287453,17764060367463,0.0014198376,0.0045964047,0.010143103,0,0.16397679,0.1499165,0.26347837,0.15723804,0.02555367,0.085930385,nan,nan,nan,0.0,4259850,4325386,4028193,527633,41.420383,47.69263,0.588263,0.49907503,0,959,1,2,1,3,1,0,0,0,0,0,0,0,0
345676775,345486954,17764060367463,0.0014639116,0.002893238,0.008476131,0,0.16391459,0.14980464,0.26356217,0.15395218,0.025230492,0.085930206,nan,nan,nan,0.0,4259850,4325386,4028193,527633,41.529186,47.69263,0.58560234,0.49907503,0,959,1,2,1,3,1,0,0,0,0,0,0,0,0
345876264,345686457,17764060367463,0.0014954163,0.0030052597,0.0075905994,0,0.16393092,0.1498761,0.26198623,0.14965689,0.024301287,0.085397,nan,nan,nan,0.0,4259850,4325386,4028193,527633,41.527184,47.69263,0.58463556,0.49907503,0,959,1,2,1,3,1,0,0,0,0,0,0,0,0
346075878,345885956,17764060367463,0.0013907002,0.011795111,0.027573971,0,0.1706446,0.15341558,0.26078907,0.15195177,0.023987496,0.08464037,nan,nan,nan,0.0,4259850,4325386,4028193,527633,41.574467,47.69263,0.5840834,0.49907503,0,959,1,2,1,3,1,0,0,0,0,0,0,0,0
346275283,346085457,17764060367463,0.0016002076,0.004152367,0.011082813,0,0.16368541,0.14974673,0.26104805,0.15113631,0.024740037,0.08447756,nan,nan,nan,0.0,4259850,4325386,4028193,527633,41.8678,47.69263,0.58872676,0.49907503,0,959,1,2,1,3,1,0,0,0,0,0,0,0,0
346474934,346284958,17764060367463,0.0015288476,0.0056134034,0.01223995,0,0.16372843,0.14969002,0.26269555,0.15701339,0.024506085,0.08371537,nan,nan,nan,0.0,4259850,4325386,4028193,527633,41.520218,47.69263,0.5876723,0.49907503,0,959,1,2,1,3,1,0,0,0,0,0,0,0,0
346674278,346484460,17764060367463,0.0013264434,0.007313373,0.014784792,0,0.16369642,0.14972375,0.26159602,0.16592829,0.024011532,0.08407543,nan,nan,nan,0.0,4259850,4325386,4028193,527633,41.565895,47.69263,0.58502823,0.49907503,0,959,1,2,1,3,1,0,0,0,0,0,0,0,0
346873934,346683960,17764060367463,0.0014049506,0.0056396024,0.012821764,0,0.16374089,0.14966884,0.25884017,0.16361198,0.023609685,0.08432263,nan,nan,nan,0.0,4259850,4325386,4028193,527633,41.650013,47.69263,0.58692276,0.49907503,0,959,1,2,1,3,1,0,0,0,0,0,0,0,0
347073377,346883461,17764060367463,0.001325078,0.009078022,0.02211329,0,0.17045116,0.15334806,0.26041958,0.16753769,0.023326114,0.08386806,nan,nan,nan,0.0,4259850,4325386,4028193,527633,41.543648,47.69263,0.58499855,0.49907503,0,959,1,2,1,3,1,0,0,0,0,0,0,0,0
347272965,347082962,17764060367463,0.0014352014,0.0052941237,0.0143432515,0,0.16359384,0.14972746,0.2597656,0.16086175,0.02308742,0.084608875,nan,nan,nan,0.0,4259850,4325386,4028193,527633,41.48791,47.69263,0.586515,0.49907503,0,959,1,2,1,3,1,0,0,0,0,0,0,0,0
347472422,347282463,17764060367463,0.0011966703,0.0041640047,0.01119287,0,0.1635978,0.14964274,0.26081654,0.1572153,0.022725035,0.083728075,nan,nan,nan,0.0,4259850,4325386,4028193,527633,41.487495,47.69263,0.585217,0.49907503,0,959,1,2,1,3,1,0,0,0,0,0,0,0,0
347671949,347481964,17764060367463,0.0012473884,0.0033849005,0.008784279,0,0.16366135,0.14973164,0.25837085,0.15239955,0.022462081,0.0832252,nan,nan,nan,0.0,4259850,4325386,4028193,527633,41.577656,47.69263,0.5834883,0.49907503,0,959,1,2,1,3,1,0,0,0,0,0,0,0,0
347871490,347681465,17764060367463,0.0012834911,0.0039105145,0.009560003,0,0.1636427,0.14963862,0.25852436,0.15538628,0.022166558,0.08257777,nan,nan,nan,0.0,4259850,4325386,4028193,527633,41.716152,47.69263,0.58512676,0.49907503,0,959,1,2,1,3,1,0,0,0,0,0,0,0,0
348080834,347890942,17764060367463,0.0012227682,0.011754571,0.029070007,0,0.17114045,0.15361814,0.25583115,0.15007082,0.021948332,0.082044095,nan,nan,nan,0.0,4259850,4325386,4028193,527633,41.723213,47.69263,0.5872791,0.49907503,0,959,1,2,1,3,1,0,0,0,0,0,0,0,0
348280536,348090443,17764060367463,0.0013785696,0.0033915292,0.007385538,0,0.16420875,0.14997089,0.256636,0.15440145,0.021123365,0.082052566,nan,nan,nan,0.0,4259850,4325386,4028193,527633,41.996094,47.69263,0.58706653,0.49907503,0,959,1,2,1,3,1,0,0,0,0,0,0,0,0
348479765,348289944,17764060367463,0.0012329507,0.0022934952,0.0055694687,0,0.16421646,0.15002617,0.25797766,0.15351498,0.020594986,0.08181926,nan,nan,nan,0.0,4259850,4325386,4028193,527633,41.443985,47.69263,0.5863544,0.49907503,0,959,1,2,1,3,1,0,0,0,0,0,0,0,0
348679282,348489445,17764060367463,0.0011799519,0.002699872,0.006200806,0,0.16428132,0.14998308,0.2583254,0.15739943,0.020034393,0.08078694,nan,nan,nan,0.0,4259850,4325386,4028193,527633,41.580612,47.69263,0.58577585,0.49907503,0,959,1,2,1,3,1,0,0,0,0,0,0,0,0
348878772,348688947,17764060367463,0.0011309079,0.0036430028,0.006842203,0,0.16426893,0.15003152,0.25699165,0.15585427,0.019764531,0.08116737,nan,nan,nan,0.0,4259850,4325386,4028193,527633,41.467594,47.69263,0.58318084,0.49907503,0,959,1,2,1,3,1,0,0,0,0,0,0,0,0
349078259,348888448,17764060367463,0.0010105136,0.011448919,0.028514199,0,0.17112164,0.15363866,0.25736493,0.15106107,0.0196681,0.080418795,nan,nan,nan,0.0,4259850,4325386,4028193,527633,41.700047,47.69263,0.58693737,0.49907503,0,959,1,2,1,3,1,0,0,0,0,0,0,0,0
349277808,349087949,17764060367463,0.0011409682,0.0040142713,0.008353477,0,0.16415541,0.14997806,0.2545279,0.1545422,0.019806338,0.08010143,nan,nan,nan,0.0,4259850,4325386,4028193,527633,41.773186,47.69263,0.5851847,0.49907503,0,959,1,2,1,3,1,0,0,0,0,0,0,0,0
349477262,349287450,17764060367463,0.0011607979,0.0042675915,0.008978103,0,0.16414312,0.14990726,0.25480965,0.1529494,0.01935397,0.07914342,nan,nan,nan,0.0,4259850,4325386,4028193,527633,41.6523,47.69263,0.5842606,0.49907503,0,959,1,2,1,3,1,0,0,0,0,0,0,0,0
349677019,349486952,17764060367463,0.0011676193,0.004799097,0.010204844,0,0.16407573,0.1499383,0.25429177,0.15294695,0.018905237,0.079180196,nan,nan,nan,0.0,4259850,4325386,4028193,527633,41.620632,47.69263,0.58499324,0.49907503,0,959,1,2,1,3,1,0,0,0,0,0,0,0,0
349876270,349686456,17764060367463,0.0009277607,0.0047283997,0.009616025,0,0.16399984,0.14982356,0.25881678,0.1494927,0.018503515,0.07864227,nan,nan,nan,0.0,4259850,4325386,4028193,527633,41.50535,47.69263,0.59088,0.49907503,0,959,1,2,1,3,1,0,0,0,0,0,0,0,0
350075766,349885955,17764060367463,0.00090707187,0.010680059,0.026305439,0,0.17078957,0.15355153,0.25743473,0.14503968,0.018392606,0.07785632,nan,nan,nan,0.0,4259850,4325386,4028193,527633,41.658497,47.69263,0.58646333,0.49907503,0,959,1,2,1,3,1,0,0,0,0,0,0,0,0
350275350,350085456,17764060367463,0.0010208766,0.0020722619,0.0075245323,0,0.16378437,0.14972498,0.2550134,0.13963568,0.018041356,0.07822098,nan,nan,nan,0.0,4259850,4325386,4028193,527633,41.63916,47.69263,0.58618635,0.49907503,0,959,1,2,1,3,1,0,0,0,0,0,0,0,0
350474858,350284958,17764060367463,0.0010462031,0.0024390914,0.006849654,0,0.16381146,0.14980033,0.2558571,0.13953707,0.017645065,0.077336326,nan,nan,nan,0.0,4259850,4325386,4028193,527633,41.663685,47.69263,0.5857465,0.49907503,0,959,1,2,1,3,1,0,0,0,0,0,0,0,0
350674336,350484459,17764060367463,0.000921538,0.003420374,0.006795875,0,0.16377075,0.14969498,0.25524747,0.13944274,0.017354013,0.07614454,nan,nan,nan,0.0,4259850,4325386,4028193,527633,41.66693,47.69263,0.5840505,0.49907503,0,959,1,2,1,3,1,0,0,0,0,0,0,0,0
350873782,350683961,17764060367463,0.0009585435,0.002525894,0.0060827443,0,0.16374208,0.14973623,0.25436562,0.13693942,0.017127946,0.07675461,nan,nan,nan,0.0,4259850,4325386,4028193,527633,41.569183,47.69263,0.58733654,0.49907503,0,959,1,2,1,3,1,0,0,0,0,0,0,0,0
351073278,350883462,17764060367463,0.00094122195,0.0094752675,0.02546255,0,0.17053013,0.15346777,0.25459513,0.13618486,0.017040838,0.07621262,nan,nan,nan,0.0,4259850,4325386,4028193,527633,41.68516,47.69263,0.58536047,0.49907503,0,959,1,2,1,3,1,0,0,0,0,0,0,0,0
351272775,351082964,17764060367463,0.0009440437,0.0035479185,0.008884625,0,0.16362217,0.14967056,0.25632256,0.13751881,0.017463053,0.0761971,nan,nan,nan,0.0,4259850,4325386,4028193,527633,41.517677,47.69263,0.5851995,0.49907503,0,959,1,2,1,3,1,0,0,0,0,0,0,0,0
351472537,351282465,17764060367463,0.00095576834,0.0045648757,0.009792604,0,0.16367172,0.14975342,0.25354677,0.14258869,0.01786485,0.07530279,nan,nan,nan,0.0,4259850,4325386,4028193,527633,41.730865,47.69263,0.58565605,0.49907503,0,959,1,2,1,3,1,0,0,0,0,0,0,0,0
351671779,351481967,17764060367463,0.00082876487,0.004769571,0.008186883,0,0.1636457,0.14965507,0.2534755,0.13834915,0.017799256,0.07456079,nan,nan,nan,0.0,4259850,4325386,4028193,527633,41.60025,47.69263,0.58405507,0.49907503,0,959,1,2,1,3,1,0,0,0,0,0,0,0,0
351871281,351681468,17764060367463,0.00087991584,0.0040838025,0.008827304,0,0.16369522,0.14973994,0.24798362,0.14196132,0.017586993,0.074094556,nan,nan,nan,0.0,4259850,4325386,4028193,527633,41.76046,47.69263,0.5839805,0.49907503,0,959,1,2,1,3,1,0,0,0,0,0,0,0,0
352070823,351880971,17764060367463,0.00079308427,0.008787044,0.021825083,0,0.17042382,0.15329307,0.24778312,0.14620024,0.017358568,0.075193256,nan,nan,nan,0.0,4259850,4325386,4028193,527633,41.918064,47.69263,0.5843736,0.49907503,0,959,1,2,1,3,1,0,0,0,0,0,0,0,0
352280256,352090447,17764060367463,0.0008094804,0.0056393524,0.011197892,0,0.16422981,0.1500623,0.24614944,0.14592524,0.018136578,0.0757714,nan,nan,nan,0.0,4259850,4325386,4028193,527633,41.717743,47.69263,0.58463556,0.49907503,0,959,1,2,1,3,1,0,0,0,0,0,0,0,0
352479803,352289949,17764060367463,0.0008131871,0.0071050846,0.011558843,0,0.1642171,0.14996995,0.2471718,0.14707191,0.01801557,0.074458905,nan,nan,nan,0.0,4259850,4325386,4028193,527633,41.751648,47.69263,0.58540136,0.49907503,0,959,1,2,1,3,1,0,0,0,0,0,0,0,0
352679260,352489450,17764060367463,0.0008090625,0.0053288327,0.00959264,0,0.16428323,0.15006176,0.24706697,0.1475077,0.017739413,0.07300353,nan,nan,nan,0.0,4259850,4325386,4028193,527633,41.72141,47.69263,0.5843248,0.49907503,0,959,1,2,1,3,1,0,0,0,0,0,0,0,0
352878772,352688952,17764060367463,0.0007777356,0.0049014203,0.011035023,0,0.16418387,0.14994036,0.24927282,0.14845037,0.017200908,0.07340093,nan,nan,nan,0.0,4259850,4325386,4028193,527633,41.69567,47.69263,0.58597475,0.49907503,0,959,1,2,1,3,1,0,0,0,0,0,0,0,0
353078507,352888454,17764060367463,0.00071552914,0.00992344,0.023422167,0,0.17090537,0.15362898,0.24716252,0.14522006,0.017031955,0.07355455,nan,nan,nan,0.0,4259850,4325386,4028193,527633,41.74224,47.69263,0.58545303,0.49907503,0,959,1,2,1,3,1,0,0,0,0,0,0,0,0
353277790,353087956,17764060367463,0.0006648912,0.0069193994,0.012399213,0,0.16406225,0.14987841,0.24692649,0.14350253,0.016309693,0.07351723,nan,nan,nan,0.0,4259850,4325386,4028193,527633,41.83463,47.69263,0.58586586,0.49907503,0,959,1,2,1,3,1,0,0,0,0,0,0,0,0
353477270,353287457,17764060367463,0.00063790556,0.003540203,0.007834677,0,0.16398694,0.14989926,0.24640706,0.1363166,0.015755562,0.07250744,nan,nan,nan,0.0,4259850,4325386,4028193,527633,41.694836,47.69263,0.58659554,0.49907503,0,959,1,2,1,3,1,0,0,0,0,0,0,0,0
353677061,353486959,17764060367463,0.00063948636,0.004785659,0.008339117,0,0.16403805,0.14984746,0.2513182,0.13761632,0.015216487,0.072868355,nan,nan,nan,0.0,4259850,4325386,4028193,527633,41.885742,47.69263,0.58764213,0.49907503,0,959,1,2,1,3,1,0,0,0,0,0,0,0,0
353876299,353686461,17764060367463,0.0006246341,0.0040153665,0.008325332,0,0.16397092,0.1498717,0.2503513,0.14047639,0.014645429,0.072185375,nan,nan,nan,0.0,4259850,4325386,4028193,527633,41.74805,47.69263,0.5842783,0.49907503,0,959,1,2,1,3,1,0,0,0,0,0,0,0,0
354075806,353885963,17764060367463,0.0005099266,0.0089000575,0.022871237,0,0.17075787,0.1534561,0.25229305,0.13746163,0.014419103,0.07362256,nan,nan,nan,0.0,4259850,4325386,4028193,527633,41.85187,47.69263,0.59194946,0.49907503,0,959,1,2,1,3,1,0,0,0,0,0,0,0,0
354275471,354085465,17764060367463,0.00053648325,0.0066389944,0.013884235,0,0.16373236,0.14976661,0.25357187,0.14059958,0.013726934,0.073675245,nan,nan,nan,0.0,4259850,4325386,4028193,527633,41.248096,47.69263,0.5849963,0.49907503,0,959,1,2,1,3,1,0,0,0,0,0,0,0,0
354475011,354284967,17764060367463,0.00056149217,0.0031401818,0.010037469,0,0.16360655,0.1496303,0.2515183,0.13209671,0.014031351,0.07387717,nan,nan,nan,0.0,4259850,4325386,4028193,527633,41.75237,47.69263,0.5850168,0.49907503,0,959,1,2,1,3,1,0,0,0,0,0,0,0,0
354674475,354484469,17764060367463,0.00051030883,0.0031466943,0.009558247,0,0.16357362,0.1496794,0.2506047,0.12831952,0.0144806495,0.073418744,nan,nan,nan,0.0,4259850,4325386,4028193,527633,41.65795,47.69263,0.585317,0.49907503,0,959,1,2,1,3,1,0,0,0,0,0,0,0,0
354874059,354683971,17764060367463,0.00050149905,0.0048008473,0.012816005,0,0.16346712,0.1496846,0.24995673,0.13417214,0.014613605,0.07362369,nan,nan,nan,0.0,4259850,4325386,4028193,527633,41.740883,47.69263,0.583967,0.49907503,0,959,1,2,1,3,1,0,0,0,0,0,0,0,0
355083344,354893448,17764060367463,0.0004256295,0.00831303,0.020213975,0,0.17088188,0.15364671,0.24639797,0.13452163,0.014635659,0.07465408,nan,nan,nan,0.0,4259850,4325386,4028193,527633,41.741943,47.69263,0.58384365,0.49907503,0,959,1,2,1,3,1,0,0,0,0,0,0,0,0
355273025,355082975,17764060367463,0.0004444154,0.006640833,0.016588787,0,0.16321284,0.1495584,0.24798478,0.13361779,0.014844588,0.07458029,nan,nan,nan,0.0,4259850,4325386,4028193,527633,41.597786,47.69263,0.58553046,0.49907503,0,959,1,2,1,3,1,0,0,0,0,0,0,0,0
355472505,355282477,17764060367463,0.00044039675,0.0052425647,0.014163288,0,0.16316228,0.14944908,0.24889171,0.13185936,0.014685316,0.07397129,nan,nan,nan,0.0,4259850,4325386,4028193,527633,41.588253,47.69263,0.5857029,0.49907503,0,959,1,2,1,3,1,0,0,0,0,0,0,0,0
355672032,355481979,17764060367463,0.0005461607,0.006099272,0.0151481135,0,0.1631802,0.14951481,0.24624297,0.13944232,0.0142169865,0.07317473,nan,nan,nan,0.0,4259850,4325386,4028193,527633,41.83876,47.69263,0.5841374,0.49907503,0,959,1,2,1,3,1,0,0,0,0,0,0,0,0
355871773,355681481,17764060367463,0.0006258406,0.004826548,0.012731981,0,0.1631238,0.14940116,0.24811363,0.1356202,0.01388443,0.07240035,nan,nan,nan,0.0,4259850,4325386,4028193,527633,41.631237,47.69263,0.58523375,0.49907503,0,959,1,2,1,3,1,0,0,0,0,0,0,0,0
356070796,355880983,17764060367463,0.00047093732,0.0066532968,0.01774855,0,0.1698527,0.15311219,0.2484764,0.13642395,0.013680715,0.07228731,nan,nan,nan,0.0,4259850,4325386,4028193,527633,41.64566,47.69263,0.5862103,0.49907503,0,959,1,2,1,3,1,0,0,0,0,0,0,0,0
356270519,356080485,17764060367463,0.00045266288,0.00619317,0.016022883,0,0.16295336,0.14930414,0.24861172,0.1349021,0.013273232,0.07327324,nan,nan,nan,0.0,4259850,4325386,4028193,527633,41.826378,47.69263,0.5860526,0.49907503,0,959,1,2,1,3,1,0,0,0,0,0,0,0,0
356479784,356289962,17764060367463,0.00039271408,0.0056481003,0.013252744,0,0.16360113,0.14974393,0.24946523,0.13907929,0.013083406,0.072810724,nan,nan,nan,0.0,4259850,4325386,4028193,527633,41.58638,47.69263,0.58568877,0.49907503,0,959,1,2,1,3,1,0,0,0,0,0,0,0,0
356679318,356489464,17764060367463,0.00042734598,0.004730217,0.011792548,0,0.16359304,0.14965196,0.2536051,0.14009261,0.012907876,0.07263083,nan,nan,nan,0.0,4259850,4325386,4028193,527633,41.854237,47.69263,0.5896709,0.49907503,0,959,1,2,1,3,1,0,0,0,0,0,0,0,0
356878780,356688966,17764060367463,0.00036496954,0.006177775,0.014344445,0,0.1636535,0.14973499,0.25070706,0.15037078,0.012725191,0.0723412,nan,nan,nan,0.0,4259850,4325386,4028193,527633,41.63774,47.69263,0.58421326,0.49907503,0,959,1,2,1,3,1,0,0,0,0,0,0,0,0
357078322,356888468,17764060367463,0.0004045827,0.0052346606,0.015166766,0,0.17035747,0.15327415,0.25067052,0.15443966,0.012604626,0.07276599,nan,nan,nan,0.0,4259850,4325386,4028193,527633,41.842636,47.69263,0.5841471,0.49907503,0,959,1,2,1,3,1,0,0,0,0,0,0,0,0
357277793,357087971,17764060367463,0.00029942096,0.008351108,0.018002938,0,0.16357128,0.14967784,0.25274622,0.15853293,0.011884014,0.073033914,nan,nan,nan,0.0,4259850,4325386,4028193,527633,41.520214,47.69263,0.58994746,0.49907503,0,959,1,2,1,3,1,0,0,0,0,0,0,0,0
357477315,357287473,17764060367463,0.00031305887,0.005915032,0.014360298,0,0.16355757,0.14958312,0.25497055,0.15621883,0.011550134,0.07171442,nan,nan,nan,0.0,4259850,4325386,4028193,527633,41.54625,47.69263,0.5850954,0.49907503,0,959,1,2,1,3,1,0,0,0,0,0,0,0,0
357676796,357486975,17764060367463,0.00030812944,0.005455916,0.013335458,0,0.16354299,0.14962643,0.25429276,0.1530538,0.011129152,0.072688825,nan,nan,nan,0.0,4259850,4325386,4028193,527633,41.666298,47.69263,0.58496773,0.49907503,0,959,1,2,1,3,1,0,0,0,0,0,0,0,0
357876524,357686477,17764060367463,0.0002994469,0.005818695,0.013092295,0,0.16357839,0.14957388,0.25013667,0.14880566,0.01068017,0.07228458,nan,nan,nan,0.0,4259850,4325386,4028193,527633,41.628235,47.69263,0.58296907,0.49907503,0,959,1,2,1,3,1,0,0,0,0,0,0,0,0
358076053,357885980,17764060367463,0.00035273575,0.0072058653,0.018274978,0,0.17023993,0.15324028,0.24415427,0.14856894,0.010554505,0.07314593,nan,nan,nan,0.0,4259850,4325386,4028193,527633,42.08159,47.69263,0.58193403,0.49907503,0,959,1,2,1,3,1,0,0,0,0,0,0,0,0
358275504,358085482,17764060367463,0.00023986364,0.0026422087,0.004606004,0,0.16951421,0.15306051,0.24404012,0.14182915,0.010523705,0.07376214,nan,nan,nan,0.0,4259850,4325386,4028193,527633,41.932125,47.69263,0.5854191,0.49907503,0,959,1,2,1,3,1,0,0,0,0,0,0,0,0
358474829,358284984,17764060367463,0.00030115983,0.008863087,0.024235466,0,0.17608471,0.15651241,0.2407751,0.13766283,0.01054395,0.07369568,nan,nan,nan,0.0,4259850,4325386,4028193,527633,41.81572,47.69263,0.5847247,0.49907503,0,959,1,2,1,3,1,0,0,0,0,0,0,0,0
358674295,358484487,17764060367463,0.00028597933,0.0059962883,0.015761508,0,0.17514153,0.15624715,0.24131697,0.14062537,0.0102995625,0.074704394,nan,nan,nan,0.0,4259850,4325386,4028193,527633,41.836456,47.69263,0.58572894,0.49907503,0,959,1,2,1,3,1,0,0,0,0,0,0,0,0
358874016,358683989,17764060367463,0.00026632278,0.0067243157,0.020378113,0,0.16699167,0.1519647,0.2424616,0.13700165,0.01088937,0.075141884,nan,nan,nan,0.0,4259850,4325386,4028193,527633,41.67483,47.69263,0.5860968,0.49907503,0,959,1,2,1,3,1,0,0,0,0,0,0,0,0
359073297,358883492,17764060367463,0.00028468197,0.0057081967,0.0127201155,0,0.17347194,0.155541,0.24437839,0.13592513,0.010668212,0.074802406,nan,nan,nan,0.0,4259850,4325386,4028193,527633,41.637794,47.69263,0.5849639,0.49907503,0,959,1,2,1,3,1,0,0,0,0,0,0,0,0
359282799,359092969,17764060367463,0.00032547922,0.0063109826,0.01749687,0,0.16641925,0.15176165,0.24988641,0.13693248,0.010778522,0.07362312,nan,nan,nan,0.0,4259850,4325386,4028193,527633,41.744286,47.69263,0.58800304,0.49907503,0,959,1,2,1,3,1,0,0,0,0,0,0,0,0
359482771,359292474,17764060367463,0.0002621697,0.0063239033,0.017013824,0,0.16594982,0.1515728,0.24578862,0.14246662,0.010431533,0.07283862,nan,nan,nan,0.0,4259850,4325386,4028193,527633,41.92424,47.69263,0.58526856,0.49907503,0,959,1,2,1,3,1,0,0,0,0,0,0,0,0
359681934,359491974,17764060367463,0.0003057139,0.0057791434,0.015836038,0,0.16562049,0.151308,0.24369086,0.14260282,0.010641848,0.07293933,nan,nan,nan,0.0,4259850,4325386,4028193,527633,41.99202,47.69263,0.5867439,0.49907503,0,959,1,2,1,3,1,0,0,0,0,0,0,0,0
359881463,359691476,17764060367463,0.0002747781,0.0058173933,0.01460018,0,0.16526589,0.15115729,0.24323402,0.14249615,0.010496747,0.07342773,nan,nan,nan,0.0,4259850,4325386,4028193,527633,41.770206,47.69263,0.58680516,0.49907503,0,959,1,2,1,3,1,0,0,0,0,0,0,0,0
360080922,359890979,17764060367463,0.00020625714,0.0064078914,0.016928019,0,0.17183682,0.15461898,0.24369453,0.14184673,0.010339263,0.073264934,nan,nan,nan,0.0,4259850,4325386,4028193,527633,41.85854,47.69263,0.58944005,0.49907503,0,959,1,2,1,3,1,0,0,0,0,0,0,0,0
360280403,360090481,17764060367463,0.00023030122,0.0010426712,0.0021300593,0,0.17094989,0.15431039,0.24497029,0.14380506,0.009930607,0.07560238,nan,nan,nan,0.0,4259850,4325386,4028193,527633,41.624115,47.69263,0.58469886,0.49907503,0,959,1,2,1,3,1,0,0,0,0,0,0,0,0
360479898,360289984,17764060367463,0.0002619866,0.002357979,0.0066544376,0,0.1698339,0.15373915,0.24464126,0.13640232,0.0095948065,0.07521751,nan,nan,nan,0.0,4259850,4325386,4028193,527633,41.857666,47.69263,0.5874095,0.49907503,0,959,1,2,1,3,1,0,0,0,0,0,0,0,0
360679504,360489487,17764060367463,0.00033516175,0.0027411662,0.009174899,0,0.16894531,0.15339749,0.25040233,0.12932283,0.009124803,0.07463318,nan,nan,nan,0.0,4259850,4325386,4028193,527633,41.491207,47.69263,0.5881256,0.49907503,0,959,1,2,1,3,1,0,0,0,0,0,0,0,0
360879161,360688989,17764060367463,0.00033971257,0.005107928,0.014525912,0,0.16805995,0.1528819,0.2512495,0.13371535,0.009010045,0.07350549,nan,nan,nan,0.0,4259850,4325386,4028193,527633,41.76413,47.69263,0.5918905,0.49907503,0,959,1,2,1,3,1,0,0,0,0,0,0,0,0
361078682,360888492,17764060367463,0.0004217909,0.006914483,0.017431417,0,0.17459872,0.15646088,0.25568902,0.1291167,0.00927867,0.07323489,nan,nan,nan,0.0,4259850,4325386,4028193,527633,41.831093,47.69263,0.59091073,0.49907503,0,959,1,2,1,3,1,0,0,0,0,0,0,0,0
361277961,361087996,17764060367463,0.00034533686,0.0059647835,0.015998606,0,0.16663994,0.15212148,0.25723082,0.12961511,0.0096390005,0.072416745,nan,nan,nan,0.0,4259850,4325386,4028193,527633,41.602314,47.69263,0.5900955,0.49907503,0,959,1,2,1,3,1,0,0,0,0,0,0,0,0
361477368,361287497,17764060367463,0.00039662802,0.0054382626,0.014955037,0,0.16610996,0.1518652,0.25842586,0.13230121,0.009678813,0.07293644,nan,nan,nan,0.0,4259850,4325386,4028193,527633,41.857044,47.69263,0.5898993,0.49907503,0,959,1,2,1,3,1,0,0,0,0,0,0,0,0
361676871,361487000,17764060367463,0.00035218525,0.0053702686,0.014878821,0,0.16569221,0.15152675,0.2597637,0.13474391,0.009763038,0.0720239,nan,nan,nan,0.0,4259850,4325386,4028193,527633,41.797466,47.69263,0.59260195,0.49907503,0,959,1,2,1,3,1,0,0,0,0,0,0,0,0
361876327,361686502,17764060367463,0.00041172717,0.0034974113,0.010386312,0,0.1653033,0.15132658,0.25958428,0.12714139,0.009651751,0.072254114,nan,nan,nan,0.0,4259850,4325386,4028193,527633,41.660667,47.69263,0.59089196,0.49907503,0,959,1,2,1,3,1,0,0,0,0,0,0,0,0
362075840,361886005,17764060367463,0.00042281728,0.00688359,0.018575538,0,0.17190479,0.1549408,0.25848582,0.12891826,0.0095861,0.0720461,nan,nan,nan,0.0,4259850,4325386,4028193,527633,41.821938,47.69263,0.58558553,0.49907503,0,959,1,2,1,3,1,0,0,0,0,0,0,0,0
362275378,362085510,17764060367463,0.00039160377,0.0038929863,0.011205177,0,0.16461456,0.15084818,0.25224414,0.12865186,0.009387723,0.07116141,nan,nan,nan,0.0,4259850,4325386,4028193,527633,41.759583,47.69263,0.58785653,0.49907503,0,959,1,2,1,3,1,0,0,0,0,0,0,0,0
362475085,362285011,17764060367463,0.00035369006,0.00456344,0.011252396,0,0.16440345,0.15073025,0.2525939,0.13183591,0.009500768,0.07089066,nan,nan,nan,0.0,4259850,4325386,4028193,527633,41.86991,47.69263,0.58484787,0.49907503,0,959,1,2,1,3,1,0,0,0,0,0,0,0,0
362674320,362484513,17764060367463,0.00031414925,0.003950813,0.0095117465,0,0.16429411,0.15053137,0.25197914,0.13044876,0.008574834,0.070015766,nan,nan,nan,0.0,4259850,4325386,4028193,527633,41.7758,47.69263,0.5901741,0.49907503,0,959,1,2,1,3,1,0,0,0,0,0,0,0,0
362873829,362684016,17764060367463,0.00028035176,0.0064268843,0.011132551,0,0.16413166,0.15044244,0.25071755,0.13453752,0.008254045,0.06924485,nan,nan,nan,0.0,4259850,4325386,4028193,527633,41.772285,47.69263,0.5920744,0.49907503,0,959,1,2,1,3,1,0,0,0,0,0,0,0,0
363073355,362883519,17764060367463,0.00036607787,0.0076569733,0.020618904,0,0.1708256,0.15395693,0.2533444,0.13183305,0.008322735,0.06914061,nan,nan,nan,0.0,4259850,4325386,4028193,527633,41.82174,47.69263,0.5870586,0.49907503,0,959,1,2,1,3,1,0,0,0,0,0,0,0,0
363275328,363083022,17764060367463,0.0003860937,0.004132431,0.008521555,0,0.16384085,0.15017837,0.2529711,0.12688655,0.008540033,0.06859236,nan,nan,nan,0.0,4259850,4325386,4028193,527633,41.87193,47.69263,0.591553,0.49907503,0,959,1,2,1,3,1,0,0,0,0,0,0,0,0
363482311,363292500,17764060367463,0.00047946052,0.002609168,0.0038129648,0,0.1644625,0.15042628,0.25466493,0.12052258,0.008488027,0.06733877,nan,nan,nan,0.0,4259850,4325386,4028193,527633,41.742287,47.69263,0.59117025,0.49907503,0,959,1,2,1,3,1,0,0,0,0,0,0,0,0
363682085,363492002,17764060367463,0.00041726106,0.0049507185,0.006569187,0,0.16439122,0.15039706,0.25552782,0.123027466,0.007999887,0.06724063,nan,nan,nan,0.0,4259850,4325386,4028193,527633,41.682713,47.69263,0.59035057,0.49907503,0,959,1,2,1,3,1,0,0,0,0,0,0,0,0
363881422,363691505,17764060367463,0.00032155632,0.002066754,0.0038190142,0,0.16429724,0.1502285,0.25476643,0.117855474,0.007882457,0.06686828,nan,nan,nan,0.0,4259850,4325386,4028193,527633,41.749065,47.69263,0.58966154,0.49907503,0,959,1,2,1,3,1,0,0,0,0,0,0,0,0
364080838,363891008,17764060367463,0.00033528692,0.008715588,0.024698688,0,0.17109817,0.1539328,0.25286925,0.116334796,0.008090336,0.06764133,nan,nan,nan,0.0,4259850,4325386,4028193,527633,41.97102,47.69263,0.59381753,0.49907503,0,959,1,2,1,3,1,0,0,0,0,0,0,0,0
364280329,364090511,17764060367463,0.0003130202,0.0042176386,0.008460189,0,0.16401534,0.15002951,0.24386832,0.120227575,0.008922687,0.066949144,nan,nan,nan,0.0,4259850,4325386,4028193,527633,41.880928,47.69263,0.58450603,0.49907503,0,959,1,2,1,3,1,0,0,0,0,0,0,0,0
364479834,364290014,17764060367463,0.00029497332,0.005548442,0.008745551,0,0.16403964,0.15007319,0.24434465,0.118983276,0.009339358,0.06615683,nan,nan,nan,0.0,4259850,4325386,4028193,527633,41.758137,47.69263,0.5889938,0.49907503,0,959,1,2,1,3,1,0,0,0,0,0,0,0,0
364679361,364489517,17764060367463,0.00023224212,0.004615719,0.008776166,0,0.16396987,0.14993557,0.238795,0.12045216,0.0093790945,0.067797266,nan,nan,nan,0.0,4259850,4325386,4028193,527633,41.887733,47.69263,0.58579826,0.49907503,0,959,1,2,1,3,1,0,0,0,0,0,0,0,0
364878835,364689020,17764060367463,0.00015989401,0.0058008777,0.010115588,0,0.16389184,0.14993322,0.23628296,0.122277625,0.009896269,0.06778076,nan,nan,nan,0.0,4259850,4325386,4028193,527633,41.77809,47.69263,0.5864046,0.49907503,0,959,1,2,1,3,1,0,0,0,0,0,0,0,0
365078611,364888523,17764060367463,0.00016292774,0.0073609874,0.019024188,0,0.17065974,0.1534977,0.23340558,0.12627952,0.009912216,0.06701243,nan,nan,nan,0.0,4259850,4325386,4028193,527633,41.82862,47.69263,0.586494,0.49907503,0,959,1,2,1,3,1,0,0,0,0,0,0,0,0
365277853,365088026,17764060367463,0.00023747778,0.004811195,0.010587754,0,0.16372365,0.14981191,0.238688,0.1281004,0.009555151,0.066473365,nan,nan,nan,0.0,4259850,4325386,4028193,527633,41.75024,47.69263,0.5918536,0.49907503,0,959,1,2,1,3,1,0,0,0,0,0,0,0,0
365477372,365287529,17764060367463,0.00028672695,0.0027097822,0.007232806,0,0.1637534,0.14973778,0.23998916,0.12322817,0.009393431,0.066136785,nan,nan,nan,0.0,4259850,4325386,4028193,527633,41.723885,47.69263,0.59018284,0.49907503,0,959,1,2,1,3,1,0,0,0,0,0,0,0,0
365676881,365487032,17764060367463,0.00032580525,0.0055531263,0.009887728,0,0.16371167,0.14975981,0.23727237,0.12509313,0.009800247,0.06680672,nan,nan,nan,0.0,4259850,4325386,4028193,527633,41.839626,47.69263,0.5872751,0.49907503,0,959,1,2,1,3,1,0,0,0,0,0,0,0,0
365876351,365686535,17764060367463,0.00031711688,0.0040190034,0.009499516,0,0.16368629,0.14979328,0.23962119,0.12650377,0.009695372,0.06734912,nan,nan,nan,0.0,4259850,4325386,4028193,527633,41.89682,47.69263,0.588429,0.49907503,0,959,1,2,1,3,1,0,0,0,0,0,0,0,0
366075873,365886038,17764060367463,0.00049644266,0.008255497,0.02130761,0,0.17046514,0.15337583,0.24578883,0.11963506,0.009454062,0.06476523,nan,nan,nan,0.0,4259850,4325386,4028193,527633,41.97182,47.69263,0.59372854,0.49907503,0,959,1,2,1,3,1,0,0,0,0,0,0,0,0
366275599,366085541,17764060367463,0.0005297056,0.004756546,0.00933805,0,0.16353549,0.14970358,0.2427608,0.12017202,0.009794453,0.06569757,nan,nan,nan,0.0,4259850,4325386,4028193,527633,41.83474,47.69263,0.58994144,0.49907503,0,959,1,2,1,3,1,0,0,0,0,0,0,0,0
366474858,366285045,17764060367463,0.0004785029,0.004507174,0.010278633,0,0.1635964,0.14964943,0.24552205,0.12602271,0.009764424,0.065233745,nan,nan,nan,0.0,4259850,4325386,4028193,527633,41.700405,47.69263,0.5899972,0.49907503,0,959,1,2,1,3,1,0,0,0,0,0,0,0,0
366674356,366484548,17764060367463,0.00046186105,0.0056518433,0.010609029,0,0.16357304,0.14968541,0.24469565,0.12482252,0.009845303,0.06601167,nan,nan,nan,0.0,4259850,4325386,4028193,527633,41.820602,47.69263,0.58726466,0.49907503,0,959,1,2,1,3,1,0,0,0,0,0,0,0,0
366873866,366684051,17764060367463,0.00044519748,0.0029819605,0.0071939253,0,0.16362917,0.14963512,0.23945707,0.12120535,0.009006528,0.06518994,nan,nan,nan,0.0,4259850,4325386,4028193,527633,41.88764,47.69263,0.58405477,0.49907503,0,959,1,2,1,3,1,0,0,0,0,0,0,0,0
367073397,366883554,17763993258535,0.000357733,0.0071179513,0.01976808,0,0.17035164,0.15332621,0.23400582,0.12051068,0.008712653,0.065667614,nan,nan,nan,0.0,4259850,4325386,4028193,527633,41.636894,47.69263,0.58126944,0.49907503,0,831,1,2,1,3,1,0,0,0,0,0,0,0,0
367273064,367083057,17763993258535,0.0004568834,0.0021254944,0.0012205786,0,0.1634456,0.14953175,0.23685852,0.10654274,0.0076018837,0.0635977,nan,nan,nan,0.0,4259850,4325386,4028193,527633,41.211483,47.69263,0.5826625,0.49907503,0,831,1,2,1,3,1,0,0,0,0,0,0,0,0
367472806,367282560,17763993258535,0.00068554544,0.0074577876,0.012558244,0,0.16347818,0.14960758,0.23732324,0.08227706,0.0066809757,0.061787672,nan,nan,nan,0.0,4259850,4325386,4028193,527633,41.100426,47.69263,0.5821715,0.49907503,0,831,1,2,1,3,1,0,0,0,0,0,0,0,0
367682040,367492039,17763993258535,0.0008872823,0.0108089745,0.019203076,0,0.16403803,0.14986573,0.23818177,0.08593572,0.007377049,0.062201858,nan,nan,nan,0.0,4259850,4325386,4028193,527633,40.188614,47.69263,0.58216023,0.49907503,0,831,1,2,1,3,1,0,0,0,0,0,0,0,0
367881352,367691542,17763993258535,0.001042383,0.016222786,0.02131977,0,0.16409488,0.14994542,0.23561135,0.109199926,0.006735418,0.060320135,nan,nan,nan,0.0,4259850,4325386,4028193,527633,40.505085,47.69263,0.57991683,0.49907503,0,831,1,2,1,3,1,0,0,0,0,0,0,0,0
368080860,367891045,17763993258535,0.0010448055,0.010361537,0.024844907,0,0.17088729,0.15348843,0.22085877,0.13758582,0.006198295,0.059736863,nan,nan,nan,0.0,4259850,4325386,4028193,527633,40.82263,47.69263,0.5787714,0.49907503,0,831,1,2,1,3,1,0,0,0,0,0,0,0,0
368280371,368090548,17763993258535,0.0012528892,0.018551664,0.02480906,0,0.16393395,0.14984256,0.21524292,0.12420478,0.005724369,0.06055391,nan,nan,nan,0.0,4259850,4325386,4028193,527633,39.994186,47.69263,0.57512414,0.49907503,0,831,1,2,1,3,1,0,0,0,0,0,0,0,0
368479927,368290052,17763993258535,0.0012750992,0.012489208,0.013882592,0,0.1639278,0.14972994,0.21055847,0.16285941,0.007293576,0.05829894,nan,nan,nan,0.0,4259850,4325386,4028193,527633,39.313217,47.69263,0.57444,0.49907503,0,831,1,2,1,3,1,0,0,0,0,0,0,0,0
368679370,368489555,17763993258535,0.0016600481,0.025300467,0.028691623,0,0.16397755,0.14980288,0.20165993,0.1466013,0.008615181,0.058089945,nan,nan,nan,0.0,4259850,4325386,4028193,527633,38.927425,47.69263,0.5686675,0.49907503,0,831,1,2,1,3,1,0,0,0,0,0,0,0,0
368878925,368689059,17763993258535,0.0016244148,0.02878025,0.0384414,0,0.16392289,0.14969338,0.20193228,0.21602114,0.0072708176,0.058480978,nan,nan,nan,0.0,4259850,4325386,4028193,527633,39.20784,47.69263,0.56537616,0.49907503,0,831,1,2,1,3,1,0,0,0,0,0,0,0,0
369078373,368888562,17763993258535,0.0015108899,0.0159466,0.021376222,0,0.17061228,0.15336521,0.20427914,0.22525798,0.00667295,0.060232222,nan,nan,nan,0.0,4259850,4325386,4028193,527633,39.09262,47.69263,0.5615859,0.49907503,0,831,1,2,1,3,1,0,0,0,0,0,0,0,0
369277907,369088065,17763993258535,0.0017156871,0.035488103,0.055533774,0,0.16996898,0.15308137,0.19794014,0.2648981,0.011510546,0.068704136,nan,nan,nan,0.0,4259850,4325386,4028193,527633,39.872456,47.69263,0.5635772,0.49907503,0,831,1,2,1,3,1,0,0,0,0,0,0,0,0
369477608,369287569,17763993258535,0.0017756026,0.029495256,0.058678024,0,0.16904789,0.1528062,0.19745564,0.2512334,0.014236302,0.07341228,nan,nan,nan,0.0,4259850,4325386,4028193,527633,40.06375,47.69263,0.56757295,0.49907503,0,831,1,2,1,3,1,0,0,0,0,0,0,0,0
369676884,369487072,17763993258535,0.0016602731,0.030461391,0.066251375,0,0.16831449,0.15259406,0.19481589,0.26285517,0.014036948,0.07900115,nan,nan,nan,0.0,4259850,4325386,4028193,527633,40.054863,47.69263,0.56454456,0.49907503,0,831,1,2,1,3,1,0,0,0,0,0,0,0,0
369876421,369686576,17763993258535,0.0017548207,0.019678148,0.050332442,0,0.16760075,0.15221287,0.19892158,0.23137942,0.013775167,0.08324018,nan,nan,nan,0.0,4259850,4325386,4028193,527633,40.146538,47.69263,0.5695284,0.49907503,0,831,1,2,1,3,1,0,0,0,0,0,0,0,0
370075892,369886079,17763993258535,0.0019253939,0.0091267815,0.011595084,0,0.1742215,0.15585816,0.20528501,0.21350698,0.013128118,0.084680125,nan,nan,nan,0.0,4259850,4325386,4028193,527633,39.075912,47.69263,0.5662296,0.49907503,0,831,1,2,1,3,1,0,0,0,0,0,0,0,0
370275395,370085582,17763993258535,0.0019337331,0.0067799683,0.026950927,0,0.16634414,0.15163997,0.21482253,0.19083619,0.012311347,0.08575087,nan,nan,nan,0.0,4259850,4325386,4028193,527633,38.898808,47.69263,0.5507434,0.49907503,0,831,1,2,1,3,1,0,0,0,0,0,0,0,0
370474907,370285086,17763993258535,0.0024924865,0.01933134,0.039648183,0,0.16591129,0.15147476,0.23287393,0.21353783,0.010990971,0.08591314,nan,nan,nan,0.0,4259850,4325386,4028193,527633,38.170918,47.69263,0.5343971,0.49907503,0,831,1,2,1,3,1,0,0,0,0,0,0,0,0
370674586,370484590,17763993258535,0.0029153903,0.025683,0.057670917,0,0.16558948,0.15122646,0.25572583,0.27731597,0.010294077,0.08740036,nan,nan,nan,0.0,4259850,4325386,4028193,527633,37.90279,47.69263,0.52179074,0.49907503,0,831,1,2,1,3,1,0,0,0,0,0,0,0,0
370873908,370684093,17763984903063,0.0029121826,0.03238162,0.066305436,0,0.16524817,0.15109354,0.26440775,0.2880481,0.009819899,0.0902905,nan,nan,1.2088869,0.0,4259850,4325386,4028193,527633,37.696507,47.69263,0.5156916,0.49907503,0,831,1,2,1,3,1,0,0,0,0,0,0,0,0
371073407,370883596,17763984903063,0.0031633119,0.019411875,0.02940872,0,0.17188105,0.15461345,0.27964053,0.28640282,0.009305649,0.09539083,nan,nan,1.0994443,0.0,4259850,4325386,4028193,527633,38.025013,47.69263,0.51713043,0.49907503,0,831,1,2,1,3,1,0,0,0,0,0,0,0,0
371272940,371083100,17763984903063,0.0032631333,0.04047143,0.07629251,0,0.16463579,0.15074624,0.2818195,0.27543554,0.008423998,0.10083202,nan,nan,1.0710585,0.0,4259850,4325386,4028193,527633,37.50939,47.69263,0.51238775,0.49907503,0,831,1,2,1,3,1,0,0,0,0,0,0,0,0
371472464,371282604,17763984903063,0.0030628724,0.031165788,0.066503145,0,0.16450015,0.15058178,0.28538883,0.26586235,0.008937912,0.104652494,nan,nan,1.0173696,0.0,4259850,4325386,4028193,527633,37.412086,47.69263,0.5086373,0.49907503,0,831,1,2,1,3,1,0,0,0,0,0,0,0,0
371672141,371482107,17763984903063,0.0034110656,0.05771736,0.0935927,0,0.16424654,0.15050687,0.2890061,0.28503236,0.013798375,0.108002596,nan,nan,1.0025351,0.0,4259850,4325386,4028193,527633,37.934723,47.69263,0.5021507,0.49907503,0,831,1,2,1,3,1,0,0,0,0,0,0,0,0
371881403,371691586,17763984903063,0.0044263196,0.07768517,0.121219434,0,0.16470139,0.1507015,0.2767136,0.32168546,0.023094285,0.11237846,nan,nan,0.9766772,0.0,4259850,4325386,4028193,527633,38.80197,47.69263,0.5088529,0.49907503,0,831,1,2,1,3,1,0,0,0,0,0,0,0,0
372080994,371891090,17763984903063,0.0038751583,0.040628146,0.06619878,0,0.1713985,0.15442754,0.26200062,0.323679,0.026108509,0.114903696,nan,nan,0.8829213,0.0,4259850,4325386,4028193,527633,38.499466,47.69263,0.5165285,0.49907503,0,831,1,2,1,3,1,0,0,0,0,0,0,0,0
372280436,372090593,17763984903063,0.002852076,0.05040338,0.094700344,0,0.16428578,0.15049413,0.25235683,0.3050961,0.032655023,0.12065417,nan,nan,0.84957916,0.0,4259850,4325386,4028193,527633,37.8948,47.69263,0.513811,0.49907503,0,831,1,2,1,3,1,0,0,0,0,0,0,0,0
372480285,372290097,17763984903063,0.0025475968,0.047453728,0.08978534,0,0.16422094,0.150534,0.22820355,0.31109428,0.035321295,0.12166109,nan,nan,0.8319336,0.0,4259850,4325386,4028193,527633,38.346645,47.69263,0.50040376,0.49907503,0,831,1,2,1,3,1,0,0,0,0,0,0,0,0
372679465,372489601,17763984903063,0.0024296176,0.039216507,0.079590164,0,0.16410165,0.15040618,0.22286575,0.30481505,0.038614508,0.12315494,nan,nan,0.813846,0.0,4259850,4325386,4028193,527633,37.94692,47.69263,0.50513744,0.49907503,0,831,1,2,1,3,1,0,0,0,0,0,0,0,0
372879008,372689104,17763984903063,0.0030729854,0.052655697,0.08859916,0,0.16401382,0.15044075,0.22282003,0.3017659,0.042312287,0.12421133,nan,nan,0.8013656,0.0,4259850,4325386,4028193,527633,38.3391,47.69263,0.50617456,0.49907503,0,831,1,2,1,3,1,0,0,0,0,0,0,0,0
